스테이지,상황,분기,이름,위치,표정,효과,감정,한국어,영어,일본어,간체,번체,러시아어,말레이어,베트남어,스페인어,인도네시아어,태국어,포르투갈
1,경기 전,#,MAP,,,,,,,,,,,,,,,,
,,#,BGM,,,,,,,,,,,,,,,,
,,#,백시우,4,1_기본,,,,,,,,,,,,,,
,,#,백시우_교복,4,1_기본,,,,,,,,,,,,,,
,,#,정다희,4,1_기본,,,,,,,,,,,,,,
,,#,마윤석,4,1_기본,,,,,,,,,,,,,,
,,,TAG,,,,,"<eff:black,3><sys:nogui,리모컨>","<eff:black,3><sys:nogui,리모컨>","<eff:black,3><sys:nogui,리모컨>","<eff:black,3><sys:nogui,리모컨>","<eff:black,3><sys:nogui,리모컨>","<eff:black,3><sys:nogui,리모컨>","<eff:black,3><sys:nogui,리모컨>","<eff:black,3><sys:nogui,리모컨>","<eff:black,3><sys:nogui,리모컨>","<eff:black,3><sys:nogui,리모컨>","<eff:black,3><sys:nogui,리모컨>","<eff:black,3><sys:nogui,리모컨>"
,,,TAG,,,,,"<sys:scene,정인호,300><sys:bgm,BGM_CHAPTER1_OPENING_1,1000>","<sys:scene,정인호,300><sys:bgm,BGM_CHAPTER1_OPENING_1,1000>","<sys:scene,정인호,300><sys:bgm,BGM_CHAPTER1_OPENING_1,1000>","<sys:scene,정인호,300><sys:bgm,BGM_CHAPTER1_OPENING_1,1000>","<sys:scene,정인호,300><sys:bgm,BGM_CHAPTER1_OPENING_1,1000>","<sys:scene,정인호,300><sys:bgm,BGM_CHAPTER1_OPENING_1,1000>","<sys:scene,정인호,300><sys:bgm,BGM_CHAPTER1_OPENING_1,1000>","<sys:scene,정인호,300><sys:bgm,BGM_CHAPTER1_OPENING_1,1000>","<sys:scene,정인호,300><sys:bgm,BGM_CHAPTER1_OPENING_1,1000>","<sys:scene,정인호,300><sys:bgm,BGM_CHAPTER1_OPENING_1,1000>","<sys:scene,정인호,300><sys:bgm,BGM_CHAPTER1_OPENING_1,1000>","<sys:scene,정인호,300><sys:bgm,BGM_CHAPTER1_OPENING_1,1000>"
,,,해설자,,,,,"14 대 13! 세트 스코어 2 대 2! 운명의 15점 승부, 이제 그 끝이 보이고 있습니다!",It's now 14–13! Set score: 2–2! This last set will determine the fate of the match! And we're nearing the end!,14対13！セットスコア2-2！運命の15点勝負、いよいよ大詰めを迎えています！,14比13！局分2比2！命运的15分决胜局，现在已经能看到终点了！,14比13！局分2比2！命運的15分之戰，現在終於要分出勝負了！,"14:13! Ничья по сетам — 2:2! Судьбу матча решит пятнадцатое очко, и развязка уже близка!",14-13! Skor set 2-2! Set penentuan 15 mata ini kini menghampiri penghujungnya!,"14 - 13! Tỷ số set đang là 2 - 2! Trận đấu định mệnh đến điểm 15, giờ đã sắp đi đến hồi kết!",¡14 a 13! ¡El marcador de sets está 2 a 2! ¡Este duelo se decide a los 15 puntos y ya se acerca a su final!,"Skor 14-13! Kedudukan set imbang 2-2! Duel 15 poin yang menentukan, akhirnya sudah di depan mata!",14 ต่อ 13! เซ็ตสกอร์ 2 ต่อ 2! เกมชี้ชะตาที่ 15 แต้ม ใกล้จะได้บทสรุปแล้วครับ!,14 a 13 no placar! Empate em 2 a 2 nos sets! A decisão em 15 pontos está chegando ao fim!
,,,해설자,,,,,자! 끈질기게 따라붙습니다! 공 아직 살아있습니다!,They're neck and neck! The ball's still alive!,さあ！粘り強く食らいついています！ボールはまだ生きています！,看啊！紧咬比分不放！球还没落地！,看啊！緊咬著比分不放！球還沒落地！,Какая борьба! Розыгрыш продолжается.,Mereka bersaing sengit! Bola masih dalam permainan!,Nào! Họ vẫn đang kiên trì bám đuổi! Bóng vẫn còn trong cuộc!,¡Bien! ¡Los jugadores siguen resistiendo con todo! ¡La pelota aún está en juego!,Ya! Mereka terus mengejar tanpa henti! Bolanya masih hidup!,เอาล่ะ! ไล่บี้ติดกันมาแบบไม่ลดละเลย! ลูกยังไม่ตกพื้นนะครับ!,Eles seguem na jogada! A bola ainda está em jogo!
,,,해설자,,,,,"<txt:size,1>강력한 스파이크!</txt:size> 아, 살려냈습니다! 이 공을 살리는군요! 엄청난 집중력입니다!","<txt:size,1>A powerful spike!</txt:size> But it doesn't score! They manage to keep the ball alive! The players are locked in!","<txt:size,1>強烈なスパイク！</txt:size>ああっと、拾い上げました！このボールを繋ぎます！凄まじい集中力です！","<txt:size,1>强力扣球！</txt:size>啊，救起来了！这球居然救起来了！惊人的专注力！","<txt:size,1>強勁的扣球！</txt:size>啊，救回來了！這球居然救回來了！好驚人的專注力！","<txt:size,1>Мощнейший удар!</txt:size> Но мяч остается в игре. Невероятная реакция!","<txt:size,1>Rejaman padu!</txt:size> Ah, berjaya diselamatkan! Bola itu masih hidup! Sungguh luar biasa tumpuan mereka!","<txt:size,1>Một cú đập bóng uy lực!</txt:size> A, cứu được rồi! Họ đã cứu được pha bóng này! Khả năng tập trung thật đáng kinh ngạc!","<txt:size,1>¡Tremendo remate!</txt:size> ¡Ah, la salvaron! ¡Están logrando mantener viva esa pelota! ¡Qué concentración tan increíble!","<txt:size,1>Spike yang dahsyat!</txt:size> Wah, berhasil diselamatkan! Bola itu berhasil ditahan! Konsentrasi yang luar biasa!","<txt:size,1>การตบอันทรงพลัง!</txt:size> โอ๊ะ รับไว้ได้ครับ! เซฟลูกไว้ได้! สมาธิยอดเยี่ยมมาก!","<txt:size,1>Que cortada poderosa!</txt:size> E eles defendem! Que recuperação incrível! Que concentração absurda!"
,,,해설자,,,,,"가운데에 높게 떴습니다! <wrt:wait,30>...이 순간, <txt:shake,1><txt:bold,2><txt:color,orange>정인호</txt:color></txt:bold>가 뜁니다!!</txt:shake>","The ball goes up high in the middle! <wrt:wait,30>...And now <txt:shake,1><txt:bold,2><txt:color,orange>Inho Jung</txt:color></txt:bold> rises to meet it!</txt:shake>","中央に高く上がりました！<wrt:wait,30>‥この瞬間、<txt:shake,1><txt:bold,2><txt:color,orange>飛鳥隼人</txt:color></txt:bold>が跳びます！！</txt:shake>","球在中路高高升起！<wrt:wait,30>‥就在这一瞬间，<txt:shake,1><txt:bold,2><txt:color,orange>郑仁浩</txt:color></txt:bold>起跳了！！</txt:shake>","球在場中央高高飛起！<wrt:wait,30>‥就在這一瞬間，<txt:shake,1><txt:bold,2><txt:color,orange>鄭仁浩</txt:color></txt:bold>跳了起來！！</txt:shake>","Высокая передача в центр!<wrt:wait,30> <txt:shake,1><txt:bold,2><txt:color,orange>Чон Инхо</txt:color></txt:bold> делает прыжок!!!</txt:shake>","Bola melambung tinggi di tengah! <wrt:wait,30>...Ketika ini, <txt:shake,1><txt:bold,2><txt:color,orange>Inho Jung</txt:color></txt:bold> melompat!!</txt:shake>","Bóng được đẩy cao ở giữa sân! <wrt:wait,30>...Ngay khoảnh khắc này, <txt:shake,1><txt:bold,2><txt:color,orange>Jung Inho</txt:color></txt:bold> bật nhảy!!</txt:shake>","¡La pelota quedó flotando en el centro! <wrt:wait,30>... Y en este momento, <txt:shake,1><txt:bold,2><txt:color,orange>Jung Inho</txt:color></txt:bold> salta!!</txt:shake>","Bolanya melambung tinggi ke tengah! <wrt:wait,30>...Dan di saat ini, <txt:shake,1><txt:bold,2><txt:color,orange>Inho Jung</txt:color></txt:bold> melompat tinggi!!</txt:shake>","ลูกลอยสูงขึ้นตรงกลาง! <wrt:wait,30>...และในจังหวะนี้ <txt:shake,1><txt:bold,2><txt:color,orange>จองอินโฮ</txt:color></txt:bold>ก็ทะยานขึ้น!!</txt:shake>","A bola sobe alto no meio da quadra! <wrt:wait,30>E nesse momento... <txt:shake,1><txt:bold,2><txt:color,orange>Inho Jung</txt:color></txt:bold> decola!</txt:shake>"
,,,해설자,,,,,"<eff:shake,2><txt:size,1>....들어갔어요!! 어려운 상황에서도 완벽하게 마무리 짓습니다!!!</txt:size>","<eff:shake,2><txt:size,1> And that's a point! A perfect wrap-up after a long, tough rally!</txt:size>","<eff:shake,2><txt:size,1>‥決まりました！！苦しい状況でも完璧に決めてみせます！！！</txt:size>","<eff:shake,2><txt:size,1>‥得分了！！在如此艰难的情况下完美地拿下了这一分！！！</txt:size>","<eff:shake,2><txt:size,1>‥得分！！在如此艱難的狀況下，依然完美地拿下了這一分！！！</txt:size>","<eff:shake,2><txt:size,1>И мяч касается пола! Идеальное завершение матча.</txt:size>","<eff:shake,2><txt:size,1>...Masuk!! Penyudah yang sempurna walaupun dalam keadaan sukar!!!</txt:size>","<eff:shake,2><txt:size,1>....Trong sân!! Ngay cả trong tình huống khó khăn như vậy, anh ấy vẫn kết thúc hoàn hảo!!!</txt:size>","<eff:shake,2><txt:size,1>¡Punto!! ¡Cerró la jugada de forma impecable pese a la presión!!!</txt:size>","<eff:shake,2><txt:size,1>....Masuk!! Dia berhasil menyelesaikannya dengan sempurna bahkan dalam situasi yang sulit seperti ini!!!</txt:size>","<eff:shake,2><txt:size,1>....ได้แต้มแล้วครับ!! แม้จะเป็นสถานการณ์ที่ยาก แต่ก็ปิดจบได้อย่างสมบูรณ์แบบเลย!!!</txt:size>","<eff:shake,2><txt:size,1>É ponto! Que finalização espetacular em uma situação dificílima!</txt:size>"
,,,해설자,,,,,"<txt:bold,2><txt:color,orange>정인호</txt:color></txt:bold>!!! 대표팀의 주장으로서!! 마지막 포인트를 따내며, 마침내 팀의 승리를 이끌어냅니다!!","<txt:bold,2><txt:color,orange>Inho Jung</txt:color></txt:bold>! He ends the match and brings home the victory as the captain of our national volleyball team!","<txt:bold,2><txt:color,orange>飛鳥隼人</txt:color></txt:bold>！！！代表チームのキャプテンとして！！最後のポイントをもぎ取り、ついにチームを勝利へと導きました！！","<txt:bold,2><txt:color,orange>郑仁浩</txt:color></txt:bold>！！！作为国家队的队长！！拿下了最后一分，最终带领球队走向了胜利！！","<txt:bold,2><txt:color,orange>鄭仁浩</txt:color></txt:bold>！！！身為代表隊的隊長！！拿下了最後一分，終於帶領球隊贏得了勝利！！","<txt:bold,2><txt:color,orange>Чон Инхо</txt:color></txt:bold>!!! Именно капитан сборной ставит победную точку в этой игре!","<txt:bold,2><txt:color,orange>Inho Jung</txt:color></txt:bold>!!! Kapten pasukan kebangsaan itu meraih mata terakhir dan akhirnya membawa pasukannya meraih kemenangan!!","<txt:bold,2><txt:color,orange>Jung Inho</txt:color></txt:bold>!!! Với tư cách là đội trưởng đội tuyển quốc gia!! Anh ấy ghi điểm cuối cùng và dẫn dắt cả đội đến chiến thắng!!","¡<txt:bold,2><txt:color,orange>Jung Inho</txt:color></txt:bold>!!! ¡El capitán de la selección consigue el último punto y guía finalmente a su equipo hacia la victoria!!","<txt:bold,2><txt:color,orange>Inho Jung</txt:color></txt:bold>!!! Sebagai kapten tim nasional!! Berhasil mencetak poin terakhir untuk membawa tim menuju kemenangan!!","<txt:bold,2><txt:color,orange>จองอินโฮ</txt:color></txt:bold>!!! ในฐานะกัปตันทีมชาติ!! เก็บแต้มสุดท้ายได้สำเร็จ และพาทีมคว้าชัยชนะไปในที่สุดครับ!!","<txt:bold,2><txt:color,orange>Inho Jung</txt:color></txt:bold>! O capitão da seleção marca o ponto decisivo e conduz sua equipe à vitória!"
,,,해설자,,,,,"언더독으로 평가받던 우리 대표팀이 결국 <txt:bold,2>월드 그랑프리</txt:bold> 우승이라는 기적을 일궈냅니다!!","The national volleyball team was underestimated, but they proved themselves and pulled off a miraculous win at the <txt:bold,2>World Grand Prix</txt:bold>!","アンダードッグと評されていた代表チームが、ついに<txt:bold,2>ワールドグランプリ</txt:bold>優勝という奇跡を成し遂げました！！","一度不被看好的我们国家队，终于创造了夺得<txt:bold,2>世界大奖赛</txt:bold>冠军的奇迹！！","原本不被看好的代表隊，最終創造了贏得<txt:bold,2>世界大獎賽</txt:bold>冠軍的奇蹟！！","Невероятно, но наша сборная проходит путь от аутсайдера до победителя <txt:bold,2>Мирового гран-при</txt:bold>!","Pasukan bola tampar kebangsaan dipandang rendah, tapi mereka buktikan kemampuan diri dan melakar kemenangan ajaib di <txt:bold,2>World Grand Prix</txt:bold>!","Đội tuyển quốc gia của chúng ta, từng bị xem là kèo dưới, cuối cùng đã tạo nên kỳ tích khi vô địch <txt:bold,2>World Grand Prix</txt:bold>!!","¡Nuestra selección, la menos favorita, termina haciendo historia y se corona campeona del <txt:bold,2>Grand Prix Mundial</txt:bold>!","Tim nasional kita yang sebelumnya dianggap sebagai underdog, akhirnya berhasil menciptakan keajaiban dengan menjuarai <txt:bold,2>World Grand Prix</txt:bold>!!","ในที่สุดทีมชาติของเราที่เคยถูกมองว่าเป็นเบี้ยล่าง ก็สร้างปาฏิหาริย์คว้าแชมป์<txt:bold,2>เวิลด์กรังด์ปรีซ์</txt:bold>ได้สำเร็จ!!","A seleção em que ninguém acreditava realiza um milagre e se torna campeã do <txt:bold,2>World Grand Prix</txt:bold>!"
,,,해설자,,,,,"우리에게 이런 선수가 있습니다! <txt:bold,2>세계 5대 스파이커</txt:bold>를 상대로!! 모두의 예상을 완벽하게 뛰어넘어!!","This is our proud captain, ladies and gentlemen! He surpassed everyone's expectations! Didn't back down against the <txt:bold,2>Big Five</txt:bold>!","我々にはこの選手がいます！<txt:bold,2>世界5大スパイカー</txt:bold>を相手に！！皆の予想を完璧に覆し！！","我们拥有这样的选手！面对<txt:bold,2>世界五大主攻手</txt:bold>！！完全打破了所有人的预期！！","我們的代表隊居然有這樣的選手！面對<txt:bold,2>世界五大主攻手</txt:bold>！！完全顛覆了所有人的預測！！","Вот на что способен наш игрок! Против <txt:bold,2>одного из пяти сильнейших нападающих мира</txt:bold>! Он превзошел все ожидания!","Kita mempunyai pemain sehebat ini! Berdepan dengan <txt:bold,2>lima perejam terbaik dunia</txt:bold>!! Dia melampaui segala jangkaan!!","Đội tuyển chúng ta đang có một tuyển thủ như thế này đây! Đối đầu với <txt:bold,2>Top 5 Tay Đập</txt:bold> mà vẫn thi đấu vượt xa mọi dự đoán!!","¡Este es nuestro jugador! ¡Ha superado por completo las expectativas de todos al enfrentarse a uno de los <txt:bold,2>5 mejores rematadores del mundo</txt:bold>!","Kita memiliki atlet seperti dia! Meski menghadapi <txt:bold,2>5 Spiker Terbaik di Dunia</txt:bold>, dia benar-benar melampaui ekspektasi semua orang!!","เรามีนักกีฬาแบบนี้อยู่ในทีมเชียวล่ะครับ! ผู้ที่เผชิญหน้ากับ<txt:bold,2>ตัวตบท็อป 5 ของโลก</txt:bold>!! แล้วทำผลงานได้อย่างสมบูรณ์แบบเหนือทุกความคาดหมาย!!","Temos um verdadeiro fenômeno na equipe! <txt:bold,2>Diante dos 5 Melhores Atacantes do mundo</txt:bold>, ele superou todas as expectativas!"
,,,해설자,,,,,"<txt:bold,2><txt:color,orange>정인호</txt:color></txt:bold>가 진정한 에이스가 무엇인지 다시 한번 똑똑히 보여줍니다!!","<txt:bold,2><txt:color,orange>Inho Jung</txt:color></txt:bold> shows us what a true ace is made of!","<txt:bold,2><txt:color,orange>飛鳥隼人</txt:color></txt:bold>、これぞ真のエースという姿をもう一度しっかりと見せつけました！！","<txt:bold,2><txt:color,orange>郑仁浩</txt:color></txt:bold>再次清楚地向我们展示了，什么才是真正的王牌！！","<txt:bold,2><txt:color,orange>鄭仁浩</txt:color></txt:bold>再次用實力證明了，什麼才是真正的王牌！！","<txt:bold,2><txt:color,orange>Чон Инхо</txt:color></txt:bold> еще раз доказал, кто здесь настоящий лидер!","<txt:bold,2><txt:color,orange>Inho Jung</txt:color></txt:bold> sekali lagi membuktikan erti sebenar seorang pemain handalan!!","<txt:bold,2><txt:color,orange>Jung Inho</txt:color></txt:bold> một lần nữa cho chúng ta thấy rõ thế nào mới là một át chủ bài thật sự!!","¡<txt:bold,2><txt:color,orange>Jung Inho</txt:color></txt:bold> nos vuelve a dejar claro qué es ser un verdadero as!!","<txt:bold,2><txt:color,orange>Inho Jung</txt:color></txt:bold> sekali lagi menunjukkan dengan jelas seperti apa itu seorang Ace yang sebenarnya!!","<txt:bold,2><txt:color,orange>จองอินโฮ</txt:color></txt:bold>ได้แสดงให้เห็นอีกครั้งอย่างชัดเจน ว่าเอซที่แท้จริงคืออะไร!!","<txt:bold,2><txt:color,orange>Inho Jung</txt:color></txt:bold> mostra mais uma vez o que significa ser um verdadeiro craque!"
,,,???,,,,,"<txt:size,2>......우와, 진짜 멋지다!!</txt:size>","<txt:size,2>Wow... That's so cool!</txt:size>","<txt:size,2>‥うわぁ、マジでかっこいい！！</txt:size>","<txt:size,2>‥哇，太帅了！！</txt:size>","<txt:size,2>‥哇，太帥了吧！！</txt:size>","<txt:size,2>Ух ты... Какой он классный!</txt:size>","<txt:size,2>Wah... Sangat hebat!</txt:size>","<txt:size,2>...Wow, ngầu thật đó!!</txt:size>","<txt:size,2>¡Guau! ¡Eso fue impresionante!</txt:size>","<txt:size,2>......Wah, benar-benar keren!!</txt:size>","<txt:size,2>......ว้าว เท่สุดๆ เลย!!</txt:size>","<txt:size,2>Nossa, que demais!</txt:size>"
,,,TAG,,,,,"<eff:black,3>","<eff:black,3>","<eff:black,3>","<eff:black,3>","<eff:black,3>","<eff:black,3>","<eff:black,3>","<eff:black,3>","<eff:black,3>","<eff:black,3>","<eff:black,3>","<eff:black,3>"
,,,TAG,,,,,"<sys:scene,어린시절,300>","<sys:scene,어린시절,300>","<sys:scene,어린시절,300>","<sys:scene,어린시절,300>","<sys:scene,어린시절,300>","<sys:scene,어린시절,300>","<sys:scene,어린시절,300>","<sys:scene,어린시절,300>","<sys:scene,어린시절,300>","<sys:scene,어린시절,300>","<sys:scene,어린시절,300>","<sys:scene,어린시절,300>"
,,,남재현,,,,,"그치? 장난 아니지? 이 자식, 처음엔 안 본다고 튕기더니.",Right? It's ridiculous! And you didn't even want to watch it at first!,だろ？ハンパないだろ？お前、最初は見ないって渋ってたくせにな。,是吧？厉害吧？你小子，刚开始还推三阻四地说不看。,是吧？很厲害對吧？你這傢伙，當初還在那邊說不想看。,Вот видишь? Это нечто! А ты смотреть не хотел.,"Betul, bukan? Memang gila! Tapi mula-mula tadi kamu tak nak tengok!","Đúng không? Đỉnh lắm đúng không? Cậu này, ban đầu còn làm bộ không muốn xem cơ mà.",¿Verdad que sí? Fue una locura. Y pensar que al principio no querías verlo.,"Iya, kan? Keren banget, kan? Padahal tadi kamu sok tidak mau nonton.",ใช่ไหมล่ะ? ไม่ใช่เล่นๆ เลยเนอะ? เจ้านี่ ตอนแรกทำเป็นบอกจะไม่ดูอยู่เลย,Viu só? Não é incrível? E você aí dizendo que não queria assistir.
,,,백시우,,,,,"뭐야, 저 선수 대체 뭐야?",What's up with that player?,何なんだ、あの選手‥一体何者なんだよ？,哇，那个选手到底是什么来头？,哇，那個選手到底是何方神聖啊？,Да кто он такой?! Как он это делает?,Siapa pemain itu? Macam mana dia boleh sehebat itu?,"Gì vậy, tuyển thủ đó rốt cuộc là ai vậy?","Vaya, ¿quién rayos es ese jugador?","Wah, sebenarnya siapa atlet itu?",อะไรกัน นักกีฬาคนนั้นเป็นใครกันเนี่ย?,Quem é esse cara?!
,,,남재현,,,,,"말했잖아! <txt:size,1>내가 제일 좋아하는 선수라니까!</txt:size>","I told you! <txt:size,1>He's my favorite player!</txt:size>","だから言ってんだろ！<txt:size,1>俺が一番好きな選手だって！</txt:size>","我都说了嘛！<txt:size,1>他是我最喜欢的选手！</txt:size>","我不是說過了嘛！<txt:size,1>他是我最崇拜的選手！</txt:size>","Поэтому <txt:size,1>он мне и нравится больше всех!</txt:size>","Saya dah cakap! <txt:size,1>Dia pemain kegemaran saya!</txt:size>","Tôi nói rồi mà! <txt:size,1>Đó là tuyển thủ tôi thích nhất đấy!</txt:size>","¡Ya te lo he dicho! <txt:size,1>¡Es mi jugador favorito!</txt:size>","Sudah kubilang tadi! <txt:size,1>Dia itu atlet favoritku!</txt:size>","ก็บอกไปแล้วไงเล่า! <txt:size,1>ว่าเขาเป็นนักกีฬาที่ฉันชอบที่สุดน่ะ!</txt:size>","Eu já falei! <txt:size,1>Ele é o meu jogador favorito!</txt:size>"
,,,남재현,,,,,저 투혼 좀 봐! 위기 상황에서도 저렇게 침착할 수 있다는 게 신기하지 않아?,"Look at him! Isn't it so cool that he can be so calm, even when things are looking rough?",見てみろよ、あの闘志！ピンチの状況でもあんな冷静でいられるなんて、信じられないだろ？,看看那斗志！在那么危机的关头还能那么冷静，是不是很神奇？,你看他那鬥志！在危機時刻還能那麼冷靜，不覺得很不可思議嗎？,С характером! Он не теряется даже под таким давлением.,"Tengoklah dia! Dia boleh tenang walaupun keadaan nampak teruk. Hebat, bukan?","Nhìn tinh thần chiến đấu đó mà xem! Trong tình huống nguy cấp mà vẫn bình tĩnh đến thế, không thấy đáng kinh ngạc sao?",¡Amo su espíritu de lucha! ¿No es increíble que pueda mantener la calma incluso en una situación tan crítica?,Lihat semangat juangnya! Bukankah menakjubkan bagaimana dia bisa tetap tenang bahkan dalam situasi krisis seperti itu?,ดูจิตวิญญาณนักสู้นั่นสิ! แม้แต่ในสถานการณ์วิกฤต ก็ยังใจเย็นได้แบบนั้น น่าทึ่งมากเลยเนอะ?,Olha só esse espírito de luta! Não é incrível como ele consegue manter a calma mesmo sob pressão?
,,,남재현,,,,,저 때 이미 무릎 부상으로 은퇴할 거라는 얘기가 돌고 있었다니까?,"Back then, there were rumors of him retiring because of his knee injury.",当時すでに、膝の怪我で引退するって噂が流れてたんだぜ？,听说那时候就已经有传言说他要因为膝伤退役了呢。,聽說那時候就傳出他因為膝蓋受傷要引退的消息了。,"Раньше говорили, что из-за травмы колена ему придется завершить карьеру.","Masa itu pun dah tersebar khabar angin yang dia akan bersara akibat kecederaan lutut, tahu?",Lúc đó đã có tin đồn anh ấy sẽ giải nghệ vì chấn thương đầu gối rồi!,"Para entonces, ya corría el rumor de que se retiraría por una lesión en la rodilla.",Padahal beredar rumor bahwa saat itu dia akan pensiun karena cedera lutut.,ช่วงนั้นน่ะ มีข่าวลือว่าเขาจะวางมือ เพราะอาการบาดเจ็บที่เข่าด้วยนะ,Naquela época já estavam dizendo que ele teria que se aposentar por causa da lesão no joelho.
,,,백시우,,,,,"그런데도 <txt:bold,2>세계 5대 스파이커</txt:bold> 상대로 이긴 거잖아.","And still, he managed to beat the <txt:bold,2>Big Five</txt:bold>...","それなのに<txt:bold,2>世界5大スパイカー</txt:bold>相手に勝ったんだよな。","可他还是赢了<txt:bold,2>世界五大主攻手</txt:bold>啊。","就算那樣，還是打贏了<txt:bold,2>世界五大主攻手</txt:bold>啊。","И даже так он победил <txt:bold,2>одного из пятерки лучших нападающих</txt:bold>.","Tapi dia tetap menang melawan <txt:bold,2>lima perejam terbaik dunia</txt:bold>.","Vậy mà anh ấy vẫn thắng được <txt:bold,2>Top 5 Tay Đập</txt:bold> đó thôi.","¿Y aun así le ganó a uno de los <txt:bold,2>5 mejores rematadores del mundo</txt:bold>?","Tapi meski begitu, dia bisa menang melawan <txt:bold,2>5 Spiker Terbaik di Dunia</txt:bold>.","แต่ก็ชนะ<txt:bold,2>ตัวตบท็อป 5 ของโลก</txt:bold>ได้เลยนี่นา","E mesmo assim ele venceu os <txt:bold,2>5 Melhores Atacantes do mundo</txt:bold>."
,,,남재현,,,,,그래!! 결국 해내더라고!,Yup! He sure did!,そう！！見事やってのけたんだよ！,对啊！！他硬是做到了！,沒錯！！他終究還是辦到了！,"Вот именно, он взял и добился своего!",Ya! Dia berjaya!,Đúng vậy!! Cuối cùng anh ấy vẫn làm được!,¡Sííí! ¡Al final lo consiguió!,Iya betul!! Akhirnya dia berhasil melakukannya!,ก็ใช่ไง! เขาทำสำเร็จจนได้!,"Pois é! No fim, ele conseguiu mesmo!"
,,,남재현,,,,,이게 결과만 알고 있는 거랑 직접 보는 건 전혀 달라!!,Knowing the result is nothing like watching the match for yourself!,結果だけ知ってるのと、見るのとじゃ全然違うだろ！,光知道结果和亲眼看比赛完全是两码事！！,光知道結果跟親眼看比賽，感覺完全不一樣吧！！,Слышать о матче и смотреть его — очень разные ощущения.,Memang berbeza antara tahu keputusan dengan melihat perlawanan sebenar!,Chỉ nghe kết quả thôi và tận mắt xem trận đấu đúng là khác hẳn!!,¡No es lo mismo saber el resultado del partido que verlo con tus propios ojos!,Cuma tahu hasilnya itu beda banget dengan menonton pertandingannya sendiri!!,การรู้แค่ผลสรุป กับการได้เห็นด้วยตาตัวเองน่ะ ต่างกันลิบลับเชียวล่ะ!!,Saber o resultado e assistir a isso com os próprios olhos são coisas completamente diferentes!
,,,남재현,,,,,"앗, 잠깐만! 화면 봐, 인터뷰 나온다!","Wait, look! It's the player interview!",あっ、ちょっと待って！画面見てみろよ、インタビュー始まるぞ！,啊，等一下！看屏幕，采访出来了！,啊，等一下！看螢幕，要開始採訪了！,"Подожди-подожди, сейчас будет интервью!",Lihat! Ada temu bual pemain!,"A, chờ chút! Nhìn màn hình đi, có phỏng vấn kìa!","¡Ah, espera! ¡Va a salir la entrevista!","Ah, tunggu sebentar! Coba lihat itu, wawancaranya mau dimulai!",อ๊ะ เดี๋ยวนะ! ดูที่จอสิ มีสัมภาษณ์ด้วย!,"Ah, espera! Olha a tela, a entrevista vai começar!"
,,,인터뷰어,,,,,"<txt:bold,2><txt:color,orange>정인호</txt:color></txt:bold> 선수, 오늘 정말 눈부신 활약이었습니다!","Hello, <txt:bold,2><txt:color,orange>Mr. Jung</txt:color></txt:bold>. Great work out there!","<txt:bold,2><txt:color,orange>飛鳥隼人</txt:color></txt:bold>選手、今日は本当に目覚ましい活躍でしたね！","<txt:bold,2><txt:color,orange>郑仁浩</txt:color></txt:bold>选手，您今天的表现真是太耀眼了！","<txt:bold,2><txt:color,orange>鄭仁浩</txt:color></txt:bold>選手，今天您的表現真是太精彩了！","<txt:bold,2><txt:color,orange>Чон Инхо</txt:color></txt:bold>, сегодня вы показали блестящую игру.","<txt:bold,2><txt:color,orange>Inho Jung</txt:color></txt:bold>, prestasi anda hari ini sungguh cemerlang!","Tuyển thủ <txt:bold,2><txt:color,orange>Jung Inho</txt:color></txt:bold>, hôm nay anh đã có một phần thi đấu thật sự tỏa sáng!","<txt:bold,2><txt:color,orange>Jung Inho</txt:color></txt:bold>, ¡su desempeño de hoy fue espectacular!","Atlet <txt:bold,2><txt:color,orange>Inho Jung</txt:color></txt:bold>, penampilan Anda hari ini sungguh memukau!","นักกีฬา<txt:bold,2><txt:color,orange>จองอินโฮ</txt:color></txt:bold> วันนี้ทำผลงานได้โดดเด่นมากเลยค่ะ!","<txt:bold,2><txt:color,orange>Inho Jung</txt:color></txt:bold>, você foi o grande destaque da partida de hoje!"
,,,인터뷰어,,,,,"정인호 선수는 분명 <txt:bold,2>미들블로커</txt:bold>, <txt:bold,2>세터</txt:bold>, <txt:bold,2>윙스파이커</txt:bold>, 모든 포지션의 경험이 있으신 올라운드 플레이어로 유명하죠!","You are definitely famous as an all-round player with experience in all positions: <txt:bold,2>middle blocker</txt:bold>, <txt:bold,2>setter</txt:bold>, and <txt:bold,2>wing spiker</txt:bold>!","飛鳥選手は、確か<txt:bold,2>ミドルブロッカー</txt:bold>、<txt:bold,2>セッター</txt:bold>、<txt:bold,2>ウイングスパイカー</txt:bold>と、すべてのポジションを経験したオールラウンダーとして有名ですよね！","郑仁浩选手确实是以拥有<txt:bold,2>副攻手</txt:bold>、<txt:bold,2>二传手</txt:bold>、<txt:bold,2>主攻手</txt:bold>等全位置经验的全能选手而闻名呢！","鄭仁浩選手確實是以擁有<txt:bold,2>中間手</txt:bold>、<txt:bold,2>二傳手</txt:bold>、<txt:bold,2>主攻手</txt:bold>等全位置經驗的全能選手而聞名呢！","Чон Инхо, вы известны как универсальный игрок: вы успели побыть и <txt:bold,2>центральным блокирующим</txt:bold>, и <txt:bold,2>связующим</txt:bold>, и <txt:bold,2>доигровщиком</txt:bold>!","Inho Jung memang terkenal sebagai pemain serba boleh yang berpengalaman di semua posisi: <txt:bold,2>penghadang tengah</txt:bold>, <txt:bold,2>pengumpan</txt:bold> dan <txt:bold,2>perejam sayap</txt:bold>!","Tuyển thủ Jung Inho chắc chắn nổi tiếng là một cầu thủ toàn diện có kinh nghiệm ở mọi vị trí: <txt:bold,2>phụ công</txt:bold>, <txt:bold,2>chuyền hai</txt:bold> và <txt:bold,2>chủ công</txt:bold>!","Usted es famoso por ser un jugador polivalente con experiencia en todas las posiciones: <txt:bold,2>bloqueador central</txt:bold>, <txt:bold,2>colocador</txt:bold> y <txt:bold,2>rematador de punta</txt:bold>.","Jung In-ho terkenal sebagai pemain serba bisa yang berpengalaman di semua posisi: <txt:bold,2>middle blocker</txt:bold>, <txt:bold,2>setter</txt:bold>, dan <txt:bold,2>wing spiker</txt:bold>!","จองอินโฮเป็นที่รู้จักกันดีในฐานะผู้เล่นสารพัดประโยชน์ที่มีประสบการณ์ในทุกตำแหน่ง ทั้ง<txt:bold,2>ตัวบล็อกกลาง</txt:bold>, <txt:bold,2>ตัวเซ็ต</txt:bold> และ<txt:bold,2>ตัวตีโค้ง</txt:bold>!","Jung In-ho é certamente famoso como um jogador versátil com experiência em todas as posições: <txt:bold,2>central</txt:bold>, <txt:bold,2>levantador</txt:bold> e <txt:bold,2>ponteiro</txt:bold>!"
,,,인터뷰어,,,,,"오늘은 <txt:bold,2>아포짓</txt:bold>으로 참여하셨는데도 <txt:bold,2>세터</txt:bold> 역할을 함께 수행하는 투 <txt:bold,2>세터</txt:bold> 전략이 특히 인상적이었습니다.","Today, even though you played as an <txt:bold,2>opposite</txt:bold>, the two-<txt:bold,2>setter</txt:bold> strategy where you also performed the <txt:bold,2>setter</txt:bold> role was particularly impressive.","今日は<txt:bold,2>オポジット</txt:bold>として出場されたにもかかわらず、<txt:bold,2>セッター</txt:bold>の役割もこなすツー<txt:bold,2>セッター</txt:bold>戦術が特に印象的でした。","今天您虽然作为<txt:bold,2>接应</txt:bold>上场，但同时兼顾<txt:bold,2>二传手</txt:bold>角色的“双<txt:bold,2>二传</txt:bold>”战术尤其令人印象深刻。","今天您雖然作為<txt:bold,2>接應</txt:bold>上場，但同時兼顧<txt:bold,2>二傳手</txt:bold>角色的「雙<txt:bold,2>二傳</txt:bold>」戰術尤其令人印象深刻。","Сегодня вы вышли на позиции <txt:bold,2>диагонального</txt:bold>, но при этом брали на себя обязанности <txt:bold,2>связующего</txt:bold>. Эта тактика с двумя <txt:bold,2>связующими</txt:bold> особенно впечатлила.","Hari ini anda bermain sebagai <txt:bold,2>perejam bertentangan</txt:bold>, tetapi turut berperanan sebagai <txt:bold,2>pengumpan</txt:bold>. Strategi dua <txt:bold,2>pengumpan</txt:bold> itu sangat mengagumkan.","Hôm nay, dù thi đấu ở vị trí <txt:bold,2>đối chuyền</txt:bold>, anh vẫn đảm nhiệm cả vai trò <txt:bold,2>chuyền hai</txt:bold>. Chiến thuật hai <txt:bold,2>chuyền hai</txt:bold> này thật sự rất ấn tượng.","Hoy, aunque jugó como <txt:bold,2>opuesto</txt:bold>, la estrategia de doble <txt:bold,2>colocador</txt:bold> en la que usted también desempeñó esa función de <txt:bold,2>colocador</txt:bold> fue especialmente impresionante.","Hari ini Anda bermain sebagai <txt:bold,2>opposite</txt:bold>, sekaligus menjalankan peran <txt:bold,2>setter</txt:bold>. Strategi dua <txt:bold,2>setter</txt:bold> itu sangat mengesankan.","วันนี้ แม้ว่าคุณจะลงเล่นในตำแหน่ง<txt:bold,2>บีหลัง (Opposite)</txt:bold> แต่กลยุทธ์การใช้<txt:bold,2>ตัวเซ็ต</txt:bold>สองคน (Two-setter) ซึ่งคุณได้ทำหน้าที่เป็น<txt:bold,2>ตัวเซ็ต</txt:bold>ไปด้วยนั้นน่าประทับใจเป็นพิเศษ","Hoje, embora tenha jogado como <txt:bold,2>oposto</txt:bold>, a estratégia de dois <txt:bold,2>levantadores</txt:bold>, na qual você também desempenhou o papel de <txt:bold,2>levantador</txt:bold>, foi especialmente impressionante."
,,,정인호,,,,,감사합니다. 전략은 준비했었습니다. 상대가 상대니까요.,Thank you. We did prepare that strategy. Given who our opponent was.,ありがとうございます。戦略は準備していました。相手が相手ですからね。,谢谢。我们确实准备了这项战术，毕竟对手实力不容小觑。,謝謝。我們確實準備了這項戰術，畢竟對手實力不容小覷。,Спасибо. Мы заранее готовились играть так. С таким соперником иначе нельзя.,"Terima kasih. Kami sememangnya telah menyediakan strategi itu, memandangkan lawan kami bukan calang-calang.","Xin cảm ơn. Chúng tôi đã chuẩn bị chiến thuật này, vì đối thủ lần này rất đáng gờm.","Gracias. Habíamos preparado esa estrategia, ya que el rival lo requería.",Terima kasih. Kami memang sudah menyiapkan strategi itu. Mengingat siapa lawan yang kami hadapi.,ขอบคุณครับ เราเตรียมกลยุทธ์นี้มาอยู่แล้ว เพราะต้องเจอคู่ต่อสู้ระดับนั้นนี่ครับ,"Obrigado. Nós preparamos essa estratégia, afinal, o adversário era forte."
,,,인터뷰어,,,,,흔히 에이스를 두고 위기의 순간 팀을 구해내는 해결사라고 하지 않습니까?,We see the ace as the problem solver who saves the team in critical situations.,よくエースとは、ピンチの瞬間にチームを救う救世主って呼ばれますよね？,人们常说王牌就是能在危机关头拯救球队的救星，不是吗？,大家常說，王牌就是在危機時刻拯救球隊的救星，不是嗎？,"Лидером команды часто называют того, кто выручает ее в решающий момент, верно?",Bukankah pemain handalan sering dianggap sebagai penyelamat pasukan ketika keadaan genting?,Người ta thường gọi át chủ bài là người hùng giải quyết mọi chuyện cho cả đội trong những khoảnh khắc nguy cấp đúng không?,Se dice que un as es el salvador de un equipo en los momentos de crisis.,"Seorang Ace sering disebut sebagai penyelamat tim di saat krisis, bukan?",ปกติแล้ว เรามักเรียกเอซว่าเป็นตัวแก้เกม ที่คอยช่วยทีมในช่วงเวลาวิกฤตใช่ไหมล่ะคะ?,"Costumam dizer que um craque é aquele que salva a equipe nos momentos mais difíceis, não é mesmo?"
,,,인터뷰어,,,,,"위기가 닥쳤을 때, 팀을 구해내는 그 힘의 원동력은 대체 무엇일까요?","So, when things look desperate, what helps you save the team?",ピンチに直面した時、チームを救い出す力の原動力は一体何なのでしょうか？,那么当危机降临时，支撑您拯救球队的动力究竟是什么呢？,在球隊遇到困境的關鍵時刻，到底是什麼樣的力量在背後支撐著您呢？,Что помогает вам находить силы и вести команду вперед?,"Apabila keadaan menjadi genting, dari mana datangnya kekuatan anda untuk menyelamatkan pasukan?","Khi tình huống nguy cấp ập đến, rốt cuộc điều gì đã tiếp thêm sức mạnh để anh cứu cả đội?","En momentos así, ¿de dónde nace esa fuerza capaz de rescatar al equipo?","Saat krisis melanda, apa sumber kekuatan yang menggerakkan Anda untuk menyelamatkan tim?",เวลาที่เกิดวิกฤตขึ้น แรงขับเคลื่อนในการช่วยทีมให้รอด คืออะไรเหรอคะ?,Mas de onde vem a força que permite a alguém salvar sua equipe nesses momentos?
,,,정인호,,,,,"...질문에 답하기 전에, 한 가지를 바로잡고 싶군요. 저는 에이스를 팀의 해결사라고 생각하지 않습니다.","...Before I answer the question, I just want to say that I don't think the ace is the team's problem solver.",‥質問に答える前に、一つ訂正しておきたいですね。私はエースとはチームの救世主だとは思っていません。,‥在回答这个问题之前，我想先纠正一点。我不认为王牌是球队的救星。,‥在回答問題之前，我想先糾正一件事。我不認為王牌就是球隊的救星。,"...Прежде чем ответить, я хотел бы кое-что уточнить. На мой взгляд, лидер — это не тот, кто решает за команду все проблемы.","...Sebelum saya jawab soalan, saya cuma mahu berkata bahawa saya tak rasa pemain handalan ialah penyelesai masalah pasukan.","...Trước khi trả lời câu hỏi, tôi muốn đính chính một điều. Tôi không nghĩ át chủ bài là người giải quyết mọi chuyện cho cả đội.","Antes de responder a su pregunta, quisiera aclarar algo. Yo no creo que el as sea el salvador del equipo.","...Sebelum menjawab, ada satu hal yang ingin saya luruskan. Saya tidak menganggap Ace sebagai penyelamat tim.",...ก่อนจะตอบคำถาม ผมขอแก้ความเข้าใจสักอย่างนะครับ ผมไม่ได้คิดว่าเอซเป็นตัวแก้เกมของทีมเลยครับ,"...Antes de responder, gostaria de esclarecer uma coisa. Não acredito que o craque seja o salvador da equipe."
,,,정인호,,,,,"현대 배구는 정말 다채로운 스포츠입니다. 포지션의 경계는 점점 희미해지고, 다양한 공격 전략이 끊임없이 등장하고 있습니다.","Modern volleyball is truly a diverse and dynamic sport. The boundaries between positions are blurring, and various offensive strategies are constantly emerging.",現代バレーボールは実に奥深く、エキサイティングなスポーツです。ポジションの境界線は曖昧になりつつあり、多彩な攻撃戦略が次々と生まれています。,现代排球确实是一项精彩纷呈的运动。位置的界限正变得越来越模糊，各种各样的进攻战术层出不穷。,現代排球確實是一項精彩紛呈的運動。位置的界限正變得越來越模糊，各種各樣的進攻戰術層出不窮。,"Современный волейбол — действительно многогранный вид спорта. Границы между позициями постепенно стираются, и постоянно появляются разнообразные атакующие стратегии.","Bola tampar moden sememangnya sukan yang sangat pelbagai. Sempadan antara posisi semakin kabur, dan pelbagai strategi serangan sentiasa muncul.","Bóng chuyền hiện đại thực sự là một môn thể thao vô cùng đa dạng. Ranh giới giữa các vị trí đang dần mờ nhạt, và các chiến thuật tấn công đa dạng liên tục xuất hiện.",El voleibol moderno es un deporte verdaderamente diverso. Los límites entre las posiciones se están volviendo cada vez más difusos y surgen constantemente diversas estrategias de ataque.,"Bola voli modern benar-benar olahraga yang sangat beragam. Batasan antar posisi menjadi semakin kabur, dan berbagai strategi serangan terus bermunculan.",วอลเลย์บอลสมัยใหม่เป็นกีฬาที่หลากหลายมาก ขอบเขตระหว่างตำแหน่งเริ่มเลือนรางลงเรื่อย ๆ และกลยุทธ์การบุกที่หลากหลายก็ปรากฏขึ้นอย่างไม่ขาดสาย,"O voleibol moderno é realmente um esporte muito diversificado. As fronteiras entre as posições estão se tornando cada vez mais tênues, e várias estratégias de ataque surgem constantemente."
,,,정인호,,,,,"하지만, 상대가 아무리 강해도, 아무리 위기에 몰려도, 포기하지 않는다면 반드시 돌파구는 있습니다.","However, no matter how strong the opponent is, or how deep of a crisis you're in, if you never give up, there is always a breakthrough.",しかし、相手がどれほど強くても、どんなにピンチに追い込まれても、諦めなければ必ず突破口はあります。,但是，无论对手多么强大，无论陷入怎样的危机，只要不放弃，就一定能找到突破口。,但是，無論對手多麼強大，無論陷入怎樣的危機，只要不放棄，就一定能找到突破口。,"Однако, каким бы сильным ни был соперник и в каком бы глубоком кризисе вы ни оказались, если не сдаваться, выход обязательно найдется.","Walau bagaimanapun, tidak kira betapa kuatnya pihak lawan, atau betapa gentingnya situasi kita, jika kita tidak berputus asa, pasti akan ada jalan penyelesaiannya.","Thế nhưng, dù đối thủ có mạnh đến đâu, dù có rơi vào thế nguy kịch thế nào, chỉ cần không bỏ cuộc, chắc chắn sẽ có lối thoát.","Sin embargo, no importa cuán fuerte sea el rival o cuán contra las cuerdas estés, si no te rindes, siempre habrá una forma de salir adelante.","Namun, sekuat apa pun lawan, atau seberapa pun kita terdesak dalam krisis, jika kita tidak menyerah, pasti selalu ada jalan keluar.",แต่ไม่ว่าคู่ต่อสู้จะแข็งแกร่งเพียงใด หรือจะตกอยู่ในวิกฤตแค่ไหน หากไม่ยอมแพ้ ย่อมมีทางออกเสมอ,"No entanto, não importa quão forte seja o adversário, ou quão profunda seja a crise, se você não desistir, certamente haverá uma saída."
,,,정인호,,,,,"<txt:bold,2>에이스란 어떤 순간에도 결코 꺾이지 않는 사람입니다.</txt:bold>","<txt:bold,2>The ace is someone who never breaks, even in dire situations.</txt:bold>","<txt:bold,2>エースとは、どんな瞬間でも決して心が折れない存在だと思っています。</txt:bold>","<txt:bold,2>我认为王牌，是无论在什么时刻都绝不屈服的人。</txt:bold>","<txt:bold,2>我認為所謂的王牌，是在任何時刻都絕不屈服的人。</txt:bold>","<txt:bold,2>Лидер — это человек, который никогда не сдается. </txt:bold>","<txt:bold,2>Pemain handalan ialah seseorang yang takkan lemah semangat, walaupun dalam situasi sukar.</txt:bold>","<txt:bold,2>Tôi cho rằng át chủ bài là người không bao giờ gục ngã trong bất cứ khoảnh khắc nào.</txt:bold>","<txt:bold,2>Para mí, un as es alguien que nunca se rinde, pase lo que pase.</txt:bold>","<txt:bold,2>Menurut saya, Ace adalah seseorang yang tidak akan pernah patah semangat dalam situasi apa pun.</txt:bold>","<txt:bold,2>ผมคิดว่าเอซคือคนที่จะไม่ยอมแพ้เด็ดขาด ไม่ว่าในสถานการณ์ไหนก็ตาม</txt:bold>","<txt:bold,2>Um craque é alguém que jamais se deixa abater, aconteça o que acontecer.</txt:bold>"
,,,정인호,,,,,오늘 주장으로서 동료들에게 보여주고 싶었던 모습은 바로 그런 것이었습니다.,"And as the captain, that is who I wanted to be for my teammates today.",今日、キャプテンとして仲間たちに見せたかったのは、まさにそういう姿でした。,如果说今天我作为队长想向队友们展示什么，那就是这种姿态。,身為隊長，這就是我今天最想展現給隊友們看的一面。,"И сегодня, как капитан, я хотел показать своим товарищам именно такой пример.","Dan sebagai kapten, itulah yang saya mahu jadi hari ini untuk rakan sepasukan saya.","Nếu hôm nay có điều gì tôi muốn cho đồng đội thấy với tư cách đội trưởng, thì chính là điều đó.",Y eso era exactamente lo que quería transmitirles hoy a mis compañeros como capitán.,Itulah sosok yang saya ingin tunjukkan kepada rekan-rekan saya sebagai kapten hari ini.,ถ้าวันนี้มีอะไรที่ผมอยากให้เพื่อนร่วมทีมได้เห็นในฐานะกัปตัน ก็คือสิ่งนั้นแหละครับ,E era exatamente isso que eu queria mostrar aos meus companheiros como capitão hoje.
,,,백시우,,,,,......!!,...!,‥‥！！,‥！！,‥！！,......!!,...!,...!!,¡...!,......!!,......!!,!!!
,,,백시우,,,,,"아, 안 되겠다. 이거 처음부터 다시 돌려보자!","Ugh, it's just so good. Let's watch it again.",あぁ、ダメだ。これ最初からもう一回見直さないと！,啊，不行了。我们把这个从头再看一遍吧！,啊，不行了。這影片得從頭再看一次！,"Нет-нет, давай посмотрим игру еще раз!","Ah, tak boleh jadi. Jom tengok semula dari awal!","A, không được rồi. Tua lại xem từ đầu đi!","Ay, no. Me encantó. ¡Veámoslo otra vez desde el inicio!","Wah, sepertinya kita harus tonton lagi dari awal!",มะ ไม่ได้การ มาย้อนดูใหม่ตั้งแต่แรกกันเถอะ!,"Ah, não! Vamos assistir tudo de novo desde o começo!"
,,,남재현,,,,,얼마든지 봐. 난 이미 백 번도 넘게 돌려봤어.,Sure. I've already replayed it over a hundred times.,好きなだけ見ろよ。俺なんてもう100回以上は見返してるからな。,随便看。我已经翻来覆去看了不下一百遍了。,你想看幾次都行。我早就已經重複看過一百多遍了。,Сколько угодно. Я сам уже раз сто пересматривал.,Sudah tentu. Saya dah ulang tayang beratus kali.,Cứ xem đi. Tôi đã tua lại xem hơn trăm lần rồi.,Míralo todas las veces que quieras. Yo ya lo vi más de cien veces.,Tonton saja sepuasnya. Aku sudah menontonnya beratus kali.,ดูได้เต็มที่เลย ฉันน่ะย้อนดูมาเกินร้อยรอบแล้ว,Pode assistir quantas vezes quiser. Eu já vi isso mais de cem vezes.
,,,남재현,,,,,내가 말했지? 너도 직접 보면 분명히 너도 좋아할 거라고.,I told you that you'd love it if you watched it.,言っただろ？お前も実際に見たら、絶対に好きになるって。,我说过吧？只要你亲眼看了，你也一定会喜欢上的。,我就說了吧？你只要親眼看過，肯定也會喜歡上的。,"Ну как? Я же говорил, что тебе понравится.",Saya dah cakap kamu akan suka jika kamu melihatnya.,"Tôi đã nói rồi đúng không? Nếu cậu tận mắt xem, chắc chắn cậu cũng sẽ thích.","Te lo dije. Te dije que si lo veías con tus propios ojos, también te iba a encantar.","Sudah kubilang, kan? Kalau kamu melihatnya langsung, kamu juga pasti akan menyukainya.",ฉันบอกแล้วใช่ไหมล่ะ? ว่าถ้านายได้ดูเอง นายก็จะชอบเหมือนกัน,Viu só? Eu falei que você acabaria gostando depois de assistir.
,,,남재현,,,,,그래서 너한테도 꼭 이 경기를 보여주고 싶었던 거야.,That's why I wanted to show you this match.,だから、お前にも絶対にこの試合を見せたかったんだよ。,所以我才一定要让你也看看这场比赛。,所以我才無論如何都想讓你看看這場比賽。,Поэтому хотел показать тебе именно эту игру.,Itulah sebabnya saya mahu tunjuk perlawanan ini kepada kamu.,Vậy nên tôi mới nhất định muốn cho cậu xem trận này.,Por eso tenía tantas ganas de mostrarte este partido.,Karena itulah aku sangat ingin menunjukkan pertandingan ini padamu.,ฉันถึงได้อยากให้นายดูการแข่งขันนี้,Foi por isso que eu queria tanto mostrar esse jogo para você.
,,,남재현,,,,,"그런데, 보기 싫다고 하기는.",And you had the gall to say no at first.,それなのに、見たくないなんて言ってさ。,结果你还嫌弃不想看。,結果你一開始還說不想看。,И это после всех твоих «не хочу смотреть».,Padahal mula-mula tadi kamu tak nak tengok.,Thế mà cậu còn bảo không muốn xem.,"Y tú, bien terco, no querías verlo.","Tapi, tadi kamu malah bilang tidak mau menontonnya.",แต่ดันบอกว่าไม่อยากดูซะงั้น,E pensar que você dizia que nem queria assistir...
,,,백시우,,,,,하하하... 인정. 진짜 대단하네.,"Hahaha... Fine. I admit, it's amazing.",ははは‥認めるよ。本当にすごいな。,哈哈哈‥我认输。确实太厉害了。,哈哈哈‥我認輸，確實太厲害了。,Ха-ха... Тут не поспоришь.,"Hahaha... Baiklah. Saya mengaku, ia menakjubkan.",Ha ha ha... Công nhận. Đúng là đỉnh thật.,Jajaja... Lo admito. Es impresionante.,"Hahaha... Oke, aku mengakuinya. Dia memang hebat.",ฮะฮะฮะ... ยอมรับเลย เขาสุดยอดจริงๆ แหละ,"Hahaha... Tá, eu confesso. Esse cara é impressionante."
,,,-,,,,,"<txt:color,grey>(우리는 그날, 몇 번이고 정인호 선수의 경기를 돌려보았다.)","<txt:color,grey>(That day, we replayed <txt:bold,2>Inho Jung</txt:bold>'s match over and over again.)</txt:color>","<txt:color,grey>(あの日、俺たちは何度も<txt:bold,2>飛鳥隼人</txt:bold>選手の試合を見返した)</txt:color>","<txt:color,grey>(那天，我们把<txt:bold,2>郑仁浩</txt:bold>选手的比赛录像回放了无数遍。)</txt:color>","<txt:color,grey>(那天，我們把<txt:bold,2>鄭仁浩</txt:bold>選手的比賽重看了好幾次。)</txt:color>","<txt:color,grey>(В тот день мы раз за разом пересматривали ту игру <txt:bold,2>Чон Инхо</txt:bold>.)</txt:color>","<txt:color,grey>(Hari itu, kami menonton semula perlawanan <txt:bold,2>Inho Jung</txt:bold> berkali-kali.)</txt:color>","<txt:color,grey>(Hôm đó, chúng tôi đã xem đi xem lại trận đấu của tuyển thủ <txt:bold,2>Jung Inho</txt:bold> không biết bao nhiêu lần.)</txt:color>","<txt:color,grey>(Aquel día, vimos una y otra vez el partido de Jung Inho).</txt:color>","<txt:color,grey>(Hari itu, kami memutar ulang pertandingan atlet <txt:bold,2>Inho Jung</txt:bold> berkali-kali.)</txt:color>","<txt:color,grey>(พวกเราในวันนั้น ย้อนดูการแข่งขันของนักกีฬา<txt:bold,2>จองอินโฮ</txt:bold>อยู่หลายครั้ง)</txt:color>","<txt:color,grey>(Naquele dia, assistimos à partida de <txt:bold,2>Inho Jung</txt:bold> inúmeras vezes.)</txt:color>"
,,,-,,,,,"<txt:color,grey>(지직거리는 TV 소리와 거친 숨소리, 그리고 팬들의 뜨거운 환호성이 방 안을 가득 채웠다.)</txt:color>","<txt:color,grey>(The room was filled with static noise, heavy breathing, and passionate cheers from the crowd.)</txt:color>","<txt:color,grey>(砂嵐混じりのテレビの音と荒い息遣い、そしてファンの熱い歓声が部屋中を満たしていた)</txt:color>","<txt:color,grey>(电视的沙沙声、粗重的喘息声，以及粉丝们狂热的欢呼声，充满了整个房间。)</txt:color>","<txt:color,grey>(電視沙沙作響的聲音、粗重的喘息聲，還有粉絲們熱烈的歡呼聲，充滿了整個房間。)</txt:color>","<txt:color,grey>(Треск телевизора, сбившееся дыхание спортсменов и рев болельщиков эхом разносились по комнате.)</txt:color>","<txt:color,grey>(Bunyi derau TV, nafas yang tercungap-cungap dan sorakan gemuruh peminat memenuhi bilik.)</txt:color>","<txt:color,grey>(Tiếng TV rè rè, tiếng thở dốc nặng nề và những tiếng reo hò cuồng nhiệt của người hâm mộ lấp đầy căn phòng.)</txt:color>","<txt:color,grey>(El sonido entrecortado de la TV, las respiraciones agitadas y los gritos eufóricos de los fans llenaban la habitación).</txt:color>","<txt:color,grey>(Suara TV yang berdesis, napas yang terengah-engah, dan sorak-sorai penonton yang meriah memenuhi seisi kamar.)</txt:color>","<txt:color,grey>(เสียงทีวีดังซ่าๆ, เสียงหายใจหอบ แล้วก็เสียงโห่ร้องอันร้อนแรงของแฟนๆ ดังก้องอยู่ภายในห้อง)</txt:color>","<txt:color,grey>(O chiado da televisão, a respiração pesada dos jogadores e os gritos apaixonados da torcida ecoavam por todo o quarto.)</txt:color>"
,,,백시우,,,,,...에이스란 저런 거구나.,...So that's what a true ace is.,‥エースって、ああいうものなんだな。,‥原来王牌是这样的啊。,‥原來這就是王牌啊。,Вот каким должен быть настоящий лидер.,...Jadi itulah pemain handalan sebenar.,...Thì ra át chủ bài là như vậy.,Así que eso es ser un as...,...Jadi begitu rupanya seorang Ace.,...เอซคืออะไรแบบนั้นเองสินะ,...Então é isso que significa ser um craque.
,,,남재현,,,,,"응, 저게 바로 진짜 에이스지.",Yup. That's a real ace.,ああ、あれこそが真のエースだよな。,嗯，那才是真正的王牌。,嗯，那才是真正的王牌。,Именно. Это он и есть.,Ya. Itulah pemain handalan sebenar.,"Ừ, đó mới chính là át chủ bài thật sự.",Exacto. Eso es ser un as de verdad.,"Iya, itulah Ace yang sesungguhnya.",อื้ม นั่นแหละคือเอซที่แท้จริง,"Sim, é exatamente assim que um verdadeiro craque deve ser."
,,,남재현,,,,,"단순히 팀에서 배구를 제일 잘하는 선수가 아니라, 어떤 절망적인 순간에도 결코 포기하지 않는 <txt:bold,2>의지</txt:bold>를 가진 사람.","Not just the best player on the team, but someone who never gives up. Someone with that kind of <txt:bold,2>grit</txt:bold>.","単にチーム内で一番バレーが上手いってだけじゃなく、どんな絶望的な瞬間でも決して諦めない<txt:bold,2>意志</txt:bold>を秘めた選手。","不仅仅是队里排球打得最好的选手，而是无论遇到多么绝望的时刻，都怀抱不放弃的<txt:bold,2>意志</txt:bold>的人。","不單只是球隊裡排球打得最好的人，而是擁有在任何絕望時刻都不放棄的<txt:bold,2>意志</txt:bold>的人。","Это не просто лучший волейболист в команде, а человек, чья <txt:bold,2>воля</txt:bold> не дает ему сдаться даже в самый безнадежный момент.","Bukan sekadar pemain bola tampar terbaik dalam pasukan, tetapi seseorang yang mempunyai <txt:bold,2>tekad</txt:bold> untuk terus berjuang walau betapa tipisnya harapan.","Không chỉ là tuyển thủ chơi bóng chuyền giỏi nhất đội, mà còn là người mang trong mình <txt:bold,2>ý chí</txt:bold> không bao giờ bỏ cuộc, dù ở khoảnh khắc tuyệt vọng nhất.","No es simplemente el jugador que mejor juega voleibol en el equipo, sino alguien que posee la <txt:bold,2>voluntad</txt:bold> de no rendirse ni siquiera en los momentos más desesperados.","Bukan sekadar pemain voli paling jago di tim, tapi seseorang yang punya <txt:bold,2>tekad</txt:bold> untuk tidak menyerah, bahkan di saat yang paling putus asa.","ไม่ใช่แค่นักกีฬาที่เล่นวอลเลย์บอลเก่งที่สุดในทีมเฉยๆ แต่เป็นคนที่มี<txt:bold,2>ความมุ่งมั่น</txt:bold>ที่ไม่ยอมแพ้ ไม่ว่าในสถานการณ์ที่สิ้นหวังแค่ไหนก็ตาม","Mais do que o melhor jogador do time, é alguém que mantém a <txt:bold,2>vontade de lutar</txt:bold> até o fim, mesmo diante do desespero."
,,,남재현,,,,,나는...,I...,俺は‥,我‥,我‥,Знаешь...,Saya...,Tôi...,Yo...,Aku...,ฉันน่ะ...,Eu...
,,,남재현,,,,,"나는 꼭 저런 선수가 되고 싶어. 아니, 반드시 될 거야.",I want to become a player like him. I will.,俺は、絶対にあんな選手になりたいんだ。いや、必ずなってみせる。,我一定要成为那样的选手。不，是一定会成为。,我想成為那樣的選手。不，我一定會成為那樣的選手。,Я мечтаю стать таким же. Обязательно стану.,Saya mahu jadi pemain seperti dia. Saya pasti boleh.,"Tôi muốn trở thành một tuyển thủ như vậy. Không, tôi nhất định sẽ làm được.","Yo también quiero convertirme en un jugador así. No, de hecho, voy a serlo sí o sí.","Aku ingin menjadi atlet seperti itu. Tidak, aku pasti akan menjadi seperti dia.",ฉันอยากเป็นนักกีฬาแบบนั้น ไม่สิ ฉันจะต้องเป็นให้ได้เลย,"Eu quero me tornar um jogador como ele. Não importa o que aconteça, eu vou conseguir."
,,,백시우,,,,,"...<wrt:wait,25>응. 하하, 너라면 분명 그렇게 될 수 있을 거야.","...<wrt:wait,25>Yup. Haha, I have no doubt you will be.","‥<wrt:wait,25>うん。ははっ、お前ならきっとそうなれるよ。","‥<wrt:wait,25>嗯。哈哈，如果是你的话，肯定能做到的。","‥<wrt:wait,25>嗯。哈哈，你的話一定辦得到的。","...<wrt:wait,25>Ха-ха, я уверен, что ты сможешь.","...<wrt:wait,25>Ya. Haha, saya yakin dengan kamu.","...<wrt:wait,25>Ừ. Ha ha, nếu là cậu thì chắc chắn sẽ làm được thôi.","...<wrt:wait,25> Sí. Jaja, estoy seguro de que puedes lograrlo.","...<wrt:wait,25>Iya. Haha, aku yakin kamu pasti bisa jadi seperti dia.","...<wrt:wait,25>อื้ม ฮ่าฮ่า ฉันมั่นใจว่านายจะต้องเป็นแบบนั้นได้แน่ๆ","É... <wrt:wait,25>Haha... se for você, tenho certeza de que conseguirá."
,,,남재현,,,,,"...<txt:bold,2><txt:color,orange>백시우</txt:color></txt:bold>, 너도 그럼 다시... <wrt:wait,30>아냐, 됐다.","...So <txt:bold,2><txt:color,orange>Siwoo</txt:color></txt:bold>, are you going to start again... <wrt:wait,30>No, never mind.","‥<txt:bold,2><txt:color,orange>新</txt:color></txt:bold>、じゃあまたお前も‥<wrt:wait,30>いや、やっぱり何でもない。","‥<txt:bold,2><txt:color,orange>白时宇</txt:color></txt:bold>，那你也重新‥<wrt:wait,30>算了，没什么。","‥<txt:bold,2><txt:color,orange>白時宇</txt:color></txt:bold>，那你也要不要重新‥<wrt:wait,30>算了，沒事。","<txt:bold,2><txt:color,orange>Шиу</txt:color></txt:bold>, а ты снова...<wrt:wait,30> Ладно, забудь.","...<txt:bold,2><txt:color,orange>Siwoo</txt:color></txt:bold>, kalau begitu, kamu pun boleh kembali... <wrt:wait,30>Tak apalah, lupakan saja.","...<txt:bold,2><txt:color,orange>Baek Siwoo</txt:color></txt:bold>, vậy cậu cũng thử lại... <wrt:wait,30>Thôi, bỏ đi.","<txt:bold,2><txt:color,orange>Baek Siwoo</txt:color></txt:bold>, entonces, tú también podrías volver a... <wrt:wait,30>No, olvídalo.","...<txt:bold,2><txt:color,orange>Siwoo Baek</txt:color></txt:bold>, kalau begitu kamu juga mau mulai lagi... <wrt:wait,30>Ah, lupakan saja.","...<txt:bold,2><txt:color,orange>แบคชีอู</txt:color></txt:bold> นายเองก็อยากกลับมา... <wrt:wait,30>ไม่ล่ะ ช่างเถอะ","Hum... <txt:bold,2><txt:color,orange>Siwoo Baek</txt:color></txt:bold>, então você também vai voltar a... <wrt:wait,30>Não, deixa pra lá."
,,,남재현,,,,,"자, 이왕 보는 거 처음부터 다시 보자! 내가 제일 좋아하는 장면 보여줄게.","Come on, let's rewind to the start. I'll show you my favorite part.",さあ、どうせ見るなら最初からもう一回見ようぜ！俺が一番好きなシーンを見せてやるよ。,来，既然都看了，就从头再看一遍吧！我给你看我最喜欢的片段。,好，既然要看，就從頭開始看吧！我放我最喜歡的片段給你看。,Смотрим еще раз? Сейчас покажу тебе мой любимый момент.,"Ayuh, mari ulang tayang dari mula. Saya akan tunjuk bahagian yang saya suka.","Nào, đã xem rồi thì xem lại từ đầu đi! Tôi sẽ cho cậu xem cảnh tôi thích nhất.","Bueno, ya que estamos viéndolo, ¡pongámoslo otra vez desde el principio! Te voy a mostrar mi escena favorita.","Ayo, mumpung sedang menonton, mari kita lihat lagi dari awal! Akan kutunjukkan bagian favoritku.",เอาล่ะ ไหนๆ ก็ดูมาขนาดนี้แล้ว ดูตั้งแต่แรกอีกรอบแล้วกัน! ฉันจะให้นายดูฉากที่ฉันชอบที่สุด,"Aproveitando que estamos vendo isso, vamos começar do começo! Quero te mostrar a minha jogada favorita."
,,,TAG,,,,,"<eff:black,3>","<eff:black,3>","<eff:black,3>","<eff:black,3>","<eff:black,3>","<eff:black,3>","<eff:black,3>","<eff:black,3>","<eff:black,3>","<eff:black,3>","<eff:black,3>","<eff:black,3>"
,,,TAG,,,,,"<sys:scene,옆얼굴,300>","<sys:scene,옆얼굴,300>","<sys:scene,옆얼굴,300>","<sys:scene,옆얼굴,300>","<sys:scene,옆얼굴,300>","<sys:scene,옆얼굴,300>","<sys:scene,옆얼굴,300>","<sys:scene,옆얼굴,300>","<sys:scene,옆얼굴,300>","<sys:scene,옆얼굴,300>","<sys:scene,옆얼굴,300>","<sys:scene,옆얼굴,300>"
,,,백시우,,,,,......,...,‥‥,‥,‥,......,...,...,...,......,......,...
,,,백시우,,,,,"<wrt:sfx,무음><scr:noskip><scr:timer,160><wrt:delay,5><txt:color,grey>(어떤 순간에도 결코 꺾이지 않는 사람.)</txt:color></wrt:delay>","<wrt:sfx,무음><scr:noskip><scr:timer,160><wrt:delay,5><txt:color,grey>(Someone who never breaks, even in dire situations.)</txt:color></wrt:delay>","<wrt:sfx,무음><scr:noskip><scr:timer,160><wrt:delay,5><txt:color,grey>(どんな瞬間でも決して心が折れない人)</txt:color></wrt:delay>","<wrt:sfx,무음><scr:noskip><scr:timer,160><wrt:delay,5><txt:color,grey>(无论在什么时刻都绝不屈服的人。)</txt:color></wrt:delay>","<wrt:sfx,무음><scr:noskip><scr:timer,160><wrt:delay,5><txt:color,grey>(在任何時刻都絕不屈服的人。)</txt:color></wrt:delay>","<wrt:sfx,무음><scr:noskip><scr:timer,160><wrt:delay,5><txt:color,grey>(Человек, который никогда не сдается.)</txt:color></wrt:delay>","<wrt:sfx,무음><scr:noskip><scr:timer,160><wrt:delay,5><txt:color,grey>(Seseorang yang tidak akan lemah semangat, walaupun dalam situasi sukar.)</txt:color></wrt:delay>","<wrt:sfx,무음><scr:noskip><scr:timer,160><wrt:delay,5><txt:color,grey>(Người không bao giờ gục ngã trong bất cứ khoảnh khắc nào.)</txt:color></wrt:delay>","<wrt:sfx,무음><scr:noskip><scr:timer,160><wrt:delay,5><txt:color,grey>(Alguien que nunca se rinde, pase lo que pase).</txt:color></wrt:delay>","<wrt:sfx,무음><scr:noskip><scr:timer,160><wrt:delay,5><txt:color,grey>(Seseorang yang tidak akan pernah patah semangat dalam situasi apa pun.)</txt:color></wrt:delay>","<wrt:sfx,무음><scr:noskip><scr:timer,160><wrt:delay,5><txt:color,grey>(คนที่จะไม่ยอมแพ้เด็ดขาด ไม่ว่าในสถานการณ์ไหนก็ตาม)</txt:color></wrt:delay>","<wrt:sfx,무음><scr:noskip><scr:timer,160><wrt:delay,5><txt:color,grey>(Alguém que jamais se deixa abater, não importa a situação.)</txt:color></wrt:delay>"
,,,백시우,,,,,"<wrt:sfx,무음><scr:noskip><scr:timer,130><wrt:delay,5><txt:color,grey>(...나도.)</txt:color></wrt:delay>","<wrt:sfx,무음><scr:noskip><scr:timer,130><wrt:delay,5><txt:color,grey>(I...)</txt:color></wrt:delay>","<wrt:sfx,무음><scr:noskip><scr:timer,130><wrt:delay,5><txt:color,grey>(‥俺も)</txt:color></wrt:delay>","<wrt:sfx,무음><scr:noskip><scr:timer,130><wrt:delay,5><txt:color,grey>(‥我也。)</txt:color></wrt:delay>","<wrt:sfx,무음><scr:noskip><scr:timer,130><wrt:delay,5><txt:color,grey>(‥我也。)</txt:color></wrt:delay>","<wrt:sfx,무음><scr:noskip><scr:timer,130><wrt:delay,5><txt:color,grey>(Я тоже...)</txt:color></wrt:delay>","<wrt:sfx,무음><scr:noskip><scr:timer,130><wrt:delay,5><txt:color,grey>(...Saya pun.)</txt:color></wrt:delay>","<wrt:sfx,무음><scr:noskip><scr:timer,130><wrt:delay,5><txt:color,grey>(...Mình cũng vậy.)</txt:color></wrt:delay>","<wrt:sfx,무음><scr:noskip><scr:timer,130><wrt:delay,5><txt:color,grey>(Yo también...)</txt:color></wrt:delay>","<wrt:sfx,무음><scr:noskip><scr:timer,130><wrt:delay,5><txt:color,grey>(...Aku juga.)</txt:color></wrt:delay>","<wrt:sfx,무음><scr:noskip><scr:timer,130><wrt:delay,5><txt:color,grey>(...ฉันก็ด้วย)</txt:color></wrt:delay>","<wrt:sfx,무음><scr:noskip><scr:timer,130><wrt:delay,5><txt:color,grey>(Eu também...)</txt:color></wrt:delay>"
,,,백시우,,,,,"<wrt:sfx,무음><scr:noskip><scr:timer,250><wrt:delay,5><txt:color,grey>(...나도 꼭 그렇게 되고 싶어.)</txt:color></wrt:delay>","<wrt:sfx,무음><scr:noskip><scr:timer,250><wrt:delay,5><txt:color,grey>(I want to be that person, too.)</txt:color></wrt:delay>","<wrt:sfx,무음><scr:noskip><scr:timer,250><wrt:delay,5><txt:color,grey>(‥俺も絶対にそうなりたい)</txt:color></wrt:delay>","<wrt:sfx,무음><scr:noskip><scr:timer,250><wrt:delay,5><txt:color,grey>(‥我也一定要成为那样的人。)</txt:color></wrt:delay>","<wrt:sfx,무음><scr:noskip><scr:timer,250><wrt:delay,5><txt:color,grey>(‥我也好想成為那樣的人。)</txt:color></wrt:delay>","<wrt:sfx,무음><scr:noskip><scr:timer,250><wrt:delay,5><txt:color,grey>(Я тоже хочу стать таким же...)</txt:color></wrt:delay>","<wrt:sfx,무음><scr:noskip><scr:timer,250><wrt:delay,5><txt:color,grey>(Saya pun nak jadi seperti itu.)</txt:color></wrt:delay>","<wrt:sfx,무음><scr:noskip><scr:timer,250><wrt:delay,5><txt:color,grey>(...Mình cũng nhất định muốn làm được như vậy.)</txt:color></wrt:delay>","<wrt:sfx,무음><scr:noskip><scr:timer,250><wrt:delay,5><txt:color,grey>(Yo también quiero ser alguien así...)</txt:color></wrt:delay>","<wrt:sfx,무음><scr:noskip><scr:timer,250><wrt:delay,5><txt:color,grey>(...Aku juga ingin menjadi seperti itu.)</txt:color></wrt:delay>","<wrt:sfx,무음><scr:noskip><scr:timer,250><wrt:delay,5><txt:color,grey>(...ฉันก็อยากเป็นแบบนั้นให้ได้เหมือนกัน)</txt:color></wrt:delay>","<wrt:sfx,무음><scr:noskip><scr:timer,250><wrt:delay,5><txt:color,grey>(Eu também quero me tornar alguém assim...)</txt:color></wrt:delay>"
,,,TAG,,,,,"<eff:black,4></sys:scene><sys:quiet,1000>","<eff:black,4></sys:scene><sys:quiet,1000>","<eff:black,4></sys:scene><sys:quiet,1000>","<eff:black,4></sys:scene><sys:quiet,1000>","<eff:black,4></sys:scene><sys:quiet,1000>","<eff:black,4></sys:scene><sys:quiet,1000>","<eff:black,4></sys:scene><sys:quiet,1000>","<eff:black,4></sys:scene><sys:quiet,1000>","<eff:black,4></sys:scene><sys:quiet,1000>","<eff:black,4></sys:scene><sys:quiet,1000>","<eff:black,4></sys:scene><sys:quiet,1000>","<eff:black,4></sys:scene><sys:quiet,1000>"
,,,TAG,,,,,"<scr:timer,50>","<scr:timer,50>","<scr:timer,50>","<scr:timer,50>","<scr:timer,50>","<scr:timer,50>","<scr:timer,50>","<scr:timer,50>","<scr:timer,50>","<scr:timer,50>","<scr:timer,50>","<scr:timer,50>"
,,,TAG,,,,,"<sys:qmap,암전><sys:sfx,휘슬_2>","<sys:qmap,암전><sys:sfx,휘슬_2>","<sys:qmap,암전><sys:sfx,휘슬_2>","<sys:qmap,암전><sys:sfx,휘슬_2>","<sys:qmap,암전><sys:sfx,휘슬_2>","<sys:qmap,암전><sys:sfx,휘슬_2>","<sys:qmap,암전><sys:sfx,휘슬_2>","<sys:qmap,암전><sys:sfx,휘슬_2>","<sys:qmap,암전><sys:sfx,휘슬_2>","<sys:qmap,암전><sys:sfx,휘슬_2>","<sys:qmap,암전><sys:sfx,휘슬_2>","<sys:qmap,암전><sys:sfx,휘슬_2>"
,,,???,,,,,"<txt:size,2>다들 고생했어! 잠깐 휴식하자!</txt:size>","<txt:size,2>Good work, everyone! Let's take a break.</txt:size>","<txt:size,2>みんなお疲れ様！少し休憩しよっか！</txt:size>","<txt:size,2>大家都辛苦了！休息一下！</txt:size>","<txt:size,2>大家辛苦了！稍微休息一下！</txt:size>","<txt:size,2>Молодцы, хорошо поработали! Перерыв.</txt:size>","<txt:size,2>Bagus, semua! Mari kita berehat.</txt:size>","<txt:size,2>Mọi người vất vả rồi! Nghỉ một chút nào!</txt:size>","<txt:size,2>¡Buen trabajo, todos! ¡Tomemos un descanso!</txt:size>","<txt:size,2>Kerja bagus semuanya! Kalian boleh istirahat sebentar!</txt:size>","<txt:size,2>ทุกคนเก่งมาก! พักกันสักหน่อยเถอะ!</txt:size>","<txt:size,2>Bom trabalho, pessoal! Vamos fazer uma pausa rápida!</txt:size>"
,,,???,,,,,물 마시면서 아까 지적받은 거 머릿속으로 정리하고! 10분만 쉬고 다시 모이자!,"Drink some water and go over the feedback from earlier! You got 10 minutes, and we'll reconvene after that.",水飲みながら、さっき指摘されたとこ、頭の中で整理しておいて！10分だけ休んだらまた集合ね！,喝点水，顺便在脑子里复习一下刚才指出的问题！休息10分钟再集合！,趁著喝水的時候，把剛才被指點的部分在腦袋裡複習一下！休息10分鐘後集合！,Попейте воды и обдумайте мои слова! Собираемся через десять минут.,Minum sedikit air dan semak maklum balas tadi! Kamu ada masa 10 minit dan lepas tu berkumpul semula.,Uống nước và sắp xếp lại trong đầu những gì vừa được góp ý! Nghỉ 10 phút rồi tập trung lại nhé!,¡Tomen agua y repasen mentalmente lo que les señalé hace un rato! ¡Descansamos 10 minutos y volvemos a reunirnos!,"Sambil minum, ingat-ingat lagi koreksi yang kalian terima tadi! Istirahat sepuluh menit, lalu kumpul lagi!",ดื่มน้ำแล้วก็ทบทวนจุดที่โดนทักเมื่อกี้ไปด้วยนะ! พักสัก 10 นาทีแล้วค่อยกลับมารวมกันใหม่!,Tomem um pouco de água e reflitam sobre os erros que apontamos! Dez minutos de pausa e retomamos o treino!
,,,TAG,,,,,"<eff:black,3>","<eff:black,3>","<eff:black,3>","<eff:black,3>","<eff:black,3>","<eff:black,3>","<eff:black,3>","<eff:black,3>","<eff:black,3>","<eff:black,3>","<eff:black,3>","<eff:black,3>"
,,,TAG,,,,,"<sys:qmap,대지고 체육관><cha:qpos,백시우,-2><cha:qpos,정다희,2><sys:bgm,BGM_MEET_SIWOO,1000>","<sys:qmap,대지고 체육관><cha:qpos,백시우,-2><cha:qpos,정다희,2><sys:bgm,BGM_MEET_SIWOO,1000>","<sys:qmap,대지고 체육관><cha:qpos,백시우,-2><cha:qpos,정다희,2><sys:bgm,BGM_MEET_SIWOO,1000>","<sys:qmap,대지고 체육관><cha:qpos,백시우,-2><cha:qpos,정다희,2><sys:bgm,BGM_MEET_SIWOO,1000>","<sys:qmap,대지고 체육관><cha:qpos,백시우,-2><cha:qpos,정다희,2><sys:bgm,BGM_MEET_SIWOO,1000>","<sys:qmap,대지고 체육관><cha:qpos,백시우,-2><cha:qpos,정다희,2><sys:bgm,BGM_MEET_SIWOO,1000>","<sys:qmap,대지고 체육관><cha:qpos,백시우,-2><cha:qpos,정다희,2><sys:bgm,BGM_MEET_SIWOO,1000>","<sys:qmap,대지고 체육관><cha:qpos,백시우,-2><cha:qpos,정다희,2><sys:bgm,BGM_MEET_SIWOO,1000>","<sys:qmap,대지고 체육관><cha:qpos,백시우,-2><cha:qpos,정다희,2><sys:bgm,BGM_MEET_SIWOO,1000>","<sys:qmap,대지고 체육관><cha:qpos,백시우,-2><cha:qpos,정다희,2><sys:bgm,BGM_MEET_SIWOO,1000>","<sys:qmap,대지고 체육관><cha:qpos,백시우,-2><cha:qpos,정다희,2><sys:bgm,BGM_MEET_SIWOO,1000>","<sys:qmap,대지고 체육관><cha:qpos,백시우,-2><cha:qpos,정다희,2><sys:bgm,BGM_MEET_SIWOO,1000>"
,,,정다희,,1_기본,,,"안녕, 유니폼으로 갈아입으니 제법 그럴듯해 보이는데?","Hey, now that you’ve changed into your uniform, you really look the part!",おはよー！ユニフォームに着替えたら、なかなか様になってるじゃん！,嗨，换上队服后看起来很像样嘛！,嗨，換上隊服後看起來很像樣嘛！,Привет! В форме ты выглядишь уже по-настоящему!,"Hai, dah pakai jersi, nampak macam pemain betul!",Chào! Thay đồng phục vào trông cậu ra dáng thật đấy!,"¡Hola! Con el uniforme puesto, sí que pareces todo un jugador.","Hai, setelah pakai seragam, kamu terlihat lebih meyakinkan!",สวัสดี! พอเปลี่ยนเป็นชุดยูนิฟอร์มแล้วดูดีเลยนะ,"Oi! Agora que vestiu o uniforme, está com cara de jogador mesmo!"
,,,정다희,,2_헤헤,,joy,"헤헷, 다시 한번 우리 배구부에 온 걸 환영해, <txt:bold,2><txt:color,orange>시우</txt:color></txt:bold>야!","Hehe, once again, welcome to our volleyball team, <txt:bold,2><txt:color,orange>Siwoo</txt:color></txt:bold>!","へへっ、改めまして私たちのバレー部へようこそ、<txt:bold,2><txt:color,orange>新</txt:color></txt:bold>！","嘿嘿，再次欢迎你加入我们排球部，<txt:bold,2><txt:color,orange>时宇</txt:color></txt:bold>！","嘿嘿，再次歡迎你加入我們排球部，<txt:bold,2><txt:color,orange>時宇</txt:color></txt:bold>！","Хи-хи, я рада, что ты теперь с нами! Добро пожаловать в команду!","Hehe, sekali lagi, selamat datang ke pasukan bola tampar kami, <txt:bold,2><txt:color,orange>Siwoo</txt:color></txt:bold>!","He he, một lần nữa chào mừng cậu đến với CLB Bóng Chuyền, <txt:bold,2><txt:color,orange>Siwoo</txt:color></txt:bold>!","Jeje, bienvenido otra vez a nuestro club de voleibol, <txt:bold,2><txt:color,orange>Siwoo</txt:color></txt:bold>.","Hehe, sekali lagi, selamat datang di klub voli kita, <txt:bold,2><txt:color,orange>Siwoo</txt:color></txt:bold>!","ฮิฮิ ยินดีต้อนรับเข้าสู่ชมรมวอลเลย์บอลของเราอีกครั้งนะ <txt:bold,2><txt:color,orange>ชีอู</txt:color></txt:bold>!","Hehe! Mais uma vez, seja bem-vindo ao nosso time de vôlei, <txt:bold,2><txt:color,orange>Siwoo</txt:color></txt:bold>!"
,,,정다희,,1_웃음,,,"실은 우리 이번 학기부터는 강팀이랑 친선 경기도 할 생각이고, 대회도 나갈 생각이거든!!","Starting this semester, we're going to have friendly matches with high-ranking teams and participate in tournaments!",実はね私たち、今学期からは強豪チームと練習試合もするし、大会にも出るつもりなんだ！！,其实从这学期开始，我们打算和强队打友谊赛，还准备参加大赛呢！！,其實啊，我們從這學期開始，不僅打算找強隊打友誼賽，還要參加比賽喔！！,С этого семестра мы хотим начать играть товарищеские матчи с сильными командами и участвовать в турнирах.,"Sebenarnya, mulai semester ini kami bercadang nak adakan perlawanan persahabatan dengan pasukan yang kuat, dan sertai kejohanan juga!!","Thật ra từ học kỳ này chúng ta cũng định đấu giao hữu với các đội mạnh, rồi còn định tham gia giải đấu nữa!!","¡La verdad, este semestre queremos organizar partidos amistosos contra equipos fuertes y también participar en torneos!","Sebenarnya, mulai semester ini kita berencana mengadakan pertandingan persahabatan dengan tim kuat dan juga ikut Turnamen!!",ที่จริงแล้ว ตั้งแต่เทอมนี้เป็นต้นไป เรามีแพลนจะแข่งแมตช์กระชับมิตรกับทีมเก่งๆ แล้วก็มีแพลนจะแข่งทัวร์นาเมนต์ด้วย!!,"Sabe, neste semestre estamos planejando enfrentar times de alto nível e participar de torneios!"
,,,정다희,,1_웃음,,,우리 열심히 준비해서 함께 우승까지 노려보자!,Let's train hard and aim for the championship!,頑張って練習して、一緒に優勝まで狙おうね！,我们一起努力准备，争取拿个冠军吧！,我們一起努力準備，朝著冠軍邁進吧！,Будем много тренироваться и побеждать!,Mari berlatih dengan gigih dan menang kejuaraan!,Chúng ta cùng dốc sức chuẩn bị để nhắm đến chức vô địch nhé!,¡Entrenemos con todo y vayamos juntos por la victoria!,Mari kita melakukan persiapan yang baik untuk mengincar gelar juara bersama!,เรามาตั้งใจเตรียมตัวให้ดี แล้วไปลุ้นแชมป์ด้วยกันเถอะ!,Vamos dar o nosso melhor e buscar o título juntos!
,,,정다희,,1_기본,pause,,"...<wrt:wait,25>그런데, <txt:bold,2><txt:color,orange>시우</txt:color></txt:bold><wrt:wait,25> 너 괜찮아? 어디 아파?","...<wrt:wait,25>Wait, what's wrong, <txt:bold,2><txt:color,orange>Siwoo</txt:color></txt:bold><wrt:wait,25>? Are you sick?","‥<wrt:wait,25>ところで、<txt:bold,2><txt:color,orange>新</txt:color></txt:bold><wrt:wait,25>、大丈夫？どこか具合悪い？","‥<wrt:wait,25>不过，<txt:bold,2><txt:color,orange>时宇</txt:color></txt:bold><wrt:wait,25>你没事吧？哪里不舒服吗？","‥<wrt:wait,25>不過，<txt:bold,2><txt:color,orange>時宇</txt:color></txt:bold><wrt:wait,25>你還好嗎？有哪裡不舒服嗎？","...<wrt:wait,25><txt:bold,2><txt:color,orange>Шиу</txt:color></txt:bold>, ты в порядке?<wrt:wait,25> Ничего не болит?","...<wrt:wait,25>Tapi, <txt:bold,2><txt:color,orange>Siwoo</txt:color></txt:bold><wrt:wait,25>, kamu okey? Ada sakit di mana-mana?","...<wrt:wait,25>Mà này, <txt:bold,2><txt:color,orange>Siwoo</txt:color></txt:bold>,<wrt:wait,25> cậu ổn không? Cậu bị đau ở đâu à?","...<wrt:wait,25> Pero, <txt:bold,2><txt:color,orange>Siwoo</txt:color></txt:bold>...<wrt:wait,25> ¿Estás bien? ¿Te sientes mal?","...<wrt:wait,25>Tapi, <txt:bold,2><txt:color,orange>Siwoo</txt:color></txt:bold><wrt:wait,25>, kamu tidak apa-apa? Apa kamu sakit?","...<wrt:wait,25>แต่ว่านะ <txt:bold,2><txt:color,orange>ชีอู</txt:color></txt:bold><wrt:wait,25> นายเป็นอะไรรึเปล่า? ไม่สบายตรงไหนเหรอ?","<wrt:wait,25>Mas... <txt:bold,2><txt:color,orange>Siwoo</txt:color></txt:bold>, tá tudo bem com você? <wrt:wait,25>Você não parece muito bem."
,,,정다희,,1_언짢,pause,quest,아까부터 식은땀을 계속 흘리고 있는데?,You've been breaking out in a cold sweat this whole time.,さっきから、ずっと冷や汗かいてるけど？,怎么从刚才开始就一直冒冷汗？,你從剛才就一直冒冷汗耶？,Ты уже весь покрылся холодным потом.,Dari tadi kamu asyik berpeluh sejuk.,Từ nãy đến giờ cậu cứ đổ mồ hôi lạnh mãi kìa?,Llevas un rato sudando frío.,Dari tadi kamu terus berkeringat dingin.,นายเหงื่อไหลไม่หยุดมาตั้งแต่เมื่อกี้แล้วนะ?,Você está suando frio faz um tempo.
,,,백시우,,1_웃음,nervous,sweat,"<txt:shake,1>아, 아하하</txt:shake>, 응. 괜찮아. 체육관이 좀 더워서.","<txt:shake,1>Oh, ahaha</txt:shake>... I'm fine. It's just a little hot in here.","<txt:shake,1>あ、あはは</txt:shake>、うん。大丈夫。体育館がちょっと暑くて。","<txt:shake,1>啊，啊哈哈</txt:shake>，嗯。我没事。就是体育馆里有点热。","<txt:shake,1>啊，啊哈哈</txt:shake>，嗯。我沒事。只是體育館有點熱。","<txt:shake,1>Ха-ха...</txt:shake> Все нормально. Просто в зале жарковато.","<txt:shake,1>Oh, ahaha</txt:shake>... Saya okey. Cuma sedikit panas di sini.","<txt:shake,1>A, a ha ha</txt:shake>, ừ. Tôi ổn. Chắc tại nhà thi đấu nóng quá.","<txt:shake,1>Ah, jajaja</txt:shake>, sí. Estoy bien. Es que hace un poco de calor en el gimnasio.","<txt:shake,1>Ah, hahaha</txt:shake>, iya. Aku tidak apa-apa. Gedung olahraganya agak panas.","<txt:shake,1>อ่า ฮ่าฮ่าฮ่า</txt:shake> อื้ม ฉันโอเค โรงยิมมันร้อนนิดหน่อยน่ะ","<txt:shake,1>Ah, hahaha</txt:shake>. Estou bem. É que a quadra tá um pouco quente."
,,,정다희,,1_기본,,,"으음, 그래? 에어컨 온도를 더 낮춰달라고 할까?","Mm, is it? I can ask them to lower the AC temperature.",えっ、そうかな？エアコンの温度、もっと下げてもらう？,嗯，是吗？那要不要我去把空调温度调低点？,唔，是嗎？那要不要請他們把冷氣溫度調低一點？,"Правда? Может, сделать кондиционер похолоднее?","Mm, panas? Saya boleh suruh mereka turunkan suhu penyaman udara.","Ưm, vậy à? Hay tôi nhờ hạ nhiệt độ máy lạnh xuống thêm nhé?","Mmm, ¿sí? ¿Quieres que pida que bajen más el aire acondicionado?","Hmm, begitu? Apa perlu aku minta menurunkan suhu AC-nya?",อืม งั้นเหรอ? ฉันไปขอลดอุณหภูมิแอร์ให้ต่ำลงอีกดีไหม?,"Hum, é mesmo? Quer que eu peça pra abaixarem mais a temperatura do ar-condicionado?"
,,,백시우,,2_놀람,pause,,"으, 응!! 그게 좋겠다!",R-right! That sounds great!,う、うん！！それがいいね！,呃，好！！那就麻烦你了！,呃，嗯！！那就麻煩妳了！,Д-да! Отличная идея.,Betul! Baguslah macam tu!,"Ư, ừ!! Như vậy chắc sẽ đỡ hơn!",S-sí. ¡Eso estaría genial!,I-iya!! Boleh juga!,อะ อื้ม!! แบบนั้นก็ดีเลย!,"Ah, claro! Seria ótimo!"
,,,백시우,,3_난감,nervous,silent,"<txt:color,grey>(휴우, 타이밍을 잡기가 쉽지 않네...)</txt:color>","<txt:color,grey>(*Sigh* It's hard to find the right time...)</txt:color>","<txt:color,grey>(ふぅ、切り出すタイミングが難しいな‥)</txt:color>","<txt:color,grey>(呼，想找个开口的时机真难啊‥)</txt:color>","<txt:color,grey>(呼，真難找到開口的時機‥)</txt:color>","<txt:color,grey>(Эх, никак не подобрать подходящий момент...)</txt:color>","<txt:color,grey>(*Mengeluh* Susah betul nak cari masa yang sesuai...)</txt:color>","<txt:color,grey>(Phù, khó tìm thời điểm nói thật...)</txt:color>","<txt:color,grey>(Uf, qué difícil es encontrar el momento adecuado...)</txt:color>","<txt:color,grey>(Fiuh, susah sekali cari waktu yang pas...)</txt:color>","<txt:color,grey>(ฮู้ว หาจังหวะยากจัง...)</txt:color>","<txt:color,grey>(Ugh... Não tá sendo fácil encontrar o momento certo pra falar.)</txt:color>"
,,,백시우,,3_난감,nervous,,"<txt:color,grey>(이걸 어쩐담... <txt:bold,2>다희</txt:bold>가 저렇게 신나서 얘기하는데, 분명히 말해야 하긴 할 텐데.)</txt:color>","<txt:color,grey>(What do I do...? <txt:bold,2>Dahee</txt:bold> is so excited, but I have to tell her the truth eventually.)</txt:color>","<txt:color,grey>(どうしよう、困ったな‥<txt:bold,2>夏希</txt:bold>があんなに楽しそうに話してるのに‥でも、はっきり言わなきゃダメだよな)</txt:color>","<txt:color,grey>(这可怎么办‥<txt:bold,2>多熙</txt:bold>说得这么兴高采烈，但我也必须把话说明白才行啊。)</txt:color>","<txt:color,grey>(這下該怎麼辦‥<txt:bold,2>多熙</txt:bold>講得那麼開心，但我一定要跟她說清楚才行。)</txt:color>","<txt:color,grey>(Как быть? <txt:bold,2>Дахи</txt:bold> так рада, но мне придется ее огорчить.)</txt:color>","<txt:color,grey>(Apa patut saya buat...? <txt:bold,2>Dahee</txt:bold> sangat teruja, tapi saya kena beritahu juga perkara sebenar.)</txt:color>","<txt:color,grey>(Phải làm sao đây... <txt:bold,2>Dahee</txt:bold> đang hào hứng nói như vậy, nhưng chắc mình vẫn phải nói ra thôi.)</txt:color>","<txt:color,grey>(¿Y ahora qué hago...? <txt:bold,2>Dahee</txt:bold> habla con tanta ilusión... Sé que tengo que decírselo, pero...)</txt:color>","<txt:color,grey>(Bagaimana ya... <txt:bold,2>Dahee</txt:bold> tampak sangat bersemangat, tapi aku harus bilang padanya.)</txt:color>","<txt:color,grey>(จะทำยังไงดีเนี่ย... <txt:bold,2>ดาฮี</txt:bold>พูดอย่างตื่นเต้นขนาดนั้น แต่ฉันก็คงต้องบอกให้ชัดเจนแหละ)</txt:color>","<txt:color,grey>(E agora? A <txt:bold,2>Dahee</txt:bold> parece tão feliz falando disso, mas vou ter que dizer...)</txt:color>"
,,,백시우,,1_결연,nervous,,"<txt:color,grey><txt:bold,2>(실은... <wrt:wait,25>배구부에 입부할 생각이 없었다는 걸.)</txt:bold></txt:color>","<txt:color,grey><txt:bold,2>(That... <wrt:wait,25>I never intended to join the volleyball team.)</txt:bold></txt:color>","<txt:color,grey><txt:bold,2>(実は‥<wrt:wait,25>バレー部に入部するつもりなんてなかったってことを)</txt:bold></txt:color>","<txt:color,grey><txt:bold,2>(其实‥<wrt:wait,25>我根本没打算加入排球部。)</txt:bold></txt:color>","<txt:color,grey><txt:bold,2>(其實‥<wrt:wait,25>我根本沒打算加入排球部啊。)</txt:bold></txt:color>","<txt:color,grey><txt:bold,2>(Что вообще-то...<wrt:wait,25> я не собирался вступать в волейбольный клуб.)</txt:bold></txt:color>","<txt:color,grey><txt:bold,2>(Sebenarnya... <wrt:wait,25>saya tak pernah berniat nak masuk kelab bola tampar.)</txt:bold></txt:color>","<txt:color,grey><txt:bold,2>(Thật ra... <wrt:wait,25>mình vốn không định gia nhập CLB Bóng Chuyền.)</txt:bold></txt:color>","<txt:color,grey><txt:bold,2>(Ay, la verdad es que... <wrt:wait,25>no pensaba unirme al club de voleibol).</txt:bold></txt:color>","<txt:color,grey><txt:bold,2>(Bahwa sebenarnya... <wrt:wait,25>Aku tidak punya niat untuk bergabung dengan klub bola voli.)</txt:bold></txt:color>","<txt:color,grey><txt:bold,2>(ว่าความจริง... <wrt:wait,25>ฉันไม่ได้คิดจะเข้าชมรมวอลเลย์บอลเลย)</txt:bold></txt:color>","<txt:color,grey><txt:bold,2>(Que, na verdade... <wrt:wait,25>eu não tinha a menor intenção de me juntar ao time de vôlei.)</txt:bold></txt:color>"
,,,TAG,,,,,"<eff:black,3>","<eff:black,3>","<eff:black,3>","<eff:black,3>","<eff:black,3>","<eff:black,3>","<eff:black,3>","<eff:black,3>","<eff:black,3>","<eff:black,3>","<eff:black,3>","<eff:black,3>"
,,,TAG,,,,,"<cha:qpos,백시우,-4><cha:qpos,백시우_교복,-2><cha:qpos,마윤석,2><cha:qpos,정다희,4><sys:bgm,BGM_PEACE3,1000>","<cha:qpos,백시우,-4><cha:qpos,백시우_교복,-2><cha:qpos,마윤석,2><cha:qpos,정다희,4><sys:bgm,BGM_PEACE3,1000>","<cha:qpos,백시우,-4><cha:qpos,백시우_교복,-2><cha:qpos,마윤석,2><cha:qpos,정다희,4><sys:bgm,BGM_PEACE3,1000>","<cha:qpos,백시우,-4><cha:qpos,백시우_교복,-2><cha:qpos,마윤석,2><cha:qpos,정다희,4><sys:bgm,BGM_PEACE3,1000>","<cha:qpos,백시우,-4><cha:qpos,백시우_교복,-2><cha:qpos,마윤석,2><cha:qpos,정다희,4><sys:bgm,BGM_PEACE3,1000>","<cha:qpos,백시우,-4><cha:qpos,백시우_교복,-2><cha:qpos,마윤석,2><cha:qpos,정다희,4><sys:bgm,BGM_PEACE3,1000>","<cha:qpos,백시우,-4><cha:qpos,백시우_교복,-2><cha:qpos,마윤석,2><cha:qpos,정다희,4><sys:bgm,BGM_PEACE3,1000>","<cha:qpos,백시우,-4><cha:qpos,백시우_교복,-2><cha:qpos,마윤석,2><cha:qpos,정다희,4><sys:bgm,BGM_PEACE3,1000>","<cha:qpos,백시우,-4><cha:qpos,백시우_교복,-2><cha:qpos,마윤석,2><cha:qpos,정다희,4><sys:bgm,BGM_PEACE3,1000>","<cha:qpos,백시우,-4><cha:qpos,백시우_교복,-2><cha:qpos,마윤석,2><cha:qpos,정다희,4><sys:bgm,BGM_PEACE3,1000>","<cha:qpos,백시우,-4><cha:qpos,백시우_교복,-2><cha:qpos,마윤석,2><cha:qpos,정다희,4><sys:bgm,BGM_PEACE3,1000>","<cha:qpos,백시우,-4><cha:qpos,백시우_교복,-2><cha:qpos,마윤석,2><cha:qpos,정다희,4><sys:bgm,BGM_PEACE3,1000>"
,,,-,,,,,"<txt:bold,3><txt:color,grey>~몇 시간 전, 체육관~</txt:color></txt:bold>","<txt:bold,3><txt:color,grey>A few hours ago, at the gym...</txt:color></txt:bold>","<txt:bold,3><txt:color,grey>～数時間前、体育館～</txt:color></txt:bold>","<txt:bold,3><txt:color,grey>～几小时前，体育馆～</txt:color></txt:bold>","<txt:bold,3><txt:color,grey>～幾小時前，體育館～</txt:color></txt:bold>","<txt:bold,3><txt:color,grey>Спортивный зал, несколькими часами ранее.</txt:color></txt:bold>","<txt:bold,3><txt:color,grey>Beberapa jam yang lalu, di gim...</txt:color></txt:bold>","<txt:bold,3><txt:color,grey>~ Vài giờ trước, tại nhà thi đấu ~</txt:color></txt:bold>","<txt:bold,3><txt:color,grey>-Horas atrás, Gimnasio-</txt:color></txt:bold>","<txt:bold,3><txt:color,grey>~Beberapa jam sebelumnya, di gedung olahraga~</txt:color></txt:bold>","<txt:bold,3><txt:color,grey>~ไม่กี่ชั่วโมงก่อน, โรงยิม~</txt:color></txt:bold>","<txt:bold,3><txt:color,grey>Algumas horas antes, na quadra...</txt:color></txt:bold>"
,,,마윤석,,1_당황,,exclam,"<txt:size,2>야~! <txt:bold,2><txt:color,orange>백시우</txt:color></txt:bold>!! <cha:pop,마윤석>1시간만, 아니 딱 30분이면 돼~!!</txt:size>","<txt:size,2>Hey! <txt:bold,2><txt:color,orange>Siwoo</txt:color></txt:bold>! <cha:pop,마윤석>Just 1 hour, no, just 30 minutes!</txt:size>","<txt:size,2>おい～！<txt:bold,2><txt:color,orange>新</txt:color></txt:bold>！！<cha:pop,마윤석>1時間だけ、いや、たった30分でいいから～！！</txt:size>","<txt:size,2>喂～！<txt:bold,2><txt:color,orange>白时宇</txt:color></txt:bold>！！<cha:pop,마윤석>就1个小时，不，30分钟就行～！！</txt:size>","<txt:size,2>喂～！<txt:bold,2><txt:color,orange>白時宇</txt:color></txt:bold>！！<cha:pop,마윤석>就一個小時，不對，只要三十分鐘就好～！！</txt:size>","<txt:size,2>Эй, <txt:bold,2><txt:color,orange>Бэк Шиу</txt:color></txt:bold>! <cha:pop,마윤석>Ну помоги часок. Да что там, хватит и получаса!</txt:size>","<txt:size,2>Hei! <txt:bold,2><txt:color,orange>Siwoo</txt:color></txt:bold>! <cha:pop,마윤석>1 jam saja, tidak, cuma 30 minit!</txt:size>","<txt:size,2>Này! <txt:bold,2><txt:color,orange>Baek Siwoo</txt:color></txt:bold>!! <cha:pop,마윤석>1 tiếng thôi, không, đúng 30 phút thôi cũng được~!!</txt:size>","<txt:size,2>¡<txt:bold,2><txt:color,orange>Baek Siwoo</txt:color></txt:bold>! <cha:pop,마윤석>¡Solo una hora, no, con 30 minutitos basta!</txt:size>","<txt:size,2>Oii~! <txt:bold,2><txt:color,orange>Siwoo Baek</txt:color></txt:bold>!! <cha:pop,마윤석>Aku memerlukan waktumu 1 jam, tidak, hanya 30 menit saja~!!</txt:size>","<txt:size,2>นี่~! <txt:bold,2><txt:color,orange>แบคชีอู</txt:color></txt:bold>!! <cha:pop,마윤석>ขอแค่ 1 ชั่วโมง ไม่สิ แค่ 30 นาทีก็พอ~!!</txt:size>","<txt:size,2>Ei, <txt:bold,2><txt:color,orange>Siwoo Baek</txt:color></txt:bold>! <cha:pop,마윤석>Só preciso de uma hora! Não, trinta minutinhos já basta!</txt:size>"
,,,마윤석,,1_당황,,,"이 <txt:bold,2><txt:color,orange>마윤석</txt:color></txt:bold> 님의 일생일대의 부탁이다, 어? 진짜 한 번만 부탁할게!","Come on, the great <txt:bold,2><txt:color,orange>Yoonseok Ma</txt:color></txt:bold> needs your help. Please!","この<txt:bold,2><txt:color,orange>伊藤忠英</txt:color></txt:bold>様の一生のお願いだぞ、な？マジで頼む！","我<txt:bold,2><txt:color,orange>马允硕</txt:color></txt:bold>一辈子就求你这一次，嗯？就帮我这一次吧！","這可是我<txt:bold,2><txt:color,orange>馬允碩</txt:color></txt:bold>一生中最大的請求了！嗯？算我拜託你，就這一次！","Сам Ма Юнсок просит тебя об одолжении всей своей жизни! Ну же, всего один раз!","Ini permintaan sekali seumur hidup daripada <txt:bold,2><txt:color,orange>Yoonseok Ma</txt:color></txt:bold> yang hebat ini. Sekali ini saja, tolonglah!","Đây là lời nhờ vả quan trọng nhất đời của <txt:bold,2><txt:color,orange>Ma Yoonseok</txt:color></txt:bold> này đó! Thật sự nhờ cậu lần này thôi!","¡Es el favor más importante que te pedirá el gran Ma Yunseok en toda su vida! ¿Sí? ¡Por favor, solo por esta vez!","Ini permintaan seumur hidup dari <txt:bold,2><txt:color,orange>Yunseok Ma</txt:color></txt:bold> yang hebat ini! Oke? Tolong bantu aku untuk sekali ini saja!","นี่เป็นคำขอร้องอันยิ่งใหญ่ในชีวิตของท่าน<txt:bold,2><txt:color,orange>มายุนซอก</txt:color></txt:bold>ผู้นี้เลยนะ ว่าไงล่ะ? ขอร้องแค่ครั้งเดียวจริงๆ!","Eu, <txt:bold,2><txt:color,orange>Yunseok Ma</txt:color></txt:bold>, estou te fazendo o maior pedido da minha vida! Me ajuda só uma vez!"
,,,마윤석,,1_분노,,,오늘만 배구부 연습 도와달라는 게 그렇게 어렵냐!,It's not that hard to help out with volleyball practice for just one day!,今日一日だけバレー部の練習を手伝ってくれってのが、そんなに難しいのかよ！,就今天帮一下排球部的训练，有那么难吗！,只是請你今天幫忙一下排球部的練習，有那麼困難嗎！,Я же прошу только сегодня помочь на тренировке.,Bukan susah pun nak bantu dalam latihan bola tampar untuk satu hari saja!,Chỉ giúp CLB Bóng Chuyền tập luyện hôm nay thôi mà khó đến vậy sao!,¿Tan difícil es ayudar hoy con la práctica del club de voleibol?,Masa kamu tidak mau membantuku untuk latihan klub bola voli hari ini saja!,แค่ให้มาช่วยซ้อมที่ชมรมวอลเลย์บอลวันนี้วันเดียว มันยากขนาดนั้นเลยรึไงกัน!,Só quero que você dê uma mãozinha no treino de hoje!
,,,백시우_교복,,1_웃음,,,"안 한다고 했잖아. 다짜고짜 불러내 놓고, 이런 부탁을 하면 어떡해.",I told you no. You can't just ask me to do this out of nowhere.,やらないって言っただろ。いきなり呼び出しておいて、無茶な頼み事されても困るよ。,我不是说了我不干嘛。你突然把我叫出来，提这种要求算什么事啊。,我不是說過不打了嗎。哪有突然把我叫出來，提這種要求的。,"Сказал же, что не буду. А ты притащил меня сюда и продолжаешь упрашивать.","Saya dah kata tak nak. Kamu panggil saya tiba-tiba, lepas itu terus minta tolong macam ini?",Tôi đã bảo không làm rồi mà. Tự dưng gọi tôi ra rồi nhờ chuyện này thì sao được.,Ya te dije que no. No puedes llamarme de la nada y pedirme algo así.,Sudah kubilang aku tidak mau. Kamu tiba-tiba saja memanggilku dan langsung meminta hal seperti ini.,ก็ฉันบอกแล้วไงว่าขอปฏิเสธ จู่ๆ ก็เรียกมาแล้วขอร้องอะไรแบบนี้เนี่ยนะ,Eu já disse que não vou. Você me chamou do nada e agora vem com isso?
,,,마윤석,,1_당황,,,"나 이대로는 우리 코치 얼굴 못 봐. 딱 30분, 아니 10분이어도 돼!! 제발!!",I can't face Coach like this. Just 30 minutes! Or even just 10! Please!,俺、このままじゃうちのコーチに顔向けできないんだよ。たった30分、いや10分でもいい！！頼むから！！,我这样回去都没脸见教练了。就30分钟，10分钟也行！！求你了！！,再這樣下去，我會沒臉見我們教練的。就30分鐘，不然10分鐘也行！！拜託啦！！,Меня тренер живьем съест! Хотя бы десять минут! Прошу тебя!!!,Saya tak boleh pandang mata Jurulatih macam ni. 30 minit saja! Atau mungkin 10! Tolonglah!,"Cứ thế này chắc tôi không dám nhìn mặt huấn luyện viên nữa mất. Đúng 30 phút, không, 10 phút thôi cũng được!! Làm ơn!!","No puedo presentarme así frente a la entrenadora. ¡Solo 30 minutos, no, aunque sean 10! ¡Por favor!","Kalau begini, aku tidak berani menemui pelatih kita. Tiga puluh menit saja, ah, sepuluh menit juga boleh!! Kumohon!!",ขืนเป็นแบบนี้ ฉันไม่มีทางไปสู้หน้าโค้ชแน่ๆ ขอแค่ 30 นาที ไม่สิ แค่ 10 นาทีก็ได้!! ขอร้องล่ะ!!,"Eu vou morrer de vergonha diante da treinadora! Trinta minutos! Não, dez já servem! Por favor!"
,,,백시우_교복,,1_정적,,sweat,"......!! <txt:bold,2><txt:color,orange>마윤석</txt:color></txt:bold>! 이것 좀 놓고 말해! 지나가는 사람들이 다 쳐다본단 말이야.","...! <txt:bold,2><txt:color,orange>Yoonseok</txt:color></txt:bold>! Let go of me! People are staring!","‥‥！！<txt:bold,2><txt:color,orange>忠英</txt:color></txt:bold>！ちょっと離せってば！みんな見てるだろ。","‥！！<txt:bold,2><txt:color,orange>马允硕</txt:color></txt:bold>！你先放手再说！路过的人都在看我们呢。","‥！！<txt:bold,2><txt:color,orange>馬允碩</txt:color></txt:bold>！你先放手再說！路過的人都在看我們了啦。","......!! <txt:bold,2><txt:color,orange>Ма Юнсок</txt:color></txt:bold>! Да отпусти ты меня! На нас уже все смотрят.","...! <txt:bold,2><txt:color,orange>Yoonseok</txt:color></txt:bold>! Lepaskan saya! Orang lain memandang!","...!! <txt:bold,2><txt:color,orange>Ma Yoonseok</txt:color></txt:bold>! Buông tôi ra rồi nói chuyện! Ai đi ngang qua cũng nhìn kìa.","¡¡...!! <txt:bold,2><txt:color,orange>Ma Yunseok</txt:color></txt:bold>, ¡primero suéltame! La gente nos está mirando.","......!! <txt:bold,2><txt:color,orange>Yunseok Ma</txt:color></txt:bold>! Lepaskan dulu ini! Kita sedang dilihatin oleh orang-orang.","......!! <txt:bold,2><txt:color,orange>มายุนซอก</txt:color></txt:bold>! ปล่อยก่อนแล้วค่อยพูดสิ! คนที่ผ่านไปมาเขาจ้องเรากันใหญ่แล้ว","Ugh! <txt:bold,2><txt:color,orange>Yunseok Ma</txt:color></txt:bold>! Me solta primeiro! Tá todo mundo olhando!"
,,,마윤석,,1_당황,,,"망신이 대수냐!! 너 친구 좋다는 게 뭐냐? 한 번만 들어줘라, 좀!!","Like I care! Come on, what are friends for? Just this one favor, please!",恥なんて知ったことか！！友達のよしみってやつだろ？一度だけでいいから聞いてくれよ、な！！,丢脸算什么！！朋友有难你不帮吗？就帮我这一次吧，拜托了！！,丟臉算什麼！！朋友是當假的嗎？就幫我這一次啦，拜託！！,Какая разница. Ты мне друг или кто? Помоги один раз!,"Saya tak peduli! Ayuh, apa guna ada kawan? Kali ini sahaja, tolonglah!","Mất mặt thì có gì quan trọng!! Bạn bè là để làm gì chứ? Giúp tôi một lần đi, làm ơn!!","Pues que sigan mirando. Oye, ¿no se supone que eres mi amigo? ¡Hazme un favor, solo por esta vez!","Masa bodoh dengan rasa malu!! Apa gunanya sahabat kalau begini? Sekali ini saja, tolong bantu aku, ya?",จะอายไปทำไมเล่า!! เพื่อนมีไว้ช่วยกันไม่ใช่เหรอ? ช่วยฉันสักครั้งเถอะน่า!!,Vergonha não importa agora! Você não é meu amigo? Quebra esse galho pra mim!
,,,백시우_교복,,1_기본,,,"<txt:shake,1>야, 야! 코, 콧물 묻는다!!</txt:shake> ......<wrt:wait,25>아으, 알았어. 진짜 딱 이번만이다!","<txt:shake,1>Y-you're getting snot all over me!</txt:shake> ...<wrt:wait,25>Ugh, fine. Just this once, okay?","<txt:shake,1>お、おい！は、鼻水がつくだろ！！</txt:shake>‥‥<wrt:wait,25>あーもう、分かったよ。本当に今回だけだからな！","<txt:shake,1>喂，喂！鼻、鼻涕蹭我身上了！！</txt:shake>‥<wrt:wait,25>哎，知道了。真的就这一次啊！","<txt:shake,1>喂、喂！鼻、鼻涕沾到了啦！！</txt:shake>‥<wrt:wait,25>唉唷，好啦。真的就這一次喔！","<txt:shake,1>Фу, у тебя сопли текут! </txt:shake> ......<wrt:wait,25>Ладно. Но только в этот раз!","<txt:shake,1>Habis hingus kamu kena saya!</txt:shake> ...<wrt:wait,25>Ugh, baiklah. Kali ni saja, okey?","<txt:shake,1>Này, này! Nước, nước mũi dính vào tôi đấy!!</txt:shake> ...<wrt:wait,25>Aiz, biết rồi. Thật sự chỉ lần này thôi đó!","<txt:shake,1><txt:bold,2><txt:color,orange>Yunseok</txt:color></txt:bold>, ¡me vas a embarrar tus mocos!</txt:shake> ... <wrt:wait,25>Uff, está bien. Pero ¡solo por esta vez!","<txt:shake,1>Ah, aduh! Awas ingusmu menempel di bajuku!!</txt:shake> ......<wrt:wait,25>Hah, baiklah. Ingat, cuma kali ini saja!","<txt:shake,1>เฮ้ย! นะ น้ำมูกเปื้อนแล้ว!!</txt:shake> ......<wrt:wait,25>โอ๊ย ก็ได้ แค่ครั้งนี้ครั้งเดียวเท่านั้นนะ!","<txt:shake,1>Ei, ei! Seu nariz está escorrendo! </txt:shake> Hum...<wrt:wait,25>Ah, tá bom! Mas só desta vez!"
,,,마윤석,,1_우쭐,,,"<txt:color,grey>(...좋아, 작전 성공!!)</txt:color> 크하핫! <cha:pop,마윤석>역시 내 베프!!! 고마워!!","<txt:color,grey>(Nice. Mission accomplished!)</txt:color> Hahaha! <cha:pop,마윤석>I knew I could count on my best friend! Thank you!","<txt:color,grey>(‥よし、作戦成功！！)</txt:color>くっはっはっ！<cha:pop,마윤석>さすが俺の親友だ！！！サンキュー！！","<txt:color,grey>(‥太好了，作战成功！！)</txt:color>库哈哈！<cha:pop,마윤석>不愧是我的好兄弟！！！谢啦！！","<txt:color,grey>(‥太好了，作戰成功！！)</txt:color>噗哈哈！<cha:pop,마윤석>果然是我的好兄弟！！！謝啦！！","<txt:color,grey>(Есть, план сработал!) </txt:color>Хе-хе-хе! <cha:pop,마윤석>Спасибо, дружище.","<txt:color,grey>(Cantik. Misi berjaya!)</txt:color> Hahaha! <cha:pop,마윤석>Saya tahu kawan baik saya ni memang boleh diharap! Terima kasih!","<txt:color,grey>(...Tốt lắm, kế hoạch thành công!!)</txt:color> Kha ha ha! <cha:pop,마윤석>Quả nhiên là chiến hữu chí cốt của tôi!!! Cảm ơn nhé!!","<txt:color,grey>(¡Bien! ¡Misión cumplida!)</txt:color> ¡Jaja! <cha:pop,마윤석>¡Ese es mi mejor amigo!!! ¡Muchas gracias!","<txt:color,grey>(...Bagus, rencana sukses!!)</txt:color> Kahahahaha! <cha:pop,마윤석>Kamu itu memang sahabat terbaikku!!! Terima kasih, ya!!","<txt:color,grey>(...แจ๋วเลย แผนสำเร็จ!!)</txt:color> วะฮ่าฮ่า! <cha:pop,마윤석>สมกับเป็นเพื่อนรักของฉัน!!! ขอบใจนะ!!","<txt:color,grey>(Perfeito, missão cumprida!) </txt:color>Hahaha! <cha:pop,마윤석>Meu melhor amigo não me decepciona! Valeu mesmo!"
,,,마윤석,,1_기본,,,그러면 너는 딱 내가 얘기하는 대로만 말을 맞춰주면 돼!,"I came up with a story, so all you have to do is play along.",そしたらお前は俺が言う通りに話を合わせてくれればいいからな！,那你跟我对好口供就行！,待會你只要照我說的，幫我對好說詞就行！,"Тогда просто подыграй мне и не противоречь, ладно?",Jadi kamu cuma perlu ikut saja cerita yang saya cakap nanti!,Vậy cậu chỉ cần hùa theo đúng những gì tôi nói là được!,Tú solo tienes que seguirme la corriente.,"Kalau begitu, kamu tinggal ikuti saja apa yang kukatakan nanti!",ถ้างั้นนายแค่พูดให้ตรงตามที่ฉันบอกก็พอ!,Então tudo o que você precisa fazer é concordar com o que eu disser!
,,,백시우_교복,,1_기본,,,알았어. 그냥 연습만 조금 도와주면 되는 거지?,"Fine. It's just a bit of help with practice, right?",分かった。ただ練習を少し手伝えば、いいだけだろ？,知道了。只要稍微帮下忙一起训练就行了吧？,好啦，就只是幫忙練習一下而已對吧？,То есть я побуду на тренировке и все?,"Baiklah. Cuma sedikit bantuan dalam latihan, bukan?",Biết rồi. Chỉ cần giúp tập luyện một chút thôi đúng không?,"Está bien. Solo debo ayudar un poco con el entrenamiento, ¿no?","Iya, iya. Aku hanya perlu membantu sedikit latihan, kan?",โอเค แค่ช่วยซ้อมนิดหน่อยก็พอใช่ไหม?,"Certo. Só preciso ajudar vocês durante o treino, né?"
,,,마윤석,,1_우쭐,wave,joy,"<txt:wave,1>으흐흐. 그래, 그래~</txt:wave>","<txt:wave,1>Hehehe. Of course, of course!</txt:wave>","<txt:wave,1>うふふ。そう、そう～。</txt:wave>","<txt:wave,1>嘿嘿嘿。对，对～</txt:wave>","<txt:wave,1>呃呵呵。對、對～</txt:wave>","<txt:wave,1>Хы-хы-хы. Ага, именно.</txt:wave>","<txt:wave,1>Hehehe. Sudah tentu!</txt:wave>","<txt:wave,1>Ư hư hư. Đúng, đúng~</txt:wave>","<txt:wave,1>Jijiji, sí, sí...</txt:wave>","<txt:wave,1>Ehehehe. Betul sekali~</txt:wave>","<txt:wave,1>หึหึ ใช่ๆ~</txt:wave>","<txt:wave,1>Hehe... Isso mesmo!</txt:wave>"
,,,백시우_교복,,1_엥,,quest,...?,...?,‥？,‥？,‥？,...?,...?,...?,¿...?,...?,...?,...?
,,,TAG,,,,,"<cha:pos,백시우_교복,-2><cha:pos,마윤석,0><cha:pos,정다희,2>","<cha:pos,백시우_교복,-2><cha:pos,마윤석,0><cha:pos,정다희,2>","<cha:pos,백시우_교복,-2><cha:pos,마윤석,0><cha:pos,정다희,2>","<cha:pos,백시우_교복,-2><cha:pos,마윤석,0><cha:pos,정다희,2>","<cha:pos,백시우_교복,-2><cha:pos,마윤석,0><cha:pos,정다희,2>","<cha:pos,백시우_교복,-2><cha:pos,마윤석,0><cha:pos,정다희,2>","<cha:pos,백시우_교복,-2><cha:pos,마윤석,0><cha:pos,정다희,2>","<cha:pos,백시우_교복,-2><cha:pos,마윤석,0><cha:pos,정다희,2>","<cha:pos,백시우_교복,-2><cha:pos,마윤석,0><cha:pos,정다희,2>","<cha:pos,백시우_교복,-2><cha:pos,마윤석,0><cha:pos,정다희,2>","<cha:pos,백시우_교복,-2><cha:pos,마윤석,0><cha:pos,정다희,2>","<cha:pos,백시우_교복,-2><cha:pos,마윤석,0><cha:pos,정다희,2>"
,,,정다희,,1_기본,,,"얘들아, 안녕~ 어라, <txt:bold,2><txt:color,orange>마윤석</txt:color></txt:bold> 오늘은 빨리 나왔네?","Hey everyone! Oh, you're here early, <txt:bold,2><txt:color,orange>Yoonseok</txt:color></txt:bold>.","みんな、おっはよ～あれ？<txt:bold,2><txt:color,orange>忠英</txt:color></txt:bold>、今日は早く来たのね？","大家，好啊～咦，<txt:bold,2><txt:color,orange>马允硕</txt:color></txt:bold>今天来得挺早啊？","嗨，各位～咦，<txt:bold,2><txt:color,orange>馬允碩</txt:color></txt:bold>今天這麼早到啊？","Всем привет! Ого, <txt:bold,2><txt:color,orange>Ма Юнсок</txt:color></txt:bold>, а ты сегодня рано.","Hei semua! Oh, awal kamu sampai, <txt:bold,2><txt:color,orange>Yoonseok</txt:color></txt:bold>.","Chào các cậu! Ủa, <txt:bold,2><txt:color,orange>Ma Yoonseok</txt:color></txt:bold> hôm nay ra sớm ghê?","¡Hola a todos! ¿Eh? <txt:bold,2><txt:color,orange>Yunseok</txt:color></txt:bold>, hoy llegaste temprano.","Halo semuanya~ Eh, <txt:bold,2><txt:color,orange>Yunseok Ma</txt:color></txt:bold>, tumben hari ini kamu datang cepat?","ทุกคน สวัสดีจ้า~ อ้าว <txt:bold,2><txt:color,orange>มายุนซอก</txt:color></txt:bold> วันนี้มาเร็วแฮะ?","Oi, pessoal! Ué, <txt:bold,2><txt:color,orange>Yunseok Ma</txt:color></txt:bold>, hoje você chegou cedo."
,,,마윤석,,1_우쭐,,,"<txt:wave,1>후훗, 다~ 이유가 있지.</txt:wave> 지난번에 말했지? 내가 진짜 대단한 녀석을 데려오겠다고!","<txt:wave,1>And for a good reason at that!</txt:wave> I told you that I'd bring someone really impressive, didn't I?","<txt:wave,1>ふふっ、これには、ぜ～んぶ理由があるんだよ。</txt:wave>この前言ってただろ？俺がすげえ奴を連れてくるって！","<txt:wave,1>哼哼，那～都是有原因的。</txt:wave>我上次不是说了吗？我会带个超厉害的家伙来！","<txt:wave,1>呵呵，當～然是有原因的啊。</txt:wave>我上次說過了吧？我會帶個超厲害的傢伙過來！","<txt:wave,1>Есть причина!</txt:wave> Я привел к нам крутого игрока, как и обещал.","<txt:wave,1>Ada sebab yang bagus pula tu!</txt:wave> Saya dah cakap saya akan bawa seseorang yang memang menakjubkan, bukan?","<txt:wave,1>Hừ hứ, tất nhiên là có lý do rồi.</txt:wave> Lần trước tôi nói rồi đúng không? Tôi sẽ dẫn một người cực kỳ đỉnh đến!","<txt:wave,1>Jejeje, hay una buena razón.</txt:wave> ¿Recuerdas que la vez pasada te dije que traería a alguien increíble?","<txt:wave,1>Hehe, tentu ada alasannya~</txt:wave> Aku pernah bilang, kan? Aku bakal membawa orang yang hebat banget!","<txt:wave,1>หึหึ ทุกอย่างมันก็~ มีเหตุผลทั้งนั้นแหละ</txt:wave> ครั้งก่อนฉันบอกแล้วใช่ไหมล่ะ? ว่าฉันจะพาคนที่สุดยอดของจริงมาน่ะ!","<txt:wave,1>Hehe. Tudo faz parte do plano.</txt:wave> Lembra que eu prometi trazer alguém especial?"
,,,마윤석,,1_우쭐,,,"자, 여기 모셔왔다! 둘이 인사해! 이쪽은 우리 <txt:bold,2>대지고</txt:bold> 배구부의 코치이자 매니저인 <txt:bold,2><txt:color,orange>정다희</txt:color></txt:bold>!","Here he is! Come on, say hi to each other! This is <txt:bold,2>Terra High</txt:bold>'s volleyball coach and manager, <txt:bold,2><txt:color,orange>Dahee Jung</txt:color></txt:bold>!","さあ、連れてきたぜ！二人とも挨拶しろ！こっちは我が<txt:bold,2>大地高校</txt:bold>バレー部のコーチ兼マネージャーの<txt:bold,2><txt:color,orange>飛鳥夏希</txt:color></txt:bold>！","看，我把人请来了！你们俩认识一下！这位是我们<txt:bold,2>大地高中</txt:bold>排球部的教练兼经理，<txt:bold,2><txt:color,orange>郑多熙</txt:color></txt:bold>！","看，我把人請來了！你們兩個打個招呼吧！這位是我們<txt:bold,2>大地高中</txt:bold>排球部的教練兼經理，<txt:bold,2><txt:color,orange>鄭多熙</txt:color></txt:bold>！","Вот, привел! Знакомьтесь: тренер и менеджер волейбольной команды школы «Тэчжи» — <txt:bold,2><txt:color,orange>Чон Дахи</txt:color></txt:bold>!","Nah, dah saya bawa! Kenalkan diri kamu berdua! Ini jurulatih dan pengurus kelab bola tampar <txt:bold,2>Terra High</txt:bold>, <txt:bold,2><txt:color,orange>Dahee Jung</txt:color></txt:bold>!","Nào, tôi đã mời đến rồi đây! Hai người chào nhau đi! Đây là huấn luyện viên kiêm quản lý CLB Bóng Chuyền <txt:bold,2>Trường THPT Đại Địa</txt:bold>, <txt:bold,2><txt:color,orange>Jung Dahee</txt:color></txt:bold>!","Pues ¡aquí lo tienes! ¡Salúdense! Ella es <txt:bold,2><txt:color,orange>Jung Dahee</txt:color></txt:bold>, entrenadora y mánager del club de voleibol de la <txt:bold,2>escuela Daeji</txt:bold>.","Nah, ini dia orangnya! Coba saling kenalan dulu! Dia adalah <txt:bold,2><txt:color,orange>Dahee Jung</txt:color></txt:bold>, manajer sekaligus Coach di <txt:bold,2>SMA DaeJi</txt:bold>!","เอาล่ะ ฉันพามานี่แล้ว! ทั้งสองคนทักทายกันสิ! นี่คือ<txt:bold,2><txt:color,orange>จองดาฮี</txt:color></txt:bold> โค้ชและผู้จัดการแห่งชมรมวอลเลย์บอล<txt:bold,2>มัธยมแดจี</txt:bold>ของเรา!","E aqui está ele! Vamos às apresentações! Esta é <txt:bold,2><txt:color,orange>Dahee Jung</txt:color></txt:bold>, treinadora e gerente do time de vôlei do <txt:bold,2>Colégio Daeji</txt:bold>!"
,,,마윤석,,1_우쭐,,exclam,"그리고 이쪽은 이번에 새로 온 초특급 <txt:bold,2>신입 부원, <txt:color,orange>백시우</txt:color></txt:bold>!!","And this is our insanely talented new team member, <txt:bold,2><txt:color,orange>Siwoo Baek</txt:color></txt:bold>!","そしてこっちは、今回新しく入った超特級の<txt:bold,2>新入部員、<txt:color,orange>白井新</txt:color></txt:bold>だ！！","然后这位是，这次新来的超重量级<txt:bold,2>新部员，<txt:color,orange>白时宇</txt:color></txt:bold>！！","然後這位是這次新來的超強<txt:bold,2>新部員，<txt:color,orange>白時宇</txt:color></txt:bold>！！","А это <txt:bold,2><txt:color,orange>Бэк Шиу</txt:color> — наш звездный новичок</txt:bold>!","Dan ini pula <txt:bold,2>ahli baharu kita yang sangat berbakat, <txt:color,orange>Siwoo Baek</txt:color></txt:bold>!!","Còn đây là thành viên mới siêu cấp đặc biệt vừa đến, <txt:bold,2><txt:color,orange>Baek Siwoo</txt:color></txt:bold>!!","¡Y él es nuestro flamante nuevo fichaje, <txt:bold,2><txt:color,orange>Baek Siwoo</txt:color></txt:bold>!","Dan dia adalah <txt:bold,2><txt:color,orange>Siwoo Baek</txt:color>, anggota baru</txt:bold> super spesial kita!!","แล้วนี่ก็คือ<txt:bold,2><txt:color,orange>แบคชีอู </txt:color>สมาชิกใหม่ระดับซูเปอร์สตาร์ของชมรม</txt:bold>!!","E este aqui é o nosso <txt:bold,2>recruta superespecial, <txt:color,orange>Siwoo Baek</txt:color></txt:bold>!"
,,,정다희,,1_기본,pause,,신입 부원?,New team member?,新入部員？,新部员？,新部員？,Новичок?,Ahli pasukan baru?,Thành viên mới?,¿Nuevo fichaje?,Anggota baru?,สมาชิกชมรมคนใหม่?,Recruta?
,,,백시우_교복,,1_엥,pause,,"<txt:bold,2><wrt:delay,5>......<wrt:wait,25>신입 부원?</wrt:delay></txt:bold>","<txt:bold,2><wrt:delay,5>...<wrt:wait,25>New team member?</wrt:delay></txt:bold>","<txt:bold,2><wrt:delay,5>‥‥<wrt:wait,25>新入部員？</wrt:delay></txt:bold>","<txt:bold,2><wrt:delay,5>‥<wrt:wait,25>新部员？</wrt:delay></txt:bold>","<txt:bold,2><wrt:delay,5>‥<wrt:wait,25>新部員？</wrt:delay></txt:bold>","<txt:bold,2><wrt:delay,5>......<wrt:wait,25>Новичок?</wrt:delay></txt:bold>","<txt:bold,2><wrt:delay,5>...<wrt:wait,25>Ahli pasukan baru?</wrt:delay></txt:bold>","<txt:bold,2><wrt:delay,5>...<wrt:wait,25>Thành viên mới?</wrt:delay></txt:bold>","<txt:bold,2><wrt:delay,5>... <wrt:wait,25>¿Nuevo fichaje?</wrt:delay></txt:bold>","<txt:bold,2><wrt:delay,5>......<wrt:wait,25>Anggota baru?</wrt:delay></txt:bold>","<txt:bold,2><wrt:delay,5>......<wrt:wait,25>สมาชิกชมรมคนใหม่?</wrt:delay></txt:bold>","<txt:bold,2><wrt:delay,5>Ah... <wrt:wait,25>Você disse recruta?</wrt:delay></txt:bold>"
,,,백시우_교복,,1_당황,,,"<cha:pop,백시우>야, <txt:bold,2><txt:color,orange>마윤석</txt:color></txt:bold>! 난 그런 말 한 적 없는데?!","<cha:pop,백시우>Hey, <txt:bold,2><txt:color,orange>Yoonseok</txt:color></txt:bold>! I never agreed to that!","<cha:pop,백시우>おい、<txt:bold,2><txt:color,orange>忠英</txt:color></txt:bold>！俺、そんなこと一言も言ってないぞ！？","<cha:pop,백시우>喂，<txt:bold,2><txt:color,orange>马允硕</txt:color></txt:bold>！我可没说过这种话啊？！","<cha:pop,백시우>喂，<txt:bold,2><txt:color,orange>馬允碩</txt:color></txt:bold>！我可沒說過這種話啊？！","<cha:pop,백시우>Эй, <txt:bold,2><txt:color,orange>Ма Юнсок</txt:color></txt:bold>! Мы так не договаривались.","<cha:pop,백시우>Hei, <txt:bold,2><txt:color,orange>Yoonseok</txt:color></txt:bold>! Saya tak pernah bersetuju!","<cha:pop,백시우>Này, <txt:bold,2><txt:color,orange>Ma Yoonseok</txt:color></txt:bold>! Tôi có nói vậy bao giờ đâu?!","<cha:pop,백시우>¡Oye! <txt:bold,2><txt:color,orange>Ma Yunseok</txt:color></txt:bold>, ¡yo jamás acepté eso!","<cha:pop,백시우>Oi, <txt:bold,2><txt:color,orange>Yunseok Ma</txt:color></txt:bold>! Aku tidak pernah bilang begitu?!","<cha:pop,백시우>เฮ้ <txt:bold,2><txt:color,orange>มายุนซอก</txt:color></txt:bold>! ฉันไม่เคยพูดแบบนั้นเลยนะ?!","<cha:pop,백시우>Ei, <txt:bold,2><txt:color,orange>Yunseok Ma</txt:color></txt:bold>! Eu nunca disse uma coisa dessas!"
,,,마윤석,,1_우쭐,,,"<txt:size,-1>쉿!! 말이 그렇다는 거지~ 잠깐만 장단 좀 맞춰줘~!</txt:size>","<txt:size,-1>Shh! Come on man, just play along!</txt:size>","<txt:size,-1>シーッ！！ちょっとだけ話合わせてくれよ～！</txt:size>","<txt:size,-1>嘘！！我就是这么一说嘛～你就配合我一下～！</txt:size>","<txt:size,-1>噓！！只是嘴上這麼說嘛～你先配合我一下啦～！</txt:size>","<txt:size,-1>Тихо! Я приукрашиваю, просто подыграй мне.</txt:size>","<txt:size,-1>Shh! Tolonglah, ikut saja rancangan saya!</txt:size>","<txt:size,-1>Suỵt!! Cứ nói vậy thôi mà~ phối hợp với tôi một chút đi~!</txt:size>","<txt:size,-1>¡Shh! Es parte del cuento. ¡Solo sígueme la corriente un momento!</txt:size>","<txt:size,-1>Sstt!! Itu cuma sekadar sebutan~ Tolong bantu aku bersandiwara sebentar~!</txt:size>","<txt:size,-1>ชู่ว!! ฉันก็พูดไปอย่างนั้นแหละน่า~ ช่วยตามน้ำไปก่อนนะ~!</txt:size>","<txt:size,-1>Calma! Não leva ao pé da letra. Só coopera comigo desta vez!</txt:size>"
,,,백시우_교복,,1_무표정,,,"<txt:bold,2><txt:color,orange>마윤석</txt:color></txt:bold>, 너 진짜...!","<txt:bold,2><txt:color,orange>Yoonseok</txt:color></txt:bold>, you...!","<txt:bold,2><txt:color,orange>忠英</txt:color></txt:bold>、お前マジで‥！","<txt:bold,2><txt:color,orange>马允硕</txt:color></txt:bold>，你真是‥！","<txt:bold,2><txt:color,orange>馬允碩</txt:color></txt:bold>，你真的‥！","<txt:bold,2><txt:color,orange>Ма Юнсок</txt:color></txt:bold>, слов нет...","<txt:bold,2><txt:color,orange>Yoonseok</txt:color></txt:bold>, kamu...!","<txt:bold,2><txt:color,orange>Ma Yoonseok</txt:color></txt:bold>, cậu thật là...!","<txt:bold,2><txt:color,orange>Yunseok</txt:color></txt:bold>, ¡tú sí que...!","<txt:bold,2><txt:color,orange>Yunseok Ma</txt:color></txt:bold>, dasar kamu itu...!","<txt:bold,2><txt:color,orange>มายุนซอก</txt:color></txt:bold> นายนี่มัน...!","<txt:bold,2><txt:color,orange>Yunseok Ma</txt:color></txt:bold>, sério mesmo..."
,,,정다희,,1_언짢,,,"흐음, <txt:bold,2><txt:color,orange>마윤석</txt:color></txt:bold> 너 또 대충 아무나 붙잡아 와서 나 속이려고 하는 거 아니지?","Hmm. <txt:bold,2><txt:color,orange>Yoonseok</txt:color></txt:bold>, you're not trying to trick me again by bringing some random student, are you?","ふーん、<txt:bold,2><txt:color,orange>忠英</txt:color></txt:bold>、あなたまた適当にその辺の人捕まえてきて、私を騙そうとしてるんじゃないでしょうね？","嗯，<txt:bold,2><txt:color,orange>马允硕</txt:color></txt:bold>你该不会又是随便拉了个人来糊弄我吧？","哼嗯，<txt:bold,2><txt:color,orange>馬允碩</txt:color></txt:bold>，你該不會又隨便拉個人來騙我吧？","Хм-м... <txt:bold,2><txt:color,orange>Ма Юнсок</txt:color></txt:bold>, ты же не притащил опять первого встречного?","Hmm, <txt:bold,2><txt:color,orange>Yoonseok</txt:color></txt:bold>, kamu bukan main bawa sesiapa saja untuk tipu saya lagi, kan?","Hừm, <txt:bold,2><txt:color,orange>Ma Yoonseok</txt:color></txt:bold>, cậu lại định kéo bừa ai đó đến để lừa tôi nữa đấy à?","Mmm, <txt:bold,2><txt:color,orange>Yunseok</txt:color></txt:bold>, no habrás traído a cualquiera de improviso para intentar engañarme otra vez, ¿verdad?","Hmm, <txt:bold,2><txt:color,orange>Yunseok Ma</txt:color></txt:bold>, kamu tidak asal menyeret orang ke sini buat menipuku lagi, kan?","อืม <txt:bold,2><txt:color,orange>มายุนซอก</txt:color></txt:bold> นายคงไม่ได้ไปคว้าใครก็ไม่รู้ มาหลอกฉันอีกหรอกใช่ไหม?","Hum... <txt:bold,2><txt:color,orange>Yunseok Ma</txt:color></txt:bold>, não vai me dizer que você trouxe alguém aleatório pra me enganar de novo, né?"
,,,정다희,,1_언짢,,,네가 말했던 1학년 유망주는 오늘 아침에 배드민턴부로 가버렸던데?,The first-year star recruit moved to the badminton team this morning.,あなたが言ってた1年生の有望株、今朝バドミントン部に行っちゃったみたいだけど？,你说的那个高一的潜力股，今天早上可是去羽毛球部了哦？,你之前提到的那個一年級潛力股，人家今天早上已經去羽球部報到了耶？,Твоя предыдущая «будущая звезда» уже записалась в секцию бадминтона.,Pelajar tahun pertama yang kamu kata berbakat itu dah masuk kelab badminton pagi tadi.,Cậu học sinh năm nhất triển vọng mà cậu nói sáng nay đã sang CLB Cầu Lông rồi đấy!,La promesa de primer año que mencionaste terminó yéndose al club de bádminton esta mañana.,Bukannya pemain berbakat kelas satu yang kamu bicarakan sebelumnya tadi pagi malah masuk klub bulu tangkis?,เด็กม.4 อนาคตไกลที่นายเคยพูดถึงน่ะ เห็นว่าเช้านี้ย้ายไปชมรมแบดมินตันแล้วนี่?,Aquele calouro promissor que você falou acabou entrando pro clube de badminton hoje de manhã.
,,,정다희,,1_언짢,,,"맨날 큰소리 뻥뻥 쳐 놓고... <wrt:wait,25>이번에는 진짜야?","You do this all the time... <wrt:wait,25>Is it really different this time?","いっつも大口叩いてばっかで‥<wrt:wait,25>今回は本当なの？","每次都只会说大话‥<wrt:wait,25>这次是真的吗？","每次都只會說大話‥<wrt:wait,25>這次是真的嗎？","Все-то ты громкие обещания раздаешь...<wrt:wait,25> На этот раз хоть правду говоришь?","Kamu selalu buat macam ni... <wrt:wait,25>Kali ni berbeza?","Cậu cứ mạnh miệng suốt... <wrt:wait,25>Lần này là thật chứ?","Siempre presumes a lo grande y luego nada... <wrt:wait,25>¿Esta vez sí va en serio?","Kamu selalu saja membual... <wrt:wait,25>Apa kali ini kamu beneran?","เอาแต่พูดโม้เสียงดังอยู่ได้ทุกวัน... <wrt:wait,25>คราวนี้ของจริงแน่เหรอ?","Você vive fazendo promessas grandiosas... <wrt:wait,25>Desta vez é pra valer?"
,,,마윤석,,1_우쭐,,,"야, 그, 그건! 걔가 고집불통이었던 것뿐이야! 내 잘못이 아니라고!",H-hey! That was just because he was too stubborn! It wasn't my fault!,おい、そ、それは！あいつが頑固だっただけだろ！俺のせいじゃないって！,喂，那，那个！是那小子太死脑筋了！不能怪我啊！,喂，那、那是！只是因為那傢伙太固執了而已！又不是我的錯！,Да не моя это вина! Тот парень был ужасно упрямым.,Hei! Itu sebab dia terlalu degil! Bukan salah saya!,"Này, chuyện, chuyện đó...! Chỉ là do nó cứng đầu thôi! Không phải lỗi của tôi!","¡Oye, e-eso fue porque el tipo era demasiado testarudo! ¡No fue culpa mía!","Hei, i-itu! Itu karena dia keras kepala saja! Itu bukan salahku!",นะ นั่นมัน! เจ้านั่นก็แค่หัวแข็งน่ะสิ! ไม่ใช่ความผิดของฉันสักหน่อย!,N-Não foi culpa minha! O problema era que aquele cara não ouvia ninguém! O garoto era teimoso demais!
,,,대지고 부원,,,,,그러고 보니 신입생도 이번에 별로 안 들어왔지~,I guess it's true that we didn't get a lot of new members...,そういえば、今回って新入生もあんまり入ってこなかったよな～。,说起来，这次新部员也没招到几个呢～,這麼說來，這次也沒什麼新生加進來呢～,Что-то с набором новичков в этом году не задалось...,Rasanya betullah kita tiada ramai ahli baru...,"Nói mới nhớ, năm nay cũng chẳng có nhiều học sinh mới vào CLB nhỉ~","Ahora que lo pienso, esta vez tampoco se inscribieron muchos nuevos.","Ngomong-ngomong, memang sangat sedikit anggota baru tahun ini~",จะว่าไปแล้ว ครั้งนี้ก็ไม่ค่อยมีเด็กใหม่เข้ามาเลยเนอะ~,"Pensando melhor, tivemos poucos calouros desta vez..."
,,,대지고 부원,,,,,"맞아, 우리 주장은 큰소리만 쳐놓고 헐렁하다니까~","Yeah, our captain is all talk!",そうそう、うちのキャプテンは大口叩くわりに抜けてるからな～。,就是，我们队长净吹牛，其实根本不靠谱～,對啊，我們隊長就只會說大話，其實根本不靠譜啦～,"Ага, наш капитан только болтать умеет.","Ya, kapten kita pandai cakap saja!","Đúng đó, đội trưởng của bọn mình chỉ được cái mạnh miệng thôi, còn làm việc thì qua loa lắm~","Exacto, nuestro capitán habla mucho, pero no se toma las cosas en serio.","Iya, kapten kita itu cuma jago omong, kerjanya tidak beres~",ใช่ ก็กัปตันทีมเราน่ะชอบพูดซะใหญ่โต แต่ไม่ค่อยน่าเชื่อถือหรอก~,"Pois é! Nosso capitão fala bonito, mas é meio desligado."
,,,마윤석,,1_분노,,exclam,"거기 뒤에서 수군거리는 놈들, 조용히 해!<cha:pop,마윤석> <wrt:break>난 한 번 한 약속은 지켜! 신입 부원도 데려왔잖아!!","Quiet down back there!<cha:pop,마윤석> <wrt:break>I keep my promises, okay?! I brought a new team member, see?!","おい、後ろでコソコソ喋ってる奴ら、静かにしろ！<cha:pop,마윤석><wrt:break>俺は一度した約束は守る男だ！新入部員だって連れてきただろ！！","后面嘀咕的家伙们，给我安静点！<cha:pop,마윤석> <wrt:break>我向来说到做到！这不就把新部员带来了嘛！！","後面那幾個碎碎唸的傢伙，給我安靜！<cha:pop,마윤석><wrt:break>我說過的話就一定會做到！我不是把新部員帶來了嗎！！","А ну тихо на галерке! <cha:pop,마윤석> <wrt:break>Сказал, что приведу новичка — привел!","Diamlah belakang tu!<cha:pop,마윤석> <wrt:break>Saya tepati janji, okey?! Saya bawa ahli pasukan baru, nampak?!","Mấy đứa đang xì xào sau lưng kia, im đi!<cha:pop,마윤석> <wrt:break>Tôi đã hứa thì nhất định giữ lời! Chẳng phải tôi đã dẫn thành viên mới đến rồi sao!!","¡Ustedes, los que andan cuchicheando allá atrás, cállense!<cha:pop,마윤석> <wrt:break>¡Yo siempre cumplo las promesas que hago! Les traje un miembro nuevo, ¡¿no?!","Kalian yang berbisik-bisik di belakang sana, apa kalian bisa diam?<cha:pop,마윤석> <wrt:break>Aku selalu menepati janjiku! Seperti kali ini aku membawa anggota baru!!","เจ้าพวกที่ซุบซิบกันอยู่ข้างหลังนั่นน่ะ เงียบหน่อย!<cha:pop,마윤석> <wrt:break>ฉันรักษาสัญญานะ! ก็พาสมาชิกใหม่มาแล้วนี่ไง!!","Vocês aí atrás, parem de cochichar! <cha:pop,마윤석> <wrt:break>Eu sempre cumpro minhas promessas! Vejam, trouxe um novato!"
,,,마윤석,,1_우쭐,,,진짜 얘가 숨겨진 원석이라니까? 운동 신경이 얼마나 뛰어난데!! 분명히 배구도 금방 배울걸?,He's a hidden gem! His athleticism is amazing! He'll learn volleyball in no time.,マジでこいつは隠れた原石なんだって！何たって運動神経、抜群なんだからな！！バレーだって絶対すぐに上手くなるはずだ！,这小子真的是块璞玉！运动神经可好了！！学排球肯定也学得飞快！,這傢伙真的是一塊未經雕琢的原石啊！運動神經超發達的！！排球肯定也能學得很快！,Он настоящий талант! У него потрясающие спортивные данные. Волейбол освоит в два счета.,Dia ini bakat terpendam! Koordinasi badannya hebat! Mesti sekejap saja dia dah pandai main bola tampar.,Cậu ấy thật sự có tiềm năng rất lớn đó! Năng khiếu thể thao cực kỳ nổi bật!! Chắc chắn sẽ tiếp thu bóng chuyền rất nhanh!,¡El chico es un diamante en bruto! ¡Tiene unos reflejos increíbles! Seguro que aprende voleibol enseguida.,Dia ini benar-benar punya bakat yang terpendam! Kamu belum lihat betapa atletiknya dia! Aku yakin dia akan cepat menguasai bola voli!,หมอนี่คือเพชรที่ยังไม่ได้เจียระไนจริงๆ นะ เซนส์ด้านกีฬาสุดยอดเลยล่ะ!! แม้แต่วอลเลย์บอลก็คงเรียนรู้ได้เร็วแน่นอน,"Estou falando sério, ele é um talento bruto! A coordenação dele é incrível! Tenho certeza de que aprenderá vôlei rapidinho!"
,,,마윤석,,1_우쭐,,,"못 믿겠으면 같이 훈련해보면 될 거 아니야. 그치, <txt:bold,2><txt:color,orange>백시우</txt:color></txt:bold>?","If you don't trust me, you'll see it during practice. Right, <txt:bold,2><txt:color,orange>Siwoo</txt:color></txt:bold>?","信じられないなら一緒に練習してみればいいだろ。な、<txt:bold,2><txt:color,orange>新</txt:color></txt:bold>？","不信你们一起训练看看不就知道了。对吧，<txt:bold,2><txt:color,orange>白时宇</txt:color></txt:bold>？","不信的話，一起訓練看看不就知道了嗎。對吧，<txt:bold,2><txt:color,orange>白時宇</txt:color></txt:bold>？","Давайте проверим прямо сейчас на тренировке. Согласен, <txt:bold,2><txt:color,orange>Бэк Шиу</txt:color></txt:bold>?","Jika kamu tak percaya, kamu akan nampak masa latihan nanti. Betul, <txt:bold,2><txt:color,orange>Siwoo</txt:color></txt:bold>?","Không tin thì cứ cùng tập thử là biết chứ gì. Đúng không, <txt:bold,2><txt:color,orange>Baek Siwoo</txt:color></txt:bold>?","Si no me creen, solo practiquen con él un rato. ¿Verdad, <txt:bold,2><txt:color,orange>Baek Siwoo</txt:color></txt:bold>?","Kalau tidak percaya, kita coba latihan bersama saja. Iya, kan, <txt:bold,2><txt:color,orange>Siwoo Baek</txt:color></txt:bold>?","ถ้าไม่เชื่อ ลองซ้อมด้วยกันก็ได้นี่นา ใช่ไหม <txt:bold,2><txt:color,orange>แบคชีอู</txt:color></txt:bold>?","Se ainda têm dúvidas, basta colocá-lo pra treinar junto. Não é, <txt:bold,2><txt:color,orange>Siwoo Baek</txt:color></txt:bold>?"
,,,백시우_교복,,1_엥,pause,,"어...? 아, <wrt:wait,25>아니, <wrt:wait,25>그게 그러니까...","Huh...? Uh, <wrt:wait,25>well, <wrt:wait,25>um...","え‥？あ、<wrt:wait,25>いや、<wrt:wait,25>それはその‥","诶‥？啊，<wrt:wait,25>不，<wrt:wait,25>那个其实‥","咦‥？啊，<wrt:wait,25>不是啦，<wrt:wait,25>那個，其實‥","А? <wrt:wait,25>Эм, ну...<wrt:wait,25> Я...","Eh...? Ah, <wrt:wait,25>bukan, <wrt:wait,25>sebenarnya...","Ơ...? À, <wrt:wait,25>không, <wrt:wait,25>chuyện đó thì...","¿Eh? Ah... <wrt:wait,25>No... <wrt:wait,25>Es que...","Eh...? Hmm, <wrt:wait,25>bukan, <wrt:wait,25>jadi itu...","หา...? เอ่อ <wrt:wait,25>ไม่สิ <wrt:wait,25>คือว่า...","Hã? <wrt:wait,25>Ah, não... <wrt:wait,25>é que..."
,,,정다희,,1_기본,,,"흐음... <wrt:wait,25>확실히 키도 크고, 운동도 꽤 해본 것 같긴 한데.","Hmm... <wrt:wait,25>He *is* tall, and he does look like he used to do sports.","ふーん‥<wrt:wait,25>確かに背も高いし、運動も結構やってきた感じはするけど。","唔‥<wrt:wait,25>个子确实挺高的，看起来平时也有在运动的样子。","哼嗯‥<wrt:wait,25>確實長得很高，看起來也滿常運動的。","Хм-м... <wrt:wait,25>Рост у тебя хороший, и видно, что спортом ты занимался.","Hmm... <wrt:wait,25>Memang tinggi, dan nampak macam dah biasa bersukan.","Hừm... <wrt:wait,25>Đúng là cậu ấy cao, có vẻ cũng từng chơi thể thao khá nhiều.","Mmm... <wrt:wait,25>Bueno, es alto y se nota que tiene experiencia haciendo deporte.","Hmm... <wrt:wait,25>Dia memang tinggi, dan sepertinya punya pengalaman dalam olahraga.","อืม... <wrt:wait,25>ตัวสูง แล้วก็ดูเหมือนเคยเล่นกีฬามาพอสมควรแหละนะ","Hum... <wrt:wait,25>De fato, ele é alto e parece ter bastante experiência com esportes."
,,,정다희,,1_기본,,,"<txt:bold,2><txt:color,orange>시우</txt:color></txt:bold>라고 했지? 일단 유니폼으로 갈아입고 올래? 동아리방에 여분이 하나 있을 거야.","Your name is <txt:bold,2><txt:color,orange>Siwoo</txt:color></txt:bold>? Could you change into our team uniform, first? There should be one extra in the club room.","<txt:bold,2><txt:color,orange>新</txt:color></txt:bold>って言ったよね？とりあえずユニフォームに着替えてくる？部室に予備が一着あったはずだから。","叫<txt:bold,2><txt:color,orange>时宇</txt:color></txt:bold>对吧？你要不先去换上队服？社团房间里应该还有一套多余的。","你叫<txt:bold,2><txt:color,orange>時宇</txt:color></txt:bold>對吧？你要不要先去換套隊服？社辦裡應該還有備用的。","Значит так, <txt:bold,2><txt:color,orange>Шиу</txt:color></txt:bold>. Сначала переоденься в форму. В раздевалке должна найтись запасная.","Nama kamu <txt:bold,2><txt:color,orange>Siwoo</txt:color></txt:bold>? Boleh kamu pakai jersi pasukan kami dulu? Ada satu jersi lebih di bilik kelab.","Cậu tên là <txt:bold,2><txt:color,orange>Siwoo</txt:color></txt:bold> đúng không? Trước tiên cậu thay đồng phục nhé? Trong phòng CLB chắc còn một bộ dư đó.","<txt:bold,2><txt:color,orange>Siwoo</txt:color></txt:bold> dijiste que te llamabas, ¿no? Primero ve a ponerte el uniforme. Debe haber uno de repuesto en la sala del club.","Namamu itu <txt:bold,2><txt:color,orange>Siwoo</txt:color></txt:bold>, kan? Bagaimana kalau ganti ke seragam dulu? Seharusnya ada satu seragam yang tersedia di ruang klub.","ชื่อ<txt:bold,2><txt:color,orange>ชีอู</txt:color></txt:bold>ใช่ไหม? ไปเปลี่ยนเป็นยูนิฟอร์มมาก่อนได้รึเปล่า? ในห้องชมรมน่าจะมีเหลืออยู่หนึ่งชุดนะ","Seu nome é <txt:bold,2><txt:color,orange>Siwoo</txt:color></txt:bold>, certo? Que tal vestir um uniforme? Deve haver um sobrando na sala do clube."
,,,백시우_교복,,1_기본,,,"...으, 으음...","Uh, uhm...",‥う、うーん‥,‥呃，嗯‥,‥呃、嗯‥,Эм-м...,"Uh, uhm...","...Ư, ừm...",E-em...,"...Eh, hmm...",...เอ่อ อืม...,Hum...
,,,마윤석,,1_우쭐,nervous,,"<txt:bold,2><txt:color,orange>백시우</txt:color></txt:bold>...!! 내가 나중에 다 알아서 빠져나가게 해줄 테니까! 응?","Come on, <txt:bold,2><txt:color,orange>Siwoo</txt:color></txt:bold>...! I'll help you get out of it later!","<txt:bold,2><txt:color,orange>新</txt:color></txt:bold>‥！！後で俺がうまく抜け出せるようにしてやるから！な？","<txt:bold,2><txt:color,orange>白时宇</txt:color></txt:bold>‥！！之后我会想办法让你脱身的！嗯？","<txt:bold,2><txt:color,orange>白時宇</txt:color></txt:bold>‥！！晚點我會幫你想辦法脫身的啦！拜託嘛？","<txt:bold,2><txt:color,orange>Шиу</txt:color></txt:bold>...!! Я потом сам придумаю, как тебя отсюда вытащить! Ладно?","<txt:bold,2><txt:color,orange>Siwoo</txt:color></txt:bold>...!! Nanti saya carikan jalan untuk kamu tarik diri! Okey?","<txt:bold,2><txt:color,orange>Baek Siwoo</txt:color></txt:bold>...!! Lát nữa tôi sẽ tìm cách để cậu rút lui êm đẹp mà! Nhé?","¡¡<txt:bold,2><txt:color,orange>Baek Siwoo</txt:color></txt:bold>...!! ¡Yo me encargo luego de sacarte de esta! ¿Va?","<txt:bold,2><txt:color,orange>Siwoo Baek</txt:color></txt:bold>...!! Nanti aku akan carikan alasan keluar untukmu! Jadi, tolong, ya?","<txt:bold,2><txt:color,orange>แบคชีอู</txt:color></txt:bold>...!! เดี๋ยวฉันช่วยหาทางให้นายออกไปได้ทีหลังเอง! นะ?","<txt:bold,2><txt:color,orange>Siwoo Baek</txt:color></txt:bold>! Depois eu resolvo tudo e te tiro dessa situação, prometo! Tá bom?"
,,,마윤석,,1_우쭐,nervous,,"<txt:size,2>한 번만!! 딱 한 번만!!! 제발, 내 체면 좀 살려줘!!</txt:size>","<txt:size,2>Just this once! Come on! Help me out here!</txt:size>","<txt:size,2>今回だけ！！今回だけでいいから！！！頼む、俺の顔を立ててくれ！！</txt:size>","<txt:size,2>就一次！！就这一次！！！求你了，给我留点面子吧！！</txt:size>","<txt:size,2>就這一次！！真的就這一次！！！拜託啦，給我留點面子吧！！</txt:size>","<txt:size,2>Это только на сегодня. Прошу, не дай мне опозориться!</txt:size>","<txt:size,2>Sekali ini saja!! Tolonglah, jaga air muka saya!!</txt:size>","<txt:size,2>Một lần thôi!! Đúng một lần thôi!!! Làm ơn, giúp tôi giữ chút thể diện đi!!</txt:size>","<txt:size,2>¡Solo una vez!! ¡Una sola vez! ¡Por favor, ayúdame a quedar bien!!</txt:size>","<txt:size,2>Sekali saja!! Cukup sekali!!! Tolong jangan biarkan aku hilang muka!!</txt:size>","<txt:size,2>แค่ครั้งเดียว!! ครั้งเดียวจริงๆ!!! ขอร้องล่ะ ช่วยรักษาหน้าฉันทีเถอะ!!</txt:size>","<txt:size,2>Só desta vez! Por favor! Me ajuda a manter um pouco da minha dignidade!</txt:size>"
,,,TAG,,,,,"<eff:black,3><sys:quiet,1000>","<eff:black,3><sys:quiet,1000>","<eff:black,3><sys:quiet,1000>","<eff:black,3><sys:quiet,1000>","<eff:black,3><sys:quiet,1000>","<eff:black,3><sys:quiet,1000>","<eff:black,3><sys:quiet,1000>","<eff:black,3><sys:quiet,1000>","<eff:black,3><sys:quiet,1000>","<eff:black,3><sys:quiet,1000>","<eff:black,3><sys:quiet,1000>","<eff:black,3><sys:quiet,1000>"
,,,TAG,,,,,"<cha:qpos,백시우_교복,4><cha:qpos,백시우,0><cha:qpos,마윤석,4><cha:qpos,정다희,4><sys:bgm,BGM_PEACE2,1000>","<cha:qpos,백시우_교복,4><cha:qpos,백시우,0><cha:qpos,마윤석,4><cha:qpos,정다희,4><sys:bgm,BGM_PEACE2,1000>","<cha:qpos,백시우_교복,4><cha:qpos,백시우,0><cha:qpos,마윤석,4><cha:qpos,정다희,4><sys:bgm,BGM_PEACE2,1000>","<cha:qpos,백시우_교복,4><cha:qpos,백시우,0><cha:qpos,마윤석,4><cha:qpos,정다희,4><sys:bgm,BGM_PEACE2,1000>","<cha:qpos,백시우_교복,4><cha:qpos,백시우,0><cha:qpos,마윤석,4><cha:qpos,정다희,4><sys:bgm,BGM_PEACE2,1000>","<cha:qpos,백시우_교복,4><cha:qpos,백시우,0><cha:qpos,마윤석,4><cha:qpos,정다희,4><sys:bgm,BGM_PEACE2,1000>","<cha:qpos,백시우_교복,4><cha:qpos,백시우,0><cha:qpos,마윤석,4><cha:qpos,정다희,4><sys:bgm,BGM_PEACE2,1000>","<cha:qpos,백시우_교복,4><cha:qpos,백시우,0><cha:qpos,마윤석,4><cha:qpos,정다희,4><sys:bgm,BGM_PEACE2,1000>","<cha:qpos,백시우_교복,4><cha:qpos,백시우,0><cha:qpos,마윤석,4><cha:qpos,정다희,4><sys:bgm,BGM_PEACE2,1000>","<cha:qpos,백시우_교복,4><cha:qpos,백시우,0><cha:qpos,마윤석,4><cha:qpos,정다희,4><sys:bgm,BGM_PEACE2,1000>","<cha:qpos,백시우_교복,4><cha:qpos,백시우,0><cha:qpos,마윤석,4><cha:qpos,정다희,4><sys:bgm,BGM_PEACE2,1000>","<cha:qpos,백시우_교복,4><cha:qpos,백시우,0><cha:qpos,마윤석,4><cha:qpos,정다희,4><sys:bgm,BGM_PEACE2,1000>"
,,,백시우,,3_난감,,sweat,이거 일이 점점 커지는데...,This is getting out of hand...,これ、なんだか大事になってきたぞ‥,这事情好像越闹越大了‥,事情好像越鬧越大了‥,Все зашло слишком далеко...,Ini dah tak terkawal...,Chuyện này càng lúc càng to rồi...,Esto se está saliendo cada vez más de control...,"Wah, urusannya malah makin besar...",เรื่องมันชักจะไปกันใหญ่แล้วนะเนี่ย...,As coisas estão ficando complicadas demais...
,,,TAG,,,,,"<cha:pos,백시우,-2><cha:pos,마윤석,2>","<cha:pos,백시우,-2><cha:pos,마윤석,2>","<cha:pos,백시우,-2><cha:pos,마윤석,2>","<cha:pos,백시우,-2><cha:pos,마윤석,2>","<cha:pos,백시우,-2><cha:pos,마윤석,2>","<cha:pos,백시우,-2><cha:pos,마윤석,2>","<cha:pos,백시우,-2><cha:pos,마윤석,2>","<cha:pos,백시우,-2><cha:pos,마윤석,2>","<cha:pos,백시우,-2><cha:pos,마윤석,2>","<cha:pos,백시우,-2><cha:pos,마윤석,2>","<cha:pos,백시우,-2><cha:pos,마윤석,2>","<cha:pos,백시우,-2><cha:pos,마윤석,2>"
,,,마윤석,,1_우쭐,wave,joy,"후훗, 어때? 할 만하지? 괜찮으면 이대로 그냥 우리 동아리에 들어와 버릴래?","Haha, what do you think? It's not too bad, is it? Might as well just join the team at this point.",ふふっ、どうだ？悪くないだろ？よかったら、このまま俺たちの部に入らないか？,哼哼，怎么样？还行吧？要是觉得不错，干脆就这么加入我们社团呗？,呵呵，怎樣？打起來感覺還不錯吧？要不要乾脆就直接加入我們社團啊？,"Что скажешь? Не так уж плохо, да? Может, останешься с нами?","Haha, apa pendapat kamu? Boleh tahan, bukan? Alang-alang terus masuk pasukan sekarang.","Hừ hứ, thế nào? Cũng được đấy chứ? Nếu thấy ổn thì hay là gia nhập luôn CLB bọn tôi đi?","Jejeje, ¿qué tal? No está tan mal, ¿verdad? ¿Por qué no te unes al club de una vez?","Huhu, gimana? Tidak seburuk yang kamu kira, kan? Kenapa tidak sekalian saja bergabung dengan klub kita?",หึหึ เป็นไง? พอไหวใช่ไหมล่ะ? ถ้านายโอเค อยากมาเข้าชมรมเราซะเลยไหม?,"Hehe. Então, o que achou? Se estiver tudo bem pra você, que tal entrar pro time de vez?"
,,,백시우,,1_무표정,,,"<txt:bold,2><txt:color,orange>마윤석</txt:color></txt:bold>. 너 또 무책임한 소리 할래?","<txt:bold,2><txt:color,orange>Yoonseok</txt:color></txt:bold>. You can't be so irresponsible.","<txt:bold,2><txt:color,orange>忠英</txt:color></txt:bold>。また無責任なこと言うつもりか？","<txt:bold,2><txt:color,orange>马允硕</txt:color></txt:bold>。你又想说些不负责任的话了吗？","<txt:bold,2><txt:color,orange>馬允碩</txt:color></txt:bold>。你又要說這種不負責任的話了嗎？","<txt:bold,2><txt:color,orange>Ма Юнсок</txt:color></txt:bold>, хватит уже.","<txt:bold,2><txt:color,orange>Yoonseok</txt:color></txt:bold>. Kamu tak boleh lepas tangan.","<txt:bold,2><txt:color,orange>Ma Yoonseok</txt:color></txt:bold>. Cậu lại định nói năng vô trách nhiệm nữa à?","<txt:bold,2><txt:color,orange>Yunseok</txt:color></txt:bold>, ¿vas a seguir diciendo cosas tan irresponsables?","<txt:bold,2><txt:color,orange>Yunseok Ma</txt:color></txt:bold>. Kamu mau asal bicara lagi?","<txt:bold,2><txt:color,orange>มายุนซอก</txt:color></txt:bold> นายจะพูดอะไรไม่รับผิดชอบอีกแล้วเหรอ?","<txt:bold,2><txt:color,orange>Yunseok Ma</txt:color></txt:bold>, será que você não consegue pensar antes de falar?"
,,,백시우,,1_기본,,,거짓말한 거 들키면 나중에 네가 더 곤란해질걸?,You're gonna get in bigger trouble when they find out you lied.,嘘がバレたら、後でお前の方がもっと困ることになるんだぞ？,要是撒谎被发现了，到时候你可就更麻烦了哦？,要是謊言被拆穿，到時候你會更難堪的喔？,"Когда все узнают, что ты соврал, у тебя будут проблемы.",Kamu akan hadapi masalah lebih besar bila mereka tahu kamu menipu.,"Nếu bị phát hiện chuyện nói dối, sau này cậu sẽ càng rắc rối hơn đó?","Si se enteran que mentiste, el que va a terminar metiéndose en un lío peor eres tú.","Kalau ketahuan bohong, nanti kamu sendiri yang makin repot.",ถ้าโดนจับได้ว่าโกหกล่ะก็ นายจะยิ่งเดือดร้อนกว่าเดิมนะ,"E quando essa mentira vier à tona, vai sobrar pra você, sabia?"
,,,마윤석,,1_우쭐,wave,,"그러니까 네가 진짜로 들어오면 거짓말이 아니게 되잖아~ 이게 바로 완벽한 윈윈 전략!<sys:sfx,반짝_1>","But it wouldn't be a lie if you really join! And that's what I would call a win-win!<sys:sfx,반짝_1>","だからお前が本当に入部したら嘘じゃなくなるだろ～これぞ完璧なウィンウィン戦略ってやつさ！<sys:sfx,반짝_1>","所以只要你真的加入了，那就不算撒谎了嘛～这就是完美的双赢策略！<sys:sfx,반짝_1>","所以只要你真的加入，那就不算說謊啦～這可是完美的雙贏策略！<sys:sfx,반짝_1>","Поэтому тебе надо вступить по-настоящему! Тогда получится, что я не врал. Гениально же!<sys:sfx,반짝_1>","Tapi bukan tipu kalau kamu betul-betul masuk! Ini sama-sama untung namanya!<sys:sfx,반짝_1>","Vậy nên nếu cậu thật sự gia nhập, tôi sẽ không còn là kẻ nói dối nữa~ Đây chính là chiến lược đôi bên cùng có lợi!<sys:sfx,반짝_1>","Por eso, si de verdad te unes, ya no sería mentira. ¡Es el plan perfecto donde todos ganamos!<sys:sfx,반짝_1>","Makanya, kalau kamu benar-benar bergabung, itu bukan lagi kebohongan~ Inilah yang aku sebut strategi win-win!<sys:sfx,반짝_1>","เพราะงั้นถ้านายมาเข้าชมรมจริงๆ ก็จะไม่ใช่เรื่องโกหกแล้วนี่นา~ นี่คือแผนแบบวินวินสุดเพอร์เฟกต์เชียวนะ!<sys:sfx,반짝_1>","Mas se você entrar pro time, então deixa de ser mentira! É uma estratégia perfeita pra todo mundo sair ganhando!<sys:sfx,반짝_1>"
,,,백시우,,2_기쁨,,exclam,"<txt:size,2>...<wrt:wait,25><txt:bold,2><txt:color,orange>다희</txt:color></txt:bold>야!!</txt:size>","<txt:size,2>...<wrt:wait,25><txt:bold,2><txt:color,orange>Dahee</txt:color></txt:bold>!</txt:size>","<txt:size,2>‥<wrt:wait,25><txt:bold,2><txt:color,orange>夏希</txt:color></txt:bold>！！</txt:size>","<txt:size,2>‥<wrt:wait,25><txt:bold,2><txt:color,orange>多熙</txt:color></txt:bold>！！</txt:size>","<txt:size,2>‥<wrt:wait,25><txt:bold,2><txt:color,orange>多熙</txt:color></txt:bold>！！</txt:size>","<txt:size,2>...<wrt:wait,25><txt:bold,2><txt:color,orange>Дахи</txt:color></txt:bold>!!!</txt:size>","<txt:size,2>...<wrt:wait,25><txt:bold,2><txt:color,orange>Dahee</txt:color></txt:bold>!</txt:size>","<txt:size,2>...<wrt:wait,25><txt:bold,2><txt:color,orange>Dahee</txt:color></txt:bold> ơi!!</txt:size>","<txt:size,2>... <wrt:wait,25>¡<txt:bold,2><txt:color,orange>Dahee</txt:color></txt:bold>!</txt:size>","<txt:size,2>...<wrt:wait,25><txt:bold,2><txt:color,orange>Dahee</txt:color></txt:bold>!!</txt:size>","<txt:size,2>...<wrt:wait,25><txt:bold,2><txt:color,orange>ดาฮี</txt:color></txt:bold>!!</txt:size>","<txt:size,2>Ah...<wrt:wait,25> <txt:bold,2><txt:color,orange>Dahee</txt:color></txt:bold>!</txt:size>"
,,,마윤석,,1_당황,,,"<txt:shake,1>자, 잠깐만!! 진정하고 잘 생각해봐...!!</txt:shake>","<txt:shake,1>W-wait! Please, calm down and think about it...!</txt:shake>","<txt:shake,1>ちょ、ちょっと待て！！落ち着けってば‥！！</txt:shake>","<txt:shake,1>等，等一下！！冷静点好好想想啊‥！！</txt:shake>","<txt:shake,1>等、等一下！！冷靜點，你好好考慮一下‥！！</txt:shake>","<txt:shake,1>Д-давай сначала все спокойно обсудим...</txt:shake>","<txt:shake,1>Tunggu! Tolong bertenang dan fikirkannya...!</txt:shake>","<txt:shake,1>Khoan, khoan đã!! Bình tĩnh rồi suy nghĩ kỹ xem...!!</txt:shake>","<txt:shake,1>¡E-espera! ¡Cálmate y piénsalo bien!</txt:shake>","<txt:shake,1>Tu-tunggu sebentar!! Tenang dulu dan coba pikirkan baik-baik...!!</txt:shake>","<txt:shake,1>ดะ เดี๋ยวก่อน!! ใจเย็นแล้วลองคิดดีๆ สิ...!!</txt:shake>","<txt:shake,1>Calma aí! Vamos pensar com calma...</txt:shake>"
,,,TAG,,,,,"<cha:pos,마윤석,0><cha:pos,정다희,2>","<cha:pos,마윤석,0><cha:pos,정다희,2>","<cha:pos,마윤석,0><cha:pos,정다희,2>","<cha:pos,마윤석,0><cha:pos,정다희,2>","<cha:pos,마윤석,0><cha:pos,정다희,2>","<cha:pos,마윤석,0><cha:pos,정다희,2>","<cha:pos,마윤석,0><cha:pos,정다희,2>","<cha:pos,마윤석,0><cha:pos,정다희,2>","<cha:pos,마윤석,0><cha:pos,정다희,2>","<cha:pos,마윤석,0><cha:pos,정다희,2>","<cha:pos,마윤석,0><cha:pos,정다희,2>","<cha:pos,마윤석,0><cha:pos,정다희,2>"
,,,정다희,,1_기본,,,너희 둘 아까부터 구석에서 무슨 얘기를 그렇게 하는 거야.,What are you two whispering about in the corner?,あなたたち、さっきから隅っこで何コソコソ話してるのよ。,你们俩从刚才起就在角落里嘀咕什么呢。,你們兩個從剛才就一直在角落嘀咕些什麼啊。,О чем вы все время шепчетесь в углу?,Kamu berdua berbisik apa di penjuru?,Hai cậu từ nãy đến giờ đứng trong góc nói chuyện gì vậy?,"Oigan, ¿qué tanto cuchichean ustedes dos ahí en la esquina desde hace rato?",Kalian berdua sedang membicarakan apa di pojokan sejak tadi?,นายสองคนหลบมุมคุยอะไรกันมาตั้งแต่เมื่อกี้แล้วน่ะ,O que vocês dois estão cochichando nesse cantinho aí?
,,,정다희,,1_기본,,,"이제 곧 훈련 시작할 거야. <txt:bold,2><txt:color,orange>마윤석</txt:color></txt:bold>, <txt:bold,2><txt:color,orange>시우</txt:color></txt:bold> 데리고 얼른 와.","Practice starts soon. <txt:bold,2><txt:color,orange>Yoonseok</txt:color></txt:bold>, bring <txt:bold,2><txt:color,orange>Siwoo</txt:color></txt:bold>.","さあ、練習始めるわよ。<txt:bold,2><txt:color,orange>忠英</txt:color></txt:bold>、<txt:bold,2><txt:color,orange>新</txt:color></txt:bold>を連れて早く来て。","马上要开始训练了。<txt:bold,2><txt:color,orange>马允硕</txt:color></txt:bold>，快带<txt:bold,2><txt:color,orange>时宇</txt:color></txt:bold>过来。","訓練馬上就要開始了。<txt:bold,2><txt:color,orange>馬允碩</txt:color></txt:bold>，快帶<txt:bold,2><txt:color,orange>時宇</txt:color></txt:bold>過來。","Скоро начинаем тренировку. <txt:bold,2><txt:color,orange>Ма Юнсок</txt:color></txt:bold>, бери <txt:bold,2><txt:color,orange>Шиу</txt:color></txt:bold> и быстро сюда.","Latihan bermula tak lama lagi. <txt:bold,2><txt:color,orange>Yoonseok</txt:color></txt:bold>, bawa <txt:bold,2><txt:color,orange>Siwoo</txt:color></txt:bold>.","Sắp bắt đầu tập luyện rồi. <txt:bold,2><txt:color,orange>Ma Yoonseok</txt:color></txt:bold>, mau dẫn <txt:bold,2><txt:color,orange>Siwoo</txt:color></txt:bold> lại đây.","El entrenamiento ya está por empezar. <txt:bold,2><txt:color,orange>Ma Yunseok</txt:color></txt:bold>, trae rápido a <txt:bold,2><txt:color,orange>Siwoo</txt:color></txt:bold>.","Latihan akan segera dimulai. <txt:bold,2><txt:color,orange>Yunseok Ma</txt:color></txt:bold>, cepat bawa <txt:bold,2><txt:color,orange>Siwoo</txt:color></txt:bold> kesini.","ตอนนี้ใกล้จะเริ่มการซ้อมแล้วนะ <txt:bold,2><txt:color,orange>มายุนซอก</txt:color></txt:bold> รีบพา<txt:bold,2><txt:color,orange>ชีอู</txt:color></txt:bold>มาเลย","O treino já vai começar. <txt:bold,2><txt:color,orange>Yunseok Ma</txt:color></txt:bold>, venha logo com o <txt:bold,2><txt:color,orange>Siwoo</txt:color></txt:bold>."
,,,마윤석,,1_우쭐,,,"응!!! 들었지? 어서 가자~! 일단 훈련부터 하자, 응?","Okay! You heard her, right? Let's go! Just a bit of practice.",おう！！！聞いたか？早く行こうぜ～！とりあえず練習からだ、な？,好嘞！！！听见没？快走吧～！先训练再说，好吗？,好！！！聽到了吧？快走啦～！我們就先訓練再說嘛，嗯？,"Ага! Слышал? Пошли скорее! Сначала тренировка, хорошо?","Okey! Kamu dengar, bukan? Mari pergi! Berlatih sedikit sahaja.","Ừ!!! Nghe thấy chưa? Mau đi thôi~! Trước tiên cứ tập luyện đã, nhé?","¡Sí! ¿Oíste? ¡Vamos rápido! Primero entrenemos, ¿va?","Iya!!! Kamu dengar, kan? Ayo cepat~! Kita selesaikan dulu latihannya, oke?",อื้ม!!! ได้ยินแล้วใช่ไหม? รีบไปกันเถอะน่า~! เริ่มจากซ้อมก่อนแล้วกัน นะ?,"Tá bom! Ouviu, né? Vamos logo! Vamos focar no treino primeiro!"
,,,백시우,,3_난감,,,"...으휴, 알았어.","...Ugh, fine.",‥はぁ、分かったよ。,‥唉，知道了啦。,‥唉，知道了啦。,"Эх, ладно...","...Ugh, baiklah.","...Haiz, biết rồi.","Uf, está bien.","...Ugh, baiklah.",...เฮ้อ เข้าใจแล้ว,Ugh... Tá bom.
2,경기 승리,#,MAP,,,,,대지고 체육관,대지고 체육관,대지고 체육관,대지고 체육관,대지고 체육관,대지고 체육관,대지고 체육관,대지고 체육관,대지고 체육관,대지고 체육관,대지고 체육관,대지고 체육관
,,#,BGM,,,,,BGM_COMIC,BGM_COMIC,BGM_COMIC,BGM_COMIC,BGM_COMIC,BGM_COMIC,BGM_COMIC,BGM_COMIC,BGM_COMIC,BGM_COMIC,BGM_COMIC,BGM_COMIC
,,#,백시우,-2,1_기본,,,,,,,,,,,,,,
,,#,정다희,2,1_기본,,,,,,,,,,,,,,
,,#,마윤석,4,1_기본,,,,,,,,,,,,,,
,,,정다희,,1_기본,,,"다들 고생했어~! 자, 자, 다들 물 좀 마시면서 쉬어~","Good job, everyone! Now, go get hydrated and get some rest!",みんなお疲れ様～！さあさあ、みんな水でも飲んでちょっと休んで～。,大家都辛苦啦～！来，来，大家喝点水休息一下～,大家辛苦了～！來，各位喝點水休息一下～,Все молодцы! Давайте передохнем и попьем воды.,"Bagus, semua! Sekarang, pergi minum air dan berehat!","Mọi người vất vả rồi! Nào, uống nước rồi nghỉ một chút đi~","¡Buen trabajo, todos! Hidrátense un poco y descansen.",Kerja bagus semuanya~! Ayo istirahat sebentar sambil minum air~,ทุกคนเก่งมาก~! เอาล่ะๆ ดื่มน้ำแล้วพักกันสักหน่อยนะ~,"Bom trabalho, pessoal! Aproveitem pra beber água e descansar um pouco!"
,,,정다희,,1_언짢,,,"...<wrt:wait,25>참, 그나저나 <txt:bold,2><txt:color,orange>시우</txt:color></txt:bold>야. 너 나한테 뭐 할 말 없어?","...<wrt:wait,25>By the way, <txt:bold,2><txt:color,orange>Siwoo</txt:color></txt:bold>. Is there anything you want to say to me?","‥<wrt:wait,25>あ、そういえば<txt:bold,2><txt:color,orange>新</txt:color></txt:bold>。あなた、私に何か言うことない？","‥<wrt:wait,25>对了，话说回来，<txt:bold,2><txt:color,orange>时宇</txt:color></txt:bold>。你没什么话想对我说吗？","‥<wrt:wait,25>對了，話說回來，<txt:bold,2><txt:color,orange>時宇</txt:color></txt:bold>。你是不是有話想跟我說？","...<wrt:wait,25><txt:bold,2><txt:color,orange>Шиу</txt:color></txt:bold>, а ты ничего не хочешь мне рассказать?","...<wrt:wait,25>Apa pun, <txt:bold,2><txt:color,orange>Siwoo</txt:color></txt:bold>. Kamu ada nak cakap apa-apa dengan saya?","...<wrt:wait,25>À phải rồi, mà <txt:bold,2><txt:color,orange>Siwoo</txt:color></txt:bold>. Cậu không có gì muốn nói với tôi à?","...<wrt:wait,25> Ah, por cierto, <txt:bold,2><txt:color,orange>Siwoo</txt:color></txt:bold>. ¿Hay algo que quieras contarme?","...<wrt:wait,25>Oh ya, ngomong-ngomong <txt:bold,2><txt:color,orange>Siwoo</txt:color></txt:bold>. Apa ada yang ingin kamu katakan padaku?","...<wrt:wait,25>อ้อ ว่าแต่ <txt:bold,2><txt:color,orange>ชีอู</txt:color></txt:bold> นายไม่มีอะไรจะพูดกับฉันเหรอ?","Ah... <wrt:wait,25>é mesmo! <txt:bold,2><txt:color,orange>Siwoo</txt:color></txt:bold>, você não tem nada pra me dizer?"
,,,백시우,,2_놀람,nervous,,"<txt:color,grey>(헉, <txt:bold,2>다희</txt:bold> 표정이 왜 저러지? 설마 벌써 눈치챈 건가?)</txt:color>","<txt:color,grey>(*Gasp*... Why is <txt:bold,2>Dahee</txt:bold> making that face? Did she find out already?)</txt:color>","<txt:color,grey>(うっ、<txt:bold,2>夏希</txt:bold>のあの表情なんだ？まさかもうバレたのか？)</txt:color>","<txt:color,grey>(呃，<txt:bold,2>多熙</txt:bold>这表情是怎么回事？难道她已经发现了？)</txt:color>","<txt:color,grey>(呃，<txt:bold,2>多熙</txt:bold>的表情怎麼怪怪的？該不會已經發現了吧？)</txt:color>","<txt:color,grey>(Почему <txt:bold,2>Дахи</txt:bold> так на меня смотрит? Она все знает?)</txt:color>","<txt:color,grey>(Alamak, kenapa muka <txt:bold,2>Dahee</txt:bold> macam itu? Jangan-jangan dia dah perasan?)</txt:color>","<txt:color,grey>(Hả, sao biểu cảm của <txt:bold,2>Dahee</txt:bold> lại như vậy? Lẽ nào cậu ấy đã nhận ra rồi sao?)</txt:color>","<txt:color,grey>(¿Eh? ¿Por qué <txt:bold,2>Dahee</txt:bold> tiene esa cara? ¿Será que ya se dio cuenta?)</txt:color>","<txt:color,grey>(Aduh, kenapa ekspresi <txt:bold,2>Dahee</txt:bold> begitu? Jangan-jangan dia sudah sadar?)</txt:color>","<txt:color,grey>(เฮือก ทำไมสีหน้า<txt:bold,2>ดาฮี</txt:bold>ถึงเป็นแบบนั้นล่ะ? หรือว่าจะจับได้แล้ว?)</txt:color>","<txt:color,grey>(Hã? Por que a <txt:bold,2>Dahee</txt:bold> tá fazendo essa cara? Será que ela já percebeu?)</txt:color>"
,,,백시우,,2_놀람,nervous,,"<txt:color,grey>(불안하더라니 결국 올 것이 왔구나...)</txt:color>","<txt:color,grey>(Ugh, I had a bad feeling about it. I knew this would happen...)</txt:color>","<txt:color,grey>(嫌な予感はしてたけど、ついにその時が来たか‥)</txt:color>","<txt:color,grey>(我就觉得心里不安，果然还是来了‥)</txt:color>","<txt:color,grey>(我就覺得心裡毛毛的，看來該來的還是躲不掉啊‥)</txt:color>","<txt:color,grey>(Чувствовал же, что добром не кончится...)</txt:color>","<txt:color,grey>(Ugh, saya rasa tak sedap hati. Saya dah agak ini akan berlaku...)</txt:color>","<txt:color,grey>(Mình đã thấy bất an mà, cuối cùng điều phải đến cũng đến rồi...)</txt:color>","<txt:color,grey>(Lo sabía... Esto se veía venir).</txt:color>","<txt:color,grey>(Telah tiba saat yang kutakutkan...)</txt:color>","<txt:color,grey>(ก็รู้สึกไม่สบายใจอยู่แล้ว สุดท้ายสิ่งที่กังวลก็เกิดขึ้นจนได้...)</txt:color>","<txt:color,grey>(Eu sabia que estava com um mau pressentimento... Finalmente chegou a hora da verdade.)</txt:color>"
,,,백시우,,1_엥,nervous,,"<txt:shake,1>어,<wrt:wait,25> 어어.<wrt:wait,25> 그게...</txt:shake>","<txt:shake,1>Oh,<wrt:wait,25> yeah.<wrt:wait,25> Well...</txt:shake>","<txt:shake,1>あ、<wrt:wait,25>ああ。<wrt:wait,25>それは‥</txt:shake>","<txt:shake,1>呃，<wrt:wait,25>嗯。<wrt:wait,25>那个‥</txt:shake>","<txt:shake,1>呃，<wrt:wait,25>呃嗯。<wrt:wait,25>那個‥</txt:shake>","<txt:shake,1>Э-э <wrt:wait,25>Это... <wrt:wait,25>Ну...</txt:shake>","<txt:shake,1>Oh,<wrt:wait,25> ya.<wrt:wait,25> Baiklah...</txt:shake>","<txt:shake,1>Ơ,<wrt:wait,25> ờ.<wrt:wait,25> Chuyện đó...</txt:shake>","<txt:shake,1>Eh...<wrt:wait,25> Este...<wrt:wait,25> Pues...</txt:shake>","<txt:shake,1>Ah,<wrt:wait,25> Ehh.<wrt:wait,25> Jadi itu...</txt:shake>","<txt:shake,1>อะ<wrt:wait,25> เอ่อ<wrt:wait,25> คือว่า...</txt:shake>","<txt:shake,1>Ah... <wrt:wait,25>ah...<wrt:wait,25> bem...</txt:shake>"
,,,정다희,,1_언짢,,,"정말 할 말 없어? <wrt:delay,5>그럼 내가 할까? <txt:bold,2><txt:color,orange>시우</txt:color></txt:bold> 너...</wrt:delay>","You don't want to say it? <wrt:delay,5>Then I will. <txt:bold,2><txt:color,orange>Siwoo</txt:color></txt:bold>, you...</wrt:delay>","本当に言うことない？<wrt:delay,5>じゃあ私が言おっか？<txt:bold,2><txt:color,orange>新</txt:color></txt:bold>、あなたって‥</wrt:delay>","真的没什么想说的？<wrt:delay,5>那我来说？<txt:bold,2><txt:color,orange>时宇</txt:color></txt:bold>你‥</wrt:delay>","你真的沒話要說？<wrt:delay,5>那換我來說囉？<txt:bold,2><txt:color,orange>時宇</txt:color></txt:bold>你啊‥</wrt:delay>","Точно ничего не хочешь сказать? <wrt:delay,5>Тогда скажу я. <txt:bold,2><txt:color,orange>Шиу</txt:color></txt:bold>, ты...</wrt:delay>","Kamu tak mahu cakap? <wrt:delay,5>Baik, biar saya cakap. <txt:bold,2><txt:color,orange>Siwoo</txt:color></txt:bold>, kamu...</wrt:delay>","Thật sự không có gì muốn nói à? <wrt:delay,5>Vậy để tôi nói nhé? <txt:bold,2><txt:color,orange>Siwoo</txt:color></txt:bold>, cậu...</wrt:delay>","¿De verdad no tienes nada que decirme? <wrt:delay,5>Entonces, ¿puedo decirte algo yo? <txt:bold,2><txt:color,orange>Siwoo</txt:color></txt:bold>, tú...</wrt:delay>","Benar tidak ada yang ingin dikatakan? <wrt:delay,5>Kalau begitu biar aku yang bilang. <txt:bold,2><txt:color,orange>Siwoo</txt:color></txt:bold>, kamu itu...</wrt:delay>","ไม่มีอะไรจะพูดจริงๆ เหรอ? <wrt:delay,5>ถ้างั้นให้ฉันพูดไหม? <txt:bold,2><txt:color,orange>ชีอู</txt:color></txt:bold> นาย...</wrt:delay>","Tem certeza de que não quer me contar nada? <wrt:delay,5>Então eu mesma vou dizer. <txt:bold,2><txt:color,orange>Siwoo</txt:color></txt:bold>, você...</wrt:delay>"
,,,정다희,,3_활짝,,,"<sys:sfx,샤라랑><txt:size,2>너 배구 선수였지!!! 어디 있다가 이제 온 거야!!</txt:size>","<sys:sfx,샤라랑><txt:size,2>You were a volleyball player, weren't you?! Why didn't you join the team sooner?!</txt:size>","<sys:sfx,샤라랑><txt:size,2>バレー選手だったでしょ！！！今までどこにいたのよ！！</txt:size>","<sys:sfx,샤라랑><txt:size,2>你以前是排球选手吧！！！藏到哪里去了，现在才来！！</txt:size>","<sys:sfx,샤라랑><txt:size,2>你以前當過排球選手對吧！！！這麼厲害的人怎麼現在才出現啊！！</txt:size>","<sys:sfx,샤라랑><txt:size,2>Ты же раньше играл в волейбол!!! Ну где ты от нас прятался?!</txt:size>","<sys:sfx,샤라랑><txt:size,2>Kamu pemain bola tampar, bukan?! Kenapa kamu tak sertai pasukan lebih awal?!</txt:size>","<sys:sfx,샤라랑><txt:size,2>Cậu từng là cầu thủ bóng chuyền đúng không!!! Sao mãi đến giờ cậu mới xuất hiện chứ!!</txt:size>","<sys:sfx,샤라랑><txt:size,2>Ya eras jugador de voleibol, ¡¿no?!!! ¡¿Dónde estabas metido hasta ahora?!!</txt:size>","<sys:sfx,샤라랑><txt:size,2>Atlet bola voli, kan!!! Kenapa kamu baru muncul sekarang?!</txt:size>","<sys:sfx,샤라랑><txt:size,2>นายเป็นนักกีฬาวอลเลย์บอลสินะ!!! ไปอยู่ที่ไหนถึงเพิ่งมาเอาป่านนี้เนี่ย!!</txt:size>","<sys:sfx,샤라랑><txt:size,2>Já jogava vôlei, não jogava?! Por que só apareceu agora?!</txt:size>"
,,,백시우,,1_정적,pause,,"......<wrt:wait,25>어?","...<wrt:wait,25>Huh?","‥<wrt:wait,25>え？","‥‥<wrt:wait,25>啊？","‥<wrt:wait,25>咦？","......<wrt:wait,25>Что?","...<wrt:wait,25>Apa?","...<wrt:wait,25>Ơ?","...<wrt:wait,25> ¿Eh?","......<wrt:wait,25>Eh?","......<wrt:wait,25>หา?","Ah... <wrt:wait,25>Oi?"
,,,정다희,,1_웃음,,,"리시브 동작도 무지 안정적이고, 기본기도 탄탄하고!!","Your receiving form is super steady, and you have great fundamentals!",レシーブの動きもすごく安定してるし、基礎もしっかりしてるし！！,接球动作那么稳，基本功也那么扎实！！,你的接球動作超級穩，基本功也很紮實！！,"У тебя прием мяча такой уверенный, и база отличная.",Teknik menampan bola kamu sangat stabil dan asas kamu pun hebat!,"Động tác đỡ bóng cũng cực kỳ ổn định, nền tảng cơ bản cũng rất vững!!",¡Tus movimientos de recepción son muy estables y tienes una base muy firme!,"Gerakan receive-mu stabil banget, teknik dasarmu juga mantap!!",ท่ารับลูกก็มั่นคงมาก แถมพื้นฐานก็แน่นด้วย!!,"Sua recepção é extremamente estável, e seus fundamentos são excelentes!"
,,,정다희,,1_기본,,,"아까 몸 풀 때부터 살짝 감이 오긴 했는데, 훈련을 해보니까 확실해졌어!","I was suspicious when you were stretching, but after practice, I'm sure!",さっきウォーミングアップしてる時から薄々感じてたけど、実際に練習してみて確信したわ！,刚才热身的时候我就隐约感觉到了，刚才训练一看果然没错！,剛才熱身的時候我就有隱約感覺到，實際練習過後我就更加確定了！,"Я еще на разминке начала подозревать, а сейчас окончательно убедилась!","Saya curiga masa kamu regangkan badan, tapi selepas berlatih, saya rasa yakin!","Tôi đã hơi cảm nhận được từ lúc cậu khởi động rồi, đến lúc luyện tập thì tôi chắc chắn luôn!","Ya tenía una corazonada desde que te vi calentando, pero ¡luego de la práctica, me quedó clarísimo!","Aku sudah merasa ada yang berbeda sejak pemanasan tadi, tapi setelah latihan barusan, sekarang aku sangat yakin!",ฉันแอบรู้สึกตั้งแต่ตอนที่วอร์มร่างกายแล้วล่ะ แต่พอได้ลองซ้อมก็แน่ใจขึ้นมาเลย!,"Eu já suspeitava desde o aquecimento, mas depois do treino tive certeza!"
,,,정다희,,2_헤헤,,,"<txt:size,1>왜 진작 얘기하지 않았어! </txt:size>","<txt:size,1>Why didn't you say anything earlier?!</txt:size>","<txt:size,1>なんで早く言ってくれなかったのよ！</txt:size>","<txt:size,1>为什么不早点告诉我！</txt:size>","<txt:size,1>你怎麼不早說！</txt:size>","<txt:size,1>Почему ты ничего не говорил?</txt:size>","<txt:size,1>Kenapa kamu tak beritahu apa-apa lebih awal?!</txt:size>","<txt:size,1>Sao cậu không nói sớm chứ! </txt:size>","<txt:size,1>¡¿Por qué no nos lo contaste desde el principio?!</txt:size>","<txt:size,1>Kenapa kamu tidak bilang dari tadi? </txt:size>","<txt:size,1>ทำไมถึงไม่บอกกันก่อนล่ะ! </txt:size>","<txt:size,1>Como pôde esconder uma coisa dessas até agora?! </txt:size>"
,,,백시우,,1_웃음,,,"아... <wrt:wait,25>아하하....","Ah... <wrt:wait,25>Ahahaha...","あ‥<wrt:wait,25>あはは‥","啊‥<wrt:wait,25>啊哈哈‥","啊‥<wrt:wait,25>啊哈哈‥","А... <wrt:wait,25>Ха-ха...","Ah... <wrt:wait,25>Ahahaha...","À... <wrt:wait,25>A ha ha....","Ah... <wrt:wait,25>Jajaja...","Ah... <wrt:wait,25>Hahaha....","อ่า... <wrt:wait,25>ฮะฮะ....","Ah... <wrt:wait,25>Hahaha..."
,,,백시우,,1_기본,,,"아, 그게, 실은... <wrt:wait,25>응, 배구를 꽤 오래 하긴 했는데 말이야.","Uh, well, actually... <wrt:wait,25>Yeah, I used to play volleyball for a while.","あ、その、実は‥<wrt:wait,25>うん、バレーは結構長くやってたんだけどさ。","啊，那个，其实‥<wrt:wait,25>嗯，我以前确实打过挺长一段时间的排球。","啊，那個，其實‥<wrt:wait,25>嗯，我以前的確打過滿長一段時間的排球啦。","Если честно... <wrt:wait,25>Раньше я много лет играл в волейбол.","Ah, sebenarnya... <wrt:wait,25>Ya, memang agak lama saya main bola tampar dulu.","À, chuyện đó, thật ra... <wrt:wait,25>Ừ, tôi cũng từng chơi bóng chuyền một thời gian dài.","Ah, bueno, la verdad es que... <wrt:wait,25>Sí, jugué voleibol durante bastante tiempo.","Ah, jadi itu, sebenarnya... <wrt:wait,25>Iya, aku memang bermain bola voli cukup lama.","เอ่อ คือว่า ที่จริงแล้ว... <wrt:wait,25>อื้ม ฉันก็เล่นวอลเลย์บอลมานานพอสมควรแหละ","Bom, na verdade... <wrt:wait,25>Eu passei anos jogando vôlei."
,,,백시우,,1_무표정,pause,,"<txt:bold,1>지금은 완전히 그만뒀거든.</txt:bold>","<txt:bold,1>But I quit. For good.</txt:bold>","<txt:bold,1>今は完全にやめたんだ。</txt:bold>","<txt:bold,1>不过现在已经彻底不打了。</txt:bold>","<txt:bold,1>不過現在已經完全沒在打了。</txt:bold>","<txt:bold,1>Правда, сейчас уже не играю.</txt:bold>","<txt:bold,1>Tapi sekarang saya dah berhenti sepenuhnya.</txt:bold>","<txt:bold,1>Nhưng bây giờ tôi đã bỏ hẳn rồi.</txt:bold>","<txt:bold,1>Pero lo dejé por completo.</txt:bold>","<txt:bold,1>Tapi sekarang aku sudah benar-benar berhenti.</txt:bold>","<txt:bold,1>แต่ตอนนี้ฉันเลิกเล่นไปแล้วจริงๆ น่ะ</txt:bold>","<txt:bold,1>Mas agora não jogo mais. Parei de vez.</txt:bold>"
,,,정다희,,1_당황,pause,quest,"어? 완전히... <wrt:wait,25>그만뒀다고?","Huh? You... <wrt:wait,25>Quit for good?","え？完全に‥<wrt:wait,25>やめたって？","诶？彻底‥<wrt:wait,25>不打了吗？","咦？完全‥<wrt:wait,25>沒在打了？","Как? <wrt:wait,25>Совсем?","Eh? Kamu dah... <wrt:wait,25>berhenti sepenuhnya?","Ơ? Bỏ hẳn... <wrt:wait,25>rồi sao?","¿Eh? ¿Lo dejaste...<wrt:wait,25> por completo?","Eh? Benar-benar... <wrt:wait,25>berhenti kamu bilang?","เอ๋? เลิกเล่น... <wrt:wait,25>ไปแล้วจริงๆ เหรอ?","Hã? Você... <wrt:wait,25>parou?"
,,,백시우,,1_무표정,,,"...응, 미안, 미리 얘기를 못 했네.","...Yeah. Sorry, I should've mentioned it earlier.",‥うん、ごめん、先に話せなくて。,‥嗯，抱歉，没提前跟你说。,‥嗯，抱歉，沒事先跟妳說清楚。,"Да... Прости, что не сказал сразу.","...Ya. Maaf, saya patut beritahu lebih awal.","...Ừ, tôi xin lỗi vì đã không nói trước.","Sí. Lo siento, debí habértelo dicho antes.","...Iya, maaf, aku baru bilang sekarang.",...อื้ม ขอโทษที่ไม่ได้บอกก่อนนะ,"Sim, desculpa por não ter falado antes."
,,,백시우,,3_난감,,,"오늘도 <txt:bold,2><txt:color,orange>마윤석</txt:color></txt:bold>이 훈련만 도와달라고 해서 온 거야.","I'm only here today because <txt:bold,2><txt:color,orange>Yoonseok</txt:color></txt:bold> wanted me to help with practice.","今日も<txt:bold,2><txt:color,orange>忠英</txt:color></txt:bold>に練習だけ手伝ってくれって言われて来たんだ。","今天也是<txt:bold,2><txt:color,orange>马允硕</txt:color></txt:bold>硬拉我来帮忙训练的。","今天也是因為<txt:bold,2><txt:color,orange>馬允碩</txt:color></txt:bold>拜託我來幫忙訓練，我才過來的。","Я и сегодня пришел лишь помочь на тренировке: <txt:bold,2><txt:color,orange>Ма Юнсок</txt:color></txt:bold> попросил.","Saya cuma datang hari ni sebab <txt:bold,2><txt:color,orange>Yoonseok</txt:color></txt:bold> mahu saya bantu dalam latihan.","Hôm nay tôi cũng chỉ đến vì <txt:bold,2><txt:color,orange>Ma Yoonseok</txt:color></txt:bold> nhờ tôi giúp tập luyện thôi.","Vine solo por hoy porque <txt:bold,2><txt:color,orange>Yunseok</txt:color></txt:bold> me pidió que lo ayudara con el entrenamiento.","Hari ini pun aku hanya datang karena <txt:bold,2><txt:color,orange>Yunseok Ma</txt:color></txt:bold> memintaku membantu latihan saja.","วันนี้ฉันก็มาเพราะ<txt:bold,2><txt:color,orange>มายุนซอก</txt:color></txt:bold>ขอให้มาช่วยซ้อมเท่านั้นเอง","Eu só vim hoje porque o <txt:bold,2><txt:color,orange>Yunseok Ma</txt:color></txt:bold> me pediu que eu ajudasse com o treino."
,,,정다희,,1_언짢,,,"...<wrt:wait,25><txt:bold,2><txt:color,orange>마윤석</txt:color></txt:bold>. 이게 무슨 말이야?","...<wrt:wait,25><txt:bold,2><txt:color,orange>Yoonseok</txt:color></txt:bold>. What's going on?","‥<wrt:wait,25><txt:bold,2><txt:color,orange>忠英</txt:color></txt:bold>。どういうこと？","‥<wrt:wait,25><txt:bold,2><txt:color,orange>马允硕</txt:color></txt:bold>。这到底是怎么回事？","‥<wrt:wait,25><txt:bold,2><txt:color,orange>馬允碩</txt:color></txt:bold>。這是怎麼回事？","...<wrt:wait,25><txt:bold,2><txt:color,orange>Ма Юнсок</txt:color></txt:bold>. Что все это значит?","...<wrt:wait,25><txt:bold,2><txt:color,orange>Yoonseok</txt:color></txt:bold>. Apa yang sedang berlaku?","...<wrt:wait,25><txt:bold,2><txt:color,orange>Ma Yoonseok</txt:color></txt:bold>. Chuyện này là sao?","... <wrt:wait,25><txt:bold,2><txt:color,orange>Ma Yunseok</txt:color></txt:bold>, ¿qué significa esto?","...<wrt:wait,25><txt:bold,2><txt:color,orange>Yunseok Ma</txt:color></txt:bold>. Apa maksudnya ini?","...<wrt:wait,25><txt:bold,2><txt:color,orange>มายุนซอก</txt:color></txt:bold> นี่มันหมายความว่ายังไงกัน?","Aah...<wrt:wait,25><txt:bold,2><txt:color,orange>Yunseok Ma</txt:color></txt:bold>, você pode me explicar o que tá acontecendo?"
,,,TAG,,,,,"<cha:pos,정다희,0><cha:pos,마윤석,2>","<cha:pos,정다희,0><cha:pos,마윤석,2>","<cha:pos,정다희,0><cha:pos,마윤석,2>","<cha:pos,정다희,0><cha:pos,마윤석,2>","<cha:pos,정다희,0><cha:pos,마윤석,2>","<cha:pos,정다희,0><cha:pos,마윤석,2>","<cha:pos,정다희,0><cha:pos,마윤석,2>","<cha:pos,정다희,0><cha:pos,마윤석,2>","<cha:pos,정다희,0><cha:pos,마윤석,2>","<cha:pos,정다희,0><cha:pos,마윤석,2>","<cha:pos,정다희,0><cha:pos,마윤석,2>","<cha:pos,정다희,0><cha:pos,마윤석,2>"
,,,마윤석,,1_당황,nervous,sweat,"<txt:shake,1>아, 그, 그게.... </txt:shake><wrt:wait,25>이, <wrt:wait,25>이렇게 조금씩 끌어들여 보려고 했지~","<txt:shake,1>Ah, w-well... </txt:shake><wrt:wait,25>I... <wrt:wait,25>I was going to get him into the team little by little.","<txt:shake,1>あ、そ、それは‥</txt:shake><wrt:wait,25>こ、<wrt:wait,25>こうやって少しずつ引き込もうと思ってだな～。","<txt:shake,1>啊，那，那个‥</txt:shake><wrt:wait,25>我，<wrt:wait,25>我这不是想慢慢把他拉进伙嘛～","<txt:shake,1>啊，那、那個‥</txt:shake><wrt:wait,25>我、<wrt:wait,25>我只是想說看能不能慢慢把他拉進來嘛～","<txt:shake,1>Н-ну, </txt:shake><wrt:wait,25>это... <wrt:wait,25>Я просто хотел потихоньку завлечь его в команду.","<txt:shake,1>Ah, baiklah... </txt:shake><wrt:wait,25>Saya... <wrt:wait,25>Saya akan pujuk dia masuk pasukan sikit demi sikit.","<txt:shake,1>À, chuyện, chuyện đó.... </txt:shake><wrt:wait,25>T, <wrt:wait,25>tôi định từ từ kéo cậu ấy vào CLB ấy mà~","<txt:shake,1>A-ah, e-es que... </txt:shake><wrt:wait,25>I... <wrt:wait,25>Iba a intentar convencerlo poco a poco.","<txt:shake,1>Ah, J-jadi itu.... </txt:shake><wrt:wait,25>Aku, <wrt:wait,25> hanya coba ingin menariknya kembali sedikit demi sedikit ke bola voli~","<txt:shake,1>เอ่อ คะ คือว่า.... </txt:shake><wrt:wait,25>ฉะ <wrt:wait,25>ฉันตั้งใจจะค่อยๆ ดึงเขาเข้ามาแบบนี้แหละ~","<txt:shake,1>Aah, é que... </txt:shake><wrt:wait,25>Eu tava... <wrt:wait,25>tentando convencê-lo aos poucos."
,,,정다희,,1_언짢,,,"너, 지난번에 신입 놓쳤다고 지금 <txt:bold,2><txt:color,orange>시우</txt:color></txt:bold>를 데려온 거로 넘어가려던 거지.","Are you trying to use <txt:bold,2><txt:color,orange>Siwoo</txt:color></txt:bold> to make up for that other new member that got away?","あなた、この前新入部員逃したからって、今回<txt:bold,2><txt:color,orange>新</txt:color></txt:bold>を連れてきて誤魔化そうとしたんでしょ。","你是想用<txt:bold,2><txt:color,orange>时宇</txt:color></txt:bold>来掩盖你上次没招到新人的事吧。","你是想用<txt:bold,2><txt:color,orange>時宇</txt:color></txt:bold>來掩蓋你上次沒招到新生的事吧。","Так и знала. Раз упустил прошлого новичка, решил выкрутиться за счет <txt:bold,2><txt:color,orange>Шиу</txt:color></txt:bold>?","Sebab gagal dapatkan ahli baharu hari itu, kamu bawa <txt:bold,2><txt:color,orange>Siwoo</txt:color></txt:bold> untuk tutup cerita, kan?","Vì lần trước để hụt thành viên mới nên định đưa <txt:bold,2><txt:color,orange>Siwoo</txt:color></txt:bold> đến để cho qua chuyện đúng không.","Como se te escapó el nuevo de la otra vez, intentaste compensarlo trayendo a <txt:bold,2><txt:color,orange>Siwoo</txt:color></txt:bold>, ¿no?","Kamu itu mencoba menutupi kegagalanmu merekrut anggota baru sebelumnya dengan membawa <txt:bold,2><txt:color,orange>Siwoo</txt:color></txt:bold> kesini ya?","นาย เพราะคราวก่อนพลาดเด็กใหม่ไป ตอนนี้ก็เลยคิดจะกลบเรื่องด้วยการพา<txt:bold,2><txt:color,orange>ชีอู</txt:color></txt:bold>มาสินะ","Você perdeu aquele recruta da última vez e tá tentando compensar trazendo o <txt:bold,2><txt:color,orange>Siwoo</txt:color></txt:bold>, não é?"
,,,마윤석,,1_당황,nervous,,"그, 그런 거 아니야! <cha:pop,마윤석>그냥 <txt:bold,2><txt:color,orange>백시우</txt:color></txt:bold>의 가능성을 보고 데려온 거라고! 나, 나, 못 믿어?","N-no! Of course not! <cha:pop,마윤석>I brought him because I saw <txt:bold,2><txt:color,orange>Siwoo's</txt:color></txt:bold> potential! D-don't you trust me?","そ、そんなんじゃないぞ！<cha:pop,마윤석>純粋に<txt:bold,2><txt:color,orange>新</txt:color></txt:bold>の可能性だけを見込んで連れてきたんだってば！お、俺のこと信じられないのか？","才，才不是！<cha:pop,마윤석>我只是<txt:bold,2><txt:color,orange>看中了白时宇</txt:color></txt:bold>的潜力才把他带来的！你，你，你不信我？","才、才不是那樣！<cha:pop,마윤석>我只是看上了<txt:bold,2><txt:color,orange>白時宇</txt:color></txt:bold>的潛力才帶他來的！妳、妳不相信我嗎？","Н-нет же! <cha:pop,마윤석>Я привел <txt:bold,2><txt:color,orange>Шиу</txt:color></txt:bold>, потому что увидел в нем потенциал! Ты мне что, не веришь?","B-bukan macam itu! <cha:pop,마윤석>Saya bawa <txt:bold,2><txt:color,orange>Siwoo</txt:color></txt:bold> sebab nampak potensinya! K-kamu tak percaya saya?","K, không phải vậy! <cha:pop,마윤석>Chỉ là tôi nhìn thấy tiềm năng của <txt:bold,2><txt:color,orange>Baek Siwoo</txt:color></txt:bold> nên mới đưa cậu ấy đến thôi! C, cậu không tin tôi à?","¡N-no es eso! <cha:pop,마윤석>¡Lo traje porque vi el talento que tiene! ¿N-no me crees?","T-tidak! <cha:pop,마윤석> Aku mengajak <txt:bold,2><txt:color,orange>Siwoo Baek</txt:color></txt:bold> kesini hanya karena potensinya! K-kamu tidak percaya padaku?","มะ ไม่ใช่แบบนั้นนะ! <cha:pop,마윤석>ฉันแค่เห็นศักยภาพของ<txt:bold,2><txt:color,orange>แบคชีอู</txt:color></txt:bold> ก็เลยพามาต่างหาก! มะ ไม่เชื่อฉันเหรอ?","N-Não é isso! <cha:pop,마윤석>Eu trouxe o <txt:bold,2><txt:color,orange>Siwoo Baek</txt:color></txt:bold> porque vi o potencial dele! Você não acredita em mim?"
,,,정다희,,1_언짢,,,"에휴, 너 나중에 봐.","Ugh, we'll talk another time.",はぁ、あなた後で覚えときなさいよ。,唉，你给我等着。,唉，你給我等著。,"Ох, мы с тобой еще поговорим.","Ugh, kita akan cakap lain kali.","Haiz, để lát nữa xử cậu sau.","Uff, ya hablaré contigo después.","Dasar, kita akan lanjutkan pembicaraan ini nanti.",เฮ้อ นายน่ะ เดี๋ยวค่อยว่ากัน,Aff... vamos conversar sobre isso mais tarde.
,,,마윤석,,1_당황,,exclam,"<txt:bold,2><txt:color,orange>다희</txt:color></txt:bold>야?!","<txt:bold,2><txt:color,orange>Dahee</txt:color></txt:bold>?!","<txt:bold,2><txt:color,orange>夏希</txt:color></txt:bold>！？","<txt:bold,2><txt:color,orange>多熙</txt:color></txt:bold>？！","<txt:bold,2><txt:color,orange>多熙</txt:color></txt:bold>？！","<txt:bold,2><txt:color,orange>Дахи</txt:color></txt:bold>?!","<txt:bold,2><txt:color,orange>Dahee</txt:color></txt:bold>?!","<txt:bold,2><txt:color,orange>Dahee</txt:color></txt:bold> ơi?!","¡¿<txt:bold,2><txt:color,orange>D-dahee</txt:color></txt:bold>?!","<txt:bold,2><txt:color,orange>Dahee</txt:color></txt:bold>?!","<txt:bold,2><txt:color,orange>ดาฮี</txt:color></txt:bold>?!","E-Ei, <txt:bold,2><txt:color,orange>Dahee</txt:color></txt:bold>."
,,,TAG,,,,,"<cha:pos,정다희,2><cha:pos,마윤석,4>","<cha:pos,정다희,2><cha:pos,마윤석,4>","<cha:pos,정다희,2><cha:pos,마윤석,4>","<cha:pos,정다희,2><cha:pos,마윤석,4>","<cha:pos,정다희,2><cha:pos,마윤석,4>","<cha:pos,정다희,2><cha:pos,마윤석,4>","<cha:pos,정다희,2><cha:pos,마윤석,4>","<cha:pos,정다희,2><cha:pos,마윤석,4>","<cha:pos,정다희,2><cha:pos,마윤석,4>","<cha:pos,정다희,2><cha:pos,마윤석,4>","<cha:pos,정다희,2><cha:pos,마윤석,4>","<cha:pos,정다희,2><cha:pos,마윤석,4>"
,,,정다희,,1_기본,,,아무튼 그럼 넌 배구부에 들어올 생각이 없었단 거네?,So you never had the intention to join the volleyball team?,とにかく、バレー部に入るつもりはなかったってことね？,总之，你并没有打算加入排球部是吗？,總而言之，你並沒有打算加入排球部對吧？,"Значит, ты не хотел вступать в команду?","Jadi, kamu tak pernah ada niat nak sertai pasukan bola tampar?",Vậy là cậu vốn không có ý định vào CLB Bóng Chuyền đúng không?,"O sea que, al final, no tenías pensado unirte al club, ¿verdad?","Jadi, intinya kamu tidak berniat bergabung dengan klub bola voli?",ยังไงก็เถอะ ถ้างั้นนายก็ไม่ได้คิดจะมาเข้าชมรมวอลเลย์บอลสินะ?,"Então, resumindo, você nunca teve a intenção de entrar pro nosso time, certo?"
,,,백시우,,1_웃음,,,"미안해, 미리 얘기하지 못해서.",No. Sorry.,ごめん、先に言えなくて。,对不起，没能提前跟你说清楚。,對不起，沒能提早跟妳說清楚。,"Прости, что не объяснил все сразу.",Maaf sebab tak beritahu lebih awal.,Xin lỗi vì tôi đã không nói trước.,Lo siento. Debí habértelo dicho antes.,"Maaf, karena aku tidak memberitahumu sejak awal.",ขอโทษที่ไม่ได้บอกก่อนนะ,Foi mal. Não consegui encontrar o momento certo pra contar.
,,,정다희,,1_기본,,,"아니야, <txt:bold,2><txt:color,orange>마윤석</txt:color></txt:bold> 때문에 많이 곤란했겠다.","It's okay. It must've been awkward because of <txt:bold,2><txt:color,orange>Yoonseok</txt:color></txt:bold>.","ううん、<txt:bold,2><txt:color,orange>忠英</txt:color></txt:bold>の奴がずいぶん困らせたわね。","没关系，都是<txt:bold,2><txt:color,orange>马允硕</txt:color></txt:bold>不好，让你为难了。","不會啦，<txt:bold,2><txt:color,orange>馬允碩</txt:color></txt:bold>一定讓你感到很困擾吧。","Ничего. Это ведь <txt:bold,2><txt:color,orange>Ма Юнсок</txt:color></txt:bold> втянул тебя.","Tak mengapa. Mesti rasa kekok sebab <txt:bold,2><txt:color,orange>Yoonseok</txt:color></txt:bold> tadi.","Không sao, chắc cậu đã khó xử vì <txt:bold,2><txt:color,orange>Ma Yoonseok</txt:color></txt:bold> lắm.","No pasa nada. <txt:bold,2><txt:color,orange>Yunseok</txt:color></txt:bold> debió ponerte en una situación bastante incómoda.","Tidak apa-apa, kamu pasti kesulitan gara-gara <txt:bold,2><txt:color,orange>Yunseok Ma</txt:color></txt:bold>.","ไม่หรอก นายคงลำบากเพราะ<txt:bold,2><txt:color,orange>มายุนซอก</txt:color></txt:bold>แย่เลย","Tá tudo bem. Imagino o quanto o <txt:bold,2><txt:color,orange>Yunseok Ma</txt:color></txt:bold> te colocou numa situação difícil."
,,,정다희,,1_기본,,,"하지만... <wrt:wait,25>아깝다, 정말.","But... <wrt:wait,25>It's a real shame.","でも‥<wrt:wait,25>本当に、もったいないわ。","可是‥<wrt:wait,25>真的好可惜啊。","不過‥<wrt:wait,25>真的好可惜喔。","И все же... <wrt:wait,25>Мне жаль.","Tapi... <wrt:wait,25>sayang betul.","Nhưng mà... <wrt:wait,25>tiếc thật đó.","Sin embargo... <wrt:wait,25>Es una lástima, la verdad.","Tapi... <wrt:wait,25>Sayang sekali, ya.","แต่ว่า... <wrt:wait,25>น่าเสียดายจริงๆ นะ","Mas... <wrt:wait,25>Que pena. Sério."
,,,백시우,,1_엥,pause,quest,응?,Huh?,え？,嗯？,嗯？,Почему?,Apa?,Hả?,¿Eh?,Eh?,หืม?,Hã?
,,,정다희,,1_웃음,,,너 배구 무지 잘하잖아!! 너 정도 운동 신경을 가진 애가 안 한다니 너무 아까운걸!,You're so good at volleyball! It's such a shame that someone with your talent isn't playing volleyball anymore!,だって、バレーすっごく上手じゃない！それだけ運動神経のいい子がやらないなんて、本当にもったいないわ！,你排球打得那么好！！像你这样有运动天赋的人不打排球，真的太可惜了！,你的排球打得超好的耶！！像你這種運動神經好的人不打排球，真的太可惜了！,Ты правда очень хорош! Жаль тебя упускать.,Kamu sangat pandai main bola tampar! Rugi kalau orang ada bakat macam kamu berhenti bermain!,Cậu chơi bóng chuyền quá giỏi!! Một người có năng khiếu thể thao như cậu mà không chơi thì tiếc quá!,¡Eres muy bueno jugando voleibol! ¡Es una lástima que alguien con tus reflejos no siga jugando!,Padahal kamu begitu ahli dalam bola voli!! Sayang sekali jika seseorang dengan kemampuan atletik sepertimu berhenti bermain!,ก็นายเล่นวอลเลย์บอลเก่งมากเลยนี่นา!! คนที่มีเซนส์กีฬาระดับนายกลับไม่เล่นแล้ว น่าเสียดายสุดๆ!,Você tem muito talento! É um desperdício alguém tão talentoso abandonar o esporte!
,,,정다희,,1_기본,,,"혹시나 해서 묻는 건데, 정말 배구부에 들어올 생각 없어?","Just to be sure, are you really not interested in joining the team?",もう一回聞くけど、本当にバレー部に入る気はない？,我还是想问问，你真的不考虑加入排球部吗？,雖然只是問問，但你真的不考慮加入排球部嗎？,"Просто уточню, ты точно не хочешь к нам присоединиться?","Hanya untuk kepastian, kamu memang tak berminat nak sertai pasukan?","Tôi hỏi thử thôi, cậu thật sự không có ý định vào CLB Bóng Chuyền sao?","Te lo pregunto solo por si acaso, pero ¿de verdad no quieres entrar al club?","Aku hanya ingin memastikan saja, jadi apa kamu benar-benar tidak ada keinginan untuk bergabung dengan klub bola voli?",ฉันแค่ลองถามดูนะ นายไม่คิดจะมาเข้าชมรมวอลเลย์บอลจริงๆ เหรอ?,Só por curiosidade... você realmente não tem interesse em entrar pro time?
,,,정다희,,1_기본,,,아직 모집 기간이 안 끝났거든! 좀 더 생각해 보지 않을래?,"We're still looking for new members! Give it some thought, won't you?",まだ募集期間終わってないからさ！もう少し考えてみない？,现在还在招新期间哦！要不要再考虑一下？,招募期限還沒結束喔！你要不要再考慮一下？,"Набор еще не закончился! Может, подумаешь еще немного?","Kami masih mencari ahli baru! Fikirkanlah dulu, ya?",Thời gian tuyển thành viên vẫn chưa kết thúc đâu! Cậu suy nghĩ thêm nhé?,¡El periodo de inscripción todavía no termina! ¿Por qué no te lo piensas un poco más?,Masa pendaftaran belum berakhir lho! Tidakkah kamu mau memikirkannya lagi?,ยังไม่หมดเวลารับสมัครนะ! ลองคิดดูอีกสักหน่อยไหม?,As inscrições ainda estão abertas! Que tal pensar um pouco mais antes de decidir?
,,,백시우,,1_웃음,,,"<txt:color,grey>(우와, 진짜 열정적인 눈빛이네...)</txt:color>","<txt:color,grey>(Wow, she looks really passionate...)</txt:color>","<txt:color,grey>(うわぁ、すごく情熱的な目だな‥)</txt:color>","<txt:color,grey>(哇，这热情的眼神‥)</txt:color>","<txt:color,grey>(哇，這充滿熱情的眼神‥)</txt:color>","<txt:color,grey>(Ого, вот это у нее горят глаза!)</txt:color>","<txt:color,grey>(Wah, dia memang nampak bersemangat...)</txt:color>","<txt:color,grey>(Wow, ánh mắt đúng là nhiệt huyết thật...)</txt:color>","<txt:color,grey>(Vaya, lo dice con mucha pasión...)</txt:color>","<txt:color,grey>(Wah, tatapannya benar-benar penuh semangat...)</txt:color>","<txt:color,grey>(โห แววตามุ่งมั่นมากเลย...)</txt:color>","<txt:color,grey>(Uau... Esse olhar dela é cheio de determinação.)</txt:color>"
,,,백시우,,1_웃음,,,"<txt:color,grey>(하지만, 그렇다고 무턱대고 결정하기도 좀...)</txt:color>","<txt:color,grey>(But still, I can't make a rash decision...)</txt:color>","<txt:color,grey>(でも、だからってむやみに決めるのもちょっと‥)</txt:color>","<txt:color,grey>(可是，要是就这么草率地答应也太‥)</txt:color>","<txt:color,grey>(但即便如此，我也不能就這樣隨便答應‥)</txt:color>","<txt:color,grey>(Но не хочется соглашаться в спешке...)</txt:color>","<txt:color,grey>(Tapi, saya masih tak boleh buat keputusan terburu-buru...)</txt:color>","<txt:color,grey>(Nhưng mình cũng không thể quyết định bừa được...)</txt:color>","<txt:color,grey>(Pero tampoco puedo tomar una decisión tan a la ligera...)</txt:color>","<txt:color,grey>(Tapi, aku tidak bisa memutuskannya begitu saja dengan mudah...)</txt:color>","<txt:color,grey>(แต่ก็ไม่ใช่ว่าจะบุ่มบ่ามตัดสินใจได้...)</txt:color>","<txt:color,grey>(Ainda assim, eu preciso pensar com calma...)</txt:color>"
,,,정다희,,1_웃음,,,"내가 너무 몰아붙였나? 미안, 미안! 부담 주려던 건 아니야.","Was I too pushy? Sorry, sorry! I wasn't trying to pressure you.",私、ちょっと急かしすぎたかな？ごめん、ごめん！プレッシャーかけるつもりじゃなかったの。,我是不是逼得太紧了？抱歉，抱歉！我不是想给你压力。,我是不是逼得太緊了？抱歉、抱歉！我不是要給你壓力啦。,"Ой, кажется, я слишком насела на тебя? Прости, не хотела давить.","Saya terlalu mendesak? Maaf, maaf! Saya bukan cuba memaksa kamu.","Tôi làm cậu thấy bị thúc ép quá à? Xin lỗi, xin lỗi! Tôi không định gây áp lực đâu.","¿Soné muy intensa? ¡Perdón, perdón! No era mi intención presionarte.","Apa aku terlalu memaksa? Maaf, maaf! Aku tidak bermaksud membebanimu.",ฉันเร่งรัดนายมากไปรึเปล่าเนี่ย? โทษทีๆ! ฉันไม่ได้ตั้งใจจะกดดันนะ,"Ah, acho que fui insistente demais. Desculpa! Não era minha intenção te pressionar."
,,,백시우,,1_기본,,,"하하, 괜찮아. 일단 진지하게 고민해 볼게.","Haha, all good. I'll think about it.",はは、大丈夫。とりあえず真剣に考えてみるよ。,哈哈，没事。我会认真考虑一下的。,哈哈，沒關係。我會認真考慮看看的。,"Ха-ха, все нормально. Я обещаю подумать.","Haha, saya okey. Saya akan fikirkannya.","Ha ha, không sao. Trước mắt tôi sẽ suy nghĩ thêm thật nghiêm túc.","Jaja, no te preocupes. Me lo voy a pensar con calma.","Haha, tidak apa-apa. Kalau begitu, aku akan coba pikirkan baik-baik.",ฮ่าฮ่า ไม่เป็นไรหรอก ฉันจะลองคิดดูอย่างจริงจังก็แล้วกัน,"Haha, tudo bem. Vou pensar com calma."
,,,백시우,,1_기본,,,"이제 집으로 돌아갈 시간이 다 돼서, 난 이만 가볼게.","I need to go home now, so I'll see you around.",もう帰る時間だから、俺はそろそろ行くね。,时间差不多了，我得先回去了。,差不多該回家了，我先走囉。,"Ладно, мне пора домой, так что я пойду.","Saya perlu pulang sekarang, jadi jumpa lagi.","Cũng đến giờ tôi phải về nhà rồi, tôi xin phép đi trước nhé.","Ya casi es hora de ir a casa, así que me voy yendo.","Sekarang sudah waktunya pulang, jadi aku permisi dulu, ya.",ตอนนี้ได้เวลากลับบ้านแล้วล่ะ ฉันขอตัวก่อนนะ,"Já tá na hora de eu voltar pra casa, então vou indo."
,,,정다희,,2_난처,,,"<txt:shake,1>헉!! 벌써 시간이 이렇게 됐네?<cha:pop,정다희></txt:shake> 조심히 돌아가, <txt:bold,2><txt:color,orange>시우</txt:color></txt:bold>야!","<txt:shake,1>*Gasp*! I didn't know it was so late!<cha:pop,정다희></txt:shake> Get home safe, <txt:bold,2><txt:color,orange>Siwoo</txt:color></txt:bold>!","<txt:shake,1>あっ！！もうこんな時間になってたのね！<cha:pop,정다희></txt:shake>気をつけて帰ってね、<txt:bold,2><txt:color,orange>新</txt:color></txt:bold>！","<txt:shake,1>呀！！这么晚了？<cha:pop,정다희></txt:shake>路上小心啊，<txt:bold,2><txt:color,orange>时宇</txt:color></txt:bold>！","<txt:shake,1>哎呀！！這麼晚了？<cha:pop,정다희></txt:shake>回家路上小心，<txt:bold,2><txt:color,orange>時宇</txt:color></txt:bold>！","<txt:shake,1>Ой, уже так поздно. <cha:pop,정다희></txt:shake>Пока, <txt:bold,2><txt:color,orange>Шиу</txt:color></txt:bold>!","<txt:shake,1>Alamak!! Dah lewat rupanya!<cha:pop,정다희></txt:shake> Hati-hati balik, <txt:bold,2><txt:color,orange>Siwoo</txt:color></txt:bold>!","<txt:shake,1>Hả!! Đã muộn thế này rồi sao?<cha:pop,정다희></txt:shake> Về cẩn thận nhé, <txt:bold,2><txt:color,orange>Siwoo</txt:color></txt:bold>!","<txt:shake,1>¡¡Uy!! ¡¿Tan rápido pasó el tiempo?!<cha:pop,정다희></txt:shake> Sí, sí, ¡ve con cuidado, <txt:bold,2><txt:color,orange>Siwoo</txt:color></txt:bold>!","<txt:shake,1>Hah!! Sudah jam segini?<cha:pop,정다희></txt:shake> Hati-hati di jalan ya, <txt:bold,2><txt:color,orange>Siwoo</txt:color></txt:bold>!","<txt:shake,1>อ๊ะ!! เวลาผ่านไปขนาดนี้แล้วเหรอเนี่ย?<cha:pop,정다희></txt:shake> กลับดีๆ น้า <txt:bold,2><txt:color,orange>ชีอู</txt:color></txt:bold>!","<txt:shake,1>Nossa! Nem vi o tempo passar!<cha:pop,정다희></txt:shake> Vá com cuidado, <txt:bold,2><txt:color,orange>Siwoo</txt:color></txt:bold>!"
,,,백시우,,1_웃음,,,"응, 오늘 즐거웠어. 안녕!",Thanks. I had fun today. Bye!,うん、今日は楽しかったよ。じゃあね！,嗯，今天挺开心的。再见！,嗯，今天挺開心的。掰掰！,Пока! Было весело.,Terima kasih. Seronok betul hari ni. Selamat tinggal!,"Ừ, hôm nay vui lắm. Tạm biệt!","Gracias, me divertí mucho hoy. ¡Nos vemos!","Iya, hari ini sangat menyenangkan. Sampai jumpa, ya!",อื้ม วันนี้ฉันสนุกมากเลย บาย!,Eu me diverti hoje. Até mais!
3,경기 전,#,MAP,,,,,학교 복도,학교 복도,학교 복도,학교 복도,학교 복도,학교 복도,학교 복도,학교 복도,학교 복도,학교 복도,학교 복도,학교 복도
,,#,BGM,,,,,BGM_HOPE,BGM_HOPE,BGM_HOPE,BGM_HOPE,BGM_HOPE,BGM_HOPE,BGM_HOPE,BGM_HOPE,BGM_HOPE,BGM_HOPE,BGM_HOPE,BGM_HOPE
,,#,백시우_교복,0,1_웃음,,,,,,,,,,,,,,
,,#,정다희,4,1_기본,,,,,,,,,,,,,,
,,#,유사야_교복,4,1_기본,,,,,,,,,,,,,,
,,,-,,,,,"<txt:bold,3><txt:color,grey>~다음 날, 대지고 동아리방 앞~</txt:color></txt:bold>","<txt:bold,3><txt:color,grey>Next day, in front of Terra High's club room...</txt:color></txt:bold>","<txt:bold,3><txt:color,grey>～次の日、大地高校の部室前～</txt:color></txt:bold>","<txt:bold,3><txt:color,grey>～第二天，大地高中社团活动室前～</txt:color></txt:bold>","<txt:bold,3><txt:color,grey>～隔天，大地高中社辦前～</txt:color></txt:bold>","<txt:bold,3><txt:color,grey>На следующий день, перед комнатой клуба.</txt:color></txt:bold>","<txt:bold,3><txt:color,grey>Hari berikutnya, di depan bilik kelab Terra High...</txt:color></txt:bold>","<txt:bold,3><txt:color,grey>~ Ngày hôm sau, trước phòng CLB Trường THPT Đại Địa ~</txt:color></txt:bold>","<txt:bold,3><txt:color,grey>-Al día siguiente, frente a la sala del club de la Escuela Daeji-</txt:color></txt:bold>","<txt:bold,3><txt:color,grey>~Pagi hari berikutnya, di depan ruang klub SMA DaeJi~</txt:color></txt:bold>","<txt:bold,3><txt:color,grey>~วันต่อมา, หน้าห้องชมรมมัธยมแดจี~</txt:color></txt:bold>","<txt:bold,3><txt:color,grey>No dia seguinte, em frente à sala do clube do Colégio Daeji...</txt:color></txt:bold>"
,,,백시우_교복,,1_웃음,,,"으음, 그렇게 말해놓고 바로 다음날에 배구부 오려니 민망하네.","Hmm, it feels awkward to say all that and come back to the team the very next day.",うーん、あんなこと言っておいて、すぐ次の日にバレー部に顔を出すなんて気まずいな。,唔，昨天才说完要考虑，今天就跑到排球部来，感觉还挺尴尬的。,唔嗯，才說要考慮，隔天就跑來排球部，還真是有點尷尬。,"Эх, после вчерашнего как-то неудобно сюда приходить.","Hmm, segan pula nak datang ke kelab bola tampar sehari selepas cakap macam itu.","Ừm, mới nói vậy mà hôm sau đã đến CLB Bóng Chuyền ngay, ngại thật.","Mmm, qué pena venir al club justo al día siguiente de decir todo eso.","Hmm, aku jadi agak canggung untuk kembali ke klub bola voli tepat sehari setelah mengatakan hal itu.",อืม พูดไว้แบบนั้น แล้ววันรุ่งขึ้นก็มาที่ชมรมวอลเลย์บอลเลย มันก็แอบเขินๆ อยู่แฮะ,"Hum... Fico até sem jeito de voltar ao clube logo no dia seguinte, depois de tudo o que falei."
,,,백시우_교복,,1_기본,,,"<txt:color,grey>(빌린 유니폼을 그대로 들고 가버렸으니 안 올 수도 없고.)</txt:color>","<txt:color,grey>(I mean, I had to, since I accidentally took the uniform home.)</txt:color>","<txt:color,grey>(借りたユニフォーム、そのまま持って帰っちゃったから、返しに行かないとだよな)</txt:color>","<txt:color,grey>(把借来的队服直接拿回家了，不来也不行啊。)</txt:color>","<txt:color,grey>(畢竟把借來的隊服直接帶回家了，不來也不行。)</txt:color>","<txt:color,grey>(Но я забыл вернуть форму.)</txt:color>","<txt:color,grey>(Maksud saya, saya terpaksa sebab terbawa pulang jersi ni.)</txt:color>","<txt:color,grey>(Mình lỡ cầm luôn bộ đồng phục đã mượn về nhà nên cũng không thể không đến.)</txt:color>","<txt:color,grey>(Pero me llevé el uniforme prestado, así que no me quedó de otra).</txt:color>","<txt:color,grey>(Aku tidak bisa tidak datang. Seragam pinjamannya malah kubawa pulang.)</txt:color>","<txt:color,grey>(แต่เผลอถือยูนิฟอร์มที่ยืมมากลับไปด้วยทั้งแบบนั้น จะไม่มาก็ไม่ได้อีก)</txt:color>","<txt:color,grey>(Também não é como se eu pudesse simplesmente não voltar depois de levar o uniforme emprestado.)</txt:color>"
,,,백시우_교복,,1_엥,,,"<txt:color,grey>(일단 빨아오긴 했는데... <wrt:wait,25>얼른 돌려주고 가야겠다.)</txt:color>","<txt:color,grey>(I did wash it, but... <wrt:wait,25>I'll give it back and leave right away.)</txt:color>","<txt:color,grey>(一応洗濯はしたけど‥<wrt:wait,25>さっさと返して帰ろう)</txt:color>","<txt:color,grey>(虽然我已经洗干净了‥<wrt:wait,25>还是赶紧还了就走吧。)</txt:color>","<txt:color,grey>(總之先洗乾淨了‥<wrt:wait,25>趕快還完就走吧。)</txt:color>","<txt:color,grey>(И даже постирал... <wrt:wait,25>Надо просто отдать.)</txt:color>","<txt:color,grey>(Saya dah basuh, tapi... <wrt:wait,25>Saya akan pulangkan dan terus pergi.)</txt:color>","<txt:color,grey>(Dù sao mình cũng đã giặt rồi... <wrt:wait,25>Mau trả lại rồi đi thôi.)</txt:color>","<txt:color,grey>(Bueno, al menos lo traje lavado... <wrt:wait,25>Lo devolveré rápido y me iré).</txt:color>","<txt:color,grey>(Aku sudah mencucinya juga... <wrt:wait,25>Sebaiknya aku segera mengembalikannya lalu pergi.)</txt:color>","<txt:color,grey>(ยังไงก็ซักมาแล้ว... <wrt:wait,25>รีบคืนแล้วรีบกลับดีกว่า)</txt:color>","<txt:color,grey>(Pelo menos eu lavei o uniforme... <wrt:wait,25>Melhor devolvê-lo logo e ir embora.)</txt:color>"
,,,백시우_교복,,1_기본,,,"저기, 혹시 안에 아무도 없나요?",Is anyone here?,あの、誰かいませんか？,那个，请问有人在吗？,那個，請問有人在嗎？,"Эм, есть тут кто?",Ada sesiapa di sini?,"Xin hỏi, bên trong có ai không?","Disculpen, ¿hay alguien adentro?","Permisi, apa ada orang di dalam?",เอ่อ มีใครอยู่ข้างในไหมครับ?,Com licença... Tem alguém aí?
,,,TAG,,,,,"<cha:pos,백시우_교복,-2><cha:pos,정다희,1><cha:pos,유사야_교복,2>","<cha:pos,백시우_교복,-2><cha:pos,정다희,1><cha:pos,유사야_교복,2>","<cha:pos,백시우_교복,-2><cha:pos,정다희,1><cha:pos,유사야_교복,2>","<cha:pos,백시우_교복,-2><cha:pos,정다희,1><cha:pos,유사야_교복,2>","<cha:pos,백시우_교복,-2><cha:pos,정다희,1><cha:pos,유사야_교복,2>","<cha:pos,백시우_교복,-2><cha:pos,정다희,1><cha:pos,유사야_교복,2>","<cha:pos,백시우_교복,-2><cha:pos,정다희,1><cha:pos,유사야_교복,2>","<cha:pos,백시우_교복,-2><cha:pos,정다희,1><cha:pos,유사야_교복,2>","<cha:pos,백시우_교복,-2><cha:pos,정다희,1><cha:pos,유사야_교복,2>","<cha:pos,백시우_교복,-2><cha:pos,정다희,1><cha:pos,유사야_교복,2>","<cha:pos,백시우_교복,-2><cha:pos,정다희,1><cha:pos,유사야_교복,2>","<cha:pos,백시우_교복,-2><cha:pos,정다희,1><cha:pos,유사야_교복,2>"
,,,정다희,,,,,"...<txt:bold,2><txt:color,orange>사야</txt:color></txt:bold>야! 다시 함께 배구하자!","...<txt:bold,2><txt:color,orange>Saya</txt:color></txt:bold>! Let's play volleyball together again!","‥<txt:bold,2><txt:color,orange>沙夜</txt:color></txt:bold>！また一緒にバレーしようよ！","‥<txt:bold,2><txt:color,orange>沙夜</txt:color></txt:bold>！我们再一起打排球吧！","‥<txt:bold,2><txt:color,orange>沙夜</txt:color></txt:bold>！回來一起打排球吧！","...<txt:bold,2><txt:color,orange>Сая</txt:color></txt:bold>! Прошу, вернись в команду!","...<txt:bold,2><txt:color,orange>Saya</txt:color></txt:bold>! Jom main bola tampar bersama semula!","...<txt:bold,2><txt:color,orange>Saya</txt:color></txt:bold> ơi! Hãy cùng chơi bóng chuyền lại nhé!","<txt:bold,2><txt:color,orange>Saya</txt:color></txt:bold>, ¡juguemos juntas otra vez!","...<txt:bold,2><txt:color,orange>Saya</txt:color></txt:bold>! Ayo main voli bersama lagi!","...<txt:bold,2><txt:color,orange>ซายะ</txt:color></txt:bold>! กลับมาเล่นวอลเลย์บอลด้วยกันอีกครั้งเถอะ!","Hum... <txt:bold,2><txt:color,orange>Saya</txt:color></txt:bold>! Vamos voltar a jogar vôlei juntas!"
,,,유사야_교복,,1_기본,,,...곤란해.,...I can't.,‥困るわ。,‥别让我为难了。,‥這樣讓我很為難。,... Не могу.,...Saya tak boleh.,...Khó xử lắm.,No puedo...,...Itu sulit.,...ฉันลำบากใจนะ,Vai ser complicado.
,,,백시우_교복,,1_엥,,quest,"어라? 이 목소리는... <wrt:wait,25><txt:bold,2><txt:color,orange>다희</txt:color></txt:bold>?","Hmm? That voice is...<wrt:wait,25><txt:bold,2><txt:color,orange>Dahee</txt:color></txt:bold>?","あれ？この声は‥<wrt:wait,25><txt:bold,2><txt:color,orange>夏希</txt:color></txt:bold>？","咦？这声音是‥<wrt:wait,25><txt:bold,2><txt:color,orange>多熙</txt:color></txt:bold>？","咦？這個聲音是‥<wrt:wait,25><txt:bold,2><txt:color,orange>多熙</txt:color></txt:bold>？","О, <wrt:wait,25>кажется, это <txt:bold,2><txt:color,orange>Дахи</txt:color></txt:bold>.","Hmm? Itu suara...<wrt:wait,25><txt:bold,2><txt:color,orange>Dahee</txt:color></txt:bold>?","Ủa? Giọng nói này là... <wrt:wait,25><txt:bold,2><txt:color,orange>Dahee</txt:color></txt:bold>?","¿Eh? ¿Esa voz es de...? <wrt:wait,25>¿<txt:bold,2><txt:color,orange>Dahee</txt:color></txt:bold>?","Ehh? Ini kan suara... <wrt:wait,25><txt:bold,2><txt:color,orange>Dahee</txt:color></txt:bold>?","อ้าว? เสียงนี้มัน... <wrt:wait,25><txt:bold,2><txt:color,orange>ดาฮี</txt:color></txt:bold>?","Ué? Essa voz é... <wrt:wait,25>da <txt:bold,2><txt:color,orange>Dahee</txt:color></txt:bold>?"
,,,백시우_교복,,1_엥,,,"<txt:color,grey>(그런데 다른 한 명은 누구지? 어제 연습 때는 못 본 얼굴인데.)</txt:color>","<txt:color,grey>(Who's the other girl? I don't think I saw her yesterday.)</txt:color>","<txt:color,grey>(でも、もう一人は誰だろう？昨日の練習では見なかった顔だけど)</txt:color>","<txt:color,grey>(不过另一个人是谁？昨天的训练没见过她啊。)</txt:color>","<txt:color,grey>(不過另一個人是誰？昨天練習時沒見到她啊。)</txt:color>","<txt:color,grey>(Но кто рядом с ней? Вчера на тренировке я ее не видел.)</txt:color>","<txt:color,grey>(Siapa perempuan yang seorang lagi tu? Rasanya tak nampak dia semalam.)</txt:color>","<txt:color,grey>(Nhưng người còn lại là ai nhỉ? Hôm qua lúc tập mình chưa từng thấy mặt.)</txt:color>","<txt:color,grey>(Pero ¿quién será la otra persona? No recuerdo haberla visto en la práctica de ayer).</txt:color>","<txt:color,grey>(Tapi dengan siapa dia sedang berbicara? Aku tidak melihatnya saat latihan kemarin.)</txt:color>","<txt:color,grey>(แต่อีกคนคือใครกันนะ? ตอนซ้อมเมื่อวานก็ไม่เห็นเลย)</txt:color>","<txt:color,grey>(Quem será que tá com ela? Tenho certeza de que não tava aqui ontem no treino.)</txt:color>"
,,,정다희,,1_외침,,,"<txt:bold,2><txt:color,orange>사야</txt:color></txt:bold>, 우리 배구부에는 네가 필요해.","<txt:bold,2><txt:color,orange>Saya</txt:color></txt:bold>, the team needs you.","<txt:bold,2><txt:color,orange>沙夜</txt:color></txt:bold>、うちのバレー部にはあなたが必要なの。","<txt:bold,2><txt:color,orange>沙夜</txt:color></txt:bold>，我们排球部需要你。","<txt:bold,2><txt:color,orange>沙夜</txt:color></txt:bold>，我們排球部需要妳。","<txt:bold,2><txt:color,orange>Сая</txt:color></txt:bold>, ты очень нужна команде.","<txt:bold,2><txt:color,orange>Saya</txt:color></txt:bold>, kelab bola tampar kami perlukan kamu.","<txt:bold,2><txt:color,orange>Saya</txt:color></txt:bold>, CLB Bóng Chuyền cần cậu.","<txt:bold,2><txt:color,orange>Saya</txt:color></txt:bold>, nuestro club te necesita.","<txt:bold,2><txt:color,orange>Saya</txt:color></txt:bold>, klub voli kita membutuhkanmu.","<txt:bold,2><txt:color,orange>ซายะ</txt:color></txt:bold> ชมรมวอลเลย์บอลของเราต้องการเธอนะ","<txt:bold,2><txt:color,orange>Saya</txt:color></txt:bold>, a gente precisa de você."
,,,정다희,,1_외침,,,부탁할게. 한 번만 다시 생각해주면 안 될까?,Please reconsider.,お願い。もう一度だけ考え直してみてくれない？,拜托了。你就不能再考虑一下吗？,拜託妳了。再考慮一下好嗎？,Пожалуйста. Может ты передумаешь?,Tolong pertimbangkan semula.,Tôi xin cậu đó. Cậu cân nhắc lại một lần thôi được không?,Te lo pido. ¿No podrías pensarlo solo una vez más?,Aku mohon. Bisakah kamu memikirkannya sekali lagi?,ขอร้องล่ะ ลองคิดดูอีกสักครั้งไม่ได้เหรอ?,Estou te implorando. Pense nisso mais uma vez.
,,,유사야_교복,,1_차분,,silent,......미안.,...Sorry.,‥‥ごめん。,‥对不起。,‥對不起。,Мне жаль...,...Maaf.,...Xin lỗi.,Lo siento.,......Maaf.,......ขอโทษนะ,Sinto muito.
,,,정다희,,1_외침,,,그럼 경기라도 보고 생각해주면...,You can at least watch the match...,じゃあ、試合だけでも見て考えてくれたら‥,那你哪怕只来看看我们的比赛‥,那至少先來看一場比賽再決定‥,Хотя бы посмотри нашу игру.,Sekurang-kurangnya kamu boleh lihat perlawanan...,Vậy cậu xem trận đấu rồi hãy cân nhắc cũng được...,"Entonces, ¿podrías al menos ver el partido y pensarlo...?",Kalau begitu bagaimana kalau kamu tonton dulu pertandingan sebelum...,ถ้างั้นลองดูการแข่งขันก่อนแล้วค่อยคิด...,"Então, pelo menos veja uma partida antes de dar sua resposta..."
,,,백시우_교복,,1_기본,,,...뭔가 바빠 보이네.,...They look occupied.,‥なんか取り込み中みたいだな。,‥看来她现在挺忙的。,‥看起來挺忙的。,"Кажется, я не вовремя.",...Mereka nampak sibuk.,...Có vẻ họ đang bận nhỉ.,Parece que están ocupadas.,...Dia terlihat sedang sibuk.,...ดูเหมือนจะยุ่งๆ อยู่แฮะ,Parece que ela tá ocupada...
,,,백시우_교복,,1_웃음,,,그냥 다음에 돌려주러 올까.,I'll come back another time.,やっぱり、また今度返しに来るか。,我还是下次再来还吧。,下次再來還吧。,Зайду попозже.,Saya akan datang lain kali.,Hay để lần sau mình đến trả.,Mejor vuelvo otro día a devolverlo.,"Apa aku kembalikan lain kali saja, ya?",ไว้ค่อยมาคืนคราวหน้าดีไหมนะ,Talvez seja melhor devolver o uniforme num outro dia.
,,,-,,,,,"<txt:color,grey>(드르륵!)</txt:color>","<txt:color,grey>(*Slide*!)</txt:color>","<txt:color,grey>(ガラッ！)</txt:color>","<txt:color,grey>(唰啦！开门声)</txt:color>","<txt:color,grey>(唰啦！)</txt:color>","<txt:color,grey>(Шурх!)</txt:color>","<txt:color,grey>(*Gelongsor*!)</txt:color>","<txt:color,grey>*Cạch*</txt:color>","<txt:color,grey>(¡Trrr!)</txt:color>","<txt:color,grey>(Srek!)</txt:color>","<txt:color,grey>(ครืด!)</txt:color>","<txt:color,grey>(Drrrrr!)</txt:color>"
,,,유사야_교복,,1_기본,,,...그럼 먼저 가볼게.,...See you.,‥じゃあ、先に行くね。,‥那我先走了。,‥那我先走了。,Мне пора...,...Jumpa lagi.,...Vậy tôi đi trước.,"Bueno, ya me voy.","...Kalau begitu, aku pergi dulu.",...ฉันขอตัวก่อนล่ะ,Então eu vou indo primeiro.
,,,TAG,,,,,"<cha:pos,백시우_교복,-2><cha:pos,정다희,2><cha:pos,유사야_교복,4>","<cha:pos,백시우_교복,-2><cha:pos,정다희,2><cha:pos,유사야_교복,4>","<cha:pos,백시우_교복,-2><cha:pos,정다희,2><cha:pos,유사야_교복,4>","<cha:pos,백시우_교복,-2><cha:pos,정다희,2><cha:pos,유사야_교복,4>","<cha:pos,백시우_교복,-2><cha:pos,정다희,2><cha:pos,유사야_교복,4>","<cha:pos,백시우_교복,-2><cha:pos,정다희,2><cha:pos,유사야_교복,4>","<cha:pos,백시우_교복,-2><cha:pos,정다희,2><cha:pos,유사야_교복,4>","<cha:pos,백시우_교복,-2><cha:pos,정다희,2><cha:pos,유사야_교복,4>","<cha:pos,백시우_교복,-2><cha:pos,정다희,2><cha:pos,유사야_교복,4>","<cha:pos,백시우_교복,-2><cha:pos,정다희,2><cha:pos,유사야_교복,4>","<cha:pos,백시우_교복,-2><cha:pos,정다희,2><cha:pos,유사야_교복,4>","<cha:pos,백시우_교복,-2><cha:pos,정다희,2><cha:pos,유사야_교복,4>"
,,,정다희,,1_기본,,,"으으, <txt:bold,2><txt:color,orange>사야</txt:color></txt:bold>가 돌아와 주면 정말 좋을 텐데...<wrt:wait,25> 어라? <cha:pop,정다희><txt:bold,2><txt:color,orange>시우</txt:color></txt:bold>야?!","Ngh, it would be great if <txt:bold,2><txt:color,orange>Saya</txt:color></txt:bold> were to come back...<wrt:wait,25> Huh? <cha:pop,정다희><txt:bold,2><txt:color,orange>Siwoo</txt:color></txt:bold>?!","う～ん、<txt:bold,2><txt:color,orange>沙夜</txt:color></txt:bold>が戻ってきてくれたら本当に嬉しいんだけど‥<wrt:wait,25>あれ？<cha:pop,정다희><txt:bold,2><txt:color,orange>新</txt:color></txt:bold>！？","唉，要是<txt:bold,2><txt:color,orange>沙夜</txt:color></txt:bold>能回来该多好啊‥<wrt:wait,25>咦？<cha:pop,정다희><txt:bold,2><txt:color,orange>时宇</txt:color></txt:bold>？！","嗚嗚，<txt:bold,2><txt:color,orange>沙夜</txt:color></txt:bold>要是能回來就好了‥<wrt:wait,25>咦？<cha:pop,정다희><txt:bold,2><txt:color,orange>時宇</txt:color></txt:bold>？！","Эх, вот бы <txt:bold,2><txt:color,orange>Сая</txt:color></txt:bold> вернулась к нам... <wrt:wait,25>О, <cha:pop,정다희><txt:bold,2><txt:color,orange>Шиу</txt:color></txt:bold>!","Aduh, alangkah bagusnya kalau <txt:bold,2><txt:color,orange>Saya</txt:color></txt:bold> kembali...<wrt:wait,25> Eh? <cha:pop,정다희><txt:bold,2><txt:color,orange>Siwoo</txt:color></txt:bold>?!","Ư ư, nếu <txt:bold,2><txt:color,orange>Saya</txt:color></txt:bold> quay lại thì tốt biết mấy...<wrt:wait,25> Ủa? <cha:pop,정다희><txt:bold,2><txt:color,orange>Siwoo</txt:color></txt:bold>?!","Ay, ojalá <txt:bold,2><txt:color,orange>Saya</txt:color></txt:bold> regresara. <wrt:wait,25> ¿Eh? <cha:pop,정다희>¡¿<txt:bold,2><txt:color,orange>Siwoo</txt:color></txt:bold>?!","Aduh, senangnya kalau <txt:bold,2><txt:color,orange>Saya</txt:color></txt:bold> mau kembali...<wrt:wait,25> Eh? <cha:pop,정다희><txt:bold,2><txt:color,orange>Siwoo</txt:color></txt:bold>?!","ฮื่อ ถ้า<txt:bold,2><txt:color,orange>ซายะ</txt:color></txt:bold>ยอมกลับมา ก็คงจะดีมากเลยแท้ๆ...<wrt:wait,25> อ้าว? <cha:pop,정다희><txt:bold,2><txt:color,orange>ชีอู</txt:color></txt:bold>?!","Ahh, seria tão bom se a <txt:bold,2><txt:color,orange>Saya</txt:color></txt:bold> voltasse...<wrt:wait,25> Hã? <cha:pop,정다희><txt:bold,2><txt:color,orange>Siwoo</txt:color></txt:bold>?"
,,,백시우_교복,,1_기본,,,안녕. 내가 중요한 대화를 방해한 건 아니지?,Hey. I hope I'm not interrupting something important.,やあ、大事な話の邪魔しちゃったかな？,嗨。我没打扰到你们的重要谈话吧？,嗨，我應該沒有打擾到妳們談正事吧？,Привет! Я не помешал?,Hei. Harapnya saya tak ganggu sesuatu yang penting.,Xin chào. Tôi không làm phiền cuộc trò chuyện quan trọng của cậu chứ?,Hola. Espero no haber interrumpido algo importante.,"Halo. Aku tidak mengganggu pembicaraan penting, kan?",สวัสดี ฉันไม่ได้มาขัดจังหวะเรื่องสำคัญหรอกใช่ไหม?,"Oi! Não tô atrapalhando nada importante, né?"
,,,정다희,,2_헤헤,,,아니야~! 마침 얘기 끝난 참이었어. 무슨 일이야?,Not at all! We just finished talking. What's up?,ううん～！ちょうど話が終わったところ。どうしたの？,没有啦～！刚好说完。怎么了？,沒有啦～！我們剛好談完了。怎麼了嗎？,"Нет, мы уже закончили. Ты что-то хотел?",Langsung tidak! Kami baru habis bercakap. Apa hal?,Không đâu~! Đúng lúc vừa nói chuyện xong. Cậu đến có việc gì vậy?,¡Para nada! Justo acabábamos de terminar de hablar. ¿Qué pasa?,"Tidak, kok~! Kita baru saja selesai bicara. Ada apa?",ไม่นะ~! คุยจบพอดีเลยน่ะ แล้วนายมีธุระอะไรเหรอ?,Claro que não! Nós acabamos de terminar de conversar. O que houve?
,,,정다희,,3_활짝,wave,,"앗, 혹시...! <txt:wave,1>배구부에 들어오려고?</txt:wave>","Wait... <txt:wave,1>Are you here to join the volleyball team?</txt:wave>","あっ、もしかして‥！<txt:wave,1>バレー部に入ってくれるの？</txt:wave>","啊，难道是‥！<txt:wave,1>你想通了，要加入排球部了吗？</txt:wave>","啊，難道‥！<txt:wave,1>你決定要加入排球部了嗎？</txt:wave>","Неужели... <txt:wave,1>Решил вступить в команду?</txt:wave>","Nanti... <txt:wave,1>Kamu datang untuk sertai pasukan bola tampar?</txt:wave>","A, chẳng lẽ...! <txt:wave,1>Cậu đến gia nhập CLB Bóng Chuyền à?</txt:wave>","Ah, ¿será que...?! <txt:wave,1>¿Vienes a unirte al club de voleibol?</txt:wave>","Ah, jangan bilang...! <txt:wave,1>Kamu berniat bergabung dengan klub bola voli?</txt:wave>","อ๊ะ หรือว่า...! <txt:wave,1>นายจะมาเข้าชมรมวอลเลย์บอล?</txt:wave>","Espera! <txt:wave,1>Não me diga que decidiu entrar pro time!</txt:wave>"
,,,백시우_교복,,1_웃음,,,아하하... 어제 빌려준 유니폼을 돌려주러 왔어.,Ahaha... I'm just here to return the uniform I borrowed yesterday.,あはは‥昨日借りたユニフォーム、返しに来たんだ。,啊哈哈‥我是来还昨天借的队服的。,啊哈哈‥我是來還昨天借的隊服的。,"Ха-ха... Нет, пришел вернуть форму.",Ahaha... Saya cuma datang untuk pulangkan jersi yang saya pinjam semalam.,A ha ha... Tôi đến trả lại bộ đồng phục hôm qua đã mượn.,Jajaja... Vine a devolver el uniforme que me prestaron ayer.,Ahahaha... Aku datang untuk mengembalikan seragam yang kupinjam kemarin.,อะฮ่าฮ่า... ฉันเอายูนิฟอร์มที่เธอให้ยืมเมื่อวานมาคืนน่ะ,Haha... Eu só vim devolver o uniforme.
,,,백시우_교복,,1_기본,,,깜빡하고 집에 가져가 버렸더라고. 깨끗하게 세탁해 왔으니까 여기 돌려줄게.,"I accidentally took it back home, but I washed it. Here.",うっかり家に持って帰っちゃってさ、綺麗に洗濯してきたよ。はい、これ。,昨天不小心带回家了。我已经洗干净了，还给你。,昨天不小心就帶回家了。我已經洗乾淨了，還給妳。,Случайно унес домой. Я ее постирал и принес обратно.,"Saya tak sengaja terbawa pulang, tapi saya dah basuh. Nah.","Tôi quên mất nên lỡ mang về nhà. Tôi đã giặt sạch rồi, trả lại cậu ở đây nhé.","Me lo terminé llevando sin querer. Lo lavé bien, así que aquí te lo devuelvo.","Aku tidak sengaja membawanya pulang. Sudah kucuci bersih juga, jadi ini kukembalikan padamu.",ดันเผลอเอากลับไปบ้านด้วย ฉันซักมาให้สะอาดแล้วล่ะ เอ้านี่,"Acabei levando pra casa. Já tá lavado, pode ficar tranquila."
,,,정다희,,1_쿨쿨,pause,,"그래? <txt:size,-1>가입하러 온 게</txt:size> <txt:size,-2>아니었구나...</txt:size>","Ah, so <txt:size,-1>you're not here</txt:size> <txt:size,-2>to join the team...</txt:size>","そうなんだ？<txt:size,-1>入部しに来たわけじゃ</txt:size><txt:size,-2>なかったんだね‥</txt:size>","这样啊？<txt:size,-1>原来你不是来</txt:size><txt:size,-2>入部的啊‥</txt:size>","這樣啊？<txt:size,-1>原來不是要</txt:size><txt:size,-2>入部的啊‥</txt:size>","Вот как? <txt:size,-1>Значит, вступать к нам</txt:size> <txt:size,-2>ты не собирался...</txt:size>","Ah, jadi <txt:size,-1>kamu bukan datang</txt:size> <txt:size,-2>untuk sertai pasukan...</txt:size>","Vậy à? <txt:size,-1>Thì ra không phải đến</txt:size> <txt:size,-2>để gia nhập...</txt:size>","Ah, ¿sí? <txt:size,-1>O sea que no viniste a inscribirte...</txt:size> <txt:size,-2>Entiendo...</txt:size>","Begitu, ya? <txt:size,-1>Jadi kamu bukan datang untuk</txt:size> <txt:size,-2>bergabung...</txt:size>","งั้นเหรอ? <txt:size,-1>ไม่ได้จะมา</txt:size><txt:size,-2>สมัครเข้าชมรมสินะ...</txt:size>","Entendi... <txt:size,-1>Então você não veio para</txt:size> <txt:size,-2>entrar no time</txt:size>."
,,,백시우_교복,,1_정적,,sweat,"<txt:color,grey>(...눈에 띄게 시무룩해지네.)</txt:color>","<txt:color,grey>(She's very visibly upset.)</txt:color>","<txt:color,grey>(‥目に見えて落ち込んでるな)</txt:color>","<txt:color,grey>(‥肉眼可见地失落了啊。)</txt:color>","<txt:color,grey>(‥明顯變得很失落呢。)</txt:color>","<txt:color,grey>(Она сразу такой грустной стала.)</txt:color>","<txt:color,grey>(Dia nampak sangat kecewa.)</txt:color>","<txt:color,grey>(...Cậu ấy xịu xuống thấy rõ luôn.)</txt:color>","<txt:color,grey>(Se ve muy decepcionada...)</txt:color>","<txt:color,grey>(...Dia terlihat sangat kecewa.)</txt:color>","<txt:color,grey>(...ซึมลงแบบเห็นได้ชัดเลยแฮะ)</txt:color>","<txt:color,grey>(Dá para ver claramente o quanto ela ficou decepcionada.)</txt:color>"
,,,백시우_교복,,1_엥,,,"그, 그나저나 아까 나간 사람도 배구부원이야?",I-is that girl from earlier in the team too?,そ、そういえばさっき出ていった人もバレー部員？,那，那个，刚才出去的那个人也是排球部的吗？,那、那個，剛才走出去的那個人也是排球部的嗎？,А та девушка играет с вами в клубе?,Budak perempuan tadi tu pun dalam pasukan ni juga?,"M, mà... người vừa ra ngoài lúc nãy cũng là thành viên CLB Bóng Chuyền à?","P-por cierto, ¿la persona que salió hace un rato también es del club de voleibol?","Ngomong-ngomong, apa orang yang barusan keluar itu juga anggota klub bola voli?",วะ ว่าแต่ คนที่ออกไปเมื่อกี้ก็เป็นสมาชิกชมรมวอลเลย์บอลเหรอ?,Falando nisso... a garota que acabou de sair também faz parte do time?
,,,정다희,,1_쿨쿨,,,"으응... <wrt:wait,25>아니, 이젠 아니야.","Yeah... <wrt:wait,25>Well, not anymore.","うん‥<wrt:wait,25>ううん、今はもう違うの。","嗯‥<wrt:wait,25>以前是，现在不是了。","嗯‥<wrt:wait,25>不是，現在不是了。","Уже нет. <wrt:wait,25>Но раньше играла.","Ya... <wrt:wait,25>Sekarang dah tak lagi.","Ưm... <wrt:wait,25>Không, giờ thì không phải nữa.","Sí... bueno, <wrt:wait,25>no. Ya no lo es.","Iya... <wrt:wait,25>Tidak, maksudku sekarang sudah tidak lagi.","อื้ม... <wrt:wait,25>ไม่สิ ตอนนี้ไม่ใช่แล้วล่ะ","Hum... <wrt:wait,25>Não. Pelo menos, não mais."
,,,백시우_교복,,1_엥,,quest,이젠?,Anymore?,今はもう‥って？,现在不是了？,現在不是？,Вот как?,Dah tak lagi?,Giờ thì là sao?,¿Cómo que ya no?,Sekarang?,ตอนนี้?,Não mais?
,,,정다희,,1_기본,,,"작년에 같이 뛰었던 친구인데, 올해 사정이 생겼다고 나가버렸거든.","She was in the team last year, but she left the team due to personal reasons this year.",去年まで部員だった子なんだけど、今年事情ができたって辞めちゃったのよね。,她是我去年一起打球的朋友，今年因为有些个人原因就退出了。,她是去年一起打球的朋友，但今年因為一些私人原因退社了。,"<txt:bold,2><txt:color,orange>Сая</txt:color></txt:bold> была с нами в прошлом году, но потом что-то случилось, и она ушла.","Dia masuk pasukan tahun lepas, tapi keluar atas sebab peribadi tahun ni.","Cậu ấy là người từng chơi cùng bọn tôi năm ngoái, nhưng năm nay nói có việc nên rời CLB rồi.","Jugó con nosotros el año pasado, pero este año le surgió algo y terminó saliéndose.","Dia teman yang bermain bersama pada tahun lalu, tapi dia keluar karena ada suatu alasan tahun ini.",ปีก่อนเคยเล่นด้วยกัน แต่ว่าปีนี้ออกไปแล้วเพราะเรื่องส่วนตัวน่ะ,"Ela jogou com a gente no ano passado, mas precisou sair este ano por motivos pessoais."
,,,정다희,,1_기본,,,그 뒤로 너무 아쉬워서 계속 설득해보는 중이야.,I've been trying to change her mind ever since.,それからどうしても諦めきれなくて、ずっと説得してるところ。,我实在觉得太可惜了，所以一直想劝她回来。,因為實在太可惜了，所以我一直想說服她回來。,Я пытаюсь уговорить ее вернуться.,"Sejak itu saya masih rasa sayang, jadi saya terus cuba pujuk dia.",Sau đó tôi thấy tiếc quá nên vẫn đang cố thuyết phục cậu ấy.,"Me dio muchísima lástima que se fuera, por eso sigo tratando de convencerla de volver.","Aku sangat menyayangkannya, jadi aku sedang terus membujuknya kembali.",หลังจากตอนนั้น ฉันก็เสียดายมาก เลยกำลังโน้มน้าวอยู่เรื่อยๆ,"Desde então, continuo tentando convencê-la a voltar."
,,,백시우_교복,,1_무표정,,,"<txt:color,grey>(그랬구나. 그러고 보니 지난 연습 때도 멤버가 부족해 보였지.)</txt:color>","<txt:color,grey>(I see. They did look short on members yesterday.)</txt:color>","<txt:color,grey>(そうだったんだ。そういえば、この前の練習でもメンバーが足りてないみたいだったな)</txt:color>","<txt:color,grey>(原来如此。说起来，上次训练的时候人手确实看起来不太够。)</txt:color>","<txt:color,grey>(原來如此。難怪昨天練習的時候也覺得人數好像不太夠。)</txt:color>","<txt:color,grey>(Ясно. Команде действительно не хватает игроков.)</txt:color>","<txt:color,grey>(Begitu rupanya. Semalam ahli mereka macam kurang.)</txt:color>","<txt:color,grey>(Thì ra là vậy. Nghĩ lại thì lần tập trước cũng có vẻ thiếu người thật.)</txt:color>","<txt:color,grey>(Ya veo. Ahora que lo pienso, en la práctica pasada también parecía faltarles gente).</txt:color>","<txt:color,grey>(Jadi begitu. Kalau dipikir-pikir, saat latihan kemarin pun sepertinya mereka kekurangan anggota.)</txt:color>","<txt:color,grey>(อย่างนี้นี่เอง จะว่าไปแล้ว ตอนที่ซ้อมครั้งก่อนก็ดูมีสมาชิกไม่พอแหละ)</txt:color>","<txt:color,grey>(Entendi... Pensando bem, o time realmente parecia estar com poucos jogadores no último treino.)</txt:color>"
,,,백시우_교복,,1_시무룩,,,"<txt:color,grey>(도와주고 싶긴 하지만... <wrt:wait,25>으음...)</txt:color>","<txt:color,grey>(I want to help, but... <wrt:wait,25>Hmm...)</txt:color>","<txt:color,grey>(力になってあげたいけど‥<wrt:wait,25>うーん‥)</txt:color>","<txt:color,grey>(虽然我也想帮忙，但是‥<wrt:wait,25>嗯‥)</txt:color>","<txt:color,grey>(雖然很想幫忙‥<wrt:wait,25>嗯‥)</txt:color>","<txt:color,grey>(Хотел бы я помочь. <wrt:wait,25>Но...)</txt:color>","<txt:color,grey>(Saya mahu membantu tapi... <wrt:wait,25>Hmm...)</txt:color>","<txt:color,grey>(Mình cũng muốn giúp, nhưng mà... <wrt:wait,25>ừm...)</txt:color>","<txt:color,grey>(Me gustaría ayudarla, pero... <wrt:wait,25>Mmm...)</txt:color>","<txt:color,grey>(Aku ingin membantu tapi... <wrt:wait,25>Hmm...)</txt:color>","<txt:color,grey>(ถึงจะอยากช่วยก็เถอะ แต่ว่า... <wrt:wait,25>อืม...)</txt:color>","<txt:color,grey>(Eu gostaria de ajudar, <wrt:wait,25>mas...)</txt:color>"
,,,TAG,,,,,"<sys:quiet,1000>","<sys:quiet,1000>","<sys:quiet,1000>","<sys:quiet,1000>","<sys:quiet,1000>","<sys:quiet,1000>","<sys:quiet,1000>","<sys:quiet,1000>","<sys:quiet,1000>","<sys:quiet,1000>","<sys:quiet,1000>","<sys:quiet,1000>"
,,,백시우_교복,,1_기본,,,아무튼 유니폼은 잘 전달했으니까 난 이만 가볼게.,"Well, you have the uniform now, so I'll get going.",とにかくユニフォームは渡したから、俺はこれで帰るね。,总之队服我还给你了，我先走了啊。,總之，隊服已經歸還了，我就先走囉。,"Форму отдал, так что я пойду.","Baiklah, kamu pun dah dapat jersi, jadi saya gerak dulu.","Tôi đã trả lại đồng phục rồi, tôi xin phép đi trước nhé.","En fin, ya te devolví el uniforme, así que me voy.","Jadi karena seragamnya sudah kukembalikan, aku pergi dulu, ya.",ยังไงก็ฉันคืนยูนิฟอร์มให้เรียบร้อยแล้ว ขอตัวก่อนนะ,"Enfim, já devolvi o uniforme, então vou indo."
,,,정다희,,1_외침,,,"으, 응, ...<wrt:wait,25>저기, <cha:pop,정다희><txt:bold,2><txt:color,orange>시우</txt:color></txt:bold>야!!!","Y-yeah...<wrt:wait,25> Um, <cha:pop,정다희><txt:bold,2><txt:color,orange>Siwoo</txt:color></txt:bold>!","う、うん‥<wrt:wait,25>あの、<cha:pop,정다희><txt:bold,2><txt:color,orange>新</txt:color></txt:bold>！！！","呃，嗯‥<wrt:wait,25>那个，<cha:pop,정다희><txt:bold,2><txt:color,orange>时宇</txt:color></txt:bold>！！！","嗯，好，‥<wrt:wait,25>那個，<cha:pop,정다희><txt:bold,2><txt:color,orange>時宇</txt:color></txt:bold>！！！","Угу... <wrt:wait,25>Постой, <cha:pop,정다희><txt:bold,2><txt:color,orange>Шиу</txt:color></txt:bold>!","Ya...<wrt:wait,25> Um, <cha:pop,정다희><txt:bold,2><txt:color,orange>Siwoo</txt:color></txt:bold>!","Ư, ừ... <wrt:wait,25>Này, <cha:pop,정다희><txt:bold,2><txt:color,orange>Siwoo</txt:color></txt:bold> ơi!!!","Ah, s-sí...<wrt:wait,25>Este... ¡<cha:pop,정다희><txt:bold,2><txt:color,orange>Siwoo</txt:color></txt:bold>!","I-iya, ...<wrt:wait,25>Tunggu, <cha:pop,정다희><txt:bold,2><txt:color,orange>Siwoo</txt:color></txt:bold>!!!","อะ อื้ม ...<wrt:wait,25>เอ่อ <cha:pop,정다희><txt:bold,2><txt:color,orange>ชีอู</txt:color></txt:bold>!!!","A-Ah, certo... <wrt:wait,25>Ei, <cha:pop,정다희><txt:bold,2><txt:color,orange>Siwoo</txt:color></txt:bold>!"
,,,TAG,,,,,"<sys:bgm,BGM_DAHEE_DILEMMA,1000>","<sys:bgm,BGM_DAHEE_DILEMMA,1000>","<sys:bgm,BGM_DAHEE_DILEMMA,1000>","<sys:bgm,BGM_DAHEE_DILEMMA,1000>","<sys:bgm,BGM_DAHEE_DILEMMA,1000>","<sys:bgm,BGM_DAHEE_DILEMMA,1000>","<sys:bgm,BGM_DAHEE_DILEMMA,1000>","<sys:bgm,BGM_DAHEE_DILEMMA,1000>","<sys:bgm,BGM_DAHEE_DILEMMA,1000>","<sys:bgm,BGM_DAHEE_DILEMMA,1000>","<sys:bgm,BGM_DAHEE_DILEMMA,1000>","<sys:bgm,BGM_DAHEE_DILEMMA,1000>"
,,,정다희,,1_외침,,,"그게, 그러니까... <wrt:wait,25>크흠! 혹시 배구를 그만두려고 하는 이유가 뭐야?","So, uh... <wrt:wait,25>Ahem! Why are you trying to quit volleyball?","その、つまり‥<wrt:wait,25>コホン！バレーをやめようとしてる理由って何？","那个，我是想问‥<wrt:wait,25>咳咳！你为什么打算不打排球了啊？","那個，就是‥<wrt:wait,25>咳嗯！你為什麼想放棄排球啊？","Можно спросить? <wrt:wait,25>Почему ты бросил волейбол?","Sebenarnya, saya... <wrt:wait,25>Ehem! Boleh saya tahu kenapa kamu nak berhenti main bola tampar?","Chuyện đó, ý tôi là... <wrt:wait,25>E hèm! Vì sao cậu lại muốn bỏ chơi bóng chuyền vậy?","Eh... <wrt:wait,25>¡Ejem! ¿Puedo preguntarte por qué dejaste el voleibol?","Jadi, itu... <wrt:wait,25>Ehem! Boleh aku tahu alasanmu ingin berhenti main bola voli?","คือว่า... <wrt:wait,25>อะแฮ่ม! เหตุผลที่นายคิดจะเลิกเล่นวอลเลย์บอลคืออะไรเหรอ?","Bem... Quero dizer... <wrt:wait,25>Cof! Posso te perguntar por que você decidiu parar de jogar vôlei?"
,,,백시우_교복,,1_엥,,,응?,Huh?,え？,嗯？,嗯？,Почему?,Apa?,Hả?,¿Eh?,Eh?,หืม?,Hã?
,,,정다희,,1_기본,wave,,어제 봤을 때 기본기가 무지 탄탄해 보였거든.,You had really solid form when I saw you yesterday.,昨日見た時、基礎がすごくしっかりしているように見えたから。,昨天我看你打球，基本功非常扎实呢。,昨天看你打球，基本功非常紮實呢。,"Видно, что ты занимался серьезно и долго.",Semalam saya nampak asas permainan kamu sangat kukuh.,Hôm qua tôi thấy nền tảng cơ bản của cậu cực kỳ vững.,"Es que ayer, cuando te vi, se notaba que tenías unas bases muy sólidas.","Dari yang aku lihat kemarin, teknik dasarmu terlihat sangat kokoh.",ที่เห็นเมื่อวาน นายดูมีพื้นฐานแน่นมากเลยนะ,"Ontem, quando te vi jogando, seus fundamentos pareceram extremamente sólidos."
,,,정다희,,1_웃음,wave,,사실 그 정도 기본기를 갖추려면 정말 피나는 연습을 해야 하잖아.,And I know that it takes serious elbow grease to be able to reach that level.,だって、あれほどの基礎を身につけるには、相当血のにじむ練習が必要だったはずでしょ。,说实话，能练出那种基本功，肯定下过苦功夫吧。,要練到那種程度的基本功，肯定付出相當大的努力和汗水。,"Чтобы так играть, нужно тренироваться годами.","Untuk dapat asas sekukuh itu, mesti kamu dah berlatih bersungguh-sungguh.","Thật ra để có nền tảng như vậy, chắc cậu đã phải luyện tập rất nhiều.","Y para llegar a ese nivel, hace falta entrenar hasta el cansancio.","Aku merasa untuk memiliki teknik dasar setingkat itu, kamu pasti telah melalui latihan yang sangat berat.",จริงๆ แล้วถ้าจะให้ได้พื้นฐานขนาดนั้นน่ะ ต้องซ้อมหนักแทบตายเลยนี่นา,"E, pra chegar a esse nível de técnica, é preciso muito suor no treino."
,,,정다희,,1_기본,wave,,"그런데도 배구를 안 한다고 하니까, 내가 다 아쉬워서. 혹시 이유를 물어봐도 될까?",But you don't want to play volleyball. It's just a real bummer. Can I ask why?,それなのにバレーをやめたって言うから、何か私まで残念になっちゃって。よかったら、理由を聞いてもいいかな？,既然这样，为什么不打了呢？我都替你觉得惋惜。能告诉我原因吗？,可是你卻說不打了，連我都覺得好可惜。如果不介意的話，能告訴我原因嗎？,"Жалко, что твой талант пропадает. Вот мне и стало любопытно.",Tapi kamu tak mahu main bola tampar. Rugi betul. Boleh saya tahu kenapa?,"Vậy mà cậu lại bảo không chơi bóng chuyền nữa, tôi thấy tiếc quá. Tôi hỏi lý do được không?","Por eso, cuando dijiste que lo habías dejado por completo, me dio mucha lástima. ¿Puedo preguntarte el motivo?","Tapi kamu malah tidak mau main bola voli lagi, dan aku merasa sangat menyayangkan hal itu. Jadi boleh aku tanya alasannya?",แต่ถึงอย่างนั้นนายก็บอกว่าจะไม่เล่นวอลเลย์บอลแล้ว ฉันเลยเสียดายแทนน่ะ ฉันถามเหตุผลได้รึเปล่า?,Por isso fiquei tão surpresa quando disse que não joga mais. Posso perguntar o motivo?
,,,백시우_교복,,1_웃음,,,"...뭐... <wrt:wait,30>하하, 흔한 얘기야.","... Well... <wrt:wait,30>Haha, it's nothing special.","‥まあ‥<wrt:wait,30>はは、よくある話だよ。","‥怎么说呢‥<wrt:wait,30>哈哈，其实挺老套的。","‥這個嘛‥<wrt:wait,30>哈哈，其實挺老套的。","Ха-ха...<wrt:wait,30>История довольно обычная.","... Biasalah... <wrt:wait,30>Haha, tiada yang istimewa pun.","...Ừm... <wrt:wait,30>Ha ha, cũng là chuyện thường gặp thôi.","Bueno... <wrt:wait,30>No es una historia fuera de lo normal.","...Yah... <wrt:wait,30>Haha, ini cerita yang tidak asing, sih.","...ก็... <wrt:wait,30>ฮะฮะ เรื่องปกติแหละ","Bom... <wrt:wait,30>é um motivo bem clichê, na verdade."
,,,백시우_교복,,1_기본,,,"어릴 때 좀 잘해서 주위에서 기대도 많이 받고, 꾸준히 훈련도 했는데.","I was good at it when I was young, and people started expecting more of me. So I trained and I trained...",子供の頃にちょっと上手かったから、周りからも期待されたし、コツコツ練習も続けてきたんだけどね。,小时候打得还行，周围人对我期望很高，我也一直坚持训练。,小時候打得還不錯，所以周圍的人抱有很大期待，我也一直很努力訓練。,"В детстве у меня хорошо получалось, и все ждали от меня великих побед.","Masa kecil saya agak berbakat, jadi ramai orang menaruh harapan pada saya. Saya pun terus berlatih.","Lúc nhỏ tôi chơi khá tốt nên được mọi người kỳ vọng rất nhiều, rồi cũng luyện tập đều đặn.","De niño era bastante bueno y la gente a mi alrededor esperaba mucho de mí, así que entrenaba muchísimo.","Aku cukup ahli saat masih kecil, jadi orang-orang di sekitarku punya ekspektasi tinggi padaku. Dan aku pun terus berlatih tanpa henti.",ตอนเด็กฉันเล่นเก่งนิดหน่อย คนรอบตัวก็เลยคาดหวังกันเยอะ แล้วก็ฝึกซ้อมมาตลอดด้วย,"Quando eu era mais novo, eu jogava bem, as pessoas ao meu redor tinham grandes expectativas e eu treinava sem parar."
,,,백시우_교복,,1_무표정,,,밤낮으로 배구만 하니까 너무 힘들더라고.,But training nonstop wore me out.,昼も夜もバレー漬けの毎日で、すごく辛かったんだ。,但没日没夜地光打排球，真的太累了。,但日以繼夜地只打排球，實在太累了。,"Я сутками тренировался, но однажды просто устал.",Tapi latihan tanpa henti buat saya penat.,Nhưng ngày đêm chỉ có bóng chuyền nên tôi thấy mệt mỏi quá.,Pero dedicarme al voleibol día y noche se volvió muy pesado.,"Tapi bermain bola voli tanpa henti, siang dan malam itu sangat melelahkan.",แต่พอเล่นแต่วอลเลย์บอลตลอดเวลา มันก็เหนื่อยมากเลย,"Mas viver apenas para o vôlei, dia e noite, acabou me desgastando demais."
,,,백시우_교복,,1_시무룩,,sweat,부모님 기대에 부응하지 못하는 것 같아서 죄책감도 들고.,And I felt guilty for failing to live up to my parents' expectations.,親の期待にも応えられてない気がして、何か罪悪感も湧いてきてさ。,感觉辜负了父母的期待，心里也很愧疚。,總覺得達不到父母的期望，心裡也充滿了罪惡感。,"Винил себя, что подвожу родителей.",Saya pun rasa bersalah sebab gagal memenuhi harapan ibu bapa saya.,Tôi cũng thấy có lỗi vì không thể đáp lại kỳ vọng của bố mẹ.,"Además, sentía culpa porque creía que no estaba cumpliendo con las expectativas de mis padres.",Aku juga merasa bersalah karena tidak bisa memenuhi ekspektasi orang tuaku.,แถมยังรู้สึกผิด เพราะเหมือนทำไม่ได้ตามที่พ่อแม่คาดหวังด้วย,Também me sentia culpado por achar que não tava correspondendo às expectativas dos meus pais.
,,,백시우_교복,,1_웃음,,,"그래서 결국 그만둔 거지 뭐, 하하. 되게 뻔한 이유지?","That's why I quit, haha. Kinda cliche, right?",それで結局辞めちゃったってわけ。はは、よくある理由だろ？,所以最后就不打了，哈哈。理由很老套吧？,所以最後就放棄了，哈哈。理由很普通對吧？,Вот и бросил. Все просто.,"Itulah sebabnya saya berhenti, haha. Agak klise, bukan?","Vậy nên cuối cùng tôi bỏ thôi, ha ha. Lý do rất bình thường đúng không?","Así que al final terminé dejándolo. Jaja. Suena muy típico, ¿no?","Dan akhirnya aku berhenti, haha. Alasan yang sangat biasa, kan?",สุดท้ายฉันก็เลยเลิกเล่นนั่นแหละ ฮะฮะ เป็นเหตุผลที่ธรรมดามากใช่ไหมล่ะ?,"Então acabei desistindo. Haha... É um motivo bem clichê, não acha?"
,,,정다희,,1_언짢,,silent,...아냐. 그게 제일 힘들지.,...Not at all. That must've been really rough.,‥ううん。それが一番辛いよね。,‥不。那种感觉才是最痛苦的。,‥才不會呢，那才是最辛苦的部分。,...Нет. Как раз это и бывает тяжелее всего.,...Tak adalah. Keadaan tu pasti sukar buat kamu.,...Không đâu. Điều đó mới là khó khăn nhất.,No. Eso es muy difícil.,...Tidak. Justru hal seperti itu yang paling menyulitkan.,...ไม่หรอก นั่นมันเหนื่อยที่สุดเลยล่ะ,"Não, deve ter sido difícil."
,,,정다희,,1_기본,,,"나도 무슨 마음인지 알아. 우리 언니, 프로 배구 선수거든.",I can imagine how you must've felt. My older sister is a pro volleyball player.,私にもその気持ち、分かるよ。私のお姉ちゃん、プロのバレー選手なんだ。,我能理解你的心情。我姐姐就是职业排球选手。,我能體會你的心情，因為我姐姐也是職業排球選手。,"Я понимаю, о чем ты. У меня сестра профессиональная волейболистка.",Saya boleh bayangkan perasaan kamu. Kakak saya seorang pemain bola tampar pro.,Tôi cũng hiểu cảm giác đó. Chị tôi là tuyển thủ bóng chuyền chuyên nghiệp.,Sé cómo se siente. Mi hermana mayor es jugadora profesional de voleibol.,Aku juga tahu rasanya. Kakak perempuanku adalah seorang atlet bola voli profesional.,ฉันเข้าใจความรู้สึกนั้นนะ เพราะพี่สาวของฉันเป็นนักกีฬาวอลเลย์บอลอาชีพ,Eu sei exatamente como você se sente. Minha irmã mais velha joga vôlei profissionalmente.
,,,백시우_교복,,1_무표정,,,"...<wrt:wait,25>음.","...<wrt:wait,25> Hmm.","‥<wrt:wait,25>へぇ。","‥<wrt:wait,25>嗯。","‥<wrt:wait,25>嗯。","...<wrt:wait,25>Ого.","...<wrt:wait,25> Hmm.","...<wrt:wait,25>Ừm.","... <wrt:wait,25>Mmm.","...<wrt:wait,25>Hmm.","...<wrt:wait,25>อืม","Ah... <wrt:wait,25>Hum."
,,,정다희,,1_웃음,,,"게다가 우리 언니 배구를 무지 잘한다? 언니를 정말 좋아하지만, 가끔은... 그게 부담스러웠어.","And she's amazing at volleyball. I love her, but sometimes... It's too much.",しかも、うちのお姉ちゃん、バレーがすごく上手なの。お姉ちゃんのことは大好きだけど、時々‥それがプレッシャーになったりもして。,而且我姐姐排球打得超级好。虽然我很喜欢姐姐，但有时候‥也会觉得很有压力。,而且我姐姐排球打得超好的！雖然我很喜歡她，但有時候‥也會覺得很有壓力。,"Она потрясающая, и я очень ее люблю. Но рядом с ней было тяжело.","Lagipun, kakak saya memang hebat main bola tampar. Saya sayangkan dia, tapi kadang-kadang... saya rasa tertekan juga.","Với lại chị tôi chơi bóng chuyền cực kỳ giỏi. Tôi thật sự rất quý chị ấy, nhưng đôi lúc... điều đó khiến tôi thấy áp lực.","Además, es increíblemente buena. La quiero muchísimo, pero a veces... sentía mucha presión.","Dan lagi dia sangat ahli dalam bola voli! Aku sangat menyayanginya, tapi terkadang... itu menjadi beban bagiku.",แถมพี่ของฉันยังเล่นวอลเลย์บอลเก่งมากด้วยนะ ฉันน่ะชอบพี่มากๆ แต่บางครั้ง... ฉันก็รู้สึกกดดันเหมือนกัน,"E o pior é que ela joga muito bem. Eu a admiro muito, mas às vezes... isso era um peso pra mim."
,,,정다희,,1_언짢,,,"질투 나기도 하고, 비교당하는 게 힘들기도 하고.","I was jealous, and I was tired of being compared to her.",嫉妬しちゃったり、比べられるのが辛かったり。,会嫉妒，也会因为被比较而感到难过。,會嫉妒她，也會因為被拿來比較而覺得痛苦。,"Я немного ей завидовала. А взрослые нас постоянно сравнивали, и это выматывало.",Saya rasa cemburu dan bosan dibandingkan dengan dia.,"Tôi cũng từng ghen tị, cũng từng mệt mỏi vì bị so sánh.","Me daban celos, y me dolía que me compararan con ella.","Kadang aku merasa cemburu, dan lelah karena terus dibanding-bandingkan.",ฉันทั้งอิจฉา แล้วก็เหนื่อยกับการโดนเปรียบเทียบ,"Às vezes eu sentia inveja, e ser comparada a ela era muito difícil."
,,,정다희,,1_언짢,,,그게 지긋지긋해져서 배구 같은 거 그만두겠다고 한 적도 있어.,"I was so tired that at one point, I said I'd quit volleyball.",それが嫌で、バレーなんて辞めてやるって言ったこともあるよ。,我甚至因为受够了这些，赌气说过再也不打排球了。,曾經因為受夠了這些，鬧著說要放棄排球。,"Мне все так надоело, и я даже заявила, что брошу волейбол.",Saya rasa sangat bosan sampai satu tahap saya mahu berhenti main bola tampar.,Tôi cũng từng chán ngấy đến mức bảo sẽ từ bỏ bóng chuyền.,Llegué a hartarme tanto que una vez hasta dije que dejaría el voleibol.,Aku sampai muak dan pernah bilang mau berhenti main voli.,ฉันขยาดกับอะไรแบบนั้น ถึงขนาดเคยบอกว่าจะเลิกเล่นวอลเลย์บอลเลยล่ะ,Cheguei a ficar tão cansada disso que disse que largaria o vôlei.
,,,정다희,,1_기본,,,"그런데... <wrt:wait,25><txt:bold,2>그런데도 못 놓겠더라. 배구를.</txt:bold>","But... <wrt:wait,25><txt:bold,2>I couldn't. I couldn't quit volleyball.</txt:bold>","だけど‥<wrt:wait,25><txt:bold,2>それでも手放せなかったんだ、バレーを。</txt:bold>","可是‥<wrt:wait,25><txt:bold,2>可是我还是放不下排球。</txt:bold>","可是‥<wrt:wait,25><txt:bold,2>我就是放不下排球。</txt:bold>","Но... <wrt:wait,25><txt:bold,2>Бросить у меня не вышло.</txt:bold>","Tapi... <wrt:wait,25><txt:bold,2>Saya tak mampu. Saya tak mampu berhenti main bola tampar.</txt:bold>","Nhưng mà... <wrt:wait,25><txt:bold,2>Vậy mà tôi vẫn không thể buông bỏ bóng chuyền được.</txt:bold>","Pero... <wrt:wait,25><txt:bold,2>Aun así, no pude soltarlo.</txt:bold>","Tapi... <wrt:wait,25><txt:bold,2>Aku tidak bisa benar-benar melepaskan diri. Dari bola voli.</txt:bold>","แต่ว่า... <wrt:wait,25><txt:bold,2>ถึงอย่างนั้นฉันก็ตัดใจจากวอลเลย์บอลไม่ได้</txt:bold>","Mas... <wrt:wait,25><txt:bold,2>mesmo assim, eu não consegui abandoná-lo.</txt:bold>"
,,,정다희,,1_기본,,,"몇 번이나 투정 부리고서 깨달았어. 나는 배구를 너무 좋아해서, 떠날 수 없다는 걸.",I realized after throwing a few fits. I can't quit volleyball. I love it too much.,何度もワガママを言って、やっと気づいたの。私はバレーが大好きだから、離れることなんてできないって。,闹了几次脾气之后我才明白，我太喜欢排球了，根本离不开它。,鬧了幾次脾氣後我才發現，因為我太喜歡排球了，根本離不開它。,"Несмотря на все обиды, я слишком сильно люблю волейбол.",Setelah puas mengamuk baru saya sedar. Saya tak mampu berhenti main bola tampar. Saya terlalu suka.,"Sau bao nhiêu lần vùng vằng, tôi đã nhận ra. Rằng tôi quá thích bóng chuyền nên không thể từ bỏ được.","Después de varios berrinches, me di cuenta de que me gusta demasiado el voleibol como para dejarlo.","Setelah berkali-kali menyangkal perasaanku sendiri, akhirnya aku sadar. Aku terlalu mencintai bola voli untuk meninggalkannya.",หลังจากพร่ำบ่นอยู่หลายครั้ง ฉันก็ได้เข้าใจ ว่าฉันชอบวอลเลย์บอลมากเกินกว่าจะจากมันไปได้,Foi só depois de muito reclamar que percebi que simplesmente amava o vôlei demais pra abandoná-lo.
,,,정다희,,1_웃음,,,"내가 이 말을 하는 건 말이야, <txt:bold,2><txt:color,orange>시우</txt:color></txt:bold>. 너도 나랑 같아 보여서야.","I say all this because I think you're the same as me, <txt:bold,2><txt:color,orange>Siwoo</txt:color></txt:bold>.","私がこんな話をしたのはね、<txt:bold,2><txt:color,orange>新</txt:color></txt:bold>。あなたも私と同じに見えるからだよ。","我之所以跟你说这些，<txt:bold,2><txt:color,orange>时宇</txt:color></txt:bold>。是因为我觉得你和我一样。","我會說這些是因為，<txt:bold,2><txt:color,orange>時宇</txt:color></txt:bold>，我覺得你跟我很像。","Мне показалось, что в этом мы похожи, <txt:bold,2><txt:color,orange>Шиу</txt:color></txt:bold>.","Saya cakap macam ni sebab saya rasa kamu sama seperti saya, <txt:bold,2><txt:color,orange>Siwoo</txt:color></txt:bold>.","Tôi nói điều này là vì, <txt:bold,2><txt:color,orange>Siwoo</txt:color></txt:bold>. Vì cậu trông cũng giống tôi.","Si te cuento esto, <txt:bold,2><txt:color,orange>Siwoo</txt:color></txt:bold>, es porque siento que te pareces a mí.","Aku mengatakan ini karena kamu terlihat mirip denganku, <txt:bold,2><txt:color,orange>Siwoo</txt:color></txt:bold>.","ที่ฉันพูดเรื่องนี้ก็เพราะนายดูเหมือนฉันนะ <txt:bold,2><txt:color,orange>ชีอู</txt:color></txt:bold>","Estou te dizendo isso porque, <txt:bold,2><txt:color,orange>Siwoo</txt:color></txt:bold>... você parece ser igual a mim."
,,,백시우_교복,,1_엥,,quest,"...<wrt:wait,25>내가?","...<wrt:wait,25> Me?","‥<wrt:wait,25>俺が？","‥<wrt:wait,25>我？","‥<wrt:wait,25>我嗎？","...<wrt:wait,25>Похожи?","...<wrt:wait,25> Saya?","...<wrt:wait,25>Tôi sao?","... <wrt:wait,25>¿Yo?","...<wrt:wait,25>Aku?","...<wrt:wait,25>ฉันน่ะเหรอ?","Hum... <wrt:wait,25>Eu?"
,,,정다희,,3_활짝,,,응! 네 스파이크 말이야. 정말 시원시원하더라구.,Yup! Your spikes are so satisfying to watch.,そう！あなたのスパイクって本当にスカッとしたんだから。,对！就是你的扣球。打得真的很痛快。,嗯！你的扣球啊，看起來真的很俐落乾脆。,Да! Твои атаки были мощные и уверенные.,Ya! Rejaman kamu sangat seronok untuk dilihat.,Ừ! Những cú đập bóng của cậu... Xem mà đã mắt lắm.,¡Sí! Tus remates son muy potentes. Da gusto verlos.,"Iya! Spike-mu itu, benar-benar luar biasa.",อื้ม! การตบของนายน่ะ ทรงพลังสะใจมากเลย,Sim! Suas cortadas eram muito impressionantes.
,,,정다희,,3_활짝,,,"마지막 공격은 아웃되긴 했지만, 안쪽으로 들어갔다면 무지 짜릿했을 거야.","Your last attack went out, but it would've been insane if it made it in.",最後の攻撃はアウトになっちゃったけど、コートに入ってたらすごく痺れる一撃だったはず。,虽然后面那个球出界了，但如果打在界内的话，肯定超级带感。,雖然最後一球出界了，但要是落點在界內的話感覺一定超棒的。,"Последний мяч улетел в аут, но попади он по площадке — и это был бы восторг!","Serangan terakhir tidak masuk, tapi pasti gila kalau bola masuk.","Pha tấn công cuối cùng đúng là đã ra ngoài, nhưng nếu bóng vào sân thì chắc đã phấn khích lắm.","En el último ataque, la pelota se fue afuera, pero si hubiera caído dentro, habría sido increíble.","Serangan terakhirmu memang keluar, tapi kalau masuk, pasti rasanya puas banget.",ถึงการบุกครั้งสุดท้ายจะเอาต์ แต่ถ้าลูกตกในสนามล่ะก็ คงเร้าใจน่าดูเลยล่ะ,"Aquele último ataque acabou saindo, mas se tivesse caído dentro da quadra, teria sido eletrizante."
,,,정다희,,1_웃음,,,상상해 봐. 네가 온 힘을 다해서 때린 공이 코트에 꽂히는 순간을 말이야.,"Just imagine, the moment of impact when the ball lands on the court after you hit it with everything you've got.",想像してみて。あなたが全力で打ったボールが、コートに突き刺さる瞬間を。,你想象一下，你用尽全力扣出的球，砸在对方场地上的那一瞬间。,你想像一下。當你用盡全力扣出的球，重重地砸在球場上的那一瞬間。,"Представь, как бьешь изо всех сил, и мяч врезается в пол.",Bayangkan saat bola yang kamu rejam sekuat hati menjunam ke gelanggang.,Thử tưởng tượng đi. Khoảnh khắc cậu dồn hết sức đánh quả bóng cắm thẳng xuống sân ấy.,Imagina ese momento en que la pelota que golpeaste con todas tus fuerzas cae directo en la cancha.,Bayangkan saat bola yang kamu pukul sekuat tenaga menghunjam lapangan.,ลองจินตนาการดูสิ วินาทีที่ลูกที่นายตบสุดแรงพุ่งปักลงไปบนสนามน่ะ,Imagine só. A bola que você golpeou com todas as suas forças cravando na quadra adversária.
,,,정다희,,1_웃음,,,"그 스파이크, 성공했다면 정말 후련했을 것 같지 않아?",Don't you think it would've been so satisfying to have landed that spike?,あのスパイク、決まってたらすっごくスッキリしたと思わない？,那个扣球要是成功了，肯定会觉得特别痛快吧？,如果那個扣球成功了，你難道不覺得會非常痛快嗎？,Разве это не замечательное чувство?,Kamu tak rasa ke mesti puas hati kalau rejaman tu masuk?,Cú đập bóng đó nếu thành công thì chắc đã lắm đúng không?,"Si ese remate hubiera salido bien, seguro que se habría sentido increíble, ¿no crees?","Kalau spike itu masuk, pasti rasanya lega banget, kan?",ถ้าลูกตบนั้นสำเร็จ ก็คงจะรู้สึกสะใจสุดๆ เลยเนอะ?,"Se aquela cortada tivesse entrado, teria sido muito satisfatório, não acha?"
,,,백시우_교복,,1_무표정,,,......,...,‥‥,‥,‥,......,...,...,...,......,......,...
,,,정다희,,1_기본,,,부담스러우면 멀리 생각하지 않아도 돼.,You don't need to make that big of a commitment.,プレッシャーに感じるなら、そこまで先のことを考えなくてもいいよ。,如果你觉得有压力，不用想得那么长远。,如果覺得有負擔，不用想得太遠沒關係。,Я не прошу тебя решать раз и навсегда.,Kamu tak perlu buat komitmen yang besar pun.,Nếu cậu thấy áp lực thì không cần nghĩ xa quá đâu.,"Si te da mucha presión, no hace falta que lo pienses tan a futuro.","Kalau terasa berat, tidak usah memikirkan terlalu jauh dulu.",ถ้ารู้สึกลำบากใจ ก็ไม่ต้องคิดไปไกลก็ได้,"Se isso parecer demais, você não precisa pensar tão longe."
,,,정다희,,1_웃음,,,"딱 이번 <txt:bold,2>지역 예선 대회</txt:bold>까지만 같이 훈련해보는 건 어때?","Why don't you train with us just up to the <txt:bold,2>regional preliminary round</txt:bold>?","せめて今回の<txt:bold,2>地区予選大会</txt:bold>まで、一緒に練習してみない？","就只参加这次的<txt:bold,2>地区预选赛</txt:bold>，和我们一起训练试试怎么样？","就只參加這次的<txt:bold,2>地區預賽</txt:bold>，跟我們一起訓練看看怎麼樣？","Может, просто потренируешься с нами до <txt:bold,2>регионального отборочного турнира</txt:bold>?","Apa kata kamu berlatih bersama kami sampai <txt:bold,2>kejohanan kelayakan daerah</txt:bold> kali ini saja?","Hay cậu thử tập cùng bọn tôi đến hết <txt:bold,2>Vòng Loại Khu Vực</txt:bold> lần này thôi được không?","¿Por qué no entrenas con nosotros aunque sea hasta este <txt:bold,2>Torneo Clasificatorio Regional</txt:bold>?","Bagaimana jika kita berlatih bersama hanya sampai <txt:bold,2>Penyisihan Turnamen Regional</txt:bold> kali ini saja?","มาลองซ้อมด้วยกัน แค่จนถึง<txt:bold,2>ทัวร์นาเมนต์รอบคัดเลือกระดับท้องถิ่น</txt:bold>ครั้งนี้เป็นไง?","Por que não tenta treinar com a gente só até o fim das <txt:bold,2>eliminatórias regionais</txt:bold>?"
,,,정다희,,1_웃음,,,어제도 말했지만 우리 팀은 이번엔 꼭 대회에 나갈 거거든.,"Like I said yesterday, the team is going to participate in tournaments.",昨日も言ったけど、うちのチームは今回、絶対に大会に出るつもりだから。,昨天我也说过，我们队这次是一定要参加比赛的。,昨天我也說過了，我們球隊這次一定要去參加比賽。,В этом году мы точно будем участвовать.,"Macam yang saya cakap semalam, pasukan akan menyertai kejohanan.","Hôm qua tôi cũng nói rồi, lần này đội chúng tôi nhất định sẽ tham gia giải đấu.","Como te dije ayer, esta vez nuestro equipo sí o sí va a participar en el torneo.","Seperti yang kukatakan kemarin, tim kita pasti akan ikut berpartisipasi dalam Turnamen kali ini.",อย่างที่ฉันบอกไปเมื่อวาน ว่าทีมของเราจะแข่งทัวร์นาเมนต์ในครั้งนี้ให้ได้,"Como eu disse ontem, nosso time vai participar do torneio desta vez custe o que custar."
,,,정다희,,1_기본,,,"이번 대회에는 <txt:bold,2>올스타</txt:bold> 선수들이 한자리에 모이는 거, 알아?","Did you know that the <txt:bold,2>All-Star</txt:bold> players will be present in this tournament?","今回の大会には、<txt:bold,2>オールスターズ</txt:bold>の選手たちが一堂に会するの、もしかして知ってる？","你知道这次比赛会有<txt:bold,2>全明星</txt:bold>选手齐聚一堂吗？","你知道嗎？這次比賽，<txt:bold,2>全明星</txt:bold>選手們會齊聚一堂喔。","Там будут все <txt:bold,2>первоклассные игроки</txt:bold>.","Kamu tahu pemain <txt:bold,2>All-Star</txt:bold> akan hadir dalam kejohanan ini?","Cậu có biết giải lần này các tuyển thủ <txt:bold,2>All Star</txt:bold> sẽ cùng góp mặt không?","¿Sabías que en este torneo van a juntarse jugadores <txt:bold,2>All-Star</txt:bold>?","Apa kamu tahu kalau para atlet <txt:bold,2>All Star</txt:bold> akan berkumpul di satu tempat dalam Turnamen ini?","นายรู้รึเปล่าว่าทัวร์นาเมนต์ครั้งนี้น่ะ นักกีฬา<txt:bold,2>ออลสตาร์</txt:bold>จะมารวมตัวกันในที่เดียวเลย?","Sabia que este torneio reúne os jogadores <txt:bold,2>All-Star</txt:bold>?"
,,,백시우_교복,,1_기본,,,들어본 적은... 있어. 자세히는 모르지만.,"I think... I've heard. I don't know anything in detail, though.",聞いたことは‥あるよ。詳しくは知らないけど。,听说过‥一点。但不怎么了解。,我是有聽說過‥不過詳細情況不是很清楚。,"Я слышал о них... Но не знаю, кто это.","Rasanya... ada dengar. Tapi, saya tak tahu apa-apa secara terperinci.",Tôi từng nghe... nhưng không biết rõ lắm.,Algo he escuchado... pero no conozco los detalles.,Aku pernah dengar... Tapi tidak tahu dengan jelas.,ก็เคย... ได้ยินมาบ้าง แต่ไม่ได้รู้ละเอียดหรอก,Já ouvi falar... mas não sei os detalhes.
,,,정다희,,1_웃음,,,"<txt:bold,2>올스타</txt:bold>는 매년 <txt:bold,2>전국 배구 협회</txt:bold>가 선정한 고교 <txt:bold,2>최고의 선수상</txt:bold>을 수상한 선수들을 부르는 말이야.","The <txt:bold,2>All-Stars</txt:bold> are high-school players who won the <txt:bold,2>Greatest Player Award</txt:bold> selected by the <txt:bold,2>National Volleyball Association</txt:bold> every year.","<txt:bold,2>オールスターズ</txt:bold>っていうのは、毎年<txt:bold,2>全国バレーボール協会</txt:bold>が選ぶ高校<txt:bold,2>最優秀選手賞</txt:bold>を受賞した選手たちのことをいうの。","<txt:bold,2>全明星</txt:bold>是指每年获得<txt:bold,2>全国排球协会</txt:bold>颁发的高中<txt:bold,2>最佳选手奖</txt:bold>的选手们。","<txt:bold,2>全明星</txt:bold>是指每年獲得<txt:bold,2>全國排球協會</txt:bold>頒發的高中<txt:bold,2>最佳選手獎</txt:bold>的選手們。","Это школьники, <txt:bold,2>первоклассные игроки</txt:bold> года, которые получили <txt:bold,2>награду лучших игроков</txt:bold> от <txt:bold,2>Национальной волейбольной ассоциации</txt:bold>.","<txt:bold,2>All-Star</txt:bold> ialah gelaran untuk pemain sekolah menengah yang menerima <txt:bold,2>Anugerah Pemain Terbaik</txt:bold>, pilihan <txt:bold,2>Persatuan Bola Tampar Kebangsaan</txt:bold> setiap tahun.","<txt:bold,2>All Star</txt:bold> là cách gọi những tuyển thủ nhận giải <txt:bold,2>Cầu Thủ Xuất Sắc Nhất</txt:bold> của các trường cấp ba do <txt:bold,2>Hiệp Hội Bóng Chuyền Toàn Quốc</txt:bold> chọn ra hằng năm.","Se les dice <txt:bold,2>All-Star</txt:bold> a los jugadores que ganan cada año el <txt:bold,2>Premio a Mejor Jugador</txt:bold> de preparatoria, otorgado por la <txt:bold,2>Asociación Nacional de Voleibol</txt:bold>.","<txt:bold,2>All Star</txt:bold> adalah sebutan bagi para atlet yang memenangkan <txt:bold,2>Penghargaan atlet SMA Terbaik</txt:bold> yang dipilih oleh <txt:bold,2>Federasi Bola Voli Nasional</txt:bold> setiap tahunnya.","<txt:bold,2>ออลสตาร์</txt:bold>เป็นคำที่ใช้เรียกนักกีฬาที่ได้รับ<txt:bold,2>รางวัลนักกีฬายอดเยี่ยม</txt:bold>ระดับมัธยมปลาย ซึ่ง<txt:bold,2>สมาคมวอลเลย์บอลแห่งชาติ</txt:bold>คัดเลือกในแต่ละปี","<txt:bold,2>All-Star</txt:bold> é o título dado aos jogadores que recebem o prêmio anual de <txt:bold,2>melhor atleta</txt:bold> do ensino médio concedido pela <txt:bold,2>Federação Nacional de Voleibol</txt:bold>."
,,,정다희,,1_기본,,,"<txt:bold,2>윙 스파이커</txt:bold>, <txt:bold,2>미들 블로커</txt:bold>, <txt:bold,2>세터</txt:bold>. 각 포지션별로 전국에서 단 한 명만 수상해!","<txt:bold,2>Wing spiker</txt:bold>, <txt:bold,2>middle blocker</txt:bold>, and <txt:bold,2>setter</txt:bold>. Only one person in the country can win the title of greatest for each position!","<txt:bold,2>ウイングスパイカー</txt:bold>、<txt:bold,2>ミドルブロッカー</txt:bold>、<txt:bold,2>セッター</txt:bold>。各ポジションで、全国からたった一人だけが選ばれるの！","<txt:bold,2>主攻手</txt:bold>、<txt:bold,2>副攻手</txt:bold>、<txt:bold,2>二传手</txt:bold>。每个位置全国只有一个名额哦！","<txt:bold,2>主攻手</txt:bold>、<txt:bold,2>中間手</txt:bold>、<txt:bold,2>二傳手</txt:bold>，每個位置全國只有一個人能得獎！","<txt:bold,2>Доигровщик</txt:bold>, <txt:bold,2>центральный блокирующий</txt:bold>, <txt:bold,2>связующий</txt:bold> — по одному победителю на каждую позицию.","<txt:bold,2>Perejam sayap</txt:bold>, <txt:bold,2>penghadang tengah</txt:bold> dan <txt:bold,2>pengumpan</txt:bold>. Hanya seorang pemain di seluruh negara dipilih bagi setiap posisi!","<txt:bold,2>Chủ Công</txt:bold>, <txt:bold,2>Phụ Công</txt:bold>, <txt:bold,2>Chuyền Hai</txt:bold>. Mỗi vị trí trên toàn quốc chỉ có một người được nhận thôi!","¡Solo un jugador de todo el país gana por cada posición: <txt:bold,2>rematador de punta</txt:bold>, <txt:bold,2>bloqueador central</txt:bold> y <txt:bold,2>colocador</txt:bold>!","<txt:bold,2>Wing Spiker</txt:bold>, <txt:bold,2>Middle Blocker</txt:bold>, dan <txt:bold,2>Setter</txt:bold>. Hanya satu pemain di seluruh negeri yang mendapat penghargaan untuk tiap posisi!","<txt:bold,2>ตัวตีโค้ง</txt:bold>, <txt:bold,2>ตัวบล็อกกลาง</txt:bold>, <txt:bold,2>ตัวเซ็ต</txt:bold> แต่ละตำแหน่งจะมีผู้ได้รับรางวัลแค่คนเดียวจากทั่วประเทศเชียวนะ!","Seja <txt:bold,2>ponteiro</txt:bold>, <txt:bold,2>central</txt:bold> ou <txt:bold,2>levantador</txt:bold>, apenas um jogador de cada posição recebe essa honra em todo o país!"
,,,정다희,,1_웃음,,exclam,"즉, 이 상을 받은 선수들은 <wrt:wait,25><txt:bold,1>현재 그 포지션에서 확실한 No.1이라는 뜻이지.</txt:bold>","That means the players who win this award <wrt:wait,25><txt:bold,1>are the undisputed top players of that position.</txt:bold>","つまり、この賞を受賞した選手は、<wrt:wait,25><txt:bold,1>そのポジションで間違いなくNo.1ってこと。</txt:bold>","也就是说，获得这个奖项的选手，就是<wrt:wait,25><txt:bold,1>目前在这个位置上绝对的No.1。</txt:bold>","也就是說，拿到這個獎的選手，<wrt:wait,25><txt:bold,1>就是目前該位置當之無愧的No.1。</txt:bold>","Официально <wrt:wait,25><txt:bold,1>лучшие из лучших</txt:bold>.","Maknanya pemain yang menang anugerah ni <wrt:wait,25><txt:bold,1>memang pemain terbaik yang tak boleh dipertikaikan lagi untuk posisi tu.</txt:bold>","Nói cách khác, những tuyển thủ nhận được giải này <wrt:wait,25><txt:bold,1>chính là người đứng đầu tuyệt đối ở vị trí đó hiện tại.</txt:bold>","En otras palabras, quien gana ese premio es <wrt:wait,25><txt:bold,1>sin duda el mejor de su posición en ese momento</txt:bold>.","Singkatnya, atlet yang memperoleh penghargaan tersebut <wrt:wait,25><txt:bold,1>adalah pemain terbaik yang statusnya tak terbantahkan di posisinya saat ini.</txt:bold>","ซึ่งนั่นก็หมายความว่า นักกีฬาที่ได้รับรางวัลนี้<wrt:wait,25><txt:bold,1>คือ No.1 ของตำแหน่งนั้นๆ ในปัจจุบัน</txt:bold>","Em outras palavras, quem recebe esse título é <wrt:wait,25><txt:bold,1>reconhecido como o melhor jogador do país em sua posição.</txt:bold>"
,,,정다희,,1_기본,,,분명 다들 작년보다 더 성장했을 게 분명해!,I have no doubt they have all improved since last year!,きっとみんな、去年よりもっと成長してるはず！,毫无疑问，他们肯定比去年更强了！,他們肯定變得比去年更強了！,"И еще сильнее, чем раньше!",Saya pasti mereka semua dah bertambah hebat sejak tahun lepas!,Chắc chắn họ đều đã tiến bộ hơn năm ngoái!,¡Estoy segura de que todos han mejorado mucho desde el año pasado!,Mereka pasti sudah berkembang jauh lebih kuat dibanding tahun lalu!,ทุกคนจะต้องพัฒนาขึ้นกว่าปีก่อนแหงๆ!,"Sem dúvida, eles estão ainda mais fortes este ano!"
,,,정다희,,1_기본,,joy,"최고의 선수들과 겨뤄볼 수 있다니, 생각만 해도 두근거리지 않아?",Isn't it exciting? The idea of being able to test yourself against the top players?,最高の選手たちと戦えるなんて、考えただけでワクワクしない？,能和最顶尖的选手同台竞技，光是想想不觉得很激动吗？,能跟頂尖的選手較量，光是用想的就覺得很刺激吧？,"Только представь, как здорово было бы с ними сыграть!",Bayangkan dapat berlawan dengan pemain-pemain terbaik. Tak teruja ke?,"Được đối đầu với những tuyển thủ giỏi nhất, chỉ nghĩ thôi cũng thấy hồi hộp rồi đúng không?",¿No te emociona con solo pensarlo? Podremos medirnos contra los mejores jugadores...,Tidakkah kamu merasa berdebar-debar hanya dengan membayangkan bisa bertanding melawan atlet-atlet terbaik saja?,ได้ลองประชันฝีมือกับนักกีฬายอดเยี่ยม แค่คิดก็ใจเต้นแล้วไม่ใช่เหรอ?,"Só de pensar em enfrentar os melhores jogadores do país, meu coração já dispara!"
,,,정다희,,1_웃음,,,"<scr:noskip><txt:bold,2><txt:color,orange>시우</txt:color></txt:bold>, 너도 다시 한번 도전해보지 않을래?","<scr:noskip>Don't you want to try again, <txt:bold,2><txt:color,orange>Siwoo</txt:color></txt:bold>?","<scr:noskip><txt:bold,2><txt:color,orange>新</txt:color></txt:bold>、だからあなたも、もう一度挑戦してみない？","<scr:noskip><txt:bold,2><txt:color,orange>时宇</txt:color></txt:bold>，你不想再挑战一次吗？","<scr:noskip><txt:bold,2><txt:color,orange>時宇</txt:color></txt:bold>，你要不要再挑戰一次看看？","<scr:noskip><txt:bold,2><txt:color,orange>Шиу</txt:color></txt:bold>, может дашь волейболу еще один шанс?","<scr:noskip>Kamu tak mahu cuba lagi, <txt:bold,2><txt:color,orange>Siwoo</txt:color></txt:bold>?","<scr:noskip><txt:bold,2><txt:color,orange>Siwoo</txt:color></txt:bold>, cậu có muốn thử thách thêm một lần nữa không?",<scr:noskip>¿Qué dices? ¿No quieres intentarlo una vez más?,"<scr:noskip><txt:bold,2><txt:color,orange>Siwoo</txt:color></txt:bold>, tidakkah kamu ingin mencoba menantang diri sekali lagi?","<scr:noskip><txt:bold,2><txt:color,orange>ชีอู</txt:color></txt:bold> นายไม่อยากลองท้าทายดูอีกสักครั้งเหรอ?","<scr:noskip><txt:bold,2><txt:color,orange>Siwoo</txt:color></txt:bold>, que tal tentar mais uma vez?"
,,,백시우_교복,,1_무표정,pause,silent,"<scr:noskip><wrt:delay,5>...다시 한번...</wrt:delay>","<scr:noskip><wrt:delay,5>... Try again...</wrt:delay>","<scr:noskip><wrt:delay,5>‥もう一度‥</wrt:delay>","<scr:noskip><wrt:delay,5>‥再挑战一次‥</wrt:delay>","<scr:noskip><wrt:delay,5>‥再挑戰一次‥</wrt:delay>","<scr:noskip><wrt:delay,5>Шанс...</wrt:delay>","<scr:noskip><wrt:delay,5>... Cuba lagi...</wrt:delay>","<scr:noskip><wrt:delay,5>Một lần nữa...</wrt:delay>","<scr:noskip><wrt:delay,5>Intentarlo...</wrt:delay>","<scr:noskip><wrt:delay,5>...Sekali lagi...</wrt:delay>","<scr:noskip><wrt:delay,5>...อีกสักครั้ง...</wrt:delay>","<scr:noskip><wrt:delay,5>Tentar mais uma vez...</wrt:delay>"
,,,백시우_교복,,1_기본,pause,,"<scr:noskip><wrt:delay,5><txt:bold,2><txt:color,orange>다희</txt:color></txt:bold>야.</wrt:delay>","<scr:noskip><wrt:delay,5><txt:bold,2><txt:color,orange>Dahee</txt:color></txt:bold>?</wrt:delay>","<scr:noskip><wrt:delay,5><txt:bold,2><txt:color,orange>夏希</txt:color></txt:bold>、あのさ。</wrt:delay>","<scr:noskip><wrt:delay,5><txt:bold,2><txt:color,orange>多熙</txt:color></txt:bold>。</wrt:delay>","<scr:noskip><wrt:delay,5><txt:bold,2><txt:color,orange>多熙</txt:color></txt:bold>。</wrt:delay>","<scr:noskip><wrt:delay,5><txt:bold,2><txt:color,orange>Дахи</txt:color></txt:bold>.</wrt:delay>","<scr:noskip><wrt:delay,5><txt:bold,2><txt:color,orange>Dahee</txt:color></txt:bold>?</wrt:delay>","<scr:noskip><wrt:delay,5><txt:bold,2><txt:color,orange>Dahee</txt:color></txt:bold> này.</wrt:delay>","<scr:noskip><wrt:delay,5><txt:bold,2><txt:color,orange>Dahee</txt:color></txt:bold>.</wrt:delay>","<scr:noskip><wrt:delay,5><txt:bold,2><txt:color,orange>Dahee</txt:color></txt:bold>.</wrt:delay>","<scr:noskip><wrt:delay,5><txt:bold,2><txt:color,orange>ดาฮี</txt:color></txt:bold></wrt:delay>","<scr:noskip><wrt:delay,5><txt:bold,2><txt:color,orange>Dahee</txt:color></txt:bold>.</wrt:delay>"
,,,정다희,,1_기본,,,응!!,Yes?,うん！！,怎么了！！,嗯！！,Да!,Ya?,Ừ!!,¡¡Sí!!,Ya!!,อื้ม!!,Pode falar.
,,,백시우_교복,,1_웃음,,,"<sys:sfx,반짝_1>너, 배구부 인원이 부족해서 그러는 건 아니지?","<sys:sfx,반짝_1>Is this because you're short on team members?","<sys:sfx,반짝_1>まさか、バレー部のメンバーが足りないからそう言ってるわけじゃないよな？","<sys:sfx,반짝_1>你该不会是因为排球部缺人，才这么卖力地拉我入伙的吧？","<sys:sfx,반짝_1>妳該不會是因為排球部缺人，才這麼說的吧？","<sys:sfx,반짝_1>Ты уговариваешь меня, потому что вам игроков не хватает?","<sys:sfx,반짝_1>Kamu buat semua ini bukan sebab kelab bola tampar kekurangan ahli, kan?","<sys:sfx,반짝_1>Không phải cậu nói vậy vì CLB Bóng Chuyền đang thiếu người đó chứ?","<sys:sfx,반짝_1>No me estás diciendo esto solo porque al club le falta gente, ¿verdad?","<sys:sfx,반짝_1>Kamu tidak sedang membujukku hanya karena klub bola voli sedang kekurangan anggota, kan?","<sys:sfx,반짝_1>เธอไม่ได้ทำแบบนี้ เพราะมีสมาชิกชมรมวอลเลย์บอลไม่พอหรอกใช่ไหม?","<sys:sfx,반짝_1>Você não tá insistindo só porque o time está sem jogadores, tá?"
,,,정다희,,1_삐약,,exclam,"<eff:shake,1>...<wrt:wait,40>아잇, 참!!! 정말 아까워서 그래! <wrt:wait,40><cha:face,정다희,2_어머>....물론 아예 그 생각을 안 한 건 아니지만!","<eff:shake,1>... <wrt:wait,40>Oh, come on! I really do think it's a shame! <wrt:wait,40><cha:face,정다희,2_어머>...But, I mean, I'd be lying if I said that wasn't part of the reason.","<eff:shake,1>‥<wrt:wait,40>もうっ！！！本当にもったいないからだよ！<wrt:wait,40><cha:face,정다희,2_어머>‥もちろん、全くそういうつもりがなかったわけじゃないけど！","<eff:shake,1>‥<wrt:wait,40>哎呀，真是的！！！我是真的觉得可惜啊！<wrt:wait,40><cha:face,정다희,2_어머>‥当然，我也不是完全没那么想过啦！","<eff:shake,1>‥<wrt:wait,40>哎喲，真是的！！！我是真的覺得太可惜了啦！<wrt:wait,40><cha:face,정다희,2_어머>‥當然，也不是完全沒有那個考量啦！","<eff:shake,1>...<wrt:wait,40>Да ну тебя!!! Мне правда жаль терять такого игрока! <wrt:wait,40><cha:face,정다희,2_어머>...Хотя и об этом я тоже подумала.","<eff:shake,1>...<wrt:wait,40>Aduhai!!! Saya betul-betul rasa sayang kalau bakat kamu dibiarkan begitu saja! <wrt:wait,40><cha:face,정다희,2_어머>...Tapi memang ada juga terfikir tentang itu!","<eff:shake,1>...<wrt:wait,40>Ái chà, thật tình!!! Tôi nói vậy vì tiếc thật mà! <wrt:wait,40><cha:face,정다희,2_어머>....Dĩ nhiên không phải tôi hoàn toàn chưa từng nghĩ đến chuyện đó!","<eff:shake,1>...<wrt:wait,40> ¡Ay!!! ¡Lo digo porque de verdad sería una lástima para ti!<wrt:wait,40> <cha:face,정다희,2_어머>Aunque tampoco voy a negar que hay algo de cierto en eso.","<eff:shake,1>...<wrt:wait,40>Ihh, dasar!!! Aku benar-benar menyayangkan bakatmu! <wrt:wait,40><cha:face,정다희,2_어머>....Tapi, aku tidak memungkiri kalau sempat memikirkan itu!","<eff:shake,1>...<wrt:wait,40>โอ๊ย ให้ตายเถอะ!!! ฉันเสียดายจริงๆ ต่างหาก! <wrt:wait,40><cha:face,정다희,2_어머>....ถึงจะไม่ใช่ว่าไม่ได้คิดเรื่องนั้นเลยก็เถอะ!","<eff:shake,1>Hum... <wrt:wait,40>Ah, qual é! Eu sinceramente acho um desperdício você ficar longe do vôlei! <wrt:wait,40><cha:face,정다희,2_어머>Embora eu confesse que ter mais um jogador no time também seria ótimo!"
,,,백시우_교복,,1_웃음,,,"하하, 농담이야. 제안해줘서 고마워. 하지만, 조금만 더 생각해 볼게.","Haha, I'm kidding. Thank you for the offer. I'll have to give it some more thought.",はは、冗談だよ。誘ってくれてありがとう。でも、もう少しだけ考えさせてほしい。,哈哈，开玩笑的。谢谢你的邀请。不过，请再给我点时间考虑一下。,哈哈，開玩笑的。謝謝妳的邀請。不過，讓我再考慮一下。,"Ха-ха, да я шучу. Спасибо. Я правда подумаю над этим.","Haha, saya bergurau. Terima kasih atas tawaran itu. Saya akan cuba fikirkannya.","Ha ha, tôi đùa thôi. Cảm ơn cậu đã đề nghị. Nhưng cho tôi suy nghĩ thêm nhé.","Jaja, era broma. Gracias por proponérmelo. Pero déjame pensarlo un poco más.","Haha, aku bercanda. Terima kasih atas tawaranmu. Tapi, aku perlu waktu untuk memikirkannya.",ฮ่าฮ่า ล้อเล่นน่า ขอบใจสำหรับข้อเสนอนะ แต่ฉันขอลองคิดอีกหน่อยแล้วกัน,"Haha, tô brincando. Obrigado pelo convite. Só preciso de um pouco mais de tempo pra decidir."
,,,정다희,,1_언짢,,,"으으...<wrt:wait,25> 그래? 알았어. 생각이 바뀌면 언제든 말해줘.","Ngh...<wrt:wait,25> Okay. Let me know when you change your mind.","うぅ‥<wrt:wait,25>そっか、分かった。気が変わったら、いつでも言ってね。","唔唔‥<wrt:wait,25>这样啊？好吧。如果你改变主意了，随时告诉我哦。","唔唔‥<wrt:wait,25>這樣啊？好吧。如果你改變主意，隨時告訴我。","Эх, ладно. <wrt:wait,25>Но скажи, если передумаешь.","Ngh...<wrt:wait,25> Okey. Beritahu saya bila kamu berubah fikiran.","Ư ư...<wrt:wait,25> vậy à? Biết rồi. Nếu cậu đổi ý thì cứ nói với tôi bất cứ lúc nào nhé.","Mmm... <wrt:wait,25>¿Sí? Está bien. Si cambias de opinión, avísame cuando quieras.","Huft...<wrt:wait,25> Begitu ya? Aku mengerti. Beritahu aku kapan saja jika kamu berubah pikiran.","ฮื่อ...<wrt:wait,25> งั้นเหรอ? ก็ได้ ถ้าเปลี่ยนใจก็บอกฉันได้ตลอดเลยนะ","Ahh... <wrt:wait,25>Entendi. Tudo bem. Se mudar de ideia, me avise a qualquer momento."
,,,정다희,,1_기본,,,"아, 벌써 훈련 시간이 됐네!! 나 먼저 갈게!","Oh, it's practice time already! I'll see you around!",あ、もう練習の時間だ！！じゃあ、私、先に行くね！,啊，马上就要到训练时间了！！我得先走了！,啊，訓練時間快到了！！我先走囉！,"Ой, мне уже пора на тренировку.","Oh, dah tiba masa untuk berlatih! Jumpa lagi nanti!","A, đã đến giờ tập rồi!! Tôi đi trước đây!","¡Ah, ya es la hora del entrenamiento! ¡Me adelanto! ¡Chau!","Ah, sudah waktunya latihan!! Aku pergi duluan, ya!",อ๊ะ ได้เวลาซ้อมแล้วนี่นา!! ฉันไปก่อนนะ!,Ah! Já está na hora do treino!! Eu vou na frente!
,,,-,,,,,"<sys:quiet,1000><txt:color,grey>(말을 마치고 체육관 쪽으로 발걸음을 옮기려던 <txt:bold,2>다희</txt:bold>는...)</txt:color>","<sys:quiet,1000><txt:color,grey>(<txt:bold,2>Dahee</txt:bold> was about to head to the gym, but...)</txt:color>","<sys:quiet,1000><txt:color,grey>(話を終えて体育館へ向かおうとする<txt:bold,2>夏希</txt:bold>は‥)</txt:color>","<sys:quiet,1000><txt:color,grey>(说完正要往体育馆走去的<txt:bold,2>多熙</txt:bold>，却‥)</txt:color>","<sys:quiet,1000><txt:color,grey>(說完正準備朝體育館邁步的<txt:bold,2>多熙</txt:bold>‥)</txt:color>","<sys:quiet,1000><txt:color,grey>(<txt:bold,2>Дахи</txt:bold> побежала в спортзал...)</txt:color>","<sys:quiet,1000><txt:color,grey>(<txt:bold,2>Dahee</txt:bold> baru mahu pergi ke gim, tapi...)</txt:color>","<sys:quiet,1000><txt:color,grey>(Nói xong, <txt:bold,2>Dahee</txt:bold> định đi về phía nhà thi đấu...)</txt:color>","<sys:quiet,1000><txt:color,grey>(Después de decir eso, <txt:bold,2>Dahee</txt:bold> estaba por dirigirse hacia el <txt:bold,2>gimnasio</txt:bold>...)</txt:color>","<sys:quiet,1000><txt:color,grey>(Setelah bicara, <txt:bold,2>Dahee</txt:bold> hendak berjalan ke gedung olahraga...)</txt:color>","<sys:quiet,1000><txt:color,grey>(หลังจาก<txt:bold,2>ดาฮี</txt:bold>พูดจบ และกำลังจะก้าวเท้าไปทางฝั่งโรงยิม...)</txt:color>","<sys:quiet,1000><txt:color,grey>(Depois de dizer isso, a <txt:bold,2>Dahee</txt:bold> começou a caminhar em direção à quadra...)</txt:color>"
,,,-,,,,,"<txt:color,grey>(무슨 생각이 들었는지 문득 자리에 멈춰 섰다.)</txt:color>","<txt:color,grey>(She suddenly stopped in her tracks.)</txt:color>","<txt:color,grey>(ふと何かを思いついたように、足を止めた)</txt:color>","<txt:color,grey>(不知想到了什么，突然停下了脚步。)</txt:color>","<txt:color,grey>(卻好像想到了什麼，突然停下了腳步。)</txt:color>","<txt:color,grey>(Но неожиданно остановилась.)</txt:color>","<txt:color,grey>(Langkah dia tiba-tiba terhenti.)</txt:color>","<txt:color,grey>(Nhưng rồi, không biết chợt nghĩ gì mà cậu ấy bỗng dừng lại.)</txt:color>","<txt:color,grey>(Sin embargo, algo pareció cruzársele por la mente y se quedó quieta de repente).</txt:color>","<txt:color,grey>(Tiba-tiba berhenti di tempat seolah sedang memikirkan sesuatu.)</txt:color>","<txt:color,grey>(แต่จู่ๆ กลับหยุดยืนอยู่กับที่ ราวกับเกิดความคิดบางอย่างขึ้นมา)</txt:color>","<txt:color,grey>(Mas, como se tivesse se lembrado de algo, ela parou de repente.)</txt:color>"
,,,정다희,,1_기본,pause,,"<txt:bold,2><txt:color,orange>시우</txt:color></txt:bold> 너, 배구에서 <txt:bold,2>에이스</txt:bold>는 보통 너 같은 <txt:bold,2>윙 스파이커</txt:bold>를 부르는 말인 거 알지?","<txt:bold,2><txt:color,orange>Siwoo</txt:color></txt:bold>, you know the title <txt:bold,2>ace</txt:bold> usually goes to <txt:bold,2>wing spikers</txt:bold> like you, right?","<txt:bold,2><txt:color,orange>新</txt:color></txt:bold>さ、バレーの<txt:bold,2>エース</txt:bold>って、普通はあなたみたいな<txt:bold,2>ウイングスパイカー</txt:bold>のことだって知ってる？","<txt:bold,2><txt:color,orange>时宇</txt:color></txt:bold>，你知道在排球里，<txt:bold,2>王牌</txt:bold>通常是指像你这样的<txt:bold,2>主攻手</txt:bold>吗？","<txt:bold,2><txt:color,orange>時宇</txt:color></txt:bold>，你知道在排球中，<txt:bold,2>王牌</txt:bold>通常是用來稱呼像你這樣的<txt:bold,2>主攻手</txt:bold>的吧？","<txt:bold,2><txt:color,orange>Шиу</txt:color></txt:bold>, ты же знаешь, что <txt:bold,2>лидеры команды</txt:bold> обычно <txt:bold,2>доигровщики</txt:bold>?","<txt:bold,2><txt:color,orange>Siwoo</txt:color></txt:bold>, kamu tahu gelaran <txt:bold,2>pemain handalan</txt:bold> dalam bola tampar biasanya merujuk kepada <txt:bold,2>perejam sayap</txt:bold> macam kamu, kan?","<txt:bold,2><txt:color,orange>Siwoo</txt:color></txt:bold>, cậu biết trong bóng chuyền, <txt:bold,2>át chủ bài</txt:bold> thường là cách gọi những <txt:bold,2>chủ công</txt:bold> như cậu đúng không?","<txt:bold,2><txt:color,orange>Siwoo</txt:color></txt:bold>, sabes que, en voleibol, normalmente se les dice <txt:bold,2>as</txt:bold> a los <txt:bold,2>rematadores de punta</txt:bold> como tú, ¿verdad?","<txt:bold,2><txt:color,orange>Siwoo</txt:color></txt:bold>, apa kamu tahu sebutan <txt:bold,2>Ace</txt:bold> dalam bola voli biasanya ditujukan untuk para <txt:bold,2>Wing Spiker</txt:bold> sepertimu?","<txt:bold,2><txt:color,orange>ชีอู</txt:color></txt:bold> นายรู้ใช่ไหมว่าในวอลเลย์บอล คำว่า<txt:bold,2>เอซ</txt:bold>มักจะใช้เรียก<txt:bold,2>ตัวตีโค้ง</txt:bold>อย่างนายน่ะ?","<txt:bold,2><txt:color,orange>Siwoo</txt:color></txt:bold>, você sabe que, no vôlei, o título de <txt:bold,2>craque</txt:bold> costuma ser dado a jogadores da sua posição, os <txt:bold,2>ponteiros</txt:bold>, né?"
,,,정다희,,1_웃음,pause,,난 에이스란 어떤 순간에도 절대 꺾이지 않는 사람이라고 믿거든.,"I believe that aces are those who never break, even in dire situations.",私、エースってどんな瞬間でも絶対に心が折れない人のことだって信じてるんだ。,但我相信，真正的王牌，是无论在什么时刻都绝不屈服的人。,但我相信，所謂的王牌，是指在任何時刻都絕不屈服的人。,"Но для меня настоящий лидер — это человек, который никогда не сдается.","Saya percaya pemain handalan ialah seseorang yang tidak akan lemah semangat, walaupun dalam situasi sukar.",Tôi tin rằng át chủ bài là người không bao giờ gục ngã trong bất cứ khoảnh khắc nào.,"Yo creo que un as es alguien que jamás se rinde, pase lo que pase.",Aku percaya bahwa Ace adalah seseorang yang tidak akan pernah patah semangat dalam situasi apa pun.,ฉันเชื่อว่าเอซคือคนที่จะไม่ยอมแพ้เด็ดขาด ไม่ว่าในสถานการณ์ไหนก็ตาม,"Eu acredito que um craque é alguém que nunca se deixa abater, não importa a situação."
,,,백시우_교복,,1_무표정,,,"<sys:bgm,BGM_THE_GEMSTONE,1000>...!","<sys:bgm,BGM_THE_GEMSTONE,1000>...!","<sys:bgm,BGM_THE_GEMSTONE,1000>‥！","<sys:bgm,BGM_THE_GEMSTONE,1000>‥！","<sys:bgm,BGM_THE_GEMSTONE,1000>‥！","<sys:bgm,BGM_THE_GEMSTONE,1000>...!","<sys:bgm,BGM_THE_GEMSTONE,1000>...!","<sys:bgm,BGM_THE_GEMSTONE,1000>...!","<sys:bgm,BGM_THE_GEMSTONE,1000>¡...!","<sys:bgm,BGM_THE_GEMSTONE,1000>...!","<sys:bgm,BGM_THE_GEMSTONE,1000>...!","<sys:bgm,BGM_THE_GEMSTONE,1000>...!"
,,,정다희,,1_기본,,,너라면 멋진 에이스가 될 수 있을 거라고 생각해.,I think you'd make an amazing ace.,あなたなら、かっこいいエースになれると思うよ。,我觉得，你一定能成为一个出色的王牌。,我覺得你一定能成為很棒的王牌。,Ты бы стал отличным лидером.,Saya rasa kamu boleh jadi pemain handalan yang hebat.,Tôi nghĩ là cậu có thể trở thành một át chủ bài tuyệt vời.,Estoy segura de que podrías llegar a ser un as increíble.,Kurasa kamu bisa menjadi Ace yang hebat.,ฉันคิดว่าถ้าเป็นนาย จะต้องกลายเป็นเอซที่ยอดเยี่ยมได้แน่ๆ,Tenho certeza de que você pode se tornar um craque extraordinário.
,,,정다희,,2_헤헤,,,"헤헤, 진심이라구! 그럼 난 정말 간다!!","Hehe, I mean it! Anyway, bye!",へへ、ホントだからね！じゃあ、私、本当に行くね！！,嘿嘿，我是认真的！那我真走啦！！,嘿嘿，我是認真的！那我真走啦！！,Я не шучу. Еще увидимся!,"Hehe, saya serius ni! Apapun, selamat tinggal!","He he, tôi nói thật đó! Vậy tôi đi đây!!","Jeje, ¡lo digo en serio! ¡Ahora sí me voy!","Hehe, aku tidak bercanda! Kalau begitu, aku benar-benar pergi, ya!!",ฮิฮิ จริงๆ นะ! ถ้างั้นฉันไปล่ะ!!,"Hehe, tô falando sério! Agora eu realmente preciso ir!"
,,,TAG,,,,,"<cha:pos,백시우_교복,0><cha:pos,정다희,4>","<cha:pos,백시우_교복,0><cha:pos,정다희,4>","<cha:pos,백시우_교복,0><cha:pos,정다희,4>","<cha:pos,백시우_교복,0><cha:pos,정다희,4>","<cha:pos,백시우_교복,0><cha:pos,정다희,4>","<cha:pos,백시우_교복,0><cha:pos,정다희,4>","<cha:pos,백시우_교복,0><cha:pos,정다희,4>","<cha:pos,백시우_교복,0><cha:pos,정다희,4>","<cha:pos,백시우_교복,0><cha:pos,정다희,4>","<cha:pos,백시우_교복,0><cha:pos,정다희,4>","<cha:pos,백시우_교복,0><cha:pos,정다희,4>","<cha:pos,백시우_교복,0><cha:pos,정다희,4>"
,,,백시우_교복,,1_무표정,pause,,<scr:noskip>......,<scr:noskip>...,<scr:noskip>‥‥,<scr:noskip>‥,<scr:noskip>‥,<scr:noskip>......,<scr:noskip>...,<scr:noskip>...,<scr:noskip>...,<scr:noskip>......,<scr:noskip>......,<scr:noskip>...
,,,백시우_교복,,1_무표정,pause,,"<scr:noskip>......<wrt:wait,25>다시 한번이라.","<scr:noskip>... <wrt:wait,25>Try again...","<scr:noskip>‥‥<wrt:wait,25>もう一度、か。","<scr:noskip>‥<wrt:wait,25>再挑战一次吗。","<scr:noskip>‥<wrt:wait,25>再挑戰一次啊。","<scr:noskip>......<wrt:wait,25>Еще один шанс.","<scr:noskip>... <wrt:wait,25>Cuba lagi...","<scr:noskip>...<wrt:wait,25>Một lần nữa à.","<scr:noskip>...<wrt:wait,25> ¿Que lo intente...?","<scr:noskip>......<wrt:wait,25>Sekali lagi, ya.","<scr:noskip>......<wrt:wait,25>อีกสักครั้งงั้นเหรอ","<scr:noskip>Hum... <wrt:wait,25>Tentar mais uma vez..."
,,,백시우_교복,,1_웃음,pause,,"<scr:noskip>어제의 마지막 스파이크, 성공했다면 분명... <wrt:wait,25>통쾌했겠지.","<scr:noskip>If I had managed to land that last spike yesterday, it would've been... <wrt:wait,25>really satisfying.","<scr:noskip>昨日の最後のスパイク、決まってたらきっと‥<wrt:wait,25>マジでスカッとしただろうな。","<scr:noskip>昨天最后那个扣球，如果成功了的话，肯定‥<wrt:wait,25>很痛快吧。","<scr:noskip>昨天最後那記扣球，如果成功了，一定‥<wrt:wait,25>會很痛快吧。","<scr:noskip>Если бы тот последний удар получился... <wrt:wait,25>Было бы круто.","<scr:noskip>Kalau rejaman terakhir tu masuk semalam, mesti rasanya... <wrt:wait,25>memang puas hati.","<scr:noskip>Cú đập bóng cuối cùng hôm qua, nếu thành công thì chắc chắn... <wrt:wait,25>đã rất sảng khoái.","<scr:noskip>Si el último remate de ayer hubiera entrado, seguro que... <wrt:wait,25>se habría sentido increíble.","<scr:noskip>Spike terakhir kemarin... Kalau saja masuk, <wrt:wait,25>pasti rasanya sangat memuaskan.","<scr:noskip>ถ้าลูกตบครั้งสุดท้ายเมื่อวานสำเร็จล่ะก็... <wrt:wait,25>คงรู้สึกสะใจมากแน่ๆ แหละ","<scr:noskip>Se aquela última cortada de ontem tivesse entrado, eu provavelmente teria... <wrt:wait,25>me sentido realizado."
,,,TAG,,,,,"<eff:black,3>","<eff:black,3>","<eff:black,3>","<eff:black,3>","<eff:black,3>","<eff:black,3>","<eff:black,3>","<eff:black,3>","<eff:black,3>","<eff:black,3>","<eff:black,3>","<eff:black,3>"
,,,TAG,,,,,"<sys:qmap,대지고 체육관><cha:qpos,정다희,0><cha:qpos,백시우_교복,-4><sys:quiet,1000>","<sys:qmap,대지고 체육관><cha:qpos,정다희,0><cha:qpos,백시우_교복,-4><sys:quiet,1000>","<sys:qmap,대지고 체육관><cha:qpos,정다희,0><cha:qpos,백시우_교복,-4><sys:quiet,1000>","<sys:qmap,대지고 체육관><cha:qpos,정다희,0><cha:qpos,백시우_교복,-4><sys:quiet,1000>","<sys:qmap,대지고 체육관><cha:qpos,정다희,0><cha:qpos,백시우_교복,-4><sys:quiet,1000>","<sys:qmap,대지고 체육관><cha:qpos,정다희,0><cha:qpos,백시우_교복,-4><sys:quiet,1000>","<sys:qmap,대지고 체육관><cha:qpos,정다희,0><cha:qpos,백시우_교복,-4><sys:quiet,1000>","<sys:qmap,대지고 체육관><cha:qpos,정다희,0><cha:qpos,백시우_교복,-4><sys:quiet,1000>","<sys:qmap,대지고 체육관><cha:qpos,정다희,0><cha:qpos,백시우_교복,-4><sys:quiet,1000>","<sys:qmap,대지고 체육관><cha:qpos,정다희,0><cha:qpos,백시우_교복,-4><sys:quiet,1000>","<sys:qmap,대지고 체육관><cha:qpos,정다희,0><cha:qpos,백시우_교복,-4><sys:quiet,1000>","<sys:qmap,대지고 체육관><cha:qpos,정다희,0><cha:qpos,백시우_교복,-4><sys:quiet,1000>"
,,,-,,,,,"<txt:bold,3><txt:color,grey>~다음 날~</txt:color></txt:bold>","<txt:bold,3><txt:color,grey>The next day...</txt:color></txt:bold>","<txt:bold,3><txt:color,grey>～次の日～</txt:color></txt:bold>","<txt:bold,3><txt:color,grey>～第二天～</txt:color></txt:bold>","<txt:bold,3><txt:color,grey>～隔天～</txt:color></txt:bold>","<txt:bold,3><txt:color,grey>На следующий день.</txt:color></txt:bold>","<txt:bold,3><txt:color,grey>Hari berikutnya...</txt:color></txt:bold>","<txt:bold,3><txt:color,grey>~ Ngày hôm sau ~</txt:color></txt:bold>","<txt:bold,3><txt:color,grey>-Al día siguiente-</txt:color></txt:bold>","<txt:bold,3><txt:color,grey>~Pagi hari berikutnya~</txt:color></txt:bold>","<txt:bold,3><txt:color,grey>~วันต่อมา~</txt:color></txt:bold>","<txt:bold,3><txt:color,grey>No dia seguinte...</txt:color></txt:bold>"
,,,정다희,,1_기본,,,"자, 다들 오늘도 힘차게 시작해볼까?",Is everyone ready to start the day off strong?,よしっ、みんな！今日も元気よく始めよっか！,好了，大家今天也充满活力地开始吧？,好啦，大家今天也打起精神開始練習吧！,"Так, все готовы? Начинаем тренировку!",Semua sudah sedia untuk mulakan hari dengan bertenaga?,"Nào, hôm nay mọi người cũng bắt đầu thật hăng hái nhé?","Muy bien, chicos. Arranquemos con todo hoy también.","Ayo, semuanya! Mari kita mulai hari ini dengan penuh semangat!",เอาล่ะ ทุกคน วันนี้ก็มาเริ่มต้นอย่างแข็งขันกันดีไหม?,"Certo, pessoal! Vamos dar o nosso melhor hoje também!"
,,,TAG,,,,,"<cha:pos,백시우_교복,-2><cha:pos,정다희,2>","<cha:pos,백시우_교복,-2><cha:pos,정다희,2>","<cha:pos,백시우_교복,-2><cha:pos,정다희,2>","<cha:pos,백시우_교복,-2><cha:pos,정다희,2>","<cha:pos,백시우_교복,-2><cha:pos,정다희,2>","<cha:pos,백시우_교복,-2><cha:pos,정다희,2>","<cha:pos,백시우_교복,-2><cha:pos,정다희,2>","<cha:pos,백시우_교복,-2><cha:pos,정다희,2>","<cha:pos,백시우_교복,-2><cha:pos,정다희,2>","<cha:pos,백시우_교복,-2><cha:pos,정다희,2>","<cha:pos,백시우_교복,-2><cha:pos,정다희,2>","<cha:pos,백시우_교복,-2><cha:pos,정다희,2>"
,,,백시우_교복,,1_기본,,,"저기, 잠깐 괜찮을까?","Hey, can I talk to you for a sec?",あの、ちょっといいかな？,那个，能打扰一下吗？,那個，方便耽誤一下嗎？,"<txt:bold,2><txt:color,orange>Дахи</txt:color></txt:bold>, есть минутка?","Hei, boleh saya bercakap dengan kamu sebentar?","Này, tôi nói chuyện một chút được không?","<txt:bold,2><txt:color,orange>Dahee</txt:color></txt:bold>, ¿tienes un momento?","Permisi, apa aku boleh bicara sebentar?",เอ่อ มีเวลาสักแป๊บรึเปล่า?,"Ei, posso falar com você rapidinho?"
,,,정다희,,1_웃음,,exclam,"<sys:bgm,BGM_FIRST_STEP,1000><txt:size,2><txt:bold,2><txt:color,orange>시우</txt:color></txt:bold>야!</txt:size>","<sys:bgm,BGM_FIRST_STEP,1000><txt:size,2><txt:bold,2><txt:color,orange>Siwoo</txt:color></txt:bold>!</txt:size>","<sys:bgm,BGM_FIRST_STEP,1000><txt:size,2><txt:bold,2><txt:color,orange>新</txt:color></txt:bold>！</txt:size>","<sys:bgm,BGM_FIRST_STEP,1000><txt:size,2><txt:bold,2><txt:color,orange>时宇</txt:color></txt:bold>！</txt:size>","<sys:bgm,BGM_FIRST_STEP,1000><txt:size,2><txt:bold,2><txt:color,orange>時宇</txt:color></txt:bold>！</txt:size>","<sys:bgm,BGM_FIRST_STEP,1000><txt:size,2><txt:bold,2><txt:color,orange>Шиу</txt:color></txt:bold>!</txt:size>","<sys:bgm,BGM_FIRST_STEP,1000><txt:size,2><txt:bold,2><txt:color,orange>Siwoo</txt:color></txt:bold>!</txt:size>","<sys:bgm,BGM_FIRST_STEP,1000><txt:size,2><txt:bold,2><txt:color,orange>Siwoo</txt:color></txt:bold>!</txt:size>","¡<sys:bgm,BGM_FIRST_STEP,1000><txt:size,2><txt:bold,2><txt:color,orange>Siwoo</txt:color></txt:bold>!</txt:size>","<sys:bgm,BGM_FIRST_STEP,1000><txt:size,2><txt:bold,2><txt:color,orange>Siwoo</txt:color></txt:bold>!</txt:size>","<sys:bgm,BGM_FIRST_STEP,1000><txt:size,2><txt:bold,2><txt:color,orange>ชีอู</txt:color></txt:bold>!</txt:size>","<sys:bgm,BGM_FIRST_STEP,1000><txt:size,2><txt:bold,2><txt:color,orange>Siwoo</txt:color></txt:bold>!</txt:size>"
,,,백시우_교복,,1_웃음,,,"하하, 미안. 연습을 방해한 거 아냐?","Haha, sorry. I hope I didn't interfere with practice.",はは、ごめん。練習の邪魔しちゃったかな？,哈哈，抱歉，没打扰你们训练吧？,哈哈，抱歉。沒打擾到你們練習吧？,"Надеюсь, я не помешал?","Haha, maaf. Saya harap saya tidak mengganggu latihan.","Ha ha, xin lỗi. Tôi không làm phiền mọi người tập luyện chứ?","Jaja, perdón. ¿Interrumpí la práctica?","Haha, maaf. Apa aku mengganggu latihan?",ฮ่าฮ่า โทษทีนะ ฉันไม่ได้รบกวนการซ้อมใช่ไหม?,"Haha, desculpe. Não tô atrapalhando o treino, né?"
,,,정다희,,1_웃음,,,아냐! 어서 와! 이번에야말로 배구를 다시 시작해볼 마음이 든 거야?,Not at all! Good to see you back! Have you changed your mind about volleyball yet?,ううん！よく来たね！今度こそ、またバレーを始める気になった？,没有啦！快进来！这次你是下定决心要重新开始打排球了吗？,沒有！快過來！這次你終於決定要重新開始打排球了嗎？,"Нет, конечно! Подходи. Решил присоединиться?",Langsung tidak! Gembira lihat kamu kembali! Kamu berubah fikiran tentang bola tampar?,Không! Mau vào đi! Lần này cậu thật sự muốn bắt đầu chơi bóng chuyền lại rồi sao?,¡Para nada! ¡Bienvenido! ¿Esta vez sí te dieron ganas de volver a jugar voleibol?,"Tidak, kok! Selamat datang! Apa kamu datang karena kamu berniat bermain bola voli lagi?",ไม่เลย! เข้ามาสิ! ครั้งนี้นายอยากลองกลับมาเริ่มเล่นวอลเลย์บอลอีกครั้งแล้วรึเปล่า?,Claro que não! Vem cá! Então finalmente decidiu voltar a jogar vôlei?
,,,백시우_교복,,1_기본,,,응. 나도 오랜만에 하다 보니 아쉬웠거든.,"Actually, yeah. Playing volleyball after a long break made me realize something.",うん。俺も久しぶりにやったら、なんか名残惜しくてさ。,嗯。难得又打了一次，还是觉得有些意犹未尽。,嗯。昨天久違地打了一下，總覺得有點意猶未盡。,"Да. Поиграл с вами и понял, как мне этого не хватало.","Ya. Selepas main semula setelah sekian lama, rasa tak puas pula.","Ừ. Lâu lắm mới được chơi lại, tôi cũng thấy chưa đã.",Sí. Jugar después de tanto tiempo me dejó con esa espinita.,Iya. Main lagi setelah sekian lama... ternyata membuatku merasa belum puas.,อื้ม พอได้กลับมาเล่นหลังจากห่างหายไปนาน ฉันก็ยังอยากเล่นต่ออยู่น่ะ,"Sim. Depois de tanto tempo longe, acabei percebendo o quanto sentia falta disso."
,,,백시우_교복,,1_기쁨,,,"아직 걱정도 되고, 그동안 배구를 완전히 놓았던 터라 당장 팀에 얼마나 도움이 될 수 있을지 모르겠지만...","I'm still worried, and I'm not sure if I'll be helpful since I haven't played volleyball in a long while, but...",まだ不安もあるし、しばらくバレーから完全に離れてたから、今すぐチームの戦力になれるかは分かんないけど‥,虽然我还有点担心，毕竟完全放下了那么久，也不知道现在能帮上球队多少忙‥,雖然還是有點擔心，而且畢竟很久沒碰球了，不知道能幫上球隊多少‥,"Я переживаю, что давно не играл и от меня не будет пользы.","Saya masih risau. Dah lama saya tinggalkan bola tampar, jadi tak tahu sejauh mana saya boleh bantu pasukan sekarang...","Tôi vẫn còn lo, với lại đã bỏ bóng chuyền hẳn một thời gian nên không biết ngay lúc này mình có thể giúp đội được bao nhiêu, nhưng...","Aún tengo mis dudas, y como pasé mucho tiempo alejado del voleibol, no sé cuánto pueda aportar ahora mismo, pero...","Aku masih khawatir. Selama ini aku benar-benar berhenti main voli, jadi belum tahu seberapa banyak aku bisa membantu tim sekarang...",ถึงจะยังกังวล แล้วก็ไม่รู้ว่าจะช่วยทีมได้มากแค่ไหนในตอนนี้ก็เถอะ เพราะที่ผ่านมาฉันเลิกเล่นวอลเลย์บอลไปเลย...,"Pra ser sincero, ainda estou inseguro e, depois de tanto tempo afastado, não sei se estarei à altura do que o time precisa..."
,,,백시우_교복,,1_웃음,,,네 말을 듣고 다시 시작해 보고 싶어졌어.,What you said made me want to try again.,"<txt:bold,2><txt:color,orange>夏希</txt:color></txt:bold>の話を聞いて、また始めてみたくなったんだ。",但是听了你的话，我想重新试一次。,但聽了妳的話，我想再重新開始試試看。,Но после разговора с тобой захотелось снова попробовать.,Kata-kata kamu buat saya mahu mencuba lagi.,"Nghe cậu nói xong, tôi muốn bắt đầu lại.",Tus palabras me hicieron querer intentarlo otra vez.,"Tapi setelah mendengar kata-katamu, aku ingin mencobanya sekali lagi.",แต่พอได้ฟังที่เธอพูด ก็อยากลองเริ่มเล่นอีกครั้งน่ะ,"Mas depois de ouvir o que você disse, senti vontade de tentar novamente."
,,,백시우_교복,,1_결연,,,"이번 <txt:bold,2>지역 예선</txt:bold>까지만이라도 같이 뛰어봐도 될까?","Can I join the team up until <txt:bold,2>regionals</txt:bold>?","今回の<txt:bold,2>地区予選</txt:bold>までだけでも、一緒にバレーしてもいいかな？","哪怕只打到这次的<txt:bold,2>地区预选赛</txt:bold>，我能和你们一起参加吗？","哪怕是只到這次的<txt:bold,2>地區預賽</txt:bold>，能讓我跟你們一起參加嗎？","Можно я поиграю с вами хотя бы до <txt:bold,2>регионального отборочного турнира</txt:bold>?","Boleh saya main bersama kamu semua, sekurang-kurangnya sampai <txt:bold,2>pusingan kelayakan daerah</txt:bold> kali ini?","Tôi có thể chơi cùng mọi người, ít nhất là đến hết <txt:bold,2>Vòng Loại Khu Vực</txt:bold> lần này không?","¿Me dejarían jugar con ustedes, aunque sea solo hasta la <txt:bold,2>Clasificatoria Regional</txt:bold>?","Apa boleh aku bergabung, setidaknya sampai <txt:bold,2>Penyisihan Turnamen Regional</txt:bold> nanti?","ฉันขอลองเล่นด้วยจนถึง<txt:bold,2>รอบคัดเลือกระดับท้องถิ่น</txt:bold>ครั้งนี้ได้รึเปล่า?","Posso jogar com vocês pelo menos até as <txt:bold,2>eliminatórias regionais</txt:bold>?"
,,,정다희,,3_활짝,,joy,"당연하지!!! 환영해, <txt:bold,2><txt:color,orange>시우</txt:color></txt:bold>야!! 분명히 너 배구가 더 좋아질걸?","Of course! Welcome to the team, <txt:bold,2><txt:color,orange>Siwoo</txt:color></txt:bold>! I'm so sure that you'll get to like volleyball even more.","当然でしょ！！！大歓迎だよ、<txt:bold,2><txt:color,orange>新</txt:color></txt:bold>！！きっとバレーがもっと好きになるはず！","当然可以！！！欢迎你，<txt:bold,2><txt:color,orange>时宇</txt:color></txt:bold>！！我相信你一定会越来越喜欢排球的！","那當然好啊！！！歡迎加入，<txt:bold,2><txt:color,orange>時宇</txt:color></txt:bold>！！你一定會越來越喜歡排球的！","Конечно! Добро пожаловать в команду, <txt:bold,2><txt:color,orange>Шиу</txt:color></txt:bold>! Гарантирую, ты полюбишь волейбол еще сильнее!","Sudah tentu! Selamat datang ke pasukan, <txt:bold,2><txt:color,orange>Siwoo</txt:color></txt:bold>! Saya yakin kamu akan lebih menyukai bola tampar.","Tất nhiên rồi!!! Chào mừng cậu, <txt:bold,2><txt:color,orange>Siwoo</txt:color></txt:bold>!! Chắc chắn cậu sẽ càng thích bóng chuyền hơn đó!",¡Por supuesto!!! ¡Eres bienvenido! ¡Ya verás que vas a terminar amando el voleibol mucho más!,"Tentu saja!!! Selamat bergabung, <txt:bold,2><txt:color,orange>Siwoo</txt:color></txt:bold>!! Aku yakin kamu pasti akan semakin menyukai bola voli!","ได้อยู่แล้วสิ!!! ยินดีต้อนรับนะ <txt:bold,2><txt:color,orange>ชีอู</txt:color></txt:bold>!! นายจะต้องชอบวอลเลย์บอลมากขึ้นชัวร์","Claro que pode! Seja bem-vindo ao time, <txt:bold,2><txt:color,orange>Siwoo</txt:color></txt:bold>! Tenho certeza de que vai acabar gostando ainda mais de vôlei!"
,,,정다희,,1_웃음,,,"자, 그럼 이제 곧 연습 경기 시작하려던 참이었는데, <txt:bold,2><txt:color,orange>시우</txt:color></txt:bold> 너도 바로 낄래?","Now, we were about to start a practice match. Do you want to join, <txt:bold,2><txt:color,orange>Siwoo</txt:color></txt:bold>?","よーし！じゃあ、ちょうどこれから練習試合を始めるとこだったんだけど、<txt:bold,2><txt:color,orange>新</txt:color></txt:bold>もすぐ入る？","好了，正好我们准备开始练习赛，<txt:bold,2><txt:color,orange>时宇</txt:color></txt:bold>，你要不要直接上场？","來，剛好正準備開始練習賽，<txt:bold,2><txt:color,orange>時宇</txt:color></txt:bold>你要不要直接上場？","А мы как раз хотели начать тренировочный матч. Присоединишься, <txt:bold,2><txt:color,orange>Шиу</txt:color></txt:bold>?","Sekarang, kita akan memulakan perlawanan latihan. Kamu mahu sertai, <txt:bold,2><txt:color,orange>Siwoo</txt:color></txt:bold>?","Nào, bây giờ cũng sắp bắt đầu đấu tập rồi, <txt:bold,2><txt:color,orange>Siwoo</txt:color></txt:bold> cậu vào luôn nhé?","Bien, justo íbamos a comenzar un partido de entrenamiento. ¿Quieres unirte de una vez?","Kebetulan sekali, kita baru saja akan memulai latihan pertandingan. <txt:bold,2><txt:color,orange>Siwoo</txt:color></txt:bold>, apa kamu mau langsung ikut latihan?","เอาล่ะ ถ้างั้นเรากำลังจะเริ่มแมตช์ฝึกซ้อมกันพอดี <txt:bold,2><txt:color,orange>ชีอู</txt:color></txt:bold> นายอยากมาร่วมด้วยเลยไหมล่ะ?","Bem, vamos começar um treino coletivo. Quer participar, <txt:bold,2><txt:color,orange>Siwoo</txt:color></txt:bold>?"
,,,백시우_교복,,1_기쁨,,,"고마워, 앞으로 잘 부탁해!!","Thanks, and yes, count me in!",ありがとう、これからよろしく！！,谢谢你们，以后请多关照了！！,謝謝，以後請多指教了！！,"Спасибо, с радостью!",Terima kasih! Harap kamu semua dapat tunjuk ajar saya nanti!,"Cảm ơn nhé, mong được mọi người chiếu cố!!","¡Sí, gracias! ¡Cuenten conmigo de ahora en adelante!",Terima kasih. Senang bisa bergabung dengan kalian!!,ขอบใจนะ ต่อไปก็ขอฝากตัวด้วยล่ะ!!,Obrigado! Conto com vocês daqui pra frente!
4,경기 전,#,MAP,,,,,대지고 체육관,대지고 체육관,대지고 체육관,대지고 체육관,대지고 체육관,대지고 체육관,대지고 체육관,대지고 체육관,대지고 체육관,대지고 체육관,대지고 체육관,대지고 체육관
,,#,BGM,,,,,BGM_COOL,BGM_COOL,BGM_COOL,BGM_COOL,BGM_COOL,BGM_COOL,BGM_COOL,BGM_COOL,BGM_COOL,BGM_COOL,BGM_COOL,BGM_COOL
,,#,백시우,-2,1_기본,,,,,,,,,,,,,,
,,#,정다희,2,1_기본,,,,,,,,,,,,,,
,,#,신하은,4,1_기본,,,,,,,,,,,,,,
,,#,이영섭,4,1_기본,,,,,,,,,,,,,,
,,,-,,,,,"<txt:bold,3><txt:color,grey>~친선 경기 날 아침, 체육관~</txt:color></txt:bold>","<txt:bold,3><txt:color,grey>The morning of the friendly match, in the gym...</txt:color></txt:bold>","<txt:bold,3><txt:color,grey>～練習試合当日の朝、体育館～</txt:color></txt:bold>","<txt:bold,3><txt:color,grey>～友谊赛当天的早晨，体育馆～</txt:color></txt:bold>","<txt:bold,3><txt:color,grey>～友誼賽當天早上，體育館～</txt:color></txt:bold>","<txt:bold,3><txt:color,grey>Утро в день товарищеского матча. Спортивный зал.</txt:color></txt:bold>","<txt:bold,3><txt:color,grey>Waktu pagi perlawanan persahabatan, di dalam gim...</txt:color></txt:bold>","<txt:bold,3><txt:color,grey>~ Buổi sáng ngày đấu giao hữu, tại nhà thi đấu ~</txt:color></txt:bold>","<txt:bold,3><txt:color,grey>-Mañana del partido amistoso, Gimnasio-</txt:color></txt:bold>","<txt:bold,3><txt:color,grey>~Pagi hari pertandingan persahabatan, di gedung olahraga~</txt:color></txt:bold>","<txt:bold,3><txt:color,grey>~เช้าวันแข่งแมตช์กระชับมิตร, โรงยิม~</txt:color></txt:bold>","<txt:bold,3><txt:color,grey>Manhã do amistoso, na quadra...</txt:color></txt:bold>"
,,,정다희,,1_웃음,,,"자, 오늘은 드디어 친선 경기 날이야!",It's finally the day of the friendly match!,さあ、今日はついに練習試合の日だね！,好了，今天终于到了友谊赛的日子了！,各位，今天終於是友誼賽的日子了！,Сегодня играем товарищеский матч.,Akhirnya hari ini perlawanan persahabatan!,"Nào, hôm nay cuối cùng cũng là ngày đấu giao hữu rồi!","¡Bien, hoy por fin es el día del partido amistoso!",Akhirnya tiba hari Pertandingan persahabatan!,เอาล่ะ ในที่สุดวันนี้ก็ถึงวันแข่งแมตช์กระชับมิตรแล้ว!,Finalmente chegou o dia do amistoso!
,,,정다희,,1_기본,,,"다들 준비는 되었지? 잠은 푹 잤어? 어디 보자, <txt:bold,2><txt:color,orange>마윤석</txt:color></txt:bold>은 또 지각이야?","Everyone ready? Did you get enough sleep? Let's see... Is <txt:bold,2><txt:color,orange>Yoonseok</txt:color></txt:bold> late again?","みんな準備はいい？ぐっすり眠れた？えーっと、<txt:bold,2><txt:color,orange>忠英</txt:color></txt:bold>はまた遅刻？","大家都准备好了吗？昨晚睡得好吗？我看看，<txt:bold,2><txt:color,orange>马允硕</txt:color></txt:bold>这家伙又迟到了？","大家準備好了嗎？昨晚有睡好嗎？我看看，<txt:bold,2><txt:color,orange>馬允碩</txt:color></txt:bold>又遲到了？","Все готовы? Хорошо выспались? Так-так, <txt:bold,2><txt:color,orange>Ма Юнсок</txt:color></txt:bold> опять опаздывает?","Semua sedia? Kamu tidur lena? Mari lihat... Adakah <txt:bold,2><txt:color,orange>Yoonseok</txt:color></txt:bold> lewat sekali lagi?","Mọi người chuẩn bị xong chưa? Ngủ đủ giấc chưa? Để xem nào, <txt:bold,2><txt:color,orange>Ma Yoonseok</txt:color></txt:bold> lại đi muộn à?","¿Están todos listos? ¿Durmieron bien? A ver... ¿<txt:bold,2><txt:color,orange>Ma Yunseok</txt:color></txt:bold> otra vez va a llegar tarde?","Apa semuanya sudah siap? Sudah tidur dengan cukup? Coba lihat... Apa <txt:bold,2><txt:color,orange>Yunseok Ma</txt:color></txt:bold> telat lagi?","ทุกคนพร้อมกันแล้วใช่ไหม? นอนหลับเต็มอิ่มกันรึเปล่า? ไหนดูซิ <txt:bold,2><txt:color,orange>มายุนซอก</txt:color></txt:bold>สายอีกแล้วเหรอ?","Tudo certo com vocês? Dormiram bem? Pelo visto, o <txt:bold,2><txt:color,orange>Yunseok Ma</txt:color></txt:bold> resolveu se atrasar mais uma vez."
,,A,정다희,,1_언짢,,,"아휴, 어차피 늦게라도 오긴 올 거니까 신경 쓰지 마. 그나저나 다들 컨디션은 어때?","*Sigh*. He'll get here eventually. More importantly, how is everyone feeling?",はぁ、どうせ遅れてでも来るだろうから気にしないで。それより、みんなのコンディションはどう？,哎，反正他迟早会来的，别管他了。大家状态怎么样？,唉，反正他最後還是會出現，別管他了。大家今天的狀態如何？,"Ох, с ним все как обычно. Лучше скажите, как самочувствие?","*Mengeluh*. Nanti dia sampailah tu. Yang lebih penting, macam mana perasaan kamu semua?","Aiz, dù có muộn thì cậu ấy cũng đến thôi, đừng bận tâm. Mà thể trạng mọi người hôm nay thế nào?","Bueno, aunque tarde, de todos modos va a venir, no se preocupen. Más bien, ¿cómo se sienten todos?","Sudahlah, tidak perlu dipikirkan. Dia pasti muncul meski terlambat. Ngomong-ngomong, bagaimana kondisi kalian?",เฮ้อ ยังไงถึงจะสายแต่เดี๋ยวก็มาแหละ ไม่ต้องสนใจหรอก ว่าแต่ทุกคนสภาพร่างกายเป็นยังไงกันบ้าง?,"Não se preocupem, ele já vai chegar. E vocês, como estão se sentindo hoje?"
,,A-1,백시우,,1_시무룩,,,음... 듣고 보니 조금 아플지도...,"Um... Now that you mention it, maybe I do feel a little off...",うーん‥そう言われると、ちょっと具合悪いかも‥,嗯‥听你这么一说，我好像有点不舒服‥,唔‥被妳這麼一問，好像有點不舒服‥,"Хм... Знаешь, а мне как-то нехорошо.","Um... Bila kamu cakap macam tu, mungkin saya rasa kurang sihat sikit...",Ưm... Nghe cậu hỏi thế thì tôi thấy hơi đau...,"Mmm... Ahora que lo mencionas, puede que sí me duela algo...",Hemm.. sepertinya aku merasa agak sakit..,อืม... พอเธอถามขึ้นมา ฉันก็เหมือนรู้สึกเจ็บนิดหน่อย...,Hum... acho que não estou me sentindo tão bem assim...
,,A-1,정다희,,1_당황,,,"<cha:pop,정다희>어엇? 어디가 어떻게?!안 돼, 오늘같이 중요한 날 아프면 안 돼!!","<cha:pop,정다희>What? Where?! How?! No, you can't be sick on a day like this!","<cha:pop,정다희>えっ？どこがどんなふうに！？ダメだよ、今日みたいな大事な日に体調崩しちゃ！！","<cha:pop,정다희>哎哎？哪里不舒服？！不行，今天这么重要的日子怎么能生病呢！！","<cha:pop,정다희>什麼？！哪裡不舒服？！不行啦，在今天這麼重要的日子絕對不能生病！！","<cha:pop,정다희>А? Где нехорошо?! Нет-нет, сегодня болеть нельзя!","<cha:pop,정다희>Apa? Mana?! Macam mana?! Tidak, kamu tak boleh jatuh sakit pada hari macam ni!","<cha:pop,정다희>Ơ? Đau ở đâu, đau thế nào?! Không được, ngày quan trọng như hôm nay mà đau là không được đâu!!","<cha:pop,정다희>¿Eh? ¿Dónde? ¿Qué te duele? ¡No, no puedes enfermarte en un día tan importante!","<cha:pop,정다희>Hah? Sakit apa? Di mana?! Jangan sampai sakit di hari sepenting ini!!","<cha:pop,정다희>หา? ตรงไหนเหรอ เป็นอะไร?! ไม่ได้นะ วันสำคัญแบบนี้จะมาเจ็บไม่ได้สิ!!","<cha:pop,정다희>Hein?! O que aconteceu?! Hoje não é dia pra ficar doente!"
,,A-1,백시우,,1_웃음,,,"아하하, 농담이야.","Haha, I’m just kiddin’.",あはは、冗談だよ。,啊哈哈，开玩笑的。,啊哈哈，開玩笑的啦。,"Ха-ха-ха, да шучу я.","Haha, saya cuma bergurau.","A ha ha, tôi đùa thôi.","Jajaja, es broma.","Hahahaha, aku hanya bercanda.",ฮ่าฮ่า ล้อเล่นน่ะ,"Hahaha, tô brincando."
,,A-1,정다희,,1_언짢,,angry,"<sys:sfx,스파이크_4>이이잇, 그런 걸로 농담하지 마!!!","<sys:sfx,스파이크_4>Gaaah, don't joke about stuff like that!","<sys:sfx,스파이크_4>もーっ、そういう冗談やめてよ！！！","<sys:sfx,스파이크_4>你真是的，别拿这种事开玩笑啊！！！","<sys:sfx,스파이크_4>吼唷，不要拿這種事開玩笑啦！！！","<sys:sfx,스파이크_4>Эй, такими вещами не шутят!!!","<sys:sfx,스파이크_4>Gaaah, jangan bergurau macam tu!","<sys:sfx,스파이크_4>Íiii, đừng lấy chuyện đó ra đùa!!!","<sys:sfx,스파이크_4>¡Ayyy, no bromees con esas cosas!","<sys:sfx,스파이크_4>Iiihhh, dasar jangan bercanda seperti itu!!!","<sys:sfx,스파이크_4>หน็อย อย่ามาล้อเล่นเรื่องแบบนี้นะ!!!","<sys:sfx,스파이크_4>Ei! Não brinca com uma coisa dessas!"
,,A-2,백시우,,1_웃음,,,"하핫, 괜찮아! 연습을 너무 열심히 했는지 온몸이 뻐근하고 속이 울렁거리는 것만 빼면!","Haha, I'm doing okay. My whole body aches from the vigorous training and I feel nauseous, but other than that, all good!",ははっ、大丈夫！練習を頑張りすぎたのか、全身バキバキで胃がムカムカするのを除けばね！,哈哈，我没事！除了可能因为练习太猛，现在全身酸痛还有点反胃之外，一切都好！,哈哈，沒事啦！除了練習太認真導致全身痠痛，還有點反胃之外，其他都很好！,Все отлично! Только слегка подташнивает и мышцы болят после тренировки.,"Haha, saya okey. Seluruh badan rasa sakit sebab latihan keras dan saya rasa mual, tapi yang lain semua okey!",Ha ha! Ngoài việc toàn thân ê ẩm và hơi buồn nôn do luyện tập quá chăm ra thì tôi ổn!,"¡Jaja, estoy bien! ¡Salvo por el dolor de todo el cuerpo y las náuseas de tanto entrenar!","Haha, tidak apa-apa! Badanku sedikit pegal dan perutku agak mual karena latihan keras kemarin. Selain dari itu, aku baik-baik saja.",ฮ่าฮ่า ฉันโอเค! ถ้าตัดเรื่องที่ซ้อมหนักเกินไป จนปวดเมื่อยไปทั้งตัว แล้วก็รู้สึกคลื่นไส้นิดหน่อยน่ะนะ!,"Haha, estou bem! Mas meu corpo inteiro tá dolorido e meu estômago anda meio embrulhado por causa dos treinos."
,,A-2,정다희,,1_웃음,,,"<cha:pop,정다희><txt:size,2>음음! 완전 쌩쌩하구나!</txt:size>","<cha:pop,정다희><txt:size,2>Mmm! So, you're in perfect shape!</txt:size>","<cha:pop,정다희><txt:size,2>うんうん！めちゃくちゃ元気だね！</txt:size>","<cha:pop,정다희><txt:size,2>嗯嗯！看来你状态绝佳啊！</txt:size>","<cha:pop,정다희><txt:size,2>嗯嗯！看來你精神很好嘛！</txt:size>","<cha:pop,정다희><txt:size,2>Значит, бодр как огурчик!</txt:size>","<cha:pop,정다희><txt:size,2>Mmm! Jadi, keadaan kamu sempurna!</txt:size>","<cha:pop,정다희><txt:size,2>Ừ ừ! Vậy là cực kỳ khỏe rồi đó!</txt:size>","<cha:pop,정다희><txt:size,2>¡Mmm! Pero ¡si se te nota lleno de energía!</txt:size>","<cha:pop,정다희><txt:size,2>Ohh! Berarti tidak ada masalah, ya!</txt:size>","<cha:pop,정다희><txt:size,2>อื้ม! นายดูสดใสแข็งแรงสุดๆ เลยเนอะ!</txt:size>","<cha:pop,정다희><txt:size,2>Hum! Então você tá em perfeita forma!</txt:size>"
,,A-2,백시우,,1_정적,,,"<wrt:delay,5>...<txt:bold,2><txt:color,orange>다희</txt:color></txt:bold>, 너 은근히 가차 없구나?</wrt:delay>","<wrt:delay,5>...<txt:bold,2><txt:color,orange>Dahee</txt:color></txt:bold>, you can be ruthless at times, huh?</wrt:delay>","<wrt:delay,5>‥<txt:bold,2><txt:color,orange>夏希</txt:color></txt:bold>って、意外と容赦ないな</wrt:delay>","<wrt:delay,5>‥<txt:bold,2><txt:color,orange>多熙</txt:color></txt:bold>，你还真是冷酷无情啊？</wrt:delay>","<wrt:delay,5>‥<txt:bold,2><txt:color,orange>多熙</txt:color></txt:bold>，妳其實滿無情的耶？</wrt:delay>","<wrt:delay,5>...<txt:bold,2><txt:color,orange>Дахи</txt:color></txt:bold>, даже не посочувствуешь?</wrt:delay>","<wrt:delay,5>...<txt:bold,2><txt:color,orange>Dahee</txt:color></txt:bold>, kamu ni kadang-kadang kejam juga ya?</wrt:delay>","<wrt:delay,5>...<txt:bold,2><txt:color,orange>Dahee</txt:color></txt:bold>, cậu cũng hơi phũ đấy nhỉ?</wrt:delay>","<wrt:delay,5>... <txt:bold,2><txt:color,orange>Dahee</txt:color></txt:bold>, a veces eres bastante despiadada, ¿eh?</wrt:delay>","<wrt:delay,5>...<txt:bold,2><txt:color,orange>Dahee</txt:color></txt:bold>, kamu ternyata lumayan kejam, ya?</wrt:delay>","<wrt:delay,5>...<txt:bold,2><txt:color,orange>ดาฮี</txt:color></txt:bold> เธอก็แอบไม่ปรานีกันอยู่นะเนี่ย?</wrt:delay>","<wrt:delay,5>Hum... <txt:bold,2><txt:color,orange>Dahee</txt:color></txt:bold>, você não pega leve mesmo, hein!</wrt:delay>"
,,A-2,정다희,,1_웃음,,,"너도 <txt:bold,2><txt:color,orange>마윤석</txt:color></txt:bold>이 호들갑 부리는 거에 몇 번 당해 보면, 이 정도는 신경도 안 쓰게 될걸?","You hear <txt:bold,2><txt:color,orange>Yoonseok</txt:color></txt:bold> making a big deal out of everything, and you tune him out.","あなたも<txt:bold,2><txt:color,orange>忠英</txt:color></txt:bold>の大げさな騒ぎ方に何度か振り回されたら、これくらい気にならなくなるよ？","等你被<txt:bold,2><txt:color,orange>马允硕</txt:color></txt:bold>的一惊一乍多折腾几次，这种程度你连眼皮都不会眨一下了。","等你被<txt:bold,2><txt:color,orange>馬允碩</txt:color></txt:bold>的誇張反應多折騰幾次，這種程度你連眼皮都不會眨一下了。","После жалобных «концертов» <txt:bold,2><txt:color,orange>Ма Юнсока</txt:color></txt:bold> сочувствия не осталось.","Kalau dah beberapa kali terkena dengan kecoh <txt:bold,2><txt:color,orange>Yoonseok</txt:color></txt:bold>, benda macam ini pun kamu takkan ambil kisah.","Nếu cậu cũng vài lần bị <txt:bold,2><txt:color,orange>Ma Yoonseok</txt:color></txt:bold> làm cho hết hồn vì mấy trò làm quá của cậu ta, thì cỡ này chẳng còn khiến cậu bận tâm nữa đâu.","Cuando te toque aguantar varias veces los dramas de <txt:bold,2><txt:color,orange>Ma Yunseok</txt:color></txt:bold>, tú también dejarás de darle importancia a cosas así.","Kalau kamu sudah terbiasa meladeni <txt:bold,2><txt:color,orange>Yunseok Ma</txt:color></txt:bold> yang sering pura-pura sakit sepertiku, hal seperti ini juga tidak akan bikin kamu panik lagi.","ถ้านายได้ลองโดน<txt:bold,2><txt:color,orange>มายุนซอก</txt:color></txt:bold>โวยวายเกินเหตุสักสองสามครั้ง เรื่องแค่นี้คงจะไม่สะเทือนเลยล่ะ","Com o tempo, depois de alguns dramas do <txt:bold,2><txt:color,orange>Yunseok Ma</txt:color></txt:bold>, você também vai parar de ligar pra isso."
,,A-3,백시우,,1_웃음,,,그 어느 때보다 좋아~! 오히려 몸이 가벼운걸!!,I'm as healthy as a horse! Light as a feather!,今までで一番調子いいよ！むしろ体が軽いくらいだ！！,状态前所未有的好～！感觉身体轻飘飘的！！,狀況比任何時候都好～！反而覺得身體很輕盈呢！！,Чувствую прилив сил и бодрость в теле!,Saya sihat dan bertenaga! Badan pun rasa ringan!,Thể trạng của tôi tốt hơn bao giờ hết~! Thậm chí cơ thể còn nhẹ tênh luôn!!,"¡Estoy mejor que nunca! ¡De hecho, hasta me siento más ligero!",Kondisiku justru jauh lebih prima dari biasanya~! Aku merasa seperti bisa terbang!,ดียิ่งกว่าตอนไหนเลยล่ะ~! รู้สึกตัวเบาๆ ด้วยนะ!!,"Estou melhor do que nunca! Na verdade, tô me sentindo superleve!"
,,A-3,정다희,,3_활짝,,,"<cha:pop,정다희>좋아 좋아! 컨디션 관리도 실력이란 점, 잘 알고 있구나?","<cha:pop,정다희>Great! I see you're well aware that taking care of your body is part of the game.","<cha:pop,정다희>いいねいいね！コンディション管理も実力のうちってこと、よく分かってるじゃない！","<cha:pop,정다희>很好很好！看来你很清楚状态管理也是实力的一部分嘛！","<cha:pop,정다희>很好很好！看來你也很清楚，維持好狀態也是實力的一部分嘛！","<cha:pop,정다희>Молодец! Следить за здоровьем — тоже важный навык.","<cha:pop,정다희>Hebat! Nampaknya kamu sedar yang menjaga tubuh badan ialah sebahagian daripada permainan.","<cha:pop,정다희>Tốt lắm! Cậu cũng hiểu giữ gìn thể trạng là một phần của thực lực rồi nhỉ?","<cha:pop,정다희>¡Eso, eso! Veo que sabes que cuidar tu condición también forma parte de tus habilidades.","<cha:pop,정다희>Bagus sekali! Sepertinya kamu tahu bahwa menjaga kondisi tubuh itu juga salah satu bagian dari keahlian!","<cha:pop,정다희>เยี่ยมมากๆ! นายรู้ดีอยู่แล้วสินะ ว่าการดูแลสภาพร่างกายก็ถือเป็นความสามารถเหมือนกันน่ะ?","<cha:pop,정다희>Ótimo! Vejo que você entende que cuidar da condição física também faz parte do talento!"
,,A-3,정다희,,1_웃음,,,"<txt:wave,1>오늘 아프다고 했으면 한마디 해주려고 했어~!</txt:wave>","<txt:wave,1>I was going to give you grief if you said you were sick!</txt:wave>","<txt:wave,1>今日具合が悪かったら、ガツンと言ってやるところだったんだから～！</txt:wave>","<txt:wave,1>你今天要是敢说不舒服，我可要好好说说你了～！</txt:wave>","<txt:wave,1>要是你今天說不舒服，我可是要好好唸你一頓的～！</txt:wave>","<txt:wave,1>Скажи ты сейчас, что заболел, то получил бы от меня!</txt:wave>","<txt:wave,1>Saya baru nak marah kamu kalau kamu kata sakit!</txt:wave>","<txt:wave,1>Hôm nay mà cậu bảo bị đau là tôi đã định nhắc một trận rồi~!</txt:wave>","<txt:wave,1>¡Iba a darte un sermón si de verdad estabas enfermo!</txt:wave>","<txt:wave,1>Kalau hari ini kamu bilang kamu sakit, aku sudah siap menceramahimu~!</txt:wave>","<txt:wave,1>ถ้าวันนี้นายบอกว่าเจ็บล่ะก็ ฉันว่าจะบ่นสักหน่อยแล้วเชียว~!</txt:wave>","<txt:wave,1>Se você realmente estivesse doente hoje, eu teria dado uma bela bronca!</txt:wave>"
,,A-3,백시우,,1_정적,,sweat,"<txt:color,grey>(아, 아프면 미리 얘기해야겠다.)</txt:color>","<txt:color,grey>(Ah, I should tell her in advance if I ever get sick.)</txt:color>","<txt:color,grey>(あ、具合が悪い時は早めに言っておこう)</txt:color>","<txt:color,grey>(看来以后生病得提前报备才行。)</txt:color>","<txt:color,grey>(看來‥要是真的生病得提前說才行。)</txt:color>","<txt:color,grey>(Так и запишем: о болезни сообщать заранее.)</txt:color>","<txt:color,grey>(Ah, saya kena beritahu dia lebih awal kalau saya sakit nanti.)</txt:color>","<txt:color,grey>(À, nếu đau thì phải nói trước mới được.)</txt:color>","<txt:color,grey>(Ah, cuando me sienta mal, debo avisarle con anticipación).</txt:color>","<txt:color,grey>(Saat dimana aku benar-benar sakit, sebaiknya kubilang dari awal.)</txt:color>","<txt:color,grey>(อ่า ถ้าเจ็บคงต้องบอกล่วงหน้าซะแล้ว)</txt:color>","<txt:color,grey>(Ah... É melhor avisar antes se eu realmente ficar doente.)</txt:color>"
,,,정다희,,2_어머,,,그나저나 사람들이 정말 무지 오긴 했다!,There sure are a lot of people today!,それにしても、本当にものすごい人だね！,话说回来，今天来的人真不少啊！,話說回來，今天來看比賽的人還真多啊！,"Ого, сколько зрителей!",Ramainya orang yang datang hari ini!,Mà hôm nay nhiều người đến thật đó!,"Cambiando de tema, ¡de verdad que vino muchísima gente!","Ngomong-ngomong, banyak sekali orang yang datang hari ini!",ว่าแต่ คนมากันเยอะจริงๆ เนอะ!,"Nossa, veio muita gente mesmo!"
,,,정다희,,1_웃음,,,얼른 몸부터 풀어볼까? 다들 긴장하지 말고 늘 하던 대로만 하자!,"Let's start stretching. Don't be nervous, and we'll play as we've always played!",さっそくウォーミングアップから始めようか！みんな緊張しないで、いつも通りやろうね！,赶紧热身吧？大家别紧张，就像平时练习那样打就好！,我們先去熱身吧？大家別緊張，平常心發揮就好！,"Начнем разминку. Не волнуйтесь и играйте, как всегда.",Mari mula regangkan badan. Jangan gementar dan kita akan main macam selalu!,"Mau khởi động trước nào! Mọi người đừng căng thẳng, cứ làm như mọi khi là được!",¿Empezamos a calentar? ¡No se pongan nerviosos y hagan lo de siempre!,"Ayo kita mulai pemanasan dulu! Jangan gugup dan cukup bermain saja seperti biasanya, ya!",รีบวอร์มร่างกายก่อนดีไหม? ทุกคนไม่ต้องกังวลนะ ทำแบบที่เคยทำกันมาก็พอ!,Vamos começar o aquecimento! Não fiquem nervosos e façam o jogo de vocês!
,,,정다희,,1_기본,,,"난 잠깐 감독 선생님께 인사드리러 다녀올 테니까, 잠시만 기다려!!","I'm going to greet our faculty advisor, so wait here!",私、ちょっと監督に挨拶しに行ってくるから、少し待ってて！！,我去跟指导老师打个招呼，你们稍微等一下！！,我去跟教練打聲招呼，你們稍微等我一下喔！！,А я отойду поздороваться на минутку.,"Saya pergi jumpa cikgu penasihat sekejap, jadi tunggu di sini ya!","Tôi sẽ đi chào thầy phụ trách một lát, mọi người chờ chút nhé!!",Yo iré a presentarme con el entrenador. ¡Así que espérenme un momento!,"Aku akan pergi menyapa pelatih sebentar. Tunggu sebentar, ya!!",ฉันขอไปทักทายโค้ชแป๊บหนึ่ง รอเดี๋ยวนะ!!,Já volto! Só vou cumprimentar o treinador antes do jogo começar!
,,,TAG,,,,,"<cha:pos,백시우,0><cha:pos,정다희,4>","<cha:pos,백시우,0><cha:pos,정다희,4>","<cha:pos,백시우,0><cha:pos,정다희,4>","<cha:pos,백시우,0><cha:pos,정다희,4>","<cha:pos,백시우,0><cha:pos,정다희,4>","<cha:pos,백시우,0><cha:pos,정다희,4>","<cha:pos,백시우,0><cha:pos,정다희,4>","<cha:pos,백시우,0><cha:pos,정다희,4>","<cha:pos,백시우,0><cha:pos,정다희,4>","<cha:pos,백시우,0><cha:pos,정다희,4>","<cha:pos,백시우,0><cha:pos,정다희,4>","<cha:pos,백시우,0><cha:pos,정다희,4>"
,,,백시우,,1_기본,,,...저 사람들 중에 우리 배구부를 보러 와준 사람도 있으려나?,...Are any of them here to watch our team play?,‥あの人たちの中に、俺たちバレー部を見に来てくれた人もいるのかな？,‥这些人里，有没有人是特意来看我们排球部比赛的呢？,‥不知道那群人裡，有沒有人是專程來看我們排球部的？,"Интересно, кто-то из зрителей будет болеть за нас?",...Agaknya ada tak antara mereka yang datang untuk tengok kelab bola tampar kita?,...Không biết trong số những người kia có ai đến xem CLB Bóng Chuyền của mình không nhỉ?,¿Será que entre toda esa gente hay alguien que nos vino a ver a nosotros?,"...Di antara orang-orang disana, apa ada yang datang khusus untuk menonton klub bola voli kita?",...ในบรรดาคนพวกนั้น จะมีใครมาดูชมรมวอลเลย์บอลของเราไหมนะ?,Será que tem gente ali que veio especificamente pra ver o nosso time jogar?
,,,??,,,,,"<sys:quiet,1000><txt:wave,1>아핫~! 너구나, 너?</txt:wave>","<sys:quiet,1000><txt:wave,1>Aha! It's you, isn't it?</txt:wave>","<sys:quiet,1000><txt:wave,1>あはっ～！見つけた～！</txt:wave>","<sys:quiet,1000><txt:wave,1>啊哈～！是你吧，你？</txt:wave>","<sys:quiet,1000><txt:wave,1>啊哈～！就是你吧？</txt:wave>","<sys:quiet,1000><txt:wave,1>Ага-а! Так вот ты какой!</txt:wave>","<sys:quiet,1000><txt:wave,1>Aha! Kamu, bukan?</txt:wave>","<sys:quiet,1000><txt:wave,1>A ha~! Là cậu đó hả, cậu?</txt:wave>","<sys:quiet,1000><txt:wave,1>¡Ajá! Conque eres tú.</txt:wave>","<sys:quiet,1000><txt:wave,1>Aha~! Jadi itu kamu, ya?</txt:wave>","<sys:quiet,1000><txt:wave,1>ฮะฮ่า~! นายนี่เอง นายน่ะ?</txt:wave>","<sys:quiet,1000><txt:wave,1>Ah! Então é você!</txt:wave>"
,,,백시우,,1_엥,pause,quest,응?,Huh?,え？,嗯？,嗯？,Э?,Apa?,Hả?,¿Eh?,Eh?,หืม?,Hã?
,,,TAG,,,,,"<cha:pos,백시우,-2><cha:pos,신하은,2><cha:qpos,정다희,-4><sys:bgm,BGM_BORING,1000>","<cha:pos,백시우,-2><cha:pos,신하은,2><cha:qpos,정다희,-4><sys:bgm,BGM_BORING,1000>","<cha:pos,백시우,-2><cha:pos,신하은,2><cha:qpos,정다희,-4><sys:bgm,BGM_BORING,1000>","<cha:pos,백시우,-2><cha:pos,신하은,2><cha:qpos,정다희,-4><sys:bgm,BGM_BORING,1000>","<cha:pos,백시우,-2><cha:pos,신하은,2><cha:qpos,정다희,-4><sys:bgm,BGM_BORING,1000>","<cha:pos,백시우,-2><cha:pos,신하은,2><cha:qpos,정다희,-4><sys:bgm,BGM_BORING,1000>","<cha:pos,백시우,-2><cha:pos,신하은,2><cha:qpos,정다희,-4><sys:bgm,BGM_BORING,1000>","<cha:pos,백시우,-2><cha:pos,신하은,2><cha:qpos,정다희,-4><sys:bgm,BGM_BORING,1000>","<cha:pos,백시우,-2><cha:pos,신하은,2><cha:qpos,정다희,-4><sys:bgm,BGM_BORING,1000>","<cha:pos,백시우,-2><cha:pos,신하은,2><cha:qpos,정다희,-4><sys:bgm,BGM_BORING,1000>","<cha:pos,백시우,-2><cha:pos,신하은,2><cha:qpos,정다희,-4><sys:bgm,BGM_BORING,1000>","<cha:pos,백시우,-2><cha:pos,신하은,2><cha:qpos,정다희,-4><sys:bgm,BGM_BORING,1000>"
,,,신하은,,1_우쭐,,,"<cha:pop,신하은>거기 너 말이야, 너~! 거기 얼빠진 표정 짓고 있는 너!","<cha:pop,신하은>You there! With the dumbfounded look!","<cha:pop,신하은>おーい！ そこの、ぽかんとしてる人！","<cha:pop,신하은>那边那个，说你呢～！在那里一脸呆样的那个！","<cha:pop,신하은>那邊的那個，就是在說你啦～！那個一臉呆樣的傢伙！","<cha:pop,신하은>Да ты, ты! Который стоит с таким растерянным лицом!","<cha:pop,신하은>Kamu tu! Yang muka terpinga-pinga!","<cha:pop,신하은>Này, tôi đang nói cậu đó, là cậu! Cậu đang đứng đó với vẻ mặt ngơ ngác ấy!","<cha:pop,신하은>¡Sí, tú, el que está ahí con cara de perdido!","<cha:pop,신하은>Kamu yang di sana~! Iya, kamu yang kelihatan linglung itu!","<cha:pop,신하은>หมายถึงนายที่อยู่ตรงนั้นน่ะ~! นายที่กำลังทำหน้าเด๋อๆ อยู่ตรงนั้น!","<cha:pop,신하은>Ei, você aí! Isso mesmo, você com essa cara de quem tá no mundo da lua!"
,,,백시우,,1_엥,,,...혹시 지금 나한테 말하는 거야?,...Are you talkin' to me?,‥もしかして、今俺に話しかけてるのか？,‥请问你是在跟我说话吗？,‥請問妳是在跟我說話嗎？,Это ты мне?,...Kamu bercakap dengan saya?,...Cậu đang nói với tôi à?,¿Me estás hablando a mí...?,...Apa kamu sedang bicara denganku?,...เธอกำลังพูดกับฉันอยู่เหรอ?,"Espera, você tá falando comigo?"
,,,신하은,,1_미소,,,여기에 너 말고 누가 또 있겠어?,Who else would I be talking to?,ここに、あなた以外に誰がいるっていうのよ？,这里除了你还有谁啊？,這裡除了你還有誰啊？,А кому еще?,Dengan siapa lagi saya bercakap?,Ở đây ngoài cậu ra thì còn ai nữa?,¿Ves a alguien más aquí aparte de ti?,"Selain kamu, siapa lagi yang ada disini?",แล้วตรงนี้มีใครอีกล่ะนอกจากนาย?,Claro que tô falando com você! Quem mais seria?
,,,신하은,,1_기본,,,"흐음~ 못 보던 얼굴인데, 누구야, 너?",Hmm... You don't look familiar. Who are you?,ふーん～見ない顔だけど、誰？,嗯～没见过的生面孔啊，你是谁？,哼嗯～沒看過的生面孔耶，你是誰啊？,Я тебя раньше не видела. Ты кто?,Hmm... Saya tak pernah nampak kamu. Siapa kamu?,"Hừm~ Trông lạ mặt nhỉ, cậu là ai vậy?",Mmm. No recuerdo haberte visto antes. ¿Quién eres?,"Hmm~ Wajahmu sangat asing, siapa kamu?",อืม~ ไม่เคยเห็นหน้ามาก่อนเลยแฮะ นายเป็นใครกัน?,Hum! Nunca vi você por aqui. Quem é você?
,,,백시우,,1_무표정,,,...,...,‥,‥,‥,...,...,...,...,...,...,...
,,,신하은,,1_기본,,,"으응? 뭐라고 말이라도 좀 해봐~ <txt:wave,1>가만히 멍 때리고만 있지 말고~!</txt:wave>","Hmm? Come on! Say something! <txt:wave,1>Stop zoning out!</txt:wave>","はぁ？何か言ったらどうなのよぉ～<txt:wave,1>ボーっとしてないでさぁ～！</txt:wave>","怎么了？好歹说句话啊～<txt:wave,1>别在那里傻站着发呆嘛～！</txt:wave>","嗯？你倒是說句話嘛～<txt:wave,1>別只是傻站在那裡發呆啊～！</txt:wave>","Ау! <txt:wave,1>Я вообще-то с тобой разговариваю!</txt:wave>","Hmm? Ayuh! Cakap sesuatu! <txt:wave,1>Jangan termenung!</txt:wave>","Ưm? Nói gì đó đi chứ~ <txt:wave,1>Đừng có đứng ngẩn ra như vậy~!</txt:wave>","¿Eh? Vamos, di algo. <txt:wave,1>¡No te quedes mirando al vacío!</txt:wave>","Hmm? Cepat bilang sesuatu~ <txt:wave,1>Jangan cuma bengong begitu~!</txt:wave>","หืม? ตอบอะไรสักหน่อยสิ~ <txt:wave,1>อย่าเอาแต่ยืนเหม่ออยู่เฉยๆ~!</txt:wave>","Hein? Fala alguma coisa! <txt:wave,1>Não fique aí parado me olhando!</txt:wave>"
,,,백시우,,1_무표정,,,다짜고짜 얼빠졌다는 사람에겐 별로 친절하게 대답해 주고 싶진 않은데.,I dunno if I wanna talk to someone whose first comment about me was that I had a dumbfounded look.,いきなりポカンとしてるって失礼なこと言ってくる相手に、わざわざ親切に答えたくないんだけど。,一上来就说我一脸呆样，我可没心情好声好气地回答。,對於一見面就說人一臉呆樣的人，我可沒什麼心情客氣地回答。,"Не очень-то хочется любезничать с человеком, который с порога называет меня растеряхой.",Saya tak pasti kalau saya mahu bercakap dengan orang yang cakap muka saya terpinga-pinga.,Tôi không muốn trả lời tử tế với người vừa mở miệng đã bảo người khác ngơ ngác đâu.,No me dan muchas ganas de responderle a alguien que de la nada me dice que tengo cara de perdido.,"Sejak awal kamu sudah bilang kalau aku terlihat bodoh, sulit rasanya bagiku untuk menjawab dengan ramah.",ฉันไม่ค่อยอยากตอบดีๆ กับคนที่จู่ๆ ก็มาหาว่าคนอื่นทำหน้าเด๋อหรอกนะ,"Pra ser sincero, depois de uma abordagem dessas, fica difícil ter vontade de responder com gentileza."
,,,신하은,,1_미소,,quest,뭘까~ 기분 상하게 해버렸나?,I guess I hurt your feelings?,なによ～、もしかして機嫌損ねちゃったかな？,哎呀～生气了吗？,哎呀～讓你不高興了嗎？,Обиделся что ли?,Rasanya saya dah lukakan hati kamu?,Sao đây ta~ Tôi làm cậu phật ý rồi à?,"Ay, ¿te ofendiste?","Apa ini~ Jangan bilang kamu tersinggung, ya?",อะไรกันเนี่ย~ ฉันทำให้นายอารมณ์เสียซะแล้วเหรอ?,Opa! Você ficou chateado por acaso?
,,,신하은,,1_우쭐,,,"아! <cha:pop,신하은>알았다, 너지? 이번에 <txt:bold,2>대지고</txt:bold>에 들어왔다는 신입이.","Ah! <cha:pop,신하은>It must be you. You must be the new kid at <txt:bold,2>Terra High</txt:bold>.","あ！<cha:pop,신하은>分かった、あの人でしょ？今回<txt:bold,2>大地高校</txt:bold>に入ったっていう新人。","啊！<cha:pop,신하은>我知道了，就是你吧？这次刚加入<txt:bold,2>大地高中</txt:bold>的新人。","啊！<cha:pop,신하은>我知道了，就是你對吧？這次<txt:bold,2>大地高中</txt:bold>招到的新人。","А-а... <cha:pop,신하은>Ты новый игрок школы <txt:bold,2>«Тэчжи»</txt:bold>?","Ah! <cha:pop,신하은>Itu mesti kamu. Mesti kamu budak baru di <txt:bold,2>Terra High</txt:bold>.","A! <cha:pop,신하은>Biết rồi, là cậu đúng không? Tân binh mới vào <txt:bold,2>Trường THPT Đại Địa</txt:bold> lần này.","¡Ah! Ya sé quién eres. El nuevo que entró a la <cha:pop,신하은><txt:bold,2>Escuela Daeji</txt:bold>.","Oh! <cha:pop,신하은>Aku tahu. Kamu, kan? Anak baru yang katanya baru masuk <txt:bold,2>SMA DaeJi</txt:bold>.","อ้อ! <cha:pop,신하은>รู้แล้ว นายใช่ไหม? เด็กใหม่ที่เข้ามาใน<txt:bold,2>มัธยมแดจี</txt:bold>ครั้งนี้น่ะ","Ah! <cha:pop,신하은>Já sei! Você é o novato que entrou no <txt:bold,2>Colégio Daeji</txt:bold> este ano, não é?"
,,,신하은,,1_기본,,,얘기는 들었어~ 오늘 경기 잘 부탁해!,I heard about you! Let's have a good match today.,話は聞いてるよぉ～今日の試合、よろしくね！,我听说了～今天比赛请多指教啦！,我聽說過你的事了～今天的比賽還請多指教啦！,Слышала про тебя. Удачи сегодня!,Saya dah dengar pasal kamu! Mari berlawan dengan hebat hari ini.,Tôi có nghe rồi~ Trận hôm nay hãy chơi tốt nhé!,Ya había oído hablar de ti. ¡Te veo en el partido de hoy!,Aku sudah dengar tentangmu~ Salam kenal. Semoga pertandingan hari ini menyenangkan!,ฉันได้ยินเรื่องราวมาแล้วล่ะ~ การแข่งวันนี้ก็ขอฝากตัวด้วยนะ!,Ouvi falar de você! Vamos fazer uma boa partida hoje!
,,,백시우,,1_엥,,,"<txt:color,grey>(내 얘기를 들었다고?)</txt:color> 넌 누군데?","<txt:color,grey>(She heard about me?)</txt:color> And who are you?","<txt:color,grey>(俺の話を聞いたって？)</txt:color>そっちは誰なんだ？","<txt:color,grey>(听说过我？)</txt:color> 你到底是谁啊？","<txt:color,grey>(聽說過我的事？)</txt:color>妳到底是誰啊？","<txt:color,grey>(Слышала обо мне?)</txt:color> А кто ты?","<txt:color,grey>(Dia pernah dengar pasal saya?)</txt:color> Siapa pula kamu?","<txt:color,grey>(Cậu ấy nghe chuyện của mình rồi sao?)</txt:color> Cậu là ai?","<txt:color,grey>(¿Que ya había oído hablar de mí?)</txt:color> ¿Y tú quién eres?","<txt:color,grey>(Dia pernah dengar tentangku?)</txt:color> Siapa sebenarnya kamu?","<txt:color,grey>(ได้ยินเรื่องราวของฉันงั้นเหรอ?)</txt:color> แล้วเธอเป็นใครกัน?","<txt:color,grey>(Como assim ouviu falar de mim?)</txt:color> Posso saber quem você é?"
,,,신하은,,1_기본,,,"으흠? <txt:bold,2><txt:color,orange>다희</txt:color></txt:bold>가 내 얘길 안 해준 걸까?","Hmm? Did <txt:bold,2><txt:color,orange>Dahee</txt:color></txt:bold> not mention me?","うーん？<txt:bold,2><txt:color,orange>夏希</txt:color></txt:bold>が私の話、してなかった？","嗯哼？<txt:bold,2><txt:color,orange>多熙</txt:color></txt:bold>没跟你提过我吗？","哼嗯？難道<txt:bold,2><txt:color,orange>多熙</txt:color></txt:bold>沒跟你提過我嗎？","М-м? <txt:bold,2><txt:color,orange>Дахи</txt:color></txt:bold> про меня не рассказывала?","Hmm? <txt:bold,2><txt:color,orange>Dahee</txt:color></txt:bold> tidak sebut pasal saya?","Ưm hửm? <txt:bold,2><txt:color,orange>Dahee</txt:color></txt:bold> không kể cho cậu nghe về tôi à?","¿Mmm? ¿<txt:bold,2><txt:color,orange>Dahee</txt:color></txt:bold> no te habló de mí?","Eh? Jangan bilang <txt:bold,2><txt:color,orange>Dahee</txt:color></txt:bold> tidak pernah cerita soal aku?","หืม? <txt:bold,2><txt:color,orange>ดาฮี</txt:color></txt:bold>ไม่ได้เล่าเรื่องฉันให้ฟังเหรอ?","Hã? A <txt:bold,2><txt:color,orange>Dahee</txt:color></txt:bold> não falou de mim pra você?"
,,,신하은,,1_미소,,,"<txt:wave,1>원래라면 너 같은 애랑 말 섞을 일은 일절 없지만~</txt:wave> <wrt:break>오늘은 특별하니까 알려줄까?","<txt:wave,1>Normally, I wouldn't even talk to a kid like you!</txt:wave> <wrt:break>Today's a bit special, so I'll indulge you.","<txt:wave,1>いつもなら、あなたみたいな子と喋ることなんてマジないんだけど～</txt:wave><wrt:break>今日は特別だから教えてあげようか？","<txt:wave,1>按理说我这种人是不会跟你这种小角色搭话的～</txt:wave><wrt:break>但今天比较特别，就大发慈悲地告诉你吧。","<txt:wave,1>原本我是沒打算跟你這種小角色搭話的～</txt:wave><wrt:break>不過今天情況特殊，我就大發慈悲告訴你吧。","<txt:wave,1>Вообще-то я с такими, как ты, не общаюсь. </txt:wave><wrt:break>Но сегодня сделаю исключение.","<txt:wave,1>Biasanya, saya takkan bercakap dengan budak macam kamu!</txt:wave> <wrt:break>Hari ini sedikit istimewa, jadi saya akan layan kerenah kamu.","<txt:wave,1>Bình thường thì tôi tuyệt đối sẽ chẳng nói chuyện với người như cậu đâu~</txt:wave> <wrt:break>Nhưng hôm nay đặc biệt nên tôi nói cho biết nhé?","<txt:wave,1>Normalmente no perdería el tiempo hablando con alguien como tú,</txt:wave> <wrt:break>pero como hoy es un día especial, te lo diré.","<txt:wave,1>Biasanya aku sama sekali tidak mau berurusan dengan anak sepertimu~</txt:wave> <wrt:break>Tapi karena hari ini spesial, aku kasih tahu, ya?","<txt:wave,1>ปกติแล้ว ฉันไม่มีทางมาเสวนากับคนแบบนายเลยนะ~</txt:wave> <wrt:break>แต่เพราะวันนี้เป็นวันพิเศษ จะบอกให้ดีไหมล่ะ?","<txt:wave,1>Normalmente eu não perderia tempo conversando com alguém como você, mas...</txt:wave> <wrt:break>como hoje é um dia especial, vou abrir uma exceção."
,,,신하은,,1_우쭐,,joy,"난 말이지~ 이 지역 최고 명문 고등학교인 <txt:bold,2>지산고</txt:bold>의 부주장 <txt:bold,2><txt:color,orange>신하은</txt:color></txt:bold>이야.","I'm <txt:bold,2><txt:color,orange>Haeun Shin</txt:color></txt:bold>, the vice captain of the most prestigious school in the region, <txt:bold,2>Jisan High</txt:bold>.","私はね～、この地区で一番の名門校、<txt:bold,2>芝山高校</txt:bold>の副キャプテン、<txt:bold,2><txt:color,orange>白河花音</txt:color></txt:bold>だよ。","我嘛～可是这片地区首屈一指的名校，<txt:bold,2>智山高中</txt:bold>的副队长，<txt:bold,2><txt:color,orange>申夏恩</txt:color></txt:bold>。","我呢～是這一區首屈一指的名校，<txt:bold,2>智山高中</txt:bold>的副隊長，<txt:bold,2><txt:color,orange>申夏恩</txt:color></txt:bold>。","Меня зовут <txt:bold,2><txt:color,orange>Шин Хаын</txt:color></txt:bold>. Я вице-капитан команды из школы <txt:bold,2>«Чжисан»</txt:bold>. Мы лучшие в этом районе.","Saya <txt:bold,2><txt:color,orange>Haeun Shin</txt:color></txt:bold>, naib kapten <txt:bold,2>Jisan High</txt:bold>, sekolah menengah paling berprestij di daerah ini.","Tôi là đội phó <txt:bold,2><txt:color,orange>Shin Haeun</txt:color></txt:bold> của <txt:bold,2>Trường THPT Jisan</txt:bold>, ngôi trường danh giá nhất khu vực này.","Soy <txt:bold,2><txt:color,orange>Shin Haeun</txt:color></txt:bold>, subcapitana de la <txt:bold,2>Escuela Jisan</txt:bold>, la escuela más reconocida de la región.","Aku <txt:bold,2><txt:color,orange>Haeun Shin</txt:color></txt:bold>~ Wakil kapten <txt:bold,2>SMA Jisan</txt:bold>, sekolah paling bergengsi di daerah ini.","ฉันน่ะนะ~ ชื่อ<txt:bold,2><txt:color,orange>ชินฮาอึน</txt:color></txt:bold> เป็นรองกัปตันของ<txt:bold,2>มัธยมจีซัน</txt:bold> โรงเรียนมัธยมปลายชื่อดังอันดับหนึ่งในแถบนี้","Eu sou <txt:bold,2><txt:color,orange>Haeun Shin</txt:color></txt:bold>, vice-capitã do <txt:bold,2>Colégio Jisan</txt:bold>, a escola mais prestigiada da região."
,,,신하은,,1_우쭐,,,"<txt:bold,2>지역 대회</txt:bold> 5년 연속 우승 팀이 우리 <txt:bold,2>지산고</txt:bold>인 거, 당연히 알고 있지?","You're aware that <txt:bold,2>Jisan High</txt:bold> is the 5-year reigning champion of <txt:bold,2>regionals</txt:bold>, right?","<txt:bold,2>地区大会</txt:bold>で5年連続優勝してるのが、私たち<txt:bold,2>芝山高校</txt:bold>だってことは、当然知ってるよね？","我们<txt:bold,2>智山高中</txt:bold>可是<txt:bold,2>地区大赛</txt:bold>五连冠的队伍，这你总该知道吧？","<txt:bold,2>地區賽</txt:bold>連續五年的冠軍隊伍就是我們<txt:bold,2>智山高中</txt:bold>，這你應該知道吧？","Пять лет подряд выигрываем <txt:bold,2>региональные</txt:bold>.","Kamu tahu <txt:bold,2>Jisan High</txt:bold> ialah juara bertahan 5 tahun berturut-turut <txt:bold,2>peringkat daerah</txt:bold>, bukan?","Cậu biết <txt:bold,2>Trường THPT Jisan</txt:bold> bọn tôi là đội vô địch <txt:bold,2>Giải Khu Vực</txt:bold> 5 năm liên tiếp đúng không?","Por supuesto que sabes que la <txt:bold,2>Escuela Jisan</txt:bold> lleva cinco años seguidos ganando el <txt:bold,2>Torneo Regional</txt:bold>, ¿verdad?","Kamu pasti tahu, kan? <txt:bold,2>SMA Jisan</txt:bold> telah menjuarai <txt:bold,2>Turnamen Regional</txt:bold> selama 5 tahun berturut-turut.","นายคงจะรู้อยู่แล้วใช่ไหม ว่าทีมที่คว้าแชมป์<txt:bold,2>ทัวร์นาเมนต์ระดับท้องถิ่น</txt:bold> 5 ปีซ้อน ก็คือ<txt:bold,2>มัธยมจีซัน</txt:bold>ของเรา?","Você sabe que o <txt:bold,2>Colégio Jisan</txt:bold> vem sendo campeão do <txt:bold,2>torneio regional</txt:bold> há cinco anos seguidos, né?"
,,,백시우,,1_무표정,,,...,...,‥,‥,‥,...,...,...,...,...,...,...
,,,신하은,,1_우쭐,,,"헷, 뭐야, 내가 누구인지 알고선 긴장한 거야? 걱정 마, 오늘은 살살 해주도록 할게.","Hah, are you nervous knowing who I am? Don't worry. I'll take it easy on you.",へっ、なになに。私が誰だか分かって緊張しちゃった？でも安心して、今日は手加減してあげるからっ！,呵，怎么，知道我是谁后紧张了？别怕，今天我会手下留情的。,呵，怎麼，知道我是誰之後緊張了？放心，今天我會手下留情的。,"Хе-хе, занервничал? Расслабься, обещаю сильно вас не мучить.","Hah, kamu gementar bila tahu siapa saya? Jangan risau. Saya akan beri peluang kepada kamu.","Hể, gì vậy, biết tôi là ai nên căng thẳng à? Đừng lo, hôm nay tôi sẽ nương tay cho cậu.","Je, ¿qué pasa? ¿Te pusiste nervioso? No te preocupes, hoy seré buena contigo.","Hehe, kenapa? Apa sekarang kamu mulai gugup? Tenang saja. Hari ini kita akan bermain santai.",แหม อะไรกัน พอรู้ว่าฉันเป็นใครก็เกร็งเลยเหรอ? ไม่ต้องกังวลหรอกนะ วันนี้ฉันจะออมมือให้แล้วกัน,"Hehe, o que foi? Ficou nervoso depois de descobrir quem nós somos? Relaxa, vou pegar leve hoje."
,,,신하은,,1_미소,,,우리도 약팀 상대로 주전을 내보냈다가 부상이 생기면 곤란하거든.,We can't risk our starters getting injured against a weak team.,こっちだって弱小チーム相手にスタメン使って、ケガでもされたらたまったもんじゃないし～。,我们也不想在对付弱队时派上主力，万一受伤了可就不划算了。,我們也不想在對付弱隊時派上主力球員，萬一受傷了可就不划算了。,"Еще не хватало, чтобы основные игроки травмировались в матче с такой слабой командой.",Kami pun tak mahu pemain utama kami cedera gara-gara melawan pasukan lemah.,Chứ đưa tuyển thủ chủ lực ra đấu với đội yếu rồi lỡ khiến mọi người bị chấn thương thì bọn tôi cũng khó xử ấy.,A nosotros también nos complicaría que un titular se lesionara jugando contra un equipo débil.,Bisa repot kalau pemain inti kami cedera hanya gara-gara menghadapi tim lemah.,เพราะถ้าพวกเราส่งตัวหลักลงไปเจอกับทีมอ่อนๆ แล้วดันบาดเจ็บขึ้นมา มันจะยุ่งเอาน่ะ,Não queremos correr o risco de perder um titular em um amistoso contra uma equipe inferior.
,,,TAG,,,,,"<cha:pos,백시우,0><cha:pos,신하은,2><cha:pos,정다희,-2>","<cha:pos,백시우,0><cha:pos,신하은,2><cha:pos,정다희,-2>","<cha:pos,백시우,0><cha:pos,신하은,2><cha:pos,정다희,-2>","<cha:pos,백시우,0><cha:pos,신하은,2><cha:pos,정다희,-2>","<cha:pos,백시우,0><cha:pos,신하은,2><cha:pos,정다희,-2>","<cha:pos,백시우,0><cha:pos,신하은,2><cha:pos,정다희,-2>","<cha:pos,백시우,0><cha:pos,신하은,2><cha:pos,정다희,-2>","<cha:pos,백시우,0><cha:pos,신하은,2><cha:pos,정다희,-2>","<cha:pos,백시우,0><cha:pos,신하은,2><cha:pos,정다희,-2>","<cha:pos,백시우,0><cha:pos,신하은,2><cha:pos,정다희,-2>","<cha:pos,백시우,0><cha:pos,신하은,2><cha:pos,정다희,-2>","<cha:pos,백시우,0><cha:pos,신하은,2><cha:pos,정다희,-2>"
,,,정다희,,1_기본,,,"<txt:bold,2><txt:color,orange>시우</txt:color></txt:bold>야~! ...<wrt:wait,25>앗.","<txt:bold,2><txt:color,orange>Siwoo</txt:color></txt:bold>! ...<wrt:wait,25>Oh.","<txt:bold,2><txt:color,orange>新</txt:color></txt:bold>～！‥<wrt:wait,25>あっ。","<txt:bold,2><txt:color,orange>时宇</txt:color></txt:bold>～！‥<wrt:wait,25>啊。","<txt:bold,2><txt:color,orange>時宇</txt:color></txt:bold>～！‥<wrt:wait,25>啊。","<txt:bold,2><txt:color,orange>Шиу-у</txt:color></txt:bold>! <wrt:wait,25>Ой...","<txt:bold,2><txt:color,orange>Siwoo</txt:color></txt:bold>! ...<wrt:wait,25>Oh.","<txt:bold,2><txt:color,orange>Siwoo</txt:color></txt:bold> ơi~! ...<wrt:wait,25>Á.","¡<txt:bold,2><txt:color,orange>Siwoo</txt:color></txt:bold>! ... <wrt:wait,25>Ah...","<txt:bold,2><txt:color,orange>Siwoo</txt:color></txt:bold>~! ...<wrt:wait,25>Eh.","<txt:bold,2><txt:color,orange>ชีอู</txt:color></txt:bold>~! ...<wrt:wait,25>อ๊ะ","<txt:bold,2><txt:color,orange>Siwoo</txt:color></txt:bold>! <wrt:wait,25>Aah!"
,,,신하은,,1_기본,,joy,"아핫, <txt:bold,2><txt:color,orange>다희</txt:color></txt:bold>야, 안녕~!","Aha, hey there, <txt:bold,2><txt:color,orange>Dahee</txt:color></txt:bold>!","あはっ、<txt:bold,2><txt:color,orange>夏希</txt:color></txt:bold>、おっはよ～！","啊哈，<txt:bold,2><txt:color,orange>多熙</txt:color></txt:bold>，你好呀～！","啊哈，<txt:bold,2><txt:color,orange>多熙</txt:color></txt:bold>，妳好啊～！","О, <txt:bold,2><txt:color,orange>Дахи</txt:color></txt:bold>, приветики!","Aha, hei kamu, <txt:bold,2><txt:color,orange>Dahee</txt:color></txt:bold>!","A ha, chào <txt:bold,2><txt:color,orange>Dahee</txt:color></txt:bold>!","Ah, <txt:bold,2><txt:color,orange>Dahee</txt:color></txt:bold>. ¡Hola!","Oh, <txt:bold,2><txt:color,orange>Dahee</txt:color></txt:bold>, apa kabar~!","ฮะฮ่า <txt:bold,2><txt:color,orange>ดาฮี</txt:color></txt:bold> สวัสดี~!","Haha, <txt:bold,2><txt:color,orange>Dahee</txt:color></txt:bold>! Oi!"
,,,정다희,,1_기본,,,"<txt:bold,2><txt:color,orange>하은</txt:color></txt:bold>아. 생각보다 일찍 왔구나?","<txt:bold,2><txt:color,orange>Haeun</txt:color></txt:bold>. You're here quite early.","<txt:bold,2><txt:color,orange>花音</txt:color></txt:bold>。思ったより早く来たんだね。","<txt:bold,2><txt:color,orange>夏恩</txt:color></txt:bold>。你来得比我想象的早啊？","<txt:bold,2><txt:color,orange>夏恩</txt:color></txt:bold>。妳比我想像中早到耶？","<txt:bold,2><txt:color,orange>Хаын</txt:color></txt:bold>, ты сегодня рано.","<txt:bold,2><txt:color,orange>Haeun</txt:color></txt:bold>. Kamu sampai agak awal.","<txt:bold,2><txt:color,orange>Haeun</txt:color></txt:bold>. Cậu đến sớm hơn tôi nghĩ đó?","<txt:bold,2><txt:color,orange>Haeun</txt:color></txt:bold>, llegaste antes de lo que esperaba.","<txt:bold,2><txt:color,orange>Haeun</txt:color></txt:bold>, kamu datang lebih cepat dari yang kukira.","<txt:bold,2><txt:color,orange>ฮาอึน</txt:color></txt:bold> เธอมาเร็วกว่าที่คิดนะเนี่ย?","<txt:bold,2><txt:color,orange>Haeun</txt:color></txt:bold>, você chegou mais cedo do que eu esperava."
,,,신하은,,1_우쭐,,,"당연하지~ 우리 <txt:bold,2><txt:color,orange>다희</txt:color></txt:bold>랑 약속했는데 늦을 수 없지.","Of course! I promised you, <txt:bold,2><txt:color,orange>Dahee</txt:color></txt:bold>. Why would I be late?","当ったり前でしょ～！<txt:bold,2><txt:color,orange>夏希</txt:color></txt:bold>との約束だもん、遅れるわけないじゃん。","那当然～都和我们<txt:bold,2><txt:color,orange>多熙</txt:color></txt:bold>约好了，怎么能迟到呢。","那當然～既然跟我們<txt:bold,2><txt:color,orange>多熙</txt:color></txt:bold>約好了，怎麼能遲到呢。",Еще бы. Пришла пораньше ради тебя!,"Sudah tentu! Saya dah berjanji dengan kamu, <txt:bold,2><txt:color,orange>Dahee</txt:color></txt:bold>. Kenapa saya akan lewat?","Tất nhiên rồi. Tôi đã hẹn với <txt:bold,2><txt:color,orange>Dahee</txt:color></txt:bold> thì sao có thể đến muộn được.","Claro. Te hice una promesa, así que no podía llegar tarde.","Tentu saja~ Mana bisa aku terlambat, aku kan sudah berjanji denganmu, <txt:bold,2><txt:color,orange>Dahee</txt:color></txt:bold>.","แน่นอนสิ~ ฉันสัญญากับ<txt:bold,2><txt:color,orange>ดาฮี</txt:color></txt:bold>ไว้ จะสายไม่ได้อยู่แล้ว","Claro, <txt:bold,2><txt:color,orange>Dahee</txt:color></txt:bold>! Eu tinha prometido que chegaria a tempo."
,,,정다희,,1_기본,,,"으음, 고마워. <txt:bold,2><txt:color,orange>시우</txt:color></txt:bold>야, 인사해.","Hmm, thank you. <txt:bold,2><txt:color,orange>Siwoo</txt:color></txt:bold>, say hello.","うーん、ありがとう。<txt:bold,2><txt:color,orange>新</txt:color></txt:bold>、挨拶して。","呃，谢谢。<txt:bold,2><txt:color,orange>时宇</txt:color></txt:bold>，来打个招呼吧。","唔嗯，謝謝。<txt:bold,2><txt:color,orange>時宇</txt:color></txt:bold>，打個招呼吧。","М-м, спасибо. <txt:bold,2><txt:color,orange>Шиу</txt:color></txt:bold>, познакомься.","Hmm, terima kasih. <txt:bold,2><txt:color,orange>Siwoo</txt:color></txt:bold>, ucapkan helo.","Ừm, cảm ơn cậu. <txt:bold,2><txt:color,orange>Siwoo</txt:color></txt:bold>, chào hỏi đi.","Mmm, gracias. <txt:bold,2><txt:color,orange>Siwoo</txt:color></txt:bold>, preséntate.","Hmm, makasih, ya. <txt:bold,2><txt:color,orange>Siwoo</txt:color></txt:bold>, ayo kenalan.","อืม ขอบใจนะ <txt:bold,2><txt:color,orange>ชีอู</txt:color></txt:bold> ทักทายกันซะสิ","Hum, obrigada. <txt:bold,2><txt:color,orange>Siwoo</txt:color></txt:bold>, venha se apresentar."
,,,정다희,,1_웃음,,,"이쪽은 내 친구 <txt:bold,2><txt:color,orange>신하은</txt:color></txt:bold>. 중학교 때 줄곧 같은 배구부에서 뛰었어.","This is <txt:bold,2><txt:color,orange>Haeun Shin</txt:color></txt:bold>, my friend. We used to play in the same volleyball team when we were in middle school.","こっちは私の友達の<txt:bold,2><txt:color,orange>白河花音</txt:color></txt:bold>。中学の時ずっと同じバレー部でやってたの。","这位是我的朋友<txt:bold,2><txt:color,orange>申夏恩</txt:color></txt:bold>。初中时我们一直在同一个排球部。","這位是我的朋友<txt:bold,2><txt:color,orange>申夏恩</txt:color></txt:bold>，我們國中三年都在同一個排球部。","Это <txt:bold,2><txt:color,orange>Шин Хаын</txt:color></txt:bold>, моя подруга. Мы вместе играли в волейбол в средней школе.","Ini kawan saya, <txt:bold,2><txt:color,orange>Haeun Shin</txt:color></txt:bold>. Kami satu kelab bola tampar sepanjang menengah rendah.","Đây là bạn tôi, <txt:bold,2><txt:color,orange>Shin Haeun</txt:color></txt:bold>. Hồi cấp hai bọn tôi luôn chơi cùng một CLB Bóng Chuyền.","Ella es <txt:bold,2><txt:color,orange>Shin Haeun</txt:color></txt:bold>, una amiga mía. Jugamos juntas en el club de voleibol antes de entrar a preparatoria.","Ini temanku, <txt:bold,2><txt:color,orange>Haeun Shin</txt:color></txt:bold>. Kami selalu satu klub voli waktu SMP.","นี่คือ<txt:bold,2><txt:color,orange>ชินฮาอึน</txt:color></txt:bold> เพื่อนฉันเอง ตอนมัธยมต้นเราอยู่ชมรมวอลเลย์บอลเดียวกันมาตลอดเลย","Esta é minha amiga, <txt:bold,2><txt:color,orange>Haeun Shin</txt:color></txt:bold>. Fomos da mesma equipe de vôlei desde o ensino fundamental."
,,,정다희,,1_기본,,,"그리고 이쪽은 <txt:bold,2><txt:color,orange>시우</txt:color></txt:bold>. 이번에 우리 배구부에 새로 들어왔어.","And this is <txt:bold,2><txt:color,orange>Siwoo</txt:color></txt:bold>. He's a new member in our team.","そして、こっちが<txt:bold,2><txt:color,orange>新</txt:color></txt:bold>よ。今回、うちのバレー部に入ってくれたんだ。","这位是<txt:bold,2><txt:color,orange>时宇</txt:color></txt:bold>。是我们排球部新来的部员。","然後這位是<txt:bold,2><txt:color,orange>時宇</txt:color></txt:bold>，我們排球部最近剛加入的新人。","А это <txt:bold,2><txt:color,orange>Шиу</txt:color></txt:bold>. Новичок нашей команды.","Dan ini <txt:bold,2><txt:color,orange>Siwoo</txt:color></txt:bold>. Dia ahli baru dalam pasukan kita.","Còn đây là <txt:bold,2><txt:color,orange>Siwoo</txt:color></txt:bold>. Cậu ấy mới vào CLB Bóng Chuyền đợt này.","Y este es <txt:bold,2><txt:color,orange>Siwoo</txt:color></txt:bold>. Es nuevo en nuestro club de voleibol.","Dan ini <txt:bold,2><txt:color,orange>Siwoo</txt:color></txt:bold>. Anggota baru di klub bola voli kita.","แล้วก็นี่คือ<txt:bold,2><txt:color,orange>ชีอู</txt:color></txt:bold> เพิ่งเข้ามาใหม่ในชมรมวอลเลย์บอลของฉันครั้งนี้น่ะ","E este é o <txt:bold,2><txt:color,orange>Siwoo</txt:color></txt:bold>. Ele entrou recentemente pro nosso time."
,,,신하은,,1_우쭐,,,알지~! 네가 열심히 설득했다는 친구 아니야. 그렇게 대단하다면서?,"Why, of course! He's the one you worked so hard to persuade. Is he really that talented?",知ってるよぉ～！夏希が必死に口説いたって子でしょ。マジですごいんだって？,知道啦～！就是你死缠烂打拉进来的那个嘛。真有那么厉害？,知道啦～！就是妳費盡唇舌說服的那位朋友嘛。聽說很厲害？,"Знаю. Талантливый парень, которого ты долго уговаривала?","Tahulah! Inilah orang yang kamu bersungguh-sungguh pujuk itu, kan? Katanya hebat sangat?",Tôi biết mà! Là người bạn mà cậu đã thuyết phục rất nhiệt tình đúng không. Cậu khen người ta dữ lắm mà!,"Lo sé. Es el chico al que tanto te costó convencer, ¿no? Según tú, es increíble.",Aku tahu~ Dia kan orang yang katanya mati-matian kamu bujuk untuk masuk tim? Katanya dia hebat sekali?,ฉันรู้น่า~! คนที่เธอบอกว่าพยายามโน้มน้าวซะเต็มที่เลยนี่นา เห็นว่าสุดยอดมากเลยสินะ?,"Ah, eu sei quem ele é! É o garoto que você passou dias tentando recrutar, né? Disse que ele era incrível."
,,,신하은,,1_기본,,,"하지만, 어차피 너희는 <txt:bold,2>전국 대회</txt:bold> 구경도 못 가볼 텐데, <txt:bold,2><txt:color,orange>다희</txt:color></txt:bold>, 너도 참 사서 고생이다, 진짜~!","Not that it matters. You won't even make it to the <txt:bold,2>National Tournament</txt:bold>. I don't understand why you try so hard, <txt:bold,2><txt:color,orange>Dahee</txt:color></txt:bold>!","でもさ、どうせ<txt:bold,2>全国大会</txt:bold>なんて行けそうもないだろうに、<txt:bold,2><txt:color,orange>夏希</txt:color></txt:bold>わざわざ好き好んで苦労しちゃって、本当にもう～！","不过反正你们连<txt:bold,2>全国大赛</txt:bold>的边都摸不到，<txt:bold,2><txt:color,orange>多熙</txt:color></txt:bold>，你也是何苦来哉啊，真是的～！","不過，反正你們連<txt:bold,2>全國大賽</txt:bold>的邊都摸不著，<txt:bold,2><txt:color,orange>多熙</txt:color></txt:bold>，妳也真是愛自找麻煩耶，真的是～！","Но до <txt:bold,2>национальных соревнований</txt:bold> вам не дойти. <txt:bold,2><txt:color,orange>Дахи</txt:color></txt:bold>, любишь же ты себе жизнь усложнять.","Itu tak penting pun. Kamu takkan berjaya masuk <txt:bold,2>Kejohanan Kebangsaan</txt:bold>. Saya tak faham kenapa kamu bersungguh, <txt:bold,2><txt:color,orange>Dahee</txt:color></txt:bold>!","Nhưng dù sao các cậu cũng chẳng được đến xem <txt:bold,2>Giải Toàn Quốc</txt:bold> đâu, <txt:bold,2><txt:color,orange>Dahee</txt:color></txt:bold>, cậu đúng là tự chuốc khổ vào thân!","Aunque igual no van a llegar ni de cerca al <txt:bold,2>Torneo Nacional</txt:bold>. <txt:bold,2><txt:color,orange>Dahee</txt:color></txt:bold>, te complicas la vida tú sola.","Tapi percuma saja, ya. Kalian tidak akan bisa lolos ke <txt:bold,2>Turnamen Nasional</txt:bold>. <txt:bold,2><txt:color,orange>Dahee</txt:color></txt:bold>, kamu memang suka cari susah, ya~!","แต่ยังไงพวกเธอก็คงไม่มีโอกาสแม้แต่จะไปดู<txt:bold,2>ทัวร์นาเมนต์ระดับประเทศ</txt:bold>อยู่แล้วนะ <txt:bold,2><txt:color,orange>ดาฮี</txt:color></txt:bold> เธอนี่ชอบหาเรื่องให้ตัวเองลำบากจริงๆ เลยน้า~!","Mas vocês nem vão chegar perto do <txt:bold,2>torneio nacional</txt:bold>. Você só tá arranjando trabalho pra si mesma, <txt:bold,2><txt:color,orange>Dahee</txt:color></txt:bold>."
,,,정다희,,1_언짢,,angry,"<txt:bold,2><txt:color,orange>하은</txt:color></txt:bold>이, 너~! 그런 건 해보지 않으면 모른다구!","<txt:bold,2><txt:color,orange>Haeun</txt:color></txt:bold>, you know... You never know what might happen!","<txt:bold,2><txt:color,orange>花音</txt:color></txt:bold>‥！そんなのやってみなきゃ分かんないでしょ！","<txt:bold,2><txt:color,orange>夏恩</txt:color></txt:bold>，你真是‥这种事不比比看怎么知道！","<txt:bold,2><txt:color,orange>夏恩</txt:color></txt:bold>，妳這話就不對了，沒比過看怎麼會知道！","<txt:bold,2><txt:color,orange>Хаын</txt:color></txt:bold>! Никто не знает, что будет заранее!","<txt:bold,2><txt:color,orange>Haeun</txt:color></txt:bold>, kamu ini! Belum cuba, belum tahu!","<txt:bold,2><txt:color,orange>Haeun</txt:color></txt:bold>, chuyện đó phải thử mới biết chứ!","<txt:bold,2><txt:color,orange>Haeun</txt:color></txt:bold>, eso no se sabe hasta intentarlo.","<txt:bold,2><txt:color,orange>Haeun</txt:color></txt:bold>! Hal seperti itu tidak akan bisa diketahui sebelum dicoba!","<txt:bold,2><txt:color,orange>ฮาอึน</txt:color></txt:bold> ของแบบนี้น่ะ ไม่ลองก็ไม่รู้หรอกนะ!","<txt:bold,2><txt:color,orange>Haeun</txt:color></txt:bold>, o resultado só se descobre depois de jogar!"
,,,신하은,,1_우쭐,,,"아핫, 해보지 않아도 알 수 있지~ 어차피 오늘도 지고, <txt:bold,2>전국 대회</txt:bold>도 못 갈걸?","Ahaha, but, we all know what's going to happen! You're going to lose and you won't make it to the <txt:bold,2>National Tournament</txt:bold>.","あはっ、やらなくても分かるってば～！どうせ今日も負けて、<txt:bold,2>全国大会</txt:bold>にも行けないって。","啊哈，不用比也能知道结果啊～反正今天你们也是输，<txt:bold,2>全国大赛</txt:bold>更是没戏。","啊哈，不用比也知道啊～反正你們今天也是輸，<txt:bold,2>全國大賽</txt:bold>也沒你們的份。","Хе-хе, я знаю. Сегодня вы проиграете и до <txt:bold,2>национальных</txt:bold> не доберетесь.","Ahaha, tapi, kita semua tahu apa yang akan berlaku! Kamu akan kalah dan gagal ke <txt:bold,2>Kejohanan Kebangsaan</txt:bold>.","A ha, không thử cũng biết mà~ Dù sao hôm nay các cậu cũng thua, rồi cũng không được tham dự <txt:bold,2>Giải Toàn Quốc</txt:bold> đâu!","Ja, hay cosas que sí se saben sin intentarlo. Total, hoy van a perder y tampoco llegarán al <txt:bold,2>Torneo Nacional</txt:bold>.","Haha, tidak perlu dicoba untuk diketahui~ Hari ini kalian bakal kalah, dan tidak bakal lolos ke <txt:bold,2>Turnamen Nasional</txt:bold> juga!","ฮะฮ่า ไม่ต้องลองก็รู้ได้น่า~ ยังไงวันนี้พวกเธอก็จะแพ้ แล้วก็คงไม่ได้ไป<txt:bold,2>ทัวร์นาเมนต์ระดับประเทศ</txt:bold>ด้วยล่ะมั้ง?","Haha, eu não preciso jogar pra saber! Vocês vão perder hoje e também não vão ao <txt:bold,2>torneio nacional</txt:bold>."
,,,신하은,,1_우쭐,,,"우리 <txt:bold,2>지산고</txt:bold>에 <txt:bold,2>최고의 스파이커</txt:bold> <txt:bold,2><txt:color,orange>이영섭</txt:color></txt:bold> 선배가 있으니까.","<txt:bold,2>Jisan High</txt:bold> has the <txt:bold,2>greatest spiker</txt:bold> on the team, <txt:bold,2><txt:color,orange>Yongsup Lee</txt:color></txt:bold>.","うちの<txt:bold,2>芝山高校</txt:bold>には、<txt:bold,2>最高のスパイカー</txt:bold>、<txt:bold,2><txt:color,orange>佐藤一翔</txt:color></txt:bold>先輩がいるんだもん。","毕竟我们<txt:bold,2>智山高中</txt:bold>可是有<txt:bold,2>最强主攻手</txt:bold>，<txt:bold,2><txt:color,orange>李英燮</txt:color></txt:bold>前辈在呢。","畢竟我們<txt:bold,2>智山高中</txt:bold>可是有<txt:bold,2>最強主攻手</txt:bold><txt:bold,2><txt:color,orange>李英燮</txt:color></txt:bold>前輩在呢。","У нас в <txt:bold,2>«Чжисан»</txt:bold> <txt:bold,2>лучший нападающий</txt:bold>. <txt:bold,2><txt:color,orange>Ли Ёнсоб</txt:color></txt:bold>.","Sebab <txt:bold,2>Jisan High</txt:bold> ada senior kami, <txt:bold,2>perejam terbaik</txt:bold>, <txt:bold,2><txt:color,orange>Yongsup Lee</txt:color></txt:bold>.","Bởi vì <txt:bold,2>Trường THPT Jisan</txt:bold> của bọn tôi có anh <txt:bold,2><txt:color,orange>Lee Yeongseob</txt:color></txt:bold>, <txt:bold,2>Tay Đập Xuất Sắc Nhất</txt:bold>.","Porque en la <txt:bold,2>Escuela Jisan</txt:bold> tenemos al <txt:bold,2>mejor rematador </txt:bold> de todos: <txt:bold,2><txt:color,orange>Lee Youngsup</txt:color></txt:bold>.","Soalnya di <txt:bold,2>SMA Jisan</txt:bold> kami ada Kak <txt:bold,2><txt:color,orange>Young Sup Lee</txt:color></txt:bold>, sang <txt:bold,2>Spiker Terbaik</txt:bold>.","เพราะ<txt:bold,2>มัธยมจีซัน</txt:bold>ของฉัน มี<txt:bold,2>สุดยอดตัวตบ</txt:bold>อย่างรุ่นพี่<txt:bold,2><txt:color,orange>อียองซอบ</txt:color></txt:bold>อยู่น่ะสิ","Afinal, o <txt:bold,2>Colégio Jisan</txt:bold> tem o <txt:bold,2>melhor atacante</txt:bold> <txt:bold,2><txt:color,orange>Youngsup Lee</txt:color></txt:bold>."
,,,신하은,,1_기본,,,저 친구가 아무리 잘한다고 한들 선배보다 잘할 리 없잖아?,"Even if that new kid is good, there's no way he's better than him.",その子がいくら上手いからって、先輩より強いわけないじゃん？,这家伙就算打得再好，也不可能比前辈厉害吧？,就算這個朋友再怎麼厲害，也不可能比前輩還強吧？,"Твоему <txt:bold,2><txt:color,orange>Шиу</txt:color></txt:bold> до него, как до луны.","Walaupun budak baru tu bagus, tak mungkin dia lebih bagus.",Người bạn kia dù có giỏi đến đâu cũng không thể hơn anh ấy được!,"Por muy bueno que sea tu amiguito, no hay forma de que supere a Youngsup.","Sehebat apa pun anak ini, dia tidak mungkin bisa melampaui senior!",ต่อให้จะบอกว่านายคนนั้นเก่งแค่ไหน แต่ก็ไม่มีทางเก่งกว่ารุ่นพี่อยู่แล้วนี่นา?,"Ele pode ser talentoso, mas não chega aos pés do Youngsup."
,,,정다희,,1_언짢,,,...흥...,...Hmph.,‥ふん‥,‥哼‥,‥哼‥,Пф...,...Hmph.,Hừ...,Jum...,...Huh...,...ฮึ่ม...,Humpf...
,,,신하은,,2_우쭐,,,"그러니까 나랑 같이 처음부터 <txt:bold,2>지산고</txt:bold>로 진학했으면 얼마나 좋았냐구.","You should've come to <txt:bold,2>Jisan High</txt:bold> with me from the start.","だから、私と一緒に最初から<txt:bold,2>芝山高校</txt:bold>に進学してればよかったのに。","所以说，你当初跟我一起升入<txt:bold,2>智山高中</txt:bold>多好啊。","所以我才說，妳當初要是跟我一起進<txt:bold,2>智山高中</txt:bold>該有多好。","Поэтому тебе надо было тоже поступать в <txt:bold,2>«Чжисан»</txt:bold>.","Kamu patut datang ke <txt:bold,2>Jisan High</txt:bold> bersama saya dari mula.","Vậy nên ngay từ đầu cậu mà cùng tôi vào <txt:bold,2>Trường THPT Jisan</txt:bold> thì đã hay rồi.","Por eso digo que debiste venir conmigo a la <txt:bold,2>Escuela Jisan</txt:bold> desde un comienzo.","Makanya... Betapa baiknya kalau sejak awal kamu masuk ke <txt:bold,2>SMA Jisan</txt:bold> bersamaku.","ก็นั่นแหละ ถ้าเธอมาเข้าเรียนที่<txt:bold,2>มัธยมจีซัน</txt:bold>กับฉันตั้งแต่แรก ก็คงจะดีมากเลยล่ะ","Viu só? Teria sido bem melhor se você tivesse ido comigo pro <txt:bold,2>Colégio Jisan</txt:bold> desde o início."
,,,신하은,,2_우쭐,,,지금이라도 늦지 않았으니까 그냥 전학 오지 않을래?,It's not too late. Why don't you transfer schools?,今からでも遅くないから、そのまま転校してきちゃいなよ。,现在还不算晚，要不要转学过来？,現在轉學也還來得及，妳要不要轉過來啊？,Еще не поздно. Переводись к нам?,Masih belum terlambat. Kenapa kamu tak bertukar sekolah?,"Bây giờ cũng chưa muộn đâu, hay cậu chuyển trường qua đây luôn đi?",Aún estás a tiempo. ¿No quieres cambiarte a nuestra escuela?,"Sekarang pun belum terlambat, bagaimana kalau kamu pindah sekolah?",ตอนนี้ก็ยังไม่สายหรอกนะ ไม่อยากย้ายมาเหรอ?,Ainda não é tarde. Que tal se transferir pra nossa escola?
,,,정다희,,1_쿨쿨,pause,,"예전에도 얘기했지만, 난 그냥 편하게 동아리 활동을 하고 싶은 게 아니야!","Like I told you, I don't want an easy, comfortable club life!",前にも言ったけど、私はただ楽して部活をやりたいわけじゃないの！,我以前就说过了，我想要的不是那种轻轻松松的社团活动！,我以前就說過了，我不想只是輕鬆地參加社團活動！,"Я уже говорила, что не ищу легких путей.","Macam yang saya beritahu, saya tak mahu kehidupan kelab yang mudah dan selesa!","Trước đây tôi cũng nói rồi mà, tôi không chỉ muốn sinh hoạt CLB cho vui thôi đâu!","Como ya te dije, no hago esto solo para pasar el rato tranquilamente en un club.",Seperti yang dulu kubilang. Aku tidak ingin menjalani kegiatan klub dengan santai.,ก็อย่างที่เคยบอกไปแล้ว ว่าฉันไม่ได้แค่อยากทำกิจกรรมชมรมแบบชิลๆ!,"Como falei várias vezes, não estou aqui apenas pra me divertir em um time!"
,,,정다희,,1_언짢,pause,,내 힘으로 어디까지 할 수 있는지 증명해 보고 싶은 거야.,I want to prove to myself and others how far I can go.,自分の力でどこまでやれるのか、証明してみたいのよ。,我想证明，靠我自己的力量能走到哪一步。,我是想用我自己的力量，去證明我到底能做到什麼程度。,И хочу сама добиваться результатов.,Saya mahu buktikan kepada diri sendiri dan orang lain kemampuan sebenar saya.,Tôi muốn chứng minh bằng chính sức mình rằng bản thân có thể đi xa đến đâu.,Quiero probar de lo que soy capaz por mí misma.,Aku ingin membuktikan sejauh mana aku bisa melangkah dengan kemampuanku sendiri!,ฉันอยากลองพิสูจน์ ว่าจะไปได้ไกลแค่ไหนด้วยความสามารถของตัวเอง,Quero provar até onde consigo chegar por conta própria.
,,,신하은,,2_우쭐,wave,,"그래? 글쎄, 내 눈엔 그냥 괜한 고집 부리는 것 같은데?","Is that so? Well, it just looks like stubbornness to me.",そうかなぁ？私から見たら、ただ無駄に意地を張ってるようにしか見えないけど～？,是吗？在我看来，你这不过是在瞎逞强罢了。,是嗎？但在我看來，妳只是在無謂地逞強而已啊？,"Мне кажется, ты просто упрямишься.","Benarkah? Bagi saya, kamu cuma degil.","Vậy à? Chà, trong mắt tôi thì cậu chỉ đang cố chấp vô ích thôi!","Ah, ¿sí? Pues yo diría que solo estás aferrándote a un capricho.","Benarkah? Aku tidak yakin, setidaknya di mataku hanya terlihat kamu keras kepala tanpa alasan.",งั้นเหรอ? ไม่รู้สินะ ในสายตาฉันมันเหมือนว่าเธอแค่ดื้อดึงเฉยๆ มากกว่า,"É mesmo? Pra mim, você só tá sendo teimosa."
,,,신하은,,2_미소,wave,,"<txt:bold,2><txt:color,orange>다희</txt:color></txt:bold>, <txt:bold,2>네가</txt:bold> <txt:bold,2>전국 대회</txt:bold>에 나가고 싶지 않을 리가 없잖아.","There's no way that <txt:bold,2>you</txt:bold>, <txt:bold,2><txt:color,orange>Dahee</txt:color></txt:bold>, are not interested in advancing to the <txt:bold,2>National Tournament</txt:bold>.","<txt:bold,2><txt:color,orange>夏希</txt:color></txt:bold>、<txt:bold,2>あなたが</txt:bold><txt:bold,2>全国大会</txt:bold>に行きたくないわけないじゃん。","<txt:bold,2><txt:color,orange>多熙</txt:color></txt:bold>，<txt:bold,2>你</txt:bold>怎么可能不想去<txt:bold,2>全国大赛</txt:bold>呢。","<txt:bold,2><txt:color,orange>多熙</txt:color></txt:bold>，妳怎麼可能不想去<txt:bold,2>全國大賽</txt:bold>呢。","<txt:bold,2><txt:color,orange>Дахи</txt:color></txt:bold>, <txt:bold,2>ты</txt:bold> же мечтаешь дойти до <txt:bold,2>национальных</txt:bold>.","Tak mungkin <txt:bold,2>kamu</txt:bold>, <txt:bold,2><txt:color,orange>Dahee</txt:color></txt:bold>, tak berminat untuk mara ke <txt:bold,2>Kejohanan Kebangsaan</txt:bold>.","<txt:bold,2><txt:color,orange>Dahee</txt:color></txt:bold>, <txt:bold,2>cậu</txt:bold> không thể nào không muốn tham gia <txt:bold,2>Giải Toàn Quốc</txt:bold> được.","<txt:bold,2><txt:color,orange>Dahee</txt:color></txt:bold>, no me digas que no quieres ir al <txt:bold,2>Torneo Nacional</txt:bold>.","<txt:bold,2><txt:color,orange>Dahee</txt:color></txt:bold>, mana mungkin <txt:bold,2>kamu</txt:bold> tidak ingin ikut <txt:bold,2>Turnamen Nasional</txt:bold>.","<txt:bold,2><txt:color,orange>ดาฮี</txt:color></txt:bold> <txt:bold,2>เธอต้องอยากไป</txt:bold><txt:bold,2>ทัวร์นาเมนต์ระดับประเทศ</txt:bold>อยู่แล้วนี่นา","<txt:bold,2><txt:color,orange>Dahee</txt:color></txt:bold>, <txt:bold,2>não me diga que você não quer disputar o</txt:bold> <txt:bold,2>torneio nacional</txt:bold>."
,,,신하은,,2_우쭐,wave,,지금이라도 정말로 우리 팀으로 오라니까?,You should come to our team. It's not too late.,今からでも、うちのチームにマジでおいでってば！,趁现在还来得及，真的不考虑来我们队吗？,趁現在還來得及，妳要不要乾脆轉學過來？,"Поэтому пока есть время, переходи к нам.",Kamu patut masuk pasukan kami. Masih belum terlambat.,Trước khi quá muộn thì hãy chuyển sang đội bọn tôi đi!,"Te lo digo en serio, aún puedes unirte a nuestro equipo.","Oleh karena itu, ayo gabung ke tim kita saja.",อย่างน้อยตอนนี้มาร่วมทีมของฉันก็ยังไม่สายนะ?,Então venha pro nosso time enquanto ainda há tempo.
,,,정다희,,1_삐약,,,"<cha:pop,정다희><txt:shake,1>그럴 생각 없다니까! 몇 번 말해!</txt:shake><sys:quiet,1000>","<cha:pop,정다희><txt:shake,1>No! I told you, I'm not interested!</txt:shake><sys:quiet,1000>","<cha:pop,정다희><txt:shake,1>そんな気はないの！何回言わせるのよ！</txt:shake><sys:quiet,1000>","<cha:pop,정다희><txt:shake,1>我都说了没那个打算！到底要我说多少遍！</txt:shake><sys:quiet,1000>","<cha:pop,정다희><txt:shake,1>我不是說過沒這個打算嗎！妳要我講幾次！</txt:shake><sys:quiet,1000>","<cha:pop,정다희><txt:shake,1>И не подумаю!</txt:shake><sys:quiet,1000>","<cha:pop,정다희><txt:shake,1>Tidak! Saya dah cakap, saya tak berminat!</txt:shake><sys:quiet,1000>","<cha:pop,정다희><txt:shake,1>Tôi đã nói là không có ý định đó rồi! Phải nói bao nhiêu lần nữa đây!</txt:shake><sys:quiet,1000>","<cha:pop,정다희><txt:shake,1>¡Te dije que no me interesa! ¿Cuántas veces más debo repetírtelo?</txt:shake><sys:quiet,1000>","<cha:pop,정다희><txt:shake,1>Sudah kubilang aku tidak mau! Berapa kali aku harus mengatakannya?!</txt:shake><sys:quiet,1000>","<cha:pop,정다희><txt:shake,1>บอกแล้วไงว่าฉันไม่มีความคิดแบบนั้น! ต้องให้บอกอีกกี่รอบเนี่ย!</txt:shake><sys:quiet,1000>","<cha:pop,정다희><txt:shake,1>Já disse que não vou fazer isso! Quantas vezes preciso repetir?</txt:shake><sys:quiet,1000>"
,,,백시우,,1_무표정,,,그만해. 친구 사이라지만...,Stop it. Even if you're friends...,やめろよ。友達同士だってのに‥,别说了。就算你们是朋友‥,夠了。就算妳們是朋友‥,Хватит. Вы же подруги.,Berhenti. Walaupun kamu kawan...,Dừng lại đi. Dù là bạn bè thì...,"Ya basta. Sé que son amigas, pero...",Sudah cukup. Walaupun kalian teman tapi...,พอเถอะ ถึงจะเป็นเพื่อนกัน...,"Chega. Vocês podem ser amigas, mas..."
,,,TAG,,,,,"<sys:bgm,BGM_MEET_YOUNGSUB,1000>","<sys:bgm,BGM_MEET_YOUNGSUB,1000>","<sys:bgm,BGM_MEET_YOUNGSUB,1000>","<sys:bgm,BGM_MEET_YOUNGSUB,1000>","<sys:bgm,BGM_MEET_YOUNGSUB,1000>","<sys:bgm,BGM_MEET_YOUNGSUB,1000>","<sys:bgm,BGM_MEET_YOUNGSUB,1000>","<sys:bgm,BGM_MEET_YOUNGSUB,1000>","<sys:bgm,BGM_MEET_YOUNGSUB,1000>","<sys:bgm,BGM_MEET_YOUNGSUB,1000>","<sys:bgm,BGM_MEET_YOUNGSUB,1000>","<sys:bgm,BGM_MEET_YOUNGSUB,1000>"
,,,???,,,,,그만.,Stop.,そこまでだ。,够了。,夠了。,Перестаньте.,Berhenti.,Thôi đi.,Suficiente.,Cukup.,พอได้แล้ว,Já deu.
,,,TAG,,,,,"<cha:pos,백시우,-1><cha:pos,신하은,1><cha:pos,정다희,-2><cha:pos,이영섭,2>","<cha:pos,백시우,-1><cha:pos,신하은,1><cha:pos,정다희,-2><cha:pos,이영섭,2>","<cha:pos,백시우,-1><cha:pos,신하은,1><cha:pos,정다희,-2><cha:pos,이영섭,2>","<cha:pos,백시우,-1><cha:pos,신하은,1><cha:pos,정다희,-2><cha:pos,이영섭,2>","<cha:pos,백시우,-1><cha:pos,신하은,1><cha:pos,정다희,-2><cha:pos,이영섭,2>","<cha:pos,백시우,-1><cha:pos,신하은,1><cha:pos,정다희,-2><cha:pos,이영섭,2>","<cha:pos,백시우,-1><cha:pos,신하은,1><cha:pos,정다희,-2><cha:pos,이영섭,2>","<cha:pos,백시우,-1><cha:pos,신하은,1><cha:pos,정다희,-2><cha:pos,이영섭,2>","<cha:pos,백시우,-1><cha:pos,신하은,1><cha:pos,정다희,-2><cha:pos,이영섭,2>","<cha:pos,백시우,-1><cha:pos,신하은,1><cha:pos,정다희,-2><cha:pos,이영섭,2>","<cha:pos,백시우,-1><cha:pos,신하은,1><cha:pos,정다희,-2><cha:pos,이영섭,2>","<cha:pos,백시우,-1><cha:pos,신하은,1><cha:pos,정다희,-2><cha:pos,이영섭,2>"
,,,이영섭,,1_기본,pause,,역시 와 보길 잘했군.,It's good I stopped by.,やっぱり来てみて正解だったな。,果然还是来看看比较好。,看來我果然沒白跑一趟。,Не зря я пришел.,Mujurlah saya singgah.,Quả là đến đúng lúc thật.,Lo sabía. Hice bien en venir.,Sepertinya keputusanku datang ke sini memang benar.,คิดถูกจริงๆ ที่ลองมาดู,Foi uma boa ideia vir aqui pessoalmente.
,,,신하은,,2_우쭐,,,"...<txt:bold,2><txt:color,orange>영섭</txt:color></txt:bold> 선배? <wrt:wait,25>뭐야, 난 바른말만 했다구?","...<txt:bold,2><txt:color,orange>Yongsup</txt:color></txt:bold>? <wrt:wait,25>Why? It's all true anyway.","‥<txt:bold,2><txt:color,orange>一翔</txt:color></txt:bold>先輩？<wrt:wait,25>何よ、私、本当のこと言っただけなんだけどぉ？","‥<txt:bold,2><txt:color,orange>英燮</txt:color></txt:bold>前辈？<wrt:wait,25>干嘛呀，我说的可是实话啊。","‥<txt:bold,2><txt:color,orange>英燮</txt:color></txt:bold>前輩？<wrt:wait,25>幹嘛，我說的都是實話啊？","...<txt:bold,2><txt:color,orange>Ёнсоб</txt:color></txt:bold>? <wrt:wait,25>А что я сказала не так?","...<txt:bold,2><txt:color,orange>Yongsup</txt:color></txt:bold>? <wrt:wait,25> Kenapa? Lagipun, semuanya benar.","...Anh <txt:bold,2><txt:color,orange>Yeongseob</txt:color></txt:bold>? <wrt:wait,25>Gì chứ, em chỉ nói sự thật thôi mà?","¿<txt:bold,2><txt:color,orange>Youngsup</txt:color></txt:bold>? <wrt:wait,25>¿Qué? Yo solo decía la verdad.","...Senior <txt:bold,2><txt:color,orange>Young Sup</txt:color></txt:bold>? <wrt:wait,25>Kenapa? Aku cuma mengatakan yang sebenarnya.","...รุ่นพี่<txt:bold,2><txt:color,orange>ยองซอบ</txt:color></txt:bold>? <wrt:wait,25>อะไรกัน ฉันไม่ได้พูดอะไรผิดสักหน่อย?","Hum... <txt:bold,2><txt:color,orange>Youngsup</txt:color></txt:bold>? <wrt:wait,25>Qual é? Eu não falei nada errado."
,,,이영섭,,1_무표정,pause,,그만하라고 했지.,"I said, stop.",そこまでだと言ったはずだ。,我说够了。,我叫妳住口。,Достаточно.,Saya kata berhenti.,Tôi đã bảo thôi đi mà.,Dije que ya fue suficiente.,Sudah kubilang cukup.,ฉันบอกว่าพอได้แล้วไง,Eu disse pra parar.
,,,신하은,,2_우쭐,,,"...<wrt:wait,25>체엣~ 알았어. 흥. 난 몸이나 풀러 갈 거야. <wrt:break><txt:bold,2><txt:color,orange>다희</txt:color></txt:bold>야, 이따 코트에서 보자?","...<wrt:wait,25>Tch. Fine. Hmph. I'll go stretch. <wrt:break><txt:bold,2><txt:color,orange>Dahee</txt:color></txt:bold>, I'll see you on the court later.","‥<wrt:wait,25>ちぇっ～、分かったってば。ふん、アップでもしてこようっと。それじゃ、<wrt:break><txt:bold,2><txt:color,orange>夏希</txt:color></txt:bold>、後でコートでね？","‥<wrt:wait,25>切～知道了。哼，我去热身了。<wrt:break><txt:bold,2><txt:color,orange>多熙</txt:color></txt:bold>，待会儿球场上见啦？","‥<wrt:wait,25>嘖～好啦。哼。我去熱身了。<wrt:break><txt:bold,2><txt:color,orange>多熙</txt:color></txt:bold>，待會球場上見囉？","...<wrt:wait,25>Ну и ладно. Пойду разминаться. <wrt:break>Увидимся на площадке!","...<wrt:wait,25>Yalah. Baik. Hmph. Saya pergi regangkan badan dulu. <wrt:break><txt:bold,2><txt:color,orange>Dahee</txt:color></txt:bold>, jumpa kamu di gelanggang nanti.","...<wrt:wait,25>Chậc~ Em biết rồi. Hừ. Em đi khởi động đây. <wrt:break><txt:bold,2><txt:color,orange>Dahee</txt:color></txt:bold>, hẹn gặp trên sân đấu nhé!","... <wrt:wait,25>Tsk. Está bien. Jum. Mejor me voy a calentar. <wrt:break><txt:bold,2><txt:color,orange>Dahee</txt:color></txt:bold>, te veo en la cancha.","...<wrt:wait,25>Cih~ Baiklah. Hyuh. Kalau begitu aku pergi pemanasan dulu. <wrt:break><txt:bold,2><txt:color,orange>Dahee</txt:color></txt:bold>, aku tunggu kamu di lapangan, ya?","...<wrt:wait,25>ชิ~ ก็ได้ ฮึ่ย ฉันไปวอร์มร่างกายดีกว่า <wrt:break><txt:bold,2><txt:color,orange>ดาฮี</txt:color></txt:bold> อีกเดี๋ยวเจอกันที่สนามนะ","Hum... <wrt:wait,25>Tsc... Tá bom. Humpf, vou aquecer. <wrt:break><txt:bold,2><txt:color,orange>Dahee</txt:color></txt:bold>, nos vemos na quadra depois!"
,,,TAG,,,,,"<cha:pos,신하은,4>","<cha:pos,신하은,4>","<cha:pos,신하은,4>","<cha:pos,신하은,4>","<cha:pos,신하은,4>","<cha:pos,신하은,4>","<cha:pos,신하은,4>","<cha:pos,신하은,4>","<cha:pos,신하은,4>","<cha:pos,신하은,4>","<cha:pos,신하은,4>","<cha:pos,신하은,4>"
,,,이영섭,,1_기본,,,미안하다. 우리 부주장이 무례했군. 대신 사과할게.,I apologize. Our vice captain was rude.,すまない。うちの副キャプテンが失礼したな。代わりに謝るよ。,抱歉，我们副队长太无礼了。我替她向你们道歉。,抱歉，我們副隊長太失禮了。我代她道歉。,"Извини. <txt:bold,2><txt:color,orange>Хаын</txt:color></txt:bold> иногда перегибает палку.",Maaf. Naib kapten kami bersikap biadab. Saya minta maaf bagi pihaknya.,Xin lỗi. Đội phó chúng tôi có hơi bất lịch sự. Tôi thay mặt em ấy xin lỗi.,Lo siento. Nuestra subcapitana fue muy grosera. Me disculpo por ella.,Maaf. Wakil kapten kami sudah bersikap tidak sopan. Biar aku minta maaf atas namanya.,ขอโทษนะ รองกัปตันทีมของฉันเสียมารยาทไปหน่อย ฉันขอโทษแทนแล้วกัน,Peço desculpas. Nossa vice-capitã acabou sendo um pouco grossa. Peço desculpas em nome dela.
,,,정다희,,1_당황,,,"아하하... <wrt:wait,25>아뇨, 그, <wrt:wait,25>그럴 수도 있죠! 말려 주셔서 감사해요.","Ahahaha... <wrt:wait,25>No, it... <wrt:wait,25>It's okay! Thank you for stepping in.","あはは‥<wrt:wait,25>いえ、その、<wrt:wait,25>そういうこともありますよ！止めてくださってありがとうございます。","啊哈哈‥<wrt:wait,25>没事的，这，<wrt:wait,25>这也没什么！谢谢您出面制止。","啊哈哈‥<wrt:wait,25>沒關係，也、<wrt:wait,25>也難免啦！謝謝前輩幫忙解圍。","Все в порядке!<wrt:wait,25> Но спасибо, <wrt:wait,25>что вмешался.","Ahahaha... <wrt:wait,25>Tidak... <wrt:wait,25>Tak mengapa! Terima kasih kerana masuk campur.","A ha ha... <wrt:wait,25>Dạ không, cũng, <wrt:wait,25>cũng không có gì đâu ạ! Cảm ơn anh đã ngăn lại.","Ah, jaja... <wrt:wait,25>No, no te preocupes. <wrt:wait,25>Esas cosas pasan. Gracias por intervenir.","Ahahaha... <wrt:wait,25>Tidak, i-itu, <wrt:wait,25>tidak apa-apa! Terima kasih sudah menghentikannya.","อะฮ่าฮ่า... <wrt:wait,25>ไม่หรอกค่ะ กะ <wrt:wait,25>ก็เข้าใจได้แหละค่ะ! ขอบคุณที่ช่วยห้ามนะคะ","Haha... <wrt:wait,25>Não, tudo bem! <wrt:wait,25>Essas coisas acontecem! Sou grata por termos resolvido a situação."
,,,정다희,,1_기본,,,"자, <txt:bold,2><txt:color,orange>시우</txt:color></txt:bold>야. 이전에 설명했지? 이쪽은 <txt:bold,2><txt:color,orange>이영섭</txt:color></txt:bold> 선수.","Now, <txt:bold,2><txt:color,orange>Siwoo</txt:color></txt:bold>. I told you about it, right? This is <txt:bold,2><txt:color,orange>Yongsup Lee</txt:color></txt:bold>.","ほら、<txt:bold,2><txt:color,orange>新</txt:color></txt:bold>。前に説明したよね？こちらは<txt:bold,2><txt:color,orange>佐藤一翔</txt:color></txt:bold>選手。","来，<txt:bold,2><txt:color,orange>时宇</txt:color></txt:bold>。我之前跟你提过的吧？这位就是<txt:bold,2><txt:color,orange>李英燮</txt:color></txt:bold>选手。","對了，<txt:bold,2><txt:color,orange>時宇</txt:color></txt:bold>。我之前有跟你介紹過吧？這位是<txt:bold,2><txt:color,orange>李英燮</txt:color></txt:bold>選手。","<txt:bold,2><txt:color,orange>Шиу</txt:color></txt:bold>, помнишь, я рассказывала? Это <txt:bold,2><txt:color,orange>Ли Ёнсоб</txt:color></txt:bold>.","<txt:bold,2><txt:color,orange>Siwoo</txt:color></txt:bold>, saya pernah cerita, kan? Ini pemain bernama <txt:bold,2><txt:color,orange>Yongsup Lee</txt:color></txt:bold>.","Nào, <txt:bold,2><txt:color,orange>Siwoo</txt:color></txt:bold>. Như tôi đã nói trước đó, đây là tuyển thủ <txt:bold,2><txt:color,orange>Lee Yeongseob</txt:color></txt:bold>.","Ah, <txt:bold,2><txt:color,orange>Siwoo</txt:color></txt:bold>. ¿Recuerdas que te hablé de él? Él es <txt:bold,2><txt:color,orange>Lee Youngsup</txt:color></txt:bold>.","<txt:bold,2><txt:color,orange>Siwoo</txt:color></txt:bold>, ingat yang pernah kuceritakan sebelumnya? Dia adalah atlet <txt:bold,2><txt:color,orange>Young Sup Lee</txt:color></txt:bold>.","เอาล่ะ <txt:bold,2><txt:color,orange>ชีอู</txt:color></txt:bold> ฉันเคยอธิบายให้ฟังแล้วใช่ไหม? นี่คือนักกีฬา<txt:bold,2><txt:color,orange>อียองซอบ</txt:color></txt:bold>","<txt:bold,2><txt:color,orange>Siwoo</txt:color></txt:bold>, eu já tinha comentado antes, certo? Este é o <txt:bold,2><txt:color,orange>Youngsup Lee</txt:color></txt:bold>."
,,,정다희,,1_기본,,,"작년에 <txt:bold,2>최고의 스파이커상</txt:bold>을 받은 전국 최고의 에이스야.","He's the ace who won the <txt:bold,2>Greatest Spiker Award</txt:bold> last year.","去年の<txt:bold,2>最高のスパイカー賞</txt:bold>を受賞した、全国トップのエースよ。","他是去年获得<txt:bold,2>最强主攻手奖</txt:bold>的全国最顶尖王牌。","去年獲得了<txt:bold,2>最強主攻手獎</txt:bold>，是全國最強的王牌。","В прошлом году он стал <txt:bold,2>лучшим нападающим</txt:bold>.","Dia pemain handalan terbaik negara yang memenangi <txt:bold,2>Anugerah Perejam Terbaik</txt:bold> tahun lepas.","Anh ấy là át chủ bài hàng đầu toàn quốc, người đã nhận giải <txt:bold,2>Tay Đập Xuất Sắc Nhất</txt:bold> năm ngoái.","Es el mejor as del país y ganó el <txt:bold,2>Premio al Mejor Rematador</txt:bold> el año pasado.","Dia adalah Ace terbaik di seluruh negeri yang menerima penghargaan sebagai <txt:bold,2>Spiker terbaik</txt:bold> pada tahun lalu.","เอซอันดับหนึ่งของประเทศที่ได้รับ<txt:bold,2>รางวัลสุดยอดตัวตบ</txt:bold>ปีก่อนน่ะ","Ele recebeu o prêmio de <txt:bold,2>melhor atacante</txt:bold> no ano passado e é o maior craque do país."
,,,백시우,,2_놀람,,exclam,"오오...! 자, <wrt:wait,25>잘 부탁드립니다!","Ooh...! Nice... <wrt:wait,25>Nice to meet you!","ああ‥！よ、<wrt:wait,25>よろしくお願いします！","噢噢‥！您好，<wrt:wait,25>请多指教！","喔喔‥！您好，<wrt:wait,25>請多指教！","Ого! <wrt:wait,25>Приятно познакомиться!","Ooh...! Gembira... <wrt:wait,25>Gembira bertemu kamu!","Ồ...! R, <wrt:wait,25>rất mong được anh chiếu cố!","¡Oooh...! <wrt:wait,25>¡Es un gusto conocerte!","Wah...! Se-, <wrt:wait,25>senang bertemu dengan Anda!","โอ้โห...! ฝะ <wrt:wait,25>ฝากตัวด้วยนะครับ!","Uau! <wrt:wait,25>É um prazer conhecê-lo!"
,,,이영섭,,1_무표정,,,"응, 못 볼 꼴을 보여서 미안하다.","Yeah, sorry for my teammate's behavior.",ああ、見苦しいところを見せてすまなかったな。,嗯，让你们见笑了，真是不好意思。,嗯，讓你們見笑了，真抱歉。,"Да уж. Извините за сцену с <txt:bold,2><txt:color,orange>Хаын</txt:color></txt:bold>.","Ya, maaf atas tingkah laku rakan sepasukan saya.","Ừ, xin lỗi vì đã để cậu thấy cảnh không hay.",El gusto es mío. Lamento que hayas tenido que presenciar esa escena.,"Ya, Maaf kalian jadi melihat hal yang tidak pantas.",อื้ม ขอโทษด้วยนะที่ต้องมาเห็นอะไรไม่น่าดูแบบนี้,"Bom, peço desculpas por ter feito você presenciar algo tão desagradável."
,,,정다희,,1_기본,,quest,"참, 그나저나 어깨 부상 때문에 못 오신다고 들었는데, 아니었나요?",I thought you had a shoulder injury. Are you playing today?,あ、そういえば肩のケガで来られないって聞いてたんですけど、違ったんですか？,话说回来，听说您因为肩膀有伤今天不能来，是传闻有误吗？,對了，明明聽說前輩因為肩膀受傷今天不會出現，難道是我聽錯了嗎？,"А я думала, что из-за травмы ты не придешь.","Oh ya, saya dengar abang tak dapat datang sebab cedera bahu. Bukan begitu?","À đúng rồi, nghe nói anh không thể đến vì chấn thương vai mà, không phải sao ạ?","Por cierto, había oído que no podrías venir por una lesión en el hombro. ¿No era así?","Oh ya, bukankah katanya Anda tidak bisa datang karena cedera bahu?",จริงสิ ฉันได้ยินว่าคุณมาไม่ได้ เพราะอาการบาดเจ็บที่ไหล่ ไม่ใช่หรอกเหรอคะ?,"A propósito, me disseram que você ficaria de fora por causa da lesão no ombro."
,,,이영섭,,1_기본,,,아무래도 저 녀석만 보내는 게 도저히 불안해서. 내버려 두면 사고를 칠 것 같았거든.,I just didn't feel comfortable sending her here on her own. I was worried she'd cause trouble.,どうしてもあいつだけを行かせるのが不安でな。放っておけば何かやらかしそうだったから。,因为实在放心不下那丫头一个人来。放着不管的话，指不定会惹出什么乱子。,因為實在放心不下讓她一個人來。要是不盯著，肯定會惹出什麼麻煩的。,"Не хотел отпускать ее одну. Чувствовал, что <txt:bold,2><txt:color,orange>Хаын</txt:color></txt:bold> что-то натворит.",Saya cuma tak sedap hati biarkan dia ke sini tanpa saya. Risau dia timbulkan masalah.,Dù sao tôi cũng thấy quá bất an khi chỉ để con bé đó đến. Có vẻ em ấy sẽ gây chuyện.,"La verdad, no podía quedarme tranquilo mandando a <txt:bold,2><txt:color,orange>Haeun</txt:color></txt:bold> sola. Si la dejaba sin supervisión, sentía que iba a causar problemas.",Aku tidak bisa tenang kalau membiarkan anak itu datang sendirian. Aku merasa dia pasti akan membuat masalah.,ยังไงฉันก็ไม่สบายใจที่จะปล่อยให้ยัยนั่นมาคนเดียวน่ะ เพราะรู้สึกว่าถ้าปล่อยไว้ล่ะก็ คงจะไปก่อเรื่องเข้าแน่ๆ,"Pra ser sincero, fiquei preocupado em deixá-la vir sozinha. Tive a sensação de que poderia fazer alguma besteira."
,,,이영섭,,1_기본,,,"오늘 뛸 수 있을지는 모르겠지만, 만약 코트에 서게 된다면 최선을 다할게.","I'm not sure if I'll be able to play today, but if I do, I'll do my best.",今日プレーできるかは分からないが、もしコートに立つことになれば全力を尽くすよ。,虽然不知道今天能不能上场，但如果站上球场，我一定会全力以赴的。,雖然不知道今天能不能上場，但如果有機會站上球場，我一定會全力以赴。,"Не уверен, что буду играть сегодня. Но если придется, то выложусь на полную.","Saya tak pasti boleh main hari ni, tapi jika ya, saya akan buat yang terbaik.","Tôi không biết hôm nay có thể thi đấu hay không, nhưng nếu được đứng trên sân, tôi sẽ dốc hết sức.","No sé si podré jugar hoy, pero si llego a entrar a la cancha, daré lo mejor de mí.","Aku sendiri belum tahu apakah hari ini bisa bermain. Tapi kalau aku bermain, maka aku akan bertanding sebaik mungkin.",ถึงไม่รู้ว่าวันนี้จะลงเล่นได้รึเปล่า แต่ถ้าได้ไปยืนอยู่บนสนามก็จะทำให้เต็มที่เลยล่ะ,"Não sei se vou poder jogar hoje, mas, se entrar em quadra, darei o meu melhor."
,,,이영섭,,1_무표정,,,잘 부탁한다. 기대할게.,"I look forward to the match, either way.",よろしく頼む。期待してるぞ。,请多指教，我很期待这场比赛。,請多指教，期待你的表現。,Удачи. Буду ждать твой матч.,"Apapun, tak sabar tunggu perlawanan tu.",Thi đấu hết mình nhé. Tôi rất mong chờ đấy.,Estaré esperando mucho de ti.,Mari bertanding dengan baik. Aku menantikannya.,ฝากตัวด้วยนะ ฉันจะตั้งตารอ,Conto com você. Tô ansioso pra ver o que consegue fazer.
,,,백시우,,1_웃음,,,"하핫, 네! 열심히 하겠습니다!!","Haha, thanks! I'll do my best, too!",ははっ、はい！全力で頑張ります！！,哈哈，好的！我会努力的！！,哈哈，好的！我會努力的！！,Д-да! Я постараюсь!,"Haha, terima kasih! Saya juga akan buat yang terbaik!","Ha ha, vâng! Em sẽ cố gắng hết sức!!","¡Jaja, sí! ¡Daré lo mejor de mí!","Haha, iya! Saya akan berusaha sebaik mungkin!!",ฮะฮะ ครับ! ผมจะพยายามเต็มที่เลย!!,Pode deixar! Vou dar o meu melhor!
,,,이영섭,,1_기본,,,"그래, 그럼 이만.",Cool. See you around.,ああ、それじゃあな。,嗯，那赛场见。,嗯，那我先走了。,До скорого.,Bagus. Jumpa lagi nanti.,"Ừ, vậy tôi xin phép.","De acuerdo. Entonces, nos vemos.","Kalau begitu, aku pergi dulu.",อืม ถ้างั้นฉันขอตัวก่อนล่ะ,"Muito bem, então vou indo."
,,,TAG,,,,,"<cha:pos,이영섭,4><cha:pos,백시우,2><cha:pos,정다희,-2>","<cha:pos,이영섭,4><cha:pos,백시우,2><cha:pos,정다희,-2>","<cha:pos,이영섭,4><cha:pos,백시우,2><cha:pos,정다희,-2>","<cha:pos,이영섭,4><cha:pos,백시우,2><cha:pos,정다희,-2>","<cha:pos,이영섭,4><cha:pos,백시우,2><cha:pos,정다희,-2>","<cha:pos,이영섭,4><cha:pos,백시우,2><cha:pos,정다희,-2>","<cha:pos,이영섭,4><cha:pos,백시우,2><cha:pos,정다희,-2>","<cha:pos,이영섭,4><cha:pos,백시우,2><cha:pos,정다희,-2>","<cha:pos,이영섭,4><cha:pos,백시우,2><cha:pos,정다희,-2>","<cha:pos,이영섭,4><cha:pos,백시우,2><cha:pos,정다희,-2>","<cha:pos,이영섭,4><cha:pos,백시우,2><cha:pos,정다희,-2>","<cha:pos,이영섭,4><cha:pos,백시우,2><cha:pos,정다희,-2>"
,,,백시우,,2_놀람,,,"후우... <wrt:wait,25>폭풍이 지나간 것 같네.","Phew... <wrt:wait,25>That was a lot.","ふぅ‥<wrt:wait,25>嵐が過ぎ去ったみたいだな。","呼‥<wrt:wait,25>感觉就像暴风雨刮过一样。","呼‥<wrt:wait,25>這場風波總算過去了。","Ох... <wrt:wait,25>Ну и сцена сейчас была.","Fuh... <wrt:wait,25>Macam baru lepas ribut.","Phù... <wrt:wait,25>Cứ như vừa có cơn bão quét qua vậy.","Fuu... <wrt:wait,25>Siento como si hubiese pasado un torbellino.","Fiuh... <wrt:wait,25>Rasanya seperti badai baru saja lewat.","ฮู้ว... <wrt:wait,25>เหมือนพายุจะผ่านพ้นไปแล้วนะ","Ufa... <wrt:wait,25>parece que já passou o pior."
,,,정다희,,1_쿨쿨,pause,,...,...,‥,‥,‥,...,...,...,...,...,...,...
,,,백시우,,1_기본,,,응?,Huh?,え？,嗯？,嗯？,М?,Apa?,Hả?,¿Eh?,Hmm?,หืม?,Hã?
,,,정다희,,1_쿨쿨,pause,,"...<wrt:wait,25>옛날엔 저런 애가 아니었는데...","...<wrt:wait,25>She wasn't always like that...","‥<wrt:wait,25>昔はあんな子じゃなかったのに‥","‥<wrt:wait,25>她以前不是这样的啊‥","‥<wrt:wait,25>她以前不是那樣的啊‥","...<wrt:wait,25>Раньше она была другой.","...<wrt:wait,25>Dulu dia bukan macam itu...","...<wrt:wait,25>Ngày xưa cậu ấy đâu phải người như vậy...","... <wrt:wait,25>Ella no era así antes...","...<wrt:wait,25>Padahal dulu dia tidak seperti itu.","...<wrt:wait,25>เมื่อก่อนเธอไม่ใช่คนแบบนั้นเลยแท้ๆ...","Hum... <wrt:wait,25>Ela não era assim antigamente..."
,,,백시우,,1_무표정,,,"<txt:color,grey>(...<txt:bold,2>다희</txt:bold>야.)</txt:color>","<txt:color,grey>(...<txt:bold,2>Dahee</txt:bold>.)</txt:color>","<txt:color,grey>(‥<txt:bold,2>夏希</txt:bold>)</txt:color>","<txt:color,grey>(‥<txt:bold,2>多熙</txt:bold>啊。)</txt:color>","<txt:color,grey>(‥<txt:bold,2>多熙</txt:bold>。)</txt:color>","<txt:color,grey>(<txt:bold,2>Дахи</txt:bold>...)</txt:color>","<txt:color,grey>(...<txt:bold,2>Dahee</txt:bold>.)</txt:color>","<txt:color,grey>(...<txt:bold,2>Dahee</txt:bold>.)</txt:color>","<txt:color,grey>(<txt:bold,2>Dahee</txt:bold>...)</txt:color>","<txt:color,grey>(...<txt:bold,2>Dahee</txt:bold>.)</txt:color>","<txt:color,grey>(...<txt:bold,2>ดาฮี</txt:bold>)</txt:color>","<txt:color,grey>(<txt:bold,2>Dahee</txt:bold>.)</txt:color>"
,,,정다희,,2_어머,,exclam,"앗.... <wrt:wait,25>미안!! 분위기가 무거워졌네!","Oh... <wrt:wait,25>Sorry! I made things too serious.","あっ‥<wrt:wait,25>ごめん！！空気重くなっちゃったね！","啊‥<wrt:wait,25>抱歉！！气氛变得太沉重了！","啊‥<wrt:wait,25>抱歉！！氣氛變得太沉重了！","Ой... <wrt:wait,25>Прости! Что-то взгрустнулось.","Ah... <wrt:wait,25>Maaf!! Dah jadi muram pula suasananya!","A.... <wrt:wait,25>Xin lỗi!! Bầu không khí trở nên nặng nề quá rồi!","Ay... <wrt:wait,25>¡Perdón! El ambiente se puso demasiado tenso.","Ah.... <wrt:wait,25>Maaf!! Suasananya jadi suram, ya!","อ๊ะ.... <wrt:wait,25>ขอโทษที!! บรรยากาศอึมครึมเกินไปแล้วแฮะ!","Ah... <wrt:wait,25>Desculpa! O clima ficou pesado demais!"
,,,정다희,,1_기본,,,"일단! 경기에 집중하자! 오늘 친선 경기 상대는 <txt:bold,2>지산고</txt:bold>야!","First things first! Let's focus on today's match! Today's friendly match will be against <txt:bold,2>Jisan High</txt:bold>!","とりあえず！試合に集中しよう！今日の練習試合の相手は<txt:bold,2>芝山高校</txt:bold>よ！","总之！我们集中精神在比赛上吧！今天友谊赛的对手是<txt:bold,2>智山高中</txt:bold>！","總之！我們專心準備比賽吧！今天的友誼賽對手是<txt:bold,2>智山高中</txt:bold>！","Так! Сосредоточимся на матче со школой <txt:bold,2>«Чжисан»</txt:bold>!","Pertama sekali! Mari fokus perlawanan hari ni! Perlawanan persahabatan hari ni akan menentang <txt:bold,2>Jisan High</txt:bold>!","Trước hết hãy tập trung vào trận đấu thôi! Đối thủ giao hữu hôm nay là <txt:bold,2>Trường THPT Jisan</txt:bold>!","¡En fin! ¡Concentrémonos en el partido! ¡El equipo rival del amistoso de hoy es de la <txt:bold,2>Escuela Jisan</txt:bold>!","Kalau begitu! Mari kita fokus ke pertandingan! Lawan pertandingan persahabatan kita hari ini adalah <txt:bold,2>SMA Jisan</txt:bold>!","เอาเป็นว่า! มาโฟกัสกับการแข่งกันก่อนดีกว่า! คู่แข่งแมตช์กระชับมิตรวันนี้ก็คือ<txt:bold,2>มัธยมจีซัน</txt:bold>!","Mas vamos focar no jogo! Nosso adversário de hoje é o <txt:bold,2>Colégio Jisan</txt:bold>!"
,,,정다희,,1_기본,,,내가 줄곧 귀에 딱지가 앉도록 설명했으니까 기억하고 있지?,"I explained their background so often, I'm sure you all remember.",耳にタコができるくらい私が説明したんだから、覚えてるよね？,我之前都讲得你们耳朵起茧子了，还记得吧？,關於他們，我已經說到你們耳朵都快長繭了，應該還記得吧？,"Ты помнишь, что я про них говорила?","Saya selalu terangkan latar belakang mereka, saya pasti kamu semua ingat.","Tôi đã giải thích đến mức cậu nghe phát ngán rồi, nên chắc cậu vẫn nhớ đúng không?","Te lo repetí hasta el cansancio, así que lo recuerdas, ¿verdad?","Aku sudah berkali-kali menjelaskan sampai telingamu hampir berjamur, jadi pasti masih ingat, kan?",ฉันอธิบายให้นายฟังมาตลอดจนหูแทบจะชาแล้ว จำได้อยู่ใช่ไหม?,Já falei tanto disso que vocês devem se lembrar.
,,,정다희,,1_기본,,,"배구로는 워낙 정평이 난 명문 학교인 데다, 요 몇 년간 우리 지역 배구 대회에서 항상 우승을 차지했던 괴물 같은 학교야.",They're a prestigious school that's known for their volleyball team. And that formidable team has been winning the regional volleyball tournaments for the last few years.,バレーではかなり名の知れた名門校だし、ここ数年、この地区の大会でずっと優勝をかっさらってるバケモノみたいな学校なの。,他们不仅是排球界的传统名校，更是这几年在我们地区排球大赛中蝉联冠军的怪物高中。,他們可是排球界赫赫有名的強校，這幾年還連續拿到了地區排球大賽的冠軍，實力強得跟怪物沒兩樣。,Эта школа славится волейболом. Последние несколько лет они неизменно выигрывают региональный турнир. Просто чудовищно сильная команда.,Mereka sekolah berprestij yang terkenal dengan pasukan bola tampar mereka. Pasukan hebat itu menang kejohanan bola tampar peringkat daerah sejak beberapa tahun lalu.,"Đó là một ngôi trường danh giá trong làng bóng chuyền, đồng thời cũng là đội quái vật đã liên tục vô địch giải khu vực của chúng ta suốt vài năm gần đây.","Es una escuela prestigiosa muy reconocida por su equipo de voleibol, y un rival monstruoso que lleva años ganando el torneo de nuestra región.",Mereka memang sekolah yang sudah lama terkenal kehebatannya dalam bola voli. Dan beberapa tahun terakhir juga selalu menjadi juara di Turnamen Regional.,เดิมทีก็เป็นโรงเรียนชื่อดังด้านวอลเลย์บอลอยู่แล้ว แถมช่วงไม่กี่ปีมานี้ ยังเป็นโรงเรียนปีศาจที่ครองแชมป์ในทัวร์นาเมนต์วอลเลย์บอลระดับท้องถิ่นของเรามาตลอด,Eles sempre foram uma potência no vôlei e levaram todos os títulos regionais nos últimos anos.
,,,정다희,,1_웃음,,,"어려운 상대인 건 맞지만, 그만큼 얻어갈 것도 많을 거야. 힘내자, 우리!!","They're definitely not an easy opponent, but that just means we'll have a lot to learn from the experience. So let's give it our best!",手強い相手なのは間違いないけど、その分得られるものも多いはずよ。頑張ろうね！！,虽然对手很强，但我们也能从中学到很多东西。大家加油！！,雖然對手很難纏，但也一定能從中學到很多東西。我們一起加油吧！！,"Соперник серьезный, зато у них можно многому научиться. Вперед!","Pasti mereka bukan lawan yang mudah, tapi banyak yang kita boleh belajar daripada pengalaman ini. Jadi, mari kita buat yang terbaik!","Đúng là đối thủ khó nhằn, nhưng cũng vì vậy mà chúng ta sẽ rút ra được rất nhiều kinh nghiệm. Cùng cố lên nhé!!","Es verdad que será un rival difícil, pero también podremos aprender mucho de este partido. ¡Así que a dar lo mejor de nosotros!","Lawan kita memang sangat tangguh. Tapi justru karena itu, kita juga bisa belajar banyak. Ayo semangat!!",ถึงจะเป็นคู่แข่งที่โหดก็จริง แต่ก็จะได้อะไรกลับไปเยอะแหละ สู้ๆ นะพวกเรา!!,"Não será fácil, mas temos muito a ganhar com essa experiência! Então, vamos com tudo!"
,,,백시우,,1_결연,,,...응! 열심히 해 볼게!,...Yeah! I'll do my best.,‥うん！頑張ってみるよ！,‥嗯！我会努力的！,‥好！我們會全力以赴的！,Выложусь на полную!,...Ya! Saya akan buat yang terbaik.,...Được! Tôi sẽ cố gắng!,¡Sí! ¡Me esforzaré al máximo!,...Iya! Aku akan berusaha sebaik mungkin!,...อื้ม! ฉันจะลองพยายามให้เต็มที่เลย!,Certo! Vou dar o meu melhor!
5,경기 전(퍼펫),#,TAG,,,,,"<puppet:set_player,13,이영섭><puppet:set_player,5,신하은><puppet:set_camera_follow_player,true>","<puppet:set_player,13,이영섭><puppet:set_player,5,신하은><puppet:set_camera_follow_player,true>","<puppet:set_player,13,이영섭><puppet:set_player,5,신하은><puppet:set_camera_follow_player,true>","<puppet:set_player,13,이영섭><puppet:set_player,5,신하은><puppet:set_camera_follow_player,true>","<puppet:set_player,13,이영섭><puppet:set_player,5,신하은><puppet:set_camera_follow_player,true>","<puppet:set_player,13,이영섭><puppet:set_player,5,신하은><puppet:set_camera_follow_player,true>","<puppet:set_player,13,이영섭><puppet:set_player,5,신하은><puppet:set_camera_follow_player,true>","<puppet:set_player,13,이영섭><puppet:set_player,5,신하은><puppet:set_camera_follow_player,true>","<puppet:set_player,13,이영섭><puppet:set_player,5,신하은><puppet:set_camera_follow_player,true>","<puppet:set_player,13,이영섭><puppet:set_player,5,신하은><puppet:set_camera_follow_player,true>","<puppet:set_player,13,이영섭><puppet:set_player,5,신하은><puppet:set_camera_follow_player,true>","<puppet:set_player,13,이영섭><puppet:set_player,5,신하은><puppet:set_camera_follow_player,true>"
,,,신하은,,,,,"<puppet:wait_frame,420>저 12번, 쟨 대체 뭐야!","<puppet:wait_frame,420>What's with that number 12?","<puppet:wait_frame,420>あの12番、いったい何なの！","<puppet:wait_frame,420>那个12号，到底是什么来头！","<puppet:wait_frame,420>那個12號，他到底是何方神聖啊！","<puppet:wait_frame,420>Кто этот игрок под номером 12?","<puppet:wait_frame,420>Ada apa dengan pemain nombor 12 tu?","<puppet:wait_frame,420>Số 12 kia, rốt cuộc là ai vậy?","<puppet:wait_frame,420>¡Ese número 12! ¡¿De dónde rayos salió?!","<puppet:wait_frame,420>Siapa sih nomor 12 itu!","<puppet:wait_frame,420>เบอร์ 12 นั่นมันอะไรเนี่ย!","<puppet:wait_frame,420>Quem diabos é o número 12?!"
,,,신하은,,,,,어디서 갑자기 튀어나와서 저렇게 잘하는 거야?,"Where'd he even come from, playing that well?",どっから急に現れて、しかもあんなに強いわけー！,从哪儿冒出来的家伙，怎么打得这么好？,到底從哪裡突然冒出來的，居然打得那麼好？,Откуда он взялся и почему так хорош?!,"Bagus betul dia main, dari mana dia datang?",Tự nhiên từ đâu xuất hiện mà chơi hay thế?,¿Cómo apareció de la nada y juega tan bien?,Tiba-tiba muncul dari mana sih dia? Jago sekali dia bermain!,จู่ๆ ก็โผล่มาจากไหน ทำไมถึงเล่นเก่งขนาดนั้นกัน?,Ele apareceu do nada... Como pode ser tão bom assim?
,,,신하은,,,,,2군 선수만으로는 이 경기 어려울 것 같은데...,Just the reserves aren't going to cut it in this match...,2軍の選手だけじゃ、この試合キツそうなんだけどぉ‥,光靠二队的选手，这场比赛恐怕有点悬了‥,光靠二軍選手，這場比賽恐怕很難贏啊‥,Запасным составом мы у них не выиграем...,Setakat pemain simpanan mana mampu nak melawan dalam perlawanan ni...,Chỉ với đội hình dự bị thì trận này có vẻ khó rồi...,"Con puros suplentes, no creo que podamos con este partido...",Sepertinya pertandingan ini tidak bisa dimenangkan hanya dengan pemain cadangan...,แมตช์นี้น่าจะยากแล้วแฮะ ถ้าใช้แค่นักกีฬาทีมสำรอง...,Vai ser difícil só com o time reserva...
,,,신하은,,,,,"<puppet:wait_frame,710>짜증 나. 저런 애가 왜 여태까지 안 알려져 있었던 거냐고!","<puppet:wait_frame,710>So annoying. How has a kid like that stayed off the radar until now?!","<puppet:wait_frame,710>ムカつく！あんな子、何で今まで誰も知らなかったわけ！","<puppet:wait_frame,710>真烦人。那种家伙怎么到现在都籍籍无名啊！","<puppet:wait_frame,710>真煩，那種傢伙為什麼到現在都默默無聞啊！","<puppet:wait_frame,710>Вот же бесит. Почему о нем никто не слышал?","<puppet:wait_frame,710>Geram betul. Macam mana budak macam tu boleh terlepas daripada radar sampai sekarang?!","<puppet:wait_frame,710>Bực thật. Chơi hay vậy mà sao trước giờ chẳng ai biết đến chứ!","<puppet:wait_frame,710>Qué fastidio. ¡¿Por qué nadie sabía de alguien así hasta ahora?!","<puppet:wait_frame,710>Menyebalkan. Kenapa pemain sehebat itu sama sekali tidak terkenal?!","<puppet:wait_frame,710>หงุดหงิดชะมัด คนแบบนั้นทำไมถึงไม่เป็นที่รู้จักมาก่อนเลย!","<puppet:wait_frame,710>Que saco! Como é que ninguém sabia da existência dele até agora?"
,,,이영섭,,,,,다음 세트는 내가 나갈게.,I'll go in next set.,次のセットは俺が出る。,下一局我上。,下一局換我上場。,В следующем сете выйду я.,Saya akan masuk set seterusnya.,Set tới để tôi ra sân.,Entraré en el próximo set.,Aku akan turun di set berikutnya.,เซ็ตหน้าฉันจะลงสนามเอง,Eu entro no próximo set.
,,,신하은,,,,,"선배? ...뭐야, 그럴 필요 없어. 그래 봐야 친선 경기잖아.","What? There's no need for that, <txt:bold,2><txt:color,orange>Yongsup</txt:color></txt:bold>. It's just a friendly match.",先輩？‥なによ、そんな必要ないってば。どうせただの練習試合じゃん？,前辈？‥搞什么，没必要吧。说到底不过是一场友谊赛而已。,前輩？‥幹嘛啦，沒必要吧。說到底這不過是場友誼賽啊。,"<txt:bold,2><txt:color,orange>Ёнсоб</txt:color></txt:bold>? Не надо. Это всего лишь товарищеский матч.","Apa? Tak perlu pun semua tu, <txt:bold,2><txt:color,orange>Yongsup</txt:color></txt:bold>. Perlawanan persahabatan je pun.",Anh? ...Không cần đâu. Dù sao cũng chỉ là trận giao hữu mà.,"¿Tú...? No hace falta. Después de todo, solo es un partido amistoso.","Senior? ...Tidak, tidak perlu sampai begitu. Ini kan hanya pertandingan persahabatan saja.",รุ่นพี่? ...อะไรกัน ไม่จำเป็นหรอกน่า ยังไงนี่มันก็แค่แมตช์กระชับมิตรนะ,Você? Não precisa. É só um amistoso.
,,,이영섭,,,,,여기서 지면 팀 분위기가 망가져.,A loss here would tank team morale.,ここで負けたら、チームの雰囲気が悪くなるだろ。,如果在这里输了，球队的士气会受挫的。,在這裡輸掉的話，球隊的士氣會受影響的。,"Если проиграем, то команда падет духом.","Kalau kalah, moral pasukan akan jatuh.","Nếu thua ở đây, tinh thần cả đội sẽ tụt dốc mất.","Si perdemos, la moral del equipo se va a venir abajo.","Kalau kita kalah di sini, suasana tim bakal hancur.",ถ้าแพ้ตรงนี้ บรรยากาศในทีมคงเสียหมด,"Se a gente perder, o moral do time vai lá pra baixo."
,,,신하은,,,,,그치만...!,But...!,でも‥！,可是‥！,可是‥！,Но ведь...,Tapi...!,Nhưng mà...!,¡Pero...!,Tapi...!,แต่ว่า...!,Mas...
,,,이영섭,,,,,15분.,Fifteen minutes.,15分。,15分钟。,15分鐘。,Пятнадцать минут.,Lima belas minit.,15 phút.,15 minutos.,15 menit.,15 นาที,Me dá 15 minutos.
,,,이영섭,,,,,딱 15분만 뛸게.,Just fifteen. No more.,15分だけ出る。,我只打15分钟。,我只打15分鐘。,Я выйду всего на пятнадцать минут.,Lima belas minit saja. Tak lebih.,Tôi chỉ ra sân đúng 15 phút thôi.,Solo jugaré 15 minutos.,Aku hanya akan main 15 menit saja.,ฉันจะลงเล่นแค่ 15 นาทีเท่านั้น,Só preciso de 15 minutinhos.
,,,이영섭,,,,,그 정도면 뒤집을 수 있어.,That's enough to turn this around.,それだけあれば、充分に逆転できる。,这些时间足够逆转了。,這樣就足以逆轉局勢了。,Этого хватит для победы.,Itu dah cukup untuk ubah semua ni.,Chừng đó là đủ để lật ngược thế trận rồi.,Con eso basta para darle vuelta al partido.,Itu saja sudah cukup untuk membalikkan keadaan.,แค่นั้นก็พลิกเกมได้แล้วล่ะ,É mais do que suficiente pra virar esse jogo.
,,,신하은,,,,,"...하, 정말. 감독님이 화내도 몰라.",Ugh... fine. Don't blame me if Coach loses it.,‥はぁ、もう。監督に怒られても知らないからね。,‥哈，真是的。要是教练发火我可不管啊。,‥哈，真是的。要是教練生氣我可不管喔。,Дело твое... Но тренер будет злиться.,Baik. Jangan salahkan saya kalau Jurulatih mengamuk nanti.,"...Ha, thật tình. Huấn luyện viên có nổi giận thì em không biết đâu đấy.","Ay, yo no me hago responsable si el entrenador se enoja.","...Hah, aduh. Jangan salahkan aku kalau nanti pelatih marah.",...เฮ้อ จริงๆ เลยนะ ถ้าโค้ชโกรธฉันไม่รู้ด้วยล่ะ,"Ah, fala sério... Se o treinador ficar bravo, a culpa não é minha."
,경기 중간(퍼펫),#,ROOM,,,,,"PUPPET,14",,,,,,,,,,,
,,,TAG,,,,,"<puppet:set_camera_follow_player,false><puppet:set_player,15,백시우><puppet:set_player,14,교감 선생님>","<puppet:set_camera_follow_player,false><puppet:set_player,15,백시우><puppet:set_player,14,교감 선생님>","<puppet:set_camera_follow_player,false><puppet:set_player,15,백시우><puppet:set_player,14,교감 선생님>","<puppet:set_camera_follow_player,false><puppet:set_player,15,백시우><puppet:set_player,14,교감 선생님>","<puppet:set_camera_follow_player,false><puppet:set_player,15,백시우><puppet:set_player,14,교감 선생님>","<puppet:set_camera_follow_player,false><puppet:set_player,15,백시우><puppet:set_player,14,교감 선생님>","<puppet:set_camera_follow_player,false><puppet:set_player,15,백시우><puppet:set_player,14,교감 선생님>","<puppet:set_camera_follow_player,false><puppet:set_player,15,백시우><puppet:set_player,14,교감 선생님>","<puppet:set_camera_follow_player,false><puppet:set_player,15,백시우><puppet:set_player,14,교감 선생님>","<puppet:set_camera_follow_player,false><puppet:set_player,15,백시우><puppet:set_player,14,교감 선생님>","<puppet:set_camera_follow_player,false><puppet:set_player,15,백시우><puppet:set_player,14,교감 선생님>","<puppet:set_camera_follow_player,false><puppet:set_player,15,백시우><puppet:set_player,14,교감 선생님>"
,,,교감 선생님,,,,,"<sys:bgm,BGM_TOPSY_TURVY> <puppet:wait_frame,480>배구부, 배구부! 당장 연습 멈춰!<scr:noskip><scr:timer,300>","<sys:bgm,BGM_TOPSY_TURVY><puppet:wait_frame,480>Volleyball team! Volleyball team! Stop practice right this instant!<scr:noskip><scr:timer,300>","<sys:bgm,BGM_TOPSY_TURVY><puppet:wait_frame,480>バレー部、バレー部！今すぐ試合をやめなさい！<scr:noskip><scr:timer,300>","<sys:bgm,BGM_TOPSY_TURVY><puppet:wait_frame,480>排球部，排球部！马上停止训练！<scr:noskip><scr:timer,300>","<sys:bgm,BGM_TOPSY_TURVY><puppet:wait_frame,480>排球部，排球部！馬上停止練習！<scr:noskip><scr:timer,300>","<sys:bgm,BGM_TOPSY_TURVY><puppet:wait_frame,480>Волейбольный клуб! Немедленно прекратите тренировку!<scr:noskip><scr:timer,300>","<sys:bgm,BGM_TOPSY_TURVY><puppet:wait_frame,480>Pasukan bola tampar! Berhenti berlatih sekarang juga!<scr:noskip><scr:timer,300>","<sys:bgm,BGM_TOPSY_TURVY><puppet:wait_frame,480>CLB Bóng Chuyền, CLB Bóng Chuyền! Dừng tập ngay!<scr:noskip><scr:timer,300>","<sys:bgm,BGM_TOPSY_TURVY><puppet:wait_frame,480>¡Club de voleibol, club de voleibol! ¡Detengan la práctica ahora mismo!<scr:noskip><scr:timer,300>","<sys:bgm,BGM_TOPSY_TURVY><puppet:wait_frame,480>Anak-anak klub bola voli! Hentikan latihan sekarang!<scr:noskip><scr:timer,300>","<sys:bgm,BGM_TOPSY_TURVY><puppet:wait_frame,480>ชมรมวอลเลย์บอล ชมรมวอลเลย์บอล! หยุดซ้อมเดี๋ยวนี้!<scr:noskip><scr:timer,300>","<sys:bgm,BGM_TOPSY_TURVY><puppet:wait_frame,480>Pessoal do vôlei! Parem o treino agora!<scr:noskip><scr:timer,300>"
,,,백시우,,,,,"<puppet:set_camera_follow_player,true>선생님, 갑자기 무슨 일이세요?","<puppet:set_camera_follow_player,true>Sir? What's this all about?","<puppet:set_camera_follow_player,true>先生、急にどうしたんですか？","<puppet:set_camera_follow_player,true>老师，突然这是怎么了？","<puppet:set_camera_follow_player,true>老師，怎麼了嗎？","<puppet:set_camera_follow_player,true>Здравствуйте. Что-то не так?","<puppet:set_camera_follow_player,true>Cikgu, tiba-tiba ada apa ini?","<puppet:set_camera_follow_player,true>Thầy ơi, tự nhiên có chuyện gì vậy ạ?","<puppet:set_camera_follow_player,true>¿Qué sucede, profesor? ¿Por qué tan de repente?","<puppet:set_camera_follow_player,true>Pak, tiba-tiba ada apa?","<puppet:set_camera_follow_player,true>มีเรื่องอะไรเหรอครับครู?","<puppet:set_camera_follow_player,true>Professor, aconteceu alguma coisa?"
,,,교감 선생님,,,,,"<puppet:wait_frame,700>너희 이거 허락받고 경기하고 있는 거야?","<puppet:wait_frame,700>Do you kids have permission to be playing here?","<puppet:wait_frame,700>君たち、これ許可は取って試合してるのか？","<puppet:wait_frame,700>你们在这里比赛，得到批准了吗？","<puppet:wait_frame,700>你們在這裡比賽有經過同意嗎？","<puppet:wait_frame,700>У вас есть разрешение здесь играть?","<puppet:wait_frame,700>Kamu dapat kebenaran untuk bermain di sini?","<puppet:wait_frame,700>Các em đang thi đấu khi chưa được cho phép à?","<puppet:wait_frame,700>¿Quién les autorizó a jugar este partido?","<puppet:wait_frame,700>Kalian sudah minta izin untuk bertanding?","<puppet:wait_frame,700>ที่พวกเธอกำลังแข่งกันอยู่นี่น่ะ ได้รับอนุญาตแล้วเหรอ?","<puppet:wait_frame,700>Vocês têm autorização pra usar a quadra?"
,,,백시우,,,,,네? 저번에 분명히 말씀드리고 허락까지 받았잖아요.,Huh? We definitely got permission from you last time.,えっ？この前、ちゃんとお話しして許可ももらったじゃないですか。,啊？上次我们明明已经向您汇报过，并且拿到批准了啊。,咦？我們上次明明就報告過，老師也答應了啊。,"Да, мы заранее все согласовали и получили разрешение.",Apa? Kami memang dapat kebenaran Tuan sebelum ni.,Dạ? Lần trước rõ ràng tụi em đã báo và được cho phép rồi mà ạ.,¿Eh? Pero si la otra vez se lo dijimos y hasta nos dio permiso.,Eh? Bukannya kami sudah memberi tahu dan mendapat izin sebelumnya?,ครับ? ครั้งก่อนพวกเราแจ้งให้ทราบ แล้วก็ได้รับอนุญาตแล้วด้วยนะครับ,Oi? A gente avisou com antecedência e recebeu autorização.
,,,교감 선생님,,,,,"...아, 아무튼!! 지금 그게 문제야? 곧 교장 선생님의 트럼펫 솔로 연습 시간이라고!","Oh...?! Anyway, that's not the point! It's almost time for the principal's trumpet solo practice!",‥と、とにかく！！今はそんなこと、どうでもいい！もうすぐ校長先生のトランペットソロの練習時間なんだぞ！,‥啊，总之！！现在是纠结那个的时候吗？马上就到校长练习小号独奏的时间了！,‥哎，總之！！現在那是重點嗎？馬上就是校長練習小喇叭獨奏的時間了！,"Ой, неважно! Директор сейчас придет сюда репетировать свою игру на трубе.","Oh...?! Apapun, bukan itu isunya! Sekarang hampir masa untuk latihan solo trompet pengetua!",...Bây giờ chuyện đó quan trọng sao? Sắp đến giờ tập solo kèn trumpet của thầy hiệu trưởng rồi đấy!,"¡Ah, como sea! ¿Crees que eso importa ahora? ¡Ya casi es hora de la práctica del solo de trompeta del director!",...P-pokoknya!! Bukan itu masalahnya sekarang! Sebentar lagi waktunya latihan solo trompet pak Kepala Sekolah!,...เอ่อ ยังไงก็เถอะ!! ตอนนี้เรื่องนั้นไม่ใช่ปัญหาสักหน่อย ใกล้ถึงเวลาซ้อมเดี่ยวทรัมเป็ตของผู้อำนวยการแล้วนะ!,"Ah, tanto faz! O importante é que o ensaio solo de trompete do diretor vai começar!"
,,,교감 선생님,,,,,전국 교장 선생님 교류 대회가 코앞인 거 몰라?!,Don't you know the National Principals' Convention is right around the corner?!,全国校長先生交流大会が、目前に迫ってるのが分からんのか！？,你们不知道“全国校长交流大会”马上就要举行了吗？！,全國校長交流大賽已經迫在眉睫了，你們不知道嗎？！,"Вы не знаете, что на носу всеобщее первенство школьных директоров?",Kamu tak tahu Konvensyen Pengetua Peringkat Kebangsaan dah tak lama lagi?!,Các em có biết sắp tới có giải giao lưu hiệu trưởng toàn quốc không hả?!,¡¿No saben que el encuentro nacional de directores está a la vuelta de la esquina?!,Apa kalian tidak tahu kalau Turnamen Persahabatan Kepala Sekolah Tingkat Nasional sudah dekat?,ไม่รู้รึไงว่ามหกรรมแลกเปลี่ยนผู้อำนวยการทั่วประเทศใกล้จะมาถึงแล้วน่ะ?!,O Torneio Nacional de Diretores já está chegando! Vocês não sabiam?!
,,,백시우,,,,,...예? 그걸 저희가 어떻게 알아요?!,What...? How were we supposed to know that?!,‥えっ？なにそれ！知らないです！！,‥哈？那种事我们怎么会知道啊？！,‥啊？我們怎麼會知道那種事啊？！,Э-э... Откуда нам об этом знать?,Apa...? Macam mana pula kami boleh tahu?!,...Dạ? Sao tụi em biết chuyện đó được chứ?!,¿Eh? ¡¿Y cómo se supone que nosotros íbamos a saber eso?!,...Eh? Mana kami tahu hal seperti itu?!,...เอ๋? เรื่องนั้นพวกผมจะไปรู้ได้ยังไงล่ะครับ?!,Hã? Como é que a gente ia saber disso?!
,,,백시우,,,,,그리고 그게 저희 경기랑 무슨 상관인데요?,And what does that have to do with our match?,それに、それが今この試合と何の関係があるんですか！？,再说了，这跟我们的比赛有什么关系？,而且那跟我們的比賽有什麼關係？,Как оно связано с волейболом?,Apa kaitan pula dengan perlawanan kami?,Với lại chuyện đó thì liên quan gì đến trận đấu của tụi em ạ?,"Además, ¿qué tiene eso que ver con nuestro partido?",Dan lagi apa hubungannya dengan pertandingan kami?,แล้วอีกอย่าง เรื่องนั้นมันเกี่ยวอะไรกับการแข่งขันของพวกผมเหรอครับ?,E o que isso tem a ver com a nossa partida?
,,,교감 선생님,,,,,상관이 아주 많지!! 여기가 대회장이랑 환경이 비슷해서 연습이 잘 된다고 하셨거든!,"Oh it has plenty to do with it! The principal said the setup here is just like the competition venue, perfect for practicing!",大ありだ！！ここが大会会場と環境が似ていて、練習がはかどるっておっしゃってたんだよ！,关系大着呢！！校长说这里的环境和比赛场地很像，在这里练习最有感觉！,關係可大了！！校長說這裡的環境跟比賽會場很像，在這裡練習效果最好！,"А вот как! Этот зал больше всего похож на тот, где будет проходить первенство. И он нужен для репетиции.","Oh, banyak kaitannya! Pengetua kata susunan di sini sama seperti tempat pertandingan, sangat sesuai untuk berlatih!",Liên quan rất nhiều đấy!! Thầy ấy nói chỗ này có bầu không khí giống nơi tổ chức giải nên tập rất hiệu quả!,¡Tiene muchísimo que ver! ¡Dijo que aquí puede practicar mejor porque el ambiente se parece al del evento!,"Tentu saja ada hubungannya!! Beliau bilang bahwa suasana di sini mirip dengan tempat turnamen, jadi cocok untuk latihan!",เกี่ยวมากเลยสิ!! ท่านบอกว่าที่นี่เหมาะกับการซ้อม เพราะสภาพแวดล้อมคล้ายกับสนามแข่งจริง!,Tem tudo a ver! O diretor disse que consegue ensaiar melhor aqui porque o ambiente é parecido com o do torneio!
,,,교감 선생님,,,,,"그러니까 너희들이 양보 좀 해야겠다. 빨리 치우고, 자리 좀 비워!","So you kids will just have to step aside. Pack up and clear out, on the double!",だから君たちが譲りなさい。さっさと片付けて、場所を空けてくれ！,所以只能委屈你们让一让了。赶紧收拾收拾，把场地腾出来！,所以只好委屈你們讓一讓了。快點收拾好，把場地空出來！,Так что заканчивайте и освобождайте помещение!,"Jadi, kamu perlu berundur saja. Berkemas dan keluar sekarang juga!",Vậy nên các em phải nhường chỗ. Mau dọn dẹp rồi ra khỏi đây đi!,"Así que les va a tocar hacerse a un lado. ¡Apúrense, guarden todo y desocupen la cancha!",Oleh karena itu kalian harus mengalah. Jadi cepat bereskan dan kosongkan tempat ini!,เพราะงั้นพวกเธอคงต้องยอมหน่อยแล้วล่ะ รีบเคลียร์พื้นที่เลย!,Então vocês vão ter que desocupar a quadra. Arrumem as coisas e saiam.
,,,백시우,,,,,선생님! 저희 오늘 이거 하려고 다들 멀리서 온 거라서 안 돼요!,Sir! We can't! Everyone came from far away today just to play this match!,先生！俺たち、今日は試合のためにみんな遠くから来てるんですよ。だから譲ることなんて出来ないです！,老师！大家今天都是大老远跑来打这场比赛的，不能让啊！,老師！今天大家為了這場比賽大老遠跑來，您不能這樣啦！,Но сегодня все приехали издалека ради этого матча! Нельзя же просто их прогнать!,Tuan! Mana boleh! Semua datang dari jauh semata-mata untuk bermain perlawanan ni!,"Thầy ơi! Hôm nay mọi người đã cất công từ xa đến đây để thi đấu, nên không được đâu ạ!",¡Profesor! ¡Todos vinieron desde muy lejos solo por este partido!,Pak! Semua sudah datang jauh-jauh untuk pertandingan hari ini. Kami tidak bisa berhenti begitu saja!,ครู! ไม่ได้นะครับ วันนี้ทุกคนมากันตั้งไกลเพื่อจะแข่งแมตช์นี้เลยนะ!,"Professor, não dá! A gente veio de muito longe pra jogar essa partida!"
,,,교감 선생님,,,,,"에잇, 어차피 너희 배구부 그냥 취미로 몇 명 모여서 하는 동아리잖아!","Oh please, your volleyball club is just a handful of kids playing for fun anyway!",ええい、どうせバレー部なんて、何人か集まって趣味でやってるだけのお遊びサークルじゃないか！,哎呀，反正你们排球部不就是几个人凑在一起当兴趣爱好的小社团嘛！,哎呀，反正你們排球部也不過就是幾個人憑興趣湊在一起的社團而已嘛！,Ну-ка хватит! Вы просто любители из школьного кружка.,"Tolonglah, budak-budak kelab bola tampar kamu cuma bermain untuk suka-suka je pun!","Hừ, dù sao CLB Bóng Chuyền của các em cũng chỉ là câu lạc bộ vài người tụ tập chơi cho vui thôi mà!","¡Ay, por favor! Si su club de voleibol no es más que un grupito de aficionados donde se juntan unos cuantos.",Huh! Toh kalian cuma sekelompok anak yang main voli sekadar buat hobi!,ฮึ่ม ยังไงชมรมวอลเลย์บอลของพวกเธอก็แค่ชมรมเล็กๆ ที่รวมตัวกันเล่นเป็นงานอดิเรกไม่กี่คนเองนี่!,"Ah, qual é! Vocês só se reúnem pra brincar de vôlei."
,,,교감 선생님,,,,,빨리 치우고 얼른 나와! 배구는 다른 데 가서 하고!!,"Hurry up, pack up, and get out! Play your volleyball somewhere else!",早く片付けてさっさと出ていきなさい！バレーは他の所でやってくれ！！,赶紧收拾东西出来！打排球去别的地方打！！,快點收拾出來！要打排球去別的地方打！！,Быстро собирайтесь. В волейбол поиграете еще где-нибудь.,Cepat berkemas dan keluar! Main bola tampar di tempat lain!,Mau dọn dẹp rồi ra ngoài đi! Muốn chơi bóng chuyền thì đi chỗ khác mà chơi!!,¡Recojan todo rápido y salgan de una vez! ¡Vayan a jugar a otro lado!,"Cepat bereskan barang-barang kalian dan keluar! Kalau mau main bola voli, cari tempat lain saja!",รีบเคลียร์แล้วออกมาซะ! ถ้าจะเล่นวอลเลย์บอลก็ไปเล่นที่อื่นเอา!!,Vamos! Liberem a quadra e vão jogar em outro lugar!
,경기 승리,#,MAP,,,,,대지고 체육관,대지고 체육관,대지고 체육관,대지고 체육관,대지고 체육관,대지고 체육관,대지고 체육관,대지고 체육관,대지고 체육관,대지고 체육관,대지고 체육관,대지고 체육관
,,#,BGM,,,,,BGM_PEACE2,BGM_PEACE2,BGM_PEACE2,BGM_PEACE2,BGM_PEACE2,BGM_PEACE2,BGM_PEACE2,BGM_PEACE2,BGM_PEACE2,BGM_PEACE2,BGM_PEACE2,BGM_PEACE2
,,#,백시우,0,1_기본,,,,,,,,,,,,,,
,,#,정다희,4,1_기본,,,,,,,,,,,,,,
,,#,신하은,4,1_기본,,,,,,,,,,,,,,
,,,백시우,,1_시무룩,pause,,"이런... <txt:bold,2>지산고</txt:bold> 선수들한테 미안해서 어쩌지? 마침 흐름도 저쪽이 가져간 상황이었는데.","Oh no... I feel bad for the <txt:bold,2>Jisan High</txt:bold> players. They were just getting in the flow.","まいったな‥<txt:bold,2>芝山高校</txt:bold>の選手たちに悪いことしちゃった。ちょうど流れもあっちのペースになってたところだったのに。","这下怎么办‥真是对不起<txt:bold,2>智山高中</txt:bold>的选手们，明明他们刚刚掌握了比赛的节奏。","糟糕‥這樣對<txt:bold,2>智山高中</txt:bold>的選手真不好意思，他們正打出氣勢來了說。","Как неловко перед ребятами из <txt:bold,2>«Чжисан»</txt:bold>. Они только разыгрались.","Aduhai... Kasihan pula dengan pemain <txt:bold,2>Jisan High</txt:bold>. Mereka baru saja nak dapatkan rentak.","Chà... Thấy có lỗi với các tuyển thủ <txt:bold,2>Trường THPT Jisan</txt:bold> quá! Đúng lúc bên đó vừa nắm được thế trận mà.","Vaya... Me siento mal por los jugadores de la <txt:bold,2>Escuela Jisan</txt:bold>. Justo cuando ellos habían tomado el control del partido.","Aduh... jadi tidak enak juga sama atlet-atlet <txt:bold,2>SMA Jisan</txt:bold>. Padahal momentum pertandingan tadi sedang berpihak pada mereka.","โธ่... รู้สึกผิดกับนักกีฬาของ<txt:bold,2>มัธยมจีซัน</txt:bold>จัง แถมตอนนั้นเกมก็กำลังเข้าทางฝั่งนั้นอยู่ด้วย","Poxa... Até me sinto mal pelo <txt:bold,2>Colégio Jisan</txt:bold>. Eles estavam começando a dominar a partida."
,,,백시우,,1_무표정,nervous,,"<txt:color,grey>(그나저나 <txt:bold,2>이영섭</txt:bold> 선수가 코트에 들어온 것만으로 분위기가 바뀌었어.)</txt:color>","<txt:color,grey>(But... The atmosphere completely changed just after <txt:bold,2>Yongsup</txt:bold> set foot on the court.)</txt:color>","<txt:color,grey>(それにしても、<txt:bold,2>佐藤一翔</txt:bold>選手がコートに入っただけで空気がガラッと変わったな)</txt:color>","<txt:color,grey>(话说回来，<txt:bold,2>李英燮</txt:bold>选手一上场，整个赛场的氛围都变了。)</txt:color>","<txt:color,grey>(話說回來，<txt:bold,2>李英燮</txt:bold>選手光是站在場上，整個球場的氣氛都不一樣了。)</txt:color>","<txt:color,grey>(Как только вышел <txt:bold,2>Ли Ёнсоб</txt:bold>, атмосфера сразу поменялась.)</txt:color>","<txt:color,grey>(Tapi... Suasana berubah sama sekali sebaik saja <txt:bold,2>Yongsup</txt:bold> melangkah masuk ke gelanggang.)</txt:color>","<txt:color,grey>(Mà chỉ riêng việc <txt:bold,2>Lee Yeongseob</txt:bold> ra sân thôi cũng đã khiến bầu không khí thay đổi.)</txt:color>","<txt:color,grey>(Por cierto, bastó con que <txt:bold,2>Lee Youngsup</txt:bold> pisara la cancha para que cambiara todo el ambiente).</txt:color>","<txt:color,grey>(Begitu <txt:bold,2>Young Sup Lee</txt:bold> masuk ke lapangan, suasananya langsung berubah.)</txt:color>","<txt:color,grey>(ว่าแต่ แค่นักกีฬา<txt:bold,2>อียองซอบ</txt:bold>เข้ามาในสนาม บรรยากาศก็เปลี่ยนไปเลย)</txt:color>","<txt:color,grey>(Mesmo assim, a atmosfera mudou completamente no instante em que o <txt:bold,2>Youngsup Lee</txt:bold> entrou em quadra.)</txt:color>"
,,,백시우,,1_무표정,nervous,,"<txt:color,grey>(보는 사람도 많고 부담도 장난 아니었을 텐데...)</txt:color>","<txt:color,grey>(There's a lot of eyes, and it must've been huge pressure...)</txt:color>","<txt:color,grey>(見てる人も多いし、プレッシャーも半端なかっただろうに‥)</txt:color>","<txt:color,grey>(现场这么多人看着，压力肯定不小吧‥)</txt:color>","<txt:color,grey>(現場有這麼多觀眾，壓力應該不小吧‥)</txt:color>","<txt:color,grey>(Наверняка на нем огромная ответственность.)</txt:color>","<txt:color,grey>(Banyak mata yang memandang jadi mesti tekanan sangat besar...)</txt:color>","<txt:color,grey>(Có rất nhiều người đang xem, áp lực cũng không hề nhỏ...)</txt:color>","<txt:color,grey>(Había muchísima gente mirando, así que la presión debió ser enorme...)</txt:color>","<txt:color,grey>(Padahal tekanannya pasti luar biasa, apalagi di hadapan penonton sebanyak ini...)</txt:color>","<txt:color,grey>(คนดูก็เยอะ ความกดดันคงไม่ธรรมดาแน่ๆ...)</txt:color>","<txt:color,grey>(Havia tanta gente assistindo... A pressão devia ser enorme.)</txt:color>"
,,,백시우,,1_결연,nervous,,"<txt:color,grey>(이게 진짜 <txt:bold,2>에이스</txt:bold>라는 건가.)</txt:color>","<txt:color,grey>(I guess this is what a true <txt:bold,2>ace</txt:bold> is.)</txt:color>","<txt:color,grey>(これが本物の<txt:bold,2>エース</txt:bold>ってやつか)</txt:color>","<txt:color,grey>(这就是真正的<txt:bold,2>王牌</txt:bold>吗。)</txt:color>","<txt:color,grey>(這就是所謂的<txt:bold,2>王牌</txt:bold>嗎。)</txt:color>","<txt:color,grey>(Настоящий <txt:bold,2>лидер</txt:bold>...)</txt:color>","<txt:color,grey>(Agaknya inilah maksud sebenar <txt:bold,2>pemain handalan</txt:bold>.)</txt:color>","<txt:color,grey>(Đó mới là <txt:bold,2>át chủ bài</txt:bold> thật sự sao.)</txt:color>","<txt:color,grey>(Conque eso es ser un verdadero <txt:bold,2>as</txt:bold>).</txt:color>","<txt:color,grey>(Jadi inikah <txt:bold,2>Ace</txt:bold> yang sesungguhnya?)</txt:color>","<txt:color,grey>(นี่เหรอที่เรียกว่า<txt:bold,2>เอซ</txt:bold>ตัวจริง)</txt:color>","<txt:color,grey>(Então é isso que significa ser um verdadeiro <txt:bold,2>craque</txt:bold>?)</txt:color>"
,,,TAG,,,,,"<cha:pos,백시우,-2><cha:pos,정다희,2>","<cha:pos,백시우,-2><cha:pos,정다희,2>","<cha:pos,백시우,-2><cha:pos,정다희,2>","<cha:pos,백시우,-2><cha:pos,정다희,2>","<cha:pos,백시우,-2><cha:pos,정다희,2>","<cha:pos,백시우,-2><cha:pos,정다희,2>","<cha:pos,백시우,-2><cha:pos,정다희,2>","<cha:pos,백시우,-2><cha:pos,정다희,2>","<cha:pos,백시우,-2><cha:pos,정다희,2>","<cha:pos,백시우,-2><cha:pos,정다희,2>","<cha:pos,백시우,-2><cha:pos,정다희,2>","<cha:pos,백시우,-2><cha:pos,정다희,2>"
,,,정다희,,1_언짢,,,"으으, <txt:bold,2><txt:color,orange>시우</txt:color></txt:bold>야, 고생했어! 그나저나 선생님도 참 너무하시지 않아? <wrt:break>경기를 이렇게 갑자기 끊어버리다니 말이야!","Ugh, good work, <txt:bold,2><txt:color,orange>Siwoo</txt:color></txt:bold>! But that was lame of the teacher... <wrt:break>To stop the match so abruptly like that!","うう、<txt:bold,2><txt:color,orange>新</txt:color></txt:bold>、お疲れ様！それにしても先生、ひどくない？<wrt:break>いきなり試合を終わらせちゃうなんてさ！","呜呜，<txt:bold,2><txt:color,orange>时宇</txt:color></txt:bold>，辛苦了！话说回来，老师也太过分了吧？<wrt:break>居然就这么突然把比赛叫停了！","呼，<txt:bold,2><txt:color,orange>時宇</txt:color></txt:bold>，你辛苦了！不過老師也太過分了吧？<wrt:break>哪有這樣突然喊停的啦！","<txt:bold,2><txt:color,orange>Шиу-у-у</txt:color></txt:bold>, ты молодец! Не могу поверить, <wrt:break>что матч просто взяли и остановили.","Ugh, bagus, <txt:bold,2><txt:color,orange>Siwoo</txt:color></txt:bold>! Tapi tindakan cikgu melampau... <wrt:break>Tiba-tiba hentikan perlawanan macam tu saja!","Ư ư, <txt:bold,2><txt:color,orange>Siwoo</txt:color></txt:bold>, vất vả cho cậu rồi! Mà thầy cũng thật quá đáng đúng không? <wrt:break>Tự dưng cắt ngang trận đấu như vậy!","Uf, <txt:bold,2><txt:color,orange>Siwoo</txt:color></txt:bold>, buen trabajo. Aunque el profesor sí que se pasó, ¿no? <wrt:break>¡Mira que detener el partido así de repente!","Aduh, kamu sudah berjuang keras, <txt:bold,2><txt:color,orange>Siwoo</txt:color></txt:bold>! Tapi Pak Wakil Kepala Sekolah keterlaluan, ya? <wrt:break>Masa pertandingan dihentikan mendadak begitu!","ฮื่อ <txt:bold,2><txt:color,orange>ชีอู</txt:color></txt:bold> เก่งมากเลยนะ! ว่าแต่ครูก็ทำเกินไปจริงๆ เลยเนอะ? <wrt:break>จู่ๆ ก็มาตัดจบการแข่งขันแบบนี้น่ะ!","Ugh, <txt:bold,2><txt:color,orange>Siwoo</txt:color></txt:bold>, bom trabalho! Mas convenhamos, o professor foi duro demais... <wrt:break>interrompendo a partida assim do nada."
,,,백시우,,1_웃음,,,그러게 말이야. 이따 같이 사과하러 가자.,Yeah. Let's go apologize together.,ほんとだよな。後で一緒に謝りに行こう。,是啊，我们待会儿一起去道个歉吧。,就是說啊。我們晚點一起去跟他們道歉吧。,Ага. Надо потом обязательно извиниться.,Ya. Mari minta maaf sama-sama.,Đúng vậy. Lát nữa mình cùng đi xin lỗi nhé.,"Sí, tienes razón. Vamos a disculparnos juntos más tarde.",Iya ya. Kita harus pergi untuk meminta maaf bersama nanti.,นั่นน่ะสิ อีกเดี๋ยวเราไปขอโทษด้วยกันเถอะ,Pois é. Depois vamos juntos pedir desculpas.
,,,TAG,,,,,"<cha:pos,정다희,0><cha:pos,신하은,2>","<cha:pos,정다희,0><cha:pos,신하은,2>","<cha:pos,정다희,0><cha:pos,신하은,2>","<cha:pos,정다희,0><cha:pos,신하은,2>","<cha:pos,정다희,0><cha:pos,신하은,2>","<cha:pos,정다희,0><cha:pos,신하은,2>","<cha:pos,정다희,0><cha:pos,신하은,2>","<cha:pos,정다희,0><cha:pos,신하은,2>","<cha:pos,정다희,0><cha:pos,신하은,2>","<cha:pos,정다희,0><cha:pos,신하은,2>","<cha:pos,정다희,0><cha:pos,신하은,2>","<cha:pos,정다희,0><cha:pos,신하은,2>"
,,,신하은,,1_우쭐,,,"축하해~ <txt:bold,2>대지고</txt:bold>가 이 정도까지 할 줄은 몰랐네~","Congratulations! I didn't expect <txt:bold,2>Terra High</txt:bold> to do this well.","おめでと～。<txt:bold,2>大地高校</txt:bold>がここまでやるとは思わなかったなぁ～。","恭喜啦～<txt:bold,2>真没想到大地高中</txt:bold>能打到这种程度～","恭喜啦～沒想到<txt:bold,2>大地高中</txt:bold>居然能打到這個地步～",Поздравляю! Не ожидала от вас такого.,"Tahniah! Saya tak sangka <txt:bold,2>Terra High</txt:bold> sebagus ni.","Chúc mừng nhé~ Tôi không ngờ <txt:bold,2>Trường THPT Đại Địa</txt:bold> lại chơi được đến mức này đâu~","¡Felicidades! No pensé que la <txt:bold,2>Escuela Daeji</txt:bold> llegaría tan lejos.","Selamat, ya~ Aku tidak menyangka <txt:bold,2>SMA DaeJi</txt:bold> bisa bermain sebaik ini~","ยินดีด้วยนะ~ ไม่คิดเลยว่า<txt:bold,2>มัธยมแดจี</txt:bold>จะทำได้ถึงขนาดนี้~","Parabéns! Não imaginava que o <txt:bold,2>Colégio Daeji</txt:bold> conseguiria chegar tão longe."
,,,정다희,,1_기본,,,"<txt:bold,2><txt:color,orange>하은</txt:color></txt:bold>아?","<txt:bold,2><txt:color,orange>Haeun</txt:color></txt:bold>?","<txt:bold,2><txt:color,orange>花音</txt:color></txt:bold>？","<txt:bold,2><txt:color,orange>夏恩</txt:color></txt:bold>？","<txt:bold,2><txt:color,orange>夏恩</txt:color></txt:bold>？","<txt:bold,2><txt:color,orange>Хаын</txt:color></txt:bold>?","<txt:bold,2><txt:color,orange>Haeun</txt:color></txt:bold>?","<txt:bold,2><txt:color,orange>Haeun</txt:color></txt:bold>?","¿<txt:bold,2><txt:color,orange>Haeun</txt:color></txt:bold>...?","<txt:bold,2><txt:color,orange>Haeun</txt:color></txt:bold>?","<txt:bold,2><txt:color,orange>ฮาอึน</txt:color></txt:bold>?","<txt:bold,2><txt:color,orange>Haeun</txt:color></txt:bold>!"
,,,신하은,,1_미소,,,"제법이야, 제법~ 우리 <txt:bold,2>지산고</txt:bold>를 상대로 무려 한 세트나 따내다니. 완전 기적 아니야?","Impressive, really! I can't believe you won a set against <txt:bold,2>Jisan High</txt:bold>. It's like a miracle!","なかなかやるじゃん～。うちの<txt:bold,2>芝山高校</txt:bold>を相手に1セットも取るなんてさ。完全に奇跡じゃない？","挺能干的嘛，挺能干的～居然能从我们<txt:bold,2>智山高中</txt:bold>手里拿下一局。简直是奇迹吧？","不錯嘛，挺厲害的喔～居然能從我們<txt:bold,2>智山高中</txt:bold>手裡拿下一局。這根本是奇蹟吧？","Выиграли целый сет у <txt:bold,2>«Чжисан»</txt:bold>. Впечатляет!","Memang mengagumkan! Saya tak percaya kamu menang satu set melawan <txt:bold,2>Jisan High</txt:bold>. Ajaib betul!","Khá lắm, khá đấy~ Đối đầu với <txt:bold,2>Trường THPT Jisan</txt:bold> của bọn tôi mà lấy được hẳn một set. Chẳng phải đúng là kỳ tích sao?","Nada mal, ¿eh? Nada mal. Que hayan logrado ganarle un set a la <txt:bold,2>Escuela Jisan</txt:bold> es casi un milagro.","Lumayan juga~ Kalian sampai merebut satu set dari <txt:bold,2>SMA Jisan</txt:bold> kami. Benar-benar keajaiban, kan?","ใช้ได้เลยล่ะ ใช้ได้เลย~ แข่งกับ<txt:bold,2>มัธยมจีซัน</txt:bold>ของเรา แล้วเก็บมาได้ตั้งหนึ่งเซ็ตแน่ะ นี่มันปาฏิหาริย์สุดๆ เลยไม่ใช่เหรอ?","Nada mal! Ganhar um set do <txt:bold,2>Colégio Jisan</txt:bold> é praticamente um milagre."
,,,신하은,,1_우쭐,,,"특히 거기, 여전히 얼빠진 얼굴로 서 있는 너.<cha:pop,백시우>","And you. With the dumbfounded face.<cha:pop,백시우>","特にそこの、相変わらずポカンとした顔で突っ立ってるあなた。<cha:pop,백시우>","特别是那边那个，还在一脸呆样站着的你。<cha:pop,백시우>","特別是那邊那個，還是一臉呆樣的你。<cha:pop,백시우>","Особенно ты. Так и стоишь с растерянным лицом.<cha:pop,백시우>","Dan kamu. Yang muka terpinga-pinga tu.<cha:pop,백시우>","Đặc biệt là cậu bên kia, người vẫn đang đứng với vẻ mặt ngơ ngác đó.<cha:pop,백시우>","Sobre todo tú, el que está ahí parado con cara de perdido.<cha:pop,백시우>","Terutama kamu, yang masih memasang wajah bodoh itu.<cha:pop,백시우>","โดยเฉพาะนายที่ยืนหน้าเด๋อเหมือนเดิมอยู่ตรงนั้นน่ะ<cha:pop,백시우>","Especialmente você, que continua com essa cara de que está no mundo da lua.<cha:pop,백시우>"
,,,백시우,,1_엥,pause,,여전히 얼빠진 얼굴...?,Still? Dumbfounded? Really?,相変わらずポカンとした顔‥？,还是‥一脸呆样？,還是‥一臉呆樣？,С растерянным лицом?..,Masih lagi? Terpinga-pinga? Biar betul?,Vẫn đang đứng với vẻ mặt ngơ ngác...?,¿Cara de perdido...?,Masih memasang wajah bodoh...?,หน้าเด๋อเหมือนเดิม...?,Mundo da lua?
,,,신하은,,1_우쭐,,joy,"응, 너 진짜 제법이더라고~ <txt:bold,2>대지고</txt:bold>에 너 같은 선수가 숨어 있을 줄은 상상도 못 했어.","Yup. You were better than I thought. I didn't expect <txt:bold,2>Terra High</txt:bold> to have a player like you.","うん、マジでやるじゃん～。<txt:bold,2>大地高校</txt:bold>にあなたみたいな選手が隠れてたなんて、思ってもいなかったよ。","是啊，你还真是有两把刷子呢～<txt:bold,2>真没想到大地高中</txt:bold>里还藏着你这样的选手。","對啊，你真的很厲害耶～真沒想到<txt:bold,2>大地高中</txt:bold>居然藏著你這種選手。","Ты оказался сильнее, чем я думала.","Ya. Kamu lebih bagus rupanya. Tak sangka <txt:bold,2>Terra High</txt:bold> ada pemain seperti kamu.","Ừ, cậu đúng là khá lắm đó~ Tôi không ngờ trong <txt:bold,2>Trường THPT Đại Địa</txt:bold> lại có một tuyển thủ như cậu.","Sí, la verdad juegas bastante bien. Nunca imaginé que hubiera un jugador como tú escondido en la <txt:bold,2>Escuela Daeji</txt:bold>.","Iya, permainanmu lumayan mengesankan~ Aku benar-benar tidak menyangka ada atlet sepertimu di <txt:bold,2>SMA DaeJi</txt:bold>.","อื้ม นายไม่เลวเลยจริงๆ นะ~ นึกไม่ถึงเลยว่า<txt:bold,2>มัธยมแดจี</txt:bold>จะมีนักกีฬาแบบนายซ่อนอยู่ด้วย","Sim, você é ainda melhor do que eu esperava. Nunca imaginei que o <txt:bold,2>Colégio Daeji</txt:bold> teria alguém como você."
,,,신하은,,1_기본,,,중학생 때는 배구 아예 안 했지? 했으면 내가 모를 리가 없으니 말이야~,"You didn't play volleyball in middle school though, did you? I would know if you did!",中学生の時は、バレー全然やってなかったでしょ？やってたら私が知らないわけないもんね～。,你初中的时候没打过排球吧？你要是打过，我不可能不知道的～,國中時應該完全沒打過排球吧？不然我不可能沒聽過你這號人物啊～,Ты ведь не играл в средней школе? Я бы тебя знала.,"Kamu langsung tak main bola tampar masa menengah rendah, kan? Kalau main, tak mungkin saya tak kenal kamu!",Hồi cấp hai cậu hoàn toàn không chơi bóng chuyền đúng không? Nếu có chơi thì không đời nào tôi không biết~,"En secundaria no jugaste voleibol, ¿verdad? Si lo hubieras hecho, no habría forma de que yo no lo supiera.","Kamu tidak pernah main voli waktu SMP, kan? Kalau pernah, mana mungkin aku tidak tahu~",ตอนม.ต้นนายไม่ได้เล่นวอลเลย์บอลเลยใช่ไหม? เพราะถ้าเล่น ก็ไม่มีทางที่ฉันจะไม่รู้จัก~,"Você não jogava vôlei no ensino fundamental, né? Se jogasse, eu com certeza saberia."
,,,신하은,,1_우쭐,,,"확실히 이 정도 실력이면 우리 <txt:bold,2><txt:color,orange>다희</txt:color></txt:bold>가 열심히 매달릴 만한걸?","It makes sense why <txt:bold,2><txt:color,orange>Dahee</txt:color></txt:bold> would try so hard to recruit you.","確かにこれくらいの実力なら、<txt:bold,2><txt:color,orange>夏希</txt:color></txt:bold>が必死に誘うのも納得だわ。","确实，有你这身手，也难怪我们<txt:bold,2><txt:color,orange>多熙</txt:color></txt:bold>会这么死缠烂打了？","說真的，有這等實力，也難怪我們<txt:bold,2><txt:color,orange>多熙</txt:color></txt:bold>會這麼拚命纏著你不放了。","Ясно, почему <txt:bold,2><txt:color,orange>Дахи</txt:color></txt:bold> так хотела тебя в команду.","Patutlah <txt:bold,2><txt:color,orange>Dahee</txt:color></txt:bold> bersungguh merekrut kamu.","Với thực lực đó, <txt:bold,2><txt:color,orange>Dahee</txt:color></txt:bold> ra sức níu kéo cậu cũng đáng nhỉ!","Con ese nivel, es entendible que <txt:bold,2><txt:color,orange>Dahee</txt:color></txt:bold> haya insistido tanto contigo.","Pantas saja <txt:bold,2><txt:color,orange>Dahee</txt:color></txt:bold> mencoba mati-matian membujukmu untuk masuk tim.","ฝีมือระดับนี้ ก็สมกับที่<txt:bold,2><txt:color,orange>ดาฮี</txt:color></txt:bold>ของฉันพยายามทุ่มเทให้นั่นแหละ","Agora faz sentido a <txt:bold,2><txt:color,orange>Dahee</txt:color></txt:bold> ter se esforçado tanto pra trazer você pro time."
,,,신하은,,1_미소,,,경기가 계속됐으면 결국 우리가 이겼을 게 뻔하지만 말이야.,"Regardless, we would've won if we had continued.",でも、あのまま試合が続いてたら、結局勝ってたのは私たちに決まってるけどぉ～。,不过嘛，要是比赛继续下去，最后赢的肯定是我们。,不過，要是比賽繼續下去，最後贏的肯定還是我們啦。,Хотя в любом случае мы бы выиграли.,"Tapi kalau perlawanan diteruskan, memang kami yang akan menang.",Nếu trận đấu tiếp tục thì cuối cùng bọn tôi thắng là cái chắc.,"Aunque, si el partido hubiera seguido, estaba claro que habríamos ganado nosotros.","Tapi kalau pertandingannya diteruskan, jelas kami yang akhirnya menang.",ถึงมันจะเห็นกันชัดๆ ก็เถอะ ว่าถ้าการแข่งขันดำเนินต่อ พวกฉันก็จะเอาชนะได้ในที่สุด,"Enfim, a vitória seria nossa se o jogo não tivesse sido interrompido."
,,,신하은,,1_기본,,,"시간 낭비까지는 아니었어. <txt:wave,1>아핫, 나름 스릴 있었어~!</txt:wave>","It wasn't a total waste of time, though. <txt:wave,1>Ahah, it was exciting!</txt:wave>","時間の無駄ってほどじゃなかったわ。<txt:wave,1>あはっ、それなりにスリルもあったしね～！</txt:wave>","倒也不算浪费时间。<txt:wave,1>啊哈，还挺刺激的～！</txt:wave>","倒也不算浪費時間啦。<txt:wave,1>啊哈，還滿刺激的嘛～！</txt:wave>","Но скучать вы не дали. <txt:wave,1>Было даже весело.</txt:wave>","Tapi, tak adalah buang masa sangat. <txt:wave,1>Ahah, memang seronok!</txt:wave>","Cũng chưa đến mức phí thời gian đâu. <txt:wave,1>A ha, cũng khá hồi hộp đấy chứ~!</txt:wave>","Pero tampoco fue una pérdida de tiempo. <txt:wave,1>Ajá, estuvo emocionante.</txt:wave>","Setidaknya pertandingan tadi tidak bisa dibilang buang-buang waktu. <txt:wave,1>Ahaha, lumayan menegangkan juga, lho~!</txt:wave>","ก็ไม่ได้ถึงกับเสียเวลาล่ะนะ <txt:wave,1>ฮะฮ่า ถือว่ามีความลุ้นๆ อยู่แหละ~!</txt:wave>","Mas não foi exatamente uma perda de tempo. <txt:wave,1>Haha, até que foi emocionante!</txt:wave>"
,,,정다희,,1_언짢,,angry,"<txt:bold,2><txt:color,orange>하은</txt:color></txt:bold>이, 너...! 자꾸 그렇게 얄밉게 굴래?","<txt:bold,2><txt:color,orange>Haeun</txt:color></txt:bold>, you...! Stop being so mean.","<txt:bold,2><txt:color,orange>花音</txt:color></txt:bold>、あなたってば‥！どうしていちいちそんなに嫌味な言い方するわけ？","<txt:bold,2><txt:color,orange>夏恩</txt:color></txt:bold>，你‥！非得这么气人吗？","<txt:bold,2><txt:color,orange>夏恩</txt:color></txt:bold>，妳‥！妳一定要講話這麼酸嗎？","<txt:bold,2><txt:color,orange>Хаын</txt:color></txt:bold>! Ты всегда такая вредина?","<txt:bold,2><txt:color,orange>Haeun</txt:color></txt:bold>, kamu...! Janganlah kejam sangat.","<txt:bold,2><txt:color,orange>Haeun</txt:color></txt:bold>, cậu...! Cứ thích nói năng đáng ghét như vậy à?","<txt:bold,2><txt:color,orange>Haeun</txt:color></txt:bold>... ¿vas a seguir así de pesada?","<txt:bold,2><txt:color,orange>Haeun</txt:color></txt:bold>, kamu...! Mau terus bersikap menyebalkan begitu?","<txt:bold,2><txt:color,orange>ฮาอึน</txt:color></txt:bold> เธอนี่มัน...! จะทำตัวกวนประสาทแบบนั้นตลอดเลยรึไง?","<txt:bold,2><txt:color,orange>Haeun</txt:color></txt:bold>, você... precisa mesmo agir desse jeito?"
,,,신하은,,1_우쭐,wave,,왜? 내가 틀린 말 한 건 없잖아?,What? It's all true.,なんで？私、間違ったことなんて言ってないじゃん？,怎么？我说的难道不是事实吗？,怎麼？我又沒說錯？,А что такого? Говорю как есть.,Apa? Semuanya benar.,Sao? Tôi đâu có nói gì sai?,¿Qué? No dije nada que no sea cierto.,Kenapa? Memang ada yang salah?,ทำไมล่ะ? ฉันไม่ได้พูดอะไรผิดเลยนี่นา?,O que foi? Tudo o que eu disse é verdade.
,,,신하은,,1_우쭐,wave,,선생님이 도중에 흐름 끊어준 게 너희한테는 천만다행이었던 거 아니냐구.,It was fortunate for you that the teacher stopped the match in the middle.,先生が途中で流れを止めてくれたの、あなたたちにとっては不幸中の幸いだったんじゃないの？,老师中途叫停，对你们来说简直是谢天谢地了，不是吗？,老師中途把比賽喊停，對你們來說根本是萬幸吧。,Остановка матча стала для вас спасением.,Untunglah kamu bila cikgu hentikan perlawanan separuh jalan.,"Thầy cắt ngang trận đấu giữa chừng, với các cậu mà nói là may mắn lắm rồi còn gì.",Para ustedes fue una suerte enorme que el profesor interrumpiera el partido justo en ese momento.,"Kalian justru beruntung Pak Wakil Kepala Sekolah menghentikan pertandingan saat momentumnya sedang bagus buat kami, kan?",ที่ครูหยุดเกมกลางคัน ก็ถือเป็นความโชคดีแบบสุดๆ สำหรับพวกเธอเลยไม่ใช่เหรอ,"Na verdade, vocês deveriam agradecer ao professor por ter interrompido o jogo."
,,,신하은,,1_기본,wave,,"뭐, 앞으로도 열심히 해봐. 진짜 승부는 <txt:bold,2>지역 예선 대회</txt:bold>라는 거, 알고 있지?","Well, good luck going forward. You know that the real battle will be in the <txt:bold,2>regional preliminary round</txt:bold>, right?","まあ、これからも頑張りなよ。本当の勝負は<txt:bold,2>地区予選大会</txt:bold>だってこと、分かってるよね？","嘛，以后也继续努力吧。真正的较量是在<txt:bold,2>地区预选赛</txt:bold>，这你们知道吧？","算了，以後也繼續加油吧。真正的勝負是在<txt:bold,2>地區預賽</txt:bold>，這妳知道吧？","Что ж, тренируйтесь дальше. Настоящая борьба начнется на <txt:bold,2>региональном отборочном турнире</txt:bold>, помните?","Apa pun, teruskan berusaha. Kamu tahu perlawanan sebenar nanti di <txt:bold,2>kejohanan kelayakan daerah</txt:bold>, kan?","Thôi, sau này cũng cố gắng nhé. Trận đấu thật sự là ở <txt:bold,2>Vòng Loại Khu Vực</txt:bold>, cậu biết mà?","En fin, sigan entrenando duro. La verdadera batalla será en el <txt:bold,2>Torneo Clasificatorio Regional</txt:bold>, lo saben, ¿no?","Ya sudah, tetaplah berusaha. Soalnya pertarungan yang sesungguhnya baru dimulai di <txt:bold,2>Penyisihan Turnamen Regional</txt:bold>.","เอาเถอะ ต่อไปก็ลองพยายามเข้าแล้วกัน รู้ใช่ไหมล่ะ ว่าการแข่งขันของจริงคือ<txt:bold,2>ทัวร์นาเมนต์รอบคัดเลือกระดับท้องถิ่น</txt:bold>น่ะ?","Bom, continuem treinando duro. A competição de verdade começa nas <txt:bold,2>eliminatórias regionais</txt:bold>."
,,,신하은,,1_우쭐,wave,,"<txt:wave,1>얼마나 더 강해질지 기대하고 있을게~</txt:wave>","<txt:wave,1>I'm curious to see how much stronger you'll get by then.</txt:wave>","<txt:wave,1>どれくらい強くなるか、楽しみにしててあげる～。</txt:wave>","<txt:wave,1>我可是很期待你们能变多强哦～</txt:wave>","<txt:wave,1>你們就努力變強吧，我等著看喔～</txt:wave>","<txt:wave,1>Любопытно, как вы сыграете.</txt:wave>","<txt:wave,1>Saya nak tengok sejauh mana kamu lebih kuat nanti.</txt:wave>","<txt:wave,1>Tôi sẽ chờ xem các cậu sẽ mạnh lên được bao nhiêu đó~</txt:wave>","<txt:wave,1>Estaré esperando ver cuánto más fuertes se vuelven.</txt:wave>","<txt:wave,1>Aku nantikan seberapa jauh kalian bisa berkembang~</txt:wave>","<txt:wave,1>ฉันจะตั้งตารอนะว่าจะแข็งแกร่งขึ้นมากแค่ไหน~</txt:wave>","<txt:wave,1>Mal posso esperar pra ver a versão mais forte de vocês!</txt:wave>"
,,,신하은,,1_우쭐,wave,,"참! 혹시라도 그전에 <txt:bold,2>지산고</txt:bold>로 전학 오고 싶어지면 언제든 연락해?","Oh! And if you change your mind and want to transfer to <txt:bold,2>Jisan High</txt:bold> before that, let me know!","そうそう！もしもそれまでに<txt:bold,2>芝山高校</txt:bold>に転校したくなったら、いつでも連絡してよぉ？","对了！如果在这之前你想转学来<txt:bold,2>智山高中</txt:bold>，随时联系我哦？","對了！如果在那之前改變心意想轉學來<txt:bold,2>智山高中</txt:bold>，歡迎隨時聯絡我喔。","И помни, что в <txt:bold,2>«Чжисан»</txt:bold> тебе будут рады.","Oh! Kalau kamu berubah fikiran dan mahu pindah ke <txt:bold,2>Jisan High</txt:bold> sebelum tu, beritahu saya!","À đúng rồi! Nếu trước đó cậu muốn chuyển sang <txt:bold,2>Trường THPT Jisan</txt:bold> thì cứ liên lạc bất cứ lúc nào nhé?","¡Ah, cierto! Si antes de eso te dan ganas de cambiarte a la <txt:bold,2>Escuela Jisan</txt:bold>, avísame cuando quieras.","Oh iya!! Kalau sebelum itu kamu berubah pikiran dan ingin pindah ke <txt:bold,2>SMA Jisan</txt:bold>, kabari aku kapan saja, ya?","อ้อ! ถ้าเกิดว่าก่อนหน้านั้นอยากจะย้ายมา<txt:bold,2>มัธยมจีซัน</txt:bold> ก็ติดต่อมาได้ตลอดเลยนะ","Ah, e se mudar de ideia e quiser se transferir pro <txt:bold,2>Colégio Jisan</txt:bold>, é só me procurar!"
,,,정다희,,1_외침,,angry,"<cha:pop,정다희><txt:shake,1>그럴 일 전혀 없거든! 얼른 가기나 해, 진짜!</txt:shake>","<cha:pop,정다희><txt:shake,1>That won't happen! Ugh, we're done here!</txt:shake>","<cha:pop,정다희><txt:shake,1>そんなこと絶対ないから！さっさと帰りなさいよ、もう！</txt:shake>","<cha:pop,정다희><txt:shake,1>绝对不可能！你赶紧走吧，真是的！</txt:shake>","<cha:pop,정다희><txt:shake,1>那是不可能的！妳趕快回去啦，真是的！</txt:shake>","<cha:pop,정다희><txt:shake,1>И не мечтай! Иди уже отсюда.</txt:shake>","<cha:pop,정다희><txt:shake,1>Memang takkan berlaku! Pergilah cepat, geram betul!</txt:shake>","<cha:pop,정다희><txt:shake,1>Không có chuyện đó đâu! Mau đi đi, thật tình...!</txt:shake>","<cha:pop,정다희><txt:shake,1>¡Ni en sueños! ¡Mejor ya vete de una vez!</txt:shake>","<cha:pop,정다희><txt:shake,1>Hal itu tidak akan pernah terjadi! Cepat pergi sana!</txt:shake>","<cha:pop,정다희><txt:shake,1>เรื่องแบบนั้นไม่มีวันเกิดขึ้นหรอก! รีบไปซะเถอะน่า!</txt:shake>","<cha:pop,정다희><txt:shake,1>Nem sonhando! Anda, desaparece daqui!</txt:shake>"
,,,신하은,,1_기본,wave,,"아하핫, 안녕~!",Ahahah. Bye!,あははっ、バイバ～イ！,啊哈哈，拜拜啦～！,啊哈哈，掰掰～！,"Ха-ха, пока!",Ahahah. Selamat tinggal!,"A ha ha, tạm biệt~!","¡Jajaja, nos vemos!","Ahahaha, sampai jumpa~!",ฮะฮ่า บาย~!,Haha! Tchauzinho!
,,,TAG,,,,,"<cha:pos,정다희,2><cha:pos,신하은,4>","<cha:pos,정다희,2><cha:pos,신하은,4>","<cha:pos,정다희,2><cha:pos,신하은,4>","<cha:pos,정다희,2><cha:pos,신하은,4>","<cha:pos,정다희,2><cha:pos,신하은,4>","<cha:pos,정다희,2><cha:pos,신하은,4>","<cha:pos,정다희,2><cha:pos,신하은,4>","<cha:pos,정다희,2><cha:pos,신하은,4>","<cha:pos,정다희,2><cha:pos,신하은,4>","<cha:pos,정다희,2><cha:pos,신하은,4>","<cha:pos,정다희,2><cha:pos,신하은,4>","<cha:pos,정다희,2><cha:pos,신하은,4>"
,,,정다희,,1_언짢,,,"어휴, <txt:bold,2><txt:color,orange>하은</txt:color></txt:bold>이 쟤도 참...","Ugh, <txt:bold,2><txt:color,orange>Haeun</txt:color></txt:bold>, she's just...","はぁ、<txt:bold,2><txt:color,orange>花音</txt:color></txt:bold>ったら本当に‥","哎哟，<txt:bold,2><txt:color,orange>夏恩</txt:color></txt:bold>这家伙真是‥","唉，<txt:bold,2><txt:color,orange>夏恩</txt:color></txt:bold>她也真是的‥","Ну и характер у этой <txt:bold,2><txt:color,orange>Хаын</txt:color></txt:bold>...","Ugh, <txt:bold,2><txt:color,orange>Haeun</txt:color></txt:bold>, dia cuma...","Haiz, <txt:bold,2><txt:color,orange>Haeun</txt:color></txt:bold> đúng là...","Ay, <txt:bold,2><txt:color,orange>Haeun</txt:color></txt:bold> sí que es...","Hyuh, dasar <txt:bold,2><txt:color,orange>Haeun</txt:color></txt:bold> itu benar-benar...","เฮ้อ <txt:bold,2><txt:color,orange>ฮาอึน</txt:color></txt:bold>นี่ก็ช่าง...","Ai, ai... Essa <txt:bold,2><txt:color,orange>Haeun</txt:color></txt:bold> também, viu..."
,,,정다희,,1_웃음,,,"아무튼! 조금 정신없었지만, 오늘도 다들 너무 고생했어!","Anyway! It was a bit hectic today, but good work everyone!",とにかく！ちょっとバタバタしたけど、今日もみんな本当にお疲れ様！,总之！虽然有点乱糟糟的，但今天大家都辛苦了！,總之！雖然發生了一點小插曲，但今天大家都辛苦了！,"Как бы там ни было, вы все большие молодцы!","Apapun! Hari ini agak kelam-kabut, tapi syabas semua!","Thôi! Tuy hôm nay hơi rối một chút, nhưng mọi người cũng vất vả rồi!","¡En fin! Hoy fue algo intenso, pero todos hicieron un gran trabajo.","Pokoknya! Meski hari ini cukup kacau, semuanya sudah bekerja keras!",ยังไงก็ตาม! ถึงจะวุ่นวายไปหน่อย แต่วันนี้ทุกคนทำได้ดีมากเลยนะ!,"Enfim, foi um dia bem agitado, mas todos vocês fizeram um ótimo trabalho hoje!"
,,,정다희,,1_기본,,,다들 피곤할 테니까 얼른 집에 가서 푹 쉬자!,I'm sure you're all tired. Let's go home and get some good rest!,みんな疲れてるだろうから、早く帰ってゆっくり休もう！,大家肯定都累坏了，赶紧回家好好休息吧！,大家應該都累了，趕快回家好好休息吧！,На сегодня все. Отправляйтесь отдыхать!,Saya yakin kamu semua penat. Mari pulang dan berehat!,"Chắc mọi người đều mệt, mau về nhà nghỉ ngơi nhé!","Deben estar cansados, así que vayan a casa y descansen bien.","Kalian pasti lelah, jadi cepat pulang dan istirahat yang cukup, ya!",คงจะเหนื่อยกันแล้ว รีบกลับบ้านไปพักผ่อนเถอะ!,Acho que todos merecem um bom descanso depois de hoje!
,,,정다희,,1_기본,,,참! 혹시 오늘 플레이하면서 아쉬웠던 점 피드백 받고 싶은 사람은 남아도 돼.,Oh! And stay if you want some feedback from today's game.,あ、そうだ！もし今日のプレイで惜しかったところのフィードバックが欲しいって人は、残ってていいよ。,对了！如果有人想针对今天比赛中不足的地方听取反馈，可以留下来。,對了！今天有覺得哪裡打得不夠好，想聽取建議的人都可以留下來。,"Но если кому-то нужен анализ ошибок, можете остаться.",Oh! Jangan balik dulu jika kamu mahukan maklum balas permainan hari ni.,À đúng rồi! Ai muốn được góp ý thêm về phần thi đấu hôm nay thì ở lại nhé.,"Ah, cierto. Quien quiera recibir comentarios sobre lo que le faltó durante el partido de hoy, puede quedarse.","Oh iya! Kalau ada yang ingin mendapat masukan soal permainan hari ini, kalian boleh tetap tinggal.",อ้อ! ใครมีจุดที่ยังไม่พอใจในการเล่นวันนี้แล้วอยากได้คำแนะนำ ก็อยู่ต่อได้เลยนะ,"Ah, e quem quiser receber feedback sobre a própria atuação hoje pode ficar!"
,,,정다희,,3_활짝,,,"특별히 이 코치님이 <cha:pop,정다희>일대일로 꼼꼼~하게 과외해줄 테니까 말이야.<sys:sfx,샤라랑>","The coach, yours truly, <cha:pop,정다희>will give you one-on-one lessons!<sys:sfx,샤라랑>","特別にこのコーチが<cha:pop,정다희>マンツーマンでみっち～り個人レッスンしてあげるからね。<sys:sfx,샤라랑>","本教练可以特别<cha:pop,정다희>一对一、仔仔细细～地给你辅导哦。<sys:sfx,샤라랑>","本教練會特別為你們進行<cha:pop,정다희>一對一的課後～輔導喔。<sys:sfx,샤라랑>","<cha:pop,정다희>Вас ждет разбор полетов лично от меня.<sys:sfx,샤라랑>","Jurulatih yang hebat ini, <cha:pop,정다희>akan beri kamu pelajaran secara individu!<sys:sfx,샤라랑>","Huấn luyện viên tôi đây sẽ <cha:pop,정다희>kèm riêng từng người thật kỹ càng.<sys:sfx,샤라랑>","Su entrenadora favorita <cha:pop,정다희>les dará una clase personal muy detallada.<sys:sfx,샤라랑>","Soalnya, Coach ini sendiri <cha:pop,정다희>yang bakal memberikan bimbingan privat yang sangat~ teliti untuk kalian.<sys:sfx,샤라랑>","เดี๋ยวโค้ชคนนี้<cha:pop,정다희>จะสอนตัวต่อตัวให้เป็นพิเศษ~ แบบจัดเต็มเลยล่ะ<sys:sfx,샤라랑>","Vou analisar tudo pessoalmente, <cha:pop,정다희>em sessões individuais e bem detalhadas!<sys:sfx,샤라랑>"
,,,백시우,,1_웃음,,sweat,"헉, 경기 직후에... <wrt:wait,50>공부? <wrt:delay,5>하하... <wrt:wait,30><wrt:break>다, 다음에 보자! 나 먼저 갈게!</wrt:delay><cha:pos,백시우,-4>","*Gasp*! Right after the match...? <wrt:wait,50>More studying? <wrt:delay,5>Haha... <wrt:wait,30><wrt:break>I-I'll see you later! I'm heading home!</wrt:delay><cha:pos,백시우,-4>","えっ、試合直後に‥<wrt:wait,50>レッスン？<wrt:delay,5>はは‥<wrt:wait,30><wrt:break>ま、また今度な！俺、先に帰るわ！</wrt:delay><cha:pos,백시우,-4>","呃，刚打完比赛还要‥<wrt:wait,50>辅导？<wrt:delay,5>哈哈‥<wrt:wait,30><wrt:break>下，下次吧！我先走了！</wrt:delay><cha:pos,백시우,-4>","呃，剛比完賽還要‥<wrt:wait,50>上課？<wrt:delay,5>哈哈‥<wrt:wait,30><wrt:break>下、下次再說吧！我先閃了！</wrt:delay><cha:pos,백시우,-4>","Работа над ошибками <wrt:wait,50>сразу после игры?<wrt:delay,5>Эх... <wrt:wait,30><wrt:break>Пожалуй, я пас.</wrt:delay><cha:pos,백시우,-4>","Hah, baru lepas perlawanan... <wrt:wait,50>dah nak belajar? <wrt:delay,5>Haha... <wrt:wait,30><wrt:break>J-jumpa lain kali! Saya balik dulu!</wrt:delay><cha:pos,백시우,-4>","Hả, vừa đấu xong đã... <wrt:wait,50>học sao? <wrt:delay,5>Ha ha... <wrt:wait,30><wrt:break>H, hẹn lần sau nhé! Tôi đi trước đây!</wrt:delay><cha:pos,백시우,-4>","¿Eh? ¿Una clase después... <wrt:wait,50>del partido? <wrt:delay,5>Jaja... <wrt:wait,30><wrt:break>¡N-nos vemos luego! ¡Yo mejor me voy!</wrt:delay><cha:pos,백시우,-4>","Hah? Pelajaran... <wrt:wait,50>tepat setelah pertandingan?! <wrt:delay,5>Haha... <wrt:wait,30><wrt:break>M-mungkin lain kali! Aku pergi dulu, ya!</wrt:delay><cha:pos,백시우,-4>","หา ติวเข้ม... <wrt:wait,50>หลังแข่งเสร็จเลยเนี่ยนะ? <wrt:delay,5>ฮะฮะ... <wrt:wait,30><wrt:break>วะ ไว้เจอกันครั้งหน้านะ! ฉันกลับก่อนล่ะ!</wrt:delay><cha:pos,백시우,-4>","O quê?! <wrt:wait,50>Feedback logo depois do jogo? <wrt:delay,5>Haha... <wrt:wait,30><wrt:break>Eu passo! Até a próxima!</wrt:delay><cha:pos,백시우,-4>"
6,경기 전,#,MAP,,,,,학교 복도,학교 복도,학교 복도,학교 복도,학교 복도,학교 복도,학교 복도,학교 복도,학교 복도,학교 복도,학교 복도,학교 복도
,,#,BGM,,,,,BGM_PEACE3,BGM_PEACE3,BGM_PEACE3,BGM_PEACE3,BGM_PEACE3,BGM_PEACE3,BGM_PEACE3,BGM_PEACE3,BGM_PEACE3,BGM_PEACE3,BGM_PEACE3,BGM_PEACE3
,,#,백시우,4,1_기본,,,,,,,,,,,,,,
,,#,백시우_교복,2,1_기본,,,,,,,,,,,,,,
,,#,정다희,4,1_기본,,,,,,,,,,,,,,
,,#,마윤석,-2,1_기본,,,,,,,,,,,,,,
,,,마윤석,,1_우쭐,wave,joy,"<cha:pop,마윤석>음하하핫! 그러니까 내 말은, 그때 내가 꽂아 넣은 스파이크가 결국 결정적인 득점으로 이어졌다, 이 말이야!","<cha:pop,마윤석>Mwahahaha! I'm telling you, that spike I hit led to a crucial point!","<cha:pop,마윤석>うはっはっはっ！だから俺が言いたいのは、あの時俺が打ち込んだスパイクが、結局は決め手になったってこと！","<cha:pop,마윤석>嗯哈哈哈！所以我的意思是，当时我那记扣球，直接化作了决定性的一分！","<cha:pop,마윤석>哇哈哈哈！所以說，就是我當時那記扣球，最終成了決定勝負的關鍵得分！","<cha:pop,마윤석>Муа-ха-ха! Именно мой удар принес тогда решающее очко.","<cha:pop,마윤석>Mwahahaha! Saya dah cakap, rejaman tu menghasilkan mata yang penting!","<cha:pop,마윤석>Ừm ha ha ha! Ý tôi là, cú đập bóng lúc đó của tôi cuối cùng đã trở thành điểm quyết định đấy!","<cha:pop,마윤석>¡Jajajaja! O sea, a lo que voy es que ese remate que clavé terminó dándonos el punto decisivo.","<cha:pop,마윤석>Muhahahaha! Maksudku, spike yang kuhunjamkan waktu itu menghasilkan poin penting!","<cha:pop,마윤석>วะฮ่าฮ่า! ที่ฉันจะบอกก็คือ ลูกตบที่ฉันอัดลงไปตอนนั้นน่ะ สุดท้ายก็กลายเป็นแต้มตัดสินเกมเลยล่ะ!","<cha:pop,마윤석>Hahahaha! O que estou dizendo é que aquela cortada que eu mandei acabou sendo o lance decisivo da partida!"
,,,후배,,,,,"우와아, 역시 대단하시네요!","Wow, that's so cool!",うわぁ、さすがですね！,哇啊啊，学长果然厉害！,哇啊啊，前輩果然好厲害！,"Вау, как круто!","Wah, sangat hebat!","Wow, quả nhiên anh đỉnh thật!","¡Guau, sí que eres increíble!","Waaah, keren sekali, kak!",ว้าว สุดยอดจริงๆ ครับ!,"Nossa! Como esperado, você é demais!"
,,,후배,,,,,저도 그 경기 관중석에서 봤어요! 역시 우리 배구부의 에이스!,I was there to watch the match! I knew we could count on our team's ace!,僕もその試合、観客席で見てましたよ！さすがうちのバレー部のエース！,我在观众席上也看到了！不愧是我们排球部的王牌！,當時我也在觀眾席看比賽！不愧是我們排球部的王牌！,Я был на той игре. Ты настоящий лидер!,Saya pergi lihat perlawanan! Saya tahu pemain handalan pasukan kita memang boleh diharap!,Em cũng đã xem trận đó trên khán đài! Đúng là át chủ bài của CLB Bóng Chuyền chúng ta có khác!,¡Yo también vi ese partido desde las gradas! ¡Sin duda eres el as de nuestro club de voleibol!,Saya juga menonton pertandingan itu dari tribun! Memang pantas disebut sebagai Ace di klub bola voli kita!,ผมก็ได้ดูการแข่งขันนั้นจากที่นั่งผู้ชมเหมือนกัน! สมกับเป็นเอซแห่งชมรมวอลเลย์บอลของเราจริงๆ!,Eu estava lá vendo tudo! Você é mesmo o grande craque do nosso time!
,,,백시우_교복,,1_기본,,,"<txt:color,grey>(지난 친선 경기가 화제가 되면서 신입 부원으로 들어오겠다는 애들도 생기고, 배구부에 대한 관심도 늘었다.)</txt:color>","<txt:color,grey>(The friendly match became the talk of the town, and more students took an interest in the team and started signing up.)</txt:color>","<txt:color,grey>(この前の練習試合が話題になって、新入部員として入りたいって子たちも出てきたし、バレー部への関心も高まった)</txt:color>","<txt:color,grey>(自从上次的友谊赛成为话题后，也有想加入排球部的新生了，大家对排球部的关注度也提高了。)</txt:color>","<txt:color,grey>(自從那場友誼賽成為話題後，不只多了不少想加入排球部的新人，大家對排球部的關注也提高了。)</txt:color>","<txt:color,grey>(После товарищеского матча мы стали популярны, и в команде даже появились новички.)</txt:color>","<txt:color,grey>(Perlawanan persahabatan itu menjadi bualan hangat, dan semakin ramai pelajar yang berminat dengan pasukan itu dan mula mendaftar.)</txt:color>","<txt:color,grey>(Trận giao hữu vừa rồi đã trở thành chủ đề bàn tán, nhờ vậy có thêm vài học sinh muốn gia nhập và mọi người cũng quan tâm đến CLB Bóng Chuyền hơn.)</txt:color>","<txt:color,grey>(El partido amistoso llamó mucho la atención, y gracias a eso creció el interés por el club y por entrar a él).</txt:color>","<txt:color,grey>(Sejak pertandingan persahabatan terakhir menjadi bahan pembicaraan, mulai ada anggota baru yang ingin bergabung dan minat terhadap klub bola voli kita pun ikut meningkat.)</txt:color>","<txt:color,grey>(แมตช์กระชับมิตรครั้งก่อนกลายเป็นที่พูดถึง เลยมีคนอยากเข้ามาเป็นสมาชิกใหม่ในชมรม รวมถึงความสนใจที่มีต่อชมรมวอลเลย์บอลก็เพิ่มขึ้นด้วย)</txt:color>","<txt:color,grey>(O amistoso da semana passada virou assunto na escola, e novos alunos começaram a demonstrar interesse em entrar pro time.)</txt:color>"
,,,백시우_교복,,1_웃음,,,"<txt:color,grey>(배구부에 활기가 돌기 시작한 건 분명 좋은 일이지만...)</txt:color>","<txt:color,grey>(It's great that the volleyball team is looking more lively, but...)</txt:color>","<txt:color,grey>(バレー部に活気が出てきたのは間違いなくいいことなんだけど‥)</txt:color>","<txt:color,grey>(排球部开始恢复活力，这当然是件好事，可是‥)</txt:color>","<txt:color,grey>(排球部重新充滿朝氣固然是好事，但‥)</txt:color>","<txt:color,grey>(И это, конечно, здорово, но...)</txt:color>","<txt:color,grey>(Baguslah pasukan bola tampar nampak lebih meriah, tapi...)</txt:color>","<txt:color,grey>(CLB Bóng Chuyền bắt đầu nhộn nhịp trở lại chắc chắn là chuyện tốt, nhưng...)</txt:color>","<txt:color,grey>(Sin duda era bueno que el club de voleibol empezara a cobrar vida, pero...)</txt:color>","<txt:color,grey>(Meski suasana klub bola voli yang kembali hidup seperti ini adalah hal yang perlu dirayakan...)</txt:color>","<txt:color,grey>(การที่ชมรมวอลเลย์บอลเริ่มกลับมาคึกคักอีกครั้งนั้น แน่นอนแหละว่าเป็นเรื่องที่ดี แต่ว่า...)</txt:color>","<txt:color,grey>(Ver o time cheio de energia novamente é uma coisa boa, mas...)</txt:color>"
,,,백시우_교복,,1_기본,,,"<txt:bold,2><txt:color,orange>마윤석</txt:color></txt:bold>, 이제 슬슬 배구부에 가자. 이제 곧 훈련 시간이야!","<txt:bold,2><txt:color,orange>Yoonseok</txt:color></txt:bold>, let's head to the team. Practice starts soon!","<txt:bold,2><txt:color,orange>忠英</txt:color></txt:bold>、そろそろ部活行こうぜ。もうすぐ練習始まるから！","<txt:bold,2><txt:color,orange>马允硕</txt:color></txt:bold>，差不多该去排球部了。马上就到训练时间了！","<txt:bold,2><txt:color,orange>馬允碩</txt:color></txt:bold>，差不多該去排球部了吧。訓練時間快到了！","<txt:bold,2><txt:color,orange>Ма Юнсок</txt:color></txt:bold>, пошли. Скоро тренировка.","<txt:bold,2><txt:color,orange>Yoonseok</txt:color></txt:bold>, jom pergi ke kelab bola tampar. Dah nak mula latihan!","<txt:bold,2><txt:color,orange>Ma Yoonseok</txt:color></txt:bold>, tranh thủ đi đến CLB Bóng Chuyền thôi. Sắp tới giờ tập luyện rồi!","<txt:bold,2><txt:color,orange>Ma Yunseok</txt:color></txt:bold>, ya deberíamos irnos. ¡Ya casi empieza el entrenamiento!","<txt:bold,2><txt:color,orange>Yunseok Ma</txt:color></txt:bold>, sudah waktunya kita pergi ke klub bola voli. Sebentar lagi latihan dimulai!","<txt:bold,2><txt:color,orange>มายุนซอก</txt:color></txt:bold> ไปชมรมวอลเลย์บอลกันได้แล้วล่ะ ใกล้ถึงเวลาซ้อมแล้วนะ!","<txt:bold,2><txt:color,orange>Yunseok Ma</txt:color></txt:bold>, vamos indo. O treino já vai começar."
,,,마윤석,,,wave,,"음훗훗~! <txt:bold,2><txt:wave,1>지산고</txt:bold>의 <txt:bold,2><txt:color,orange>이영섭</txt:color></txt:bold>? 직접 붙어보니까 별거 아니야~</txt:wave>","Mwahaha! <txt:bold,2><txt:color,orange>Yongsup Lee</txt:color></txt:bold> from <txt:bold,2><txt:wave,1>Jisan High</txt:bold>? He wasn't even all that!</txt:wave>","うふっふっ～！<txt:bold,2><txt:wave,1>芝山高校</txt:bold>の<txt:bold,2><txt:color,orange>佐藤一翔</txt:color></txt:bold>だって？直接やってみたら大したことなかったし～。</txt:wave>","哼哼哼～！<txt:bold,2><txt:wave,1>智山高中</txt:bold>的<txt:bold,2><txt:color,orange>李英燮</txt:color></txt:bold>？交过手之后觉得也就那么回事嘛～</txt:wave>","唔呵呵～！<txt:bold,2><txt:wave,1>智山高中</txt:bold>的<txt:bold,2><txt:color,orange>李英燮</txt:color></txt:bold>？親自交手之後發現也沒什麼嘛～</txt:wave>","Хе-хе-хе, а этот <txt:wave,1><txt:bold,2><txt:color,orange>Ли Ёнсоб</txt:color></txt:bold> из <txt:bold,2>«Чжисан»</txt:bold> совсем не страшный.</txt:wave>","Mwahaha! <txt:bold,2><txt:color,orange>Yongsup Lee</txt:color></txt:bold> dari <txt:bold,2><txt:wave,1>Jisan High</txt:bold>? Dia tak hebat pun!</txt:wave>","Ừm hứ hứ~! <txt:bold,2><txt:bold,2><txt:color,orange>Lee Yeongseob</txt:color></txt:bold> của <txt:wave,1>Trường THPT Jisan</txt:bold>? Đối đầu trực tiếp rồi mới thấy cũng chẳng ghê gớm gì~</txt:wave>","¡Jijiji! <txt:wave,1>¿<txt:bold,2><txt:color,orange>Youngsup</txt:color></txt:bold> de la <txt:bold,2>Escuela Jisan</txt:bold>? Ahora que jugué contra él, no es para tanto.</txt:wave>","Ufufufu~! <txt:bold,2><txt:wave,1><txt:color,orange>Young Sup Lee</txt:color></txt:bold> dari <txt:bold,2>SMA Jisan</txt:bold>? Ternyata dia tidak sehebat yang orang-orang bilang~</txt:wave>","หึหึ~! <txt:wave,1><txt:bold,2><txt:color,orange>อียองซอบ</txt:color></txt:bold>จาก<txt:bold,2>มัธยมจีซัน</txt:bold>น่ะเหรอ? พอได้ลองปะทะด้วยแล้ว ก็ไม่เท่าไหร่หรอก~</txt:wave>","Hahaha! Aquele famoso <txt:bold,2><txt:color,orange>Youngsup Lee</txt:color></txt:bold> do <txt:bold,2><txt:wave,1>Colégio Jisan</txt:bold>? Não achei ele tudo isso.</txt:wave>"
,,,마윤석,,,wave,,"다 헛소문이었다니까? 역시 <txt:bold,2>최고의 스파이커상</txt:bold>은 이 <txt:bold,2><txt:color,orange>마윤석</txt:color></txt:bold> 님이 받았어야 한다구.","It was all just a rumor! I should've been the one to win the <txt:bold,2>Greatest Spiker Award</txt:bold>.","全部デマだったんだって！やっぱり<txt:bold,2>最高のスパイカー賞</txt:bold>は、この<txt:bold,2><txt:color,orange>伊藤忠英</txt:color></txt:bold>様がもらうべきだったんだよ。","那些传闻都是夸大其词啦！果然<txt:bold,2>最强主攻手奖</txt:bold>还是应该颁给我<txt:bold,2><txt:color,orange>马允硕</txt:color></txt:bold>才对。","那些傳聞根本都是言過其實！這<txt:bold,2>最強主攻手獎</txt:bold>果然還是應該頒給我<txt:bold,2><txt:color,orange>馬允碩</txt:color></txt:bold>才對。","Все эти слухи — чушь! Награду <txt:bold,2>лучшему нападающему</txt:bold> должен был получить я, сам Ма Юнсок!","Semuanya khabar angin saja! Sepatutnya saya yang dapat <txt:bold,2>Anugerah Perejam Terbaik</txt:bold>.","Toàn là đồn thổi thôi! Quả nhiên giải <txt:bold,2>Tay Đập Xuất Sắc Nhất</txt:bold> đáng lẽ phải thuộc về <txt:bold,2><txt:color,orange>Ma Yoonseok</txt:color></txt:bold> này mới đúng.","¿Ves? Todo eran puros rumores. Al final, el <txt:bold,2>Premio al Mejor Rematador</txt:bold> debí haberlo ganado yo.","Semua itu cuma rumor yang dibesar-besarkan! <txt:bold,2>Penghargaan Spiker Terbaik</txt:bold> itu seharusnya jadi milikku, <txt:bold,2><txt:color,orange>Yunseok Ma</txt:color></txt:bold>!","ทั้งหมดก็แค่ข่าวลือเท่านั้นแหละ <txt:bold,2>รางวัลสุดยอดตัวตบ</txt:bold>น่ะ ควรเป็นของท่าน<txt:bold,2><txt:color,orange>มายุนซอก</txt:color></txt:bold>ผู้นี้ต่างหาก","Tudo boato! Quem merecia aquele <txt:bold,2>prêmio de melhor atacante</txt:bold> era eu, <txt:bold,2><txt:color,orange>Yunseok Ma</txt:color></txt:bold>!"
,,,백시우_교복,,1_기본,,sweat,"<txt:size,1>이제 그만 가자니까...!</txt:size> 정말.","<txt:size,1>Come on, let's go...!</txt:size> Ugh.","<txt:size,1>もう行こうってば‥！</txt:size>まったく。","<txt:size,1>别吹了，快走吧‥！</txt:size>真是的。","<txt:size,1>好了，該走了啦‥！</txt:size>真是的。","<txt:size,1>Хватит уже, пошли.</txt:size>","<txt:size,1>Ayuh, mari pergi...!</txt:size> Ugh.","<txt:size,1>Tôi đã bảo mau đi thôi mà...!</txt:size> Thật tình!","<txt:size,1>¡Ya basta, vámonos de una vez...!</txt:size>","<txt:size,1>Ayo cepat berangkat...!</txt:size> Astaga.","<txt:size,1>บอกว่าไปกันได้แล้วไงเล่า...!</txt:size> ให้ตายเถอะ","<txt:size,1>Já chega, vamos logo... </txt:size>Sério."
,,,백시우_교복,,1_정적,,,"<txt:color,grey>(<txt:bold,2>마윤석</txt:bold>이 지나치게 우쭐해진 것 같은데...)</txt:color>","<txt:color,grey>(<txt:bold,2>Yoonseok's</txt:bold> become way too conceited...)</txt:color>","<txt:color,grey>(<txt:bold,2>忠英</txt:bold>の奴、ちょっと調子に乗りすぎてる気がするけど‥)</txt:color>","<txt:color,grey>(<txt:bold,2>马允硕</txt:bold>是不是有点太得意忘形了‥)</txt:color>","<txt:color,grey>(<txt:bold,2>馬允碩</txt:bold>好像有點得意忘形了‥)</txt:color>","<txt:color,grey>(<txt:bold,2>Ма Юнсока</txt:bold> слегка занесло...)</txt:color>","<txt:color,grey>(<txt:bold,2>Yoonseok</txt:bold> semakin sombong...)</txt:color>","<txt:color,grey>(<txt:bold,2>Ma Yoonseok</txt:bold> có vẻ phởn quá đà rồi...)</txt:color>","<txt:color,grey>(A <txt:bold,2>Ma Yunseok</txt:bold> se le subió demasiado a la cabeza...)</txt:color>","<txt:color,grey>(<txt:bold,2>Yunseok Ma</txt:bold> benar-benar mulai besar kepala...)</txt:color>","<txt:color,grey>(เหมือนว่า<txt:bold,2>มายุนซอก</txt:bold>จะเหลิงเกินไปแล้วแฮะ...)</txt:color>","<txt:color,grey>(Tenho a impressão de que o <txt:bold,2>Yunseok Ma</txt:bold> tá começando a se empolgar demais...)</txt:color>"
,,,백시우_교복,,1_웃음,,,"<txt:color,grey>(뭐, 잠깐 정도는 승리 분위기를 즐기는 것도 나쁘진 않지만, 이러다 훈련에 늦으면 안 되는데.)</txt:color>","<txt:color,grey>(It's fine to indulge in the feeling of victory, but at this rate, we're going to be late for practice.)</txt:color>","<txt:color,grey>(まあ、少しぐらい勝利の余韻に浸るのも悪くないけど、これで練習に遅れたらマズイよな)</txt:color>","<txt:color,grey>(虽然稍微沉浸在胜利的喜悦中也不是不行，但要是因此耽误了训练可就不好了。)</txt:color>","<txt:color,grey>(雖然稍微沉浸在勝利的喜悅中也不是壞事，但要是因此耽誤了訓練可就不好了。)</txt:color>","<txt:color,grey>(Радоваться победе не грех, но мы так на тренировку опоздаем.)</txt:color>","<txt:color,grey>(Tak salah nak layan perasaan menang ni, tapi kalau macam ni, kita akan lambat ke tempat latihan.)</txt:color>","<txt:color,grey>(Ừ thì, tận hưởng bầu không khí chiến thắng một chút cũng không tệ, nhưng nếu cứ thế này mà trễ giờ tập thì không ổn.)</txt:color>","<txt:color,grey>(Bueno, celebrar un rato la victoria no tiene nada de malo, pero no podemos llegar tarde al entrenamiento).</txt:color>","<txt:color,grey>(Yah, menikmati suasana kemenangan sebentar memang tidak masalah, tapi kita bisa-bisa terlambat gara-gara ini.)</txt:color>","<txt:color,grey>(การสนุกกับบรรยากาศแห่งชัยชนะสักแป๊บก็ไม่แย่หรอก แต่ถ้ายังเป็นแบบนี้ได้ไปซ้อมสายแน่)</txt:color>","<txt:color,grey>(Bom, aproveitar um pouco o clima da vitória não faz mal, mas desse jeito vamos acabar nos atrasando pro treino.)</txt:color>"
,,,후배,,,,,"<txt:bold,2><txt:color,orange>시우</txt:color></txt:bold> 선배는 어때요? 경기 전부터 해볼 만하다고 느끼셨어요?","What about you, <txt:bold,2><txt:color,orange>Siwoo</txt:color></txt:bold>? Did it feel doable, even before the match?","<txt:bold,2><txt:color,orange>新</txt:color></txt:bold>先輩はどうですか？試合前からイケるって感じてました？","<txt:bold,2><txt:color,orange>时宇</txt:color></txt:bold>前辈觉得怎么样？比赛前您觉得我们有胜算吗？","<txt:bold,2><txt:color,orange>時宇</txt:color></txt:bold>前輩覺得呢？你在比賽前就覺得我們有勝算嗎？","<txt:bold,2><txt:color,orange>Шиу</txt:color></txt:bold>, а ты? Ты был уверен в победе?","Macam mana dengan kamu, <txt:bold,2><txt:color,orange>Siwoo</txt:color></txt:bold>? Sebelum perlawanan pun rasa boleh menang?","Anh <txt:bold,2><txt:color,orange>Siwoo</txt:color></txt:bold> thì sao ạ? Trước trận anh đã thấy có cơ hội thắng không?","¿Qué hay de ti, <txt:bold,2><txt:color,orange>Siwoo</txt:color></txt:bold>? ¿Tú sentiste desde antes del partido que sí teníamos oportunidad?","Bagaimana dengan senior <txt:bold,2><txt:color,orange>Siwoo</txt:color></txt:bold>? Apa senior merasa yakin bisa menang sebelum pertandingan?","แล้วรุ่นพี่<txt:bold,2><txt:color,orange>ชีอู</txt:color></txt:bold>ล่ะครับ? รู้สึกว่าพอมีลุ้นตั้งแต่ก่อนการแข่งขันรึเปล่า?","<txt:bold,2><txt:color,orange>Siwoo</txt:color></txt:bold>, e você? Achou que dava para competir de igual pra igual?"
,,,백시우_교복,,1_엥,,,"응? 나, 나?<cha:pop,백시우_교복>","Huh? M-me?<cha:pop,백시우_교복>","えっ？お、俺？<cha:pop,백시우_교복>","嗯？我、我吗？<cha:pop,백시우_교복>","嗯？我、我嗎？<cha:pop,백시우_교복>","А? Я?<cha:pop,백시우_교복>","Apa? Saya?<cha:pop,백시우_교복>","Hả? Tôi, tôi á?<cha:pop,백시우_교복>","¿Qué? ¿Yo?<cha:pop,백시우_교복>","Hah? A-aku?<cha:pop,백시우_교복>","หืม? ฉะ ฉันเหรอ?<cha:pop,백시우_교복>","Hã? Eu?<cha:pop,백시우_교복>"
,,,후배,,,,,"네! 사실 그때 코트에서 가장 득점 많이 하신 건 <txt:bold,2><txt:color,orange>시우</txt:color></txt:bold> 선배였잖아요! 선배 얘기도 듣고 싶어요!","Yeah! You were the one who scored the most points that day, <txt:bold,2><txt:color,orange>Siwoo</txt:color></txt:bold>! I want to hear your thoughts on the match!","はい！実はあの時、コートで一番点を取ってたのって<txt:bold,2><txt:color,orange>新</txt:color></txt:bold>先輩だったじゃないですか！先輩の話も聞きたいです！","是啊！其实当时在场上得分最多的是<txt:bold,2><txt:color,orange>时宇</txt:color></txt:bold>前辈您啊！我们也想听听前辈您的想法！","對啊！其實當時在場上得分最多的就是<txt:bold,2><txt:color,orange>時宇</txt:color></txt:bold>前輩嘛！我們也想聽前輩的想法！","Ага, ты же был самым результативным игроком того матча. Как он тебе?","Ya! Kamulah penyerang yang skor paling banyak hari tu, <txt:bold,2><txt:color,orange>Siwoo</txt:color></txt:bold>! Saya nak dengar pendapat kamu tentang perlawanan tu!","Vâng! Thật ra lúc đó trên sân, người ghi điểm nhiều nhất là anh <txt:bold,2><txt:color,orange>Siwoo</txt:color></txt:bold> mà! Bọn em cũng muốn nghe anh chia sẻ!","¡Sí! De hecho, fuiste tú quien más puntos hizo en la cancha. ¡Así que también quiero escuchar tu versión!","Iya! Soalnya senior <txt:bold,2><txt:color,orange>Siwoo</txt:color></txt:bold> lah yang mencetak poin terbanyak di pertandingan itu, kan? Saya ingin dengar cerita dari senior juga!","ครับ! ที่จริงแล้ว คนที่ทำแต้มได้มากที่สุดในสนาม ก็คือรุ่นพี่<txt:bold,2><txt:color,orange>ชีอู</txt:color></txt:bold>นี่ครับ! ผมอยากฟังเรื่องของรุ่นพี่ด้วยครับ!","Sim, <txt:bold,2><txt:color,orange>Siwoo</txt:color></txt:bold>, você foi quem mais pontuou! Conta pra a gente o que achou!"
,,,백시우_교복,,1_정적,,,"<wrt:delay,5>어, 어...? <wrt:wait,25>으음... <wrt:wait,25>하하, 글쎄. 정신없이 뛰어서...</wrt:delay>","<wrt:delay,5>Oh, uh... <wrt:wait,25>Well... <wrt:wait,25>Haha, I don't know. I was so focused on the match...</wrt:delay>","<wrt:delay,5>え、ええっ‥？<wrt:wait,25>うーん‥<wrt:wait,25>はは、どうだったかな。無我夢中でプレーしてたから‥</wrt:delay>","<wrt:delay,5>呃，呃‥？<wrt:wait,25>唔‥<wrt:wait,25>哈哈，这个嘛。当时打得太投入了‥</wrt:delay>","<wrt:delay,5>呃、呃‥？<wrt:wait,25>這個嘛‥<wrt:wait,25>哈哈，我當時打得太投入了‥</wrt:delay>","<wrt:delay,5>Э-э... <wrt:wait,25>Ну, не знаю... <wrt:wait,25>Все прошло так быстро...</wrt:delay>","<wrt:delay,5>Oh, uh... <wrt:wait,25>Baiklah... <wrt:wait,25>Haha, saya tak tahu. Saya fokus betul pada perlawanan tu...</wrt:delay>","<wrt:delay,5>Ơ, ơ...? <wrt:wait,25>Ừm... <wrt:wait,25>Ha ha, cũng khó nói. Lúc đó tôi cứ lao vào thi đấu nên...</wrt:delay>","<wrt:delay,5>¿E-eh...?<wrt:wait,25> Pues... <wrt:wait,25>Jaja, no sé. Estaba tan concentrado corriendo de un lado a otro que...</wrt:delay>","<wrt:delay,5>E-eh...? <wrt:wait,25>Hmm... <wrt:wait,25>Haha, entahlah. Aku benar-benar sibuk fokus bermain waktu itu...</wrt:delay>","<wrt:delay,5>อะ เอ๋...? <wrt:wait,25>อืม... <wrt:wait,25>ฮะฮะ ไม่รู้สิ ฉันมัวแต่วิ่งจนแทบไม่ได้คิดอะไรเลย...</wrt:delay>","<wrt:delay,5>A-Ah... <wrt:wait,25>Hum... <wrt:wait,25>Haha, não sei. Eu tava tão concentrado no jogo...</wrt:delay>"
,,,후배,,,,,"그러지 말고, 자랑해 주세요~!","Come on, you can brag a little!",そんなこと言わずに、もっと自慢話聞かせてくださいよ～！,别谦虚了，快跟我们炫耀一下吧～！,前輩別謙虛了，跟我們炫耀一下嘛～！,Не скромничай!,"Ayuh, kamu boleh berlagak sikit!","Đừng vậy mà, khoe với bọn em đi!","Ay, ¡no digas eso, presúmenos un poco!","Jangan malu-malu, dong! Tolong diceritakan~",ไม่เอาน่า ช่วยเล่าความสำเร็จให้ฟังหน่อยนะครับ~!,"Vamos lá, pode se gabar um pouquinho!"
,,,후배,,,,,"<txt:bold,2>지산고</txt:bold>를 상대로 어떻게 경기할지 머릿속에 전략을 다 짜두셨던 거죠?","Did you have a strategy to go against <txt:bold,2>Jisan High</txt:bold> beforehand?","<txt:bold,2>芝山高校</txt:bold>相手にどう戦うのか、頭の中で全部戦略を練ってたんですよね？","面对<txt:bold,2>智山高中</txt:bold>，您是不是在脑子里已经想好了一整套战术？","前輩其實早就想好應對<txt:bold,2>智山高中</txt:bold>的戰術了吧？","Наверняка у тебя была стратегия против <txt:bold,2>«Чжисан»</txt:bold>!","Kamu sudah ada strategi untuk lawan <txt:bold,2>Jisan High</txt:bold>?","Anh đã vạch sẵn hết chiến thuật trong đầu về cách thi đấu với <txt:bold,2>Trường THPT Jisan</txt:bold> rồi đúng không?","Seguro que ya tenías toda una estrategia en mente para enfrentarte a la <txt:bold,2>Escuela Jisan</txt:bold>, ¿no?","Apa senior memang sudah menyiapkan strategi untuk menghadapi <txt:bold,2>SMA Jisan</txt:bold> sebelum pertandingan?","รุ่นพี่วางแผนไว้ในหัวหมดแล้วใช่ไหมล่ะครับ ว่าจะรับมือกับ<txt:bold,2>มัธยมจีซัน</txt:bold>ยังไง?","Você já tinha planejado toda a estratégia pra enfrentar o <txt:bold,2>Colégio Jisan</txt:bold>, não tinha?"
,,,후배,,,,,"팀에서 가장 눈에 띄던 것 같은데, 원래 배구하셨던 거 맞죠!!","You stood out the most in the team, you played volleyball before, right?!",チームで一番目立ってましたけど、元々バレーやってたんですよね！！,感觉您在队里最显眼了，您以前肯定打过排球吧！！,前輩在球隊裡看起來最亮眼了，以前一定打過排球對吧！！,Ты больше всех выделялся на корте. Давно играешь?,"Kamu paling menonjol dalam pasukan, kamu pernah main bola tampar, bukan?","Anh có vẻ là người nổi bật nhất đội, trước đây anh từng chơi bóng chuyền đúng không?","Tú fuiste el que más destacó en el equipo. Ya tenías experiencia en voleibol, ¡¿cierto?!","Senior terlihat paling gemilang di antara anggota tim lain. Senior pasti sudah main bola voli sejak dulu, kan?",รุ่นพี่โดดเด่นที่สุดในทีมเลย เคยเล่นวอลเลย์บอลมาอยู่แล้วสินะครับ!!,"Seu desempenho foi incrível! Você já jogava vôlei antes, não é?!"
,,,백시우_교복,,1_웃음,,sweat,"<txt:shake,1>아, 아하하</txt:shake>, 얘들아, 일단 한 명씩 천천히 물어봐 줄래...","<txt:shake,1>Ah... Ahahaha</txt:shake>, one question at a time, guys...","<txt:shake,1>あ、あはは</txt:shake>、みんな、とりあえず一人ずつゆっくり聞いてくれるかな‥？","<txt:shake,1>啊，啊哈哈</txt:shake>，大家，那个，能不能一个一个慢慢问‥","<txt:shake,1>啊、啊哈哈</txt:shake>，各位，你們可以一個一個慢慢問嗎‥","<txt:shake,1>Ха-ха...</txt:shake> Ребят, давайте по одному, ладно?","<txt:shake,1>Ah... Ahahaha</txt:shake>, tanyalah soalan satu satu...","<txt:shake,1>A, a ha ha</txt:shake>, các em cứ hỏi từng người một, từ từ thôi được không...","<txt:shake,1>Ah, jajaja...</txt:shake> Chicos, ¿podrían preguntarme uno por uno y con calma...?","<txt:shake,1>Ah... Hahaha</txt:shake>, apa bisa kalian tanya satu per satu...","<txt:shake,1>เอ่อ ฮะฮะ</txt:shake> ทุกคน ค่อยๆ ถามกันทีละคนได้รึเปล่า...","<txt:shake,1>Haha... </txt:shake>Calma! Um de cada vez, por favor..."
,,,TAG,,,,,"<cha:pos,정다희,2><cha:pos,백시우_교복,0>","<cha:pos,정다희,2><cha:pos,백시우_교복,0>","<cha:pos,정다희,2><cha:pos,백시우_교복,0>","<cha:pos,정다희,2><cha:pos,백시우_교복,0>","<cha:pos,정다희,2><cha:pos,백시우_교복,0>","<cha:pos,정다희,2><cha:pos,백시우_교복,0>","<cha:pos,정다희,2><cha:pos,백시우_교복,0>","<cha:pos,정다희,2><cha:pos,백시우_교복,0>","<cha:pos,정다희,2><cha:pos,백시우_교복,0>","<cha:pos,정다희,2><cha:pos,백시우_교복,0>","<cha:pos,정다희,2><cha:pos,백시우_교복,0>","<cha:pos,정다희,2><cha:pos,백시우_교복,0>"
,,,정다희,,3_활짝,,,"<txt:bold,2><txt:color,orange>시우</txt:color></txt:bold>야~!!","<txt:bold,2><txt:color,orange>Siwoo</txt:color></txt:bold>!","<txt:bold,2><txt:color,orange>新</txt:color></txt:bold>～！！","<txt:bold,2><txt:color,orange>时宇</txt:color></txt:bold>～！！","<txt:bold,2><txt:color,orange>時宇</txt:color></txt:bold>～！！","<txt:bold,2><txt:color,orange>Шиу</txt:color></txt:bold>!","<txt:bold,2><txt:color,orange>Siwoo</txt:color></txt:bold>!","<txt:bold,2><txt:color,orange>Siwoo</txt:color></txt:bold> ơi~!!","¡¡<txt:bold,2><txt:color,orange>Siwoo</txt:color></txt:bold>!!","<txt:bold,2><txt:color,orange>Siwoo</txt:color></txt:bold>~!!","<txt:bold,2><txt:color,orange>ชีอู</txt:color></txt:bold>~!!","<txt:bold,2><txt:color,orange>Siwoo</txt:color></txt:bold>!"
,,,백시우_교복,,1_기본,,,"<txt:bold,2><txt:color,orange>다희</txt:color></txt:bold>야!","<txt:bold,2><txt:color,orange>Dahee</txt:color></txt:bold>!","<txt:bold,2><txt:color,orange>夏希</txt:color></txt:bold>！","<txt:bold,2><txt:color,orange>多熙</txt:color></txt:bold>！","<txt:bold,2><txt:color,orange>多熙</txt:color></txt:bold>！","<txt:bold,2><txt:color,orange>Дахи</txt:color></txt:bold>!","<txt:bold,2><txt:color,orange>Dahee</txt:color></txt:bold>!","<txt:bold,2><txt:color,orange>Dahee</txt:color></txt:bold>!","¡<txt:bold,2><txt:color,orange>Dahee</txt:color></txt:bold>!","<txt:bold,2><txt:color,orange>Dahee</txt:color></txt:bold>!","<txt:bold,2><txt:color,orange>ดาฮี</txt:color></txt:bold>!","<txt:bold,2><txt:color,orange>Dahee</txt:color></txt:bold>!"
,,,정다희,,1_기본,,,"훈련 시간이 다 됐는데, 여기서 아직도 뭐 하고 있는 거야?",It's time for practice. What are you still doing here?,もう練習時間なのに、こんなところでまだ何してるの？,训练时间都到了，你们还在这里干嘛呢？,訓練時間都到了，你們還在這裡做什麼？,Ты почему еще тут? Пора на тренировку.,Masa untuk berlatih. Kamu buat apa di sini?,Đã đến giờ tập rồi mà còn làm gì ở đây vậy?,Ya es hora de entrenar. ¿Qué siguen haciendo aquí?,Kenapa kalian masih di sini? Bukannya waktu latihan sudah dekat?,ถึงเวลาซ้อมแล้วนะ มัวทำอะไรอยู่ตรงนี้เนี่ย?,O treino já vai começar. O que vocês ainda tão fazendo aqui?
,,,정다희,,1_기본,,,"자자, 얘들아, 미안~ 우리 이제 훈련 시간이거든~ <wrt:break>잠깐만, 지나갈게...!","Sorry, guys! We have to head to practice. <wrt:break>Passing through...!",ほらほら、みんな、ごめんね～。私たちもう練習時間だからさ～。<wrt:break>ちょっと通してね‥！,好了好了，大家，不好意思哦～我们要开始训练了～<wrt:break>借过一下，借过一下‥！,好了好了，各位，不好意思喔～我們要開始訓練了～<wrt:break>借過一下喔‥！,"Так, ребята, потом договорите. <wrt:break>У нас тренировка.","Maaf, semua! Kita perlu pergi berlatih. <wrt:break>Tumpang lalu...!","Nào nào, mấy đứa, xin lỗi nhé~ Tụi chị đến giờ tập rồi~ <wrt:break>Cho chị đi qua một chút...!","A ver, chicos, lo siento. Nos toca entrenar. <wrt:break>Permiso, vamos a pasar.","Maaf ya, semuanya~ Kita harus mulai latihan sekarang. <wrt:break>Permisi sebentar, ya!",เอาล่ะๆ ทุกคน โทษทีน้า~ ตอนนี้ถึงเวลาซ้อมของเราแล้วน่ะ~ <wrt:break>ขอทางหน่อย...!,"Certo, pessoal, desculpem! Mas já tá na hora do nosso treino. <wrt:break>Com licença..."
,,,정다희,,1_외침,,,"<txt:bold,2><txt:color,orange>마윤석</txt:color></txt:bold>, 너도 얼른 체육관으로 가!!","Head to the gym, <txt:bold,2><txt:color,orange>Yoonseok</txt:color></txt:bold>!","<txt:bold,2><txt:color,orange>忠英</txt:color></txt:bold>、あなたも早く体育館に行きなさいよ！！","<txt:bold,2><txt:color,orange>马允硕</txt:color></txt:bold>，你也赶紧去体育馆！！","<txt:bold,2><txt:color,orange>馬允碩</txt:color></txt:bold>，你也快點去體育館！！","<txt:bold,2><txt:color,orange>Ма Юнсок</txt:color></txt:bold>, бегом в зал!","Pergi ke gim, <txt:bold,2><txt:color,orange>Yoonseok</txt:color></txt:bold>!","<txt:bold,2><txt:color,orange>Ma Yoonseok</txt:color></txt:bold>, cậu cũng mau đến nhà thi đấu đi!!","¡<txt:bold,2><txt:color,orange>Ma Yunseok</txt:color></txt:bold>, tú también, al gimnasio ya!","<txt:bold,2><txt:color,orange>Yunseok Ma</txt:color></txt:bold>, kamu juga cepat ke gedung olahraga!!","<txt:bold,2><txt:color,orange>มายุนซอก</txt:color></txt:bold> นายก็ด้วย รีบไปโรงยิมเลยนะ!!","<txt:bold,2><txt:color,orange>Yunseok Ma</txt:color></txt:bold>, você também! Vá logo pra quadra!"
,,,마윤석,,1_당황,,,"크흠, 자, 잠깐만! 얘들아 남은 얘기는 다음에 하자!","W-wait for me! Ahem, I'll tell you the rest of the story another time, guys!",コホン、ちょ、ちょっと待って！お前ら、続きはまた今度な！,咳咳，等，等一下！大家，没说完的话我们下次再聊！,咳嗯，等、等一下！各位，剩下的部分我們下次再聊！,"Кхм! Ладно, ребята, остальное расскажу потом.",Tunggu saya! Saya akan beritahu kesudahan cerita lain kali!,"E hèm, ch, chờ chút! Phần còn lại để lần sau nói tiếp nhé mấy đứa!","Ejem, bueno, chicos, hablamos después.","Ahem! T-tunggu sebentar! Ceritanya akan aku lanjutkan lain kali, ya!",อะแฮ่ม ดะ เดี๋ยวสิ! ทุกคน ที่เหลือไว้ค่อยคุยกันคราวหน้านะ!,"Cahem! Pessoal, continuamos essa conversa depois!"
,,,마윤석,,1_우쭐,,,"물론, 난 연습 따윈 필요 없는 초천재지만 말이야. <cha:face,정다희,1_언짢>...아, 알았어!<cha:pop,마윤석> 갈게, 간다니까!","I mean, not that a genius like me needs practice. <cha:face,정다희,1_언짢>...F-fine! <cha:pop,마윤석>I'm coming!","もちろん、俺は練習なんて必要ない超天才だけどな。<cha:face,정다희,1_언짢>‥あ、分かったよ！<cha:pop,마윤석>行くよ、すぐ行くってば！","当然了，我可是不需要训练的超级天才。 <cha:face,정다희,1_언짢>‥啊，知道了啦！<cha:pop,마윤석>这就去，走着呢！","當然，像我這種超級天才是不需要練習的。 <cha:face,정다희,1_언짢>‥好、好啦！<cha:pop,마윤석>我知道了，這就去嘛！","Хотя мне, как сверхгению, тренировки не нужны... <cha:face,정다희,1_언짢>Ай, ладно!<cha:pop,마윤석> Иду я, иду!","Sudah tentulah genius hebat macam saya tak perlukan latihan. <cha:face,정다희,1_언짢>...Ah, yalah! <cha:pop,마윤석>Saya pergi, saya pergi!","Dĩ nhiên, thiên tài siêu cấp như tôi thì không cần luyện tập gì cả. <cha:face,정다희,1_언짢>...À, biết rồi!<cha:pop,마윤석> Tôi đi, đi ngay đây!","Aunque, claro, un genio como yo no necesita entrenar. <cha:face,정다희,1_언짢> ¡Sí, sí, ya entendí! <cha:pop,마윤석>¡Ya voy!","Tentu saja, sebenarnya jenius sepertiku tidak butuh latihan. <cha:face,정다희,1_언짢>...I-iya, iya!<cha:pop,마윤석> Aku pergi sekarang!","ถึงฉันจะเป็นอัจฉริยะขั้นเทพที่ไม่จำเป็นต้องซ้อมก็เถอะ <cha:face,정다희,1_언짢>...ระ รู้แล้วน่า!<cha:pop,마윤석> ไปแล้ว จะไปเดี๋ยวนี้แหละ!","Eu nem preciso treinar, afinal, sou um supergênio. <cha:face,정다희,1_언짢>Ah... Tá bom, tá bom! <cha:pop,마윤석>Já tô indo!"
,,,TAG,,,,,"<cha:pos,정다희,2><cha:pos,백시우_교복,-2><cha:pos,마윤석,-4>","<cha:pos,정다희,2><cha:pos,백시우_교복,-2><cha:pos,마윤석,-4>","<cha:pos,정다희,2><cha:pos,백시우_교복,-2><cha:pos,마윤석,-4>","<cha:pos,정다희,2><cha:pos,백시우_교복,-2><cha:pos,마윤석,-4>","<cha:pos,정다희,2><cha:pos,백시우_교복,-2><cha:pos,마윤석,-4>","<cha:pos,정다희,2><cha:pos,백시우_교복,-2><cha:pos,마윤석,-4>","<cha:pos,정다희,2><cha:pos,백시우_교복,-2><cha:pos,마윤석,-4>","<cha:pos,정다희,2><cha:pos,백시우_교복,-2><cha:pos,마윤석,-4>","<cha:pos,정다희,2><cha:pos,백시우_교복,-2><cha:pos,마윤석,-4>","<cha:pos,정다희,2><cha:pos,백시우_교복,-2><cha:pos,마윤석,-4>","<cha:pos,정다희,2><cha:pos,백시우_교복,-2><cha:pos,마윤석,-4>","<cha:pos,정다희,2><cha:pos,백시우_교복,-2><cha:pos,마윤석,-4>"
,,,정다희,,1_언짢,,,"으휴, <txt:bold,2><txt:color,orange>마윤석</txt:color></txt:bold>도 참...","Ugh, that <txt:bold,2><txt:color,orange>Yoonseok</txt:color></txt:bold>...","はあ、<txt:bold,2><txt:color,orange>忠英</txt:color></txt:bold>ったらもう‥","唉，<txt:bold,2><txt:color,orange>马允硕</txt:color></txt:bold>真是‥","唉，<txt:bold,2><txt:color,orange>馬允碩</txt:color></txt:bold>真是的‥","Ох уж этот <txt:bold,2><txt:color,orange>Ма Юнсок</txt:color></txt:bold>...","Ugh, <txt:bold,2><txt:color,orange>Yoonseok</txt:color></txt:bold> tu...","Haiz, <txt:bold,2><txt:color,orange>Ma Yoonseok</txt:color></txt:bold> thật là...","Ay, este <txt:bold,2><txt:color,orange>Yunseok</txt:color></txt:bold>...","Haaah, dasar <txt:bold,2><txt:color,orange>Yunseok Ma</txt:color></txt:bold> itu...","เฮ้อ <txt:bold,2><txt:color,orange>มายุนซอก</txt:color></txt:bold>นี่ก็ช่าง...","Ai, ai... Esse <txt:bold,2><txt:color,orange>Yunseok Ma</txt:color></txt:bold>, viu..."
,,,백시우_교복,,1_무표정,,,...,...,‥,‥,‥,...,...,...,...,...,...,...
,,,정다희,,1_기본,,,"왜 그래, <txt:bold,2><txt:color,orange>시우</txt:color></txt:bold>야? 표정이 안 좋네.","What's wrong, <txt:bold,2><txt:color,orange>Siwoo</txt:color></txt:bold>? You don't look so well.","どうしたの、<txt:bold,2><txt:color,orange>新</txt:color></txt:bold>？顔色が良くないけど。","怎么了，<txt:bold,2><txt:color,orange>时宇</txt:color></txt:bold>？你表情看起来不太好。","怎麼啦，<txt:bold,2><txt:color,orange>時宇</txt:color></txt:bold>？你的表情看起來不太好。","Что с тобой, <txt:bold,2><txt:color,orange>Шиу</txt:color></txt:bold>? Ты плохо выглядишь.","Kenapa ni, <txt:bold,2><txt:color,orange>Siwoo</txt:color></txt:bold>? Kamu nampak tak sihat.","Sao vậy, <txt:bold,2><txt:color,orange>Siwoo</txt:color></txt:bold>? Sắc mặt cậu không tốt lắm.","¿Qué pasa, <txt:bold,2><txt:color,orange>Siwoo</txt:color></txt:bold>? No tienes buena cara.","Ada apa, <txt:bold,2><txt:color,orange>Siwoo</txt:color></txt:bold>? Wajahmu kelihatan murung.","เป็นอะไรน่ะ <txt:bold,2><txt:color,orange>ชีอู</txt:color></txt:bold>? สีหน้าไม่ดีเลย","O que foi, <txt:bold,2><txt:color,orange>Siwoo</txt:color></txt:bold>? Você não parece muito bem."
,,,백시우_교복,,1_웃음,,,"응? 하핫, 별 건 아니야. ...<wrt:wait,25>그냥 지난 경기에서 내가 너무 튀어버린 걸까 싶어서.","Huh? Haha, it's nothing... <wrt:wait,25>I just worry that I stood out too much in the last match.","えっ？ははっ、大したことじゃないよ。‥<wrt:wait,25>ただ、この前の試合で俺、目立ちすぎちゃったかなって思って。","嗯？哈哈，没什么。‥<wrt:wait,25>只是觉得，上一场比赛我好像有点太出风头了。","嗯？哈哈，沒什麼啦。‥<wrt:wait,25>只是在想，上次比賽我是不是太出風頭了。","А? Все хорошо. <wrt:wait,25>Слишком много внимания получил после прошлой игры.","Eh? Haha, tak ada apa-apa... <wrt:wait,25>Cuma saya terfikir, saya terlalu menonjol ke dalam perlawanan hari itu?","Ừ? Ha ha, không có gì đâu. ...<wrt:wait,25>Chỉ là tôi đang nghĩ không biết trận trước mình có nổi bật quá không.","¿Eh? Ah, jaja, no es nada. <wrt:wait,25>Solo pensaba que quizá destaqué demasiado en el partido anterior.","Hmm? Haha, bukan apa-apa. ...<wrt:wait,25>Aku cuma berpikir apa aku terlalu mencolok pada pertandingan kemarin.","หืม? ฮะฮะ ไม่มีอะไรหรอก ...<wrt:wait,25>แค่แอบคิดว่าการแข่งขันครั้งก่อนฉันเด่นเกินไปรึเปล่าน่ะ","Hã? Não é nada. <wrt:wait,25>Só fiquei pensando se não chamei atenção demais durante o jogo."
,,,백시우_교복,,1_결연,,,"관심받는 것도 좋지만, 난 너희들과 즐겁게 배구하는 것만으로도 좋았거든.","I appreciate the attention, but for me, I just like playing volleyball with you guys.",注目されるのも悪くないけど、俺はみんなと楽しくバレーができるだけで十分だったからさ。,被关注虽然挺开心的，但我其实只要能和大家一起开开心心打排球就满足了。,雖然被大家注意到挺開心的，但我其實只要能跟你們一起開心地打排球就很滿足了。,Я не за этим пришел в команду. Мне просто нравится играть.,"Saya hargai perhatian semua, tapi bagi saya, saya cuma suka main bola tampar dengan kamu semua.","Được chú ý cũng tốt, nhưng chỉ cần được chơi bóng chuyền vui vẻ với các cậu là tôi đã thấy đủ rồi.","No me molesta recibir atención, pero para mí ya era suficiente con disfrutar el voleibol junto a ustedes.","Senang sih diperhatikan banyak orang, tapi sebenarnya, bisa bermain bola voli dengan kalian semua saja sudah lebih dari cukup buatku.",การได้รับความสนใจก็ดีแหละ แต่แค่ได้เล่นวอลเลย์บอลกับพวกเธออย่างสนุกสนาน ฉันก็พอใจแล้ว,"É legal receber atenção, mas eu já ficava feliz só de jogar vôlei com vocês."
,,,정다희,,1_기본,,,"흠, 튀어버렸다라. <txt:bold,2><txt:color,orange>시우</txt:color></txt:bold> 너 이상한 걸 신경 쓰는구나?","Hmm... Stand out? You're worried about the strangest things, <txt:bold,2><txt:color,orange>Siwoo</txt:color></txt:bold>.","ふーん、目立ちすぎちゃった、か。<txt:bold,2><txt:color,orange>新</txt:color></txt:bold>って変なこと気にするんだね？","嗯，太出风头了吗。<txt:bold,2><txt:color,orange>时宇</txt:color></txt:bold>，你还会在意这种奇怪的事情啊？","嗯，出風頭啊。<txt:bold,2><txt:color,orange>時宇</txt:color></txt:bold>，你擔心的點還真奇怪。","Не думала, что тебя это беспокоит.","Hmm... Menonjol? Kamu risau perkara yang paling aneh, <txt:bold,2><txt:color,orange>Siwoo</txt:color></txt:bold>.","Hừm, nổi bật quá à... <txt:bold,2><txt:color,orange>Siwoo</txt:color></txt:bold>, cậu để tâm mấy chuyện kỳ lạ thật đó?","Mmm, sí que destacaste. Pero te preocupas por cada cosa, <txt:bold,2><txt:color,orange>Siwoo</txt:color></txt:bold>.","Hmm... terlalu mencolok kamu bilang. <txt:bold,2><txt:color,orange>Siwoo</txt:color></txt:bold>, ternyata kamu suka mengkhawatirkan hal-hal aneh.","อืม เด่นเกินไปงั้นเหรอ <txt:bold,2><txt:color,orange>ชีอู</txt:color></txt:bold> นายใส่ใจเรื่องแปลกๆ เนอะ?","Você tá preocupado por ter chamado atenção? <txt:bold,2><txt:color,orange>Siwoo</txt:color></txt:bold>, você anda se preocupando à toa."
,,,백시우_교복,,1_엥,,sweat,"그, 그래?!",A-am I?!,そ、そうか！？,是、是吗？！,是、是嗎？！,Д-да?,Yakah?!,"V, vậy sao?!",¡¿D-de verdad?!,A-apa begitu?!,งะ งั้นเหรอ?!,Você acha?
,,,정다희,,1_기본,,,"응, 너무 풀어지면 안 되지만, <cha:pop,정다희>지금은 즐거워하는 것뿐이잖아!","Yeah. I mean, you shouldn't get complacent, <cha:pop,정다희>but you're just having fun!","うん、浮かれすぎるのは良くないけど、<cha:pop,정다희>今は喜んでもいいじゃない！","嗯，虽然不能太松懈，但<cha:pop,정다희>现在他们只是很开心而已嘛！","對啊，雖然不能太過鬆懈，<cha:pop,정다희>但大家現在只是單純覺得開心而已嘛！","Игроки могут порадоваться успеху, <cha:pop,정다희>это нормально.","Ya. Maksud saya, kamu tak patut rasa selesa, <cha:pop,정다희>tapi kamu cuma berseronok!","Ừ, dĩ nhiên không nên thả lỏng quá, nhưng <cha:pop,정다희>bây giờ mọi người chỉ đang vui một chút thôi mà!","Sí. No hay que confiarse demasiado, <cha:pop,정다희>pero ahora solo estamos emocionados.","Iya, memang kita tidak boleh terlalu terlena, <cha:pop,정다희>tapi sekarang kita cuma sedang menikmati momen ini saja!","อื้ม ถึงจะไม่ควรเหลิงกันเกินไป <cha:pop,정다희>แต่ตอนนี้ทุกคนก็แค่กำลังดีใจกันอยู่นี่นา!","Sim! Claro que não podemos relaxar demais, <cha:pop,정다희>mas eles só estão curtindo o momento!"
,,,정다희,,1_웃음,,,다들 이렇게 대접받아 본 적이 한 번도 없어서 좋아하는 거야~,Everyone's excited because they've never gotten this much attention!,みんなさ、こんな風にチヤホヤされたことなんて一度もなかったから、嬉しくてたまらないんだよ～。,大家以前都没受过这种待遇，所以才会这么兴奋的～,畢竟以前沒被這樣崇拜過，所以才會這麼興奮～,Раньше мы никогда не были в центре внимания.,Semua orang teruja sebab mereka tak pernah dapat perhatian sebanyak ini!,Trước giờ chưa ai được đối xử như vậy lần nào nên ai cũng thích thôi~,Todos estamos felices porque nunca nos habían tratado así.,Mereka semua senang karena belum pernah mendapat perhatian seperti ini sebelumnya~,ทุกคนแค่กำลังดีใจ เพราะไม่เคยได้รับการปฏิบัติแบบนี้มาก่อนน่ะสิ~,Eles estão felizes porque nunca receberam tanta atenção antes.
,,,정다희,,3_활짝,,,"신경 쓰지 마! <txt:bold,2><txt:color,orange>시우</txt:color></txt:bold>, 넌 무지 잘해 줬어!","Nothing to worry about! <txt:bold,2><txt:color,orange>Siwoo</txt:color></txt:bold>, you were amazing out there!","気にしないで！<txt:bold,2><txt:color,orange>新</txt:color></txt:bold>、すっごくよくやってくれたよっ！","别在意啦！<txt:bold,2><txt:color,orange>时宇</txt:color></txt:bold>，你表现得非常棒哦！","別在意啦！<txt:bold,2><txt:color,orange>時宇</txt:color></txt:bold>，你表現得非常棒喔！","Не переживай, <txt:bold,2><txt:color,orange>Шиу</txt:color></txt:bold>. Ты отлично справился!","Tak perlu risau apa-apa! <txt:bold,2><txt:color,orange>Siwoo</txt:color></txt:bold>, kamu hebat betul tadi!","Đừng bận tâm! <txt:bold,2><txt:color,orange>Siwoo</txt:color></txt:bold>, cậu đã làm rất tốt rồi!",¡No le des muchas vueltas! Jugaste muy bien.,"Jadi tidak usah dipikir panjang! <txt:bold,2><txt:color,orange>Siwoo</txt:color></txt:bold>, kamu benar-benar sudah banyak membantu kita!","อย่าใส่ใจเลยนะ! <txt:bold,2><txt:color,orange>ชีอู</txt:color></txt:bold> นายทำดีมากๆ แล้ว!","Não se preocupe com isso! Você foi incrível, <txt:bold,2><txt:color,orange>Siwoo</txt:color></txt:bold>!"
,,,TAG,,,,,"<cha:pos,백시우_교복,1><cha:pos,마윤석,-2>","<cha:pos,백시우_교복,1><cha:pos,마윤석,-2>","<cha:pos,백시우_교복,1><cha:pos,마윤석,-2>","<cha:pos,백시우_교복,1><cha:pos,마윤석,-2>","<cha:pos,백시우_교복,1><cha:pos,마윤석,-2>","<cha:pos,백시우_교복,1><cha:pos,마윤석,-2>","<cha:pos,백시우_교복,1><cha:pos,마윤석,-2>","<cha:pos,백시우_교복,1><cha:pos,마윤석,-2>","<cha:pos,백시우_교복,1><cha:pos,마윤석,-2>","<cha:pos,백시우_교복,1><cha:pos,마윤석,-2>","<cha:pos,백시우_교복,1><cha:pos,마윤석,-2>","<cha:pos,백시우_교복,1><cha:pos,마윤석,-2>"
,,,마윤석,,1_분노,nervous,,"야~! 너희 둘이 거기서 뭐 해, 안 와?",Hey! What are you two doing over there?,おーい！お前ら二人、そこで何してんだよ。早く来いって。,喂～！你们俩在那里干嘛呢，还不快过来？,喂～！你們兩個在那邊幹嘛，還不快過來？,"Эй, вы двое, идете?",Hei! Kamu berdua buat apa di sana?,"Này~! Hai cậu làm gì ở đó vậy, mau đến đi!",¡Oigan! ¿Qué hacen ahí los dos? ¡Ya vengan!,Oi~! Sedang apa kalian disana? Apa kalian tidak akan datang?,เฮ้~! สองคนนั้นมัวทำอะไรอยู่น่ะ ทำไมไม่มาสักที?,Ei! O que vocês dois tão fazendo aí? Vamos logo!
,,,마윤석,,1_분노,nervous,,"아, 설마!! 너희 나 빼고, 신입생들이랑 놀고 있는 거 아니지?!","Wait! You're not hanging out with the new members without me, are you?!",あ、まさか！！お前ら俺を仲間外れにして、新入生と遊んでるんじゃないだろうな！？,啊，难道！！你们该不会背着我偷偷跟新生们玩呢吧？！,啊，難不成！！你們背著我，在跟新生們玩？！,Общаетесь с новичками без меня?!,"Eh, jangan-jangan kamu sedang berborak dengan pelajar baharu tanpa saya?!","À, đừng nói là hai cậu bỏ tôi để chơi với đám thành viên mới đó nha?!","¡Ah, no me digan que...! No estarán pasando el rato con los nuevos sin mí, ¿verdad?","Ah, jangan-jangan!! Kalian sedang asyik bermain dengan anak-anak baru tanpa mengajakku?!",เอ๊ะ หรือว่า!! พวกเธอคงไม่ได้กำลังเล่นสนุกกับเด็กใหม่ โดยไม่มีฉันหรอกใช่ไหม?!,Espera aí! Vocês estão se divertindo com os novatos sem mim?!
,,,정다희,,1_언짢,,,"으휴, 우리가 너인 줄 알아? 얼른 가자, <txt:bold,2><txt:color,orange>시우</txt:color></txt:bold>야!","Ugh, we're not the same as you! Let's go, <txt:bold,2><txt:color,orange>Siwoo</txt:color></txt:bold>!","はぁ、忠英と私たちを一緒にしないでくれる？早く行こう、<txt:bold,2><txt:color,orange>新</txt:color></txt:bold>！","哎哟，你以为我们像你一样啊？快走吧，<txt:bold,2><txt:color,orange>时宇</txt:color></txt:bold>！","唉，你以為我們是你喔？快走吧，<txt:bold,2><txt:color,orange>時宇</txt:color></txt:bold>！","Не все такие, как ты. Пойдем, <txt:bold,2><txt:color,orange>Шиу</txt:color></txt:bold>!","Ugh, kami tak sama macam kamu! Mari pergi, <txt:bold,2><txt:color,orange>Siwoo</txt:color></txt:bold>!","Haiz, cậu tưởng bọn tôi là cậu chắc? Mau đi thôi, <txt:bold,2><txt:color,orange>Siwoo</txt:color></txt:bold>!","Ugh, ¿crees que somos como tú? Vamos ya, <txt:bold,2><txt:color,orange>Siwoo</txt:color></txt:bold>.","Huh, memangnya kita ini kamu? Ayo kita pergi juga, <txt:bold,2><txt:color,orange>Siwoo</txt:color></txt:bold>!","เฮ้อ คิดว่าเราเป็นเหมือนนายรึไง? รีบไปกันเถอะ <txt:bold,2><txt:color,orange>ชีอู</txt:color></txt:bold>!","Claro que não! A gente não é que nem você! Vamos, <txt:bold,2><txt:color,orange>Siwoo</txt:color></txt:bold>!"
,,,백시우_교복,,1_웃음,,,"아하하, 그래!","Ahahah, sure!",あはは、そうだな！,啊哈哈，好！,啊哈哈，好！,"Ха-ха, идем!","Ahahah, sudah tentu!","A ha ha, được!","Jajaja, ¡sí!","Ahahaha, iya!",ฮ่าฮ่า โอเค!,"Haha, vamos nessa!"
,,,TAG,,,,,"<eff:black,3>","<eff:black,3>","<eff:black,3>","<eff:black,3>","<eff:black,3>","<eff:black,3>","<eff:black,3>","<eff:black,3>","<eff:black,3>","<eff:black,3>","<eff:black,3>","<eff:black,3>"
,,,TAG,,,,,"<sys:qmap,대지고 체육관><cha:pos,백시우_교복,4><cha:qpos,백시우,0><cha:qpos,정다희,4><cha:qpos,마윤석,4>","<sys:qmap,대지고 체육관><cha:pos,백시우_교복,4><cha:qpos,백시우,0><cha:qpos,정다희,4><cha:qpos,마윤석,4>","<sys:qmap,대지고 체육관><cha:pos,백시우_교복,4><cha:qpos,백시우,0><cha:qpos,정다희,4><cha:qpos,마윤석,4>","<sys:qmap,대지고 체육관><cha:pos,백시우_교복,4><cha:qpos,백시우,0><cha:qpos,정다희,4><cha:qpos,마윤석,4>","<sys:qmap,대지고 체육관><cha:pos,백시우_교복,4><cha:qpos,백시우,0><cha:qpos,정다희,4><cha:qpos,마윤석,4>","<sys:qmap,대지고 체육관><cha:pos,백시우_교복,4><cha:qpos,백시우,0><cha:qpos,정다희,4><cha:qpos,마윤석,4>","<sys:qmap,대지고 체육관><cha:pos,백시우_교복,4><cha:qpos,백시우,0><cha:qpos,정다희,4><cha:qpos,마윤석,4>","<sys:qmap,대지고 체육관><cha:pos,백시우_교복,4><cha:qpos,백시우,0><cha:qpos,정다희,4><cha:qpos,마윤석,4>","<sys:qmap,대지고 체육관><cha:pos,백시우_교복,4><cha:qpos,백시우,0><cha:qpos,정다희,4><cha:qpos,마윤석,4>","<sys:qmap,대지고 체육관><cha:pos,백시우_교복,4><cha:qpos,백시우,0><cha:qpos,정다희,4><cha:qpos,마윤석,4>","<sys:qmap,대지고 체육관><cha:pos,백시우_교복,4><cha:qpos,백시우,0><cha:qpos,정다희,4><cha:qpos,마윤석,4>","<sys:qmap,대지고 체육관><cha:pos,백시우_교복,4><cha:qpos,백시우,0><cha:qpos,정다희,4><cha:qpos,마윤석,4>"
,,,-,,,,,"<txt:bold,3><txt:color,grey>~한가로운 주말 아침, 학교 체육관~</txt:color></txt:bold>","<txt:bold,3><txt:color,grey>A leisurely weekend morning at the school gym...</txt:color></txt:bold>","<txt:bold,3><txt:color,grey>～のんびりとした週末の朝、学校の体育館～</txt:color></txt:bold>","<txt:bold,3><txt:color,grey>～悠闲的周末早晨，学校体育馆～</txt:color></txt:bold>","<txt:bold,3><txt:color,grey>～悠閒的週末早晨，學校體育館～</txt:color></txt:bold>","<txt:bold,3><txt:color,grey>Спокойное субботнее утро. Школьный спортзал.</txt:color></txt:bold>","<txt:bold,3><txt:color,grey>Pagi hujung minggu yang tenang di gim sekolah...</txt:color></txt:bold>","<txt:bold,3><txt:color,grey>~ Một buổi sáng cuối tuần yên bình, tại nhà thi đấu của trường ~</txt:color></txt:bold>","<txt:bold,3><txt:color,grey>-Una tranquila mañana de fin de semana, Gimnasio de la escuela-</txt:color></txt:bold>","<txt:bold,3><txt:color,grey>~Pagi akhir pekan yang santai, gedung olahraga sekolah~</txt:color></txt:bold>","<txt:bold,3><txt:color,grey>~เช้าวันสุดสัปดาห์ที่แสนชิล, โรงยิมของโรงเรียน~</txt:color></txt:bold>","<txt:bold,3><txt:color,grey>Numa tranquila manhã de fim de semana, na quadra da escola...</txt:color></txt:bold>"
,,,백시우,,1_기본,,,"자, 점프 플로터 서브를 할 때는 말이야...","Now, when you're doing a jump float serve...",それじゃあ、ジャンプフローターサーブを打つ時は‥,来，发跳飘球的时候啊‥,聽好喔，打跳飄球的時候呢‥,"Так, когда выполняешь планирующую подачу в прыжке...","Sekarang, semasa kamu buat servis apung lompat...","Nào, khi phát bóng nhảy không xoáy thì...","Bien, cuando haces un saque flotante con salto...",Jadi saat melakukan Jump Float Serve yang perlu diperhatikan adalah...,เอาล่ะ ตอนที่เสิร์ฟแบบจัมป์โฟลตน่ะ...,"Certo, quando for fazer um saque flutuante com salto..."
,,,대지고 부원,,,,,"오오, <txt:bold,2><txt:color,orange>백시우</txt:color></txt:bold>, 네 말대로 하니까 나도 성공했어!","Whoa, I did it! I did as you said, <txt:bold,2><txt:color,orange>Siwoo</txt:color></txt:bold>, and it worked!","おおっ、<txt:bold,2><txt:color,orange>新</txt:color></txt:bold>、お前の言った通りにしたら俺もできたよ！","噢噢，<txt:bold,2><txt:color,orange>白时宇</txt:color></txt:bold>，照你说的做，我也成功了！","噢噢，<txt:bold,2><txt:color,orange>白時宇</txt:color></txt:bold>，照你說的做，我也成功了耶！","О-о-о, <txt:bold,2><txt:color,orange>Бэк Шиу</txt:color></txt:bold>, я сделал, как ты сказал, и получилось!","Wah, berjaya! Saya buat macam yang kamu suruh, <txt:bold,2><txt:color,orange>Siwoo</txt:color></txt:bold>, dan berkesan!","Ồ, <txt:bold,2><txt:color,orange>Baek Siwoo</txt:color></txt:bold>, làm theo lời cậu nói nên tôi cũng thành công rồi!","¡Oooh, <txt:bold,2><txt:color,orange>Baek Siwoo</txt:color></txt:bold>! ¡Lo hice como me dijiste y también me salió!","Wah! <txt:bold,2><txt:color,orange>Siwoo Baek</txt:color></txt:bold>, begitu aku mengikuti saranmu, aku pun bisa melakukannya!","โอ้โห <txt:bold,2><txt:color,orange>แบคชีอู</txt:color></txt:bold> พอทำตามที่นายบอก ฉันก็ทำสำเร็จแล้ว!","Uau! <txt:bold,2><txt:color,orange>Siwoo Baek</txt:color></txt:bold>, funcionou! Fiz do jeito que você explicou e consegui!"
,,,대지고 부원,,,,,"<txt:bold,2><txt:color,orange>시우</txt:color></txt:bold>, 너, 제법 잘 가르쳐 준다?","You're a great teacher, <txt:bold,2><txt:color,orange>Siwoo</txt:color></txt:bold>.","<txt:bold,2><txt:color,orange>新</txt:color></txt:bold>、お前、教えるの結構上手いな！","<txt:bold,2><txt:color,orange>时宇</txt:color></txt:bold>，你教得还挺不错嘛？","<txt:bold,2><txt:color,orange>時宇</txt:color></txt:bold>，你還滿會教的嘛？",Ты классно объясняешь!,"Kamu cikgu yang hebat, <txt:bold,2><txt:color,orange>Siwoo</txt:color></txt:bold>.","<txt:bold,2><txt:color,orange>Siwoo</txt:color></txt:bold>, cậu dạy cũng được phết đó?","Explicas bastante bien, ¿eh?","<txt:bold,2><txt:color,orange>Siwoo</txt:color></txt:bold>, ternyata kamu lumayan jago mengajar, ya?","<txt:bold,2><txt:color,orange>ชีอู</txt:color></txt:bold> นายสอนเก่งใช้ได้เลยนะเนี่ย?","<txt:bold,2><txt:color,orange>Siwoo</txt:color></txt:bold>, você leva jeito pra ensinar, sabia?"
,,,백시우,,2_기쁨,,,"하하, 뭘. 내 친구 중에 배구를 정말 잘 아는 친구가 있거든.","Haha, it's nothing. I just have a friend who's very knowledgeable about volleyball.",はは、どうってことないよ。俺の友達にバレーにめちゃくちゃ詳しい奴がいてさ。,哈哈，没什么。我有个朋友非常懂排球。,哈哈，沒什麼啦。我有一個很懂排球的朋友。,"Ха-ха, да ладно. У меня есть друг, который отлично разбирается в волейболе.","Haha, biasa saja. Saya cuma ada kawan yang sangat berpengetahuan tentang bola tampar.","Ha ha, có gì đâu. Tôi có một người bạn rất am hiểu bóng chuyền.","Jaja, no es para tanto. Tengo un amigo que sabe muchísimo de voleibol.","Haha, biasa saja. Ada temanku yang benar-benar paham soal voli.",ฮ่าฮ่า ไม่หรอก ฉันมีเพื่อนที่เก่งวอลเลย์บอลมากๆ อยู่น่ะ,"Haha, que nada. Eu tenho um amigo que entende muito de vôlei."
,,,백시우,,1_기본,,,걔가 맨날 옆에서 이것저것 알려줘서 그런가 봐. 나도 모르게 영향을 받은 것 같아.,He used to tell me a lot of volleyball tips and facts. I think that influenced me.,いつも隣であいつがいろいろ教えてくれるからかな。いつの間にか影響を受けてたみたいだな。,可能是他经常在旁边给我讲解各种技巧吧。不知不觉中我也受到了他的影响。,他以前常在旁邊教我這教我那的，我大概是受到他的影響了吧。,И он мне постоянно что-то объяснял. Я научился у него.,Dia pernah beritahu banyak petua dan fakta bola tampar sehingga mempengaruhi saya.,Chắc vì cậu ấy lúc nào cũng ở bên cạnh chỉ tôi đủ thứ nên tôi cũng bị ảnh hưởng từ lúc nào không hay.,"Como siempre me explicaba un montón de cosas, creo que terminé aprendiendo de él.","Dia sering mengajariku macam-macam, jadi tanpa sadar aku ikut belajar banyak darinya.",คงเป็นเพราะเขาคอยสอนนู่นนี่ให้อยู่ข้างๆ ตลอด ฉันก็เลยได้รับอิทธิพลมาโดยไม่รู้ตัว,"Como ele sempre ficava me dando dicas, acho que peguei o jeito naturalmente."
,,,대지고 부원,,,,,야! 그럼 난 슬라이딩이 진짜 안 되는데...,"Hey! I'm struggling with slides, could you...",えっと、俺はどうしてもフライングが上手くいかないんだけど‥,喂！那我的滑铲救球老是做不好，你也教教我呗‥,欸！那滑撲救球我一直練不好‥,"Помоги и мне, у меня с сейвом беда...","Hei! Saya bergelut untuk gelongsor, boleh kamu...",Này! Vậy tôi thật sự không trượt cứu bóng được...,"¡Oye! Entonces, ayúdame con el deslizamiento, que de verdad no me sale...","Oh! Kalau begitu, aku masih sama sekali tidak bisa melakukan Sliding...",นี่! ถ้างั้นฉันน่ะสไลด์ไม่เป็นเลย...,Ei! Então me ajuda também! Eu não consigo fazer peixinho...
,,,TAG,,,,,"<cha:pos,정다희,2><cha:pos,백시우,-2><sys:bgm,BGM_THE_SECOND_MOVE,1000>","<cha:pos,정다희,2><cha:pos,백시우,-2><sys:bgm,BGM_THE_SECOND_MOVE,1000>","<cha:pos,정다희,2><cha:pos,백시우,-2><sys:bgm,BGM_THE_SECOND_MOVE,1000>","<cha:pos,정다희,2><cha:pos,백시우,-2><sys:bgm,BGM_THE_SECOND_MOVE,1000>","<cha:pos,정다희,2><cha:pos,백시우,-2><sys:bgm,BGM_THE_SECOND_MOVE,1000>","<cha:pos,정다희,2><cha:pos,백시우,-2><sys:bgm,BGM_THE_SECOND_MOVE,1000>","<cha:pos,정다희,2><cha:pos,백시우,-2><sys:bgm,BGM_THE_SECOND_MOVE,1000>","<cha:pos,정다희,2><cha:pos,백시우,-2><sys:bgm,BGM_THE_SECOND_MOVE,1000>","<cha:pos,정다희,2><cha:pos,백시우,-2><sys:bgm,BGM_THE_SECOND_MOVE,1000>","<cha:pos,정다희,2><cha:pos,백시우,-2><sys:bgm,BGM_THE_SECOND_MOVE,1000>","<cha:pos,정다희,2><cha:pos,백시우,-2><sys:bgm,BGM_THE_SECOND_MOVE,1000>","<cha:pos,정다희,2><cha:pos,백시우,-2><sys:bgm,BGM_THE_SECOND_MOVE,1000>"
,,,정다희,,1_쿨쿨,,,"...안녕, 얘들아. 열심히 하고 있었어?","...Hey, guys. Training hard?",‥おはよう、みんな。頑張ってやってた？,‥大家早啊。都在认真练球吗？,‥嗨，各位。練習得還順利嗎？,"Привет, ребята. Тренируетесь?","...Hei, semua. Gigih berlatih?",...Chào. Mọi người đang tập chăm chỉ nhỉ?,"Hola, chicos. ¿Están entrenando duro?","...Selamat pagi, semuanya. Apa kalian sedang berlatih keras?",...สวัสดีทุกคน ตั้งใจซ้อมกันอยู่รึเปล่า?,"Oi, pessoal. Que bom ver todos treinando tão sério."
,,,백시우,,1_무표정,,silent,"응...? <txt:bold,2><txt:color,orange>다희</txt:color></txt:bold>야, 왜 그렇게 우울한 표정이야?","Hmm...? <txt:bold,2><txt:color,orange>Dahee</txt:color></txt:bold>, what's with the long face?","えっ‥？<txt:bold,2><txt:color,orange>夏希</txt:color></txt:bold>、なんでそんなに落ち込んだ顔してるんだ？","嗯‥？<txt:bold,2><txt:color,orange>多熙</txt:color></txt:bold>，你怎么看起来这么沮丧？","嗯‥？<txt:bold,2><txt:color,orange>多熙</txt:color></txt:bold>，妳怎麼一臉悶悶不樂的？","<txt:bold,2><txt:color,orange>Дахи</txt:color></txt:bold>? Почему ты такая грустная?","Hmm...? <txt:bold,2><txt:color,orange>Dahee</txt:color></txt:bold>, kenapa masam muka?","Ừ...? <txt:bold,2><txt:color,orange>Dahee</txt:color></txt:bold>, sao cậu trông buồn vậy?","¿Eh...? <txt:bold,2><txt:color,orange>Dahee</txt:color></txt:bold>, ¿por qué te ves tan decaída?","Iya...? <txt:bold,2><txt:color,orange>Dahee</txt:color></txt:bold>, kenapa wajahmu murung begitu?","หืม...? <txt:bold,2><txt:color,orange>ดาฮี</txt:color></txt:bold> ทำไมหน้าเศร้าแบบนั้นล่ะ?","Hum... <txt:bold,2><txt:color,orange>Dahee</txt:color></txt:bold>, aconteceu alguma coisa? Você parece meio triste."
,,,정다희,,2_어머,,,"응? 내 표정? 헤헷... 괜찮아, 별거 아니야.",Huh? My face? Heheh... It's okay. It's not a big deal.,えっ？私の顔？へへっ‥大丈夫、何でもないよ。,嗯？我的表情？嘿嘿‥没事，没什么。,嗯？我嗎？嘿嘿‥沒事啦，沒什麼。,"Да? Не переживай, все хорошо.",Apa? Muka saya? Heheh... Tak mengapa. Hal kecil saja.,"Hả? Nét mặt của tôi sao? He he... Không sao, không có gì đâu.","¿Qué? ¿Yo? Jeje... Estoy bien, no es nada.",Eh? Wajahku? Hehe... Tidak apa-apa. Bukan masalah besar.,เอ๋? หน้าฉันน่ะเหรอ? แหะแหะ... ฉันไม่เป็นไร ไม่มีอะไรหรอก,"Hã? Eu? Haha... Tá tudo bem, não é nada."
,,,정다희,,1_기본,,,"일단 다들 모여 볼래? 실은 방금 우리 <txt:bold,2>지역 대회</txt:bold> 대진표가 나왔거든.","Why don't you all gather 'round? We just received the <txt:bold,2>regionals</txt:bold> brackets.","とりあえずみんな集まってくれる？実はさっき、<txt:bold,2>地区大会</txt:bold>のトーナメント表が発表されたの。","那个，大家先集合一下好吗？其实‥我们<txt:bold,2>地区大赛</txt:bold>的对阵表刚刚出来了。","大家先集合一下好嗎？其實，剛剛我們<txt:bold,2>地區賽</txt:bold>的賽程表出爐了。","Подойдите все сюда. Объявили наших соперников на <txt:bold,2>региональных соревнованиях</txt:bold>.","Apa kata kamu semua berkumpul? Kita baru terima carta perlawanan <txt:bold,2>peringkat daerah</txt:bold>.","Trước tiên, mọi người tập trung lại một chút nhé? Thật ra bảng đấu <txt:bold,2>Giải Khu Vực</txt:bold> của chúng ta vừa có rồi.","Primero, ¿pueden juntarse todos? Acaban de publicar los cruces del <txt:bold,2>Torneo Regional</txt:bold>.","Apa kalian bisa berkumpul sekarang? Barusan bracket untuk <txt:bold,2>Turnamen Regional</txt:bold> telah diumumkan.","ทุกคนมารวมตัวกันก่อนได้ไหม? จริงๆ เมื่อกี้ตารางการแข่งขัน<txt:bold,2>ทัวร์นาเมนต์ระดับท้องถิ่น</txt:bold>ของเราออกมาแล้วล่ะ","Pessoal, venham todos pra cá. Acabou de sair a chave do <txt:bold,2>torneio regional</txt:bold>."
,,,백시우,,1_엥,,,대진표?,The brackets?,トーナメント表？,对阵表？,賽程表？,Соперников?,Carta perlawanan?,Bảng đấu?,¿Los cruces?,Bracket?,ตารางการแข่งขัน?,A chave?
,,,TAG,,,,,"<cha:pos,정다희,0><cha:pos,마윤석,2>","<cha:pos,정다희,0><cha:pos,마윤석,2>","<cha:pos,정다희,0><cha:pos,마윤석,2>","<cha:pos,정다희,0><cha:pos,마윤석,2>","<cha:pos,정다희,0><cha:pos,마윤석,2>","<cha:pos,정다희,0><cha:pos,마윤석,2>","<cha:pos,정다희,0><cha:pos,마윤석,2>","<cha:pos,정다희,0><cha:pos,마윤석,2>","<cha:pos,정다희,0><cha:pos,마윤석,2>","<cha:pos,정다희,0><cha:pos,마윤석,2>","<cha:pos,정다희,0><cha:pos,마윤석,2>","<cha:pos,정다희,0><cha:pos,마윤석,2>"
,,,마윤석,,1_우쭐,,,"뭐야, 상대가 나빠? 야, 걱정하지 마. 이 <txt:bold,2><txt:color,orange>마윤석</txt:color></txt:bold> 님이 있잖아! 얘기해봐. 1회전 상대가 어디야?","What is it? Is it bad? Come on, don't worry. <txt:bold,2><txt:color,orange>Yoonseok Ma</txt:color></txt:bold> is here! So, who are we going against first?","なんだ、対戦相手が良くないのか？おいおい、心配すんなって。この<txt:bold,2><txt:color,orange>伊藤忠英</txt:color></txt:bold>様がいるじゃないか！で、1回戦の相手はどこだ？","怎么，对手很强吗？哎，别担心。有我<txt:bold,2><txt:color,orange>马允硕</txt:color></txt:bold>在呢！说吧。第一轮对手是谁？","怎樣，對手很難纏嗎？哎呀，別擔心啦。不是還有我<txt:bold,2><txt:color,orange>馬允碩</txt:color></txt:bold>在嗎！快說，第一輪對手是誰？","Пока я в команде, волноваться не о чем! Так кто наш первый противник?","Macam mana? Teruk? Janganlah risau. Kita ada <txt:bold,2><txt:color,orange>Yoonseok Ma</txt:color></txt:bold>! Jadi, kita akan lawan siapa dulu?","Gì vậy, đối thủ khó nhằn à? Này, đừng lo. Đã có <txt:bold,2><txt:color,orange>Ma Yoonseok</txt:color></txt:bold> đây rồi mà! Nói thử xem. Đối thủ vòng 1 là trường nào?","¿Qué pasa? ¿Nos tocó un rival complicado? Oye, no te preocupes. ¡Me tienes a mí, <txt:bold,2><txt:color,orange>Ma Yunseok</txt:color></txt:bold>! Dime, ¿contra quién jugamos en la primera ronda?","Kenapa? Lawan kita tangguh? Tenang, ada <txt:bold,2><txt:color,orange>Yunseok Ma</txt:color></txt:bold> di sini! Coba bilang, siapa lawan kita di babak pertama?","อะไรกัน เจอคู่แข่งหินเหรอ? นี่ ไม่ต้องกังวลไปหรอกน่า มีท่าน<txt:bold,2><txt:color,orange>มายุนซอก</txt:color></txt:bold>ผู้นี้อยู่ทั้งคน! ไหนลองบอกมาซิ คู่แข่งรอบแรกคือใคร?","Que foi? O adversário é forte? Fica tranquila! O grande <txt:bold,2><txt:color,orange>Yunseok Ma</txt:color></txt:bold> tá aqui! Então, quem a gente enfrenta na primeira rodada?"
,,,정다희,,1_기본,,,...신입 부원도 들어왔으니까 처음부터 차근차근 설명해줄게. 잘 들어.,"...Since we have new members, I'll explain it slowly. Listen up.",‥新入部員も入ってきたことだし、最初から順を追って説明するね。よく聞いて。,‥因为有新部员加入，我还是从头给大家详细说明一下吧。听好了。,‥因為有新部員加入，我從頭開始詳細說明一下。你們仔細聽好。,"У нас есть новички, поэтому объясню по порядку.","...Memandangkan kita ada ahli baru, saya akan terangkan perlahan-lahan. Dengar.",...Vì có cả thành viên mới vào nên tôi sẽ giải thích từ đầu thật rõ ràng. Nghe kỹ nhé.,"Como también tenemos miembros nuevos, lo explicaré desde cero. Presten atención.","...Karena sekarang kita punya anggota baru, aku jelaskan dari awal. Coba simak baik-baik, ya.",...ในเมื่อมีสมาชิกใหม่เข้ามาด้วย ฉันจะค่อยๆ อธิบายให้ฟังตั้งแต่แรกนะ ตั้งใจฟังล่ะ,"Como temos novos membros no time, vou explicar tudo desde o início. Prestem atenção."
,,,정다희,,1_기본,,,배구의 인기가 요새 점점 많아지고 있어서 신설된 배구부도 많은 거 알고 있지?,"You know that there are a lot of new volleyball teams due to the rising popularity of the sport, right?",最近、バレーの人気がどんどん高まってきて、新設されたバレー部も多いのは知ってるでしょ？,最近排球越来越受欢迎，新成立的排球部也很多，大家知道吧？,你們也知道最近排球越來越受歡迎，所以新成立的排球部也變多了對吧？,"Сейчас волейбол популярен, и школьных команд становится все больше.","Kamu pun tahu makin banyak pasukan bola tampar baru sebab sukan ni makin popular. Betul, bukan?",Mọi người biết dạo này bóng chuyền ngày càng được quan tâm nên có nhiều CLB Bóng Chuyền mới được thành lập đúng không?,"Saben que el voleibol se ha vuelto cada vez más popular últimamente y que se han formado muchos clubes nuevos, ¿verdad?","Seperti yang kalian ketahui, belakangan ini bola voli semakin populer, jadi banyak klub bola voli baru yang bermunculan.",รู้กันใช่ไหม ว่าช่วงนี้วอลเลย์บอลกำลังได้รับความนิยมมากขึ้นเรื่อยๆ ก็เลยมีชมรมวอลเลย์บอลเปิดใหม่เยอะขึ้นด้วย?,"Vocês sabem que o vôlei vem ficando cada vez mais popular, então muitas escolas criaram novos times recentemente, né?"
,,,정다희,,1_웃음,,,"이번 우리 지역에서는 무려 50개 팀이 <txt:bold,2>지역 대회</txt:bold>에 출전해.","In this region, there are 50 teams participating in <txt:bold,2>regionals</txt:bold>.","今回、うちの地区からは、なんと50チームが<txt:bold,2>地区大会</txt:bold>に出場するの。","这次我们地区足足有50支队伍报名参加<txt:bold,2>地区大赛</txt:bold>。","這次我們這個地區，總共有50支隊伍報名參加<txt:bold,2>地區賽</txt:bold>。","В этот раз на нашем <txt:bold,2>региональном турнире</txt:bold> выступят целых 50 команд.","Di daerah ini, ada 50 pasukan yang menyertai <txt:bold,2>peringkat daerah</txt:bold>.","Lần này chỉ riêng khu vực của chúng ta đã có đến 50 đội tham gia <txt:bold,2>Giải Khu Vực</txt:bold>.","En nuestra región, participarán nada menos que 50 equipos.","Tahun ini, ada 50 tim yang akan ikut bertanding di <txt:bold,2>Turnamen Regional</txt:bold>.","ครั้งนี้ในเขตของเรามีตั้ง 50 ทีมเลยล่ะ ที่เข้าร่วม<txt:bold,2>ทัวร์นาเมนต์ระดับท้องถิ่น</txt:bold>","Este ano, nada menos que 50 equipes vão participar do <txt:bold,2>torneio regional</txt:bold>."
,,,정다희,,1_기본,,,"출전팀이 많다 보니까 <txt:bold,2>지역 대회</txt:bold>도 <txt:bold,2>예선</txt:bold>과 <txt:bold,2>본선</txt:bold>으로 나눠서 치러지게 되지.","Since there are so many teams competing, <txt:bold,2>regionals</txt:bold> was divided into the <txt:bold,2>preliminary round</txt:bold> and the <txt:bold,2>playoffs</txt:bold>.","出場チームが多いから、<txt:bold,2>地区大会</txt:bold>も<txt:bold,2>予選</txt:bold>と<txt:bold,2>本選</txt:bold>に分けて行われることになったんだ。","因为参赛队伍太多，所以<txt:bold,2>地区大赛</txt:bold>也分成了<txt:bold,2>预选赛</txt:bold>和<txt:bold,2>正赛</txt:bold>。","因為參賽隊伍很多，所以<txt:bold,2>地區賽</txt:bold>也分成了<txt:bold,2>預賽</txt:bold>和<txt:bold,2>正賽</txt:bold>來進行。","Поэтому сначала идут <txt:bold,2>отборочные игры</txt:bold>, и только потом начинаются <txt:bold,2>основные</txt:bold>.","Sebab banyak pasukan bertanding, <txt:bold,2>kejohanan daerah</txt:bold> pun dibahagikan kepada <txt:bold,2>pusingan kelayakan</txt:bold> dan <txt:bold,2>pusingan utama</txt:bold>.","Vì số đội tham gia đông hơn nên <txt:bold,2>Giải Khu Vực</txt:bold> cũng sẽ được chia thành <txt:bold,2>Vòng Loại</txt:bold> và <txt:bold,2>Vòng Chính</txt:bold>.","Como son tantos, el <txt:bold,2>Torneo Regional</txt:bold> se dividirá en una <txt:bold,2>fase preliminar</txt:bold> y una <txt:bold,2>fase final</txt:bold>.","Karena pesertanya banyak, <txt:bold,2>Turnamen Regional</txt:bold> dibagi menjadi <txt:bold,2>Babak Penyisihan</txt:bold> dan <txt:bold,2>Babak Utama</txt:bold>.","พอมีทีมเข้าร่วมเยอะ <txt:bold,2>ทัวร์นาเมนต์ระดับท้องถิ่น</txt:bold>ก็เลยต้องแบ่งเป็น<txt:bold,2>รอบคัดเลือก</txt:bold>กับ<txt:bold,2>รอบหลัก</txt:bold>","Como tem muitas equipes, o <txt:bold,2>torneio regional</txt:bold> é dividido em <txt:bold,2>fase classificatória</txt:bold> e <txt:bold,2>fase principal</txt:bold>."
,,,정다희,,1_기본,,,"그리고 이 팀 중에서 <txt:bold,2>전국 대회</txt:bold>로 가는 티켓을 따내는 팀은 단 한 팀뿐이야.","And only one team gets the golden ticket to the <txt:bold,2>National Tournament</txt:bold>.","そして、この中から<txt:bold,2>全国大会</txt:bold>への切符を手にするチームは、たったの1チームだけ。","而且在这些队伍中，只有一支队伍能拿到进军<txt:bold,2>全国大赛</txt:bold>的门票。","而在這些隊伍中，只有一支隊伍能拿到<txt:bold,2>全國大賽</txt:bold>門票。","И из всех этих команд путевку на <txt:bold,2>национальный турнир</txt:bold> получит лишь одна.","Hanya satu pasukan yang dapat tiket emas ke <txt:bold,2>Kejohanan Kebangsaan</txt:bold>.","Và trong số các đội này, chỉ có duy nhất một đội giành được tấm vé tham dự <txt:bold,2>Giải Toàn Quốc</txt:bold>.","Y de todos esos equipos, solo uno conseguirá el pase al <txt:bold,2>Torneo Nacional</txt:bold>.","Dan dari semua tim itu, hanya satu tim yang akan mendapat tiket menuju <txt:bold,2>Turnamen Nasional</txt:bold>.","แล้วในบรรดาทีมเหล่านี้ จะมีแค่ทีมเดียวเท่านั้นที่ได้ตั๋วไป<txt:bold,2>ทัวร์นาเมนต์ระดับประเทศ</txt:bold>","E, entre todas essas equipes, apenas uma conquistará a vaga pro <txt:bold,2>torneio nacional</txt:bold>."
,,,마윤석,,1_우쭐,,,"크흠, 뭐 우리 쪽은 아직 다른 지역에 비해 고등학교 팀이 아주 많지는 않아.","Ahem, well, there aren't that many high-school teams compared to the other regions.",コホン、まあ、この地区は他の所と比べて、高校チームがそんなに多いわけじゃないからな。,咳咳，那个，其实我们地区的高中队伍比起其他地区还不算特别多啦。,咳嗯，其實跟其他地區比起來，我們這邊的高中球隊還不算多。,"Хм, в других регионах команд больше, чем у нас.","Ehem, pasukan sekolah menengah di daerah kita sebenarnya belum sebanyak daerah lain.","E hèm, ừ thì khu vực mình vẫn chưa có nhiều đội cấp ba như các khu vực khác.","Ejem. Bueno, nuestra región no tiene tantos equipos de preparatoria en comparación con otras zonas.","Ehem, meski begitu, jumlah tim SMA di wilayah kita masih belum sebanyak daerah lain.",อะแฮ่ม ก็นะ ฝั่งเราถ้าเทียบกับเขตอื่นแล้ว ยังถือว่าทีมระดับม.ปลายไม่ได้มีเยอะขนาดนั้นหรอก,"Bem, nossa região ainda tem menos equipes escolares do que outras."
,,,정다희,,1_쿨쿨,,,"설명 고마워, <txt:bold,2><txt:color,orange>마윤석</txt:color></txt:bold>. 어쨌든 <txt:bold,2>지역 대회</txt:bold>는 토너먼트 형식으로 진행되다 보니 그날의 컨디션이랑 대진운에도 엄청 영향을 받는 편이야.","Thanks, <txt:bold,2><txt:color,orange>Yoonseok</txt:color></txt:bold>. Anyway, since <txt:bold,2>regionals</txt:bold> is a knockout tournament, the players' condition on the day and the luck of the draw can make a huge difference.","追加説明ありがとね、<txt:bold,2><txt:color,orange>忠英</txt:color></txt:bold>。とにかく、<txt:bold,2>地区大会</txt:bold>はトーナメント形式で行われるから、その日のコンディションや対戦運にもかなり左右されるの。","谢谢你的补充，<txt:bold,2><txt:color,orange>马允硕</txt:color></txt:bold>。总之，因为<txt:bold,2>地区大赛</txt:bold>是淘汰赛制，所以非常受当天的状态和签运的影响。","謝謝你的補充，<txt:bold,2><txt:color,orange>馬允碩</txt:color></txt:bold>。總之，<txt:bold,2>地區賽</txt:bold>是採淘汰賽制，所以當天的體能狀況跟籤運好壞，影響都非常大。","Спасибо за пояснение, <txt:bold,2><txt:color,orange>Ма Юнсок</txt:color></txt:bold>. Так вот, региональный турнир идет на выбывание, поэтому многое зависит от формы в день матча и удачи при жеребьевке.","Terima kasih, <txt:bold,2><txt:color,orange>Yoonseok</txt:color></txt:bold>. Apa pun, <txt:bold,2>kejohanan daerah</txt:bold> menggunakan format kalah mati, jadi keadaan pemain pada hari itu dan nasib undian lawan sangat mempengaruhi keputusan.","Cảm ơn cậu đã giải thích, <txt:bold,2><txt:color,orange>Ma Yoonseok</txt:color></txt:bold>. Dù sao thì <txt:bold,2>Giải Khu Vực</txt:bold> diễn ra theo thể thức loại trực tiếp, nên phong độ trong ngày thi đấu và vận may bốc thăm bảng đấu đều ảnh hưởng rất lớn.","Gracias por la aclaración, <txt:bold,2><txt:color,orange>Ma Yunseok</txt:color></txt:bold>. En fin, como el <txt:bold,2>Torneo Regional</txt:bold> se juega en formato eliminatorio, el estado físico de ese día y la suerte en los cruces influyen muchísimo.","Terima kasih atas penjelasannya, <txt:bold,2><txt:color,orange>Yunseok Ma</txt:color></txt:bold>. Pokoknya, <txt:bold,2>Turnamen Regional</txt:bold> memakai sistem gugur, jadi kondisi tim pada hari pertandingan dan hasil undian benar-benar berpengaruh besar.","ขอบใจที่เสริมให้นะ <txt:bold,2><txt:color,orange>มายุนซอก</txt:color></txt:bold> ยังไงก็ตาม <txt:bold,2>ทัวร์นาเมนต์ระดับท้องถิ่น</txt:bold>น่ะแข่งแบบแพ้คัดออก เลยค่อนข้างจะขึ้นอยู่กับสภาพร่างกายในวันนั้น แล้วก็ดวงในการจัดสายแข่งขัน","Obrigada pela explicação, <txt:bold,2><txt:color,orange>Yunseok Ma</txt:color></txt:bold>. Ainda assim, como o <txt:bold,2>torneio regional</txt:bold> é eliminatório, o desempenho no dia e os confrontos sorteados fazem muita diferença."
,,,정다희,,1_기본,,,그런 만큼 대진표 편성이 진짜 중요한데. 우리의 첫 번째 예선 상대는...,"So, who we get in the bracket is really important. And our first opponent is...",それだけに、トーナメント表の編成が本当に大事なんだけど。私たちの予選の最初の相手は‥,正因为如此，对阵表的安排就显得至关重要了。而我们预选赛的第一个对手是‥,所以抽到什麼對手真的很重要。我們預賽的第一個對手是‥,"Поэтому важно, кто нам выпадет. Наш первый соперник...","Jadi, pasukan yang masuk ke carta perlawanan memang penting. Lawan pertama kita pula ialah...",Vì vậy bảng đấu sẽ đóng vai trò cực kỳ quan trọng. Đối thủ đầu tiên ở Vòng Loại của chúng ta là...,"Por eso, los cruces son clave. Y nuestro primer oponente en la fase preliminar será...",Makanya bracket pertandingan itu sangat penting. Dan lawan pertama kita di babak penyisihan adalah...,เพราะงั้นการจัดตารางการแข่งขันถึงได้สำคัญมาก ซึ่งคู่แข่งรอบคัดเลือกครั้งแรกของเราก็คือ...,Por isso mesmo o chaveamento é tão importante. E nosso primeiro adversário será o...
,,,정다희,,1_기본,,,"<txt:bold,2>광탄고등학교</txt:bold>야. 작년 <txt:bold,2>지역 대회 본선 4강</txt:bold> 진출팀이지.","<txt:bold,2>Gwangtan High</txt:bold>. They advanced to the <txt:bold,2>Semi-finals of the regional playoffs</txt:bold> last year.","<txt:bold,2>光球高校</txt:bold>だよ。去年の<txt:bold,2>地区大会本選でベスト4</txt:bold>に入ったチームなの。","<txt:bold,2>光谭高中</txt:bold>。是去年打进<txt:bold,2>地区大赛正赛四强</txt:bold>的队伍。","<txt:bold,2>光譚高中</txt:bold>。就是去年打進<txt:bold,2>地區賽正賽前四強</txt:bold>的隊伍。","<txt:bold,2>Школа «Квантан»</txt:bold>. В прошлом году они дошли до <txt:bold,2>полуфинала</txt:bold> основного этапа.","<txt:bold,2>Gwangtan High</txt:bold>. Tahun lepas mereka mara ke <txt:bold,2>separuh akhir pusingan utama kejohanan daerah</txt:bold>.","<txt:bold,2>Trường THPT Gwangtan</txt:bold>. Năm ngoái họ đã vào đến bán kết <txt:bold,2>Vòng Chính Giải Khu Vực</txt:bold>.","La <txt:bold,2>Escuela Gwangtan</txt:bold>. El año pasado llegó a <txt:bold,2>semifinales en la fase final del Torneo Regional</txt:bold>.","<txt:bold,2>SMA Gwangtan</txt:bold>. Mereka mencapai <txt:bold,2>semifinal babak utama Turnamen Regional</txt:bold> tahun lalu.","<txt:bold,2>โรงเรียนมัธยมปลายกวังทัน</txt:bold> ทีมที่เข้ารอบ <txt:bold,2>4 ทีมสุดท้ายของรอบหลักในทัวร์นาเมนต์ระดับท้องถิ่น</txt:bold>ปีก่อน","<txt:bold,2>Colégio Gwangtan</txt:bold>. Eles chegaram às <txt:bold,2>semifinais do torneio regional</txt:bold> no ano passado."
,,,백시우,,2_놀람,,exclam,"<cha:pop,백시우><txt:size,2>본선 4강?!</txt:size>","<cha:pop,백시우><txt:size,2>The semifinals of the playoffs?!</txt:size>","<cha:pop,백시우><txt:size,2>本選ベスト4！？</txt:size>","<cha:pop,백시우><txt:size,2>正赛四强？！</txt:size>","<cha:pop,백시우><txt:size,2>正賽四強？！</txt:size>","<cha:pop,백시우><txt:size,2>Полуфиналисты?!</txt:size>","<cha:pop,백시우><txt:size,2>Separuh akhir pusingan utama?!</txt:size>","<cha:pop,백시우><txt:size,2>Bán kết Vòng Chính?!</txt:size>","<cha:pop,백시우><txt:size,2>¡¿Semifinales?!</txt:size>","<cha:pop,백시우><txt:size,2>Semifinal babak utama?!</txt:size>","<cha:pop,백시우><txt:size,2>4 ทีมสุดท้ายของรอบหลักเหรอ?!</txt:size>","<cha:pop,백시우><txt:size,2>Semifinais?!</txt:size>"
,,,정다희,,1_기본,,,"그리고 우리가 기적적으로 1차전을 통과한다면, 그다음 바로 붙는 상대는 <txt:bold,2>민재고등학교</txt:bold>.","And, if we somehow make it through the first match, our next opponent is <txt:bold,2>Minjae High</txt:bold>.","そして私たちが奇跡的に1回戦を突破したとして、その次に当たる相手は<txt:bold,2>敏才高校</txt:bold>。","如果我们奇迹般地通过了第一轮，接下来马上要面对的对手是<txt:bold,2>民在高中</txt:bold>。","然後，如果我們奇蹟似地通過了第一輪，接下來要面對的對手是<txt:bold,2>民在高中</txt:bold>。","И если мы их чудом обыграем, нас ждет школа <txt:bold,2>«Минчжэ»</txt:bold>.","Dan kalau ditakdirkan kita lepas perlawanan pertama, lawan kita yang seterusnya ialah <txt:bold,2>Minjae High</txt:bold>.","Và nếu chúng ta vượt qua được trận đầu như một kỳ tích, đối thủ tiếp theo sẽ là <txt:bold,2>Trường THPT Minjae</txt:bold>.","Y si logramos pasar milagrosamente la primera ronda, nuestro siguiente rival será la <txt:bold,2>Escuela Minjae</txt:bold>.","Dan kalau kita berhasil melewati pertandingan pertama, kita akan langsung berhadapan dengan <txt:bold,2>SMA Minjae</txt:bold>.","แล้วถ้าเราผ่านรอบแรกไปได้แบบปาฏิหาริย์ล่ะก็ คู่แข่งทีมต่อไปที่จะได้เจอทันทีก็คือ<txt:bold,2>โรงเรียนมัธยมปลายมินแจ</txt:bold>","E, se conseguirmos passar da primeira rodada, nosso próximo adversário será o <txt:bold,2>Colégio Minjae</txt:bold>."
,,,정다희,,1_쿨쿨,,,"작년 대회에서 우리가 <txt:bold,2>민재고</txt:bold>한테 2-0으로 져서 예선 탈락했던 거 <cha:pop,마윤석>다들 알지?","You all know that we lost to <txt:bold,2>Minjae High</txt:bold> 2-0 last year and got eliminated in the preliminary rounds, <cha:pop,마윤석>right?","去年の大会で、<txt:bold,2>敏才高校</txt:bold>を相手に2-0で負けて予選落ちしたの、<cha:pop,마윤석>みんな覚えてるよね？","去年我们在预选赛上被<txt:bold,2>民在高中</txt:bold>打了个2-0淘汰出局，这事<cha:pop,마윤석>大家都知道吧？","就是去年的比賽，以2比0把我們淘汰掉的那個<txt:bold,2>民在高中</txt:bold>。<cha:pop,마윤석>大家應該都還記得吧？","Год назад именно <txt:bold,2>«Минчжэ»</txt:bold> отправили нас домой <cha:pop,마윤석>со счетом 2:0.","Kamu semua pun tahu kita kalah dengan <txt:bold,2>Minjae High</txt:bold> 2-0 tahun lepas dan tersingkir dalam pusingan awal, <cha:pop,마윤석>bukan?","Mọi người đều biết năm ngoái chúng ta đã thua <txt:bold,2>Trường THPT Minjae</txt:bold> 2 - 0 và <cha:pop,마윤석>bị loại ngay từ Vòng Loại đúng không?","Todos recuerdan que el año pasado perdimos 2-0 contra ellos y quedamos fuera en la clasificatoria, <cha:pop,마윤석>¿verdad?","Kalian masih ingat, kan? Pada Turnamen tahun lalu kita kalah 2-0 dari <txt:bold,2>SMA Minjae</txt:bold><cha:pop,마윤석> dan langsung tersingkir di babak penyisihan.","ทัวร์นาเมนต์ปีก่อนเราตกรอบคัดเลือก เพราะแพ้<txt:bold,2>มัธยมมินแจ</txt:bold> 2-0 ล่ะ <cha:pop,마윤석>ทุกคนรู้ใช่ไหม?","Vocês se lembram que fomos eliminados pelo <txt:bold,2>Colégio Minjae</txt:bold> por 2 sets a 0 no ano passado, <cha:pop,마윤석>certo?"
,,,정다희,,1_언짢,,,"하지만... <wrt:wait,25>진짜 문제는 그다음이야.","But... <wrt:wait,25>The real trouble comes after that.","だけど‥<wrt:wait,25>本当の問題は、その次なの。","可是‥<wrt:wait,25>真正的问题在后面。","但是‥<wrt:wait,25>真正的考驗還在後頭。","Но <wrt:wait,25>проблема в другом...","Tapi... <wrt:wait,25>Masalah sebenar muncul selepas itu.","Nhưng mà... <wrt:wait,25>vấn đề thật sự là sau đó.","Sin embargo... <wrt:wait,25>el verdadero problema viene después.","Tapi... <wrt:wait,25>Masalah sebenarnya justru setelah itu.","แต่ว่า... <wrt:wait,25>ปัญหาของจริงคือต่อจากนี้ต่างหาก","Mas... <wrt:wait,25>o verdadeiro problema vem depois disso."
,,,백시우,,1_무표정,,,"<wrt:delay,5>...혹시...</wrt:delay>","<wrt:delay,5>... Is the next opponent...</wrt:delay>","<wrt:delay,5>‥もしかして‥</wrt:delay>","<wrt:delay,5>‥难道是‥</wrt:delay>","<wrt:delay,5>‥該不會是‥</wrt:delay>","<wrt:delay,5>О, нет...</wrt:delay>","<wrt:delay,5>... Iaitu lawan seterusnya...</wrt:delay>","<wrt:delay,5>Chẳng lẽ...</wrt:delay>","<wrt:delay,5>No me digas que...</wrt:delay>","<wrt:delay,5>...Jangan bilang...</wrt:delay>","<wrt:delay,5>...อย่าบอกนะว่า...</wrt:delay>","<wrt:delay,5>Por acaso...</wrt:delay>"
,,,정다희,,1_언짢,,,"<sys:quiet,1000>응, 그 다음 상대는 <txt:bold,2>지산고등학교</txt:bold>야.","<sys:quiet,1000>Yeah. The next opponent is <txt:bold,2>Jisan High</txt:bold>.","<sys:quiet,1000>うん。その次の相手は<txt:bold,2>芝山高校</txt:bold>よ。","<sys:quiet,1000>嗯，再下一个对手就是<txt:bold,2>智山高中</txt:bold>了。","<sys:quiet,1000>對，再下一個對手就是<txt:bold,2>智山高中</txt:bold>。","<sys:quiet,1000>О, да. Наш следующий соперник — <txt:bold,2>школа «Чжисан»</txt:bold>.","<sys:quiet,1000>Ya. Lawan seterusnya ialah <txt:bold,2>Jisan High</txt:bold>.","<sys:quiet,1000>Ừ, đối thủ tiếp theo là <txt:bold,2>Trường THPT Jisan</txt:bold>.","<sys:quiet,1000>Sí. Después de eso, nos tocaría la <txt:bold,2>Escuela Jisan</txt:bold>.","<sys:quiet,1000>Iya, lawan kita setelahnya adalah <txt:bold,2>SMA Jisan</txt:bold>.","<sys:quiet,1000>อื้ม คู่แข่งทีมต่อไปอีกก็คือ<txt:bold,2>โรงเรียนมัธยมปลายจีซัน</txt:bold>","<sys:quiet,1000>É, o próximo adversário será o <txt:bold,2>Colégio Jisan</txt:bold>."
,,,정다희,,1_언짢,,,"<txt:bold,2>최고의 스파이커</txt:bold>와 다시 한번 경기하게 됐어.","We'll be facing the <txt:bold,2>Greatest Spiker</txt:bold> once again.","<txt:bold,2>最高のスパイカー</txt:bold>と、もう一度試合をすることになったわ。","<txt:bold,2>又要和那位最强主攻手</txt:bold>碰面了。","我們又要再次面對<txt:bold,2>最強主攻手</txt:bold>了。","Еще одна игра против <txt:bold,2>сильнейшего нападающего</txt:bold>.","Kita akan berlawan dengan <txt:bold,2>Perejam Terbaik</txt:bold> sekali lagi.","Chúng ta sẽ một lần nữa thi đấu với <txt:bold,2>Tay Đập Xuất Sắc Nhất</txt:bold>.","Volveremos a enfrentarnos al <txt:bold,2>Mejor Rematador</txt:bold>.","Kita akan kembali bertanding menghadapi <txt:bold,2>Spiker terbaik</txt:bold> itu.","เราจะได้แข่งกับ<txt:bold,2>สุดยอดตัวตบ</txt:bold>อีกครั้งล่ะ","Vamos enfrentar o <txt:bold,2>melhor atacante</txt:bold> mais uma vez."
,,,백시우,,2_놀람,,,......,...,‥‥,‥,‥,......,...,...,...,......,......,...
,,,마윤석,,1_당황,,,"...아... 그러니까... <txt:shake,1><wrt:wait,25>그... <wrt:wait,25>그건 좀...</txt:shake>","...Ah, well... <txt:shake,1><wrt:wait,25>That... <wrt:wait,25>That's a bit...</txt:shake>","‥あっ‥えーっと‥<txt:shake,1><wrt:wait,25>そ‥<wrt:wait,25>それは、ちょっと‥</txt:shake>","‥啊‥那个‥<txt:shake,1><wrt:wait,25>这‥<wrt:wait,25>这也太‥</txt:shake>","‥啊‥那個‥<txt:shake,1><wrt:wait,25>這個嘛‥<wrt:wait,25>這就有點‥</txt:shake>","...А... Ну... <txt:shake,1><wrt:wait,25>Это.... <wrt:wait,25>Как бы...</txt:shake>","...Ah, biasalah... <txt:shake,1><wrt:wait,25>Itu... <wrt:wait,25>Itu agak...</txt:shake>","À... Ý là... <txt:shake,1><wrt:wait,25>chuyện... <wrt:wait,25>chuyện đó hơi...</txt:shake>","Ah... bueno... <txt:shake,1><wrt:wait,25>eso... <wrt:wait,25>eso ya es...</txt:shake>","...A-ah... jadi... <txt:shake,1><wrt:wait,25>Itu agak... <wrt:wait,25>terlalu...</txt:shake>","...เอ่อ... ก็คือว่า... <txt:shake,1><wrt:wait,25>คือ... <wrt:wait,25>นั่นมันก็ค่อนข้างจะ...</txt:shake>","A-Ah... <txt:shake,1><wrt:wait,25>Bem... <wrt:wait,25>Então...</txt:shake>"
,,,마윤석,,1_당황,shake,,"<txt:shake,1>무, 물론 내겐 결코 못 이길 상대는 아니지 않은 게 아닌...? <wrt:wait,25>건 아니지만...</txt:shake>","<txt:shake,1>I-it's not like I can't beat him, but... <wrt:wait,25>but...</txt:shake>","<txt:shake,1>も、もちろん俺にとって決して勝てない相手じゃないわけじゃなくない‥？<wrt:wait,25>こともないけど‥</txt:shake>","<txt:shake,1>当，当然，对我来说，也不是不能说绝对赢不了‥？<wrt:wait,25>不，也不是这个意思‥</txt:shake>","<txt:shake,1>當、當然，對我來說，也不是不能贏不了‥不是，<wrt:wait,25>我是說也不是贏不了啦‥</txt:shake>","<txt:shake,1>Я-я вовсе не говорю, что мы им точно проиграем... <wrt:wait,25>Хотя... Эм...</txt:shake>","<txt:shake,1>Bukannya saya tak boleh kalahkan dia, tapi... <wrt:wait,25>tapi...</txt:shake>","<txt:shake,1>T, tất nhiên cũng không phải đối thủ mà tôi không thể thắng được... <wrt:wait,25>chắc là không phải... đâu nhỉ...</txt:shake>","<txt:shake,1>C-claro, no es que sea un rival imposible de vencer para mí... <wrt:wait,25>O sea, no exactamente... Pero...</txt:shake>","<txt:shake,1>T-tentu saja... B-bukan berarti dia lawan yang... tidak mungkin... <wrt:wait,25>Mustahil untuk dikalahkan...</txt:shake>","<txt:shake,1>นะ แน่นอนว่าก็ไม่ใช่คู่แข่งที่ฉันจะเอาชนะไม่ได้เลย...? <wrt:wait,25>หรอกนะ...</txt:shake>","<txt:shake,1>N-Não que eu esteja dizendo que não podemos vencer... <wrt:wait,25>mas...</txt:shake>"
,,,-,,,,,"<txt:color,grey>(예상치 못한 최악의 대진표에...)</txt:color>","<txt:color,grey>(It was the worst possible outcome...)</txt:color>","<txt:color,grey>(予想外の最悪なトーナメント表に‥)</txt:color>","<txt:color,grey>(面对这出乎意料的糟糕签运‥)</txt:color>","<txt:color,grey>(面對這堪稱最差勁的賽程表‥)</txt:color>","<txt:color,grey>(Ужасное невезение...)</txt:color>","<txt:color,grey>(Itu keputusan paling buruk yang mungkin berlaku...)</txt:color>","<txt:color,grey>(Trước lịch thi đấu tệ đến mức không ngờ...)</txt:color>","<txt:color,grey>(Frente a esos cruces inesperadamente terribles...)</txt:color>","<txt:color,grey>(Bracket terburuk yang sama sekali tidak diduga...)</txt:color>","<txt:color,grey>(ตารางการแข่งขันเลวร้ายที่สุดแบบคาดไม่ถึง...)</txt:color>","<txt:color,grey>(Diante do pior chaveamento possível, algo que ninguém esperava...)</txt:color>"
,,,-,,,,,"<txt:color,grey>(마치 찬물을 끼얹은 듯, 일순간 다들 말을 잃었다.)</txt:color>","<txt:color,grey>(And everyone was speechless at the harsh reality.)</txt:color>","<txt:color,grey>(まるで水を打ったように、一瞬にして誰もが言葉を失った)</txt:color>","<txt:color,grey>(大家就像被泼了一盆冷水，瞬间都说不出话来了。)</txt:color>","<txt:color,grey>(彷彿被潑了一盆冷水，所有人瞬間都沉默了。)</txt:color>","<txt:color,grey>(Нас как водой окатили.)</txt:color>","<txt:color,grey>(Semua orang terkedu mendengar realiti yang pahit itu.)</txt:color>","<txt:color,grey>(Như thể vừa bị dội một gáo nước lạnh, tất cả mọi người đều im bặt trong chốc lát.)</txt:color>","<txt:color,grey>(Todos nos quedamos sin palabras por un instante, como si nos hubieran echado un balde de agua fría).</txt:color>","<txt:color,grey>(Semua orang langsung terdiam, seolah-olah disiram air dingin.)</txt:color>","<txt:color,grey>(ทุกคนเงียบกริบในชั่วพริบตา ราวกับโดนน้ำเย็นสาด)</txt:color>","<txt:color,grey>(A notícia caiu como uma bomba, e ninguém conseguiu dizer uma palavra.)</txt:color>"
,,,대지고 부원,,,,,"...지난번에 우리가 상대한 건 2군이었잖아. <txt:bold,2><txt:color,orange>이영섭</txt:color></txt:bold> 나오자마자 뒤집힐 뻔했고.","...We were up against the reserve players. And everything was about to change when <txt:bold,2><txt:color,orange>Yongsup Lee</txt:color></txt:bold> showed up.","‥この前、俺たちが相手にしたのは確か2軍だったよな。しかも<txt:bold,2><txt:color,orange>一翔</txt:color></txt:bold>が出た途端、ひっくり返されそうになったし。","‥上次我们对付的可是他们的二队啊。<txt:bold,2><txt:color,orange>李英燮</txt:color></txt:bold>一上场，局势差点就被逆转了。","‥上次我們對上的只是對方的非主力球員耶。<txt:bold,2><txt:color,orange>李英燮</txt:color></txt:bold>一上場，我們差點就被翻盤了。","В прошлый раз мы играли с их запасным составом. Когда вышел <txt:bold,2><txt:color,orange>Ли Ёнсоб</txt:color></txt:bold>, стало очень сложно.","...Rupanya kita cuma lawan pemain simpanan. Dan semuanya mula berubah bila <txt:bold,2><txt:color,orange>Yongsup Lee</txt:color></txt:bold> muncul.","...Lần trước chúng ta chỉ đấu với đội hình 2 thôi mà. <txt:bold,2><txt:color,orange>Lee Yeongseob</txt:color></txt:bold> vừa vào sân là trận đấu suýt bị lật ngược.","La vez pasada no nos enfrentamos a sus titulares. Y apenas entró <txt:bold,2><txt:color,orange>Youngsup</txt:color></txt:bold>, casi nos dan vuelta el partido.","...Bukankah kemarin kita cuma melawan tim cadangan mereka? Dan keadaan hampir langsung berbalik setelah <txt:bold,2><txt:color,orange>Young Sup Lee</txt:color></txt:bold> masuk.","...ครั้งก่อนที่เราแข่งด้วยคือทีมสำรองนี่นา แล้วพอ<txt:bold,2><txt:color,orange>อียองซอบ</txt:color></txt:bold>ลงสนาม ก็แทบจะโดนพลิกเกมเลย","Da última vez enfrentamos apenas o time reserva deles. Quando o <txt:bold,2><txt:color,orange>Youngsup Lee</txt:color></txt:bold> entrou, quase perdemos o controle do jogo."
,,,대지고 부원,,,,,...완전히 끝났네.,...We're done for.,‥完全に終わったな。,‥这下彻底完蛋了。,‥這下徹底完了。,Без шансов...,...Habislah kita.,...Xong thật rồi.,Ya valimos.,...Semuanya sudah selesai.,...จบแล้วล่ะ,Já era...
,,,정다희,,1_언짢,,,"<wrt:delay,5>......</wrt:delay><wrt:wait,30>다들 당황할 거라고 생각했어.","<wrt:delay,5>...</wrt:delay><wrt:wait,30> I expected everyone to be shocked.","<wrt:delay,5>‥</wrt:delay><wrt:wait,30>みんな、きっとパニックになるだろうなって思ってたわ。","<wrt:delay,5>‥</wrt:delay><wrt:wait,30>我就知道大家会慌。","<wrt:delay,5>‥</wrt:delay><wrt:wait,30>我就知道大家會被嚇到。","<wrt:delay,5>......</wrt:delay><wrt:wait,30>Понимаю, это тяжелые новости.","<wrt:delay,5>...</wrt:delay><wrt:wait,30> Saya jangka semua orang akan terkejut.","<wrt:delay,5>...</wrt:delay><wrt:wait,30>Tôi biết mọi người sẽ hoảng.","<wrt:delay,5>...</wrt:delay><wrt:wait,30> Sabía que todos se iban a desconcertar.","<wrt:delay,5>......</wrt:delay><wrt:wait,30>Aku sudah menduga kalian bakal terkejut.","<wrt:delay,5>......</wrt:delay><wrt:wait,30>ฉันคิดอยู่แล้วว่าทุกคนคงจะตื่นตระหนกกัน","<wrt:delay,5>Hum... </wrt:delay><wrt:wait,30>Eu imaginava que todos ficariam chocados."
,,,정다희,,1_언짢,,,"<sys:bgm,BGM_LETS_DO_THIS,1000>응, 솔직히 인정할게. 나도 이거 알고 손이 다 떨렸으니까.","<sys:bgm,BGM_LETS_DO_THIS,1000>Yeah. I admit, my hands started shaking after I saw the bracket.","<sys:bgm,BGM_LETS_DO_THIS,1000>うん、私も正直これを知った時は、手が震えたから。","<sys:bgm,BGM_LETS_DO_THIS,1000>嗯，老实说，我看到这个对阵表的时候，手都在发抖呢。","<sys:bgm,BGM_LETS_DO_THIS,1000>嗯，老實說，我看到賽程表的時候手也在發抖。","<sys:bgm,BGM_LETS_DO_THIS,1000>Да, честно признаюсь: когда я увидела сетку, у меня самой руки затряслись.","<sys:bgm,BGM_LETS_DO_THIS,1000>Ya. Saya mengaku, tangan saya mula menggigil selepas nampak carta perlawanan tu.","<sys:bgm,BGM_LETS_DO_THIS,1000>Ừ, nói thật thì tôi cũng thừa nhận. Khi biết chuyện này, tay tôi cũng run lên.","<sys:bgm,BGM_LETS_DO_THIS,1000>Sí, lo admito. Cuando vi esto, hasta a mí me temblaron las manos.","<sys:bgm,BGM_LETS_DO_THIS,1000>Iya, terus terang saja. Waktu melihat hasil undian ini tanganku pun sampai gemetar.","<sys:bgm,BGM_LETS_DO_THIS,1000>อืม ยอมรับตรงๆ เลยนะ ตอนรู้เรื่องนี้ฉันก็มือสั่นไปหมดเลยล่ะ","<sys:bgm,BGM_LETS_DO_THIS,1000>Eu entendo vocês. Minha reação foi exatamente a mesma."
,,,정다희,,1_기본,,,당황하는 것으로 대진표가 바뀐다면 얼마든지 주저앉아 있어도 돼.,"If panicking could change the bracket, we could sit here feeling sorry for ourselves all day.",パニックになったことでトーナメント表が変わるんだったら、いつまでもその場でうずくまってればいいわ。,如果慌张能改变对阵表的话，那你们大可以坐在这里唉声叹气。,如果覺得慌張就能改變賽程表，那你們想消沈多久都沒關係。,Но опущенные руки не изменят ситуацию.,"Kalau terkejut dan patah semangat boleh ubah carta perlawanan, duduklah begitu selama mana pun.",Nếu hoảng lên mà bảng đấu thay đổi được thì mọi người muốn ngồi bệt xuống bao lâu cũng được.,"Si entrar en pánico sirviera para cambiar los cruces, no tendría problema con que se quedaran tal cual.","Kita boleh duduk diam dan panik, kalau itu bisa mengubah hasil undian bracket.",ถ้าการตื่นตระหนกทำให้ตารางการแข่งขันเปลี่ยนได้ล่ะก็ จะนั่งนิ่งๆ กันแค่ไหนก็ได้เลย,"Se entrar em pânico mudasse o chaveamento, eu deixaria vocês sentados aí o dia inteiro."
,,,정다희,,1_웃음,,,"하지만!<cha:pop,정다희> 그래선 어떤 상황도 헤쳐 나갈 순 없어.","But!<cha:pop,정다희> That's not going to help us move forward.","けど！<cha:pop,정다희>それじゃあ、どんな状況も切り抜けられないじゃない。","可是！<cha:pop,정다희>那样是无法解决任何问题的。","但是！<cha:pop,정다희>那樣是無法解決任何問題的。","И! <cha:pop,정다희>Проблемы с таким настроем мы не решим.","Tapi!<cha:pop,정다희> Itu takkan bantu kita mara.","Nhưng!<cha:pop,정다희> Làm vậy thì không thể vượt qua bất cứ tình huống nào cả.","Pero<cha:pop,정다희> ¡así no vamos a salir adelante en ninguno de los escenarios!","Tapi!<cha:pop,정다희> Kalau cuma pasrah, kita tidak akan pernah bisa melewati apa pun.","แต่ว่า!<cha:pop,정다희> ถ้าเป็นแบบนั้น เราก็จะไม่มีทางเอาตัวรอดจากสถานการณ์ไหนได้หรอก","Mas... <cha:pop,정다희>com essa atitude, não vamos conseguir superar nenhum desafio!"
,,,정다희,,1_기본,,,"겉보기엔 숨이 턱 막히는 토너먼트지만, 반대로 생각해봐.","I know this looks dire, but think about it this way.",一見息が詰まりそうなトーナメントだけど、逆に考えてみようよ。,表面上看，这确实是一个让人喘不过气来的死亡半区，但换个角度想。,雖然這賽程表看起來讓人喘不過氣，但換個角度想。,Давайте посмотрим с другой стороны.,"Saya tahu keadaan ni nampak teruk, tapi cuba fikir macam ni.","Nhìn qua thì đây là một giải đấu loại trực tiếp đầy áp lực, nhưng thử nghĩ ngược lại xem.","A simple vista parece un torneo imposible, pero mírenlo desde otra perspectiva.","Sekilas memang bracket Turnamen ini terlihat benar-benar menyuramkan, tapi coba lihat dari sisi lain.",ถึงภายนอกจะดูเป็นทัวร์นาเมนต์ที่กดดัน แต่ลองคิดกลับกันสิ,"À primeira vista, esse torneio parece um verdadeiro pesadelo. Mas tentem enxergar por outro ângulo."
,,,정다희,,1_기본,,,"예선에서 <txt:bold,2>광탄고</txt:bold>, <txt:bold,2>민재고</txt:bold>, <txt:bold,2>지산고</txt:bold>. 이 셋을 모두 이기고 본선에 올라간다면, 그때부턴 그 어떤 팀도 우리를 무시하지 못할 거야.","If we beat <txt:bold,2>Gwangtan High</txt:bold>, <txt:bold,2>Minjae High</txt:bold>, and <txt:bold,2>Jisan High</txt:bold> in the preliminary rounds and move on to the playoffs, no team will be able to underestimate us.","予選で<txt:bold,2>光球高校</txt:bold>、<txt:bold,2>敏才高校</txt:bold>、<txt:bold,2>芝山高校</txt:bold>。この3校をすべて打ち負かして本選に上がれば、どんなチームだって私たちを侮ることはできなくなるはずだよ。","如果我们在预选赛中接连击败<txt:bold,2>光谭高中</txt:bold>、<txt:bold,2>民在高中</txt:bold>、<txt:bold,2>智山高中</txt:bold>，以这样的战绩打进正赛，到那时候，还有哪支队伍敢小看我们？","如果我們能在預賽中接連擊敗<txt:bold,2>光譚高中</txt:bold>、<txt:bold,2>民在高中</txt:bold>、<txt:bold,2>智山高中</txt:bold>打進正賽，到時候就再也沒有任何隊伍敢小看我們了。","Если мы одолеем всех трех соперников в отборочных, то на основном этапе никто не посмеет смотреть на нас свысока!","Kalau kita kalahkan <txt:bold,2>Gwangtan High</txt:bold>, <txt:bold,2>Minjae High</txt:bold> dan <txt:bold,2>Jisan High</txt:bold> dalam pusingan kelayakan lalu mara ke pusingan utama, tiada pasukan akan berani pandang rendah kita lagi.","Nếu chúng ta đánh bại cả <txt:bold,2>Trường THPT Gwangtan</txt:bold>, <txt:bold,2>Trường THPT Minjae</txt:bold> lẫn <txt:bold,2>Trường THPT Jisan</txt:bold> ở Vòng Loại để tiến vào Vòng Chính, từ lúc đó sẽ không còn đội nào dám coi thường chúng ta nữa.","Si vencemos a la <txt:bold,2>Escuela Gwangtan</txt:bold>, la <txt:bold,2>Escuela Minjae</txt:bold> y la <txt:bold,2>Escuela Jisan</txt:bold> en la clasificatoria y pasamos a la fase final, ningún equipo podrá volver a subestimarnos.","Kalau kita mengalahkan <txt:bold,2>SMA Gwangtan</txt:bold>, <txt:bold,2>SMA Minjae</txt:bold>, dan <txt:bold,2>SMA Jisan</txt:bold> di penyisihan lalu lolos ke babak utama, tak akan ada tim yang berani meremehkan kita lagi.","รอบคัดเลือกเราเจอกับ<txt:bold,2>มัธยมกวังทัน</txt:bold>, <txt:bold,2>มัธยมมินแจ</txt:bold>, <txt:bold,2>มัธยมจีซัน</txt:bold> ถ้าเราชนะทั้งสามทีมนี้แล้วขึ้นไปสู่รอบหลักได้ ถึงตอนนั้นก็จะไม่มีทีมไหนมาดูถูกเราอีกเลยนะ","Se vencermos o <txt:bold,2>Colégio Gwangtan</txt:bold>, o <txt:bold,2>Colégio Minjae</txt:bold> e o <txt:bold,2>Colégio Jisan</txt:bold> nas eliminatórias, ninguém mais poderá nos menosprezar."
,,,백시우,,2_놀람,,exclam,...!,...!,‥！,‥！,‥！,...!,...!,...!,¡...!,...!,...!,...!
,,,정다희,,2_헤헤,,,"작년엔 나도 코치 활동을 하는 게 처음이라 어설펐지만, 헤헷, 이제는 달라졌어.","Last year was my first time being a coach, so I was quite inexperienced, but I've changed, hehe.",去年は、私もコーチとしての活動が初めてでぎこちなかったけど、へへっ、今は違うからね。,去年我第一次当教练，还有很多不足，但嘿嘿，现在不一样了。,雖然去年我剛當教練還很生疏，但嘿嘿，現在可不一樣了。,В прошлом году мне тоже не хватало опыта. Но я стала опытнее.,"Tahun lepas tahun pertama saya menjadi jurulatih, jadi saya agak tidak berpengalaman, tapi saya dah berubah, hehe.","Năm ngoái tôi cũng lần đầu làm huấn luyện viên nên còn vụng về, nhưng he he, bây giờ thì khác rồi.","El año pasado era mi primera vez como entrenadora y todavía me faltaba experiencia, jeje. Pero ahora las cosas son distintas.","Tahun lalu aku juga masih punya banyak kekurangan karena baru pertama kali menjadi Coach. Hehe, tapi sekarang berbeda.",ปีก่อนฉันก็เพิ่งทำหน้าที่โค้ชครั้งแรก เลยยังไม่คล่อง ฮิฮิ แต่ว่าตอนนี้ไม่เหมือนเดิมแล้วนะ,"No ano passado, eu ainda tava começando como treinadora e cometia muitos erros. Mas agora é outra história."
,,,정다희,,1_기본,,,나도 다른 학교 경기들 다 보러 다니면서 열심히 전력을 분석했거든.,I've been spectating the other teams' matches and came up with strategies to go up against them.,私も他の学校の試合を全部見て回って、必死に戦力を分析したんだから。,我去看了其他学校的比赛，很认真地分析了各队的战力。,為了分析戰力，我可是跑遍了其他學校的比賽做足了功課呢。,Весь год ездила на матчи других школ и разбирала их игры.,Saya dah lihat perlawanan pasukan lain dan merangka strategi untuk berlawan dengan mereka.,Tôi cũng đã đi xem các trường khác thi đấu và không ngừng phân tích chiến thuật và thực lực của họ.,Yo también estuve viendo partidos de otras escuelas y estudié bien cómo jugaban.,Aku sudah berkeliling menonton banyak pertandingan sekolah lain untuk menganalisis permainan mereka.,ฉันไปดูการแข่งขันของโรงเรียนอื่นมาจนหมด แล้ววิเคราะห์ฟอร์มของทีมอย่างจริงจังเลย,Passei muito tempo assistindo aos jogos de outras escolas e analisando cada equipe.
,,,정다희,,1_웃음,,,아무리 이름난 명문고라도 완벽한 팀은 없어. 반드시 약점이 존재해!,"Even the teams in well-known, prestigious schools aren't perfect. They always have some kind of weakness!",いくら名門校だって、完璧なチームなんてない。絶対に弱点は存在するはずよ！,再怎么有名的强队也不是完美无缺的。肯定会有弱点！,就算名氣再大的強隊也不可能毫無破綻，肯定會有弱點！,Даже у знаменитых соперников есть слабые места!,Pasukan di sekolah yang terkenal dan berprestij pun tidak sempurna. Mesti ada kelemahan!,Dù là trường danh tiếng đến đâu cũng không có đội nào hoàn hảo cả. Chắc chắn sẽ có điểm yếu!,"Por más prestigiosa que sea una escuela, ningún equipo es perfecto. ¡Todos tienen puntos débiles!","Sehebat apa pun sekolah itu, tidak ada tim yang benar-benar sempurna! Mereka pasti punya kelemahan.",ต่อให้เป็นโรงเรียนชื่อดังแค่ไหน ก็ไม่มีทีมที่สมบูรณ์แบบหรอก ยังไงก็ต้องมีจุดอ่อนแน่นอน!,"Não importa o quão famosa seja uma escola de elite, nenhuma equipe é perfeita. Sempre existe uma fraqueza!"
,,,정다희,,1_웃음,,,"해보자, 얘들아!<cha:pop,정다희> 어차피 우린 더 잃을 것도 없잖아! 실패해도 제자리고, 성공하면 <txt:bold,2>전국 대회</txt:bold>니까!","Come on, guys!<cha:pop,정다희> We've nothing to lose! We lose, then things stay the same. We win, we make it to the <txt:bold,2>National Tournament</txt:bold>!","やってみようよ、みんな！<cha:pop,정다희>どうせ私たちは失うものなんて何もないでしょ！ダメでも変わりはないし、上手くいったら<txt:bold,2>全国大会</txt:bold>なんだから！","拼一把吧，大家！<cha:pop,정다희>反正我们也没什么可失去的了！失败了也不过是维持现状，但只要成功了，就能进<txt:bold,2>全国大赛</txt:bold>啊！","拚一把吧，各位！<cha:pop,정다희>反正我們也沒什麼好失去的了！輸了也只是維持現狀，但贏了就能前進<txt:bold,2>全國大賽</txt:bold>！","Ребята, терять нам нечего! <cha:pop,정다희>Либо остаемся на месте, либо едем на <txt:bold,2>национальные</txt:bold>!","Ayuh, semua!<cha:pop,정다희> Kita tak rugi apa-apa! Kalau kalah pun masih sama. Kalau menang, kita masuk <txt:bold,2>Kejohanan Kebangsaan</txt:bold>!","Thử xem nào, mọi người!<cha:pop,정다희> Dù sao chúng ta cũng chẳng còn gì để mất! Thất bại thì cũng chỉ trở về vạch xuất phát, còn thành công thì sẽ là <txt:bold,2>Giải Toàn Quốc</txt:bold>!","¡Intentémoslo, chicos! <cha:pop,정다희>¡De todos modos, no tenemos nada que perder! Si fallamos, quedamos igual que antes, ¡y si ganamos, iremos al <txt:bold,2>Torneo Nacional</txt:bold>!","Ayo kita coba!<cha:pop,정다희> Lagipula kita sudah tidak punya apa-apa lagi untuk dipertaruhkan! Kalau gagal, kita tetap di titik yang sama. Tapi kalau berhasil, kita akan melaju ke <txt:bold,2>Turnamen Nasional</txt:bold>!","มาลองดูกันเถอะนะทุกคน!<cha:pop,정다희> ยังไงเราก็ไม่มีอะไรจะเสียอยู่แล้วนี่นา! ต่อให้ล้มเหลวก็แค่อยู่ที่เดิม แต่ถ้าสำเร็จก็ได้ไป<txt:bold,2>ทัวร์นาเมนต์ระดับประเทศ</txt:bold>!","Vamos tentar, pessoal! <cha:pop,정다희>Não temos nada a perder! Se falharmos, continuaremos onde estamos. Se vencermos, vamos para o <txt:bold,2>torneio nacional</txt:bold>!"
,,,대지고 부원,,,,,"<wrt:delay,5>...전국...</wrt:delay>","<wrt:delay,5>...Nationals...</wrt:delay>","<wrt:delay,5>‥全国‥</wrt:delay>","<wrt:delay,5>‥全国大赛‥</wrt:delay>","<wrt:delay,5>‥全國‥</wrt:delay>","<wrt:delay,5>Национальные...</wrt:delay>","<wrt:delay,5>...Kebangsaan...</wrt:delay>","<wrt:delay,5>Toàn quốc...</wrt:delay>","<wrt:delay,5>...El Nacional...</wrt:delay>","<wrt:delay,5>...Nasional...</wrt:delay>","<wrt:delay,5>...ระดับประเทศ...</wrt:delay>","<wrt:delay,5>Nacional...</wrt:delay>"
,,,대지고 부원,,,,,"<wrt:delay,5><txt:bold,2>전국 대회</txt:bold>라...</wrt:delay> <wrt:wait,25>그러고 보니 배구부 처음 들어올 때 그런 꿈을 꾸었던 것 같기도 하고...","<wrt:delay,5>The <txt:bold,2>National Tournament</txt:bold>...</wrt:delay> <wrt:wait,25>I dreamed of making it there when I first joined the team...","<wrt:delay,5><txt:bold,2>全国大会</txt:bold>か‥。</wrt:delay><wrt:wait,25>そういえばバレー部に入った時、そんな夢を見ていたような気もするな‥","<wrt:delay,5><txt:bold,2>全国大赛</txt:bold>吗‥</wrt:delay><wrt:wait,25>说起来，刚进排球部的时候，好像确实有过那样的梦想‥","<wrt:delay,5><txt:bold,2>全國大賽</txt:bold>啊‥</wrt:delay><wrt:wait,25>說起來，剛加入排球部的時候，好像確實有過那樣的夢想呢‥","<wrt:delay,5>Национальный турнир...</wrt:delay> <wrt:wait,25>А ведь когда я вступал в клуб, я и правда об этом мечтал...","<wrt:delay,5><txt:bold,2>Kejohanan Kebangsaan</txt:bold>...</wrt:delay> <wrt:wait,25>Ini impian saya waktu kali pertama saya menyertai pasukan...","<wrt:delay,5><txt:bold,2>Giải Toàn Quốc</txt:bold> à...</wrt:delay> <wrt:wait,25>Nghĩ lại thì lúc mới vào CLB Bóng Chuyền, hình như tôi cũng từng mơ ước như vậy...","<wrt:delay,5><txt:bold,2>El Torneo Nacional...</txt:bold></wrt:delay><wrt:wait,25> Ahora que lo pienso, creo que cuando entré al club de voleibol también soñaba con algo así...","<wrt:delay,5><txt:bold,2>Turnamen Nasional</txt:bold>...</wrt:delay> <wrt:wait,25>Kalau dipikir-pikir, waktu pertama kali masuk klub bola voli... Sepertinya aku memang pernah memimpikan itu.","<wrt:delay,5><txt:bold,2>ทัวร์นาเมนต์ระดับประเทศ</txt:bold>น่ะ...</wrt:delay> <wrt:wait,25>จะว่าไปแล้ว เหมือนตอนที่ฉันเข้ามาในชมรมวอลเลย์บอลครั้งแรก ก็เคยมีความใฝ่ฝันแบบนั้นอยู่นะ...","<wrt:delay,5><txt:bold,2>Torneio nacional</txt:bold>... </wrt:delay> <wrt:wait,25>Lembro que esse era um dos meus sonhos quando comecei a jogar."
,,,정다희,,1_웃음,,,"거봐! <cha:pop,정다희>다 같이 이 악물면 명문고 타이틀이 다 무슨 상관이야!","See?! <cha:pop,정다희>We can all come together and work hard, and those schools' reputations won't matter!","ほらね！<cha:pop,정다희>みんなで歯を食いしばって頑張れば、名門校なんて肩書きは関係ないんだから！","看吧！<cha:pop,정다희>只要大家齐心协力咬紧牙关，管它什么名门高中的头衔，根本不重要！","看吧！<cha:pop,정다희>只要大家咬緊牙關，管他什麼名校光環，根本不用怕！","Вот именно! <cha:pop,정다희>Главное — не сдаваться. А громкое имя соперника ничего не решает!","Nampak?! <cha:pop,정다희>Kita semua boleh bersatu dan berusaha keras, reputasi sekolah tak penting pun!","Thấy chưa! <cha:pop,정다희>Cả đội cùng nghiến răng cố gắng thì trường danh giá cũng có là gì!","¡¿Ves?!<cha:pop,정다희> Si nos esforzamos, ¡¿qué importa si nos enfrentamos a una escuela prestigiosa?!","Nah, kan! <cha:pop,정다희>Kalau kita semua berjuang habis-habisan, memangnya apa hebatnya gelar sekolah bergengsi!","เห็นไหมล่ะ! <cha:pop,정다희>ถ้าเรากัดฟันสู้ไปด้วยกัน ต่อให้เป็นโรงเรียนชื่อดังก็ไม่มีความหมายอะไรหรอก!","É isso aí! <cha:pop,정다희>Se todos lutarmos juntos, pouco importa o nome estampado no uniforme deles!"
,,,정다희,,1_웃음,,,"지난 경기도 잘했잖아! 해보자! 얘들아! <txt:bold,2><txt:color,orange>마윤석</txt:color></txt:bold>, <txt:bold,2><txt:color,orange>시우</txt:color></txt:bold>야, 그렇지?!","We performed well last game! So let's do it, guys! Right, <txt:bold,2><txt:color,orange>Yoonseok</txt:color></txt:bold>, <txt:bold,2><txt:color,orange>Siwoo</txt:color></txt:bold>?!","この前の試合だってよくやったじゃない！やってみようよ！みんな！<txt:bold,2><txt:color,orange>忠英</txt:color></txt:bold>、<txt:bold,2><txt:color,orange>新</txt:color></txt:bold>、そうでしょ！？","上次比赛我们不也打得很好吗！拼一把吧！大家！<txt:bold,2><txt:color,orange>马允硕</txt:color></txt:bold>、<txt:bold,2><txt:color,orange>时宇</txt:color></txt:bold>，你们说呢？！","上次那場比賽我們不是打得很好嗎！試試看吧！各位！<txt:bold,2><txt:color,orange>馬允碩</txt:color></txt:bold>、<txt:bold,2><txt:color,orange>時宇</txt:color></txt:bold>，對吧？！","Мы уже доказали, что можем бороться! <txt:bold,2><txt:color,orange>Ма Юнсок</txt:color></txt:bold>, <txt:bold,2><txt:color,orange>Шиу</txt:color></txt:bold>, согласны?","Prestasi perlawanan terakhir kita bagus! Ayuh, kita boleh! Betul, <txt:bold,2><txt:color,orange>Yoonseok</txt:color></txt:bold>, <txt:bold,2><txt:color,orange>Siwoo</txt:color></txt:bold>?!","Trận trước chúng ta cũng làm tốt mà! Thử đi! Mọi người! <txt:bold,2><txt:color,orange>Ma Yoonseok</txt:color></txt:bold>, <txt:bold,2><txt:color,orange>Siwoo</txt:color></txt:bold>, đúng không?!","¡Lo hicimos bien en el último partido! ¡Intentémoslo! ¡Chicos! <txt:bold,2><txt:color,orange>Ma Yunseok</txt:color></txt:bold>, <txt:bold,2><txt:color,orange>Siwoo</txt:color></txt:bold>, ¡¿verdad que sí podemos?!","Kita bermain bagus pada pertandingan kemarin juga! Ayo kita coba! <txt:bold,2><txt:color,orange>Yunseok Ma</txt:color></txt:bold>, <txt:bold,2><txt:color,orange>Siwoo</txt:color></txt:bold>, bagaimana dengan kalian?!","การแข่งขันครั้งก่อนเราก็ทำได้ดีนี่นา! มาลองดูกันเถอะนะ! ทุกคน! <txt:bold,2><txt:color,orange>มายุนซอก</txt:color></txt:bold>, <txt:bold,2><txt:color,orange>ชีอู</txt:color></txt:bold> ใช่ไหม?!","Vocês mandaram muito bem na última partida! Vamos nessa! <txt:bold,2><txt:color,orange>Yunseok Ma</txt:color></txt:bold>! <txt:bold,2><txt:color,orange>Siwoo</txt:color></txt:bold>! Não é mesmo?!"
,,,-,,,,,"<txt:color,grey>(주먹을 불끈 쥐는 <txt:bold,2>다희</txt:bold>.)</txt:color>","<txt:color,grey>(<txt:bold,2>Dahee</txt:bold> clenches her fist.)</txt:color>","<txt:color,grey>(拳をギュッと握ってる<txt:bold,2>夏希</txt:bold>)</txt:color>","<txt:color,grey>(<txt:bold,2>多熙</txt:bold>用力握紧了拳头。)</txt:color>","<txt:color,grey>(<txt:bold,2>多熙</txt:bold>用力握緊了拳頭。)</txt:color>","<txt:color,grey>(<txt:bold,2>Дахи</txt:bold> полна решимости.)</txt:color>","<txt:color,grey>(<txt:bold,2>Dahee</txt:bold> menggenggam penumbuknya.)</txt:color>","<txt:color,grey>(<txt:bold,2>Dahee</txt:bold> nắm chặt tay.)</txt:color>","<txt:color,grey>(<txt:bold,2>Dahee</txt:bold> apretó el puño con determinación).</txt:color>","<txt:color,grey>(<txt:bold,2>Dahee</txt:bold> mengepalkan tangannya erat.)</txt:color>","<txt:color,grey>(<txt:bold,2>ดาฮี</txt:bold>กำหมัดแน่นด้วยความมุ่งมั่น)</txt:color>","<txt:color,grey>(A <txt:bold,2>Dahee</txt:bold> fechou o punho com determinação.)</txt:color>"
,,,백시우,,1_기본,,,"<txt:color,grey>(어째서인지 기운이 난다.)</txt:color>","<txt:color,grey>(It's strangely reassuring.)</txt:color>","<txt:color,grey>(なぜか力が湧いてくる)</txt:color>","<txt:color,grey>(不知为何，感觉浑身充满了力量。)</txt:color>","<txt:color,grey>(不知為何，我也覺得充滿了力量。)</txt:color>","<txt:color,grey>(Ее слова действительно подбадривают.)</txt:color>","<txt:color,grey>(Entah kenapa, semangat saya kembali.)</txt:color>","<txt:color,grey>(Không hiểu sao mình thấy có thêm sức mạnh.)</txt:color>","<txt:color,grey>(Y por alguna razón, eso me dio ánimos).</txt:color>","<txt:color,grey>(Entah kenapa, semangatku ikut membara.)</txt:color>","<txt:color,grey>(ไม่รู้ทำไมถึงได้รู้สึกมีแรงฮึดขึ้นมา)</txt:color>","<txt:color,grey>(Por algum motivo, estou me sentindo mais animado.)</txt:color>"
,,,백시우,,1_기본,,,"<txt:color,grey>(보고 있는 사람에게 힘을 불어넣는 듯한 힘이 <txt:bold,2>다희</txt:bold>에겐 있는 것 같다. <wrt:break><txt:bold,2>다희</txt:bold>야말로 이 팀의 에이스가 아닐까?)</txt:color>","<txt:color,grey>(<txt:bold,2>Dahee</txt:bold> seems to have the ability to encourage those around her. Maybe <wrt:break><txt:bold,2>Dahee's</txt:bold> the true ace of the team...)</txt:color>","<txt:color,grey>(見ている人に力を与えるようなパワーが<txt:bold,2>夏希</txt:bold>にはあるみたいだ。<wrt:break><txt:bold,2>夏希</txt:bold>こそが、このチームのエースなんじゃないか？)</txt:color>","<txt:color,grey>(<txt:bold,2>多熙</txt:bold>似乎有一种能将力量传递给旁人的魔力。<wrt:break><txt:bold,2>她</txt:bold>或许才是这支队伍真正的王牌吧？)</txt:color>","<txt:color,grey>(<txt:bold,2>多熙</txt:bold>身上似乎有種能感染他人的力量。<wrt:break><txt:bold,2>多熙</txt:bold>或許才是這支球隊真正的王牌吧？)</txt:color>","<txt:color,grey>(<txt:bold,2>Дахи</txt:bold> умеет вдохновлять окружающих. Может, она и есть настоящий лидер нашей команды?)</txt:color>","<txt:color,grey>(<txt:bold,2>Dahee</txt:bold> nampaknya ada keupayaan untuk naikkan semangat orang sekeliling dia. Mungkin <wrt:break><txt:bold,2>Dahee</txt:bold> pemain handalan sebenar dalam pasukan...)</txt:color>","<txt:color,grey>(Có vẻ <txt:bold,2>Dahee</txt:bold> có sức mạnh khiến những người xung quanh cũng tràn đầy năng lượng. <wrt:break>Biết đâu chính <txt:bold,2>Dahee</txt:bold> mới là át chủ bài của đội này?)</txt:color>","<txt:color,grey>(<txt:bold,2>Dahee</txt:bold> sabe llenar de energía a quienes la miran. Quizá sea ella la verdadera as de este equipo).</txt:color>","<txt:color,grey>(<txt:bold,2>Dahee</txt:bold> seperti sedang memberikan semangat pada semua yang melihatnya. <wrt:break>Apa <txt:bold,2>Dahee</txt:bold>-lah Ace tim kita yang sebenarnya?)</txt:color>","<txt:color,grey>(เหมือนว่า<txt:bold,2>ดาฮี</txt:bold>มีพลังบางอย่าง ที่ทำให้คนที่มองอยู่เกิดแรงฮึดขึ้นมาเลย <wrt:break>หรือว่า<txt:bold,2>ดาฮี</txt:bold>นี่แหละ ที่เป็นเอซของทีมนี้?)</txt:color>","<txt:color,grey>(A <txt:bold,2>Dahee</txt:bold> tem um talento especial pra inspirar todos ao seu redor. Talvez a <wrt:break><txt:bold,2>Dahee</txt:bold> seja a verdadeira craque deste time.)</txt:color>"
,,,백시우,,1_결연,,,"하핫, 네가 그렇게 말하니까 어쩐지 기운이 나는걸?","Haha, your speech is really encouraging.",ははっ、夏希にそう言われると、なんだか元気が出てきたよ。,哈哈，听你这么一说，感觉干劲十足呢？,哈哈，聽妳這麼說，我好像也覺得充滿幹勁了呢。,После твоих слов я готов поверить в нас.,"Haha, ucapan kamu memang menaikkan semangat.","Ha ha, không hiểu sao nghe cậu nói vậy tôi lại thấy như được tiếp thêm năng lượng.","Jaja, no sé por qué, pero dicho así me dan ganas de intentarlo.","Haha, entah kenapa setelah mendengar pidatomu aku jadi ikut bersemangat!",ฮ่าฮ่า พอเธอพูดแบบนั้น ฉันก็รู้สึกมีแรงฮึดขึ้นมาเลยแฮะ?,"Haha, ouvindo você falar assim, até fiquei mais motivado."
,,,정다희,,2_헤헤,,,"헤헷, 다른 애들은 어때? <txt:bold,2><txt:color,orange>마윤석</txt:color></txt:bold>, 너 설마 <txt:bold,2><txt:color,orange>시우</txt:color></txt:bold>가 이렇게 얘기하는데 기죽은 거 아니지?","Heheh, and everyone else? <txt:bold,2><txt:color,orange>Yoonseok</txt:color></txt:bold>, you're not scared, are you? Even <txt:bold,2><txt:color,orange>Siwoo</txt:color></txt:bold> is pumped!","へへっ、他のメンバーはどう？<txt:bold,2><txt:color,orange>忠英</txt:color></txt:bold>、まさか<txt:bold,2><txt:color,orange>新</txt:color></txt:bold>がこう言ってるのに、怖気づいてるんじゃないでしょうね？","嘿嘿，其他人呢？<txt:bold,2><txt:color,orange>马允硕</txt:color></txt:bold>，你该不会连<txt:bold,2><txt:color,orange>时宇</txt:color></txt:bold>都这么表态了，还在打退堂鼓吧？","嘿嘿，其他人呢？<txt:bold,2><txt:color,orange>馬允碩</txt:color></txt:bold>，連<txt:bold,2><txt:color,orange>時宇</txt:color></txt:bold>都這麼說了，你該不會還在洩氣吧？","Хе-хе, а остальные? <txt:bold,2><txt:color,orange>Ма Юнсок</txt:color></txt:bold>, ты же не испугался?","Heheh, dan orang lain? <txt:bold,2><txt:color,orange>Yoonseok</txt:color></txt:bold>, kamu tak takut, bukan? <txt:bold,2><txt:color,orange>Siwoo</txt:color></txt:bold> pun bersemangat!","He he, những người khác thì sao? <txt:bold,2><txt:color,orange>Ma Yoonseok</txt:color></txt:bold>, <txt:bold,2><txt:color,orange>Siwoo</txt:color></txt:bold> đã nói vậy rồi, cậu không còn nản chí nữa đấy chứ?","Jeje, ¿qué opinan los demás?<txt:bold,2><txt:color,orange> Ma Yunseok</txt:color></txt:bold>, escuchaste lo que dijo <txt:bold,2><txt:color,orange>Siwoo</txt:color></txt:bold>, ¿verdad? No me digas que tú te vas a achicar.","Hehe, bagaimana untuk yang lain? <txt:bold,2><txt:color,orange>Yunseok Ma</txt:color></txt:bold>, jangan bilang kamu patah semangat padahal <txt:bold,2><txt:color,orange>Siwoo</txt:color></txt:bold> sedang berkata seperti ini?","ฮิฮิ คนอื่นว่ายังไงกันบ้าง? <txt:bold,2><txt:color,orange>มายุนซอก</txt:color></txt:bold> <txt:bold,2><txt:color,orange>ชีอู</txt:color></txt:bold>ยังพูดแบบนี้เลย นายคงไม่ได้หมดความมั่นใจหรอกใช่ไหม?","Hehe! E vocês? <txt:bold,2><txt:color,orange>Yunseok Ma</txt:color></txt:bold>, não vai me dizer que ficou com medo depois de ouvir o <txt:bold,2><txt:color,orange>Siwoo</txt:color></txt:bold>, vai?"
,,,마윤석,,1_우쭐,shake,,"으, 음훗?! 난 처음부터 긴장도 안 했다구!",Wh-what?! I was never even nervous to begin with!,う、ぐふっ！？俺は最初から緊張なんてしてないぞ！,呃，唔？！我从一开始就没在怕的好吗！,呃、呃哼？！我從一開始就沒在怕的好嗎！,Ч-чего?! Страх мне неведом!,Apa?! Dari awal lagi saya tak gementar!,"Ư, ừm hứ?! Ngay từ đầu tôi đã chẳng căng thẳng chút nào nhé!",¿Qué? ¡Yo estaba confiado desde el primer momento!,E-eh?! Aku sama sekali tidak gugup dari awal!,อะ อะฮึ่ม?! ฉันไม่ได้เครียดตั้งแต่แรกเลยเถอะ!,H-Hã?! Eu nem tava nervoso desde o começo!
,,,정다희,,1_기본,,,좋아! 그럼... 전원 정신 바짝 차려.,"Great! Then... Everyone, get it together.",よし！じゃあ‥みんな気を引き締めて。,很好！那么‥全员打起精神来。,很好！那‥全員打起精神來。,Отлично! Тогда приготовьтесь.,Hebat! Kalau begitu... Semua bersedia.,Tốt! Vậy thì... toàn đội tập trung tinh thần.,"¡Perfecto! Entonces... todos, pónganse las pilas.","Bagus! Kalau begitu... semuanya, pasang fokus penuh!",เยี่ยมเลย! ถ้างั้น... ทุกคนตั้งสติกันซะ,Ótimo! Então prestem atenção no que vou dizer agora.
,,,정다희,,1_웃음,,,"오늘부터 <txt:bold,2>대지고</txt:bold> 배구부는 <eff:shake,1>지옥의 스파르타 훈련 체제로 돌입할 거야!","Starting today, the <txt:bold,2>Terra High</txt:bold> volleyball team will <eff:shake,1>undergo arduous, hellish training!","今日から<txt:bold,2>大地高校</txt:bold>バレー部は、<eff:shake,1>地獄のスパルタ練習体制に突入するからね！","从今天起，<txt:bold,2>大地高中</txt:bold>排球部将进入<eff:shake,1>地狱斯巴达式的训练模式！","從今天開始，<txt:bold,2>大地高中</txt:bold>排球部將進入<eff:shake,1>地獄般的斯巴達訓練模式！","С сегодняшнего дня вас ждут <eff:shake,1>адские тренировки!","Mulai hari ni, pasukan bola tampar <txt:bold,2>Terra High</txt:bold> akan menjalani <eff:shake,1>latihan yang perit seperti di neraka!","Từ hôm nay, CLB Bóng Chuyền <txt:bold,2>Trường THPT Đại Địa</txt:bold> sẽ <eff:shake,1>bước vào chế độ huấn luyện Sparta địa ngục!","¡Desde hoy, el club de voleibol de la <txt:bold,2>Escuela Daeji</txt:bold> <eff:shake,1>entrará en un régimen de entrenamiento espartano infernal!","Mulai hari ini, klub voli <txt:bold,2>SMA DaeJi</txt:bold> akan menjalani <eff:shake,1>latihan ala Sparta yang bak neraka!","ตั้งแต่วันนี้เป็นต้นไป ชมรมวอลเลย์บอล<txt:bold,2>มัธยมแดจี</txt:bold><eff:shake,1>จะเข้าสู่ระบบการซ้อมแบบสปาร์ตันสุดโหด!","A partir de hoje, o time de vôlei do <txt:bold,2>Colégio Daeji</txt:bold> vai entrar num regime de treino <eff:shake,1>espartano infernal!"
,,,백시우,,1_정적,,,"<cha:pop,백시우>스, 스파르타?!","<cha:pop,백시우>H-hellish?!","<cha:pop,백시우>ス、スパルタ？！","<cha:pop,백시우>斯，斯巴达？！","<cha:pop,백시우>斯、斯巴達？！","<cha:pop,백시우>А-адские?!","<cha:pop,백시우>Seperti di neraka?!","<cha:pop,백시우>Sp, Sparta?!","<cha:pop,백시우>¿E-espartano?","<cha:pop,백시우>S-sparta?!","<cha:pop,백시우>สะ สปาร์ตัน?!","<cha:pop,백시우>E-Espartano?!"
,,,정다희,,3_활짝,,,"아침 훈련, 저녁 훈련, 그리고 주말엔 하루 종일 특훈이야! 알았지?!","Morning training, night training, and all-day training on the weekend. Okay?!",朝練、夕練、それに週末は一日中特訓だからね！覚悟はいいよね！？,晨练、晚训，周末还有全天特训！明白了吗？！,晨練、晚練，還有週末全天候特訓！知道嗎？！,"Тренируемся утром, вечером и в выходные. Понятно?","Latihan pagi, latihan malam dan latihan sepanjang hari pada hujung minggu. Okey?!","Tập sáng, tập tối, cuối tuần thì huấn luyện đặc biệt cả ngày! Rõ chưa?!","¡Entrenaremos por la mañana, por la tarde y los fines de semana tendremos práctica especial todo el día! ¿Quedó claro?","Latihan pagi, latihan malam, lalu latihan khusus seharian penuh di akhir pekan! Mengerti?!","ซ้อมตอนเช้า, ซ้อมตอนเย็น แล้ววันสุดสัปดาห์ก็ซ้อมพิเศษทั้งวันเลย! เข้าใจใช่ไหม?!","Treino de manhã, treino à noite e treinamento especial o dia inteiro nos fins de semana! Entendido?!"
,,,대지고 부원,,,,,"<txt:shake,1>...오, 오오...!!</txt:shake>","<txt:shake,1>Oh... Oooh!</txt:shake>","<txt:shake,1>‥お、おう‥！！</txt:shake>","<txt:shake,1>‥噢，噢噢‥！！</txt:shake>","<txt:shake,1>‥喔、喔喔‥！！</txt:shake>","<txt:shake,1>Ого-о-о-о!!</txt:shake>","<txt:shake,1>Oh... Oooh!</txt:shake>","<txt:shake,1>...Ồ, ồ...!!</txt:shake>","<txt:shake,1>¡¡Oooooh...!!</txt:shake>","<txt:shake,1>...Oohhhhh...!!</txt:shake>","<txt:shake,1>...อะ โอ้โห...!!</txt:shake>","<txt:shake,1>Aaah...</txt:shake>"
,,,-,,,,,"<txt:color,grey>(<txt:bold,2>다희</txt:bold>의 눈빛이 매섭고 뜨겁게 타오른다...)</txt:color>","<txt:color,grey>(<txt:bold,2>Dahee</txt:bold>'s eyes are burning with determination...)</txt:color>","<txt:color,grey>(<txt:bold,2>夏希</txt:bold>の瞳が鋭く、熱く燃え上がっている‥)</txt:color>","<txt:color,grey>(<txt:bold,2>多熙</txt:bold>的眼神凌厉，燃烧着熊熊斗志‥)</txt:color>","<txt:color,grey>(<txt:bold,2>多熙</txt:bold>的眼神銳利，燃燒著熾熱的光芒‥)</txt:color>","<txt:color,grey>(Я начинаю бояться энтузиазма <txt:bold,2>Дахи</txt:bold>.)</txt:color>","<txt:color,grey>(Mata <txt:bold,2>Dahee</txt:bold> membara penuh keazaman...)</txt:color>","<txt:color,grey>(Ánh mắt của <txt:bold,2>Dahee</txt:bold> sắc bén và rực lửa...)</txt:color>","<txt:color,grey>(Los ojos de <txt:bold,2>Dahee</txt:bold> brillan con una pasión intimidante...)</txt:color>","<txt:color,grey>(Tatapan <txt:bold,2>Dahee</txt:bold> menyala penuh tekad...)</txt:color>","<txt:color,grey>(แววตาของ<txt:bold,2>ดาฮี</txt:bold>คมกริบ แล้วก็ลุกโชนอย่างร้อนแรงเลย...)</txt:color>","<txt:color,grey>(Os olhos de <txt:bold,2>Dahee</txt:bold> brilhavam com uma determinação intensa....)</txt:color>"
,,,백시우,,1_웃음,,sweat,이... 이걸로 괜찮은 거겠지?,"Th-this should be fine, right?",こ‥これで本当によかったんだよな？,这‥这样真的没问题吗？,這‥這樣真的沒問題嗎？,М-мы же справимся?,"Ini sepatutnya okey, bukan?",Ch... Chuyện này thật sự ổn chứ?,¿D-de verdad estará bien esto?,"Dengan ini... semuanya akan baik-baik saja, kan?",บะ... แบบนี้จะโอเคแน่ใช่ไหมนะ?,I-Isso vai dar certo... não vai?
7,경기 전,#,MAP,,,,,암전,암전,암전,암전,암전,암전,암전,암전,암전,암전,암전,암전
,,#,BGM,,,,,,,,,,,,,,,,
,,#,백시우,4,1_기본,,,,,,,,,,,,,,
,,#,정다희,4,1_기본,,,,,,,,,,,,,,
,,#,마윤석,4,1_기본,,,,,,,,,,,,,,
,,,-,,,,,"<txt:bold,3><txt:color,grey>~며칠 뒤~</txt:color></txt:bold>","<txt:bold,3><txt:color,grey>A few days later...</txt:color></txt:bold>","<txt:bold,3><txt:color,grey>～数日後～</txt:color></txt:bold>","<txt:bold,3><txt:color,grey>～几天后～</txt:color></txt:bold>","<txt:bold,3><txt:color,grey>～幾天後～</txt:color></txt:bold>","<txt:bold,3><txt:color,grey>Через несколько дней.</txt:color></txt:bold>","<txt:bold,3><txt:color,grey>Beberapa hari kemudian...</txt:color></txt:bold>","<txt:bold,3><txt:color,grey>~ Vài ngày sau ~</txt:color></txt:bold>","<txt:bold,3><txt:color,grey>-Días después-</txt:color></txt:bold>","<txt:bold,3><txt:color,grey>~Beberapa hari kemudian~</txt:color></txt:bold>","<txt:bold,3><txt:color,grey>~หลายวันต่อมา~</txt:color></txt:bold>","<txt:bold,3><txt:color,grey>Alguns dias depois...</txt:color></txt:bold>"
,,,정다희,,,,,"<txt:size,3>대체 이게 뭐야?!</txt:size>","<txt:size,3>What in the world...</txt:size>","<txt:size,3>これって一体どういうこと！？</txt:size>","<txt:size,3>这到底是怎么回事？！</txt:size>","<txt:size,3>這到底是怎麼回事？！</txt:size>","<txt:size,3>Это что такое?!</txt:size>","<txt:size,3>Biar betul...</txt:size>","<txt:size,3>Rốt cuộc chuyện này là sao?!</txt:size>","<txt:size,3>¡¿Qué está pasando aquí?!</txt:size>","...<txt:size,3>Apa-apaan ini!</txt:size>","<txt:size,3>นี่มันอะไรกันเนี่ย?!</txt:size>","<txt:size,3>O que tá acontecendo aqui?!</txt:size>"
,,,-,,,,,"<txt:color,grey>(방과 후, 평소와 다름없이 체육관 문을 열었을 때 그 황당한 일이 일어났다.)</txt:color>","<txt:color,grey>(After school, something ridiculous happened when we entered the gym.)</txt:color>","<txt:color,grey>(放課後、いつも通り体育館の扉を開けた時、その理不尽な事態は起こった)</txt:color>","<txt:color,grey>(放学后，像往常一样推开体育馆的大门，眼前的一幕让我们大吃一惊。)</txt:color>","<txt:color,grey>(放學後，我們像往常一樣打開體育館大門，卻發生了這件荒唐的事。)</txt:color>","<txt:color,grey>(После уроков мы пошли в спортзал, и там нас ждал сюрприз.)</txt:color>","<txt:color,grey>(Selepas sekolah, sesuatu yang mengarut telah berlaku semasa kami memasuki gim.)</txt:color>","<txt:color,grey>(Sau giờ học, khi tôi mở cửa nhà thi đấu như mọi khi, chuyện khó tin đó đã xảy ra.)</txt:color>","<txt:color,grey>(Después de clases, al abrir la puerta del gimnasio como de costumbre, nos encontramos con una situación inesperada).</txt:color>","<txt:color,grey>(Sepulang sekolah, saat kita membuka pintu Gym seperti biasa.. suatu hal yang tak pernah kita bayangkan menyambut kita.)</txt:color>","<txt:color,grey>(ในตอนที่เปิดประตูโรงยิมตามปกติเหมือนทุกวันหลังเลิกเรียน เรื่องชวนอึ้งก็เกิดขึ้น)</txt:color>","<txt:color,grey>(Depois das aulas, abri a porta da quadra como de costume... e me deparei com uma cena inacreditável.)</txt:color>"
,,,TAG,,,,,"<eff:black,3>","<eff:black,3>","<eff:black,3>","<eff:black,3>","<eff:black,3>","<eff:black,3>","<eff:black,3>","<eff:black,3>","<eff:black,3>","<eff:black,3>","<eff:black,3>","<eff:black,3>"
,,,TAG,,,,,"<sys:qmap,대지고 체육관><cha:qpos,백시우,-2><cha:qpos,정다희,2><sys:bgm,BGM_TOPSY_TURVY,1000>","<sys:qmap,대지고 체육관><cha:qpos,백시우,-2><cha:qpos,정다희,2><sys:bgm,BGM_TOPSY_TURVY,1000>","<sys:qmap,대지고 체육관><cha:qpos,백시우,-2><cha:qpos,정다희,2><sys:bgm,BGM_TOPSY_TURVY,1000>","<sys:qmap,대지고 체육관><cha:qpos,백시우,-2><cha:qpos,정다희,2><sys:bgm,BGM_TOPSY_TURVY,1000>","<sys:qmap,대지고 체육관><cha:qpos,백시우,-2><cha:qpos,정다희,2><sys:bgm,BGM_TOPSY_TURVY,1000>","<sys:qmap,대지고 체육관><cha:qpos,백시우,-2><cha:qpos,정다희,2><sys:bgm,BGM_TOPSY_TURVY,1000>","<sys:qmap,대지고 체육관><cha:qpos,백시우,-2><cha:qpos,정다희,2><sys:bgm,BGM_TOPSY_TURVY,1000>","<sys:qmap,대지고 체육관><cha:qpos,백시우,-2><cha:qpos,정다희,2><sys:bgm,BGM_TOPSY_TURVY,1000>","<sys:qmap,대지고 체육관><cha:qpos,백시우,-2><cha:qpos,정다희,2><sys:bgm,BGM_TOPSY_TURVY,1000>","<sys:qmap,대지고 체육관><cha:qpos,백시우,-2><cha:qpos,정다희,2><sys:bgm,BGM_TOPSY_TURVY,1000>","<sys:qmap,대지고 체육관><cha:qpos,백시우,-2><cha:qpos,정다희,2><sys:bgm,BGM_TOPSY_TURVY,1000>","<sys:qmap,대지고 체육관><cha:qpos,백시우,-2><cha:qpos,정다희,2><sys:bgm,BGM_TOPSY_TURVY,1000>"
,,,정다희,,1_당황,nervous,exclam,"뭐야, 이건? 왜 쟤네가 여기서 운동하고 있어?",What? Why are they training here?,何なの、これ？なんであの子たちが体育館を使っているの？,怎么回事，这是？为什么他们在这里训练？,這是怎樣？為什麼他們會在這裡練習啊？,Что происходит? Почему они тренируются в наше время?,Apa? Kenapa mereka berlatih di sini?,Gì thế này? Sao bọn họ lại tập ở đây?,¿Qué es esto? ¿Por qué ellos están entrenando aquí?,Apa ini? Kenapa mereka yang latihan di sini?,อะไรกัน? ทำไมพวกนั้นถึงมาซ้อมกันอยู่ที่นี่ล่ะ?,Hã?! Por que eles tão treinando aqui?
,,,-,,,,,"<txt:color,grey>(원래대로라면 우리 배구부가 코트를 채우고 훈련해야 하는 시간대.)</txt:color>","<txt:color,grey>(It should be the volleyball team's turn to train on the court...)</txt:color>","<txt:color,grey>(本来なら、俺たちバレー部がネットを張って、練習してるはずの時間帯)</txt:color>","<txt:color,grey>(按理说，现在应该是我们排球部包场训练的时间。)</txt:color>","<txt:color,grey>(照理說，現在應該是我們排球部使用場地訓練的時間。)</txt:color>","<txt:color,grey>(По расписанию сейчас тренируется волейбольная команда.)</txt:color>","<txt:color,grey>(Sepatutnya giliran pasukan bola tampar yang berlatih di gelanggang...)</txt:color>","<txt:color,grey>(Lẽ ra đây là khung giờ CLB Bóng Chuyền của chúng tôi dùng sân để tập luyện.)</txt:color>","<txt:color,grey>(Normalmente, a esta hora nuestro club de voleibol debería estar usando la cancha y entrenando).</txt:color>","<txt:color,grey>(Seharusnya, saat ini adalah jadwal klub bola voli menggunakan lapangan.)</txt:color>","<txt:color,grey>(เดิมที นี่ควรเป็นเวลาที่ชมรมวอลเลย์บอลของเราได้ใช้สนามซ้อมกัน)</txt:color>","<txt:color,grey>(Era o horário em que o nosso time de vôlei normalmente treinava ali.)</txt:color>"
,,,-,,,,,"<txt:color,grey>(하지만 눈앞에 펼쳐진 것은... 체육관을 통째로 차지한 채 배드민턴부가 연습 중인 광경이었다.)</txt:color>","<txt:color,grey>(But we found the badminton team who were occupying the entire gym and training.)</txt:color>","<txt:color,grey>(しかし目の前に広がっていたのは‥体育館を丸ごと占拠して、バドミントン部が練習に励む光景だった)</txt:color>","<txt:color,grey>(但眼前‥却是羽毛球部占据了整个体育馆正在训练的景象。)</txt:color>","<txt:color,grey>(但眼前看到的卻是‥羽球部佔據了整個體育館正在練習的景象。)</txt:color>","<txt:color,grey>(Однако весь спортзал занял клуб бадминтона.)</txt:color>","<txt:color,grey>(Tapi kami dapati pasukan badminton sedang berlatih di seluruh gim.)</txt:color>","<txt:color,grey>(Nhưng cảnh tượng trước mắt lại là... CLB Cầu Lông đang chiếm trọn nhà thi đấu.)</txt:color>","<txt:color,grey>(Pero lo que teníamos al frente era... al club de bádminton ocupando todo el gimnasio para practicar).</txt:color>","<txt:color,grey>(Namun yang terbentang di depan mata kita adalah seluruh Gym telah dipakai oleh klub bulu tangkis untuk berlatih.)</txt:color>","<txt:color,grey>(แต่สิ่งที่เห็นอยู่ตรงหน้า... คือภาพที่ชมรมแบดมินตันกำลังซ้อมกัน โดยใช้พื้นที่โรงยิมทั้งหมด)</txt:color>","<txt:color,grey>(Mas o time de badminton tava usando toda a quadra.)</txt:color>"
,,,정다희,,1_당황,nervous,,"이, 이게 어떻게 된 일이지?",Wh-what's going on?,こ、これって一体どうなってるの？,这，这到底是怎么回事啊？,這、這是怎麼回事？,К-как это понимать?,Apa yang sedang berlaku?,"Ch, chuyện này là sao?",¿Q-qué está pasando aquí?,A-apa yang sebenarnya terjadi?,นะ นี่มันเกิดอะไรขึ้นน่ะ?,O que tá acontecendo aqui?!
,,,정다희,,1_외침,nervous,,"저기!! 오늘은 우리 배구부가 체육관 쓰는 날인데, 왜 여기에 있는 거야?",Hey! It's the volleyball team's turn to use the gym. What are you doing here?,ちょっと！！今日はうちのバレー部が体育館を使う日なのに、なんでここにいるわけ？,那个！！今天是我们排球部使用体育馆的日子，你们为什么在这里？,那個！！今天是輪到我們排球部用體育館耶，你們為什麼會在這裡？,Эй! Сегодня наше время тренироваться. Почему вы тут?,Hei! Sekarang giliran pasukan bola tampar guna gim. Apa yang kamu buat di sini?,"Này!! Hôm nay là ngày CLB Bóng Chuyền chúng tôi dùng nhà thi đấu mà, sao các cậu lại ở đây?",¡Oigan! Hoy le toca usar el gimnasio a nuestro club. ¿Qué hacen ustedes aquí?,Permisi! Hari ini jadwal klub bola voli yang memakai Gym. Kenapa kalian ada di sini?,นี่!! วันนี้เป็นคิวชมรมวอลเลย์บอลของเราใช้โรงยิมนะ ทำไมพวกนายถึงมาอยู่ที่นี่กันล่ะ?,Ei! A quadra é nossa hoje! O que vocês tão fazendo aqui?
,,,배드민턴부 주장,,,,,"응? 글쎄, 나도 우리 코치님이 오늘부터 여기서 훈련하라고 하셔서.","Hmm? I don't know, our coach just told us to train here from now on.",えっ？さあな。俺もコーチから、今日からここで練習しろとしか聞いてないんだよ。,嗯？这我也不知道，我们教练说从今天起在这里训练。,嗯？這個嘛，我們教練叫我們從今天開始在這裡訓練啊。,"Не знаю. Тренер сказал, что с сегодняшнего дня мы практикуемся здесь.","Hmm? Saya tak tahu, jurulatih kami suruh kami berlatih di sini mulai sekarang.","Hả? Không biết nữa, huấn luyện viên của bọn tôi bảo từ hôm nay tập ở đây.","¿Eh? No sé, nuestro entrenador también nos dijo que entrenáramos aquí a partir de hoy.",Hm? Entahlah. Pelatih kami menyuruh kami latihan di sini mulai hari ini.,เอ๋? ไม่รู้สิ โค้ชของเราบอกให้มาซ้อมที่นี่ตั้งแต่วันนี้เป็นต้นไปน่ะ,"Hã? Sei lá, nosso treinador mandou a gente treinar aqui a partir de hoje."
,,,정다희,,1_언짢,nervous,,뭐? 우리가 항상 이 시간에 이용해 왔는데? 너희가 잘못 안 거 아니야?,What? But we've always been using the gym at this hour. Maybe you misread the time?,はぁ？いつもこの時間はバレー部が使ってるんだけど？何かの間違いじゃない？,什么？我们一直都在这个时间段用体育馆的啊？是不是你们弄错了？,什麼？這個時段一直都是我們在用的耶？你們是不是搞錯了？,"Что? Это же наше время. Может, произошла ошибка?",Apa? Tapi kami selalu guna gim waktu ni. Mungkin kamu salah masa?,Gì cơ? Bọn tôi vẫn luôn dùng khung giờ này mà? Có phải các cậu nhầm không?,¿Qué? Pero nosotros siempre usamos el gimnasio a esta hora. ¿No se habrán equivocado ustedes?,Apa? Selama ini kita selalu memakai tempat ini pada jam sekarang. Apa kalian tidak salah info?,หา? เราใช้โรงยิมเวลานี้มาตลอดเลยนะ? พวกนายเข้าใจอะไรผิดรึเปล่า?,Como assim? Esse horário sempre foi nosso! Vocês devem ter entendido errado!
,,,배드민턴부 주장,,,,,우리는 정말 시킨 대로 쓰고 있는 거야. 나도 자세한 건 몰라.,We're just doing as we were told. We don't know the details.,俺たちは本当に言われた通りに使ってるだけだよ。詳しいことは俺も知らないな。,我们真的只是照教练吩咐的做。具体情况我也不清楚。,我們只是照著教練的吩咐做而已，詳細情況我也不清楚。,"Мы просто делаем, как нам сказали. Остального я не знаю.",Kami cuma ikut arahan. Kami tak tahu lebih lanjut.,Bọn tôi thật sự chỉ làm theo lời được dặn thôi. Tôi cũng không rõ chi tiết.,"Bueno, nosotros solo estamos usando el gimnasio porque así nos lo indicaron. Yo tampoco sé los detalles.",Kami benar-benar hanya memakai tempat ini sesuai instruksi. Aku juga tidak tahu detailnya.,พวกเราก็แค่ทำตามที่สั่งจริงๆ นะ ฉันไม่รู้รายละเอียดหรอก,Só estamos fazendo o que nos mandaram. Também não sei os detalhes.
,,,-,,,,,"<txt:color,grey>(배드민턴부 주장은 그 말만 툭 던지고는 훈련하러 가버렸다.)</txt:color>","<txt:color,grey>(The badminton team captain went back to training soon after.)</txt:color>","<txt:color,grey>(バドミントン部のキャプテンはそれだけ言い捨てると、練習に戻ってしまった)</txt:color>","<txt:color,grey>(羽毛球部队长丢下这句话，就回去继续训练了。)</txt:color>","<txt:color,grey>(羽球部隊長丟下這句話後，就轉身回去訓練了。)</txt:color>","<txt:color,grey>(Капитан бадминтонистов коротко ответил и ушел обратно к своим.)</txt:color>","<txt:color,grey>(Kapten pasukan badminton kembali berlatih tak lama kemudian.)</txt:color>","<txt:color,grey>(Đội trưởng CLB Cầu Lông chỉ nói vậy rồi quay lại tập luyện.)</txt:color>","<txt:color,grey>(El capitán del club de bádminton soltó eso y volvió a entrenar).</txt:color>","<txt:color,grey>(Kapten klub bulu tangkis hanya menjawab singkat, lalu kembali melanjutkan latihannya.)</txt:color>","<txt:color,grey>(กัปตันชมรมแบดมินตันพูดทิ้งไว้แค่นั้น แล้วก็กลับไปซ้อม)</txt:color>","<txt:color,grey>(O capitão do time de badminton só falou isso e voltou ao treino.)</txt:color>"
,,,정다희,,1_기본,,,"...하, 참! 진짜 어이가 없어서. 뭐가 저렇게 당당하담?",...I don't believe this! How is he so brazen?!,‥はぁ、もう！本当に呆れちゃう。なんなの、あの偉そうな態度は？,‥哈，真是！太让人无语了。他们凭什么这么理直气壮？,‥哈，真是的！太荒唐了。憑什麼這麼理直氣壯啊？,Ну надо же... Вот это наглость.,...Saya tak percaya! Macam mana dia boleh tak tahu malu?!,"...Ha, thật là! Không thể tin nổi. Sao lại có thể thản nhiên như vậy chứ?","Ja, esto es ridículo. ¿Cómo puede decir eso con tanta seguridad?","...Hah, dasar! Aku tidak bisa percaya ini. Kenapa dia bersikap seolah ini hal yang biasa?",...ให้ตายเถอะ! เหลือเชื่อเลย มั่นหน้าอะไรขนาดนั้นกัน?,Que absurdo... que cara de pau é essa?!
,,,백시우,,1_기본,,,"으음, 오해가 있던 건 아닐까? 잠깐 내가 교무실 가서 알아보고 올게.","Hmm, maybe it's all just a misunderstanding. I'll go to the staff room and ask the teachers.",うーん、何かの手違いじゃないかな？ちょっと俺が職員室に行って聞いてくるよ。,唔，会不会有什么误会？我先去教务处问问看。,唔嗯，會不會是有什麼誤會？我去辦公室問看看。,"Наверное, это ошибка. Давай я схожу и узнаю, что случилось.","Hmm, mungkin ini cuma salah faham. Saya akan pergi tanya cikgu di bilik kakitangan.","Ừm, có khi nào là hiểu lầm không? Để tôi đến phòng giáo viên hỏi thử xem.","Mmm, quizá hubo un malentendido. Iré un momento a la sala de profesores para averiguar.","Hmm, mungkin terjadi kesalahpahaman. Biar aku ke ruang guru dulu buat memastikan.",อืม น่าจะมีอะไรเข้าใจผิดรึเปล่า? เดี๋ยวฉันลองไปถามที่ห้องพักครูให้,Hum... será que não foi só um engano? Vou na sala dos professores checar.
,,,정다희,,1_외침,,,"아냐, 내가 다녀올게! 평소에도 내가 갔으니까.","No, let me go! It's always been my job anyway.",ううん、私が行ってくる！いつも私が行ってるし。,不用，我去吧！平时也都是我去的。,不用，我去吧！平常這種事也是我去處理的。,"Все нормально, я сама. Это как раз моя работа.","Tidak, biar saya pergi! Memang kerja saya pun selama ni.","Không, để tôi đi! Bình thường cũng là tôi đi mà.","No, déjame ir a mí. Normalmente soy yo la que se encarga de esos asuntos.","Tidak, biar aku saja yang pergi. Biasanya memang aku yang mengurus hal seperti ini.",ไม่ต้องหรอก เดี๋ยวฉันไปเอง! ปกติฉันก็เป็นคนไปอยู่แล้วน่ะ,"Não, deixa que eu vou! Normalmente sou eu quem resolve isso."
,,,정다희,,1_외침,,,"금방 해결될 거야!! 걱정 말고, 다들 몸 풀고 있어.","I'll straighten things out soon! Don't worry and start stretching, everyone.",すぐに解決するはずだから！！みんな心配せずに、アップしてて。,马上就能解决的！！别担心，大家先热身吧。,很快就能解決了！！大家別擔心，先去熱身吧。,Не волнуйтесь! Сейчас все решим. А вы пока разминайтесь.,Saya akan betulkan keadaan! Jangan risau dan semua boleh mula regangkan badan.,"Sẽ giải quyết nhanh thôi!! Đừng lo, mọi người khởi động trước đi.","¡Lo solucionaré rápido! No se preocupen, sigan entrando en calor.","Masalah ini pasti akan aku selesaikan dengan cepat! Kalian mulai pemanasan dulu saja, jangan khawatir.",เดี๋ยวก็จัดการได้แหละ!! ไม่ต้องห่วงนะ ทุกคนวอร์มร่างกายรอกันก่อนเลย,Vai dar tudo certo! Podem ir aquecendo.
,,,백시우,,1_기본,,,"음, 그럼 잘 다녀와!!",Okay. Good luck!,うん、じゃあ頼んだよ！！,呃，那去吧！！,嗯，那妳快去快回喔！！,Хорошо! Будем ждать.,Okey. Semoga berjaya!,"Ừ, vậy cậu đi cẩn thận nhé!!","Mmm, está bien, vuelve pronto.","Iya, kita tunggu, ya!!",อื้ม รีบกลับมาล่ะ!!,"Tá bom, boa sorte!"
,,,TAG,,,,,"<cha:pos,백시우,0><cha:pos,정다희,4>","<cha:pos,백시우,0><cha:pos,정다희,4>","<cha:pos,백시우,0><cha:pos,정다희,4>","<cha:pos,백시우,0><cha:pos,정다희,4>","<cha:pos,백시우,0><cha:pos,정다희,4>","<cha:pos,백시우,0><cha:pos,정다희,4>","<cha:pos,백시우,0><cha:pos,정다희,4>","<cha:pos,백시우,0><cha:pos,정다희,4>","<cha:pos,백시우,0><cha:pos,정다희,4>","<cha:pos,백시우,0><cha:pos,정다희,4>","<cha:pos,백시우,0><cha:pos,정다희,4>","<cha:pos,백시우,0><cha:pos,정다희,4>"
,,,백시우,,1_기본,,,"<txt:color,grey>(...이때만 해도 단순한 착오일 거라고 생각했다.)</txt:color>","<txt:color,grey>(We thought it was just a simple misunderstanding.)</txt:color>","<txt:color,grey>(‥この時までは、単なる手違いだと思っていた)</txt:color>","<txt:color,grey>(‥这个时候，我还以为只是单纯的弄错了。)</txt:color>","<txt:color,grey>(‥那時候我還以為這只是單純的溝通失誤。)</txt:color>","<txt:color,grey>(Тогда казалось, что это досадная ошибка...)</txt:color>","<txt:color,grey>(Kami ingat ia cuma salah faham kecil.)</txt:color>","<txt:color,grey>(...Lúc đó tôi vẫn nghĩ đây chỉ là nhầm lẫn đơn thuần.)</txt:color>","<txt:color,grey>(En ese momento, pensé que solo se trataba de un simple error).</txt:color>","<txt:color,grey>(...Saat itu, aku masih mengira ini hanya kekeliruan biasa.)</txt:color>","<txt:color,grey>(...ในตอนนั้น ฉันคิดว่าคงเป็นแค่ความผิดพลาดธรรมดาๆ)</txt:color>","<txt:color,grey>(Naquele momento, eu ainda achava que não passava de um simples engano.)</txt:color>"
,,,TAG,,,,,"<eff:black,3>","<eff:black,3>","<eff:black,3>","<eff:black,3>","<eff:black,3>","<eff:black,3>","<eff:black,3>","<eff:black,3>","<eff:black,3>","<eff:black,3>","<eff:black,3>","<eff:black,3>"
,,,TAG,,,,,"<sys:qmap,공원><cha:qpos,백시우,-2><cha:qpos,정다희,2>","<sys:qmap,공원><cha:qpos,백시우,-2><cha:qpos,정다희,2>","<sys:qmap,공원><cha:qpos,백시우,-2><cha:qpos,정다희,2>","<sys:qmap,공원><cha:qpos,백시우,-2><cha:qpos,정다희,2>","<sys:qmap,공원><cha:qpos,백시우,-2><cha:qpos,정다희,2>","<sys:qmap,공원><cha:qpos,백시우,-2><cha:qpos,정다희,2>","<sys:qmap,공원><cha:qpos,백시우,-2><cha:qpos,정다희,2>","<sys:qmap,공원><cha:qpos,백시우,-2><cha:qpos,정다희,2>","<sys:qmap,공원><cha:qpos,백시우,-2><cha:qpos,정다희,2>","<sys:qmap,공원><cha:qpos,백시우,-2><cha:qpos,정다희,2>","<sys:qmap,공원><cha:qpos,백시우,-2><cha:qpos,정다희,2>","<sys:qmap,공원><cha:qpos,백시우,-2><cha:qpos,정다희,2>"
,,,정다희,,4_경계,nervous,,"....으으, 너무해....","...Ngh, no way...",‥うぅ、ひどい‥,‥呜呜，太过分了‥,‥嗚嗚，太過分了‥,Это уже слишком...,"...Ngh, tak mungkin...","....Ư ư, quá đáng thật....",Ugh... Qué injusto...,"....Urgghh, keterlaluan....",....อึก เกินไปจริงๆ....,"Ugh, que sacanagem..."
,,,정다희,,4_경계,nervous,,배드민턴부 대회가 더 중요하니까 작은 동아리는 양보해 달라니...,Telling the smaller club to step aside just because the badminton tournament is 'more important'...,バドミントン部の大会の方が重要だから、弱小部は譲ってくれだなんて‥,竟然说羽毛球部的比赛更重要，所以让我们小社团让出场地‥,說什麼因為羽球部的比賽比較重要，要我們這種小社團讓出場地‥,"Видите ли, турнир по бадминтону важнее, и им нужен зал.","Katanya kejohanan kelab badminton lebih penting, jadi kelab kecil macam kita kena mengalah...",Họ nói giải đấu của CLB Cầu Lông quan trọng hơn nên CLB nhỏ như chúng ta hãy nhường lại...,"Dijeron que el torneo de bádminton es más importante, así que quieren que un club pequeño como el nuestro les ceda el espacio...","Katanya Turnamen klub bulu tangkis lebih penting, jadi klub kecil seperti kita harus mengalah...",บอกว่าทัวร์นาเมนต์ชมรมแบดมินตันสำคัญกว่า ก็เลยขอให้ชมรมเล็กๆ เสียสละให้...,"Só porque o torneio do time de badminton é considerado mais importante, querem que os times menores cedam espaço."
,,,정다희,,1_쿨쿨,nervous,,"야외 코트에서 훈련하면 애들 무릎에도 더 무리 가고, 공이랑 거리감도 안 잡힌단 말이야.","Training outdoors is harder on the players' knees, and it's hard to get a sense of distance with the ball.",屋外のコートで練習したら、みんなの膝にも負担がかかるし、ボールとの距離感も掴めなくなるのに。,如果在室外球场训练，对膝盖的负担会更大，而且也找不到对球的距离感啊。,在室外球場訓練會對膝蓋造成更大負擔，也抓不準球的距離感啊。,"На уличной площадке нагрузка на колени больше, да и расстояние до мяча оценивать труднее.",Berlatih di luar lebih sakitkan lutut pemain dan susah nak agak jarak bola.,"Nếu tập ở sân ngoài trời thì đầu gối của mọi người sẽ chịu áp lực hơn, cảm giác bóng với cự ly cũng không ổn định được.","Entrenar afuera les carga más las rodillas a todos, y encima cuesta medir bien la distancia con la pelota.","Kalau latihan di lapangan luar, itu bisa memperburuk kondisi lutut, belum lagi kita jadi susah mengukur jarak bola.",ถ้าซ้อมที่สนามกลางแจ้ง เข่าของทุกคนก็จะรับภาระหนักขึ้น แถมยังกะระยะกับลูกได้ยากด้วย,Treinar na quadra ao ar livre vai acabar sobrecarregando os joelhos do pessoal e fazendo com que percam a noção da distância da bola.
,,,정다희,,4_시무룩,nervous,,"<wrt:delay,5>...모처럼. 모처럼 다들 열심히 노력하고 있었는데.</wrt:delay>","<wrt:delay,5>...Why? Everyone was working so hard.</wrt:delay>","<wrt:delay,5>‥せっかく。せっかく、みんな一生懸命頑張っていたのに。</wrt:delay>","<wrt:delay,5>‥好不容易。好不容易大家都这么努力了。</wrt:delay>","<wrt:delay,5>‥好不容易，好不容易大家才開始這麼努力的說。</wrt:delay>","<wrt:delay,5>А мы ведь только начали по-настоящему заниматься.</wrt:delay>","<wrt:delay,5>...Kenapa? Semua orang berusaha keras.</wrt:delay>","<wrt:delay,5>...Khó khăn lắm mọi người mới cố gắng đến được như vậy mà.</wrt:delay>","<wrt:delay,5>Con lo mucho que todos se estaban esforzando...</wrt:delay>","<wrt:delay,5>...Padahal semuanya belum lama ini mulai berusaha sekeras ini.</wrt:delay>","<wrt:delay,5>...ทุกคนอุตส่าห์มุ่งมั่นพยายามกันเต็มที่เลยแท้ๆ</wrt:delay>","<wrt:delay,5>Foi tão difícil chegar até aqui... justo quando todos começaram a se dedicar de verdade...</wrt:delay>"
,,,-,,,,,"<txt:color,grey>(평소 항상 기운 넘치던 다희가 상당히 풀이 죽어 버렸다.)</txt:color>","<txt:color,grey>(Dahee, who's normally perky and full of energy, looks very upset.)</txt:color>","<txt:color,grey>(普段はいつも元気いっぱいの夏希が、かなり落ち込んでしまっている)</txt:color>","<txt:color,grey>(平时总是元气满满的多熙，现在却显得无比失落。)</txt:color>","<txt:color,grey>(平時總是充滿活力的多熙，現在看起來非常沮喪。)</txt:color>","<txt:color,grey>(Обычно такая энергичная Дахи совсем приуныла.)</txt:color>","<txt:color,grey>(Dahee, yang biasanya ceria dan penuh bertenaga, kelihatan sangat kecewa.)</txt:color>","<txt:color,grey>(Dahee, người lúc nào cũng tràn đầy năng lượng, nay đã xịu hẳn xuống.)</txt:color>","<txt:color,grey>(Dahee, que siempre estaba llena de energía, se veía bastante desanimada).</txt:color>","<txt:color,grey>(Dahee yang biasanya selalu penuh semangat, kini benar-benar kehilangan semangat.)</txt:color>","<txt:color,grey>(ดาฮีที่ปกติจะเต็มไปด้วยเอเนอร์จี้เสมอ กลับซึมลงอย่างเห็นได้ชัด)</txt:color>","<txt:color,grey>(A Dahee, geralmente transbordando energia, parecia totalmente desanimada.)</txt:color>"
,,,백시우,,3_난감,,,"<txt:color,grey>(...무리도 아니려나.)</txt:color>","<txt:color,grey>(I guess it makes sense.)</txt:color>","<txt:color,grey>(‥無理もないか)</txt:color>","<txt:color,grey>(‥这也难怪。)</txt:color>","<txt:color,grey>(‥這也難怪。)</txt:color>","<txt:color,grey>(Ее можно понять...)</txt:color>","<txt:color,grey>(...Patutlah dia begitu.)</txt:color>","<txt:color,grey>(...Cũng không trách được.)</txt:color>","<txt:color,grey>(Aunque no es para menos).</txt:color>","<txt:color,grey>(...Memang tidak heran, sih.)</txt:color>","<txt:color,grey>(...ก็คงไม่แปลกหรอก)</txt:color>","<txt:color,grey>(Não dá pra culpá-la.)</txt:color>"
,,,백시우,,3_난감,,,"<txt:color,grey>(어려운 대진표에도 기껏 열심히 다 같이 노력 중이었는데.)</txt:color>","<txt:color,grey>(We'd all been training hard together despite the tough bracket.)</txt:color>","<txt:color,grey>(厳しいトーナメント表でも、せっかくみんなで一生懸命頑張ってたのにな)</txt:color>","<txt:color,grey>(虽然对阵表很不乐观，但大家还是拼尽全力在努力。)</txt:color>","<txt:color,grey>(即使面對嚴峻的賽程表，大家也依然努力不懈。)</txt:color>","<txt:color,grey>(Мы так усердно готовимся к сложным играм.)</txt:color>","<txt:color,grey>(Sebab kita semua gigih berlatih untuk berdepan dengan carta perlawanan yang sukar.)</txt:color>","<txt:color,grey>(Dù gặp bảng đấu khó khăn, cả đội vẫn đang cùng nhau nỗ lực hết mình.)</txt:color>","<txt:color,grey>(A pesar del difícil cuadro que nos había tocado, todos estábamos esforzándonos juntos).</txt:color>","<txt:color,grey>(Padahal kita baru saja bertekad menghadapi bracket sulit itu bersama-sama.)</txt:color>","<txt:color,grey>(ทุกคนกำลังพยายามกันอย่างเต็มที่ แม้จะเจอตารางการแข่งขันสุดโหดแท้ๆ)</txt:color>","<txt:color,grey>(Todo mundo tava dando o máximo, mesmo sabendo que o torneio seria difícil.)</txt:color>"
,,,백시우,,1_무표정,,,"<txt:color,grey>(갑자기 학교의 횡포로 체육관도 제대로 이용하지 못할 상황에 처한 거니까.)</txt:color>","<txt:color,grey>(And now, we can't even use the gym because of the school.)</txt:color>","<txt:color,grey>(突然、学校側の理不尽な振る舞いで、体育館すらまともに使えない状況に追いやられたんだから)</txt:color>","<txt:color,grey>(却突然因为学校的霸道行径，落得连体育馆都无法正常使用的下场。)</txt:color>","<txt:color,grey>(結果卻因為學校的蠻橫，連體育館都無法好好使用。)</txt:color>","<txt:color,grey>(А школа лишает нас нормального спортзала.)</txt:color>","<txt:color,grey>(Dan sekarang, kita tak boleh pun guna gim sebab sekolah.)</txt:color>","<txt:color,grey>(Vậy mà giờ vì nhà trường tự ý sắp xếp, chúng tôi lại đột nhiên rơi vào cảnh không thể sử dụng nhà thi đấu như bình thường.)</txt:color>","<txt:color,grey>(Pero de pronto, por una decisión arbitraria de la escuela, ni siquiera podíamos usar el gimnasio).</txt:color>","<txt:color,grey>(Tiba-tiba kami tidak bisa memakai gedung olahraga dengan semestinya karena sekolah bertindak seenaknya.)</txt:color>","<txt:color,grey>(แต่จู่ๆ ก็ต้องมาตกอยู่ในสถานการณ์ที่ใช้โรงยิมไม่ได้อย่างที่ควรจะเป็น เพราะการใช้อำนาจตามใจชอบของโรงเรียน)</txt:color>","<txt:color,grey>(E agora, por causa de uma decisão arbitrária da escola, a gente pode nem usar a quadra direito.)</txt:color>"
,,,백시우,,1_무표정,,,"<txt:color,grey>(아무리 우리 학교가 배구부가 약하다고 해도... 너무해.)</txt:color>","<txt:color,grey>(The volleyball team hasn't been doing that great, but still... This is harsh.)</txt:color>","<txt:color,grey>(いくらうちの学校のバレー部が弱いからって‥これはひどすぎるな)</txt:color>","<txt:color,grey>(就算我们学校的排球部再弱‥这也太过分了。)</txt:color>","<txt:color,grey>(就算我們學校的排球部再怎麼弱‥這也太過分了。)</txt:color>","<txt:color,grey>(Да, наш клуб не самый сильный, но так нельзя.)</txt:color>","<txt:color,grey>(Prestasi pasukan bola tampar biasa-biasa saja, tapi... Ini dah melampau.)</txt:color>","<txt:color,grey>(Dù CLB Bóng Chuyền chúng tôi có yếu thật đi nữa... như vậy cũng quá đáng.)</txt:color>","<txt:color,grey>(Por más débil que sea el club de voleibol de nuestra escuela... esto es demasiado).</txt:color>","<txt:color,grey>(Meski klub bola voli sekolah kita tergolong lemah... tetap saja ini keterlaluan.)</txt:color>","<txt:color,grey>(ต่อให้ชมรมวอลเลย์บอลของโรงเรียนเราจะไม่ค่อยเก่ง... แต่นี่มันก็เกินไปจริงๆ)</txt:color>","<txt:color,grey>(Mesmo que o time de vôlei não tenha grandes resultados... isso já passou dos limites.)</txt:color>"
,,,-,,,,,"<txt:color,grey>(쿡쿡)</txt:color>","<txt:color,grey>(*Poke, poke*)</txt:color>","<txt:color,grey>(ツンツン)</txt:color>","<txt:color,grey>(戳戳)</txt:color>","<txt:color,grey>(戳戳)</txt:color>","<txt:color,grey>(Тык-тык)</txt:color>","<txt:color,grey>(Cuit, cuit.)</txt:color>","<txt:color,grey>*Chọc chọc*</txt:color>","<txt:color,grey>(Puc, puc...)</txt:color>","<txt:color,grey>(Senggol... Senggol...)</txt:color>","<txt:color,grey>(จึกจึก)</txt:color>","<txt:color,grey>(Cutuca, cutuca.)</txt:color>"
,,,백시우,,1_엥,,quest,"<txt:color,grey>(응?)</txt:color>","<txt:color,grey>(Huh?)</txt:color>","<txt:color,grey>(ん？)</txt:color>","<txt:color,grey>(嗯？)</txt:color>","<txt:color,grey>(嗯？)</txt:color>","<txt:color,grey>(М?)</txt:color>","<txt:color,grey>(Apa?)</txt:color>","<txt:color,grey>(Hả?)</txt:color>","<txt:color,grey>(¿Eh?)</txt:color>","<txt:color,grey>(Hmm?)</txt:color>","<txt:color,grey>(หืม?)</txt:color>","<txt:color,grey>(Hã?)</txt:color>"
,,,백시우,,1_엥,,,"<txt:color,grey>(뭐지, 다른 팀원이 나를 보며 눈을 깜빡이고 있다.)</txt:color>","<txt:color,grey>(A teammate is blinking at me.)</txt:color>","<txt:color,grey>(何なんだ？他の部員が俺を見ながら、しきりに目をパチパチさせているぞ)</txt:color>","<txt:color,grey>(怎么回事？其他队员正看着我疯狂眨眼。)</txt:color>","<txt:color,grey>(怎麼了，其他隊員正在對著我眨眼睛。)</txt:color>","<txt:color,grey>(Почему тот игрок моргает, глядя на меня?)</txt:color>","<txt:color,grey>(Seorang rakan pasukan mengenyit mata ke arah saya.)</txt:color>","<txt:color,grey>(Gì vậy, một thành viên khác đang nhìn tôi rồi chớp mắt liên tục.)</txt:color>","<txt:color,grey>(¿Y eso? Uno de los chicos me está mirando y haciendo señas con los ojos).</txt:color>","<txt:color,grey>(Salah satu anggota tim terus memberi isyarat dengan kedipan mata ke arahku.)</txt:color>","<txt:color,grey>(อะไรเนี่ย สมาชิกทีมคนอื่นมองมาที่ฉัน แล้วกะพริบตาใส่)</txt:color>","<txt:color,grey>(Que estranho. Um dos meus colegas de time está piscando pra mim.)</txt:color>"
,,,백시우,,1_엥,,,"<txt:color,grey>(눈에 먼지라도 들어간 걸까?)</txt:color>","<txt:color,grey>(Is there something in his eye?)</txt:color>","<txt:color,grey>(目にゴミでも入ったのかな？)</txt:color>","<txt:color,grey>(眼睛进沙子了？)</txt:color>","<txt:color,grey>(是眼睛進沙子了嗎？)</txt:color>","<txt:color,grey>(Ему пыль в глаза попала?)</txt:color>","<txt:color,grey>(Ada sesuatu dalam mata dia?)</txt:color>","<txt:color,grey>(Bụi bay vào mắt à?)</txt:color>","<txt:color,grey>(¿Tendrá algo en el ojo?)</txt:color>","<txt:color,grey>(Apa ada debu yang masuk ke matanya?)</txt:color>","<txt:color,grey>(ฝุ่นเข้าตารึไงนะ?)</txt:color>","<txt:color,grey>(Tem poeira no olho dele ou algo assim?)</txt:color>"
,,,대지고 부원,,,,,"...<txt:bold,2><txt:color,orange>시우</txt:color></txt:bold>야!! <txt:bold,2><txt:color,orange>다희</txt:color></txt:bold>한테 한마디 해줘...!!","...<txt:bold,2><txt:color,orange>Siwoo</txt:color></txt:bold>! Please, say something to <txt:bold,2><txt:color,orange>Dahee</txt:color></txt:bold>...!","‥<txt:bold,2><txt:color,orange>新</txt:color></txt:bold>！！<txt:bold,2><txt:color,orange>夏希</txt:color></txt:bold>に何か声をかけてやれよ‥！！","‥<txt:bold,2><txt:color,orange>时宇</txt:color></txt:bold>！！你快去跟<txt:bold,2><txt:color,orange>多熙</txt:color></txt:bold>说点什么啊‥！！","‥<txt:bold,2><txt:color,orange>時宇</txt:color></txt:bold>！！你快跟<txt:bold,2><txt:color,orange>多熙</txt:color></txt:bold>說點什麼啊‥！！","<txt:bold,2><txt:color,orange>Шиу</txt:color></txt:bold>! Подбодри как-нибудь <txt:bold,2><txt:color,orange>Дахи</txt:color></txt:bold>!","...<txt:bold,2><txt:color,orange>Siwoo</txt:color></txt:bold>! Tolonglah cakap sesuatu kepada <txt:bold,2><txt:color,orange>Dahee</txt:color></txt:bold>...!","...<txt:bold,2><txt:color,orange>Siwoo</txt:color></txt:bold> à!! Nói gì đó với <txt:bold,2><txt:color,orange>Dahee</txt:color></txt:bold> đi...!!","¡¡<txt:bold,2><txt:color,orange>Siwoo</txt:color></txt:bold>!! ¡¡Dile algo a <txt:bold,2><txt:color,orange>Dahee</txt:color></txt:bold>...!!","...<txt:bold,2><txt:color,orange>Siwoo</txt:color></txt:bold>!! Coba bilang sesuatu kepada <txt:bold,2><txt:color,orange>Dahee</txt:color></txt:bold>...!!","...<txt:bold,2><txt:color,orange>ชีอู</txt:color></txt:bold>!! ช่วยพูดอะไรกับ<txt:bold,2><txt:color,orange>ดาฮี</txt:color></txt:bold>หน่อยสิ...!!","Hum... <txt:bold,2><txt:color,orange>Siwoo</txt:color></txt:bold>! Fala alguma coisa pra <txt:bold,2><txt:color,orange>Dahee</txt:color></txt:bold>!"
,,,백시우,,2_놀람,,,...뭐?,What...?,‥え？,‥啊？,‥什麼？,Чего?,Apa...?,...Gì cơ?,¿Qué...?,...Apa?,...หา?,O quê?
,,,대지고 부원,,,,,"뭐가 아니라... <wrt:wait,25>이럴 때 네가 격려를 해줘야지.","Come on... <wrt:wait,25>This is the time for you to encourage her.","え、じゃなくて‥<wrt:wait,25>こういう時はお前が励ましてやるべきだろ。","别啊了‥<wrt:wait,25>这种时候就该你出面安慰她啊。","什麼什麼啦‥<wrt:wait,25>這種時候你應該要站出來鼓勵她啊。","Не «чего», <wrt:wait,25>а подбодри ее!","Ayuh... <wrt:wait,25>Inilah masanya kamu beri galakan kepada dia.","Gì cơ gì... <wrt:wait,25>Những lúc thế này cậu phải động viên cậu ấy chứ.","No te quedes así. <wrt:wait,25>En estos momentos, te toca animarla.","Bukan 'apa'... <wrt:wait,25>Justru saat seperti ini kamu harus menyemangatinya.","อย่ามัวแต่งง... <wrt:wait,25>เวลาแบบนี้ นายต้องช่วยให้กำลังใจสิ","Nada de «o quê». <wrt:wait,25>É numa hora dessas que você tem que animá-la."
,,,대지고 부원,,,,,"<txt:bold,2><txt:color,orange>다희</txt:color></txt:bold>가 은근히 네게 의지를 많이 한단 말이야.","<txt:bold,2><txt:color,orange>Dahee</txt:color></txt:bold> relies on you more than you think, you know.","<txt:bold,2><txt:color,orange>夏希</txt:color></txt:bold>って、案外お前のこと、すごく頼りにしてるんだからな。","<txt:bold,2><txt:color,orange>多熙</txt:color></txt:bold>其实在心底里很依赖你的。","<txt:bold,2><txt:color,orange>多熙</txt:color></txt:bold>其實私底下很依賴你耶。","<txt:bold,2><txt:color,orange>Дахи</txt:color></txt:bold> полагается на тебя больше, чем кажется.","Kamu pun tahu, <txt:bold,2><txt:color,orange>Dahee</txt:color></txt:bold> lebih banyak bergantung kepada kamu daripada apa yang kamu fikirkan.","<txt:bold,2><txt:color,orange>Dahee</txt:color></txt:bold> thật ra dựa vào cậu khá nhiều đó.","Aunque no lo parezca, <txt:bold,2><txt:color,orange>Dahee</txt:color></txt:bold> depende bastante de ti.","<txt:bold,2><txt:color,orange>Dahee</txt:color></txt:bold> sebenarnya lumayan bergantung padamu.","<txt:bold,2><txt:color,orange>ดาฮี</txt:color></txt:bold>น่ะ แอบพึ่งพานายอยู่ไม่น้อยเลยนะ","A <txt:bold,2><txt:color,orange>Dahee</txt:color></txt:bold> meio que conta bastante com você, sabe..."
,,,대지고 부원,,,,,얼른!! 빨리 멋진 한마디 부탁해!!!,C'mon! Speech!,ほら早く！！バシッとカッコいい一言頼む！！！,快去！！快去说几句帅气的话！！！,快點！！快點說句帥氣的話安慰她！！！,Ну же! Скажи что-то мотивирующее!,Ayuh! Beri ucapan!,Mau lên!! Nói một câu thật ngầu đi!!!,¡Anda! ¡Suéltale una frase motivadora!,Cepat!! Ucapkan sesuatu yang keren padanya!!!,เร็วเข้า!! รีบพูดอะไรเท่ๆ หน่อย!!!,"Anda! Solta alguma coisa marcante, rápido!"
,,A,백시우,-1,3_난감,,,"으, 우왓?! 그, 그게...!",Wh-what?! Uh...!,う、うわっ！？そ、それは‥！,呃，哇啊？！那，那个‥！,呃、哇啊？！這、這個嘛‥！,Я?! Н-но...,Apa?! Uh...!,"Ư, ui?! Ch, chuyện đó...!",¿Q-qué? P-pues...,H-hah?! J-jadi itu...!,วะ หวา?! นะ นั่นมัน...!,"Ué?! B-bom, é que..."
,,A-1,백시우,,2_기쁨,,,"<txt:bold,2><txt:color,orange>다희</txt:color></txt:bold>야. 아직 단념하는 건 이르지 않을까?","<txt:bold,2><txt:color,orange>Dahee</txt:color></txt:bold>, I think it's too soon to give up.","<txt:bold,2><txt:color,orange>夏希</txt:color></txt:bold>。まだ諦めるのは早いんじゃないか？","<txt:bold,2><txt:color,orange>多熙</txt:color></txt:bold>。现在就放弃，是不是太早了点？","<txt:bold,2><txt:color,orange>多熙</txt:color></txt:bold>，現在放棄還太早了吧？","<txt:bold,2><txt:color,orange>Дахи</txt:color></txt:bold>, сейчас не время опускать руки.","<txt:bold,2><txt:color,orange>Dahee</txt:color></txt:bold>, rasanya terlalu awal untuk putus asa.","<txt:bold,2><txt:color,orange>Dahee</txt:color></txt:bold> à. Chưa phải lúc bỏ cuộc đâu!","<txt:bold,2><txt:color,orange>Dahee</txt:color></txt:bold>, todavía no es momento de darnos por vencidos.","<txt:bold,2><txt:color,orange>Dahee</txt:color></txt:bold>, tidakkah ini terlalu cepat untuk menyerah?","<txt:bold,2><txt:color,orange>ดาฮี</txt:color></txt:bold> ยังเร็วเกินไปที่จะถอดใจรึเปล่า?","<txt:bold,2><txt:color,orange>Dahee</txt:color></txt:bold>... não acha que ainda é meio cedo pra desistir?"
,,A-1,백시우,,1_기본,,,"체육관을 쓰지 못하게 되긴 했지만, 연습을 못 하는 것도 아니고.","We can't use the gym, but that doesn't mean we can't train at all.",体育館は使えなくなっちゃったけど、練習ができないわけじゃないし。,虽然没法用体育馆了，但也不是完全不能练习啊。,雖然不能用體育館，但也不是完全不能練習啊。,"Мы лишились зала, но не возможности играть в волейбол.","Kita tak boleh guna gim, tapi tak bermakna kita tak boleh berlatih langsung.","Đúng là chúng ta không dùng được nhà thi đấu nữa, nhưng đâu phải không thể tập luyện.","Es cierto que ya no podremos usar el gimnasio, pero eso no significa que no podamos practicar.","Memang sekarang kita tidak bisa memakai gedung olahraga, tapi bukan berarti kita tidak bisa berlatih.",ถึงจะใช้โรงยิมไม่ได้ แต่ก็ไม่ใช่ว่าจะซ้อมไม่ได้สักหน่อย,"A gente não pode usar a quadra, mas ainda dá pra treinar."
,,A-1,백시우,,1_결연,,,"네가 말했잖아, 부딪혀 보자고. 포기하면 안 돼. 단념하면 그걸로 끝이니까.","You're the one who said we should face the challenge head-on. We can't give up. If we do, that's where it ends.","<txt:bold,2><txt:color,orange>夏希</txt:color></txt:bold>が言ったんじゃないか、ぶつかってみようって。諦めちゃダメだ。諦めたらそこで終わりなんだからな。",你不是说过吗，要拼一把看看。绝对不能放弃。一旦放弃，就全完了。,妳不是說要拚拚看嗎？不能輕易放棄，一旦放棄，比賽就真的結束了。,"Помнишь, что ты нам говорила? Надо бороться до конца и не сдаваться.","Kamulah yang kata kita patut sahut cabaran. Kita tak boleh putus asa. Kalau putus asa, tamatlah sudah.","Cậu từng nói mà, cứ thử đối đầu đi. Không được bỏ cuộc. Một khi từ bỏ thì mọi chuyện sẽ thật sự kết thúc.","Tú misma lo dijiste: hay que intentarlo. No podemos rendirnos. Si nos damos por vencidos, ahí sí se acaba todo.","Bukankah dulu kamu sendiri yang bilang kita harus siap menghadapi semuanya? Kalau kita menyerah, semuanya akan benar-benar berakhir.",เธอพูดเองนี่นา ว่าให้ลองสู้ดูสักตั้ง ห้ามยอมแพ้สิ เพราะถ้าถอดใจมันก็จบแค่นั้นแหละ,"Você falou pra gente tentar até o fim. Se desistir agora, acabou."
,,A-1,백시우,,1_웃음,,,"게다가. 하핫. 요새 날씨도 좋고, 여기라면 질릴 때까지 배구할 수 있어서 더 좋을 수도 있어.","Plus, haha. The weather's nice, and we can play volleyball to our heart's content here.",それに、ははっ。最近は天気もいいし、ここなら飽きるまでバレーができるから、かえっていいかもしれないぞ。,再说了。哈哈，最近天气这么好，在这里打排球，想打到什么时候就打到什么时候，说不定反而更好呢。,再說了，哈哈，最近天氣這麼好，在這裡想打多久就打多久，說不定更好呢。,И потом. Погода сейчас отличная. Вдруг нам здесь понравится даже больше?,"Lagipun, haha. Cuaca baik, dan kita boleh bermain bola tampar sepuas hati di sini.","Hơn nữa. Ha ha. Dạo này thời tiết cũng đẹp, ở đây có khi lại tốt hơn vì có thể chơi bóng chuyền thỏa thích đến khi chán thì thôi.","Además... jaja. Últimamente hace buen clima, y aquí podremos jugar voleibol hasta cansarnos. Quizá hasta sea mejor.","Lagipula. Haha. Akhir-akhir ini cuacanya juga bagus. Dan kalau latihan di sini, kita malah bisa main bola voli sepuasnya tanpa memikirkan jadwal.",อีกอย่างนะ ฮ่าฮ่า ช่วงนี้อากาศก็ดีด้วย ถ้าเป็นที่นี่อาจจะดีกว่าซะอีก เพราะคงได้เล่นวอลเลย์บอลจนหนำใจเลย,"Sem contar que o tempo tá ótimo, dá até pra jogar vôlei até cansar aqui."
,,A-1,-,,,,,"<txt:color,grey>(....끄덕.)</txt:color>","<txt:color,grey>(*Nod*)</txt:color>","<txt:color,grey>(‥コクリ)</txt:color>","<txt:color,grey>(‥点头。)</txt:color>","<txt:color,grey>(‥點頭。)</txt:color>","<txt:color,grey>(Кивок...)</txt:color>","<txt:color,grey>(*Mengangguk*)</txt:color>","<txt:color,grey>(....Gật đầu.)</txt:color>","<txt:color,grey>(Asiente...)</txt:color>","<txt:color,grey>(...Mengangguk.)</txt:color>","<txt:color,grey>(....พยักหน้า)</txt:color>","<txt:color,grey>(Concorda com um aceno.)</txt:color>"
,,A-1,정다희,,1_기본,,,"...후우.. 그래, 네 말이 맞아.","*Sigh*... Yeah, you're right.","‥ふぅ‥そうだね、<txt:bold,2><txt:color,orange>新</txt:color></txt:bold>の言う通りかも。",‥呼‥嗯，你说得对。,‥呼‥嗯，你說得對。,"Фух... Да, ты прав.","*Mengeluh*... Ya, betul cakap kamu.","...Phù.. Ừ, cậu nói đúng.","Fuu... Sí, tienes razón.","...Hyuh.. iya, benar katamu.",...ฮู้ว.. ใช่ นายพูดถูก,"Uff... é, você tem razão."
,,A-1,정다희,,1_웃음,,,"기운을 내야지. 고마워, <txt:bold,2><txt:color,orange>시우</txt:color></txt:bold>야.","We have to get it together. Thanks, <txt:bold,2><txt:color,orange>Siwoo</txt:color></txt:bold>.","元気出さなきゃね。ありがとう、<txt:bold,2><txt:color,orange>新</txt:color></txt:bold>。","我得振作起来才行。谢谢你，<txt:bold,2><txt:color,orange>时宇</txt:color></txt:bold>。","該打起精神才對。謝謝你，<txt:bold,2><txt:color,orange>時宇</txt:color></txt:bold>。","Не время унывать. Спасибо, <txt:bold,2><txt:color,orange>Шиу</txt:color></txt:bold>.","Kita kena bersedia dan fokus semula. Terima kasih, <txt:bold,2><txt:color,orange>Siwoo</txt:color></txt:bold>.","Tôi phải lấy lại tinh thần mới được. Cảm ơn cậu, <txt:bold,2><txt:color,orange>Siwoo</txt:color></txt:bold>.","Tengo que levantar el ánimo. Gracias, <txt:bold,2><txt:color,orange>Siwoo</txt:color></txt:bold>.","Aku harus semangat lagi. Terima kasih, <txt:bold,2><txt:color,orange>Siwoo</txt:color></txt:bold>.","ฉันต้องฮึดสู้สิ ขอบใจนะ <txt:bold,2><txt:color,orange>ชีอู</txt:color></txt:bold>","Preciso seguir em frente. Obrigada, <txt:bold,2><txt:color,orange>Siwoo</txt:color></txt:bold>."
,,A-1,백시우,,1_웃음,,,"하핫, 뭘. 이제까지 다 네가 우리를 응원해 줬는걸.","It's nothin', haha. You're the one who's been cheering us on so far.",ははっ、気にすんなって。今まで夏希がずっと俺たちを励ましてくれてたんだから。,哈哈，没什么。一直以来都是你在给我们加油打气嘛。,哈哈，這沒什麼。一直以來都是妳在鼓勵我們啊。,Пустяки. Сейчас наша очередь поддержать тебя.,"Tak apa, haha. Kamulah sebenarnya yang banyak beri sokongan kepada kami selama ni.","Ha ha, có gì đâu. Từ trước đến giờ toàn là cậu cổ vũ chúng tôi mà.","Jaja, no es nada. Tú eres la que siempre nos anima.","Haha, sama-sama. Selama ini justru kamulah yang selalu menyemangati kita.",ฮ่าฮ่า ไม่หรอก เธอเป็นคนที่คอยให้กำลังใจพวกเรามาจนถึงตอนนี้เลยนะ,Que isso. Você que sempre esteve torcendo por nós.
,,A-2,백시우,,2_기쁨,,,...내가 지금이라도 당장 교장 선생님께 가서 따져 묻고 올까?,...Or I can go confront the principal right now.,‥俺が今からでも、校長先生のところに抗議しに行ってこようか？,‥要不我现在就去校长那里讨个说法？,‥需要我現在立刻去校長室找校長理論嗎？,Давай я схожу поговорю с директором.,...Atau saya boleh pergi bersemuka dengan pengetua sekarang juga.,...Hay bây giờ tôi đến gặp thầy hiệu trưởng hỏi cho ra lẽ nhé?,¿Quieres que vaya ahora mismo a reclamarle al director?,"...Kalau begitu, bagaimana kalau aku menemui kepala sekolah dan menuntut penjelasan padanya sekarang?",...หรือฉันไปถามผู้อำนวยการให้รู้เรื่องซะเดี๋ยวนี้เลยดีไหม?,Quer que eu vá agora falar com o diretor?
,,A-2,정다희,,2_어머,,,"으, 응?",H-Huh?,え、えっ？,呃，啊？,呃、嗯？,Зачем?,Apa?,"Ư, hả?",¿E-eh?,E-eh?,อะ เอ๋?,Oi?
,,A-2,백시우,,1_결연,,,이런 일은 그냥 넘어가면 안 돼. 내가 가서 제대로 한마디 하고 올게!,You shouldn't let things like this slide. Let me go say something to the principal.,こういうのは黙って見過ごしちゃダメだ。俺がガツンと言ってきてやるよ！,这种事绝对不能就这么算了。我一定要去好好跟他理论理论！,這種事不能就這樣算了。我去幫大家討回公道！,С нами нельзя так поступать. Пойду и выскажу ему все.,Kamu tak patut biarkan perkara macam ni. Biar saya pergi cakap sesuatu dengan pengetua.,Những chuyện thế này không thể cứ cho qua được. Để tôi đi nói chuyện cho ra lẽ!,Esto no puede quedarse así. ¡Voy a hablar seriamente con él!,Hal seperti ini tidak boleh dibiarkan begitu saja. Aku akan memastikannya mendengar keberatan kita!,เรื่องแบบนี้มันไม่ควรปล่อยผ่านนะ ฉันขอไปพูดอะไรสักหน่อยแล้วกัน!,Isso passou dos limites. Vou lá falar com ele!
,,A-2,정다희,,1_당황,,,"자, 잠깐만!! 일 키우지 마, <txt:bold,2><txt:color,orange>시우</txt:color></txt:bold>야!!","W-wait! Don't make this a bigger issue than it has to be, <txt:bold,2><txt:color,orange>Siwoo</txt:color></txt:bold>!","ち、ちょっと待って！！事を荒立てないでよ、<txt:bold,2><txt:color,orange>新</txt:color></txt:bold>！！","等、等一下！！别把事情闹大啊，<txt:bold,2><txt:color,orange>时宇</txt:color></txt:bold>！！","等、等一下！！別把事情鬧大啊，<txt:bold,2><txt:color,orange>時宇</txt:color></txt:bold>！！","Ты только все усложнишь, <txt:bold,2><txt:color,orange>Шиу</txt:color></txt:bold>.","T-tunggu!! Jangan besarkan hal ini, <txt:bold,2><txt:color,orange>Siwoo</txt:color></txt:bold>!","Kh, khoan đã!! Đừng làm lớn chuyện, <txt:bold,2><txt:color,orange>Siwoo</txt:color></txt:bold>!!","¡E-espera! ¡No empeores las cosas, <txt:bold,2><txt:color,orange>Siwoo</txt:color></txt:bold>!","Tu-tunggu!! Jangan memperbesar masalah, <txt:bold,2><txt:color,orange>Siwoo</txt:color></txt:bold>!!","ดะ เดี๋ยวก่อน!! อย่าทำให้เรื่องมันใหญ่เลย <txt:bold,2><txt:color,orange>ชีอู</txt:color></txt:bold>!!","Calma! Não exagera, <txt:bold,2><txt:color,orange>Siwoo</txt:color></txt:bold>!"
,,A-2,백시우,,2_기쁨,,exclam,"아냐, 내가 담판을 짓고 올게!! 교장 선생님의 트럼펫을 인질로 잡아서라도!!","No, I'll set things straight, even if that means taking the principal's trumpet hostage!",いや、俺が決着をつけてくる！！校長先生のトランペットを人質にしてでも！！,不行，我一定要去讨个公道！！就算把校长的宝贝小号扣作人质我也在所不惜！！,不，我這就去跟他談判！！就算把校長的小喇叭拿來當人質也在所不惜！！,"Украду и спрячу любимую трубу директора, и он вернет нам спортзал!","Tidak, saya akan selesaikan perkara ni, walaupun terpaksa menahan trompet pengetua sebagai tebusan!","Không, tôi sẽ đi dàn xếp cho ra lẽ!! Dù có phải lấy kèn trumpet của thầy hiệu trưởng ra làm con tin đi nữa!!","¡No, iré a resolver esto de una vez! ¡Aunque tenga que secuestrar su trompeta!","Tidak! Biar aku yang menyelesaikannya!! Kalau perlu, trompet kesayangan kepala sekolah pun akan kujadikan sandera!!",ไม่หรอก เดี๋ยวฉันไปเคลียร์ให้จบเอง!! ต่อให้ต้องจับทรัมเป็ตของผู้อำนวยการเป็นตัวประกันก็ตาม!!,"Não, vou resolver isso de uma vez! Nem que eu tenha que usar o trompete do diretor como refém!"
,,A-2,정다희,,1_당황,,,"그, 그러지 마!! 그럴 시간에 훈련부터 하자!!",D-don't do that! Let's just start practice!,や、やめてってば！！そんなことする暇があるなら練習から始めようよ！！,别，千万别！！有那闲工夫，我们还是赶紧训练吧！！,你、你冷靜一點啦！！有那個時間還不如拿來訓練！！,Н-не надо! Лучше иди тренироваться!,Jangan buat begitu! Mari kita mula berlatih saja!,"Đ, đừng làm vậy!! Có thời gian làm chuyện đó thì tập luyện trước đã!!",¡N-no! ¡Mejor usemos ese tiempo para entrenar!,J-jangan begitu!! Lebih baik kita latihan daripada melakukan hal seperti itu!!,ยะ อย่าทำแบบนั้นนะ!! เอาเวลามาเริ่มซ้อมกันดีกว่า!!,Não! Vamos treinar em vez disso!
,,A-2,백시우,,2_기쁨,,,정말 괜찮아? 사양할 필요 없어.,Are you sure? I've no problem going.,本当にいいの？遠慮しなくていいんだよ。,真的没关系吗？不用跟我客气哦。,真的沒關係嗎？不用跟我客氣喔。,Ты уверена? Мне не сложно.,Kamu pasti? Saya boleh je pergi.,Thật sự ổn chứ? Cậu không cần ngại đâu.,¿Seguro que estás bien? No tienes que contenerte.,Yakin tidak apa-apa? Kamu tidak perlu sungkan.,เธอโอเคจริงๆ เหรอ? ไม่ต้องเกรงใจหรอกนะ,Tem certeza? Não precisa recusar.
,,A-2,정다희,,2_난처,,,"괜찮다니까~! 어휴, 너 은근히 과격한 면이 있구나?","It's really fine! Oof, you're rowdier than I thought.",大丈夫だってば～！もう、新って意外と過激なとこがあるのね？,都说了没关系啦～！哎哟，看不出来你平时闷声不响的，其实还挺激进的嘛？,真的沒關係啦～！哎喲，原來你也有這麼激動的一面喔？,Уверена. Ничего себе у тебя боевой настрой.,"Saya kata okey! Aduhai, tak sangka kamu ada sisi ganas juga, ya?","Tôi đã bảo là ổn mà~! Haiz, cậu cũng có mặt khá quá khích nhỉ?","¡Claro que sí! Uff, tienes un lado bastante intenso, ¿eh?","Sudah kubilang tidak apa-apa~! Ya ampun, ternyata diam-diam kamu juga punya sisi yang cukup nekat, ya?",ฉันโอเคน่า~! เฮ้อ นายนี่ก็แอบเป็นสายบู๊เหมือนกันนะเนี่ย?,"Tá tudo bem! Nossa, você tem um lado meio agressivo."
,,A-2,정다희,,2_헤헤,,,"...헤헷, 그래도 네 덕분에 기운이 조금 난다.","...Heheh, still, I feel better thanks to you.",‥へへっ、でも、新のおかげで少し元気が出たわ。,‥嘿嘿，不过多亏了你，我感觉好多了。,‥嘿嘿，不過多虧了你，我心情感覺好多了。,"Но спасибо за поддержку, хе-хе.","...Hehe, tapi saya dah lebih bersemangat sikit sebab kamu.","...He he, nhưng nhờ cậu mà tôi thấy có tinh thần hơn rồi.","Jeje, aun así, gracias a ti me siento un poco mejor.","...Hehe, tapi berkat kamu, sekarang aku jadi merasa sedikit lebih baik.",...ฮิฮิ แต่ฉันก็มีแรงขึ้นมานิดหน่อยเพราะนายเลย,"Hehe, graças a você me sinto um pouco melhor."
,,A-3,백시우,,1_기본,,,이럴 때는 생각할수록 머리만 아프니까... 일단 매점 갈래?,"In situations like this, it's worse to overthink things... Anyway, do you want to stop by the school convenience store?",こんな時って、考えるほど頭が痛くなるだけだから‥とりあえず購買行こっか？,这种事越想越头疼‥要不要去趟小卖部？,這種事越想越頭痛‥我們先去合作社吧？,Хочешь сходить в магазин? Чтобы голова не разболелась.,"Dalam situasi begini, keadaan akan jadi lebih teruk kalau terlalu banyak berfikir... Apapun, kamu nak singgah di kedai serbaneka sekolah?",Những lúc thế này càng nghĩ càng đau đầu thôi... Hay trước mắt ra căn tin nhé?,"Si seguimos dándole vueltas, solo nos vamos a estresar más... ¿Vamos un rato a la tienda?",Daripada terus memikirkan masalah yang memusingkan... Bagaimana kalau kita ke kantin dulu?,เวลาแบบนี้น่ะ ยิ่งคิดมากก็ยิ่งปวดหัว... เอาเป็นว่าไปร้านค้ากันก่อนดีไหม?,"Nessas horas, pensar só atrapalha... quer ir à cantina?"
,,A-3,정다희,,2_난처,,,...매점?,...The convenience store?,‥購買？,‥小卖部？,‥合作社？,В магазин?,...Kedai serbaneka?,...Căn tin?,¿A la tienda?,...Kantin?,...ร้านค้าเหรอ?,Cantina?
,,A-3,백시우,,2_기쁨,,,아이스크림은 어때? 원래 스트레스 잔뜩 받았을 때는 단 게 최고잖아.,Want some ice cream? Sweet treats are perfect for stressful situations.,アイスはどう？ストレスが溜まった時は甘いものに限るだろ。,吃点冰淇淋怎么样？压力大的时候吃甜食最管用了。,吃個冰淇淋怎麼樣？壓力大的時候，吃甜食最有效了。,"Да, за мороженым. Оно отлично помогает от стресса!",Mahu makan aiskrim? Makanan manis sempurna untuk situasi tegang.,Ăn kem không? Những lúc đầu óc căng thẳng thì đồ ngọt là nhất mà.,"¿Qué tal un helado? Cuando uno está muy estresado, algo dulce siempre ayuda.",Mau makan es krim? Makanan manis adalah pilihan terbaik saat menghadapi stres.,กินไอศกรีมกันเป็นไง? เวลาเครียดๆ ของหวานคือตัวช่วยชั้นเยี่ยมเลยนี่นา,Que tal sorvete? Um doce sempre ajuda a aliviar o estresse.
,,A-3,백시우,,2_기쁨,,,좋아하는 아이스크림 있어? 먹고 싶은 거 다 골라. 내가 쏜다!!,What's your favorite ice cream? Choose however much you want. It's on me!,好きなアイスある？食べたいもの全部選んでよ。俺が奢るからさ！！,有没有特别想吃的？随便挑，我请客！！,妳喜歡吃什麼口味？想吃什麼隨便挑。我請客！！,С каким вкусом ты любишь? Я угощаю.,Apa aiskrim kegemaran kamu? Pilih saja. Saya belanja!,Cậu thích kem gì? Muốn ăn gì cứ chọn. Tôi đãi!!,¿Qué helado te gusta? Escoge el que se te antoje. ¡Yo invito!,Ada rasa yang kamu suka? Coba pilih saja sesukamu. Aku yang traktir!!,เธอมีไอศกรีมที่ชอบรึเปล่า? เลือกอันที่อยากกินได้เลยนะ ฉันเลี้ยงเอง!!,"Qual sorvete você gosta? Pode pegar o que quiser, é por minha conta!"
,,A-3,백시우,,1_웃음,shake,,"...비, 비싼 것도 괜찮다구!","...I-I can even afford the pricy ones, too!",‥た、高いやつでもいいぞ！,‥贵、贵的也可以哦！,‥貴、貴一點的也沒關係喔！,Д-дорогое тоже можно.,...Yang mahal pun saya mampu bayar!,...Loại đắt tiền cũng được!,¡N-no importa si es caro!,...B-boleh pilih yang mahal juga!,...จะ จะแพงก็ไม่เป็นไร!,"Até os mais caros, viu!"
,,A-3,정다희,,1_기본,,,"...<wrt:wait,25>푸흡, 그래그래, 기운 낼게.","...<wrt:wait,25>Pfft. Yeah, thank you. I won't be so negative.","‥<wrt:wait,25>ぷっ、そうね、元気出すよ。","‥<wrt:wait,25>噗嗤，好好好，我会打起精神的。","‥<wrt:wait,25>噗哈哈，好啦好啦，我會打起精神的。","...<wrt:wait,25>Пха-ха! Все-все, мне уже лучше!","...<wrt:wait,25>Pfft. Ya, terima kasih. Saya takkan begitu negatif.","...<wrt:wait,25>Phụt, được rồi được rồi, tôi sẽ lấy lại tinh thần.","... <wrt:wait,25>Pfft. bueno, bueno. Trataré de recuperar los ánimos.","...<wrt:wait,25>Pffft, iya, iya. Aku akan semangat lagi.","...<wrt:wait,25>คิก ก็ได้ๆ ฉันจะฮึดสู้นะ","Pfft... <wrt:wait,25>Tá bom, vou tentar me animar."
,,A-3,정다희,,1_기본,,,"돈은 일단 아껴 둬. 대회에서 이긴 뒤에, 다 같이 기분 좋게 먹자!!","Save your money, though. Let's have ice cream all together after we win the match!",お金はとりあえず取っておいて。大会で勝ったら、みんなで美味しく食べよ！！,你的钱还是先留着吧。等比赛赢了，大家再一起开开心心地吃个痛快！！,錢你先留著。等我們贏了比賽，大家再一起開心地吃一頓吧！！,Не трать пока деньги. Вот победим и отпразднуем все вместе!,Simpan wang kamu. Mari sama-sama makan aiskrim selepas menang perlawanan nanti!,"Tiền thì cứ để dành đi. Sau khi thắng giải đấu, cả đội cùng ăn cho vui!!","Por ahora, mejor guarda ese dinero. ¡Cuando ganemos el torneo, vamos todos a comer algo rico!",Untuk sekarang simpan saja dulu uangmu. Mari kita rayakan bersama setelah memenangkan Turnamen!!,นายเก็บเงินไว้ก่อนเถอะ ไว้หลังจากชนะในทัวร์นาเมนต์แล้ว ค่อยไปกินด้วยกันทั้งหมดอย่างสบายใจเลยดีกว่า!!,"Guarda esse dinheiro! Depois da vitória, a gente comemora!"
,,A-3,백시우,,1_웃음,,,음!! 그것도 좋은 생각이다. 알겠어!!,Yeah! Great idea. Let's do that!,うん！！それもいい考えだな。分かったよ！！,嗯！！这主意不错。就这么定了！！,嗯！！這主意不錯。一言為定！！,"Договорились, так даже лучше!",Ya! Idea hebat. Mari buat begitu!,Ừm!! Ý đó cũng hay đấy. Được!,¡Mmm! Esa también es una buena idea. ¡De acuerdo!,Hmm!! Itu juga ide yang bagus. Oke!!,อื้ม!! นั่นก็เป็นความคิดที่ดีเลยนะ โอเค!!,Uhum! Boa ideia. Fechado!
,,,정다희,,1_언짢,,,"그나저나 <txt:bold,2><txt:color,orange>마윤석</txt:color></txt:bold>은 대체 어디에 있는 거야? 왜 여태 안 오는 거지?","What's going on with <txt:bold,2><txt:color,orange>Yoonseok</txt:color></txt:bold>, though? What's taking him so long?","それにしても<txt:bold,2><txt:color,orange>忠英</txt:color></txt:bold>の奴、一体どこにいるのよ。なんでまだ来ないわけ？","话说回来，<txt:bold,2><txt:color,orange>马允硕</txt:color></txt:bold>到底跑哪里去了？怎么还没来？","話說回來，<txt:bold,2><txt:color,orange>馬允碩</txt:color></txt:bold>到底跑去哪了？怎麼到現在還沒來？","Кстати, где <txt:bold,2><txt:color,orange>Ма Юнсок</txt:color></txt:bold>?","Kenapa pula dengan <txt:bold,2><txt:color,orange>Yoonseok</txt:color></txt:bold>? Kenapa dia lama sangat?","Mà <txt:bold,2><txt:color,orange>Ma Yoonseok</txt:color></txt:bold> rốt cuộc đang ở đâu vậy? Sao giờ vẫn chưa đến?","Por cierto, ¿dónde rayos está <txt:bold,2><txt:color,orange>Ma Yunseok</txt:color></txt:bold>? ¿Por qué todavía no llega?","Ngomong-ngomong, <txt:bold,2><txt:color,orange>Yunseok Ma</txt:color></txt:bold> itu di mana sih? Kenapa belum datang juga?","ว่าแต่ <txt:bold,2><txt:color,orange>มายุนซอก</txt:color></txt:bold>หายไปไหนเนี่ย? ทำไมถึงยังไม่มาสักที?","Mas e o <txt:bold,2><txt:color,orange>Yunseok Ma</txt:color></txt:bold>? Onde ele tá? Por que ainda não chegou?"
,,,백시우,-2,1_기본,,,"분명히 이쪽으로 오라고 연락을 해뒀는데, 무슨 일 생겼나?",I told him to come over here. I wonder if anything happened.,確かにこっちに来るように連絡しておいたんだけどな。何かあったのかな？,我明明发信息让他来这里的，难道出什么事了？,我明明已經傳訊息叫他過來了，難道發生什麼事了嗎？,Я сказал ему приходить сюда. Странно.,Saya suruh dia datang ke sini. Tertanya-tanya kalau berlaku apa-apa.,"Tôi đã nhắn bảo cậu ấy đến đây rồi mà, có chuyện gì chăng?",Le avisé claramente que viniera aquí. ¿Le habrá pasado algo?,Padahal tadi aku sudah menghubunginya dan menyuruhnya langsung ke sini. Jangan-jangan terjadi sesuatu?,ฉันบอกไว้แล้วนะว่าให้มาทางนี้ เกิดเรื่องอะไรขึ้นรึเปล่าเนี่ย?,Eu avisei pra ele vir pra cá. Será que aconteceu alguma coisa?
,,,TAG,,,,,"<cha:pos,정다희,0><cha:pos,마윤석,2>","<cha:pos,정다희,0><cha:pos,마윤석,2>","<cha:pos,정다희,0><cha:pos,마윤석,2>","<cha:pos,정다희,0><cha:pos,마윤석,2>","<cha:pos,정다희,0><cha:pos,마윤석,2>","<cha:pos,정다희,0><cha:pos,마윤석,2>","<cha:pos,정다희,0><cha:pos,마윤석,2>","<cha:pos,정다희,0><cha:pos,마윤석,2>","<cha:pos,정다희,0><cha:pos,마윤석,2>","<cha:pos,정다희,0><cha:pos,마윤석,2>","<cha:pos,정다희,0><cha:pos,마윤석,2>","<cha:pos,정다희,0><cha:pos,마윤석,2>"
,,,마윤석,,1_무표정,nervous,,"크, 크흠! 얘들아, 나 왔어! 많이 기다렸지?",A-ahem! I'm here! Sorry to make you wait.,コ、コホン！みんな、待たせたな！,咳、咳咳！大家，我来了！久等了吧？,咳、咳嗯！各位，我來了！等很久了吧？,"Кхе-кхе! Ну что, заждались своего героя?",Ehem! Saya dah sampai! Maaf buat kamu menunggu.,"Kh, khụ! Mọi người, tôi đến rồi! Chờ tôi lâu lắm đúng không?","E-ejem. Chicos, ya llegué. ¿Llevan mucho esperando?","Kh-khemm!! Semuanya, aku telah kembali! Kalian pasti sudah lama menunggu, ya?",อะ อะแฮ่ม! ทุกคน ฉันมาแล้ว! รอนานเลยใช่ไหม?,"Caham! Gente, cheguei! Esperaram muito?"
,,,정다희,,1_언짢,,,"<txt:bold,2><txt:color,orange>마윤석</txt:color></txt:bold>? 너 오늘도 지각하면 어떡해..... <sys:quiet,1000><wrt:wait,30><cha:pop,정다희><wrt:break><cha:face,정다희,1_당황>헉! 어떻게 된 거야, 그 모습은!!","<txt:bold,2><txt:color,orange>Yoonseok</txt:color></txt:bold>? You're late again...<sys:quiet,1000><wrt:wait,30><cha:pop,정다희><wrt:break><cha:face,정다희,1_당황>*Gasp*! What happened?!","<txt:bold,2><txt:color,orange>忠英</txt:color></txt:bold>？あなた、今日も遅刻なんてどういうつもり‥。<sys:quiet,1000><wrt:wait,30><cha:pop,정다희><wrt:break><cha:face,정다희,1_당황>えっ！どうしたの、その姿！！","<txt:bold,2><txt:color,orange>马允硕</txt:color></txt:bold>？今天你怎么又迟到‥<sys:quiet,1000><wrt:wait,30><cha:pop,정다희><wrt:break><cha:face,정다희,1_당황>天啊！你这什么造型啊！！","<txt:bold,2><txt:color,orange>馬允碩</txt:color></txt:bold>？你怎麼今天又遲到了‥<sys:quiet,1000><wrt:wait,30><cha:pop,정다희><wrt:break><cha:face,정다희,1_당황>呃！你那是什麼造型！！","<txt:bold,2><txt:color,orange>Ма Юнсок</txt:color></txt:bold>? Ты опять опоз..... <sys:quiet,1000><wrt:wait,30><cha:pop,정다희><wrt:break><cha:face,정다희,1_당황>Ой, что с тобой?","<txt:bold,2><txt:color,orange>Yoonseok</txt:color></txt:bold>? Kamu lambat lagi...<sys:quiet,1000><wrt:wait,30><cha:pop,정다희><wrt:break><cha:face,정다희,1_당황>*Tercengang*! Apa dah berlaku?!","<txt:bold,2><txt:color,orange>Ma Yoonseok</txt:color></txt:bold>? Hôm nay cậu lại đi trễ nữa thì sao được..... <sys:quiet,1000><wrt:wait,30><cha:pop,정다희><wrt:break><cha:face,정다희,1_당황>Hả! Bộ dạng đó là sao vậy?","¿<txt:bold,2><txt:color,orange>Ma Yunseok</txt:color></txt:bold>? Otra vez llegando tarde... <sys:quiet,1000><wrt:wait,30><cha:pop,정다희><wrt:break><cha:face,정다희,1_당황>¡¿Eh?! ¡¿Qué te pasó?! ¡¿Por qué vienes así?!","<txt:bold,2><txt:color,orange>Yunseok Ma</txt:color></txt:bold>? Kenapa kamu terlambat lagi..... <sys:quiet,1000><wrt:wait,30><cha:pop,정다희><wrt:break><cha:face,정다희,1_당황>Aduh! Apa yang telah terjadi padamu!!","<txt:bold,2><txt:color,orange>มายุนซอก</txt:color></txt:bold>? วันนี้นายก็สายอีกแล้ว..... <sys:quiet,1000><wrt:wait,30><cha:pop,정다희><wrt:break><cha:face,정다희,1_당황>ว้าย! เกิดอะไรขึ้นเนี่ย ทำไมสภาพถึงเป็นแบบนั้น!!","<txt:bold,2><txt:color,orange>Yunseok Ma</txt:color></txt:bold>? De novo chegando atrasado? <sys:quiet,1000><wrt:wait,30><cha:pop,정다희><wrt:break><cha:face,정다희,1_당황>Ahn? O que aconteceu com você?"
,,,마윤석,,1_당황,nervous,,"<sys:sfx,쿵><txt:shake,1>으, 으음... <wrt:wait,25>그게 말이야...</txt:shake>","<sys:sfx,쿵><txt:shake,1>Uh, uhm... <wrt:wait,25>Well...</txt:shake>","<sys:sfx,쿵><txt:shake,1>う、うーん‥<wrt:wait,25>それがだな‥</txt:shake>","<sys:sfx,쿵><txt:shake,1>呃，那个‥<wrt:wait,25>这说来话长‥</txt:shake>","<sys:sfx,쿵><txt:shake,1>呃、呃嗯‥<wrt:wait,25>這個嘛‥</txt:shake>","<sys:sfx,쿵><txt:shake,1>Э-э... <wrt:wait,25>Тут такое дело...</txt:shake>","<sys:sfx,쿵><txt:shake,1>Uh, uhm... <wrt:wait,25>Biasalah...</txt:shake>","<sys:sfx,쿵><txt:shake,1>Ư, ừm... <wrt:wait,25>Chuyện là...</txt:shake>","<sys:sfx,쿵><txt:shake,1>B-bueno...<wrt:wait,25> Lo que pasa es que...</txt:shake>","<sys:sfx,쿵><txt:shake,1>Hmm... <wrt:wait,25>Jadi itu...</txt:shake>","<sys:sfx,쿵><txt:shake,1>เอ่อ อืม... <wrt:wait,25>ก็คือว่า...</txt:shake>","<sys:sfx,쿵><txt:shake,1>B-bem... <wrt:wait,25>então...</txt:shake>"
,,,마윤석,,1_무표정,nervous,,내 실력을 보고 싶단 신입생들이 많아서 시범을 보여주다가 그만...,"There were a lot of freshmen who wanted to see my volleyball skills. So I was showing them some moves, and...",俺の実力を見たいっていう新入生が多くてさ、お手本を見せてやろうとしたらつい‥,因为有很多新生想一睹我的风采，我给他们做示范的时候，一个不小心‥,就、就是有些新生想見識一下我的實力，在示範給他們看的時候，一不小心就‥,Я хотел продемонстрировать свою легендарную игру...,"Ada ramai pelajar baru yang mahu tengok kemahiran bola tampar saya. Jadi, saya pun tunjuklah gerakan saya, dan...",Có nhiều học sinh mới muốn xem thực lực của tôi nên tôi đang làm mẫu cho họ xem thì...,"Había muchos nuevos que querían ver mi talento, así que les estaba dando una demostración y...","Banyak murid baru yang ingin melihat kehebatanku, jadi saat aku menunjukkan sedikit kemampuanku...",มีเด็กใหม่อยากเห็นฝีมือของฉันกันเยอะ ก็เลยโชว์ให้ดูเป็นตัวอย่าง...,"Vários calouros queriam ver como eu jogo, então fui mostrar e acabei..."
,,,마윤석,,1_무표정,nervous,,발이 꼬여서 넘어지고 말았거든.,I tripped over my own foot.,足がもつれて転んじまったんだよ。,结果两只脚绊到一起，摔倒了。,兩隻腳絆在一起，就摔倒了。,Запнулся и упал.,Saya tersadung kaki sendiri.,Chân tôi vướng vào nhau nên ngã mất.,Me tropecé y terminé cayéndome.,Kakiku malah tersangkut membuatku jatuh.,แล้วขามันก็พันกันจนเสียหลักล้มน่ะ,...me enrolando com os pés e caindo no chão.
,,,마윤석,,1_폭풍눈물2,nervous,,하핫! 그래서 한 달 동안 깁스를 해야 한대.,Haha! So I have to wear this cast for a month.,ははっ！それで1ヶ月はギプス生活だってさ。,哈哈！结果医生说要打一个月石膏。,哈哈！所以醫生說我得打一個月的石膏。,Ха-ха! Теперь мне месяц ходить в гипсе.,Haha! Jadi saya terpaksa pakai simen ni selama sebulan.,Ha ha! Vậy nên nghe nói phải bó bột một tháng.,¡Jaja! Así que tendré que usar yeso por un mes.,"Haha! Jadi menurut dokter, aku harus memakai gips selama sebulan.",ฮะฮ่า! ฉันก็เลยต้องเข้าเฝือกหนึ่งเดือนล่ะ,Haha! Vou ter que usar gesso por um mês.
,,,정다희,,1_당황,,exclam,"뭐, 뭐...?! 한 달?!<cha:pop,정다희> 그럼 이번 <txt:bold,2>예선 대회</txt:bold>는 출전조차 못 한다는 거잖아!","Wh-what...?! A month?!<cha:pop,정다희> That means you can't even play in the <txt:bold,2>preliminary round</txt:bold>!","な、何ですって‥！？1ヶ月も！？<cha:pop,정다희>それじゃ今回の<txt:bold,2>予選大会</txt:bold>は出場すらできないってことじゃない！","什、什么‥？！一个月？<cha:pop,정다희>那这次<txt:bold,2>预选赛</txt:bold>你根本连上场都上不了了啊！","什、什麼‥？！一個月？！<cha:pop,정다희>那這次的<txt:bold,2>預賽</txt:bold>你根本就沒辦法上場了嘛！","Месяц?! <cha:pop,정다희>Ты же пропустишь все <txt:bold,2>отборочные игры</txt:bold>!","Apa...?! Sebulan?!<cha:pop,정다희> Maknanya kamu tak boleh main langsung dalam <txt:bold,2>pusingan awal</txt:bold>!","G, gì...?! Một tháng?!<cha:pop,정다희> Vậy chẳng phải cậu còn không thể tham gia <txt:bold,2>Vòng Loại</txt:bold> lần này sao!","¡¿Q-qué?! ¡¿Un mes?! <cha:pop,정다희>¡Eso significa que ni siquiera podrás jugar en esta <txt:bold,2>clasificatoria</txt:bold>!","A-apa...?! Sebulan?!<cha:pop,정다희> Berarti kamu bahkan tidak bisa ikut bertanding di <txt:bold,2>Turnamen Babak Penyisihan</txt:bold>!","วะ ว่าไงนะ...?! หนึ่งเดือน?!<cha:pop,정다희> ถ้างั้น<txt:bold,2>ทัวร์นาเมนต์รอบคัดเลือก</txt:bold>ในครั้งนี้ นายก็ลงแข่งไม่ได้เลยน่ะสิ!","O quê?! Um mês?! <cha:pop,정다희>Então você não vai nem poder jogar as <txt:bold,2>eliminatórias regionais</txt:bold>?"
,,,마윤석,,1_폭풍눈물1,nervous,,"<txt:size,2>나, 나도 일부러 그런 건 아니야!</txt:size> <wrt:break>나라고 경기 앞두고 이런 꼴이 되고 싶었겠냐고.","<txt:size,2>I-it wasn't on purpose!</txt:size> <wrt:break>You think I wanted this to happen before the match?","<txt:size,2>お、俺だってわざとやったわけじゃないって！</txt:size><wrt:break>試合前にこんな姿になりたくてなったわけじゃないし。","<txt:size,2>我，我也不是故意的啊！</txt:size> <wrt:break>眼看就要比赛了，你以为我想弄成这副德行吗？","<txt:size,2>我、我也不是故意的啊！</txt:size><wrt:break>妳以為我想在比賽前搞成這副德性嗎？","<txt:size,2>Я же не специально покалечился </txt:size><wrt:break>прямо перед соревнованиями.","<txt:size,2>Saya bukannya sengaja!</txt:size> <wrt:break>Kamu rasa saya mahu semua ni berlaku sebelum perlawanan?","<txt:size,2>T, tôi cũng đâu cố ý!</txt:size> <wrt:break>Tôi đâu muốn thành ra thế này ngay trước trận đấu.","<txt:size,2>¡N-no lo hice a propósito! </txt:size><wrt:break>¿Crees que quería terminar así justo antes del partido?","<txt:size,2>A-aku juga tidak sengaja terjatuh!</txt:size> <wrt:break>Apa kamu kira aku mau mengalami hal seperti ini tepat sebelum pertandingan?","<txt:size,2>ฉะ ฉันก็ไม่ได้ตั้งใจให้มันเป็นแบบนี้นะ!</txt:size> <wrt:break>คิดว่าฉันอยากอยู่ในสภาพนี้ก่อนการแข่งขันงั้นเหรอ","<txt:size,2>Eu não fiz isso por querer! </txt:size> <wrt:break>Eu também não queria terminar assim antes do jogo!"
,,,마윤석,,1_폭풍눈물2,nervous,,"하필 거기 바닥이 미끄러울 줄은 <txt:size,-2>나도 몰랐지...</txt:size>","I had no idea <txt:size,-2>that the floor would be slippery...</txt:size>","よりによってあそこの床が滑るなんて、<txt:size,-2>俺も知らなかったんだから‥</txt:size>","谁知道那块地板偏偏那么滑，<txt:size,-2>我也没办法啊‥</txt:size>","誰知道那裡的地板會那麼滑啊，<txt:size,-2>我也很無奈啊‥</txt:size>","Не мог же я знать, <txt:size,-2>что пол такой скользкий...</txt:size>","Saya tak tahu <txt:size,-2>yang lantai licin...</txt:size>","Ai mà biết đúng chỗ đó sàn lại trơn như vậy chứ. <txt:size,-2>Tôi cũng đâu biết...</txt:size>","¿Cómo iba a saber que el piso de ahí estaba tan<txt:size,-2> resbaloso...</txt:size>?","Mana aku tahu <txt:size,-2>lantainya bakal selicin itu...</txt:size>","ฉันก็ไม่ได้รู้สักหน่อย <txt:size,-2>ว่าพื้นตรงนั้นจะลื่นน่ะ...</txt:size>","<txt:size,-2>Eu não fazia ideia de que</txt:size> o chão ali era tão escorregadio..."
,,,대지고 부원,,,,,...대진표에 체육관에...,"First, the bracket, then the gym...",‥トーナメント表に体育館に‥,‥对阵表烂成那样，现在连体育馆也没了‥,‥賽程表爛就算了，連體育館也沒得用‥,"Соперники, спортзал...","Mula-mula, carta perlawanan, lepas tu gim...","...Nào là bảng đấu, nào là nhà thi đấu...","Primero los cruces del torneo, luego el gimnasio...","...Sudah undian lawan, lalu masalah gedung olahraga...",...ทั้งตารางการแข่งขัน ทั้งโรงยิม...,"O chaveamento, a quadra..."
,,,대지고 부원,,,,,하필 이 시기에 주장까지...,And now the captain...,よりによってこの時期にキャプテンまで‥,偏偏在这节骨眼上，连队长都‥,偏偏在這種節骨眼，連隊長都‥,А теперь еще и капитан выбыл.,Dan sekarang kapten...,Lại còn đúng lúc này đội trưởng cũng...,Y ahora también el capitán...,Dan sekarang sampai Kapten kita cedera...,แถมกัปตันยังมาเจ็บช่วงนี้อีก...,No pior timing possível... até o capitão...
,,,백시우,,1_무표정,,,"<txt:color,grey>(...큰일 났다.)</txt:color>","<txt:color,grey>(...This is bad.)</txt:color>","<txt:color,grey>(‥大変なことになった)</txt:color>","<txt:color,grey>(‥这下糟了。)</txt:color>","<txt:color,grey>(‥糟了。)</txt:color>","<txt:color,grey>(У нас проблемы.)</txt:color>","<txt:color,grey>(...Teruk ni.)</txt:color>","<txt:color,grey>(...To chuyện rồi.)</txt:color>","<txt:color,grey>(Estamos en problemas).</txt:color>","<txt:color,grey>(...Ini masalah besar.)</txt:color>","<txt:color,grey>(...เรื่องใหญ่แล้ว)</txt:color>","<txt:color,grey>(Estamos encrencados...)</txt:color>"
,,,백시우,,1_시무룩,,,"<txt:color,grey>(다들 풀 죽어 있던 참이었는데, 하필 이럴 때 <txt:bold,2>마윤석</txt:bold>까지 다치다니.)</txt:color>","<txt:color,grey>(Everyone was already pretty bummed, and now <txt:bold,2>Yoonseok</txt:bold> is injured.)</txt:color>","<txt:color,grey>(ただでさえみんな落ち込んでたってのに、よりによってこんな時に<txt:bold,2>忠英</txt:bold>まで怪我するなんて)</txt:color>","<txt:color,grey>(大家本来就够受打击的了，偏偏这时候连<txt:bold,2>马允硕</txt:bold>也受了伤。)</txt:color>","<txt:color,grey>(大家本來就已經夠沮喪了，偏偏<txt:bold,2>馬允碩</txt:bold>又在這種時候受傷。)</txt:color>","<txt:color,grey>(Хуже момента для травмы и придумать нельзя.)</txt:color>","<txt:color,grey>(Semua orang masih rasa kecewa, dan sekarang <txt:bold,2>Yoonseok</txt:bold> pula cedera.)</txt:color>","<txt:color,grey>(Mọi người vốn đã chán nản, vậy mà đúng lúc này <txt:bold,2>Ma Yoonseok</txt:bold> còn bị thương.)</txt:color>","<txt:color,grey>(Justo cuando todos ya teníamos el ánimo por los suelos, <txt:bold,2>Ma Yunseok</txt:bold> también se lesiona).</txt:color>","<txt:color,grey>(Saat semuanya sedang patah semangat. Di saat seperti ini, <txt:bold,2>Yunseok Ma</txt:bold> juga ikut cedera.)</txt:color>","<txt:color,grey>(ทุกคนหมดกำลังใจกันอยู่แท้ๆ แต่<txt:bold,2>มายุนซอก</txt:bold>ดันมาเจ็บเอาตอนนี้ซะได้)</txt:color>","<txt:color,grey>(Todo mundo já tava desanimado... e justo agora o <txt:bold,2>Yunseok Ma</txt:bold> acaba se machucando.)</txt:color>"
,,,TAG,,,,,"<eff:black,3>","<eff:black,3>","<eff:black,3>","<eff:black,3>","<eff:black,3>","<eff:black,3>","<eff:black,3>","<eff:black,3>","<eff:black,3>","<eff:black,3>","<eff:black,3>","<eff:black,3>"
,,,TAG,,,,,"<sys:qmap,대기실><cha:qpos,백시우,-1><cha:qpos,정다희,2><cha:qpos,마윤석,-2>","<sys:qmap,대기실><cha:qpos,백시우,-1><cha:qpos,정다희,2><cha:qpos,마윤석,-2>","<sys:qmap,대기실><cha:qpos,백시우,-1><cha:qpos,정다희,2><cha:qpos,마윤석,-2>","<sys:qmap,대기실><cha:qpos,백시우,-1><cha:qpos,정다희,2><cha:qpos,마윤석,-2>","<sys:qmap,대기실><cha:qpos,백시우,-1><cha:qpos,정다희,2><cha:qpos,마윤석,-2>","<sys:qmap,대기실><cha:qpos,백시우,-1><cha:qpos,정다희,2><cha:qpos,마윤석,-2>","<sys:qmap,대기실><cha:qpos,백시우,-1><cha:qpos,정다희,2><cha:qpos,마윤석,-2>","<sys:qmap,대기실><cha:qpos,백시우,-1><cha:qpos,정다희,2><cha:qpos,마윤석,-2>","<sys:qmap,대기실><cha:qpos,백시우,-1><cha:qpos,정다희,2><cha:qpos,마윤석,-2>","<sys:qmap,대기실><cha:qpos,백시우,-1><cha:qpos,정다희,2><cha:qpos,마윤석,-2>","<sys:qmap,대기실><cha:qpos,백시우,-1><cha:qpos,정다희,2><cha:qpos,마윤석,-2>","<sys:qmap,대기실><cha:qpos,백시우,-1><cha:qpos,정다희,2><cha:qpos,마윤석,-2>"
,,,-,,,,,"<txt:bold,3><txt:color,grey>~지역 고등학교 배구 대회, 예선 첫날~</txt:color></txt:bold>","<txt:bold,3><txt:color,grey>First day of the Preliminary Round of the Regional High School Volleyball Tournament...</txt:color></txt:bold>","<txt:bold,3><txt:color,grey>～地区高校バレーボール大会、予選初日～</txt:color></txt:bold>","<txt:bold,3><txt:color,grey>～地区高中排球比赛，预选赛首日～</txt:color></txt:bold>","<txt:bold,3><txt:color,grey>～地區高中排球比賽，預賽第一天～</txt:color></txt:bold>","<txt:bold,3><txt:color,grey>Первый день отборочных соревнований.</txt:color></txt:bold>","<txt:bold,3><txt:color,grey>Hari pertama pusingan kelayakan kejohanan bola tampar sekolah menengah daerah...</txt:color></txt:bold>","<txt:bold,3><txt:color,grey>~ Giải Bóng Chuyền THPT Khu Vực, ngày đầu tiên của Vòng Loại ~</txt:color></txt:bold>","<txt:bold,3><txt:color,grey>-Primer día de la fase clasificatoria del Torneo Regional de voleibol de preparatorias-</txt:color></txt:bold>","<txt:bold,3><txt:color,grey>~Hari pertama penyisihan Turnamen Voli SMA Regional~</txt:color></txt:bold>","<txt:bold,3><txt:color,grey>~ทัวร์นาเมนต์วอลเลย์บอลระดับโรงเรียนมัธยมปลายท้องถิ่น, วันแรกของรอบคัดเลือก~</txt:color></txt:bold>","<txt:bold,3><txt:color,grey>Torneio regional de vôlei escolar... #Primeiro dia das eliminatórias</txt:color></txt:bold>"
,,,정다희,,1_기본,,,"...얘, 얘들아, 너희 그거 알아?","...G-guys, did you know?",‥み、みんな、知ってる？,‥大、大家，你们听说了吗？,‥大、大家，你們知道嗎？,"Ребята, а вы уже слышали?",...Kamu semua tahu?,"...N, này, mọi người biết không?","Ch-chicos, ¿ustedes sabían esto?","...S-semuanya, apa kalian sudah dengar?",...ทะ ทุกคน รู้เรื่องนั้นรึเปล่า?,"P-pessoal, vocês sabiam disso?"
,,,정다희,,3_활짝,,,"이번 지역 대회 우승 팀에겐 <txt:bold,2>전국 대회</txt:bold> 진출 티켓뿐만 아니라, 엄청나게 특별한 훈련 기회도 같이 주어진대!!","The winning team of regionals not only gets a ticket to the <txt:bold,2>National Tournament</txt:bold> but also a very special training opportunity!","今回の地区大会の優勝チームには、何と<txt:bold,2>全国大会</txt:bold>への出場チケットだけじゃなくて、すっごく特別なトレーニングの機会も与えられるんだって！！","听说这次地区大赛的冠军队，不仅能拿到进军<txt:bold,2>全国大赛</txt:bold>的门票，还能获得一个超级难得的训练机会！！","這次<txt:bold,2>地區賽</txt:bold>的冠軍隊伍，不只能拿到<txt:bold,2>全國大賽</txt:bold>的門票，還會獲得一個超棒的特別訓練機會喔！！","Победитель региональных не только проходит на <txt:bold,2>национальные соревнования</txt:bold>, но и получает приз!","Pasukan yang menang peringkat daerah bukan saja dapat tiket ke <txt:bold,2>Kejohanan Kebangsaan</txt:bold> tapi juga peluang latihan yang sangat istimewa!","Đội vô địch Giải Khu Vực lần này không chỉ có được vé tham dự <txt:bold,2>Giải Toàn Quốc</txt:bold>, mà còn được trao một cơ hội tập luyện cực kỳ đặc biệt nữa đó!!","¡¡Dicen que al equipo que gane este Torneo Regional no solo le darán el pase al <txt:bold,2>Torneo Nacional</txt:bold>, sino también una oportunidad de entrenamiento bastante especial!!","Katanya tim juara Turnamen Regional tahun ini bukan cuma mendapat tiket ke <txt:bold,2>Turnamen Nasional</txt:bold>, tapi juga kesempatan latihan yang luar biasa!!","นอกจากทีมที่เป็นแชมป์ทัวร์นาเมนต์ระดับท้องถิ่นครั้งนี้ จะได้รับตั๋วไปแข่ง<txt:bold,2>ทัวร์นาเมนต์ระดับประเทศ</txt:bold>แล้ว ยังจะได้รับโอกาสฝึกซ้อมสุดพิเศษด้วยนะ!!","O time campeão desse torneio garante vaga no <txt:bold,2>torneio nacional</txt:bold> e ainda ganha um treino super especial!"
,,,대지고 부원들,,,,,...,...,‥,‥,‥,...,...,...,...,...,...,...
,,,정다희,,3_활짝,,,"그 특전이 뭐냐면... 바로바로, 국제 비치발리볼 캠프 <txt:color,green><txt:bold,2>서머 스플래쉬</txt:bold></txt:color> 참가권이야!","Which is... A chance to participate in the International Beach Volleyball Camp <txt:color,green><txt:bold,2>Summer Splash</txt:bold></txt:color>!","その特典ってのが‥ずばり、国際ビーチバレーキャンプ<txt:color,green><txt:bold,2>サマースプラッシュ</txt:bold></txt:color>の参加権なんだ！","那个特权就是‥当当当当！国际沙滩排球训练营——<txt:color,green><txt:bold,2>夏日飞溅</txt:bold></txt:color>的入场券！","這個特別獎勵就是‥鏘鏘！國際沙灘排球訓練營——<txt:color,green><txt:bold,2>夏日狂歡</txt:bold></txt:color>的參加資格！","Это будет... Путевка в международный лагерь пляжного волейбола <txt:color,green><txt:bold,2>Summer Splash</txt:bold></txt:color>!","Iaitu... Peluang untuk menyertai Kem Bola Tampar Pantai Antarabangsa <txt:color,green><txt:bold,2>Summer Splash</txt:bold></txt:color>!","Và đặc quyền đó chính là... tấm vé tham gia Trại Huấn Luyện Bóng Chuyền Bãi Biển quốc tế <txt:color,green><txt:bold,2>Summer Splash</txt:bold></txt:color>!","Y la razón por la que es tan especial es porque se trata de... ¡un pase para participar en el <txt:color,green><txt:bold,2>Summer Splash</txt:bold></txt:color>, el campamento internacional de voleibol de playa!","Hadiah spesialnya adalah... tiket mengikuti <txt:color,green><txt:bold,2>Summer Splash</txt:bold></txt:color>, kamp voli pantai internasional!","ซึ่งสิทธิพิเศษที่ว่า... ก็คือสิทธิ์เข้าร่วมค่ายวอลเลย์บอลชายหาดนานาชาติ <txt:color,green><txt:bold,2>ซัมเมอร์สแปลช</txt:bold></txt:color>นั่นเอง!","E sabe qual é esse treino especial? Uma vaga no acampamento de vôlei de praia <txt:color,green><txt:bold,2>Summer Splash</txt:bold></txt:color>!"
,,,정다희,,1_웃음,,,무려 현역 스타 비치발리볼 선수들한테 직접 가르침을 받을 수 있는 기회라구!,It's a chance to learn from star beach volleyball players!,なんと、現役のスタービーチバレー選手たちから、直接指導してもらえるチャンスなんだからね！,那可是能直接接受现役明星沙滩排球选手亲自指导的机会啊！,這可是能直接接受現役明星沙灘排球選手指導的大好機會耶！,Там будут тренировать действующие профессиональные игроки!,Ini peluang untuk belajar daripada pemain bintang bola tampar pantai!,Đó là cơ hội được các ngôi sao bóng chuyền bãi biển đang thi đấu trực tiếp hướng dẫn đó!,¡¡Es una oportunidad para recibir entrenamiento directo de las estrellas activas del voleibol de playa!!,Kalian bahkan bisa dilatih langsung oleh para atlet Beach Volleyball profesional yang masih aktif!,นี่เป็นโอกาสที่จะได้เรียนรู้โดยตรง จากนักกีฬาวอลเลย์บอลชายหาดตัวท็อปที่ยังเล่นอยู่เชียวนะ!,Vai ser uma chance única de aprender diretamente com estrelas do vôlei de praia que ainda estão na ativa!
,,,정다희,,1_기본,,,"탁 트인 시원한 바다, 쏟아지는 뜨거운 햇살, 그리고 해변에서 즐기는 낭만적인 비치발리볼 캠프!","The open water, the warm sun, and a romantic beach volleyball camp by the sea!",見渡す限りの涼しげな海、降り注ぐ熱い日差し、そして海辺で楽しむロマンチックなビーチバレーキャンプ！,辽阔无垠的清凉大海、倾泻而下的火辣阳光，还有在沙滩上尽情享受的浪漫沙滩排球训练营！,寬闊的大海、耀眼的陽光，還有在海灘上享受充滿浪漫氣息的沙灘排球訓練營！,"Прохладное море, горячий песок и тренировки прямо на пляже. Красота!","Laut luas yang menyegarkan, sinaran mentari yang terik dan kem bola tampar pantai yang penuh suasana romantik!","Biển xanh rộng mở, nắng hè rực rỡ, cùng Trại Huấn Luyện Bóng Chuyền Bãi Biển lãng mạn trên bãi biển!","¡Un mar inmenso y fresco, un sol ardiente y un campamento de voleibol de playa inolvidable frente al mar!","Coba bayangkan! Laut yang terbentang luas, sinar matahari yang hangat, dan menikmati Kamp Beach Volleyball yang seru di tepi pantai!","ทะเลแสนสดชื่นที่เปิดกว้างสุดลูกหูลูกตา, แสงแดดร้อนแรงที่สาดส่อง แล้วก็ค่ายวอลเลย์บอลชายหาดสุดโรแมนติกที่ได้สนุกบนชายหาด!","Mar azul e refrescante, sol escaldante e um acampamento de vôlei de praia de frente pro mar!"
,,,정다희,,3_활짝,,,생각만 해도 가슴이 뜨거워지지 않아?,Just the thought of it makes me excited!,考えただけでも胸が熱くならない？,光是想想不觉得让人热血沸腾吗？,光用想的就讓人熱血沸騰，對吧？,"Звучит потрясающе, да?",Fikirkannya saja dah buat saya teruja!,Chỉ nghĩ thôi cũng thấy háo hức rồi đúng không?,¿No les emociona con solo imaginarlo?,Bukankah hanya dengan membayangkannya saja sudah meningkatkan semangat?,แค่คิดก็รู้สึกหัวใจร้อนผ่าวแล้วไม่ใช่เหรอ?,"Só de imaginar isso, o coração não dispara?"
,,,대지고 부원,,,,,"<wrt:delay,5>...뭐, 그렇긴 하지. <wrt:wait,25><txt:size,-2>...갈 수만 있다면</txt:size>.</wrt:delay>","<wrt:delay,5>Yeah, I guess... <wrt:wait,25><txt:size,-2>If we make it that far, that is.</txt:size></wrt:delay>","<wrt:delay,5>‥まあ、そうだな。<wrt:wait,25><txt:size,-2>‥行ければの話だけど</txt:size>。</wrt:delay>","<wrt:delay,5>‥话是这么说没错啦。<wrt:wait,25><txt:size,-2>‥前提是能去的话。</txt:size></wrt:delay>","<wrt:delay,5>‥是沒錯啦。<wrt:wait,25><txt:size,-2>‥如果能去的話啦</txt:size>。</wrt:delay>","<wrt:delay,5>Ну, да... <wrt:wait,25><txt:size,-2>Если бы у нас был шанс</txt:size>.</wrt:delay>","<wrt:delay,5>Ya, agaknyalah... <wrt:wait,25><txt:size,-2>Itu pun kalau kita berjaya melangkah sejauh tu.</txt:size></wrt:delay>","<wrt:delay,5>...Ừ thì, đúng là vậy. <wrt:wait,25><txt:size,-2>Nếu đi được thì...</txt:size></wrt:delay>","<wrt:delay,5>Bueno, sí. <wrt:wait,25><txt:size,-2>Si pudiéramos ir, claro</txt:size>.</wrt:delay>","<wrt:delay,5>...M-memang begitu. <wrt:wait,25><txt:size,-2>...Tapi itu kalau kita bisa kesana</txt:size>.</wrt:delay>","<wrt:delay,5>...ก็ใช่แหละ <wrt:wait,25><txt:size,-2>...ถ้าเราไปได้น่ะนะ</txt:size></wrt:delay>","<wrt:delay,5>É, até que sim... <wrt:wait,25><txt:size,-2>Se a gente pudesse ir</txt:size>.</wrt:delay>"
,,,대지고 부원,,,,,"<wrt:delay,5>일부러 애쓰지 않아도 돼, <txt:bold,2><txt:color,orange>다희</txt:color></txt:bold>야...</wrt:delay>","<wrt:delay,5>You don't have to try so hard, <txt:bold,2><txt:color,orange>Dahee</txt:color></txt:bold>...</wrt:delay>","<wrt:delay,5>無理して気遣わなくていいよ、<txt:bold,2><txt:color,orange>夏希</txt:color></txt:bold>‥</wrt:delay>","<wrt:delay,5>其实你不用这么刻意炒热气氛的，<txt:bold,2><txt:color,orange>多熙</txt:color></txt:bold>‥</wrt:delay>","<wrt:delay,5>妳不用勉強安慰我們啦，<txt:bold,2><txt:color,orange>多熙</txt:color></txt:bold>‥</wrt:delay>","<wrt:delay,5>Мы же все понимаем, <txt:bold,2><txt:color,orange>Дахи</txt:color></txt:bold>.</wrt:delay>","<wrt:delay,5>Kamu tak perlu memaksa diri sangat, <txt:bold,2><txt:color,orange>Dahee</txt:color></txt:bold>...</wrt:delay>","<wrt:delay,5>Cậu không cần cố quá đâu, <txt:bold,2><txt:color,orange>Dahee</txt:color></txt:bold> à...</wrt:delay>","<wrt:delay,5>No tienes que esforzarte tanto por animarnos, <txt:bold,2><txt:color,orange>Dahee</txt:color></txt:bold>...</wrt:delay>","<wrt:delay,5>Tidak usah memaksakan diri menyemangati kita, <txt:bold,2><txt:color,orange>Dahee</txt:color></txt:bold>...</wrt:delay>","<wrt:delay,5>เธอไม่ต้องฝืนพยายามขนาดนั้นก็ได้นะ <txt:bold,2><txt:color,orange>ดาฮี</txt:color></txt:bold>...</wrt:delay>","<wrt:delay,5>Não precisa carregar tudo sozinha, <txt:bold,2><txt:color,orange>Dahee</txt:color></txt:bold>...</wrt:delay>"
,,,정다희,,1_당황,,,"으, 으음...! 얘들아, 제발 기운 좀 내자~!","U-uhm...! Guys, let's not be too disappointed!",う、うーん‥！みんな、お願いだから元気出そうよ～！,唔、唔唔‥！大家，拜托了，打起点精神来嘛～！,呃、呃嗯‥！大家拜託打起精神來嘛～！,"Эй, не вешать нос!",U-uhm...! Kamu semua janganlah kecewa sangat!,"Ư, ừm...! Mọi người, làm ơn lấy lại tinh thần chút đi~!","Mmm... ¡Chicos, por favor, levantemos esos ánimos!","Ehmmm...! Ayo, semuanya semangat sedikit ~!",เอ่อ อืม...! ทุกคน ขอร้องล่ะ มาฮึดสู้กันหน่อยเถอะน้า~!,"Hum... Gente, vamos levantar o astral!"
,,,대지고 부원,,,,,"<wrt:delay,5>...하지만...</wrt:delay>","<wrt:delay,5>But...</wrt:delay>","<wrt:delay,5>‥でも‥</wrt:delay>","<wrt:delay,5>‥可是‥</wrt:delay>","<wrt:delay,5>‥可是‥</wrt:delay>","<wrt:delay,5>И все же...</wrt:delay>","<wrt:delay,5>Tapi...</wrt:delay>","<wrt:delay,5>Nhưng mà...</wrt:delay>","<wrt:delay,5>Pero...</wrt:delay>","<wrt:delay,5>...Tapi...</wrt:delay>","<wrt:delay,5>...แต่ว่า...</wrt:delay>","<wrt:delay,5>Mas...</wrt:delay>"
,,,마윤석,,1_분노,nervous,,"<cha:pop,마윤석>왜, 왜 그렇게 쳐다 봐?! 사람이 살다 보면 운동하다가 좀 다칠 수도 있는 거지!","<cha:pop,마윤석>Wh-what are you staring at?! Can't someone get injured while doing sports?!","<cha:pop,마윤석>な、なんだよその目は！？人間生きてりゃ運動中にちょっと怪我することだってあるだろ！","<cha:pop,마윤석>干、干嘛都盯着我看？！人活在这世上，运动的时候受点伤也是很正常的嘛！","<cha:pop,마윤석>幹、幹嘛那樣看我？！人活著，運動受點傷也是難免的嘛！","<cha:pop,마윤석>Ч-что вы на меня так смотрите? Каждый может получить травму!","<cha:pop,마윤석>Kamu pandang apa?! Pemain tak boleh cedera bila bersukan?!","<cha:pop,마윤석>Sao, sao lại nhìn tôi như vậy?! Người sống trên đời, tập thể thao thì cũng có lúc bị thương chứ!","<cha:pop,마윤석>¿Qué? ¿Qué? ¡¿P-por qué me miras así?! ¡A cualquiera le puede pasar que se lesione haciendo ejercicio!","<cha:pop,마윤석>K-kenapa kalian menatapku begitu?! Orang bisa saja terkadang cedera saat melakukan olahraga!","<cha:pop,마윤석>ทะ ทำไมถึงจ้องกันแบบนั้นเล่า?! คนเราก็บาดเจ็บจากการเล่นกีฬาได้ทั้งนั้นแหละน่า!","<cha:pop,마윤석>P-por que estão me olhando assim?! Qualquer um pode se machucar treinando!"
,,,대지고 부원,,,,,"에휴, 저래 봬도 우리 팀 에이스였는데......","Ugh, and he used to be our ace...",はぁ‥ああ見えても、うちのチームのエースだったのにな‥,唉，别看他那样，好歹也是我们队的王牌啊‥,唉，不管怎麼說，他好歹也是我們球隊的王牌啊‥,"Эх, и это наш лидер...","Ugh, dulu dia pemain handalan kita...","Haiz, trông thế thôi chứ cậu ta cũng từng là át chủ bài của đội...","Uff, y pensar que, aun así, él era el as de nuestro equipo...","Aduh, padahal bagaimana pun juga kamu itu Ace tim kita......",เฮ้อ เห็นแบบนั้นแต่ก็เป็นเอซของทีมเราเลยนะ......,"Aff... apesar de tudo, ele era o craque do nosso time..."
,,,대지고 부원,,,,,진짜 에이스가 맞긴 했던 걸까?,"Was he really the ace, though?",本当にエースだったのかな？,他真的算得上是王牌吗？,他真的算得上是王牌嗎？,Хотя лидер ли он?,"Tapi, dia memang pemain handalan?",Có đúng là át chủ bài không vậy?,¿De verdad era nuestro as?,Tapi apa dia benar-benar pantas disebut Ace?,ใช่เอซจริงๆ แน่รึเปล่านะ?,Será que ele era mesmo o craque?
,,,마윤석,,1_분노,nervous,,"이익, 너희들 진짜 말 다 했냐!! <cha:pop,마윤석><wrt:break>야! 너희들 응원하러 여기까지 깁스 차고 왔는데 이러기야?!","Grrr, are you done?! <cha:pop,마윤석><wrt:break>I came all the way here in my cast just to cheer you on!","くっ、お前ら好き勝手言いやがって！！<cha:pop,마윤석><wrt:break>おい！ギプスしてまで応援に来てやったのに、そりゃないだろ！？","气死我了，你们真的够了啊！！<cha:pop,마윤석><wrt:break>喂！我可是拖着打石膏的腿特意跑来给你们加油的，你们就这态度？！","喂，你們有完沒完啊！！<cha:pop,마윤석><wrt:break>喂！我可是帶著石膏特地跑來幫你們加油的耶，你們就這種態度？！","Издеваетесь? <cha:pop,마윤석><wrt:break>Да я в гипсе приполз болеть за команду!","Grrr, kamu dah habis cakap?! <cha:pop,마윤석><wrt:break>Saya datang dari jauh dengan bersimen macam ni semata-mata nak bagi sokongan kepada kamu!","Ơ, mấy người nói đủ chưa hả!! <cha:pop,마윤석><wrt:break>Này! Tôi bó bột đến tận đây để cổ vũ mọi người mà lại bị đối xử thế này à?!","¡Oigan, no se pasen!<cha:pop,마윤석><wrt:break> Vine hasta aquí con yeso y todo para apoyarlos y... ¡¿así me tratan?!","Urgh, apa kalian sudah selesai berbicara?! <cha:pop,마윤석><wrt:break>Dasar! Aku datang jauh-jauh pakai gips buat mendukung kalian, tapi kalian itu keterlaluan sekali!!","ฮึ่ย พวกนายพูดกันจบรึยัง!! <cha:pop,마윤석><wrt:break>นี่! ฉันอุตส่าห์ใส่เฝือกมาให้กำลังใจพวกนายถึงที่นี่ แต่จะเอาแบบนี้เหรอ?!","Ei, vocês estão zoando comigo, né?<cha:pop,마윤석><wrt:break>Eu vim até aqui de gesso pra apoiar vocês, e é assim que me tratam?!"
,,,정다희,,1_외침,,exclam,너희들 시합 직전인데 대기실에서 자꾸 이럴래? 이런 분위기로는 될 것도 안 돼!,Don't do this in the waiting room right before the match. This atmosphere won't help with anything!,ちょっと、試合直前なのにいつまでそんなことやってるの？こんな雰囲気じゃ、勝てる試合も勝てなくなっちゃうわよ！,马上就要上场了，你们还要在休息室里继续吵下去吗？这种状态怎么可能赢！,你們幾個，比賽快開始了還在休息室吵什麼？這種氣氛怎麼可能打得好！,"Ребята, хватит! С таким настроем ничего не выйдет.",Janganlah buat macam ni di bilik menunggu sebelum perlawanan. Suasana ini takkan membantu langsung!,Mấy cậu sắp thi đấu rồi mà còn định làm ầm trong phòng chờ đến bao giờ? Cứ với bầu không khí này thì làm được cũng thành hỏng đó!,¡¿Falta nada para el partido y siguen con esa actitud?! ¡Así no van a lograr nada!,"Pertandingannya sebentar lagi! Kalian mau terus ribut begini di ruang tunggu? Dengan suasana seperti ini, yang harusnya bisa pun jadi tidak bisa!",ใกล้จะแข่งอยู่แล้วแท้ๆ พวกนายยังเอาแต่เป็นแบบนี้ในห้องพักอีกเหรอ? บรรยากาศแบบนี้น่ะ เรื่องที่น่าจะทำได้ก็ทำไม่ได้หรอก!,A partida já vai começar! Vocês ainda querem perder tempo com isso no vestiário?
,,,정다희,,1_기본,,,"<txt:bold,2><txt:color,orange>마윤석</txt:color></txt:bold>이 시합에서 못 뛰는 건 뼈아프지만, 그만큼 코트에서 한 발씩 더 열심히 뛰면 돼!","It's really unfortunate that <txt:bold,2><txt:color,orange>Yoonseok</txt:color></txt:bold> can't play in the match, but we'll just have to play that much harder on the court!","<txt:bold,2><txt:color,orange>忠英</txt:color></txt:bold>が試合に出られないのは痛手だけど、その分みんながコートで一歩でも多く走ればいいだけの話よ！","<txt:bold,2><txt:color,orange>马允硕</txt:color></txt:bold>不能上场确实是个沉重的打击，但只要我们在场上多跑动、多努力一点补上空缺不就好了吗！","<txt:bold,2><txt:color,orange>馬允碩</txt:color></txt:bold>不能上場的確很可惜，但我們只要在球場上比平常更賣力跑動就好了！","Без <txt:bold,2><txt:color,orange>Ма Юнсока</txt:color></txt:bold> будет тяжело, а значит каждому надо стараться еще сильнее!","Malang sungguh <txt:bold,2><txt:color,orange>Yoonseok</txt:color></txt:bold> tak boleh bermain dalam perlawanan tu, tapi kita cuma perlu bermain dengan lebih bertenaga di gelanggang nanti!","<txt:bold,2><txt:color,orange>Ma Yoonseok</txt:color></txt:bold> không thể thi đấu đúng là tổn thất rất lớn, nhưng chỉ cần mỗi người trên sân cố gắng thêm một chút là được!","Que <txt:bold,2><txt:color,orange>Ma Yunseok</txt:color></txt:bold> no pueda jugar duele, pero por eso mismo debemos esforzarnos más en la cancha.","Memang kehilangan <txt:bold,2><txt:color,orange>Yunseok Ma</txt:color></txt:bold> adalah pukulan besar. Tapi sebagai gantinya, kita tinggal berlari selangkah lebih cepat di lapangan!","การที่<txt:bold,2><txt:color,orange>มายุนซอก</txt:color></txt:bold>ลงแข่งไม่ได้ เป็นเรื่องเสียหายมากก็จริง แต่เราแค่วิ่งในสนามให้เต็มที่มากขึ้นอีกคนละก้าวก็พอ!","É doloroso o <txt:bold,2><txt:color,orange>Yunseok Ma</txt:color></txt:bold> ficar fora, mas é só cada um se esforçar um pouco mais na quadra!"
,,,정다희,,1_기본,,,"딱 훈련한 대로만 하자! 알았지? <txt:bold,2><txt:color,orange>시우</txt:color></txt:bold>야, 준비됐어?","Just like we trained, okay? Are you ready, <txt:bold,2><txt:color,orange>Siwoo</txt:color></txt:bold>?","とにかく練習通りにやろう！分かった？<txt:bold,2><txt:color,orange>新</txt:color></txt:bold>、準備はいい？","就像平时训练时那样发挥就行！知道了吗？<txt:bold,2><txt:color,orange>时宇</txt:color></txt:bold>，准备好了吗？","按平常訓練的那樣發揮就好！知道嗎？<txt:bold,2><txt:color,orange>時宇</txt:color></txt:bold>，你準備好了嗎？","Играйте, как на тренировках. <txt:bold,2><txt:color,orange>Шиу</txt:color></txt:bold>, ты готов?","Macam yang kita dah berlatih, okey? Kamu dah sedia, <txt:bold,2><txt:color,orange>Siwoo</txt:color></txt:bold>?","Cứ làm đúng như lúc tập luyện thôi! Rõ chưa? <txt:bold,2><txt:color,orange>Siwoo</txt:color></txt:bold>, cậu chuẩn bị xong chưa?","¡Solo sigamos lo que entrenamos! ¿De acuerdo? <txt:bold,2><txt:color,orange>Siwoo</txt:color></txt:bold>, ¿estás listo?","Kita tinggal main persis seperti saat latihan! Apa kalian mengerti? <txt:bold,2><txt:color,orange>Siwoo</txt:color></txt:bold>, kamu siap?","แค่เล่นตามที่ซ้อมมาก็พอ! เข้าใจใช่ไหม? <txt:bold,2><txt:color,orange>ชีอู</txt:color></txt:bold> พร้อมรึยัง?","Vamos fazer como a gente treinou, beleza? <txt:bold,2><txt:color,orange>Siwoo</txt:color></txt:bold>, tá pronto?"
,,,백시우,,2_기쁨,,,"응, 열심히 할게. <txt:bold,2><txt:color,orange>마윤석</txt:color></txt:bold>의 빈자리를 채울 수 있도록 해볼게!","Yeah. I'll do my best and I'll try to make up for <txt:bold,2><txt:color,orange>Yoonseok's</txt:color></txt:bold> absence.","うん、頑張るよ。<txt:bold,2><txt:color,orange>忠英</txt:color></txt:bold>の穴を埋められるようにやってみる！","嗯，我会全力以赴的。尽量填补<txt:bold,2><txt:color,orange>马允硕</txt:color></txt:bold>的空缺！","嗯，我會努力的。我會盡力補上<txt:bold,2><txt:color,orange>馬允碩</txt:color></txt:bold>的空缺！",Да! Буду играть за двоих.,"Ya, saya akan buat yang terbaik. Saya akan cuba mengisi kekosongan yang ditinggalkan <txt:bold,2><txt:color,orange>Yoonseok</txt:color></txt:bold>!","Ừ, tôi sẽ cố hết sức. Tôi sẽ cố gắng bù vào chỗ trống của <txt:bold,2><txt:color,orange>Ma Yoonseok</txt:color></txt:bold>!","Sí, daré lo mejor de mí. ¡Haré lo posible para cubrir el lugar de<txt:bold,2><txt:color,orange> Ma Yunseok</txt:color></txt:bold>!","Iya, aku akan coba bermain sebaik mungkin. Aku akan coba isi kekosongan dari <txt:bold,2><txt:color,orange>Yunseok Ma</txt:color></txt:bold>!","อื้ม ฉันจะตั้งใจทำให้ดีนะ ฉันจะเติมเต็มที่ว่างของ<txt:bold,2><txt:color,orange>มายุนซอก</txt:color></txt:bold>เอง!","Sim! Vou dar tudo de mim pra compensar a ausência do <txt:bold,2><txt:color,orange>Yunseok Ma</txt:color></txt:bold>!"
,,,정다희,,1_기본,,,"<sys:bgm,BGM_ALL_IS_WELL,1000>그래! 역시 <txt:bold,2><txt:color,orange>시우</txt:color></txt:bold>야! 진짜 든든하다!","<sys:bgm,BGM_ALL_IS_WELL,1000>Great! I knew I could count on you, <txt:bold,2><txt:color,orange>Siwoo</txt:color></txt:bold>!","<sys:bgm,BGM_ALL_IS_WELL,1000>そうこなくっちゃ！さすが<txt:bold,2><txt:color,orange>新</txt:color></txt:bold>だね！本当に頼もしいよ！","<sys:bgm,BGM_ALL_IS_WELL,1000>没错！不愧是<txt:bold,2><txt:color,orange>时宇</txt:color></txt:bold>！太可靠了！","<sys:bgm,BGM_ALL_IS_WELL,1000>太好了！果然還是<txt:bold,2><txt:color,orange>時宇</txt:color></txt:bold>最可靠了！","<sys:bgm,BGM_ALL_IS_WELL,1000>Отлично, <txt:bold,2><txt:color,orange>Шиу</txt:color></txt:bold>! Вот это настрой!","<sys:bgm,BGM_ALL_IS_WELL,1000>Hebat! Saya tahu kamu memang boleh diharap, <txt:bold,2><txt:color,orange>Siwoo</txt:color></txt:bold>!","<sys:bgm,BGM_ALL_IS_WELL,1000>Đúng rồi! Quả nhiên là <txt:bold,2><txt:color,orange>Siwoo</txt:color></txt:bold>! Rất đáng tin!","<sys:bgm,BGM_ALL_IS_WELL,1000>¡Muy bien! ¡Ese es mi <txt:bold,2><txt:color,orange>Siwoo</txt:color></txt:bold>! ¡Contar contigo me tranquiliza mucho!","<sys:bgm,BGM_ALL_IS_WELL,1000>Iya! Bagus sekali, <txt:bold,2><txt:color,orange>Siwoo</txt:color></txt:bold>! Aku memang selalu bisa mengandalkanmu!","<sys:bgm,BGM_ALL_IS_WELL,1000>ต้องอย่างนี้สิ! สมกับเป็น<txt:bold,2><txt:color,orange>ชีอู</txt:color></txt:bold>เลย! รู้สึกอุ่นใจจริงๆ!","<sys:bgm,BGM_ALL_IS_WELL,1000>Boa! Sabia que podia contar com você, <txt:bold,2><txt:color,orange>Siwoo</txt:color></txt:bold>!"
,,,정다희,,1_웃음,,,"자, 우리가 오늘 1회전에서 마주칠 첫 상대는 <txt:bold,2>광탄고등학교</txt:bold>야!!","Now, our first opponent is <txt:bold,2>Gwangtan High</txt:bold>!","さあ、今日1回戦で当たる最初の相手は、<txt:bold,2>光球高校</txt:bold>よ！！","好了，今天第一轮的对手是<txt:bold,2>光谭高中</txt:bold>！！","好，我們今天第一輪的對手是<txt:bold,2>光譚高中</txt:bold>！！","Итак, наш первый соперник сегодня — школа <txt:bold,2>«Квантан»</txt:bold>.","Sekarang, lawan pertama kita ialah <txt:bold,2>Gwangtan High</txt:bold>!","Nào, đối thủ đầu tiên chúng ta gặp ở vòng 1 hôm nay là <txt:bold,2>Trường THPT Gwangtan</txt:bold>!!","Bien, ¡el primer equipo que enfrentaremos hoy en la primera ronda es la<txt:bold,2> Escuela Gwangtan</txt:bold>!","Kalau begitu, lawan pertama kita hari ini adalah <txt:bold,2>SMA Gwangtan</txt:bold>!!","เอาล่ะ คู่แข่งทีมแรกที่เราจะได้เจอในรอบแรกของวันนี้ก็คือ <txt:bold,2>โรงเรียนมัธยมปลายกวังทัน</txt:bold>!!","Certo! Nosso primeiro adversário hoje é o <txt:bold,2>Colégio Gwangtan</txt:bold>!"
,,,정다희,,1_기본,,,"평균 신장이 엄청 크고, 속공을 주무기로 사용하는 팀이야. 이 점을 꼭 명심하자!","Their players are very tall on average, and they specialize in quick attacks. Keep that in mind!",平均身長がすっごく高くて、主にクイック攻撃を武器にしてくるチームなの。その点、しっかり肝に銘じておいてね！,他们是一支平均身高非常高，且以快攻为主武器的队伍。大家一定要牢记这一点！,他們是一支平均身高很高，而且主打快攻的球隊。大家一定要記住這點！,У них высокие игроки и быстрые атаки. Будьте готовы!,"Purata tinggi mereka sangat tinggi, dan mereka mahir dalam serangan pantas. Ingat tu jangan lupa!",Đây là đội có chiều cao trung bình rất tốt và chuyên dùng tấn công nhanh làm mũi nhọn. Mọi người nhất định phải ghi nhớ điểm này!,Tienen jugadores muy altos en promedio y su arma principal son los ataques rápidos. ¡No olviden eso!,Mereka punya postur rata-rata yang sangat tinggi dan mengandalkan serangan cepat sebagai senjata utama. Ingat baik-baik!,เป็นทีมที่มีส่วนสูงเฉลี่ยสูงมาก แล้วก็ใช้การบุกเร็วเป็นอาวุธหลัก จำเรื่องนี้ไว้ให้ดีนะ!,Eles são muito altos e apostam nos ataques rápidos como principal arma. Tenham isso em mente!
,,,정다희,,1_기본,,,너희 실력이라면 충분히 이길 수 있어!,You're plenty capable of winning!,みんなの実力なら十分に勝てるわ！,只要发挥出你们平时的实力，绝对能赢！,以你們的實力，絕對能贏的！,Нам по силам их одолеть!,Kamu memang dah cukup hebat untuk menang!,"Với thực lực của mọi người, chúng ta hoàn toàn có thể thắng!","¡Con nuestro nivel, podemos ganarles sin falta!","Dengan kemampuan kalian sekarang, aku yakin kita bisa menang!",ถ้าเป็นฝีมือของพวกนายล่ะก็ ชนะได้แน่นอน!,Vocês têm habilidade de sobra pra vencer!
,,,정다희,,1_외침,,,"자, 드디어 첫 경기야!! <txt:bold,2>대지고</txt:bold>의 힘을 보여주자!!","Your first match is about to begin! Get out there and show them what <txt:bold,2>Terra High</txt:bold> is made of!","さあ、いよいよ初戦よ！！<txt:bold,2>大地高校</txt:bold>の底力を見せつけてやろうね！！","好了，终于迎来首战了！！让大家见识一下<txt:bold,2>大地高中</txt:bold>的实力吧！！","好，終於要迎來第一場比賽了！！讓他們見識一下<txt:bold,2>大地高中</txt:bold>的實力吧！！","Покажем, на что способны!","Perlawanan pertama kamu akan bermula! Keluar dan tunjukkan kepada mereka siapa <txt:bold,2>Terra High</txt:bold>!","Nào, cuối cùng cũng đến trận đầu tiên rồi!! Hãy cho họ thấy sức mạnh của <txt:bold,2>Trường THPT Đại Địa</txt:bold>!!","¡En fin, este es nuestro primer partido! ¡Demostremos de qué está hecha la <txt:bold,2>Escuela Daeji</txt:bold>!","Ayo, pertandingan pertama akhirnya dimulai!! Tunjukkan kekuatan dari <txt:bold,2>SMA DaeJi</txt:bold>!!","เอาล่ะ ในที่สุดการแข่งขันแรกก็มาถึง!! มาโชว์พลังของ<txt:bold,2>มัธยมแดจี</txt:bold>กันเถอะ!!","É isso aí! Chegou a hora do primeiro jogo! Vamos mostrar a força do <txt:bold,2>Colégio Daeji</txt:bold>!"
,경기 승리,#,MAP,,,,,관중석,관중석,관중석,관중석,관중석,관중석,관중석,관중석,관중석,관중석,관중석,관중석
,,#,BGM,,,,,BGM_COOL,BGM_COOL,BGM_COOL,BGM_COOL,BGM_COOL,BGM_COOL,BGM_COOL,BGM_COOL,BGM_COOL,BGM_COOL,BGM_COOL,BGM_COOL
,,#,백시우,-2,1_기본,,,,,,,,,,,,,,
,,#,정다희,2,1_기본,,,,,,,,,,,,,,
,,,정다희,,3_활짝,,,"정말 어려운 경기였는데, 다들 끝까지 잘해줬어!!","It was a tough match, but you all did so great!",本当に厳しい試合だったけど、みんな最後までよくやってくれたね！！,虽然是一场苦战，但大家都坚持到了最后！！,雖然是一場苦戰，但大家都堅持到了最後，表現得很棒！！,"Это был сложный матч, но вы справились!","Perlawanan tadi sengit, tapi kamu semua dah buat yang terbaik!","Đúng là một trận đấu rất khó khăn, nhưng mọi người đã cố gắng đến cùng!!","¡Fue un partido muy difícil, pero todos aguantaron muy bien hasta el final!","Ini bukan pertandingan yang mudah, tapi kalian semua benar-benar sudah berjuang sampai akhir!!",เป็นการแข่งขันที่ยากจริงๆ แต่ทุกคนก็ทำได้ดีจนจบเลย!!,"Foi um jogo complicado, mas vocês mandaram muito bem até o último minuto!"
,,,정다희,,1_웃음,,,"<txt:bold,2><txt:color,orange>시우</txt:color></txt:bold>, 너도 첫 대회라 많이 긴장했을 텐데 고생 많았어!","You too, <txt:bold,2><txt:color,orange>Siwoo</txt:color></txt:bold>. You must've been really nervous since it's your first tournament, but you pushed through! Good job!","<txt:bold,2><txt:color,orange>新</txt:color></txt:bold>も初めての大会でかなり緊張しただろうけど、お疲れ様！","<txt:bold,2><txt:color,orange>时宇</txt:color></txt:bold>，这可是你的首场正式比赛，肯定很紧张吧，辛苦了！","<txt:bold,2><txt:color,orange>時宇</txt:color></txt:bold>，這也是你首次參加大賽，一定很緊張吧，辛苦你了！","<txt:bold,2><txt:color,orange>Шиу</txt:color></txt:bold>, это же твое первое соревнование. Ты молодец!","Kamu pun sama, <txt:bold,2><txt:color,orange>Siwoo</txt:color></txt:bold>. Mesti kamu sangat gugup sebab ini kejohanan pertama kamu, tapi kamu berjaya harungi! Syabas!","<txt:bold,2><txt:color,orange>Siwoo</txt:color></txt:bold>, đây là giải đấu đầu tiên của cậu nên chắc cậu căng thẳng lắm, vất vả cho cậu rồi!","<txt:bold,2><txt:color,orange>Siwoo</txt:color></txt:bold>, era tu primer torneo, así que seguro que estabas muy nervioso. ¡Buen trabajo!","<txt:bold,2><txt:color,orange>Siwoo</txt:color></txt:bold>, kamu juga pasti agak gugup karena ini Turnamen pertamamu, tapi kamu telah bermain dengan sangat baik!","<txt:bold,2><txt:color,orange>ชีอู</txt:color></txt:bold> นายเองก็เก่งมากนะ นายน่าจะเครียดมากเพราะเป็นทัวร์นาเมนต์แรกด้วยซ้ำ!","<txt:bold,2><txt:color,orange>Siwoo</txt:color></txt:bold>, por ser sua estreia, imagino que tenha sido tenso. Mandou muito bem!"
,,,백시우,,1_기본,,,"응, 고마워. 사실 경기 중반부까진 긴장해서 그런지 잔실수가 좀 많았어.",Thanks. I was nervous and made a lot of mistakes until mid-game.,うん、ありがとう。実はさ、試合の中盤まで緊張してたせいか、ちょっとしたミスが多かったんだよね。,谢谢。其实比赛前半段可能是因为太紧张，小失误还挺多的。,嗯，謝謝。其實比賽前半段可能因為太緊張了，發生了不少小失誤。,Спасибо. Но первую часть игры я нервничал и много ошибался.,Terima kasih. Saya gugup dan buat banyak silap hingga pertengahan perlawanan.,"Ừ, cảm ơn. Thật ra đến giữa trận tôi vẫn còn căng thẳng nên mắc khá nhiều lỗi nhỏ.","Sí, gracias. La verdad, cometí varios errores pequeños hasta la mitad del partido, quizá por los nervios.","Iya, terima kasih. Sejujurnya sampai pertengahan pertandingan aku masih gugup, jadi aku melakukan banyak kesalahan kecil.",อื้ม ขอบใจนะ จริงๆ จนถึงช่วงกลางของการแข่งขัน ฉันน่าจะเครียดแหละ ถึงได้ทำพลาดเล็กๆ น้อยๆ บ่อย,"Sim, obrigado. Até a metade do jogo eu tava muito nervoso e cometi vários erros."
,,,백시우,,2_기쁨,,,다음부턴 더 집중해야겠어. 위로 올라갈수록 더 어려워질 테니까.,I have to work on my concentration. It'll only become harder the further up we go.,次からはもっと集中しないとな。上に上がるほどもっと厳しくなるだろうから。,以后必须更加集中精神才行。越往后打，对手只会越强。,下次我會更專注的。畢竟越往上打，對手只會越來越強。,В следующий раз буду внимательнее. Дальше нас ждут сильные соперники.,Saya kena tingkatkan lagi fokus saya. Laluan kita akan semakin mencabar bila kita mara lebih jauh.,Từ lần sau tôi phải tập trung hơn. Càng vào sâu chắc sẽ càng khó hơn.,"La próxima vez me concentraré más. Ya que mientras más avancemos, más duros serán los partidos.","Lain kali aku harus lebih fokus. Semakin jauh kita melaju, lawan kita pasti akan semakin tangguh.",ต่อไปคงต้องจดจ่อให้มากขึ้นแล้วล่ะ เพราะยิ่งไต่ขึ้นไปก็ยิ่งยากขึ้น,"Preciso me concentrar mais no próximo jogo. Daqui pra frente, os jogos só vão ficar mais complicados."
,,,정다희,,1_기본,,,"음음, 하지만 어쨌든 이긴 건 우리야! 지금은 승리했다는 사실만 생각해도 충분해.","Mm-hmm. But still, we won! That's what's important.",うんうん、でもとにかく勝ったのは私たちだよ！今は勝利したってことだけ考えればいいよ。,嗯嗯，但不管怎么说，赢的是我们！现在只要尽情享受胜利的喜悦就足够了。,嗯嗯，但不管怎樣，最後贏的是我們！現在只要盡情享受勝利的喜悅就夠了。,"Главное, что мы победили! Сейчас этого достаточно.","Mm-hmm. Tapi, kita masih menang! Itulah yang penting.","Ừm, nhưng dù sao đội thắng vẫn là chúng ta! Bây giờ chỉ cần nghĩ đến chuyện mình đã thắng là đủ rồi.","Mmm... Sí, pero ganamos nosotros. Por ahora, con eso es suficiente.","Meski begitu, yang penting sekarang kita telah menang! Untuk saat ini, cukup nikmati kemenangan ini saja.",อื้มๆ แต่ยังไงซะพวกเราก็คือผู้ชนะ! ตอนนี้แค่ดีใจกับชัยชนะก็พอแล้วล่ะ,"Aham, no fim quem saiu vencedor fomos nós. Por agora, isso já é suficiente."
,,,정다희,,1_기본,,,"자, 다들 오늘은 여기서 끝이니까, 일찍 들어가서 푹 쉬어!","That's it for today, so go home and get some rest!",さあ、みんな今日はこれで解散だから、早く帰ってゆっくり休んでね！,好了，大家今天就到此为止，早点回去好好休息！,好，大家今天就到此為止，早點回家好好休息吧！,"Ребята, на сегодня все! Идите отдыхать.","Itu saja untuk hari ni, jadi pulanglah dan berehat!","Nào, hôm nay đến đây là kết thúc, mọi người về sớm nghỉ ngơi thật khỏe nhé!","En fin, eso es todo por hoy. ¡Vayan a casa y descansen bien!","Baik, semuanya! Pertandingan hari ini telah selesai. Cepat pulang dan istirahat yang cukup!",เอาล่ะ วันนี้พอแค่นี้แหละ ทุกคนรีบกลับไปพักผ่อนให้เต็มที่นะ!,"Bom, por hoje é isso. Vão pra casa cedo e descansem bastante!"
,,,정다희,,1_웃음,,,다른 학교 경기가 궁금한 사람은 남아서 나랑 같이 가자!,"If you want to watch the other schools' matches, come with me!",他校の試合が気になる人は、残って私と一緒に見に行こう！,对其他学校比赛感兴趣的，可以留下来跟我一起看！,想看其他學校比賽的人，留下來跟我一起去看吧！,"Или можете остаться, если хотите вместе посмотреть игры других школ.","Kalau kamu mahu tengok perlawanan sekolah lain, ikut saya!",Ai tò mò về trận của trường khác thì ở lại đi cùng tôi!,Quien quiera ver los partidos de otras escuelas puede quedarse y venir conmigo.,"Kalau ada yang ingin melihat pertandingan sekolah lain, boleh tetap tinggal untuk menonton bersamaku!",ส่วนใครอยากดูการแข่งขันของโรงเรียนอื่น ก็อยู่ต่อแล้วไปกับฉันได้เลย!,"Se alguém quiser acompanhar as partidas dos outros colégios, pode ficar e ir comigo."
,,,TAG,,,,,"<eff:black,3><sys:quiet,1000>","<eff:black,3><sys:quiet,1000>","<eff:black,3><sys:quiet,1000>","<eff:black,3><sys:quiet,1000>","<eff:black,3><sys:quiet,1000>","<eff:black,3><sys:quiet,1000>","<eff:black,3><sys:quiet,1000>","<eff:black,3><sys:quiet,1000>","<eff:black,3><sys:quiet,1000>","<eff:black,3><sys:quiet,1000>","<eff:black,3><sys:quiet,1000>","<eff:black,3><sys:quiet,1000>"
,,,TAG,,,,,"<sys:qmap,관중석>","<sys:qmap,관중석>","<sys:qmap,관중석>","<sys:qmap,관중석>","<sys:qmap,관중석>","<sys:qmap,관중석>","<sys:qmap,관중석>","<sys:qmap,관중석>","<sys:qmap,관중석>","<sys:qmap,관중석>","<sys:qmap,관중석>","<sys:qmap,관중석>"
,,,-,,,,,"<txt:bold,3><txt:color,grey>~관중석~</txt:color></txt:bold>","<txt:bold,3><txt:color,grey>At the stands...</txt:color></txt:bold>","<txt:bold,3><txt:color,grey>～観客席～</txt:color></txt:bold>","<txt:bold,3><txt:color,grey>～观众席～</txt:color></txt:bold>","<txt:bold,3><txt:color,grey>～觀眾席～</txt:color></txt:bold>","<txt:bold,3><txt:color,grey>Трибуны</txt:color></txt:bold>","<txt:bold,3><txt:color,grey>Di tempat duduk penonton...</txt:color></txt:bold>","<txt:bold,3><txt:color,grey>~ Khán đài ~</txt:color></txt:bold>","<txt:bold,3><txt:color,grey>-Gradas-</txt:color></txt:bold>","<txt:bold,3><txt:color,grey>~Bangku Penonton~</txt:color></txt:bold>","<txt:bold,3><txt:color,grey>~ที่นั่งผู้ชม~</txt:color></txt:bold>","<txt:bold,3><txt:color,grey>Na arquibancada...</txt:color></txt:bold>"
,,,-,,,,,"<sys:bgm,BGM_MEET_YOUNGSUB,1000><eff:shake,2><txt:bold,2><txt:size,2><txt:color,grey>(쾅—!!)</txt:color></txt:size></txt:bold><sys:sfx,쿵>","<sys:bgm,BGM_MEET_YOUNGSUB,1000><eff:shake,2><txt:bold,2><txt:size,2><txt:color,grey>(Crash!)</txt:color></txt:size></txt:bold><sys:sfx,쿵>","<sys:bgm,BGM_MEET_YOUNGSUB,1000><eff:shake,2><txt:bold,2><txt:size,2><txt:color,grey>(バンッ—！！)</txt:color></txt:size></txt:bold><sys:sfx,쿵>","<sys:bgm,BGM_MEET_YOUNGSUB,1000><eff:shake,2><txt:bold,2><txt:size,2><txt:color,grey>(轰——！！)</txt:color></txt:size></txt:bold><sys:sfx,쿵>","<sys:bgm,BGM_MEET_YOUNGSUB,1000><eff:shake,2><txt:bold,2><txt:size,2><txt:color,grey>(砰——！！)</txt:color></txt:size></txt:bold><sys:sfx,쿵>","<sys:bgm,BGM_MEET_YOUNGSUB,1000><eff:shake,2><txt:bold,2><txt:size,2><txt:color,grey>(Бам—!)</txt:color></txt:size></txt:bold><sys:sfx,쿵>","<sys:bgm,BGM_MEET_YOUNGSUB,1000><eff:shake,2><txt:bold,2><txt:size,2><txt:color,grey>(Gedegang!)</txt:color></txt:size></txt:bold><sys:sfx,쿵>","<sys:bgm,BGM_MEET_YOUNGSUB,1000><eff:shake,2><txt:bold,2><txt:size,2><txt:color,grey>*Rầm*</txt:color></txt:size></txt:bold><sys:sfx,쿵>","<sys:bgm,BGM_MEET_YOUNGSUB,1000><eff:shake,2><txt:bold,2><txt:size,2><txt:color,grey>(¡¡Pum!!)</txt:color></txt:size></txt:bold><sys:sfx,쿵>","<sys:bgm,BGM_MEET_YOUNGSUB,1000><eff:shake,2><txt:bold,2><txt:size,2><txt:color,grey>(Duar—!!)</txt:color></txt:size></txt:bold><sys:sfx,쿵>","<sys:bgm,BGM_MEET_YOUNGSUB,1000><eff:shake,2><txt:bold,2><txt:size,2><txt:color,grey>(ปึ้ง—!!)</txt:color></txt:size></txt:bold><sys:sfx,쿵>","<sys:bgm,BGM_MEET_YOUNGSUB,1000><eff:shake,2><txt:bold,2><txt:size,2><txt:color,grey>(BAAM!)</txt:color></txt:size></txt:bold><sys:sfx,쿵>"
,,,-,,,,,"<txt:color,grey>(코트 바닥을 찢을 듯한 스파이크 소리가 울려 퍼진다.)</txt:color>","<txt:color,grey>(The sound of the spike echoes throughout the stadium.)</txt:color>","<txt:color,grey>(コートの床を突き破るようなスパイクの音が響き渡る)</txt:color>","<txt:color,grey>(一记仿佛要撕裂地板的重扣声在球场回荡。)</txt:color>","<txt:color,grey>(現場響起了彷彿要擊碎球場地板的扣球聲。)</txt:color>","<txt:color,grey>(Такой мощный удар, будто сейчас пол пробьет.)</txt:color>","<txt:color,grey>(Bunyi rejaman bergema di seluruh stadium.)</txt:color>","<txt:color,grey>(Âm thanh đập bóng vang lên như muốn xé toạc sàn đấu.)</txt:color>","<txt:color,grey>(El sonido de un remate que parece partir el piso de la cancha resuena por todo el lugar).</txt:color>","<txt:color,grey>(Suara Spike yang seolah-olah membelah lantai lapangan bergema di seluruh lapangan.)</txt:color>","<txt:color,grey>(เสียงตบอันหนักหน่วงที่ราวกับจะฉีกพื้นสนามดังก้องไปทั่ว)</txt:color>","<txt:color,grey>(O som das cortadas ecoa, como se a quadra fosse se partir.)</txt:color>"
,,,-,,,,,"<txt:color,grey>(키가 유독 작은 선수가 한 명 눈에 띈다.)</txt:color>","<txt:color,grey>(One player, noticeably shorter than others, stands out.)</txt:color>","<txt:color,grey>(ひときわ背の低い選手が一人、目に留まる)</txt:color>","<txt:color,grey>(场上有一名个子偏矮小的选手，特别引人注目。)</txt:color>","<txt:color,grey>(其中一名個子特別矮小的選手格外引人注目。)</txt:color>","<txt:color,grey>(В глаза бросается невысокий игрок...)</txt:color>","<txt:color,grey>(Seorang pemain yang jelas lebih rendah daripada pemain lain tapi sangat menonjol.)</txt:color>","<txt:color,grey>(Có một tuyển thủ đặc biệt thấp nổi bật hẳn lên.)</txt:color>","<txt:color,grey>(Un jugador bastante bajito destaca entre los demás).</txt:color>","<txt:color,grey>(Di antara para atlet lainnya, ada satu sosok bertubuh jauh lebih kecil yang langsung mencuri perhatian.)</txt:color>","<txt:color,grey>(นักกีฬาคนหนึ่งที่ตัวเล็กเป็นพิเศษสะดุดตาฉัน)</txt:color>","<txt:color,grey>(Um jogador de estatura bem baixa chama a atenção.)</txt:color>"
,,,백시우,,2_놀람,,,"<txt:color,grey>(<txt:bold,2>이영섭</txt:bold>.)</txt:color>","<txt:color,grey>(<txt:bold,2>Yongsup Lee</txt:bold>.)</txt:color>","<txt:color,grey>(<txt:bold,2>佐藤一翔</txt:bold>)</txt:color>","<txt:color,grey>(<txt:bold,2>李英燮</txt:bold>。)</txt:color>","<txt:color,grey>(<txt:bold,2>李英燮</txt:bold>。)</txt:color>","<txt:color,grey>(<txt:bold,2>Ли Ёнсоб</txt:bold>.)</txt:color>","<txt:color,grey>(<txt:bold,2>Yongsup Lee</txt:bold>.)</txt:color>","<txt:color,grey>(<txt:bold,2>Lee Yeongseob</txt:bold>.)</txt:color>","<txt:color,grey>(<txt:bold,2>Lee Youngsup</txt:bold>).</txt:color>","<txt:color,grey>(<txt:bold,2>Young Sup Lee</txt:bold>.)</txt:color>","<txt:color,grey>(<txt:bold,2>อียองซอบ</txt:bold>)</txt:color>","<txt:color,grey>(<txt:bold,2>Youngsup Lee</txt:bold>.)</txt:color>"
,,,백시우,,1_무표정,,,"<txt:color,grey>(...역시 고교 <txt:bold,2>최고의 스파이커</txt:bold>라는 별명이 걸맞은 선수다.)</txt:color>","<txt:color,grey>(He really deserves the title of <txt:bold,2>Greatest Spiker</txt:bold>.)</txt:color>","<txt:color,grey>(‥やはり高校<txt:bold,2>最高のスパイカー</txt:bold>という異名にふさわしい選手だ)</txt:color>","<txt:color,grey>(‥果然名不虚传，是一位无愧于高中<txt:bold,2>最强主攻手</txt:bold>称号的选手。)</txt:color>","<txt:color,grey>(‥果然是名副其實的高中<txt:bold,2>最強主攻手</txt:bold>。)</txt:color>","<txt:color,grey>(Теперь понятно, почему он <txt:bold,2>лучший нападающий</txt:bold>.)</txt:color>","<txt:color,grey>(Memang layak dia digelar <txt:bold,2>Perejam Terbaik</txt:bold> sekolah menengah.)</txt:color>","<txt:color,grey>(...Quả nhiên rất xứng với danh hiệu <txt:bold,2>Tay Đập Xuất Sắc Nhất</txt:bold> cấp THPT.)</txt:color>","<txt:color,grey>(Definitivamente le queda perfecto el apodo de <txt:bold,2>mejor rematador</txt:bold> de preparatoria).</txt:color>","<txt:color,grey>(...Julukan <txt:bold,2>Spiker terbaik</txt:bold> tingkat SMA memang benar-benar pantas untuknya.)</txt:color>","<txt:color,grey>(...เป็นนักกีฬาที่สมกับฉายา<txt:bold,2>สุดยอดตัวตบ</txt:bold>ระดับมัธยมปลายจริงๆ)</txt:color>","<txt:color,grey>(Ele realmente faz jus ao apelido de <txt:bold,2>Melhor Atacante</txt:bold> do ensino médio.)</txt:color>"
,,,백시우,,1_무표정,,,"<txt:color,grey>(저 선수가 코트 위에 서 있는 것만으로도 팀의 무게감이 다르게 느껴지는 것 같아.)</txt:color>","<txt:color,grey>(Just having him on the court changes the team's whole energy.)</txt:color>","<txt:color,grey>(あの選手がコートの上に立ってるだけで、チームの存在感がまったく違って見える)</txt:color>","<txt:color,grey>(仅仅是他站在场上，就能让人感受到这支队伍非同一般的压迫感。)</txt:color>","<txt:color,grey>(光是他站在球場上，就能感受到那支球隊散發出的壓迫感截然不同。)</txt:color>","<txt:color,grey>(Стоит ему выйти на корт, и вся команда будто становится сильнее.)</txt:color>","<txt:color,grey>(Kehadiran dia di dalam gelanggang saja sudah mampu mengubah seluruh tenaga pasukan.)</txt:color>","<txt:color,grey>(Chỉ cần tuyển thủ đó đứng trên sân thôi là khí thế của cả đội đã khác hẳn.)</txt:color>","<txt:color,grey>(Con solo verlo en la cancha, el equipo impone de otra manera).</txt:color>","<txt:color,grey>(Kehadirannya di lapangan saja sudah membuat timnya terasa jauh lebih tangguh.)</txt:color>","<txt:color,grey>(แค่นักกีฬาคนนั้นยืนอยู่บนสนาม ก็ทำให้ทีมดูน่าเกรงขามขึ้นแล้ว)</txt:color>","<txt:color,grey>(Só dele estar em quadra, o time já fica diferente.)</txt:color>"
,,,백시우,,1_결연,,,...역시 진짜 강하네.,...He's really good.,‥やっぱりマジで強いな。,‥真是强得可怕啊。,‥果然強得沒話說。,Вот это уровень...,...Dia memang bagus.,...Quả nhiên mạnh thật.,Sí que es fuerte.,...Dia memang sangat tangguh.,...แข็งแกร่งจริงๆ แฮะ,Ele é realmente forte.
,,,정다희,,1_언짢,,,"...응, 체격 차이를 무색하게 만든다니까.",...Yeah. He makes up for what he lacks in height and then some.,‥うん、体格の差を感じさせないよね。,‥嗯，在他的实力面前，体格的差距显得毫无意义。,‥嗯，完全讓人忽略了身高的差距呢。,"Глядя на него, забываешь, что он ниже остальных.",...Ya. Dia berjaya menutup kekurangan ketinggiannya dan malah lebih hebat.,"...Ừ, đúng là khiến sự chênh lệch về thể hình trở nên vô nghĩa.","Sí, hace que la diferencia de físico ni se note.","...Iya, perbedaan postur tubuh terasa tidak berarti dihadapannya.",...ใช่ เขาทำให้ความแตกต่างของรูปร่างไม่เป็นปัญหาเลยล่ะ,"É... com ele, o tamanho deixa de importar."
,,,-,,,,,"<txt:color,grey><txt:shake,1><txt:size,2>(삐이이익—!)</txt:size></txt:shake></txt:color><sys:sfx,휘슬_2>","<txt:color,grey><txt:shake,1><txt:size,2>(Beeeeep!)</txt:size></txt:shake></txt:color><sys:sfx,휘슬_2>","<txt:color,grey><txt:shake,1><txt:size,2>(ピーッ—！)</txt:size></txt:shake></txt:color><sys:sfx,휘슬_2>","<txt:color,grey><txt:shake,1><txt:size,2>(哔——！)</txt:size></txt:shake></txt:color><sys:sfx,휘슬_2>","<txt:color,grey><txt:shake,1><txt:size,2>(嗶——！)</txt:size></txt:shake></txt:color><sys:sfx,휘슬_2>","<txt:color,grey><txt:shake,1><txt:size,2>(Биииип—!)</txt:size></txt:shake></txt:color><sys:sfx,휘슬_2>","<txt:color,grey><txt:shake,1><txt:size,2>(Biiiiip!)</txt:size></txt:shake></txt:color><sys:sfx,휘슬_2>","<txt:color,grey><txt:shake,1><txt:size,2>(Tuýt—!)</txt:size></txt:shake></txt:color><sys:sfx,휘슬_2>","<txt:color,grey><txt:shake,1><txt:size,2>(¡Piiiiii!)</txt:size></txt:shake></txt:color><sys:sfx,휘슬_2>","<txt:color,grey><txt:shake,1><txt:size,2>(Biiiipppp—!)</txt:size></txt:shake></txt:color><sys:sfx,휘슬_2>","<txt:color,grey><txt:shake,1><txt:size,2>(ปี๊ดดดด—!)</txt:size></txt:shake></txt:color><sys:sfx,휘슬_2>","<txt:color,grey><txt:shake,1><txt:size,2>(BIIIP!)</txt:size></txt:shake></txt:color><sys:sfx,휘슬_2>"
,,,-,,,,,"<txt:color,grey>(경기 종료 휘슬 소리가 들려오고, 당연하다는 듯 지산고가 압도적인 점수 차로 경기를 가져간다.)</txt:color>","<txt:color,grey>(The whistle puts an end to the match, and <txt:bold,2>Jisan High</txt:bold> takes the win with an overwhelming difference in points.)</txt:color>","<txt:color,grey>(試合終了のホイッスルが鳴り響き、当然のように<txt:bold,2>芝山高校</txt:bold>が圧倒的な点差で試合を制した)</txt:color>","<txt:color,grey>(比赛结束的哨声响起，<txt:bold,2>智山高中</txt:bold>理所当然地以压倒性的比分差距拿下了比赛。)</txt:color>","<txt:color,grey>(比賽結束的哨音響起，<txt:bold,2>智山高中</txt:bold>理所當然地以壓倒性的比分差距贏得了比賽。)</txt:color>","<txt:color,grey>(Финальный свисток. <txt:bold,2>«Чжисан»</txt:bold> выигрывает с большим преимуществом.)</txt:color>","<txt:color,grey>(Tiupan wisel menandakan tamat perlawanan, dan <txt:bold,2>Jisan High</txt:bold> menang dengan jurang mata yang sangat besar.)</txt:color>","<txt:color,grey>(Tiếng còi kết thúc trận đấu vang lên, và như một lẽ hiển nhiên, <txt:bold,2>Trường THPT Jisan</txt:bold> giành chiến thắng với cách biệt áp đảo.)</txt:color>","<txt:color,grey>(Suena el silbato final y la <txt:bold,2>Escuela Jisan</txt:bold> se lleva la victoria con una ventaja aplastante).</txt:color>","<txt:color,grey>(Peluit panjang berbunyi menandai berakhirnya pertandingan. Seolah sudah menjadi hal yang wajar, <txt:bold,2>SMA Jisan</txt:bold> menang telak.)</txt:color>","<txt:color,grey>(เสียงนกหวีดสิ้นสุดการแข่งขันดังขึ้น แล้วก็เป็นไปตามคาด <txt:bold,2>มัธยมจีซัน</txt:bold>คว้าชัยชนะด้วยคะแนนที่ทิ้งห่างแบบขาดลอย)</txt:color>","<txt:color,grey>(O apito encerra a partida, com o <txt:bold,2>Colégio Jisan</txt:bold> vencendo com ampla vantagem.)</txt:color>"
,,,백시우,,1_기본,,,"...<txt:bold,2><txt:color,orange>다희</txt:color></txt:bold>야, 이것 좀 봐. 다른 조 1회전 경기 결과도 실시간으로 올라왔어.","...Look at this, <txt:bold,2><txt:color,orange>Dahee</txt:color></txt:bold>. The other groups' first round results are out.","‥<txt:bold,2><txt:color,orange>夏希</txt:color></txt:bold>、ちょっとこれ見て。他のグループの1回戦の試合結果も、リアルタイムでアップされてるよ。","‥<txt:bold,2><txt:color,orange>多熙</txt:color></txt:bold>，你看这个。其他组的第一轮比赛结果也实时更新了。","‥<txt:bold,2><txt:color,orange>多熙</txt:color></txt:bold>，妳看這個。其他組第一輪的比賽結果也即時更新了。","<txt:bold,2><txt:color,orange>Дахи</txt:color></txt:bold>, смотри. Появились результаты других игр.","...Tengok ni, <txt:bold,2><txt:color,orange>Dahee</txt:color></txt:bold>. Keputusan pusingan pertama kumpulan lain sudah keluar.","...<txt:bold,2><txt:color,orange>Dahee</txt:color></txt:bold> à, xem cái này đi. Kết quả vòng 1 của các bảng khác cũng đã được cập nhật theo thời gian thực.","<txt:bold,2><txt:color,orange>Dahee</txt:color></txt:bold>, mira esto. Ya subieron en tiempo real los resultados de la primera ronda de los otros grupos.","...<txt:bold,2><txt:color,orange>Dahee</txt:color></txt:bold>, lihat ini. Hasil babak pertama dari grup lain juga sudah diperbarui secara langsung.","...<txt:bold,2><txt:color,orange>ดาฮี</txt:color></txt:bold> ดูนี่สิ ผลการแข่งขันรอบแรกของกลุ่มอื่นๆ อัปเดตแบบเรียลไทม์เลย","<txt:bold,2><txt:color,orange>Dahee</txt:color></txt:bold>, dá uma olhada nisso. Os resultados da primeira rodada dos outros grupos acabaram de sair."
,,,정다희,,2_난처,,silent,"어디 보자...... <wrt:wait,25><cha:pop,정다희>헉, 이게 뭐야?","Let's see... <wrt:wait,25><cha:pop,정다희>Wait, what?!","どれどれ‥<wrt:wait,25><cha:pop,정다희>えっ、何これ？","我看看‥<wrt:wait,25><cha:pop,정다희>天啊，怎么会这样？","我看看‥<wrt:wait,25><cha:pop,정다희>哇，這分數是怎麼回事？","Так-так... <wrt:wait,25><cha:pop,정다희>Вот это да!","Jom tengok... <wrt:wait,25><cha:pop,정다희>Nanti, apa?!","Để xem nào... <wrt:wait,25><cha:pop,정다희>Hả, gì thế này?","A ver...<wrt:wait,25><cha:pop,정다희> ¡¿Qué?! ¿Qué es esto?","Coba kulihat...... <wrt:wait,25><cha:pop,정다희>Eh, apa ini?","ไหนดูซิ...... <wrt:wait,25><cha:pop,정다희>โห นี่มันอะไรเนี่ย?","Vamos ver... <wrt:wait,25><cha:pop,정다희>Nossa, o que é isso?"
,,,백시우,,1_기본,,,"<txt:bold,2>민재고</txt:bold>도 세트 스코어 2 대 0으로 이긴 데다, 점수 차도 어마어마하게 났대.","<txt:bold,2>Minjae High</txt:bold> won 2-0, and the point difference was huge.","<txt:bold,2>敏才高校</txt:bold>もセットスコア2対0で勝った上に、点差もハンパないって。","<txt:bold,2>民在高中</txt:bold>也是以2比0的局分获胜，而且比分差距大得惊人。","<txt:bold,2>民在高中</txt:bold>也以2比0的局分完勝，而且比分差距也相當驚人。","<txt:bold,2>«Минчжэ»</txt:bold> тоже разгромили соперников со счетом 2:0.","<txt:bold,2>Minjae High</txt:bold> menang 2-0, dan perbezaan mata sangat besar.","<txt:bold,2>Trường THPT Minjae</txt:bold> cũng thắng với tỷ số set 2 - 0, hơn nữa chênh lệch điểm còn rất lớn.","La <txt:bold,2>Escuela Minjae</txt:bold> también ganó con un marcador de sets de 2 a 0, y dicen que la diferencia de puntos fue enorme.","<txt:bold,2>SMA Minjae</txt:bold> juga menang 2-0, bahkan selisih skornya sangat luar biasa.","<txt:bold,2>มัธยมมินแจ</txt:bold>ก็ชนะด้วยเซ็ตสกอร์ 2 ต่อ 0 แถมคะแนนยังทิ้งห่างแบบขาดลอยเลยด้วย","O <txt:bold,2>Colégio Minjae</txt:bold> também venceu por 2 a 0, e com uma diferença absurda de pontos."
,,,정다희,,1_쿨쿨,,sweat,"예상은 했지만, 다들 진짜 강하네. <txt:size,-1><txt:shake,1>...으음...</txt:shake></txt:size>","That was expected, but still, they're really strong. <txt:size,-1><txt:shake,1>Hmm...</txt:shake></txt:size>","予想はしてたけど、みんな本当に強いわね。<txt:size,-1><txt:shake,1>‥うーん‥</txt:shake></txt:size>","虽然早有预料，但大家都真的好强啊。<txt:size,-1><txt:shake,1>‥唔‥</txt:shake></txt:size>","雖然早有心理準備，但大家真的都好強啊。<txt:size,-1><txt:shake,1>‥唔嗯‥</txt:shake></txt:size>","Ожидаемо, но какие же они все-таки сильные. <txt:size,-1><txt:shake,1>Хм...</txt:shake></txt:size>","Memang dah jangka, tapi, mereka memang kuat. <txt:size,-1><txt:shake,1>Hmm...</txt:shake></txt:size>","Tôi cũng đã đoán trước rồi, nhưng mọi người mạnh thật đó. <txt:size,-1><txt:shake,1>...Ưm...</txt:shake></txt:size>","Era de esperarse, pero sí que son equipos fuertes... <txt:size,-1><txt:shake,1>Mmm...</txt:shake></txt:size>","Aku sudah menduganya, tapi mereka memang benar-benar kuat. <txt:size,-1><txt:shake,1>...Hmm...</txt:shake></txt:size>","ถึงจะคาดไว้อยู่แล้ว แต่ทุกคนแข็งแกร่งกันจริงๆ แฮะ <txt:size,-1><txt:shake,1>...อืม...</txt:shake></txt:size>","Já imaginava, mas eles são realmente fortes! <txt:size,-1><txt:shake,1>Hum...</txt:shake></txt:size>"
,,,백시우,,1_엥,,,"<txt:bold,2><txt:color,orange>다희</txt:color></txt:bold>야?","<txt:bold,2><txt:color,orange>Dahee</txt:color></txt:bold>?","<txt:bold,2><txt:color,orange>夏希</txt:color></txt:bold>？","<txt:bold,2><txt:color,orange>多熙</txt:color></txt:bold>？","<txt:bold,2><txt:color,orange>多熙</txt:color></txt:bold>？","<txt:bold,2><txt:color,orange>Дахи</txt:color></txt:bold>?","<txt:bold,2><txt:color,orange>Dahee</txt:color></txt:bold>?","<txt:bold,2><txt:color,orange>Dahee</txt:color></txt:bold> à?","¿<txt:bold,2><txt:color,orange>Dahee</txt:color></txt:bold>...?","<txt:bold,2><txt:color,orange>Dahee</txt:color></txt:bold>!","<txt:bold,2><txt:color,orange>ดาฮี</txt:color></txt:bold>?","<txt:bold,2><txt:color,orange>Dahee</txt:color></txt:bold>?"
,,,정다희,,2_난처,nervous,,"앗! 미안, 미안! 코치인 내가 약한 소리를 하면 안 되지!","Ah! Sorry, sorry! I'm the coach, I can't be scared!",あっ！ごめんごめん！コーチの私が弱音を吐いちゃダメよね！,啊！抱歉抱歉！作为教练我怎么能说丧气话呢！,啊！抱歉、抱歉！身為教練，我怎麼能說喪氣話呢！,"Ой, прости. Тренеру нельзя раскисать.","Ah! Maaf, maaf! Saya jurulatih, saya tak boleh takut!","A! Xin lỗi, xin lỗi! Huấn luyện viên thì không được nói những lời yếu đuối như vậy!","¡Ah! ¡Perdón, perdón! Como entrenadora, no debería decir cosas tan pesimistas.","Ah! Maaf! Sebagai Coach, aku tidak boleh berkata seperti itu!",อ๊ะ! ขอโทษนะ! ฉันเป็นโค้ชแท้ๆ จะมาพูดอะไรท้อแท้ไม่ได้สิ!,"Ah, perdão! Como treinadora, não deveria falar desse jeito!"
,,,정다희,,1_기본,nervous,,"응, 쟤네가 아무리 점수를 압도적으로 많이 땄어도 어차피 똑같은 1승일 뿐이야!","Yeah. No matter how many points they scored, we're all on the same win-count.",うん、あの人たちがいくら圧倒的な点差で勝ったって、結局は同じ1勝にすぎないんだから！,嗯，不管他们以多大的优势赢了比赛，归根结底大家也都只拿到了1胜而已！,對，就算他們贏的比分再漂亮，說到底也只不過是一勝而已！,"И вообще, счет не важен. Победа все равно одна.","Ya. Tak kisahlah berapa banyak mata mereka skor, jumlah kemenangan kita tetap sama.","Ừ, dù họ có thắng áp đảo đến đâu thì cũng chỉ là 1 trận thắng như chúng ta thôi!","Sí. Aunque hayan ganado por una diferencia enorme, al final sigue siendo solo una victoria.","Ya sebanyak apa pun selisih poin mereka, tetap saja itu senilai hanya 1 kemenangan.",ใช่แล้ว ต่อให้พวกนั้นจะได้คะแนนแบบขาดลอยแค่ไหน ยังไงก็นับเป็น 1 ชัยชนะเหมือนกันนั่นแหละ!,"Mesmo ganhando de lavada, continua sendo só uma vitória!"
,,,정다희,,1_기본,nervous,,기죽을 필요 없어. 우리는 우리 페이스대로 하면 돼.,There's no need to be scared. We're going to take things at our own pace.,怖気づく必要なんてないわ。ただ自分たちのペースでやればいいだけ。,没必要泄气。我们只要按照自己的节奏打好每一场比赛就行。,沒什麼好怕的。我們照著自己的節奏打就好。,"Так что просто будем играть, как умеем.",Tak perlu rasa takut. Kita ikut corak permainan kita sendiri.,Không cần nản chí. Chúng ta cứ chơi theo nhịp của mình là được.,No tenemos por qué desanimarnos. Solo debemos seguir nuestro propio ritmo.,Kita tidak perlu takut. Kita hanya perlu main seperti biasanya.,ไม่จำเป็นต้องเสียกำลังใจเลย เราแค่เล่นตามจังหวะของเราก็พอ,Não precisa desanimar. É só jogarmos no nosso ritmo.
,,,정다희,,1_웃음,nervous,,"<txt:bold,2><txt:color,orange>시우</txt:color></txt:bold>, 너도 이제 다른 경기 그만 보고, 돌아가서 푹 쉬어, 알았지?","That's enough watching the other matches, <txt:bold,2><txt:color,orange>Siwoo</txt:color></txt:bold>. You should go and get some rest.","<txt:bold,2><txt:color,orange>新</txt:color></txt:bold>ももう他の試合は見るのやめて、帰ってゆっくり休んで、いいわね？","<txt:bold,2><txt:color,orange>时宇</txt:color></txt:bold>，你也别看其他比赛了，赶紧回去好好休息，听到了吗？","<txt:bold,2><txt:color,orange>時宇</txt:color></txt:bold>，你也別再看其他比賽了，趕快回家好好休息，知道嗎？","<txt:bold,2><txt:color,orange>Шиу</txt:color></txt:bold>, хватит на сегодня игр. Иди отдохни.","Cukup-cukuplah tengok perlawanan lain, <txt:bold,2><txt:color,orange>Siwoo</txt:color></txt:bold>. Kamu patut pergi berehat.","<txt:bold,2><txt:color,orange>Siwoo</txt:color></txt:bold>, cậu cũng đừng xem các trận khác nữa, về nghỉ ngơi đi, biết chưa?","<txt:bold,2><txt:color,orange>Siwoo</txt:color></txt:bold>, tú también deja de ver los otros partidos y ve a descansar, ¿sí?","<txt:bold,2><txt:color,orange>Siwoo</txt:color></txt:bold>, kamu juga sudah cukup menonton pertandingan lain. Sekarang pulang dan istirahat yang cukup, ya?","<txt:bold,2><txt:color,orange>ชีอู</txt:color></txt:bold> ตอนนี้นายก็เลิกดูการแข่งขันอื่น แล้วกลับไปพักได้แล้วล่ะ เข้าใจไหม?","<txt:bold,2><txt:color,orange>Siwoo</txt:color></txt:bold>, para de ficar vendo os outros jogos e vai descansar, tá bom?"
,,,백시우,,1_웃음,,,"그래. <txt:bold,2><txt:color,orange>다희</txt:color></txt:bold>, 너도 고생했으니 푹 쉬어.","You're right. And you too, <txt:bold,2><txt:color,orange>Dahee</txt:color></txt:bold>. Get some rest.","ああ。<txt:bold,2><txt:color,orange>夏希</txt:color></txt:bold>も疲れただろうから、ゆっくり休めよ。","好。<txt:bold,2><txt:color,orange>多熙</txt:color></txt:bold>，你今天也辛苦了，早点休息吧。","好啦。<txt:bold,2><txt:color,orange>多熙</txt:color></txt:bold>，妳也辛苦了，回去好好休息吧。","Хорошо. <txt:bold,2><txt:color,orange>Дахи</txt:color></txt:bold>, ты тоже не засиживайся.","Baiklah. Kamu pun dah banyak berusaha, <txt:bold,2><txt:color,orange>Dahee</txt:color></txt:bold>. Rehatlah betul-betul.","Ừ. <txt:bold,2><txt:color,orange>Dahee</txt:color></txt:bold>, cậu cũng vất vả rồi, nghỉ ngơi nhé.","Está bien. Tú también hiciste mucho hoy, así que descansa.","Baiklah. <txt:bold,2><txt:color,orange>Dahee</txt:color></txt:bold>, kamu juga sudah bekerja keras. Istirahat yang cukup, ya.","ก็ได้ <txt:bold,2><txt:color,orange>ดาฮี</txt:color></txt:bold> เธอก็เหนื่อยมาเยอะเลย พักเยอะๆ ล่ะ","Tá bom, <txt:bold,2><txt:color,orange>Dahee</txt:color></txt:bold>. Você trabalhou duro hoje. Vai descansar."
,,,정다희,,1_기본,nervous,,...응!,Yeah...!,‥うん！,‥嗯！,‥嗯！,Договорились!,Ya...!,...Ừ!,¡Sí!,...Iya!,...อื้ม!,Okay!
,,,-,,,pause,,"<txt:color,grey>(짐짓 밝게 웃어 보이지만, 좀 전에 손끝이 미세하게 떨린 것 같았다.)</txt:color>","<txt:color,grey>(She tries to smile brightly, but I think I saw her fingertips tremble a little.)</txt:color>","<txt:color,grey>(わざと明るく笑ってみせたけど、さっき指先が微かに震えてた気がする)</txt:color>","<txt:color,grey>(虽然她故作开朗地笑着，但我刚才好像看到她的指尖在微微发抖。)</txt:color>","<txt:color,grey>(她刻意露出燦爛的笑容，但剛才她的指尖似乎在微微顫抖。)</txt:color>","<txt:color,grey>(Она улыбается, но еще секунду назад у нее, кажется, дрожали руки.)</txt:color>","<txt:color,grey>(Dia cuba tersenyum ceria, tapi rasanya saya nampak hujung jarinya menggigil sedikit.)</txt:color>","<txt:color,grey>(Cậu ấy cố tỏ ra tươi tỉnh, nhưng vừa rồi dường như đầu ngón tay hơi run.)</txt:color>","<txt:color,grey>(Sonreía como si nada, pero hace un instante me pareció notar que le temblaban las manos).</txt:color>","<txt:color,grey>(Dia berusaha tersenyum seperti biasa, tetapi sempat terlihat ujung jarinya bergetar pelan.)</txt:color>","<txt:color,grey>(ถึงจะฝืนยิ้มให้ดูร่าเริง แต่เมื่อกี้เหมือนปลายนิ้วจะแอบสั่นเลย)</txt:color>","<txt:color,grey>(Ela força um sorriso, mas as mãos parecem ter tremido um pouco.)</txt:color>"
,,,-,,,pause,,"<txt:color,grey>(역시 긴장을 많이 한 걸지도 모른다.)</txt:color>","<txt:color,grey>(She might've been overly nervous.)</txt:color>","<txt:color,grey>(やはり、かなり緊張したのかもしれない)</txt:color>","<txt:color,grey>(看来她其实也非常紧张吧。)</txt:color>","<txt:color,grey>(其實她也非常緊張吧。)</txt:color>","<txt:color,grey>(Все-таки сильно волнуется.)</txt:color>","<txt:color,grey>(Mungkin dia terlalu gugup.)</txt:color>","<txt:color,grey>(Có lẽ cậu ấy cũng đang rất căng thẳng.)</txt:color>","<txt:color,grey>(Quizá sí estaba mucho más nerviosa de lo que parecía).</txt:color>","<txt:color,grey>(Mungkin saja dia benar-benar sedang gugup.)</txt:color>","<txt:color,grey>(คงจะกดดันมากจริงๆ)</txt:color>","<txt:color,grey>(Talvez ela esteja bem nervosa.)</txt:color>"
,,,백시우,,1_무표정,pause,,"<txt:color,grey>(<txt:bold,2>지산고</txt:bold>, <txt:bold,2>이영섭</txt:bold>, <txt:bold,2>고교 최강의 스파이커</txt:bold>.)</txt:color>","<txt:color,grey>(<txt:bold,2>Jisan High</txt:bold>, <txt:bold,2>Yongsup Lee</txt:bold>, the <txt:bold,2>greatest high school spiker</txt:bold>.)</txt:color>","<txt:color,grey>(<txt:bold,2>芝山高校</txt:bold>、<txt:bold,2>佐藤一翔</txt:bold>、<txt:bold,2>高校最強のスパイカー</txt:bold>)</txt:color>","<txt:color,grey>(<txt:bold,2>智山高中</txt:bold>、<txt:bold,2>李英燮</txt:bold>、<txt:bold,2>高中最强主攻手</txt:bold>。)</txt:color>","<txt:color,grey>(<txt:bold,2>智山高中</txt:bold>、<txt:bold,2>李英燮</txt:bold>、<txt:bold,2>高中最強主攻手</txt:bold>。)</txt:color>","<txt:color,grey>(<txt:bold,2>«Чжисан»</txt:bold>, <txt:bold,2>Ли Ёнсоб</txt:bold>... <txt:bold,2>Лучший нападающий среди старшеклассников</txt:bold>...)</txt:color>","<txt:color,grey>(<txt:bold,2>Jisan High</txt:bold>, <txt:bold,2>Yongsup Lee</txt:bold>, <txt:bold,2>perejam sekolah menengah terhebat</txt:bold>.)</txt:color>","<txt:color,grey>(<txt:bold,2>Trường THPT Jisan</txt:bold>, <txt:bold,2>Lee Yeongseob</txt:bold>, <txt:bold,2>Tay Đập Mạnh Nhất Cấp THPT</txt:bold>.)</txt:color>","<txt:color,grey>(La <txt:bold,2>Escuela Jisan</txt:bold>, <txt:bold,2>Lee Youngsup</txt:bold>, <txt:bold,2>el mejor rematador de preparatoria</txt:bold>...)</txt:color>","<txt:color,grey>(<txt:bold,2>SMA Jisan</txt:bold>. <txt:bold,2>Young Sup Lee</txt:bold>, sang <txt:bold,2>Spiker Terkuat tingkat SMA</txt:bold>.)</txt:color>","<txt:color,grey>(<txt:bold,2>มัธยมจีซัน</txt:bold>, <txt:bold,2>อียองซอบ</txt:bold>, <txt:bold,2>ตัวตบที่แข็งแกร่งที่สุดในระดับมัธยมปลาย</txt:bold>)</txt:color>","<txt:color,grey>(<txt:bold,2>Colégio Jisan</txt:bold>, <txt:bold,2>Youngsup Lee</txt:bold>, o <txt:bold,2>Melhor Atacante</txt:bold> do ensino médio.)</txt:color>"
,,,백시우,,1_무표정,pause,,"<txt:color,grey>(...정말로 우리 팀이 이길 수 있을까?)</txt:color>","<txt:color,grey>(Can we... Really win?)</txt:color>","<txt:color,grey>(‥本当に俺たちのチームが勝てるだろうか？)</txt:color>","<txt:color,grey>(‥我们队真的能赢吗？)</txt:color>","<txt:color,grey>(‥我們球隊真的有勝算嗎？)</txt:color>","<txt:color,grey>(Сможем ли мы их одолеть?)</txt:color>","<txt:color,grey>(Bolehkah kita... Benar-benar menang?)</txt:color>","<txt:color,grey>(...Đội chúng ta thật sự có thể thắng sao?)</txt:color>","<txt:color,grey>(¿Realmente podremos vencerlos...?)</txt:color>","<txt:color,grey>(...Mampukah tim kita untuk benar-benar mengalahkan mereka?)</txt:color>","<txt:color,grey>(...ทีมของเราจะเอาชนะได้จริงๆ รึเปล่านะ?)</txt:color>","<txt:color,grey>(Será que vamos conseguir vencer?)</txt:color>"
8,경기 전,#,MAP,,,,,공원,공원,공원,공원,공원,공원,공원,공원,공원,공원,공원,공원
,,#,BGM,,,,,,,,,,,,,,,,
,,#,백시우,0,1_기본,,,,,,,,,,,,,,
,,#,정다희,4,1_기본,,,,,,,,,,,,,,
,,#,마윤석,4,1_기본,,,,,,,,,,,,,,
,,,-,,,,,"<txt:bold,3><txt:color,grey>~예선 첫날이 끝난 뒤~</txt:color></txt:bold>","<txt:bold,3><txt:color,grey>After the first day of preliminary rounds...</txt:color></txt:bold>","<txt:bold,3><txt:color,grey>～予選初日が終わった後～</txt:color></txt:bold>","<txt:bold,3><txt:color,grey>～预选赛首日结束后～</txt:color></txt:bold>","<txt:bold,3><txt:color,grey>～預賽第一天結束後～</txt:color></txt:bold>","<txt:bold,3><txt:color,grey>Конец первого дня отборочных соревнований.</txt:color></txt:bold>","<txt:bold,3><txt:color,grey>Selepas hari pertama pusingan awal...</txt:color></txt:bold>","<txt:bold,3><txt:color,grey>~ Sau khi ngày đầu tiên của Vòng Loại kết thúc ~</txt:color></txt:bold>","<txt:bold,3><txt:color,grey>-Después del primer día de la clasificatoria-</txt:color></txt:bold>","<txt:bold,3><txt:color,grey>~Setelah hari pertama Babak Penyisihan berakhir~</txt:color></txt:bold>","<txt:bold,3><txt:color,grey>~หลังจบวันแรกของรอบคัดเลือก~</txt:color></txt:bold>","<txt:bold,3><txt:color,grey>Após o primeiro dia das eliminatórias...</txt:color></txt:bold>"
,,,-,,,,,"<txt:color,grey>(경기를 마치고 터덜터덜 집으로 돌아가던 길.)</txt:color>","<txt:color,grey>(As I trudged home after the match...)</txt:color>","<txt:color,grey>(試合を終えて、トボトボと家へ帰る途中)</txt:color>","<txt:color,grey>(比赛结束后，我拖着疲惫的步伐往家走去。)</txt:color>","<txt:color,grey>(比賽結束後，我拖著沉重的步伐走在回家的路上。)</txt:color>","<txt:color,grey>(После игры я устало шел домой.)</txt:color>","<txt:color,grey>(Dalam perjalanan pulang dengan badan lemah longlai selepas perlawanan tadi...)</txt:color>","<txt:color,grey>(Sau trận đấu, tôi lê từng bước trên đường về nhà.)</txt:color>","<txt:color,grey>(Después del partido, iba de camino a casa arrastrando los pies).</txt:color>","<txt:color,grey>(Saat dalam perjalanan pulang seusai pertandingan.)</txt:color>","<txt:color,grey>(ระหว่างเดินกลับบ้านอย่างอ่อนแรงหลังจบการแข่งขัน)</txt:color>","<txt:color,grey>(Voltando pra casa, arrastando os pés após o jogo...)</txt:color>"
,,,-,,,,,"<txt:color,grey>(익숙한 목소리가 들려왔다.)</txt:color>","<txt:color,grey>(I hear a familiar voice.)</txt:color>","<txt:color,grey>(聞き慣れた声が聞こえてきた)</txt:color>","<txt:color,grey>(突然，一个熟悉的声音传入耳中。)</txt:color>","<txt:color,grey>(突然傳來一陣熟悉的聲音。)</txt:color>","<txt:color,grey>(И услышал знакомый голос.)</txt:color>","<txt:color,grey>(Saya terdengar suara yang biasa didengari.)</txt:color>","<txt:color,grey>(Tôi nghe thấy một giọng nói quen thuộc.)</txt:color>","<txt:color,grey>(Y de pronto, escuché una voz familiar).</txt:color>","<txt:color,grey>(Terdengar suara yang tidak asing.)</txt:color>","<txt:color,grey>(ก็ได้ยินเสียงที่คุ้นเคย)</txt:color>","<txt:color,grey>(Ouvi uma voz familiar.)</txt:color>"
,,,TAG,,,,,"<cha:pos,백시우,-2><cha:qpos,정다희,2>","<cha:pos,백시우,-2><cha:qpos,정다희,2>","<cha:pos,백시우,-2><cha:qpos,정다희,2>","<cha:pos,백시우,-2><cha:qpos,정다희,2>","<cha:pos,백시우,-2><cha:qpos,정다희,2>","<cha:pos,백시우,-2><cha:qpos,정다희,2>","<cha:pos,백시우,-2><cha:qpos,정다희,2>","<cha:pos,백시우,-2><cha:qpos,정다희,2>","<cha:pos,백시우,-2><cha:qpos,정다희,2>","<cha:pos,백시우,-2><cha:qpos,정다희,2>","<cha:pos,백시우,-2><cha:qpos,정다희,2>","<cha:pos,백시우,-2><cha:qpos,정다희,2>"
,,,정다희,,1_언짢,pause,,...,...,‥,‥,‥,...,...,...,...,...,...,...
,,,백시우,,1_엥,,,"<sys:bgm,BGM_DAHEE_DILEMMA,1000>어라, <txt:bold,2><txt:color,orange>다희</txt:color></txt:bold>잖아?","<sys:bgm,BGM_DAHEE_DILEMMA,1000>Huh? That's <txt:bold,2><txt:color,orange>Dahee</txt:color></txt:bold>.","<sys:bgm,BGM_DAHEE_DILEMMA,1000>あれ、<txt:bold,2><txt:color,orange>夏希</txt:color></txt:bold>じゃないか？","<sys:bgm,BGM_DAHEE_DILEMMA,1000>咦，那不是<txt:bold,2><txt:color,orange>多熙</txt:color></txt:bold>吗？","<sys:bgm,BGM_DAHEE_DILEMMA,1000>咦，那不是<txt:bold,2><txt:color,orange>多熙</txt:color></txt:bold>嗎？","<sys:bgm,BGM_DAHEE_DILEMMA,1000>О, это же <txt:bold,2><txt:color,orange>Дахи</txt:color></txt:bold>.","<sys:bgm,BGM_DAHEE_DILEMMA,1000>Apa? Itu <txt:bold,2><txt:color,orange>Dahee</txt:color></txt:bold>.","<sys:bgm,BGM_DAHEE_DILEMMA,1000>Ủa, là <txt:bold,2><txt:color,orange>Dahee</txt:color></txt:bold> mà?","<sys:bgm,BGM_DAHEE_DILEMMA,1000>¿Eh? <txt:bold,2>Es <txt:color,orange>Dahee</txt:color></txt:bold>...","<sys:bgm,BGM_DAHEE_DILEMMA,1000>Eh, itu kan <txt:bold,2><txt:color,orange>Dahee</txt:color></txt:bold>?","<sys:bgm,BGM_DAHEE_DILEMMA,1000>อ้าว <txt:bold,2><txt:color,orange>ดาฮี</txt:color></txt:bold>นี่นา?","<sys:bgm,BGM_DAHEE_DILEMMA,1000>Ah, <txt:bold,2><txt:color,orange>Dahee</txt:color></txt:bold>?"
,,,백시우,,1_무표정,,,"<txt:color,grey>(무슨 대화를 하고 있는 거지? 엄청 진지한 표정인데.)</txt:color>","<txt:color,grey>(What's she talking about? She looks pretty serious.)</txt:color>","<txt:color,grey>(何の話をしてるんだ？すごい真剣な顔してるけど)</txt:color>","<txt:color,grey>(在聊什么呢？表情那么严肃。)</txt:color>","<txt:color,grey>(她在跟誰講話？表情看起來好嚴肅。)</txt:color>","<txt:color,grey>(У нее серьезный вид. Интересно, о чем разговор.)</txt:color>","<txt:color,grey>(Dia cakap apa? Dia nampak sangat serius.)</txt:color>","<txt:color,grey>(Cậu ấy đang nói chuyện gì vậy? Trông nghiêm túc lắm.)</txt:color>","<txt:color,grey>(¿De qué estará hablando? Tiene una expresión muy seria).</txt:color>","<txt:color,grey>(Apa yang sedang dia bicarakan? Dia terlihat sangat serius.)</txt:color>","<txt:color,grey>(คุยเรื่องอะไรอยู่นะ? สีหน้าจริงจังมากเลย)</txt:color>","<txt:color,grey>(Com quem ela tá falando? Ela parece bem séria.)</txt:color>"
,,,정다희,,1_언짢,nervous,,"...응, 알고 있어, 언니. 이번이 마지막 기회라는 거.","...Yeah, I know that this is my last chance.",‥うん、分かってるよ、お姉ちゃん。今回が最後のチャンスだってこと。,‥嗯，我知道，姐姐。这是最后的机会了。,‥嗯，我知道，姐姐。這次是最後的機會。,"... Знаю, сестренка. Это мой последний шанс.","...Ya, saya tahu, kak. Ini peluang terakhir saya.","...Ừ, em biết mà chị. Lần này là cơ hội cuối cùng.","Sí, lo sé, hermana. Sé que esta es mi última oportunidad.","...Iya kak, aku juga tahu. Bahwa ini kesempatan terakhirku.",...อืม ฉันรู้อยู่แล้วล่ะพี่ ว่าครั้งนี้คือโอกาสสุดท้าย,"...Eu sei, mana. Sei que esta é a última chance."
,,,정다희,,1_언짢,nervous,,"알아. 이번에도 아무 성적도 못 내면, 아빠가 절대 그냥 넘어가 주지 않을 거라는 거.","I know. If I don't get results, dad won't let it slide.",分かってる。今回も何の結果も出せなかったら、お父さんが絶対に黙ってないってことくらい。,我知道。如果这次再拿不出任何成绩，爸爸绝对不会轻易放过我的。,我知道。如果這次再拿不出成績，爸爸絕對不會輕易放過我的。,"Если у нас снова не будет результатов, папа этого так не оставит.","Saya tahu. Jika saya tak berjaya, ayah takkan biarkan saja.","Em biết. Nếu lần này vẫn không đạt được thành tích gì, bố chắc chắn sẽ không bỏ qua.","Lo sé. Si esta vez tampoco consigo ningún resultado, papá no me lo va a dejar pasar.","Aku tahu. Kalau kali ini aku tetap tidak bisa menunjukkan hasil, papa pasti tidak akan membiarkanku begitu saja.",ฉันรู้ว่าถ้าครั้งนี้ยังทำผลงานอะไรไม่ได้ พ่อจะไม่ยอมปล่อยผ่านแน่ๆ,"Eu sei disso. Se eu não conseguir nada, meu pai não vai deixar isso passar."
,,,정다희,,1_기본,nervous,,"어쩔 수 없지, 뭐. 약속은 약속이니까.",But what can I do? A promise is a promise.,仕方ないよ。約束は約束なんだから。,那也没办法嘛。约定就是约定。,那也沒辦法啊，畢竟是約定好的。,Ничего не поделаешь. У нас уговор.,Tapi apa boleh saya buat? Janji tetap janji.,Cũng hết cách thôi. Đã hứa thì phải giữ lời mà.,No hay de otra. Una promesa es una promesa.,Ya mau bagaimana lagi. Aku sudah berjanji.,ก็ช่วยไม่ได้แหละ สัญญาต้องเป็นสัญญานี่นา,Fazer o quê... promessa é promessa.
,,,정다희,,1_외침,nervous,,"앗, 아냐, 아냐! 걱정하지 마, 언니!","Oh, no, no! Don't worry!",あっ、ううん、違うよ！心配しないで、お姉ちゃん！,啊，不不不！别担心我啦，姐姐！,啊，沒有啦，沒事！別擔心啦，姐姐！,"Ой, нет. Все будет хорошо.","Ah, bukan, bukan! Jangan risau, kak!","A, không, không! Chị đừng lo!","¡Ah, no, no! ¡No te preocupes!","Ah, tidak, tidak! Tidak perlu khawatir, kak!",อ๊ะ ไม่หรอกๆ! ไม่ต้องห่วงนะพี่!,"Ah, não! Tá tudo bem, não precisa se preocupar!"
,,,-,,,,,"<txt:color,grey>(어째서인지 나도 모르게 숨어 버렸다.)</txt:color>","<txt:color,grey>(I don't know why I hid myself.)</txt:color>","<txt:color,grey>(なぜか思わず隠れてしまった)</txt:color>","<txt:color,grey>(不知为何，我下意识地躲了起来。)</txt:color>","<txt:color,grey>(不知為何，我下意識地躲了起來。)</txt:color>","<txt:color,grey>(Почему-то я решил спрятаться.)</txt:color>","<txt:color,grey>(Saya tak tahu kenapa saya menyembunyikan diri.)</txt:color>","<txt:color,grey>(Không hiểu sao tôi lại vô thức nấp đi.)</txt:color>","<txt:color,grey>(Sin saber por qué, me escondí casi por instinto).</txt:color>","<txt:color,grey>(Entah kenapa, tanpa sadar aku malah bersembunyi.)</txt:color>","<txt:color,grey>(ไม่รู้ทำไมฉันถึงได้เผลอซ่อนตัวซะงั้น)</txt:color>","<txt:color,grey>(Sem saber por quê, acabei me escondendo.)</txt:color>"
,,,-,,,,,"<txt:color,grey>(드문드문 <txt:bold,2>다희</txt:bold>의 목소리가 들려온다.)</txt:color>","<txt:color,grey>(I hear <txt:bold,2>Dahee's</txt:bold> voice, seemingly talking to her sister.)</txt:color>","<txt:color,grey>(途切れ途切れに<txt:bold,2>夏希</txt:bold>の声が聞こえてくる)</txt:color>","<txt:color,grey>(断断续续地传来<txt:bold,2>多熙</txt:bold>的声音。)</txt:color>","<txt:color,grey>(<txt:bold,2>多熙</txt:bold>的聲音斷斷續續地傳來。)</txt:color>","<txt:color,grey>(До меня доносились лишь обрывки разговора.)</txt:color>","<txt:color,grey>(Saya dengar suara <txt:bold,2>Dahee</txt:bold>, nampak macam sedang bercakap dengan kakaknya.)</txt:color>","<txt:color,grey>(Từng đoạn giọng nói của <txt:bold,2>Dahee</txt:bold> vang đến tai tôi.)</txt:color>","<txt:color,grey>(Alcanzaba a oír fragmentos de lo que decía <txt:bold,2>Dahee</txt:bold>).</txt:color>","<txt:color,grey>(Suara <txt:bold,2>Dahee</txt:bold> terdengar samar-samar.)</txt:color>","<txt:color,grey>(ได้ยินเสียงของ<txt:bold,2>ดาฮี</txt:bold>ดังแว่วมาเป็นพักๆ)</txt:color>","<txt:color,grey>(A voz da <txt:bold,2>Dahee</txt:bold> só chegava em partes.)</txt:color>"
,,,백시우,,1_무표정,,,"<txt:color,grey>(통화를 엿들어서는 안 되지만...)</txt:color>","<txt:color,grey>(I shouldn't eavesdrop, but...)</txt:color>","<txt:color,grey>(立ち聞きしちゃダメだけど‥)</txt:color>","<txt:color,grey>(虽然偷听别人打电话不太好，但是‥)</txt:color>","<txt:color,grey>(雖然知道偷聽別人講電話不好‥)</txt:color>","<txt:color,grey>(Подслушивать нехорошо...)</txt:color>","<txt:color,grey>(Saya tak patut curi dengar, tapi...)</txt:color>","<txt:color,grey>(Tôi biết không nên nghe lén cuộc gọi của người khác...)</txt:color>","<txt:color,grey>(No debería escuchar una llamada ajena, pero...)</txt:color>","<txt:color,grey>(Aku tahu seharusnya aku tidak menguping...)</txt:color>","<txt:color,grey>(ฉันไม่ควรแอบฟังเธอคุยโทรศัพท์เลย...)</txt:color>","<txt:color,grey>(Eu não deveria estar ouvindo essa conversa...)</txt:color>"
,,,백시우,,1_시무룩,,,"<wrt:delay,5><txt:color,grey>(....<wrt:wait,25>마지막 기회라니.)</txt:color></wrt:delay>","<wrt:delay,5><txt:color,grey>(... <wrt:wait,25>Last chance?)</txt:color></wrt:delay>","<wrt:delay,5><txt:color,grey>(‥<wrt:wait,25>最後のチャンスだなんて)</txt:color></wrt:delay>","<wrt:delay,5><txt:color,grey>(‥<wrt:wait,25>最后的机会是指什么？)</txt:color></wrt:delay>","<wrt:delay,5><txt:color,grey>(‥<wrt:wait,25>最後的機會？)</txt:color></wrt:delay>","<wrt:delay,5><txt:color,grey>(...<wrt:wait,25>«Последний шанс»?)</txt:color></wrt:delay>","<wrt:delay,5><txt:color,grey>(... <wrt:wait,25>Peluang terakhir?)</txt:color></wrt:delay>","<wrt:delay,5><txt:color,grey>(....<wrt:wait,25>Cơ hội cuối cùng là sao.)</txt:color></wrt:delay>","<wrt:delay,5><txt:color,grey>(... <wrt:wait,25>¿Cómo que su última oportunidad?)</txt:color></wrt:delay>","<wrt:delay,5><txt:color,grey>(....<wrt:wait,25>Tapi kesempatan terakhir dia bilang?)</txt:color></wrt:delay>","<wrt:delay,5><txt:color,grey>(....<wrt:wait,25>แต่โอกาสสุดท้ายงั้นเหรอ)</txt:color></wrt:delay>","<wrt:delay,5><txt:color,grey>(Hum... <wrt:wait,25>a última chance...)</txt:color></wrt:delay>"
,,,정다희,,1_기본,nervous,,"다 잘 풀리고 있어. 학교에서도 우릴 밀어주고 있고, 애들 컨디션도 진짜 다들 최고야!","Everything's going well. The school is backing us up, and the kids are in top shape!",全部うまくいってるよ。学校もサポートしてくれてるし、みんなのコンディションも本当に最高なんだから！,一切都很顺利。学校很支持我们，大家的身体状态也都处于巅峰！,一切都很順利。學校也很支持我們，大家的狀況也都好到不行！,"Все хорошо. Школа нас поддерживает, да и ребята сейчас в отличной форме!","Semuanya berjalan lancar. Pihak sekolah menyokong kami, dan budak-budak berada dalam prestasi terbaik!","Mọi chuyện đang rất thuận lợi. Nhà trường cũng đang ủng hộ bọn em, phong độ của mọi người thì thật sự đang rất tốt!",Todo va bien. La escuela nos está respaldando y el equipo está en su mejor forma.,"Semuanya berjalan lancar. Pihak sekolah juga mulai mendukung kami, dan kondisi anak-anak juga sedang bagus!",ทุกอย่างกำลังไปได้สวยเลย โรงเรียนก็คอยสนับสนุนพวกเรา แล้วสภาพร่างกายของทุกคนก็ยอดเยี่ยมมาก!,Tá tudo indo bem. A escola tá nos apoiando e o time tá no melhor momento!
,,,정다희,,1_기본,nervous,,심지어 오늘 1회전도 가볍게 이겼는걸?,"We got an easy win today in the first round, too.",それに、今日の1回戦だって軽く勝ったしね！,甚至连今天的第一轮比赛我们都轻松拿下了哦？,而且今天的第一輪比賽，我們還輕鬆拿下了喔！,Сегодня даже первый матч без проблем выиграли.,Kami pun menang mudah dalam pusingan pertama hari ini!,Thậm chí hôm nay bọn em còn thắng vòng 1 rất nhẹ nhàng nữa đó!,Hasta pasamos la primera ronda de hoy sin mucha dificultad.,Bahkan hari ini kami menang dengan cukup mudah di pertandingan pertama.,แถมวันนี้ยังชนะในรอบแรกแบบชิลๆ เลยด้วยนะ,Até vencemos a primeira rodada sem dificuldades.
,,,백시우,,1_무표정,,,"<txt:color,grey>(...)</txt:color>","<txt:color,grey>(...)</txt:color>","<txt:color,grey>(‥)</txt:color>","<txt:color,grey>(‥)</txt:color>","<txt:color,grey>(‥)</txt:color>","<txt:color,grey>(...)</txt:color>","<txt:color,grey>(...)</txt:color>","<txt:color,grey>(...)</txt:color>","<txt:color,grey>(...)</txt:color>","<txt:color,grey>(...)</txt:color>","<txt:color,grey>(...)</txt:color>","<txt:color,grey>(...)</txt:color>"
,,,백시우,,1_엥,,quest,"<txt:color,grey>(걱정 끼치지 않으려는 건가?)</txt:color>","<txt:color,grey>(I guess she doesn't want to worry her sister.)</txt:color>","<txt:color,grey>(心配かけないようにしてるのか？)</txt:color>","<txt:color,grey>(是为了不让家人担心才故意这么说的吗？)</txt:color>","<txt:color,grey>(是為了不讓家人擔心才這麼說的嗎？)</txt:color>","<txt:color,grey>(<txt:bold,2>Дахи</txt:bold> пытается успокоить сестру?)</txt:color>","<txt:color,grey>(Agaknya dia tak mahu risaukan kakak dia.)</txt:color>","<txt:color,grey>(Cậu ấy không muốn khiến chị mình lo sao?)</txt:color>","<txt:color,grey>(¿Está intentando no preocuparla?)</txt:color>","<txt:color,grey>(Apa dia sengaja tidak ingin membuat kakaknya khawatir?)</txt:color>","<txt:color,grey>(ไม่อยากทำให้คนอื่นเป็นห่วงรึเปล่านะ?)</txt:color>","<txt:color,grey>(Ela não quer preocupar ninguém, né?)</txt:color>"
,,,정다희,,1_웃음,nervous,,"응, 괜찮아. 진짜 할 수 있어. 무슨 일이 있어도 꼭 <txt:bold,2>전국 대회</txt:bold> 진출 티켓 따낼 거야.","It's all good. I can do it. I will get that ticket to the <txt:bold,2>National Tournament</txt:bold> no matter what.","うん、大丈夫。絶対にやれるよ。何があっても<txt:bold,2>全国大会</txt:bold>への出場チケットは必ず掴み取るから。","嗯，我没事。真的没问题。无论如何，我都一定会拿到进军<txt:bold,2>全国大赛</txt:bold>的门票。","嗯，放心吧，我一定可以的。不管發生什麼事，我一定會拿到<txt:bold,2>全國大賽</txt:bold>的門票。","Не переживай, все получится. Мы пробьемся на <txt:bold,2>национальные</txt:bold>!","Semuanya baik-baik saja. Saya boleh buat. Saya akan dapatkan tiket ke <txt:bold,2>Kejohanan Kebangsaan</txt:bold> walau apa pun yang berlaku.","Ừ, không sao đâu. Em thật sự làm được. Dù có chuyện gì xảy ra, em cũng nhất định sẽ giành được vé vào <txt:bold,2>Giải Toàn Quốc</txt:bold>.","Sí, no te preocupes. Puedo lograrlo. Voy a conseguir el pase al <txt:bold,2>Torneo Nacional</txt:bold> cueste lo que cueste.","Iya, tidak apa-apa. Aku yakin bisa melakukannya. Apa pun yang terjadi, aku pasti akan memperoleh tiket ke <txt:bold,2>Turnamen Nasional</txt:bold>.","อื้ม ไม่เป็นไร ฉันทำได้จริงๆ ไม่ว่าจะเกิดเรื่องอะไรขึ้น ฉันจะคว้าตั๋วไปแข่ง<txt:bold,2>ทัวร์นาเมนต์ระดับประเทศ</txt:bold>มาให้ได้เลย","Eu tô bem. Eu vou conseguir. E vou garantir a vaga no <txt:bold,2>torneio nacional</txt:bold> a qualquer custo."
,,,정다희,,1_쿨쿨,nervous,,"...안 되면... 그땐 정말 그만두는 거지, 뭐. <wrt:wait,25><txt:bold,2>...배구를.</txt:bold>","...If I don't, then... I guess I'll have to quit... <wrt:wait,25><txt:bold,2>volleyball.</txt:bold>","‥ダメだったら‥その時は本当に辞めるしかないよね。<wrt:wait,25><txt:bold,2>‥バレーを。</txt:bold>","‥如果还是不行‥到时候我也只能放弃了呗。<wrt:wait,25><txt:bold,2>‥放弃打排球。</txt:bold>","‥要是失敗的話‥那到時候就真的要放棄了。<wrt:wait,25><txt:bold,2>‥放棄排球。</txt:bold>","А если не выйдет... <wrt:wait,25><txt:bold,2>То я брошу волейбол</txt:bold>.","...Kalau saya tak berjaya, jadi... agaknya saya kena berhenti... <wrt:wait,25><txt:bold,2>bola tampar.</txt:bold>","...Nếu không làm được... lúc đó em sẽ thật sự từ bỏ... <wrt:wait,25><txt:bold,2>bóng chuyền</txt:bold>.","Si no lo logro... entonces, supongo que ahí sí se acaba todo. <wrt:wait,25><txt:bold,2>Tendré que dejar el voleibol.</txt:bold>","...Kalau gagal... Ya mau bagaimana lagi, aku harus berhenti. <wrt:wait,25><txt:bold,2>...Bermain bola voli.</txt:bold>","...แต่ถ้าไม่ได้... ถึงตอนนั้นก็คงต้องเลิกเล่นจริงๆ แล้วล่ะ <wrt:wait,25><txt:bold,2>...วอลเลย์บอลน่ะ</txt:bold>","...Se não der certo... aí vou ter que desistir de vez... <wrt:wait,25><txt:bold,2>do vôlei.</txt:bold>"
,,,백시우,,2_당황,pause,,...!!,...!,‥！！,‥！！,‥！！,...!!,...!,...!!,¡...!!,...!!,...!!,!!!
,,,정다희,,1_웃음,nervous,,"응, 응, 조만간 또 연락할게. 언니도 훈련 열심히 해! 응, 끊어.","Yup. Will do. I'll talk to you again soon. Good luck with your training, too! Bye.",うん、うん。また近いうちに連絡するね。お姉ちゃんも練習頑張って！うん、じゃあまたね。,嗯，嗯，过几天再联系你。姐姐你也要好好训练啊！嗯，挂了。,嗯，好，過幾天再聯絡。姐姐妳也要好好訓練喔！嗯，掰掰。,"Ага, еще созвонимся. Тебе тоже хороших тренировок. Пока!","Ya, nanti saya hubungi kakak lagi. Kakak pun berlatih elok-elok! Ya, saya letak dulu.","Ừ, ừ, em sẽ sớm gọi lại. Chị cũng tập luyện chăm chỉ nhé! Ừ, em cúp máy đây.","Sí, claro. Te volveré a llamar pronto. ¡Tú también sigue entrenando, hermana! Sí, hablamos luego.","Iya, nanti aku telepon lagi. Kakak juga semangat latihannya, ya! Iya, sampai nanti.",อื้มๆ ไว้ฉันจะติดต่อไปใหม่นะ พี่ก็ตั้งใจซ้อมเข้าล่ะ! อื้ม บาย,"Tá bom, tá bom. Falo com você depois. Treina bastante! Tchau."
,,,정다희,,1_기본,nervous,,"<wrt:delay,5><txt:shake,1>...<wrt:wait,30>후우...</txt:shake></wrt:delay>","<wrt:delay,5><txt:shake,1>...<wrt:wait,30>*Sigh*...</txt:shake></wrt:delay>","<wrt:delay,5><txt:shake,1>‥<wrt:wait,30>ふぅ‥</txt:shake></wrt:delay>","<wrt:delay,5><txt:shake,1>‥<wrt:wait,30>呼‥</txt:shake></wrt:delay>","<wrt:delay,5><txt:shake,1>‥<wrt:wait,30>呼‥</txt:shake></wrt:delay>","<wrt:delay,5><txt:shake,1>...<wrt:wait,30>Фух...</txt:shake></wrt:delay>","<wrt:delay,5><txt:shake,1>...<wrt:wait,30>*Mengeluh*...</txt:shake></wrt:delay>","<wrt:delay,5><txt:shake,1>...<wrt:wait,30>Phù...</txt:shake></wrt:delay>","<wrt:delay,5><txt:shake,1>...<wrt:wait,30> Uff...</txt:shake></wrt:delay>","<wrt:delay,5><txt:shake,1>...<wrt:wait,30>Hyuhh...</txt:shake></wrt:delay>","<wrt:delay,5><txt:shake,1>...<wrt:wait,30>ฮู้ว...</txt:shake></wrt:delay>","<wrt:delay,5><txt:shake,1>Ugh... <wrt:wait,30>Uff...</txt:shake></wrt:delay>"
,,,-,,,,,"<txt:color,grey>(통화가 끝나자마자, 다희는 휴대폰을 쥔 채 깊은 한숨을 내쉬었다.)</txt:color>","<txt:color,grey>(As soon as the call ends, Dahee holds her phone and lets out a deep sigh.)</txt:color>","<txt:color,grey>(電話が終わるや否や、夏希は携帯電話を握りしめたまま深いため息をついた)</txt:color>","<txt:color,grey>(通话刚一结束，多熙紧紧攥着手机，深深地叹了口气。)</txt:color>","<txt:color,grey>(電話一掛斷，多熙就握著手機，深深地嘆了一口氣。)</txt:color>","<txt:color,grey>(<txt:bold,2>Дахи</txt:bold> так тяжело вздохнула, закончив разговор.)</txt:color>","<txt:color,grey>(Sebaik saja panggilan tamat, Dahee memegang telefonnya dan mengeluh panjang.)</txt:color>","<txt:color,grey>(Ngay khi cuộc gọi kết thúc, Dahee nắm điện thoại trong tay và thở dài thật sâu.)</txt:color>","<txt:color,grey>(Apenas terminó la llamada, <txt:bold,2>Dahee</txt:bold> dejó escapar un profundo suspiro con el celular aún en la mano).</txt:color>","<txt:color,grey>(Setelah panggilan berakhir, Dahee langsung mengembuskan napas panjang sambil terus menggenggam ponselnya.)</txt:color>","<txt:color,grey>(ทันทีที่คุยโทรศัพท์จบ ดาฮีก็ถอนหายใจเฮือกใหญ่ ทั้งที่ยังกำมือถือไว้)</txt:color>","<txt:color,grey>(Assim que a ligação terminou, a Dahee soltou um longo suspiro com o celular na mão.)</txt:color>"
,,,-,,,,,"<txt:color,grey>(휴대폰을 꽉 움켜쥔 채, 비스듬히 시선을 아래로 툭 떨어뜨린다.)</txt:color>","<txt:color,grey>(She clutches her phone and looks down.)</txt:color>","<txt:color,grey>(携帯電話をぎゅっと握りしめたまま、斜め下に視線を落とす)</txt:color>","<txt:color,grey>(她紧攥着手机，目光斜斜地垂向地面。)</txt:color>","<txt:color,grey>(她緊緊抓著手機，眼神有些空洞地望著斜下方。)</txt:color>","<txt:color,grey>(Сжала телефон и опустила глаза...)</txt:color>","<txt:color,grey>(Dia menggenggam erat telefonnya dan memandang ke bawah.)</txt:color>","<txt:color,grey>(Cậu ấy siết chặt điện thoại, ánh mắt từ từ cụp xuống.)</txt:color>","<txt:color,grey>(Y apretándolo con fuerza, bajó la mirada en silencio).</txt:color>","<txt:color,grey>(Tangannya mencengkeram ponsel erat, sementara pandangannya perlahan menurun ke bawah.)</txt:color>","<txt:color,grey>(เธอกำมือถือไว้แน่น พร้อมกับละสายตาลงต่ำ)</txt:color>","<txt:color,grey>(Com o celular firme nas mãos, ela olha pra baixo.)</txt:color>"
,,,정다희,,1_언짢,nervous,,"<wrt:delay,5>...<wrt:wait,30>괜찮아, 할 수 있어. 할 수 있어, <txt:bold,2><txt:color,orange>정다희</txt:color></txt:bold>.</wrt:delay>","<wrt:delay,5>...<wrt:wait,30>It's okay. You can do it. You can do it, <txt:bold,2><txt:color,orange>Dahee Jung</txt:color></txt:bold>.</wrt:delay>","<wrt:delay,5>‥<wrt:wait,30>大丈夫、できる。できるよ、<txt:bold,2><txt:color,orange>飛鳥夏希</txt:color></txt:bold>。</wrt:delay>","<wrt:delay,5>‥<wrt:wait,30>没关系的，我能做到。一定能做到的，<txt:bold,2><txt:color,orange>郑多熙</txt:color></txt:bold>。</wrt:delay>","<wrt:delay,5>‥<wrt:wait,30>沒關係，我辦得到的。妳一定可以的，<txt:bold,2><txt:color,orange>鄭多熙</txt:color></txt:bold>。</wrt:delay>","<wrt:delay,5>...<wrt:wait,30>Ничего. Ты справишься, <txt:bold,2><txt:color,orange>Чон Дахи</txt:color></txt:bold>.</wrt:delay>","<wrt:delay,5>...<wrt:wait,30>Tak mengapa. Kamu boleh buat. Kamu boleh buat, <txt:bold,2><txt:color,orange>Dahee Jung</txt:color></txt:bold>.</wrt:delay>","<wrt:delay,5>...<wrt:wait,30>Không sao, mình làm được. Mình làm được mà, <txt:bold,2><txt:color,orange>Jung Dahee</txt:color></txt:bold>.</wrt:delay>","<wrt:delay,5>... <wrt:wait,30>Tranquila. Puedes hacerlo. Tú puedes, <txt:bold,2><txt:color,orange>Jung Dahee</txt:color></txt:bold>.</wrt:delay>","<wrt:delay,5>...<wrt:wait,30>Tidak apa-apa, semuanya baik-baik saja. Kamu pasti sanggup melakukannya, <txt:bold,2><txt:color,orange>Dahee Jung</txt:color></txt:bold>.</wrt:delay>","<wrt:delay,5>...<wrt:wait,30>ไม่เป็นไรหรอก เธอทำได้น่า เธอทำได้ <txt:bold,2><txt:color,orange>จองดาฮี</txt:color></txt:bold></wrt:delay>","<wrt:delay,5>Hum... <wrt:wait,30>Tá tudo bem, eu consigo. Eu consigo, <txt:bold,2><txt:color,orange>Dahee Jung</txt:color></txt:bold>.</wrt:delay>"
,,,정다희,,1_언짢,nervous,,"<wrt:delay,5>꼭 해내고 말 거야. 절대 안 져.</wrt:delay>","<wrt:delay,5>We can do it. We will do it. We're not going to lose.</wrt:delay>","<wrt:delay,5>必ずやり遂げてみせる。絶対に負けない。</wrt:delay>","<wrt:delay,5>我一定会做到的。绝对不能输。</wrt:delay>","<wrt:delay,5>我一定會做到的，絕對不會輸。</wrt:delay>","<wrt:delay,5>Все получится. Мы не проиграем.</wrt:delay>","<wrt:delay,5>Kita boleh menang. Kita akan menang. Kita takkan kalah.</wrt:delay>","<wrt:delay,5>Nhất định mình sẽ làm được. Tuyệt đối không thua.</wrt:delay>","<wrt:delay,5>Tengo que conseguirlo. No pienso perder.</wrt:delay>","<wrt:delay,5>Aku pasti akan berhasil. Aku tidak akan kalah.</wrt:delay>","<wrt:delay,5>ฉันจะต้องทำให้สำเร็จ ฉันไม่มีทางแพ้เด็ดขาด</wrt:delay>","<wrt:delay,5>Eu vou conseguir. Eu não vou perder.</wrt:delay>"
,,,TAG,,,,,"<cha:pos,정다희,4>","<cha:pos,정다희,4>","<cha:pos,정다희,4>","<cha:pos,정다희,4>","<cha:pos,정다희,4>","<cha:pos,정다희,4>","<cha:pos,정다희,4>","<cha:pos,정다희,4>","<cha:pos,정다희,4>","<cha:pos,정다희,4>","<cha:pos,정다희,4>","<cha:pos,정다희,4>"
,,,백시우,,1_무표정,,,...,...,‥,‥,‥,...,...,...,...,...,...,...
,,,백시우,0,1_무표정,,,"<txt:color,grey>(이번 대회에서 결과를 내지 못하면.)</txt:color>","<txt:color,grey>(I guess she has to quit volleyball...)</txt:color>","<txt:color,grey>(もし今回の大会で結果を出せなかったら)</txt:color>","<txt:color,grey>(如果这次比赛拿不到好成绩。)</txt:color>","<txt:color,grey>(如果在這次比賽拿不出成績的話。)</txt:color>","<txt:color,grey>(Если мы не покажем хороший результат...)</txt:color>","<txt:color,grey>(Rasanya dia kena berhenti main bola tampar...)</txt:color>","<txt:color,grey>(Nếu không đạt được thành tích trong giải lần này.)</txt:color>","<txt:color,grey>(Si no consigue resultados en este torneo...)</txt:color>","<txt:color,grey>(Jadi kalau kita gagal meraih hasil di Turnamen ini.)</txt:color>","<txt:color,grey>(ถ้าทำผลงานไม่ได้ในทัวร์นาเมนต์ครั้งนี้)</txt:color>","<txt:color,grey>(Se ela não conseguir resultados neste torneio...)</txt:color>"
,,,백시우,,1_무표정,,,"<txt:color,grey>(배구를 그만두어야 하는 거구나.)</txt:color>","<txt:color,grey>(...if she can't get results in this tournament.)</txt:color>","<txt:color,grey>(バレーを辞めなきゃいけないんだな)</txt:color>","<txt:color,grey>(就必须要放弃排球了吗。)</txt:color>","<txt:color,grey>(就必須放棄排球嗎。)</txt:color>","<txt:color,grey>(<txt:bold,2>Дахи</txt:bold> придется бросить волейбол.)</txt:color>","<txt:color,grey>(...kalau dia tak berjaya mencapai keputusan baik dalam kejohanan ini.)</txt:color>","<txt:color,grey>(Cậu ấy sẽ phải từ bỏ bóng chuyền.)</txt:color>","<txt:color,grey>(Tendrá que dejar el voleibol...)</txt:color>","<txt:color,grey>(Dahee harus berhenti bermain voli.)</txt:color>","<txt:color,grey>(จะต้องเลิกเล่นวอลเลย์บอลนี่เองสินะ)</txt:color>","<txt:color,grey>(Então ela vai ter que desistir do vôlei.)</txt:color>"
,,,백시우,,1_시무룩,,,"<txt:color,grey>(...<wrt:wait,25>왜 그렇게 필사적으로 열심이었는지 이제야 알 것 같아.)</txt:color>","<txt:color,grey>(...<wrt:wait,25>I get why she was so desperate.)</txt:color>","<txt:color,grey>(‥<wrt:wait,25>なぜあんなに必死だったのか、ようやく分かった気がする)</txt:color>","<txt:color,grey>(‥<wrt:wait,25>我现在总算明白，她为什么总是拼了命地在努力了。)</txt:color>","<txt:color,grey>(‥<wrt:wait,25>我總算明白，為什麼她總是那麼拚命了。)</txt:color>","<txt:color,grey>(...<wrt:wait,25>Теперь понятно, почему она так старается.)</txt:color>","<txt:color,grey>(...<wrt:wait,25>Saya faham kenapa dia sangat terdesak.)</txt:color>","<txt:color,grey>(...<wrt:wait,25>Giờ thì đã hiểu vì sao cậu ấy lại liều mình cố gắng đến vậy.)</txt:color>","<txt:color,grey>(...<wrt:wait,25> Ahora entiendo por qué se esforzaba tanto...)</txt:color>","<txt:color,grey>(...<wrt:wait,25>Sekarang aku mengerti kenapa dia selalu berusaha mati-matian.)</txt:color>","<txt:color,grey>(...<wrt:wait,25>ตอนนี้ฉันพอจะเข้าใจแล้วล่ะ ว่าทำไมเธอถึงทุ่มเทสุดชีวิตขนาดนั้น)</txt:color>","<txt:color,grey>(Hum... <wrt:wait,25>agora faz sentido por que ela se esforçava tanto.)</txt:color>"
,,,정다희,,,,,"<txt:color,grey>(깨달았어. 나는 배구를 너무 좋아해서, 떠날 수 없다는 걸.)</txt:color>","<txt:color,grey>(I realized after throwing a few fits. I can't quit volleyball. I love it too much.)</txt:color>","<txt:color,grey>(気づいたの。私はバレーが大好きだから、離れることなんてできないって)</txt:color>","<txt:color,grey>(我终于明白了，我太喜欢排球了，根本离不开它。)</txt:color>","<txt:color,grey>(我才發現，原來我太喜歡排球了，根本離不開它。)</txt:color>","<txt:color,grey>(Но я слишком люблю волейбол, чтобы уйти.)</txt:color>","<txt:color,grey>(Saya tersedar selepas mengamuk beberapa kali. Saya tak boleh berhenti main bola tampar. Saya terlalu cintakannya.)</txt:color>","<txt:color,grey>(Tôi đã nhận ra. Rằng mình thích bóng chuyền đến mức không thể rời xa nó.)</txt:color>","<txt:color,grey>(Me di cuenta de que me gusta demasiado el voleibol como para dejarlo).</txt:color>","<txt:color,grey>(Akhirnya aku sadar. Aku terlalu mencintai bola voli untuk meninggalkannya.)</txt:color>","<txt:color,grey>(ฉันก็ได้เข้าใจ ว่าฉันชอบวอลเลย์บอลมากเกินกว่าจะจากมันไปได้)</txt:color>","<txt:color,grey>(Eu percebi que simplesmente amava o vôlei demais pra abandoná-lo.)</txt:color>"
,,,-,,,,,"<txt:color,grey>(그 말을 할 때 <txt:bold,2>다희</txt:bold>의 얼굴은 희미하게 상기되어 있었다.)</txt:color>","<txt:color,grey>(<txt:bold,2>Dahee</txt:bold> was glowing when she said that.)</txt:color>","<txt:color,grey>(その言葉を口にした時、<txt:bold,2>夏希</txt:bold>の頬はうっすらと赤く染まっていた)</txt:color>","<txt:color,grey>(说那句话的时候，<txt:bold,2>多熙</txt:bold>的脸颊上还泛着淡淡的红晕。)</txt:color>","<txt:color,grey>(說出這句話時，<txt:bold,2>多熙</txt:bold>的臉上帶著淡淡的紅暈。)</txt:color>","<txt:color,grey>(Когда <txt:bold,2>Дахи</txt:bold> говорила это, ее щеки слегка раскраснелись.)</txt:color>","<txt:color,grey>(Bersinar mata <txt:bold,2>Dahee</txt:bold> semasa dia kata begitu.)</txt:color>","<txt:color,grey>(Khi nói câu đó, gương mặt của <txt:bold,2>Dahee</txt:bold> hơi ửng lên.)</txt:color>","<txt:color,grey>(Recuerdo que se ruborizó mientras soltaba esas palabras).</txt:color>","<txt:color,grey>(Saat mengucapkan kata-kata itu, pipi <txt:bold,2>Dahee</txt:bold> tampak sedikit memerah.)</txt:color>","<txt:color,grey>(ตอนที่พูดคำนั้น ใบหน้าของ<txt:bold,2>ดาฮี</txt:bold>มีสีแดงระเรื่อจางๆ)</txt:color>","<txt:color,grey>(Enquanto dizia isso, o rosto da <txt:bold,2>Dahee</txt:bold> tava levemente corado.)</txt:color>"
,,,-,,,,,"<txt:color,grey>(그 표정에는 심장이 뛰는 소리가 고스란히 묻어났다.)</txt:color>","<txt:color,grey>(I could see her heart beat faster just from the look on her face.)</txt:color>","<txt:color,grey>(その表情には、高鳴る胸の鼓動がはっきりと表れていた)</txt:color>","<txt:color,grey>(光看那副神情，仿佛就能听见她怦怦的心跳。)</txt:color>","<txt:color,grey>(那表情裡，彷彿能聽見她心跳加速的聲音。)</txt:color>","<txt:color,grey>(По ее лицу было видно, как сильно бьется сердце.)</txt:color>","<txt:color,grey>(Saya boleh tahu hatinya berdebar lebih pantas dengan hanya melihat muka dia.)</txt:color>","<txt:color,grey>(Vẻ mặt ấy như thể hiện rõ từng nhịp tim đang đập.)</txt:color>","<txt:color,grey>(En su expresión se notaba claramente lo fuerte que le latía el corazón).</txt:color>","<txt:color,grey>(Dari raut wajahnya, seolah terdengar betapa kencang jantungnya berdebar.)</txt:color>","<txt:color,grey>(สีหน้านั้นเผยให้เห็นเสียงหัวใจที่เต้นรัวอย่างชัดเจน)</txt:color>","<txt:color,grey>(Pela expressão dela, parecia dar para ouvir o coração batendo.)</txt:color>"
,,,백시우,,1_무표정,,,"<txt:color,grey>(.....)</txt:color>","<txt:color,grey>(...)</txt:color>","<txt:color,grey>(‥‥)</txt:color>","<txt:color,grey>(‥)</txt:color>","<txt:color,grey>(‥)</txt:color>","<txt:color,grey>(.....)</txt:color>","<txt:color,grey>(...)</txt:color>","<txt:color,grey>(.....)</txt:color>","<txt:color,grey>(...)</txt:color>","<txt:color,grey>(.....)</txt:color>","<txt:color,grey>(.....)</txt:color>","<txt:color,grey>(...)</txt:color>"
,,,백시우,,1_무표정,,,"<txt:color,grey>(그렇게나 배구를 좋아하는데도, 배구를 못 하게 될 수 있다니.)</txt:color>","<txt:color,grey>(She loves volleyball so much, and yet she might not be able to continue...)</txt:color>","<txt:color,grey>(あんなにバレーが好きなのに、バレーができなくなるかもしれないなんて)</txt:color>","<txt:color,grey>(明明那么热爱排球，却面临着可能再也无法触碰它的境地。)</txt:color>","<txt:color,grey>(明明那麼喜歡排球，卻可能再也無法打球了。)</txt:color>","<txt:color,grey>(<txt:bold,2>Дахи</txt:bold> так любит волейбол. Неужели ей придется его бросить?)</txt:color>","<txt:color,grey>(Dia sangat suka main bola tampar, tapi dia mungkin tak dapat teruskan...)</txt:color>","<txt:color,grey>(Dù thích bóng chuyền đến vậy, cậu ấy vẫn có thể sẽ không được chơi nữa.)</txt:color>","<txt:color,grey>(A pesar de amar tanto el voleibol, podría verse obligada a dejarlo).</txt:color>","<txt:color,grey>(Padahal dia sangat mencintai bola voli, tapi dia malah terancam tidak bisa bermain bola voli lagi.)</txt:color>","<txt:color,grey>(เธอชอบวอลเลย์บอลถึงขนาดนั้นแท้ๆ แต่อาจไม่ได้เล่นวอลเลย์บอลอีกเนี่ยนะ)</txt:color>","<txt:color,grey>(Mesmo gostando tanto de vôlei, ela pode acabar se afastando dele...)</txt:color>"
,,,-,,,,,"<eff:shake,1><txt:color,grey>(꽈악!)</txt:color>","<eff:shake,1><txt:color,grey>(*Clench*)</txt:color>","<eff:shake,1><txt:color,grey>(ギュッ！)</txt:color>","<eff:shake,1><txt:color,grey>(用力！)</txt:color>","<eff:shake,1><txt:color,grey>(緊握！)</txt:color>","<eff:shake,1><txt:color,grey>(Хвать!)</txt:color>","<eff:shake,1><txt:color,grey>(*Genggam erat*)</txt:color>","<eff:shake,1><txt:color,grey>(Siết chặt!)</txt:color>","<eff:shake,1><txt:color,grey>(¡Aprieta!)</txt:color>","<eff:shake,1><txt:color,grey>(Krekk!)</txt:color>","<eff:shake,1><txt:color,grey>(กึด!)</txt:color>","<eff:shake,1><txt:color,grey>(Aperta o punho.)</txt:color>"
,,,백시우,,1_결연,,,"<txt:color,grey>(나도 모르게 주먹에 강하게 힘이 들어갔다.)</txt:color>","<txt:color,grey>(I unconsciously clench my fists.)</txt:color>","<txt:color,grey>(自分でも気づかないうちに、拳にグッと力が入った)</txt:color>","<txt:color,grey>(我不自觉地紧紧握起了拳头。)</txt:color>","<txt:color,grey>(我不由自主地握緊了拳頭。)</txt:color>","<txt:color,grey>(Я и сам не заметил, как крепко сжал кулак.)</txt:color>","<txt:color,grey>(Tanpa sedar saya menggenggam erat penumbuk saya.)</txt:color>","<txt:color,grey>(Tôi vô thức siết chặt nắm tay.)</txt:color>","<txt:color,grey>(Sin darme cuenta, yo también apreté el puño con fuerza).</txt:color>","<txt:color,grey>(Tanpa kusadari, aku mengepalkan tangan dengan erat-erat.)</txt:color>","<txt:color,grey>(ฉันเองก็เผลอกำหมัดแน่นโดยไม่รู้ตัว)</txt:color>","<txt:color,grey>(Sem perceber, fechei o punho com força.)</txt:color>"
,,,백시우,,1_결연,,,"<txt:color,grey>(...내가 할 수 있는 일은 없을까?)</txt:color>","<txt:color,grey>(...Is there anything I can do?)</txt:color>","<txt:color,grey>(‥俺にできることはないのか？)</txt:color>","<txt:color,grey>(‥有什么是我能做的吗？)</txt:color>","<txt:color,grey>(‥我有什麼能幫上忙的嗎？)</txt:color>","<txt:color,grey>(Могу ли я хоть как-то помочь?)</txt:color>","<txt:color,grey>(...Ada apa-apa yang boleh saya lakukan?)</txt:color>","<txt:color,grey>(...Mình có thể làm được gì không?)</txt:color>","<txt:color,grey>(¿Habrá algo que yo pueda hacer?)</txt:color>","<txt:color,grey>(...Apa ada sesuatu yang bisa kulakukan?)</txt:color>","<txt:color,grey>(...มีอะไรที่ฉันพอจะทำได้บ้างไหมนะ?)</txt:color>","<txt:color,grey>(Será que não tem nada que eu possa fazer?)</txt:color>"
,,,TAG,,,,,"<eff:black,3>","<eff:black,3>","<eff:black,3>","<eff:black,3>","<eff:black,3>","<eff:black,3>","<eff:black,3>","<eff:black,3>","<eff:black,3>","<eff:black,3>","<eff:black,3>","<eff:black,3>"
,,,TAG,,,,,"<cha:qpos,백시우,4><cha:qpos,마윤석,0><sys:bgm,BGM_MEET_SIWOO,1000>","<cha:qpos,백시우,4><cha:qpos,마윤석,0><sys:bgm,BGM_MEET_SIWOO,1000>","<cha:qpos,백시우,4><cha:qpos,마윤석,0><sys:bgm,BGM_MEET_SIWOO,1000>","<cha:qpos,백시우,4><cha:qpos,마윤석,0><sys:bgm,BGM_MEET_SIWOO,1000>","<cha:qpos,백시우,4><cha:qpos,마윤석,0><sys:bgm,BGM_MEET_SIWOO,1000>","<cha:qpos,백시우,4><cha:qpos,마윤석,0><sys:bgm,BGM_MEET_SIWOO,1000>","<cha:qpos,백시우,4><cha:qpos,마윤석,0><sys:bgm,BGM_MEET_SIWOO,1000>","<cha:qpos,백시우,4><cha:qpos,마윤석,0><sys:bgm,BGM_MEET_SIWOO,1000>","<cha:qpos,백시우,4><cha:qpos,마윤석,0><sys:bgm,BGM_MEET_SIWOO,1000>","<cha:qpos,백시우,4><cha:qpos,마윤석,0><sys:bgm,BGM_MEET_SIWOO,1000>","<cha:qpos,백시우,4><cha:qpos,마윤석,0><sys:bgm,BGM_MEET_SIWOO,1000>","<cha:qpos,백시우,4><cha:qpos,마윤석,0><sys:bgm,BGM_MEET_SIWOO,1000>"
,,,-,,,,,"<txt:bold,3><txt:color,grey>~대지고 근처 공원~</txt:color></txt:bold>","<txt:bold,3><txt:color,grey>At a park near Terra High...</txt:color></txt:bold>","<txt:bold,3><txt:color,grey>～大地高校近くの公園～</txt:color></txt:bold>","<txt:bold,3><txt:color,grey>～大地高中附近的公园～</txt:color></txt:bold>","<txt:bold,3><txt:color,grey>～大地高中附近的公園～</txt:color></txt:bold>","<txt:bold,3><txt:color,grey>Парк возле школы «Тэчжи».</txt:color></txt:bold>","<txt:bold,3><txt:color,grey>Di sebuah taman berdekatan Terra High...</txt:color></txt:bold>","<txt:bold,3><txt:color,grey>~ Công viên gần Trường THPT Đại Địa ~</txt:color></txt:bold>","<txt:bold,3><txt:color,grey>-Parque cerca de la Escuela Daeji-</txt:color></txt:bold>","<txt:bold,3><txt:color,grey>~Di taman dekat SMA DaeJi~</txt:color></txt:bold>","<txt:bold,3><txt:color,grey>~สวนใกล้มัธยมแดจี~</txt:color></txt:bold>","<txt:bold,3><txt:color,grey>Em um parque perto do Colégio Daeji...</txt:color></txt:bold>"
,,,마윤석,,1_기본,,joy,"<txt:wave,1>음훗훗~ 훈련을 빠지니까 이렇게 몸이 편할 수가 없네~</txt:wave>","<txt:wave,1>Hahaha, it's so nice and comfortable to miss practice!</txt:wave>","<txt:wave,1>うふっふっ～練習サボると、こんなに体って楽なんだな～。</txt:wave>","<txt:wave,1>哼哼哼～不用训练真是太舒服啦～</txt:wave>","<txt:wave,1>唔呵呵～不用練習的感覺真是通體舒暢啊～</txt:wave>","<txt:wave,1>Хе-хе, как же хорошо, когда не идешь на тренировку!</txt:wave>","<txt:wave,1>Hahaha, seronok dan selesa betul tak pergi berlatih!</txt:wave>","<txt:wave,1>Ưm hứ hứ~ Không phải tập luyện nên cơ thể thoải mái hẳn~</txt:wave>","<txt:wave,1>Jijiji. Faltar al entrenamiento sí que le hace maravillas al cuerpo.</txt:wave>","<txt:wave,1>Ufufufu~ Bolos latihan ternyata memberikan kenyamanan seperti ini~</txt:wave>","<txt:wave,1>หึหึ~ พอไม่ต้องไปซ้อม ก็รู้สึกสบายตัวสุดๆ เลยแฮะ~</txt:wave>","<txt:wave,1>Huumm! Como é bom não treinar!</txt:wave>"
,,,마윤석,,1_우쭐,,,"역시 나 같은 <txt:rainbow,1>꽃미남</txt:rainbow>한테는 땀 뻘뻘 흘리는 스포츠는 안 맞다니까?","A <txt:rainbow,1>good-looking guy</txt:rainbow> like me isn't fit for sweaty, heavy-breathing sports.","やっぱり俺みたいな<txt:rainbow,1>イケメン</txt:rainbow>には、汗水垂らすスポーツなんて似合わないんだって！","果然像我这种<txt:rainbow,1>花美男</txt:rainbow>，就不适合那种大汗淋漓的运动啊。","果然像我這種<txt:rainbow,1>花美男</txt:rainbow>，就是不適合那種會流得滿身大汗的運動啦。","Такому <txt:rainbow,1>красавчику</txt:rainbow>, как я, не пристало обливаться потом.","<txt:rainbow,1>Lelaki kacak</txt:rainbow> macam saya tak sesuai dengan sukan yang berpeluh dan tercungap-cungap.","Quả nhiên một <txt:rainbow,1>mỹ nam</txt:rainbow> như tôi không hợp với mấy môn thể thao phải đổ mồ hôi nhễ nhại.","Lo sabía, los deportes que te hacen sudar a chorros no van con un <txt:rainbow,1>galán</txt:rainbow> como yo.","Memang olahraga yang bikin mandi keringat itu sama sekali tidak cocok untuk <txt:rainbow,1>pria setampan</txt:rainbow> aku.","<txt:rainbow,1>สุดหล่อ</txt:rainbow>อย่างฉันน่ะ ไม่เหมาะกับกีฬาเหงื่อท่วมตัวเลยจริงๆ","Tô falando... esse tipo de esporte não é pra um <txt:rainbow,1>cara bonito</txt:rainbow> como eu."
,,,마윤석,,1_설렘,,,"흐흐, <txt:bold,2><txt:color,orange>다희</txt:color></txt:bold>만 아니었으면 내가 이런 고생할 일도 없었을 텐데.","Haha, I wouldn't even be going through all this if it weren't for <txt:bold,2><txt:color,orange>Dahee</txt:color></txt:bold>.","ふふ、<txt:bold,2><txt:color,orange>夏希</txt:color></txt:bold>さえいなきゃ、俺がこんな苦労することなんてなかったのにな。","嘿嘿，要不是为了<txt:bold,2><txt:color,orange>多熙</txt:color></txt:bold>，我才不用受这种罪呢。","嘿嘿，要不是因為<txt:bold,2><txt:color,orange>多熙</txt:color></txt:bold>，我才不用受這種苦呢。","Мучаюсь только из-за <txt:bold,2><txt:color,orange>Дахи</txt:color></txt:bold>.","Haha, saya takkan buat semua ni kalau bukan kerana <txt:bold,2><txt:color,orange>Dahee</txt:color></txt:bold>.","Hư hư, nếu không phải vì <txt:bold,2><txt:color,orange>Dahee</txt:color></txt:bold>, tôi đã chẳng phải chịu khổ thế này.","Mmm, si no fuera por <txt:bold,2><txt:color,orange>Dahee</txt:color></txt:bold>, no tendría que estar pasando por todo esto.","Hmm, kalau saja bukan karena <txt:bold,2><txt:color,orange>Dahee</txt:color></txt:bold>, aku juga tidak perlu bersusah payah begini.","หึหึ ถ้าไม่ใช่เพราะ<txt:bold,2><txt:color,orange>ดาฮี</txt:color></txt:bold> ฉันก็คงไม่มีทางมาลำบากแบบนี้หรอก","Hehe, se não fosse a <txt:bold,2><txt:color,orange>Dahee</txt:color></txt:bold>, eu nem teria passado por isso."
,,,마윤석,,1_우쭐,,,슬슬 애들도 훈련 끝났겠지? 두고 간 내 애착 안경만 챙겨서 집에 가야지~,Practice should be ending now. I'll go get my glasses and head home!,そろそろみんなも練習終わったかな？置きっぱなしにしてた俺のお気に入りメガネだけ持って帰ろっと～。,大家这会儿应该也训练结束了吧？我得赶紧拿回我的宝贝眼镜回家啦～,大家應該也差不多訓練結束了吧？拿回我忘在那的寶貝眼鏡就趕快回家吧～,"Думаю, ребята уже закончили. Заберу свои очки и пойду домой.",Latihan sepatutnya tamat sekarang. Saya akan pergi ambil cermin mata saya dan pulang!,Chắc mọi người sắp tập xong rồi nhỉ? Tôi chỉ cần lấy cặp kính yêu dấu bỏ quên rồi về nhà thôi~,"Los chicos ya deben haber terminado de entrenar, ¿no? Iré a recoger mis queridos lentes que dejé olvidados y luego, a casa.",Sepertinya sudah waktunya latihan selesai. Aku mau langsung pulang setelah mengambil kacamata kesayanganku yang tertinggal~,ทุกคนคงซ้อมกันเสร็จแล้วล่ะมั้ง? ไปเอาแว่นอันโปรดที่วางทิ้งไว้แล้วกลับบ้านดีกว่า~,"O treino já deve ter acabado, né? Vou só pegar meus óculos e ir pra casa!"
,,,백시우,,,,,"<txt:size,2>좋아, 딱 그렇게만 하자!!</txt:size>","<txt:size,2>Cool, that's it!</txt:size>","<txt:size,2>よし、その感じでいこう！！</txt:size>","<txt:size,2>很好，就按这个感觉来！！</txt:size>","<txt:size,2>好，就照這個節奏繼續！！</txt:size>","<txt:size,2>Отлично! Именно так!</txt:size>","<txt:size,2>Hebat, macam itulah!</txt:size>","<txt:size,2>Tốt, cứ giữ đúng khoảng cách đó!!</txt:size>","<txt:size,2>Bien, ¡hagámoslo exactamente así!</txt:size>","<txt:size,2>Bagus, cukup lakukan seperti ini saja!!</txt:size>","<txt:size,2>โอเค เอาแค่นั้นพอนะ!!</txt:size>","<txt:size,2>Perfeito, esse é o plano!</txt:size>"
,,,마윤석,,1_우쭐,,quest,어라?,Huh?,あれ？,咦？,咦？,Что это?,Apa?,Ủa?,¿Eh?,Eh?,อ้าว?,Hã?
,,,TAG,,,,,"<cha:pos,백시우,2><cha:pos,마윤석,-2>","<cha:pos,백시우,2><cha:pos,마윤석,-2>","<cha:pos,백시우,2><cha:pos,마윤석,-2>","<cha:pos,백시우,2><cha:pos,마윤석,-2>","<cha:pos,백시우,2><cha:pos,마윤석,-2>","<cha:pos,백시우,2><cha:pos,마윤석,-2>","<cha:pos,백시우,2><cha:pos,마윤석,-2>","<cha:pos,백시우,2><cha:pos,마윤석,-2>","<cha:pos,백시우,2><cha:pos,마윤석,-2>","<cha:pos,백시우,2><cha:pos,마윤석,-2>","<cha:pos,백시우,2><cha:pos,마윤석,-2>","<cha:pos,백시우,2><cha:pos,마윤석,-2>"
,,,백시우,,1_기본,,,딱 그 정도 거리야! 그동안 블로킹할 때 두 사람 사이가 너무 벌어졌거든.,That's the perfect distance! You guys have been too far apart when blocking so far.,ちょうどその距離感だよ！今までブロックする時、二人の間が開きすぎてたんだ。,就是这个距离！之前拦网的时候你们俩之间漏得太开了。,就是這個距離！你們之前攔網的時候，兩個人之間的空隙一直太大了。,Именно такое расстояние. До этого в блоке был большой зазор.,Jarak tu dah sempurna! Selama ni kamu semua terlalu jauh antara satu sama lain semasa menghadang bola.,"Chính là khoảng cách đó! Trước giờ khi chắn bóng, hai người đứng cách nhau quá xa.","Esa es la distancia perfecta. Hasta ahora, cuando bloqueaban, ustedes dos se separaban demasiado.",Pertahankan jarak seperti itu! Selama ini posisi kalian saat melakukan Blocking terlalu renggang.,ระยะเท่านั้นเลย! ที่ผ่านมาเวลาบล็อกน่ะ ระยะห่างของทั้งสองคนกว้างเกินไป,"Isso, essa é a distância certa! Antes vocês estavam abrindo demais no bloqueio."
,,,마윤석,,1_당황,,,"야, 너희 여기서 뭐 하고 있는 거야? 훈련 다 끝난 거 아니었어?","Hey, what are you guys doing here? I thought practice was over.",おい、お前らここで何やってんだ？練習はもう終わったんじゃないのか？,喂，你们在这里干什么呢？不是已经训练结束了吗？,喂，你們在這裡幹嘛？訓練不是已經結束了嗎？,"Эй, вы чего здесь? Тренировка же закончилась.","Hei, kamu semua buat apa di sini? Saya ingat latihan dah habis.","Này, mấy cậu làm gì ở đây vậy? Không phải tập xong rồi sao?","Oigan, ¿qué hacen ustedes aquí? ¿No se supone que ya terminó el entrenamiento?","Oi, apa yang sedang kalian lakukan disini? Bukankah latihan sudah selesai?",เฮ้ พวกนายทำอะไรกันอยู่ที่นี่เนี่ย? ไม่ใช่ว่าซ้อมเสร็จหมดแล้วเหรอ?,"Ei, o que vocês tão fazendo aqui? O treino ainda não acabou?"
,,,백시우,,1_기본,,,"<txt:bold,2><txt:color,orange>마윤석</txt:color></txt:bold>? 아아, 지난번 경기를 되짚어보고 있었어.","<txt:bold,2><txt:color,orange>Yoonseok</txt:color></txt:bold>? Ah, we're just going over some things from the last match.","<txt:bold,2><txt:color,orange>忠英</txt:color></txt:bold>？ああ、こないだの試合を振り返ってたんだよ。","<txt:bold,2><txt:color,orange>马允硕</txt:color></txt:bold>？噢，我们在复盘上一场比赛呢。","<txt:bold,2><txt:color,orange>馬允碩</txt:color></txt:bold>？啊啊，我們在檢討上一場比賽啦。","<txt:bold,2><txt:color,orange>Ма Юнсок</txt:color></txt:bold>? Мы разбираем прошлую игру.","<txt:bold,2><txt:color,orange>Yoonseok</txt:color></txt:bold>? Ah, kami cuma mengkaji beberapa perkara daripada perlawanan terakhir.","<txt:bold,2><txt:color,orange>Ma Yoonseok</txt:color></txt:bold>? À, bọn tôi đang cùng nhau xem lại trận trước đó.","¿<txt:bold,2><txt:color,orange>Ma Yunseok</txt:color></txt:bold>? Ah, estábamos repasando el partido pasado.","<txt:bold,2><txt:color,orange>Yunseok Ma</txt:color></txt:bold>? Oh, kami sedang mengulas lagi pertandingan kemarin.","<txt:bold,2><txt:color,orange>มายุนซอก</txt:color></txt:bold>? อ๋อ เรากำลังทบทวนการแข่งขันครั้งก่อนน่ะ","<txt:bold,2><txt:color,orange>Yunseok Ma</txt:color></txt:bold>? Ah, a gente tava analisando o jogo passado."
,,,백시우,,2_기쁨,,,너한테도 끝나고 와달라고 문자 보냈었는데 못 봤어?,"I sent you a text to come visit, didn't you get it?",お前にも終わったら来るようにってメール送ってたんだけど、見てなかったのか？,我也发短信让你训练结束后过来，你没看到吗？,我也有傳簡訊叫你結束後過來，你沒看到嗎？,Я и тебя просил прийти. Ты не получил сообщение?,"Saya hantar mesej ajak kamu datang, kamu ada dapat?","Tôi đã nhắn bảo cậu đến sau khi xong rồi mà, cậu không thấy à?",A ti también te mandé un mensaje para que vinieras después. ¿No lo viste?,Aku juga mengirim pesan agar kamu datang setelah latihan selesai. Tidak kamu lihat?,ฉันส่งข้อความไปหานายด้วยนะว่าให้มาหลังจบน่ะ นายไม่เห็นเหรอ?,"Eu até te mandei mensagem pra você vir depois, você não viu?"
,,`,마윤석,,1_당황,,sweat,"<txt:shake,1>봐, 봤지, 그런데, 내가 좀 바빠서...</txt:shake> <wrt:wait,25>지난 경기라면 1차전 말이야?","<txt:shake,1>O-oh, I did. I was just a bit busy...</txt:shake> <wrt:wait,25>The last match? You mean, the first round?","<txt:shake,1>み、見たよ、けどさ、俺ちょっと忙しくて‥</txt:shake><wrt:wait,25>この前の試合って、もしかして1回戦のことか？","<txt:shake,1>看、看到了，但是我有点忙‥</txt:shake><wrt:wait,25>上一场比赛，是指第一轮比赛吗？","<txt:shake,1>看、看到了啊，只是因為我有點忙‥</txt:shake><wrt:wait,25>你說的上一場比賽是指第一輪嗎？","<txt:shake,1>По-получил, но был занят... </txt:shake> <wrt:wait,25>Ты про первый матч?","<txt:shake,1>O-oh, ada. Saya agak sibuk sikit...</txt:shake> <wrt:wait,25>Perlawanan terakhir? Maksud kamu, pusingan pertama?","<txt:shake,1>Th, thấy chứ, nhưng mà, tôi hơi bận...</txt:shake> <wrt:wait,25>Trận vừa rồi là trận vòng 1 đó hả?","<txt:shake,1>S-sí, lo vi, pero estaba algo ocupado... </txt:shake><wrt:wait,25>¿Con partido pasado te refieres al de la primera ronda?","<txt:shake,1>L-lihat, kok, cuma tadi aku agak sibuk...</txt:shake> <wrt:wait,25>Maksudmu pertandingan babak pertama?","<txt:shake,1>หะ เห็นสิ แต่ว่าฉันยุ่งนิดหน่อยน่ะ...</txt:shake> <wrt:wait,25>ถ้าพูดถึงการแข่งขันครั้งก่อน นายหมายถึงรอบแรกเหรอ?","<txt:shake,1>Vi sim, mas eu tava meio ocupado... </txt:shake> <wrt:wait,25>Você tá falando do jogo da primeira rodada, né?"
,,,백시우,,1_기본,,,"응. 이기긴 했지만, 아쉬웠던 점도 꽤 많았거든.","Yeah. We won, but we made a lot of mistakes.",ああ。勝ちはしたけど、惜しいところもかなり多かったからな。,嗯。虽然赢了，但还是暴露出了不少不足之处。,對啊。雖然贏了比賽，但還有很大的進步空間。,"Да. Мы победили, но ошибок было много.","Ya. Kita menang, tapi kita buat banyak kesilapan.","Ừ. Dù đã thắng, nhưng vẫn còn khá nhiều điểm tiếc nuối.","Sí. Aunque ganamos, nos quedaron varios puntos por corregir.","Iya. Meski kita menang, tapi masih banyak yang bisa diperbaiki.",อื้ม ถึงเราจะชนะ แต่ก็มีจุดที่น่าเสียดายอยู่เยอะ,"Sim. A gente venceu, mas ainda tem bastante coisa pra melhorar."
,,,백시우,,2_기쁨,,,"훈련 끝나고 시간 되는 사람들은 남아서 같이 맞춰보자고 했는데, 다들 좋다고 해서 말이야.","I asked anyone who had time to stay after practice so we could work on those things together, and everyone was up for it.",練習終わって時間ある人は、残って一緒に合わせようって話になったんだけど、みんな賛成してくれてさ。,我提议有空的人在训练结束后留下来一起练练配合，大家都说好。,所以我想說訓練結束後，有空的人留下來一起對練，結果大家都說好。,"Мы решили, что все, кто свободен, останутся после тренировки и еще поработают вместе.",Jadi beberapa orang yang lapang selepas latihan buat keputusan untuk berkumpul dan mencuba beberapa perkara.,"Sau buổi tập, tôi rủ những ai có thời gian ở lại tập phối hợp thêm, và mọi người đều đồng ý.","Les propuse que quienes tuvieran tiempo se quedaran después del entrenamiento para ajustar algunas jugadas, y todos aceptaron.","Jadi aku mengusulkan supaya yang masih punya waktu tetap tinggal setelah latihan, dan ternyata semua orang langsung setuju.",ฉันเลยชวนคนที่มีเวลาหลังซ้อมเสร็จ ให้อยู่ต่อแล้วมาลองปรับจังหวะให้เข้ากัน ซึ่งทุกคนก็โอเคกันน่ะ,"Pedi para quem estivesse livre ficar pra fazer alguns ajustes, e todos concordaram."
,,,백시우,,1_결연,,,"<txt:bold,2><txt:color,orange>다희</txt:color></txt:bold>가 분석해 주긴 했지만, 직접 몸으로 해보는 건 또 다르니까.","<txt:bold,2><txt:color,orange>Dahee</txt:color></txt:bold> gave us some feedback, but it's different to actually apply it.","<txt:bold,2><txt:color,orange>夏希</txt:color></txt:bold>が分析してくれたとはいえ、実際に体を動かしてみるのとはまた違うからな。","虽然<txt:bold,2><txt:color,orange>多熙</txt:color></txt:bold>帮我们做过分析了，但亲身实践一下感觉还是不一样的。","雖然<txt:bold,2><txt:color,orange>多熙</txt:color></txt:bold>有幫我們做過分析，但親自下場體會還是不一樣的。","<txt:bold,2><txt:color,orange>Дахи</txt:color></txt:bold> дала нам разбор, но без практики толку мало.","<txt:bold,2><txt:color,orange>Dahee</txt:color></txt:bold> ada beri beberapa maklum balas, tapi keadaan berbeza bila mahu aplikasikannya.","<txt:bold,2><txt:color,orange>Dahee</txt:color></txt:bold> đã phân tích cho bọn tôi rồi, nhưng tự mình vận động thử vẫn khác mà.","<txt:bold,2><txt:color,orange>Dahee</txt:color></txt:bold> nos hizo el análisis, pero practicarlo físicamente es otra cosa.","<txt:bold,2><txt:color,orange>Dahee</txt:color></txt:bold> memang sudah menjelaskan analisisnya, tapi mencobanya langsung di lapangan rasanya tetap berbeda.","ถึง<txt:bold,2><txt:color,orange>ดาฮี</txt:color></txt:bold>จะคอยช่วยวิเคราะห์ให้ก็จริง แต่มันไม่เหมือนกับการได้ลองทำเองหรอก","A <txt:bold,2><txt:color,orange>Dahee</txt:color></txt:bold> fez a análise, mas sentir na prática é outra coisa."
,,,대지고 부원,,1_무표정,,,"흠, 이제야 좀 블로킹을 어떻게 하는지 알 것 같아.",Hmm. I think I have a better idea of how to block now.,ふむ、ようやくブロックのコツが掴めてきた気がするよ。,嗯，现在我总算摸到点拦网的门道了。,嗯，我現在終於抓到一點攔網的訣竅了。,"Кажется, теперь я понял, как играть в блоке.",Hmm. Rasanya sekarang saya ada idea yang lebih baik untuk menghadang.,"Hừm, giờ tôi mới bắt đầu hiểu phải chắn bóng thế nào rồi.","Mmm, creo que por fin empiezo a entender cómo bloquear.","Hmm, sekarang aku mulai paham bagaimana seharusnya Blocking.",อืม ตอนนี้ฉันเหมือนจะพอรู้แล้วล่ะ ว่าต้องบล็อกยังไง,Hum... acho que agora entendi melhor como bloquear.
,,,대지고 부원,,1_무표정,,,"그러게. <txt:bold,2><txt:color,orange>시우</txt:color></txt:bold>, 너 배구 꽤 오래 쉬었다고 하지 않았냐? 센스 좋다, 너?","Yeah. You said you took a long break from volleyball, didn't you, <txt:bold,2><txt:color,orange>Siwoo</txt:color></txt:bold>? But it seems like you've still got it.","だよな。<txt:bold,2><txt:color,orange>新</txt:color></txt:bold>、お前バレー結構長く休んでたって言ってなかったか？センスいいな、<txt:bold,2><txt:color,orange>新</txt:color></txt:bold>。","是啊。<txt:bold,2><txt:color,orange>时宇</txt:color></txt:bold>，你不是说很久没打排球了吗？这球感可以啊？","就是說啊。<txt:bold,2><txt:color,orange>時宇</txt:color></txt:bold>，你不是說你很久沒打排球了嗎？你球感也太好了吧？","<txt:bold,2><txt:color,orange>Шиу</txt:color></txt:bold>, ты же говорил, что долго не играл? А объясняешь здорово!","Ya. Kamu kata kamu berehat panjang daripada bermain bola tampar, betul, <txt:bold,2><txt:color,orange>Siwoo</txt:color></txt:bold>? Tapi nampaknya kamu masih bagus.","Đúng đó. <txt:bold,2><txt:color,orange>Siwoo</txt:color></txt:bold>, cậu nói mình đã nghỉ bóng chuyền khá lâu rồi mà nhỉ? Vậy mà cảm giác bóng tốt ghê.","Sí. <txt:bold,2><txt:color,orange>Siwoo</txt:color></txt:bold>, ¿no dijiste que llevabas mucho tiempo sin jugar voleibol? Tienes muy buenos instintos.","Iya benar. <txt:bold,2><txt:color,orange>Siwoo</txt:color></txt:bold>, bukannya kamu sempat lama berhenti main bola voli? Kamu punya intuisi yang bagus, ya!","นั่นสิ <txt:bold,2><txt:color,orange>ชีอู</txt:color></txt:bold> ไม่ใช่ว่านายพักจากวอลเลย์บอลมานานหรอกเหรอ? นายเซนส์ดีมากเลยนะเนี่ย?","Verdade. <txt:bold,2><txt:color,orange>Siwoo</txt:color></txt:bold>, você não ficou um bom tempo sem jogar? Mesmo assim, ainda tem uma boa leitura de jogo."
,,,마윤석,,1_무표정,nervous,,"흐, 흐음.... 확실히 애들 움직임이 전보다 더 좋아진 것 같기도 하네.",H-hmm... It does seem like they're moving more efficiently now.,ふ、ふーん‥確かにみんなの動きが前より良くなってる気もするな。,唔，唔唔‥确实，大家的动作看起来比以前好多了。,咳、咳嗯‥感覺大家的動作確實比以前流暢多了。,"Хм-м, похоже, они действительно стали лучше играть.",H-hmm... Nampaknya pergerakan mereka dah makin cekap sekarang.,"H, hừm.... Đúng là chuyển động của mọi người có vẻ tốt hơn trước thật.",Mmm... Sí parece que sus movimientos mejoraron bastante.,Hmm.... Gerakan mereka memang kelihatan jauh lebih baik dibanding sebelumnya.,อะ อืม.... การเคลื่อนไหวของทุกคนดีขึ้นกว่าเมื่อก่อนแบบเห็นได้ชัดจริงแหละ,"Hum... realmente, os movimentos estão mais afiados."
,,,마윤석,,1_무표정,nervous,,"그런데 <txt:bold,2><txt:color,orange>백시우</txt:color></txt:bold>, 너 갑자기 무슨 바람이 분 거냐?","But, <txt:bold,2><txt:color,orange>Siwoo</txt:color></txt:bold>, what's gotten into you?","でも<txt:bold,2><txt:color,orange>新</txt:color></txt:bold>さ、お前急にどういう風の吹き回しだよ？","不过<txt:bold,2><txt:color,orange>白时宇</txt:color></txt:bold>，你今天怎么突然像变了个人似的？","不過<txt:bold,2><txt:color,orange>白時宇</txt:color></txt:bold>，你突然吃錯什麼藥啦？","<txt:bold,2><txt:color,orange>Бэк Шиу</txt:color></txt:bold>, что это на тебя нашло?","Tapi, <txt:bold,2><txt:color,orange>Siwoo</txt:color></txt:bold>, kenapa pula dengan kamu?","Nhưng mà <txt:bold,2><txt:color,orange>Baek Siwoo</txt:color></txt:bold>, tự dưng cậu bị làm sao vậy?","Pero, <txt:bold,2><txt:color,orange>Baek Siwoo</txt:color></txt:bold>, ¿qué mosca te picó de repente?","Ngomong-ngomong, <txt:bold,2><txt:color,orange>Siwoo Baek</txt:color></txt:bold>, apa yang membuatmu berubah jadi seserius ini?","แต่ว่านะ <txt:bold,2><txt:color,orange>แบคชีอู</txt:color></txt:bold> อะไรเข้าสิงนายกันเนี่ย?","Mas, <txt:bold,2><txt:color,orange>Siwoo Baek</txt:color></txt:bold>, o que deu em você de repente?"
,,,마윤석,,1_분노,nervous,exclam,"<txt:shake,1>아, 혹시......!!!</txt:shake> <cha:pop,마윤석>너 이 틈을 타서 내 주장 자리를 노리려는 거 아니지?!","<txt:shake,1>Wait...!</txt:shake> <cha:pop,마윤석>You're not trying to take over my place as captain while I'm injured, are you?!","<txt:shake,1>あ、まさか‥！！！</txt:shake><cha:pop,마윤석>お前、この隙に俺のキャプテンの座を狙ってるんじゃないだろうな！？","<txt:shake,1>啊，难道说‥！！！</txt:shake> <cha:pop,마윤석>你是想趁机夺走我的队长宝座吧？！","<txt:shake,1>啊，難道說‥！！！</txt:shake><cha:pop,마윤석>你是想趁機篡奪我隊長的位置對吧？！","<txt:shake,1>Погоди!!! </txt:shake> <cha:pop,마윤석>Только не говори, что метишь на мое место капитана?!","<txt:shake,1>Nanti...!</txt:shake> <cha:pop,마윤석>Kamu tak cuba ambil alih tempat saya sebagai kapten semasa saya cedera, bukan?!","<txt:shake,1>A, chẳng lẽ...!!!</txt:shake> <cha:pop,마윤석>Cậu đang định nhân cơ hội này nhắm đến vị trí đội trưởng của tôi đúng không?!","<txt:shake,1>Ah, espera... </txt:shake><cha:pop,마윤석>No estarás aprovechando esta oportunidad para ir tras mi puesto de capitán, ¡¿cierto?!","<txt:shake,1>Ah, jangan bilang......!!!</txt:shake> <cha:pop,마윤석>Kamu sedang mencari kesempatan untuk merebut posisiku sebagai Kapten?!","<txt:shake,1>โอ๊ะ หรือว่า......!!!</txt:shake> <cha:pop,마윤석>นายคงไม่ได้อาศัยจังหวะนี้ จ้องจะแย่งตำแหน่งกัปตันของฉันใช่ไหม?!","<txt:shake,1>Ah, não me diga... </txt:shake><cha:pop,마윤석>você tá querendo roubar minha posição de capitão?"
,,,백시우,,1_시무룩,,,"으휴, 아냐, 그런 거.","Ugh, of course not.",はぁ、違うよ、そんなんじゃないって。,哎，没有啦，才不是那样。,唉，才不是那樣。,Да не собираюсь я занимать твое место.,"Ugh, mestilah tak.","Haiz, không phải thế đâu.","Ay, no. No es eso.","Hah, bukan begitu.",เฮ้อ ไม่ใช่อะไรแบบนั้นหรอกน่า,"Aff, não é nada disso."
,,,백시우,,1_결연,,,그냥 본선에 가고 싶어서.,I just want us to advance to playoffs.,ただ、本選に行きたいだけだから。,我只是想打进正赛而已。,我只是想打進正賽而已。,Просто хочу выйти в основной этап.,Saya cuma nak kita mara ke pusingan utama.,Chỉ là tôi muốn vào Vòng Chính thôi.,Solo quiero llegar a la fase final.,Aku cuma ingin lolos ke babak utama.,ฉันก็แค่อยากเข้ารอบหลักน่ะ,Eu só quero chegar à fase principal.
,,,마윤석,,1_무표정,nervous,,"새삼스레? 입부도 안 하고 있잖아, 너.",Really? But you haven't even officially joined the team.,今さら？お前、入部すらしてないじゃないか。,搞什么啊，突然这么上心？你甚至都还没正式入部呢。,突然這麼說？你都還沒正式入社耶。,Но ты даже в клубе не состоишь!,"Benarkah? Tapi, kamu tak sertai pun pasukan secara rasmi.",Giờ mới nói vậy sao? Cậu còn chưa gia nhập CLB mà.,¿Y ese interés de repente? Si ni siquiera te has unido oficialmente al club.,Baru peduli sekarang? Kamu bahkan belum bergabung ke klub secara resmi.,จู่ๆ นึกยังไงขึ้นมาเนี่ย? นายยังไม่ได้เข้าชมรมด้วยซ้ำนะ,Do nada? Você nem faz parte do time ainda.
,,,백시우,,1_웃음,,,"하하, 그 말이 맞긴 하지만, 그래도 이기고 싶은 건 별개잖아.","Haha, I guess you're right. But I still want to win.",はは、確かにそうだけど、勝ちたい気持ちは、また別の話だろ。,哈哈，话是这么说没错，但想赢的心情是一样的啊。,哈哈，這倒是真的，但想贏的心情是一樣的嘛。,"Ха-ха, верно. Но победить все равно хочется.","Haha, rasanya betul cakap kamu. Tapi, saya masih mahu menang.","Ha ha, cậu nói đúng, nhưng muốn thắng lại là chuyện khác mà.","Jaja, tienes razón, pero eso no cambia que quiera ganar.","Haha, itu memang benar, tapi itu tidak ada hubungannya dengan keinginanku untuk menang.",ฮะฮะ ที่นายพูดก็ถูกแหละ แต่มันคนละเรื่องกับความอยากเอาชนะนี่นา,"Haha, você tá certo, mas querer vencer é outra coisa."
,,,백시우,,1_결연,,,막상 경기가 다가오니까 나도 더 진지하게 해야지 싶더라고.,"And with the matches coming up, I wanted to take things more seriously.",いざ試合が近づいてくると、俺ももっと真剣にやらなきゃって思ったんだ。,眼看比赛就要到了，我觉得自己也必须更加认真对待才行。,隨著比賽逼近，我也覺得該認真一點了。,"Чем ближе матч, тем серьезнее у меня настрой.","Dan dengan perlawanan akan datang, saya mahu buat dengan lebih serius.","Khi trận đấu thật sự đến gần, tôi cũng cảm thấy mình phải nghiêm túc hơn.","Ahora que el partido ya se acerca, siento que yo también debo tomármelo más en serio.","Begitu pertandingan semakin dekat, aku juga jadi ingin menjalaninya dengan lebih serius.",พอการแข่งขันใกล้เข้ามาจริงๆ ฉันก็คิดว่าต้องจริงจังให้มากขึ้นน่ะ,"Quanto mais o jogo se aproxima, mais eu sinto que tenho que levar isso a sério."
,,,마윤석,,1_분노,nervous,exclam,"이상한데... <wrt:wait,25>알았다!! <cha:pop,마윤석>너 은근슬쩍 <txt:bold,2><txt:color,orange>다희</txt:color></txt:bold>한테 잘 보여서 점수 따려고 하는 거지!","Strange... <wrt:wait,25>Oh, I get it! <cha:pop,마윤석>You're trying to impress <txt:bold,2><txt:color,orange>Dahee</txt:color></txt:bold>, aren't you?!","怪しいな‥<wrt:wait,25>分かったぞ！！<cha:pop,마윤석>お前、さりげなく<txt:bold,2><txt:color,orange>夏希</txt:color></txt:bold>にいいとこ見せて点数稼ごうとしてるんだろ！","奇怪了‥<wrt:wait,25>我懂了！！<cha:pop,마윤석>你是在暗搓搓地想在<txt:bold,2><txt:color,orange>多熙</txt:color></txt:bold>面前表现，好博取好感吧！","很可疑喔‥<wrt:wait,25>我知道了！！<cha:pop,마윤석>你是想偷偷在<txt:bold,2><txt:color,orange>多熙</txt:color></txt:bold>面前表現，讓她對你刮目相看對吧！","Подозрительно... <wrt:wait,25>А, понял! <cha:pop,마윤석>Хочешь перед <txt:bold,2><txt:color,orange>Дахи</txt:color></txt:bold> покрасоваться?","Pelik... <wrt:wait,25>Oh, faham! <cha:pop,마윤석>Kamu cuba buat <txt:bold,2><txt:color,orange>Dahee</txt:color></txt:bold> kagum, bukan?!","Lạ thật đấy... <wrt:wait,25>Tôi biết rồi!! <cha:pop,마윤석>Cậu đang lặng lẽ ghi điểm để lấy lòng <txt:bold,2><txt:color,orange>Dahee</txt:color></txt:bold> đúng không!","Qué raro... <wrt:wait,25>¡Ya sé! <cha:pop,마윤석>Estás tratando de quedar bien con <txt:bold,2><txt:color,orange>Dahee</txt:color></txt:bold> a escondidas para ganarte puntos, ¿verdad?","Kamu sangat mencurigakan... <wrt:wait,25>Aku tahu!! <cha:pop,마윤석>Diam-diam kamu cuma ingin terlihat keren di depan <txt:bold,2><txt:color,orange>Dahee</txt:color></txt:bold>, kan?","แปลกแฮะ... <wrt:wait,25>รู้แล้ว!! <cha:pop,마윤석>นายทำให้ตัวเองดูดีในสายตา<txt:bold,2><txt:color,orange>ดาฮี</txt:color></txt:bold>แบบเนียนๆ เพื่อจะทำคะแนนสินะ!","Estranho... <wrt:wait,25>já sei! <cha:pop,마윤석>Você quer impressionar a <txt:bold,2><txt:color,orange>Dahee</txt:color></txt:bold> pra ganhar uns pontos com ela!"
,,,백시우,,3_난감,,,"<wrt:delay,5><txt:bold,2>...말을 말자.</txt:bold> 쓸데없는 소리 할 거면 와서 연습이나 도와.","<wrt:delay,5><txt:bold,2>...I have nothing to say to you.</txt:bold> Come help us practice instead of talking nonsense.","<wrt:delay,5><txt:bold,2>‥もういい。</txt:bold>くだらないこと言う暇があるなら、さっさと練習でも手伝えよ。","<wrt:delay,5><txt:bold,2>‥懒得理你。</txt:bold>你要是净说些没用的废话，还不如过来帮大家训练。","<wrt:delay,5><txt:bold,2>‥懶得理你。</txt:bold>有時間講廢話，不如過來幫忙練球。","<wrt:delay,5><txt:bold,2>Да ну тебя.</txt:bold> Лучше помоги нам с тренировкой.","<wrt:delay,5><txt:bold,2>...Takde apa saya nak cakap dengan kamu.</txt:bold> Mari bantu kami berlatih daripada cakap kosong.","<wrt:delay,5><txt:bold,2>...Thôi khỏi nói nữa.</txt:bold> Nói mấy câu vô ích nữa thì lại đây phụ tập đi.","<wrt:delay,5><txt:bold,2>...Mejor ni hablar.</txt:bold> Si solo vas a decir tonterías, ven y ayuda a practicar.","<wrt:delay,5><txt:bold,2>...Terserahlah.</txt:bold> Kalau kamu ada waktu untuk bicara hal tidak jelas, lebih baik kamu bantu latihan.","<wrt:delay,5><txt:bold,2>...เลิกพูดเถอะ</txt:bold> ถ้านายจะพูดอะไรไร้สาระล่ะก็ มาช่วยฉันซ้อมดีกว่า","<wrt:delay,5><txt:bold,2>Deixa pra lá.</txt:bold> Se vai falar besteira, vem ajudar no treino."
,,,백시우,,1_기본,,,우리 다음 상대도 만만치 않은 거 알잖아.,You know our next opponent is going to be tough.,次の相手も一筋縄じゃいかないことは、知ってるだろ。,你也知道我们下一个对手不好对付吧。,你也知道我們下一個對手不好惹吧。,Следующий наш соперник очень силен.,Kamu pun tahu lawan kami yang seterusnya adalah sukar.,Cậu cũng biết đối thủ tiếp theo không dễ dàng gì mà.,Sabes que nuestro próximo rival tampoco será fácil.,Kamu juga tahu lawan kita berikutnya tidak mudah.,นายก็รู้นี่นา ว่าคู่แข่งทีมต่อไปของเราก็ไม่หมูน่ะ,Você sabe que o próximo adversário vai ser difícil.
,,,마윤석,,1_기본,nervous,,"<txt:shake,1>으, 으음... 귀찮은데...</txt:shake>","<txt:shake,1>Uh, uhm... It's kind of a hassle...</txt:shake>","<txt:shake,1>う、うーん‥面倒くさいんだけど‥</txt:shake>","<txt:shake,1>呃，唔‥好麻烦啊‥</txt:shake>","<txt:shake,1>呃、呃嗯‥可是好麻煩喔‥</txt:shake>","<txt:shake,1>Э-э... Лень...</txt:shake>","<txt:shake,1>Uh, uhm... Agak menyusahkan...</txt:shake>","<txt:shake,1>Ư, ừm... Phiền phức quá...</txt:shake>","<txt:shake,1>Mmm... Qué flojera...</txt:shake>","<txt:shake,1>Urgghh... Malas, ah...</txt:shake>","<txt:shake,1>เอ่อ อืม... ขี้เกียจจัง...</txt:shake>","<txt:shake,1>Hum... que preguiça...</txt:shake>"
,,,백시우,,1_결연,,,"...<wrt:wait,25><txt:bold,2><txt:color,orange>마윤석</txt:color></txt:bold>. 넌 우리 팀의 주장이고, 에이스잖아.","...<wrt:wait,25><txt:bold,2><txt:color,orange>Yoonseok Ma</txt:color></txt:bold>. You're the captain and the ace of the team.","‥<wrt:wait,25><txt:bold,2><txt:color,orange>忠英</txt:color></txt:bold>。お前はチームのキャプテンで、エースだろ。","‥<wrt:wait,25><txt:bold,2><txt:color,orange>马允硕</txt:color></txt:bold>。你可是我们队的队长，也是王牌啊。","‥<wrt:wait,25><txt:bold,2><txt:color,orange>馬允碩</txt:color></txt:bold>。你是我們隊的隊長，也是王牌啊。","...<wrt:wait,25><txt:bold,2><txt:color,orange>Ма Юнсок</txt:color></txt:bold>, ты же наш лидер и капитан команды.","...<wrt:wait,25><txt:bold,2><txt:color,orange>Yoonseok Ma</txt:color></txt:bold>. Kamu kapten dan pemain handalan pasukan.","...<wrt:wait,25><txt:bold,2><txt:color,orange>Ma Yoonseok</txt:color></txt:bold>. Cậu là đội trưởng, là át chủ bài của đội chúng ta mà.","... <wrt:wait,25><txt:bold,2><txt:color,orange>Ma Yunseok</txt:color></txt:bold>. Tú eres el capitán y el as de nuestro equipo.","...<wrt:wait,25><txt:bold,2><txt:color,orange>Yunseok Ma</txt:color></txt:bold>. Kamu ini kan Kapten sekaligus Ace tim kita.","...<wrt:wait,25><txt:bold,2><txt:color,orange>มายุนซอก</txt:color></txt:bold> นายเป็นทั้งกัปตันแล้วก็เอซของทีมเรานะ","Hum...<wrt:wait,25> <txt:bold,2><txt:color,orange>Yunseok Ma</txt:color></txt:bold>. Você é o capitão e o craque do time..."
,,,백시우,,2_기쁨,,,"난 진지하게 <txt:bold,2><txt:color,orange>이영섭</txt:color> 선수보다 네가 훨씬 멋진 주장이라고 생각하는걸?</txt:bold>","I seriously think you're a cooler captain than <txt:bold,2><txt:color,orange>Yongsup Lee</txt:color></txt:bold>.","俺、本気で<txt:bold,2><txt:color,orange>佐藤一翔</txt:color>選手よりも、お前の方がずっとカッコいいキャプテンだと思ってるんだけどな？</txt:bold>","说真的，我觉得你比那个<txt:bold,2><txt:color,orange>李英燮</txt:color>选手更像一个出色的队长呢？</txt:bold>","說真的，我覺得你是一個比<txt:bold,2><txt:color,orange>李英燮</txt:color>選手更帥氣的隊長喔！</txt:bold>","И, если честно, <txt:bold,2>ты гораздо круче <txt:color,orange>Ли Ёнсоба</txt:color>!</txt:bold>","Serius, saya rasa kamu kapten yang lebih hebat daripada <txt:bold,2><txt:color,orange>Yongsup Lee</txt:color></txt:bold>.","Tôi nghiêm túc nghĩ rằng <txt:bold,2>cậu là một đội trưởng ngầu hơn tuyển thủ <txt:color,orange>Lee Yeongseob</txt:color> rất nhiều.</txt:bold>","Y de verdad creo que eres <txt:bold,2>un capitán mucho más admirable que <txt:color,orange>Youngsup</txt:color></txt:bold>.","Menurutku, <txt:bold,2>sebagai seorang kapten, kamu jauh lebih keren daripada atlet <txt:color,orange>Young Sup Lee</txt:color>.</txt:bold>","เอาจริงฉันคิดว่านายเป็นกัปตันที่เจ๋งกว่านักกีฬา<txt:bold,2><txt:color,orange>อียองซอบ</txt:color>อีก</txt:bold>","Sinceramente, eu acho você um capitão bem mais incrível que o <txt:bold,2><txt:color,orange>Youngsup Lee</txt:color>.</txt:bold>"
,,,백시우,,1_기쁨,,,네가 그냥 지켜보는 것만으로도 도움이 될 것 같은데... 안 될까?,Even just watching over us would be helpful... What do you say?,お前がただ見守ってくれるだけでも力になると思うんだけど‥ダメか？,哪怕你只是在旁边看着，大家也会觉得很有安全感的‥真的不行吗？,就算你只是在旁邊看著，對我們也是很大的幫助‥真的不行嗎？,Ты очень поможешь команде. Пожалуйста?,Tengok kami berlatih pun dah membantu... Apa pendapat kamu?,Chỉ cần cậu đứng xem thôi cũng sẽ giúp ích rất nhiều... không được sao?,Siento que solo con que estés mirando ya sería de ayuda... ¿Podrías quedarte?,Menurutku cukup dengan kamu mengamati latihan kita saja sudah sangat membantu... Bagaimana?,แค่นายคอยดูอยู่เฉยๆ ก็น่าจะช่วยได้แล้วนะ... ไม่ได้เหรอ?,Só de você assistir já ajudaria... você não pode ficar?
,,,마윤석,,1_기본,nervous,,"......<txt:bold,2><txt:color,orange>백시우</txt:color></txt:bold>.","...<txt:bold,2><txt:color,orange>Siwoo</txt:color></txt:bold>.","‥<txt:bold,2><txt:color,orange>新</txt:color></txt:bold>。","‥<txt:bold,2><txt:color,orange>白时宇</txt:color></txt:bold>。","‥<txt:bold,2><txt:color,orange>白時宇</txt:color></txt:bold>。","......<txt:bold,2><txt:color,orange>Бэк Шиу</txt:color></txt:bold>.","...<txt:bold,2><txt:color,orange>Siwoo</txt:color></txt:bold>.","...<txt:bold,2><txt:color,orange>Baek Siwoo</txt:color></txt:bold>.","... <txt:bold,2><txt:color,orange>Baek Siwoo</txt:color></txt:bold>.","......<txt:bold,2><txt:color,orange>Siwoo Baek</txt:color></txt:bold>.","......<txt:bold,2><txt:color,orange>แบคชีอู</txt:color></txt:bold>","Hum...<txt:bold,2> <txt:color,orange>Siwoo Baek</txt:color></txt:bold>."
,,,백시우,,3_난감,,,"<txt:color,grey>(너, 너무 노골적이었나?)</txt:color>","<txt:color,grey>(W-was it too on the nose?)</txt:color>","<txt:color,grey>(ろ、露骨すぎたかな？)</txt:color>","<txt:color,grey>(我，我是不是说得太露骨了？)</txt:color>","<txt:color,grey>(我、我是不是吹捧得太露骨了？)</txt:color>","<txt:color,grey>(Я же не слишком подмазался?)</txt:color>","<txt:color,grey>(Nampak sangat ke?)</txt:color>","<txt:color,grey>(M, mình nói lộ liễu quá à?)</txt:color>","<txt:color,grey>(¿S-se me notó muy fingido?)</txt:color>","<txt:color,grey>(Apa akal-akalanku tadi terlalu kentara?)</txt:color>","<txt:color,grey>(ชะ ชมโจ่งแจ้งเกินไปรึเปล่านะ?)</txt:color>","<txt:color,grey>(Será que fui direto demais?)</txt:color>"
,,,마윤석,,1_우쭐,,joy,"<eff:shake,1><txt:size,2>너, 뭘 좀 아는구나? 크하핫!!</txt:size><sys:sfx,샤라랑>","<eff:shake,1><txt:size,2>You have good taste! Hahaha!</txt:size><sys:sfx,샤라랑>","<eff:shake,1><txt:size,2>お前、分かってるじゃないか！くっはっはっ！！</txt:size><sys:sfx,샤라랑>","<eff:shake,1><txt:size,2>你小子，还挺有眼光的嘛？库哈哈！！</txt:size><sys:sfx,샤라랑>","<eff:shake,1><txt:size,2>你這傢伙，還挺識貨的嘛？噗哈哈！！</txt:size><sys:sfx,샤라랑>","<eff:shake,1><txt:size,2>А ты разбираешься в людях! Хо-хо!</txt:size><sys:sfx,샤라랑>","<eff:shake,1><txt:size,2>Cita rasa kamu bagus! Hahaha!</txt:size><sys:sfx,샤라랑>","<eff:shake,1><txt:size,2>Cậu cũng biết nhìn người đấy chứ? Kha ha ha!!</txt:size><sys:sfx,샤라랑>","<eff:shake,1><txt:size,2>¡Tú sí que sabes reconocer la grandeza! ¡Jajaja!</txt:size><sys:sfx,샤라랑>","<eff:shake,1><txt:size,2>Wah, ternyata kamu mengetahuinya, ya? Kahahahaha!!</txt:size><sys:sfx,샤라랑>","<eff:shake,1><txt:size,2>นายตาถึงอยู่นะเนี่ย? วะฮ่าฮ่า!!</txt:size><sys:sfx,샤라랑>","<eff:shake,1><txt:size,2>Você entende do jogo! Hahaha!</txt:size><sys:sfx,샤라랑>"
,,,마윤석,,1_기본,,,"<txt:bold,2><txt:color,orange>이영섭</txt:color></txt:bold>보다 나라니, 흠흠, 뭐, 그렇게까지 말한다면 도와주지 못할 것도 없지!","So, you prefer me over <txt:bold,2><txt:color,orange>Yongsup Lee</txt:color></txt:bold>? Haha, well, of course I'll help!","<txt:bold,2><txt:color,orange>佐藤一翔</txt:color></txt:bold>より俺だなんて、ふむふむ、まあ、そこまで言うなら手伝ってやれないこともないぞ！","<txt:bold,2><txt:color,orange>既然你都说我比李英燮</txt:color></txt:bold>强了，哼哼，那我就勉为其难帮帮你们吧！","你竟然說我比<txt:bold,2><txt:color,orange>李英燮</txt:color></txt:bold>還強，咳咳，既然你都這麼說了，我也不是不能幫你們啦！","Хм-хм... Значит, я лучше <txt:bold,2><txt:color,orange>Ли Ёнсоба</txt:color></txt:bold>? Тогда помогу!","Jadi, kamu pilih saya berbanding <txt:bold,2><txt:color,orange>Yongsup Lee</txt:color></txt:bold>? Haha, baiklah, saya tentu akan bantu!","Cậu nói tôi hơn <txt:bold,2><txt:color,orange>Lee Yeongseob</txt:color></txt:bold> cơ à, hừm hừm, nếu đã nói đến mức đó thì tôi cũng không phải không thể giúp!","¿Que soy mejor que <txt:bold,2><txt:color,orange>Youngsup</txt:color></txt:bold>, dices? Je, bueno. Si lo pones así, supongo que podría ayudarte.","Aku lebih keren daripada <txt:bold,2><txt:color,orange>Young Sup Lee</txt:color></txt:bold>? Ahem, kalau kamu sampai bilang begitu, ya sudahlah, akan kubantu!","บอกว่าฉันเจ๋งกว่า<txt:bold,2><txt:color,orange>อียองซอบ</txt:color></txt:bold>เลยเหรอ อะแฮ่ม ก็นะ ถ้านายพูดถึงขนาดนั้น ฉันก็ต้องช่วยอยู่แล้วล่ะ!","Melhor que o <txt:bold,2><txt:color,orange>Youngsup Lee</txt:color></txt:bold>? Hum... se você insiste, eu posso ajudar!"
,,,마윤석,,1_우쭐,,,"특별히 내 노하우를 대방출할 테니, 영광으로 알라고!!! 음훗훗!!","I'll share some tips, so count yourselves lucky! Mwahaha!",特別に、俺のノウハウを大放出してやるから、光栄に思えよ！！！うふっふっ！！,这次我就破例传授点我的独门绝技，你们就感恩戴德地接受吧！！！哼哼哼！！,我就特別傳授你們幾招我的獨門絕技，你們就好好感激我吧！！！唔呵呵！！,И великодушно раскрою все свои секреты мастерства! Ха-ха!,"Saya akan kongsi beberapa petua, jadi anggaplah kamu bertuah! Mwahaha!","Tôi sẽ đặc biệt truyền hết bí kíp của mình cho các cậu, thấy vinh dự đi!!! Ưm hứ hứ!!","Haré una excepción y compartiré todos mis secretos contigo, ¡así que siéntete honrado! ¡Jajaja!",Hari ini akan kubagikan semua senjata andalanku! Anggap saja ini sebuah kehormatan!! Ufufufu!!,ฉันจะจัดเต็มเคล็ดลับทั้งหมดของฉันให้เป็นพิเศษเลย จงถือเป็นเกียรติซะเถอะ!!! หึหึ!!,"Vou te passar meus segredinhos especiais, então considera uma honra!"
,,,백시우,,1_결연,,,"...자, 다들 그럼 아까 얘기한 걸 기억하면서 연습 경기 한 번 해볼까!","...Now, let's do a practice match with all the feedback in mind!",‥さあ、みんな、じゃあさっきの話を意識しながら練習試合といこうか！,‥好了，大家现在就把刚才说的要点记住，我们来打一场练习赛吧！,‥好，那大家就一邊回想剛才討論的重點，一邊來打場練習賽吧！,"Тогда сыграем тренировочный матч. Посмотрим, как у нас получится.","...Sekarang, mari buat perlawanan latihan dengan mengambil kira semua maklum balas tadi!","...Nào, vậy mọi người nhớ lại những gì vừa nói rồi thử đấu tập một trận nhé!","Bien, entonces hagamos un partido de práctica recordando lo que hablamos hace rato.","Kalau begitu, ayo kita lanjutkan latihan pertandingan sambil mengingat semua yang tadi kita bahas!",...เอาล่ะทุกคน ถ้างั้นมาแข่งแมตช์ฝึกซ้อมกันสักรอบ พร้อมกับนึกถึงสิ่งที่คุยกันเมื่อกี้ด้วยนะ!,"Certo, então vamos treinar seguindo o que combinamos?"
,,,대지고 부원,,1_무표정,,,"...이번 대회 끝나면, <txt:bold,2><txt:color,orange>시우</txt:color></txt:bold>가 그냥 주장 하면 안 되나.","...Can't <txt:bold,2><txt:color,orange>Siwoo</txt:color></txt:bold> just be our captain after this tournament?","‥今回の大会が終わったら、<txt:bold,2><txt:color,orange>新</txt:color></txt:bold>がそのままキャプテンやればいいんじゃないか？","‥等这次比赛结束，<txt:bold,2><txt:color,orange>时宇</txt:color></txt:bold>干脆直接当队长算了。","‥這次比賽結束後，能不能乾脆讓<txt:bold,2><txt:color,orange>時宇</txt:color></txt:bold>當隊長啊。","А можно после соревнований нашим капитаном станет <txt:bold,2><txt:color,orange>Шиу</txt:color></txt:bold>?","...Tak boleh ke <txt:bold,2><txt:color,orange>Siwoo</txt:color></txt:bold> jadi kapten kita saja selepas kejohanan ini?","...Hết giải lần này, để <txt:bold,2><txt:color,orange>Siwoo</txt:color></txt:bold> làm đội trưởng luôn được không?","Cuando termine este torneo, ¿no podría ser <txt:bold,2><txt:color,orange>Siwoo</txt:color></txt:bold> nuestro capitán y ya?","...Begitu Turnamen ini selesai, bagaimana kalau <txt:bold,2><txt:color,orange>Siwoo</txt:color></txt:bold> saja yang jadi Kapten?","...ถ้าจบทัวร์นาเมนต์ครั้งนี้ <txt:bold,2><txt:color,orange>ชีอู</txt:color></txt:bold>มาเป็นกัปตันเลยไม่ได้เหรอ","Quando o torneio acabar, será que você, <txt:bold,2><txt:color,orange>Siwoo</txt:color></txt:bold>, não poderia virar capitão?"
,,,마윤석,,1_기본,,,응? 너희들 또 내 칭찬했냐?,Hmm? Were you singing my praises again?,うん？お前らまた俺のこと褒めたか？,嗯？你们又在夸我了吗？,嗯？你們剛才是不是又在誇我了？,Что-что? Снова восхищаетесь мной?,Hmm? Kamu puji saya lagi?,Hả? Mấy cậu lại khen tôi đó à?,¿Eh? ¿Otra vez me estaban elogiando?,Hmm? Apa kalian sedang memujiku lagi?,หืม? พวกนายชมฉันกันอีกแล้วเหรอ?,Hã? Tão me elogiando de novo?
,,,백시우,,1_웃음,,,아하하...,Ahahah...,あはは‥,啊哈哈‥,啊哈哈‥,Ха-ха...,Ahahah...,A ha ha...,Jajaja...,Hahaha...,อะฮ่าฮ่า...,Hahaha...
,,,백시우,,1_결연,pause,,"<txt:color,grey>(이제 다음 경기까지 남은 건 일주일인가.)</txt:color>","<txt:color,grey>(There's one week left until the next match.)</txt:color>","<txt:color,grey>(もう次の試合まで残り1週間か)</txt:color>","<txt:color,grey>(距离下一场比赛还有一周时间吗。)</txt:color>","<txt:color,grey>(距離下一場比賽，還剩一週啊。)</txt:color>","<txt:color,grey>(Следующий матч уже через неделю.)</txt:color>","<txt:color,grey>(Ada satu minggu saja lagi sebelum perlawanan seterusnya.)</txt:color>","<txt:color,grey>(Từ giờ đến trận tiếp theo còn một tuần nữa sao.)</txt:color>","<txt:color,grey>(Falta una semana para el próximo partido, ¿verdad?)</txt:color>","<txt:color,grey>(Tinggal satu minggu lagi sampai pertandingan berikutnya.)</txt:color>","<txt:color,grey>(อีกหนึ่งสัปดาห์จะถึงการแข่งขันครั้งต่อไปสินะ)</txt:color>","<txt:color,grey>(Só resta uma semana até a próxima partida.)</txt:color>"
,,,백시우,,1_결연,pause,,"<txt:color,grey>(좋아, 열심히 해보자.)</txt:color>","<txt:color,grey>(Okay. Let's do it.)</txt:color>","<txt:color,grey>(よし、頑張ろう)</txt:color>","<txt:color,grey>(好，那就拼了命去练吧。)</txt:color>","<txt:color,grey>(好，加油吧。)</txt:color>","<txt:color,grey>(Пора как следует поработать.)</txt:color>","<txt:color,grey>(Okey. Jom.)</txt:color>","<txt:color,grey>(Được, cố hết sức thôi.)</txt:color>","<txt:color,grey>(Bien. A dar lo mejor de nosotros.)</txt:color>","<txt:color,grey>(Baiklah, aku harus berusaha sekuat tenaga.)</txt:color>","<txt:color,grey>(โอเค มาลองทำให้เต็มที่ดีกว่า)</txt:color>","<txt:color,grey>(Certo, vamos dar o nosso melhor.)</txt:color>"
9,경기 전,#,MAP,,,,,관중석,관중석,관중석,관중석,관중석,관중석,관중석,관중석,관중석,관중석,관중석,관중석
,,#,BGM,,,,,BGM_PEACE3,BGM_PEACE3,BGM_PEACE3,BGM_PEACE3,BGM_PEACE3,BGM_PEACE3,BGM_PEACE3,BGM_PEACE3,BGM_PEACE3,BGM_PEACE3,BGM_PEACE3,BGM_PEACE3
,,#,백시우,0,1_기본,,,,,,,,,,,,,,
,,#,유사야_교복,4,1_기본,,,,,,,,,,,,,,
,,#,정다희,4,1_기본,,,,,,,,,,,,,,
,,#,마윤석,4,1_기본,,,,,,,,,,,,,,
,,,-,,,,,"<txt:bold,3><txt:color,grey>~지역 예선 대회 2주차~</txt:color></txt:bold>","<txt:bold,3><txt:color,grey>The second week of the regional preliminary rounds...</txt:color></txt:bold>","<txt:bold,3><txt:color,grey>～地区予選大会第2週目～</txt:color></txt:bold>","<txt:bold,3><txt:color,grey>～地区预选赛第二周～</txt:color></txt:bold>","<txt:bold,3><txt:color,grey>～地區預賽第二週～</txt:color></txt:bold>","<txt:bold,3><txt:color,grey>Вторая неделя отборочных соревнований.</txt:color></txt:bold>","<txt:bold,3><txt:color,grey>Minggu kedua kejohanan kelayakan daerah...</txt:color></txt:bold>","<txt:bold,3><txt:color,grey>~ Tuần 2 của Vòng Loại Khu Vực ~</txt:color></txt:bold>","<txt:bold,3><txt:color,grey>-Semana 2 del Torneo Clasificatorio Regional-</txt:color></txt:bold>","<txt:bold,3><txt:color,grey>~Minggu kedua Penyisihan Turnamen Regional~</txt:color></txt:bold>","<txt:bold,3><txt:color,grey>~สัปดาห์ที่ 2 ของทัวร์นาเมนต์รอบคัดเลือกระดับท้องถิ่น~</txt:color></txt:bold>","<txt:bold,3><txt:color,grey>Segunda semana das eliminatórias regionais...</txt:color></txt:bold>"
,,,백시우,,1_기본,,,지난주보다 사람이 더 늘어난 것 같은데?,I think there's more people than last week.,先週より人が増えてる気がするな？,今天来的人好像比上周还要多啊？,觀眾好像比上週還要多耶？,Людей еще больше чем в прошлый раз.,Rasanya orang lebih ramai berbanding minggu lepas.,Có vẻ người đông hơn tuần trước nhỉ?,¿No hay más gente que la semana pasada?,Rasanya penontonnya lebih banyak daripada minggu lalu.,เหมือนคนจะเยอะกว่าสัปดาห์ก่อนเลยนะ?,"Parece que tem mais gente do que na semana passada, né?"
,,,백시우,,3_난감,,,"텅 빈 것보다는 시끌벅적한 게 더 좋긴 하지만... <wrt:wait,25>으음, 위가 좀 아프네.","I prefer a crowd over an empty stadium, but... <wrt:wait,25>my stomach hurts a little.","ガラガラよりは賑やかな方がいいのは確かだけど‥<wrt:wait,25>うーん、なんか胃が痛くなってきたな。","热热闹闹的总比空荡荡的要好，但是‥<wrt:wait,25>唔，胃有点疼。","雖然熱鬧總比冷清好‥<wrt:wait,25>呃，胃有點痛。","Шумная атмосфера лучше пустых трибун... <wrt:wait,25>Но от нервов живот сводит.","Memang lebih seronok meriah daripada kosong, tapi... <wrt:wait,25>perut saya sakit sikit.","Dù đông vui vẫn tốt hơn vắng tanh... <wrt:wait,25>Ừm, nhưng bụng hơi đau rồi.","Bueno, es mejor que esté animado a que esté vacío, pero... <wrt:wait,25>Mmm, me duele un poco el estómago.","Memang lebih bagus kalau ramai daripada sepi... <wrt:wait,25>Tapi, entah kenapa perutku malah mulai sakit.","บรรยากาศคึกคักมันดีกว่าแบบเงียบเหงาก็จริงแหละ... <wrt:wait,25>อืม แต่แอบมวนท้องจังแฮะ","É mais legal quando tá cheio do que vazio... <wrt:wait,25>mas, ugh, tô com dor na barriga."
,,,백시우,,1_결연,,,"이, 일단 <txt:bold,2><txt:color,orange>다희</txt:color></txt:bold>가 올 때까지 다들 가볍게 스트레칭이나 좀 하고 있을까?","M-maybe we should start with some stretching while we wait for <txt:bold,2><txt:color,orange>Dahee</txt:color></txt:bold>.","と、とりあえず<txt:bold,2><txt:color,orange>夏希</txt:color></txt:bold>が来るまで、みんなで軽くストレッチでもしてようか？","那，那个，在<txt:bold,2><txt:color,orange>多熙</txt:color></txt:bold>来之前，大家先稍微做点拉伸热热身吧？","總、總之在<txt:bold,2><txt:color,orange>多熙</txt:color></txt:bold>來之前，大家先做點簡單的伸展運動好嗎？","Д-давайте разомнемся, пока <txt:bold,2><txt:color,orange>Дахи</txt:color></txt:bold> не пришла.","Mungkin kita patut mula regangkan badan sambil menunggu <txt:bold,2><txt:color,orange>Dahee</txt:color></txt:bold>.","T, trước mắt trong lúc chờ <txt:bold,2><txt:color,orange>Dahee</txt:color></txt:bold> đến, mọi người giãn cơ nhẹ một chút nhé?","B-bueno, mientras llega <txt:bold,2><txt:color,orange>Dahee</txt:color></txt:bold>, ¿qué tal si hacemos algunos estiramientos ligeros?","U-untuk sementara, sambil menunggu <txt:bold,2><txt:color,orange>Dahee</txt:color></txt:bold> datang, bagaimana kalau kita mulai pemanasan ringan dulu?","อะ เอาเป็นว่าระหว่างรอ<txt:bold,2><txt:color,orange>ดาฮี</txt:color></txt:bold>มา ทุกคนมายืดเส้นยืดสายกันเบาๆ ก่อนดีไหม?","B-bom, enquanto a <txt:bold,2><txt:color,orange>Dahee</txt:color></txt:bold> não chega, vamos aproveitar pra alongar um pouco?"
,,,유사야_교복,,1_기본,,,...,...,‥,‥,‥,...,...,...,...,...,...,...
,,,백시우,,2_놀람,,,뭐지? 어디선가 시선이 느껴지는데?,"Weird, I feel eyes on the back of my head.",なんだ？どこからか視線を感じるんだけど？,怎么回事？总觉得有视线在盯着我？,怎麼回事？總覺得有人在盯著我看？,Хм? На меня кто-то смотрит?,"Pelik, rasa macam ada yang perhatikan saya.",Gì vậy? Mình có cảm giác ai đó đang nhìn mình?,¿Eh? Siento que alguien me está mirando.,Kenapa terasa seperti ada yang sedang memandangku?,อะไรเนี่ย? รู้สึกถึงสายตาจากที่ไหนสักแห่ง?,O quê? Sinto como se alguém estivesse me olhando...
,,,대지고 부원,,,,,왜 그래?,What's wrong?,どうしたんだ？,怎么了？,怎麼了？,Что такое?,Apa yang tak kena?,Sao thế?,¿Todo bien?,Ada apa?,ทำไมเหรอ?,O que foi?
,,,백시우,,1_웃음,,,"어, 아, 아니야~","Oh, uh, nothing.",い、いや、なんでもない～。,呃，啊，没什么～,呃，啊，沒事～,А? Н-ничего...,"Oh, uh, tiada apa-apa.","Ơ, à, không có gì~","Ah, sí. N-no es nada.","Oh, bukan apa-apa~",เอ่อ ปะ เปล่าหรอก~,A-ah... não é nada!
,,,백시우,,1_기본,,,"<txt:color,grey>(...찾았다!)","<txt:color,grey>(...Found it!)","<txt:color,grey>(‥見つけた！)","<txt:color,grey>(‥找到了！)","<txt:color,grey>(‥找到了！)","<txt:color,grey>(Это она!)","<txt:color,grey>(...Dah jumpa!)","<txt:color,grey>(...Thấy rồi!)","<txt:color,grey>(¡Ahí está!)","<txt:color,grey>(...Aku menemukannya!)","<txt:color,grey>(...เจอแล้ว!)","<txt:color,grey>(Achei!)"
,,,TAG,,,,,"<cha:pos,백시우,-2><cha:pos,유사야_교복,2>","<cha:pos,백시우,-2><cha:pos,유사야_교복,2>","<cha:pos,백시우,-2><cha:pos,유사야_교복,2>","<cha:pos,백시우,-2><cha:pos,유사야_교복,2>","<cha:pos,백시우,-2><cha:pos,유사야_교복,2>","<cha:pos,백시우,-2><cha:pos,유사야_교복,2>","<cha:pos,백시우,-2><cha:pos,유사야_교복,2>","<cha:pos,백시우,-2><cha:pos,유사야_교복,2>","<cha:pos,백시우,-2><cha:pos,유사야_교복,2>","<cha:pos,백시우,-2><cha:pos,유사야_교복,2>","<cha:pos,백시우,-2><cha:pos,유사야_교복,2>","<cha:pos,백시우,-2><cha:pos,유사야_교복,2>"
,,,백시우,,1_무표정,,,"(저 사람은 분명히... <wrt:wait,25><txt:bold,2>사야</txt:bold>, 라고 했던가?)</txt:color>","(Her name was... <wrt:wait,25><txt:bold,2>Saya</txt:bold>? I think.)</txt:color>","(あの人は確か‥<wrt:wait,25><txt:bold,2>沙夜</txt:bold>って言ったっけ？)</txt:color>","(那个人肯定是‥<wrt:wait,25><txt:bold,2>沙夜</txt:bold>，没记错吧？)</txt:color>","(那個人‥沒記錯的話，是叫<wrt:wait,25><txt:bold,2>沙夜</txt:bold>吧？)</txt:color>","(Кажется... <wrt:wait,25>Ее зовут <txt:bold,2>Сая</txt:bold>?)</txt:color>","(Nama dia... <wrt:wait,25><txt:bold,2>Saya</txt:bold>, kalau tak silap?)</txt:color>","(Người đó chắc chắn là... <wrt:wait,25><txt:bold,2>Saya</txt:bold>, đúng không nhỉ?)</txt:color>","<txt:color,grey>(Si mal no recuerdo... <wrt:wait,25><txt:bold,2>Saya</txt:bold>, dijo que se llamaba, ¿no?)</txt:color>","(Kalau tidak salah... <wrt:wait,25><txt:bold,2>Saya</txt:bold>, ya namanya?)</txt:color>","(คนนั้น... <wrt:wait,25>ใช่<txt:bold,2>ซายะ</txt:bold>รึเปล่านะ?)</txt:color>","(Aquela pessoa... era a <wrt:wait,25><txt:bold,2>Saya</txt:bold>, né? Se não me engano.)</txt:color>"
,,,백시우,,2_기쁨,,,"<txt:color,grey>(경기를 보러 와줬구나.)</txt:color>","<txt:color,grey>(She's here to watch the match.)</txt:color>","<txt:color,grey>(試合を見に来てくれたんだな)</txt:color>","<txt:color,grey>(原来她还是来看比赛了啊。)</txt:color>","<txt:color,grey>(原來她來看比賽了啊。)</txt:color>","<txt:color,grey>(Она пришла посмотреть нашу игру.)</txt:color>","<txt:color,grey>(Dia datang untuk tonton perlawanan.)</txt:color>","<txt:color,grey>(Cậu ấy đến xem trận đấu.)</txt:color>","<txt:color,grey>(Veo que vino a ver el partido).</txt:color>","<txt:color,grey>(Jadi dia datang untuk menonton pertandingan.)</txt:color>","<txt:color,grey>(มาดูการแข่งขันสินะ)</txt:color>","<txt:color,grey>(Ela veio assistir ao jogo.)</txt:color>"
,,,백시우,,1_시무룩,,,"<txt:color,grey>(뭔가 말없이 쳐다만 보니까 괜히 신경 쓰이네.)</txt:color>","<txt:color,grey>(It's kinda nerve-wracking to have her quietly stare.)</txt:color>","<txt:color,grey>(なんか黙って見つめられると、変に意識しちゃうな)</txt:color>","<txt:color,grey>(就那么一声不吭地盯着我看，感觉好在意啊。)</txt:color>","<txt:color,grey>(她什麼都沒說，就只是盯著看，反而讓人有點在意耶。)</txt:color>","<txt:color,grey>(Просто стоит и смотрит. Как-то не по себе.)</txt:color>","<txt:color,grey>(Rasa berdebar pulak bila dia merenung secara senyap.)</txt:color>","<txt:color,grey>(Cứ lặng lẽ nhìn như vậy khiến mình hơi để ý.)</txt:color>","<txt:color,grey>(Me incomoda un poco que se me quede mirando).</txt:color>","<txt:color,grey>(Tatapan diamnya itu malah membuatku sedikit canggung.)</txt:color>","<txt:color,grey>(พอเอาแต่จ้องอยู่เงียบๆ ก็รู้สึกเกร็งขึ้นมาเฉย)</txt:color>","<txt:color,grey>(Ela só fica me olhando em silêncio... isso me deixa meio desconfortável.)</txt:color>"
,,,백시우,-1,2_기쁨,,,안녕! 혹시 경기를 보러 온 거야?,Hi there! Are you here to watch the match?,やあ！もしかして試合を見に来たの？,你好！你是来看比赛的吗？,哈囉！妳是來看比賽的嗎？,Привет! Ты пришла за нас болеть?,Hai! Kamu datang untuk tonton perlawanan?,Chào! Cậu đến xem trận đấu à?,"Hola, ¿viniste a ver el partido?",Apa kabar! Apa kamu datang untuk menonton pertandingan?,สวัสดี! เธอมาดูการแข่งขันเหรอ?,Oi! Você veio assistir ao jogo?
,,,유사야_교복,,1_기본,pause,,...,...,‥,‥,‥,...,...,...,...,...,...,...
,,,TAG,,,,,"<cha:pos,유사야_교복,4>","<cha:pos,유사야_교복,4>","<cha:pos,유사야_교복,4>","<cha:pos,유사야_교복,4>","<cha:pos,유사야_교복,4>","<cha:pos,유사야_교복,4>","<cha:pos,유사야_교복,4>","<cha:pos,유사야_교복,4>","<cha:pos,유사야_교복,4>","<cha:pos,유사야_교복,4>","<cha:pos,유사야_교복,4>","<cha:pos,유사야_교복,4>"
,,,백시우,,3_난감,,,"아, 가버렸네... 으음, 괜히 말 걸었나?","Oh, she left... Hmm. Maybe I shouldn't have talked to her.",あ、行っちゃった‥うーん、声かけない方がよかったかな。,啊，走掉了‥唔，我是不是不该主动搭话啊？,啊，走掉了‥唔嗯，我是不是不該搭話的啊？,"Ой, ушла... Зря я заговорил, наверное.","Oh, dia dah pergi... Hmm. Mungkin saya tak patut cakap dengan dia.","A, đi mất rồi... Ưm, mình bắt chuyện không đúng lúc à?","Ay, se fue... Mmm, ¿habré hecho mal en hablarle?","Eh, dia pergi begitu saja... Hmm, apa seharusnya aku tidak mengajaknya berbicara?",อ่า ไปซะแล้ว... อืม ไม่น่าชวนคุยเลยรึเปล่านะ?,"Ah, ela foi embora... Hum, será que não devia ter falado com ela?"
,,,TAG,,,,,"<cha:pos,마윤석,2><cha:pos,백시우,-2>","<cha:pos,마윤석,2><cha:pos,백시우,-2>","<cha:pos,마윤석,2><cha:pos,백시우,-2>","<cha:pos,마윤석,2><cha:pos,백시우,-2>","<cha:pos,마윤석,2><cha:pos,백시우,-2>","<cha:pos,마윤석,2><cha:pos,백시우,-2>","<cha:pos,마윤석,2><cha:pos,백시우,-2>","<cha:pos,마윤석,2><cha:pos,백시우,-2>","<cha:pos,마윤석,2><cha:pos,백시우,-2>","<cha:pos,마윤석,2><cha:pos,백시우,-2>","<cha:pos,마윤석,2><cha:pos,백시우,-2>","<cha:pos,마윤석,2><cha:pos,백시우,-2>"
,,,마윤석,,1_우쭐,,,"야, <txt:bold,2><txt:color,orange>백시우</txt:color></txt:bold>. 아까부터 뭘 얼쩡거리고 있냐? 혹시 긴장한 거냐?","Hey, <txt:bold,2><txt:color,orange>Siwoo</txt:color></txt:bold>. What are you pacing around for? Are you nervous?","おい、<txt:bold,2><txt:color,orange>新</txt:color></txt:bold>。さっきから何をウロウロしてるんだ？お前もしかして緊張してるのか？","喂，<txt:bold,2><txt:color,orange>白时宇</txt:color></txt:bold>。你从刚才起就在那里晃悠什么呢？紧张了？","喂，<txt:bold,2><txt:color,orange>白時宇</txt:color></txt:bold>。你在那邊晃來晃去的幹嘛？難道是緊張了？","Эй, <txt:bold,2><txt:color,orange>Шиу</txt:color></txt:bold>! Ты с самого утра сам не свой. Нервничаешь?","Hei, <txt:bold,2><txt:color,orange>Siwoo</txt:color></txt:bold>. Kenapa kamu mundar-mandir? Kamu gugup?","Này, <txt:bold,2><txt:color,orange>Baek Siwoo</txt:color></txt:bold>. Từ nãy đến giờ cậu lảng vảng gì vậy? Cậu căng thẳng à?","Oye, <txt:bold,2><txt:color,orange>Baek Siwoo</txt:color></txt:bold>. ¿Qué haces dando tantas vueltas? ¿Estás nervioso?","Oi, <txt:bold,2><txt:color,orange>Siwoo Baek</txt:color></txt:bold>. Apa yang sedang kamu lakukan dari tadi? Jangan bilang kamu gugup?","เฮ้ <txt:bold,2><txt:color,orange>แบคชีอู</txt:color></txt:bold> นายลุกลี้ลุกลนอะไรตั้งแต่เมื่อกี้แล้วน่ะ? อย่าบอกนะว่าเครียด?","Ei, <txt:bold,2><txt:color,orange>Siwoo Baek</txt:color></txt:bold>. O que você tá fazendo aí? Tá nervoso, é?"
,,,마윤석,,1_우쭐,,,"푸하핫, 그렇게 배짱이 없어서야 원. 나처럼 태연하게 있으란 말이야, 음훗!","Pfft. Come on, toughen up. Just relax a little, like me!",ぷははっ、そんな度胸じゃ先が思いやられるな。俺みたいに堂々としてろってんだ、うふっ！,噗哈哈，这点胆量怎么行。学学我，泰山崩于前而色不变，哼哼！,噗哈哈，膽子那麼小怎麼行。學學我放輕鬆點嘛，嗯哼！,Пф-ха-ха! Не трусь! Бери пример с меня.,"Pfft. Ayuh, kuatkan semangat. Bertenanglah sikit, macam saya!","A ha ha, gan bé như vậy thì không được đâu. Phải bình thản như tôi đây này, ưm hứ!",¡Jajaja! No puedes ser tan cobarde. Aprende de mí y mantén la calma.,"Puhahaha, lemah sekali mentalmu itu. Coba belajar dariku yang bisa tenang dalam situasi apa pun, hehe!",วะฮ่าฮ่า ใจไม่ถึงเอาซะเลย ทำตัวนิ่งๆ แบบฉันหน่อยสิ อะฮึ่ม!,"Hahaha! Cadê sua coragem? Seja mais relaxado como eu, hahaha!"
,,,백시우,,1_웃음,,,"하하... 그런데, 너 다리가 사시나무처럼 떨리고 있어.","Haha... But, dude. Your legs are trembling like crazy.",はは‥でもお前の足、ガクガク震えてるぞ。,哈哈‥可是，你的腿抖得跟筛糠一样诶。,哈哈‥可是，你的腳抖個不停耶。,Ну-ну... У тебя у самого ноги трясутся.,"Haha... Tapi, kawan. Kaki kamu menggigil teruk.",Ha ha... Nhưng chân cậu đang run như cầy sấy kìa.,Jaja... Pero si a ti te están temblando las piernas como gelatina.,Haha... Kamu bilang seperti itu tapi kakimu sedang gemetaran seperti daun tertiup angin.,ฮะฮะ... แต่ตอนนี้ขานายสั่นเหมือนเจ้าเข้าเลยนะ,Haha... mas suas pernas estão tremendo muito.
,,,마윤석,,1_당황,,,"음훗?! <cha:pop,마윤석><txt:shake,1>이, 이건 긴장해서 떠는 게 아니야!</txt:shake>","Hah?! <cha:pop,마윤석><txt:shake,1>Th-this isn't because I'm nervous!</txt:shake>","ぐふっ！？<cha:pop,마윤석><txt:shake,1>こ、これは緊張して震えてるんじゃない！</txt:shake>","嗯哼？！<cha:pop,마윤석><txt:shake,1>这，这可不是因为紧张才抖的！</txt:shake>","嗯哼？！<cha:pop,마윤석><txt:shake,1>這、這可不是因為緊張才抖的！</txt:shake>","Э-э? <cha:pop,마윤석><txt:shake,1>Это они так, не из-за стресса!</txt:shake>","Apa?! <cha:pop,마윤석><txt:shake,1>Ini bukan sebab saya gugup!</txt:shake>","Ưm hứ?! <cha:pop,마윤석><txt:shake,1>Đ, đây không phải run vì căng thẳng!</txt:shake>","¿Eh? <cha:pop,마윤석><txt:shake,1>¡N-no estoy temblando por nervios!</txt:shake>","Aduh?! <cha:pop,마윤석><txt:shake,1>I-ini bukan karena aku sedang gugup!</txt:shake>","ห๊ะ?! <cha:pop,마윤석><txt:shake,1>นะ นี่มันไม่ได้สั่นเพราะเครียดสักหน่อย!</txt:shake>","Pfft! <cha:pop,마윤석><txt:shake,1>Isso não é tremedeira de nervoso, não!</txt:shake>"
,,,마윤석,,1_당황,,exclam,너희한테 이 중요한 경기를 맡겨 두려니까 초조해서 떠는 거야!,I'm just anxious to leave this important match to you all!,お前らにこんな重要な試合を任せておくのが不安で、震えてるんだよ！,我是因为把这么重要的比赛交给你们这群家伙，心里焦躁才抖的！,是因為把這麼重要的比賽交給你們，我焦慮得發抖啦！,"Я трясусь, потому что волнуюсь, как вы без меня сыграете такой важный матч!",Saya cuma risau serahkan perlawanan penting ini kepada kamu semua!,Tôi run vì sốt ruột khi phải giao trận đấu quan trọng này cho mấy cậu thôi!,Es ansiedad por tener que confiarles este partido tan importante.,Aku cuma gelisah karena harus menyerahkan pertandingan sepenting ini kepada kalian!,เพราะต้องฝากการแข่งขันสำคัญไว้กับพวกนาย ก็เลยกังวลจนสั่นต่างหาก!,Eu tô tremendo porque tô preocupado em deixar esse jogo importante com vocês!
,,,백시우,,1_웃음,,,그런 걸로 할까? 하핫.,"Sure, sure. Haha.",そういうことにしておくよ、ははっ。,就当是这样吧？哈哈。,就當作是那樣吧？哈哈。,Как скажешь. Ха-ха.,Betullah tu. Haha.,Cứ xem là vậy đi? Ha ha.,"Sí, claro. Digamos que es eso. Jaja.",Iya aku akan anggap begitu. Haha.,เอางั้นก็ได้แหละ ฮ่าฮ่า,Então vamos fingir que é isso. Haha.
,,,백시우,,1_결연,,,너무 걱정하지 마. 우리 진짜 열심히 연습했잖아. 딱 준비한 대로만 하자.,Don't worry. We practiced hard. We'll show them what we prepared.,あまり心配するなよ。俺たち、死ぬほど練習しただろ。準備してきた通りにやろうぜ。,别太担心。我们可是拼了命地在练习啊。只要把平时练的发挥出来就行了。,別太擔心啦。我們不是一直很努力練習嗎，只要把準備好的實力發揮出來就好。,"Не переживай, мы много тренировались. Осталось показать все это в матче.",Jangan risau. Kita gigih berlatih. Kita akan tunjukkan hasil latihan kita.,Đừng lo quá. Chúng ta thật sự đã tập luyện rất chăm chỉ mà. Cứ làm đúng như đã chuẩn bị thôi.,No te preocupes tanto. Practicamos muchísimo. Solo debemos actuar como planeamos.,Tidak usah terlalu khawatir. Kita sudah latihan mati-matian. Kita tinggal bertanding seperti yang telah kita siapkan.,ไม่ต้องเป็นห่วงมากไปหรอก เราตั้งใจซ้อมกันอย่างเต็มที่เลยนี่นา แค่เล่นตามที่เตรียมตัวมาก็พอ,"Relaxa. A gente se preparou bem, só segue o plano."
,,,마윤석,,1_당황,,,그런 거 아니래도!! 그리고 은근슬쩍 주장인 척 멘트 치지 마라?,I told you I'm not nervous! And don't act like a captain when you're not.,だから違うって言ってんだろ！！それに、さりげなくキャプテンぶったセリフ吐くなよな？,都说了我没担心！！还有，别在那里偷偷摆出队长的架势说话好吗？,就說不是那樣了！！還有，你別在那邊暗自擺出隊長的架子好嗎？,"Да не в этом дело! И вообще, хватит тут капитана строить.",Saya dah cakap bukan macam itu!! Dan jangan selamba cakap macam kamulah kapten!,Đã bảo không phải vậy mà!! Với lại đừng có nói như thể cậu là đội trưởng chứ?,"¡Ya te dije que no es eso! Y no te pongas a hablar como si fueras el capitán, ¿eh?",Sudah kubilang bukan begitu!! Dan berhenti berbicara seolah-olah kamu Kapten disini!,ก็บอกว่าไม่ใช่แบบนั้นไงเล่า!! แล้วนายก็เลิกแอบเนียนพูดเหมือนตัวเองเป็นกัปตันได้แล้วนะ,Não é isso! E para de falar como se fosse o capitão!
,,,마윤석,,1_우쭐,,,"주장은 나, <txt:bold,2><txt:color,orange>마!<wrt:wait,25> 윤!<wrt:wait,25> 석!<wrt:wait,25></txt:color></txt:bold> 이라구! 얘들아! 다들 이쪽으로 모여봐!","The captain is me! <txt:bold,2><txt:color,orange>Yoon!<wrt:wait,25> Seok!<wrt:wait,25> Ma!<wrt:wait,25></txt:color></txt:bold> Hey, everyone! Gather 'round!","キャプテンはこの俺、<txt:bold,2><txt:color,orange>伊！<wrt:wait,25>藤！<wrt:wait,25>忠英！<wrt:wait,25></txt:color></txt:bold>だっての！みんな！全員こっちに集まれ！","队长是我，<txt:bold,2><txt:color,orange>马！<wrt:wait,25>允！<wrt:wait,25>硕！<wrt:wait,25></txt:color></txt:bold>！大家！都到这边集合！","隊長是我，<txt:bold,2><txt:color,orange>馬！<wrt:wait,25>允！<wrt:wait,25>碩！<wrt:wait,25></txt:color></txt:bold>好嗎！大家！都過來這裡集合！","Капитан здесь я! <txt:bold,2><txt:color,orange>Ма!<wrt:wait,25> Юн!<wrt:wait,25> Сок!<wrt:wait,25></txt:color></txt:bold> Так, все ко мне!","Saya seorang je kapten! <txt:bold,2><txt:color,orange>Yoon!</txt:color><wrt:wait,25> Seok!<wrt:wait,25> Ma!<wrt:wait,25></txt:color></txt:bold> Hei, semua! Berkumpul sekarang!","Đội trưởng là tôi, <txt:bold,2><txt:color,orange>Ma!<wrt:wait,25> Yoon!<wrt:wait,25> Seok!<wrt:wait,25></txt:color></txt:bold> này nhé! Mọi người! Tập trung lại đây!","¡El capitán soy yo! ¡Todos, vengan aquí!","Kapten disini adalah aku, <txt:bold,2><txt:color,orange>YUN!<wrt:wait,25> SEOK!<wrt:wait,25> MA!<wrt:wait,25></txt:color></txt:bold>! Semuanya! Coba berkumpul disini!","กัปตันน่ะคือฉัน <txt:bold,2><txt:color,orange>มา!<wrt:wait,25> ยุน!<wrt:wait,25> ซอก!<wrt:wait,25></txt:color></txt:bold>! ทุกคน! มารวมตัวกันตรงนี้หน่อย!","O capitão sou eu, <txt:bold,2><txt:color,orange>Yun<wrt:wait,25>seok <wrt:wait,25>Ma! <wrt:wait,25></txt:color></txt:bold>Pessoal, venham aqui!"
,,,마윤석,,1_우쭐,,,"시합 들어가기 전에 다 같이 화이팅 한 번 외치자! 자, 내가 선창한다!",Let's do a cheer together before the match. I'll start!,試合に入る前に、みんなで気合入れようぜ！よし、俺が音頭をとるぞ！,比赛前大家一起喊个口号！来，我起头！,比賽前大家一起來喊個口號吧！來，我來帶頭！,Перед матчем скажем нашу кричалку. Я начну!,Mari bersorak bersama sebelum perlawanan. Saya akan mulakan!,"Trước khi vào trận, cả đội cùng hô quyết tâm một tiếng nào! Nào, để tôi hô trước!","¡Antes del partido, gritemos juntos para animarnos! ¡Yo empiezo!","Ayo, teriakkan Fighting bersama sebelum tanding! Biar aku yang pimpin!",ก่อนลงแข่ง มาตะโกนสู้ๆ พร้อมกันสักครั้งเถอะ! เอาล่ะนะ ฉันจะนำเอง!,"Antes do jogo, vamos gritar um «vamos lá»! Eu começo!"
,,,TAG,,,,,"<cha:pos,정다희,2><cha:pos,마윤석,0>","<cha:pos,정다희,2><cha:pos,마윤석,0>","<cha:pos,정다희,2><cha:pos,마윤석,0>","<cha:pos,정다희,2><cha:pos,마윤석,0>","<cha:pos,정다희,2><cha:pos,마윤석,0>","<cha:pos,정다희,2><cha:pos,마윤석,0>","<cha:pos,정다희,2><cha:pos,마윤석,0>","<cha:pos,정다희,2><cha:pos,마윤석,0>","<cha:pos,정다희,2><cha:pos,마윤석,0>","<cha:pos,정다희,2><cha:pos,마윤석,0>","<cha:pos,정다희,2><cha:pos,마윤석,0>","<cha:pos,정다희,2><cha:pos,마윤석,0>"
,,,정다희,,1_기본,,quest,"안녕! 얘들아! 예선 2주차가 드디어 밝았... <wrt:wait,25><cha:pop,정다희>어라?","Hey, everyone! It's the second week of prelims... <wrt:wait,25><cha:pop,정다희>Huh?","おはよー！みんな！ついに予選第2週目がやってきた‥<wrt:wait,25><cha:pop,정다희>あれ？","大家好呀！预选赛第二周终于到了‥<wrt:wait,25><cha:pop,정다희>咦？","嗨！各位！預賽第二週終於到了‥<wrt:wait,25><cha:pop,정다희>咦？","Всем привет! Вот и вторая неделя отборочных... <wrt:wait,25><cha:pop,정다희>Э-э?","Hei, semua! Ini minggu kedua pusingan awal... <wrt:wait,25><cha:pop,정다희>Apa?","Chào mọi người! Tuần 2 của Vòng Loại cuối cùng cũng đã bắt... <wrt:wait,25><cha:pop,정다희>Ủa?","¡Hola, chicos! ¡Por fin llegó la segunda semana de la clasificatoria...!<wrt:wait,25><cha:pop,정다희> ¿Eh?","Apa kabar! Semuanya! Akhirnya minggu kedua babak penyisihan telah... <wrt:wait,25><cha:pop,정다희>Ehh?","สวัสดี! ทุกคน! ในที่สุดสัปดาห์ที่ 2 ของรอบคัดเลือกก็... <wrt:wait,25><cha:pop,정다희>อ้าว?","Oi, pessoal! Finalmente começou a segunda semana das eliminatórias... <wrt:wait,25><cha:pop,정다희>Hã?"
,,,백시우,,1_기본,,,"<txt:bold,2><txt:color,orange>다희</txt:color></txt:bold>야? 안녕! 웬일로 제일 늦게 왔네?","Hey, <txt:bold,2><txt:color,orange>Dahee</txt:color></txt:bold>! It's odd to see you arrive last.","<txt:bold,2><txt:color,orange>夏希</txt:color></txt:bold>か？おはよう！珍しく一番遅かったな？","<txt:bold,2><txt:color,orange>多熙</txt:color></txt:bold>？早啊！你今天怎么来得最晚？","<txt:bold,2><txt:color,orange>多熙</txt:color></txt:bold>？早啊！妳今天居然是最後一個到的？","<txt:bold,2><txt:color,orange>Дахи</txt:color></txt:bold>, привет! Ты сегодня поздно.","Hei, <txt:bold,2><txt:color,orange>Dahee</txt:color></txt:bold>! Pelik tengok kamu paling lambat sampai.","<txt:bold,2><txt:color,orange>Dahee</txt:color></txt:bold> à? Chào cậu! Hiếm khi cậu lại là người đến muộn nhất nhỉ?","¿<txt:bold,2><txt:color,orange>Dahee</txt:color></txt:bold>? ¡Hola! Qué raro, hoy llegaste última.","<txt:bold,2><txt:color,orange>Dahee</txt:color></txt:bold>? Apa kabar! Tumben kamu datang terakhir?","<txt:bold,2><txt:color,orange>ดาฮี</txt:color></txt:bold>? สวัสดี! ทำไมเธอถึงมาช้าสุดได้เนี่ย?","Ei, <txt:bold,2><txt:color,orange>Dahee</txt:color></txt:bold>! Que milagre você chegar por último hoje!"
,,,정다희,,1_기본,,,"으, 응. 그런데, 너희가 평소보다 일찍 나온 것 같은데?","Y-yeah. But, I think it's because you guys all showed up earlier than usual.",う、うん。でも、みんなが逆にいつもより早く来てるみたいだけど？,呃，嗯。不过，是你们比平时来得早了吧？,呃，嗯。不過，你們好像比平常還要早到耶？,"Ага. Хотя мне кажется, что это вы рано.","Ya. Tapi, rasanya itu sebab kamu semua datang lebih awal daripada biasa.","Ư, ừ. Nhưng mà hình như mọi người đến sớm hơn bình thường thì phải?",S-sí. Aunque creo que más bien ustedes llegaron antes de lo normal.,I-iya. Tapi sepertinya kalian-lah yang datang lebih awal dari biasanya?,เอ่อ อืม แต่เหมือนพวกนายจะมาเร็วกันกว่าปกตินะ?,"Uhum... mas vocês vieram mais cedo hoje, não?"
,,,정다희,,1_웃음,,,"뭐야, 다들 시합 날이라고 아주 기합이 바짝 들어갔구나?",I guess you're all extra determined for match day!,何よ、みんな試合の日だからって、ずいぶん気合いが入ってるじゃん？,什么情况，因为今天是比赛日，所以大家都干劲十足吗？,怎麼，因為今天是比賽日，所以大家都特別有幹勁嗎？,Вот это у вас настрой на игру!,Nampaknya kamu lebih bersemangat menjelang hari perlawanan!,"Gì vậy, đúng là ngày thi đấu nên ai cũng lên tinh thần dữ quá nhỉ?","Vaya, se nota que todos están motivadísimos.",Apa ini? Apa kalian sangat bersemangat hanya karena hari ini hari pertandingan?,อะไรกัน ทุกคนฮึกเหิมกันสุดๆ เพราะเป็นวันแข่งเหรอ?,"Que isso, todo mundo tá bem animado por causa do jogo, hein!"
,,,마윤석,,1_우쭐,,,"<txt:bold,2><txt:color,orange>다희</txt:color></txt:bold>야~ 너도 이리 와. 마침 시합 직전에 다 같이 파이팅 하려던 참이었어!","Come join us, <txt:bold,2><txt:color,orange>Dahee</txt:color></txt:bold>! We were about to do a cheer before the match!","<txt:bold,2><txt:color,orange>夏希</txt:color></txt:bold>～、お前もちょっとこっち来いよ。ちょうど試合直前にみんなで気合入れようとしてたとこだったんだ！","<txt:bold,2><txt:color,orange>多熙</txt:color></txt:bold>～你也过来。我们刚好要在赛前一起喊个加油口号呢！","<txt:bold,2><txt:color,orange>多熙</txt:color></txt:bold>～妳也過來。我們剛好要在比賽前一起喊個口號呢！","<txt:bold,2><txt:color,orange>Дахи</txt:color></txt:bold>, давай к нам! Мы уже кричалку начинаем.","Mari sertai kami, <txt:bold,2><txt:color,orange>Dahee</txt:color></txt:bold>! Kita akan bersorak sebelum perlawanan!","<txt:bold,2><txt:color,orange>Dahee</txt:color></txt:bold> à~ Cậu cũng lại đây đi. Bọn tôi đang định cùng hô quyết tâm trước trận đấu!","<txt:bold,2><txt:color,orange>Dahee</txt:color></txt:bold>, acércate. Justo íbamos a darnos ánimos antes del partido.","<txt:bold,2><txt:color,orange>Dahee</txt:color></txt:bold>~ Kamu juga cepat kesini. Kita baru saja mau meneriakkan Fighting bersama sebelum pertandingan!","<txt:bold,2><txt:color,orange>ดาฮี</txt:color></txt:bold>~ เธอก็รีบมานี่สิ เรากำลังจะตะโกนสู้ๆ พร้อมกันก่อนไปแข่งอยู่พอดีเลย!","<txt:bold,2><txt:color,orange>Dahee</txt:color></txt:bold>! Vem cá! A gente ia fazer o grito de guerra agora!"
,,,마윤석,,1_우쭐,,,"음훗, 구호 외치는 건 주장의 역할인 거, 너도 알지?","You know, since it's the duty of the captain!",ぐふっ、こういうのはキャプテンの役目だろ？,哼哼，带头喊口号是队长的职责，这你得承认吧？,唔哼，帶領大家喊口號可是隊長的職責，這點妳也同意吧？,Мотивировать игроков — это задача капитана.,"Kamu pun tahu, inilah tugas kapten!","Ưm hứ, hô khẩu hiệu là vai trò của đội trưởng, cậu cũng công nhận đúng không?","Je, tú también admites que dirigir el grito del equipo es trabajo del capitán, ¿no?","Hehe, mengobarkan semangat tim itu tugas seorang Kapten. Kamu juga setuju, kan?",อะฮึ่ม การตะโกนสโลแกนน่ะเป็นหน้าที่ของกัปตัน เธอก็ยอมรับใช่ไหมล่ะ?,"Hum, você sabe que isso é função do capitão do time, né?"
,,,정다희,,1_쿨쿨,,,"<txt:size,-2>......휴우. 괜히 걱정했네, 정말.</txt:size>","<txt:size,-2>...*Sigh*... I was worried about nothing.</txt:size>","<txt:size,-2>‥‥ふぅ。余計な心配して損したわ、本当に。</txt:size>","<txt:size,-2>‥呼。看来是我白操心了，真是的。</txt:size>","<txt:size,-2>‥呼。看來我是白擔心了，真是的。</txt:size>","<txt:size,-2>Фух... Зря я волновалась.</txt:size>","<txt:size,-2>...*Mengeluh*... Sia-sia rasa risau.</txt:size>","<txt:size,-2>...Phù. Vậy là mình lo thừa rồi, thật tình.</txt:size>","<txt:size,-2>Uf... Me preocupé por nada.</txt:size>","<txt:size,-2>......Fiuh. Ternyata aku khawatir sia-sia.</txt:size>","<txt:size,-2>......ฮู้ว กังวลไปเองจริงๆ เลย</txt:size>","<txt:size,-2>Ufa! Me preocupei à toa, sério.</txt:size>"
,,,백시우,,1_엥,,,응? 뭐라고 했어?,Hmm? What did you say?,えっ？何か言ったか？,嗯？你刚才说什么？,嗯？妳說什麼？,Что? Я не расслышал.,Hmm? Kamu cakap apa?,Hả? Cậu nói gì vậy?,¿Eh? ¿Qué dijiste?,Hmm? Apa yang kamu bilang barusan?,หืม? เธอว่าอะไรนะ?,Hã? O que você disse?
,,,정다희,,1_기본,,,아무것도 아니야~ 다들 씩씩해서 무지 기쁘다구~!!,Nothing! I'm so glad everyone's so energetic!,何でもないよ～。みんな元気だから、めちゃくちゃ嬉しいって言ったの～！！,没什么～看到大家精神这么饱满，我太高兴啦～！！,沒什麼啦～看到大家都這麼有精神，我超開心的～！！,"Ничего! Рада, что вы в отличном настроении.",Tiada apa-apa! Saya sangat gembira semua orang bersemangat!,Không có gì~ Tôi chỉ vui vì mọi người đều hăng hái thôi~!!,Nada. ¡Me alegra muchísimo verlos tan animados!,Bukan apa-apa~ Aku cuma senang melihat kalian semua kelihatan begitu bersemangat~!!,ไม่มีอะไรหรอก~ ฉันบอกว่าดีใจที่เห็นทุกคนฮึกเหิมกันแบบนี้น่ะ~!!,Nada não! Só tô feliz de ver todo mundo tão animado!
,,,정다희,,2_헤헤,,,"헤헷, 다들 오늘 상대가 작년에 우리 울렸던 <txt:bold,2>민재고등학교</txt:bold>인 거 알지?","Heheh, you know that we're up against <txt:bold,2>Minjae High</txt:bold>, who made us cry last year, right?","へへっ、今日の相手が去年私たちを泣かせた<txt:bold,2>敏才高校</txt:bold>だってこと、みんな知ってるよね？","嘿嘿，大家都知道今天我们的对手是去年把我们打哭的<txt:bold,2>民在高中</txt:bold>吧？","嘿嘿，大家應該都知道，今天的對手是去年把我們打哭的<txt:bold,2>民在高中</txt:bold>吧？","Хе-хе, сегодня играем против <txt:bold,2>«Минчжэ»</txt:bold>. Помните, что это они остановили нас в прошлом году?","Heheh, kamu pun tahu kita akan melawan <txt:bold,2>Minjae High</txt:bold>, yang buat kita menangis tahun lepas, bukan?","He he, mọi người biết đối thủ hôm nay là <txt:bold,2>Trường THPT Minjae</txt:bold>, đội đã khiến chúng ta rơi nước mắt năm ngoái đúng không?","Jeje, todos saben que el rival de hoy es la <txt:bold,2>Escuela Minjae</txt:bold>, la misma que nos hizo llorar el año pasado, ¿verdad?","Hehe, kalian masih ingat, kan? Lawan kita hari ini adalah <txt:bold,2>SMA Minjae</txt:bold>, tim yang memberikan kita rasa pahit pada tahun lalu.","ฮิฮิ ทุกคนรู้ใช่ไหม ว่าคู่แข่งวันนี้ก็คือ<txt:bold,2>โรงเรียนมัธยมปลายมินแจ</txt:bold> ที่ทำให้เราเสียน้ำตาเมื่อปีก่อนน่ะ?","Hehe, vocês sabem que hoje é contra o <txt:bold,2>Colégio Minjae</txt:bold>, que nos derrotou ano passado, né?"
,,,백시우,,1_결연,,,"당연하지! 설욕전, 맞지?",Of course! We'll have our revenge today.,当たり前だよ！リベンジマッチ、だろ？,那当然！复仇之战，对吧？,那當然！這是雪恥戰，對吧？,Еще бы! Сегодня возьмем реванш.,Sudah tentu! Kita akan balas dendam hari ni.,"Tất nhiên rồi! Đây sẽ là trận phục thù, đúng không?","¡Claro! Es nuestra revancha, ¿no?",Tentu saja! Tiba saatnya membalas kekalahan itu!,แน่นอนสิ! นี่คือนัดล้างตาใช่ไหมล่ะ?,"Óbvio! Hora da vingança, certo?"
,,,정다희,,3_활짝,,,"맞아, 그만큼 최선을 다해 경기하자! <txt:bold,2>대지고</txt:bold>, 화이팅!!!","Yup. Let's play with no regrets! Let's go, <txt:bold,2>Terra High</txt:bold>!","そう、その分全力を尽くして試合しようね！<txt:bold,2>大地高校</txt:bold>、ファイト！！！","没错，所以大家要拿出最好的状态来！<txt:bold,2>大地高中</txt:bold>，加油！！！","沒錯，所以我們要拿出十二萬分的力氣來打！<txt:bold,2>大地高中</txt:bold>，加油！！！","Значит, покажем, на что способны! Вперед <txt:bold,2>«Тэчжи»</txt:bold>!!!","Ya. Mari bermain tanpa rasa sesal! Ayuh, <txt:bold,2>Terra High</txt:bold>!","Đúng vậy, chính vì thế chúng ta càng phải dốc hết sức thi đấu! <txt:bold,2>Trường THPT Đại Địa</txt:bold>, cố lên!!!","Exacto. ¡Por eso demos lo mejor de nosotros! ¡Vamos, <txt:bold,2>Escuela Daeji</txt:bold>!","Benar sekali, jadi ayo bertanding habis-habisan! <txt:bold,2>SMA DaeJi</txt:bold>, Fighting!!!","ใช่เลย เพราะงั้นเรามาลุยให้เต็มที่กันเถอะ! <txt:bold,2>มัธยมแดจี</txt:bold> สู้ๆ!!!","Isso! Vamos dar tudo de nós! <txt:bold,2>Colégio Daeji</txt:bold>, vamos lá!"
,,,대지고 부원들,,1_외침,,,"<txt:size,3>화이팅!!!!!!</txt:size>","<txt:size,3>Let's go!</txt:size>","<txt:size,3>ファイト！！！！！！</txt:size>","<txt:size,3>加油！！！</txt:size>","<txt:size,3>加油！！！！！！</txt:size>","<txt:size,3>Вперед!!!</txt:size>","<txt:size,3>Ayuh!</txt:size>","<txt:size,3>Cố lên!!!!!!</txt:size>","<txt:size,3>¡¡¡Vamos!!!</txt:size>","<txt:size,3>Fighting!!!!!!</txt:size>","<txt:size,3>สู้ๆ!!!!!!</txt:size>","<txt:size,3>Vamos lá!!!!</txt:size>"
,,,마윤석,,1_분노,,angry,"<cha:pop,마윤석><txt:size,2>야!! 내가 먼저 외치려고 했다고!!!</txt:size>","<cha:pop,마윤석><txt:size,2>Hey! I was going to shout first!</txt:size>","<cha:pop,마윤석><txt:size,2>おい！！俺が先に叫ぼうとしたのに！！！</txt:size>","<cha:pop,마윤석><txt:size,2>喂！！明明说好我先喊的！！！</txt:size>","<cha:pop,마윤석><txt:size,2>喂！！明明說好我先喊的！！！</txt:size>","<cha:pop,마윤석><txt:size,2>Эй! Это мои слова!!!</txt:size>","<cha:pop,마윤석><txt:size,2>Hei! Saya mahu menjerit dulu!</txt:size>","<cha:pop,마윤석><txt:size,2>Này!! Tôi đã định hô trước mà!!!</txt:size>","<cha:pop,마윤석><txt:size,2>¡Oye! ¡Yo iba a gritarlo primero!</txt:size>","<cha:pop,마윤석><txt:size,2>Oi!! Kenapa kalian tidak menungguku mengucapkannya?!</txt:size>","<cha:pop,마윤석><txt:size,2>นี่!! ฉันบอกแล้วไงว่าจะตะโกนก่อนน่ะ!!!</txt:size>","<cha:pop,마윤석><txt:size,2>Ei! Eu que ia puxar o grito!</txt:size>"
,경기 승리,#,MAP,,,,,관중석,관중석,관중석,관중석,관중석,관중석,관중석,관중석,관중석,관중석,관중석,관중석
,,#,BGM,,,,,BGM_COMIC2,BGM_COMIC2,BGM_COMIC2,BGM_COMIC2,BGM_COMIC2,BGM_COMIC2,BGM_COMIC2,BGM_COMIC2,BGM_COMIC2,BGM_COMIC2,BGM_COMIC2,BGM_COMIC2
,,#,백시우,-2,1_기본,,,,,,,,,,,,,,
,,#,신하은,4,1_기본,,,,,,,,,,,,,,
,,#,정다희,2,1_기본,,,,,,,,,,,,,,
,,,정다희,,1_기본,,joy,"<txt:size,2>우와, 해냈어! 우리가 해냈다고!!</txt:size> <cha:pop,정다희><wrt:break>믿기지가 않아. 우리 팀, 이번이 첫 출전인데 벌써 여기까지 오다니!!!","<txt:size,2>Oh my gosh! We did it!</txt:size> <cha:pop,정다희><wrt:break>I can't believe this. This is our first tournament, and look how far we made it!","<txt:size,2>うわあ、やった！私たちがやったんだよ！！</txt:size><cha:pop,정다희><wrt:break>信じられない。うちのチーム、今回が初出場なのに、もうここまで来るなんて！！！","<txt:size,2>哇啊，赢了！我们赢了！！</txt:size> <cha:pop,정다희><wrt:break>简直不敢相信。我们队才第一次参赛，居然就已经走到这里了！！！","<txt:size,2>哇，贏了！我們贏了！！</txt:size> <cha:pop,정다희><wrt:break>真不敢相信。我們球隊明明是第一次參賽，居然已經打到這裡了！！！","<txt:size,2>Ура, мы сделали это!!!</txt:size> <cha:pop,정다희><wrt:break> Не могу поверить. Наш первый турнир, и мы в финале!","<txt:size,2>Oh Tuhan! Kita berjaya!</txt:size> <cha:pop,정다희><wrt:break>Sukar dipercayai. Ini kejohanan pertama kita, dan tengoklah sejauh mana kita dah melangkah!","<txt:size,2>Wow, làm được rồi! Chúng ta làm được rồi!!</txt:size> <cha:pop,정다희><wrt:break>Không thể tin nổi. Đội chúng ta mới tham gia lần đầu mà đã đi được đến tận đây!!!","<txt:size,2>¡Guau, lo logramos! ¡Lo logramos de verdad! </txt:size><cha:pop,정다희><wrt:break>No lo puedo creer. ¡Es la primera vez que nuestro equipo participa y ya llegamos hasta aquí!","<txt:size,2>Wah, kita telah berhasil!!</txt:size> <cha:pop,정다희><wrt:break>Aku masih tidak percaya. Padahal ini adalah turnamen pertama kita, tapi kita sudah berhasil melaju sejauh ini!!!","<txt:size,2>ว้าว ทำได้แล้ว! เราทำได้แล้ว!!</txt:size> <cha:pop,정다희><wrt:break>ไม่อยากจะเชื่อเลย ทีมของเราเพิ่งลงแข่งรายการนี้เป็นครั้งแรกแท้ๆ แต่มาไกลถึงขนาดนี้ได้!!!","<txt:size,2>Incrível! A gente conseguiu!</txt:size> <cha:pop,정다희><wrt:break>É a nossa primeira participação e já chegamos até aqui!"
,,,정다희,,1_기본,,,"이러다 우리, 본선 진출까지 하는 거 아냐? <txt:shake,1>어쩌면 진짜 나...</txt:shake>","Are we really making it to the playoffs? <txt:shake,1>Maybe I'll...</txt:shake>","このままいったら、私たち本選まで行けちゃうんじゃない？<txt:shake,1>もしかしたら本当に私‥</txt:shake>","再这样下去，我们不会真的能打进正赛吧？<txt:shake,1>说不定我真的‥</txt:shake>","再這樣下去，我們說不定真的能打進正賽耶？<txt:shake,1>說不定我真的‥</txt:shake>","А вдруг дальше пройдем? <txt:shake,1>Я тогда...</txt:shake>","Kalau begini, mungkin kita betul-betul dapat mara ke pusingan utama? <txt:shake,1>Mungkin saya benar-benar...</txt:shake>","Cứ thế này, biết đâu chúng ta thật sự vào được Vòng Chính thì sao? <txt:shake,1>Có khi tôi thật sự...</txt:shake>","A este paso, ¿no creen que podríamos llegar hasta la fase final? <txt:shake,1>Tal vez hasta yo...</txt:shake>","Kalau terus begini, jangan-jangan kita bisa lolos ke babak utama? <txt:shake,1>Mungkin aku benar-benar bisa...</txt:shake>","ถ้าเป็นแบบนี้ล่ะก็ ไม่ใช่ว่าเราจะไปถึงรอบหลักเลยเหรอ? <txt:shake,1>ไม่แน่ว่าฉันอาจจะ...</txt:shake>","Será que a gente vai até a fase principal? <txt:shake,1>Talvez eu realmente...</txt:shake>"
,,,정다희,,3_활짝,,,"다들 그동안 연습한 보람이 있네! 너희들 정말 최고야, 너무 멋져!",All that hard work paid off! You guys are the best!,みんな、これまで練習してきた甲斐があったね！あなたたち本当に最高、マジでかっこいいよ！,大家这段时间的努力总算没有白费！你们真的是最棒的，太帅了！,大家這段時間的練習總算沒有白費！你們真的太棒了，超帥的！,"Все тренировки были не зря! Ребята, вы лучшие!",Berhasil juga semua usaha gigih kita! Kamu semua memang terbaik!,"Công tập luyện suốt thời gian qua đã được đền đáp rồi! Mọi người đúng là tuyệt nhất, ngầu quá đi!",¡Se nota que todo lo que entrenamos dio resultado! ¡De verdad son geniales!,Semua latihan keras kita akhirnya terbayar! Kalian semua benar-benar luar biasa!,คุ้มค่าสมกับที่ทุกคนซ้อมกันมาเลยเนอะ! พวกนายสุดยอดเลย ยอดเยี่ยมมาก!,Valeu a pena todo o treino até aqui! Vocês são os melhores!
,,,정다희,,2_헤헤,,,"헤헷, 난 선생님께 보고 드리고 올게!<cha:pos,정다희,4>","Heheh, I'll go report the score to the teacher!<cha:pos,정다희,4>","へへっ、私、先生に報告してくるね！<cha:pos,정다희,4>","嘿嘿，我去向老师汇报一下好消息！<cha:pos,정다희,4>","嘿嘿，我去跟老師報告一下！<cha:pos,정다희,4>","Хе-хе, пойду расскажу все учителям.<cha:pos,정다희,4>","Heheh, saya akan laporkan skor kepada cikgu!<cha:pos,정다희,4>","He he, tôi đi báo cáo với thầy đây!<cha:pos,정다희,4>","Jeje, ¡iré a avisarle al profesor!<cha:pos,정다희,4>","Hehe, aku akan pergi untuk melaporkan pada guru!<cha:pos,정다희,4>","ฮิฮิ เดี๋ยวฉันไปรายงานครูก่อนนะ!<cha:pos,정다희,4>","Hehe, já volto, vou contar pro professor!<cha:pos,정다희,4>"
,,,백시우,,1_웃음,,,"...후유!! 이겨서 정말 다행이다.<sys:quiet,1000>","...Phew! It's such a relief that we won.<sys:quiet,1000>","‥ふぅ！！勝てて本当によかった。<sys:quiet,1000>","‥呼！！能赢真是太好了。<sys:quiet,1000>","‥呼！！能贏真是太好了。<sys:quiet,1000>","Фух! Мы справились.<sys:quiet,1000>","...Fuh! Lega betul kita menang.<sys:quiet,1000>","...Phù!! Thắng được thật may quá.<sys:quiet,1000>","¡Fiu! Qué alivio haber ganado.<sys:quiet,1000>","...Hyuh!! Syukurlah kita menang.<sys:quiet,1000>","...ฮู้ว!! ค่อยยังชั่วที่ชนะ<sys:quiet,1000>","Ufa! Ainda bem que a gente ganhou!<sys:quiet,1000>"
,,,백시우,,1_기본,,,"이제 남은 경기는... <wrt:wait,25>결승전, <txt:bold,2>지산고</txt:bold> 하나뿐인가.","And next... <wrt:wait,25>is the final, against <txt:bold,2>Jisan High</txt:bold>.","これで残る試合は‥<wrt:wait,25>決勝戦、<txt:bold,2>芝山高校</txt:bold>だけか。","现在剩下的比赛‥<wrt:wait,25>就只有和<txt:bold,2>智山高中</txt:bold>的决赛了。","現在剩下的比賽‥<wrt:wait,25>就只有對上<txt:bold,2>智山高中</txt:bold>的決賽了嗎。","Остался только финал... <wrt:wait,25>Со школой <txt:bold,2>«Чжисан»</txt:bold>.","Dan seterusnya... <wrt:wait,25>ialah perlawanan akhir, menentang <txt:bold,2>Jisan High</txt:bold>.","Bây giờ chỉ còn lại... <wrt:wait,25>trận chung kết với <txt:bold,2>Trường THPT Jisan</txt:bold> thôi sao.","Ahora el único partido que queda es...<wrt:wait,25> la final contra la <txt:bold,2>Escuela Jisan</txt:bold>.","Sekarang hanya tinggal pertandingan... <wrt:wait,25>Final melawan <txt:bold,2>SMA Jisan</txt:bold>.","ตอนนี้การแข่งขันที่เหลือก็คือ... <wrt:wait,25>รอบชิงชนะเลิศกับ<txt:bold,2>มัธยมจีซัน</txt:bold>เท่านั้นสินะ","Agora só resta uma partida... <wrt:wait,25>a final contra o <txt:bold,2>Colégio Jisan</txt:bold>."
,,,TAG,,,,,"<cha:pos,신하은,2><sys:bgm,BGM_THE_SECOND_MOVE,1000>","<cha:pos,신하은,2><sys:bgm,BGM_THE_SECOND_MOVE,1000>","<cha:pos,신하은,2><sys:bgm,BGM_THE_SECOND_MOVE,1000>","<cha:pos,신하은,2><sys:bgm,BGM_THE_SECOND_MOVE,1000>","<cha:pos,신하은,2><sys:bgm,BGM_THE_SECOND_MOVE,1000>","<cha:pos,신하은,2><sys:bgm,BGM_THE_SECOND_MOVE,1000>","<cha:pos,신하은,2><sys:bgm,BGM_THE_SECOND_MOVE,1000>","<cha:pos,신하은,2><sys:bgm,BGM_THE_SECOND_MOVE,1000>","<cha:pos,신하은,2><sys:bgm,BGM_THE_SECOND_MOVE,1000>","<cha:pos,신하은,2><sys:bgm,BGM_THE_SECOND_MOVE,1000>","<cha:pos,신하은,2><sys:bgm,BGM_THE_SECOND_MOVE,1000>","<cha:pos,신하은,2><sys:bgm,BGM_THE_SECOND_MOVE,1000>"
,,,신하은,,1_우쭐,,,안녕~! 너 진짜 제법이더라~!,Hey! You really showed them what's what earlier!,やっほ～！あなた、なかなかやるじゃん～！,哟～！你还挺厉害的嘛～！,嗨～！你還滿厲害的嘛～！,Привет! А ты и правда неплохо играешь.,Hai! Hebat juga kamu tadi!,Chào~! Cậu đúng là khá lắm đó~!,Hola. Debo admitir que juegas bastante bien.,"Hai~! Ternyata kamu memang lumayan hebat juga, ya~!",สวัสดี~! นายฝีมือไม่เบาเลยจริงๆ~!,E aí! Vocês mandaram bem demais!
,,,백시우,,1_무표정,,,...,...,‥,‥,‥,...,...,...,...,...,...,...
,,,신하은,,1_기본,,,"에이, 그렇게 경계하지 마~ 나 너희 팀 시합하는 거 다 지켜봤다구?","Oh, come on. No need to be so hostile. I watched your match!",え～、やだぁ、そんなに警戒しないでよぉ～。私さ、あなたたちのチームの試合、全部見てたんだからね？,哎呀，别那么戒备嘛～你们队的比赛我可是一场不落地全看了哦？,哎呀，別那麼有戒心嘛～你們球隊的比賽我可全都看了喔？,Да не бойся меня. Я весь ваш матч посмотрела.,Janganlah begitu. Tak perlu bermusuh sangat. Saya tengok perlawanan kamu!,"Này, đừng cảnh giác như vậy~ Tôi đã xem hết trận của đội các cậu đó!","Ay, no me mires con tanta desconfianza. Estuve viendo el partido.","Ayolah, kamu tidak perlu waspada begitu~ Aku menonton pertandingan kalian dari awal sampai akhir, lho!",แหม อย่าระแวงกันขนาดนั้นสิ~ ฉันดูการแข่งขันของทีมนายมาหมดเลยนะ,Relaxa! Eu assisti todas as partidas do seu time!
,,,신하은,,1_미소,,,"너 있잖아, 되게 열심히 하더라? 완전 날아다니더라니까!! <txt:wave,1>아하핫, 대단해~!</txt:wave>","You know, you played really hard. You were practically flying around! <txt:wave,1>Ahaha, incredible!</txt:wave>","あなたさ、すっごく頑張ってたよね？マジで飛び回ってたし！！<txt:wave,1>あははっ、すごいすごい～！</txt:wave>","你呀，还挺拼命的嘛？简直是在场上满场飞奔啊！！<txt:wave,1>啊哈哈，真了不起～！</txt:wave>","你啊，真的很拚命耶？在場上簡直是用飛的！！<txt:wave,1>啊哈哈，好厲害喔～！</txt:wave>","<txt:wave,1>Ты здорово сыграл!</txt:wave> Носился по всей площадке.","Kamu tahu, kamu dah main bersungguh-sungguh. Kamu seolah-olah terbang di gelanggang! <txt:wave,1>Ahaha, menakjubkan!</txt:wave>","Cậu cố gắng ghê nhỉ? Gần như bay trên sân luôn ấy!! <txt:wave,1>A ha ha, giỏi thật đó~!</txt:wave>","Y vi que jugaste con todo. ¡Te movías como si estuvieras volando! <txt:wave,1>Jajaja, nada mal.</txt:wave>","Kulihat kamu itu benar-benar bermain dengan giat! Seperti layaknya terbang kesana-sini!! <txt:wave,1>Hahaha, hebat sekali~!</txt:wave>","นายน่ะ เล่นเต็มที่สุดๆ เรียกว่าวิ่งไปทั่วสนามได้เลย!! <txt:wave,1>ฮ่าฮ่า สุดยอดมาก~!</txt:wave>","Ei, você se entregou mesmo ao jogo, hein? Tava literalmente voando em quadra! <txt:wave,1>Haha, muito bom!</txt:wave>"
,,,신하은,,1_기본,,,그 시끄러운 안경잡이가 빠졌는데도 결승까지 올라올 줄 솔직히 몰랐어.,"I didn't think you'd make it to finals, especially without that chatty kid with the glasses.",あのうるさいメガネが抜けたのに、決勝まで勝ち上がってくるなんて、正直思わなかったな。,说实话，那个吵死人的四眼仔不在，我还以为你们根本进不了决赛呢。,沒了那個吵死人的四眼田雞，你們居然還能打進決賽，老實說我滿驚訝的。,"Не думала, что без того болтливого очкарика вы дойдете до финала.","Tak sangka kamu berjaya masuk peringkat akhir, lebih-lebih lagi tanpa budak berkaca mata yang kecoh tu.",Thật lòng tôi không ngờ các cậu lại vào được chung kết dù thiếu cái cậu đeo kính ồn ào kia.,"Sinceramente, no esperaba que llegaran a la final sin ese escandaloso cuatro ojos.",Sejujurnya aku tidak menyangka kalian masih bisa lolos ke final tanpa si kacamata berisik itu.,พูดตามตรงนะ ไม่คิดเลยว่าพวกนายจะมาถึงรอบชิงชนะเลิศได้ ทั้งที่ไม่มีเจ้าแว่นช่างจ้อนั่นน่ะ,"Sinceramente, não achei que vocês iam chegar à final sem aquele cara dos óculos que não para de falar."
,,,신하은,,1_우쭐,,,"<txt:wave,1><txt:bold,2>대지고</txt:bold> 같은 건~ 당연히 1차전에서 떨어질 줄 알았거든~</txt:wave>","<txt:wave,1>I mean, it would've made way more sense for <txt:bold,2>Terra High</txt:bold> to get knocked out in the first round!</txt:wave>","<txt:wave,1><txt:bold,2>大地高校</txt:bold>なんて～当然1回戦で落ちるって思ってたからさぁ～。</txt:wave>","毕竟像<txt:wave,1><txt:bold,2>大地高中</txt:bold>这种队伍～理所当然应该在第一轮就被淘汰的嘛～</txt:wave>","<txt:wave,1>畢竟像<txt:bold,2>大地高中</txt:bold>那種隊伍～我本來以為第一輪就會被淘汰的說～</txt:wave>","<txt:wave,1>Удивительно, что школа <txt:bold,2>«Тэчжи»</txt:bold> не вылетела в первом матче.</txt:wave>","<txt:wave,1>Maksud saya, lagi logik kalau <txt:bold,2>Terra High</txt:bold> tersingkir di pusingan pertama!</txt:wave>","<txt:wave,1>Tôi cứ nghĩ một đội như <txt:bold,2>Trường THPT Đại Địa</txt:bold>~ chắc chắn sẽ bị loại ngay từ trận đầu cơ~</txt:wave>","<txt:wave,1>Creí que quedarían fuera desde el primer partido.</txt:wave>","Kukira sekolah seperti <txt:wave,1><txt:bold,2>SMA DaeJi</txt:bold>~ pasti bakal langsung tersingkir di pertandingan pertama~</txt:wave>","นึกว่าอย่าง<txt:wave,1><txt:bold,2>มัธยมแดจี</txt:bold>~ จะร่วงตั้งแต่รอบแรกแล้วซะอีก~</txt:wave>","Eu jurava que o <txt:wave,1><txt:bold,2>Colégio Daeji</txt:bold> nem passaria da primeira rodada!</txt:wave>"
,,,백시우,,1_기본,,,...너...!,...You...!,‥ちょっと‥！,‥你这家伙‥！,‥妳‥！,Эй!,...Kamu ni...!,...Cậu...!,¡Oye‥!,...Kamu itu...,...เธอ...!,Você...
,,,신하은,,1_기본,,,틀린 말 한 건 아니잖아~ 너흰 약하니까.,"It's all true, though. You're weak.",間違ったこと言ってないでしょ～。あなたたち弱いんだし。,我又没说错～因为你们弱啊。,我又沒說錯～因為你們本來就很弱啊。,А что такого? Вы ведь слабая команда.,"Tapi, memang betul. Kamu lemah.",Tôi đâu có nói sai~ Các cậu yếu thật mà.,No estoy mintiendo. Su equipo es débil.,Memang ada yang salah~? Kalian itu kan memang lemah.,ฉันไม่ได้พูดผิดสักหน่อย~ ก็พวกนายอ่อนจริงๆ นี่นา,Só estou dizendo a verdade! Vocês são fracos!
,,,신하은,,1_기본,,,"그래서 난 <txt:bold,2><txt:color,orange>다희</txt:color></txt:bold>가 애초에 <txt:bold,2>대지고</txt:bold> 같은 데 가지 않았으면 했던 거라구.","That's why I didn't want <txt:bold,2><txt:color,orange>Dahee</txt:color></txt:bold> to go to <txt:bold,2>Terra High</txt:bold> in the first place.","だから私は、<txt:bold,2><txt:color,orange>夏希</txt:color></txt:bold>には最初から<txt:bold,2>大地高校</txt:bold>なんかに行ってほしくなかったの。","所以我从一开始就不希望<txt:bold,2><txt:color,orange>多熙</txt:color></txt:bold>去什么<txt:bold,2>大地高中</txt:bold>。","所以我一開始才不希望<txt:bold,2><txt:color,orange>多熙</txt:color></txt:bold>去<txt:bold,2>大地高中</txt:bold>那種地方嘛。","Вот почему мне всегда казалось, что<txt:bold,2><txt:color,orange> Дахи</txt:color></txt:bold> здесь не место.","Sebab itulah dari awal lagi saya tak mahu <txt:bold,2><txt:color,orange>Dahee</txt:color></txt:bold> pergi ke <txt:bold,2>Terra High</txt:bold>.","Vậy nên ngay từ đầu tôi đã không muốn <txt:bold,2><txt:color,orange>Dahee</txt:color></txt:bold> vào một nơi như <txt:bold,2>Trường THPT Đại Địa</txt:bold>.","Por eso siempre pensé que <txt:bold,2><txt:color,orange>Dahee</txt:color></txt:bold> no debía haber ido a la<txt:bold,2> Escuela Daeji</txt:bold>.","Maka dari itu sejak awal aku berharap <txt:bold,2><txt:color,orange>Dahee</txt:color></txt:bold> tidak memilih sekolah seperti <txt:bold,2>SMA DaeJi</txt:bold>.","เพราะงั้นฉันถึงไม่อยากให้<txt:bold,2><txt:color,orange>ดาฮี</txt:color></txt:bold>ไปเข้า<txt:bold,2>มัธยมแดจี</txt:bold>ตั้งแต่แรกยังไงล่ะ","É por isso que eu queria que a <txt:bold,2><txt:color,orange>Dahee</txt:color></txt:bold> não tivesse ido pro <txt:bold,2>Colégio Daeji</txt:bold>."
,,,신하은,,1_미소,,,그 애는 훨씬 더 좋은 환경에서 배구를 해야 한단 말이야.,She should be playing volleyball in a much better environment.,あの子は、もっとずっといい環境でバレーをするべきなんだから。,她应该在更好的环境里打排球才对。,她應該在更好的環境裡打排球才對。,Она заслуживает сильную команду.,Dia patut bermain bola tampar dalam suasana yang jauh lebih baik.,Cậu ấy xứng đáng được chơi bóng chuyền trong một môi trường tốt hơn nhiều.,Ella merece jugar voleibol en un lugar mucho más adecuado.,Dia pantas bermain di tempat dengan lingkungan yang jauh lebih baik dari ini.,ยัยนั่นควรได้เล่นวอลเลย์บอลในสภาพแวดล้อมที่ดีกว่านี้มาก,Ela deveria estar em um time mais estruturado.
,,,백시우,,1_엥,pause,,...응?,...Huh?,‥ん？,‥嗯？,‥嗯？,А?,...Apa?,...Hả?,¿Qué?,...Hmm?,...หืม?,O quê?
,,,신하은,,1_우쭐,,,"널 기다리고 있던 건 다른 건 아니구, 대지고 배구부가 어떻게 이렇게 변했는지 궁금해서 말이야~",I was waiting for you because I wanted to know how the Terra High volleyball team changed so much.,あなたを待ってたのは別に深い意味はないんだけど、大地高校バレー部がなんでこんなに変わったのか気になっちゃって～。,我在这里等你也不是为了别的，就是好奇大地高中排球部是怎么突然脱胎换骨的～,我特地等你也不是為了別的事，只是很好奇大地高中排球部怎麼會突然變得這麼強～,"Я хотела с тобой поговорить. И узнать, как вы так быстро выросли.",Saya tunggu kamu sebab nak tahu macam mana kelab bola tampar Terra High boleh berubah sampai begini.,Tôi chỉ tò mò không biết CLB Bóng Chuyền Trường THPT Đại Địa đã thay đổi thế nào nên mới chờ cậu thôi~,"Si te estaba esperando, era porque me daba curiosidad cómo el club de voleibol de la Escuela Daeji cambió tanto.",Sebenarnya aku menunggumu cuma karena penasaran. Bagaimana klub bola voli SMA DaeJi bisa berubah sampai sejauh ini~,ที่ฉันรอนายก็ไม่ใช่อะไรหรอกนะ แค่สงสัยว่าชมรมวอลเลย์บอลมัธยมแดจีเปลี่ยนไปขนาดนี้ได้ยังไงน่ะ~,Eu não tava te esperando por outro motivo... eu só queria saber como o time de vôlei do Colégio Daeji mudou tanto assim.
,,,신하은,,1_기본,,,그 사이에 무슨 일이 있었던 거야?,What happened?,この間に一体何があったわけ？,这段时间到底发生了什么事？,這段時間到底發生了什麼事啊？,Что случилось за это время?,Apa dah berlaku?,Trong thời gian đó đã có chuyện gì xảy ra vậy?,¿Qué pasó en todo este tiempo?,Apa yang telah terjadi sejak pertemuan terakhir kita?,ช่วงที่ผ่านมาเกิดอะไรขึ้นเหรอ?,O que será que aconteceu nesse meio tempo?
,,,신하은,,1_우쭐,,,"아핫, 설마 갑자기 모두가 프로 선수를 목표로 하겠다고 다짐한 건, 아니지?","Ahaha, did all the students suddenly decide to go pro or something?",あはっ、まさか急にみんなでプロ選手を目指すことにした、とかじゃないよね？,啊哈，总不能是所有人突然集体立志要成为职业选手了吧？,啊哈，該不會是大家突然決定要以成為職業選手為目標了吧？,Решили внезапно стать профи?,"Ahaha, semua pelajar tiba-tiba mahu jadi pro?","A ha, không lẽ tự nhiên cả đội đều quyết tâm nhắm đến mục tiêu trở thành tuyển thủ chuyên nghiệp rồi sao?","Jaja, no me digas que de pronto todos se propusieron convertirse en jugadores profesionales.","Ahaha, jangan bilang tiba-tiba semua anggota memutuskan ingin jadi atlet profesional?",ฮะฮ่า คงไม่ใช่ว่าจู่ๆ ทุกคนก็ตั้งเป้าว่าจะเป็นนักกีฬาอาชีพกันหรอกใช่ไหม?,"Haha, não me diga que todo mundo resolveu virar aspirante a profissional de repente!"
,,,백시우,,1_결연,,,"......<wrt:wait,25>하하, 별건 아냐.","...<wrt:wait,25>Haha, nothing so serious.","‥‥<wrt:wait,25>はは、大したことじゃないよ。","‥<wrt:wait,25>哈哈，也没什么特别的。","‥<wrt:wait,25>哈哈，沒什麼特別的。","......<wrt:wait,25>Ха-ха, ничего такого.","...<wrt:wait,25>Haha, tak ada apa-apa pun.","...<wrt:wait,25>Ha ha, cũng chẳng có gì đặc biệt.","... <wrt:wait,25>Jaja, no pasó nada especial.","......<wrt:wait,25>Haha, bukan hal besar.","......<wrt:wait,25>ฮะฮะ ไม่ได้มีอะไรหรอก","Hum... <wrt:wait,25>Haha, nada especial."
,,,백시우,,1_기본,,,그냥 이기고 싶어서.,We just wanted to win.,ただ勝ちたくてさ。,只是单纯地想赢而已。,就只是想贏而已。,Мы просто захотели победить.,Kita cuma mahu menang.,Chỉ là tôi muốn thắng thôi.,Solo queríamos ganar.,Aku hanya ingin menang saja.,ก็แค่อยากชนะเท่านั้นแหละ,A gente só queria vencer.
,,,신하은,,1_기본,,silent,흐음~,Hmm...,ふ～ん。,嗯～,哼嗯～,Хм...,Hmm...,Hừm~,Mmm...,Hmm~,อืม~,Hum!
,,,백시우,,1_기본,,,처음엔 나도 이렇게까지 할 생각은 없었는데.,I never thought I'd go this far.,最初は俺も、ここまでやるつもりはなかったんだけど。,其实一开始我也没打算做到这个地步的。,一開始我也沒打算做到這種地步。,Поначалу я сам не собирался так выкладываться.,Saya tak pernah fikir saya akan pergi sejauh ini.,Ban đầu tôi cũng không định làm đến mức này.,"Al comienzo, yo tampoco pensaba llegar tan lejos.",Awalnya aku juga tidak berniat seserius ini.,ตอนแรกฉันก็ไม่ได้คิดจะจริงจังถึงขนาดนี้หรอก,"No começo, eu também não queria levar isso tão a sério..."
,,,백시우,,1_웃음,,,"싫어도 알게 되더라고. <txt:bold,2><txt:color,orange>다희</txt:color></txt:bold>가 얼마나 배구를 좋아하는지.","But I realized how much <txt:bold,2><txt:color,orange>Dahee</txt:color></txt:bold> loves volleyball.","嫌でも気づくんだよ。<txt:bold,2><txt:color,orange>夏希</txt:color></txt:bold>がどれだけバレーを好きなのかって。","可就算不想在意，也能看得出来，<txt:bold,2><txt:color,orange>多熙</txt:color></txt:bold>有多喜欢排球。","但就算不想知道也會發現，<txt:bold,2><txt:color,orange>多熙</txt:color></txt:bold>是多麼地熱愛排球。","Но потом осознал, как сильно <txt:bold,2><txt:color,orange>Дахи</txt:color></txt:bold> любит волейбол.","Tapi saya sedar betapa <txt:bold,2><txt:color,orange>Dahee</txt:color></txt:bold> menyukai bola tampar.","Nhưng dù không muốn, tôi cũng nhận ra. <txt:bold,2><txt:color,orange>Dahee</txt:color></txt:bold> thích bóng chuyền đến mức nào.","Pero terminé dándome cuenta de cuánto ama <txt:bold,2><txt:color,orange>Dahee</txt:color></txt:bold> el voleibol.","Tapi mau tidak mau aku tersadar. Betapa besar rasa cinta <txt:bold,2><txt:color,orange>Dahee</txt:color></txt:bold> terhadap bola voli.","แต่ต่อให้ไม่อยากรู้ก็ยังรู้เลย ว่า<txt:bold,2><txt:color,orange>ดาฮี</txt:color></txt:bold>รักวอลเลย์บอลมากขนาดไหน","Mas acabei entendendo o quanto a <txt:bold,2><txt:color,orange>Dahee</txt:color></txt:bold> gosta de vôlei."
,,,백시우,,1_기본,,,"항상 체육관에 가장 일찍 나오고, 매일 밤새워 가며 다른 팀 영상 분석하고.","She's the first to come to the gym, she stays up until late to analyze and study other teams' videos...",いつも誰よりも早く体育館に来て、毎晩徹夜で他のチームの映像を分析してさ。,总是第一个到体育馆，每天熬夜分析其他队伍的比赛录像。,總是第一個到體育館，每天熬夜分析其他球隊的影片。,Она всегда приходит в зал раньше всех и ночами разбирает игры других команд.,"Dia orang pertama datang ke gim, dia balik lambat untuk menganalisis dan mengkaji video pasukan lain...","Cậu ấy lúc nào cũng đến nhà thi đấu sớm nhất, đêm nào cũng thức để phân tích video của các đội khác.","Siempre era la primera en llegar al gimnasio, y se desvelaba todos los días analizando videos de otros equipos.",Dia selalu datang paling awal ke gedung olahraga dan begadang setiap malam untuk menganalisis video tim lain.,ทั้งมาถึงโรงยิมก่อนใครเสมอ แล้วก็อดหลับอดนอนวิเคราะห์คลิปการเล่นของทีมอื่นทุกวัน,Ela sempre chega cedo na quadra e passa noites analisando vídeos de outros times.
,,,백시우,,1_기본,,,"<txt:bold,2>대지고</txt:bold> 배구부에서 그만큼 노력하는 사람은 달리 없을 정도야.","There's no one who works as hard in the <txt:bold,2>Terra High</txt:bold> volleyball team.","<txt:bold,2>大地高校</txt:bold>バレー部で、あそこまで努力してる奴は他にいないくらいだよ。","在<txt:bold,2>大地高中</txt:bold>排球部里，绝对找不出第二个像她那样努力的人。","在<txt:bold,2>大地高中</txt:bold>排球部裡，大概找不到第二個像她那麼努力的人了。","<txt:bold,2><txt:color,orange>Дахи</txt:color></txt:bold> больше всех работает в нашей команде.","Tiada sesiapa pun dalam pasukan bola tampar <txt:bold,2>Terra High</txt:bold> yang berusaha segigih dia.","Trong CLB Bóng Chuyền <txt:bold,2>Trường THPT Đại Địa</txt:bold>, không ai cố gắng nhiều như cậu ấy cả.","En el club de voleibol de nuestra <txt:bold,2>escuela</txt:bold>, nadie se esfuerza tanto como ella.","Tidak ada yang bekerja sekeras dia di klub bola voli <txt:bold,2>SMA DaeJi</txt:bold>.","พูดได้เลยว่าในชมรมวอลเลย์บอล<txt:bold,2>มัธยมแดจี</txt:bold> ไม่มีใครทุ่มเทเท่านั้นแล้ว","Não há ninguém no time do <txt:bold,2>Colégio Daeji</txt:bold> que se dedique mais do que ela."
,,,백시우,,1_결연,,,그렇게 열심히 하는 사람은 어떻게든 응원하고 싶어져.,And it makes you want to root for her.,だからあんなに頑張ってる奴を見たら、どうしても応援したくなるんだ。,看到那么拼命的人，任谁都会想尽全力去支持她吧。,看到那麼努力的人，任誰都會想替她加油的。,"Когда человек так старается, его хочется поддержать.",Dan itu buat kita rasa nak sokong dia.,"Thấy một người nỗ lực đến thế, kiểu gì cũng muốn cổ vũ cho cậu ấy.",Y es imposible no querer apoyar a alguien que da tanto de sí.,"Melihat seseorang berusaha sampai sejauh itu, membuatku jadi ingin mendukungnya.",ฉันเลยอยากให้กำลังใจคนที่มุ่งมั่นพยายามขนาดนั้น,Eu acabo querendo torcer por pessoas assim.
,,,백시우,,1_결연,,,난 그 애가 배구를 계속하면 좋겠어.,I want her to continue volleyball.,俺は夏希に、バレーを続けてほしい。,我希望她能一直把排球打下去。,我希望她能繼續打排球。,"Я очень хочу, чтобы она не бросала волейбол.",Saya mahu dia terus bermain bola tampar.,Tôi muốn cậu ấy tiếp tục chơi bóng chuyền.,Yo quiero que ella siga jugando voleibol.,Aku ingin dia terus bermain bola voli.,ฉันน่ะอยากให้เพื่อนคนนั้นเล่นวอลเลย์บอลต่อไป,Eu quero ver ela continuar no esporte.
,,,백시우,,1_기본,,,"너도 <txt:bold,2><txt:color,orange>다희</txt:color></txt:bold>의 친구라면 공감하지 않아?","Don't you feel the same way, as <txt:bold,2><txt:color,orange>Dahee's</txt:color></txt:bold> friend?","そっちも<txt:bold,2><txt:color,orange>夏希</txt:color></txt:bold>の友達なら、同じ気持ちなんじゃないのか？","既然你是<txt:bold,2><txt:color,orange>多熙</txt:color></txt:bold>的朋友，难道不能体会这种心情吗？","如果妳也是<txt:bold,2><txt:color,orange>多熙</txt:color></txt:bold>的朋友，難道不能體會這種心情嗎？",Ты ведь ее подруга. Разве тебе не хочется того же?,"Sebagai kawan <txt:bold,2><txt:color,orange>Dahee</txt:color></txt:bold>, kamu tak rasa benda yang sama?","Nếu cậu cũng là bạn của <txt:bold,2><txt:color,orange>Dahee</txt:color></txt:bold>, cậu cũng muốn vậy mà, đúng không?","Tú también eres su amiga, así que deberías entenderlo, ¿no?","Kalau kamu juga adalah teman <txt:bold,2><txt:color,orange>Dahee</txt:color></txt:bold>, aku yakin kamu paham perasaan ini.","ถ้าเธอเป็นเพื่อน<txt:bold,2><txt:color,orange>ดาฮี</txt:color></txt:bold>จริง เธอก็น่าจะเข้าใจไม่ใช่เหรอ?","Como amiga da <txt:bold,2><txt:color,orange>Dahee</txt:color></txt:bold>, você entende, certo?"
,,,신하은,,1_기본,pause,,"...<wrt:wait,30>야, 얼빠진 얼굴.","...<wrt:wait,30> Hey.","‥<wrt:wait,30>ねえ、ポカンとした顔の人。","‥<wrt:wait,30>喂，呆瓜脸。","‥<wrt:wait,30>喂，一臉呆樣的。","...<wrt:wait,30>Какой наивный.","...<wrt:wait,30> Hei.","...<wrt:wait,30>Này, mặt ngơ.","... <wrt:wait,30>Oye, cara de perdido.","...<wrt:wait,30>Hei, si muka linglung.","...<wrt:wait,30>นี่ เจ้าหน้าเด๋อ","Ei! <wrt:wait,30>Mundo da lua!"
,,,신하은,,1_기본,pause,,"너, <txt:bold,2><txt:color,orange>다희</txt:color> 사정을 알고 있는 거야?</txt:bold>","Do you even know <txt:bold,2><txt:color,orange>Dahee's</txt:color> story?</txt:bold>","あなた、<txt:bold,2><txt:color,orange>夏希</txt:color>の事情を知ってるわけ？</txt:bold>","你，<txt:bold,2>知道<txt:color,orange>多熙</txt:color>家里的情况吗？</txt:bold>","你知道<txt:bold,2><txt:color,orange>多熙</txt:color>的狀況嗎？</txt:bold>","<txt:bold,2>Ты знаешь, что происходит у <txt:color,orange>Дахи</txt:color>?</txt:bold>","Kamu tahu keadaan sebenar <txt:bold,2><txt:color,orange>Dahee</txt:color>?</txt:bold>","Cậu <txt:bold,2>biết chuyện của <txt:color,orange>Dahee</txt:color> rồi sao?</txt:bold>","¿Acaso tú <txt:bold,2>sabes lo que está pasando con <txt:color,orange>Dahee</txt:color></txt:bold>?","Kamu <txt:bold,2>sudah tahu soal keadaan <txt:color,orange>Dahee</txt:color>?</txt:bold>","นายรู้เรื่องของ<txt:bold,2><txt:color,orange>ดาฮี</txt:color>อยู่แล้วเหรอ?</txt:bold>","Então você conhece a situação da <txt:bold,2><txt:color,orange>Dahee</txt:color>?</txt:bold>"
,,,백시우,,2_놀람,,exclam,...!,...!,‥！,‥！,‥！,...!,...!,...!,¡...!,...!,...!,...!
,,,신하은,,1_기본,,,"...<wrt:wait,25>그 표정을 보니 아나 보네.","...<wrt:wait,25>That face tells me you do.","‥<wrt:wait,25>その顔を見るに、知ってるみたいじゃん。","‥<wrt:wait,25>看你这表情，看来是知道的。","‥<wrt:wait,25>看你的表情，應該是知道了。","...<wrt:wait,25>Значит кое-что знаешь.","...<wrt:wait,25>Riak muka kamu dah tunjuk yang kamu tahu.","...<wrt:wait,25>Nhìn mặt cậu là biết cậu biết rồi.","... <wrt:wait,25>Por esa cara, veo que sí lo sabes.","...<wrt:wait,25>Melihat wajahmu, sepertinya kamu memang mengetahuinya.","...<wrt:wait,25>สีหน้าแบบนั้น ท่าทางว่าจะรู้สินะ","Hum... <wrt:wait,25>Sua cara já me diz tudo."
,,,신하은,,1_우쭐,,,"흐음, 뭐, 다행이네. <txt:bold,2><txt:color,orange>다희</txt:color></txt:bold>에게 든든한 아군이 생겨서.","Hmm, at least it's a relief to know that <txt:bold,2><txt:color,orange>Dahee</txt:color></txt:bold> has a reliable teammate.","ふーん、まあ、よかったわ。<txt:bold,2><txt:color,orange>夏希</txt:color></txt:bold>に頼もしい味方ができて。","唔，不过嘛，也好。<txt:bold,2><txt:color,orange>多熙</txt:color></txt:bold>也算有了个可靠的战友。","嗯哼，也好。看來<txt:bold,2><txt:color,orange>多熙</txt:color></txt:bold>身邊總算有個可靠的戰友了。","Хм, это даже к лучшему. Теперь <txt:bold,2><txt:color,orange>Дахи</txt:color></txt:bold> не одна.","Hmm, lega juga dapat tahu yang <txt:bold,2><txt:color,orange>Dahee</txt:color></txt:bold> ada rakan pasukan yang boleh diharap.","Hừm, thôi, vậy cũng mừng. Vì <txt:bold,2><txt:color,orange>Dahee</txt:color></txt:bold> đã có một đồng minh đáng tin.","Mmm, bueno, me alegra. <txt:bold,2><txt:color,orange>Dahee</txt:color></txt:bold> consiguió un aliado confiable.","Hmm, yah, baguslah. Sekarang <txt:bold,2><txt:color,orange>Dahee</txt:color></txt:bold> punya seseorang yang bisa benar-benar diandalkan.","อืม ก็นะ ค่อยยังชั่วแหละ ที่<txt:bold,2><txt:color,orange>ดาฮี</txt:color></txt:bold>มีพวกพ้องที่พึ่งพาได้","Hum, ainda bem. A <txt:bold,2><txt:color,orange>Dahee</txt:color></txt:bold> tem alguém do lado dela."
,,,백시우,,2_놀람,pause,,"너... <wrt:wait,25>다 알고 있던 거야?","You... <wrt:wait,25>Knew all along?","‥<wrt:wait,25>全部知ってたのか？","你‥<wrt:wait,25>你早就知道了？","妳‥<wrt:wait,25>難道早就知道了？","Ты тоже... <wrt:wait,25>Все знаешь?","Kamu... <wrt:wait,25>Tahu dari awal lagi?","Cậu... <wrt:wait,25>đã biết hết rồi sao?","¿Tú... <wrt:wait,25>ya lo sabías todo?","Kamu juga... <wrt:wait,25>Sudah mengetahui semuanya?","เธอ... <wrt:wait,25>รู้อยู่แล้วทั้งหมดเลยเหรอ?","Você... <wrt:wait,25>já sabia de tudo?"
,,,신하은,,1_기본,,,"당연하지, 난 <txt:bold,2><txt:color,orange>다희</txt:color></txt:bold>의 단짝이거든? 전부 알고 있어. 너랑 달리.",Of course. I'm her best friend. I know everything. Unlike you.,"当たり前じゃん、私、<txt:bold,2><txt:color,orange>夏希</txt:color></txt:bold>の親友だもん。全部知ってるよ。あなたとは違ってね。","那当然，我可是<txt:bold,2><txt:color,orange>多熙</txt:color></txt:bold>最好的闺蜜好吗？我什么都知道。跟你不一样。","那當然，我可是<txt:bold,2><txt:color,orange>多熙</txt:color></txt:bold>的死黨耶？我什麼都知道。跟你可不一樣。","Конечно, знаю. Мы же лучшие подруги. Не то что ты.",Mestilah. Saya kawan baik dia. Saya tahu semua. Bukan macam kamu.,"Tất nhiên, tôi là bạn thân của <txt:bold,2><txt:color,orange>Dahee</txt:color></txt:bold> mà? Tôi biết hết chứ không như cậu.",Por supuesto. Soy su mejor amiga. Lo sé todo. A diferencia de ti.,"Tentu saja, aku ini sahabat terbaik <txt:bold,2><txt:color,orange>Dahee</txt:color></txt:bold>. Berbeda denganmu, aku tahu semuanya.","แหงสิ ฉันเป็นเพื่อนซี้ของ<txt:bold,2><txt:color,orange>ดาฮี</txt:color></txt:bold>เชียวนะ ฉันรู้ทั้งหมดแหละ ไม่เหมือนกับนายหรอก","Claro, sou a melhor amiga da <txt:bold,2><txt:color,orange>Dahee</txt:color></txt:bold>. Eu sei de tudo. Diferente de você."
,,,신하은,,1_미소,,,나름대로 응원하고 있다구. 너희가 괜히 우리랑 친선 경기할 수 있었던 줄 알아?,I'm rooting for her in my own way. Why do you think we agreed to a friendly match with your team?,私なりに応援してんだからね。あなたたちが理由もなくうちらと練習試合できたとでも思ってるの？,我也用我自己的方式在支持她啊。你以为你们凭什么能跟我们打友谊赛？,我也一直在用我自己的方式幫她加油好嗎。你以為你們憑什麼能跟我們打友誼賽？,"Я тоже помогаю, просто по-своему. Думаешь, тот товарищеский матч с нашей командой сам себя организовал?",Saya sokong dia dengan cara tersendiri. Kamu rasa kenapa kami setuju nak buat perlawanan persahabatan dengan pasukan kamu?,Tôi cũng đang cổ vũ cậu ấy theo cách của mình đó. Cậu nghĩ tự nhiên mà các cậu được đấu giao hữu với bọn tôi sao?,Yo también la apoyo a mi manera. ¿Acaso crees que pudieron jugar un amistoso contra nosotros por pura casualidad?,Aku juga mendukungnya dengan caraku sendiri. Memangnya kalian bisa tanding persahabatan dengan kami begitu saja?,ฉันก็ให้กำลังใจในแบบของฉันอยู่เหมือนกัน คิดว่าพวกนายได้แข่งแมตช์กระชับมิตรกับพวกเราโดยบังเอิญรึไง?,Eu também tô do lado dela. Achou que esse amistoso contra a gente era por acaso?
,,,신하은,,1_우쭐,,,"여전히 <txt:bold,2>지산고</txt:bold>에 같이 안 온 건 조금 밉지만, 그렇다고 <txt:bold,2><txt:color,orange>다희</txt:color></txt:bold>가 배구를 그만뒀으면 하는 건 아니야.","I'm disappointed that she didn't come to <txt:bold,2>Jisan High</txt:bold> with me, but that doesn't mean I want her to quit volleyball.","いまだに<txt:bold,2>芝山高校</txt:bold>に一緒に来なかったのはちょっとムカつくけど、だからって<txt:bold,2><txt:color,orange>夏希</txt:color></txt:bold>にバレーを辞めてほしいわけじゃないし。","虽然她没跟我一起进<txt:bold,2>智山高中</txt:bold>这件事我还是有点生气，但我也不希望<txt:bold,2><txt:color,orange>多熙</txt:color></txt:bold>就这么放弃排球。","雖然對於她沒跟我一起進<txt:bold,2>智山高中</txt:bold>這件事，我還是有點生氣，但這並不代表我希望<txt:bold,2><txt:color,orange>多熙</txt:color></txt:bold>放棄排球。","Я немного злюсь, что <txt:bold,2><txt:color,orange>Дахи</txt:color></txt:bold> не пошла со мной в <txt:bold,2>«Чжисан»</txt:bold>. Но бросать волейбол она не должна.","Saya kecewa dia tak datang ke <txt:bold,2>Jisan High</txt:bold> bersama saya, tapi itu tak bermakna saya mahu dia berhenti main bola tampar.","Tôi vẫn hơi bực vì cậu ấy không chịu vào <txt:bold,2>Trường THPT Jisan</txt:bold> cùng tôi, nhưng không có nghĩa là tôi muốn <txt:bold,2><txt:color,orange>Dahee</txt:color></txt:bold> bỏ bóng chuyền.","Todavía me molesta un poco que no haya venido conmigo a <txt:bold,2>Jisan</txt:bold>, pero eso no significa que quiera que deje el voleibol.","Memang aku masih kesal karena <txt:bold,2><txt:color,orange>Dahee</txt:color></txt:bold> tidak jadi masuk ke <txt:bold,2>SMA Jisan</txt:bold> bersamaku. Tapi bukan berarti aku ingin dia berhenti bermain bola voli.","ถึงจะยังแอบโกรธนิดหน่อยที่ยัยนั่นไม่ยอมมา<txt:bold,2>มัธยมจีซัน</txt:bold>ด้วยกัน แต่ฉันก็ไม่ได้อยากให้<txt:bold,2><txt:color,orange>ดาฮี</txt:color></txt:bold>เลิกเล่นวอลเลย์บอลหรอก","Ainda fico chateada por ela não ter vindo pro <txt:bold,2>Colégio Jisan</txt:bold>... mas não quero que a <txt:bold,2><txt:color,orange>Dahee</txt:color></txt:bold> abandone o vôlei."
,,,백시우,,1_무표정,,,...,...,‥,‥,‥,...,...,...,...,...,...,...
,,,신하은,,1_기본,,,아무튼 열심히 해봐~ 최선을 다해 발버둥 쳐봐야 만족할 거 아니야?,"Anyway, good luck! You'll have to do everything you can to leave with no regrets.",とにかく頑張りなよ～。全力で足掻いてみないと満足できないでしょ？,总之，好好努力吧～总得拼尽全力挣扎一回，你才会甘心吧？,總之加油吧～畢竟總要拚盡全力掙扎過後，才會覺得心甘情願不是嗎？,"Ладно, старайся изо всех сил. Пока не выложишься до конца, ты же не успокоишься?","Apapun, semoga berjaya! Kamu kena buat segalanya supaya tak menyesal.","Dù sao thì cố lên nhé~ Cậu cũng phải dốc hết sức mới không thấy tiếc, đúng không?","En fin, da lo mejor de ti. Solo quedarás satisfecho si luchas con todo hasta el final, ¿no?","Pokoknya, coba lakukan yang terbaik~ Berjuanglah sampai titik terakhir supaya tidak ada penyesalan yang tersisa.",ยังไงก็เถอะ ลองพยายามเข้าแล้วกัน~ คนเราก็ต้องดิ้นรนให้สุดกำลังถึงจะพอใจไม่ใช่รึไง?,"Enfim, boa sorte! Você só vai se sentir bem se lutar até o final mesmo, não é?"
,,,신하은,,1_우쭐,,,"안 됐지만, 승부는 승부고, 우리에겐 <txt:bold,2><txt:color,orange>이영섭</txt:color></txt:bold>이 있으니까 최종 승자는 우리 <txt:bold,2>지산고</txt:bold>가 되겠지만 말이야.","Unfortunately, a match is a match, and we have <txt:bold,2><txt:color,orange>Yongsup Lee</txt:color></txt:bold>, so we'll be the ones to win.","残念だけど、勝負は勝負だし、うちには<txt:bold,2><txt:color,orange>佐藤一翔</txt:color></txt:bold>がいるから、結局勝つのはうちの<txt:bold,2>芝山高校</txt:bold>になるけどね。","虽然很遗憾，但比赛就是比赛，我们可是有<txt:bold,2><txt:color,orange>李英燮</txt:color></txt:bold>在，最后的赢家只会是我们<txt:bold,2>智山高中</txt:bold>。","雖然很遺憾，但比賽就是比賽，我們有<txt:bold,2><txt:color,orange>李英燮</txt:color></txt:bold>在，最後贏的一定會是我們<txt:bold,2>智山高中</txt:bold>。","Хотя мы все равно выиграем. У нас в команде <txt:bold,2><txt:color,orange>Ли Ёнсоб</txt:color></txt:bold>, а значит победитель — школа <txt:bold,2>«Чжисан»</txt:bold>.","Malangnya, perlawanan tetap perlawanan. Kami ada <txt:bold,2><txt:color,orange>Yongsup Lee</txt:color></txt:bold>, jadi Jisan High tetap akan jadi pemenang akhirnya.","Tiếc thật, nhưng thi đấu là thi đấu. Bọn tôi có <txt:bold,2><txt:color,orange>Lee Yeongseob</txt:color></txt:bold>, nên cuối cùng chiến thắng vẫn sẽ thuộc về <txt:bold,2>Trường THPT Jisan</txt:bold> thôi.","Me da pena, pero una competencia es una competencia. Y como tenemos a <txt:bold,2><txt:color,orange>Youngsup</txt:color></txt:bold>, sé muy bien que al final ganaremos nosotros.","Sayangnya, pertandingan tetaplah pertandingan. Dan <txt:bold,2>SMA Jisan</txt:bold> punya <txt:bold,2><txt:color,orange>Young Sup Lee</txt:color></txt:bold> jadi pemenang akhirnya sudah pasti adalah kami.","ถึงจะน่าเสียดาย แต่การแข่งขันก็คือการแข่งขัน แล้วพวกเราก็มี<txt:bold,2><txt:color,orange>อียองซอบ</txt:color></txt:bold>อยู่ด้วย เพราะงั้นสุดท้ายผู้ชนะก็คงจะเป็น<txt:bold,2>มัธยมจีซัน</txt:bold>นั่นแหละ","Desculpa, mas jogo é jogo. E com o <txt:bold,2><txt:color,orange>Youngsup Lee</txt:color></txt:bold>, o <txt:bold,2>Colégio Jisan</txt:bold> vai ganhar."
,,,백시우,,1_결연,,,"응, 좋은 경기하자. 잘 부탁해.","Sure. Well, I look forward to the match.",ああ、いい試合をしよう。よろしく頼む。,嗯，希望能打出一场精彩的比赛。请多指教。,嗯，讓我們打一場精彩的比賽吧。請多指教。,"Что ж, хорошей нам игры.","Dah tentu. Baiklah, tak sabar saya menunggu perlawanan tu.","Ừ, cùng chơi một trận thật hay nhé.",De acuerdo. Hagamos que sea un buen partido.,Ya. Mari kita bertanding dengan baik.,อื้ม มาแข่งให้สนุกกันเถอะ ฝากตัวด้วยนะ,"Certo, boa sorte. Vamos fazer um bom jogo."
,,,신하은,,1_기본,,,"그래, 난 이만 가볼게~",Yeah. See you later!,うん、じゃあ私、もう行くね～。,行了，我先走了～,好啦，那我先走囉～,"Ладно, я пойду.",Ya. Jumpa lagi nanti!,"Được, vậy tôi đi đây~","Bien, ya me voy.","Kalau begitu, aku pergi dulu~",อืม ฉันไปก่อนล่ะ~,Então eu vou indo!
,,,신하은,,1_우쭐,,,"<wrt:delay,5>...열심히 해봐, 에이스.</wrt:delay>","<wrt:delay,5>...Give it your all, Ace.</wrt:delay>","<wrt:delay,5>‥せいぜい頑張りなよ、エースさん。</wrt:delay>","<wrt:delay,5>‥好好表现吧，王牌。</wrt:delay>","<wrt:delay,5>‥好好加油吧，王牌。</wrt:delay>","<wrt:delay,5>Выложись на полную, лидер.</wrt:delay>","<wrt:delay,5>...Buat yang terbaik, Pemain Handalan.</wrt:delay>","<wrt:delay,5>...Cố gắng lên nhé, át chủ bài.</wrt:delay>","<wrt:delay,5>Échale ganas, as.</wrt:delay>","<wrt:delay,5>...Berjuanglah sekuat tenaga, Ace.</wrt:delay>","<wrt:delay,5>...พยายามเข้านะ เอซ</wrt:delay>","<wrt:delay,5>...Dê o seu melhor, craque.</wrt:delay>"
,,,TAG,,,,,"<cha:pos,신하은,4><cha:pos,백시우,0>","<cha:pos,신하은,4><cha:pos,백시우,0>","<cha:pos,신하은,4><cha:pos,백시우,0>","<cha:pos,신하은,4><cha:pos,백시우,0>","<cha:pos,신하은,4><cha:pos,백시우,0>","<cha:pos,신하은,4><cha:pos,백시우,0>","<cha:pos,신하은,4><cha:pos,백시우,0>","<cha:pos,신하은,4><cha:pos,백시우,0>","<cha:pos,신하은,4><cha:pos,백시우,0>","<cha:pos,신하은,4><cha:pos,백시우,0>","<cha:pos,신하은,4><cha:pos,백시우,0>","<cha:pos,신하은,4><cha:pos,백시우,0>"
,,,백시우,,1_무표정,,,...,...,‥,‥,‥,...,...,...,...,...,...,...
,,,백시우,,1_결연,,,"...<wrt:wait,25>네가 말하지 않아도 그럴 거야.","...<wrt:wait,25>You don't have to tell me twice.","‥<wrt:wait,25>君に言われなくても、そのつもりだよ。","‥<wrt:wait,25>不用你说我也会的。","‥<wrt:wait,25>就算妳不說，我也會的。","...<wrt:wait,25>И без твоих слов сделаю.","...<wrt:wait,25>Kamu tak perlu beritahu saya dua kali.","...<wrt:wait,25>Cậu không nói thì tôi cũng sẽ làm vậy.","...<wrt:wait,25> Eso pienso hacer, aunque no me lo pidieras.","...<wrt:wait,25>Tanpa perlu kamu mengatakannya, memang itu yang akan kulakukan.","...<wrt:wait,25>ต่อให้เธอไม่บอก ฉันก็จะพยายามอยู่แล้วล่ะ","Ugh... <wrt:wait,25>nem precisava falar. Eu já ia dar o meu melhor mesmo."
10,경기 전,#,MAP,,,,,,,,,,,,,,,,
,,#,BGM,,,,,BGM_CHAPTER1_OPENING_2,BGM_CHAPTER1_OPENING_2,BGM_CHAPTER1_OPENING_2,BGM_CHAPTER1_OPENING_2,BGM_CHAPTER1_OPENING_2,BGM_CHAPTER1_OPENING_2,BGM_CHAPTER1_OPENING_2,BGM_CHAPTER1_OPENING_2,BGM_CHAPTER1_OPENING_2,BGM_CHAPTER1_OPENING_2,BGM_CHAPTER1_OPENING_2,BGM_CHAPTER1_OPENING_2
,,#,백시우,4,1_기본,,,,,,,,,,,,,,
,,#,이영섭,4,1_기본,,,,,,,,,,,,,,
,,#,정다희,4,1_기본,,,,,,,,,,,,,,
,,,TAG,,,,,"<eff:black,3>","<eff:black,3>","<eff:black,3>","<eff:black,3>","<eff:black,3>","<eff:black,3>","<eff:black,3>","<eff:black,3>","<eff:black,3>","<eff:black,3>","<eff:black,3>","<eff:black,3>"
,,,TAG,,,,,"<sys:scene,옆얼굴>","<sys:scene,옆얼굴>","<sys:scene,옆얼굴>","<sys:scene,옆얼굴>","<sys:scene,옆얼굴>","<sys:scene,옆얼굴>","<sys:scene,옆얼굴>","<sys:scene,옆얼굴>","<sys:scene,옆얼굴>","<sys:scene,옆얼굴>","<sys:scene,옆얼굴>","<sys:scene,옆얼굴>"
,,,백시우,,,,,"<txt:color,grey>(우리는 그날, 몇 번이고 경기를 다시 돌려보았다.)</txt:color>","<txt:color,grey>(That day, we replayed the match over and over again.)</txt:color>","<txt:color,grey>(あの日、俺たちは何度も試合を見返した)</txt:color>","<txt:color,grey>(那天，我们把比赛录像回放了无数遍。)</txt:color>","<txt:color,grey>(那天，我們把比賽重看了好幾次。)</txt:color>","<txt:color,grey>(В тот день мы раз за разом пересматривали ту игру.)</txt:color>","<txt:color,grey>(Hari itu, kami ulang tayang perlawanan tu berkali-kali.)</txt:color>","<txt:color,grey>(Hôm đó, chúng tôi đã xem đi xem lại trận đấu không biết bao nhiêu lần.)</txt:color>","<txt:color,grey>(Aquel día, volvimos a ver el partido una y otra vez).</txt:color>","<txt:color,grey>(Hari itu, kami memutar ulang pertandingan berkali-kali.)</txt:color>","<txt:color,grey>(พวกเราในวันนั้น ย้อนดูการแข่งขันอยู่หลายครั้ง)</txt:color>","<txt:color,grey>(Naquele dia, assistimos à partida inúmeras vezes.)</txt:color>"
,,,백시우,,,,,"<txt:color,grey>(지직거리는 TV 소리와 거친 숨소리, 그리고 뜨거운 환호성이 방 안을 가득 채웠다.)</txt:color>","<txt:color,grey>(The room was filled with static noise, heavy breathing, and passionate cheers from the crowd.)</txt:color>","<txt:color,grey>(砂嵐混じりのテレビの音と荒い息遣い、そしてファンの熱い歓声が部屋中を満たしていた)</txt:color>","<txt:color,grey>(电视的沙沙声、粗重的喘息声，以及狂热的欢呼声，充满了整个房间。)</txt:color>","<txt:color,grey>(電視沙沙作響的聲音、粗重的喘息聲，還有熱烈的歡呼聲，充滿了整個房間。)</txt:color>","<txt:color,grey>(Треск телевизора, сбившееся дыхание спортсменов и рев болельщиков эхом разносились по комнате.)</txt:color>","<txt:color,grey>(Bunyi derau TV, nafas yang tercungap-cungap dan sorakan gemuruh memenuhi bilik.)</txt:color>","<txt:color,grey>(Tiếng TV rè rè, tiếng thở dốc nặng nề và những tiếng reo hò cuồng nhiệt lấp đầy căn phòng.)</txt:color>","<txt:color,grey>(El sonido entrecortado de la TV, las respiraciones agitadas y los gritos eufóricos llenaban la habitación).</txt:color>","<txt:color,grey>(Suara TV yang berdesis, napas yang terengah-engah, dan sorak-sorai yang meriah memenuhi seisi kamar.)</txt:color>","<txt:color,grey>(เสียงทีวีดังซ่าๆ, เสียงหายใจหอบ แล้วก็เสียงโห่ร้องอันร้อนแรงดังก้องอยู่ภายในห้อง)</txt:color>","<txt:color,grey>(O chiado da televisão, a respiração pesada dos jogadores e os gritos apaixonados da torcida ecoavam por todo o quarto.)</txt:color>"
,,,남재현,,,,,"나는 꼭 저런 선수가 되고 싶어. 아니, 반드시 될 거야.",I want to become a player like him. I will.,俺は、絶対にあんな選手になりたいんだ。いや、必ずなってみせる。,我一定要成为那样的选手。不，是一定会成为。,我想成為那樣的選手。不，我一定會成為那樣的選手。,Я мечтаю стать таким же. Обязательно стану.,Saya mahu jadi pemain seperti dia. Saya pasti boleh.,"Tôi muốn trở thành một tuyển thủ như vậy. Không, tôi nhất định sẽ làm được.","Yo también quiero convertirme en un jugador así. No, de hecho, voy a serlo sí o sí.","Aku ingin menjadi atlet seperti itu. Tidak, aku pasti akan menjadi seperti dia.",ฉันอยากเป็นนักกีฬาแบบนั้น ไม่สิ ฉันจะต้องเป็นให้ได้เลย,"Eu quero me tornar um jogador como ele. Não importa o que aconteça, eu vou conseguir."
,,,남재현,,,,,"...<txt:bold,2><txt:color,orange>백시우</txt:color></txt:bold>, 너도 그럼 다시...","...<txt:bold,2><txt:color,orange>Siwoo</txt:color></txt:bold>, are you going to start again...","‥<txt:bold,2><txt:color,orange>新</txt:color></txt:bold>、じゃあまたお前も‥","‥<txt:bold,2><txt:color,orange>白时宇</txt:color></txt:bold>，那你也重新‥","‥<txt:bold,2><txt:color,orange>白時宇</txt:color></txt:bold>，那你也要重新‥","<txt:bold,2><txt:color,orange>Шиу</txt:color></txt:bold>, а ты снова...","...<txt:bold,2><txt:color,orange>Siwoo</txt:color></txt:bold>, kalau begitu, kamu pun boleh kembali...","...<txt:bold,2><txt:color,orange>Baek Siwoo</txt:color></txt:bold>, vậy cậu cũng thử lại...","<txt:bold,2><txt:color,orange>Baek Siwoo</txt:color></txt:bold>, entonces, tú también podrías volver a...","...<txt:bold,2><txt:color,orange>Siwoo Baek</txt:color></txt:bold>, kalau begitu kamu juga mau mulai lagi...","...<txt:bold,2><txt:color,orange>แบคชีอู</txt:color></txt:bold> นายเองก็อยากกลับมา...","Hum... <txt:bold,2><txt:color,orange>Siwoo Baek</txt:color></txt:bold>, então você também vai voltar a..."
,,,백시우,,,,,"<txt:color,grey>(그날 넌 말을 삼켰지.)</txt:color>","<txt:color,grey>(You stopped in the middle of talking.)</txt:color>","<txt:color,grey>(あの日、お前は言葉を飲み込んだよな)</txt:color>","<txt:color,grey>(那天你把话咽了回去。)</txt:color>","<txt:color,grey>(那天你把話嚥了回去。)</txt:color>","<txt:color,grey>(Тогда ты осекся.)</txt:color>","<txt:color,grey>(Kamu cakap tak habis.)</txt:color>","<txt:color,grey>(Hôm đó, cậu đã nuốt lại lời định nói.)</txt:color>","<txt:color,grey>(Ese día no llegaste a decirlo).</txt:color>","<txt:color,grey>(Hari itu kamu tidak menyelesaikan ucapanmu.)</txt:color>","<txt:color,grey>(วันนั้นนายเลือกที่จะไม่พูดออกมาสินะ)</txt:color>","<txt:color,grey>(Naquele dia, você acabou não dizendo o que ia falar.)</txt:color>"
,,,백시우,,,,,"<txt:color,grey>(네가 무슨 말을 하고 싶었는지 알고 있었어.)</txt:color>","<txt:color,grey>(I knew what you wanted to say.)</txt:color>","<txt:color,grey>(お前が何を言いたかったのか、分かってた)</txt:color>","<txt:color,grey>(但我知道你想说什么。)</txt:color>","<txt:color,grey>(但我知道你想說什麼。)</txt:color>","<txt:color,grey>(Но я знал, что ты хотел сказать.)</txt:color>","<txt:color,grey>(Saya tahu kamu nak cakap apa.)</txt:color>","<txt:color,grey>(Tôi biết cậu muốn nói gì.)</txt:color>","<txt:color,grey>(Sabía perfectamente qué querías decir).</txt:color>","<txt:color,grey>(Aku tahu apa yang ingin kamu bicarakan pada saat itu.)</txt:color>","<txt:color,grey>(ฉันรู้ว่านายอยากจะพูดอะไร)</txt:color>","<txt:color,grey>(Mas eu sabia o que você queria dizer.)</txt:color>"
,,,백시우,,,,,"<txt:color,grey><txt:bold,1>(배구를 다시 시작해 보지 않겠냐는 말이었겠지.)</txt:bold></txt:color>","<txt:color,grey><txt:bold,1>(You were probably going to suggest that I start volleyball again.)</txt:bold></txt:color>","<txt:color,grey><txt:bold,1>(バレーをまた始めてみないか、ってことだろ)</txt:bold></txt:color>","<txt:color,grey><txt:bold,1>(你是想问我要不要重新开始打排球吧。)</txt:bold></txt:color>","<txt:color,grey><txt:bold,1>(你是想問我要不要重新開始打排球吧。)</txt:bold></txt:color>","<txt:color,grey><txt:bold,1>(Ты хотел, чтобы я снова начал играть.)</txt:bold></txt:color>","<txt:color,grey><txt:bold,1>(Kamu mungkin mahu mencadangkan saya mula main bola tampar sekali lagi.)</txt:bold></txt:color>","<txt:color,grey><txt:bold,1>(Chắc cậu định hỏi tôi có muốn chơi bóng chuyền trở lại không.)</txt:bold></txt:color>","<txt:color,grey><txt:bold,1>(Seguramente ibas a decirme que intentara volver al voleibol).</txt:bold></txt:color>","<txt:color,grey><txt:bold,1>(Pasti itu perkataan untuk mengajakku kembali bermain bola voli.)</txt:bold></txt:color>","<txt:color,grey><txt:bold,1>(คงชวนให้กลับมาเริ่มเล่นวอลเลย์บอลอีกครั้งนั่นแหละ)</txt:bold></txt:color>","<txt:color,grey><txt:bold,1>(Você queria perguntar se eu não gostaria de voltar a jogar vôlei.)</txt:bold></txt:color>"
,,,백시우,,,,,"<txt:color,grey>(그 말을 해 준 게 기뻤어.)</txt:color>","<txt:color,grey>(I was glad that you said it.)</txt:color>","<txt:color,grey>(そう言ってくれたのが嬉しかったんだ)</txt:color>","<txt:color,grey>(能听到你这么说，我很高兴。)</txt:color>","<txt:color,grey>(聽到你這麼說，我很高興。)</txt:color>","<txt:color,grey>(Я был рад это услышать.)</txt:color>","<txt:color,grey>(Saya gembira kamu kata begitu.)</txt:color>","<txt:color,grey>(Tôi đã rất vui khi cậu định hỏi điều đó.)</txt:color>","<txt:color,grey>(Me alegró que quisieras decirme eso).</txt:color>","<txt:color,grey>(Ucapanmu itu membuatku senang.)</txt:color>","<txt:color,grey>(ฉันดีใจนะที่นายพูดแบบนั้น)</txt:color>","<txt:color,grey>(Eu fiquei feliz de ouvir isso.)</txt:color>"
,,,백시우,,,,,"<txt:color,grey>(네가 보여준 그 경기는 분명히 내 마음을 두근거리게 했으니까.)</txt:color>","<txt:color,grey>(The match you showed me definitely made my heart race.)</txt:color>","<txt:color,grey>(お前が見せてくれたあの試合は、確かに俺の胸を高鳴らせたから)</txt:color>","<txt:color,grey>(因为你给我看的那场比赛，确确实实让我的心跳加速了。)</txt:color>","<txt:color,grey>(因為你給我看的那場比賽，確實讓我感到熱血沸騰。)</txt:color>","<txt:color,grey>(Тот матч снова разжег во мне интерес.)</txt:color>","<txt:color,grey>(Perlawanan yang kamu tunjuk memang membuatkan hati saya berdegup kencang.)</txt:color>","<txt:color,grey>(Vì trận đấu mà cậu cho tôi xem hôm đó chắc chắn đã khiến tim tôi rung động.)</txt:color>","<txt:color,grey>(Porque aquel partido que me mostraste realmente logró encender algo en mi corazón).</txt:color>","<txt:color,grey>(Dan pertandingan yang telah kamu perlihatkan membuat jantungku berdebar-debar.)</txt:color>","<txt:color,grey>(เพราะการแข่งขันที่นายให้ดู ทำให้หัวใจฉันเต้นแรงจริงๆ)</txt:color>","<txt:color,grey>(Porque aquele jogo que você mostrou fez meu coração acelerar.)</txt:color>"
,,,정인호,,,,,...저는 에이스를 팀의 해결사라고 생각하지 않습니다.,...I don't think the ace is the team's problem solver.,‥私はエースというものがチームの救世主だとは思っていません。,‥我不认为王牌是球队的救星。,‥我不認為王牌就是球隊的救星。,"...Я не считаю, что лидер — это тот, кто решает за команду все проблемы.",...Saya tak rasa pemain handalan tu penyelesai masalah pasukan.,...Tôi không nghĩ át chủ bài là người giải quyết mọi chuyện cho cả đội.,Yo no creo que el as sea el salvador del equipo.,...Saya tidak menganggap Ace sebagai penyelamat tim.,...ผมไม่ได้คิดว่าเอซเป็นตัวแก้เกมของทีมเลยครับ,...Não acredito que o craque seja o salvador da equipe.
,,,정인호,,,,,..에이스란 어떤 순간에도 결코 꺾이지 않는 사람이어야 합니다.,"...The ace is someone who never breaks, even in dire situations.",‥エースは、どんな瞬間でも決して心が折れない存在でなければなりません。,‥我认为王牌，是无论在什么时刻都绝不屈服的人。,‥王牌應該是，在任何時刻都絕不屈服的人。,"... Лидер — это человек, который никогда не сдается.","...Pemain handalan ialah seseorang yang takkan lemah semangat, walaupun dalam situasi sukar.",..Át chủ bài phải là người không bao giờ gục ngã trong bất cứ khoảnh khắc nào.,"Para mí, un as es alguien que nunca se rinde, pase lo que pase.",Ace adalah seseorang yang tidak boleh pernah patah semangat dalam situasi apa pun.,..เอซควรเป็นคนที่จะไม่ยอมแพ้เด็ดขาด ไม่ว่าในสถานการณ์ไหนก็ตาม,"...Um craque deve ser alguém que jamais se deixa abater, aconteça o que acontecer."
,,,백시우,,,,,...,...,‥,‥,‥,...,...,...,...,...,...,...
,,,백시우,,,,,"...나도 <wrt:wait,25>....될 수 있을까?","Is it...<wrt:wait,25> possible...?","‥俺も<wrt:wait,25>‥なれるかな？","‥我也<wrt:wait,25>‥能成为那样的人吗？","‥我也<wrt:wait,25>‥能成為那樣的人嗎？","Смогу<wrt:wait,25> ли я?","Adakah...<wrt:wait,25> tak mustahil...?","...Mình cũng <wrt:wait,25>....có thể trở thành như vậy không?","¿Yo también... <wrt:wait,25>podré convertirme en uno?","...Apa <wrt:wait,25>....aku juga bisa?","...ฉันเองก็ <wrt:wait,25>....จะเป็นได้ไหมนะ?","Será que... <wrt:wait,25>eu também posso ser..."
,,,백시우,,,,,"<wrt:sfx,무음><txt:bold,2>...팀의 에이스가.</txt:bold>","<wrt:sfx,무음><txt:bold,2>...For me to become the ace of the team...?</txt:bold>","<wrt:sfx,무음><txt:bold,2>‥チームのエースに。</txt:bold>","<wrt:sfx,무음><txt:bold,2>‥成为球队的王牌。</txt:bold>","<wrt:sfx,무음><txt:bold,2>‥球隊的王牌。</txt:bold>","<wrt:sfx,무음><txt:bold,2>Стать лидером команды?</txt:bold>","<wrt:sfx,무음><txt:bold,2>...Untuk saya jadi pemain handalan pasukan...?</txt:bold>","<wrt:sfx,무음><txt:bold,2>...Át chủ bài của đội.</txt:bold>","<wrt:sfx,무음><txt:bold,2>El as del equipo...</txt:bold>","<wrt:sfx,무음><txt:bold,2>...Menjadi Ace di tim.</txt:bold>","<wrt:sfx,무음><txt:bold,2>...เอซของทีมน่ะ</txt:bold>","<wrt:sfx,무음><txt:bold,2>o craque do time?</txt:bold>"
,,,TAG,,,,,"<eff:black,3></sys:scene>","<eff:black,3></sys:scene>","<eff:black,3></sys:scene>","<eff:black,3></sys:scene>","<eff:black,3></sys:scene>","<eff:black,3></sys:scene>","<eff:black,3></sys:scene>","<eff:black,3></sys:scene>","<eff:black,3></sys:scene>","<eff:black,3></sys:scene>","<eff:black,3></sys:scene>","<eff:black,3></sys:scene>"
,,,TAG,,,,,"<sys:qmap,대기실><cha:qpos,백시우,-2><cha:qpos,정다희,2><sys:quiet,1000>","<sys:qmap,대기실><cha:qpos,백시우,-2><cha:qpos,정다희,2><sys:quiet,1000>","<sys:qmap,대기실><cha:qpos,백시우,-2><cha:qpos,정다희,2><sys:quiet,1000>","<sys:qmap,대기실><cha:qpos,백시우,-2><cha:qpos,정다희,2><sys:quiet,1000>","<sys:qmap,대기실><cha:qpos,백시우,-2><cha:qpos,정다희,2><sys:quiet,1000>","<sys:qmap,대기실><cha:qpos,백시우,-2><cha:qpos,정다희,2><sys:quiet,1000>","<sys:qmap,대기실><cha:qpos,백시우,-2><cha:qpos,정다희,2><sys:quiet,1000>","<sys:qmap,대기실><cha:qpos,백시우,-2><cha:qpos,정다희,2><sys:quiet,1000>","<sys:qmap,대기실><cha:qpos,백시우,-2><cha:qpos,정다희,2><sys:quiet,1000>","<sys:qmap,대기실><cha:qpos,백시우,-2><cha:qpos,정다희,2><sys:quiet,1000>","<sys:qmap,대기실><cha:qpos,백시우,-2><cha:qpos,정다희,2><sys:quiet,1000>","<sys:qmap,대기실><cha:qpos,백시우,-2><cha:qpos,정다희,2><sys:quiet,1000>"
,,,정다희,,1_웃음,,,"<txt:bold,2><txt:color,orange>시우</txt:color></txt:bold>야!","<txt:bold,2><txt:color,orange>Siwoo</txt:color></txt:bold>!","<txt:bold,2><txt:color,orange>新</txt:color></txt:bold>！","<txt:bold,2><txt:color,orange>时宇</txt:color></txt:bold>！","<txt:bold,2><txt:color,orange>時宇</txt:color></txt:bold>！","<txt:bold,2><txt:color,orange>Шиу-у</txt:color></txt:bold>!","<txt:bold,2><txt:color,orange>Siwoo</txt:color></txt:bold>!","<txt:bold,2><txt:color,orange>Siwoo</txt:color></txt:bold>!","¡<txt:bold,2><txt:color,orange>Siwoo</txt:color></txt:bold>!","<txt:bold,2><txt:color,orange>Siwoo</txt:color></txt:bold>!","<txt:bold,2><txt:color,orange>ชีอู</txt:color></txt:bold>!","<txt:bold,2><txt:color,orange>Siwoo</txt:color></txt:bold>!"
,,,백시우,,1_기본,,,"<sys:bgm,BGM_MEET_YOUNGSUB,1000>어, <txt:bold,2><txt:color,orange>다희</txt:color></txt:bold>야?","<sys:bgm,BGM_MEET_YOUNGSUB,1000>Oh, <txt:bold,2><txt:color,orange>Dahee</txt:color></txt:bold>.","<sys:bgm,BGM_MEET_YOUNGSUB,1000>おっ、<txt:bold,2><txt:color,orange>夏希</txt:color></txt:bold>？","<sys:bgm,BGM_MEET_YOUNGSUB,1000>呃，<txt:bold,2><txt:color,orange>多熙</txt:color></txt:bold>？","<sys:bgm,BGM_MEET_YOUNGSUB,1000>喔，<txt:bold,2><txt:color,orange>多熙</txt:color></txt:bold>？","<sys:bgm,BGM_MEET_YOUNGSUB,1000>О, <txt:bold,2><txt:color,orange>Дахи</txt:color></txt:bold>?","<sys:bgm,BGM_MEET_YOUNGSUB,1000>Oh, <txt:bold,2><txt:color,orange>Dahee</txt:color></txt:bold>.","<sys:bgm,BGM_MEET_YOUNGSUB,1000>Ơ, <txt:bold,2><txt:color,orange>Dahee</txt:color></txt:bold> à?","<sys:bgm,BGM_MEET_YOUNGSUB,1000>Sí, <txt:bold,2><txt:color,orange>Dahee</txt:color></txt:bold>...","<sys:bgm,BGM_MEET_YOUNGSUB,1000>Eh, <txt:bold,2><txt:color,orange>Dahee</txt:color></txt:bold>?","<sys:bgm,BGM_MEET_YOUNGSUB,1000>โอ๊ะ <txt:bold,2><txt:color,orange>ดาฮี</txt:color></txt:bold>?","<sys:bgm,BGM_MEET_YOUNGSUB,1000>Oi, <txt:bold,2><txt:color,orange>Dahee</txt:color></txt:bold>?"
,,,정다희,,1_언짢,,,"뭐야, 불러도 대답도 안 하고.","I called you a couple times, you know.",もう、何なのよ、呼んでも返事もしないなんて。,怎么叫你都不理人。,幹嘛啦，叫你都不理人。,"Зову тебя, а ты молчишь.",Saya panggil kamu beberapa kali.,"Gì vậy, gọi mà cậu cũng không trả lời.",¿Qué pasa? Te llamo y ni respondes.,Aku sudah memanggilmu dari tadi tapi kamu malah melamun saja.,อะไรเนี่ย เรียกก็ไม่ตอบ,"Ei, te chamei e você nem respondeu."
,,,정다희,,1_웃음,,,알았다. 긴장해서 어제 한잠도 못 잤구나?,"Ah, I get it. You were so nervous that you didn't get to sleep last night, weren’t you?",あっ、分かったわ。緊張で昨日一睡もできなかったんでしょ？,我知道了。是不是因为太紧张，昨晚没睡好啊？,我知道了。是因為太緊張了，所以昨天一整晚都沒睡對吧？,Ты как? Волновался и не спал?,"Ah, saya faham. Kamu sangat gugup sampai tak tidur malam tadi, bukan?",Tôi biết rồi. Cậu căng thẳng nên hôm qua không ngủ được đúng không?,"Ya sé. Estás tan nervioso que no pudiste dormir nada, ¿verdad?","Aku tahu. Semalam kamu gugup sampai tidak bisa tidur, ya?",รู้แล้ว นายเครียดจนเมื่อคืนนอนไม่หลับสินะ?,"Já sei. Você ficou tão nervoso que não dormiu ontem, né?"
,,,백시우,,1_웃음,,,"하하하, 아니야. 안 졸았어.","Hahaha, that's not it. I wasn't dozing.",ははは、違うよ。居眠りしてたわけじゃないよ。,哈哈哈，不是啦。我没打瞌睡。,哈哈哈，不是啦。我沒有打瞌睡。,"Ха-ха-ха, нет. Я не дремал.","Hahaha, bukan begitu. Saya tak tidur pun.","Ha ha ha, không đâu. Tôi có ngủ gật đâu.","Jajaja, no. No estaba dormido.","Hahaha, bukan. Aku tidak ketiduran, kok.",ฮ่าฮ่าฮ่า เปล่านะ ฉันไม่ได้หลับสักหน่อย,"Haha, não é isso. Eu não tô com sono."
,,,백시우,,1_기본,,,"잠깐, 옛날 생각을 좀 하고 있었어.",I was just thinking about the past.,ちょっと、昔のことを思い出してたんだ。,只是刚才突然想起了一些以前的事。,只是剛才‥在想一些以前的事。,Просто вспомнилось кое-что.,Saya cuma fikirkan masa lalu.,Tôi chỉ đang nghĩ một chút về chuyện ngày xưa.,Solo estaba recordando un poco el pasado.,Aku cuma... sedang teringat sesuatu.,แค่กำลังนึกถึงเรื่องเก่าๆ น่ะ,Só tava lembrando de umas coisas antigas.
,,,정다희,,1_기본,,silent,"옛날 생각? ...아, 너 예전에 배구했을 때?","The past? ...Oh, back when you used to play volleyball?",昔のこと？‥あ、あなたが昔バレーやってた時のこと？,以前的事？‥啊，是你以前打排球的时候吗？,以前的事？‥啊，你以前打排球的時候？,"О том времени, когда ты играл в волейбол?","Masa lalu? ...Oh, waktu kamu pernah main bola tampar dulu?","Chuyện ngày xưa? ...A, lúc cậu còn chơi bóng chuyền ấy à?","¿El pasado? Ah, ¿te refieres a cuando jugabas voleibol antes?","Teringat sesuatu? ...Oh, waktu kamu masih bermain bola voli dulu?",นึกถึงเรื่องเก่าๆ? ...อ๋อ ตอนที่นายเคยเล่นวอลเลย์บอลเมื่อก่อนน่ะเหรอ?,"Coisas antigas? Ah, quando você jogava vôlei?"
,,,백시우,,1_기본,,,"으음.... <wrt:wait,25>하하, 뭐 그렇지.","Uhm... <wrt:wait,25>Haha, yeah.","うーん‥<wrt:wait,25>はは、まあそんなとこかな。","唔‥<wrt:wait,25>哈哈，算是吧。","唔嗯‥<wrt:wait,25>哈哈，算是吧。","Да... <wrt:wait,25>Вроде того.","Uhm... <wrt:wait,25>Haha, ya.","Ừm.... <wrt:wait,25>Ha ha, đại khái vậy.","Mmm... <wrt:wait,25>Jaja, algo así.","Hmm.... <wrt:wait,25>Haha, ya begitulah.","อืม.... <wrt:wait,25>ฮะฮะ ก็ใช่แหละ","Hum... <wrt:wait,25>Haha, algo assim."
,,,정다희,,1_기본,,,"뭐야, 괜히 감상에 젖어 있고~ 여유가 넘치는데?","Wow, reminiscing at a time like this?",なによ、無駄に感傷に浸っちゃってさ～。余裕じゃん？,什么嘛，还在这里伤春悲秋呢～看来你挺游刃有余的嘛？,什麼嘛，還在那邊感傷～看起來游刃有餘嘛？,"Ты так спокоен, что можешь думать о другом?","Wah, kamu sempat imbau kenangan waktu-waktu macam ni?","Gì vậy, tự nhiên lại chìm vào cảm xúc thế~ Trông cậu thong thả ghê nhỉ?","Mira nada más, poniéndote nostálgico y todo. Sí que te sobra la calma.","Di saat seperti ini, kamu malah bernostalgia~ Santai sekali, ya?",อะไรกัน มัวแต่หวนนึกถึงอดีตอยู่ซะได้~ ชิลมากเลยนะเนี่ย?,Que isso? Ficou nostálgico e ainda tão tranquilo?
,,,정다희,,2_어머,,,난 이렇게나 긴장되는데.,"And I'm here, all nervous.",私はこんなに緊張してるのに。,我可是紧张得要命呢。,我可是緊張死了。,Я ужасно переживаю.,"Dan saya di sini, sangat gugup.",Tôi thì đang căng thẳng thế này.,Y una aquí muriéndose de nervios.,Padahal aku sendiri gugup sekali.,ฉันเครียดตั้งขนาดนี้แท้ๆ,Eu tô tão nervosa.
,,,백시우,,2_기쁨,,,"어라, <txt:bold,2><txt:color,orange>다희</txt:color></txt:bold>, 너도 긴장을 해?",What? You get nervous too?,"あれ、<txt:bold,2><txt:color,orange>夏希</txt:color></txt:bold>も緊張なんてするのか？","咦，<txt:bold,2><txt:color,orange>多熙</txt:color></txt:bold>，你也会紧张啊？","咦，<txt:bold,2><txt:color,orange>多熙</txt:color></txt:bold>，妳也會緊張喔？","Ого, даже ты нервничаешь?",Apa? Kamu pun gugup?,"Ủa, <txt:bold,2><txt:color,orange>Dahee</txt:color></txt:bold>, cậu cũng biết căng thẳng à?",¿Eh? ¿Tú también te pones nerviosa?,"Wah, <txt:bold,2><txt:color,orange>Dahee</txt:color></txt:bold>, kamu juga bisa gugup?","อ้าว <txt:bold,2><txt:color,orange>ดาฮี</txt:color></txt:bold> เธอก็เครียดด้วยเหรอ?","Opa, <txt:bold,2><txt:color,orange>Dahee</txt:color></txt:bold>, você também fica nervosa?"
,,,정다희,,1_웃음,,,당연하지! 날 뭘로 보는 거야!,Of course I do! I'm human too!,当たり前でしょ！私のこと何だと思ってんのよ！,废话！你当我是谁啊！,當然啊！你把我想成什麼啦！,Конечно! Я тоже человек.,Mestilah! Saya pun manusia!,Tất nhiên rồi! Cậu nghĩ tôi là gì vậy!,¡Claro que sí! ¿Qué crees que soy?,Ya iyalah! Memangnya menurutmu aku ini apa?,แน่นอนสิ! เห็นฉันเป็นคนยังไงเนี่ย!,Claro! Tá me achando o quê?
,,,백시우,,1_웃음,,,"미안, 미안, 하하, 농담이었어.","My bad, haha. Just kidding.",ごめん、ごめん、はは、冗談だって。,抱歉，抱歉，哈哈，开个玩笑。,抱歉、抱歉，哈哈，開玩笑的。,"Прости, я пошутил.","Maafkan saya, haha. Saya bergurau.","Xin lỗi, xin lỗi nha, ha ha, tôi đùa thôi.","Perdón, perdón. Jaja, era broma.","Haha, maaf, aku hanya bercanda.",โทษทีๆ ฮ่าฮ่า ล้อเล่นน่า,"Foi mal... haha, era só brincadeira."
,,,정다희,,1_기본,,,"<txt:shake,1>정말...</txt:shake> 아무튼 <txt:bold,2><txt:color,orange>시우</txt:color></txt:bold> 네가 처음 와서 서브랑 리시브 배우던 게 엊그제 같은데 말이야.","<txt:shake,1>Hmph...</txt:shake> Anyway, it feels like yesterday you were learning how to serve and receive.","<txt:shake,1>もう‥</txt:shake>とにかく、<txt:bold,2><txt:color,orange>新</txt:color></txt:bold>が初めて来てサーブとかレシーブ教わってたのが昨日のことみたいなんだけどさ。","<txt:shake,1>真是的‥</txt:shake>话说回来，总觉得<txt:bold,2><txt:color,orange>时宇</txt:color></txt:bold>你刚来学发球和接球的日子就像在昨天一样呢。","<txt:shake,1>哎呀‥</txt:shake>回想起<txt:bold,2><txt:color,orange>時宇</txt:color></txt:bold>你一開始在練發球跟接球的樣子，感覺就像是不久前的事呢。","<txt:shake,1>Подумать только...</txt:shake> Кажется, еще вчера ты только пришел к нам и учился подавать и принимать мяч.","<txt:shake,1>Aduhai...</txt:shake> Apa pun, rasa macam baru semalam kamu datang belajar servis dan menampan bola.","<txt:shake,1>Thật là...</txt:shake> cảm giác ngày <txt:bold,2><txt:color,orange>Siwoo</txt:color></txt:bold> cậu mới đến đây học phát bóng với đỡ bóng cứ như mới hôm qua.","<txt:shake,1>En fin...</txt:shake> parece que fue ayer cuando llegaste por primera vez y estabas aprendiendo a sacar y recibir.","<txt:shake,1>Dasar...</txt:shake> Ngomong-ngomong <txt:bold,2><txt:color,orange>Siwoo</txt:color></txt:bold>, rasanya baru kemarin kamu datang untuk belajar Receive dan Serve.","<txt:shake,1>จริงๆ เลยนะ...</txt:shake> ยังไงก็เถอะ <txt:bold,2><txt:color,orange>ชีอู</txt:color></txt:bold> เหมือนเพิ่งไม่กี่วันเองเนอะ ที่นายเข้ามาใหม่แล้วเรียนเสิร์ฟกับรับลูกน่ะ","<txt:shake,1>Sério...</txt:shake><txt:bold,2><txt:color,orange>Siwoo</txt:color></txt:bold>, parece que foi ontem que você começou a treinar saque e recepção."
,,,정다희,,1_웃음,,,벌써 예선 마지막 날이라니 실감이 안 나.,I can't believe it's already the last day of prelims.,もう予選最終日だなんて、全然実感がわかないよ。,真不敢相信，今天就已经是预选赛的最后一天了。,真不敢相信，今天就已經是預賽的最後一天了。,А сегодня уже последний день отборочных.,Saya tak percaya hari ni dah hari terakhir pusingan awal.,Vậy mà giờ đã là ngày cuối của Vòng Loại rồi.,No puedo creer que ya sea el último día de las clasificatorias.,"Tidak terasa, sekarang sudah hari terakhir babak penyisihan.",ไม่อยากเชื่อเลยว่าเรามาถึงวันสุดท้ายของรอบคัดเลือกซะแล้ว,Não dá nem pra acreditar que já é o último dia das eliminatórias.
,,,백시우,,1_결연,,,...하긴. 나도 마찬가지야.,...Yeah. I can't believe it either.,‥確かに。俺もだよ。,‥可不是嘛。我也是一样的感觉。,‥是啊，我也這麼覺得。,Самому не верится...,...Ya. Saya pun tak percaya.,...Ừ. Tôi cũng thấy vậy.,"Sí, yo también me siento igual.",...Iya. Begitu juga denganku.,...ก็นะ ฉันก็เหมือนกันแหละ,"É, eu tô na mesma."
,,,백시우,,1_결연,,,우리가 예선 결승전을 앞두고 있다니 정말 신기하다.,It's mind-boggling that we only have the prelim finals ahead of us.,俺たちが予選の決勝戦を控えてるなんて、本当に不思議だな。,想到我们马上就要打预选赛决赛了，感觉好不真实。,沒想到我們即將迎來預賽的決賽，感覺好不真實。,Мы дошли до финала.,Sukar dipercayai yang kita hanya tinggal perlawanan akhir bagi pusingan awal ni.,Thật khó tin là chúng ta đã vào đến chung kết Vòng Loại.,Es increíble que estemos por jugar la final de las clasificatorias.,Aku masih tidak bisa percaya kita bisa sampai Final Babak Penyisihan.,รู้สึกเหลือเชื่อมากเลย ที่เรากำลังจะลงแข่งรอบชิงชนะเลิศของรอบคัดเลือก,É estranho pensar que estamos na final da fase das eliminatórias.
,,,백시우,,1_기본,,,이제 본선까지 딱 한 걸음이라니.,Just one more step to the playoffs.,本選まであと一歩だなんて。,距离正赛真的只有一步之遥了。,距離正賽只差一步了。,И в одном шаге от основного этапа.,Tinggal selangkah saja lagi ke pusingan utama.,Giờ chỉ còn cách Vòng Chính đúng một bước nữa thôi.,Estamos a solo un paso de la fase final.,Tinggal selangkah lagi menuju babak utama.,อีกแค่ก้าวเดียวก็จะไปถึงรอบหลักแล้ว,Agora falta só um passo pra fase principal.
,,,정다희,,1_웃음,,,"응, 이제 정말 딱 한 걸음이야.",Yup. Just one more step.,うん、本当にあと一歩だね。,嗯，真的只差最后一步了。,對，真的只差一步了。,"Да, осталось чуть-чуть.",Ya. Hanya satu langkah lagi.,"Ừ, thật sự chỉ còn một bước nữa.","Sí, solo a un paso más.","Iya benar, hanya tinggal selangkah lagi.",อื้ม อีกแค่ก้าวเดียวแล้วจริงๆ,"Sim, só mais um passo mesmo."
,,,정다희,,1_기본,,,"물론, 아직 가장 중요한 경기가 남아 있으니 미리 들떠선 안 되는 거 알지?","But, the most important match is ahead of us, so we can't get excited just yet.",もちろん、まだ一番重要な試合が残ってるから、浮かれちゃダメなのは分かってるよね？,当然，最关键的比赛还在后头，可不能高兴得太早哦？,當然，最關鍵的比賽還在後頭，我們還不能高興得太早，這你知道吧？,Только не расслабляйся. Впереди самый важный матч.,"Tapi, perlawanan paling penting menanti kita, jadi jangan terlalu teruja.","Tất nhiên, trận quan trọng nhất vẫn còn ở phía trước, nên chưa được vui mừng quá sớm đâu đấy.","Eso sí, aún falta el partido clave. No podemos confiarnos todavía, ¿de acuerdo?","Tapi jangan lupa, masih ada pertandingan yang paling penting. Jadi kita tidak boleh merayakannya dulu.",แต่แน่นอนว่ายังมีการแข่งขันที่สำคัญที่สุดเหลืออยู่ เพราะงั้นอย่าเพิ่งชะล่าใจไปก่อนล่ะ รู้ใช่ไหม?,"Mas ainda temos o jogo mais importante, então nada de se empolgar antes."
,,,정다희,,1_웃음,,,"<txt:bold,2><txt:color,orange>시우</txt:color></txt:bold>야, 오늘도 부탁할게.","I'm counting on you, <txt:bold,2><txt:color,orange>Siwoo</txt:color></txt:bold>!","<txt:bold,2><txt:color,orange>新</txt:color></txt:bold>、今日も頼りにしてるよ。","<txt:bold,2><txt:color,orange>时宇</txt:color></txt:bold>，今天也拜托你了。","<txt:bold,2><txt:color,orange>時宇</txt:color></txt:bold>，今天也拜託你了。","<txt:bold,2><txt:color,orange>Шиу</txt:color></txt:bold>, я рассчитываю на тебя.","Saya mengharapkan kamu, <txt:bold,2><txt:color,orange>Siwoo</txt:color></txt:bold>!","<txt:bold,2><txt:color,orange>Siwoo</txt:color></txt:bold>, hôm nay cũng cố gắng nhé.","<txt:bold,2><txt:color,orange>Siwoo</txt:color></txt:bold>, hoy también cuento contigo.","<txt:bold,2><txt:color,orange>Siwoo</txt:color></txt:bold>, mohon bantuanmu hari ini juga, ya!","<txt:bold,2><txt:color,orange>ชีอู</txt:color></txt:bold> วันนี้ก็ฝากด้วยนะ","<txt:bold,2><txt:color,orange>Siwoo</txt:color></txt:bold>, conto com você hoje também."
,,,백시우,,1_기본,,joy,"응, 최선을 다할게!",Yup. I'll do my best!,うん、全力を尽くすよ！,嗯，我会全力以赴的！,嗯，我會全力以赴的！,Я не подведу!,Ya. Saya akan buat yang terbaik!,"Ừ, tôi sẽ cố hết sức!","Sí, daré lo mejor de mí.","Iya, aku akan bermain sebaik mungkin!",อื้ม ฉันจะทำให้เต็มที่เลย!,"Pode deixar, vou dar o meu melhor!"
,,,TAG,,,,,"<eff:black,3>","<eff:black,3>","<eff:black,3>","<eff:black,3>","<eff:black,3>","<eff:black,3>","<eff:black,3>","<eff:black,3>","<eff:black,3>","<eff:black,3>","<eff:black,3>","<eff:black,3>"
,,,TAG,,,,,"<sys:qmap,관중석><cha:qpos,백시우,0><cha:qpos,정다희,4>","<sys:qmap,관중석><cha:qpos,백시우,0><cha:qpos,정다희,4>","<sys:qmap,관중석><cha:qpos,백시우,0><cha:qpos,정다희,4>","<sys:qmap,관중석><cha:qpos,백시우,0><cha:qpos,정다희,4>","<sys:qmap,관중석><cha:qpos,백시우,0><cha:qpos,정다희,4>","<sys:qmap,관중석><cha:qpos,백시우,0><cha:qpos,정다희,4>","<sys:qmap,관중석><cha:qpos,백시우,0><cha:qpos,정다희,4>","<sys:qmap,관중석><cha:qpos,백시우,0><cha:qpos,정다희,4>","<sys:qmap,관중석><cha:qpos,백시우,0><cha:qpos,정다희,4>","<sys:qmap,관중석><cha:qpos,백시우,0><cha:qpos,정다희,4>","<sys:qmap,관중석><cha:qpos,백시우,0><cha:qpos,정다희,4>","<sys:qmap,관중석><cha:qpos,백시우,0><cha:qpos,정다희,4>"
,,,안내 방송,,,,,"지금부터 <txt:bold,2>전국 고등학교 배구 선수권 대회</txt:bold> 지역 예선 결승전.","The regional preliminary finals for the <txt:bold,2>National High School Volleyball Tournament</txt:bold> will begin now.","只今から、<txt:bold,2>全国高校バレーボール選手権大会</txt:bold>地区予選決勝戦。","现在即将开始<txt:bold,2>全国高中排球锦标赛</txt:bold>地区预选赛决赛。","現在即將開始<txt:bold,2>全國高中排球錦標賽</txt:bold>地區預賽決賽。","Начинается финал отборочных соревнований <txt:bold,2>национального чемпионата среди старших школ</txt:bold>.","Perlawanan akhir pusingan kelayakan daerah bagi <txt:bold,2>Kejohanan Bola Tampar Sekolah Menengah Kebangsaan</txt:bold> akan bermula sekarang.","Từ bây giờ, trận chung kết Vòng Loại Khu Vực của <txt:bold,2>Giải Vô Địch Bóng Chuyền THPT Toàn Quốc</txt:bold>,","A continuación, dará inicio la final de la clasificatoria regional del <txt:bold,2>Campeonato Nacional de Voleibol de Preparatorias</txt:bold>.","Sekarang akan dimulai final penyisihan regional <txt:bold,2>Kejuaraan Voli SMA Nasional</txt:bold>.","จากนี้ไป จะเป็นรอบชิงชนะเลิศของรอบคัดเลือกระดับท้องถิ่น สำหรับ<txt:bold,2>ทัวร์นาเมนต์วอลเลย์บอลชิงแชมป์มัธยมปลายระดับประเทศ</txt:bold>","Está começando agora a final da fase regional do <txt:bold,2>torneio nacional de vôlei escolar</txt:bold>."
,,,안내 방송,,,,,"<txt:bold,2>지산고등학교</txt:bold> 대 <txt:bold,2>대지고등학교</txt:bold>의 시합을 시작하겠습니다.","Commencing the match between <txt:bold,2>Jisan High School</txt:bold> and <txt:bold,2>Terra High School</txt:bold>.","<txt:bold,2>芝山高校</txt:bold>対<txt:bold,2>大地高校</txt:bold>の試合を開始いたします。","<txt:bold,2>智山高中</txt:bold>对阵<txt:bold,2>大地高中</txt:bold>的比赛，现在开始。","將由<txt:bold,2>智山高中</txt:bold>對上<txt:bold,2>大地高中</txt:bold>。","<txt:bold,2>«Чжисан»</txt:bold> играет против <txt:bold,2>«Тэчжи»</txt:bold>.","Perlawanan dimulakan antara <txt:bold,2>Jisan High School</txt:bold> dan <txt:bold,2>Terra High School</txt:bold>.","trận đấu giữa <txt:bold,2>Trường THPT Jisan</txt:bold> và <txt:bold,2>Trường THPT Đại Địa</txt:bold> sẽ bắt đầu.","Comenzará el partido entre la <txt:bold,2>Escuela Jisan</txt:bold> y la <txt:bold,2>Escuela Daeji</txt:bold>.","<txt:bold,2>SMA Jisan</txt:bold> melawan <txt:bold,2>SMA DaeJi</txt:bold> akan segera dimulai.","การแข่งขันระหว่าง<txt:bold,2>โรงเรียนมัธยมปลายจีซัน</txt:bold>และ<txt:bold,2>โรงเรียนมัธยมปลายแดจี</txt:bold> จะเริ่มขึ้น ณ บัดนี้","Damos início à partida entre o <txt:bold,2>Colégio Jisan</txt:bold> e o <txt:bold,2>Colégio Daeji</txt:bold>."
,,,안내 방송,,,,,관객 여러분께서는 양 팀 선수들에게 크나큰 응원을 보내주시기 바랍니다.,Please give a round of applause for the players.,観客の皆様は、両チームの選手たちに大きな声援をお願いいたします。,请观众朋友们为两队选手送上热烈的掌声与鼓励。,請各位觀眾為兩隊的選手們送上最熱烈的掌聲。,Встречаем команды громкими аплодисментами!,Sila berikan tepukan gemuruh kepada para pemain.,Kính mong quý khán giả hãy cổ vũ thật lớn cho các tuyển thủ của hai đội.,Invitamos a todos los espectadores a brindar su mayor apoyo a ambos equipos.,Kami mengharapkan dukungan dan semangat yang meriah dari seluruh penonton untuk kedua tim.,ขอให้ผู้ชมทุกท่านร่วมส่งกำลังใจอย่างเต็มที่ให้กับนักกีฬาทั้งสองทีม,Pedimos ao público que apoie bastante os jogadores de ambas as equipes.
,,,TAG,,,,,"<cha:pos,백시우,-2><cha:pos,이영섭,2>","<cha:pos,백시우,-2><cha:pos,이영섭,2>","<cha:pos,백시우,-2><cha:pos,이영섭,2>","<cha:pos,백시우,-2><cha:pos,이영섭,2>","<cha:pos,백시우,-2><cha:pos,이영섭,2>","<cha:pos,백시우,-2><cha:pos,이영섭,2>","<cha:pos,백시우,-2><cha:pos,이영섭,2>","<cha:pos,백시우,-2><cha:pos,이영섭,2>","<cha:pos,백시우,-2><cha:pos,이영섭,2>","<cha:pos,백시우,-2><cha:pos,이영섭,2>","<cha:pos,백시우,-2><cha:pos,이영섭,2>","<cha:pos,백시우,-2><cha:pos,이영섭,2>"
,,,이영섭,,1_기본,,,"<txt:bold,2><txt:color,orange>백시우</txt:color></txt:bold>.","<txt:bold,2><txt:color,orange>Siwoo Baek</txt:color></txt:bold>.","<txt:bold,2><txt:color,orange>白井新</txt:color></txt:bold>。","<txt:bold,2><txt:color,orange>白时宇</txt:color></txt:bold>。","<txt:bold,2><txt:color,orange>白時宇</txt:color></txt:bold>。","<txt:bold,2><txt:color,orange>Бэк Шиу</txt:color></txt:bold>.","<txt:bold,2><txt:color,orange>Siwoo Baek</txt:color></txt:bold>.","<txt:bold,2><txt:color,orange>Baek Siwoo</txt:color></txt:bold>.","<txt:bold,2><txt:color,orange>Siwoo</txt:color></txt:bold>.","<txt:bold,2><txt:color,orange>Siwoo Baek</txt:color></txt:bold>.","<txt:bold,2><txt:color,orange>แบคชีอู</txt:color></txt:bold>","<txt:bold,2><txt:color,orange>Siwoo Baek</txt:color></txt:bold>."
,,,백시우,,1_기본,,,"헉, <txt:bold,2><txt:color,orange>영섭</txt:color></txt:bold> 선배!","*Gasp*! <txt:bold,2><txt:color,orange>Yongsup</txt:color></txt:bold>!","あっ、<txt:bold,2><txt:color,orange>一翔</txt:color></txt:bold>先輩！","呃，<txt:bold,2><txt:color,orange>英燮</txt:color></txt:bold>前辈！","啊，<txt:bold,2><txt:color,orange>英燮</txt:color></txt:bold>前輩！","<txt:bold,2><txt:color,orange>Ли Ёнсоб</txt:color></txt:bold>! Э-э... Здравствуйте!","*Tercengang*! <txt:bold,2><txt:color,orange>Yongsup</txt:color></txt:bold>!","Ơ, anh <txt:bold,2><txt:color,orange>Yeongseob</txt:color></txt:bold>!","¡Ah, <txt:bold,2><txt:color,orange>Youngsup</txt:color></txt:bold>!","Eh, senior <txt:bold,2><txt:color,orange>Young Sup</txt:color></txt:bold>!","เฮือก รุ่นพี่<txt:bold,2><txt:color,orange>ยองซอบ</txt:color></txt:bold>!","Nossa, <txt:bold,2><txt:color,orange>Youngsup</txt:color></txt:bold>!"
,,,이영섭,,1_기본,,,편하게 해. 컨디션은 어때?,Relax. How are you feeling?,気楽にな。コンディションはどうだ？,别紧张。状态怎么样？,別緊張，今天狀態如何？,Ко мне всегда можно на «ты». Как настрой?,Tenang. Macam mana perasaan kamu?,Thoải mái đi. Hôm nay cậu thấy thế nào?,Relájate. ¿Cómo te sientes?,Santai saja. Bagaimana kondisimu sekarang?,ทำตัวตามสบายเถอะ สภาพนายเป็นยังไงบ้าง?,Relaxa. Como você tá se sentindo?
,,,백시우,,2_기쁨,,,"...<wrt:wait,30>하핫, 좋아요! 선배는요?","...<wrt:wait,30>Haha, I'm doing great! How about you?","‥<wrt:wait,30>ははっ、絶好調です！先輩は？","‥<wrt:wait,30>哈哈，非常好！前辈您呢？","‥<wrt:wait,30>哈哈，很好！前輩呢？","...<wrt:wait,30>Нормально. А как ты?","...<wrt:wait,30>Haha, saya sihat je! Macam mana dengan kamu?","...<wrt:wait,30>Ha ha, ổn ạ! Còn anh thì sao?","...<wrt:wait,30> Jaja, ¡bien! ¿Y tú?","...<wrt:wait,30>Haha, baik! Bagaimana dengan senior?","...<wrt:wait,30>ฮะฮะ ดีเลยครับ! รุ่นพี่ล่ะครับ?","Hum... <wrt:wait,30>tô bem! E você?"
,,,이영섭,,1_무표정,,,나쁘지 않아. 너도 좋다니 다행이군.,Not bad. I'm glad you're doing great.,悪くない。お前も良さそうで何よりだ。,还不赖。你状态不错，那我就放心了。,還不錯，看你狀態不錯，我就放心了。,"Тоже ничего. Рад, что ты в порядке.",Boleh tahan. Gembira saya dengar kamu sihat.,Không tệ. Cậu cũng ổn thì tốt rồi.,Bastante bien. Me alegra saber que tú también estás en buena forma.,Tidak buruk. Syukurlah kalau kondisimu juga bagus.,ก็ไม่แย่ ค่อยยังชั่วที่นายโอเค,Estou ok. Fico feliz que você esteja bem.
,,,이영섭,,1_기본,,,최선을 다하자. 많이 기대하고 있어.,Let's give it our all. I'm looking forward to facing you.,全力を尽くそう。期待してるぞ。,全力以赴吧。我很期待你的表现。,全力以赴吧，我很期待你的表現。,Желаю нам хорошей игры.,Mari buat yang terbaik. Tak sabar saya nak lawan kamu.,Chúng ta thi đấu hết mình nhé. Tôi rất mong chờ đấy.,Hagamos nuestro mejor esfuerzo. Espero mucho de ti.,Mari bertanding sebaik mungkin. Aku menaruh harapan besar padamu.,มาทำให้เต็มที่กันเถอะ ฉันตั้งตารอมากเลยนะ,Vamos dar o nosso melhor. Estou esperando muito de você.
,,,-,,,,,"<txt:color,grey>(<txt:bold,2>영섭</txt:bold> 선배는 손을 앞으로 내밀었다.)</txt:color>","<txt:color,grey>(<txt:bold,2>Yongsup</txt:bold> extends his hand out.)</txt:color>","<txt:color,grey>(<txt:bold,2>一翔</txt:bold>先輩は手を前に差し出した)</txt:color>","<txt:color,grey>(<txt:bold,2>英燮</txt:bold>前辈向我伸出了手。)</txt:color>","<txt:color,grey>(<txt:bold,2>英燮</txt:bold>前輩向我伸出了手。)</txt:color>","<txt:color,grey>(<txt:bold,2>Ёнсоб</txt:bold> протянул руку.)</txt:color>","<txt:color,grey>(<txt:bold,2>Yongsup</txt:bold> menghulurkan tangannya.)</txt:color>","<txt:color,grey>(Anh <txt:bold,2>Yeongseob</txt:bold> đưa tay ra trước.)</txt:color>","<txt:color,grey>(<txt:bold,2>Youngsup</txt:bold> me extendió la mano).</txt:color>","<txt:color,grey>(Senior <txt:bold,2>Young Sup</txt:bold> mengulurkan tangannya ke arahku.)</txt:color>","<txt:color,grey>(รุ่นพี่<txt:bold,2>ยองซอบ</txt:bold>ยื่นมือมาตรงหน้า)</txt:color>","<txt:color,grey>(O <txt:bold,2>Youngsup</txt:bold> estendeu a mão pra frente.)</txt:color>"
,,,-,,,,,"<txt:color,grey>(그 손을 잠시 물끄러미 바라보다... 맞잡았다.)</txt:color>","<txt:color,grey>(I stare at his hand for a moment... and then I shake it.)</txt:color>","<txt:color,grey>(その手をしばらくじっと見つめ‥握り返した)</txt:color>","<txt:color,grey>(我静静地注视着那只手‥然后握了上去。)</txt:color>","<txt:color,grey>(我看著那隻手發楞了一下‥然後緊緊回握。)</txt:color>","<txt:color,grey>(Я на мгновение замер... И пожал ее.)</txt:color>","<txt:color,grey>(Saya merenung sebentar tangan dia... dan kemudian saya berjabat tangan dengan dia.)</txt:color>","<txt:color,grey>(Tôi lặng nhìn bàn tay đó một lúc... rồi bắt tay lại.)</txt:color>","<txt:color,grey>(Me quedé mirándola unos segundos... y luego se la estreché).</txt:color>","<txt:color,grey>(Aku menatap tangan itu sesaat... lalu menjabatnya.)</txt:color>","<txt:color,grey>(ฉันมองมือนั้นอยู่พักหนึ่ง... ก่อนจะจับตอบ)</txt:color>","<txt:color,grey>(Fiquei olhando a mão dele por um momento... e a apertei.)</txt:color>"
,,,백시우,,1_결연,,,"네, 이번에는 꼭 이길 거예요.","Me too. But this time, I'm going to beat you.",はい、今度こそ絶対に勝ちますよ。,是的，这次我一定要赢。,是的，這次我們一定會贏的。,В этот раз мы победим.,"Saya pun sama. Tapi kali ni, saya akan tewaskan kamu.","Vâng, lần này em nhất định sẽ thắng.",Sí. Esta vez definitivamente ganaremos.,"Iya, kali ini kami pasti akan menang.",ครับ ครั้งนี้ผมจะเอาชนะให้ได้เลย,"Sim, vamos ganhar dessa vez."
,,,이영섭,,1_미소,,,"훗, 열심히 해봐.",Haha. Good luck.,ふっ、頑張れよ。,呵，那就让我看看你的实力吧。,呵，那就努力看看吧。,"Что ж, удачи.",Haha. Semoga berjaya.,"Hừ, cố gắng đi.","Je. Entonces, da lo mejor de ti.","Heh, berikan yang terbaikmu.",หึ พยายามเข้าล่ะ,"Pfft, boa sorte."
,,,TAG,,,,,"<cha:pos,백시우,0><cha:pos,이영섭,4>","<cha:pos,백시우,0><cha:pos,이영섭,4>","<cha:pos,백시우,0><cha:pos,이영섭,4>","<cha:pos,백시우,0><cha:pos,이영섭,4>","<cha:pos,백시우,0><cha:pos,이영섭,4>","<cha:pos,백시우,0><cha:pos,이영섭,4>","<cha:pos,백시우,0><cha:pos,이영섭,4>","<cha:pos,백시우,0><cha:pos,이영섭,4>","<cha:pos,백시우,0><cha:pos,이영섭,4>","<cha:pos,백시우,0><cha:pos,이영섭,4>","<cha:pos,백시우,0><cha:pos,이영섭,4>","<cha:pos,백시우,0><cha:pos,이영섭,4>"
,,,백시우,,1_무표정,,,...,...,‥,‥,‥,...,...,...,...,...,...,...
,,,백시우,,1_무표정,,,"이기든 지든, 이게 마지막 경기야.","Win or lose, this is the last match.",勝っても負けても、これが最後の試合だ。,无论是输是赢，这都是最后一场比赛了。,不管輸贏，這都是最後一場比賽了。,Победим мы или проиграем — для меня это последний матч.,"Menang atau kalah, ini perlawanan terakhir.","Dù thắng hay thua, đây cũng là trận cuối cùng.","Ganemos o perdamos, este es el último partido.","Menang ataupun kalah, ini adalah pertandingan terakhir.",ไม่ว่าจะชนะหรือแพ้ นี่ก็คือการแข่งขันสุดท้ายแล้ว,"Esse é o último jogo, não importa qual seja o resultado."
,,,백시우,,1_결연,,,여기서 이기면 드디어 본선이야! 후회 없이 경기하자!,"We win here, and we advance to playoffs! Let's play with no regrets!",ここで勝てばいよいよ本選だ！悔いのない試合にしよう！,只要赢下这场，我们就能打进正赛了！好好打一场，别留下遗憾！,只要贏了這一場就能打進正賽！讓我們打一場沒有遺憾的比賽吧！,"Если победим, то пройдем в основной этап! Сыграем так, чтобы ни о чем не жалеть!","Kalau menang kali ini, akhirnya kita ke pusingan utama! Jom main tanpa sebarang penyesalan!","Nếu thắng trận này, chúng ta sẽ vào được Vòng Chính! Hãy chơi một trận không để lại hối tiếc!","¡Si ganamos una vez más, por fin pasaremos a la fase final! ¡Debemos jugar sin arrepentimientos!","Kalau kita menang di sini, akhirnya kita lolos ke babak utama! Mari kita bertanding tanpa penyesalan!",ถ้าชนะแมตช์นี้ก็จะได้ไปรอบหลัก! มาแข่งให้เต็มที่แบบไม่ต้องเสียดายทีหลังดีกว่า!,"Se a gente vencer aqui, finalmente vai pra fase principal! Vamos dar tudo nesse jogo!"
,경기 승리,#,MAP,,,,,관중석,관중석,관중석,관중석,관중석,관중석,관중석,관중석,관중석,관중석,관중석,관중석
,,#,BGM,,,,,BGM_SWEEPING_VICTORY,BGM_SWEEPING_VICTORY,BGM_SWEEPING_VICTORY,BGM_SWEEPING_VICTORY,BGM_SWEEPING_VICTORY,BGM_SWEEPING_VICTORY,BGM_SWEEPING_VICTORY,BGM_SWEEPING_VICTORY,BGM_SWEEPING_VICTORY,BGM_SWEEPING_VICTORY,BGM_SWEEPING_VICTORY,BGM_SWEEPING_VICTORY
,,#,백시우,-2,1_기본,,,,,,,,,,,,,,
,,#,정다희,2,3_활짝,,,,,,,,,,,,,,
,,#,마윤석,4,1_기본,,,,,,,,,,,,,,
,,#,이영섭,4,1_기본,,,,,,,,,,,,,,
,,#,신하은,4,1_기본,,,,,,,,,,,,,,
,,,정다희,,3_활짝,,joy,"해, 해냈어!!! 정말로 해냈어!!! 으읍.... <wrt:wait,25><cha:pop,정다희>다들 정말 고생했어!","We did it! We really did it! *Sniffle*... <wrt:wait,25><cha:pop,정다희>Great work, everyone!","やった、やったわよ！！！本当にやり遂げたわ！！！うぅっ‥<wrt:wait,25><cha:pop,정다희>みんな、本当にお疲れ様っ！","赢、赢了！！！我们真的赢了！！！呜呜‥<wrt:wait,25><cha:pop,정다희>大家都辛苦了！","贏、贏了！！！我們真的贏了！！！嗚嗚‥<wrt:wait,25><cha:pop,정다희>大家真的辛苦了！","П-получилось! Мы победили!!!<wrt:wait,25><cha:pop,정다희> Ребята, вы такие молодцы!","Kita berjaya! Benar-benar berjaya! *Sedu*... <wrt:wait,25><cha:pop,정다희>Syabas, semua!","L, làm được rồi!!! Chúng ta thật sự làm được rồi!!! Ưư.... <wrt:wait,25><cha:pop,정다희>Mọi người thật sự vất vả rồi!","¡Lo logramos! ¡De verdad lo logramos! Snif... <wrt:wait,25><cha:pop,정다희>¡Todos hicieron un gran trabajo!","Ki-kita berhasil!!! Kita benar-benar berhasil!!! Wahh.... <wrt:wait,25><cha:pop,정다희>Kalian semua benar-benar sudah berjuang keras!","ทะ ทำได้แล้ว!!! ทำได้แล้วจริงๆ!!! ฮึก.... <wrt:wait,25><cha:pop,정다희>ทุกคนเก่งกันมากๆ เลย!","Conseguimos!!! A gente conseguiu mesmo! Ugh... <wrt:wait,25><cha:pop,정다희>Vocês mandaram muito bem!"
,,,정다희,,1_기본,,,"진짜 상대도 강했고 고비도 많았는데... <wrt:wait,25>우리가 정말 본선에 가다니!!","They played so great, and there were so many crises... <wrt:wait,25>But we're heading to playoffs!","相手も相当強かったし山場も多かったけど‥<wrt:wait,25>私たちが本当に本選に行けるなんて！！","对手那么强，过程中也经历了那么多危机‥<wrt:wait,25>我们竟然真的打进正赛了！！","對手真的很強，過程中也經歷了許多危機‥<wrt:wait,25>沒想到我們真的能打進正賽！！","Матч был таким тяжелым... <wrt:wait,25>Но мы смогли пройти дальше!","Lawan kita memang kuat dan banyak dugaan yang kita hadapi... <wrt:wait,25>tapi kita betul-betul berjaya ke pusingan utama!","Đối thủ thật sự rất mạnh và cũng có nhiều khoảnh khắc nguy hiểm... <wrt:wait,25>Vậy mà chúng ta vào được Vòng Chính rồi!!","Fue un partido durísimo y hubo muchos obstáculos... <wrt:wait,25>Pero ¡logramos pasar a la fase final!","Kita telah melawan banyak lawan yang tangguh dan melewati begitu banyak momen sulit... <wrt:wait,25>Tapi kita berhasil lolos ke babak utama!!","ทั้งที่คู่แข่งก็แข็งแกร่ง แถมยังมีอุปสรรคเยอะแยะ... <wrt:wait,25>แต่เราก็ได้ไปรอบหลักจริงๆ!!","O adversário era muito forte e tivemos muitos momentos difíceis... <wrt:wait,25>e mesmo assim conseguimos ir à fase principal!"
,,,백시우,,1_웃음,,,"하핫, <txt:bold,2><txt:color,orange>다희</txt:color></txt:bold>야. 너 지금 울먹거리는 거야?","Haha, are you tearing up, <txt:bold,2><txt:color,orange>Dahee</txt:color></txt:bold>?","ははっ、<txt:bold,2><txt:color,orange>夏希</txt:color></txt:bold>、もしかして泣きそうになってるのか？","哈哈，<txt:bold,2><txt:color,orange>多熙</txt:color></txt:bold>。你是不是要哭了啊？","哈哈，<txt:bold,2><txt:color,orange>多熙</txt:color></txt:bold>。妳該不會是哭了吧？","<txt:bold,2><txt:color,orange>Дахи</txt:color></txt:bold>, ты плачешь?","Haha, kamu menangis, <txt:bold,2><txt:color,orange>Dahee</txt:color></txt:bold>?","Ha ha, <txt:bold,2><txt:color,orange>Dahee</txt:color></txt:bold>. Cậu đang nghẹn ngào đó sao?","Jaja, <txt:bold,2><txt:color,orange>Dahee</txt:color></txt:bold>. ¿Estás llorando?","Haha, <txt:bold,2><txt:color,orange>Dahee</txt:color></txt:bold>. Jangan bilang kamu sedang menahan tangis?","ฮ่าฮ่า <txt:bold,2><txt:color,orange>ดาฮี</txt:color></txt:bold> เธอน้ำตาคลอเลยเหรอ?","Haha, <txt:bold,2><txt:color,orange>Dahee</txt:color></txt:bold>... você tá chorando?"
,,,정다희,,1_웃음,,,"<txt:shake,1>응. 감격이라구, 정말!!</txt:shake>","<txt:shake,1>Yup. I'm just so touched!</txt:shake>","<txt:shake,1>うん。感動だわ、本当に！！</txt:shake>","<txt:shake,1>嗯。我太激动了嘛！！</txt:shake>","<txt:shake,1>嗯，人家真的太感動了嘛，真是的！！</txt:shake>","<txt:shake,1>Это слезы радости!</txt:shake>","<txt:shake,1>Ya. Saya sangat terharu!</txt:shake>","<txt:shake,1>Ừ. Tôi xúc động thật mà!!</txt:shake>","<txt:shake,1>Sí. ¡Es que estoy muy emocionada!</txt:shake>","<txt:shake,1>Iya. Aku benar-benar terharu!!</txt:shake>","<txt:shake,1>อื้ม ก็มันตื้นตันใจนี่นา!!</txt:shake>","<txt:shake,1>Sim... não consigo segurar a emoção!</txt:shake>"
,,,정다희,,1_기본,,,"<txt:bold,2><txt:color,orange>시우</txt:color></txt:bold>야, 너 정말 잘했어!! 마지막에... <wrt:wait,25>마지막에 그 스파이크 진짜 잘 때렸어!!","And you played so well, <txt:bold,2><txt:color,orange>Siwoo</txt:color></txt:bold>! Especially... <wrt:wait,25>Especially that last spike, it was amazing!","<txt:bold,2><txt:color,orange>新</txt:color></txt:bold>、本当によくやったよ！！最後に‥<wrt:wait,25>最後のあのスパイク、本当によく決めてくれたよ！！","<txt:bold,2><txt:color,orange>时宇</txt:color></txt:bold>，你今天表现得太棒了！！最后那个‥<wrt:wait,25>最后那个扣球真的是太绝了！！","<txt:bold,2><txt:color,orange>時宇</txt:color></txt:bold>，你真的表現得很好！！最後‥<wrt:wait,25>最後那記扣球真的打得太漂亮了！！","<txt:bold,2><txt:color,orange>Шиу</txt:color></txt:bold>, ты был великолепен! <wrt:wait,25>А последний удар просто нечто!","Kamu bermain dengan sangat baik, <txt:bold,2><txt:color,orange>Siwoo</txt:color></txt:bold>! Terutamanya... <wrt:wait,25>Terutamanya rejaman terakhir tu memang menakjubkan!","<txt:bold,2><txt:color,orange>Siwoo</txt:color></txt:bold>, cậu chơi thật sự rất tốt!! Cú đập bóng cuối cùng... <wrt:wait,25>cú đập bóng cuối cùng đó cậu đánh quá hay!!","¡<txt:bold,2><txt:color,orange>Siwoo</txt:color></txt:bold>, lo hiciste increíble! Al final... <wrt:wait,25>¡ese último remate estuvo buenísimo!","<txt:bold,2><txt:color,orange>Siwoo</txt:color></txt:bold>, kamu benar-benar luar biasa!! Spike... <wrt:wait,25>Spike terakhir itu benar-benar kamu pukul dengan tepat!!","<txt:bold,2><txt:color,orange>ชีอู</txt:color></txt:bold> นายเก่งมากเลยนะ!! ตอนสุดท้าย... <wrt:wait,25>ลูกตบตอนสุดท้ายน่ะ ตบได้เยี่ยมสุดๆ!!","<txt:bold,2><txt:color,orange>Siwoo</txt:color></txt:bold>, você jogou demais! <wrt:wait,25>Aquela cortada final foi linda!"
,,,백시우,,2_기쁨,,exclam,"응, 진짜 통쾌하더라!","Yeah, it felt so satisfying!",ああ、マジでスカッとしたよ！,嗯，打得真痛快！,嗯，真的超痛快的！,"Да, он хорошо получился.","Ya, rasa sangat puas!","Ừ, thật sự sảng khoái lắm!","Sí, se sintió increíble.","Iya, rasanya benar-benar memuaskan!",อื้ม รู้สึกสะใจมากเลยล่ะ!,"Sim, foi demais!"
,,,정다희,,2_헤헤,,,난 네가 해낼 줄 알았다니까! 네가 오늘만 몇 점을 낸 줄 알아?,I knew you could do it! Do you know how many points you scored?!,私はあなたならやってくれるって思ってたわよ！今日だけで何点決めたか知ってる？,我就知道你一定能行！你知道你今天一个人拿了多少分吗？,我就知道你一定做得到！你知道你今天一個人拿了幾分嗎？,"Я же говорила, что все получится. Ты столько очков принес команде!",Saya tahu kamu boleh! Kamu tahu jumlah mata yang kamu skor?!,Tôi đã biết cậu sẽ làm được mà! Cậu biết riêng hôm nay cậu ghi được bao nhiêu điểm không?,¡Yo sabía que lo conseguirías! ¿Tienes idea de cuántos puntos anotaste hoy?,Aku sudah yakin dari awal kalau kamu pasti bisa! Apa kamu tahu berapa banyak skor yang kamu cetak hari ini?,ฉันรู้อยู่แล้วว่านายทำได้! รู้รึเปล่าว่าวันนี้นายทำไปตั้งกี่แต้มน่ะ?,Eu sabia que você ia conseguir! Você marcou tantos pontos hoje!
,,,정다희,,3_활짝,,,"<txt:size,2>오늘만큼은 네가 우리 에이스야!</txt:size>","<txt:size,2>You're the ace of the team today!</txt:size>","<txt:size,2>今日だけは、あなたがうちのエースだよ！</txt:size>","<txt:size,2>今天你就是我们的绝对王牌！</txt:size>","<txt:size,2>今天你絕對是我們隊的王牌！</txt:size>","<txt:size,2>Настоящий лидер!</txt:size>","<txt:size,2>Hari ni kamulah pemain handalan pasukan!</txt:size>","<txt:size,2>Riêng hôm nay, cậu chính là át chủ bài của chúng ta!</txt:size>","<txt:size,2>¡Hoy tú eres nuestro as!</txt:size>","<txt:size,2>Setidaknya untuk hari ini... Kamulah Ace kita!</txt:size>","<txt:size,2>วันนี้นายคือเอซของเราเลยนะ!</txt:size>","<txt:size,2>Hoje, você foi o nosso craque!</txt:size>"
,,,백시우,,1_기쁨,,,"<wrt:delay,5>......<wrt:wait,25>하핫, 그런가?</wrt:delay>","<wrt:delay,5>...<wrt:wait,25>Haha, am I?</wrt:delay>","<wrt:delay,5>‥‥<wrt:wait,25>ははっ、そうかな？</wrt:delay>","<wrt:delay,5>‥<wrt:wait,25>哈哈，是吗？</wrt:delay>","<wrt:delay,5>‥<wrt:wait,25>哈哈，是嗎？</wrt:delay>","<wrt:delay,5>......<wrt:wait,25>Ха-ха, думаешь?</wrt:delay>","<wrt:delay,5>...<wrt:wait,25>Haha, saya?</wrt:delay>","<wrt:delay,5>...<wrt:wait,25>Ha ha, vậy sao?</wrt:delay>","<wrt:delay,5>...<wrt:wait,25> Jaja, ¿tú crees?</wrt:delay>","<wrt:delay,5>......<wrt:wait,25>Haha, benarkah?</wrt:delay>","<wrt:delay,5>......<wrt:wait,25>ฮะฮะ งั้นเหรอ?</wrt:delay>","<wrt:delay,5>Hum... <wrt:wait,25>é mesmo?</wrt:delay>"
,,,TAG,,,,,"<cha:pos,정다희,0><cha:pos,마윤석,2>","<cha:pos,정다희,0><cha:pos,마윤석,2>","<cha:pos,정다희,0><cha:pos,마윤석,2>","<cha:pos,정다희,0><cha:pos,마윤석,2>","<cha:pos,정다희,0><cha:pos,마윤석,2>","<cha:pos,정다희,0><cha:pos,마윤석,2>","<cha:pos,정다희,0><cha:pos,마윤석,2>","<cha:pos,정다희,0><cha:pos,마윤석,2>","<cha:pos,정다희,0><cha:pos,마윤석,2>","<cha:pos,정다희,0><cha:pos,마윤석,2>","<cha:pos,정다희,0><cha:pos,마윤석,2>","<cha:pos,정다희,0><cha:pos,마윤석,2>"
,,,마윤석,,1_우쭐,,,"<txt:size,2>어이, 너희들!!</txt:size>","<txt:size,2>Hey, guys!</txt:size>","<txt:size,2>おい、お前ら！！</txt:size>","<txt:size,2>喂，你们几个！！</txt:size>","<txt:size,2>喂，你們幾個！！</txt:size>","<txt:size,2>Эй, ребята!</txt:size>","<txt:size,2>Hei, semua!</txt:size>","<txt:size,2>Này, mọi người!!</txt:size>","<txt:size,2>¡Oigan, ustedes!</txt:size>","<txt:size,2>Oi, kalian semua!!</txt:size>","<txt:size,2>นี่ พวกเธอน่ะ!!</txt:size>","<txt:size,2>Ei, pessoal!</txt:size>"
,,,백시우,,1_웃음,,,"앗, <txt:bold,2><txt:color,orange>마윤석</txt:color></txt:bold>? 너도 응원하러 왔구나?","Oh, <txt:bold,2><txt:color,orange>Yoonseok</txt:color></txt:bold>! Were you here to root for us?","あっ、<txt:bold,2><txt:color,orange>忠英</txt:color></txt:bold>？お前も応援しに来てくれたんだな？","啊，<txt:bold,2><txt:color,orange>马允硕</txt:color></txt:bold>？你也来给我们加油啦？","啊，<txt:bold,2><txt:color,orange>馬允碩</txt:color></txt:bold>？你也來幫我們加油啦？","О, <txt:bold,2><txt:color,orange>Ма Юнсок</txt:color></txt:bold>? Пришел поболеть за нас?","Oh, <txt:bold,2><txt:color,orange>Yoonseok</txt:color></txt:bold>! Kamu datang untuk beri sokongan kepada kami?","A, <txt:bold,2><txt:color,orange>Ma Yoonseok</txt:color></txt:bold>? Cậu cũng đến cổ vũ à?","Ah, ¿<txt:bold,2><txt:color,orange>Ma Yunseok</txt:color></txt:bold>? ¿También viniste a animarnos?","Eh, <txt:bold,2><txt:color,orange>Yunseok Ma</txt:color></txt:bold>? Kamu juga datang untuk mendukung?","โอ๊ะ <txt:bold,2><txt:color,orange>มายุนซอก</txt:color></txt:bold>? นายก็มาเชียร์ด้วยเหรอ?","Ah, <txt:bold,2><txt:color,orange>Yunseok Ma</txt:color></txt:bold>? Você também veio torcer?"
,,,마윤석,,1_우쭐,,,"흥, 당연하지! 이번 승리는 다 내 특별 훈련과 응원 덕분이라고!","Hmph, of course! You were able to win thanks to my special training and encouragement!",ふん、当たり前だろ！今回は、俺の特訓と応援のおかげで勝てたようなもんだからな！！,哼，那还用说！这次能赢，全靠我的特训和加油打气好吗！,哼，那當然！這次能贏，全都多虧了我的特訓跟加油好嗎！,Конечно! Без моих гениальных тренировок вы бы не справились.,"Hmph, mestilah! Kamu mampu menang hasil latihan khas dan galakan saya!","Hừ, tất nhiên rồi! Chiến thắng lần này đều là nhờ buổi huấn luyện đặc biệt và sự cổ vũ của tôi đó!",Pues ¡claro! ¡Esta victoria fue gracias a mi entrenamiento especial y a mi apoyo!,"Huh, tentu saja! Kemenangan ini semua berkat latihan spesial dan sorakanku!",ฮึ่ม แหงสิ! ชัยชนะในครั้งนี้ เป็นเพราะการซ้อมพิเศษ แล้วก็แรงเชียร์จากฉันทั้งนั้นแหละ!,"Humpf, claro! Essa vitória foi graças ao meu treino especial e apoio!"
,,,마윤석,,1_우쭐,,,"숨은 MVP는 바로 나, <txt:bold,2><txt:color,orange>마윤석</txt:color></txt:bold>이다 이 말이야!!",I'm the true MVP here!,"陰のMVPは、まさにこの俺、<txt:bold,2><txt:color,orange>伊藤忠英</txt:color></txt:bold>様ってことさ！！","隐藏的MVP非我<txt:bold,2><txt:color,orange>马允硕</txt:color></txt:bold>莫属！！","真正的幕後功臣MVP就是我，<txt:bold,2><txt:color,orange>馬允碩</txt:color></txt:bold>！！","Настоящий герой матча — это я, <txt:bold,2><txt:color,orange>Ма Юнсок</txt:color></txt:bold>!",Sayalah MVP sebenar di sini!,"MVP thầm lặng chính là tôi, <txt:bold,2><txt:color,orange>Ma Yoonseok</txt:color></txt:bold>, ý tôi là vậy đó!!","¡El verdadero artífice de esta victoria soy yo, <txt:bold,2><txt:color,orange>Ma Yunseok</txt:color></txt:bold>!","Dengan kata lain, MVP pertandingan yang sebenarnya adalah aku, <txt:bold,2><txt:color,orange>Yunseok Ma</txt:color></txt:bold>!!","MVP ลับก็คือฉัน <txt:bold,2><txt:color,orange>มายุนซอก</txt:color></txt:bold>ผู้นี้ต่างหาก!!","O verdadeiro MVP sou eu, <txt:bold,2><txt:color,orange>Yunseok Ma</txt:color></txt:bold>!"
,,,백시우,,1_웃음,,,"아하하, 그래, 그래, 알았어.","Ahahah, sure, of course.",あはは、はいはい、分かったって。,啊哈哈，是是是，知道了。,啊哈哈，對，對，你說得對。,"Да-да, конечно.","Ahahah, sudah tentu.","A ha ha, được rồi, được rồi, tôi biết rồi.","Jaja, claro, claro, como digas.","Hahaha, iya, iya. Benar katamu.",ฮะฮะ โอเคๆ เข้าใจแล้ว,"Haha, tá bom, tá bom."
,,,마윤석,,1_분노,,,"분명히 말해 두는데, 넌 내가 있었으면 벤치였어! 기어오르지 마!!","Let's be clear, if I wasn't injured, you would've been benched! Don't let this go to your head!",言っておくけどな、お前なんて俺がいたらベンチだったんだぞ！調子に乗るなよ！！,先说清楚，要是我在场上，你小子只能坐冷板凳！别太得意忘形了！！,我先說清楚喔，要是我在的話，你早就坐板凳了！別太囂張啊！！,"Если бы я играл, ты бы сидел в запасных!","Biar saya berterus-terang, kalau saya tak cedera, kamu duduk bangku simpanan je! Jangan sombong!","Tôi nói cho cậu rõ nhé, nếu có tôi thi đấu thì cậu đã chỉ ngồi ghế dự bị rồi! Đừng có vênh mặt!!","Solo para que quede claro: ¡si yo hubiera jugado, tú habrías estado en la banca! ¡No te creas tanto!","Kuingatkan ya, kalau aku tidak cedera, kamulah yang bakal duduk di bangku cadangan! Jadi jangan besar kepala!!",ขอบอกไว้ให้ชัดๆ เลยนะ ว่าถ้ามีฉันอยู่ นายก็เป็นได้แค่ตัวสำรองนั่นแหละ! อย่าเหิมเกริมเชียวล่ะ!!,"Só pra deixar claro, você seria reserva se eu estivesse aí! Não se ache!"
,,,마윤석,,1_우쭐,,,"...뭐, 오늘 경기는 제법 잘했지만. 흥, 딱 오늘 하루만 인정해줄게.","...Still. I guess you were quite impressive today. Hmph. You have my approval, just this once.",‥まあ、今日の試合はなかなか良かったけどな。ふん、今日1日だけは仕方なく認めてやるよ。,‥不过，你今天打得确实还行。哼，就承认你今天一天的功劳吧。,‥不過，你今天比賽打得還算不錯啦。哼，就今天這一天，我承認你的實力。,"Ладно, ты был неплох. Сегодня я это признаю.","...Tapi. Rasanya kamu agak hebat hari ni. Hmph. Saya iktiraf kamu, kali ni saja.","...Dù sao trận hôm nay cậu cũng chơi khá tốt. Hừ, chỉ hôm nay thôi tôi sẽ công nhận.","Aunque admito que hoy lo hiciste muy bien. Jum, solo por hoy te doy crédito.","...Yah, meski harus kuakui, pertandingan hari ini kamu memang bermain lumayan. Hmph, khusus hari ini saja aku mengakuinya.",...ก็นะ ถึงการแข่งขันวันนี้จะเก่งใช้ได้ก็เถอะ ฮึ่ม ฉันจะยอมรับแค่วันนี้แล้วกัน,"Bom, vocês jogaram bem hoje. Humpf, só vou admitir isso por hoje."
,,,마윤석,,1_우쭐,,,물론 부상만 다 나으면 다시 내가 주전인 거 기억해 둬!,"Anyway, just remember that I'll be a starting player again once I recover from my injury!",もちろん、怪我さえ治ればまた俺がスタメンだってこと、覚えとけよ！,当然，等我伤好了，主力位置还是我的，你可别忘了！,當然，等我傷好了，主力還是我，這點你可別忘了！,Но я восстановлюсь и сразу вернусь в основной состав.,"Apapun, jangan lupa yang saya akan jadi pemain utama semula bila pulih daripada kecederaan!","Tất nhiên, một khi tôi khỏi chấn thương thì nhớ rằng tôi mới là chủ lực đó!","Pero recuerda que, en cuanto me recupere de la lesión, el titular volveré a ser yo.","Tapi ingat, begitu cederaku sembuh, posisi pemain inti kembali jadi milikku!",แต่จำไว้ด้วยล่ะ ว่าถ้าฉันหายดีเมื่อไหร่ ฉันจะกลับมาเป็นตัวหลักอีกครั้ง!,"Assim que eu me recuperar, vou voltar como titular!"
,,,정다희,,1_언짢,,,"으휴~ <txt:bold,2><txt:color,orange>마윤석</txt:color></txt:bold>, 이런 순간까지 그럴 거야?","Ugh, really, <txt:bold,2><txt:color,orange>Yoonseok</txt:color></txt:bold>? At a time like this?","やれやれ～<txt:bold,2><txt:color,orange>忠英</txt:color></txt:bold>ったら、こんな時までマウントとるつもり？","哎哟～<txt:bold,2><txt:color,orange>马允硕</txt:color></txt:bold>，都这个时候了你还要嘴硬吗？","唉唷～<txt:bold,2><txt:color,orange>馬允碩</txt:color></txt:bold>，都這種時候了你還要計較這個？","Эх, <txt:bold,2><txt:color,orange>Ма Юнсок</txt:color></txt:bold>, ты неисправим.","Ugh, biar betul, <txt:bold,2><txt:color,orange>Yoonseok</txt:color></txt:bold>? Pada waktu macam ni?","Haiz~ <txt:bold,2><txt:color,orange>Ma Yoonseok</txt:color></txt:bold>, đến giờ này mà cậu vẫn vậy sao?","Ay, <txt:bold,2><txt:color,orange>Ma Yunseok</txt:color></txt:bold>, ¿tenías que salir con eso incluso en un momento así?","Astaga~ <txt:bold,2><txt:color,orange>Yunseok Ma</txt:color></txt:bold>, kamu mau bertingkah begitu pada saat seperti ini?","เฮ้อ~ <txt:bold,2><txt:color,orange>มายุนซอก</txt:color></txt:bold> เวลาแบบนี้ก็ยังจะทำตัวแบบนั้นอีกเหรอเนี่ย?","Aff, <txt:bold,2><txt:color,orange>Yunseok Ma</txt:color></txt:bold>, você não perde a chance, né?"
,,,정다희,,1_웃음,,,어쨌든 다행이야~! 이제 우리 본선이야!!!,"Anyway, I'm so relieved! Next stop, playoffs!",とにかくよかった～！これで私たち本選だね！！！,总之真是太好了～！现在我们是正赛队伍了！！！,總之太好了～！現在我們要去打正賽啦！！！,"Но все равно, мы прошли в основной этап!","Apa pun, leganya! Sekarang kita dah ke pusingan utama!!!",Dù sao thì mừng quá~! Giờ chúng ta vào Vòng Chính rồi!!!,"¡En fin, qué alivio! ¡Ahora sí estamos en la fase final!",Yang penting syukurlah~! Kita akhirnya lolos ke babak utama!!!,ยังไงก็เถอะ ค่อยยังชั่วนะ~! ตอนนี้เราได้ไปรอบหลักแล้ว!!!,"Enfim, ainda bem! Agora estamos na fase principal!"
,,,정다희,,1_기본,,,오늘만큼은 승리의 기쁨을 마음껏 만끽하자~!!,Let's enjoy this win for the rest of the day!,今日だけは、思いっきり勝利の喜びを味わおう～！！,至少今天，让我们尽情享受胜利的喜悦吧～！！,今天就讓我們盡情享受勝利的喜悅吧～！！,Сегодня можно праздновать!,Mari nikmati kemenangan ni sampai malam!,"Riêng hôm nay, hãy tận hưởng niềm vui chiến thắng thật trọn vẹn nào~!!",¡Disfrutemos al máximo la alegría de esta victoria!,Setidaknya untuk hari ini kita rayakan kemenangan ini sepuasnya~!!,วันนี้มาลิ้มรสความสุขของชัยชนะกันให้หนำใจไปเลย~!!,Vamos curtir essa vitória hoje!
,,,TAG,,,,,"<eff:black,3>","<eff:black,3>","<eff:black,3>","<eff:black,3>","<eff:black,3>","<eff:black,3>","<eff:black,3>","<eff:black,3>","<eff:black,3>","<eff:black,3>","<eff:black,3>","<eff:black,3>"
,,,TAG,,,,,"<sys:qmap,체육관><cha:qpos,백시우,4><cha:qpos,정다희,4><cha:qpos,마윤석,4><cha:qpos,신하은,0><sys:bgm,BGM_HOPE,1200>","<sys:qmap,체육관><cha:qpos,백시우,4><cha:qpos,정다희,4><cha:qpos,마윤석,4><cha:qpos,신하은,0><sys:bgm,BGM_HOPE,1200>","<sys:qmap,체육관><cha:qpos,백시우,4><cha:qpos,정다희,4><cha:qpos,마윤석,4><cha:qpos,신하은,0><sys:bgm,BGM_HOPE,1200>","<sys:qmap,체육관><cha:qpos,백시우,4><cha:qpos,정다희,4><cha:qpos,마윤석,4><cha:qpos,신하은,0><sys:bgm,BGM_HOPE,1200>","<sys:qmap,체육관><cha:qpos,백시우,4><cha:qpos,정다희,4><cha:qpos,마윤석,4><cha:qpos,신하은,0><sys:bgm,BGM_HOPE,1200>","<sys:qmap,체육관><cha:qpos,백시우,4><cha:qpos,정다희,4><cha:qpos,마윤석,4><cha:qpos,신하은,0><sys:bgm,BGM_HOPE,1200>","<sys:qmap,체육관><cha:qpos,백시우,4><cha:qpos,정다희,4><cha:qpos,마윤석,4><cha:qpos,신하은,0><sys:bgm,BGM_HOPE,1200>","<sys:qmap,체육관><cha:qpos,백시우,4><cha:qpos,정다희,4><cha:qpos,마윤석,4><cha:qpos,신하은,0><sys:bgm,BGM_HOPE,1200>","<sys:qmap,체육관><cha:qpos,백시우,4><cha:qpos,정다희,4><cha:qpos,마윤석,4><cha:qpos,신하은,0><sys:bgm,BGM_HOPE,1200>","<sys:qmap,체육관><cha:qpos,백시우,4><cha:qpos,정다희,4><cha:qpos,마윤석,4><cha:qpos,신하은,0><sys:bgm,BGM_HOPE,1200>","<sys:qmap,체육관><cha:qpos,백시우,4><cha:qpos,정다희,4><cha:qpos,마윤석,4><cha:qpos,신하은,0><sys:bgm,BGM_HOPE,1200>","<sys:qmap,체육관><cha:qpos,백시우,4><cha:qpos,정다희,4><cha:qpos,마윤석,4><cha:qpos,신하은,0><sys:bgm,BGM_HOPE,1200>"
,,,신하은,,2_차분,,,"...바보 같아. 하, 진짜... <wrt:wait,25>짜증 나.","...This is ridiculous. Ugh... <wrt:wait,25>Annoying.","‥バカみたい。はぁ、マジで‥<wrt:wait,25>ムカつく。","‥像个傻瓜一样。哈，真是‥<wrt:wait,25>烦死了。","‥真蠢。哈，真是‥<wrt:wait,25>煩死了。","Вот дураки... <wrt:wait,25>Как же бесит!","...Ini mengarut. Ugh... <wrt:wait,25>Sakit hati betul.","...Ngốc thật. Ha, thật là... <wrt:wait,25>bực mình.","Soy una tonta. Ja, de verdad... <wrt:wait,25>qué fastidio.","...Bodoh sekali. Hah, benar-benar... <wrt:wait,25>Menyebalkan.","...เหมือนคนโง่ชะมัด เฮอะ ให้ตายเถอะ... <wrt:wait,25>หงุดหงิดที่สุดเลย","Que besta... sério... <wrt:wait,25>que raiva."
,,,TAG,,,,,"<cha:pos,신하은,-2><cha:pos,이영섭,2>","<cha:pos,신하은,-2><cha:pos,이영섭,2>","<cha:pos,신하은,-2><cha:pos,이영섭,2>","<cha:pos,신하은,-2><cha:pos,이영섭,2>","<cha:pos,신하은,-2><cha:pos,이영섭,2>","<cha:pos,신하은,-2><cha:pos,이영섭,2>","<cha:pos,신하은,-2><cha:pos,이영섭,2>","<cha:pos,신하은,-2><cha:pos,이영섭,2>","<cha:pos,신하은,-2><cha:pos,이영섭,2>","<cha:pos,신하은,-2><cha:pos,이영섭,2>","<cha:pos,신하은,-2><cha:pos,이영섭,2>","<cha:pos,신하은,-2><cha:pos,이영섭,2>"
,,,이영섭,,1_기본,,,여기 있었나.,There you are.,ここにいたか。,原来你在这里。,妳在這裡啊。,Вот ты где.,Itu pun kamu.,Em ở đây à.,Conque estabas aquí.,Jadi kamu ada di sini.,อยู่ที่นี่เองเหรอ,Achei você.
,,,신하은,,2_우쭐,,silent,"...!! ...<wrt:wait,25>뭐야, 선배. 여긴 웬일이야~? 설마 시합 끝나자마자 땡땡이?","...! <wrt:wait,25>What are you doing here? Are you slacking off right after the match?","‥！！‥<wrt:wait,25>何よ、先輩。こんなとこに何の用～？まさか試合終わってすぐサボり？","‥！！‥<wrt:wait,25>什么嘛，前辈。你怎么来了～？该不会是比赛一结束就开溜了吧？","‥！！‥<wrt:wait,25>幹嘛啦，前輩。你怎麼會來這裡～？該不會是比賽一結束就偷溜出來了吧？","...!! ...<wrt:wait,25>Капитан? Решил сбежать сразу после игры?","...!! <wrt:wait,25>Eh, kenapa abang datang sini? Jangan-jangan terus curi tulang lepas perlawanan?","...!! ...<wrt:wait,25>Gì vậy. Sao anh lại đến đây~? Chẳng lẽ vừa thi đấu xong đã trốn tập à?","¡...! ... <wrt:wait,25>¿<txt:bold,2><txt:color,orange>Youngsup</txt:color></txt:bold>? ¿Qué haces aquí? No me digas que te escapaste apenas terminó el partido.","...!! ...<wrt:wait,25>Eh, senior. Kenapa datang kesini~? Jangan-jangan senior mau langsung bolos setelah pertandingan?","...!! ...<wrt:wait,25>อะไรกัน รุ่นพี่ มาทำอะไรที่นี่เนี่ย~? อย่าบอกนะว่าพอแข่งเสร็จก็จะชิ่งเลยน่ะ?","Ah! <wrt:wait,25>O que você tá fazendo aqui? Não me diga que já tá fugindo das obrigações assim que o jogo acabou..."
,,,이영섭,,1_무표정,,,설마. 네가 안 돌아오길래 찾으러 왔을 뿐이야.,Of course not. I was just looking for you because you went missing.,まさか。お前が戻ってこないから探しに来ただけだ。,怎么可能。看你一直没回来，我才来找你的。,怎麼可能。只是因為妳一直沒回來，我才出來找妳。,"Просто заметил, что тебя нет, и решил найти.",Dah tentu tidak. Saya cuma mencari kamu sebab kamu hilang.,Làm gì có. Thấy em không quay lại nên tôi đi tìm thôi.,"No digas tonterías. Como no volvías, solo vine a buscarte.",Tentu saja tidak. Aku hanya mencarimu karena kamu tidak kunjung kembali.,จะเป็นไปได้ยังไงเล่า ฉันแค่มาตามหาเพราะเห็นเธอไม่กลับมาสักที,Claro que não. Eu só vim te procurar porque você não voltou.
,,,신하은,,2_미소,,,"...아, 그래~ 재미없네.","...Ah, right. Well, that's no fun.",‥あ、そうなんだ～。つまんないの。,‥啊，是吗～真没意思。,‥啊，是喔～真沒意思。,Какой ты скучный.,"...Ah, betul. Langsung tak seronok.","...A, vậy à~ Chán ghê.","Ah, ya... Qué aburrido.","...Oh, begitu~ Membosankan.",...อ๋อ งั้นเหรอ~ น่าเบื่อชะมัด,"Ah, tá! Que sem graça."
,,,신하은,,2_미소,,,"선배는 진짜 세상에서 제일 재미없는 성격이란 거, 스스로 좀 알아둬야 해.",You really need to know that you're the most boring person in the world.,先輩ってホント、世界で一番つまんない性格してるってこと、自分でもちょっと自覚した方がいいよ。,前辈，你最好有点自知之明，你的性格真的是世界上最无聊的。,前輩，你應該要知道，你的個性真的是全世界最無趣的那種。,Самый скучный человек на свете.,Kamu kena tahu yang kamu orang paling bosan di dunia.,Anh nên tự biết mình là người nhàm chán nhất thế giới đi.,"Deberías darte cuenta de que tienes la personalidad más aburrida del mundo, <txt:bold,2><txt:color,orange>Youngsup</txt:color></txt:bold>.",Senior harus tahu bahwa senior itu memang orang paling membosankan di dunia.,รุ่นพี่ควรจะต้องรู้ไว้บ้างนะ ว่าตัวเองนิสัยน่าเบื่อที่สุดในโลกเลย,Você precisa saber que é a pessoa mais sem graça do mundo.
,,,이영섭,,1_기본,,,알고 있어. 농담은 서툴거든.,I know. I'm not good with jokes.,分かってる。冗談は苦手だからな。,我知道。因为我不擅长开玩笑。,我知道。因為我不太會開玩笑。,Знаю. Я не умею шутить.,Saya tahu. Saya tak pandai bergurau.,Tôi biết. Tôi không giỏi đùa mà.,Lo sé. Soy malo para las bromas.,Aku tahu. Aku memang tidak pandai bercanda.,รู้หรอกน่า ฉันไม่ถนัดเรื่องเล่นมุกน่ะ,Eu sei... não levo jeito pra piada.
,,,신하은,,2_차분,,,"우와, 진짜 진지해, 최악이야.","Wow, you managed to become even more serious. You're the worst.",うわっ、チョー真面目。サイアクなんだけど。,哇，这么一本正经，最差劲了。,哇，認真成這樣，真是受不了。,"М-да, ты безнадежен.","Wah, kamu jadi makin serius. Kamu paling teruk.","Wow, nghiêm túc thật đấy, tệ quá.","Vaya, qué respuesta tan seria. Eso te vuelve peor.","Wah, masih serius di saat seperti ini, parah sekali.",โห จริงจังเกินไปแล้ว แย่สุดๆ เลย,Nossa... você é sério demais. Que chato.
,,,이영섭,,1_기본,,,이제 와서 새삼스레.,Nothing's new.,今更だろ。,事到如今还说这些干嘛。,事到如今妳才在嫌。,Это так.,Tiada apa-apa yang baru.,Giờ mới nhận ra à.,¿Apenas te das cuenta?,Bukannya sudah biasa aku begini?,มาพูดอะไรเอาป่านนี้ล่ะ,Isso não é novidade.
,,,이영섭,,1_기본,,,너야말로 여기서 뭐 하고 있었어.,"So, what are you doing here?",お前こそ、ここで何してたんだ。,倒是你，在这里干什么呢。,倒是妳，一個人在這裡做什麼。,Что ты тут делаешь?,"Jadi, kamu buat apa di sini?","Còn em, em làm gì ở đây vậy?","Más bien, ¿qué haces tú aquí?",Kamu sendiri sedang apa di sini?,ว่าแต่เธอเถอะ มาทำอะไรอยู่ที่นี่,"E você, o que tava fazendo aqui?"
,,,신하은,,2_우쭐,,,"그냥~ 경기도 져버렸고, 감독님한테 한 소리 듣기도 싫어서. 잠깐 바람 좀 쐬다 가려구~","You know... We lost, and I didn't want to hear Coach chew us out. I just wanted some fresh air.",別に～試合にも負けちゃったし、監督にガミガミ言われるのも嫌で。ちょっと風に当たって帰ろうかなって～。,没干嘛～比赛也输了，不想听教练唠叨，就想在这里吹吹风再走～,沒什麼～就只是比賽輸了，不想聽教練唸，所以出來透透氣而已～,"Ничего... Мы проиграли, и я не хочу попадаться тренеру на глаза.","Sajalah... Kita pun dah kalah, saya tak nak kena bebel dengan jurulatih. Nak ambil angin sekejap sebelum balik.",Chỉ là... thua trận rồi nên em chưa muốn về nghe HLV mắng ngay. Em định hóng gió một chút rồi mới quay lại~,"Nada. Perdimos el partido, y no quería escuchar al entrenador regañarme. Solo vine a tomar un poco de aire.","Yah~ karena kita sudah kalah, dan aku tidak ingin dimarahi pelatih. Jadi sekalian saja aku keluar cari angin~",ก็แค่~ การแข่งขันก็แพ้ แล้วฉันก็ขี้เกียจฟังโค้ชบ่น เลยออกมารับลมสักแป๊บน่ะ~,Sei lá... perdemos o jogo e não tava a fim de levar bronca do treinador. Só vim esfriar a cabeça.
,,,이영섭,,1_무표정,,,그럼 잠깐 얘기 좀 할까.,Do you want to talk for a bit?,なら、少し話さないか。,那我们稍微聊两句？,那我們聊聊吧。,Давай поговорим.,Kamu mahu bercakap sebentar?,Vậy nói chuyện một lát nhé.,"Entonces, hablemos un momento.","Kalau begitu, mau bicara sebentar?",ถ้างั้นเรามาคุยกันสักหน่อยไหม,Então podemos conversar um instante?
,,,신하은,,2_미소,,,"...아핫, 훈계라면 사양인데.","...Ahaha. I don’t need a scolding from you, thanks.",‥あはっ、説教ならお断りなんだけど。,‥啊哈，要是想说教的话就免了。,‥啊哈，要是想教訓我的話就免了。,Только нотаций не надо.,"...Ahaha. Saya tak perlu dengar kamu marah saya, terima kasih.","...A ha, nếu là lên lớp thì em xin phép từ chối.","Ah, si vas a sermonearme, paso.","...Ahaha, aku tidak mau diceramahi.",...ฮะฮ่า ถ้าจะมาเทศนากันล่ะก็ ฉันขอผ่านนะ,"Haha... se for sermão, tô fora."
,,,이영섭,,1_기본,,,그런 거 아니야.,It's not that.,そんなんじゃない。,不是说教。,不是那樣的。,Их не будет.,Bukan macam tu.,Không phải thế.,No es eso.,Bukan begitu.,ไม่ใช่อะไรแบบนั้นหรอกน่า,"Não, não é isso."
,,,신하은,,2_미소,,,"아니면, 뭐? <wrt:wait,30><wrt:delay,5>...왜 선배한테 공 안 올렸냐고?</wrt:delay>","Then what? <wrt:wait,30><wrt:delay,5>...You want to know why I didn't send the ball your way?</wrt:delay>","じゃあ、何？<wrt:wait,30><wrt:delay,5>‥なんで先輩にトスを上げなかったのかって？</wrt:delay>","那是什么？<wrt:wait,30><wrt:delay,5>‥想问我为什么不给你传球吗？</wrt:delay>","不然呢？<wrt:wait,30><wrt:delay,5>‥是要問我為什麼不把球傳給你嗎？</wrt:delay>","Тогда что? <wrt:wait,30><wrt:delay,5>Хочешь узнать, почему я не пасовала тебе?</wrt:delay>","Kalau bukan, apa? <wrt:wait,30><wrt:delay,5>...Kamu mahu tahu kenapa saya tak hantar bola kepada kamu tadi?</wrt:delay>","Không phải thì gì? <wrt:wait,30><wrt:delay,5>...Hỏi vì sao em không chuyền bóng cho anh à?</wrt:delay>","¿Entonces qué? <wrt:wait,30><wrt:delay,5>¿Vienes a preguntarme por qué no te pasé la pelota?</wrt:delay>","Kalau begitu apa? <wrt:wait,30><wrt:delay,5>...Mau tanya kenapa tadi aku tidak mengoper bola ke senior?</wrt:delay>","ถ้าไม่ใช่แล้วเรื่องอะไรล่ะ? <wrt:wait,30><wrt:delay,5>...จะถามว่าทำไมฉันถึงไม่เซ็ตบอลให้รุ่นพี่เหรอ?</wrt:delay>","Então, o que é? <wrt:wait,30><wrt:delay,5>Vai reclamar porque eu não te passei a bola?</wrt:delay>"
,,,신하은,,2_우쭐,,,"당연한 거 아냐? 선배, 어깨 부상 아직 안 나았잖아. 내 눈엔 선배가 영 못 미더워 보였어.",It's obvious. You haven't fully recovered from your shoulder injury. You were unreliable.,当たり前じゃん？先輩、肩の怪我だってまだ治ってないでしょ。私から見たら、先輩のことなんてちっとも信用できなかったし。,这不是理所当然的吗？前辈，你的肩伤还没好吧。至少在我看来，现在的你根本靠不住。,那不是理所當然的嗎？前輩你的肩膀根本還沒好啊。在我看來，現在的前輩根本不可靠。,"Очевидно, что твое плечо еще болит. И я не хотела рисковать.",Nampak sangat. Kecederaan bahu kamu belum pulih sepenuhnya. Kamu tak boleh diharap.,Không phải quá rõ rồi sao? Vai anh vẫn chưa khỏi hẳn mà. Nhìn như vậy khiến em thật sự không yên tâm chút nào.,¿No era obvio? Tu hombro todavía no se recupera. Y no te veía en condiciones.,"Bukankah itu sudah jelas? Cedera bahu senior belum sembuh. Di mataku, kondisi senior sama sekali tidak bisa diandalkan.",ก็เห็นๆ กันอยู่ไม่ใช่รึไง? อาการบาดเจ็บที่ไหล่ของรุ่นพี่ยังไม่หายดีเลยนี่นา ในสายตาฉัน รุ่นพี่เลยดูไม่ค่อยน่าเชื่อถือน่ะ,"Não é óbvio? Seu ombro ainda não tava bom, não dava pra confiar."
,,,신하은,,2_차분,pause,,"뭐, 결과적으로 경기를 완전 망쳐버렸지만. <txt:bold,1>...선배, 고3 마지막 대회였는데도.</txt:bold>","Well, as a result, the match was ruined. <txt:bold,1>...Even though that was your last tournament of senior year in high school.</txt:bold>","まあ、結果的に試合を完全に台無しにしちゃったけどね。<txt:bold,1>‥先輩の高校生活最後の大会だったのに。</txt:bold>","嘛，虽然结果是把比赛彻底搞砸了。<txt:bold,1>‥明明这是前辈高三的最后一场大赛了。</txt:bold>","唉，反正結果就是比賽被我毀了。<txt:bold,1>‥這還是前輩高三最後一場大賽的說。</txt:bold>","А в итоге все испортила... <txt:bold,1>Это же твои последние школьные соревнования.</txt:bold>","Akhirnya, saya rosakkan seluruh perlawanan. <txt:bold,1>...Walaupun itu kejohanan terakhir abang sebagai pelajar tahun akhir sekolah menengah.</txt:bold>","Kết quả là em đã phá hỏng cả trận đấu. ...Dù đó là <txt:bold,1>giải đấu cuối cùng năm lớp 12 của anh.</txt:bold>","Aunque al final terminé arruinando el partido... <txt:bold,1>Y era tu último torneo de preparatoria...</txt:bold>","Yah, akhirnya malah kukacaukan seluruh pertandingan. <txt:bold,1>...Padahal ini turnamen terakhirmu di kelas tiga SMA, Kak.</txt:bold>","ถึงสุดท้ายจะกลายเป็นว่าทำให้เกมพังหมดเลยก็เถอะ <txt:bold,1>...ทั้งที่มันเป็นทัวร์นาเมนต์สุดท้ายสำหรับม.6 ของรุ่นพี่แล้วด้วย</txt:bold>","No fim, eu acabei estragando o jogo... <txt:bold,1>e ainda por cima era o seu último torneio.</txt:bold>"
,,,신하은,,2_우쭐,pause,,그게 다야~ 원망하고 싶으면 맘대로 해~,That's all. You can hate me if you want!,それだけ～。恨みたいなら勝手にすればいいじゃん～。,就这些～想怪我的话请便～,就是這樣～你想怪我的話就隨便你吧～,"Можешь злиться на меня, сколько хочешь.",Itu saja. Kamu boleh benci saya kalau mahu!,Chỉ vậy thôi~ Anh muốn trách thì cứ trách đi~,"Eso fue todo. Si quieres culparme, adelante.",Hanya itu saja~ Silakan kalau mau menyalahkanku~,ทั้งหมดก็มีแค่นั้นแหละ~ ถ้าอยากโกรธฉันก็ตามสบายเลย~,É só isso... pode me culpar à vontade.
,,,이영섭,,1_무표정,,silent,"...<wrt:wait,25>뭔가 착각하고 있나 본데.","... <wrt:wait,25>I think you've got the wrong idea.","‥<wrt:wait,25>何か勘違いしているようだが。","‥<wrt:wait,25>看来你是误会了。","‥<wrt:wait,25>妳好像誤會了什麼。","...<wrt:wait,25>Ты, кажется, не так меня поняла.","... <wrt:wait,25>Rasanya kamu salah faham ni.","...<wrt:wait,25>Có vẻ em đang hiểu lầm gì đó.","...<wrt:wait,25> Me parece que te estás confundiendo.","...<wrt:wait,25>Sepertinya kamu salah paham.","...<wrt:wait,25>เหมือนว่าเธอจะเข้าใจอะไรผิดไปนะ","Hum... <wrt:wait,25>Acho que você tá confundindo as coisas."
,,,이영섭,,1_무표정,,,널 탓하려고 한 적 없어.,I never tried to put the blame on you.,お前を責めるつもりはない。,我从来没想过要责怪你。,我從來沒有怪過妳。,Я и не думал тебя винить.,Saya tak pernah salahkan kamu.,Tôi chưa từng định trách em.,No vine a reprocharte nada.,Aku tidak pernah berniat menyalahkanmu.,ฉันไม่เคยคิดจะโทษเธอเลย,Não vim te acusar.
,,,이영섭,,1_기본,,,"<txt:bold,1>동의한다. 네 판단, 옳았어.</txt:bold>","<txt:bold,1>I agree. You made the right call.</txt:bold>","<txt:bold,1>同意するよ。花音の判断は、正しかった。</txt:bold>","<txt:bold,1>我同意。你的判断是正确的。</txt:bold>","<txt:bold,1>沒錯，妳當時的判斷是對的。</txt:bold>","<txt:bold,1>Наоборот. Ты все сделала правильно.</txt:bold>","<txt:bold,1>Setuju. Kamu buat keputusan yang betul.</txt:bold>","<txt:bold,1>Tôi đồng ý. Phán đoán của em là đúng.</txt:bold>","<txt:bold,1>Coincido contigo. Decidiste bien.</txt:bold>","<txt:bold,1>Aku justru setuju. Keputusanmu itu tidak salah.</txt:bold>","<txt:bold,1>ฉันเห็นด้วย ว่าการตัดสินใจของเธอน่ะถูกต้อง</txt:bold>","<txt:bold,1>Concordo. Você fez o certo.</txt:bold>"
,,,신하은,,2_차분,,quest,"......<wrt:wait,25>뭐?","...<wrt:wait,25>What?","‥<wrt:wait,25>えッ？","‥<wrt:wait,25>什么？","‥<wrt:wait,25>什麼？","......<wrt:wait,25>Что?","...<wrt:wait,25>Apa?","...<wrt:wait,25>Gì cơ?","... <wrt:wait,25>¿Qué...?","......<wrt:wait,25>Apa?","......<wrt:wait,25>หา?","Ah... <wrt:wait,25>O quê?"
,,,이영섭,,1_기본,,,"<txt:bold,2>지산고</txt:bold>엔 내가 아니어도 좋은 공격수가 많아.","There are plenty of talented attackers in <txt:bold,2>Jisan High</txt:bold>.","<txt:bold,2>芝山高校</txt:bold>には、俺でなくても優秀なアタッカーが多い。","<txt:bold,2>智山高中</txt:bold>里，就算没有我，也还有很多优秀的攻击手。","<txt:bold,2>智山高中</txt:bold>就算沒有我，也還有很多優秀的攻擊手。","В <txt:bold,2>«Чжисан»</txt:bold> много сильных нападающих.","Ada ramai penyerang berbakat di <txt:bold,2>Jisan High</txt:bold>.","<txt:bold,2>Trường THPT Jisan</txt:bold> có rất nhiều tuyển thủ tấn công giỏi dù không có tôi.","En la <txt:bold,2>Escuela Jisan</txt:bold> hay muchos buenos atacantes además de mí.","Ada banyak penyerang hebat selain dariku di <txt:bold,2>SMA Jisan</txt:bold>.","ใน<txt:bold,2>มัธยมจีซัน</txt:bold>น่ะ ต่อให้ไม่ใช่ฉัน ก็ยังมีตัวบุกเก่งๆ อีกเยอะ","O <txt:bold,2>Colégio Jisan</txt:bold> tem bons atacantes além de mim."
,,,이영섭,,1_무표정,,,"<txt:bold,2>최고의 스파이커</txt:bold>니 <txt:bold,2>올스타</txt:bold>니 거창하게 불러줘도 결국 난 몸 관리도 제대로 못 한 선수일 뿐이야.","People can call me the <txt:bold,2>Greatest Spiker</txt:bold> or an <txt:bold,2>All-Star</txt:bold>, but in the end, I'm just a player who failed to take care of his shoulder.","<txt:bold,2>最高のスパイカー</txt:bold>だの<txt:bold,2>オールスターズ</txt:bold>だのと大層な呼び名をもらっても、結局俺は体調管理すらまともにできなかった選手に過ぎないんだ。","就算大家给我冠上什么<txt:bold,2>最强主攻手</txt:bold>、<txt:bold,2>全明星</txt:bold>之类响亮的名号，说到底，我也不过是个连自己身体都管理不好的选手罢了。","就算別人把我捧得老高，叫我什麼<txt:bold,2>最強主攻手</txt:bold>、<txt:bold,2>全明星</txt:bold>之類的，說到底，我也不過是個連自己身體都管理不好的選手罷了。","Каким бы <txt:bold,2>первоклассным нападающим</txt:bold> я ни был, меня подвела травма. Я не берег себя.","Orang boleh gelar saya <txt:bold,2>Perejam Terbaik</txt:bold> atau <txt:bold,2>All-Star</txt:bold>, tapi akhirnya saya cuma pemain yang gagal menjaga tubuh sendiri.","Dù được gọi bằng những cái tên hoành tráng như <txt:bold,2>Tay Đập Xuất Sắc Nhất</txt:bold> hay <txt:bold,2>All Star</txt:bold>, cuối cùng tôi cũng chỉ là một tuyển thủ không biết giữ gìn thể trạng của mình.","Por mucho que me llamen el <txt:bold,2>mejor rematador</txt:bold> o <txt:bold,2>All-Star</txt:bold>, al final solo soy un jugador que ni siquiera supo cuidar bien su cuerpo.","Mau dipanggil <txt:bold,2>Spiker terbaik</txt:bold> atau <txt:bold,2>All Star</txt:bold> pun... Pada akhirnya aku hanyalah atlet yang gagal menjaga kondisi tubuhnya.","จะเรียกฉันว่า<txt:bold,2>สุดยอดตัวตบ</txt:bold> หรือ<txt:bold,2>ออลสตาร์</txt:bold>อะไรยิ่งใหญ่แค่ไหน สุดท้ายฉันก็เป็นแค่นักกีฬาที่ดูแลร่างกายตัวเองให้ดียังไม่ได้ด้วยซ้ำ","Podem me chamar de <txt:bold,2>melhor atacante</txt:bold> ou de <txt:bold,2>All-Star</txt:bold>, mas, no fim das contas, eu só fui um jogador que não conseguiu cuidar do próprio corpo."
,,,이영섭,,1_무표정,,,이번 패배도 부상에서 제때 회복하지 못한 내 책임이야.,This loss is also my fault for failing to recover in time.,今回の敗北も、試合までに怪我を治せなかった俺の責任だ。,这次的失败，责任在于没能及时从伤病中恢复的我。,沒能在賽前養好傷導致輸球，這全是我的責任。,Мы проиграли и по моей вине. Я не смог вовремя восстановиться.,Salah saya juga tak sempat pulih sampai kita kalah.,Thất bại lần này cũng là trách nhiệm của tôi vì không kịp hồi phục chấn thương.,Esta derrota también es mi culpa por no haberme recuperado a tiempo de la lesión.,Kekalahan kali ini juga tanggung jawabku karena tidak berhasil memulihkan tubuhku dari cedera sebelum pertandingan penting.,ความพ่ายแพ้ในครั้งนี้ ก็เป็นความรับผิดชอบของฉัน ที่ฟื้นจากอาการบาดเจ็บให้ทันเวลาไม่ได้,"Essa derrota também foi minha responsabilidade, já que não consegui me recuperar a tempo."
,,,이영섭,,1_기본,,,"주장으로서 너희를 꼭 <txt:bold,2>전국 대회</txt:bold>로 데려가 주고 싶었는데 그러지 못했어.","As the captain, I really wanted to take you all to the <txt:bold,2>National Tournament</txt:bold>. But I couldn't.","キャプテンとしてお前たちを絶対に<txt:bold,2>全国大会</txt:bold>に連れて行ってやりたかったのに、そうしてやれなかった。","作为队长，我本想带你们打进<txt:bold,2>全国大赛</txt:bold>的，但我没能做到。","身為隊長，我本來很想帶你們去<txt:bold,2>全國大賽</txt:bold>的，但我沒能做到。","Как капитан, я хотел дойти с вами до <txt:bold,2>национальных</txt:bold>. Но не смог.","Sebagai kapten, saya memang mahu bawa kamu semua ke <txt:bold,2>Kejohanan Kebangsaan</txt:bold>. Tapi, saya tak mampu.","Với tư cách đội trưởng, tôi đã muốn đưa cả đội tham dự <txt:bold,2>Giải Toàn Quốc</txt:bold>, nhưng lại không làm được.","Como capitán, quería llevarlos al <txt:bold,2>Torneo Nacional</txt:bold>, pero no pude hacerlo.","Sebagai kapten, aku benar-benar ingin membawa kalian ke <txt:bold,2>Turnamen Nasional</txt:bold>. Tapi aku gagal melakukannya.","ฉันอยากพาพวกเธอไป<txt:bold,2>ทัวร์นาเมนต์ระดับประเทศ</txt:bold>ให้ได้ในฐานะกัปตัน แต่สุดท้ายฉันก็ทำไม่ได้","Eu queria ter levado o time ao <txt:bold,2>torneio nacional</txt:bold> como capitão... mas não consegui."
,,,이영섭,,1_기본,,,그걸 사과하고 싶었어. 미안하다.,I wanted to apologize for that. I'm sorry.,それを謝りたかったんだ。すまない。,我是来向你道歉的。对不起。,我是來向妳道歉的。對不起。,Мне очень жаль. Прости.,Maafkan saya.,Tôi muốn xin lỗi chuyện đó. Xin lỗi nhé.,Por eso quería disculparme. Lo siento.,Jadi aku datang untuk meminta maaf. Maafkan aku.,ฉันเลยอยากขอโทษกับเรื่องนี้น่ะ ขอโทษนะ,Só queria pedir desculpas. Desculpa mesmo.
,,,신하은,,2_우쭐,,,"<txt:shake,1>...아니...</txt:shake>","<txt:shake,1>...Wait...</txt:shake>","<txt:shake,1>‥いや‥</txt:shake>","<txt:shake,1>‥不是‥</txt:shake>","<txt:shake,1>‥不是‥</txt:shake>","<txt:shake,1>Не надо...</txt:shake>","<txt:shake,1>...Nanti...</txt:shake>","<txt:shake,1>Không phải...</txt:shake>","<txt:shake,1>¿Qué...?</txt:shake>","<txt:shake,1>...Tidak...</txt:shake>","<txt:shake,1>...เดี๋ยวสิ...</txt:shake>","<txt:shake,1>Não...</txt:shake>"
,,,이영섭,,1_기본,,,하고 싶은 말은 이게 다야.,That's all I wanted to say.,言いたかったことはこれで全部だ。,我想说的就这些。,我想說的就這些。,"Это все, что я хотел сказать.",Itu saja saya mahu cakap.,Tôi chỉ muốn nói vậy thôi.,Eso era todo lo que quería decirte.,Hanya itu yang ingin kusampaikan.,ที่ฉันอยากพูดก็มีเท่านี้แหละ,Era isso que eu tinha pra falar.
,,,이영섭,,1_무표정,,,"난 이걸로 우리 팀을 떠나겠지만, 내년엔 꼭 전국으로 다들 데려가 줘.","I'm leaving the team, but I want you to take everyone to Nationals next year.",俺はこれでチームを離れるが、来年は必ずみんなを全国へ連れて行ってくれ。,虽然我就这样离开球队了，但明年你一定要把大家都带进全国大赛。,我雖然就要離開球隊了，但明年妳一定要帶大家打進全國大賽。,"Теперь я ухожу из команды, но ты обязательно выведи ребят на национальный турнир в следующем году.","Saya akan tinggalkan pasukan selepas ini, tapi tahun depan, bawalah mereka semua ke Kejohanan Kebangsaan.","Sau giải này, tôi sẽ rời đội, nhưng năm sau em nhất định phải đưa mọi người đến Giải Toàn Quốc nhé.","Con esto me despido del equipo, pero el próximo año asegúrate de ser tú quien los lleve al torneo nacional.","Setelah ini aku akan meninggalkan tim. Tapi tahun depan, tolong bawa tim ini ke tingkat Nasional.",ถึงฉันจะต้องจากทีมของเราไปแบบนี้ แต่ปีหน้าเธอช่วยพาทุกคนไประดับประเทศให้ได้ทีนะ,"Vou deixar a equipe, mas quero que você leve todo mundo ao torneio nacional no ano que vem."
,,,이영섭,,1_기본,,,"경기 꼭 보러 갈게. 잘 부탁한다, <txt:bold,1>부주장.</txt:bold>","I'll come to watch the game. Good luck, <txt:bold,1>Vice Captain</txt:bold>.","試合は必ず見に行くよ。よろしく頼んだぞ、<txt:bold,1>副キャプテン。</txt:bold>","比赛我一定会去看的。拜托了，<txt:bold,1>副队长。</txt:bold>","我一定會去幫你們加油的。就拜託妳了，<txt:bold,1>副隊長。</txt:bold>","Я буду за вас болеть. Удачи, <txt:bold,1>вице-капитан</txt:bold>.","Saya akan datang tonton perlawanan. Semoga berjaya, <txt:bold,1>Naib Kapten</txt:bold>.","Tôi nhất định sẽ đến xem trận đấu. Trông cậy vào em, <txt:bold,1>đội phó.</txt:bold>","Prometo ir a ver el partido. Te lo encargo, <txt:bold,1>subcapitana</txt:bold>.","Aku pasti akan datang menonton pertandingannya. Kutitipkan tim ini padamu, <txt:bold,1>Wakil Kapten.</txt:bold>","ฉันจะไปดูการแข่งขันแน่นอน ฝากด้วยล่ะ <txt:bold,1>รองกัปตัน</txt:bold>","Vou torcer por vocês. Conto com você, <txt:bold,1>vice-capitã</txt:bold>."
,,,신하은,,2_차분,pause,,"<wrt:delay,5>......<wrt:wait,30>뭐냐고, 정말. </wrt:delay>","<wrt:delay,5>...<wrt:wait,30>Seriously...?</wrt:delay>","<wrt:delay,5>‥‥<wrt:wait,30>何なのよ、もう。</wrt:delay>","<wrt:delay,5>‥<wrt:wait,30>搞什么啊，真是的。</wrt:delay>","<wrt:delay,5>‥<wrt:wait,30>搞什麼啊，真是的。</wrt:delay>","<wrt:delay,5>......<wrt:wait,30>Зачем ты так?</wrt:delay>","<wrt:delay,5>...<wrt:wait,30>Biar betul...?</wrt:delay>","<wrt:delay,5>...<wrt:wait,30>Gì vậy, thật là... </wrt:delay>","<wrt:delay,5>...<wrt:wait,30>Pero ¿qué cosas dices?</wrt:delay>","<wrt:delay,5>......<wrt:wait,30>Apa ini, dasar. </wrt:delay>","<wrt:delay,5>......<wrt:wait,30>อะไรกัน ให้ตายเถอะ</wrt:delay>","<wrt:delay,5>Aff... <wrt:wait,30>sério mesmo... </wrt:delay>"
,,,신하은,,2_차분,pause,,이럴 땐 나한테 화를 내는 게 맞잖아.,You should be angry at me.,こういう時は私に怒るのが普通でしょ。,这种时候你明明应该冲我发火的啊。,這種時候，你對我發脾氣才對吧。,Ты должен на меня злиться.,Kamu patut marah saya.,"Những lúc thế này, đáng lẽ anh phải nổi giận với em chứ.","En una situación así, lo normal sería que me reclamaras.","Di saat seperti ini, seharusnya senior memarahiku.",ในสถานการณ์แบบนี้ รุ่นพี่ควรจะต้องโกรธฉันสิ,Você deveria estar bravo comigo.
,,,신하은,,2_차분,pause,,"난 그냥... <wrt:wait,25><txt:size,-1>선배 어깨가</txt:size> <txt:size,-2>망가지는 게...</txt:size> <wrt:wait,25>하... 됐어.","I just... <wrt:wait,25><txt:size,-1>didn't want</txt:size> <txt:size,-2>your shoulder to...</txt:size><wrt:wait,25>*Sigh*... Forget it.","私はただ‥<wrt:wait,25><txt:size,-1>先輩の肩が</txt:size><txt:size,-2>壊れるのが‥</txt:size><wrt:wait,25>はあ‥もういいわ。","我只是‥<wrt:wait,25><txt:size,-1>不想看到前辈的肩膀</txt:size><txt:size,-2>废掉而已‥</txt:size><wrt:wait,25>哈‥算了。","我只是‥<wrt:wait,25><txt:size,-1>不想看到前輩的肩膀</txt:size><txt:size,-2>報廢而已‥</txt:size><wrt:wait,25>哈‥算了。","Я думала о <wrt:wait,25><txt:size,-1>твоем плече</txt:size> <txt:size,-2> и... </txt:size> <wrt:wait,25>Неважно.","Saya cuma... <wrt:wait,25><txt:size,-1>tak mahu</txt:size> <txt:size,-2>bahu kamu...</txt:size><wrt:wait,25>*Mengeluh*... Lupakan saja.","Em chỉ là... <wrt:wait,25><txt:size,-1>sợ vai anh</txt:size> <txt:size,-2>bị hỏng mất...</txt:size> <wrt:wait,25>Ha... Thôi bỏ đi.","Yo solo... <wrt:wait,25><txt:size,-2>no soportaba la idea de que</txt:size> <txt:size,-1>te lastimaras más el hombro...</txt:size> <wrt:wait,25>Uf... olvídalo.","Aku hanya... tidak ingin <wrt:wait,25><txt:size,-1>bahu senior</txt:size> <txt:size,-2> menjadi lebih buruk...</txt:size> <wrt:wait,25>Hah... Sudahlah.","ฉันก็แค่... <wrt:wait,25><txt:size,-1>ไม่อยากให้ไหล่ของรุ่นพี่</txt:size><txt:size,-2>ต้องมา...</txt:size> <wrt:wait,25>เฮอะ... ช่างเถอะ","Eu só... não queria que <wrt:wait,25><txt:size,-1>seu ombro</txt:size> <txt:size,-2>piorasse‥ </txt:size> <wrt:wait,25>Ah... deixa pra lá."
,,,신하은,,1_기본,wave,,"<txt:size,2>말 안 해도 내년엔 전국 우승을 목표로 할 거야!</txt:size>","<txt:size,2>We're going to aim for the national title next year, so don't you worry!</txt:size>","<txt:size,2>言われなくても、来年は全国優勝を目指すからね！</txt:size>","<txt:size,2>不用你说，明年我也一定会以全国冠军为目标的！</txt:size>","<txt:size,2>就算你不說，我明年也會把全國冠軍當作目標的！</txt:size>","<txt:size,2>В следующем году мы поборемся за чемпионство!</txt:size>","<txt:size,2>Kami akan sasarkan gelaran kebangsaan tahun depan, jadi jangan risau!</txt:size>","<txt:size,2>Không cần anh nói thì năm sau em cũng sẽ nhắm đến chức vô địch toàn quốc!</txt:size>","<txt:size,2>Aunque no me lo pidas, ¡el próximo año iremos por el título nacional!</txt:size>","<txt:size,2>Tidak usah dibilang pun, tahun depan target kita tetap juara nasional!</txt:size>","<txt:size,2>ถึงไม่บอก ปีหน้าฉันก็ตั้งเป้าจะคว้าแชมป์ระดับประเทศอยู่แล้ว!</txt:size>","<txt:size,2>Nem precisa falar, vamos tentar ser campeões no torneio nacional no ano que vem.</txt:size>"
,,,신하은,,1_우쭐,wave,,난 선배보다 실력도 좋고 똑똑하니까. 만족해?,Because I'm smarter and more talented than you. Happy?,先輩より私の方が実力も上だし、頭もいいんだから。さあ、これで満足でしょ？,反正我比前辈你实力更强，也更聪明。你满意了吧？,反正我實力比前輩好，也比你聰明。滿意了吧？,Я ведь умнее и талантливее тебя. Доволен?,Sebab saya lebih bijak dan berbakat daripada kamu. Gembira?,Em giỏi và thông minh hơn anh mà. Vừa lòng chưa?,"Soy más hábil y lista que tú, ¿contento?",Karena aku jauh lebih hebat dan pintar dari pada senior. Apa senior puas?,เพราะฉันฝีมือดีแล้วก็ฉลาดกว่ารุ่นพี่อีก พอใจรึยังล่ะ?,Eu sou melhor e mais inteligente que você. Feliz agora?
,,,이영섭,,1_미소,,,...그래. 든든하네.,...Yeah. I'm counting on you.,‥ああ。頼もしいな。,‥嗯。很可靠嘛。,‥嗯。很可靠呢。,Да. Рад это слышать.,...Ya. Saya mengharapkan kamu.,...Ừ. Rất đáng tin.,Sí. Tus palabras me dejan tranquilo.,...Iya. Aku jadi tenang.,...อืม แบบนี้ค่อยอุ่นใจหน่อย,Certo... vou confiar em você.
,,,신하은,,1_우쭐,,,"...<wrt:wait,25>어라, 지금 살짝 웃었지.","...<wrt:wait,25>I think I just saw a smile creep up on your face.","‥<wrt:wait,25>あれ、今ちょっと笑ったでしょ。","‥<wrt:wait,25>哎呀，你刚才偷偷笑了吧。","‥<wrt:wait,25>哎呀，你剛才偷笑了吧。","...<wrt:wait,25>Ого, ты улыбнулся?","...<wrt:wait,25>Rasanya saya baru nampak kamu tersenyum.","...<wrt:wait,25>Ủa, vừa rồi anh cười nhẹ đúng không?","...<wrt:wait,25> Oye, acabas de sonreír un poquito, ¿verdad?","...<wrt:wait,25>Ehh, barusan senior senyum, ya?","...<wrt:wait,25>โอ๊ะ แอบยิ้มเหรอเนี่ย","Ei... <wrt:wait,25>você sorriu agora, né?"
,,,이영섭,,1_기본,,,안 웃었어.,I didn't smile.,笑ってない。,我没笑。,我沒笑。,Тебе показалось.,Saya tak senyum pun.,Tôi không có cười.,"No, para nada.",Tidak.,ไม่ได้ยิ้มเลยเถอะ,Eu? Não sorri...
,,,신하은,,1_기본,,,"거짓말, <cha:pop,신하은>입꼬리 움직이는 거 다 봤거든?","Liar. <cha:pop,신하은>I saw the corner of your mouth twitch.","ウソつき、<cha:pop,신하은>口角が動いたの丸見えだったんだけど？","骗人，<cha:pop,신하은>我都看到你嘴角上扬了！","騙人，<cha:pop,신하은>我都看到你嘴角上揚了喔？","Неправда. <cha:pop,신하은>Я все видела.","Penipu. <cha:pop,신하은>Saya nampak hujung mulut kamu terangkat.","Nói dối, <cha:pop,신하은>em thấy khóe miệng anh nhúc nhích rồi nhé?","Mentira. <cha:pop,신하은>Vi perfectamente cómo se te movieron los labios.","Bohong, <cha:pop,신하은>aku lihat sendiri sudut bibir senior bergerak.","โกหก <cha:pop,신하은>ฉันเห็นว่ามุมปากขยับนะ","Mentira, <cha:pop,신하은>eu vi você sorrir sim."
,,,이영섭,,1_무표정,,,"아니라니까. 자, 그럼 가자. 다들 기다려.","I said I didn't. Anyway, let's head back. They're waiting for us.",違うって。さあ、行くぞ。みんな待ってる。,都说了没有了。走吧，大家都在等呢。,就說沒有了。好了，我們走吧。大家都在等我們呢。,"Нет. Идем, команда уже ждет.","Saya kata tak senyum. Jom, semua orang sedang tunggu.","Đã bảo không phải mà. Nào, đi thôi. Mọi người đang đợi.","Que no, que no. Ya vamos, los demás nos esperan.","Sudah kubilang tidak. Ayo, kita kembali. Yang lain sudah menunggu.",ก็บอกว่าไม่ใช่ไงเล่า เอาล่ะ กลับกันเถอะ ทุกคนรออยู่,"Não sorri. Vamos logo, o pessoal tá esperando."
,,,신하은,,1_기본,,exclam,"잠깐, 말 돌리지 마!","Wait, don't change the subject!",ちょっとぉ、話をそらさないでよっ！,喂，别转移话题！,等等，不要轉移話題！,"Эй, не уходи от темы!","Nanti, jangan tukar topik!","Khoan đã, đừng đánh trống lảng!","Espera, ¡no cambies de tema!","Bentar, jangan ganti topik!",เดี๋ยวสิ อย่ามาเปลี่ยนเรื่องนะ!,"Ei, não muda de assunto!"
11,경기 후(퍼펫),#,MAP,,,,,공원,공원,공원,공원,공원,공원,공원,공원,공원,공원,공원,공원
,,#,BGM,,,,,BGM_CHAPTER1_ENDING,BGM_CHAPTER1_ENDING,BGM_CHAPTER1_ENDING,BGM_CHAPTER1_ENDING,BGM_CHAPTER1_ENDING,BGM_CHAPTER1_ENDING,BGM_CHAPTER1_ENDING,BGM_CHAPTER1_ENDING,BGM_CHAPTER1_ENDING,BGM_CHAPTER1_ENDING,BGM_CHAPTER1_ENDING,BGM_CHAPTER1_ENDING
,,#,백시우,,1_기본,,,,,,,,,,,,,,
,,#,정다희,,1_기본,,,,,,,,,,,,,,
,,,-,,,,,"<scr:noskip><txt:bold,3><txt:color,grey>~집으로 돌아가는 길~</txt:color></txt:bold><scr:timer,180>","<scr:noskip><txt:bold,3><txt:color,grey>On the way back home...</txt:color></txt:bold><scr:timer,180>","<scr:noskip><txt:bold,3><txt:color,grey>～帰り道～</txt:color></txt:bold><scr:timer,180>","<scr:noskip><txt:bold,3><txt:color,grey>～回家的路上～</txt:color></txt:bold><scr:timer,180>","<scr:noskip><txt:bold,3><txt:color,grey>～回家的路上～</txt:color></txt:bold><scr:timer,180>","<scr:noskip><txt:bold,3><txt:color,grey>По дороге домой.</txt:color></txt:bold><scr:timer,180>","<scr:noskip><txt:bold,3><txt:color,grey>Dalam perjalanan pulang...</txt:color></txt:bold><scr:timer,180>","<scr:noskip><txt:bold,3><txt:color,grey>~ Trên đường về nhà ~</txt:color></txt:bold><scr:timer,180>","<scr:noskip><txt:bold,3><txt:color,grey>-De regreso a casa-</txt:color></txt:bold><scr:timer,180>","<scr:noskip><txt:bold,3><txt:color,grey>~Dalam perjalanan pulang~</txt:color></txt:bold><scr:timer,180>","<scr:noskip><txt:bold,3><txt:color,grey>~ระหว่างทางกลับบ้าน~</txt:color></txt:bold><scr:timer,180>","<scr:noskip><txt:bold,3><txt:color,grey>No caminho de volta pra casa...</txt:color></txt:bold><scr:timer,180>"
,,,정다희,,,,,"<scr:noskip>진짜 아직도 꿈만 같아~! 우리가 <txt:bold,2>지산고</txt:bold>를 꺾고 본선에 진출하다니!!<scr:timer,136>","<scr:noskip>I still can't believe it! We beat <txt:bold,2>Jisan High</txt:bold> and we're going to playoffs!<scr:timer,136>","<scr:noskip>本当にまだ夢みたい～！私たちが<txt:bold,2>芝山高校</txt:bold>を破って、本選に進出するなんて！！<scr:timer,136>","<scr:noskip>真的感觉像做梦一样～！我们竟然打败了<txt:bold,2>智山高中</txt:bold>打进了正赛！！<scr:timer,136>","<scr:noskip>到現在還是覺得像作夢一樣～！我們居然打敗了<txt:bold,2>智山高中</txt:bold>，打進正賽了耶！！<scr:timer,136>","<scr:noskip>До сих пор не верится... Мы обыграли <txt:bold,2>«Чжисан»</txt:bold> и прошли дальше!<scr:timer,136>","<scr:noskip>Masih rasa macam mimpi! Kita tewaskan <txt:bold,2>Jisan High</txt:bold> dan mara ke pusingan utama!!<scr:timer,136>","<scr:noskip>Đến giờ vẫn như mơ vậy~! Chúng ta đã đánh bại <txt:bold,2>Trường THPT Jisan</txt:bold> để tiến vào Vòng Chính!!<scr:timer,136>","<scr:noskip>De verdad, todavía se siente como un sueño. ¡Vencimos a la <txt:bold,2>Escuela Jisan</txt:bold> y pasamos a la fase final!!<scr:timer,136>","<scr:noskip>Sampai sekarang rasanya masih seperti mimpi~! Kita benar-benar mengalahkan <txt:bold,2>SMA Jisan</txt:bold> dan berhasil lolos ke babak utama!!<scr:timer,136>","<scr:noskip>ยังเหมือนฝันอยู่เลยนะเนี่ย~! ไม่อยากเชื่อเลยว่าพวกเราจะชนะ<txt:bold,2>มัธยมจีซัน</txt:bold> แล้วได้ไปรอบหลัก!!<scr:timer,136>","<scr:noskip>Isso ainda parece surreal! Nós vencemos o <txt:bold,2>Colégio Jisan</txt:bold> e avançamos pra fase principal!<scr:timer,136>"
,,,백시우,,,,,"<scr:noskip>하하, <txt:bold,2><txt:color,orange>다희</txt:color></txt:bold> 너 그 말만 벌써 열 번은 한 것 같아.<scr:timer,156>","<scr:noskip>Haha, I think you said that at least 10 times, <txt:bold,2><txt:color,orange>Dahee</txt:color></txt:bold>.<scr:timer,156>","<scr:noskip>はは、<txt:bold,2><txt:color,orange>夏希</txt:color></txt:bold>、そのセリフもう10回目くらいじゃないか？<scr:timer,156>","<scr:noskip>哈哈，<txt:bold,2><txt:color,orange>多熙</txt:color></txt:bold>，这句话你都已经说了不下十遍了吧？<scr:timer,156>","<scr:noskip>哈哈，<txt:bold,2><txt:color,orange>多熙</txt:color></txt:bold>，這句話妳今天好像講了有十遍了吧？<scr:timer,156>","<scr:noskip>Ха-ха, <txt:bold,2><txt:color,orange>Дахи</txt:color></txt:bold>, ты уже раз десять это сказала.<scr:timer,156>","<scr:noskip>Haha, rasanya dah 10 kali kamu sebut, <txt:bold,2><txt:color,orange>Dahee</txt:color></txt:bold>.<scr:timer,156>","<scr:noskip>Ha ha, <txt:bold,2><txt:color,orange>Dahee</txt:color></txt:bold>, cậu nói câu đó chắc cũng phải mười lần rồi đó?<scr:timer,156>","<scr:noskip>Jaja, <txt:bold,2><txt:color,orange>Dahee</txt:color></txt:bold>, creo que has dicho eso como diez veces.<scr:timer,156>","<scr:noskip>Haha, <txt:bold,2><txt:color,orange>Dahee</txt:color></txt:bold>, sepertinya kamu sudah mengatakan hal itu untuk kesepuluh kalinya.<scr:timer,156>","<scr:noskip>ฮ่าฮ่า <txt:bold,2><txt:color,orange>ดาฮี</txt:color></txt:bold> เธอพูดแต่คำนั้นมาได้สักสิบรอบแล้วมั้งเนี่ย?<scr:timer,156>","<scr:noskip>Haha, <txt:bold,2><txt:color,orange>Dahee</txt:color></txt:bold>, você já falou isso umas dez vezes.<scr:timer,156>"
,,,정다희,,,,,"<scr:noskip>그래? 너무 좋아서 나도 모르게 자꾸 나오나 봐. 진짜 내 볼이라도 꼬집어봐야 할까 싶다니까?<scr:timer,204>","<scr:noskip>Really? Well, I'm just in such a good mood. I might just pinch my own cheeks!<scr:timer,204>","<scr:noskip>そうかな？嬉しすぎて、つい何度も言っちゃうみたい。自分のほっぺたでもつねって確かめたくなるくらいだよ。<scr:timer,204>","<scr:noskip>是吗？可能是我太高兴了，不知不觉就脱口而出了吧。我是不是该捏一下自己的脸，看看是不是在做梦啊？<scr:timer,204>","<scr:noskip>是嗎？大概是因為太開心了，才不自覺一直講吧。我現在都還想捏捏看自己的臉頰，看是不是在作夢呢。<scr:timer,204>","<scr:noskip>Я не могу поверить, что это все не сон. Ущипните меня кто-нибудь!<scr:timer,204>","<scr:noskip>Benarkah? Biasalah, saya sangat gembira. Saya mungkin akan cubit pipi sendiri.<scr:timer,204>","<scr:noskip>Vậy sao? Chắc vì vui quá nên tôi cứ vô thức nói mãi. Đến mức tôi còn đang nghĩ có nên tự véo má mình thử không đây.<scr:timer,204>","<scr:noskip>¿Sí? Es que estoy tan feliz que se me sale sin darme cuenta. Hasta me dan ganas de pellizcarme para ver si es real.<scr:timer,204>","<scr:noskip>Benarkah? Mungkin karena aku terlalu senang sampai tidak sadar terus mengulanginya. Rasanya ingin cubit pipiku sendiri buat memastikan ini bukan mimpi!<scr:timer,204>","<scr:noskip>งั้นเหรอ? คงเพราะดีใจมากจนเผลอพูดออกมาไม่หยุดเลยล่ะมั้ง ถึงขั้นคิดว่าต้องลองหยิกแก้มตัวเองรึเปล่านะด้วยซ้ำ<scr:timer,204>","<scr:noskip>Sério? Eu tô tão feliz que não consigo parar... até parece sonho.<scr:timer,204>"
,,,정다희,,,,,"<scr:noskip>다들 열심히 한 덕분이야! 헤헷, 코치로서 우리 부원들이 아주 자랑스럽다구!<scr:timer,204>","<scr:noskip>It's thanks to everyone's hard work! Heheh, as the coach, I'm so proud of my teammates!<scr:timer,204>","<scr:noskip>みんなが頑張ってくれたおかげだよ！へへっ、コーチとしてうちの部員たちがすっごく誇らしい！<scr:timer,204>","<scr:noskip>这都是大家共同努力的结果！嘿嘿，作为教练，我真的为我们的部员感到骄傲！<scr:timer,204>","<scr:noskip>都是大家努力的功勞啦！嘿嘿，身為教練，我真的為我們的隊員感到驕傲！<scr:timer,204>","<scr:noskip>Все такие молодцы! Я ужасно вами горжусь.<scr:timer,204>","<scr:noskip>Ini hasil usaha gigih semua orang! Heheh, sebagai jurulatih, saya bangga dengan rakan pasukan saya!<scr:timer,204>","<scr:noskip>Tất cả là nhờ mọi người đã cố gắng hết sức! He he, với tư cách huấn luyện viên, tôi thật sự rất tự hào về các thành viên của mình đó!<scr:timer,204>","<scr:noskip>¡Todo fue gracias al esfuerzo del equipo! Jeje, como entrenadora, ¡estoy muy orgullosa de ustedes!<scr:timer,204>","<scr:noskip>Ini semua berkat kerja keras semua orang! Hehe, sebagai Coach, aku benar-benar bangga pada kalian!<scr:timer,204>","<scr:noskip>เพราะทุกคนเล่นกันอย่างเต็มที่เลยนะเนี่ย! ฮิฮิ ในฐานะโค้ช ฉันภูมิใจในตัวสมาชิกชมรมของเราสุดๆ!<scr:timer,204>","<scr:noskip>O mérito é de todo mundo! Como treinadora, tô muito orgulhosa do time!<scr:timer,204>"
,,,정다희,,,,,"<scr:noskip>특히 <txt:bold,2><txt:color,orange>시우</txt:color></txt:bold> 너 말이야~ 추가 훈련, <txt:bold,2><txt:color,orange>시우</txt:color></txt:bold>, 네가 하자고 했다며?<scr:timer,230>","<scr:noskip>Especially you, <txt:bold,2><txt:color,orange>Siwoo</txt:color></txt:bold>! I heard that <txt:bold,2><txt:color,orange>you</txt:color></txt:bold> were the one who suggested the extra training!<scr:timer,230>","<scr:noskip>特に<txt:bold,2><txt:color,orange>新</txt:color></txt:bold>、あなた～！追加練習ってさ、<txt:bold,2><txt:color,orange>新</txt:color></txt:bold>、あなたがやろうって言い出したんだって？<scr:timer,230>","<scr:noskip>特别是<txt:bold,2><txt:color,orange>时宇</txt:color></txt:bold>你呀～听说那些加练，<txt:bold,2><txt:color,orange>时宇</txt:color></txt:bold>，都是你主动提出来的？<scr:timer,230>","<scr:noskip>尤其是<txt:bold,2><txt:color,orange>時宇</txt:color></txt:bold>你啊～聽說追加訓練的事，是<txt:bold,2><txt:color,orange>你</txt:color></txt:bold>提出來的？<scr:timer,230>","<scr:noskip>Особенно тобой, <txt:bold,2><txt:color,orange>Шиу</txt:color></txt:bold>! Это же <txt:bold,2><txt:color,orange>ты</txt:color></txt:bold> предложил дополнительные тренировки?<scr:timer,230>","<scr:noskip>Terutamanya kamu, <txt:bold,2><txt:color,orange>Siwoo</txt:color></txt:bold>! Saya dengar <txt:bold,2><txt:color,orange>kamu</txt:color></txt:bold> yang cadangkan latihan tambahan!<scr:timer,230>","<scr:noskip>Đặc biệt là cậu đó, <txt:bold,2><txt:color,orange>Siwoo</txt:color></txt:bold>~ Nghe nói buổi tập thêm đó là do chính <txt:bold,2><txt:color,orange>Siwoo</txt:color></txt:bold> cậu đề xuất phải không?<scr:timer,230>","<scr:noskip>Sobre todo tú, <txt:bold,2><txt:color,orange>Siwoo</txt:color></txt:bold>. Me dijeron que fuiste <txt:bold,2><txt:color,orange>tú</txt:color></txt:bold> quien propuso tener entrenamiento extra.<scr:timer,230>","<scr:noskip>Terutama kamu, <txt:bold,2><txt:color,orange>Siwoo</txt:color></txt:bold>~ Kudengar latihan tambahan itu idemu, <txt:bold,2><txt:color,orange>Siwoo</txt:color></txt:bold>?<scr:timer,230>","<scr:noskip>โดยเฉพาะนาย <txt:bold,2><txt:color,orange>ชีอู</txt:color></txt:bold>~ ที่ซ้อมเพิ่มกันเองน่ะ ได้ยินว่านายเป็นคนชวนใช่ไหม <txt:bold,2><txt:color,orange>ชีอู</txt:color></txt:bold>?<scr:timer,230>","<scr:noskip>Principalmente você, <txt:bold,2><txt:color,orange>Siwoo</txt:color></txt:bold>... Foi você que pediu aquele treino extra, né, <txt:bold,2><txt:color,orange>Siwoo</txt:color></txt:bold>?<scr:timer,230>"
,,,정다희,,,,,"<scr:noskip>애들 반응이 아주 좋던데? 너 가르치는 쪽으로도 재능 있는 거 아니야?<scr:timer,200>","<scr:noskip>The team responded really positively to that. I think you've got a knack for teaching others.<scr:timer,200>","<scr:noskip>みんなの反応がすごく良かったんだけど？あなた、教えるほうにも才能があるんじゃないの？<scr:timer,200>","<scr:noskip>大家的反应都特别好呢？你是不是在教人这方面也挺有天赋的啊？<scr:timer,200>","<scr:noskip>大家反應都超好的耶？你是不是滿有當教練的天分的啊？<scr:timer,200>","<scr:noskip>Всем очень понравилось. Из тебя выйдет отличный тренер!<scr:timer,200>","<scr:noskip>Pasukan memberikan respons yang positif. Rasanya kamu ada bakat mengajar orang lain.<scr:timer,200>","<scr:noskip>Phản ứng của mọi người tốt lắm đó? Biết đâu cậu còn có năng khiếu dạy người khác ấy chứ?<scr:timer,200>","<scr:noskip>A los chicos les gustó mucho. ¿No será que también tienes talento para enseñar?<scr:timer,200>","<scr:noskip>Anak-anak juga sangat menyukainya. Jangan-jangan kamu memang berbakat mengajar?<scr:timer,200>","<scr:noskip>ทุกคนดูชอบกันมากเลยนะ? ไม่ใช่ว่านายก็มีพรสวรรค์ด้านการสอนด้วยเหรอเนี่ย?<scr:timer,200>","<scr:noskip>O pessoal gostou bastante! Vejo que você também tem muito talento pra ensinar.<scr:timer,200>"
,,,백시우,,,,,"<scr:noskip>아냐, 나 설명하는 거 진짜 못해. 전날 늦게까지 준비하고서도 몇 번이나 말이 꼬였는지 몰라.<scr:timer,204>","<scr:noskip>No, I'm terrible at explaining. You don't know how much I stuttered even after thoroughly preparing the night before.<scr:timer,204>","<scr:noskip>いや、俺、説明するの本当に下手なんだ。前日の夜遅くまで準備したのに、何度言葉に詰まったか分からないよ。<scr:timer,204>","<scr:noskip>哪有，我真的超不擅长讲解的。前一天晚上准备到那么晚，结果现场还是结巴了好几次。<scr:timer,204>","<scr:noskip>哪有，我超不擅長講解的。雖然前一天準備到很晚，但還是結巴了好幾次。<scr:timer,204>","<scr:noskip>Я ужасно объясняю. Готовился допоздна, но все равно путался в словах.<scr:timer,204>","<scr:noskip>Tidak, saya tak pandai beri penerangan. Kamu tak tahu betapa gagapnya saya walaupun dah buat persiapan malam sebelumnya.<scr:timer,204>","<scr:noskip>Không đâu, tôi thật sự không giỏi giải thích. Dù đã chuẩn bị đến tận khuya hôm trước, tôi vẫn không biết mình đã nói vấp bao nhiêu lần nữa.<scr:timer,204>","<scr:noskip>No, soy pésimo explicando. La noche anterior me quedé preparando todo hasta muy tarde y, aun así, me trabé un montón de veces.<scr:timer,204>","<scr:noskip>Tidak, aku benar-benar tidak pandai menjelaskan. Padahal malam sebelumnya aku sudah menyiapkan semuanya, tapi tetap saja berkali-kali salah bicara.<scr:timer,204>","<scr:noskip>ไม่หรอก ฉันอธิบายไม่เก่งเลยจริงๆ ขนาดวันก่อนหน้าเตรียมตัวจนถึงดึก ก็ยังพูดติดขัดตั้งหลายรอบ<scr:timer,204>","<scr:noskip>Não, eu não levo jeito pra explicar. Fiquei até tarde preparando e mesmo assim me atrapalhei.<scr:timer,204>"
,,,백시우,,,,,"<scr:noskip>네가 평소에 얼마나 고생하는지 알겠더라.<scr:timer,164>","<scr:noskip>It helped me realize how hard you must be working on a daily basis.<scr:timer,164>","<scr:noskip>夏希が普段どれだけ苦労してるか、身に染みて分かったよ。<scr:timer,164>","<scr:noskip>我现在算是体会到你平时有多辛苦了。<scr:timer,164>","<scr:noskip>現在我總算體會到妳平常有多辛苦了。<scr:timer,164>","<scr:noskip>Теперь понимаю, сколько сил ты тратишь.<scr:timer,164>","<scr:noskip>Itu buat saya sedar betapa sukarnya kerja harian kamu.<scr:timer,164>","<scr:noskip>Nhờ vậy tôi mới hiểu bình thường cậu đã vất vả đến mức nào.<scr:timer,164>","<scr:noskip>Por eso entendí cuánto trabajo haces normalmente.<scr:timer,164>","<scr:noskip>Baru sekarang aku sadar seberapa keras kamu bekerja.<scr:timer,164>","<scr:noskip>ฉันพอเข้าใจเลยล่ะว่าเวลาปกติเธอเหนื่อยแค่ไหน<scr:timer,164>","<scr:noskip>Entendi o quanto você se esforça de verdade.<scr:timer,164>"
,,,정다희,,,,,"<scr:noskip>에이, 나도 작년엔 무지 헤맸어. 코치라는 게 아무나 하는 일이 아니더라니까.<scr:timer,208>","<scr:noskip>Nah, I was really lost last year, too. It's not easy being a coach.<scr:timer,208>","<scr:noskip>え～、私だって去年は手探り状態ですごく苦労したよ。コーチなんて、誰にでも務まる仕事じゃないって思い知らされたからね。<scr:timer,208>","<scr:noskip>哎哟，我去年刚开始的时候也经常手忙脚乱的呢。教练可不是随便什么人都能当的。<scr:timer,208>","<scr:noskip>唉唷，我去年也常常手忙腳亂的啦。當教練真的不是件容易的事呢。<scr:timer,208>","<scr:noskip>В прошлом году я тоже много ошибалась. Быть тренером непросто.<scr:timer,208>","<scr:noskip>Tidak, saya pun benar-benar hilang punca tahun lepas. Bukan mudah menjadi jurulatih.<scr:timer,208>","<scr:noskip>Thôi mà, năm ngoái tôi cũng loay hoay dữ lắm. Làm huấn luyện viên đâu phải chuyện ai cũng làm được ngay.<scr:timer,208>","<scr:noskip>Ay, yo también andaba perdida el año pasado. Ser entrenadora no es algo que cualquiera pueda hacer.<scr:timer,208>","<scr:noskip>Tidak begitu sih, tahun lalu aku juga benar-benar kesusahan. Ternyata menjadi Coach memang bukan hal yang bisa dilakukan siapa saja.<scr:timer,208>","<scr:noskip>แหม ปีก่อนฉันก็ล้มลุกคลุกคลานไม่น้อยเหมือนกันแหละ ไม่ใช่ว่าใครก็เป็นโค้ชได้จริงๆ นะ<scr:timer,208>","<scr:noskip>Eu também passei por muita dificuldade no ano passado. Ser treinador não é fácil.<scr:timer,208>"
,,,정다희,,,,,"<scr:noskip>그나저나 추가 훈련도 하고, 밤늦게까지 준비도 했더라. 아주 기특한데?<scr:timer,180>","<scr:noskip>Wait, so you did extra training AND did research at night. That's impressive.<scr:timer,180>","<scr:noskip>それにしても、追加練習もして、夜遅くまで準備までしてたんだ。すっごく感心しちゃった！<scr:timer,180>","<scr:noskip>不过话说回来，你不仅组织加练，还准备到深夜啊。真是值得表扬呢？<scr:timer,180>","<scr:noskip>話說回來，你居然還提議追加訓練，甚至還準備到深夜。表現得很不錯嘛？<scr:timer,180>","<scr:noskip>Здорово, что ты так серьезно подошел к тренировкам!<scr:timer,180>","<scr:noskip>Nanti, kamu buat latihan tambahan DAN mengkaji waktu malam. Mengagumkan.<scr:timer,180>","<scr:noskip>Mà cậu còn tập thêm, lại còn chuẩn bị đến khuya nữa. Đáng khen thật đó?<scr:timer,180>","<scr:noskip>Pero, vaya. Conque estuviste entrenando de más y preparando todo hasta la noche. Estoy orgullosa de ti.<scr:timer,180>","<scr:noskip>Ngomong-ngomong kamu sampai mengadakan latihan tambahan, bahkan mempersiapkannya sampai larut malam. Rajin sekali kamu!<scr:timer,180>","<scr:noskip>ว่าแต่นายทั้งซ้อมเพิ่ม แล้วก็เตรียมตัวจนถึงดึกด้วยนี่เอง น่าชื่นชมมากเลยแฮะ?<scr:timer,180>","<scr:noskip>Você fez treino extra e ainda ficou até tarde se preparando. Isso é bem legal.<scr:timer,180>"
,,,정다희,,,,,"<scr:noskip>뭐야~ 무슨 바람이 분 거야? 역시 대회를 준비하다 보니 배구가 더 좋아진 거야?<scr:timer,208>","<scr:noskip>So, what got into you? Did your love for volleyball grow while preparing for the tournament?<scr:timer,208>","<scr:noskip>何よ～、どういう風の吹き回し？やっぱり大会に向けて準備するうちに、バレーがもっと好きになったの？<scr:timer,208>","<scr:noskip>怎么啦～突然这么积极？是不是准备比赛的过程中，又更喜欢排球了？<scr:timer,208>","<scr:noskip>怎麼啦～突然轉性了？果然在準備比賽的過程中，變得更喜歡排球了嗎？<scr:timer,208>","<scr:noskip>Это тебя соревнования так вдохновили?<scr:timer,208>","<scr:noskip>Jadi, kenapa pula dengan kamu? Cinta kamu kepada bola tampar bertambah semasa membuat persiapan kejohanan itu?<scr:timer,208>","<scr:noskip>Gì vậy~ Sao tự nhiên cậu hăng hái thế? Quả nhiên càng chuẩn bị cho giải đấu, cậu càng thích bóng chuyền hơn đúng không?<scr:timer,208>","<scr:noskip>¿Y eso? ¿Qué te dio? ¿Acaso prepararte para el torneo hizo que te gustara más el voleibol?<scr:timer,208>","<scr:noskip>Apa yang membuatmu begitu~? Jangan-jangan saat mempersiapkan Turnamen, kamu jadi makin suka bola voli?<scr:timer,208>","<scr:noskip>อะไรกันเนี่ย~ อะไรเข้าสิงนายเหรอ? หรือว่าพอได้เตรียมตัวสำหรับทัวร์นาเมนต์เข้าจริงๆ ก็ชอบวอลเลย์บอลมากขึ้นแล้วสินะ?<scr:timer,208>","<scr:noskip>Ué, o que deu em você? Acabou gostando mais de vôlei por causa do torneio?<scr:timer,208>"
,,,백시우,,,,,"<scr:noskip>응? 아아, 그냥... <wrt:wait,25>네가 배구를 계속했으면 해서.<scr:timer,206>","<scr:noskip>Hmm? Ah, well... <wrt:wait,25>I wanted you to continue volleyball.<scr:timer,206>","<scr:noskip>えっ？ああ、ただ‥<wrt:wait,25>夏希にバレーを続けてほしかったからさ。<scr:timer,206>","<scr:noskip>嗯？啊啊，只是‥<wrt:wait,25>想让你继续打排球而已。<scr:timer,206>","<scr:noskip>嗯？啊啊，只是‥<wrt:wait,25>希望妳能繼續打排球而已。<scr:timer,206>","<scr:noskip>Да нет... <wrt:wait,25>Просто я не хотел, чтобы ты бросала волейбол.<scr:timer,206>","<scr:noskip>Hmm? Ah, sebenarnya... <wrt:wait,25>Saya mahu kamu terus bermain bola tampar.<scr:timer,206>","<scr:noskip>Hả? À, chỉ là... <wrt:wait,25>tôi muốn cậu tiếp tục chơi bóng chuyền.<scr:timer,206>","<scr:noskip>¿Eh? Ah, bueno... <wrt:wait,25>Solo quería que siguieras jugando voleibol.<scr:timer,206>","<scr:noskip>Eh? Ahh, hanya saja... <wrt:wait,25>Aku ingin kamu bisa terus bermain bola voli.<scr:timer,206>","<scr:noskip>หืม? อ๋อ ฉันก็แค่... <wrt:wait,25>อยากให้เธอเล่นวอลเลย์บอลต่อไปเรื่อยๆ น่ะ<scr:timer,206>","<scr:noskip>Hã? Ah... <wrt:wait,25>Só queria que você seguisse no vôlei.<scr:timer,206>"
,,,정다희,,,,,"<scr:noskip>......<wrt:wait,25>어?<scr:timer,146>","<scr:noskip>...<wrt:wait,25>What?<scr:timer,146>","<scr:noskip>‥<wrt:wait,25>え？<scr:timer,146>","<scr:noskip>‥<wrt:wait,25>诶？<scr:timer,146>","<scr:noskip>‥<wrt:wait,25>咦？<scr:timer,146>","<scr:noskip>......<wrt:wait,25>Что?<scr:timer,146>","<scr:noskip>...<wrt:wait,25>Apa?<scr:timer,146>","<scr:noskip>...<wrt:wait,25>Hả?<scr:timer,146>","<scr:noskip>...<wrt:wait,25>¿Eh?<scr:timer,146>","<scr:noskip>......<wrt:wait,25>Eh?<scr:timer,146>","<scr:noskip>......<wrt:wait,25>เอ๋?<scr:timer,146>","<scr:noskip>Hum... <wrt:wait,25>Oi?<scr:timer,146>"
,,,백시우,,,,,"<scr:noskip>네가 매일 밤새워서 다른 팀 분석하고, 제일 먼저 체육관 나와서 준비하는 거 다 봤으니까.<scr:timer,230>","<scr:noskip>You stay up all night to study other teams and you're the first one to come to the gym and prepare the court.<scr:timer,230>","<scr:noskip>毎日徹夜で他チームを分析して、誰よりも早く体育館へ来て準備してるのをずっと見てたからな。<scr:timer,230>","<scr:noskip>因为我看到你每天熬夜分析其他队伍的录像，每天最早到体育馆做准备。<scr:timer,230>","<scr:noskip>因為我一直看著妳每天熬夜分析其他球隊的影片，也是第一個到體育館做準備的啊。<scr:timer,230>","<scr:noskip>Я видел, как ты ночами изучала соперников, а утром первой приходила в зал.<scr:timer,230>","<scr:noskip>Kamu berjaga sepanjang malam mengkaji pasukan lain dan kamu orang pertama yang tiba di gim dan menyediakan gelanggang.<scr:timer,230>","<scr:noskip>Vì tôi đã thấy cậu đêm nào cũng thức khuya phân tích các đội khác, rồi lúc nào cũng là người đến nhà thi đấu sớm nhất để chuẩn bị.<scr:timer,230>","<scr:noskip>Porque vi cómo pasabas noches enteras estudiando a los otros equipos y cómo siempre eras la primera en llegar al gimnasio.<scr:timer,230>","<scr:noskip>Aku telah melihatmu selalu begadang menganalisis tim lawan, datang paling pagi ke Gym setiap hari.<scr:timer,230>","<scr:noskip>เพราะฉันเห็นหมดแหละ ว่าเธออดหลับอดนอนวิเคราะห์ทีมอื่นทุกวัน แล้วก็มาถึงโรงยิมก่อนใครเพื่อเตรียมพร้อมน่ะ<scr:timer,230>","<scr:noskip>Eu vi você virar noites analisando outros times e ser a primeira a chegar na quadra.<scr:timer,230>"
,,,백시우,,,,,"<scr:noskip>그렇게까지 하는데, 임시 부원이라고 가만히 앉아있기만 하진 못하겠더라.<scr:timer,230>","<scr:noskip>With all your hard work, I couldn't just stand by, even if I'm just a temporary member.<scr:timer,230>","<scr:noskip>あそこまでやってるのに、臨時部員だからってじっとしているわけにはいかなかったんだ。<scr:timer,230>","<scr:noskip>你都拼到这份上了，我怎么好意思只顶着个临时部员的名头坐在那里什么都不干呢。<scr:timer,230>","<scr:noskip>看妳這麼拚命，就算我只是個臨時隊員，也沒辦法袖手旁觀啊。<scr:timer,230>","<scr:noskip>Не хотел сидеть сложа руки, хоть я и временный игрок.<scr:timer,230>","<scr:noskip>Melihat usaha gigih kamu, saya tak boleh berdiam diri, walaupun saya hanyalah ahli sementara.<scr:timer,230>","<scr:noskip>Thấy cậu cố gắng đến vậy, dù chỉ là thành viên tạm thời, tôi cũng không thể ngồi yên được.<scr:timer,230>","<scr:noskip>Viendo cuánto te esforzabas, no podía quedarme de brazos cruzados solo porque soy un miembro temporal.<scr:timer,230>","<scr:noskip>Melihatmu berusaha segitunya, aku tidak bisa diam saja dengan alasan cuma anggota sementara.<scr:timer,230>","<scr:noskip>เธอทุ่มเทถึงขนาดนั้นแท้ๆ ฉันจะเอาแต่นั่งอยู่เฉยๆ แค่เพราะเป็นสมาชิกชมรมชั่วคราวไม่ได้หรอก<scr:timer,230>","<scr:noskip>Depois de tudo isso, eu não podia ficar parado sendo só um membro temporário.<scr:timer,230>"
,,,정다희,,,,,"<scr:noskip>......<scr:timer,170>","<scr:noskip>...<scr:timer,170>","<scr:noskip>‥‥<scr:timer,170>","<scr:noskip>‥<scr:timer,170>","<scr:noskip>‥<scr:timer,170>","<scr:noskip>......<scr:timer,170>","<scr:noskip>...<scr:timer,170>","<scr:noskip>...<scr:timer,170>","<scr:noskip>...<scr:timer,170>","<scr:noskip>......<scr:timer,170>","<scr:noskip>......<scr:timer,170>","<scr:noskip>...<scr:timer,170>"
,,,백시우,,,,,"<scr:noskip>왜 그래?<scr:timer,120>","<scr:noskip>What's wrong?<scr:timer,120>","<scr:noskip>どうしたんだ？<scr:timer,120>","<scr:noskip>怎么了？<scr:timer,120>","<scr:noskip>怎麼了？<scr:timer,120>","<scr:noskip>Что такое?<scr:timer,120>","<scr:noskip>Apa yang tak kena?<scr:timer,120>","<scr:noskip>Sao thế?<scr:timer,120>","<scr:noskip>¿Qué te pasa?<scr:timer,120>","<scr:noskip>Ada apa?<scr:timer,120>","<scr:noskip>ทำไมเหรอ?<scr:timer,120>","<scr:noskip>O que foi?<scr:timer,120>"
,,,정다희,,,,,"<scr:noskip>아, 아니야! 흠흠... <wrt:wait,25>그래, 알고 있었구나.<scr:timer,180>","<scr:noskip>N-nothing! Ahem... <wrt:wait,25>So, you noticed.<scr:timer,180>","<scr:noskip>あ、ううん！コホン‥<wrt:wait,25>そっか、知ってたんだね。<scr:timer,180>","<scr:noskip>啊，没、没有啦！咳咳‥<wrt:wait,25>原来，你都知道啊。<scr:timer,180>","<scr:noskip>啊，沒有啦！咳咳‥<wrt:wait,25>原來你都知道啊。<scr:timer,180>","<scr:noskip>Н-ничего... <wrt:wait,25>Так ты все знал.<scr:timer,180>","<scr:noskip>Tiada apa-apa! Ehem... <wrt:wait,25>Jadi, kamu sedar.<scr:timer,180>","<scr:noskip>A, không có gì! Hừm hừm... <wrt:wait,25>Ừ, hóa ra cậu đã biết rồi.<scr:timer,180>","<scr:noskip>¡Ah, nada! Mmm... <wrt:wait,25>Conque sí lo sabías.<scr:timer,180>","<scr:noskip>Ah, bukan apa-apa! Ehem... <wrt:wait,25>Jadi, kamu memang sudah tahu, ya.<scr:timer,180>","<scr:noskip>ปะ เปล่า! อะแฮ่ม... <wrt:wait,25>ก็นะ นายรู้อยู่แล้วนี่เอง<scr:timer,180>","<scr:noskip>Ah, não é nada! Hum... <wrt:wait,25>você já sabia.<scr:timer,180>"
,,,정다희,,,,,"<scr:noskip>어쩐지... <wrt:wait,25>헤헤......<scr:timer,130>","<scr:noskip>I knew it... <wrt:wait,25>Heheh...<scr:timer,130>","<scr:noskip>どうりで‥<wrt:wait,25>へへっ‥<scr:timer,130>","<scr:noskip>怪不得‥<wrt:wait,25>嘿嘿‥<scr:timer,130>","<scr:noskip>難怪‥<wrt:wait,25>嘿嘿‥<scr:timer,130>","<scr:noskip>Эх... <wrt:wait,25>Теперь понятно.<scr:timer,130>","<scr:noskip>Patutlah... <wrt:wait,25>Hehe...<scr:timer,130>","<scr:noskip>Thảo nào... <wrt:wait,25>He he...<scr:timer,130>","<scr:noskip>Con razón... <wrt:wait,25>Jeje...<scr:timer,130>","<scr:noskip>Pantas saja... <wrt:wait,25>Hehe......<scr:timer,130>","<scr:noskip>ถึงว่าสิ... <wrt:wait,25>ฮิฮิ......<scr:timer,130>","<scr:noskip>Imagino... <wrt:wait,25>Hehe...<scr:timer,130>"
,,,백시우,,,,,"<scr:noskip>평소에 어떻게 항상 그렇게 열심히 했던 거야?<scr:timer,178>","<scr:noskip>How did you manage to keep up the hard work?<scr:timer,178>","<scr:noskip>どうやったら、いつもあんなに頑張れるんだ？<scr:timer,178>","<scr:noskip>平时你到底是怎么做到一直那么拼命的？<scr:timer,178>","<scr:noskip>妳平常到底是怎麼維持那種拚勁的啊？<scr:timer,178>","<scr:noskip>Как ты вообще все успевала?<scr:timer,178>","<scr:noskip>Macam mana kamu mampu kekal gigih berusaha?<scr:timer,178>","<scr:noskip>Bình thường sao cậu có thể luôn cố gắng đến vậy?<scr:timer,178>","<scr:noskip>¿Cómo logras trabajar tan duro siempre?<scr:timer,178>","<scr:noskip>Apa yang membuatmu bisa terus bekerja sekeras itu setiap hari?<scr:timer,178>","<scr:noskip>ปกติเธอทำยังไงให้ขยันได้ตลอดแบบนั้นกัน?<scr:timer,178>","<scr:noskip>Como consegue ser tão dedicada?<scr:timer,178>"
,,,백시우,,,,,"<scr:noskip>어휴, 몸이 둘이어도 모자라겠어.<scr:timer,156>","<scr:noskip>Oof, you'd need at least three doppelgangers to manage all that.<scr:timer,156>","<scr:noskip>はあ、体がいくつあっても足りないだろ。<scr:timer,156>","<scr:noskip>哎，感觉你一个人恨不得掰成两个人用。<scr:timer,156>","<scr:noskip>唉，就算給妳兩副身體也不夠用吧。<scr:timer,156>","<scr:noskip>Даже будь у меня двойник, я бы так не смог.<scr:timer,156>","<scr:noskip>Oof, kamu kena ada sekurang-kurangnya tiga klon untuk uruskan semua tu.<scr:timer,156>","<scr:noskip>Haiz, có phân thân làm hai chắc cũng không xuể.<scr:timer,156>","<scr:noskip>Uf, ni con dos cuerpos me alcanzaría para hacer todo eso.<scr:timer,156>","<scr:noskip>Rasanya bahkan punya dua badan pun bisa tidak cukup.<scr:timer,156>","<scr:noskip>เฮ้อ ต่อให้มีสองร่างคงยังไม่พอด้วยซ้ำ<scr:timer,156>","<scr:noskip>Nossa, nem dois corpos conseguiriam dar conta disso.<scr:timer,156>"
,,,정다희,,,,,"<scr:noskip>하다 보면 몸에 익어!<scr:timer,144>","<scr:noskip>You get used to it, honestly!<scr:timer,144>","<scr:noskip>やってるうちに身につくものだよ！<scr:timer,144>","<scr:noskip>做着做着就习惯啦！<scr:timer,144>","<scr:noskip>習慣了就好啦！<scr:timer,144>","<scr:noskip>Со временем привыкаешь!<scr:timer,144>","<scr:noskip>Secara jujur, lama-lama nanti biasalah!<scr:timer,144>","<scr:noskip>Làm riết rồi cũng quen thôi!<scr:timer,144>","<scr:noskip>Con el tiempo, el cuerpo se acostumbra.<scr:timer,144>","<scr:noskip>Kalau terus dilakukan, kamu juga akan terbiasa.<scr:timer,144>","<scr:noskip>พอทำไปเรื่อยๆ มันก็ชินไปเองน่ะ!<scr:timer,144>","<scr:noskip>Com o tempo, a gente se acostuma.<scr:timer,144>"
,,,정다희,,,,,"<scr:noskip>은근히 보람도 있고, 나름대로 재미도 있거든!<scr:timer,168>","<scr:noskip>It's rewarding, and a bit fun, too!<scr:timer,168>","<scr:noskip>意外とやりがいもあるし、それなりに楽しいんだから！<scr:timer,168>","<scr:noskip>其实还挺有成就感的，而且也有它独特的乐趣呢！<scr:timer,168>","<scr:noskip>其實滿有成就感的，當然也有它有趣的地方啦！<scr:timer,168>","<scr:noskip>Есть в этом что-то веселое.<scr:timer,168>","<scr:noskip>Rasa berbaloi sangat, dan seronok juga!<scr:timer,168>","<scr:noskip>Cũng thấy khá có ý nghĩa, mà cũng vui nữa!<scr:timer,168>","<scr:noskip>También se siente gratificante y, a su manera, es divertido.<scr:timer,168>","<scr:noskip>Lagi pula, ada kepuasannya sendiri dan cukup menyenangkan juga!<scr:timer,168>","<scr:noskip>เอาจริงมันก็รู้สึกคุ้มค่า แล้วก็สนุกใช้ได้เลยนะ!<scr:timer,168>","<scr:noskip>E acaba sendo gratificante e até divertido!<scr:timer,168>"
,,,백시우,,,,,"<scr:noskip>재미라. <wrt:wait,25>...무슨 말인지 조금은 알 것 같기도 해.<scr:timer,166>","<scr:noskip>Fun... <wrt:wait,25>I think I know what you mean.<scr:timer,166>","<scr:noskip>楽しい、か。<wrt:wait,25>‥言ってる意味が少しは分かる気もするよ。<scr:timer,166>","<scr:noskip>乐趣吗。<wrt:wait,25>‥我好像稍微有点明白你的意思了。<scr:timer,166>","<scr:noskip>樂趣啊。<wrt:wait,25>‥我好像稍微能體會一點了。<scr:timer,166>","<scr:noskip>Веселое? <wrt:wait,25>Кажется, я понимаю, о чем ты.<scr:timer,166>","<scr:noskip>Seronok... <wrt:wait,25>Rasanya saya faham.<scr:timer,166>","<scr:noskip>Vui à. <wrt:wait,25>...Tôi nghĩ mình cũng hơi hiểu ý cậu rồi.<scr:timer,166>","<scr:noskip>Divertido, ¿eh? <wrt:wait,25>Creo que empiezo a entender a qué te refieres.<scr:timer,166>","<scr:noskip>Menyenangkan, ya. <wrt:wait,25>...Kurasa sekarang aku mulai mengerti maksud dari kata itu.<scr:timer,166>","<scr:noskip>สนุกงั้นเหรอ <wrt:wait,25>...เหมือนพอจะเข้าใจที่พูดนิดหน่อยแหละ<scr:timer,166>","<scr:noskip>Divertido... <wrt:wait,25>Acho que sei um pouco do que você quer dizer.<scr:timer,166>"
,,,백시우,,,,,"<scr:noskip><txt:bold,2><txt:color,orange>다희</txt:color></txt:bold> 네가 앞장서고, <txt:bold,2><txt:color,orange>마윤석</txt:color></txt:bold>이 툴툴대고, 밤늦도록 연습하고...<scr:timer,222>","<scr:noskip>You're taking the lead, <txt:bold,2><txt:color,orange>Dahee</txt:color></txt:bold>, <txt:bold,2><txt:color,orange>Yoonseok</txt:color></txt:bold> is complaining, we're practicing at night...<scr:timer,222>","<scr:noskip><txt:bold,2><txt:color,orange>夏希</txt:color></txt:bold>が先頭に立って、<txt:bold,2><txt:color,orange>忠英</txt:color></txt:bold>がブツブツ文句を言って、夜遅くまで練習して‥<scr:timer,222>","<scr:noskip><txt:bold,2><txt:color,orange>多熙</txt:color></txt:bold>你在前面带头，<txt:bold,2><txt:color,orange>马允硕</txt:color></txt:bold>在旁边发着牢骚，大家一起练习到深夜‥<scr:timer,222>","<scr:noskip>有<txt:bold,2><txt:color,orange>多熙</txt:color></txt:bold>帶頭，有<txt:bold,2><txt:color,orange>馬允碩</txt:color></txt:bold>在旁邊碎碎唸，大家一起練習到深夜‥<scr:timer,222>","<scr:noskip><txt:bold,2><txt:color,orange>Ворчание</txt:color></txt:bold> <txt:bold,2><txt:color,orange>Ма Юнсока</txt:color></txt:bold>, тренировки до ночи, твои наставления...<scr:timer,222>","<scr:noskip>Kamu sedang mengetuai pasukan, <txt:bold,2><txt:color,orange>Dahee</txt:color></txt:bold>, <txt:bold,2><txt:color,orange>Yoonseok</txt:color></txt:bold> tahu merungut saja, kita pula berlatih pada waktu malam...<scr:timer,222>","<scr:noskip><txt:bold,2><txt:color,orange>Dahee</txt:color></txt:bold> dẫn dắt mọi người, <txt:bold,2><txt:color,orange>Ma Yoonseok</txt:color></txt:bold> thì cằn nhằn, rồi cả đội tập đến tận khuya...<scr:timer,222>","<scr:noskip><txt:bold,2><txt:color,orange>Tú</txt:color></txt:bold> liderando, <txt:bold,2><txt:color,orange>Ma Yunseok</txt:color></txt:bold> quejándose por todo y nosotros entrenando hasta altas horas...<scr:timer,222>","<scr:noskip><txt:bold,2><txt:color,orange>Dahee</txt:color></txt:bold> selalu memimpin di depan. <txt:bold,2><txt:color,orange>Yunseok Ma</txt:color></txt:bold> terus mengeluh. Latihan sampai larut malam...<scr:timer,222>","<scr:noskip><txt:bold,2><txt:color,orange>ดาฮี</txt:color></txt:bold> เธอน่ะเป็นหัวเรี่ยวหัวแรง ส่วน<txt:bold,2><txt:color,orange>มายุนซอก</txt:color></txt:bold>ก็บ่นพึมพำ แล้วก็ซ้อมจนถึงดึก...<scr:timer,222>","<scr:noskip>Você na liderança, <txt:bold,2><txt:color,orange>Dahee</txt:color></txt:bold>, o <txt:bold,2><txt:color,orange>Yunseok Ma</txt:color></txt:bold> reclamando.... e treinos até tarde...<scr:timer,222>"
,,,백시우,,,,,"<scr:noskip>나, 실은 이런 배구를 하고 싶었던 것 같아.<scr:timer,158>","<scr:noskip>I think this is the kind of volleyball I wanted to play.<scr:timer,158>","<scr:noskip>俺、本当はこういうバレーがしたかったんだと思う。<scr:timer,158>","<scr:noskip>我，其实一直想打的，可能就是这样的排球吧。<scr:timer,158>","<scr:noskip>其實，我好像一直都很嚮往這種打排球的方式。<scr:timer,158>","<scr:noskip>О таком волейболе я всегда и мечтал.<scr:timer,158>","<scr:noskip>Rasanya bola tampar macam nilah yang saya mahu main.<scr:timer,158>","<scr:noskip>Thật ra, có lẽ tôi vẫn luôn muốn chơi kiểu bóng chuyền như thế này.<scr:timer,158>","<scr:noskip>La verdad, creo que este era el voleibol que quería jugar.<scr:timer,158>","<scr:noskip>Sepertinya, inilah bola voli yang sebenarnya selama ini ingin kulakukan.<scr:timer,158>","<scr:noskip>จริงๆ แล้ว ฉันอาจจะอยากเล่นวอลเลย์บอลแบบนี้มาตลอดก็ได้<scr:timer,158>","<scr:noskip>Acho que era esse o tipo de vôlei que eu queria.<scr:timer,158>"
,,,정다희,,,,,"<scr:noskip>...<scr:timer,104>","<scr:noskip>...<scr:timer,104>","<scr:noskip>‥<scr:timer,104>","<scr:noskip>‥<scr:timer,104>","<scr:noskip>‥<scr:timer,104>","<scr:noskip>...<scr:timer,104>","<scr:noskip>...<scr:timer,104>","<scr:noskip>...<scr:timer,104>","<scr:noskip>...<scr:timer,104>","<scr:noskip>...<scr:timer,104>","<scr:noskip>...<scr:timer,104>","<scr:noskip>...<scr:timer,104>"
,,,정다희,,,,,"<scr:noskip><txt:bold,2><txt:color,orange>시우</txt:color></txt:bold>야, 그럼...!<scr:timer,144>","<scr:noskip><txt:bold,2><txt:color,orange>Siwoo</txt:color></txt:bold>, then...!<scr:timer,144>","<scr:noskip><txt:bold,2><txt:color,orange>新</txt:color></txt:bold>、それじゃあ‥！<scr:timer,144>","<scr:noskip><txt:bold,2><txt:color,orange>时宇</txt:color></txt:bold>，那你‥！<scr:timer,144>","<scr:noskip><txt:bold,2><txt:color,orange>時宇</txt:color></txt:bold>，難道‥！<scr:timer,144>","<scr:noskip><txt:bold,2><txt:color,orange>Шиу</txt:color></txt:bold>, значит...<scr:timer,144>","<scr:noskip><txt:bold,2><txt:color,orange>Siwoo</txt:color></txt:bold>, kalau begitu...!<scr:timer,144>","<scr:noskip><txt:bold,2><txt:color,orange>Siwoo</txt:color></txt:bold> à, vậy thì...!<scr:timer,144>","<scr:noskip><txt:bold,2><txt:color,orange>Siwoo</txt:color></txt:bold>, ¡entonces...!<scr:timer,144>","<scr:noskip><txt:bold,2><txt:color,orange>Siwoo</txt:color></txt:bold>, kalau begitu...!<scr:timer,144>","<scr:noskip><txt:bold,2><txt:color,orange>ชีอู</txt:color></txt:bold> ถ้างั้น...!<scr:timer,144>","<scr:noskip><txt:bold,2><txt:color,orange>Siwoo</txt:color></txt:bold>, então...<scr:timer,144>"
,,,백시우,,,,,"<scr:noskip>언제였는지 잘 기억도 안 나. 이렇게 웃으면서 배구를 했던 게.<scr:timer,232>","<scr:noskip>I don't even remember the last time I played volleyball while smiling like this.<scr:timer,232>","<scr:noskip>いつだったか、もうよく覚えてないな。こんな風に笑いながらバレーをしたのって。<scr:timer,232>","<scr:noskip>都不记得上一次像这样笑着打排球是什么时候了。<scr:timer,232>","<scr:noskip>我都快忘了。像這樣笑著打排球，是什麼時候的事了。<scr:timer,232>","<scr:noskip>Даже не помню, когда я в последний раз столько радовался.<scr:timer,232>","<scr:noskip>Saya langsung tak ingat bila kali terakhir saya bermain bola tampar sambil tersenyum macam ni.<scr:timer,232>","<scr:noskip>Tôi cũng không nhớ rõ là từ khi nào nữa. Không nhớ lần cuối mình vừa chơi bóng chuyền vừa cười như thế này là khi nào.<scr:timer,232>","<scr:noskip>Ni siquiera recuerdo cuándo fue la última vez que jugué voleibol sonriendo así.<scr:timer,232>","<scr:noskip>Entah sejak kapan. Aku bahkan sudah lupa terakhir kali aku bisa bermain bola voli sambil tersenyum seperti ini.<scr:timer,232>","<scr:noskip>ฉันจำไม่ได้ด้วยซ้ำ ว่าเคยเล่นวอลเลย์บอลพร้อมกับรอยยิ้มแบบนี้เมื่อไหร่<scr:timer,232>","<scr:noskip>Nem lembro quando foi a última vez que me senti tão feliz jogando vôlei.<scr:timer,232>"
,,,백시우,,,,,"<scr:noskip>내가 있던 팀은 항상 끝이 안 좋았거든.<scr:timer,154>","<scr:noskip>The teams I was in always ended on a negative note.<scr:timer,154>","<scr:noskip>俺のいたチームはいつも終わりが良くなかったんだ。<scr:timer,154>","<scr:noskip>以前我待过的队伍，最后总是以不欢而散收场。<scr:timer,154>","<scr:noskip>以前我待過的球隊，最後總是不歡而散。<scr:timer,154>","<scr:noskip>В командах, где я играл раньше, все всегда плохо заканчивалось.<scr:timer,154>","<scr:noskip>Pasukan yang saya sertai sebelum ni selalu berakhir dengan kenangan pahit.<scr:timer,154>","<scr:noskip>Đội nào tôi từng ở cũng luôn kết thúc chẳng mấy tốt đẹp.<scr:timer,154>","<scr:noskip>Los equipos en los que estuve siempre terminaban mal.<scr:timer,154>","<scr:noskip>Tim dimana aku berada, selalu saja berakhir dengan buruk.<scr:timer,154>","<scr:noskip>ทีมที่ฉันเคยอยู่มักจะจบไม่ค่อยดีน่ะ<scr:timer,154>","<scr:noskip>Os times em que eu joguei sempre terminavam mal.<scr:timer,154>"
,,,정다희,,,,,"<scr:noskip>......<wrt:wait,25>아.<scr:timer,126>","<scr:noskip>...<wrt:wait,25>Ah.<scr:timer,126>","<scr:noskip>‥<wrt:wait,25>あっ。<scr:timer,126>","<scr:noskip>‥<wrt:wait,25>啊。<scr:timer,126>","<scr:noskip>‥<wrt:wait,25>啊。<scr:timer,126>","<scr:noskip>......<wrt:wait,25>А как?<scr:timer,126>","<scr:noskip>...<wrt:wait,25>Ah.<scr:timer,126>","<scr:noskip>...<wrt:wait,25>À.<scr:timer,126>","<scr:noskip>...<wrt:wait,25> Ah...<scr:timer,126>","<scr:noskip>......<wrt:wait,25>Ah.<scr:timer,126>","<scr:noskip>......<wrt:wait,25>อ๋อ<scr:timer,126>","<scr:noskip>Hum... <wrt:wait,25>Ah...<scr:timer,126>"
,,,백시우,,,,,"<scr:noskip>성적, 경쟁, 시기 질투... <wrt:wait,25>배구는 그런 건 줄 알았어.<scr:timer,174>","<scr:noskip>Results, competition, jealousy...<wrt:wait,25>I thought that was all volleyball was.<scr:timer,174>","<scr:noskip>成績、競争、妬みや嫉妬‥<wrt:wait,25>バレーってそういうものだと思ってた。<scr:timer,174>","<scr:noskip>成绩、竞争、嫉妒‥<wrt:wait,25>我以为排球就是这些东西的代名词。<scr:timer,174>","<scr:noskip>成績、競爭、嫉妒‥<wrt:wait,25>我以為排球就只有這些。<scr:timer,174>","<scr:noskip>Там были конкуренция, достижения, зависть... <wrt:wait,25>И я считал, что весь волейбол такой.<scr:timer,174>","<scr:noskip>Keputusan, persaingan, rasa cemburu...<wrt:wait,25>Saya ingat bola tampar ni tentang semua tu selama ni.<scr:timer,174>","<scr:noskip>Thành tích, cạnh tranh, ghen ghét đố kỵ... <wrt:wait,25>Tôi từng nghĩ bóng chuyền chỉ toàn những thứ như vậy.<scr:timer,174>","<scr:noskip>Pensaba que el voleibol se trataba de <wrt:wait,25>resultados, competencia, celos...<scr:timer,174>","<scr:noskip>Hasil pertandingan, persaingan, rasa iri... <wrt:wait,25>Kupikir bola voli hanya penuh dengan hal seperti itu.<scr:timer,174>","<scr:noskip>ทั้งเรื่องผลแพ้ชนะ, การแข่งขัน, ความอิจฉาริษยา... <wrt:wait,25>ฉันเคยคิดว่าวอลเลย์บอลคืออะไรแบบนั้นซะอีก<scr:timer,174>","<scr:noskip>Resultados, rivalidade, inveja... <wrt:wait,25>eu pensava que o vôlei era isso.<scr:timer,174>"
,,,백시우,,,,,"<scr:noskip>그런 게 전혀 아니었는데 말이야.<scr:timer,146>","<scr:noskip>But that isn't the case at all.<scr:timer,146>","<scr:noskip>本当は全然そんなんじゃなかったのにな。<scr:timer,146>","<scr:noskip>没想到根本不是那样。<scr:timer,146>","<scr:noskip>沒想到根本不是那樣。<scr:timer,146>","<scr:noskip>А оказалось, совсем не так.<scr:timer,146>","<scr:noskip>Tapi, tanggapan saya salah.<scr:timer,146>","<scr:noskip>Nhưng hoàn toàn không phải.<scr:timer,146>","<scr:noskip>Pero no era así en absoluto.<scr:timer,146>","<scr:noskip>Padahal sama sekali bukan.<scr:timer,146>","<scr:noskip>ทั้งที่มันไม่ใช่แบบนั้นเลยสักนิด<scr:timer,146>","<scr:noskip>Mas eu tava enganado.<scr:timer,146>"
,,,백시우,,,,,"<scr:noskip>다 같이 훈련하고 장난도 치고 공부하고... 그냥 이렇게 하는 거였는데.<scr:timer,210>","<scr:noskip>We all practice together, joke around, study... It was as simple as that.<scr:timer,210>","<scr:noskip>みんなで一緒に練習して、ふざけ合って、勉強して‥ただこうやってやるものだったのに。<scr:timer,210>","<scr:noskip>大家一起训练，互相开玩笑，一起学习‥原来排球是这样打的啊。<scr:timer,210>","<scr:noskip>大家一起訓練、一起打鬧、一起鑽研‥就只是這樣單純的事情而已。<scr:timer,210>","<scr:noskip>Нужно просто быть командой: тренироваться, смеяться, учиться вместе.<scr:timer,210>","<scr:noskip>Kita semua berlatih bersama, bergurau senda, belajar... Semudah tu.<scr:timer,210>","<scr:noskip>Cả đội cùng tập luyện, đùa giỡn, học hỏi... Chỉ đơn giản là như thế vậy thôi.<scr:timer,210>","<scr:noskip>Era algo tan simple como entrenar, bromear, aprender todos juntos...<scr:timer,210>","<scr:noskip>Berlatih bersama, saling bercanda, belajar bersama... Ternyata cukup melakukan hal seperti ini.<scr:timer,210>","<scr:noskip>แค่ซ้อมด้วยกัน, หยอกล้อกัน แล้วเรียนรู้ไปด้วยกัน... มันก็แค่อะไรแบบนี้เองแท้ๆ<scr:timer,210>","<scr:noskip>A gente treinava, brincava e estudava junto... era simples assim.<scr:timer,210>"
,,,백시우,,,,,"<scr:noskip>물론, 이번에도 본선을 목표로 하긴 했지만 말이야.<scr:timer,166>","<scr:noskip>I mean, we still had the goal of advancing to playoffs.<scr:timer,166>","<scr:noskip>もちろん、今回も本選を目標にしてはいたけどさ。<scr:timer,166>","<scr:noskip>当然了，这次我们也是以打进正赛为目标的。<scr:timer,166>","<scr:noskip>當然，這次我們也是以打進正賽為目標。<scr:timer,166>","<scr:noskip>Да, мы тоже были нацелены на победу.<scr:timer,166>","<scr:noskip>Memang kali ini pun kita sasarkan untuk mara ke pusingan utama.<scr:timer,166>","<scr:noskip>Tất nhiên, lần này chúng ta cũng nhắm đến mục tiêu Vòng Chính.<scr:timer,166>","<scr:noskip>Aunque claro, esta vez también teníamos la fase final como objetivo.<scr:timer,166>","<scr:noskip>Memang kali ini pun kita menargetkan lolos ke babak utama.<scr:timer,166>","<scr:noskip>แน่นอนว่าครั้งนี้ก็มีเป้าหมายเป็นรอบหลักนั่นแหละ<scr:timer,166>","<scr:noskip>Claro, desta vez também tínhamos como objetivo chegar à fase principal.<scr:timer,166>"
,,,백시우,,,,,"<scr:noskip>어쩐지 이번엔 싫지 않더라. 하핫.<scr:timer,150>","<scr:noskip>But it didn't feel so bad this time, haha.<scr:timer,150>","<scr:noskip>なんだか今回は嫌じゃなかったんだ。ははっ。<scr:timer,150>","<scr:noskip>但不知为什么，这次我却一点都不讨厌。哈哈。<scr:timer,150>","<scr:noskip>但不知為何，這次我並不討厭。哈哈。<scr:timer,150>","<scr:noskip>Но мне понравилось, ха-ха.<scr:timer,150>","<scr:noskip>Tapi, saya tak rasa teruk sangat kali ni, haha.<scr:timer,150>","<scr:noskip>Nhưng không hiểu sao lần này tôi lại không thấy ghét. Ha ha.<scr:timer,150>","<scr:noskip>Ahora entiendo por qué esta vez no se sintió mal. Jaja.<scr:timer,150>","<scr:noskip>Tapi entah mengapa, aku tidak membencinya lagi. Haha.<scr:timer,150>","<scr:noskip>แต่ไม่รู้ทำไม ครั้งนี้กลับไม่ได้รู้สึกไม่ชอบแฮะ ฮ่าฮ่า<scr:timer,150>","<scr:noskip>Mas dessa vez, não foi ruim. Haha.<scr:timer,150>"
,,,백시우,,,,,"<scr:noskip>고마워, <txt:bold,2><txt:color,orange>다희</txt:color></txt:bold>야. 같이 배구하자고 해줘서.<scr:timer,168>","<scr:noskip>Thanks, <txt:bold,2><txt:color,orange>Dahee</txt:color></txt:bold>. For asking me to play with you guys.<scr:timer,168>","<scr:noskip>ありがとう、<txt:bold,2><txt:color,orange>夏希</txt:color></txt:bold>。一緒にバレーしようって言ってくれて。<scr:timer,168>","<scr:noskip>谢谢你，<txt:bold,2><txt:color,orange>多熙</txt:color></txt:bold>。谢谢你邀请我一起打排球。<scr:timer,168>","<scr:noskip>謝謝妳，<txt:bold,2><txt:color,orange>多熙</txt:color></txt:bold>。謝謝妳找我一起打排球。<scr:timer,168>","<scr:noskip>Спасибо, <txt:bold,2><txt:color,orange>Дахи</txt:color></txt:bold>. За то, что позвала в команду.<scr:timer,168>","<scr:noskip>Terima kasih, <txt:bold,2><txt:color,orange>Dahee</txt:color></txt:bold>. Sebab ajak saya main sekali dengan kamu semua.<scr:timer,168>","<scr:noskip>Cảm ơn cậu, <txt:bold,2><txt:color,orange>Dahee</txt:color></txt:bold>. Cảm ơn vì đã rủ tôi cùng chơi bóng chuyền.<scr:timer,168>","<scr:noskip>Gracias, <txt:bold,2><txt:color,orange>Dahee</txt:color></txt:bold>. Por pedirme que jugáramos voleibol juntos.<scr:timer,168>","<scr:noskip>Terima kasih, <txt:bold,2><txt:color,orange>Dahee</txt:color></txt:bold>. Karena sudah mengajakku bermain bola voli bersama.<scr:timer,168>","<scr:noskip>ขอบใจนะ <txt:bold,2><txt:color,orange>ดาฮี</txt:color></txt:bold> ที่ชวนให้มาเล่นวอลเลย์บอลด้วยกันน่ะ<scr:timer,168>","<scr:noskip>Obrigado, <txt:bold,2><txt:color,orange>Dahee</txt:color></txt:bold>. Por me convidar pra jogar vôlei com você.<scr:timer,168>"
,,,백시우,,,,,"<scr:noskip>그동안 정말 고마웠어.<scr:timer,160>","<scr:noskip>I had fun, thanks to you.<scr:timer,160>","<scr:noskip>今まで、本当にありがとう。おかげで楽しかったよ。<scr:timer,160>","<scr:noskip>这段时间，真的谢谢你。<scr:timer,160>","<scr:noskip>這段時間真的很謝謝妳。<scr:timer,160>","<scr:noskip>Было по-настоящему весело!<scr:timer,160>","<scr:noskip>Saya seronok, terima kasih kepada kamu.<scr:timer,160>","<scr:noskip>Cảm ơn cậu rất nhiều vì suốt thời gian qua.<scr:timer,160>","<scr:noskip>De verdad, gracias por todo este tiempo.<scr:timer,160>","<scr:noskip>Terima kasih untuk semuanya selama ini.<scr:timer,160>","<scr:noskip>ขอบใจมากนะ เพราะเธอ ฉันถึงได้สนุกมากเลย<scr:timer,160>","<scr:noskip>Eu me diverti muito graças a você.<scr:timer,160>"
,,,TAG,,,,,"<eff:black,3>","<eff:black,3>","<eff:black,3>","<eff:black,3>","<eff:black,3>","<eff:black,3>","<eff:black,3>","<eff:black,3>","<eff:black,3>","<eff:black,3>","<eff:black,3>","<eff:black,3>"
,,,TAG,,,,,"<scr:noskip><sys:nogui,리모컨><sys:scene,다희미소1,300><scr:timer,50>","<scr:noskip><sys:nogui,리모컨><sys:scene,다희미소1,300><scr:timer,50>","<scr:noskip><sys:nogui,리모컨><sys:scene,다희미소1,300><scr:timer,50>","<scr:noskip><sys:nogui,리모컨><sys:scene,다희미소1,300><scr:timer,50>","<scr:noskip><sys:nogui,리모컨><sys:scene,다희미소1,300><scr:timer,50>","<scr:noskip><sys:nogui,리모컨><sys:scene,다희미소1,300><scr:timer,50>","<scr:noskip><sys:nogui,리모컨><sys:scene,다희미소1,300><scr:timer,50>","<scr:noskip><sys:nogui,리모컨><sys:scene,다희미소1,300><scr:timer,50>","<scr:noskip><sys:nogui,리모컨><sys:scene,다희미소1,300><scr:timer,50>","<scr:noskip><sys:nogui,리모컨><sys:scene,다희미소1,300><scr:timer,50>","<scr:noskip><sys:nogui,리모컨><sys:scene,다희미소1,300><scr:timer,50>","<scr:noskip><sys:nogui,리모컨><sys:scene,다희미소1,300><scr:timer,50>"
,,,TAG,,,,,"<eff:black,2>","<eff:black,2>","<eff:black,2>","<eff:black,2>","<eff:black,2>","<eff:black,2>","<eff:black,2>","<eff:black,2>","<eff:black,2>","<eff:black,2>","<eff:black,2>","<eff:black,2>"
,,,정다희,,,,,"<sys:scene,다희미소2><scr:noskip>...<scr:timer,120>","<sys:scene,다희미소2><scr:noskip>...<scr:timer,120>","<sys:scene,다희미소2><scr:noskip>‥<scr:timer,120>","<sys:scene,다희미소2><scr:noskip>‥<scr:timer,120>","<sys:scene,다희미소2><scr:noskip>‥<scr:timer,120>","<sys:scene,다희미소2><scr:noskip>...<scr:timer,120>","<sys:scene,다희미소2><scr:noskip>...<scr:timer,120>","<sys:scene,다희미소2><scr:noskip>...<scr:timer,120>","<sys:scene,다희미소2><scr:noskip>...<scr:timer,120>","<sys:scene,다희미소2><scr:noskip>...<scr:timer,120>","<sys:scene,다희미소2><scr:noskip>...<scr:timer,120>","<sys:scene,다희미소2><scr:noskip>...<scr:timer,120>"
,,,정다희,,,,,"<scr:noskip>...<scr:timer,150>","<scr:noskip>...<scr:timer,150>","<scr:noskip>‥<scr:timer,150>","<scr:noskip>‥<scr:timer,150>","<scr:noskip>‥<scr:timer,150>","<scr:noskip>...<scr:timer,150>","<scr:noskip>...<scr:timer,150>","<scr:noskip>...<scr:timer,150>","<scr:noskip>...<scr:timer,150>","<scr:noskip>...<scr:timer,150>","<scr:noskip>...<scr:timer,150>","<scr:noskip>...<scr:timer,150>"
,,,정다희,,,,,"<scr:noskip>...<wrt:wait,25>응, 그래! 나도 즐거웠어!<scr:timer,110>","<scr:noskip>...<wrt:wait,25>Of course! I had fun, too!<scr:timer,110>","<scr:noskip>‥<wrt:wait,25>うん、そうだね！私も楽しかった！<scr:timer,110>","<scr:noskip>‥<wrt:wait,25>嗯，我也是！我也很开心！<scr:timer,110>","<scr:noskip>‥<wrt:wait,25>嗯，對啊！我也很開心！<scr:timer,110>","<scr:noskip>...<wrt:wait,25>И мне!<scr:timer,110>","<scr:noskip>...<wrt:wait,25>Sudah tentu! Saya pun seronok!<scr:timer,110>","<scr:noskip>...<wrt:wait,25>Ừ, đúng vậy! Tôi cũng vui lắm!<scr:timer,110>","<scr:noskip>...<wrt:wait,25>Sí. ¡Yo también la pasé increíble!<scr:timer,110>","<scr:noskip>...<wrt:wait,25>Iya! Begitu juga denganku!<scr:timer,110>","<scr:noskip>...<wrt:wait,25>อื้ม! ฉันก็สนุกมากเหมือนกัน!<scr:timer,110>","<scr:noskip>... <wrt:wait,25>É! Eu também me diverti muito!<scr:timer,110>"
,,,정다희,,,,,"<scr:noskip>임시 부원인데도 여기까지 같이 와줘서, 정말 고마워.<scr:timer,170>","<scr:noskip>Thank you for coming this far with us, even as a temporary member.<scr:timer,170>","<scr:noskip>臨時部員なのに、ここまで付き合ってくれて本当にありがとう。<scr:timer,170>","<scr:noskip>虽然你只是个临时部员，但能陪我们走到这一步，真的非常感谢。<scr:timer,170>","<scr:noskip>雖然你只是臨時隊員，但謝謝你願意陪我們走到這裡。<scr:timer,170>","<scr:noskip>Спасибо, что был с нами до конца. Пусть и временно.<scr:timer,170>","<scr:noskip>Terima kasih banyak kerana bersama kami hingga ke tahap ni.<scr:timer,170>","<scr:noskip>Cảm ơn cậu rất nhiều vì dù chỉ là thành viên tạm thời, cậu vẫn cùng bọn tôi đi đến tận đây.<scr:timer,170>","<scr:noskip>Aunque solo eras un miembro temporal, gracias por llegar hasta aquí con nosotros.<scr:timer,170>","<scr:noskip>Terima kasih sudah tetap bersama kita sampai sejauh ini, meski kamu hanya anggota sementara.<scr:timer,170>","<scr:noskip>ถึงจะเป็นสมาชิกชมรมชั่วคราว แต่ก็ขอบใจจริงๆ นะที่มาด้วยกันจนถึงตรงนี้<scr:timer,170>","<scr:noskip>Obrigada por ter vindo até aqui, mesmo sendo membro temporário.<scr:timer,170>"
,,,정다희,,,,,"<scr:noskip>앞으로 남은 경기는 맡겨줘.<scr:timer,180>","<scr:noskip>Leave the rest of the matches to us.<scr:timer,180>","<scr:noskip>これからの残りの試合は任せて。<scr:timer,180>","<scr:noskip>接下来的比赛，就交给我们吧。<scr:timer,180>","<scr:noskip>接下來的比賽就交給我吧。<scr:timer,180>","<scr:noskip>Дальше мы справимся.<scr:timer,180>","<scr:noskip>Serahkan baki perlawanan kepada kami.<scr:timer,180>","<scr:noskip>Những trận còn lại cứ giao cho chúng tôi.<scr:timer,180>","<scr:noskip>Deja los próximos partidos en mis manos.<scr:timer,180>","<scr:noskip>Sisanya serahkan saja pada kami.<scr:timer,180>","<scr:noskip>การแข่งขันที่เหลือต่อจากนี้ก็ไว้ใจฉันได้เลย<scr:timer,180>","<scr:noskip>Pode deixar os próximos jogos com a gente.<scr:timer,180>"
,,,정다희,,,,,"<scr:noskip>우리는 꼭 <txt:bold,2>전국 대회</txt:bold>에 갈 거야.<scr:timer,135>","<scr:noskip>We're going to make it to the <txt:bold,2>National Tournament</txt:bold>.<scr:timer,135>","<scr:noskip>私たち、必ず<txt:bold,2>全国大会</txt:bold>へ行くから。<scr:timer,135>","<scr:noskip>我们一定会打进<txt:bold,2>全国大赛</txt:bold>的。<scr:timer,135>","<scr:noskip>我們一定會打進<txt:bold,2>全國大賽</txt:bold>的。<scr:timer,135>","<scr:noskip>Мы обязательно пробьемся на <txt:bold,2>национальный турнир</txt:bold>.<scr:timer,135>","<scr:noskip>Kami pasti akan mara ke <txt:bold,2>Kejohanan Kebangsaan</txt:bold>.<scr:timer,135>","<scr:noskip>Chúng tôi nhất định sẽ tiến đến <txt:bold,2>Giải Toàn Quốc</txt:bold>.<scr:timer,135>","<scr:noskip>Te prometo que llegaremos sí o sí al <txt:bold,2>Torneo Nacional</txt:bold>.<scr:timer,135>","<scr:noskip>Kami pasti akan pergi ke <txt:bold,2>Turnamen Nasional</txt:bold>.<scr:timer,135>","<scr:noskip>พวกเราจะไป<txt:bold,2>ทัวร์นาเมนต์ระดับประเทศ</txt:bold>ให้ได้<scr:timer,135>","<scr:noskip>Vamos chegar ao <txt:bold,2>torneio nacional</txt:bold>, custe o que custar.<scr:timer,135>"
,,,정다희,,,,,"<scr:noskip>경기 보러 와야 한다? 알았지? 무지 멋진 경기 보여줄게!!<scr:timer,160>","<scr:noskip>You have to come watch the match, okay? I'll make sure it's a fun one!<scr:timer,160>","<scr:noskip>試合、絶対見に来てよね？分かった？めちゃくちゃかっこいい試合を見せてあげる！！<scr:timer,160>","<scr:noskip>你一定要来看我们的比赛哦！知道了吗？我会让你看到一场超级精彩的比赛的！！<scr:timer,160>","<scr:noskip>你一定要來看比賽喔！知道嗎？我會讓你看到一場超精彩的比賽的！！<scr:timer,160>","<scr:noskip>Придешь за нас болеть? Мы покажем класс!<scr:timer,160>","<scr:noskip>Kamu kena datang tengok perlawanan nanti, okey? Saya akan pastikan permainan yang seronok!<scr:timer,160>","<scr:noskip>Cậu phải đến xem trận đó nhé? Biết chưa? Tôi sẽ cho cậu xem một trận đấu cực kỳ đỉnh!<scr:timer,160>","<scr:noskip>Tienes que venir a ver los partidos, ¿eh? ¡Te prometo que serán unos partidazos!<scr:timer,160>","<scr:noskip>Kamu harus datang menonton, ya? Kami akan menunjukkan pertandingan yang benar-benar keren!!<scr:timer,160>","<scr:noskip>นายต้องมาดูการแข่งขันนะ เข้าใจไหม? ฉันจะให้นายได้ดูการแข่งขันที่ยอดเยี่ยมสุดๆ เลย!!<scr:timer,160>","<scr:noskip>Você tem que vir assistir aos jogos, tá? Vamos fazer um jogo incrível!<scr:timer,160>"
,,,백시우,,,,,"<scr:noskip>응!! 관중석에서 제일 큰 목소리로 응원할게!<scr:timer,170>","<scr:noskip>Of course! I'll be the loudest one in the crowd!<scr:timer,170>","<scr:noskip>うん！！観客席で一番大きな声で応援するよ！<scr:timer,170>","<scr:noskip>嗯！！我一定会在观众席上用最大的声音给你们加油的！<scr:timer,170>","<scr:noskip>嗯！！我會在觀眾席用最大的聲音為妳加油的！<scr:timer,170>","<scr:noskip>Обязательно! Буду самым шумным болельщиком.<scr:timer,170>","<scr:noskip>Sudah tentu! Saya akan bersorak paling kuat!<scr:timer,170>","<scr:noskip>Ừ!! Tôi sẽ cổ vũ cậu thật to từ trên khán đài!<scr:timer,170>","<scr:noskip>¡Sí! ¡Los animaré desde las gradas a todo pulmón!<scr:timer,170>","<scr:noskip>Iya!! Aku bakal jadi orang yang paling keras menyemangati kalian dari kursi penonton!<scr:timer,170>","<scr:noskip>อื้ม!! ฉันจะเชียร์ให้สุดเสียงจากที่นั่งผู้ชมเชียวล่ะ!<scr:timer,170>","<scr:noskip>Pode deixar! Vou estar torcendo na arquibancada!<scr:timer,170>"
,,,정다희,,,,,"<scr:noskip>좋아~ 그럼 감상적인 얘기는 여기까지!<scr:timer,125>","<scr:noskip>Great! Okay, no more sentimental talk.<scr:timer,125>","<scr:noskip>よし～、じゃあしんみりした話はここまで！<scr:timer,125>","<scr:noskip>好啦～煽情的时间就到此为止！<scr:timer,125>","<scr:noskip>好～那感性的話題就到此為止啦！<scr:timer,125>","<scr:noskip>Договорились! Ладно, хватит трогательных слов.<scr:timer,125>","<scr:noskip>Hebat! Okey, dah tak payah layan sentimental.<scr:timer,125>","<scr:noskip>Tốt~ Vậy mấy câu chuyện cảm động đến đây là đủ rồi!<scr:timer,125>","<scr:noskip>Bien. ¡Basta de sentimentalismos!<scr:timer,125>","<scr:noskip>Bagus~ Kalau begitu cukup sampai sini pembicaraan sentimentalnya!<scr:timer,125>","<scr:noskip>เยี่ยม~ ถ้างั้นเรื่องซึ้งๆ ก็พอแค่นี้!<scr:timer,125>","<scr:noskip>Certo, já deu de conversa sentimental!<scr:timer,125>"
,,,정다희,,,,,"<scr:noskip>우리 아이스크림이라도 먹으러 갈까? 오늘은 내가 쏠게!<scr:timer,125>","<scr:noskip>Should we go get ice cream? It's on me today!<scr:timer,125>","<scr:noskip>私たち、アイスでも食べに行こっか？今日は私のおごりだよ！<scr:timer,125>","<scr:noskip>我们要不要去吃个冰淇淋？今天我请客！<scr:timer,125>","<scr:noskip>我們去吃冰淇淋吧？今天我請客！<scr:timer,125>","<scr:noskip>Пойдем отпразднуем мороженым? Я угощаю.<scr:timer,125>","<scr:noskip>Mahu makan aiskrim? Hari ni saya belanja!<scr:timer,125>","<scr:noskip>Chúng ta đi ăn kem nhé? Hôm nay tôi đãi!<scr:timer,125>","<scr:noskip>¿Vamos por un helado? ¡Hoy invito yo!<scr:timer,125>","<scr:noskip>Bagaimana kalau kita makan es krim? Hari ini aku yang traktir!<scr:timer,125>","<scr:noskip>เราไปกินไอศกรีมกันดีไหม? วันนี้ฉันเลี้ยงเอง!<scr:timer,125>","<scr:noskip>Vamos tomar um sorvete? Hoje eu pago!<scr:timer,125>"
,,,백시우,,,,,"<scr:noskip>우와, 진짜지? 좋지!! 지금 당장 가자!!<scr:timer,160>","<scr:noskip>Whoa, really? I'd love it! Let's go!<scr:timer,160>","<scr:noskip>うわあ、マジで！？ラッキー！！じゃあ、今すぐ行こう！！<scr:timer,160>","<scr:noskip>哇，真的吗？太好了！！我们现在就去吧！！<scr:timer,160>","<scr:noskip>哇，真的嗎？好耶！！我們現在就去！！<scr:timer,160>","<scr:noskip>Раз так, то вперед!<scr:timer,160>","<scr:noskip>Wah, benarkah? Saya suka! Jom!<scr:timer,160>","<scr:noskip>Wow, thật chứ? Được đó!! Đi ngay bây giờ thôi!!<scr:timer,160>","<scr:noskip>¡Guau! ¡¿De verdad?! ¡Me encanta! ¡Vamos de una vez!!!<scr:timer,160>","<scr:noskip>Wah, beneran? Baiklah!! Ayo kita pergi sekarang juga!!<scr:timer,160>","<scr:noskip>ว้าว จริงนะ? แจ๋วเลย!! ไปกันตอนนี้เลยเถอะ!!<scr:timer,160>","<scr:noskip>Eba! Bora!<scr:timer,160>"
,,,TAG,,,,,"<scr:noskip><sys:quiet,200><scr:timer,300><sys:nogui>","<scr:noskip><sys:quiet,200><scr:timer,300><sys:nogui>","<scr:noskip><sys:quiet,200><scr:timer,300><sys:nogui>","<scr:noskip><sys:quiet,200><scr:timer,300><sys:nogui>","<scr:noskip><sys:quiet,200><scr:timer,300><sys:nogui>","<scr:noskip><sys:quiet,200><scr:timer,300><sys:nogui>","<scr:noskip><sys:quiet,200><scr:timer,300><sys:nogui>","<scr:noskip><sys:quiet,200><scr:timer,300><sys:nogui>","<scr:noskip><sys:quiet,200><scr:timer,300><sys:nogui>","<scr:noskip><sys:quiet,200><scr:timer,300><sys:nogui>","<scr:noskip><sys:quiet,200><scr:timer,300><sys:nogui>","<scr:noskip><sys:quiet,200><scr:timer,300><sys:nogui>"