,상황,분기,이름,위치,표정,효과,감정,대사(한국어),영어,일어,간체,번체,러시아어,말레이어,베트남어,스페인어,인도네시아어,태국어,포르투갈어
1,경기 전,#,MAP,,,,,록웰,록웰,록웰,록웰,록웰,록웰,록웰,록웰,록웰,록웰,록웰,록웰
,,#,BGM,,,,,BGM_IRREVERSIBLE,BGM_IRREVERSIBLE,BGM_IRREVERSIBLE,BGM_IRREVERSIBLE,BGM_IRREVERSIBLE,BGM_IRREVERSIBLE,BGM_IRREVERSIBLE,BGM_IRREVERSIBLE,BGM_IRREVERSIBLE,BGM_IRREVERSIBLE,BGM_IRREVERSIBLE,BGM_IRREVERSIBLE
,,#,어린 사라,0,,,,,,,,,,,,,,,
,,,-,,,,,"<txt:bold,3><txt:color,grey>~햇살이 부드럽게 스며드는 체육관 안. 잔잔히 울려 퍼지는 세 아이의 웃음 소리~","<txt:bold,3><txt:color,grey>The sound of three children's laughter softly echoed throughout the gym where sunlight gently seeps in.","<txt:bold,3><txt:color,grey>～陽の光が優しく差し込む体育館の中。穏やかに響き渡る三人の子供たちの笑い声～","<txt:bold,3><txt:color,grey>～阳光柔和地洒满体育馆，三个孩子银铃般的笑声在馆内回荡～","<txt:bold,3><txt:color,grey>～陽光輕柔的灑進體育館，隱約迴盪著三個孩子的笑鬧聲～","<txt:bold,3><txt:color,grey>В спортзале, залитом мягким солнечным светом, раздается веселый смех трех детей.","<txt:bold,3><txt:color,grey>Bunyi tawa tiga kanak-kanak bergema lembut di gim yang diterangi cahaya.","<txt:bold,3><txt:color,grey>Ánh nắng nhẹ nhàng xuyên vào phòng tập. Tiếng cười của ba đứa trẻ vang lên nhè nhẹ","<txt:bold,3><txt:color,grey>En el gimnasio, iluminado por una cálida luz solar, suenan las risas suaves de tres niños","<txt:bold,3><txt:color,grey>~Di dalam GYM yang disinari sinar matahari yang hangat. Terdengar gemaan suara tawa dari 3 anak~","<txt:bold,3><txt:color,grey>~ภายในโรงยิมที่มีแสงแดดสาดส่องอย่างอ่อนโยน พร้อมเสียงหัวเราะของเด็กทั้งสามที่ดังก้องอย่างแผ่วเบา~","<txt:bold,3><txt:color,grey>A luz suave do sol invadia a quadra, onde as risadas de três crianças se espalhavam..."
,,,TAG,,,,,"<sys:sfx,도움닫기>","<sys:sfx,도움닫기>","<sys:sfx,도움닫기>","<sys:sfx,도움닫기>","<sys:sfx,도움닫기>","<sys:sfx,도움닫기>","<sys:sfx,도움닫기>","<sys:sfx,도움닫기>","<sys:sfx,도움닫기>","<sys:sfx,도움닫기>","<sys:sfx,도움닫기>","<sys:sfx,도움닫기>"
,,,어린 시우,,,,,"<txt:bold,2>자, 받아! 사라야!","<txt:bold,2>Sara, your turn!","<txt:bold,2>はい、受け取って！紗良！","<txt:bold,2>来，接住！莎拉！","<txt:bold,2>來，接好囉！莎拉！","<txt:bold,2>Сара, лови!","<txt:bold,2>Sara, giliran awak!","<txt:bold,2>Nào, đỡ lấy này! Sara!","<txt:bold,2>¡Vamos, atrápalo, Sara!","<txt:bold,2>Terima ini! Sara!","<txt:bold,2>เอาล่ะ รับนะ! ซาร่า!","<txt:bold,2>Lá vai, hein, Sara!"
,,,-,,,,,"<txt:color,grey>(통)","<txt:color,grey>(Bounce)","<txt:color,grey>(トン)","<txt:color,grey>(咚)","<txt:color,grey>(咚)","<txt:color,grey>(Бум)","<txt:color,grey>(Lantun)","<txt:color,grey>(Bốp)","<txt:color,grey>(Pum)","<txt:color,grey>(Boing)","<txt:color,grey>(ปึก)","<txt:color,grey>(Poc)"
,,,어린 사라,,1_미소,,,"<txt:bold,2>좋아, <wrt:delay,1>마이볼!","<txt:bold,2>Okay, <wrt:delay,1>my ball!","<txt:bold,2>うん、<wrt:delay,1>マイボール！","<txt:bold,2>好，<wrt:delay,1>我的球！","<txt:bold,2>好！<wrt:delay,1>這球是我的！","<txt:bold,2>Отлично, <wrt:delay,1>мой мяч!","<txt:bold,2>Okay, <wrt:delay,1>bola saya!","<txt:bold,2>Tốt lắm, <wrt:delay,1>bóng của tớ!","<txt:bold,2>Muy bien, <wrt:delay,1>¡es mío!","<txt:bold,2>Bagus, <wrt:delay,1>Biarkan aku!","<txt:bold,2>โอเค <wrt:delay,1>มายบอล!","<txt:bold,2>Boa! <wrt:delay,1>Deixa comigo!"
,,,-,,,,,"<txt:color,grey>(통)","<txt:color,grey>(Bounce)","<txt:color,grey>(トン)","<txt:color,grey>(咚)","<txt:color,grey>(咚)","<txt:color,grey>(Бум)","<txt:color,grey>(Lantun)","<txt:color,grey>(Bốp)","<txt:color,grey>(Pum)","<txt:color,grey>(Boing)","<txt:color,grey>(ปึก)","<txt:color,grey>(Poc)"
,,,TAG,,,,,"<sys:sfx,도움닫기>","<sys:sfx,도움닫기>","<sys:sfx,도움닫기>","<sys:sfx,도움닫기>","<sys:sfx,도움닫기>","<sys:sfx,도움닫기>","<sys:sfx,도움닫기>","<sys:sfx,도움닫기>","<sys:sfx,도움닫기>","<sys:sfx,도움닫기>","<sys:sfx,도움닫기>","<sys:sfx,도움닫기>"
,,,???,,,,,"<txt:shake,1><txt:bold,2>마이볼! 마이볼!","<txt:shake,1><txt:bold,2>My ball, my ball!","<txt:shake,1><txt:bold,2>マイボール！マイボール！","<txt:shake,1><txt:bold,2>我的球！我的球！","<txt:shake,1><txt:bold,2>換我換我！這球我的！","<txt:shake,1><txt:bold,2>Мой мяч! Ловлю!","<txt:shake,1><txt:bold,2>Bola saya, bola saya!","<txt:shake,1><txt:bold,2>Bóng của tớ! Bóng của tớ!","<txt:shake,1><txt:bold,2>¡Es mío! ¡Es mío!","<txt:shake,1><txt:bold,2>Ini bolaku!!","<txt:shake,1><txt:bold,2>มายบอล! มายบอล!","<txt:shake,1><txt:bold,2>Minha! Minha!"
,,,어린 사라,,1_놀람,,exclam,"<cha:pop,어린 사라><txt:bold,2><txt:shake,1>깜짝이야?!","<cha:pop,어린 사라><txt:bold,2><txt:shake,1>You scared me!","<cha:pop,어린 사라><txt:bold,2><txt:shake,1>びっくりした～","<cha:pop,어린 사라><txt:bold,2><txt:shake,1>吓我一跳？！","<cha:pop,어린 사라><txt:bold,2><txt:shake,1>哇，嚇我一跳！","<cha:pop,어린 사라><txt:bold,2><txt:shake,1>Ой, ты меня напугала!","<cha:pop,어린 사라><txt:bold,2><txt:shake,1>Awak mengejutkan saya!","<cha:pop,어린 사라><txt:bold,2><txt:shake,1>Ối giật cả mình?!","<cha:pop,어린 사라><txt:bold,2><txt:shake,1>¡Qué susto!","<cha:pop,어린 사라><txt:bold,2><txt:shake,1>Aduh kaget!!!","<cha:pop,어린 사라><txt:bold,2><txt:shake,1>ตกใจหมด!!","<cha:pop,어린 사라><txt:bold,2><txt:shake,1>Ai, que susto!"
,,,???,,,,,"흥, 나도 언니랑 할 거야. 왜 너만 같이 해?","Hmph, I’m going to play with Sara too! Why do only you get to play with her?",ふん、私もお姉ちゃんとやりたいの。二人だけで遊ばないの！,哼，我也要跟姐姐玩。凭什么只有你跟她玩？,哼，我也要跟姐姐玩！為什麼老是你們兩個一起玩？,Я тоже хочу с ней! Почему все время только ты?,"Hmph, saya pun nak main dengan Kak Sara. Kenapa awak saja boleh main dengan dia?","Hừm, tớ cũng muốn chơi với chị ấy. Sao chỉ có cậu được chơi cùng chị ấy vậy?","Oye, yo también quiero jugar con ella. ¿Por qué solo juegas tú?","Hmmm, Aku juga ingin bermain dengan kakak. Kenapa hanya kamu yang bermain bersama?",ฮึ่ม ฉันก็จะเล่นกับพี่เหมือนกัน ทำไมมีแต่นายที่ได้เล่นล่ะ?,"Humpf, também quero jogar com ela! Não é justo você jogar sozinho!"
,,,어린 사라,,1_미소,,,"<wrt:delay,10>‥도 참.</wrt:delay> 좋아. 그럼 다같이 할까? 어때, 시우야?","<wrt:delay,10>Haha...</wrt:delay> Alright then, let’s play together. Is that okay, Siwoo...?","<wrt:delay,10>...まったく。</wrt:delay>いいわよ。じゃあ、みんなでやりましょ。新もそれでいいでしょ？","<wrt:delay,10>......真是的。</wrt:delay> 好吧。那我们一起玩好不好？时宇，你觉得呢？","<wrt:delay,10>真是的...</wrt:delay>不然這樣，我們大家一起玩好不好？時宇，你說呢？","<wrt:delay,10>Ох...</wrt:delay> Ладно, давайте втроем играть. Как тебе идея, Шиу?","<wrt:delay,10>Haha...</wrt:delay> Jom main sama-sama. Boleh, Siwoo...?","<wrt:delay,10>Thật là...</wrt:delay> Được rồi. Vậy cùng chơi nhé? Cậu thấy sao, Siwoo?","<wrt:delay,10> Ay...</wrt:delay> Está bien. Juguemos todos juntos entonces, ¿qué dices, Siwoo?","<wrt:delay,10>...Dasar kamu itu.</wrt:delay> Baiklah. Kalau begitu ayo kita bermain bersama! Bagaimana, Siwoo?","<wrt:delay,10>...เธอนี่ก็นะ</wrt:delay> โอเค งั้นมาเล่นด้วยกันทั้งหมดเลยไหม? ว่าไงชีอู?","<wrt:delay,10>Tá bom, vai... </wrt:delay>Que tal a gente jogar nós três juntos? O que você acha, Siwoo?"
,,,어린 시우,,,,,"아하하, <wrt:wait,30>그럼 셋이서 같이 하자.","Ahahaha, <wrt:wait,30>sure that sounds great.","あはは、<wrt:wait,30>じゃあ三人でやろう。","啊哈哈，<wrt:wait,30>那我们三个一起玩吧。","啊哈哈，<wrt:wait,30>好啊！那我們三個一起玩吧！","Ага, <wrt:wait,30>играем все вместе.","Ahahaha, <wrt:wait,30>baik, setuju.","Hahaha, <wrt:wait,30>vậy cả ba chúng ta cùng chơi thôi!","Jajaja, <wrt:wait,30>claro, juguemos los tres juntos.","Hahaha, <wrt:wait,30>Ok, ayo kita bermain bertiga.","อะฮ่าฮ่า <wrt:wait,30>งั้นมาเล่นด้วยกันสามคนเถอะ","Haha, fechado! <wrt:wait,30>Nós três, então!"
,,,어린 시우,,,,,"좋아! <txt:bold,2><txt:shake,1>자, 간다—!</txt:shake>","Okay! <txt:bold,2><txt:shake,1>Here, we, go—!</txt:shake>","よーし！<txt:bold,2><txt:shake,1>じゃあ、いくよー！</txt:shake>","好！<txt:bold,2><txt:shake,1>来，要来咯—！</txt:shake>","好！<txt:bold,2><txt:shake,1>看我的——！</txt:shake>","Ну держитесь! <txt:bold,2><txt:shake,1>Подаю!</txt:shake>","Okay! <txt:bold,2><txt:shake,1>Jom mula—!</txt:shake>","Được! <txt:bold,2><txt:shake,1>Nào, bắt đầu--!</txt:shake>","¡Vale! <txt:bold,2><txt:shake,1>Bueno, ¡ahí va!</txt:shake>","Bagus! <txt:bold,2><txt:shake,1>Kalau begitu, sudah siap kan—?</txt:shake>","โอเค! <txt:bold,2><txt:shake,1>เอาล่ะ เริ่มแล้วนะ—!</txt:shake>","Beleza! <txt:bold,2><txt:shake,1>Todos preparados?</txt:shake>"
,,,TAG,,,,,"<eff:black,3><sys:nogui,리모컨><sys:qmap,암전><cha:qhide>","<eff:black,3><sys:nogui,리모컨><sys:qmap,암전><cha:qhide>","<eff:black,3><sys:nogui,리모컨><sys:qmap,암전><cha:qhide>","<eff:black,3><sys:nogui,리모컨><sys:qmap,암전><cha:qhide>","<eff:black,3><sys:nogui,리모컨><sys:qmap,암전><cha:qhide>","<eff:black,3><sys:nogui,리모컨><sys:qmap,암전><cha:qhide>","<eff:black,3><sys:nogui,리모컨><sys:quiet,500><sys:qmap,암전><cha:qhide>","<eff:black,3><sys:nogui,리모컨><sys:qmap,암전><cha:qhide>","<eff:black,3><sys:nogui,리모컨><sys:qmap,암전><cha:qhide>","<eff:black,3><sys:nogui,리모컨><sys:qmap,암전><cha:qhide>","<eff:black,3><sys:nogui,리모컨><sys:qmap,암전><cha:qhide>","<eff:black,3><sys:nogui,리모컨><sys:qmap,암전><cha:qhide>"
,,,TAG,,,,,"<sys:sfx,도움닫기>","<sys:sfx,도움닫기>","<sys:sfx,도움닫기>","<sys:sfx,도움닫기>","<sys:sfx,도움닫기>","<sys:sfx,도움닫기>","<sys:sfx,도움닫기>","<sys:sfx,도움닫기>","<sys:sfx,도움닫기>","<sys:sfx,도움닫기>","<sys:sfx,도움닫기>","<sys:sfx,도움닫기>"
,,,-,,,,,"<txt:color,grey><wrt:delay,5>공을 보내고, 또 받는다. 다시 받고, 다시 보낸다.","<txt:color,grey><wrt:delay,5>Pass and receive, pass and receive.","<txt:color,grey><wrt:delay,5>ボールを飛ばし、また受ける。受けては、また飛ばす。","<txt:color,grey><wrt:delay,5>把球传出去，又接回来。再接回来，再传出去。","<txt:color,grey><wrt:delay,5>發球，接球。再把球接穩，再傳出去。","<txt:color,grey><wrt:delay,5>Мы бросали друг другу мяч снова и снова.","<txt:color,grey><wrt:delay,5>Hantar dan terima bola. Terima, kemudian hantar semula.","<txt:color,grey><wrt:delay,5>Chuyền bóng, rồi đỡ bóng. Đỡ lại, rồi lại chuyền.","<txt:color,grey><wrt:delay,5>Lanzamos el balón, lo recibimos, y lo volvemos a lanzar.","<txt:color,grey><wrt:delay,5>Mengirim bola, lalu menerimanya. Menerima lagi, lalu mengirimnya kembali.","<txt:color,grey><wrt:delay,5>ส่งบอลแล้วก็รับ จากนั้นก็รับแล้วก็ส่งอีก","<txt:color,grey><wrt:delay,5>É um vai e vem danado com essa bola!"
,,,-,,,,,"<txt:color,grey><wrt:delay,5>지금 생각해보면, 이 순간만큼은 다른 아무것도 필요하지 않았던 것 같다.","<txt:color,grey><wrt:delay,5>Looking back, at that moment, we didn’t need anything else.","<txt:color,grey><wrt:delay,5>今思えば、この瞬間だけは他に何も必要なかったような気がする。","<txt:color,grey><wrt:delay,5>现在回想起来，那一刻，仿佛其他什么都不再重要了。","<txt:color,grey><wrt:delay,5>現在回想起來，那一刻，好像其他什麼都不重要了。","<txt:color,grey><wrt:delay,5>В тот момент мне не нужно было ничего другого.","<txt:color,grey><wrt:delay,5>Waktu tu, kami tak perlukan apa-apa lagi.","<txt:color,grey><wrt:delay,5>Giờ nghĩ lại, dường như trong khoảnh khắc đó tớ chẳng còn cần gì khác nữa cả.","<txt:color,grey><wrt:delay,5>Ahora que lo pienso, en ese momento no necesitábamos nada más.","<txt:color,grey><wrt:delay,5>Kalau kuingat sekarang, sepertinya pada saat itu aku tidak membutuhkan apa-apa lagi.","<txt:color,grey><wrt:delay,5>พอมองย้อนกลับไป อย่างน้อยในช่วงเวลานั้น ฉันก็คงไม่ต้องการอะไรอีกแล้ว","<txt:color,grey><wrt:delay,5>Pensando bem, naquele momento... eu não precisava de mais nada."
,,,TAG,,,,,"<sys:sfx,도움닫기>","<sys:sfx,도움닫기>","<sys:sfx,도움닫기>","<sys:sfx,도움닫기>","<sys:sfx,도움닫기>","<sys:sfx,도움닫기>","<sys:sfx,도움닫기>","<sys:sfx,도움닫기>","<sys:sfx,도움닫기>","<sys:sfx,도움닫기>","<sys:sfx,도움닫기>","<sys:sfx,도움닫기>"
,,,-,,,,,"<txt:color,grey><wrt:delay,5>지옥 같던 훈련, 어른들의 기대와 부모님의 불화‥ <wrt:break>그 무겁고 외로웠던 시간들 속에서.","<txt:color,grey><wrt:delay,5>The hardcore training, adults' expectations, and parents' discord...<wrt:break>Through all these tough and lonely times.","<txt:color,grey><wrt:delay,5>地獄のような練習、大人たちの期待と両親の喧嘩...<wrt:break>その重くて孤独な時間の中で。","<txt:color,grey><wrt:delay,5>地狱般的训练、大人们的期望、父母的争吵......<wrt:break>在那段沉重又孤独的岁月中。","<txt:color,grey><wrt:delay,5>地獄般的訓練、大人的期望以及爸媽的爭執...<wrt:break>在那段沉重又孤單的時光裡。","<txt:color,grey><wrt:delay,5>Тренировки до изнеможения, ожидания взрослых, ссоры дома... <wrt:break>Все это тянуло меня вниз.","<txt:color,grey><wrt:delay,5>Latihan bagai neraka, harapan orang dewasa dan pertengkaran ibu bapa...<wrt:break>Dalam saat-saat yang berat dan sunyi itu.","<txt:color,grey><wrt:delay,5>Những buổi tập như địa ngục, kỳ vọng của người lớn và nỗi bất hòa của ba mẹ... <wrt:break>Trong những khoảng thời gian nặng nề và cô đơn đó.","<txt:color,grey><wrt:delay,5>Los entrenamientos infernales, las expectativas de los adultos y las discordias de mis padres... <wrt:break>en medio de esos días tan duros y solitarios.","<txt:color,grey><wrt:delay,5>Latihan yang menyiksa, harapan dari orang-orang dan perselisihan orang tuaku... <wrt:break>Dalam masa-masa yang berat dan penuh kesepian.","<txt:color,grey><wrt:delay,5>การฝึกที่เหมือนกับนรก, ความคาดหวังของผู้ใหญ่ แล้วก็ความขัดแย้งกันของพ่อแม่... <wrt:break>ภายใต้เวลาที่หนักอึ้งและโดดเดี่ยวเหล่านั้น","<txt:color,grey><wrt:delay,5>Os treinos puxados, a pressão dos adultos, as brigas dos meus pais... <wrt:break>era uma época pesada e solitária."
,,,-,,,,,"<txt:color,grey><wrt:delay,5>서로 의지하며 공을 주고받던 이 순간이— <wrt:wait,30><txt:bold,2>내겐 정말 소중했다.","<txt:color,grey><wrt:delay,5>The moments when we supported each other and played together— <wrt:wait,30><txt:bold,2>That was something special.","<txt:color,grey><wrt:delay,5>お互いに支え合いながらボールを交わしていたこの瞬間が—<wrt:wait,30><txt:bold,2>俺にとってはかけがえのないものだった。","<txt:color,grey><wrt:delay,5>我们彼此依靠、来回传球的这个瞬间——<wrt:wait,30><txt:bold,2>对我而言，真的无比珍贵。","<txt:color,grey><wrt:delay,5>我們相互依靠，一起傳接球的這一刻——<wrt:wait,30><txt:bold,2>對我來說，真的非常珍貴。","<txt:color,grey><wrt:delay,5>Но когда мы вместе играли и поддерживали друг друга... <wrt:wait,30><txt:bold,2>Это было моим светом.","<txt:color,grey><wrt:delay,5>Saat kami saling sokong dan bermain bersama— <wrt:wait,30><txt:bold,2>Itulah yang istimewa.","<txt:color,grey><wrt:delay,5>Khoảnh khắc chúng ta dựa vào nhau, chuyền bóng qua lại...<wrt:wait,30><txt:bold,2>thật sự rất quý giá với tớ.","<txt:color,grey><wrt:delay,5>Este instante en el que nos apoyábamos y jugábamos juntos... <wrt:wait,30><txt:bold,2>para mí fue muy valioso.","<txt:color,grey><wrt:delay,5>Saat-saat kami saling mengandalkan dan berbalas bola itu— <wrt:wait,30><txt:bold,2>sangat berharga bagiku.","<txt:color,grey><wrt:delay,5>ช่วงเวลานี้ที่พวกเรารับส่งบอลโดยพึ่งพากันและกัน— <wrt:wait,30><txt:bold,2>เป็นสิ่งล้ำค่าสำหรับฉันมากเลยจริงๆ","<txt:color,grey><wrt:delay,5>Mas aquele instante, em que trocávamos passes confiando uns nos outros... <wrt:wait,30><txt:bold,2>foi precioso pra mim."
,,,TAG,,,,,"<eff:black,3></sys:nogui,리모컨>","<eff:black,3></sys:nogui,리모컨>","<eff:black,3></sys:nogui,리모컨>","<eff:black,3></sys:nogui,리모컨>","<eff:black,3></sys:nogui,리모컨>","<eff:black,3></sys:nogui,리모컨>","<eff:black,3></sys:nogui,리모컨>","<eff:black,3></sys:nogui,리모컨>","<eff:black,3></sys:nogui,리모컨>","<eff:black,3></sys:nogui,리모컨>","<eff:black,3></sys:nogui,리모컨>","<eff:black,3></sys:nogui,리모컨>"
,,,TAG,,,,,"<cha:qpos,정다희,2><cha:qpos,백시우,-2><cha:face,백시우,-3_난감><sys:qmap,록웰>","<cha:qpos,정다희,2><cha:qpos,백시우,-2><cha:face,백시우,-3_난감><sys:qmap,록웰>","<cha:qpos,정다희,2><cha:qpos,백시우,-2><cha:face,백시우,-3_난감><sys:qmap,록웰>","<cha:qpos,정다희,2><cha:qpos,백시우,-2><cha:face,백시우,-3_난감><sys:qmap,록웰>","<cha:qpos,정다희,2><cha:qpos,백시우,-2><cha:face,백시우,-3_난감><sys:qmap,록웰>","<cha:qpos,정다희,2><cha:qpos,백시우,-2><cha:face,백시우,-3_난감><sys:qmap,록웰>","<cha:qpos,정다희,2><cha:qpos,백시우,-2><cha:face,백시우,-3_난감><sys:qmap,록웰>","<cha:qpos,정다희,2><cha:qpos,백시우,-2><cha:face,백시우,-3_난감><sys:qmap,록웰>","<cha:qpos,정다희,2><cha:qpos,백시우,-2><cha:face,백시우,-3_난감><sys:qmap,록웰>","<cha:qpos,정다희,2><cha:qpos,백시우,-2><cha:face,백시우,-3_난감><sys:qmap,록웰>","<cha:qpos,정다희,2><cha:qpos,백시우,-2><cha:face,백시우,-3_난감><sys:qmap,록웰>","<cha:qpos,정다희,2><cha:qpos,백시우,-2><cha:face,백시우,-3_난감><sys:qmap,록웰>"
,,,TAG,,,,,"<sys:bgm,BGM_PEACE2,600>","<sys:bgm,BGM_PEACE2,600>","<sys:bgm,BGM_PEACE2,600>","<sys:bgm,BGM_PEACE2,600>","<sys:bgm,BGM_PEACE2,600>","<sys:bgm,BGM_PEACE2,600>","<sys:bgm,BGM_PEACE2,600>","<sys:bgm,BGM_PEACE2,600>","<sys:bgm,BGM_PEACE2,600>","<sys:bgm,BGM_PEACE2,600>","<sys:bgm,BGM_PEACE2,600>","<sys:bgm,BGM_PEACE2,600>"
,,,-,,,,,"<txt:bold,2><txt:color,grey>~록웰 윈터 캠프 체육관~","<txt:bold,2><txt:color,grey>Rockwell Winter Camp Gym","<txt:bold,2><txt:color,grey>～ロックウェルウインターキャンプ体育館～","<txt:bold,2><txt:color,grey>～洛克威尔冬季训练营体育馆～","<txt:bold,2><txt:color,grey>～洛克威爾冬季特訓營體育館～","<txt:bold,2><txt:color,grey>Спортзал лагеря «Роквелл Винтер»","<txt:bold,2><txt:color,grey>Rockwell Winter Camp Gym","<txt:bold,2><txt:color,grey>~ Nhà thi đấu tại Trại Huấn Luyện Mùa Đông Rockwell ~","<txt:bold,2><txt:color,grey>~Gimnasio del Campamento de Invierno de Rockwell~","<txt:bold,2><txt:color,grey>~Gym Kamp Rockwell Winter~","<txt:bold,2><txt:color,grey>~โรงยิมของค่ายวินเทอร์ร็อกเวล~","<txt:bold,2><txt:color,grey>#Quadra do Acampamento de Inverno Rockwell"
,,,백시우,,-3_난감,,,"크리스마스보단 낫지만‥. <txt:bold,2><txt:shake,1>으으, 여전히 춥네.</txt:shake>","It’s warmer than Christmas...<txt:bold,2><txt:shake,1>but still super cold.</txt:shake>","クリスマスよりはマシだけど...<txt:bold,2><txt:shake,1>うぅ、さみぃー。</txt:shake>","虽然比圣诞节那时候好点......<txt:bold,2><txt:shake,1>唔，可还是好冷啊。</txt:shake>","雖然比聖誕節那時好一點...<txt:bold,2><txt:shake,1>嗚～但還是好冷喔。</txt:shake>","Лучше, чем на Рождество, <txt:bold,2><txt:shake,1>но всё равно холодно... брр.</txt:shake>","Lebih hangat dari Krismas...<txt:bold,2><txt:shake,1>tapi masih sangat sejuk.</txt:shake>","Đỡ hơn hồi Giáng sinh nhưng.... <txt:bold,2><txt:shake,1>Ư ư, vẫn còn lạnh quá.</txt:shake>","Mejor que en Navidad, pero... <txt:bold,2><txt:shake,1>brrr, sigue haciendo frío.</txt:shake>","Meski tidak seburuk natal.... <txt:bold,2><txt:shake,1>Urgghh, tapi masih dingin.</txt:shake>","ถึงจะดีกว่าตอนคริสต์มาสก็เถอะ.... <txt:bold,2><txt:shake,1>บรื๋อ แต่ก็ยังหนาวอยู่ดี</txt:shake>","Tá menos frio que no Natal, mas... <txt:bold,2><txt:shake,1>ainda tá de congelar!</txt:shake>"
,,,정다희,,1_쿨쿨,,exclam,"시우야, <txt:bold,2><wrt:wait,30><txt:wave,1>코치가 그렇게 축 처져 있으면 어떡해!</txt:wave>","Siwoo. <txt:bold,2><wrt:wait,30><txt:wave,1>As a coach, you shouldn’t be sulking like that!</txt:wave>","新、<txt:bold,2><wrt:wait,30><txt:wave,1>コーチなんだから、もっとシャキッとしなさいよね！</txt:wave>","白时宇，<txt:bold,2><wrt:wait,30><txt:wave,1>教练怎么能垂头丧气的！</txt:wave>","時宇啊，<txt:bold,2><wrt:wait,30><txt:wave,1>身為教練怎麼能垂頭喪氣的啦！</txt:wave>","Шиу, <txt:bold,2><wrt:wait,30><txt:wave,1>ты же тренер! Чего такой вялый?!</txt:wave>","Siwoo! <txt:bold,2><wrt:wait,30><txt:wave,1>Takkan jurulatih sendiri lesu macam itu!</txt:wave>","Siwoo à, <txt:bold,2><wrt:wait,30><txt:wave,1>Huấn luyện viên mà ủ rũ thế thì sao được!</txt:wave>","Siwoo, <txt:bold,2><wrt:wait,30><txt:wave,1>Eres el entrenador, ¡¿por qué estás tan decaído?!</txt:wave>","Siwoo, <txt:bold,2><wrt:wait,30><txt:wave,1>Kamu sebagai Coach tidak boleh terlihat tidak bersemangat!</txt:wave>","ชีอู <txt:bold,2><wrt:wait,30><txt:wave,1>เป็นโค้ชแล้วจะมาห่อเหี่ยวแบบนั้นได้ยังไงเล่า!</txt:wave>","Ei, Siwoo! <txt:bold,2><wrt:wait,30><txt:wave,1>Cadê o ânimo? Você é o treinador, pô!</txt:wave>"
,,,정다희,,1_웃음,,,"학생들한테 모범은 보여야지. <wrt:wait,30><txt:shake,1><txt:bold,2>얼른 몸 풀어!","You should set a good example for the students. <wrt:wait,30><txt:shake,1><txt:bold,2>Come on, start warming up!","生徒たちにお手本見せないと。<wrt:wait,30><txt:shake,1><txt:bold,2>ほら、早く体を動かして！","得给学生们做个好榜样啊。<wrt:wait,30><txt:shake,1><txt:bold,2>快，活动活动筋骨！","要給學生們樹立榜樣才對啊！<wrt:wait,30><txt:shake,1><txt:bold,2>快點熱身吧！","Ты должен быть примером для всех. <wrt:wait,30><txt:shake,1><txt:bold,2>Вперед, разминаться!","Tunjukkan contoh baik pada pelajar. <wrt:wait,30><txt:shake,1><txt:bold,2>Cepat, mulakan regangan!","Phải làm gương cho học sinh chứ. <wrt:wait,30><txt:shake,1><txt:bold,2>Mau khởi động đi!","Tienes que ser un buen ejemplo. <wrt:wait,30><txt:shake,1><txt:bold,2>¡Vamos, a calentar!","Kamu harus menjadi contoh yang baik untuk para murid. <wrt:wait,30><txt:shake,1><txt:bold,2>Ayo, cepat pemanasan!","นายต้องแสดงเป็นตัวอย่างให้นักเรียนเห็นสิ <wrt:wait,30><txt:shake,1><txt:bold,2>รีบวอร์มร่างกายเร็วเข้า!","Você tem que dar o exemplo, né? <wrt:wait,30><txt:shake,1><txt:bold,2>Vamos lá, bora aquecer!"
,,,백시우,,-1_웃음,pause,,"읏추추, 새해가 되더니 더 기운이 넘친다, 다희야?","Whoa, looks like someone is really feeling that new year energy.",なんか、年明けたからって、やたら気合が入ってない？,嘶哈嘶哈，多熙啊，新年一到，你倒是更有精神头了？,嘶～好冷！新年讓妳變得這麼有活力啊，多熙？,"Ууу, холодно... А у тебя что, после Нового года батарейка зарядилась?","Wah, nampaknya semangat tahun baru betul-betul membara.","Chà chà, năm mới đến làm cậu tràn đầy năng lượng hơn à, Dahee?","Vaya, Dahee, parece que el año nuevo te ha llenado de energía.","Walah, kamu terlihat jauh lebih bersemangat dari pada tahun lalu, Dahee!",ฮึบๆ พอปีใหม่แล้วเธอมีพลังล้นกว่าเดิมอีกนะดาฮี?,"Caramba, Dahee! Ano Novo chegou e você tá a mil, hein?"
,,,정다희,,1_기본,,,그럼. 난 아침 일찍 일어나서 준비했으니까.,Of course. I woke up early today and have been getting ready.,もちろん。私は早起きして準備したんだから。,那当然。我可是一大早就起来准备了。,那當然！我可是起了個大早就準備好了。,Еще бы! Я встала рано и уже всё распланировала.,Mestilah. Saya bangun awal hari ini dan bersedia.,Đúng rồi. Tớ đã dậy sớm chuẩn bị mà.,Por supuesto. Es que me levanté temprano y ya venía preparada.,Tentu saja. Aku sengaja bangun pagi untuk bersiap-siap.,ก็แหงสิ ฉันตื่นแต่เช้ามาเตรียมพร้อมเลย,Claro! Me preparei desde cedo pra isso.
,,,정다희,,1_웃음,pause,,"우리 이제 고3이라구? <wrt:wait,30>후배도 받아야 하고, <wrt:wait,30>전국 대회도 준비해야 하고‥","We’re in our final year of high school now.<wrt:wait,30>We have freshmen coming in and <wrt:wait,30>we need to prepare for the National Tournament...","私たち、もう高校3年生でしょ？<wrt:wait,30>後輩も入ってくるし、<wrt:wait,30>全国大会も準備しなきゃいけないし...","我们现在可是高三了哦？<wrt:wait,30>要带后辈，<wrt:wait,30>还要备战全国大赛......","我們現在可是高三耶？<wrt:wait,30>要帶學弟妹，<wrt:wait,30>還要準備全國大賽...","Мы же теперь выпускники! <wrt:wait,30>Новичков учить надо, <wrt:wait,30>к национальному чемпионату готовиться...","Sekarang kita dah tahun akhir sekolah menengah. <wrt:wait,30>Kena sambut pelajar baharu dan <wrt:wait,30>bersedia untuk Kejohanan Kebangsaan...","Giờ chúng ta đã là học sinh lớp 12 rồi đúng không? <wrt:wait,30>Phải tiếp đón đàn em, <wrt:wait,30>chuẩn bị cho giải quốc gia...","Ya estamos en el último año. <wrt:wait,30>Nos toca recibir a los nuevos, <wrt:wait,30>preparar el campeonato nacional...","Kita sudah kelas 3 SMA loh? <wrt:wait,30>Kita harus menerima junior juga, <wrt:wait,30>dan siap-siap untuk Turnamen Nasional...","ตอนนี้พวกเราอยู่ม.6 แล้วนะ <wrt:wait,30>ต้องรับรุ่นน้อง <wrt:wait,30>แถมยังต้องเตรียมทัวร์นาเมนต์ระดับประเทศด้วย...","Não esquece, estamos no último ano! <wrt:wait,30>Calouro chegando e <wrt:wait,30>o torneio nacional logo ali..."
,,,정다희,,1_경계,,,"<wrt:delay,1><txt:shake,1><txt:bold,2>아주 할일이 태산이야!</txt:shake></txt:delay></txt:bold> 오히려 시우 네가 너무 태평한 거라구.","<wrt:delay,1><txt:shake,1><txt:bold,2>This means we have a lot of work to do!</txt:shake></txt:delay></txt:bold> Siwoo, you're way too relaxed about all this.","<wrt:delay,1><txt:shake,1><txt:bold,2>やることが山積みなのよ！</txt:shake></txt:delay></txt:bold>むしろ新の方が気楽すぎるんじゃない？","<wrt:delay,1><txt:shake,1><txt:bold,2>事情简直堆成山了！</txt:shake></txt:delay></txt:bold>倒是你，白时宇，也太悠哉了吧！","<wrt:delay,1><txt:shake,1><txt:bold,2>要做的事情簡直堆積如山！</txt:shake></txt:delay></txt:bold>反而是你太悠哉了。","<wrt:delay,1><txt:shake,1><txt:bold,2>Работы по горло, </txt:shake></txt:delay></txt:bold>а ты будто еще на каникулах!","<wrt:delay,1><txt:shake,1><txt:bold,2>Banyak kerja menanti!</txt:shake></txt:delay></txt:bold> Siwoo, awak terlalu relaks.","<wrt:delay,1><txt:shake,1><txt:bold,2>Công việc chất như núi!</txt:shake></txt:delay></txt:bold> Ngược lại thì Siwoo, cậu quá bình thản đấy!","<wrt:delay,1><txt:shake,1><txt:bold,2>¡Tenemos un montón de cosas por delante!</txt:shake></txt:delay></txt:bold> El que está demasiado tranquilo eres tú, Siwoo.","<wrt:delay,1><txt:shake,1><txt:bold,2>Ada banyak sekali hal yang kita harus lakukan!</txt:shake></txt:delay></txt:bold> Malah kamu itu yang terlalu bersantai-santai, Siwoo.","<wrt:delay,1><txt:shake,1><txt:bold,2>มีเรื่องที่ต้องทำกองเป็นภูเขาเลย!</txt:shake></txt:delay></txt:bold> นายต่างหากที่ชิลเกินไปน่ะชีอู","<wrt:delay,1><txt:shake,1><txt:bold,2>A gente tá com um monte de coisa pra fazer!</txt:shake></txt:delay></txt:bold> Quem tá relaxado demais é você, Siwoo."
,,,정다희,,1_기본,,,"이젠 나랑 같이 대지고 최고참인데, <txt:bold,2>정신 바짝 차려야지?","Now that we’re the seniors of Terra High, <txt:bold,2>shouldn’t you be more focused?","もう私たち、大地高校の最上級生なんだから、<txt:bold,2>しっかりしなさいよ？","你现在可跟我一样，是大地高中资格最老的前辈了，<txt:bold,2>还不快打起精神来？","你現在跟我一樣，是大地高中最資深的前輩了，<txt:bold,2>該打起精神了吧？","Мы оба теперь главные. <txt:bold,2>Так что включайся, понял?","Kita dah senior Terra High, <txt:bold,2>awak patut lebih fokus?","Giờ cậu và tớ đã là đàn anh đàn chị khóa trên cùng ở Trường THPT Đại Địa rồi, <txt:bold,2>phải tỉnh táo mới được!","Ahora tú y yo somos los mayores de la Escuela Daeji, <txt:bold,2>¡tenemos que ponernos las pilas!","Kamu dan aku itu sekarang paling senior di SMA DaeJi, <txt:bold,2>Kamu harus tetap fokus!","ตอนนี้นายกับฉันเป็นรุ่นพี่ที่สุดของมัธยมแดจีแล้วนะ <txt:bold,2>ตั้งสติหน่อยสิ","Somos os mais velhos aqui, no Colégio Daeji... <txt:bold,2>Tá na hora de pegar firme na responsabilidade!"
,,,백시우,,-1_정적,,,"으윽, 알았어. <wrt:wait,30>얼른 몸 풀면 되잖아.","Ugh, okay okay. <wrt:wait,30>I’ll start warming up.","うぐっ、わかったよ。<wrt:wait,30>すぐにウォームアップするから。","唔，知道了知道了。<wrt:wait,30>我这就去热身，行了吧。","呃...知道了啦。<wrt:wait,30>趕快熱身不就好了。","Ладно-ладно, понял. <wrt:wait,30>Иду разминаться.","Ugh, baiklah. <wrt:wait,30>Saya mula regang sekarang.","Ặc, tớ biết rồi. <wrt:wait,30>Tớ sẽ khởi động ngay!","Ugh, está bien. <wrt:wait,30>Ya me voy a calentar.","Erghh, baiklah. <wrt:wait,30>Kalau begitu aku akan cepat mulai pemanasan.","ฮึ่ย เข้าใจแล้ว <wrt:wait,30>แค่ฉันรีบวอร์มร่างกายก็จบนี่นา","Tá, tá, já entendi! <wrt:wait,30>Tô indo!"
,,,백시우,,-1_기본,pause,,"<txt:bold,2><wrt:delay,10>‥또</wrt:delay> <wrt:wait,30>눈이 오네.","<txt:bold,2><wrt:delay,10>...It’s</wrt:delay> <wrt:wait,30>snowing again.","<txt:bold,2><wrt:delay,10>...また</wrt:delay><wrt:wait,30>雪が降ってるな。","<txt:bold,2><wrt:delay,10>......又</wrt:delay> <wrt:wait,30>下雪了啊。","<txt:bold,2><wrt:delay,10>...又</wrt:delay> <wrt:wait,30>下雪了啊。","<txt:bold,2><wrt:delay,10>О... </wrt:delay> <wrt:wait,30>Опять снег.","<txt:bold,2><wrt:delay,10>...Salji</wrt:delay> <wrt:wait,30>turun lagi.","<txt:bold,2><wrt:delay,10>Tuyết...</wrt:delay> <wrt:wait,30>lại rơi rồi này.","<txt:bold,2><wrt:delay,10> Otra vez...</wrt:delay> <wrt:wait,30>está nevando.","<txt:bold,2><wrt:delay,10>...Turun</wrt:delay> <wrt:wait,30>Salju lagi.","<txt:bold,2><wrt:delay,10>...หิมะ</wrt:delay><wrt:wait,30>ตกอีกแล้วแฮะ","<txt:bold,2><wrt:delay,10>Olha só...</wrt:delay> <wrt:wait,30>Tá nevando de novo."
,,,백시우,,-1_무표정,pause,,"<txt:color,grey>(여기서 캠프를 보냈던 것도, 벌써 오래전 일처럼 느껴지네. 시간 참 빠르다‥)","<txt:color,grey>(It feels like ages since the last time we had camp here. Time really flies...)","<txt:color,grey>(ここでのキャンプ生活も、もう随分前のことのように思える。本当時間ってあっという間なんだな...)","<txt:color,grey>(在这里度过训练营的时光，感觉也像是许久之前的事了。时间过得真快啊......)","<txt:color,grey>(之前在這度過的特訓營時光，如今想來已像是很久以前的事了。時間過得真快啊...)","<txt:color,grey>(Кажется, я был здесь в лагере так давно... Как же быстро летит время.)","<txt:color,grey>(Lama dah sejak kem terakhir di sini. Masa berlalu cepat...)","<txt:color,grey>(Thời gian ở trại cũng đã lâu lắm rồi, cảm giác như chuyện xa xưa vậy. Thời gian trôi nhanh thật...)","<txt:color,grey>(Pensar que aquel campamento fue aquí... Parece que fue hace una eternidad. El tiempo pasa volando...)","<txt:color,grey>(Masa yang aku lalui di Kamp ini, terlihat seperti sudah lama sekali. Waktu terasa cepat sekali berlalu...)","<txt:color,grey>(รู้สึกเหมือนตอนที่เคยมาเข้าค่ายที่นี่เป็นเรื่องเมื่อนานมาแล้วเลย เวลาช่างผ่านไปเร็วจริงๆ...)","<txt:color,grey>(Nossa, parece que foi há tanto tempo que fizemos aquele acampamento aqui... o tempo realmente voa.)"
,,,TAG,,,,,"<sys:sfx,스파이크_2><sys:bgm,quiet,1000>","<sys:sfx,스파이크_2><sys:bgm,quiet,1000>","<sys:sfx,스파이크_2><sys:bgm,quiet,1000>","<sys:sfx,스파이크_2><sys:bgm,quiet,1000>","<sys:sfx,스파이크_2><sys:bgm,quiet,1000>","<sys:sfx,스파이크_2><sys:bgm,quiet,1000>","<sys:sfx,스파이크_2><sys:bgm,quiet,1000>","<sys:sfx,스파이크_2><sys:bgm,quiet,1000>","<sys:sfx,스파이크_2><sys:bgm,quiet,1000>","<sys:sfx,스파이크_2><sys:bgm,quiet,1000>","<sys:sfx,스파이크_2><sys:bgm,quiet,1000>","<sys:sfx,스파이크_2><sys:bgm,quiet,1000>"
,,,-,,,,,"<txt:bold,2><txt:size,2><txt:shake,1>(퍽!)</txt:size></txt:shake>","<txt:bold,2><txt:size,2><txt:shake,1>(Pow!)</txt:size></txt:shake>","<txt:bold,2><txt:size,2><txt:shake,1>(パンッ！)</txt:size></txt:shake>","<txt:bold,2><txt:size,2><txt:shake,1>(砰！)</txt:size></txt:shake>","<txt:bold,2><txt:size,2><txt:shake,1>(砰！)</txt:size></txt:shake>","<txt:bold,2><txt:size,2><txt:shake,1>(Туф!)</txt:size></txt:shake>","<txt:bold,2><txt:size,2><txt:shake,1>(Pow!)</txt:size></txt:shake>","<txt:bold,2><txt:size,2><txt:shake,1>(Bốp!)</txt:size></txt:shake>","<txt:bold,2><txt:size,2><txt:shake,1>(¡Paf!)</txt:size></txt:shake>","<txt:bold,2><txt:size,2><txt:shake,1>(Bruk!)</txt:size></txt:shake>","<txt:bold,2><txt:size,2><txt:shake,1>(พลั่ก!)</txt:size></txt:shake>","<txt:bold,2><txt:size,2><txt:shake,1>(Pof!)</txt:size></txt:shake>"
,,,백시우,,-2_당황,,exclam,"<cha:pop,백시우><txt:size,2><txt:shake,1>공?!</txt:size></txt:shake>","<cha:pop,백시우><txt:size,2><txt:shake,1>A ball?!</txt:size></txt:shake>","<cha:pop,백시우><txt:size,2><txt:shake,1>ボール？！</txt:size></txt:shake>","<cha:pop,백시우><txt:size,2><txt:shake,1>球？！</txt:size></txt:shake>","<cha:pop,백시우><txt:size,2><txt:shake,1>球？！</txt:size></txt:shake>","<cha:pop,백시우><txt:size,2><txt:shake,1>Мяч?!</txt:size></txt:shake>","<cha:pop,백시우><txt:size,2><txt:shake,1>Bola?!</txt:size></txt:shake>","<cha:pop,백시우><txt:size,2><txt:shake,1>Bóng?!</txt:size></txt:shake>","<cha:pop,백시우><txt:size,2><txt:shake,1>¡¿Un balón?!</txt:size></txt:shake>","<cha:pop,백시우><txt:size,2><txt:shake,1>Bola?!</txt:size></txt:shake>","<cha:pop,백시우><txt:size,2><txt:shake,1>บอล?!</txt:size></txt:shake>","<cha:pop,백시우><txt:size,2><txt:shake,1>Uma bola?!</txt:size></txt:shake>"
,,,TAG,,,,,"<sys:bgm,BGM_SARAH_SHOW,1000>","<sys:bgm,BGM_SARAH_SHOW,1000>","<sys:bgm,BGM_SARAH_SHOW,1000>","<sys:bgm,BGM_SARAH_SHOW,1000>","<sys:bgm,BGM_SARAH_SHOW,1000>","<sys:bgm,BGM_SARAH_SHOW,1000>","<sys:bgm,BGM_SARAH_SHOW,1000>","<sys:bgm,BGM_SARAH_SHOW,1000>","<sys:bgm,BGM_SARAH_SHOW,1000>","<sys:bgm,BGM_SARAH_SHOW,1000>","<sys:bgm,BGM_SARAH_SHOW,1000>","<sys:bgm,BGM_SARAH_SHOW,1000>"
,,,서사라,,1_미소,,joy,"<cha:pos,정다희,0><cha:pos,서사라,2>아하하, 시우야. <txt:bold,2><txt:wave,1>어때, 정신 좀 들었어?</txt:wave>","<cha:pos,정다희,0><cha:pos,서사라,2>Ahaha, Siwoo. <txt:bold,2><txt:wave,1>Are you focused now?</txt:wave>","<cha:pos,정다희,0><cha:pos,서사라,2>あはは、新。<txt:bold,2><txt:wave,1>どう、少し目が覚めた？</txt:wave>","<cha:pos,정다희,0><cha:pos,서사라,2>啊哈哈，白时宇。<txt:bold,2><txt:wave,1>怎么样，这下清醒点了吧？</txt:wave>","<cha:pos,정다희,0><cha:pos,서사라,2>啊哈哈，時宇。<txt:bold,2><txt:wave,1>怎麼樣，腦袋清醒點了沒？</txt:wave>","<cha:pos,정다희,0><cha:pos,서사라,2>Ахаха, Шиу, <txt:bold,2><txt:wave,1>ну как, проснулся?</txt:wave>","<cha:pos,정다희,0><cha:pos,서사라,2>Ahaha, Siwoo. <txt:bold,2><txt:wave,1>Sekarang dah fokus ke?</txt:wave>","<cha:pos,정다희,0><cha:pos,서사라,2>Hahaha, Siwoo à! <txt:bold,2><txt:wave,1>Sao rồi, tỉnh táo hơn chưa?</txt:wave>","<cha:pos,정다희,0><cha:pos,서사라,2>Jaja, Siwoo. <txt:bold,2><txt:wave,1>¿Te despertaste un poco ahora?</txt:wave>","<cha:pos,정다희,0><cha:pos,서사라,2>Hahaha, Siwoo. <txt:bold,2><txt:wave,1>Bagaimana, apa kamu sudah sadar?</txt:wave>","<cha:pos,정다희,0><cha:pos,서사라,2>ฮ่าฮ่าฮ่า ชีอู <txt:bold,2><txt:wave,1>เป็นไง ได้สติขึ้นมาบ้างรึยัง?</txt:wave>","<cha:pos,정다희,0><cha:pos,서사라,2>Hahaha, Siwoo! <txt:bold,2><txt:wave,1>Bem-vindo de volta à realidade!</txt:wave>"
,,,서사라,,1_미소,,,"자, 이제 슬슬 시작해볼까?","So, shall we begin?",さあ、そろそろ始めようか？,来，我们差不多该开始了吧？,好了，差不多該開始了吧？,"Ну что, начнем потихоньку?","Jadi, boleh kita mula?","Nào, giờ chúng ta bắt đầu thôi nhỉ?","Bueno, ¿empezamos?","Ayo, kita mulai!",เอาล่ะ มาเริ่มกันสักทีดีไหม?,"Então, que tal a gente começar?"
,,,서사라,,1_미소,,,"오늘은 <txt:bold,2><txt:color,orange>타니아</txt:bold></txt:color>랑 먼저 연습 경기를 해줘.","For today, practice with <txt:bold,2><txt:color,orange>Tania</txt:bold></txt:color> first.","今日は<txt:bold,2><txt:color,orange>タニア</txt:bold></txt:color>と先に練習試合をしてね。","今天先跟<txt:bold,2><txt:color,orange>塔尼娅</txt:bold></txt:color>打一场练习赛吧。","今天先跟<txt:bold,2><txt:color,orange>塔尼婭</txt:bold></txt:color>打場練習賽。","Сначала у тебя тренировочный матч против <txt:bold,2><txt:color,orange>Тани</txt:bold></txt:color>.","Hari ini, berlatih dengan <txt:bold,2><txt:color,orange>Tania</txt:bold></txt:color> dulu.","Hôm nay trước tiên hãy đấu trận giao hữu với <txt:bold,2><txt:color,orange>Tania</txt:bold></txt:color> đi.","Hoy tienes que jugar un partido de práctica con <txt:bold,2><txt:color,orange>Tania</txt:bold></txt:color>.","Hari ini coba latihan pertandingan dengan <txt:bold,2><txt:color,orange>Tania</txt:bold></txt:color> dulu.","วันนี้นายช่วยแข่งแมตช์ฝึกซ้อมกับ<txt:bold,2><txt:color,orange>ทาเนีย</txt:bold></txt:color>ก่อนนะ","Hoje, vamos começar com um jogo de treino contra a <txt:bold,2><txt:color,orange>Tânia</txt:bold></txt:color>."
,,,백시우,,-1_기본,,,"벌써 시간이 그렇게 됐구나. <txt:bold,2>좋아! 몸 좀 풀어볼까?","Oh, look at the time. <txt:bold,2>Alright, let’s start warming up!","もうそんな時間か。<txt:bold,2>よし！少しウォームアップするか！","都这个点了啊。<txt:bold,2>好！那我去活动一下！","時間過這麼快啊。<txt:bold,2>好啊！來活動一下筋骨吧！","Уже? <txt:bold,2>Ладно, пора размяться как следует.","Oh, tengok masa tu. <txt:bold,2>Baiklah, mula regangan!","Đã đến giờ rồi à? <txt:bold,2>Được! Khởi động tí nào!","Ah, ya es hora. <txt:bold,2>¡Okey! Voy a calentar un poco entonces.","Jadi sudah waktunya untuk latihan? <txt:bold,2>Baiklah! Ayo kita mulai pemanasan!","เวลาผ่านไปขนาดนี้แล้วเหรอเนี่ย <txt:bold,2>โอเค! งั้นก็มาวอร์มร่างกายหน่อยดีกว่า","Nossa, já passou tanto tempo! <txt:bold,2>Ótimo! Vamos dar uma aquecida antes?"
,,,서사라,,1_미소,,joy,"<txt:bold,2>오늘도 힘차게 시작하자!","<txt:bold,2>Let's get today started with enthusiasm!","<txt:bold,2>今日も元気よくいきましょ！","<txt:bold,2>今天也要元气满满地开始！","<txt:bold,2>今天也要火力全開，開始吧！","<txt:bold,2>Сегодня снова выкладываемся на полную!","<txt:bold,2>Mari mulakan hari ini dengan semangat!","<txt:bold,2>Hôm nay cũng bắt đầu đầy năng lượng nào!","<txt:bold,2>¡Vamos con todo hoy también!","<txt:bold,2>Mari kita awali hari ini juga dengan penuh semangat!","<txt:bold,2>วันนี้ก็มาเริ่มต้นวันอย่างแข็งขันกันเถอะ!","<txt:bold,2>Vamos com tudo hoje também!"
,,,정다희,,2_어머,pause,quest,"<txt:size,-1>사라 씨, 크리스마스 이후로 기분이 좋아보이는 걸‥?","<txt:size,-1>Sara sure looks energetic after Christmas...","<txt:size,-1>紗良さん、クリスマス以降、ご機嫌じゃない？","<txt:size,-1>莎拉小姐，从圣诞节之后，你心情好像一直都很好呢......？","<txt:size,-1>莎拉，妳自從聖誕節過後看起來心情一直挺不錯耶...？","<txt:size,-1>Сара, ты с Рождества все время улыбаешься...","<txt:size,-1>Sara nampak bersemangat lepas Krismas...","<txt:size,-1>Sara, dường như cô ấy trông vui vẻ hơn sau lễ Giáng sinh thì phải?","<txt:size,-1>Sara, desde Navidad te noto más animada, ¿eh...?","<txt:size,-1>Sara, setelah natal kamu terlihat gembira...?","<txt:size,-1>คุณซาร่าดูอารมณ์ดีขึ้นหลังจากวันคริสต์มาสแฮะ...?","<txt:size,-1>Sara, você está parecendo mais feliz desde o Natal!"
,경기 승리,#,MAP,,,,,록웰,록웰,록웰,록웰,록웰,록웰,록웰,록웰,록웰,록웰,록웰,록웰
,,#,BGM,,,,,BGM_WINTER_WONDERLAND,BGM_WINTER_WONDERLAND,BGM_WINTER_WONDERLAND,BGM_WINTER_WONDERLAND,BGM_WINTER_WONDERLAND,BGM_WINTER_WONDERLAND,BGM_WINTER_WONDERLAND,BGM_WINTER_WONDERLAND,BGM_WINTER_WONDERLAND,BGM_WINTER_WONDERLAND,BGM_WINTER_WONDERLAND,BGM_WINTER_WONDERLAND
,,#,백시우,-4,-1_엥,,,,,,,,,,,,,,
,,#,정다희,2,1_기본,,,,,,,,,,,,,,
,,#,서사라,0,1_미소,,,,,,,,,,,,,,
,,#,타니아,-2,1_캬악,,,,,,,,,,,,,,
,,#,데이브,4,1_기본,,,,,,,,,,,,,,
,,#,마이크,4,1_기본,,,,,,,,,,,,,,
,,,타니아,,,shake,,"<wrt:delay,10>헉헉, 코치‥ </wrt:delay><txt:size,2><txt:shake,1>좀 적당히 하라니까! 이건 연습 경기 수준이 아니잖아!</txt:size></txt:shake>","<wrt:delay,10>Huff, huff, coach... </wrt:delay><txt:size,2><txt:shake,1>This is way too hardcore! This is supposed to be a practice match!</txt:size></txt:shake>","<wrt:delay,10>ハァハァ、コーチ...</wrt:delay><txt:size,2><txt:shake,1>ほどほどにしてって言ったでしょ！これ、練習試合のレベルじゃないって！</txt:size></txt:shake>","<wrt:delay,10>呼哧......呼哧......教练......</wrt:delay><txt:size,2><txt:shake,1>我说了让你手下留情点！这哪是练习赛的强度啊！</txt:size></txt:shake>","<wrt:delay,10>呼...呼...教練...</wrt:delay><txt:size,2><txt:shake,1>就跟你說手下留情點嘛！這哪是練習賽的強度啊！</txt:size></txt:shake>","<wrt:delay,10>Т-тренер... </wrt:delay><txt:size,2><txt:shake,1>А можно было полегче? Это ж не финал!</txt:size></txt:shake>","<wrt:delay,10>Huff, huff, jurulatih... </wrt:delay><txt:size,2><txt:shake,1>Ini terlalu ekstrem! Ini sepatutnya perlawanan latihan je!</txt:size></txt:shake>","<wrt:delay,10>Hụt hơi quá, Huấn luyện viên... </wrt:delay><txt:size,2><txt:shake,1>Làm vừa phải thôi! Đây đâu phải cường độ của trận đấu giao hữu!</txt:size></txt:shake>","<wrt:delay,10>Uff, entrenador... </wrt:delay><txt:size,2><txt:shake,1>¡es demasiado intenso! ¡Esto no es un simple partido de práctica!</txt:size></txt:shake>","<wrt:delay,10>Huhhh, Coach... </wrt:delay><txt:size,2><txt:shake,1>Bukankah sudah aku bilang main dengan santai! Ini terlalu berat untuk dibilang latihan pertandingan!</txt:size></txt:shake>","<wrt:delay,10>แฮ่กแฮ่ก โค้ช... </wrt:delay><txt:size,2><txt:shake,1>บอกให้เล่นแบบพอดีๆ ไงเล่า! นี่มันไม่ใช่ระดับแมตช์ฝึกซ้อมแล้วนะ!</txt:size></txt:shake>","<wrt:delay,10>Uff, Uff... Calma... </wrt:delay><txt:size,2><txt:shake,1>Isso já tá demais para um treino!</txt:size></txt:shake>"
,,,정다희,,,,,"<txt:wave,1> 다들 고생 많았어~</txt:wave> 시우는 여기 있는 동안 실력이 더 늘었는걸? 자, 둘 다 물 좀 마셔!","<txt:wave,1> Great job, everyone~</txt:wave> Siwoo, your skills have increased quite a bit since you came here. Okay, water time, guys!","<txt:wave,1>みんなお疲れ様～</txt:wave>新はここにいる間にもっと上達したみたいね？さあ、二人とも水分補給してね！","<txt:wave,1> 大家都辛苦啦～</txt:wave> 白时宇在这儿待了一阵子，球技又进步了嘛！来，你们俩都喝点水！","<txt:wave,1>大家都辛苦啦～</txt:wave>時宇這段時間的實力也明顯提升不少呢？來，你們先喝點水！","<txt:wave,1>Все молодцы!</txt:wave> Шиу, ты прям вырос за это время. Идите попейте воды.","<txt:wave,1> Kerja bagus semua~</txt:wave> Siwoo, kemahiran awak makin meningkat sejak datang sini. Okay, masa untuk minum!","<txt:wave,1>Mọi người vất vả rồi!</txt:wave> Siwoo, cậu tiến bộ hơn trong thời gian ở đây đấy? Nào, cả hai uống nước đi!","<txt:wave,1>¡Buen trabajo, equipo!</txt:wave> Siwoo, se nota que has mejorado estando aquí. Vamos, los dos, ¡tomen un poco de agua!","<txt:wave,1> Kalian telah bermain dengan baik~</txt:wave> Siwoo, sepertinya kemampuanmu meningkat lagi setelah datang kesini! Ini, air minum untuk kalian berdua!","<txt:wave,1>ทุกคนเก่งมาก~</txt:wave> เหมือนฝีมือของชีอูจะพัฒนาขึ้นในช่วงที่อยู่ที่นี่นะ? เอาล่ะ ทั้งสองคนดื่มน้ำหน่อยเถอะ!","<txt:wave,1>Bom trabalho, pessoal!</txt:wave> Siwoo, seu desempenho melhorou muito aqui. Vamos tomar uma água!"
,,,-,,,,,"<txt:color,blue><wrt:sfx,무음><sys:sfx,또롱_2>(딩동)","<txt:color,blue><wrt:sfx,무음><sys:sfx,또롱_2>(Ding-dong)","<txt:color,blue><wrt:sfx,무음><sys:sfx,또롱_2>(ピンポーン)","<txt:color,blue><wrt:sfx,무음><sys:sfx,또롱_2>(叮咚)","<txt:color,blue><wrt:sfx,무음><sys:sfx,또롱_2>(叮咚)","<txt:color,blue><wrt:sfx,무음><sys:sfx,또롱_2>(Дзынь-дзынь)","<txt:color,blue><wrt:sfx,무음><sys:sfx,또롱_2>(Ding-dong)","<txt:color,blue><wrt:sfx,무음><sys:sfx,또롱_2>(Kính coong)","<txt:color,blue><wrt:sfx,무음><sys:sfx,또롱_2>(Ding dong)","<txt:color,blue><wrt:sfx,무음><sys:sfx,또롱_2>(Ding dong)","<txt:color,blue><wrt:sfx,무음><sys:sfx,또롱_2>(ติ๊ง)","<txt:color,blue><wrt:sfx,무음><sys:sfx,또롱_2>(Ding)"
,,,서사라,,1_놀람,pause,quest,어라?,Huh?,あれ？,咦？,咦？,А?,Huh?,Ủa?,¿Eh?,Aduh?,หืม?,Hã!?
,,,TAG,,,,,"<cha:pos,타니아,-4><cha:pos,백시우,-2>","<cha:pos,타니아,-4><cha:pos,백시우,-2>","<cha:pos,타니아,-4><cha:pos,백시우,-2>","<cha:pos,타니아,-4><cha:pos,백시우,-2>","<cha:pos,타니아,-4><cha:pos,백시우,-2>","<cha:pos,타니아,-4><cha:pos,백시우,-2>","<cha:pos,타니아,-4><cha:pos,백시우,-2>","<cha:pos,타니아,-4><cha:pos,백시우,-2>","<cha:pos,타니아,-4><cha:pos,백시우,-2>","<cha:pos,타니아,-4><cha:pos,백시우,-2>","<cha:pos,타니아,-4><cha:pos,백시우,-2>","<cha:pos,타니아,-4><cha:pos,백시우,-2>"
,,,백시우,,-1_엥,pause,,"왜 그래, 사라야?","What is it, Sara?",どうしたんだ、紗良？,怎么了，莎拉？,怎麼了，莎拉？,"Что такое, Сара?","Ada apa, Sara?","Sao vậy, Sara?","¿Qué pasa, Sara?","Ada apa, Sara?",มีอะไรเหรอซาร่า?,"O que foi, Sara?"
,,,서사라,,1_기본,pause,,"시우야‥ 잠깐 이리로 와볼래? <wrt:wait,30><wrt:break>‥<txt:bold,2><txt:color,orange>제니</txt:bold></txt:color>한테서 연락이 왔어.","Siwoo... Can you come here for a second?<wrt:wait,30><wrt:break>...<txt:bold,2><txt:color,orange>Jenny</txt:bold></txt:color> contacted me.","新...ちょっとこっちに来てくれる？<wrt:wait,30><wrt:break>...<txt:bold,2><txt:color,orange>ジェニー</txt:bold></txt:color>から連絡があったの。","白时宇......能过来一下吗？<wrt:wait,30><wrt:break>......<txt:bold,2><txt:color,orange>珍妮</txt:bold></txt:color>联系我了。","時宇...你可以過來一下嗎？<wrt:wait,30><wrt:break>...<txt:bold,2><txt:color,orange>珍妮</txt:bold></txt:color>她聯絡我了。","Шиу, можно тебя на секунду? <wrt:wait,30><wrt:break>... Пришло сообщение от <txt:bold,2><txt:color,orange>Дженни</txt:bold></txt:color>.","Siwoo... Boleh datang sekejap?<wrt:wait,30><wrt:break>...<txt:bold,2><txt:color,orange>Jenny</txt:bold></txt:color> hubungi saya.","Siwoo à... lại đây một chút được không? <wrt:wait,30><wrt:break>Có tin nhắn từ <txt:bold,2><txt:color,orange>Jenny</txt:bold></txt:color>.","Siwoo... ¿puedes venir un momento? <wrt:wait,30><wrt:break>...<txt:bold,2><txt:color,orange>Jenny</txt:bold></txt:color> me escribió.","Siwoo... Bisa kesini sebentar? <wrt:wait,30><wrt:break>...<txt:bold,2><txt:color,orange>Jenny</txt:bold></txt:color> telah menghubungiku.","ชีอู... มานี่แป๊บหนึ่งได้ไหม? <wrt:wait,30><wrt:break>...<txt:bold,2><txt:color,orange>เจนนี่</txt:bold></txt:color>ติดต่อมาน่ะ","Siwoo, vem aqui rapidinho. <wrt:wait,30><wrt:break>A...<txt:bold,2><txt:color,orange>Jenny</txt:bold></txt:color> mandou uma mensagem."
,,,백시우,,-2_놀람,,exclam,"<txt:size,2><txt:bold,2><txt:color,orange><txt:shake,1>제니</txt:bold></txt:color></txt:shake>?!","<txt:size,2><txt:bold,2><txt:color,orange><txt:shake,1>Jenny</txt:bold></txt:color></txt:shake>?!","<txt:size,2><txt:bold,2><txt:color,orange><txt:shake,1>ジェニー</txt:bold></txt:color></txt:shake>？！","<txt:size,2><txt:bold,2><txt:color,orange><txt:shake,1>珍妮</txt:bold></txt:color></txt:shake>？！","<txt:size,2><txt:bold,2><txt:color,orange><txt:shake,1>珍妮</txt:bold></txt:color></txt:shake>？！","<txt:size,2><txt:bold,2><txt:color,orange><txt:shake,1>Дженни</txt:bold></txt:color></txt:shake>?!","<txt:size,2><txt:bold,2><txt:color,orange><txt:shake,1>Jenny</txt:bold></txt:color></txt:shake>?!","<txt:size,2><txt:bold,2><txt:color,orange><txt:shake,1>Jenny</txt:bold></txt:color></txt:shake>?!","¡¿<txt:size,2><txt:bold,2><txt:color,orange><txt:shake,1>Jenny</txt:bold></txt:color></txt:shake>?!","<txt:size,2><txt:bold,2><txt:color,orange><txt:shake,1>Jenny</txt:bold></txt:color></txt:shake>?!","<txt:size,2><txt:bold,2><txt:color,orange><txt:shake,1>เจนนี่</txt:bold></txt:color></txt:shake>?!","<txt:size,2><txt:bold,2><txt:color,orange><txt:shake,1>A Jenny</txt:bold></txt:color></txt:shake>?!"
,,,정다희,,2_어머,,quest,"<txt:bold,2><txt:color,orange>제니</txt:bold></txt:color>? 누군데 그래, 둘 다?","<txt:bold,2><txt:color,orange>Jenny</txt:bold></txt:color>? Who’s that?","<txt:bold,2><txt:color,orange>ジェニー</txt:bold></txt:color>？二人の知り合い？","<txt:bold,2><txt:color,orange>珍妮</txt:bold></txt:color>？谁啊？你们俩这是怎么了？","<txt:bold,2><txt:color,orange>珍妮</txt:bold></txt:color>？她誰啊？你們幹嘛那麼震驚？","<txt:bold,2><txt:color,orange>Дженни</txt:bold></txt:color>? А кто это?","<txt:bold,2><txt:color,orange>Jenny</txt:bold></txt:color>? Siapa tu?","<txt:bold,2><txt:color,orange>Jenny</txt:bold></txt:color>? Cô ấy là ai vậy?","<txt:bold,2><txt:color,orange>¿Jenny</txt:bold></txt:color>? ¿Quién es?","<txt:bold,2><txt:color,orange>Jenny</txt:bold></txt:color>? Siapa dia yang membuat kalian berdua begitu?","<txt:bold,2><txt:color,orange>เจนนี่</txt:bold></txt:color>? ใครเหรอ?","<txt:bold,2><txt:color,orange>Jenny</txt:bold></txt:color>? Quem é ela?"
,,,백시우,,-1_무표정,,,"사라랑 내가 <txt:bold,2>록웰 캠프</txt:bold>에 참가했을 때 함께 뛰던 동생이야!","She was with us when Sara and I participated in the <txt:bold,2>Rockwell Camp</txt:bold>!","俺と紗良が<txt:bold,2>ロックウェルキャンプ</txt:bold>に参加したとき一緒にプレーしてた子なんだ！","我和莎拉参加<txt:bold,2>洛克威尔训练营</txt:bold>的时候一起打球的妹妹！","是我跟莎拉參加<txt:bold,2>洛克威爾特訓營</txt:bold>的時候，一起打球的妹妹啦！","Она играла со мной и Сарой в <txt:bold,2>лагере «Роквелл»</txt:bold>!","Dia kawan yang lebih muda, macam adik kami, yang main bersama semasa saya dan Sara sertai <txt:bold,2>Rockwell Camp</txt:bold>!","Đó là một cô bé từng tập luyện cùng tớ và Sara khi chúng tớ tham gia <txt:bold,2>Khu Trại Rockwell</txt:bold>!","¡Una chica que entrenó con nosotros en <txt:bold,2>el campamento Rockwell</txt:bold>!","Dia adalah junior yang berpartisipasi dengan Sara dan aku pada saat <txt:bold,2>Kamp Rockwell</txt:bold> dulu!","น้องที่เคยลงเล่นด้วยกัน ตอนที่ฉันกับซาร่าเข้าร่วม<txt:bold,2>ค่ายร็อกเวล</txt:bold>น่ะ!","Ela era nossa amiga de treino no <txt:bold,2>Acampamento Rockwell</txt:bold>!"
,,,서사라,,1_기본,,,"셋이서 자주 어울려 다녔는데, 캠프가 끝나고 얼마 안 돼서 <txt:bold,2><wrt:wait,30>갑자기 연락이 뚝 끊겼어","The three of us used to hang out together but after the camp ended,<txt:bold,2><wrt:wait,30>we lost contact with her.","三人でよく一緒に過ごしてたんだけど、キャンプが終わったら<txt:bold,2><wrt:wait,30>急に連絡が途絶えちゃったの。","我们三个以前经常一起玩，训练营结束后没多久，<txt:bold,2><wrt:wait,30>她突然就断了联系。","我們三個以前常常混在一起，但特訓營結束後沒多久，<txt:bold,2><wrt:wait,30>她就突然失聯了。","Мы всё время проводили втроем, а потом лагерь закончился... <txt:bold,2><wrt:wait,30>и она исчезла.","Kami bertiga selalu lepak sama, tapi lepas kem tu tamat, <txt:bold,2><wrt:wait,30>kami terputus hubungan dengan dia.","Ba đứa thường hay chơi cùng nhau, nhưng sau khi trại kết thúc không lâu thì <txt:bold,2><wrt:wait,30>đột nhiên mất liên lạc","Nosotros tres pasábamos mucho tiempo juntos, pero poco después de que terminara el campamento, <txt:bold,2><wrt:wait,30>dejó de responder de repente...","Dulu kita sering bermain bertiga, tapi tidak lama setelah Kamp berakhir <txt:bold,2><wrt:wait,30>Tidak ada kabar darinya lagi","เมื่อก่อนเราสามคนมักจะอยู่ด้วยกัน แต่พอจบค่ายได้ไม่นาน <txt:bold,2><wrt:wait,30>เธอก็ขาดการติดต่อไปเลย","A gente saía muito juntos, mas depois do acampamento, <txt:bold,2><wrt:wait,30>ela desapareceu e não tivemos mais notícias."
,,,서사라,,1_기본,pause,,"항상 내게 의지하던 동생이라 마음 한켠에 계속 걸렸는데, <wrt:break>이렇게 갑자기 연락이 오다니‥ <txt:size,-2><txt:bold,2>믿기지 않네.","She always relied on me like a little sister, so I’ve worried about her ever since...<wrt:break>but to suddenly hear from her like this...<txt:size,-2><txt:bold,2>I can’t believe it.","私によく懐いてた子だったから、心のどこかで気になってたけど、<wrt:break>こんな突然連絡が来るなんて...<txt:size,-2><txt:bold,2>思ってもみなかったわ。","她是很依赖我的妹妹，我一直惦记着她，<wrt:break>没想到会突然联系我......<txt:size,-2><txt:bold,2>简直不敢相信。","她向來很依賴我，所以心裡一直放不下她，<wrt:break>沒想到會突然聯絡上...<txt:size,-2><txt:bold,2>真是令人難以置信。","Я все переживала за нее — она ведь часто ко мне тянулась...<wrt:break>И вот вдруг она написала.<txt:size,-2><txt:bold,2>До сих пор не верится.","Saya selalu ada untuk dia, dan dia macam adik sendiri. Jadi bila tiba-tiba dengar berita dari dia...<wrt:break>saya tak sangka langsung...<txt:size,-2><txt:bold,2>Saya masih tak percaya.","Con bé luôn dựa dẫm vào tớ nên tớ vẫn luôn canh cánh trong lòng, <wrt:break>không ngờ giờ lại đột ngột liên lạc... <txt:size,-2><txt:bold,2>thật không thể tin được!","Siempre contaba conmigo, y desde entonces me quedó esa espinita. <wrt:break>Y ahora, de la nada, me escribe... <txt:size,-2><txt:bold,2>No lo puedo creer.","Aku sering teringat dengannya karena dia sering bergantung padaku, <wrt:break>tapi untuk dia menghubungi secara tiba-tiba... <txt:size,-2><txt:bold,2>tidak aku sangka.","เธอเป็นน้องที่คอยพึ่งพาฉันเสมอ ฉันก็เลยรู้สึกติดอยู่ในใจมาตลอด <wrt:break>แต่จู่ๆ ก็ติดต่อมาแบบนี้... <txt:size,-2><txt:bold,2>ไม่อยากจะเชื่อเลย","Ela sempre contou tanto comigo, e agora, <wrt:break>depois de tanto tempo, ela aparece do nada... <txt:size,-2><txt:bold,2>Não acredito!"
,,,TAG,,,,,"<cha:emote,정다희,exclam>","<cha:emote,정다희,exclam>","<cha:emote,정다희,exclam>","<cha:emote,정다희,exclam>","<cha:emote,정다희,exclam>","<cha:emote,정다희,exclam>","<cha:emote,정다희,exclam>","<cha:emote,정다희,exclam>","<cha:emote,정다희,exclam>","<cha:emote,정다희,exclam>","<cha:emote,정다희,exclam>","<cha:emote,정다희,exclam>"
,,,정다희,,3_활짝,,,새해라서 그런 거 아닐까? 어쨌든 연락이 온 거면 잘 된 거잖아!,"Maybe because it’s a new year? Anyways, it’s good that you’re back in touch!",新年だからじゃない？とにかく連絡があっただけでも良かったじゃない！,会不会是因为新年啊？不管怎么说，能联系上就是好事啦！,說不定是因為新年啊？不管怎樣，能聯絡上總是好事嘛！,"Новый год же! Может, настроение такое. Главное — она вышла на связь!","Mungkin sebab tahun baru? Apa pun, bagus juga kamu berhubung semula!",Có lẽ vì năm mới đấy? Dù sao thì có liên lạc lại là tốt rồi!,"¿Será porque es Año Nuevo? De todos modos, ¡es bueno que se haya vuelto a contactar!",Apa mungkin karena sudah tahun baru? Bukankah bagus kalau ada kabar darinya?,เพราะว่าเป็นปีใหม่รึเปล่า? ยังไงก็เถอะ ติดต่อมาก็ดีแล้วนี่นา!,"Talvez seja por causa do Ano Novo. O importante é que ela te mandou mensagem, isso é ótimo!"
,,,TAG,,,,,"<sys:bgm,quiet,1000>","<sys:bgm,quiet,1000>","<sys:bgm,quiet,1000>","<sys:bgm,quiet,1000>","<sys:bgm,quiet,1000>","<sys:bgm,quiet,1000>","<sys:bgm,quiet,1000>","<sys:bgm,quiet,1000>","<sys:bgm,quiet,1000>","<sys:bgm,quiet,1000>","<sys:bgm,quiet,1000>","<sys:bgm,quiet,1000>"
,,,백시우,,-1_기본,,,"뭐, 그럴 수도 있지만, <wrt:wait,30>그래서 사라야. <txt:bold,2><txt:color,orange>제니</txt:bold></txt:color>가 뭐라고 보냈어?","Perhaps... <wrt:wait,30>Sara, what did <txt:bold,2><txt:color,orange>Jenny</txt:bold></txt:color> say?","まあ、そうかもね。<wrt:wait,30>それで、紗良。<txt:bold,2><txt:color,orange>ジェニー</txt:bold></txt:color>は何て送ってきたんだ？","嗯，也许吧，<wrt:wait,30>所以呢，莎拉？<txt:bold,2><txt:color,orange>珍妮</txt:bold></txt:color>她都说了些什么？","嗯，也許是吧，<wrt:wait,30>所以<txt:bold,2><txt:color,orange>珍妮</txt:bold></txt:color>她傳了什麼啊？","Может быть. <wrt:wait,30>А что <txt:bold,2><txt:color,orange>Дженни</txt:bold></txt:color> пишет?","Mungkin... <wrt:wait,30>Sara, apa yang <txt:bold,2><txt:color,orange>Jenny</txt:bold></txt:color> cakap?","Hmm, có thể lắm! <wrt:wait,30>Vậy Sara à, <txt:bold,2><txt:color,orange>Jenny</txt:bold></txt:color> đã nói gì vậy?","Bueno, digamos que sí. <wrt:wait,30>Entonces Sara, ¿qué fue lo que te escribió <txt:bold,2><txt:color,orange>Jenny</txt:bold></txt:color>?","Iya, bisa begitu juga sih, <wrt:wait,30>jadi Sara. Apa yang <txt:bold,2><txt:color,orange>Jenny</txt:bold></txt:color> bilang padamu?","อาจเป็นแบบนั้นก็ได้แหละ <wrt:wait,30>แล้วยังไงต่อล่ะซาร่า <txt:bold,2><txt:color,orange>เจนนี่</txt:bold></txt:color>ส่งมาว่าอะไรเหรอ?","É, talvez... <wrt:wait,30>Mas e aí, o que a <txt:bold,2><txt:color,orange>Jenny</txt:bold></txt:color> disse?"
,,,TAG,,,,,"<sys:bgm,BGM_IRREVERSIBLE,1000>","<sys:bgm,BGM_IRREVERSIBLE,1000>","<sys:bgm,BGM_IRREVERSIBLE,1000>","<sys:bgm,BGM_IRREVERSIBLE,1000>","<sys:bgm,BGM_IRREVERSIBLE,1000>","<sys:bgm,BGM_IRREVERSIBLE,1000>","<sys:bgm,BGM_IRREVERSIBLE,1000>","<sys:bgm,BGM_IRREVERSIBLE,1000>","<sys:bgm,BGM_IRREVERSIBLE,1000>","<sys:bgm,BGM_IRREVERSIBLE,1000>","<sys:bgm,BGM_IRREVERSIBLE,1000>","<sys:bgm,BGM_IRREVERSIBLE,1000>"
,,,TAG,,,,,"<cha:face,정다희,1_기본><cha:face,백시우,-1_기본>","<cha:face,정다희,1_기본><cha:face,백시우,-1_기본>","<cha:face,정다희,1_기본><cha:face,백시우,-1_기본>","<cha:face,정다희,1_기본><cha:face,백시우,-1_기본>","<cha:face,정다희,1_기본><cha:face,백시우,-1_기본>","<cha:face,정다희,1_기본><cha:face,백시우,-1_기본>","<cha:face,정다희,1_기본><cha:face,백시우,-1_기본>","<cha:face,정다희,1_기본><cha:face,백시우,-1_기본>","<cha:face,정다희,1_기본><cha:face,백시우,-1_기본>","<cha:face,정다희,1_기본><cha:face,백시우,-1_기본>","<cha:face,정다희,1_기본><cha:face,백시우,-1_기본>","<cha:face,정다희,1_기본><cha:face,백시우,-1_기본>"
,,,서사라,,1_미소,,,응. '언니에게.',Okay. ‘To Sara.’,えっと。「お姉ちゃんへ」,嗯。‘给姐姐。’,嗯。「給姐姐：,Привет!,Ya. “Untuk kakak.”,"Ừm, 'Gửi chị.'",Sí. Dice 'Para mi querida amiga'.,Begini. 'Untuk kakak.',อืม 'ถึงพี่',"Bom... «Para você, mana»."
,,,서사라,,1_기본,,,잘 지냈어? 그동안 연락하지 못 해서 미안해.,How have you been? I’m sorry I couldn’t contact you.,元気にしてた？ずっと連絡できなくてごめんね。,你过得好吗？这段时间没能联系你，对不起。,姐姐過得好嗎？很抱歉這段時間沒有主動聯繫妳。,"Как твои дела? Извини, что так долго не писала.",Apa khabar? Maaf sebab tak dapat hubungi awak.,Chị khỏe không? Em xin lỗi vì đã không liên lạc trong suốt thời gian qua.,¿Cómo estás? Perdón por no haberte escrito en todo este tiempo.,Apa kabar? Aku minta maaf karena tidak dapat menghubungmu selama ini.,สบายดีรึเปล่า? ขอโทษที่ฉันไม่ได้ติดต่อมาเลยนะ,Tudo bem com você? Desculpa o sumiço.
,,,서사라,,1_기본,pause,,"나는 지금 <txt:bold,2>로마 올림피코</txt:bold> 경기장에서 배구를 하고 있어.","I’m currently playing at the <txt:bold,2>Rome Olimpico</txt:bold> Stadium.","私は今<txt:bold,2>ローマオリンピコ</txt:bold>スタジアムでバレーボールをしているの。","我现在在<txt:bold,2>罗马奥林匹克</txt:bold>体育场打排球。","我現在在<txt:bold,2>羅馬奧林匹克</txt:bold>體育場打排球。","Сейчас я играю в волейбол в <txt:bold,2>Олимпийском зале в Риме</txt:bold>.","Sekarang saya bermain bola tampar di <txt:bold,2>Stadium Olimpico, Rom</txt:bold>.","Hiện em đang chơi bóng chuyền tại sân vận động <txt:bold,2>Olimpico Rome</txt:bold>.","Ahora estoy jugando al voleibol en el estadio <txt:bold,2>Olímpico de Roma</txt:bold>.","Saat ini aku sedang berlatih bola voli di stadion <txt:bold,2>Olimpico Roma</txt:bold>.","ตอนนี้ฉันกำลังเล่นวอลเลย์บอลอยู่ที่สนามแข่ง<txt:bold,2>โรมโอลิมปีโก</txt:bold>ล่ะ","Tô aqui no Estádio <txt:bold,2>Olímpico de Roma</txt:bold>, jogando vôlei."
,,,서사라,,1_미소,,,언니를 꼭 만나고 싶어서 연락했어. <wrt:break>괜찮다면 혹시 이곳으로 와줄 수 있을까?,"I’m reaching out since I really want to meet you. <wrt:break>If it’s not too much to ask, can you come over here?",お姉ちゃんにどうしても会いたくて連絡しちゃった。<wrt:break>時間あったらでいいんだけど、こっちに来てくれないかな？,我特别想见姐姐，所以才联系你的。<wrt:break>如果方便的话，你能来这里一趟吗？,因為很想見姐姐，所以才聯絡妳。<wrt:break>如果方便的話，能來我這裡一趟嗎？,"Буду очень рада увидеться.<wrt:break>Приезжай в гости, если хочешь!","Saya hubungi kakak sebab betul-betul nak jumpa. <wrt:break>Kalau boleh, boleh kakak datang ke sini?","Em liên lạc vì rất muốn gặp chị. <wrt:break>Nếu được, chị có thể đến đây không?","Quería verte, por eso te escribo. <wrt:break>Si puedes... ¿vendrías hasta aquí?",Aku menghubungi kakak karena ingin sekali kita bertemu. <wrt:break>Apakah bisa kamu datang kesini?,ฉันติดต่อมาเพราะอยากเจอพี่ให้ได้เลย <wrt:break>ถ้าพี่สะดวก ช่วยมาหาฉันที่นี่หน่อยได้ไหม?,Mandei mensagem porque tô morrendo de vontade de te ver. <wrt:break>Será que você poderia vir até aqui?
,,,서사라,,1_기본,pause,,"<txt:bold,2>꼭 다시 만나고 싶어.","<txt:bold,2>I really really want to see you.","<txt:bold,2>何としても、また会いたいの。","<txt:bold,2>我非常想再见到你。","<txt:bold,2>我真的很想再見到妳。","<txt:bold,2>Очень жду встречи.","<txt:bold,2>Saya benar-benar nak jumpa kakak semula.","<txt:bold,2>Em thực sự muốn gặp lại chị.","<txt:bold,2>Tengo muchas ganas de volver a verte.","<txt:bold,2>Aku ingin sekali untuk bertemu denganmu.","<txt:bold,2>ฉันอยากเจอพี่อีกครั้งจริงๆ","<txt:bold,2>Quero te ver mais uma vez."
,,,서사라,,1_기본,,,"<txt:bold,2>'기다릴게. <txt:color,orange>제니</txt:color>.'","<txt:bold,2>‘I’ll be waiting. <txt:color,orange>Jenny</txt:color>.’","<txt:bold,2>「待ってるね。<txt:color,orange>ジェニー</txt:color>」","<txt:bold,2>‘等你。 <txt:color,orange>珍妮</txt:color>。’","<txt:bold,2>我在這裡等妳。 <txt:color,orange>珍妮</txt:color>。」","<txt:bold,2>До скорого! <txt:color,orange>Дженни</txt:color>.","<txt:bold,2>‘Saya akan tunggu. <txt:color,orange>Jenny</txt:color>.’","<txt:bold,2>'Em sẽ đợi. <txt:color,orange>Jenny</txt:color>.'","<txt:bold,2>'Te estaré esperando. <txt:color,orange>Jenny</txt:color>.'","<txt:bold,2>'Aku akan menunggu. <txt:color,orange>Jenny</txt:color>.'","<txt:bold,2>'ฉันจะรอนะ <txt:color,orange>เจนนี่</txt:color>'","<txt:bold,2>«Estarei te esperando. <txt:color,orange>Jenny</txt:color>»."
,,,백시우,,-1_엥,,,"<txt:bold,2>로마</txt:bold>? <txt:bold,2><txt:color,orange>제니</txt:bold></txt:color>는 미국에서 뛰고 싶다고 하지 않았었나?","<txt:bold,2>Rome</txt:bold>? Didn’t <txt:bold,2><txt:color,orange>Jenny</txt:bold></txt:color> say that she wanted to play in the U.S.A?","<txt:bold,2>ローマ</txt:bold>?<txt:bold,2><txt:color,orange>ジェニー</txt:bold></txt:color>はアメリカでプレーしたいって言ってなかったっけ？","<txt:bold,2>罗马</txt:bold>? <txt:bold,2><txt:color,orange>珍妮</txt:bold></txt:color>以前不是说想在美国打球吗？","<txt:bold,2>羅馬</txt:bold>? <txt:bold,2><txt:color,orange>珍妮</txt:bold></txt:color>之前不是說想去美國打球嗎？","<txt:bold,2>Рим</txt:bold>? Но <txt:bold,2><txt:color,orange>Дженни</txt:bold></txt:color> же говорила, что хочет играть в Штатах?","<txt:bold,2>Rom</txt:bold>? Bukankah <txt:bold,2><txt:color,orange>Jenny</txt:bold></txt:color> nak bermain di A.S.?","<txt:bold,2>Rome à</txt:bold>? <txt:bold,2><txt:color,orange>Jenny</txt:bold></txt:color> chẳng phải muốn thi đấu ở Mỹ sao?","<txt:bold,2>¿Roma</txt:bold>? ¿No era que <txt:bold,2><txt:color,orange>Jenny</txt:bold></txt:color> quería jugar en Estados Unidos?","<txt:bold,2>Roma</txt:bold>? Bukankah <txt:bold,2><txt:color,orange>Jenny</txt:bold></txt:color> dulu bilang ingin bermain di Amerika?","<txt:bold,2>โรม</txt:bold>? <txt:bold,2><txt:color,orange>เจนนี่</txt:bold></txt:color>ไม่ได้เคยบอกว่าอยากเล่นที่อเมริกาเหรอ?","<txt:bold,2>Roma</txt:bold>? Não era nos EUA que a <txt:bold,2><txt:color,orange>Jenny</txt:bold></txt:color> queria jogar?"
,,,서사라,,1_놀람,,,그러게. 유학이라도 간 걸까?,She did. Maybe she’s studying abroad?,そうだよね。留学でもしたのかな？,是啊。难道是去留学了？,對啊。難道是去留學了嗎？,"Вот именно. Может, уехала учиться?",Memang. Mungkin dia belajar di luar negara?,Đúng vậy. Có khi nào cô ấy đi du học không?,Sí. ¿Se habrá ido a estudiar allí?,Iya ya. Apa mungkin karena dia belajar disana?,นั่นสิ หรือว่าไปเรียนแลกเปลี่ยน?,Pois é... Será que ela foi fazer intercâmbio?
,,,서사라,,1_기본,,,"지금 당장이라도 가고 싶긴 하지만, 갑자기 <txt:bold,2>이탈리아</txt:bold>로 오라니‥ <wrt:wait,30><txt:bold,2>어떻게 해야 하지.","I want to go right now... But, I mean <txt:bold,2>Italy</txt:bold> is pretty far away... <wrt:wait,30><txt:bold,2>What should I do?","今すぐにでも行きたいけど、いきなり<txt:bold,2>イタリア</txt:bold>に来てって言われても...<wrt:wait,30><txt:bold,2>どうしよう...","虽然现在就想出发，但突然让我去<txt:bold,2>意大利</txt:bold>......<wrt:wait,30><txt:bold,2>该怎么办呢。","我也很想現在就過去，但突然要我去到<txt:bold,2>義大利</txt:bold>...<wrt:wait,30><txt:bold,2>到底該怎麼辦才好啊。","Очень хочется поехать, но... в <txt:bold,2>Италию</txt:bold>? <wrt:wait,30><txt:bold,2>Так внезапно...","Saya nak pergi sekarang... Tapi, maksud saya <txt:bold,2>Itali</txt:bold> agak jauh... <wrt:wait,30><txt:bold,2>Apa patut saya buat?","Tớ cũng muốn đi ngay bây giờ, nhưng đột nhiên bảo tớ đến <txt:bold,2>Ý</txt:bold>... <wrt:wait,30><txt:bold,2>thì phải làm sao đây...?","Me muero por ir ahora mismo a verla, pero... así de repente, que me diga que vaya a <txt:bold,2>Italia</txt:bold>... <wrt:wait,30><txt:bold,2>No sé qué hacer.","Aku ingin langsung pergi, tapi tiba-tiba diminta datang ke <txt:bold,2>Italia</txt:bold> begini... <wrt:wait,30><txt:bold,2>Aku harus bagaimana?","ถึงฉันจะอยากไปหาทันทีก็เถอะ แต่ว่า<txt:bold,2>อิตาลี</txt:bold>เลยนะ... <wrt:wait,30><txt:bold,2>จะทำยังไงดีเนี่ย","Eu até queria ir, mas ir pra <txt:bold,2>Itália</txt:bold> assim do nada... <wrt:wait,30><txt:bold,2>E agora?"
,,,TAG,,,,,"<sys:bgm,quiet,1000><sys:bgm,BGM_WINTER_WONDERLAND,1000>","<sys:bgm,quiet,1000><sys:bgm,BGM_WINTER_WONDERLAND,1000>","<sys:bgm,quiet,1000><sys:bgm,BGM_WINTER_WONDERLAND,1000>","<sys:bgm,quiet,1000><sys:bgm,BGM_WINTER_WONDERLAND,1000>","<sys:bgm,quiet,1000><sys:bgm,BGM_WINTER_WONDERLAND,1000>","<sys:bgm,quiet,1000><sys:bgm,BGM_WINTER_WONDERLAND,1000>","<sys:bgm,quiet,1000><sys:bgm,BGM_WINTER_WONDERLAND,1000>","<sys:bgm,quiet,1000><sys:bgm,BGM_WINTER_WONDERLAND,1000>","<sys:bgm,quiet,1000><sys:bgm,BGM_WINTER_WONDERLAND,1000>","<sys:bgm,quiet,1000><sys:bgm,BGM_WINTER_WONDERLAND,1000>","<sys:bgm,quiet,1000><sys:bgm,BGM_WINTER_WONDERLAND,1000>","<sys:bgm,quiet,1000><sys:bgm,BGM_WINTER_WONDERLAND,1000>"
,,,백시우,,-2_기쁨,,,나도 같이 가면 안 될까? 함께 방법을 찾아보자!,Maybe I can go with you? Let’s find a solution together!,俺も一緒に行ってもいいかな？一緒に方法を考えよう！,我可以一起去吗？我们一起想办法吧！,我能一起去嗎？我們一起想辦法吧！,А можно я с тобой? Вместе что-нибудь придумаем!,Mungkin saya boleh ikut awak? Jom cari jalan sama-sama!,Tớ đi cùng cậu được không? Cùng nhau tìm cách thôi!,¿Y si voy contigo? ¡Podemos buscar la manera juntos!,Bagaimana kalau aku menemanimu kesana? Kita coba cari jalan keluar bersama!,ฉันไปด้วยได้ไหม? มาลองหาวิธีกันเถอะ!,Posso ir com você? Vamos achar um jeito juntos!
,,,서사라,,1_놀람,,quest,"<cha:pop,서사라>시우도?","<cha:pop,서사라>You too?","<cha:pop,서사라>新も？","<cha:pop,서사라>白时宇也去？","<cha:pop,서사라>你也要去？","<cha:pop,서사라>Правда? И ты поедешь?","<cha:pop,서사라>Awak pun?","<cha:pop,서사라>Siwoo cũng đi sao?","<cha:pop,서사라>¿Tú también, Siwoo?","<cha:pop,서사라>Siwoo juga?","<cha:pop,서사라>ชีอูก็ด้วยเหรอ?","<cha:pop,서사라>Sério, Siwoo?"
,,,백시우,,-1_웃음,,,"응, <txt:bold,2><txt:color,orange>제니</txt:bold></txt:color>는 내게도 소중한 동생이니까. 사라 널 다시 만난 것도 기뻤고‥ <wrt:wait,30><wrt:break>정말 오랜만에 보고 싶어졌어.","Yeah, <txt:bold,2><txt:color,orange>Jenny</txt:bold></txt:color> is like a little sister to me too. I remember how happy I was when I met you again... <wrt:wait,30><wrt:break>I want to see her again.","うん、<txt:bold,2><txt:color,orange>ジェニー</txt:bold></txt:color>は俺にとっても大切な妹みたいな存在だから。紗良に再会できたのも嬉しかったし...<wrt:wait,30><wrt:break>本当に久しぶりに会いたくなってきた。","嗯，<txt:bold,2><txt:color,orange>珍妮</txt:bold></txt:color>对我来说也是个很重要的小妹妹。能再次见到你，我很高兴......<wrt:wait,30><wrt:break>也特别想见见许久没见的她。","嗯，<txt:bold,2><txt:color,orange>珍妮</txt:bold></txt:color>對我來說也是很重要的妹妹。當然能再次遇見妳，我也很開心...<wrt:wait,30><wrt:break>很久沒見到珍妮了，不知道她過得如何。","Ага, <txt:bold,2><txt:color,orange>Дженни</txt:bold></txt:color> мне тоже как сестренка. И с тобой, Сара, снова увидеться было классно. <wrt:wait,30><wrt:break>Хочется и с <txt:bold,2><txt:color,orange>Дженни</txt:bold></txt:color> встретиться.","Ya, Jenny pun macam adik kepada saya juga. Saya masih ingat betapa gembiranya saya bila jumpa awak semula... <wrt:wait,30><wrt:break>Saya pun nak jumpa dia balik.","Ừm, <txt:bold,2><txt:color,orange>Jenny</txt:bold></txt:color> cũng là người em gái quý giá của tớ. Gặp lại Sara cũng vui rồi... <wrt:wait,30><wrt:break>tớ thực sự muốn gặp lại cô ấy sau một thời gian dài.","Sí, <txt:bold,2><txt:color,orange>Jenny</txt:bold></txt:color> es una persona muy valiosa para mí también. Y me alegró volver a verte, Sara...<wrt:wait,30><wrt:break>Y después de tanto tiempo, realmente la extraño.","Iya, <txt:bold,2><txt:color,orange>Jenny</txt:bold></txt:color> juga junior yang penting untukku juga. Aku senang dapat bertemu denganmu lagi Sara... <wrt:wait,30><wrt:break>Hal itu membuatku jadi ingin bertemu dengannya juga.","อื้ม ก็<txt:bold,2><txt:color,orange>เจนนี่</txt:bold></txt:color>เป็นน้องคนสำคัญสำหรับฉันเหมือนกันนี่นา ที่ได้เจอกับเธออีกครั้งฉันก็ดีใจมากนะซาร่า... <wrt:wait,30><wrt:break>ฉันเลยอยากเจอเจนนี่ขึ้นมาบ้างแล้วล่ะ","Aham, a <txt:bold,2><txt:color,orange>Jenny</txt:bold></txt:color> é como uma irmã pra mim também. <wrt:wait,30><wrt:break>E rever você me deixou com saudade de tudo, Sara."
,,,서사라,,1_미소,,,"<txt:wave,1>시우야‥","<txt:wave,1>Siwoo...","<txt:wave,1>新...","<txt:wave,1>白时宇......","<txt:wave,1>時宇...","<txt:wave,1>Шиу...","<txt:wave,1>Siwoo...","<txt:wave,1>Siwoo à...","<txt:wave,1>Siwoo...","<txt:wave,1>Siwoo...","<txt:wave,1>ชีอู...","<txt:wave,1>Ei, Siwoo..."
,,,TAG,,,,,"<cha:face,백시우,-1_엥>","<cha:face,백시우,-1_엥>","<cha:face,백시우,-1_엥>","<cha:face,백시우,-1_엥>","<cha:face,백시우,-1_엥>","<cha:face,백시우,-1_엥>","<cha:face,백시우,-1_엥>","<cha:face,백시우,-1_엥>","<cha:face,백시우,-1_엥>","<cha:face,백시우,-1_엥>","<cha:face,백시우,-1_엥>","<cha:face,백시우,-1_엥>"
,,,정다희,,1_쿨쿨,pause,,"갑자기 분위기 훈훈하다? 근데 시우 너, <txt:bold,2>스스로 준비해서 해외로 나가는 건 <wrt:wait,30>이번이 처음 아니야?","Well, this is heartwarming! But Siwoo, isn't this your first time <txt:bold,2>preparing to go overseas <wrt:wait,30>on your own?","いい雰囲気になってるところ悪いけど、新ってさ<txt:bold,2>自分で準備して海外に行くのは<wrt:wait,30>今回が初めてじゃないの？","气氛突然这么温馨？不过白时宇，<txt:bold,2>出国的事全都由你自己张罗，<wrt:wait,30>这还是头一回吧？","氣氛突然變得很溫馨耶？不過時宇你<txt:bold,2>自己張羅出國這種事，<wrt:wait,30>應該是第一次吧？","Это очень мило... Но, Шиу, <txt:bold,2>ты ведь впервые сам <wrt:wait,30>готовишь поездку за границу, да?","Saya dapat rasa semangat berpasukan tu! Tapi Siwoo, ini kali pertama awak <txt:bold,2>bersedia ke luar negara <wrt:wait,30>sendirian, kan?","Bỗng dưng không khí trở nên ấm áp nhỉ? Nhưng Siwoo này, <txt:bold,2>tự chuẩn bị để đi nước ngoài thì <wrt:wait,30>đây là lần đầu của cậu phải không?","¡Qué bonito se puso esto de golpe! Pero Siwoo, <wrt:wait,30>¿no es la primera vez que <txt:bold,2>te lanzas tú solo a un viaje así al extranjero?","Tiba-tiba suasana disini jadi mengharukan ya? Ngomong-ngomong Siwoo, <txt:bold,2>bukankah ini pertama kalinya bagimu <wrt:wait,30>bersiap-siap sendiri untuk pergi ke luar negeri?","จู่ๆ บรรยากาศก็ซึ้งขึ้นมาเลยแฮะ? แต่ว่านะชีอู <txt:bold,2>การเตรียมตัวไปต่างประเทศด้วยตัวเองน่ะ <wrt:wait,30>นี่เป็นครั้งแรกของนายเลยไม่ใช่เหรอ?","Climinha caloroso do nada, hein? Mas Siwoo, <txt:bold,2>essa não é a primeira vez que você se prepara para <wrt:wait,30>sair do país sozinho?"
,,,정다희,,1_언짢,pause,,어떻게 준비하려구?,How do you plan on preparing?,どうやって準備するつもり？,你打算怎么弄啊？,你打算怎麼準備啊？,"План-то у тебя есть? Или так, на авось?",Macam mana awak nak buat persiapan?,Cậu định chuẩn bị thế nào?,¿Cómo piensas arreglártelas?,Apa kamu tahu apa yang harus dipersiapkan?,นายคิดจะเตรียมตัวยังไงกัน?,Já sabe como vai se organizar?
,,,백시우,,-2_당황,,sweat,"<txt:shake,1>앗, 그건‥","<txt:shake,1>Oh, well...","<txt:shake,1>あっ、それは...","<txt:shake,1>呃，这个嘛......","<txt:shake,1>啊，這個嘛...","<txt:shake,1>Эээ... нуу...","<txt:shake,1>Oh, hmmm...","<txt:shake,1>À, cái đó...","<txt:shake,1>Ah, eso... bueno...","<txt:shake,1>Eh, untuk itu...","<txt:shake,1>เอ่อ เรื่องนั้น...","<txt:shake,1>Ah, bem..."
,,,TAG,,,,,"<sys:bgm,BGM_MIKE_AND_DAVE>","<sys:bgm,BGM_MIKE_AND_DAVE>","<sys:bgm,BGM_MIKE_AND_DAVE>","<sys:bgm,BGM_MIKE_AND_DAVE>","<sys:bgm,BGM_MIKE_AND_DAVE>","<sys:bgm,BGM_MIKE_AND_DAVE>","<sys:bgm,BGM_MIKE_AND_DAVE>","<sys:bgm,BGM_MIKE_AND_DAVE>","<sys:bgm,BGM_MIKE_AND_DAVE>","<sys:bgm,BGM_MIKE_AND_DAVE>","<sys:bgm,BGM_MIKE_AND_DAVE>","<sys:bgm,BGM_MIKE_AND_DAVE>"
,,,???,,,,,"<txt:size,2><txt:bold,2>핫핫핫, 거기 고민에 빠진 <txt:wave,1><txt:rainbow,1>kids.","<txt:size,2><txt:bold,2>Hahaha, don’t worry <txt:wave,1><txt:rainbow,1>kids.","<txt:size,2><txt:bold,2>ハッハッハ！そこで悩んでいる<txt:wave,1><txt:rainbow,1>kids。","<txt:size,2><txt:bold,2>哈哈哈，那边几个发愁的<txt:wave,1><txt:rainbow,1>小家伙！","<txt:size,2><txt:bold,2>哈哈哈，那邊幾個傷腦筋的<txt:wave,1><txt:rainbow,1>Kids～","<txt:size,2><txt:bold,2>Ха-ха-ха! Эй, вы там, <txt:wave,1><txt:rainbow,1>юные задумчивые!","<txt:size,2><txt:bold,2>Hahaha, jangan risau <txt:wave,1><txt:rainbow,1>budak-budak.","<txt:size,2><txt:bold,2>Hahaha, mấy nhóc kia đang <txt:wave,1><txt:rainbow,1>lo lắng gì thế?","<txt:size,2><txt:bold,2>Jajaja, <txt:wave,1><txt:rainbow,1>chicos llenos de dudas.","<txt:size,2><txt:bold,2>Hahaha, Kamu yang sedang khawatir disana, <txt:wave,1><txt:rainbow,1>Bocah.","<txt:size,2><txt:bold,2>ฮ่าฮ่าฮ่า คิดหนักกันอยู่เลยสินะ <txt:wave,1><txt:rainbow,1>kids","<txt:size,2><txt:bold,2>Haha, olha só esses <txt:wave,1><txt:rainbow,1>jovens confusos!"
,,,???,,,,,"<txt:size,2><txt:bold,2>혹시 <txt:wave,1><txt:rainbow,1>어른들의</txt:wave></txt:rainbow> 도움이 필요하진 않은가?","<txt:size,2><txt:bold,2>Perhaps you need the help of <txt:wave,1><txt:rainbow,1>adults</txt:wave></txt:rainbow>?","<txt:size,2><txt:bold,2>もしかして<txt:wave,1><txt:rainbow,1>大人たち</txt:wave></txt:rainbow>の助けが必要ではないかね？","<txt:size,2><txt:bold,2>是不是需要<txt:wave,1><txt:rainbow,1>大人们</txt:wave></txt:rainbow>的援手啊？","<txt:size,2><txt:bold,2>需不需要<txt:wave,1><txt:rainbow,1>大人</txt:wave></txt:rainbow>幫個忙啊？","<txt:size,2><txt:bold,2>Вам, случайно, не нужна помощь <txt:wave,1><txt:rainbow,1>взрослых</txt:wave></txt:rainbow>?","<txt:size,2><txt:bold,2>Mungkin kamu perlukan bantuan <txt:wave,1><txt:rainbow,1>orang dewasa</txt:wave></txt:rainbow>?","<txt:size,2><txt:bold,2>Có cần sự giúp đỡ của <txt:wave,1><txt:rainbow,1>người lớn</txt:wave></txt:rainbow> không?","¿<txt:size,2><txt:bold,2>No creen que ya es hora de dejar que <txt:wave,1><txt:rainbow,1>los adultos</txt:wave></txt:rainbow> les echemos una mano?","<txt:size,2><txt:bold,2>Apa kamu membutuhkan bantuan dari <txt:wave,1><txt:rainbow,1>orang-orang dewasa</txt:wave></txt:rainbow>?","<txt:size,2><txt:bold,2>พวกเธอต้องการความช่วยเหลือจาก<txt:wave,1><txt:rainbow,1>ผู้ใหญ่</txt:wave></txt:rainbow>รึเปล่า?","<txt:size,2><txt:bold,2>Não tão precisando de uma ajudinha de um <txt:wave,1><txt:rainbow,1>adulto</txt:wave></txt:rainbow>?"
,,,백시우,,-2_기쁨,,exclam,"<txt:bold,2><txt:color,orange>데이브, 마이크</txt:bold></txt:color> 아저씨!","<txt:bold,2><txt:color,orange>Dave! Mike</txt:bold></txt:color>!","<txt:bold,2><txt:color,orange>デイブ</txt:bold></txt:color>さん！<txt:bold,2><txt:color,orange>マイク</txt:bold></txt:color>さん！","<txt:bold,2><txt:color,orange>戴夫、迈克</txt:bold></txt:color>大叔！","<txt:bold,2><txt:color,orange>戴夫、邁克</txt:bold></txt:color>叔叔！","<txt:bold,2><txt:color,orange>Дейв! Майк!</txt:bold></txt:color>","Pak cik <txt:bold,2><txt:color,orange>Dave! Pak cik Mike</txt:bold></txt:color>!","<txt:bold,2><txt:color,orange>Chú Dave, chú Mike</txt:bold></txt:color>!","¡<txt:bold,2><txt:color,orange>Dave y Mike</txt:bold></txt:color>!","Eh, <txt:bold,2><txt:color,orange>Dave dan juga Mike</txt:bold></txt:color>!","คุณลุง<txt:bold,2><txt:color,orange>เดฟ, ไมค์</txt:bold></txt:color>!","Ah, <txt:bold,2><txt:color,orange>Dave e Mike</txt:bold></txt:color>!"
,,,TAG,,,,,"<cha:pos,정다희,4><cha:pos,데이브,2><cha:pos,마이크,1><cha:pos,서사라,-1>","<cha:pos,정다희,4><cha:pos,데이브,2><cha:pos,마이크,1><cha:pos,서사라,-1>","<cha:pos,정다희,4><cha:pos,데이브,2><cha:pos,마이크,1><cha:pos,서사라,-1>","<cha:pos,정다희,4><cha:pos,데이브,2><cha:pos,마이크,1><cha:pos,서사라,-1>","<cha:pos,정다희,4><cha:pos,데이브,2><cha:pos,마이크,1><cha:pos,서사라,-1>","<cha:pos,정다희,4><cha:pos,데이브,2><cha:pos,마이크,1><cha:pos,서사라,-1>","<cha:pos,정다희,4><cha:pos,데이브,2><cha:pos,마이크,1><cha:pos,서사라,-1>","<cha:pos,정다희,4><cha:pos,데이브,2><cha:pos,마이크,1><cha:pos,서사라,-1>","<cha:pos,정다희,4><cha:pos,데이브,2><cha:pos,마이크,1><cha:pos,서사라,-1>","<cha:pos,정다희,4><cha:pos,데이브,2><cha:pos,마이크,1><cha:pos,서사라,-1>","<cha:pos,정다희,4><cha:pos,데이브,2><cha:pos,마이크,1><cha:pos,서사라,-1>","<cha:pos,정다희,4><cha:pos,데이브,2><cha:pos,마이크,1><cha:pos,서사라,-1>"
,,,데이브,,1_기본,,,"<txt:size,1>더 넓은 세상을 보러 가려는 kids가 그런 사소한 일에 발목 잡혀서야 되겠어? <wrt:break>이런 건 우리 어른들 몫이지! ","<txt:size,1>Kids wanting to see more of the world shouldn't be held back by these minor issues! <wrt:break>That's what we adults are here for!","<txt:size,1>より広い世界を見に行こうとするkidsがそんな些細なことで足止めされてはいけないだろう？<wrt:break>こういうのは我々大人に任せな！","<txt:size,1>想去看更广阔世界的kids，怎么能被这种小事绊住手脚呢？<wrt:break>这种事就交给我们大人吧！","<txt:size,1>想去探索更廣闊世界的Kids，怎麼能被這種小事所阻礙呢？<wrt:break>這種事就交給我們大人來搞定！","<txt:size,1>Вам же мир покорять надо, а не о пустяках думать! <wrt:break>Мы поможем вам с подготовкой, ребят.","<txt:size,1>Budak-budak yang nak lihat dunia tak patut dihalang oleh perkara kecil macam ni! <wrt:break>Itulah gunanya kami orang dewasa!","<txt:size,1>Làm sao để mấy đứa nhỏ muốn khám phá thế giới rộng lớn lại bị vướng chân vì chuyện nhỏ nhặt thế này được? <wrt:break>Chuyện như vậy để cho người lớn bọn chú lo!","<txt:size,1>¿Van a dejar que unos jóvenes con ganas de ver mundo se detengan por tan poca cosa? <wrt:break>¡Para eso estamos los grandes!","<txt:size,1>Masa kids yang ingin melihat dunia luas harus terhambat urusan sepele begitu? <wrt:break>Serahkan urusan ini pada kami, orang dewasa!","<txt:size,1>kids ที่ตั้งใจจะออกไปท่องโลกกว้าง จะมัวมาติดขัดกับเรื่องเล็กน้อยแบบนั้นได้ยังไงกันล่ะ? <wrt:break>เรื่องแบบนี้เป็นหน้าที่ของผู้ใหญ่อย่างพวกฉันเอง!","<txt:size,1>Os jovens que vão encarar o mundão não podem se preocupar com coisinhas dessas! <wrt:break>Deixa isso com os adultos!"
,,,마이크,,1_기본,,,"<txt:size,1>이래 봬도 10년 전엔 이탈리아 무대도 밟았던 몸들이거든.","<txt:size,1>Believe it or not, we used to play in Italy 10 years ago.","<txt:size,1>こう見えても10年前にはイタリアの舞台にも立ったことあるからな。","<txt:size,1>别看我们这样，10年前也是上过意大利舞台的人。","<txt:size,1>別看我們這樣，十年前我們也是踏遍義大利球場的好嘛！","<txt:size,1>Между прочим, десять лет назад мы сами играли в Италии.","<txt:size,1>Percaya atau tidak, kami pernah main di Itali 10 tahun lalu.","<txt:size,1>Bọn chú trông thế này chứ cách đây 10 năm cũng từng thi đấu tại Ý đấy!","<txt:size,1>Aunque no lo parezca, hace diez años nosotros también jugamos en Italia.","<txt:size,1>Begini-begini, sepuluh tahun lalu kami pernah bertanding di Italia juga.","<txt:size,1>เห็นแบบนี้แต่พวกฉันก็เคยเหยียบเวทีอิตาลีมาแล้วเมื่อ 10 ปีก่อนนะ","<txt:size,1>Acreditem ou não, a gente já brilhou na Itália há uns 10 anos, viu?"
,,,데이브,,1_윙크,,joy,"<txt:size,1>숙소 예약, 공항 픽업, 로컬 가이드, 뭐든 맡기기만 해! <wrt:delay,10>핫핫핫!","<txt:size,1>Accommodation bookings, airport pickup, local guides, just leave everything to us! <wrt:delay,10>Hahaha!","<txt:size,1>宿の予約、空港ピックアップ、現地ガイド、何でも任せてくれ！<wrt:delay,10>ハッハッハ！","<txt:size,1>订酒店、机场接送、当地向导，包在我们身上！<wrt:delay,10>哈哈哈！","<txt:size,1>訂房間、機場接送、當地導遊，通通包在我們身上！<wrt:delay,10>哈哈哈！","<txt:size,1>Отель, трансфер, местный гид — все организуем! <wrt:delay,10>Ха-ха-ха!","<txt:size,1>Tempahan tempat tinggal, ambil di lapangan terbang, pemandu pelancong – serah saja pada kami! <wrt:delay,10>Hahaha!","<txt:size,1>Đặt phòng, đưa đón ở sân bay, hướng dẫn viên địa phương, cứ giao hết cho bọn chú! <wrt:delay,10>Hahaha!","<txt:size,1>Hospedaje, transporte, guía local... ¡déjenlo en nuestras manos! <wrt:delay,10>¡Jajaja!","<txt:size,1>Serahkan padaku mengenai reservasi penginapan, penjemputan bandara, pemandu lokal, atau apapun itu! <wrt:delay,10>Hahahaha!","<txt:size,1>ทั้งเรื่องจองที่พัก, ให้คนมารับที่สนามบิน หรือไกด์ท้องถิ่น ไว้ใจพวกฉันได้ทุกอย่างเลย! <wrt:delay,10>ฮ่าฮ่าฮ่า!","<txt:size,1>Deixa hotel, transporte, guia, tudo com os titios aqui! <wrt:delay,10>Hahaha!"
,,,TAG,,,,,"<cha:face,마이크,1_윙크>","<cha:face,마이크,1_윙크>","<cha:face,마이크,1_윙크>","<cha:face,마이크,1_윙크>","<cha:face,마이크,1_윙크>","<cha:face,마이크,1_윙크>","<cha:face,마이크,1_윙크>","<cha:face,마이크,1_윙크>","<cha:face,마이크,1_윙크>","<cha:face,마이크,1_윙크>","<cha:face,마이크,1_윙크>","<cha:face,마이크,1_윙크>"
,,,"데이브, 마이크",,1_기본,,,"<cha:highlight,데이브><cha:highlight,마이크><txt:size,1><txt:bold,2>넓은 세상에서 꿈을 펼치고 와! <txt:wave,1><txt:rainbow,1>kids!","<cha:highlight,데이브><cha:highlight,마이크><txt:size,1><txt:bold,2>Go chase your dreams in the big wide world! <txt:wave,1><txt:rainbow,1>Kids!","<cha:highlight,데이브><cha:highlight,마이크><txt:size,1><txt:bold,2>広い世界で夢を広げてこい！<txt:wave,1><txt:rainbow,1>kids！","<cha:highlight,데이브><cha:highlight,마이크><txt:size,1><txt:bold,2>去广阔的世界里施展你们的梦想吧！<txt:wave,1><txt:rainbow,1>kids！","<cha:highlight,데이브><cha:highlight,마이크><txt:size,1><txt:bold,2>到寬廣的世界去大展身手吧！<txt:wave,1><txt:rainbow,1>Kids！","<cha:highlight,데이브><cha:highlight,마이크><txt:size,1><txt:bold,2>Отправляйтесь покорять мир, <txt:wave,1><txt:rainbow,1>ребят!","<cha:highlight,데이브><cha:highlight,마이크><txt:size,1><txt:bold,2>Pergi kejar impian kamu di dunia luas ini! <txt:wave,1><txt:rainbow,1>Budak-budak!","<cha:highlight,데이브><cha:highlight,마이크><txt:size,1><txt:bold,2>Hãy đến để theo đuổi ước mơ trong thế giới rộng lớn! <txt:wave,1><txt:rainbow,1>Các nhóc!","<cha:highlight,데이브><cha:highlight,마이크><txt:size,1><txt:bold,2>¡Hagan realidad sus sueños en el mundo, <txt:wave,1><txt:rainbow,1>chicos!","<cha:highlight,데이브><cha:highlight,마이크><txt:size,1><txt:bold,2>Wujudkan mimpi kalian di dunia yang luas! <txt:wave,1><txt:rainbow,1>Bocah!","<cha:highlight,데이브><cha:highlight,마이크><txt:size,1><txt:bold,2>ไปทำตามความฝันในโลกกว้างมาซะนะ! <txt:wave,1><txt:rainbow,1>kids!","<cha:highlight,데이브><cha:highlight,마이크><txt:size,1><txt:bold,2>Vão conquistar o mundo e realizem seus sonhos! <txt:wave,1><txt:rainbow,1>Garotada!"
,,,백시우,,-1_정적,,sweat,"‥죄송한데, 저희가 꿈을 찾으러 가는 건 아닌데, 이거 정말 죄송해서‥","...We're not going to chase our dreams or anything like that, you really don’t have to...",...あの俺たちは別に夢のために行くわけじゃ...ないんですけど...,......那个，不好意思，我们并不是去追逐梦想什么的，这实在是太麻烦您了......,...不好意思，我們不是要去尋找夢想，而且這樣太麻煩你們了...,"Эм... простите, но мы не совсем за мечтой едем... Честно, немного неудобно...","... Kami bukan nak kejar impian ke apa pun, tak perlu pun sebenarnya...","Xin lỗi... nhưng bọn cháu đâu phải đi tìm ước mơ, thật ngại quá...","Eh... disculpen, pero no es que vayamos a buscar nuestros sueños ni nada, lo sentimos...","...Maaf, tapi kami bukan berniat untuk mencari mimpi, jadi tidak enak...",...ขอโทษนะครับ แต่เราไม่ได้จะไปทำตามความฝันอะไรหรอกครับ... แล้วให้พวกคุณช่วยขนาดนี้ ผมก็เกรงใจด้วย...,"Desculpa, mas a gente não tá indo atrás de um sonho nem nada... Desculpa mesmo..."
,,,데이브,,1_윙크,,joy,"<txt:size,1><txt:bold,2>펼치고 와! <txt:wave,1><txt:rainbow,1>kids!","<txt:size,1><txt:bold,2>Go! Chase!<txt:wave,1><txt:rainbow,1>","<txt:size,1><txt:bold,2>広げてこい！<txt:wave,1><txt:rainbow,1>kids！","<txt:size,1><txt:bold,2>施展吧！<txt:wave,1><txt:rainbow,1>kids！","<txt:size,1><txt:bold,2>去大展身手就對了！<txt:wave,1><txt:rainbow,1>Kids！","<txt:size,1><txt:bold,2>Ну и что! Мечтайте и действуйте, <txt:wave,1><txt:rainbow,1>ребятушки!","<txt:size,1><txt:bold,2>Pergi! Kejar!<txt:wave,1><txt:rainbow,1>","<txt:size,1><txt:bold,2>Theo đuổi ước mơ nào! <txt:wave,1><txt:rainbow,1>Các nhóc!","<txt:size,1><txt:bold,2>¡Hagan realidad sus sueños, <txt:wave,1><txt:rainbow,1>chicos!","<txt:size,1><txt:bold,2>Carilah mimpimu! <txt:wave,1><txt:rainbow,1>Bocah!","<txt:size,1><txt:bold,2>ไปทำตามความฝันมาซะ! <txt:wave,1><txt:rainbow,1>kids!","<txt:size,1><txt:bold,2>Vão lá e brilhem! <txt:wave,1><txt:rainbow,1>Garotada!"
,,,백시우,,-1_웃음,,,"<wrt:wait,30>‥아후, 네. 알겠습니다. 고마워요. <txt:bold,2><txt:color,orange>데이브, 마이크</txt:bold></txt:color>","<wrt:wait,30>Ha... Okay, thank you, <txt:bold,2><txt:color,orange>Dave, Mike</txt:bold></txt:color>.","<wrt:wait,30>...はぁ、はい。わかりました。ありがとうございます。<txt:bold,2><txt:color,orange>デイブ</txt:bold></txt:color>さん、<txt:bold,2><txt:color,orange>マイク</txt:bold></txt:color>さん。","<wrt:wait,30>......唉，好的。我知道了。谢谢你们，<txt:bold,2><txt:color,orange>戴夫、迈克</txt:bold></txt:color>。","<wrt:wait,30>...唉唷，好啦。我知道了。謝謝你們，<txt:bold,2><txt:color,orange>戴夫、邁克</txt:bold></txt:color>叔叔！","<wrt:wait,30>Ладно... Правда, спасибо вам, <txt:bold,2><txt:color,orange>Дейв, Майк</txt:bold></txt:color>.","<wrt:wait,30>Ha... Okay, terima kasih, <txt:bold,2><txt:color,orange>Dave, Mike</txt:bold></txt:color>.","<wrt:wait,30>À, vâng. Cháu hiểu rồi. Cảm ơn các chú <txt:bold,2><txt:color,orange>Dave, Mike</txt:bold></txt:color>.","<wrt:wait,30>Fuu... Bueno, está bien. Gracias, <txt:bold,2><txt:color,orange>Dave y Mike</txt:bold></txt:color>.","<wrt:wait,30>...Aduh, iya. Baiklah. Terima kasih banyak. <txt:bold,2><txt:color,orange>Dave dan Mike</txt:bold></txt:color>","<wrt:wait,30>...เฮ้อ เข้าใจแล้วครับ ขอบคุณนะครับ <txt:bold,2><txt:color,orange>เดฟ, ไมค์</txt:bold></txt:color>","<wrt:wait,30>Aff... Ah, tá bom... valeu demais. <txt:bold,2><txt:color,orange>Dave e Mike!</txt:bold></txt:color>"
,,,서사라,,1_미소,,,"고마워요, <txt:bold,2><txt:color,orange>데이브</txt:bold></txt:color> 씨. 이렇게 도와주실 줄은 몰랐어요.","Thank you, <txt:bold,2><txt:color,orange>Dave</txt:bold></txt:color>. I wasn't expecting you to offer this much help.","ありがとうございます、<txt:bold,2><txt:color,orange>デイブ</txt:bold></txt:color>さん、<txt:bold,2><txt:color,orange>マイク</txt:bold></txt:color>さん。こんなに助けてくださるとは思いませんでした。","谢谢您，<txt:bold,2><txt:color,orange>戴夫</txt:bold></txt:color>先生。没想到您会这样帮助我们。","謝謝你們，<txt:bold,2><txt:color,orange>戴夫</txt:bold></txt:color>叔叔。真沒想到你們會樂意幫忙。","Спасибо, <txt:bold,2><txt:color,orange>Дейв</txt:bold></txt:color>. Честно, я не думала, что вы вот так поддержите нас.","Terima kasih, <txt:bold,2><txt:color,orange>Dave</txt:bold></txt:color>. Saya tak sangka awak nak bantu sampai macam ni.","Cảm ơn chú <txt:bold,2><txt:color,orange>Dave</txt:bold></txt:color>. Không ngờ chú lại giúp đỡ tận tình thế này.","Muchas gracias, <txt:bold,2><txt:color,orange>Dave</txt:bold></txt:color>. No esperaba que nos ayudaran así.","Terima kasih ya, <txt:bold,2><txt:color,orange>Dave</txt:bold></txt:color>. Saya tidak menyangka akan dibantu seperti ini.","ขอบคุณนะคะ คุณ<txt:bold,2><txt:color,orange>เดฟ</txt:bold></txt:color> ฉันคิดไม่ถึงเลยว่าคุณจะช่วยเราขนาดนี้","Obrigada, <txt:bold,2><txt:color,orange>Dave</txt:bold></txt:color>. Não esperava tanta ajuda assim."
,,,서사라,,1_기본,nervous ,,"사실 마음이 좀 급했거든요. <txt:shake,1>계속 뭔가 걸리는 기분이 들어서‥","Actually, I was feeling a bit anxious. <txt:shake,1>I kept having this nagging feeling...","実はちょっと焦ってたんです。<txt:shake,1>ずっと何かが気になってて...","其实我心里挺着急的。<txt:shake,1>总觉得有什么事悬在心头......","其實我有點著急。<txt:shake,1>總覺得心裡不踏實...","Просто... я сильно волновалась. <txt:shake,1>Все время было чувство, будто что-то пойдет не так.","Sebenarnya, saya memang rasa sedikit gelisah. <txt:shake,1>Ada rasa tak sedap hati je...","Thực ra cháu thấy hơi gấp. <txt:shake,1>Cháu cứ cảm thấy có gì đó không ổn...","La verdad es que estaba bastante inquieta. <txt:shake,1>Sentía que algo no me dejaba tranquila...","Sebenarnya saya ingin cepat-cepat ke sana. <txt:shake,1>Rasanya ada yang terus mengganjal...","ที่จริงฉันก็แอบใจร้อนนิดหน่อยด้วยค่ะ <txt:shake,1>เพราะรู้สึกเหมือนมีบางอย่างค้างคามาตลอด...","Pra falar a verdade, eu tava bem ansiosa. <txt:shake,1>Sentia que algo não saía da minha cabeça..."
,,,서사라,,1_기본,nervous ,,지금 바로 짐을 챙길게요. 언제 출발할까요?,I’ll go and get my luggage. When are we leaving?,今すぐ用意します。いつ出発するんですか？,我现在就去收拾行李。我们什么时候出发？,我現在就去收拾行李，我們什麼時候出發？,"Так, я готова собирать чемодан. Когда отправляемся?",Saya ambil beg dulu. Bila kita bertolak?,Cháu sẽ chuẩn bị hành lý ngay. Khi nào chúng ta xuất phát ạ?,Voy a preparar las cosas ahorita. ¿Cuándo salimos?,Kalau begitu saya akan langsung bersiap-siap. Baiknya kapan kita akan berangkat?,ฉันจะไปเก็บกระเป๋าเดี๋ยวนี้เลยค่ะ จะออกเดินทางเมื่อไหร่คะ?,Vou pegar minhas coisas agora. Quando vamos sair?
,,,데이브,,1_기본,pause,quest,"음? 그건 무슨 소리지, 코치 girl?","Hum? What are you talking about, coach girl?",ん？それはどういう意味かな、コーチgirl？,嗯？这话是什么意思啊，教练丫头？,嗯？妳在說什麼啊，教練Girl？,"Что? Ты о чем вообще, девочка?","Hah? Apa maksud awak, jurulatih?","Hả? Nói vậy là sao, cô huấn luyện viên?","¿Eh? ¿Cómo que 'salimos', chica coach?","Hmm? Apa yang kamu maksud, Coach Girl?",หืม? หมายความว่ายังไงน่ะ girl นักโค้ช?,"Hã? Como assim, garota treinadora?"
,,,서사라,,1_놀람,pause,,"<wrt:delay,10>‥</wrt:delay><wrt:wait,30>네?","<wrt:delay,10>...</wrt:delay><wrt:wait,30>Sorry?","<wrt:delay,10>...</wrt:delay><wrt:wait,30>えっ？","<wrt:delay,10>...</wrt:delay><wrt:wait,30>嗯？","<wrt:delay,10>...</wrt:delay><wrt:wait,30>咦？","<wrt:delay,10>...</wrt:delay><wrt:wait,30> А?","<wrt:delay,10>...</wrt:delay><wrt:wait,30>Maaf?","<wrt:delay,10>...</wrt:delay><wrt:wait,30>Dạ?","<wrt:delay,10>...</wrt:delay><wrt:wait,30>¿Perdón?","<wrt:delay,10>...</wrt:delay><wrt:wait,30>Iya?","<wrt:delay,10>...</wrt:delay><wrt:wait,30>คะ?","<wrt:delay,10>Hum...</wrt:delay> <wrt:wait,30>Oi?"
,,,데이브,,1_기본,,,"<txt:bold,2>코치 girl은 우리랑 함께 캠프를 마무리해야지.</txt:bold> 잊은 거 아니지?","<txt:bold,2>Coach girl needs to finish the camp with us.</txt:bold> You haven't forgotten, have you?","<txt:bold,2>コーチgirlは私たちとキャンプでまだお仕事が残ってるだろ。</txt:bold>まさか忘れてたのか？","<txt:bold,2>教练丫头，你当然得跟我们一起把训练营好好收尾啊。</txt:bold>没忘吧？","<txt:bold,2>教練Girl，妳得和我們一起完成特訓營活動啊。</txt:bold>沒忘吧？","<txt:bold,2>Девочка, ты остаешься с нами до конца лагеря,</txt:bold> не забыла?","<txt:bold,2>Jurulatih kena habiskan kem dengan kami.</txt:bold> Awak tak lupa, kan?","<txt:bold,2>Cô huấn luyện viên phải ở lại hoàn thành trại cùng bọn chú chứ.</txt:bold> Cháu không quên đấy chứ hả?","<txt:bold,2>Chica, tú tienes que quedarte a cerrar el campamento con nosotros, </txt:bold>¿recuerdas?","<txt:bold,2>Coach Girl, kamu harus menyelesaikan urusan disini bersama kita.</txt:bold> Jangan bilang kamu sudah lupa?","<txt:bold,2>girl นักโค้ชต้องปิดจบค่ายไปกับพวกเราสิ</txt:bold> ไม่ได้ลืมใช่ไหม?","<txt:bold,2>Você tem que ficar até o final do acampamento com a gente. </txt:bold>Não se esqueceu disso, né?"
,,,마이크,,1_기본,,,"기다리는 학부모님들도 많고, 후배들도 잔뜩 있어.","We have a lot of parents expecting us, and many younger players as well.",待っている保護者も多いし、後輩たちもたくさんいる。,有很多等着你的家长，后辈们也一大堆呢。,不僅有很多家長在等著，還有一堆學弟妹呢。,"Нас тут все ждут. И дети, и взрослые.",Ramai ibu bapa dan pelajar baru sedang tunggu.,"Có nhiều phụ huynh đang chờ đợi, và nhiều học sinh nhỏ nữa.",Hay muchos padres esperando y los novatos también cuentan contigo.,Ada banyak orang tua dari murid dan para junior yang sedang menunggu.,พ่อแม่ผู้ปกครองที่รออยู่ก็เยอะแยะ แถมยังมีรุ่นน้องอีกเพียบเลยด้วย,"Os pais estão esperando, e tem uma galera de novatos esperando também."
,,,데이브,,1_윙크,,,"이제 자신을 보고 커가는 <txt:bold,2><txt:wave,1><txt:rainbow,1>아기새 같은 후배들</txt:bold></txt:wave></txt:rainbow>이 있단 걸 좀 더 의식해야 돼. 코치 girl~","You need to remember that you have <txt:bold,2><txt:wave,1><txt:rainbow,1>younger players who look up to you like baby birds,</txt:bold></txt:wave></txt:rainbow> coach girl~","今じゃ、自分の背中を見て育ってる<txt:bold,2><txt:wave,1><txt:rainbow,1>雛鳥のような後輩たち</txt:bold></txt:wave></txt:rainbow>がいることをもう少し意識しないとね。コーチgirl～","现在可得更清楚地意识到，有那么多<txt:bold,2><txt:wave,1><txt:rainbow,1>像雏鸟一样的后辈</txt:bold></txt:wave></txt:rainbow>，正以你为榜样，一路成长呢，教练丫头～","妳應該更清楚意識到，有許多<txt:bold,2><txt:wave,1><txt:rainbow,1>像小雛鳥般以妳為榜樣成長的學弟學妹們</txt:bold></txt:wave></txt:rainbow>，教練Girl～","Ты ответственна за <txt:bold,2><txt:wave,1><txt:rainbow,1>младших</txt:bold></txt:wave></txt:rainbow>. Они на тебя равняются, девочка.","Awak kena lebih sedar bahawa <txt:bold,2><txt:wave,1><txt:rainbow,1>ada junior yang membesar dengan mencontohi awak, macam anak burung,</txt:bold></txt:wave></txt:rainbow> jurulatih~","Cháu phải nhớ rằng có <txt:bold,2><txt:wave,1><txt:rainbow,1>những chú chim non</txt:bold></txt:wave></txt:rainbow> đang lớn lên và nhìn vào cháu đấy. Cô huấn luyện viên ~","Tienes que ser más consciente de que ahora hay más <txt:bold,2><txt:wave,1><txt:rainbow,1>jóvenes polluelos</txt:bold></txt:wave></txt:rainbow> que están creciendo al verte.","Kamu harus tahu bahwa disini ada <txt:bold,2><txt:wave,1><txt:rainbow,1>para junior seperti anak burung</txt:bold></txt:wave></txt:rainbow> yang tumbuh melihatmu. Coach Girl~","ตอนนี้เธอต้องตระหนักให้มากขึ้นนะ ว่ามี<txt:bold,2><txt:wave,1><txt:rainbow,1>บรรดารุ่นน้องที่เหมือนลูกนก</txt:bold></txt:wave></txt:rainbow> กำลังเติบโตขึ้นโดยมองดูเธอเป็นแบบอย่างน่ะ girl นักโค้ช~","Agora é importante você perceber que <txt:bold,2><txt:wave,1><txt:rainbow,1>há novatos</txt:bold></txt:wave></txt:rainbow> que te observam e se inspiram em você, garota treinadora."
,,,서사라,,1_놀람,pause,silent,"<wrt:delay,10>그런‥","<wrt:delay,10>That’s...","<wrt:delay,10>そんな...","<wrt:delay,10>这......","<wrt:delay,10>這樣啊...","<wrt:delay,10>Вот подстава...","<wrt:delay,10>Itu...","<wrt:delay,10>Cháu...","<wrt:delay,10>Oh...","<wrt:delay,10>Aduh...","<wrt:delay,10>นั่นมันก็...","<wrt:delay,10>Certo..."
,,,서사라,,1_울먹,,,"‥어쩔 수 없네. 시우야, 나 대신‥ 잘 다녀와줘.","...I guess I have no choice. Siwoo, please go... in my place",...仕方ないわね。新、私の代わりに...気をつけて行ってきてね。,......没办法了。白时宇，替我......去看看她吧，一路平安。,...沒辦法了。只好拜託你了時宇...一路順風。,"Ничего не поделаешь. Шиу, ты же поедешь?","...Tak ada pilihan. Siwoo, tolong pergi... ganti saya","Không còn cách nào khác... Siwoo, vậy cậu đi giúp tớ nhé!","Bueno, no hay más remedio. Siwoo, ve tú por mí... ¿sí?","...Sepertinya aku tidak bisa pergi. Siwoo, pergilah menggantikan diriku...",...ช่วยไม่ได้แฮะ ชีอู นายช่วย... ไปแทนฉันทีนะ,"Não tem o que fazer. Siwoo, vá por mim e faça o seu melhor."
,,,백시우,,-1_시무룩,,,"<wrt:wait,30>‥내가 혼자 가도 괜찮을까?","<wrt:wait,30>...Will it be okay for me to go on my own?","<wrt:wait,30>...俺が一人で行っても大丈夫かな？","<wrt:wait,30>......我一个人去也没关系吗？","<wrt:wait,30>...真的就我一個人去？","<wrt:wait,30>... А точно нормально, если я поеду один?","<wrt:wait,30>...Saya boleh pergi sendiri ke?","<wrt:wait,30>Tớ... đi một mình có được không?","<wrt:wait,30>¿Estás segura de que puedo ir solo...?","<wrt:wait,30>...Apa tidak apa-apa aku pergi sendiri?","<wrt:wait,30>...ฉันไปคนเดียวจะไม่เป็นไรเหรอ?","<wrt:wait,30>Tudo bem eu ir sozinho?"
,,,서사라,,1_미소,,,"걱정 마. <txt:bold,2><txt:color,orange>제니</txt:bold></txt:color>는 네가 가도 누구보다 기뻐할 거야.","Don’t worry. <txt:bold,2><txt:color,orange>Jenny</txt:bold></txt:color> will be happy to see you as well.","心配しないで。<txt:bold,2><txt:color,orange>ジェニー</txt:bold></txt:color>はあなたにも会いたがってるはずだし。","别担心。<txt:bold,2><txt:color,orange>珍妮</txt:bold></txt:color>看到你，肯定比谁都高兴。","別擔心。<txt:bold,2><txt:color,orange>珍妮</txt:bold></txt:color>看到你，一定會比誰都開心的。","Не переживай. <txt:bold,2><txt:color,orange>Дженни</txt:bold></txt:color> будет безумно рада тебя увидеть.","Jangan risau. <txt:bold,2><txt:color,orange>Jenny</txt:bold></txt:color> pun pasti suka jumpa awak.","Đừng lo. <txt:bold,2><txt:color,orange>Jenny</txt:bold></txt:color> sẽ rất vui mừng khi gặp lại cậu hơn bất kỳ ai khác đấy!","No te preocupes. <txt:bold,2><txt:color,orange>Jenny</txt:bold></txt:color> se pondrá feliz al verte, más que nadie.","Tidak apa-apa. <txt:bold,2><txt:color,orange>Jenny</txt:bold></txt:color> pasti akan merasa senang jika itu kamu.","ไม่ต้องกังวลหรอก ต่อให้นายไปหา <txt:bold,2><txt:color,orange>เจนนี่</txt:bold></txt:color>ก็คงจะดีใจยิ่งกว่าใครเลย","Fica tranquilo. A <txt:bold,2><txt:color,orange>Jenny</txt:bold></txt:color> vai ficar super feliz com você."
,,,마이크,,1_기본,,joy,"<txt:size,1>핫핫핫! 너무 서운해하지 말라고. <wrt:wait,30>자자, 다 같이 이리 모여!","<txt:size,1>Hahaha! Don't be too upset. <wrt:wait,30>C'mon, everyone huddle up!","<txt:size,1>ハッハッハ！そう落ち込むなよ。<wrt:wait,30>さあさあ、みんなこっちに集まれ！","<txt:size,1>哈哈哈！别太失落嘛。<wrt:wait,30>来来来，都到这儿集合！","<txt:size,1>哈哈哈！別太掃興了嘛。<wrt:wait,30>來來來，都過來這裡！","<txt:size,1>Ха-ха-ха! Не вешать нос! <wrt:wait,30>Все сюда — пора делать общее фото!","<txt:size,1>Hahaha! Jangan sedih. <wrt:wait,30>Mari semua, rapatkan diri!","<txt:size,1>Hahaha! Đừng buồn quá nhé. <wrt:wait,30>Nào nào, mọi người tập hợp lại đây!","<txt:size,1>¡Jajaja! Nada de caras largas. <wrt:wait,30>¡Vamos, vamos! ¡Reúnanse todos!","<txt:size,1>Hahaha! Jangan merasa sedih seperti itu. <wrt:wait,30>Ayo, coba kita berkumpul!","<txt:size,1>ฮ่าฮ่าฮ่า! อย่าเศร้าใจมากไปเลยน่า <wrt:wait,30>เอาล่ะ ทั้งหมดมารวมกันตรงนี้!","<txt:size,1>Hahaha! Não fique tão chateada. <wrt:wait,30>Vamos lá, pessoal, juntem-se aqui!"
,,,TAG,,,,,"<cha:pos,데이브,4><cha:pos,마이크,4>","<cha:pos,데이브,4><cha:pos,마이크,4>","<cha:pos,데이브,4><cha:pos,마이크,4>","<cha:pos,데이브,4><cha:pos,마이크,4>","<cha:pos,데이브,4><cha:pos,마이크,4>","<cha:pos,데이브,4><cha:pos,마이크,4>","<cha:pos,데이브,4><cha:pos,마이크,4>","<cha:pos,데이브,4><cha:pos,마이크,4>","<cha:pos,데이브,4><cha:pos,마이크,4>","<cha:pos,데이브,4><cha:pos,마이크,4>","<cha:pos,데이브,4><cha:pos,마이크,4>","<cha:pos,데이브,4><cha:pos,마이크,4>"
,,,서사라,,1_놀람,,,"엣?! 잠, 잠깐만요!",Huh?! W-wait!,えっ?！ちょ、ちょっと待ってください！,哎？！等、等一下！,欸？！等、等一下啦！,Что? Секундочку!,Hah?! T-tunggu!,Hả?! Khoan... khoan đã ạ!,¡¿Eh?! ¡U-un momento!,"Eh?! Be, bentar!",เอ๋?! ดะ เดี๋ยวก่อนค่ะ!,Ahn?! C-calma aí!
,,,TAG,,,,,"<cha:pos,서사라,4>","<cha:pos,서사라,4>","<cha:pos,서사라,4>","<cha:pos,서사라,4>","<cha:pos,서사라,4>","<cha:pos,서사라,4>","<cha:pos,서사라,4>","<cha:pos,서사라,4>","<cha:pos,서사라,4>","<cha:pos,서사라,4>","<cha:pos,서사라,4>","<cha:pos,서사라,4>"
,,,타니아,,,,," <txt:shake,1>꺅, 이거 놔!","<txt:shake,1>Yeek, let me go!","<txt:shake,1>きゃっ、ちょっと離して！","<txt:shake,1>呀，放开我！","<txt:shake,1>呀，放開我！","<txt:shake,1>Ааа, пустите!","<txt:shake,1>Aduh, lepaskan!","<txt:shake,1>Aaa, buông ra!","<txt:shake,1>¡Oye, suéltame!","<txt:shake,1>Kyaah, lepaskan aku!","<txt:shake,1>กรี๊ด ปล่อยนะ!","<txt:shake,1>Ai, me solta!"
,,,TAG,,,,,"<sys:quiet,600>","<sys:quiet,600>","<sys:quiet,600>","<sys:quiet,600>","<sys:quiet,600>","<sys:quiet,600>","<sys:quiet,600>","<sys:quiet,600>","<sys:quiet,600>","<sys:quiet,600>","<sys:quiet,600>","<sys:quiet,600>"
,,,데이브,,,,,"<txt:size,1>코치 boy, 너도 멀뚱히 서 있지 말고 와!","<txt:size,1>Coach boy, don't just stand there staring, come join us!","<txt:size,1>コーチboy、君もぼんやり立っていないで来なさい！","<txt:size,1>教练boy，你也别傻站着了，过来！","<txt:size,1>教練Boy，你也別傻站著，快過來啊！","<txt:size,1>Парень, не стой столбом. Иди сюда!","<txt:size,1>Jurulatih lelaki, jangan tercegat, mari sekali!","<txt:size,1>Cậu huấn luyện viên, đừng đứng đó mà hãy lại đây!","<txt:size,1>Oye, chico coach, no te quedes ahí parado, ¡ven también!","<txt:size,1>Coach Boy, kamu jangan diam disana dan cepat kesini!","<txt:size,1>boy นักโค้ช นายก็อย่าเอาแต่ยืนเหม่อแล้วรีบมานี่ซะ!","<txt:size,1>Ei, garoto treinador, não fica aí parado, vem cá!"
,,,TAG,,,,,"<cha:pos,백시우,4>","<cha:pos,백시우,4>","<cha:pos,백시우,4>","<cha:pos,백시우,4>","<cha:pos,백시우,4>","<cha:pos,백시우,4>","<cha:pos,백시우,4>","<cha:pos,백시우,4>","<cha:pos,백시우,4>","<cha:pos,백시우,4>","<cha:pos,백시우,4>","<cha:pos,백시우,4>"
,,,TAG,,,,,"<sys:bgm,BGM_MEET_SIWOO,600>","<sys:bgm,BGM_MEET_SIWOO,600>","<sys:bgm,BGM_MEET_SIWOO,600>","<sys:bgm,BGM_MEET_SIWOO,600>","<sys:bgm,BGM_MEET_SIWOO,600>","<sys:bgm,BGM_MEET_SIWOO,600>","<sys:bgm,BGM_MEET_SIWOO,600>","<sys:bgm,BGM_MEET_SIWOO,600>","<sys:bgm,BGM_MEET_SIWOO,600>","<sys:bgm,BGM_MEET_SIWOO,600>","<sys:bgm,BGM_MEET_SIWOO,600>","<sys:bgm,BGM_MEET_SIWOO,600>"
,,,데이브,,,,,"여행을 떠나기 전에는 사진을 남기는 게 도리지. 핫핫핫, 다 모여! 기념사진을 남기자고!","A photo is a must before going on a trip. Hahaha, everyone gather around! Let's take a commemorative picture!",旅に出る前には写真を残すのが礼儀ってもんだ。ハッハッハ、集まれ！記念写真を撮ろう！,出发旅行前合影留念是规矩。哈哈哈，都过来！我们来拍张纪念照！,老樣子出遠門前得先拍張照留念！哈哈哈，都過來！來拍張紀念照！,"Ну что за поездка без фотки на память? Ха-ха-ха, все в кадр!","Gambar wajib sebelum lawatan. Hahaha, rapat semua! Gambar kenangan!","Trước khi đi du lịch phải để lại một tấm ảnh chứ. Hahaha, tất cả tập hợp! Lưu lại một tấm ảnh kỷ niệm nào!","Antes de viajar hay que sacarse una buena foto de recuerdo. Jajaja, ¡vamos, júntense! ¡Saquémonos una foto de recuerdo!","Sangat penting untuk berfoto bersama sebelum pergi jalan-jalan. Hahaha, ayo cepat berkumpul! Mari kita tinggalkan foto kenang-kenangan!",ก่อนจะออกเดินทางก็ต้องถ่ายรูปเก็บไว้เป็นธรรมเนียมหน่อยสิ ฮ่าฮ่าฮ่า มารวมกันให้หมดเลย! มาถ่ายรูปที่ระลึกกัน!,"Não pode faltar uma foto antes de partir para a viagem, não é? Hahaha, pessoal, vem todo mundo aqui! Vamos tirar uma foto para marcar o momento!"
,,,데이브,,,,,크리스마스 트리가 잘 보이게 서고!,Everyone line up so the Christmas tree can be seen!,クリスマスツリーがよく見えるように立って！,站好，圣诞树也拍进来！,把聖誕樹也一起拍進來！,"Встаньте так, чтобы елку видно было!","Berbaris, pastikan pokok Krismas nampak!",Đứng làm sao để thấy được cả cây thông Giáng sinh nhé!,¡Pónganse donde se vea bien el árbol de Navidad!,Jangan halangi pohon natal!,ยืนให้เห็นต้นคริสต์มาสชัดๆ ด้วยนะ!,Fiquem em pé para que a árvore de Natal apareça bem!
,,,TAG,,,,,"<cha:pos,백시우,0><cha:pos,서사라,-1><cha:pos,정다희,1><cha:pos,타니아,-2><cha:pos,마이크,2>","<cha:pos,백시우,0><cha:pos,서사라,-1><cha:pos,정다희,1><cha:pos,타니아,-2><cha:pos,마이크,2>","<cha:pos,백시우,0><cha:pos,서사라,-1><cha:pos,정다희,1><cha:pos,타니아,-2><cha:pos,마이크,2>","<cha:pos,백시우,0><cha:pos,서사라,-1><cha:pos,정다희,1><cha:pos,타니아,-2><cha:pos,마이크,2>","<cha:pos,백시우,0><cha:pos,서사라,-1><cha:pos,정다희,1><cha:pos,타니아,-2><cha:pos,마이크,2>","<cha:pos,백시우,0><cha:pos,서사라,-1><cha:pos,정다희,1><cha:pos,타니아,-2><cha:pos,마이크,2>","<cha:pos,백시우,0><cha:pos,서사라,-1><cha:pos,정다희,1><cha:pos,타니아,-2><cha:pos,마이크,2>","<cha:pos,백시우,0><cha:pos,서사라,-1><cha:pos,정다희,1><cha:pos,타니아,-2><cha:pos,마이크,2>","<cha:pos,백시우,0><cha:pos,서사라,-1><cha:pos,정다희,1><cha:pos,타니아,-2><cha:pos,마이크,2>","<cha:pos,백시우,0><cha:pos,서사라,-1><cha:pos,정다희,1><cha:pos,타니아,-2><cha:pos,마이크,2>","<cha:pos,백시우,0><cha:pos,서사라,-1><cha:pos,정다희,1><cha:pos,타니아,-2><cha:pos,마이크,2>","<cha:pos,백시우,0><cha:pos,서사라,-1><cha:pos,정다희,1><cha:pos,타니아,-2><cha:pos,마이크,2>"
,,,데이브,,,,,"코치 boy, 한국에선 사진 찍기 전에 뭐라 한다더라?","Coach boy, what do they say in Korea before taking a photo?",コーチboy、日本で写真を撮る時の掛け声はなんて言うんだい？,教练boy，听说在韩国拍照前会说什么？,教練Boy，你們拍照前不是都說什麼來著？,"Парень, напомни, что у вас в Корее говорят, когда фотографируются?","Jurulatih lelaki, apa orang Korea cakap sebelum ambil gambar?","Cậu huấn luyện viên, ở Hàn Quốc trước khi chụp ảnh người ta nói gì nhỉ?","Chico coach, ¿Cómo dicen en Corea antes de sacarse una foto?","Coach Boy, apa itu yang biasa dikatakan oleh orang korea sebelum foto?",boy นักโค้ช ที่เกาหลีเขาพูดคำว่าอะไรกันก่อนถ่ายรูปนะ?,"Garoto treinador, o que as pessoas falam na Coreia do Sul antes de tirar uma foto?"
,,,백시우,,-1_정적,,,"기, 김치요‥?","Ki, kimchi...?",チ、チーズですか...？,泡、泡菜......？,起、起司...之類的嗎？,К-к-кимчи?..,"Ki, kimchi...?",Kim... Kimchi ạ...,¿'Kimchi'...?,"Ki, kimchi...?",กะ กิมจิเหรอครับ...?,K-kimchi?
,,,데이브,,,,,"<txt:size,1>오, 바로 그거지!","<txt:size,1>Oh yes, that’s right!","<txt:size,1>おお、それだ！","<txt:size,1>哦，就是那个！","<txt:size,1>對，就是那個啦！","О! То, что нужно!","<txt:size,1>Ya, betul tu!","<txt:size,1>Ồ, đúng rồi!","<txt:size,1>¡Eso! ¡Hagámoslo!","<txt:size,1>Oh ya, itu!","<txt:size,1>โอ้ ใช่เลย!","<txt:size,1>Ah, é isso mesmo!"
,,,데이브,,,,,"<txt:size,1>하나, 둘, 김치—!","<txt:size,1>One, two, kimchi—!","<txt:size,1>はい、チーズ！","<txt:size,1>一、二、泡菜—！","<txt:size,1>一、二、起～司～！","Раз, два, кимчи-и-и!","<txt:size,1>Satu, dua, kimchi—!","<txt:size,1>Một, hai, kimchi!!!","<txt:size,1>¡Uno, dos, 'Kimchi'!","<txt:size,1>Satu, dua, kimchi—!","<txt:size,1>หนึ่ง, สอง, กิมจิ—!","<txt:size,1>Um, dois, três, kimchi!"
,,,TAG,,,,,</cha:qhide>,</cha:qhide>,</cha:qhide>,</cha:qhide>,</cha:qhide>,</cha:qhide>,</cha:qhide>,</cha:qhide>,</cha:qhide>,</cha:qhide>,</cha:qhide>,</cha:qhide>
,,,-,,,,,"<cha:highlight><txt:bold,2>(찰칵)","<cha:highlight><txt:bold,2>(Click)","<cha:highlight><txt:bold,2>(カシャッ)","<cha:highlight><txt:bold,2>(咔嚓)","<cha:highlight><txt:bold,2>(喀嚓！)","<cha:highlight><txt:bold,2>(Щелк)","<cha:highlight><txt:bold,2>(Klik)","<cha:highlight><txt:bold,2>(Tách)","<cha:highlight><txt:bold,2>(Clic)","<cha:highlight><txt:bold,2>(Ceklek)","<cha:highlight><txt:bold,2>(แชะ)","<cha:highlight><txt:bold,2>(Clic)"
2,경기 전,#,MAP,,,,,콜로세움,콜로세움,콜로세움,콜로세움,콜로세움,콜로세움,콜로세움,콜로세움,콜로세움,콜로세움,콜로세움,콜로세움
,,#,BGM,,,,,BGM_NEW_BEGINNING,BGM_NEW_BEGINNING,BGM_NEW_BEGINNING,BGM_NEW_BEGINNING,BGM_NEW_BEGINNING,BGM_NEW_BEGINNING,BGM_NEW_BEGINNING,BGM_NEW_BEGINNING,BGM_NEW_BEGINNING,BGM_NEW_BEGINNING,BGM_NEW_BEGINNING,BGM_NEW_BEGINNING
,,#,백시우,-2,-2_기쁨,,,,,,,,,,,,,,
,,#,정다희,2,-1_기본,,,,,,,,,,,,,,
,,#,오아시스,4,1_기본,,,,,,,,,,,,,,
,,#,이사벨,4,1_기본,,,,,,,,,,,,,,
,,,-,,,,,"<txt:bold,3><txt:color,grey>~발리볼 콜로세움~","<txt:bold,3><txt:color,grey>Volleyball Colosseum","<txt:bold,3><txt:color,grey>～バレーボール・コロッセオ～","<txt:bold,3><txt:color,grey>～排球竞技场～","<txt:bold,3><txt:color,grey>～排球競技場～","<txt:bold,3><txt:color,grey>Волейбольный Колизей","<txt:bold,3><txt:color,grey>Colosseum Bola Tampar","<txt:bold,3><txt:color,grey>~ Đấu Trường Bóng Chuyền ~","<txt:bold,3><txt:color,grey>~Coliseo de vóleibol~","<txt:bold,3><txt:color,grey>~Volleyball Colosseum~","<txt:bold,3><txt:color,grey>~วอลเลย์บอลโคลอสเซียม~","<txt:bold,3><txt:color,grey>Coliseu de Vôlei"
,,,백시우,,,,,"따뜻한 햇살, 신선한 바람, 맑은 하늘! <wrt:delay,1><txt:bold,2><txt:shake,1>드디어 로마다!</txt:bold></txt:shake>","Warm sunshine, fresh wind, clear skies! <wrt:delay,1><txt:bold,2><txt:shake,1>We’re finally in Rome!</txt:bold></txt:shake>","暖かい陽の光、新鮮な風、澄んだ空！<wrt:delay,1><txt:bold,2><txt:shake,1>これぞローマ！</txt:bold></txt:shake>","温暖的阳光，清新的微风，明媚的蓝天！ <wrt:delay,1><txt:bold,2><txt:shake,1>终于到罗马啦！</txt:bold></txt:shake>","溫暖的陽光、清新的微風、晴朗的天空！<wrt:delay,1><txt:bold,2><txt:shake,1>終於到羅馬啦！</txt:bold></txt:shake>","Солнышко, ветерок, чистое небо... <wrt:delay,1><txt:bold,2><txt:shake,1>Наконец-то мы в Риме!</txt:bold></txt:shake>","Matahari hangat, angin segar, langit cerah! <wrt:delay,1><txt:bold,2><txt:shake,1>Kita akhirnya sampai di Rom!</txt:bold></txt:shake>","Ánh nắng ấm áp, gió mát, bầu trời trong xanh! <wrt:delay,1><txt:bold,2><txt:shake,1>Cuối cùng cũng đã đến Rome!</txt:bold></txt:shake>","¡Sol cálido, brisa fresca y cielo despejado! <wrt:delay,1><txt:bold,2><txt:shake,1>¡Por fin estamos en Roma!</txt:bold></txt:shake>","Sinar matahari yang hangat, angin yang segar, dan langit yang terang! <wrt:delay,1><txt:bold,2><txt:shake,1>Akhirnya aku sampai di Roma!</txt:bold></txt:shake>","แสงแดดอันอบอุ่น, สายลมที่เย็นชื่นใจ, ท้องฟ้าที่แสนสดใส! <wrt:delay,1><txt:bold,2><txt:shake,1>ในที่สุดก็มาถึงโรมแล้ว!</txt:bold></txt:shake>","Sol quentinho, vento fresco e céu azul! <wrt:delay,1><txt:bold,2><txt:shake,1>Finalmente estamos em Roma!</txt:bold></txt:shake>"
,,,정다희,,,,,"음음~ 시우. <wrt:wait,30>로마에 오니까 한껏 들떴구나?","Hum~ Siwoo. <wrt:wait,30>You're quite excited now that you're in Rome, aren't you?","新ったら。<wrt:wait,30>ローマに来て浮かれてるみたいね？","嗯嗯～ 白时宇。<wrt:wait,30>一到罗马，瞧你兴奋的。","嗯嗯～時宇。<wrt:wait,30>一到羅馬，整個人都興奮起來啦？","Ого, Шиу, <wrt:wait,30>тебя как подменили, аж прыгаешь от счастья!","Hum~ Siwoo. <wrt:wait,30>Seronok betul nampaknya bila dah sampai Rom?","Mmm~ Siwoo. <wrt:wait,30>Đến Rome rồi nên cậu phấn khích quá nhỉ?","Mmm... Siwoo, <wrt:wait,30>veo que estás emocionado por estar en Roma.","Hmm~ Siwoo. <wrt:wait,30>Sepertinya kamu merasa sangat bersemangat setelah sampai di Roma!","แหม~ ชีอู <wrt:wait,30>พอมาถึงโรม นายก็ดูตื่นเต้นจังเลยนะ?","Humm... Siwoo... <wrt:wait,30>Chegou em Roma e já tá todo empolgado, né?"
,,,백시우,,-1_웃음,,,"그야 어떻게 신나지 않을 수 있겠어? <txt:wave,1>하아~ 확실히 록웰보다 따뜻해서 살 것 같아.</txt:wave>","How can I not be! <txt:wave,1>It’s so much warmer than Rockwell.</txt:wave>","そりゃ当たり前だろ？<txt:wave,1>はぁ～確かにロックウェルより暖かくていいね。</txt:wave>","那当然啦，怎么可能不兴奋嘛！<txt:wave,1>哈啊～ 这里确实比洛克威尔暖和多了，感觉整个人都舒坦了。</txt:wave>","怎麼可能不興奮啊？<txt:wave,1>呼啊～這裡確實比洛克威爾暖和多了，感覺整個人都活過來了。</txt:wave>","Еще бы! <txt:wave,1>После Роквелла тут просто курорт.<txt:wave,1>","Mestilah! <txt:wave,1>Jauh lebih panas dari Rockwell.</txt:wave>","Làm sao mà không phấn khích được chứ? <txt:wave,1>Ha ah ~ Chắc chắn ấm hơn Rockwell nhiều, cảm giác sống lại rồi.</txt:wave>","¿Cómo no estarlo? <txt:wave,1>Ay, definitivamente es más cálido que Rockwell, me encanta.</txt:wave>","Tentu saja, bagaimana bisa aku tidak senang? <txt:wave,1>Hahhh~ Cuaca disini juga lebih hangat daripada di Rockwell.</txt:wave>","จะไม่ให้ตื่นเต้นได้ยังไงล่ะ? <txt:wave,1>ฮ้า~ ค่อยยังชั่วจริงๆ อบอุ่นกว่าร็อกเวลเยอะเลย</txt:wave>","Como não ficaria empolgado? <txt:wave,1>Aah! Tá mais quente do que Rockwell. Tá uma maravilha!</txt:wave>"
,,,백시우,,-1_엥,,,"자, 어디 보자. <txt:bold,2><txt:color,orange>데이브</txt:bold></txt:color> 씨가 <txt:bold,2>콜로세움</txt:bold> 근처에서 누가 우릴 기다리고 있다고 했는데‥","Let’s see. <txt:bold,2><txt:color,orange>Dave</txt:bold></txt:color> said that someone will be waiting for us near the <txt:bold,2>Colosseum</txt:bold>...","さて、どれどれ。<txt:bold,2><txt:color,orange>デイブ</txt:bold></txt:color>さんが<txt:bold,2>コロッセオ</txt:bold>の近くで誰かが俺たちを待っているって言ってたけど...","来，我看看。<txt:bold,2><txt:color,orange>戴夫</txt:bold></txt:color>先生说在<txt:bold,2>竞技场</txt:bold>附近有人在等我们......","好啦，我看看喔。<txt:bold,2><txt:color,orange>戴夫</txt:bold></txt:color>叔叔說會有人在<txt:bold,2>競技場</txt:bold>附近等我們...","Так, посмотрим... <txt:bold,2><txt:color,orange>Дейв</txt:bold></txt:color> говорил, кто-то должен ждать нас у <txt:bold,2>Колизея</txt:bold>...","Cuba tengok. <txt:bold,2><txt:color,orange>Dave</txt:bold></txt:color> cakap ada orang tunggu dekat <txt:bold,2>Colosseum</txt:bold>...","Để xem nào! <txt:bold,2><txt:color,orange>Chú Dave</txt:bold></txt:color> nói rằng có người đang đợi chúng ta gần <txt:bold,2>Đấu Trường</txt:bold>...","Veamos... <txt:bold,2><txt:color,orange>Dave</txt:bold></txt:color> dijo que alguien nos estaría esperando cerca del <txt:bold,2>Coliseo</txt:bold>...","Kalau begitu, coba ku lihat. <txt:bold,2><txt:color,orange>Dave</txt:bold></txt:color> bilang ada orang yang sedang menunggu kita di dekat <txt:bold,2>Colosseum</txt:bold>...","เอาล่ะ ไหนดูซิ เห็นคุณ<txt:bold,2><txt:color,orange>เดฟ</txt:bold></txt:color>บอกว่ามีคนรอเราอยู่แถวๆ <txt:bold,2>โคลอสเซียม</txt:bold>นะ...","Bom, vamos ver... O <txt:bold,2><txt:color,orange>Dave</txt:bold></txt:color> disse que alguém vai nos esperar perto do <txt:bold,2>Coliseu</txt:bold>..."
,,,TAG,,,,,"<sys:quiet,600>","<sys:quiet,600>","<sys:quiet,600>","<sys:quiet,600>","<sys:quiet,600>","<sys:quiet,600>","<sys:quiet,600>","<sys:quiet,600>","<sys:quiet,600>","<sys:quiet,600>","<sys:quiet,600>","<sys:quiet,600>"
,,,???,,,,,"오랜만이야. <txt:bold,2>두 사람 다 잘 지냈어?","Long time no see. <txt:bold,2>How have you guys been doing?","久しぶりだね。<txt:bold,2>二人とも元気だった？","好久不见。<txt:bold,2>你们俩都还好吧？","好久不見。<txt:bold,2>你們兩個都還好嗎？","Сколько лет, сколько зим! <txt:bold,2>Как вы там?","Lama tak jumpa. <txt:bold,2>Apa khabar semua?","Lâu rồi không gặp. <txt:bold,2>Hai đứa vẫn khỏe chứ?","Cuánto tiempo. <txt:bold,2>¿Cómo han estado los dos?","Lama tak jumpa. <txt:bold,2>Bagaimana kabar kalian?","ไม่ได้เจอกันนานเลย <txt:bold,2>ทั้งสองคนสบายดีไหม?","Há quanto tempo, <txt:bold,2>como vocês dois estão?"
,,,백시우,,-2_기쁨,pause,,"<wrt:delay,10>이 목소리는‥ </wrt:delay><txt:shake,1><txt:size,2><txt:bold,2><txt:color,orange>오아시스</txt:bold></txt:color>!","<wrt:delay,10>This voice is... </wrt:delay><txt:shake,1><txt:size,2><txt:bold,2><txt:color,orange>Oasis</txt:bold></txt:color>!","<wrt:delay,10>この声は...</wrt:delay><txt:shake,1><txt:size,2><txt:bold,2><txt:color,orange>オアシス</txt:bold></txt:color>選手！","<wrt:delay,10>这声音是......</wrt:delay><txt:shake,1><txt:size,2><txt:bold,2><txt:color,orange>绿洲</txt:bold></txt:color>！","<wrt:delay,10>這個聲音是...</wrt:delay><txt:shake,1><txt:size,2><txt:bold,2><txt:color,orange>綠洲</txt:bold></txt:color>！","<wrt:delay,10>Не может быть... </wrt:delay><txt:shake,1><txt:size,2><txt:bold,2><txt:color,orange>Оазис</txt:bold></txt:color>!","<wrt:delay,10>Suara ni... </wrt:delay><txt:shake,1><txt:size,2><txt:bold,2><txt:color,orange>Oasis</txt:bold></txt:color>!","<wrt:delay,10>Giọng nói này... </wrt:delay><txt:shake,1><txt:size,2><txt:bold,2><txt:color,orange>anh Oasis</txt:bold></txt:color>!","<wrt:delay,10>Esa voz es... ¡</wrt:delay><txt:shake,1><txt:size,2><txt:bold,2><txt:color,orange>Oasis</txt:bold></txt:color>!","<wrt:delay,10>Suara ini bukankah... </wrt:delay><txt:shake,1><txt:size,2><txt:bold,2><txt:color,orange>Oasis</txt:bold></txt:color>!","<wrt:delay,10>เสียงนี้มัน... </wrt:delay><txt:shake,1><txt:size,2><txt:bold,2><txt:color,orange>โอเอซิส</txt:bold></txt:color>!","<wrt:delay,10>Essa voz... </wrt:delay><txt:shake,1><txt:size,2><txt:bold,2><txt:color,orange>É o Oásis</txt:bold></txt:color>!"
,,,TAG,,,,,"<sys:bgm,BGM_MEET_OASIS,600>","<sys:bgm,BGM_MEET_OASIS,600>","<sys:bgm,BGM_MEET_OASIS,600>","<sys:bgm,BGM_MEET_OASIS,600>","<sys:bgm,BGM_MEET_OASIS,600>","<sys:bgm,BGM_MEET_OASIS,600>","<sys:bgm,BGM_MEET_OASIS,600>","<sys:bgm,BGM_MEET_OASIS,600>","<sys:bgm,BGM_MEET_OASIS,600>","<sys:bgm,BGM_MEET_OASIS,600>","<sys:bgm,BGM_MEET_OASIS,600>","<sys:bgm,BGM_MEET_OASIS,600>"
,,,TAG,,,,,"<cha:pos,정다희,0>","<cha:pos,정다희,0>","<cha:pos,정다희,0>","<cha:pos,정다희,0>","<cha:pos,정다희,0>","<cha:pos,정다희,0>","<cha:pos,정다희,0>","<cha:pos,정다희,0>","<cha:pos,정다희,0>","<cha:pos,정다희,0>","<cha:pos,정다희,0>","<cha:pos,정다희,0>"
,,,오아시스,2,1_웃음,,joy,"후후, 마침 이탈리아에서 시간을 보내고 있었거든. <txt:bold,2>뜨거운 태양이 있는 곳이라면 어디든 내가 있지!</txt:size></txt:bold>","Hoho, I was already spending time in Italy. <txt:bold,2>If there's a hot sun, count me in to be there!</txt:size></txt:bold>","ハハッ、ちょうどイタリアで時間を過ごしていたんだ。<txt:bold,2>熱い太陽があるところが俺の居場所さ！</txt:size></txt:bold>","呵呵，我正好在意大利这边待着呢。<txt:bold,2>只要有火热太阳的地方，就少不了我！</txt:size></txt:bold>","呵呵，我剛好在義大利度假呢。<txt:bold,2>只要是炙熱太陽會出現的地方，就少不了我！</txt:size></txt:bold>","Вот решил в Италии немного задержаться. <txt:bold,2>Где солнце — там и я!</txt:size></txt:bold>","Hoho, saya dah lama di Itali. <txt:bold,2>Kalau ada matahari terik, saya pasti ada!</txt:size></txt:bold>","Hehe, tình cờ tôi cũng đang ở Ý. <txt:bold,2>Nơi nào có mặt trời rực rỡ, nơi đó sẽ có tôi!</txt:size></txt:bold>","Jeje, justo estoy pasando un tiempo en Italia. <txt:bold,2>¡Donde haya un sol ardiente, ahí estaré yo!</txt:size></txt:bold>","Huhu, kebetulan aku sedang menghabiskan waktu di Italia. <txt:bold,2>Aku selalu ada jika itu tempat yang disinari oleh matahari yang panas!</txt:size></txt:bold>","หึหึ ฉันกำลังใช้เวลาอยู่ในอิตาลีพอดีเลยน่ะ <txt:bold,2>ทุกที่ที่มีดวงอาทิตย์อันร้อนระอุ ก็ย่อมมีฉันเสมอ!</txt:size></txt:bold>","Hahaha, tava passando um tempo na Itália. <txt:bold,2>Onde tiver sol quente, lá estarei!</txt:size></txt:bold>"
,,,???,,,,,"시우야, 오늘도 강한 스파이크를 때릴 준비는 되어 있니?","Siwoo, are you ready to spike today?",新、今日も強いスパイクを打つ準備はできてる？,白时宇，今天也准备好打出猛烈的扣球了吗？,時宇，今天也準備好打出超猛的扣球了嗎？,"Шиу, готов сегодня снова показать мощный нападающий удар?","Siwoo, dah sedia nak merejam dengan kuat hari ini?","Siwoo, hôm nay cậu đã sẵn sàng tung những cú đập bóng mạnh mẽ chưa?","Siwoo, ¿estás listo para soltar un remate fuerte hoy también?","Siwoo, apa kamu sudah siap untuk memukul Spike yang kuat pada hari ini juga?",ชีอู วันนี้นายก็พร้อมจะทำการตบอย่างทรงพลังรึเปล่า?,"Siwoo, preparado para mandar aquela cortada forte hoje?"
,,,백시우,,,,,"<txt:size,2><txt:shake,1><txt:bold,2><txt:color,orange>이사벨</txt:bold></txt:color> 씨까지!</txt:size></txt:shake>","<txt:size,2><txt:shake,1><txt:bold,2><txt:color,orange>Isabel</txt:bold></txt:color> too!</txt:size></txt:shake>","<txt:size,2><txt:shake,1><txt:bold,2><txt:color,orange>イザベル</txt:bold></txt:color>さんまで！</txt:size></txt:shake>","<txt:size,2><txt:shake,1><txt:bold,2><txt:color,orange>伊莎贝尔</txt:bold></txt:color>小姐也来了！</txt:size></txt:shake>","<txt:size,2><txt:shake,1><txt:bold,2><txt:color,orange>伊莎貝爾</txt:bold></txt:color>前輩也來了！</txt:size></txt:shake>","<txt:size,2><txt:shake,1><txt:bold,2><txt:color,orange>Изабель!</txt:bold></txt:color> </txt:size></txt:shake>","<txt:size,2><txt:shake,1><txt:bold,2><txt:color,orange>Isabel</txt:bold></txt:color> pun ada!</txt:size></txt:shake>","Có cả <txt:size,2><txt:shake,1><txt:bold,2><txt:color,orange>chị Isabel</txt:bold></txt:color> nữa!</txt:size></txt:shake>","¡Incluso <txt:size,2><txt:shake,1><txt:bold,2><txt:color,orange>Isabel</txt:bold></txt:color> está aquí!</txt:size></txt:shake>","<txt:size,2><txt:shake,1><txt:bold,2><txt:color,orange>Isabel</txt:bold></txt:color> juga!</txt:size></txt:shake>","<txt:size,2><txt:shake,1>คุณ<txt:bold,2><txt:color,orange>อิซาเบล</txt:bold></txt:color>ก็อยู่ด้วย!</txt:size></txt:shake>","Até a <txt:size,2><txt:shake,1><txt:bold,2><txt:color,orange>Isabel </txt:bold></txt:color> está aqui!</txt:size></txt:shake>"
,,,TAG,,,,,"<cha:pos,정다희,-1><cha:pos,오아시스,1>","<cha:pos,정다희,-1><cha:pos,오아시스,1>","<cha:pos,정다희,-1><cha:pos,오아시스,1>","<cha:pos,정다희,-1><cha:pos,오아시스,1>","<cha:pos,정다희,-1><cha:pos,오아시스,1>","<cha:pos,정다희,-1><cha:pos,오아시스,1>","<cha:pos,정다희,-1><cha:pos,오아시스,1>","<cha:pos,정다희,-1><cha:pos,오아시스,1>","<cha:pos,정다희,-1><cha:pos,오아시스,1>","<cha:pos,정다희,-1><cha:pos,오아시스,1>","<cha:pos,정다희,-1><cha:pos,오아시스,1>","<cha:pos,정다희,-1><cha:pos,오아시스,1>"
,,,이사벨,2,1_기본,,,"흐흐, 어쩐지 더 듬직해졌는걸?","Haha, you’ve become more mature than before!",フフ、何だか頼もしくなったんじゃない？,嘻嘻，感觉你变强壮了呢？,呵呵，你好像變得更穩重了呢？,"Смотри-ка, каким ты стал! Более уверенным, что ли.","Haha, kau dah makin matang!","Hehe, cậu đã trở nên chững chạc hơn trước rồi đấy!","Jeje, te ves más seguro que antes.","Hehe, kamu terlihat jauh lebih baik daripada sebelumnya!",ฮิฮิ นายดูแข็งแรงขึ้นนะ?,"Haha, você parece estar mais maduro agora, hein?"
,,,이사벨,,1_기본,nervous,,"네 스파이크가 얼마나 성장했는지 직접 확인해보고 싶어‥ <txt:shake,1>생각만 해도 짜릿해!</txt:shake>","I want to see how strong your spike has become with my own eyes... <txt:shake,1>Just thinking about it gives me shivers!</txt:shake>","あなたのスパイクがどれだけ成長したか直接確かめてみたいわ...<txt:shake,1>考えただけでゾクゾクするわ！</txt:shake>","我想亲眼见识一下你的扣球进步了多少......<txt:shake,1>光是想想就让人热血沸腾！</txt:shake>","真想親眼看看你的扣球進步了多少...<txt:shake,1>光用想的就讓我熱血沸騰！</txt:shake>","Мне не терпится проверить, насколько ты стал сильнее... <txt:shake,1>Аж мурашки по коже!</txt:shake>","Aku nak tengok sendiri sejauh mana rejaman kau dah meningkat... <txt:shake,1>Fikir saja pun dah rasa teruja!</txt:shake>","Tớ rất muốn tận mắt xem những cú đập bóng của cậu đã tiến bộ thế nào... <txt:shake,1>chỉ nghĩ thôi đã thấy hào hứng rồi!</txt:shake>","Tengo muchas ganas de comprobar por mí misma cuánto ha mejorado tu remate... <txt:shake,1>¡Solo de pensarlo me estremezco!</txt:shake>","Aku ingin merasakan sendiri seberapa besar perkembangan spike-mu... <txt:shake,1>Membayangkannya saja bikin berdebar!</txt:shake>","ฉันอยากสัมผัสด้วยตัวเองว่าการตบของนายพัฒนาขึ้นขนาดไหน... <txt:shake,1>แค่คิดก็ตื่นเต้นแล้ว!</txt:shake>","Estou louca pra ver o quanto sua cortada melhorou... <txt:shake,1>Só de pensar nisso, já fico animada!</txt:shake>"
,,,오아시스,,1_기본,,,"자자, 아직 시우는 도착한 지 얼마 안 됐잖아. 일단 <txt:bold,2>로마</txt:bold>를 좀 보여줘야지.","Now now, Siwoo just arrived. Let’s at least give him a tour around <txt:bold,2>Rome</txt:bold> first.","まあまあ、新はまだ到着したばかりだろう。まずは<txt:bold,2>ローマ</txt:bold>を少し案内しないと。","好啦好啦，白时宇才刚到嘛。总得先带他领略一下<txt:bold,2>罗马</txt:bold>的风光吧。","好了好了，人家才剛到沒多久嘛。總得先帶他好好逛逛<txt:bold,2>羅馬</txt:bold>吧。","Притормози, Шиу только приехал. Пусть для начала <txt:bold,2>город</txt:bold> посмотрит.","Sudahlah tu, Siwoo baru sampai. Biar dia jalan-jalan dulu di <txt:bold,2>Rom</txt:bold>.","Thôi nào, Siwoo vừa mới đến thôi. Trước tiên hãy cho cậu ấy tham quan <txt:bold,2>Rome</txt:bold> một chút đã.","Bueno, bueno. Siwoo acaba de llegar. Primero hay que enseñarle un poco de <txt:bold,2>Roma</txt:bold>, ¿no?","Sudah-sudah, Siwoo belum lama ini sampai. Untuk sekarang mari kita perkenalkan <txt:bold,2>Roma</txt:bold> padanya.","เอาล่ะๆ ชีอูเพิ่งมาถึงได้ไม่นานเองนะ ให้เขาได้เที่ยวชม<txt:bold,2>โรม</txt:bold>สักหน่อยเถอะ","Calma, o Siwoo acabou de chegar. Primeiro, vamos mostrar um pouco de <txt:bold,2>Roma</txt:bold> pra ele!"
,,,오아시스,,1_웃음,pause,,"지난번엔 경기만 하고 돌아갔으니, <txt:wave,1>이번엔 좀 여유롭게 돌아보는 게 어때?","Last time you came, you went straight back after the match. <txt:wave,1>Why not take it easy and look around a bit this time?","前回は試合だけして帰ったんだから、<txt:wave,1>今回はゆっくり見て回るのはどうだい？","上次光顾着比赛就回去了，<txt:wave,1>这次不如悠闲地四处转转怎么样？","上次比完賽就回去了，<txt:wave,1>這次我們就悠閒的四處晃晃怎麼樣啊？","В прошлый раз ведь только на игру приехали. <txt:wave,1>А сейчас есть время спокойно погулять.","Kali terakhir kau datang, terus balik lepas perlawanan. <txt:wave,1>Kali ni rileks sikit, tengok sekeliling?","Lần trước chỉ thi đấu rồi về, <txt:wave,1>lần này hãy đi tham quan thoải mái một chút nhé?","La vez pasada solo jugamos un partido y nos fuimos, <txt:wave,1>¿qué les parece si esta vez paseamos con calma?","Sebelumnya kamu langsung kembali hanya setelah bertanding, <txt:wave,1>Bagaimana kalau kali ini kita agak bersantai-santai?","คราวก่อนนายแค่มาแข่งแล้วก็กลับไปเลย <txt:wave,1>คราวนี้ลองตระเวนให้ทั่วเลยดีไหม?","Da última vez, você só jogou e voltou pra casa, <txt:wave,1>agora que tal aproveitar pra conhecer melhor a cidade?"
,,,오아시스,,1_기본,,,다들 하고 싶은 거 있으면 말만 해! 내가 전부 안내해줄게!,"Anyone want to do something, just speak up! I'll be your guide for everything!",やりたいことがあったら遠慮なく言ってくれ！俺が全部案内してやるからな。,大家有什么想做的尽管说！我全程陪同，包你们尽兴！,大家有想體驗的事就儘管說！我全部包辦，帶你們去玩個夠！,"Говорите, что хотите увидеть, — экскурсовод Оазис в деле!",Ada nak buat apa-apa? Cakap je! Aku boleh jadi pemandu pelancong!,Mọi người muốn làm gì cứ nói! Tôi sẽ hướng dẫn hết tất cả!,"¡Si quieren hacer algo, solo díganmelo! ¡Yo me encargo de todo!",Coba katakan padaku apa yang kalian ingin lakukan! Biarkan aku memandu kalian!,ถ้ามีใครอยากทำอะไรล่ะก็บอกฉันมาได้เลย! ฉันจะแนะนำให้ทุกอย่าง!,"Se alguém tiver algo em mente, é só falar! Vou ser o guia de vocês!"
,,,정다희,,-3_활짝,,,"<txt:shake,1>저요, 저요! 이탈리아 리그를 직관하고 싶어요!</txt:shake>","<txt:shake,1>Me, me! I want to watch the Italian League!</txt:shake>","<txt:shake,1>はい、はーい！私、イタリアリーグを生観戦したいです！</txt:shake>","<txt:shake,1>我！我！我想去现场看意大利联赛！</txt:shake>","<txt:shake,1>我！我！我想去現場看義大利聯賽！</txt:shake>","<txt:shake,1>Ура-ура! Хочу вживую посмотреть матч итальянской лиги!</txt:shake>","<txt:shake,1>Saya! Saya nak tengok Liga Itali secara langsung!</txt:shake>","<txt:shake,1>Em, em! Em muốn xem trực tiếp giải đấu Ý!</txt:shake>","<txt:shake,1>¡Yo, yo! ¡Quiero ver un partido de la liga italiana en vivo!</txt:shake>","<txt:shake,1>Aku, aku! Aku ingin melihat langsung liga di Italia!</txt:shake>","<txt:shake,1>ฉันค่ะ! ฉันอยากดูลีกอิตาลี!</txt:shake>","<txt:shake,1>Eu! Eu! Quero assistir um jogo da liga da Itália ao vivo!</txt:shake>"
,,,오아시스,,1_훗,,,리그 경기?,A league match?,リーグ試合？,联赛？,聯賽喔？,Хочешь на настоящую игру?,Perlawanan liga?,Trận đấu giải à?,¿Un partido de liga?,Pertandingan liga?,การแข่งขันลีกน่ะเหรอ?,Um jogo da liga?
,,,정다희,,-2_헤헤,,,"네! 이탈리아는 세계 최고 수준의 리그를 운영하는 나라잖아요! 아직 <txt:bold,2>콜로세움</txt:bold>에서 만나지 못한 실력자들이 잔뜩 있고요!","Yeah! Italy has one of the best leagues in the world! There are tons of skilled opponents we didn’t meet before at the <txt:bold,2>Colosseum</txt:bold>!","はい！イタリアは世界最高レベルのリーグを運営している国じゃないですか！まだ<txt:bold,2>コロッセオ</txt:bold>で見たことのない実力者がたくさんいますし！","是！意大利可是拥有世界顶级联赛的国家！还有很多在<txt:bold,2>竞技场</txt:bold>见不到的实力派选手呢！","對啊！義大利可是有世界頂級聯賽的國家耶！還會有許多沒能在<txt:bold,2>競技場</txt:bold>上打交道的實力派選手！","Конечно! Здесь же одна из лучших лиг в мире, а в <txt:bold,2>Колизее</txt:bold> столько крутых игроков, которых мы еще не встречали!","Ya! Itali ada antara liga terbaik dunia! Ramai lawan hebat yang kita tak jumpa masa kat <txt:bold,2>Colosseum</txt:bold>!","Vâng! Ý là quốc gia tổ chức giải đấu đẳng cấp thế giới mà! Còn rất nhiều tuyển thủ giỏi mà em chưa từng gặp ở <txt:bold,2>Đấu Trường</txt:bold>!","¡Sí! ¡Italia tiene una de las mejores ligas del mundo! ¡Y hay un montón de cracks que aún no hemos conocido en el <txt:bold,2>Coliseo</txt:bold>!","Iya! Italia kan adalah negara dengan liga terbaik di dunia! Masih ada banyak atlet ahli yang belum saya jumpai di <txt:bold,2>Colosseum</txt:bold>!","ใช่ค่ะ! ก็อิตาลีเป็นประเทศที่มีการจัดลีกในระดับยอดเยี่ยมที่สุดของโลกเลยนี่คะ! แถมยังมีผู้มีความสามารถที่ไม่ได้เจอใน<txt:bold,2>โคลอสเซียม</txt:bold>อีกเพียบเลยด้วย!","Isso mesmo! A Itália tem uma das melhores ligas do mundo! E tem muitos talentos que ainda não vimos no <txt:bold,2>Coliseu</txt:bold>!"
,,,백시우,,-1_결연,,,"확실히. <wrt:wait,30>나쁘지 않네요! <txt:bold,2>세계 5대 스파이커</txt:bold></txt:size>중 한 명도 이탈리아에 있다고 하니까요.","That’s right. <wrt:wait,30>Sounds like a good idea! I also heard that one of the <txt:bold,2>Big Five</txt:bold></txt:size> is here in Italy.","確かに。<wrt:wait,30>悪くないですね！<txt:bold,2>世界5大スパイカー</txt:bold></txt:size>の一人もイタリアにいるって聞きますし。","的确。<wrt:wait,30>是个好主意！<txt:bold,2>听说世界五大主攻手</txt:bold></txt:size>里，也有一位在意大利呢。","的確。<wrt:wait,30>被妳一說好像挺值得去的！聽說<txt:bold,2>世界五大主攻手</txt:bold></txt:size>中的其中一名也在義大利。","Верно. <wrt:wait,30>Один из <txt:bold,2>пяти лучших нападающих</txt:bold></txt:size> как раз в Италии!","Betul. <wrt:wait,30>Idea yang bagus! Saya dengar salah seorang daripada <txt:bold,2>lima perejam terbaik dunia</txt:bold></txt:size> pun ada di Itali.","Chắc chắn rồi. <wrt:wait,30>Ý này cũng được đấy! <txt:bold,2>Một trong 5 Tay đập xuất sắc nhất thế giới</txt:bold></txt:size> cũng đang ở Ý đấy.","Es cierto. <wrt:wait,30>¡Nada mal! Dicen que incluso uno de los <txt:bold,2>5 mejores rematadores del mundo</txt:bold></txt:size> está en Italia.","Benar juga. <wrt:wait,30>Saya setuju! Saya dengar salah satu dari <txt:bold,2>5 Spiker Terbaik di Dunia</txt:bold></txt:size> itu ada di Italia.","มันก็<wrt:wait,30>ไม่เลวเลยนะครับ! ผมได้ยินมาว่าหนึ่งใน<txt:bold,2>ตัวตบท็อป 5 ของโลก</txt:bold></txt:size>อยู่ที่อิตาลีด้วย","Verdade, <wrt:wait,30>gostei da ideia! Ouvi dizer que um dos <txt:bold,2>5 melhores atacantes</txt:bold></txt:size> do mundo joga na Itália."
,,,오아시스,,1_훗,,,"하하하, 좋아. 그럼 여기에서 가장 가까운 경기장은 <txt:bold,2>올림피코</txt:bold> 경기장이니까 당장이라도 내가 데려다 줄 수 있‥.","Hahaha, alright. The closest stadium from here is the <txt:bold,2>Olimpico</txt:bold> Stadium. I can take you guys right...","ハハハ、いいね。じゃあここから一番近い場所は<txt:bold,2>オリンピコ</txt:bold>スタジアムだから今すぐにでも連れて行ってあげられ...","哈哈哈，好。那离这里最近的体育场是<txt:bold,2>奥林匹克</txt:bold>体育场，我现在就能带你们过去......","哈哈哈，好啊！那離這裡最近的賽場是<txt:bold,2>奧林匹克</txt:bold>競技場，我現在就能帶你們過去...。","Ха-ха, договорились! <txt:bold,2>Олимпийский зал</txt:bold> совсем рядом — могу прямо сейчас вас туда отвести.","Hahaha, baiklah. Stadium paling dekat ialah Stadium <txt:bold,2>Olimpico</txt:bold>. Aku boleh bawa korang ke sana...","Hahaha, tốt. Vậy sân vận động gần nhất là <txt:bold,2>Olimpico</txt:bold>, tôi có thể đưa các em đến đó ngay bây giờ....","Jajaja, genial. Entonces, el estadio más cercano es el <txt:bold,2>Olímpico</txt:bold>, puedo llevarlos enseguida...","Hahaha, baiklah. Stadion terdekat dari sini adalah <txt:bold,2>Olimpico</txt:bold>, jadi aku bisa langsung mengantar kalian ke sa....","ฮ่าฮ่าฮ่า ดีเลย สนามแข่งที่ใกล้กับตรงนี้ที่สุดก็คือสนามแข่ง<txt:bold,2>โอลิมปีโก</txt:bold> ฉันสามารถพาไปได้ทันที....","Hahaha, perfeito. O estádio mais perto daqui é o <txt:bold,2>Olímpico</txt:bold>, posso te levar até lá agora mesmo..."
,,,이사벨,,1_기본,,,"<txt:size,2><txt:bold,2><txt:shake,1>잠깐!","<txt:size,2><txt:bold,2><txt:shake,1>Wait!","<txt:size,2><txt:bold,2><txt:shake,1>ちょっと待って！","<txt:size,2><txt:bold,2><txt:shake,1>等等！","<txt:size,2><txt:bold,2><txt:shake,1>等等！","<txt:size,2><txt:bold,2><txt:shake,1>Эй, минутку!","<txt:size,2><txt:bold,2><txt:shake,1>Tunggu!","<txt:size,2><txt:bold,2><txt:shake,1>Khoan đã!","<txt:size,2><txt:bold,2><txt:shake,1>¡Un momento!","<txt:size,2><txt:bold,2><txt:shake,1>Sebentar!","<txt:size,2><txt:bold,2><txt:shake,1>เดี๋ยวก่อน!","<txt:size,2><txt:bold,2><txt:shake,1>Peraí!"
,,,오아시스,,1_기본,pause,quest,응?,Huh?,え？,嗯？,怎麼了？,Что такое?,Huh?,Hả?,¿Eh?,Hmm?,หืม?,Ahn?
,,,이사벨,,1_기본,,,"아직 안 돼. 그래도 <txt:bold,2>콜로세움</txt:bold>까지 왔는데, <wrt:delay,5><txt:bold,2>경기는 한 판 뛰고 가야지. 안 그래?","Not just yet. Since we’re already at the <txt:bold,2>Colosseum</txt:bold>, <wrt:delay,5><txt:bold,2>it would be a shame to not play a match, right?","今すぐはダメよ。せっかく<txt:bold,2>コロッセオ</txt:bold>まで来たんだから、<wrt:delay,5><txt:bold,2>一戦くらいしてから行かなきゃ。そうでしょ？","还不行。好不容易来一趟<txt:bold,2>竞技场</txt:bold>，<wrt:delay,5><txt:bold,2>怎么着也得打一场再走吧，你说呢？","看聯賽的事先等一下，你們好不容易來到<txt:bold,2>競技場</txt:bold>，<wrt:delay,5><txt:bold,2>總得打一場再走吧？","Притормози! Раз уж мы в <txt:bold,2>Колизее</txt:bold>, <wrt:delay,5><txt:bold,2>то надо матч сыграть!","Belum lagi. Kita dah sampai <txt:bold,2>Colosseum</txt:bold>, <wrt:delay,5><txt:bold,2>rugi kalau tak main satu perlawanan, kan?","Chưa được. Đã đến tận <txt:bold,2>Đấu Trường</txt:bold> rồi, <wrt:delay,5><txt:bold,2>phải đấu một trận đã chứ. Đúng không?","Todavía no. Ya que vinimos hasta el <txt:bold,2>Coliseo</txt:bold>, <wrt:delay,5><txt:bold,2>hay que jugar al menos un partido antes de irnos, ¿no les parece?","Tidak bisa begitu. Mumpung kita sudah sampai di <txt:bold,2>Colosseum</txt:bold>, <wrt:delay,5><txt:bold,2>Bukankah sebaiknya kita bertanding dulu sebelum pergi?","ยังไปไม่ได้นะ อุตส่าห์มาถึง<txt:bold,2>โคลอสเซียม</txt:bold>แล้วทั้งที <wrt:delay,5><txt:bold,2>ก็ต้องแข่งกันสักตาก่อนสิ!","Ainda não. Já que estamos no <txt:bold,2>Coliseu</txt:bold>, <wrt:delay,5><txt:bold,2>que tal jogar uma partida antes de ir?"
,,,오아시스,,1_기본,,joy,이런. 어떻게 할래? 시우야. 그냥 보내줄 생각은 없어 보이는데?,"Oh dear. What do you want to do, Siwoo? I don’t think she’s going to let you just waltz out.",おっと、どうする？新。このまま行かせてくれる気はなさそうだけど？,哎呀。怎么办，白时宇？她看起来不打算就这么放我们走啊？,哎呀，怎麼辦咧？時宇。看來你不陪她打一場今天她是不打算放人了？,"Вот дела. Шиу, кажется, тебя так просто не отпустят?","Aduh... Macam mana, Siwoo? Nampaknya dia takkan biar kau keluar macam tu je.",Chà. Em quyết định sao đây Siwoo? Dường như cô ấy không có ý định để cho em đi dễ dàng đâu.,"Vaya, ¿qué vas a hacer, Siwoo? Parece que no te dejarán ir tan fácil.",Aduh. Bagaimana denganmu? Siwoo. Sepertinya dia tidak akan membiarkanmu pergi begitu saja.,นายว่ายังไงล่ะชีอู? เหมือนเธอไม่คิดจะปล่อยนายไปง่ายๆ เลยนะ?,"E agora, Siwoo? Não parece que ela vai deixar você ir tão fácil, hein?"
,,,오아시스,,1_훗,,,"그리고, <txt:bold,2><txt:color,orange>이사벨</txt:bold></txt:color>. 시우와 경기를 하고 싶다면 함께 뛸 팀원부터 구해야 하지 않겠어?","Also, <txt:bold,2><txt:color,orange>Isabel</txt:bold></txt:color>, if you want to play against Siwoo, shouldn’t you first find teammates?","それと、<txt:bold,2><txt:color,orange>イザベル</txt:bold></txt:color>。新と試合をしたいなら一緒に戦う選手を探さないといけないんじゃないかな？","而且，<txt:bold,2><txt:color,orange>伊莎贝尔</txt:bold></txt:color>。如果你想和白时宇比赛，不是应该先找个队友吗？","再說了，<txt:bold,2><txt:color,orange>伊莎貝爾</txt:bold></txt:color>。想跟時宇比賽，總得先找好隊友吧？","<txt:bold,2><txt:color,orange>Изабель</txt:bold></txt:color>, ну и кто будет с тобой в команде, если ты хочешь сыграть с Шиу?","<txt:bold,2><txt:color,orange>Isabel</txt:bold></txt:color>, kalau kau nak lawan Siwoo, takkan tak cari rakan sepasukan dulu?","Với lại, <txt:bold,2><txt:color,orange>Isabel</txt:bold></txt:color>! Nếu muốn đấu với Siwoo, trước tiên phải tìm đồng đội đã chứ nhỉ?","Y además, <txt:bold,2><txt:color,orange>Isabel</txt:bold></txt:color>... si quieres jugar con Siwoo, primero tendrás que reunir un equipo, ¿no crees?","Dan juga, <txt:bold,2><txt:color,orange>Isabel</txt:bold></txt:color>. Bukankah kamu perlu mencari tim jika kamu ingin bertanding melawan Siwoo?","แล้วก็<txt:bold,2><txt:color,orange>อิซาเบล</txt:bold></txt:color> ถ้าเธออยากแข่งกับชีอู เธอก็น่าจะต้องหาสมาชิกทีมมาก่อนรึเปล่า?","E você, <txt:bold,2><txt:color,orange>Isabel</txt:bold></txt:color>, se quer jogar contra o Siwoo, melhor começar a procurar um time, não?"
,,,이사벨,,1_기본,,,"그건 너가 있잖아? <txt:bold,2><txt:color,orange>오아시스</txt:color>. 세터를 부탁할게!","That’s where you come in, <txt:bold,2><txt:color,orange>Oasis</txt:bold></txt:color>. You’re my setter!","あなたがやればいいでしょ？<txt:bold,2><txt:color,orange>オアシス</txt:bold></txt:color>。セッターを頼むわ！","那不是有你吗？<txt:bold,2><txt:color,orange>绿洲</txt:bold></txt:color>。二传手就拜托你了！","不是有你嗎？<txt:bold,2><txt:color,orange>綠洲</txt:bold></txt:color>。二傳手就拜託你啦！","Так ты же здесь, <txt:bold,2><txt:color,orange>Оазис</txt:bold></txt:color>. Будешь связующим!","Kan ada kau, <txt:bold,2><txt:color,orange>Oasis</txt:bold></txt:color>? Tolong jadi pengumpan aku!","Có cậu rồi còn gì? <txt:bold,2><txt:color,orange>Oasis</txt:bold></txt:color>. Nhờ cậu làm Chuyền Hai nhé!","¡Para eso estás tú, <txt:bold,2><txt:color,orange>Oasis</txt:bold></txt:color>! Te encargo el rol de colocador.","Kan ada kamu? <txt:bold,2><txt:color,orange>Oasis</txt:color></txt:bold>. Mohon bantuanmu sebagai Setter!","ก็มีนายแล้วไง? <txt:bold,2><txt:color,orange>โอเอซิส</txt:bold></txt:color> ช่วยมาเป็นตัวเซ็ตให้ทีนะ!","Ué, mas temos você, <txt:bold,2><txt:color,orange>Oásis</txt:bold></txt:color>. Você vai ser o nosso levantador!"
,,,오아시스,,1_기본,pause,quest,"<wrt:wait,30>내가?","<wrt:wait,30>Me?","<wrt:wait,30>俺が？","<wrt:wait,30>我？","<wrt:wait,30>我？","<wrt:wait,30>Я?","<wrt:wait,30>Saya?","<wrt:wait,30>Tôi á?","<wrt:wait,30>¡¿Yo?!","<wrt:wait,30>Aku?","<wrt:wait,30>ฉันเนี่ยนะ?","<wrt:wait,30>Eu?"
,,,이사벨,,1_무표정,,,"맞아. <wrt:wait,30><txt:bold,2>너도 시우가 얼마나 강해졌는지 궁금하잖아?","Yep. <wrt:wait,30><txt:bold,2>I know you're also curious about how much more powerful Siwoo has become.","そう。<wrt:wait,30><txt:bold,2>あなたも新がどれだけ強くなったか気になるでしょ？","没错。<wrt:wait,30><txt:bold,2>你也想知道白时宇变强了多少吧？","是啊。<wrt:wait,30><txt:bold,2>你也想知道時宇進步多少吧？","Ну да. <wrt:wait,30><txt:bold,2>Неужели самому не интересно, насколько Шиу стал сильнее?","Ya. <wrt:wait,30><txt:bold,2>Aku tahu kau pun nak tengok betapa kuatnya Siwoo sekarang.","Đúng rồi. <wrt:wait,30><txt:bold,2>Cậu cũng tò mò xem Siwoo mạnh đến mức nào rồi mà, đúng không?","Así es. <wrt:wait,30><txt:bold,2>También quieres saber cuánto ha crecido Siwoo, ¿no?","Iya. <wrt:wait,30><txt:bold,2>Bukankah kamu juga penasaran seberapa tangguhnya Siwoo sekarang?","ใช่ <wrt:wait,30><txt:bold,2>นายก็อยากรู้ไม่ใช่รึไงว่าชีอูจะเก่งขึ้นแค่ไหนน่ะ?","Aham. <wrt:wait,30><txt:bold,2>Você também tá curioso pra ver o quanto o Siwoo evoluiu, não está?"
,,,오아시스,,1_기본,pause,,"그건 그렇지‥ <wrt:wait,30>흠, 좋아.","Well, I can’t deny that... <wrt:wait,30>Hum, okay.","それはそうだけど...<wrt:wait,30>よし、わかった。","那倒是......<wrt:wait,30>嗯，好吧。","那倒是...<wrt:wait,30>嗯，好吧。","Это правда... <wrt:wait,30>Ладно, уговорила.","Hmm, tak boleh nafikan tu... <wrt:wait,30>Baiklah.","Cũng đúng... <wrt:wait,30>Hmm, được thôi.","Bueno... eso sí es cierto... <wrt:wait,30>Mmm... Está bien.","Betul juga sih... <wrt:wait,30>Hmm, baiklah.","นั่นมันก็ใช่แหละ... <wrt:wait,30>ฮึ่ม โอเค","Isso é verdade... <wrt:wait,30>Hum, beleza."
,,,백시우,,,,quest,"어라? <txt:bold,2><txt:color,orange>오아시스</txt:bold></txt:color>, 세터도 가능한가요?","Huh? <txt:bold,2><txt:color,orange>Oasis</txt:bold></txt:color>, you can play as a setter?","あれ？<txt:bold,2><txt:color,orange>オアシス</txt:bold></txt:color>、セッターもできるんですか？","咦？<txt:bold,2><txt:color,orange>绿洲</txt:bold></txt:color>也会打二传手吗？","咦？<txt:bold,2><txt:color,orange>綠洲</txt:bold></txt:color>，你也能當二傳手？","Серьезно? <txt:bold,2><txt:color,orange>Оазис</txt:bold></txt:color>, ты и за связующего можешь играть?","<txt:bold,2><txt:color,orange>Oasis</txt:bold></txt:color> boleh jadi pengumpan juga?","Ồ? <txt:bold,2><txt:color,orange>Oasis</txt:bold></txt:color> cũng có thể làm Chuyền Hai sao?","¿Eh? ¿<txt:bold,2><txt:color,orange>Oasis</txt:bold></txt:color> también puede ser colocador?","Eh? <txt:bold,2><txt:color,orange>Oasis</txt:bold></txt:color>, Anda bisa bermain sebagai Setter juga?","เอ๋? <txt:bold,2><txt:color,orange>โอเอซิส</txt:bold></txt:color>ก็เล่นตำแหน่งตัวเซ็ตได้เหรอครับ?","Ué? <txt:bold,2><txt:color,orange>Oásis</txt:bold></txt:color>, você joga como levantador também?"
,,,오아시스,,1_웃음,,,"전문은 아니지만, <txt:bold,2>비치발리볼 선수는 기본적으로 <txt:rainbow,1>올라운더</txt:rainbow>거든.","Setting isn't my specialty, <txt:bold,2>but beach volleyball players are basically <txt:rainbow,1>all-rounders</txt:rainbow>.","専門ではないけど、<txt:bold,2>ビーチバレー選手は基本的に<txt:rainbow,1>オールラウンダー</txt:rainbow>だからね。","虽然不是专业的，<txt:bold,2>但沙滩排球选手基本上都是<txt:rainbow,1>全能型的</txt:rainbow>。","雖然不是我的強項，但<txt:bold,2>沙灘排球選手基本上都是<txt:rainbow,1>全方位球員</txt:rainbow>。","Не моя основная роль, но в <txt:bold,2>пляжном волейболе все спортсмены <txt:rainbow,1>универсальны</txt:rainbow>!","Bukan kepakaran aku, <txt:bold,2>tapi pemain bola tampar pantai pada asasnya <txt:rainbow,1>pemain serba boleh</txt:rainbow>.","Tôi không chuyên, nhưng <txt:bold,2>cầu thủ bóng chuyền bãi biển về cơ bản là <txt:rainbow,1>đa năng</txt:rainbow> mà.","No es mi especialidad, pero en el <txt:bold,2>voleibol de playa, ser un jugador <txt:rainbow,1>todoterreno</txt:rainbow> es lo básico.","Meski itu bukan bidang ahliku, <txt:bold,2>tapi pada biasanya atlet Beach Volleyball itu semuanya <txt:rainbow,1>All Rounder</txt:rainbow>.","ถึงจะไม่ได้เชี่ยวชาญ <txt:bold,2>แต่นักกีฬาวอลเลย์บอลชายหาดมักจะ<txt:rainbow,1>เก่งรอบด้าน</txt:rainbow>กันเป็นพื้นฐานอยู่แล้ว","Não é bem o meu forte, mas <txt:bold,2> no vôlei de praia, o jogador tem que <txt:rainbow,1>saber um pouco de tudo</txt:rainbow>."
,,,오아시스,,1_훗,,joy,콜로세움의 여왕님의 부탁이야. 거절할 수가 없네.,And it’s a request from the Queen of the Colosseum. I can’t say no to that.,コロッセオの女王様のお願いだ。断るわけにはいかないな。,竞技场女王的请求啊，我可拒绝不了。,畢竟是競技場女王的請託嘛，我可拒絕不了。,И раз королева Колизея просит... Как тут откажешь?,Ini permintaan Ratu Colosseum. Mana boleh aku tolak.,Đây là lời đề nghị từ Nữ Hoàng Đấu Trường mà. Sao mà từ chối được chứ?,Es un pedido directo de la reina del Coliseo. No puedo negarme.,Kalau itu permohonan dari Ratu Colosseum. Aku tidak bisa menolaknya.,แถมราชินีแห่งโคลอสเซียมยังขอมาอีก จะปฏิเสธก็ไม่ได้,"Além disso, é um pedido da Rainha do Coliseu. Não posso negar."
,,,오아시스,,,,,"잘 부탁해, 시우야.","Give it your all, Siwoo.",よろしく頼むよ、新。,请多指教，白时宇。,那就拜託你囉，時宇。,"Хорошей игры, Шиу!","Buat sehabis baik, Siwoo.","Rất hân hạnh, Siwoo.","Cuento contigo, Siwoo.","Mari kita bertanding dengan baik, Siwoo.",ฝากตัวด้วยนะ ชีอู,"Estou contando com você, Siwoo."
,,,정다희,,2_어머,,,"<txt:shake,1>세터 <txt:bold,2><txt:color,orange>오아시스</txt:bold></txt:color>라니‥! 대체 어떤 느낌일까‥!","<txt:shake,1>Setter <txt:bold,2><txt:color,orange>Oasis</txt:bold></txt:color>...! This is going to be fun...!","<txt:shake,1>セッターの<txt:bold,2><txt:color,orange>オアシス</txt:bold></txt:color>選手だなんて...！いったいどんな感じなんだろう...！","<txt:shake,1>二传手<txt:bold,2><txt:color,orange>绿洲</txt:bold></txt:color>......！究竟会是什么样的感觉呢......！","跟<txt:shake,1>二傳手<txt:bold,2><txt:color,orange>綠洲</txt:bold></txt:color>交手...！究竟會是什麼樣的體驗呢...！","<txt:bold,2><txt:color,orange>Оазис</txt:bold></txt:color> в роли <txt:shake,1>связующего?! Вот это будет зрелище...","<txt:shake,1>Pengumpan <txt:bold,2><txt:color,orange>Oasis</txt:bold></txt:color>...! Ini mesti seronok...!","<txt:shake,1>Chuyền Hai <txt:bold,2><txt:color,orange>Oasis</txt:bold></txt:color>... Không biết sẽ thế nào đây...!","<txt:shake,1>¡Colocador <txt:bold,2><txt:color,orange>Oasis</txt:bold></txt:color>...! ¿Cómo será eso...?","<txt:shake,1>Setter <txt:bold,2><txt:color,orange>Oasis</txt:bold></txt:color>...! Aku tidak dapat membayangkannya...!","<txt:shake,1>ตัวเซ็ต<txt:bold,2><txt:color,orange>โอเอซิส</txt:bold></txt:color>งั้นเหรอ...! จะออกมาเป็นฟีลแบบไหนกันนะ...!","<txt:shake,1>O <txt:bold,2><txt:color,orange>Oásis</txt:bold></txt:color> jogando como levantador... Como será que vai ser isso..."
,경기 승리,#,MAP,,,,,콜로세움,콜로세움,콜로세움,콜로세움,콜로세움,콜로세움,콜로세움,콜로세움,콜로세움,콜로세움,콜로세움,콜로세움
,,#,BGM,,,,,BGM_NEW_BEGINNING,BGM_NEW_BEGINNING,BGM_NEW_BEGINNING,BGM_NEW_BEGINNING,BGM_NEW_BEGINNING,BGM_NEW_BEGINNING,BGM_NEW_BEGINNING,BGM_NEW_BEGINNING,BGM_NEW_BEGINNING,BGM_NEW_BEGINNING,BGM_NEW_BEGINNING,BGM_NEW_BEGINNING
,,#,백시우,-2,-2_기쁨,,,,,,,,,,,,,,
,,#,오아시스,0,1_기본,,,,,,,,,,,,,,
,,#,이사벨,2,1_기본,,,,,,,,,,,,,,
,,,오아시스,,,,,"하하하, 만족했어? <wrt:wait,30><txt:bold,2>자, 이제 출발해도 괜찮겠지?","Hahaha, are you satisfied? <wrt:wait,30><txt:bold,2>Can we move on now?","ハハハ、満足した？<wrt:wait,30><txt:bold,2>さあ、もうそろそろ出発してもいいかな？","哈哈哈，这下满意了吧？<wrt:wait,30><txt:bold,2>好了，现在总可以出发了吧？","哈哈哈，這下滿意了嗎？<wrt:wait,30><txt:bold,2>我們可以準備出發了吧？","Ха-ха, довольна? <wrt:wait,30><txt:bold,2>Теперь можно пойти погулять?","Hahaha, puas hati? <wrt:wait,30><txt:bold,2>Boleh gerak sekarang?","Hahaha, thỏa mãn chưa? <wrt:wait,30><txt:bold,2>Nào, giờ có thể xuất phát được rồi chứ?","Jajaja, ¿estás contenta ahora? <wrt:wait,30><txt:bold,2>Bien, entonces, ¿podemos irnos ya?","Hahaha, apa kamu sudah puas? <wrt:wait,30><txt:bold,2>Ayo, bagaimana kalau kita berangkat sekarang?","ฮ่าฮ่าฮ่า พอใจรึยัง? <wrt:wait,30><txt:bold,2>เอาล่ะ ทีนี้ก็คงจะออกเดินทางได้แล้วใช่ไหม?","Hahaha, tá satisfeita? <wrt:wait,30><txt:bold,2>Agora podemos seguir viagem, né?"
,,,이사벨,,,nervous,joy,"아직 한참 부족하지만‥그래. 우선은 이 정도로 만족할게. <wrt:wait,30><txt:bold,2><txt:shake,1>출발하자!","Not really... But it’s enough for now. <wrt:wait,30><txt:bold,2><txt:shake,1>Let’s go!","まだまだ足りないけど...そうね。とりあえずこれくらいで満足しておくわ。<wrt:wait,30><txt:bold,2><txt:shake,1>出発しましょう！","虽然还远远不够......不过，暂时就先这样吧。<wrt:wait,30><txt:bold,2><txt:shake,1>我们走！","雖然打得還不夠過癮...算了。就先這樣吧。<wrt:wait,30><txt:bold,2><txt:shake,1>我們走吧！","Еще работать и работать, но ладно. Пока хватит. <wrt:wait,30><txt:bold,2><txt:shake,1>Погнали!","Tak sangat... Tapi cukuplah buat masa ni.<wrt:wait,30><txt:bold,2><txt:shake,1> Jom!","Vẫn chưa thấy đã chút nào... nhưng được rồi, tạm hài lòng vậy. <wrt:wait,30><txt:bold,2><txt:shake,1>Đi thôi!","Todavía no estoy satisfecha, pero bueno... Por ahora me conformo con esto. <wrt:wait,30><txt:bold,2><txt:shake,1>¡Vamos!","Meski aku merasa masih sangat kurang...Baiklah. Aku akan coba puas untuk sekarang. <wrt:wait,30><txt:bold,2><txt:shake,1>Ayo kita berangkat!","ถึงจะยังไม่พอก็เถอะ... แต่ฉันจะพอใจกับเท่านี้ก่อนแล้วกัน <wrt:wait,30><txt:bold,2><txt:shake,1>ไปกันดีกว่า!","Ainda estou longe de me dar por satisfeita, mas... por enquanto, serve. <wrt:wait,30><txt:bold,2><txt:shake,1>Vamos nessa!"
,,,백시우,,-2_기쁨,,,"<wrt:delay,1>드디어!</wrt:delay> 참, <wrt:wait,30><txt:bold,2>혹시 <txt:color,orange>제니</txt:color>란 선수를 아시나요?<wrt:break></txt:bold>제 친한 동생인데, <txt:bold,2>로마 올림피코</txt:bold> 경기장에서 뛴다고 그러더라고요.","<wrt:delay,1>Finally!</wrt:delay> Ah, <wrt:wait,30><txt:bold,2>do you guys know <txt:color,orange>Jenny</txt:color>? <wrt:break></txt:bold>She’s a friend of mine and she plays at the <txt:bold,2>Rome Olimpico<txt:bold,2> Stadium.","<wrt:delay,1>やったー！</wrt:delay>あっ、<wrt:wait,30><txt:bold,2>それと...<txt:color,orange>ジェニー</txt:color>という選手について、なにか知ってますか？<wrt:break></txt:bold>幼馴染の女の子なんですけど、<txt:bold,2>ローマオリンピコ</txt:bold>スタジアムでプレーしているって言ってたんです。","<wrt:delay,1>太好了！</wrt:delay>对了，<wrt:wait,30><txt:bold,2>请问你们认识一位叫<txt:color,orange>珍妮</txt:color>的选手吗？<wrt:break></txt:bold>她是我很要好的妹妹，说是正在<txt:bold,2>罗马奥林匹克</txt:bold>体育场打球。","<wrt:delay,1>終於！</wrt:delay> 對了，<wrt:wait,30><txt:bold,2>請問你們認識一位叫<txt:color,orange>珍妮</txt:color>的選手嗎？<wrt:break></txt:bold>她是我很要好的妹妹，聽說在<txt:bold,2>羅馬奧林匹克</txt:bold>體育場打球。","<wrt:delay,1>Ура!</wrt:delay> А, кстати, <wrt:wait,30><txt:bold,2>вы случайно не знакомы с <txt:color,orange>Дженни</txt:color>?<wrt:break></txt:bold> Это моя хорошая подруга. Она сказала, что играет в <txt:bold,2>Олимпийском зале в Риме</txt:bold>.","<wrt:delay,1>Akhirnya!</wrt:delay> Oh ya, <wrt:wait,30><txt:bold,2>kenal pemain bernama <txt:color,orange>Jenny</txt:color>? <wrt:break></txt:bold>Dia macam adik saya sendiri, katanya dia bermain di <txt:bold,2>Stadium Olimpico, Rom</txt:bold>.","<wrt:delay,1>Cuối cùng!</wrt:delay> À, <wrt:wait,30><txt:bold,2>mọi người có biết một cầu thủ tên <txt:color,orange>Jenny</txt:color> không?<wrt:break></txt:bold>Đó là một cô bé rất thân với em, nghe bảo đang thi đấu tại <txt:bold,2>sân vận động Olimpico Rome</txt:bold>.","<wrt:delay,1>¡Por fin!</wrt:delay> Oye, ¿<wrt:wait,30><txt:bold,2>por casualidad conoces a una jugadora llamada <txt:color,orange>Jenny</txt:color>? <wrt:break></txt:bold>Es una amiga muy cercana. Escuché que iba a jugar en el estadio <txt:bold,2>Olímpico de Roma</txt:bold>.","<wrt:delay,1>Akhirnya!</wrt:delay> Oh ya, <wrt:wait,30><txt:bold,2>Ngomong-ngomong apa Anda berdua pernah mendengar tentang Atlet <txt:color,orange>Jenny</txt:color>?<wrt:break></txt:bold>Dia adalah junior yang dekat dengan saya, katanya dia sedang bertanding di stadion <txt:bold,2>Olimpico Roma</txt:bold>.","<wrt:delay,1>ในที่สุด!</wrt:delay> จริงสิ <wrt:wait,30><txt:bold,2>คุณพอจะรู้จักนักกีฬาที่ชื่อว่า<txt:color,orange>เจนนี่</txt:color>บ้างไหมครับ?<wrt:break></txt:bold>เธอเป็นน้องที่ผมสนิท แล้วก็เห็นว่าเธอเล่นอยู่ในสนามแข่ง<txt:bold,2>โรมโอลิมปีโก</txt:bold>น่ะครับ","<wrt:delay,1>Finalmente! </wrt:delay>Aliás, <wrt:wait,30><txt:bold,2>você conhece uma jogadora chamada <txt:color,orange>Jenny</txt:color>? </txt:bold><wrt:break>Ela é minha amiga que joga no Estádio <txt:bold,2>Olímpico de Roma</txt:bold>."
,,,TAG,,,,,"<sys:quiet,1000>","<sys:quiet,1000>","<sys:quiet,1000>","<sys:quiet,1000>","<sys:quiet,1000>","<sys:quiet,1000>","<sys:quiet,1000>","<sys:quiet,1000>","<sys:quiet,1000>","<sys:quiet,1000>","<sys:quiet,1000>","<sys:quiet,1000>"
,,,이사벨,,,,,"<wrt:delay,10> <txt:bold,2><txt:color,orange>제니</txt:bold></txt:color>‥?</wrt:delay> <wrt:delay,1><wrt:wait,30><txt:bold,2>그런 선수는 없는데? ","<wrt:delay,10> <txt:bold,2><txt:color,orange>Jenny</txt:bold></txt:color>...? </wrt:delay> <wrt:delay,1><wrt:wait,30><txt:bold,2>I never heard of her.","<wrt:delay,10><txt:bold,2><txt:color,orange>ジェニー</txt:bold></txt:color>...？</wrt:delay><wrt:delay,1><wrt:wait,30><txt:bold,2>そんな選手はいないけど？","<wrt:delay,10> <txt:bold,2><txt:color,orange>珍妮</txt:bold></txt:color>......？</wrt:delay> <wrt:delay,1><wrt:wait,30><txt:bold,2>没听说过有这号选手啊？","<wrt:delay,10> <txt:bold,2><txt:color,orange>珍妮</txt:bold></txt:color>...？</wrt:delay> <wrt:delay,1><wrt:wait,30><txt:bold,2>沒聽過這個選手耶？","<wrt:delay,10> <txt:bold,2><txt:color,orange>Дженни</txt:bold></txt:color>...?</wrt:delay> <wrt:delay,1><wrt:wait,30><txt:bold,2> Такого игрока там нет.","<wrt:delay,10> <txt:bold,2><txt:color,orange>Jenny</txt:bold></txt:color>...? </wrt:delay> <wrt:delay,1><wrt:wait,30><txt:bold,2>Tak pernah dengar pun.","<wrt:delay,10> <txt:bold,2><txt:color,orange>Jenny</txt:bold></txt:color>...?</wrt:delay> <wrt:delay,1><wrt:wait,30><txt:bold,2>Không có cầu thủ nào tên đó cả.","¿<wrt:delay,10> <txt:bold,2><txt:color,orange>Jenny</txt:bold></txt:color>...?</wrt:delay> <wrt:delay,1><wrt:wait,30><txt:bold,2>No me suena ninguna jugadora con ese nombre.","<wrt:delay,10> <txt:bold,2><txt:color,orange>Jenny</txt:bold></txt:color>...?</wrt:delay> <wrt:delay,1><wrt:wait,30><txt:bold,2>Aku tidak pernah dengar ada atlet dengan nama itu.","<wrt:delay,10><txt:bold,2><txt:color,orange>เจนนี่</txt:bold></txt:color>...?</wrt:delay> <wrt:delay,1><wrt:wait,30><txt:bold,2>ไม่มีนักกีฬาชื่อนั้นสักหน่อยนะ?","<wrt:delay,10> <txt:bold,2><txt:color,orange>Jenny</txt:bold></txt:color>?</wrt:delay> <wrt:delay,1><wrt:wait,30><txt:bold,2>Jenny? Não tem nenhuma jogadora com esse nome."
,,,백시우,,-1_엥,pause,quest,"<wrt:delay,10>‥</wrt:delay><wrt:wait,30><txt:size,2><wrt:delay,1><txt:bold,1>네?","<wrt:delay,10>...</wrt:delay><wrt:wait,30><txt:size,2><wrt:delay,1><txt:bold,1>What?","<wrt:delay,10>...</wrt:delay><wrt:wait,30><txt:size,2><wrt:delay,1><txt:bold,1>はい？","<wrt:delay,10>...</wrt:delay><wrt:wait,30><txt:size,2><wrt:delay,1><txt:bold,1>啊？","<wrt:delay,10>...</wrt:delay><wrt:wait,30><txt:size,2><wrt:delay,1><txt:bold,1>嗯？","<wrt:delay,10>...</wrt:delay><wrt:wait,30><txt:size,2><wrt:delay,1><txt:bold,1>А?","<wrt:delay,10>...</wrt:delay><wrt:wait,30><txt:size,2><wrt:delay,1><txt:bold,1>Apa?","<wrt:delay,10>...</wrt:delay><wrt:wait,30><txt:size,2><wrt:delay,1><txt:bold,1>Sao ạ?","<wrt:delay,10>...</wrt:delay><wrt:wait,30><txt:size,2><wrt:delay,1><txt:bold,1>¿Eh?","<wrt:delay,10>...</wrt:delay><wrt:wait,30><txt:size,2><wrt:delay,1><txt:bold,1>Apa?","<wrt:delay,10>...</wrt:delay><wrt:wait,30><txt:size,2><wrt:delay,1><txt:bold,1>ครับ?","<wrt:delay,10>...</wrt:delay><wrt:wait,30><txt:size,2><wrt:delay,1><txt:bold,1>Hã?"
,,,백시우,,-1_무표정,,,"그럴리가요? 분명히 문자에 그렇게 써 있었어요. <wrt:break><wrt:wait,30>이것 봐요. <wrt:wait,30><txt:bold,1>'올림피코 경기장에서 배구를 하고 있어.'</txt:bold>라고.","That can’t be. She sent us a message. <wrt:break><wrt:wait,30>Look here. <wrt:wait,30><txt:bold,2>‘I’m currently playing at the Rome Olimpico Stadium.’</txt:bold>","そんなはずありません！メッセージには確かにそう書いてあるんです。<wrt:break><wrt:wait,30>ほら見てください、<wrt:wait,30><txt:bold,2>「ローマオリンピコスタジアムでバレーボールをしているの」</txt:bold>って。","不可能吧？短信上明明就是这么写的。<wrt:break><wrt:wait,30>您看，<wrt:wait,30><txt:bold,2>写着‘我正在奥林匹克体育场打排球’呢。</txt:bold>","怎麼可能？簡訊上明明就是這麼寫的啊。<wrt:break><wrt:wait,30>你們看，<wrt:wait,30><txt:bold,2>「在奧林匹克體育場打排球。」</txt:bold>","Странно... Она же так написала... <wrt:break><wrt:wait,30>Вот, посмотри: <wrt:wait,30><txt:bold,2>«Я играю в Олимпийском зале»</txt:bold>.","Tak mungkin. Memang itu yang dia tulis. <wrt:break><wrt:wait,30>Tengok ini. <wrt:wait,30><txt:bold,1>“Saya bermain bola tampar di Stadium Olimpico.”</txt:bold>","Làm gì có chuyện đó? Rõ ràng tin nhắn viết thế mà. <wrt:break><wrt:wait,30>Chị xem này, <wrt:wait,30><txt:bold,2>'Em đang chơi bóng chuyền tại sân vận động Olimpico.'</txt:bold>","¿Cómo que no? Pero si me lo puso ella misma en un mensaje. <wrt:break><wrt:wait,30>Mira, aquí dice: <wrt:wait,30><txt:bold,2>'Estoy jugando al voleibol en el estadio Olímpico'.</txt:bold>","Apa Anda yakin? Karena dia meninggalkan pesan seperti itu kepada saya. <wrt:break><wrt:wait,30>Coba lihat ini, <wrt:wait,30>katanya <txt:bold,2>'Aku sedang berlatih bola voli di stadion Olimpico.'</txt:bold>.","จะเป็นไปได้ยังไงครับ? ก็เธอส่งข้อความมาแบบนั้นนี่นา <wrt:break><wrt:wait,30>ดูนี่สิครับ เธอบอกว่า <wrt:wait,30><txt:bold,2>'ตอนนี้ฉันกำลังเล่นวอลเลย์บอลอยู่ที่สนามแข่งโอลิมปีโก'</txt:bold>","Não pode ser! Tenho certeza de que tava escrito isso na mensagem. <wrt:break><wrt:wait,30>Olha... <wrt:wait,30><txt:bold,2>«Tô aqui no Estádio Olímpico de Roma, jogando vôlei»</txt:bold>."
,,,이사벨,,1_무표정,nervous,,"내가 <txt:bold,2>올림피코</txt:bold>는 자주 구경 가거든. <wrt:break><wrt:wait,30><txt:bold,2>로마 올림피코</txt:bold>를 홈으로 쓰는 구단에는 <txt:bold,2><txt:color,orange>제니</txt:color>란 선수는 없어.","I go there often, <wrt:break><wrt:wait,30>there's <txt:bold,2>no player named <txt:color,orange>Jenny</txt:color> in the team that uses <txt:bold,2>Rome Olimpico</txt:bold> as their home.","私、オリンピコでよく観戦してるんだけど、<wrt:break><wrt:wait,30><txt:bold,2>ローマオリンピコ</txt:bold>をホームにしているチームに<txt:bold,2><txt:color,orange>ジェニー</txt:color>という選手はいなかったわよ。","我经常去奥林匹克体育场看比赛。<wrt:break><wrt:wait,30>以<txt:bold,2>罗马奥林匹克</txt:bold>为主场的球队里，<txt:bold,2>没有叫<txt:color,orange>珍妮</txt:color>的选手。","我常去奧林匹克體育場看球賽。<wrt:break><wrt:wait,30>但以<txt:bold,2>羅馬奧林匹克</txt:bold>為主場的球隊裡，<txt:bold,2>沒有叫<txt:color,orange>珍妮</txt:color>的選手。","Я часто бываю в Олимпийском. <wrt:break><wrt:wait,30>В команде, которая <txt:bold,2>там играет</txt:bold> <txt:bold,2>нет никакой <txt:color,orange>Дженни</txt:color>.","Saya selalu pergi tengok perlawanan di sana. <wrt:break><wrt:wait,30>Tak ada pemain bernama <txt:bold,2><txt:color,orange>Jenny</txt:bold></txt:color> dalam kelab yang menggunakan <txt:bold,2>Olimpico, Rom</txt:bold> sebagai gelanggang sendiri.","Tôi thường xuyên đến xem ở Olimpico mà. <wrt:break><wrt:wait,30>Trong các đội sử dụng <txt:bold,2>Olimpico Rome</txt:bold> làm sân nhà không có <txt:bold,2>cầu thủ nào tên <txt:color,orange>Jenny</txt:color> cả.","Voy mucho al Olímpico a ver partidos, pero en el equipo local del <wrt:break><wrt:wait,30><txt:bold,2>Olímpico de Roma</txt:bold> no hay ninguna jugadora llamada <txt:bold,2><txt:color,orange>Jenny</txt:color>.","Aku bisa yakin karena sering ke Olimpico untuk menonton. <wrt:break><wrt:wait,30>Pada klub yang kandangnya di <txt:bold,2>Olimpico Roma</txt:bold> itu tidak ada <txt:bold,2>Atlet bernama <txt:color,orange>Jenny</txt:color>.","ฉันไปดูการแข่งโอลิมปีโกบ่อยๆ <wrt:break><wrt:wait,30>สโมสรที่ใช้<txt:bold,2>โรมโอลิมปีโก</txt:bold>เป็นสนามเหย้าน่ะ<txt:bold,2> ไม่มีนักกีฬาที่ชื่อ<txt:color,orange>เจนนี่</txt:color>หรอก","<wrt:break>Eu visito o Olímpico com frequência, e <txt:bold,2>não tem nenhuma jogadora chamada <txt:color,orange>Jenny</txt:color> nos times que jogam no <wrt:wait,30><txt:bold,2>Olímpico de Roma</txt:bold>."
,,,백시우,,-1_시무룩,,,"그럴 리 없는데‥ 몇 년 만에 연락한 건데, <wrt:wait,30><txt:bold,2>거짓말일 리가 없어요.","That can't be right... After so many years without contact, <wrt:wait,30><txt:bold,2>why would she lie?","そんなはずが...何年ぶりの連絡だってのに、<wrt:wait,30><txt:bold,2>嘘なわけがない‥","不可能啊......我们都失联好几年了，<wrt:wait,30><txt:bold,2>她不可能会骗我的。","不可能啊...隔了好幾年才聯絡上的，<wrt:wait,30><txt:bold,2>沒必要騙人吧。","Да быть не может... Это первое сообщение за столько лет. <wrt:wait,30><txt:bold,2>Она бы не стала врать.","Mustahil... Lepas bertahun tak hubungi, <wrt:wait,30><txt:bold,2>kenapa dia perlu menipu?","Không thể nào... Đây là liên lạc đầu tiên sau mấy năm, <wrt:wait,30><txt:bold,2>cô ấy không có lý do gì để nói dối cả.","No puede ser... Hace años que no hablábamos, <wrt:wait,30><txt:bold,2>no creo que me esté mintiendo.","Tidak mungkin... Padahal dia menghubungi setelah bertahun-tahun tidak ada kabar, <wrt:wait,30><txt:bold,2>Tidak mungkin dia berbohong.","เป็นไปไม่ได้... เธออุตส่าห์ติดต่อมาในรอบหลายปีแท้ๆ <wrt:wait,30><txt:bold,2>ไม่น่าจะโกหกกันนะครับ","Isso não faz sentido... Faz anos que não converso com ela. <wrt:wait,30><txt:bold,2>A Jenny não mentiria."
,,,이사벨,,1_기본,pause,silent,"<wrt:delay,10>‥으흠, 혹시.","<wrt:delay,10>...Hum, maybe.",うーん、もしかして‥,"<wrt:delay,10>......嗯，难道。","<wrt:delay,10>...嗯，難不成...","<wrt:delay,10>Хм... только если...","<wrt:delay,10>...Mungkin juga.","<wrt:delay,10>Hmm, có lẽ nào...","<wrt:delay,10>Hmm... espera.","<wrt:delay,10>...Hmmm, jangan-jangan.","<wrt:delay,10>...อืม หรือว่า","<wrt:delay,10>Ah, talvez..."
,,,백시우,,-1_무표정,,,뭔가 짚이는 게 있나요?,Do you have any ideas?,何か心当たりがあるんですか？,您是不是有什么线索？,妳想到什麼了嗎？,Ты что-то вспомнила?,Ada idea?,Hai anh chị đang nghĩ đến điều gì hay sao ạ?,¿Puede que haya algo?,Apa Anda mengetahui sesuatu?,คุณพอจะนึกอะไรออกบ้างไหมครับ?,O que foi? Lembrou de alguma coisa?
,,,TAG,,,,,"<sys:bgm,BGM_NISHIKAWA_DIALOUGE_4,600>","<sys:bgm,BGM_NISHIKAWA_DIALOUGE_4,600>","<sys:bgm,BGM_NISHIKAWA_DIALOUGE_4,600>","<sys:bgm,BGM_NISHIKAWA_DIALOUGE_4,600>","<sys:bgm,BGM_NISHIKAWA_DIALOUGE_4,600>","<sys:bgm,BGM_NISHIKAWA_DIALOUGE_4,600>","<sys:bgm,BGM_NISHIKAWA_DIALOUGE_4,600>","<sys:bgm,BGM_NISHIKAWA_DIALOUGE_4,600>","<sys:bgm,BGM_NISHIKAWA_DIALOUGE_4,600>","<sys:bgm,BGM_NISHIKAWA_DIALOUGE_4,600>","<sys:bgm,BGM_NISHIKAWA_DIALOUGE_4,600>","<sys:bgm,BGM_NISHIKAWA_DIALOUGE_4,600>"
,,,이사벨,,1_무표정,,,"시우야. <wrt:delay,3><txt:bold,2>이건 외부에서 잘 모르는 이야기인데.","Siwoo, <wrt:delay,3><txt:bold,2>this isn't widely known to outsiders, but...","新。<wrt:delay,3><txt:bold,2>これは一部の人しか知らない話なんだけど。","白时宇，<wrt:delay,3><txt:bold,2>这件事啊，外人一般都不知道。","時宇啊。<wrt:delay,3><txt:bold,2>這件事其實只有內部人士知情。","Шиу, <wrt:delay,3><txt:bold,2>об этом мало кто знает...","Siwoo, <wrt:delay,3><txt:bold,2>ini tak ramai tahu, tapi...","Siwoo à. <wrt:delay,3><txt:bold,2>Đây là chuyện ít người bên ngoài biết đến.","Siwoo, <wrt:delay,3><txt:bold,2>esto no lo sabe casi nadie, pero...","Siwoo. <wrt:delay,3><txt:bold,2>Cerita ini adalah cerita yang tidak diketahui oleh orang luar.","ชีอู <wrt:delay,3><txt:bold,2>นี่เป็นเรื่องที่ไม่ค่อยรู้กันภายนอกนะ","Siwoo, <wrt:delay,3><txt:bold,2>isso é um segredo que a maioria não conhece."
,,,이사벨,,1_무표정,,,"사실 <txt:bold,2>로마 올림피코</txt:bold> 경기장 지하 5층 아래에 <txt:bold,2><txt:color,orange>숨겨진 배구장</txt:bold></txt:color>이 있어.<wrt:break> 층과 층 사이에 숨겨져 있는 바람에, 외부인에겐 잘 알져지지 않은 곳이지만‥","Believe it or not, there’s a <txt:bold,2><txt:color,orange>secret volleyball stadium</txt:bold></txt:color> located below the fifth basement level at the <txt:bold,2>Rome Olimpico</txt:bold>.<wrt:break> It’s hidden between floors, so not many outsiders know about this place...","実は<txt:bold,2>ローマオリンピコ</txt:bold>スタジアムの地下5階の下に、<txt:bold,2><txt:color,orange>秘密のバレーコート</txt:bold></txt:color>があるの。<wrt:break>フロアの挾間に隠れているせいで、外部の人にはあまり知られていない場所だけど...","其实在<txt:bold,2>罗马奥林匹克</txt:bold>体育场的地下五层更深处，<txt:bold,2><txt:color,orange>有一个隐秘的排球场</txt:bold></txt:color>。<wrt:break>因为它藏在楼层与楼层之间，所以鲜为人知......","其實<txt:bold,2>羅馬奧林匹克</txt:bold>體育場地下五樓的深處，有個<txt:bold,2><txt:color,orange>隱密的排球場</txt:bold></txt:color>。<wrt:break>它就建在兩個樓層之間，所以外人不得而知...","Дело в том, что под <txt:bold,2>Олимпийским залом</txt:bold> на минус пятом этаже <txt:bold,2><txt:color,orange>есть тайный волейбольный корт</txt:bold></txt:color>.<wrt:break> Он спрятан между этажами, и о нем мало кому известно.","Sebenarnya ada <txt:bold,2><txt:color,orange>gelanggang bola tampar rahsia</txt:bold></txt:color> di bawah tingkat bawah tanah kelima <txt:bold,2>Stadium Olimpico, Rom</txt:bold>.<wrt:break> Ia tersembunyi di antara tingkat, jadi orang luar jarang tahu...","Thực ra dưới tầng hầm thứ 5 của <txt:bold,2>sân vận động Olimpico Rome</txt:bold> có <txt:bold,2><txt:color,orange>sân bóng chuyền bí mật</txt:bold></txt:color>.<wrt:break> Vì nó được giấu giữa các tầng nên người ngoài hiếm khi biết đến...","La verdad es que debajo del estadio <txt:bold,2>Olímpico de Roma</txt:bold>, cinco pisos bajo tierra, hay una <txt:bold,2><txt:color,orange>cancha de vóley secreta</txt:bold></txt:color>. <wrt:break> Está escondida entre los niveles, así que casi nadie de afuera sabe que existe...","Sebenarnya, di bawah lantai bawah tanah kelima stadion <txt:bold,2>Olimpico Roma</txt:bold>, ada <txt:bold,2><txt:color,orange>lapangan voli tersembunyi</txt:bold></txt:color>.<wrt:break> Letaknya di antara lantai, jadi tidak banyak orang luar yang tahu...","ที่จริงด้านล่างใต้ดินชั้น 5 ของสนามแข่ง<txt:bold,2>โรมโอลิมปีโก</txt:bold>มี<txt:bold,2><txt:color,orange>สนามวอลเลย์บอลที่ซ่อนเร้น</txt:bold></txt:color>อยู่ล่ะ<wrt:break> มันถูกซ่อนอยู่ระหว่างชั้น คนนอกก็เลยไม่ค่อยรู้...","Na verdade, tem uma <txt:bold,2><txt:color,orange>quadra de vôlei secreta</txt:bold></txt:color> abaixo do quinto subsolo do estádio <txt:bold,2>Olímpico de Roma</txt:bold>. <wrt:break>Ela tá escondida entre os andares, por isso é pouco conhecida por quem é de fora..."
,,,이사벨,,1_당황,,,"이름은— <wrt:wait,30><wrt:delay,10><txt:bold,2><txt:size,2><txt:color,red>팬텀 리그</txt:bold></txt:size></txt:color>.","It’s called— <wrt:wait,30><wrt:delay,10><txt:bold,2><txt:size,2><txt:color,red>the Phantom League</txt:bold></txt:size></txt:color>.","その名は—<wrt:wait,30><wrt:delay,10><txt:bold,2><txt:size,2><txt:color,red>ファントムリーグ</txt:bold></txt:size></txt:color>。","它的名字是— <wrt:wait,30><wrt:delay,10><txt:bold,2><txt:size,2><txt:color,red>幻影联赛</txt:bold></txt:size></txt:color>。","它的名字叫<wrt:wait,30><wrt:delay,10><txt:bold,2><txt:size,2><txt:color,red>「幻影聯賽」</txt:bold></txt:size></txt:color>。","Это место зовется — <wrt:wait,30><wrt:delay,10><txt:bold,2><txt:size,2><txt:color,red>Фантом-лига</txt:bold></txt:size></txt:color>.","Namanya— <wrt:wait,30><wrt:delay,10><txt:bold,2><txt:size,2><txt:color,red>Liga Phantom.","Tên nó là... <wrt:wait,30><wrt:delay,10><txt:bold,2><txt:size,2><txt:color,red>Phantom League</txt:bold></txt:size></txt:color>.","Se llama...<wrt:wait,30><wrt:delay,10><txt:bold,2><txt:size,2><txt:color,red>la Liga Fantasma</txt:bold></txt:size></txt:color>.","Namanya itu— <wrt:wait,30><wrt:delay,10><txt:bold,2><txt:size,2><txt:color,red>Liga Phantom</txt:bold></txt:size></txt:color>.","ที่นั่นมีชื่อว่า— <wrt:wait,30><wrt:delay,10><txt:bold,2><txt:size,2><txt:color,red>แฟนธอมลีก","Seu nome é... <wrt:wait,30><wrt:delay,10><txt:bold,2><txt:size,2><txt:color,red>Liga Phantom</txt:bold></txt:size></txt:color>."
,,,백시우,,-1_엥,pause,quest,"<txt:bold,2>팬텀 <wrt:wait,30><wrt:delay,1>리그?","<txt:bold,2>Phantom <wrt:wait,30><wrt:delay,1>League?","<txt:bold,2>ファントム<wrt:wait,30><wrt:delay,1>リーグ？","<txt:bold,2>幻影<wrt:wait,30><wrt:delay,1>联赛？","<txt:bold,2>幻影 <wrt:wait,30><wrt:delay,1>聯賽？","<txt:bold,2>Фантом... <wrt:wait,30><wrt:delay,1>лига?","<txt:bold,2>Liga <wrt:wait,30><wrt:delay,1>Phantom?","<txt:bold,2>Phantom <wrt:wait,30><wrt:delay,1>League?","¿La Liga <txt:bold,2>Fantasma<wrt:wait,30><wrt:delay,1>?","<txt:bold,2>Liga <wrt:wait,30><wrt:delay,1>Phantom?","<txt:bold,2>แฟนธอม<wrt:wait,30><wrt:delay,1>ลีก?","<wrt:delay,1>Liga <txt:bold,2>Phantom<wrt:wait,30>?"
,,,이사벨,,1_무표정,,,선수들이 감금돼 혹사당한다는 말이 많아서 이미지가 안 좋아. 나도 직접 경기를 본 적은 없지만.,"There are lots of stories about players being detained and pushed too hard, so it has a negative reputation. But I haven't seen any games in person.",選手たちが監禁され酷使されているとか、あまりいい噂は聞かないわ。私も直接試合を見たことはないけど。,有传闻说选手们被囚禁在那里遭受虐待，所以名声不太好。我也没亲眼看过比赛。,大家都在傳選手被軟禁在那並遭虐待，所以名聲很差。不過我也沒實際觀看過他們的比賽。,"Ходят слухи, что игроков там держат силой и используют до предела. Очень темное место. Правда, я сама их матчей не видела.",Ada cerita pemain dikurung dan dipaksa berlatih. Reputasi buruk. Tapi saya tak pernah tengok sendiri.,Nghe nói các cầu thủ bị giam giữ và bóc lột sức lao động nên giải đấu này có hình ảnh không tốt. Tôi cũng chưa từng xem trực tiếp trận đấu nào.,"Dicen que los jugadores están encerrados ahí, obligados a jugar en condiciones inhumanas. Tiene muy mala fama. Yo tampoco he visto un partido con mis propios ojos, pero...",Tempat itu mempunyai citra yang buruk karena dikatakan banyak dari atlet yang dikurung dan diperlakukan dengan buruk disana. Meski aku sendiri juga belum pernah melihat langsung pertandingan disana.,ฉันได้ยินมาเยอะว่านักกีฬาของที่นั่นถูกกักบริเวณแล้วก็โดนเอาเปรียบ ก็เลยมีภาพลักษณ์ไม่ดี ถึงฉันจะไม่เคยดูการแข่งด้วยตัวเองก็เถอะ,"Dizem que os jogadores são mantidos em cativeiro e explorados, por isso a reputação da liga não é boa. Eu nunca vi uma partida ao vivo, mas..."
,,,백시우,,-2_당황,shake,,"<wrt:delay,10><txt:shake,1>농담이죠‥?","<wrt:delay,10><txt:shake,1>You’re kidding, right...?","<wrt:delay,10><txt:shake,1>冗談ですよね...？","<wrt:delay,10><txt:shake,1>您在开玩笑吧......？","<wrt:delay,10><txt:shake,1>妳說的是真的...？","<wrt:delay,10><txt:shake,1>Это шутка такая?","<wrt:delay,10><txt:shake,1>Serius...?","<wrt:delay,10><txt:shake,1>Chị không đùa đấy chứ ạ...?","<wrt:delay,10><txt:shake,1>¿Es una broma...?","<wrt:delay,10><txt:shake,1>Anda bercanda kan...?","<wrt:delay,10><txt:shake,1>คุณล้อเล่นใช่ไหมครับ...?","<wrt:delay,10><txt:shake,1>Está falando sério?"
,,,이사벨,,1_당황,,,"나도 농담이라면 좋겠어. <wrt:wait,30>하지만, <wrt:wait,30>만약 그 아이가 정말 그 안에 있다면—.","I wish I was. <wrt:wait,30>But, <wrt:wait,30>if the person you’re looking for is really there—.","私も冗談であってほしいわ。<wrt:wait,30>でもね、<wrt:wait,30>もしその子が本当にそこにいるなら—。","我也希望是玩笑。<wrt:wait,30>但是，<wrt:wait,30>如果那个孩子真的在里面的话......","我也希望是在開玩笑。<wrt:wait,30>但<wrt:wait,30>要是你找的那個人真的在那裡的話...","Хотелось бы мне пошутить. <wrt:wait,30>Но, <wrt:wait,30>если твоя Дженни действительно там...","Kalaulah saya bergurau. <wrt:wait,30>Tapi, <wrt:wait,30>kalau dia memang ada di sana—.","Tôi cũng ước đó là lời nói đùa. <wrt:wait,30>Nhưng<wrt:wait,30> nếu cô bé ấy thực sự ở trong đó...","Ojalá lo fuera. <wrt:wait,30>Pero, <wrt:wait,30>si esa chica está ahí de verdad...","Betapa baiknya jika itu hanya candaan. <wrt:wait,30>Tapi, <wrt:wait,30>jika kenalanmu itu sedang berada di dalam sana—.","ฉันก็หวังให้มันเป็นเรื่องล้อเล่นหรอกนะ <wrt:wait,30>แต่ว่า<wrt:wait,30>ถ้าเด็กคนนั้นอยู่ในนั้นจริงๆ—","Eu adoraria que fosse só uma pegadinha. <wrt:wait,30>Mas... <wrt:wait,30>se a sua amiga realmente estiver lá..."
,,,이사벨,,1_당황,,,"미안하지만, <wrt:wait,30><txt:bold,2>포기하는 게 나을 거야.","I’m sorry, <wrt:wait,30><txt:bold,2>but you should give up.","申し訳ないけど、<wrt:wait,30><txt:bold,2>諦めた方があなたのためよ。","对不起，<wrt:wait,30><txt:bold,2>你还是放弃比较好。","很遺憾，<wrt:wait,30><txt:bold,2>你還是盡早放棄比較好。","Ты уж прости за совет, <wrt:wait,30><txt:bold,2>но лучше тебе туда не лезть.","Maaf, <wrt:wait,30><txt:bold,2>lebih baik awak lupakan.","Xin lỗi, nhưng <wrt:wait,30><txt:bold,2>tốt hơn hết là nên từ bỏ đi.","Lo siento, <wrt:wait,30><txt:bold,2>pero lo mejor sería que te rindas.","Maaf, <wrt:wait,30><txt:bold,2>tapi lebih baik kamu menyerah.","ขอโทษนะ <wrt:wait,30><txt:bold,2>แต่ฉันว่านายล้มเลิกจะดีกว่า","Sinto muito, <wrt:wait,30><txt:bold,2>mas é melhor desistir disso."
,,,백시우,,-2_놀람,,exclam,"<txt:bold,2><txt:shake,1>네?!","<txt:bold,2><txt:shake,1>What?!","<txt:bold,2><txt:shake,1>はい？！","<txt:bold,2><txt:shake,1>什么？！","<txt:bold,2><txt:shake,1>什麼？！","<txt:bold,2><txt:shake,1>Э?!","<txt:bold,2><txt:shake,1>Apa?!","<txt:bold,2><txt:shake,1>Sao ạ?!","<txt:bold,2><txt:shake,1>¡¿Qué?!","<txt:bold,2><txt:shake,1>Apa?!","<txt:bold,2><txt:shake,1>ครับ?!","<txt:bold,2><txt:shake,1>Como assim?!"
,,,오아시스,,1_무표정,,,"이사벨. <txt:bold,2>팬텀 리그</txt:bold> 얘기는 꺼내지도 않는 게 나아.","Isabel. We shouldn’t even be talking about the <txt:bold,2>Phantom League</txt:bold>.","イザベル。<txt:bold,2>ファントムリーグ</txt:bold>の話は持ち出さない方がいい。","伊莎贝尔。<txt:bold,2>幻影联赛</txt:bold>的事最好提都不要提。","伊莎貝爾。<txt:bold,2>幻影聯賽</txt:bold>的事，最好還是別提。","Изабель, ну какая <txt:bold,2>Фантом-лига</txt:bold>. Скажешь тоже...","Isabel. Kita tak patut cakap pasal <txt:bold,2>Liga Phantom</txt:bold>.","Isabel, <txt:bold,2>tốt hơn hết là đừng nhắc đến Phantom League</txt:bold>.","Isabel. Es mejor ni mencionar la <txt:bold,2>Liga Fantasma</txt:bold>.","Isabel. Lebih baik jika kamu tidak membicarakan tentang <txt:bold,2>Liga Phantom</txt:bold>.","อิซาเบล ฉันว่าเธออย่าพูดถึงเรื่อง<txt:bold,2>แฟนธอมลีก</txt:bold>เลยดีกว่า","Isabel, é melhor não tocarmos nesse assunto da <txt:bold,2>Liga Phantom</txt:bold>."
,,,이사벨,,1_무표정,,,"으음, <wrt:wait,30>그래. 맞아. 어쩌면 우리가 착각한 걸 수도 있어. 바로 며칠 전에 새로 계약한 신인이거나‥","Hum... <wrt:wait,30>Yeah, you’re right. She might be a new recruit who was just signed days ago and we just missed her...","うーん、<wrt:wait,30>そうね。その通り。もしかしたら私たちが勘違いしているのかも。ちょうど数日前に契約した新人かもしれないし...","嗯，<wrt:wait,30>是啊。没错。也许是我们搞错了。说不定是几天前刚签约的新人......","嗯，<wrt:wait,30>也是。沒錯。或許是我們搞錯了。說不定是幾天前才剛簽約的新人...","Хм, <wrt:wait,30>может, ты прав. Вдруг она новичок и только на днях заключила контракт.","Hum... <wrt:wait,30>Betul. Mungkin dia rekrut baru yang kita terlepas pandang...","Ừm, <wrt:wait,30>phải. Đúng vậy. Có lẽ chúng ta đã hiểu nhầm. Có thể cô ấy là tân binh mới ký hợp đồng vài ngày trước...","Mmm... <wrt:wait,30>Sí, tienes razón. Tal vez estamos confundidos. Puede ser una novata recién contratada hace unos días...","Hmmm, <wrt:wait,30>iya. Betul. Bisa saja kita keliru. Mungkin saja dia adalah anak yang baru masuk akhir-akhir ini...","อืม <wrt:wait,30>ก็จริงนะ พวกเราอาจเข้าใจผิดไปเองก็ได้ เธออาจเป็นเด็กใหม่ที่เพิ่งเซ็นสัญญาเมื่อไม่กี่วันก่อน...","Humm, <wrt:wait,30>é verdade. Talvez tenhamos nos confundido. Quem sabe ela seja uma novata que acabou de ser contratada..."
,,,백시우,,-1_무표정,,,"<txt:bold,2><txt:color,orange>이사벨</txt:bold></txt:color> 씨, <txt:bold,2><txt:color,orange>오아시스</txt:bold></txt:color>.","<txt:bold,2><txt:color,orange> Isabel </txt:bold></txt:color>, <txt:bold,2><txt:color,orange>Oasis</txt:bold></txt:color>.","<txt:bold,2><txt:color,orange>イザベル</txt:bold></txt:color>さん、<txt:bold,2><txt:color,orange>オアシス</txt:bold></txt:color>選手。","<txt:bold,2><txt:color,orange>伊莎贝尔</txt:bold></txt:color>小姐，<txt:bold,2><txt:color,orange>绿洲</txt:bold></txt:color>。","<txt:bold,2><txt:color,orange>伊莎貝爾</txt:bold></txt:color>前輩、<txt:bold,2><txt:color,orange>綠洲</txt:bold></txt:color>前輩。","<txt:bold,2><txt:color,orange>Изабель</txt:bold></txt:color>, <txt:bold,2><txt:color,orange>Оазис</txt:bold></txt:color>.","<txt:bold,2><txt:color,orange> Isabel</txt:bold></txt:color>, <txt:bold,2><txt:color,orange>Oasis</txt:bold></txt:color>.","<txt:bold,2><txt:color,orange>Chị Isabel</txt:bold></txt:color>, <txt:bold,2><txt:color,orange>anh Oasis</txt:bold></txt:color>.","<txt:bold,2><txt:color,orange>Isabel</txt:bold></txt:color>, <txt:bold,2><txt:color,orange>Oasis</txt:bold></txt:color>.","<txt:bold,2><txt:color,orange>Isabel</txt:bold></txt:color> dan <txt:bold,2><txt:color,orange>Oasis</txt:bold></txt:color>.","คุณ<txt:bold,2><txt:color,orange>อิซาเบล</txt:bold></txt:color>, <txt:bold,2><txt:color,orange>โอเอซิส</txt:bold></txt:color>","<txt:bold,2><txt:color,orange>Isabel</txt:bold></txt:color> e <txt:bold,2><txt:color,orange>Oásis</txt:bold></txt:color>."
,,,백시우,,-1_결연,pause,,"만약 제니가 거기 있다면 <wrt:wait,30><txt:bold,1>전 그냥 두고 볼 수 없어요.","If Jenny is really there <wrt:wait,30><txt:bold,1>I can’t just leave her there.","もしジェニーがそこにいるなら<wrt:wait,30><txt:bold,1>俺はただ見過ごすことはできません。","如果珍妮真的在那儿，<wrt:wait,30><txt:bold,1>我绝对不能袖手旁观。","如果珍妮真的在那裡，<wrt:wait,30><txt:bold,1>我絕對不能袖手旁觀。","Если Дженни и правда там, <wrt:wait,30><txt:bold,1>я не смогу сидеть сложа руки.","Kalau Jenny ada di sana, <wrt:wait,30><txt:bold,1>saya tak boleh berpeluk tubuh.","Nếu Jenny thực sự ở đó <wrt:wait,30><txt:bold,1>em không thể nào làm ngơ được.","Si Jenny está ahí dentro, <wrt:wait,30><txt:bold,1>yo no puedo quedarme de brazos cruzados.","Jika benar Jenny itu berada disana <wrt:wait,30><txt:bold,1>maka saya tidak dapat membiarkannya begitu saja.","ถ้าเจนนี่อยู่ที่นั่นจริงๆ <wrt:wait,30><txt:bold,1>ผมคงจะอยู่เฉยไม่ได้หรอกครับ","Se a Jenny estiver lá, <wrt:wait,30><txt:bold,1>eu não vou deixar isso passar."
,,,백시우,,-1_무표정,,exclam,"<txt:bold,2>팬텀 리그</txt:bold>에 대해 알고 계신 게 있다면, 전부 알려주세요. 부탁드려요!","Please tell me everything you know about the <txt:bold,2>Phantom League</txt:bold>!","<txt:bold,2>ファントムリーグ</txt:bold>について知っていることがあれば、全部教えてください。お願いします！","关于<txt:bold,2>幻影联赛</txt:bold>，您知道些什么，都请告诉我吧！拜托了！","拜託你們了！請把所有<txt:bold,2>關於幻影聯賽</txt:bold>的情報都告訴我。","Прошу вас, расскажите все, что знаете о <txt:bold,2>Фантом-лиге</txt:bold>!","Kalau tahu apa-apa tentang <txt:bold,2>Liga Phantom</txt:bold>, tolong beritahu saya semuanya!","Nếu các anh chị biết gì về <txt:bold,2>Phantom League</txt:bold>, xin hãy nói cho em biết tất cả. Làm ơn!","Si sabes algo sobre la <txt:bold,2>Liga Fantasma</txt:bold> por favor, cuéntamelo todo. ¡Te lo ruego!","Jika ada yang Anda berdua ketahui tentang <txt:bold,2>Liga Phantom</txt:bold>, beritahukan kepada saya sekarang. Saya mohon!","ถ้าคุณรู้เรื่องเกี่ยวกับ<txt:bold,2>แฟนธอมลีก</txt:bold>ล่ะก็ ช่วยเล่าให้ผมฟังทั้งหมดเลยเถอะครับ ผมขอร้อง!","Se você souber alguma coisa sobre a <txt:bold,2>Liga Phantom</txt:bold>, me fale tudo, por favor!"
,,,이사벨,,1_무표정,pause,,안 돼. ,No.,ごめんなさい。,不行。,不行。,Ни за что.,Tak boleh.,Không được.,No.,Tidak bisa.,ไม่ได้,Não posso.
,,,백시우,,-1_기본,,shake,"<txt:shake,1><txt:bold,2>이사벨 씨!","<txt:shake,1><txt:bold,2>Isabel!","<txt:shake,1><txt:bold,2>イザベルさん！","<txt:shake,1><txt:bold,2>伊莎贝尔小姐！","<txt:shake,1><txt:bold,2>伊莎貝爾前輩！","<txt:shake,1><txt:bold,2>Изабель!","<txt:shake,1><txt:bold,2>Isabel!","<txt:shake,1><txt:bold,2>Chị Isabel!","<txt:shake,1><txt:bold,2>¡Isabel, por favor!","<txt:shake,1><txt:bold,2>Isabel!","<txt:shake,1><txt:bold,2>คุณอิซาเบล!","<txt:shake,1><txt:bold,2>Isabel, por favor!"
,,,이사벨,,1_무표정,pause,,이것만큼은 절대 안 돼. 그런 곳은 발도 들이지 않는 게 좋아.,I can’t help you this time. It's better not to set foot in such a place.,これだけは絶対ダメよ。そんな場所には関わらない方がいい。,这件事绝对不行。那种地方最好碰都别碰。,這件事絕對不行。那種鬼地方，你最好不要插手。,Нет. Такие места лучше обходить стороной.,Aku tak boleh bantu kali ini. Jangan pergi ke tempat tu.,Điều này thì tuyệt đối không được. Nơi đó tốt nhất là đừng bao giờ đặt chân đến.,Esto sí que no. A ese lugar no deberías acercarte nunca.,Khusus untuk hal ini aku tidak bisa. Lebih baik jika kamu tidak pernah pergi ke tempat itu.,เรื่องนี้น่ะไม่ได้เด็ดขาดเลย นายอย่าคิดไปเหยียบที่นั่นจะดีกว่า,Nem pensar. Esse tipo de lugar é melhor evitar completamente.
,,,TAG,,,,,"<sys:quiet,1000>","<sys:quiet,1000>","<sys:quiet,1000>","<sys:quiet,1000>","<sys:quiet,1000>","<sys:quiet,1000>","<sys:quiet,1000>","<sys:quiet,1000>","<sys:quiet,1000>","<sys:quiet,1000>","<sys:quiet,1000>","<sys:quiet,1000>"
,,,백시우,,,,,‥‥.,.......,.......,.......,......,.......,.......,.......,...,.......,.......,...
,,,TAG,,,,,"<sys:bgm,BGM_MEET_SIWOO,600>","<sys:bgm,BGM_MEET_SIWOO,600>","<sys:bgm,BGM_MEET_SIWOO,600>","<sys:bgm,BGM_MEET_SIWOO,600>","<sys:bgm,BGM_MEET_SIWOO,600>","<sys:bgm,BGM_MEET_SIWOO,600>","<sys:bgm,BGM_MEET_SIWOO,600>","<sys:bgm,BGM_MEET_SIWOO,600>","<sys:bgm,BGM_MEET_SIWOO,600>","<sys:bgm,BGM_MEET_SIWOO,600>","<sys:bgm,BGM_MEET_SIWOO,600>","<sys:bgm,BGM_MEET_SIWOO,600>"
,,,백시우,,-1_무표정,pause,,"<wrt:delay,10>‥<txt:bold,2><txt:color,orange>제니</txt:bold></txt:color>는,</wrt:delay> 제게 <txt:bold,2>소중한</txt:bold> 동생이에요.","<wrt:delay,10>...<txt:bold,2><txt:color,orange>Jenny</txt:bold></txt:color> is... </wrt:delay> someone that is <txt:bold,2>precious</txt:bold> to me, like a little sister.","<wrt:delay,10>...<txt:bold,2><txt:color,orange>ジェニー</txt:bold></txt:color>は、</wrt:delay>俺にとって <txt:bold,2>妹みたいな</txt:bold>子なんです。","<wrt:delay,10>......<txt:bold,2><txt:color,orange>珍妮</txt:bold></txt:color>她，</wrt:delay>是<txt:bold,2>我非常非常重要</txt:bold>的妹妹。","<wrt:delay,10>...<txt:bold,2><txt:color,orange>珍妮</txt:bold></txt:color></wrt:delay>對我來說是<txt:bold,2>很重要</txt:bold>的妹妹。","<wrt:delay,10><txt:bold,2><txt:color,orange>Дженни</txt:bold></txt:color>... </wrt:delay> Она <txt:bold,2>мне как сестра</txt:bold>.","<wrt:delay,10>...<txt:bold,2><txt:color,orange>Jenny</txt:bold></txt:color></wrt:delay> sudah saya anggap seperti adik sendiri yang <txt:bold,2>sangat saya sayangi.</txt:bold>","<wrt:delay,10>...<txt:bold,2><txt:color,orange>Jenny</txt:bold></txt:color></wrt:delay> là một <txt:size,2><txt:bold,1>người em gái rất quan trọng</wrt:size></txt:bold> đối với em.","<wrt:delay,10>...<txt:bold,2><txt:color,orange>Jenny</txt:bold></txt:color></wrt:delay> es una muy <txt:size,2><txt:bold,1>querida </wrt:size></txt:bold>amiga mía.","<wrt:delay,10>...<txt:bold,2><txt:color,orange>Jenny</txt:bold></txt:color> itu,</wrt:delay> adalah salah satu junior yang<txt:size,2><txt:bold,1> berharga</wrt:size></txt:bold> bagi saya.","<wrt:delay,10>...<txt:bold,2><txt:color,orange>เจนนี่</txt:bold></txt:color>น่ะ</wrt:delay> เป็นน้อง<txt:size,2><txt:bold,1>คนสำคัญ</wrt:size></txt:bold>สำหรับผม","<wrt:delay,10>A <txt:bold,2><txt:color,orange>Jenny</txt:bold></txt:color> é </wrt:delay>como uma irmã pra mim, <txt:size,2><txt:bold,1>muito importante</wrt:size></txt:bold>."
,,,백시우,,-3_난감,pause,,"제가 배구를 포기하려 했던 시기, 어른들의 기대와 압박에 짓눌려 숨도 못 쉴 때.","When I wanted to give up on volleyball, when I couldn’t breathe because of all the pressure and expectations.",俺がバレーを諦めようとしていた時期、大人たちの期待とプレッシャーに打ちのめされていたとき。,在我想要放弃排球的时候，被大人们的期待和压力压得喘不过气来的时候。,在我打算放棄排球的那段時期，被大人們的期待和壓力壓得喘不過氣的時候。,Одно время я хотел бросить волейбол из-за давления вокруг.,"Ketika saya hampir berputus asa dengan bola tampar, saya rasa sesak dihimpit harapan dan tekanan orang dewasa.","Khi em định từ bỏ bóng chuyền, khi em không thể thở nổi dưới áp lực và kỳ vọng của người lớn.","Cuando estuve a punto de renunciar al vóley, cuando no podía ni respirar por culpa de las expectativas y la presión de los adultos...","Saat saya ingin berhenti bermain voli, saat harapan dan tekanan orang dewasa menindih saya sampai sulit bernapas.",ตอนที่ผมถูกกดดันจากความคาดหวังของพวกผู้ใหญ่จนคิดจะเลิกเล่นวอลเลย์บอล,"Quando eu estava prestes a abandonar o vôlei, sufocado pela pressão e pelas expectativas dos adultos..."
,,,백시우,,-1_결연,pause,,"셋이서 함께 웃고, 같이 땀 흘리고, 그냥 그런 순간들이‥ <wrt:wait,30><txt:bold,2>그 시간이, 제겐 큰 위로가 됐어요.","The three of us laughing together, working up a sweat together... those moments... <wrt:wait,30><txt:bold,2>That time together gave me tremendous comfort.","三人で一緒に笑って、一緒に汗を流して、ただそんな瞬間が...<wrt:wait,30><txt:bold,2>その時間が、俺を救ってくれたんです。","我们三个人一起笑、一起流汗的点点滴滴......<wrt:wait,30><txt:bold,2>那段时光，给了我莫大的慰藉。","我們三個人一起歡笑、一起揮灑汗水，那些點點滴滴... <wrt:wait,30><txt:bold,2>那段時光，給了我很大的慰藉。","Но когда мы втроем играли, смеялись, просто были вместе... <wrt:wait,30><txt:bold,2>Эти моменты очень поддерживали меня.","Kami bertiga ketawa dan berpeluh bersama... <wrt:wait,30><txt:bold,2>Saat-saat itulah yang banyak mengubat hati saya.","Cả ba đứa đã cùng cười, cùng đổ mồ hôi, chỉ là những khoảnh khắc đơn giản như vậy... <wrt:wait,30><txt:bold,2>nhưng khoảng thời gian đó là niềm an ủi lớn đối với em.","Las risas que compartimos los tres, el sudor, <wrt:wait,30><txt:bold,2>esos momentos... fueron un gran consuelo para mí.","Kita bertiga saling tertawa, berkeringat bersama, semua masa-masa itu... <wrt:wait,30><txt:bold,2>Waktu itu, menjadi hiburan besar bagi saya.","ช่วงเวลาที่เราสามคนหัวเราะด้วยกัน แล้วก็เสียเหงื่อไปด้วยกัน... <wrt:wait,30><txt:bold,2>ช่วงเวลาในตอนนั้นปลอบโยนผมได้อย่างมาก","Lembrando aqueles momentos, rindo e suando juntos... <wrt:wait,30><txt:bold,2>Aquele tempo foi um grande conforto para mim."
,,,백시우,,-1_결연,pause,,"만약 정말 끝까지 말해주실 수 없다면, <wrt:wait,30>좋아요.","If you won’t tell me, <wrt:wait,30>fine.","もし本当に最後まで教えていただけないのであれば、<wrt:wait,30>それで構いません。","如果真的到最后都不能告诉我，<wrt:wait,30>好吧。","如果真的到最後都不能告訴我的話，<wrt:wait,30>好吧。","Если вы не хотите мне ничего рассказывать, <wrt:wait,30>я не буду настаивать.","Kalau memang tak boleh beritahu saya sampai bila-bila pun, <wrt:wait,30>baiklah.","Nếu các anh chị thực sự không thể nói... <wrt:wait,30>cũng được thôi.","Si de verdad no puedes contarme nada más, <wrt:wait,30>está bien.","Tapi jika Anda masih tidak dapat memberitahukan kepada saya, <wrt:wait,30>baiklah.","ถ้าคุณบอกผมไม่ได้จริงๆ <wrt:wait,30>ก็ไม่เป็นไรครับ","Se você não puder me contar, <wrt:wait,30>sem problemas."
,,,백시우,,-1_무표정,pause,,"<txt:bold,2>더는 묻지 않을게요.","<txt:bold,2>I won’t ask anymore.","<txt:bold,2>これ以上は聞きません。","<txt:bold,2>我不会再问了。","<txt:bold,2>我不會再追問了。","<txt:bold,2>И не стану задавать вопросы.","<txt:bold,2>Saya takkan tanya lagi.","<txt:bold,2>Em sẽ không hỏi nữa.","<txt:bold,2>No insistiré.","<txt:bold,2>Saya tidak akan bertanya lagi.","<txt:bold,2>ผมจะไม่เอ่ยถามอีก","<txt:bold,2>Não vou te incomodar mais com isso."
,,,백시우,,-1_결연,pause,,"<txt:bold,2>하지만, <wrt:wait,30>제 손으로 알아낼 거예요.","<txt:bold,2>But, <wrt:wait,30>I’ll find out myself.","<txt:bold,2>でも、<wrt:wait,30>自分の手で調べます。","<txt:bold,2>但是，<wrt:wait,30>我会亲自查清楚。","<txt:bold,2>但<wrt:wait,30>我一定會查個水落石出的。","<txt:bold,2>Но тогда <wrt:wait,30>я все выясню сам.","<txt:bold,2>Tapi, <wrt:wait,30>saya akan cari sendiri.","<txt:bold,2>Nhưng <wrt:wait,30>em sẽ tự tìm hiểu.","<txt:bold,2>Pero lo averiguaré <wrt:wait,30>por mi cuenta.","<txt:bold,2>Tapi, <wrt:wait,30>saya akan coba mencari tahu sendiri.","<txt:bold,2>แต่ว่า <wrt:wait,30>ผมจะรู้ให้ได้ด้วยตัวเอง","<txt:bold,2>Mas... <wrt:wait,30>eu vou descobrir por conta própria."
,,,백시우,,-1_무표정,pause,,"<wrt:delay,10>왜냐하면‥</wrt:delay> <wrt:wait,30><txt:bold,2>배구 때문에 아파본 사람의 마음을 누구보다 제가 잘 아니까.","<wrt:delay,10>Because...</wrt:delay> <wrt:wait,30><txt:bold,2>I know what it feels like to be hurt by volleyball.","<wrt:delay,10>なぜなら...</wrt:delay><wrt:wait,30><txt:bold,2>バレーで苦しんだ人の気持ちを誰よりも俺がよく知っているから。","<wrt:delay,10>因为......</wrt:delay> <wrt:wait,30><txt:bold,2>因排球而受伤的心情，我比谁都懂。","<wrt:delay,10>因為...</wrt:delay><wrt:wait,30><txt:bold,2>我比任何人都更懂得因排球而痛苦過的心情。","<wrt:delay,10>Потому что...</wrt:delay> <wrt:wait,30><txt:bold,2>я знаю, каково это — когда больно из-за любимой игры.","<wrt:delay,10>Sebab...</wrt:delay> <wrt:wait,30><txt:bold,2>sayalah yang paling memahami perasaan orang yang pernah terluka kerana bola tampar.","<wrt:delay,10>Bởi vì...</wrt:delay> <wrt:wait,30><txt:bold,2>em hiểu rõ nhất cảm giác của người bị tổn thương bởi bóng chuyền.","<wrt:delay,10>Porque...</wrt:delay> <wrt:wait,30><txt:bold,2>yo sé muy bien lo que se siente sufrir por culpa del vóley.","<wrt:delay,10>Karena...</wrt:delay> <wrt:wait,30><txt:bold,2>Sebagai salah satu orang yang pernah terluka karena bola voli, saya tahu perasaan itu.","<wrt:delay,10>เพราะว่า...</wrt:delay> <wrt:wait,30><txt:bold,2>ผมเข้าใจความรู้สึกของคนที่เจ็บปวดเพราะวอลเลย์บอลยิ่งกว่าใคร","<wrt:delay,10>Porque... </wrt:delay> <wrt:wait,30><txt:bold,2>eu sou a pessoa que mais entende a dor de quem já passou por isso no vôlei."
,,,백시우,,-1_웃음,,,"<txt:bold,2><txt:color,orange>제니</txt:bold></txt:color>가 지금 그 시절의 저처럼 힘들어하고 있다면 모른 척하지 않을 거예요.","If <txt:bold,2><txt:color,orange>Jenny</txt:bold></txt:color> is being hurt like me in the past, I won’t turn a blind eye.","<txt:bold,2><txt:color,orange>ジェニー</txt:bold></txt:color>が今あの頃の俺のように苦しんでいるなら見て見ぬふりはできません。","<txt:bold,2><txt:color,orange>珍妮</txt:bold></txt:color>如果现在像当时的我一样痛苦，我是不会置之不理的。","<txt:bold,2>如果<txt:color,orange>珍妮</txt:bold></txt:color>現在和當年的我一樣痛苦，那我絕對不會視而不見。","Если <txt:bold,2><txt:color,orange>Дженни</txt:bold></txt:color> сейчас так же тяжело, как было мне, я просто не могу отвернуться.","Kalau <txt:bold,2><txt:color,orange>Jenny</txt:bold></txt:color> sedang menderita seperti saya dulu, saya takkan buat tak tahu.","Nếu <txt:bold,2><txt:color,orange>Jenny</txt:bold></txt:color> đang đau khổ giống như em ngày xưa, em không thể làm ngơ.","Si <txt:bold,2><txt:color,orange>Jenny</txt:bold></txt:color> está pasando por lo mismo que yo en aquel entonces, no voy a quedarme de brazos cruzados.","<txt:bold,2><txt:color,orange>Jenny</txt:bold></txt:color> mungkin sedang menderita seperti saya dulu. Kalau begitu, saya tidak akan pura-pura tidak tahu.","ถ้าตอนนี้<txt:bold,2><txt:color,orange>เจนนี่</txt:bold></txt:color>กำลังลำบากเหมือนผมในตอนนั้นล่ะก็ ผมจะไม่ทำเป็นไม่รู้ไม่เห็นหรอกครับ","Se a <txt:bold,2><txt:color,orange>Jenny</txt:bold></txt:color> estiver passando por um momento difícil como eu passei, eu não vou simplesmente ignorar."
,,,이사벨,,1_당황,,silent,‥‥,......,......,......,......,......,......,......,...,......,......,...
,,,백시우,,-1_무표정,,,‥‥.,.......,.......,.......,......,.......,.......,.......,...,.......,.......,...
,,,오아시스,,1_기본,pause,,"‥<wrt:wait,30>하아. <wrt:wait,30>계속 말려도 안 들을 거지?","...<wrt:wait,30>Ha. <wrt:wait,30>Well since it seems like you’re not going to stop even if we ask you to.","...<wrt:wait,30>はぁ。<wrt:wait,30>わかったよ。どうせ止めても無駄そうだしな。","......<wrt:wait,30>唉。<wrt:wait,30>看来我再怎么劝你也是白费口舌了，是吧？","...<wrt:wait,30>唉。<wrt:wait,30>看來不管我怎麼勸，你都聽不進去吧？","...<wrt:wait,30>Эх. <wrt:wait,30>Мы ведь тебя не переубедим, да?","...<wrt:wait,30>Ha. <wrt:wait,30>Nampaknya kamu takkan berhenti walau kami larang.","<wrt:wait,30>Ha ah... <wrt:wait,30>Nếu cứ ngăn cản thì em cũng chẳng nghe phải không?","<wrt:wait,30>Fuu... <wrt:wait,30>Aunque te lo impida, igual vas a ir, ¿verdad?","...<wrt:wait,30>Hahh. <wrt:wait,30>Kamu tidak akan menyerah kan?","...<wrt:wait,30>เฮ้อ <wrt:wait,30>ถึงห้ามไปนายก็คงไม่ฟังสินะ?","<wrt:wait,30>Ah... <wrt:wait,30>não vai adiantar eu tentar te convencer, né?"
,,,오아시스,,1_무표정,,,"좋아. 그렇다면, 차라리 내가 알려주는 게 낫겠지.",Okay. We’ll tell you about the Phantom League.,わかった。そういうことなら、俺から教えた方がいいだろうな。,好。既然如此，还不如我来告诉你。,好吧。既然這樣，還不如由我來告訴你比較快。,Ладно. Тогда лучше я сам тебе все расскажу.,"Baiklah. Kalau begitu, lebih baik aku sendiri yang beritahu.",Được rồi. Vậy thì tốt hơn là tôi nên nói cho em biết.,Está bien. Entonces será mejor que te lo diga yo directamente.,"Baiklah. Kalau begitu, sepertinya lebih baik jika aku beritahu langsung.",โอเค ถ้างั้นฉันเล่าให้ฟังเองคงจะดีกว่า,"Tá bom. Nesse caso, acho que seria melhor eu te contar."
,,,오아시스,,1_훗,pause,,"대신 <txt:bold,2><txt:color,orange>조건</txt:bold></txt:color>이 있어.","But on one <txt:bold,2><txt:color,orange>condition</txt:bold></txt:color>.","ただし<txt:bold,2><txt:color,orange>条件</txt:bold></txt:color>がある。","不过，<txt:bold,2><txt:color,orange>我有个条件</txt:bold></txt:color>。","不過我有個<txt:bold,2><txt:color,orange>條件</txt:bold></txt:color>。","Но с одним <txt:bold,2><txt:color,orange>условием</txt:bold></txt:color>.","Tapi dengan satu <txt:bold,2><txt:color,orange>syarat</txt:bold></txt:color>.","Nhưng với <txt:bold,2><txt:color,orange>một điều kiện</txt:bold></txt:color>.","Pero con una <txt:bold,2><txt:color,orange>condición</txt:bold></txt:color>.","Namun aku mempunyai <txt:bold,2><txt:color,orange>syarat</txt:bold></txt:color>.","แต่มี<txt:bold,2><txt:color,orange>ข้อแม้</txt:bold></txt:color>นะ","Mas tem uma <txt:bold,2><txt:color,orange>condição</txt:bold></txt:color>."
,,,오아시스,,1_기본,pause,,"<txt:bold,2>최대한 그곳 사람들과 엮이지 않아야 해. <txt:color,orange>제니</txt:color>만 찾고 바로 나오기.","<txt:bold,2>Don’t get involved with the people there as much as possible. Get out as soon as you find <txt:color,orange>Jenny</txt:color>.","<txt:bold,2>なるべく「あの場の人たち」と関わらないこと。<txt:color,orange>ジェニー</txt:color>だけを探して、すぐに出てくること。","<txt:bold,2>尽量别跟那里的人扯上关系。找到<txt:color,orange>珍妮</txt:color>就立刻出来。","<txt:bold,2>盡量不要跟那裡的人有任何瓜葛。找到<txt:color,orange>珍妮</txt:color>就馬上出來。","<txt:bold,2>Пообещай не влезать в их дела. Найдешь <txt:color,orange>Дженни</txt:color> и сразу уходи.","<txt:bold,2>Jangan libatkan diri dengan orang sana. Keluar sebaik saja jumpa <txt:color,orange>Jenny</txt:color>.","<txt:bold,2>Em phải tránh xa càng nhiều càng tốt những người ở đó. Chỉ tìm <txt:color,orange>Jenny</txt:color> rồi ra khỏi đó ngay.","<txt:bold,2>No te involucres con la gente de ese lugar. Entra, busca a <txt:color,orange>Jenny</txt:color> y sal de inmediato.","<txt:bold,2>Kamu tidak boleh terlibat dengan orang-orang disana. Kamu harus langsung meninggalkan tempat itu setelah mencari <txt:color,orange>Jenny</txt:color>.","<txt:bold,2>อย่าไปยุ่งกับคนในนั้นให้มากที่สุดเท่าที่จะทำได้ แค่หา<txt:color,orange>เจนนี่</txt:color>ให้เจอแล้วออกมาซะ","<txt:bold,2>Tente não se envolver com ninguém de lá. Encontre a <txt:color,orange>Jenny</txt:color> e saia imediatamente."
,,,오아시스,,1_무표정,pause,,약속해줄래?,Deal?,約束してくれるか？,能答应我吗？,你能做到嗎？,Договорились?,Setuju?,Em hứa chứ?,¿Lo prometes?,Apa kamu bisa berjanji?,นายสัญญาได้ไหม?,Você me promete isso?
,,,TAG,,,,,"<eff:black,3>","<eff:black,3>","<eff:black,3>","<eff:black,3>","<eff:black,3>","<eff:black,3>","<eff:black,3>","<eff:black,3>","<eff:black,3>","<eff:black,3>","<eff:black,3>","<eff:black,3>"
,,,TAG,,,,,"<cha:qpos,백시우,-4><cha:qpos,오아시스,2><cha:qpos,이사벨,-2>","<cha:qpos,백시우,-4><cha:qpos,오아시스,2><cha:qpos,이사벨,-2>","<cha:qpos,백시우,-4><cha:qpos,오아시스,2><cha:qpos,이사벨,-2>","<cha:qpos,백시우,-4><cha:qpos,오아시스,2><cha:qpos,이사벨,-2>","<cha:qpos,백시우,-4><cha:qpos,오아시스,2><cha:qpos,이사벨,-2>","<cha:qpos,백시우,-4><cha:qpos,오아시스,2><cha:qpos,이사벨,-2>","<cha:qpos,백시우,-4><cha:qpos,오아시스,2><cha:qpos,이사벨,-2>","<cha:qpos,백시우,-4><cha:qpos,오아시스,2><cha:qpos,이사벨,-2>","<cha:qpos,백시우,-4><cha:qpos,오아시스,2><cha:qpos,이사벨,-2>","<cha:qpos,백시우,-4><cha:qpos,오아시스,2><cha:qpos,이사벨,-2>","<cha:qpos,백시우,-4><cha:qpos,오아시스,2><cha:qpos,이사벨,-2>","<cha:qpos,백시우,-4><cha:qpos,오아시스,2><cha:qpos,이사벨,-2>"
,,,,,,,,"<txt:bold,3><txt:color,grey>~다음 날 아침, 아이들을 멀찍이 지켜보며~","<txt:bold,3><txt:color,grey>Next morning, while watching children from afar","<txt:bold,3><txt:color,grey>～翌朝、子供たちを遠くから見守りながら～","<txt:bold,3><txt:color,grey>～第二天一早，远远地望着那几个孩子～","<txt:bold,3><txt:color,grey>～隔天早上，遠遠地望著那群孩子～","<txt:bold,3><txt:color,grey>Следующее утро. Наблюдают издалека.","<txt:bold,3><txt:color,grey>Pagi esok, sambil lihat budak-budak dari jauh","<txt:bold,3><txt:color,grey>~Sáng hôm sau, nhìn đám trẻ từ xa~","<txt:bold,3><txt:color,grey>~A la mañana siguiente, observando a los chicos desde lejos~","<txt:bold,3><txt:color,grey>~Pagi hari berikutnya, sambil mengamati anak-anak dari jauh~","<txt:bold,3><txt:color,grey>~เช้าวันถัดมา ขณะเฝ้ามองเด็กๆ ที่ห่างออกไป~","<txt:bold,3><txt:color,grey>Na manhã seguinte, observando as crianças de longe..."
,,,이사벨,,1_무표정,,,역시 가는구나.,Off they go.,やっぱり行くのね。,他果然还是去了。,果然還是去了啊。,И все-таки он пошел.,Mereka dah pergi.,Cuối cùng vẫn đi à?,"Al final, sí fue.",Jadi dia telah memutuskan untuk pergi.,ไปจริงๆ แฮะ,Então ele realmente vai...
,,,오아시스,,1_무표정,,,"그러게. 뭐, 막을 수 있는 느낌도 아니잖아.","Well, we couldn’t stop them even if we wanted to.",そうだね。まあ、止められそうもないしな。,可不是嘛。再说，看他那样子，我们拦也拦不住啊。,是啊。誰也阻止不了他。,Да уж. Нам его не остановить.,Kita tak boleh halang pun.,"Phải, dù sao thì chúng ta cũng đâu có thể ngăn cản được.","Lo sabía. Bueno, ¿quién podría detenerlo?",Iya. Tidak ada yang bisa kita lakukan untuk menghentikannya.,นั่นน่ะสิ แต่ก็ไม่น่าจะห้ามได้อยู่แล้วนี่นา,Pois é... não dá nem pra tentar impedir.
,,,오아시스,,1_기본,,,우리가 아무리 말렸어도 결국은 스스로 찾아갔을 거야.,They would have gone on their own anyways.,俺たちがどれだけ止めても、きっと自分で探しに行ってただろうな。,就算我们再怎么劝，他最终还是会自己去的。,就算我們再怎麼勸，他終究還是會自己想辦法去的。,Все равно бы он поступил по-своему.,Mereka tetap akan pergi juga.,Cuối cùng cậu ấy cũng sẽ tự tìm đến đó thôi.,"Por más que tratamos de convencerlo, iba a ir de todos modos.",Mau kita bersikeras seperti apapun dia pasti akan pergi sendiri.,ต่อให้พวกเราห้าม สุดท้ายเขาก็จะหาทางไปเองอยู่ดีนั่นแหละ,"Mesmo que tivéssemos tentado impedir, ele acabaria indo por conta própria."
,,,이사벨,,1_무표정,,,우리가 같이 가지 않아도 괜찮을까?,Is it okay to just send them on their own?,私たちが一緒に行かなくても大丈夫かしら？,我们不一起去也没关系吗？,我們不跟著去，真的不會有事嗎？,"А может, стоило пойти вместе?",Tak apa ke kalau kita tak ikut mereka?,Chúng ta không đi cùng có ổn không?,¿Estará bien que no lo acompañemos?,Apa tidak sebaiknya kita menemani mereka?,พวกเราไม่ไปด้วยจะไม่เป็นไรเหรอ?,Será que não seria melhor irmos juntos?
,,,오아시스,,1_웃음,,,우리가 함께 가면 더 눈에 띄지.,They’d draw more attention if we went with them.,俺たちが一緒に行けばもっと目立つ。,我们一起去的话反而更显眼。,我們一起去反而更引人注目吧。,Нас бы точно сразу заметили.,"Kalau kita ikut, mereka akan lebih menarik perhatian.",Nếu chúng ta đi cùng sẽ càng gây chú ý hơn.,"Si vamos con él, vamos a llamar más la atención.",Kalau begitu pasti akan lebih mencolok.,ถ้าพวกเราไปด้วยจะยิ่งสะดุดตาน่ะสิ,A gente vai acabar chamando mais atenção se formos juntos.
,,,오아시스,,1_훗,,,"넌 콜로세움의 여왕이고, 나는 <txt:bold,2>팬텀 리그</txt:bold> 블랙리스트 1순위일 텐데.","You’re the Queen of the Colosseum and I’m probably number 1 on the <txt:bold,2>Phantom League</txt:bold>’s blacklist.","お前はコロッセオの女王だし、なんといっても俺は<txt:bold,2>ファントムリーグ</txt:bold>のブラックリストの筆頭だろうからな。","你是竞技场女王，而我，八成是<txt:bold,2>幻影联赛</txt:bold>黑名单上的头号人物。","妳是競技場女王，而我大概是<txt:bold,2>幻影聯賽</txt:bold>的頭號黑名單吧。","Ты же королева Колизея, а я вообще в черном списке <txt:bold,2>Фантом-лиги</txt:bold>.","Kamu Ratu Colosseum, aku pula mungkin nombor 1 dalam senarai hitam <txt:bold,2>Liga Phantom</txt:bold>.","Cậu là Nữ Hoàng Đấu Trường, còn tôi có lẽ là người đứng đầu danh sách đen của <txt:bold,2>Phantom League</txt:bold>.","Tú eres la Reina del Coliseo, y yo probablemente esté en el primer lugar de la lista negra de la <txt:bold,2>Liga Fantasma</txt:bold>.","Kamu itu kan Ratu Colosseum, dan juga aku yakin aku itu peringkat 1 yang di Blacklist di <txt:bold,2>Liga Phantom</txt:bold>.","เธอคือราชินีแห่งโคลอสเซียม ส่วนฉันน่าจะเป็นแบล็กลิสต์อันดับ 1 ของ<txt:bold,2>แฟนธอมลีก</txt:bold>เลยล่ะ","Você é a Rainha do Coliseu e eu estou no topo da lista negra da <txt:bold,2>Liga Phantom</txt:bold>."
,,,오아시스,,1_기본,pause,,"게다가 우리는‥ <wrt:wait,30><txt:size,2><txt:bold,1>지금 할일이 있잖아?","Besides, we have... <wrt:wait,30><txt:size,2><txt:bold,1>something to do right now, don't we?","それに俺たちは...<wrt:wait,30><txt:size,2><txt:bold,1>今やるべきことがあるだろ？","再说我们......<wrt:wait,30><txt:size,2><txt:bold,1>现在还有事要做，不是吗？","而且我們...<wrt:wait,30><txt:size,2><txt:bold,1>現在不是有正事要辦嗎？","К тому же, <wrt:wait,30><txt:size,2><txt:bold,1>у нас своих дел по горло.","Lagi pun, kita ada... <wrt:wait,30><txt:size,2><txt:bold,1>tugas sekarang, kan?","Hơn nữa chúng ta... <wrt:wait,30><txt:size,2><txt:bold,1>đang có việc phải làm, đúng không?","Además... nosotros también <wrt:wait,30><txt:size,2><txt:bold,1>tenemos algo que hacer.","Dan juga... <wrt:wait,30><txt:size,2><txt:bold,1>Bukankah saat ini kita ada urusan lain?","แถมตอนนี้... <wrt:wait,30><txt:size,2><txt:bold,1>พวกเรามีเรื่องที่ต้องทำไม่ใช่รึไง?","Além do mais... <wrt:wait,30><txt:size,2><txt:bold,1>temos algo a fazer agora, não é?"
,,,TAG,,,,,"<sys:quiet,600>","<sys:quiet,600>","<sys:quiet,600>","<sys:quiet,600>","<sys:quiet,600>","<sys:quiet,600>","<sys:quiet,600>","<sys:quiet,600>","<sys:quiet,600>","<sys:quiet,600>","<sys:quiet,600>","<sys:quiet,600>"
,,,오아시스,,1_무표정,pause,,"작전 개시, 코앞이야.",The operation launch is right around the corner.,作戦開始、目前だ。,行动马上就要开始了。,行動即將展開，迫在眉睫。,До начала — рукой подать.,Pelancaran operasi dah dekat.,Thời điểm hành động đã gần kề.,La operación comienza en nada.,"Waktu mulainya operasi, sudah di depan mata.",แผนปฏิบัติการกำลังจะเริ่มขึ้นแล้ว,A ação está prestes a começar.
,,,오아시스,,1_웃음,,,"시우는 시우대로, 우린 우리 일을 하면 돼~","Siwoo can do his part, and we'll do ours~",新は新で、俺たちは俺たちのことをすればいいんだ。,白时宇有他要做的事，我们也有我们的任务～,時宇走時宇的路，我們做我們該做的事就好～,"Пусть Шиу занимается своими делами, а мы сосредоточимся на своих.","Siwoo buat bahagiannya, kita buat bahagian kita~","Siwoo có việc của Siwoo, chúng ta có việc của chúng ta ~",Siwoo irá por su cuenta y nosotros tenemos nuestro propio trabajo.,"Ada hal yang harus Siwoo lakukan, begitu juga dengan kita~",ให้ชีอูจัดการตามทางของเขา ส่วนพวกเราทำในส่วนของพวกเราก็พอ~,"O Siwoo vai se virar com o que precisa fazer, e a gente cuida do resto."
,,,오아시스,,1_무표정,,,"결국, 만나게 될지도 모르겠지만 말이야.","In the end, we might end up meeting after all.",結局、また会うことになるかもしれないけどな。,虽然，到头来我们也许还是会碰上的。,不過啊，說不定到頭來還是會碰上呢。,"Кто знает, может, мы еще встретимся.","Akhirnya, mungkin kita akan jumpa juga.","Cuối cùng, không chừng chúng ta sẽ còn gặp lại nhau nữa đấy!",Aunque... puede que al final volvamos a encontrarnos.,"Meski pada akhirnya, bisa saja kita saling bertemu.",ถึงไม่รู้ว่าสุดท้ายจะได้เจอกันรึเปล่าก็เถอะ,"No final, talvez nossos caminhos se cruzem."
3,경기 전,#,MAP,,,,,팬텀리그_입구,팬텀리그_입구,팬텀리그_입구,팬텀리그_입구,팬텀리그_입구,팬텀리그_입구,팬텀리그_입구,팬텀리그_입구,팬텀리그_입구,팬텀리그_입구,팬텀리그_입구,팬텀리그_입구
,,#,BGM,,,,,BGM_BAD_SANGHYEON1,BGM_BAD_SANGHYEON1,BGM_BAD_SANGHYEON1,BGM_BAD_SANGHYEON1,BGM_BAD_SANGHYEON1,BGM_BAD_SANGHYEON1,BGM_BAD_SANGHYEON1,BGM_BAD_SANGHYEON1,BGM_BAD_SANGHYEON1,BGM_BAD_SANGHYEON1,BGM_BAD_SANGHYEON1,BGM_BAD_SANGHYEON1
,,#,백시우,0,-1_기본,,,,,,,,,,,,,,
,,#,정다희,4,1_기본,,,,,,,,,,,,,,
,,#,마윤석,4,1_기본,,,,,,,,,,,,,,
,,,-,,,,,"<txt:bold,3><txt:color,grey>~올림피코 경기장 앞~","<txt:bold,3><txt:color,grey>In front of Olimpico Stadium","<txt:bold,3><txt:color,grey>～オリンピコスタジアム前～","<txt:bold,3><txt:color,grey>～奥林匹克体育场前～","<txt:bold,3><txt:color,grey>～奧林匹克競技場前～","<txt:bold,3><txt:color,grey>У входа в Олимпийский зал","<txt:bold,3><txt:color,grey>Depan Stadium Olimpico","<txt:bold,3><txt:color,grey>~ Trước sân vận động Olimpico ~","<txt:bold,3><txt:color,grey>~Frente al Estadio Olímpico~","<txt:bold,3><txt:color,grey>~Di depan Stadion Olimpico~","<txt:bold,3><txt:color,grey>~หน้าสนามแข่งโอลิมปีโก~","<txt:bold,3><txt:color,grey>Em frente ao Estádio Olímpico..."
,,,???,,,,,캔뱃지 사세요!,Get your button badges here!,缶バッジいかがですか！,徽章！徽章！便宜卖啦！,來買徽章喔！,Покупайте значки!,Mari beli lencana pin!,Mua huy hiệu không anh?,¡Compren chapas!,Beli pinnya!,มาซื้อเข็มกลัดไปสักอันสิครับ!,Compre seu bóton aqui!
,,,백시우,,-1_기본,,,콜로세움이 그려진 거 하나만 줄래?,Can you give me one with the Colosseum?,コロッセオが描かれているのを一つもらえる？,我要一个画着竞技场的。,給我一個畫著競技場圖案的。,"Можно один значок с Колизеем, пожалуйста?",Boleh bagi saya yang ada Colosseum?,Cho anh một cái có hình Đấu Trường nhé!,¿Me das una con el Coliseo dibujado?,Aku mau satu yang bergambar Colosseum.,ขออันที่มีลายโคลอสเซียมได้ไหม?,"Pode me dar um que tenha o Coliseu desenhado nele, por favor?"
,,,???,,,,,"네! 어라? <wrt:wait,30>형, 캔뱃지는 5유로인데요?","Okay! Huh? <wrt:wait,30>One button badge costs five euros.","はい！あれ？<wrt:wait,30>お兄さん、缶バッジは5ユーロですけど？","好嘞！咦？<wrt:wait,30>小哥，这徽章可要5欧元哦？","好的！咦？<wrt:wait,30>大哥，徽章一個是5歐元喔？","Конечно! Э? <wrt:wait,30>Дружище, значок стоит всего пять евро!","Okay! Huh? <wrt:wait,30>1 lencana tin 5 Euro.","Vâng! Ủa? <wrt:wait,30>Anh ơi, huy hiệu chỉ có 5 euro thôi mà?","¡Sí! ¿Eh? <wrt:wait,30>La chapa cuesta 5 euros.","Iya! Eh? <wrt:wait,30>Kak, harga pinnya cuma 5 euro!","ได้เลยครับ! เอ๊ะ? <wrt:wait,30>พี่ เข็มกลัดราคา 5 ยูโรนะครับ","Claro! <wrt:wait,30>Mas, ei, o bóton custa 5 euros."
,,,백시우,,-2_기쁨,,,"잔돈은 네가 가져. <txt:bold,2>대신 하나만 물어봐도 될까?","You can keep the change. <txt:bold,2>In exchange, can I ask you something?","おつりはいらないよ。<txt:bold,2>代わりに一つだけ聞いてもいいかな？","零钱不用找了，你拿着吧。<txt:bold,2>不过，能跟你打听个事儿不？","剩下的你就收下吧。<txt:bold,2>不過我能向你打聽一件事嗎？","Да, сдачу оставьте себе. <txt:bold,2>Но взамен я хочу кое-что узнать.","Baki simpan saja. <txt:bold,2>Tapi boleh saya tanya sesuatu?","Tiền thừa em giữ lấy. <txt:bold,2>Nhưng anh có thể hỏi một câu được không?","Quédate con el cambio. <txt:bold,2>Pero déjame preguntarte una cosa.","Kamu boleh simpan uang sisanya. <txt:bold,2>Sebagai gantinya apa boleh aku tanya satu hal?","นายเก็บเงินทอนไปได้เลย <txt:bold,2>แต่ฉันขอถามอะไรอย่างได้ไหม?","Pode ficar com o troco. <txt:bold,2>Só posso te fazer uma pergunta?"
,,,백시우,,-1_무표정,pause,,"혹시 <txt:bold,2>팬텀 리그</txt:bold>에 대해 알고 있니?","Do you know anything about the <txt:bold,2>Phantom League</txt:bold>?","君、<txt:bold,2>ファントムリーグ</txt:bold>について知ってる？","你听说过<txt:bold,2>幻影联赛</txt:bold>吗？","你知道關於<txt:bold,2>幻影聯賽</txt:bold>的事嗎？","Вы слышали про <txt:bold,2>Фантом-лигу</txt:bold>?","Kamu tahu apa-apa tentang <txt:bold,2>Liga Phantom</txt:bold>?","Em có biết gì về <txt:bold,2>Phantom League</txt:bold> không?","Por casualidad, ¿sabes algo de la <txt:bold,2>Liga Fantasma</txt:bold>?","Apa kamu pernah mendengar tentang <txt:bold,2>Liga Phantom</txt:bold>?","นายรู้จักเกี่ยวกับ<txt:bold,2>แฟนธอมลีก</txt:bold>รึเปล่า?","Já ouviu falar da <txt:bold,2>Liga Phantom</txt:bold>?"
,,,???,,,,,"<wrt:delay,10>‥</wrt:delay><wrt:wait,30>그쪽이야기군요.","<wrt:delay,10>...</wrt:delay><wrt:wait,30>So that's what you want to know.","<wrt:delay,10>...</wrt:delay><wrt:wait,30>その話ですか。","<wrt:delay,10>...</wrt:delay><wrt:wait,30>原来是那件事啊。","<wrt:delay,10>...</wrt:delay><wrt:wait,30>原來是那件事啊。","<wrt:delay,10>Ааа...</wrt:delay><wrt:wait,30> Вот оно что.","<wrt:delay,10>...</wrt:delay><wrt:wait,30>Jadi itu yang kamu nak tahu.","<wrt:delay,10>...</wrt:delay><wrt:wait,30>À, chuyện đó.","<wrt:delay,10>...</wrt:delay><wrt:wait,30>Así que era eso.","<wrt:delay,10>...</wrt:delay><wrt:wait,30>Tentang itu ya.","<wrt:delay,10>...</wrt:delay><wrt:wait,30>เรื่องนั้นเองสินะครับ","<wrt:delay,10>Ah... </wrt:delay><wrt:wait,30>é sobre isso então."
,,,???,,,,,저쪽 모퉁이를 돌면 좌판 앞에서 졸고 있는 할아버지가 있을 거예요. 그 할아버지에게 이 뱃지를 보여드리세요.,"When you turn that corner, there will be an old man dozing in front of a stall. Show this badge to him.",あの角を曲がると露店の前で居眠りしているおじいさんがいるはずです。そのおじいさんにこのバッジを見せてください。,你从那个拐角过去，会看到一个在摊位前打盹的老爷爷。你把这个徽章给他瞧瞧就行。,從那個轉角過去，會看到有個在攤位前打瞌睡的老伯伯。把這個徽章給他看就可以了。,"Тебе вон туда, за угол. Как повернешь, увидишь старика, который сел вздремнуть на скамейке. Покажи ему этот значок.","Pusing sana, ada pakcik tertidur depan gerai. Tunjuk lencana ni.","Nếu rẽ góc kia, sẽ thấy một ông cụ đang ngủ gật trước quầy hàng. Anh hãy đưa huy hiệu này cho ông ấy xem.",Gira esa esquina y verás a un anciano medio dormido frente a un puesto. Enséñale esta chapa.,"Belok di sudut sana, nanti Kakak akan melihat seorang kakek terkantuk-kantuk di depan lapaknya. Tunjukkan pin ini kepadanya.",ถ้าเลี้ยวหัวมุมตรงโน้นไป จะเจอคุณตาที่กำลังสัปหงกอยู่หน้าแผงลอย ให้โชว์เข็มกลัดนี้ให้คุณตาคนนั้นดูได้เลยครับ,"Vire naquela esquina, e você vai ver um senhor dormindo perto da barraca. Mostre esse bóton pra ele."
,,,???,,,,,전 여기까지밖에 알려드릴 수 없어요.,That’s all I can tell you.,私が話せるのはこれくらいです。,我只能告诉你这么多了。,我只能告訴你這麼多了。,Больше я ничего не знаю.,Itu saja yang saya boleh beritahu.,Em chỉ có thể cho anh biết đến đó thôi.,Eso es todo lo que te puedo decir.,Hanya itu yang dapat saya sampaikan.,ผมบอกได้แค่นี้แหละครับ,Isso é tudo o que eu sei.
,,,백시우,,-1_웃음,,,고마워.,Thanks.,ありがとう。,多谢啦。,謝啦。,Спасибо.,Terima kasih.,Cảm ơn em.,Gracias.,Terima kasih ya.,ขอบใจนะ,Obrigado.
,,,TAG,,,,,"<cha:pos,백시우,-2><cha:pos,정다희,2>","<cha:pos,백시우,-2><cha:pos,정다희,2>","<cha:pos,백시우,-2><cha:pos,정다희,2>","<cha:pos,백시우,-2><cha:pos,정다희,2>","<cha:pos,백시우,-2><cha:pos,정다희,2>","<cha:pos,백시우,-2><cha:pos,정다희,2>","<cha:pos,백시우,-2><cha:pos,정다희,2>","<cha:pos,백시우,-2><cha:pos,정다희,2>","<cha:pos,백시우,-2><cha:pos,정다희,2>","<cha:pos,백시우,-2><cha:pos,정다희,2>","<cha:pos,백시우,-2><cha:pos,정다희,2>","<cha:pos,백시우,-2><cha:pos,정다희,2>"
,,,백시우,,-3_난감,,,"휴, <txt:bold,2><txt:color,orange>오아시스</txt:bold></txt:color>가 알려준 대로가 맞았네. ","Whew, so it’s exactly like what <txt:bold,2><txt:color,orange>Oasis</txt:bold></txt:color> told us.","ふう、<txt:bold,2><txt:color,orange>オアシス</txt:bold></txt:color>選手が教えてくれた通りだな。","呼，<txt:bold,2><txt:color,orange>绿洲</txt:bold></txt:color>给的法子果然管用。","呼，<txt:bold,2><txt:color,orange>綠洲</txt:bold></txt:color>說的果然沒錯。","Фух, пока все идет, как говорил <txt:bold,2><txt:color,orange>Оазис</txt:bold></txt:color>.","Fuh, sama macam <txt:bold,2><txt:color,orange>Oasis</txt:bold></txt:color> kata.","Hơ, đúng như <txt:bold,2><txt:color,orange>Oasis</txt:bold></txt:color> chỉ.","Vaya, parece que <txt:bold,2><txt:color,orange>Oasis</txt:bold></txt:color> tenía razón.","Hyuhh, benar seperti yang diberitahu oleh <txt:bold,2><txt:color,orange>Oasis</txt:bold></txt:color>.","ฮู้ว ตรงตามที่<txt:bold,2><txt:color,orange>โอเอซิส</txt:bold></txt:color>บอกเลยแฮะ","Ah, o que o <txt:bold,2><txt:color,orange>Oásis</txt:bold></txt:color> falou tava certo."
,,,정다희,,1_기본,,,"어쩐지 두근거리지 않아? 봐, 저기. 아마 저분이신 것 같아.","Doesn't your heart race a little? Look, over there. That's probably him.",なんだかドキドキしない？ほら、あそこ。たぶんあの人だと思う。,不觉得有点小心跳吗？看，在那边。应该就是那位老先生了。,你不覺得緊張刺激嗎？你看，就在那裡。說的大概就是他了。,"Я так нервничаю. Смотри, а вон и старик сидит.","Berdebar sikit, kan? Tengok sana. Mungkin dia..","Cậu không thấy hồi hộp sao? Kìa, ở đó. Có lẽ đó là ông ấy.","¿No te late más fuerte el corazón? Mira, debe de ser ese señor.","Apa kamu tidak merasa deg-degan? Coba lihat itu, disana. Sepertinya dia yang dimaksud tadi.",รู้สึกใจเต้นตุบๆ ยังไงก็ไม่รู้เนอะ? ดูตรงโน้นสิ น่าจะเป็นคนนั้นแน่เลย,"Não sente um friozinho na barriga? Olha ali, parece ser ele."
,,,백시우,,-1_무표정,pause,,"‥할아버지, 이거 보여드리면 되는 거죠?","...Sir, is this what you need to see?",...おじいさん、これを見せればいいんですよね？,......老爷爷，把这个给您看就行了吧？,...老伯伯，把這個給您看就可以了吧？,Здравствуйте... Это же вам надо значок показать?,"...Pakcik, ini yang perlu ditunjuk?","Ông ơi, cho cháu hỏi, cháu đưa ông xem cái này được không ạ?",Disculpe señor... ¿tenemos que mostrarle esto a usted?,"...Kakek, aku tinggal memperlihatkan ini kan?",...คุณตาครับ ผมโชว์อันนี้ให้ดูก็พอใช่ไหมครับ?,"É só mostrar isso para o senhor, né?"
,,,TAG,,,,,"<eff:black,3>","<eff:black,3>","<eff:black,3>","<eff:black,3>","<eff:black,3>","<eff:black,3>","<eff:black,3>","<eff:black,3>","<eff:black,3>","<eff:black,3>","<eff:black,3>","<eff:black,3>"
,,,TAG,,,,,"<sys:qmap,암전><sys:quiet,600><sys:special,승강기>","<sys:qmap,암전><sys:quiet,600><sys:special,승강기>","<sys:qmap,암전><sys:quiet,600><sys:special,승강기>","<sys:qmap,암전><sys:quiet,600><sys:special,승강기>","<sys:qmap,암전><sys:quiet,600><sys:special,승강기>","<sys:qmap,암전><sys:quiet,600><sys:special,승강기>","<sys:qmap,암전><sys:quiet,600><sys:special,승강기>","<sys:qmap,암전><sys:quiet,600><sys:special,승강기>","<sys:qmap,암전><sys:quiet,600><sys:special,승강기>","<sys:qmap,암전><sys:quiet,600><sys:special,승강기>","<sys:qmap,암전><sys:quiet,600><sys:special,승강기>","<sys:qmap,암전><sys:quiet,600><sys:special,승강기>"
,,,TAG,,,,,"<sys:sfx,사슬><sys:bgm,SFX_ELEVATOR>","<sys:sfx,사슬><sys:bgm,SFX_ELEVATOR>","<sys:sfx,사슬><sys:bgm,SFX_ELEVATOR>","<sys:sfx,사슬><sys:bgm,SFX_ELEVATOR>","<sys:sfx,사슬><sys:bgm,SFX_ELEVATOR>","<sys:sfx,사슬><sys:bgm,SFX_ELEVATOR>","<sys:sfx,사슬><sys:bgm,SFX_ELEVATOR>","<sys:sfx,사슬><sys:bgm,SFX_ELEVATOR>","<sys:sfx,사슬><sys:bgm,SFX_ELEVATOR>","<sys:sfx,사슬><sys:bgm,SFX_ELEVATOR>","<sys:sfx,사슬><sys:bgm,SFX_ELEVATOR>","<sys:sfx,사슬><sys:bgm,SFX_ELEVATOR>"
,,,-,,,,,"(덜컹)<eff:shake,1>","(Thud)<eff:shake,1>","(ガタン)<eff:shake,1>","(哐当)<eff:shake,1>","(鏗鏘)<eff:shake,1>","(Дзынь)<eff:shake,1>","(Thud)<eff:shake,1>","(Rầm)<eff:shake,1>","(Clanc)<eff:shake,1>","(Kertak)<eff:shake,1>","(ปึง)<eff:shake,1>","(Clac)<eff:shake,1>"
,,,백시우,,,,,"<cha:face,백시우,-2_놀람>이런 곳에 엘리베이터가 있을 줄이야.","<cha:face,백시우,-2_놀람>Who would have thought there'd be an elevator in a place like this?","<cha:face,백시우,-2_놀람>こんなところにエレベーターがあるなんて。","<cha:face,백시우,-2_놀람>真没想到这种地方居然会有电梯。","<cha:face,백시우,-2_놀람>沒想到這種地方竟然有電梯耶。","<cha:face,백시우,-2_놀람>Ого, здесь есть лифт.","<cha:face,백시우,-2_놀람>Tak sangka ada lif kat sini","<cha:face,백시우,-2_놀람>Không ngờ ở đây cũng có thang máy.","<cha:face,백시우,-2_놀람>¿Un ascensor? ¿Aquí?","<cha:face,백시우,-2_놀람>Tidak aku sangka ada elevator di tempat seperti ini.","<cha:face,백시우,-2_놀람>ไม่คิดเลยว่าจะมีลิฟต์ในที่แบบนี้ด้วย","<cha:face,백시우,-2_놀람>Nunca imaginei que teria um elevador aqui."
,,,백시우,,-1_시무룩,,,"정말로 <txt:bold,2><txt:color,orange>제니</txt:bold></txt:color>가<txt:shake,1> <txt:bold,2>팬텀 리그</txt:bold>에서 뛰고 있는 걸까‥?","Is <txt:bold,2><txt:color,orange>Jenny</txt:bold></txt:color> really playing in the <txt:shake,1><txt:bold,2>Phantom League</txt:bold>...?","本当に<txt:bold,2><txt:color,orange>ジェニー</txt:bold></txt:color>が<txt:shake,1><txt:bold,2>ファントムリーグ</txt:bold>でプレーしているのかな...？","<txt:bold,2><txt:color,orange>珍妮</txt:bold></txt:color>她<txt:shake,1>......真的在<txt:bold,2>幻影联赛</txt:bold>吗......？","<txt:bold,2><txt:color,orange>珍妮</txt:bold></txt:color>她<txt:shake,1>真的會在<txt:bold,2>幻影聯賽</txt:bold>打球嗎...？","Неужели <txt:bold,2><txt:color,orange>Дженни</txt:bold></txt:color> и правда играет в<txt:shake,1> <txt:bold,2>Фантом-лиге</txt:bold>?","Betul ke <txt:bold,2><txt:color,orange>Jenny</txt:bold></txt:color> main dalam <txt:shake,1><txt:bold,2>Liga Phantom</txt:bold>...?","Liệu <txt:bold,2><txt:color,orange>Jenny</txt:bold></txt:color> có thực sự đang thi đấu ở <txt:shake,1><txt:bold,2>Phantom League</txt:bold> không...?","¿De verdad <txt:bold,2><txt:color,orange>Jenny</txt:bold></txt:color><txt:shake,1> estará participando en la <txt:bold,2>Liga Fantasma</txt:bold>...?","Apakah benar <txt:bold,2><txt:color,orange>Jenny</txt:bold></txt:color> sedang berada di <txt:shake,1> <txt:bold,2>Liga Phantom</txt:bold> ini...?","<txt:bold,2><txt:color,orange>เจนนี่</txt:bold></txt:color>กำลังเล่นอยู่ใน<txt:shake,1><txt:bold,2>แฟนธอมลีก</txt:bold>จริงรึเปล่านะ...?","Será mesmo que a <txt:bold,2><txt:color,orange>Jenny</txt:bold></txt:color> tá jogando na <txt:shake,1><txt:bold,2>Liga Phantom</txt:bold>?"
,,,정다희,,1_언짢,,,아직 확실하진 않아. 너무 걱정하지 마. 시우야.,"We don’t know for sure yet. Don’t worry too much, Siwoo.",まだはっきりしてないから。あまり心配しないで、新。,现在还说不准呢。别太担心了，白时宇。,還不確定啦。別太擔心了，時宇。,Мы пока не знаем. Не переживай раньше времени.,"Kita belum pasti. Jangan risau sangat, Siwoo.","Chưa chắc chắn đâu. Đừng lo lắng quá, Siwoo à!","Aún no lo sabemos con certeza. No te preocupes demasiado, Siwoo.",Belum tentu begitu. Jangan terlalu khawatir. Siwoo.,ยังไม่ชัวร์สักหน่อย อย่าเพิ่งกังวลมากไปเลยนะชีอู,"Não sabemos ao certo ainda. Não se preocupe tanto, Siwoo."
,,,정다희,,1_웃음,,,"<txt:bold,2>여기까지 오는 길엔 점포도 많고, 구경꾼도 잔뜩 있었구!","<txt:bold,2>There were a lot of shops and onlookers on our way here!","<txt:bold,2>結構お店とか、お客さんとかたくさんいて賑わってたし！","<txt:bold,2>来这里的路上，店铺也挺多，看热闹的人更是乌央乌央的！","<txt:bold,2>一路走來這裡不是有很多店家，也有一堆觀光客嘛！","<txt:bold,2>Помнишь, мы шли сюда по оживленным улицам, везде туристы.","<txt:bold,2>Banyak gerai dan orang tadi!","<txt:bold,2>Trên đường đến đây có nhiều cửa hàng và rất nhiều khách tham quan!","<txt:bold,2>Hasta llegar aquí pasamos por muchas tiendas y, ¡estaba lleno de gente mirando!","<txt:bold,2>Sampai sini kita melihat banyak toko-toko, dan juga penonton!","<txt:bold,2>ระหว่างทางมาถึงที่นี่มีร้านค้าตั้งเยอะ แถมยังมีผู้ชมเพียบเลย!","<txt:bold,2>Pelo caminho até aqui, vi muitas lojas e muitos curiosos!"
,,,정다희,,1_언짢,,,어쩌면 소문처럼 위험한 곳은 아닐지도 몰라.,It might not be as bad as the rumors say.,ひょっとしたら、噂ほど危険な場所じゃないかもしれないわよ。,说不定啊，根本不像传闻里那么吓人。,說不定不像傳聞中那麼嚇人。,"Может, тут вовсе не опасно.",Mungkin tak seteruk khabar angin.,Có lẽ nó không nguy hiểm như tin đồn đâu.,Tal vez no sea tan peligroso como dicen los rumores.,Mungkin saja tempat ini tidak seberbahaya seperti yang dikatakan.,มันอาจจะไม่ใช่ที่อันตรายแบบในข่าวลือก็ได้นะ,Talvez não seja tão perigoso como as pessoas falam.
,,,백시우,,-2_놀람,,,"‥그렇담 다행이지만.<wrt:wait,30> <wrt:break>오는 길에 본 사람 중 모자를 푹 눌러쓴 사람들 중에서 우리를 유달리 노려보는 사람들이 있었어.","...I hope you’re right.<wrt:wait,30> <wrt:break>But on our way here, there were some with hats pulled low who were staring at us pretty intensely.","...そう、ならいいけど。<wrt:wait,30><wrt:break>来る途中に見た人たちの中で帽子を深くかぶった人たちが俺たちを特に睨んでいたような...","......这样最好不过了。<wrt:wait,30> <wrt:break>不过，来的路上，那些把帽子压得低低的人里，有好几个一直狠狠地盯着我们。","...那樣是最好不過了。<wrt:wait,30> <wrt:break>不過來的時候，我發現那些把帽子壓得低的人群中，有好幾個特別盯著我們看。","Было бы здорово...<wrt:wait,30> <wrt:break> Но я заметил, как некоторые прохожие прятали свои лица и слишком пристально смотрели на нас.","... Harap kamu betul.<wrt:wait,30> <wrt:break>Tapi masa datang tadi, ada beberapa orang yang menarik topi mereka rendah-lendah dan menjeling tajam ke arah kita.","Nếu vậy thì tốt quá...<wrt:wait,30> <wrt:break>Nhưng trong số những người đội mũ sụp xuống tận mắt mà chúng ta thấy trên đường, có một số người nhìn chằm chằm vào chúng ta.","Ojalá tengas razón...<wrt:wait,30> <wrt:break>Pero vi a algunas personas con gorra puesta hasta abajo que no dejaban de mirarnos.","...Semoga saja begitu.<wrt:wait,30> <wrt:break>Tapi tadi ada beberapa orang dengan topi menutupi wajah yang terus memelototi kita.","...ถ้าเป็นแบบนั้นก็ดีแหละ<wrt:wait,30> <wrt:break>แต่ในบรรดาคนที่เจอระหว่างทาง มีพวกคนที่สวมหมวกปิดมิดชิดแล้วจ้องมองพวกเราแปลกๆ ด้วย","Tomara que não seja mesmo. <wrt:wait,30> <wrt:break>Mas reparei que, no caminho, umas pessoas de chapéu ficaram encarando a gente de um jeito meio esquisito."
,,,백시우,,-2_놀람,,,우리가 외국인이라서 그런 것만은 아닐 거야.,And I don’t think it’s just because we’re foreigners.,俺たちが外国人だからってだけじゃないと思う。,我觉得，不单单是因为我们是外国人。,感覺不全是因為我們是外國人的關係。,"И не потому, что мы иностранцы.",Aku rasa bukan sebab kita pelancong.,Không phải chỉ vì chúng ta là người nước ngoài đâu.,No creo que haya sido solo porque somos extranjeros.,Aku merasa alasan mereka melihat kita bukan karena kita orang asing saja.,คงไม่ใช่แค่เพราะพวกเราเป็นคนต่างชาติแน่นอน,Não acredito que seja só porque somos estrangeiros.
,,,TAG,,,,,"<sys:quiet,500>","<sys:quiet,500>","<sys:quiet,500>","<sys:quiet,500>","<sys:quiet,500>","<sys:quiet,500>","<sys:quiet,500>","<sys:quiet,500>","<sys:quiet,500>","<sys:quiet,500>","<sys:quiet,500>","<sys:quiet,500>"
,,,백시우,,-2_당황,,,"잠깐,<wrt:wait,30> <txt:size,2>이게 무슨 소리지?","Wait. <wrt:wait,30> <txt:size,2>What’s that sound?","ちょっ、<wrt:wait,30><txt:size,2>この音は一体？","等等，<wrt:wait,30> <txt:size,2>这是什么声音？","等等，<wrt:wait,30><txt:size,2>這是什麼聲音啊？","Стой,<wrt:wait,30> <txt:size,2>ты слышишь?","Sekejap.<wrt:wait,30> <txt:size,2>Apa bunyi tu?","Khoan,<wrt:wait,30> <txt:size,2>đó là gì vậy?","Espera un momento...<wrt:wait,30> <txt:size,2>¿Qué es ese ruido?","Sebentar,<wrt:wait,30> <txt:size,2>suara apa ini ya?","เดี๋ยวนะ<wrt:wait,30> <txt:size,2>นี่มันเสียงอะไรน่ะ?","Pera aí,<wrt:wait,30> <txt:size,2>que barulho é esse?"
,,,백시우,,-1_엥,,,"<txt:size,2>사람들의 환호성 소리?","<txt:size,2>People cheering?","<txt:size,2>大勢の人の歓声が聞こえる！","<txt:size,2>是......是人群的欢呼声？","<txt:size,2>是人群的歡呼聲嗎？","<txt:size,2>Как будто крики болельщиков...","<txt:size,2>Sorakan?","<txt:size,2>Tiếng reo hò của khán giả?","<txt:size,2>¿Son vítores?","<txt:size,2>Suara sorakan dari banyak orang?","<txt:size,2>เสียงโห่ร้องของกลุ่มคน?","<txt:size,2>Será que é a torcida?"
,,,TAG,,,,,"<sys:special,승강기><sys:sfx,승강기_열림>","<sys:special,승강기><sys:sfx,승강기_열림>","<sys:special,승강기><sys:sfx,승강기_열림>","<sys:special,승강기><sys:sfx,승강기_열림>","<sys:special,승강기><sys:sfx,승강기_열림>","<sys:special,승강기><sys:sfx,승강기_열림>","<sys:special,승강기><sys:sfx,승강기_열림>","<sys:special,승강기><sys:sfx,승강기_열림>","<sys:special,승강기><sys:sfx,승강기_열림>","<sys:special,승강기><sys:sfx,승강기_열림>","<sys:special,승강기><sys:sfx,승강기_열림>","<sys:special,승강기><sys:sfx,승강기_열림>"
,,,TAG,,,,,"<sys:bgm,BGM_INTO_THE_UNDERGROUND,1000>","<sys:bgm,BGM_INTO_THE_UNDERGROUND,1000>","<sys:bgm,BGM_INTO_THE_UNDERGROUND,1000>","<sys:bgm,BGM_INTO_THE_UNDERGROUND,1000>","<sys:bgm,BGM_INTO_THE_UNDERGROUND,1000>","<sys:bgm,BGM_INTO_THE_UNDERGROUND,1000>","<sys:bgm,BGM_INTO_THE_UNDERGROUND,1000>","<sys:bgm,BGM_INTO_THE_UNDERGROUND,1000>","<sys:bgm,BGM_INTO_THE_UNDERGROUND,1000>","<sys:bgm,BGM_INTO_THE_UNDERGROUND,1000>","<sys:bgm,BGM_INTO_THE_UNDERGROUND,1000>","<sys:bgm,BGM_INTO_THE_UNDERGROUND,1000>"
,,,정다희,,1_당황,,,"<txt:size,3>시우야 소리가 점점 커지는 것 같아!<scr:noskip><scr:timer,160>","<txt:size,3>Siwoo, the sound is becoming louder!<scr:noskip><scr:timer,160>","<txt:size,3>新、声がどんどん大きくなってるよ！<scr:noskip><scr:timer,160>","<txt:size,3>白时宇，声音好像越来越响了！<scr:noskip><scr:timer,160>","<txt:size,3>時宇，聲音好像越來越大了耶！<scr:noskip><scr:timer,160>","<txt:size,3>Шиу, кажется, мы почти на месте!<scr:noskip><scr:timer,160>","<txt:size,3>Siwoo, makin kuat bunyinya!<scr:noskip><scr:timer,160>","<txt:size,3>Siwoo à, tiếng ồn càng lúc càng to!<scr:noskip><scr:timer,160>","<txt:size,3>¡Siwoo, se escucha cada vez más fuerte!<scr:noskip><scr:timer,160>","<txt:size,3>Coba dengar Siwoo, suaranya semakin membesar!<scr:noskip><scr:timer,160>","<txt:size,3>ชีอู เหมือนเสียงจะดังขึ้นเรื่อยๆ เลย!<scr:noskip><scr:timer,160>","<txt:size,3>Siwoo, tá ficando mais alto!<scr:noskip><scr:timer,160>"
,,,-,,,,,"<txt:color,blue>(딩동-.)<scr:noskip><scr:timer,60><sys:special,승강기>","<txt:color,blue>(Ding-dong)<scr:noskip><scr:timer,60><sys:special,승강기>","<txt:color,blue>(ピンポーン)<scr:noskip><scr:timer,60><sys:special,승강기>","<txt:color,blue>(叮咚—。)<scr:noskip><scr:timer,60><sys:special,승강기>","<txt:color,blue>(叮咚—。)<scr:noskip><scr:timer,60><sys:special,승강기>","<txt:color,blue>(Динь-дон)<scr:noskip><scr:timer,60><sys:special,승강기>","<txt:color,blue>(Ding-dong)<scr:noskip><scr:timer,60><sys:special,승강기>","<txt:color,blue>(Kính coong)<scr:noskip><scr:timer,60><sys:special,승강기>","<txt:color,blue>(Ding dong)<scr:noskip><scr:timer,60><sys:special,승강기>","<txt:color,blue>(Ding dong-.)<scr:noskip><scr:timer,60><sys:special,승강기>","<txt:color,blue>(ติ๊งต่อง)<scr:noskip><scr:timer,60><sys:special,승강기>","<txt:color,blue>(Ding-dong!)<scr:noskip><scr:timer,60><sys:special,승강기>"
,,,TAG,,,,,"<sys:qmap,팬텀리그_경기장><sys:qmapzoom,1.5><sys:mapzoom,1,5>","<sys:qmap,팬텀리그_경기장><sys:qmapzoom,1.5><sys:mapzoom,1,5>","<sys:qmap,팬텀리그_경기장><sys:qmapzoom,1.5><sys:mapzoom,1,5>","<sys:qmap,팬텀리그_경기장><sys:qmapzoom,1.5><sys:mapzoom,1,5>","<sys:qmap,팬텀리그_경기장><sys:qmapzoom,1.5><sys:mapzoom,1,5>","<sys:qmap,팬텀리그_경기장><sys:qmapzoom,1.5><sys:mapzoom,1,5>","<sys:qmap,팬텀리그_경기장><sys:qmapzoom,1.5><sys:mapzoom,1,5>","<sys:qmap,팬텀리그_경기장><sys:qmapzoom,1.5><sys:mapzoom,1,5>","<sys:qmap,팬텀리그_경기장><sys:qmapzoom,1.5><sys:mapzoom,1,5>","<sys:qmap,팬텀리그_경기장><sys:qmapzoom,1.5><sys:mapzoom,1,5>","<sys:qmap,팬텀리그_경기장><sys:qmapzoom,1.5><sys:mapzoom,1,5>","<sys:qmap,팬텀리그_경기장><sys:qmapzoom,1.5><sys:mapzoom,1,5>"
,,,TAG,,,,,"<sys:sfx,관중_4>","<sys:sfx,관중_4>","<sys:sfx,관중_4>","<sys:sfx,관중_4>","<sys:sfx,관중_4>","<sys:sfx,관중_4>","<sys:sfx,관중_4>","<sys:sfx,관중_4>","<sys:sfx,관중_4>","<sys:sfx,관중_4>","<sys:sfx,관중_4>","<sys:sfx,관중_4>"
,,,-,,,,,"<eff:shake,2><txt:bold,2><txt:size,2><txt:shake,2>(와아아아아-!)","<eff:shake,2><txt:bold,2><txt:size,2><txt:shake,2>(Waaaaaaaah-!)","<eff:shake,2><txt:bold,2><txt:size,2><txt:shake,2>(わぁああああ～！)","<eff:shake,2><txt:bold,2><txt:size,2><txt:shake,2>(哇啊啊啊啊—！)","<eff:shake,2><txt:bold,2><txt:size,2><txt:shake,2>(哇啊啊啊啊—！)","<eff:shake,2><txt:bold,2><txt:size,2><txt:shake,2>(Ууууааааааа...!)","<eff:shake,2><txt:bold,2><txt:size,2><txt:shake,2>(Waaaaaaaah-!)","<eff:shake,2><txt:bold,2><txt:size,2><txt:shake,2>(Woahhhhh-!)","<eff:shake,2><txt:bold,2><txt:size,2><txt:shake,2>(¡Woooah!)","<eff:shake,2><txt:bold,2><txt:size,2><txt:shake,2>(Wahhhhhhh-!)","<eff:shake,2><txt:bold,2><txt:size,2><txt:shake,2>(โว้ววววว-!)","<eff:shake,2><txt:bold,2><txt:size,2><txt:shake,2>(Uaaaahh!)"
,,,백시우,,-2_놀람,,,"‥이게<wrt:wait,30> ‥<txt:shake,1><txt:bold,2>팬텀 리그</txt:bold>?","...This is the<wrt:wait,30> ...<txt:shake,1><txt:bold,2>Phantom League</txt:bold>?","...これが<wrt:wait,30>...<txt:shake,1><txt:bold,2>ファントムリーグ</txt:bold>？","......这就是<wrt:wait,30> ......<txt:shake,1><txt:bold,2>幻影联赛</txt:bold>？","...這就是<wrt:wait,30> ...<txt:shake,1><txt:bold,2>幻影聯賽</txt:bold>？","Это...<wrt:wait,30> ...<txt:shake,1><txt:bold,2>Фантом-лига</txt:bold>?","...Ini ke<wrt:wait,30> ...<txt:shake,1><txt:bold,2>Liga Phantom</txt:bold>?","Đây là<wrt:wait,30>...<txt:shake,1><txt:bold,2>Phantom League</txt:bold> sao?","¿Esta es...<wrt:wait,30> la <txt:shake,1><txt:bold,2>Liga Fantasma</txt:bold>?","...Jadi ini<wrt:wait,30> ...<txt:shake,1><txt:bold,2>Liga Phantom</txt:bold>?","...นี่มัน<wrt:wait,30> ...<txt:shake,1><txt:bold,2>แฟนธอมลีก</txt:bold>?","Então... <wrt:wait,30>isso é a... <txt:shake,1><txt:bold,2>Liga Phantom</txt:bold>?"
,,,정다희,,1_당황,,,"<txt:shake,1>다들 눈빛이 어딘가 무서워‥","<txt:shake,1>Something about the look in all their eyes is unnerving...","<txt:shake,1>みんな目つきがどこか怖い...","<txt:shake,1>他们的眼神......都好凶啊......","<txt:shake,1>大家的眼神都好可怕喔...","<txt:shake,1>У всех какой-то жуткий взгляд...","<txt:shake,1>Pandangan mata mereka... buat aku tak sedap hati.","<txt:shake,1>Ánh mắt của mọi người đều có vẻ đáng sợ...","<txt:shake,1>Las miradas de todos... dan un poco de miedo.","<txt:shake,1>Sorot mata mereka semua terlihat menyeramkan...","<txt:shake,1>สายตาของทุกคนน่ากลัวยังไงก็ไม่รู้...","<txt:shake,1>Os olhares das pessoas aqui são um pouco assustadores..."
,,,백시우,,-1_무표정,,,"일단, 제니를 먼저 찾자.","First, let’s look for Jenny.",まずはジェニーを探そう。,不管怎样，先找到珍妮再说。,我們先找到珍妮再說。,Сосредоточимся на Дженни.,Cari Jenny dulu.,"Trước tiên, hãy tìm Jenny đã.","Primero, tenemos que encontrar a Jenny.","Pertama-tama, mari kita coba cari Jenny.",มาตามหาเจนนี่ก่อนเถอะ,"Antes de qualquer coisa, vamos encontrar a Jenny."
,,,정다희,,1_언짢,pause,,"사람들이 이렇게나 많은데, 어떻게 <txt:bold,2><txt:color,orange>제니</txt:bold></txt:color>를 찾지?","How are we going to find <txt:bold,2><txt:color,orange>Jenny</txt:bold></txt:color> among all these people?","こんなにたくさんの人の中で、どうやって<txt:bold,2><txt:color,orange>ジェニー</txt:bold></txt:color>を見つければいいの？","这么多人，上哪儿找<txt:bold,2><txt:color,orange>珍妮</txt:bold></txt:color>啊？","人這麼多，要怎麼找到<txt:bold,2><txt:color,orange>珍妮</txt:bold></txt:color>啊？","Тут столько людей, как мы <txt:bold,2><txt:color,orange>ее</txt:bold></txt:color> найдем?","Macam mana nak cari <txt:bold,2><txt:color,orange>Jenny</txt:bold></txt:color> dalam ramai ni?","Có nhiều người thế này, làm thế nào để tìm <txt:bold,2><txt:color,orange>Jenny</txt:bold></txt:color> đây?","Hay demasiada gente. ¿Cómo encontraremos a <txt:bold,2><txt:color,orange>Jenny</txt:bold></txt:color>?","Tapi bagaimana caranya kita mencari <txt:bold,2><txt:color,orange>Jenny</txt:bold></txt:color> di antara kerumunan orang ini?","คนเยอะขนาดนี้ จะหา<txt:bold,2><txt:color,orange>เจนนี่</txt:bold></txt:color>ยังไงเนี่ย?","Como vamos achar a <txt:bold,2><txt:color,orange>Jenny</txt:bold></txt:color> no meio de toda essa multidão?"
,,,정다희,,1_언짢,,,"으음. <txt:bold,2><txt:color,orange>제니</txt:bold></txt:color>의 연락처로 전화를 해볼래?","Hum. Can you try calling <txt:bold,2><txt:color,orange>Jenny</txt:bold></txt:color>?","うーん。<txt:bold,2><txt:color,orange>ジェニー</txt:bold></txt:color>の連絡先に電話してみる？","嗯......要不给<txt:bold,2><txt:color,orange>珍妮</txt:bold></txt:color>打个电话试试看？","嗯...要不要打電話給<txt:bold,2><txt:color,orange>珍妮</txt:bold></txt:color>看看？","Хм, а ты пробовал позвонить <txt:bold,2><txt:color,orange>Дженни</txt:bold></txt:color>?","Hum. Cuba telefon <txt:bold,2><txt:color,orange>Jenny</txt:bold></txt:color>?","Hmm, cậu thử gọi điện cho <txt:bold,2><txt:color,orange>Jenny</txt:bold></txt:color> xem sao?","Mmm... ¿Y si intentamos llamar a <txt:bold,2><txt:color,orange>Jenny</txt:bold></txt:color>?","Hmmm. Bagaimana kalau kamu coba telpon <txt:bold,2><txt:color,orange>Jenny</txt:bold></txt:color>?","อืม ลองโทรเข้าเบอร์ของ<txt:bold,2><txt:color,orange>เจนนี่</txt:bold></txt:color>ดูไหม?","Humm... que tal tentar ligar pra <txt:bold,2><txt:color,orange>Jenny</txt:bold></txt:color>?"
,,,백시우,,-2_놀람,,,"아까부터 해보고 있는데, 받지를 않아.",I did but she’s not picking up.,さっきからかけてるんだけど、なかなか出ないんだ。,我从刚才就一直在打，可她就是不接。,我從剛才就一直在打了，可是她都沒接。,"Конечно, но она не берет трубку.","Dah, tapi dia tak angkat.",Tớ đã thử từ nãy nhưng không ai nhấc máy cả.,"Lo estoy intentando desde hace rato, pero no contesta.","Aku sudah coba dari tadi, tapi dia tidak menerimanya.",ฉันลองโทรมาตั้งแต่เมื่อกี้แล้ว แต่ไม่มีคนรับเลย,"Já tentei várias vezes, mas ela não atende."
,,,백시우,,-3_난감,nervous,,"<txt:shake,1>어쩌지 여기에서 이렇게 무작정 기다릴 수도 없고‥","<txt:shake,1>What should we do? We can't just wait here...","<txt:shake,1>どうしよう、いつまでもここで突っ立ってるわけにもいかないし...","<txt:shake,1>这可怎么办啊，总不能一直在这儿干等着吧......","<txt:shake,1>那怎麼辦，總不能一直在這裡乾等下去吧...","<txt:shake,1>Но мы не можем просто стоять и ждать...","<txt:shake,1>Macam mana ni? Takkan tunggu saja...","<txt:shake,1>Làm sao đây, không thể cứ đứng đợi mãi ở đây được...","<txt:shake,1>¿Y ahora qué? No podemos quedarnos aquí esperando sin más...","<txt:shake,1>Apa yang harus kita lakukan, kita tidak bisa menunggu diam disini begitu saja tanpa rencana...","<txt:shake,1>ทำยังไงดีล่ะ จะรออยู่ที่นี่ไปเรื่อยๆ ก็ไม่ได้ซะด้วย...","<txt:shake,1>E agora? Não dá pra ficar parado aqui de braços cruzados..."
,,,TAG,,,,,"<sys:quiet,600>","<sys:quiet,600>","<sys:quiet,600>","<sys:quiet,600>","<sys:quiet,600>","<sys:quiet,600>","<sys:quiet,600>","<sys:quiet,600>","<sys:quiet,600>","<sys:quiet,600>","<sys:quiet,600>","<sys:quiet,600>"
,,,???,,,,,"<txt:size,2>이봐, 거기 둘! 정다희, 그리고 배신자!","<txt:size,2>Hey, you two! Dahee Jung and the traitor!","<txt:size,2>おい、そこの二人！飛鳥夏希、それと裏切り者！","<txt:size,2>喂，那边那两个！郑多熙，还有那个叛徒！","<txt:size,2>喂，你們兩個！鄭多熙，還有叛徒！","<txt:size,2>Только посмотрите на эту парочку: предатель и его подружка!","<txt:size,2>Hoi, korang! Dahee Jung dan si pengkhianat!","<txt:size,2>Này, hai đứa kia! Jeong Dahee và kẻ phản bội!","<txt:size,2>¡Oigan, ustedes dos! ¡Dahee! ¡Y tú, traidor!","<txt:size,2>Oi, kalian berdua! Dahee Jung, dan juga pengkhianat!","<txt:size,2>เฮ้ สองคนนั้นน่ะ! จองดาฮีแล้วก็เจ้าคนทรยศ!","<txt:size,2>Ei, vocês aí! Dahee Jung e o traidor!"
,,,정다희,,1_당황,,,"<wrt:delay,10>‥</wrt:delay><wrt:wait,30>잠깐, 이 목소리는? <txt:bold,2><txt:color,orange><txt:size,2>마윤석</txt:bold></txt:color>?!","<wrt:delay,10>...</wrt:delay><wrt:wait,30>Wait, that’s? <txt:bold,2><txt:color,orange><txt:size,2>Yoonseok Ma</txt:bold></txt:color>?!","<wrt:delay,10>...</wrt:delay><wrt:wait,30>ちょっと、この声は？<txt:bold,2><txt:color,orange><txt:size,2>伊藤忠英</txt:bold></txt:color>？！","<wrt:delay,10>...</wrt:delay><wrt:wait,30>等等，这声音是......？<txt:bold,2><txt:color,orange><txt:size,2>马允硕</txt:bold></txt:color>？！","<wrt:delay,10>...</wrt:delay><wrt:wait,30>等等，這個聲音是？<txt:bold,2><txt:color,orange><txt:size,2>馬允碩</txt:bold></txt:color>？！","<wrt:delay,10>Не может быть...</wrt:delay><wrt:wait,30>Этот голос? <txt:bold,2><txt:color,orange><txt:size,2>Ма Юнсок</txt:bold></txt:color>?!","<wrt:delay,10>...</wrt:delay><wrt:wait,30>Eh, tu ke? <txt:bold,2><txt:color,orange><txt:size,2>Yoonseok Ma?!","<wrt:delay,10>...</wrt:delay><wrt:wait,30>Khoan, giọng nói này là...? <txt:bold,2><txt:color,orange><txt:size,2>Ma Yoonseok</txt:bold></txt:color>?!","<wrt:delay,10>...</wrt:delay><wrt:wait,30>Espera, ¿y esa voz? ¡¿<txt:bold,2><txt:color,orange><txt:size,2>Yunseok</txt:bold></txt:color>?!","<wrt:delay,10>...</wrt:delay><wrt:wait,30>Sebentar, suara ini kan? <txt:bold,2><txt:color,orange><txt:size,2>Yunseok Ma</txt:bold></txt:color>?!","<wrt:delay,10>...</wrt:delay><wrt:wait,30>เดี๋ยวนะ เสียงนี้มัน? <txt:bold,2><txt:color,orange><txt:size,2>มายุนซอก</txt:bold></txt:color>?!","<wrt:delay,10>...</wrt:delay><wrt:wait,30>O quê? Essa voz... <txt:bold,2><txt:color,orange><txt:size,2>Yunseok Ma</txt:bold></txt:color>!?"
,,,백시우,,-2_놀람,,,"<txt:size,2>왜 너가 여기에?!","<txt:size,2>What are you doing here?!","<txt:size,2>なぜお前がここに？！","<txt:size,2>你怎么跑这儿来了？！","<txt:size,2>你怎麼會在這裡？！","<txt:size,2>Что ты тут делаешь?!","<txt:size,2>Apa kamu buat di sini?!","<txt:size,2>Sao cậu lại ở đây?!","<txt:size,2>¡¿Qué haces tú aquí?!","<txt:size,2>Kenapa kamu ada disini?!","<txt:size,2>ทำไมนายถึงมาอยู่ที่นี่เนี่ย?!","<txt:size,2>O que você tá fazendo aqui?!"
,,,TAG,,,,,"<cha:pos,마윤석,2><cha:pos,정다희,0>","<cha:pos,마윤석,2><cha:pos,정다희,0>","<cha:pos,마윤석,2><cha:pos,정다희,0>","<cha:pos,마윤석,2><cha:pos,정다희,0>","<cha:pos,마윤석,2><cha:pos,정다희,0>","<cha:pos,마윤석,2><cha:pos,정다희,0>","<cha:pos,마윤석,2><cha:pos,정다희,0>","<cha:pos,마윤석,2><cha:pos,정다희,0>","<cha:pos,마윤석,2><cha:pos,정다희,0>","<cha:pos,마윤석,2><cha:pos,정다희,0>","<cha:pos,마윤석,2><cha:pos,정다희,0>","<cha:pos,마윤석,2><cha:pos,정다희,0>"
,,,TAG,,,,,"<sys:bgm,BGM_PROPOSAL>","<sys:bgm,BGM_PROPOSAL>","<sys:bgm,BGM_PROPOSAL>","<sys:bgm,BGM_PROPOSAL>","<sys:bgm,BGM_PROPOSAL>","<sys:bgm,BGM_PROPOSAL>","<sys:bgm,BGM_PROPOSAL>","<sys:bgm,BGM_PROPOSAL>","<sys:bgm,BGM_PROPOSAL>","<sys:bgm,BGM_PROPOSAL>","<sys:bgm,BGM_PROPOSAL>","<sys:bgm,BGM_PROPOSAL>"
,,,마윤석,,1_우쭐,wave,,"<txt:wave,1><txt:rainbow,1>우훗, 나를 쫓아서 이곳까지 따라온 거야? 정말 어쩔 수 없는 녀석들이라니까~","<txt:wave,1><txt:rainbow,1>Haha, did you guys follow me all the way over here? You guys are really something else~","<txt:wave,1><txt:rainbow,1>フッ、俺を追いかけてここまで来たのかな？本当に困った奴らだなぁ～","<txt:wave,1><txt:rainbow,1>哼哼，你们是千里迢迢追着本大爷到这儿来的吗？真是群甩不掉的小尾巴～","<txt:wave,1><txt:rainbow,1>呵呵，是追著本大爺到這裡來的嗎？還真是拿你們沒轍啊～","<txt:wave,1><txt:rainbow,1>Ха, вы и сюда за мной приползли? Бедняжки, не можете без меня!","<txt:wave,1><txt:rainbow,1>Haha, korang ikut aku sampai sini? Memang luar biasa~","<txt:wave,1><txt:rainbow,1>Hí hí, các cậu theo tớ đến tận đây à? Đúng là hết cách với các cậu mà~","<txt:wave,1><txt:rainbow,1>Jeje, ¿me siguieron hasta este lugar? Son tan tercos como siempre...","<txt:wave,1><txt:rainbow,1>Huhuh, apa kamu telah mengikutiku sampai jauh-jauh kesini? Dasar kalian itu memang~","<txt:wave,1><txt:rainbow,1>หึหึ ตามฉันมาจนถึงที่นี่เลยเหรอ? พวกนี้นี่ช่างดึงดันจริงๆ เลยน้า~","<txt:wave,1><txt:rainbow,1>Hahaha, vieram atrás de mim até aqui? Não sei o que dizer, vocês são incansáveis!"
,,,백시우,,-1_정적,,,‥우리가?,...Us?,...俺たちのことか？,......我们？,...我們？,...Ты серьезно?,... Kami?,Chúng tớ á?,¿Nosotros?,...Kita?,...พวกเราเนี่ยนะ?,A gente?
,,,마윤석,,1_우쭐,wave,,"좋아, <txt:bold,2>팬텀 리그</txt:bold>의 슈퍼스타인 이 몸이 상대해주지. ","Alright, I, the superstar of the <txt:bold,2>Phantom League</txt:bold>, will take you guys on.","いいよ、<txt:bold,2>ファントムリーグ</txt:bold>のスーパースターであるこの俺が相手してあげる。","好啊，本<txt:bold,2>幻影联赛</txt:bold>的超级巨星就屈尊陪你们玩玩。","好吧，就讓<txt:bold,2>幻影聯賽</txt:bold>的超級巨星本大爺來陪你們玩玩。","Так и быть, я — суперзвезда <txt:bold,2>Фантом-лиги</txt:bold> — принимаю ваш вызов.","Baiklah, aku, superstar <txt:bold,2>Liga Phantom</txt:bold>, akan layan korang.","Tốt, siêu sao của <txt:bold,2>Phantom League</txt:bold> là tớ sẽ chiến đấu với các cậu.","Está bien. La superestrella de la <txt:bold,2>Liga Fantasma</txt:bold> los enfrentará.","Baiklah, aku, sang superstar <txt:bold,2>Liga Phantom</txt:bold>, akan meladeni kalian!","โอเค ซูเปอร์สตาร์แห่ง<txt:bold,2>แฟนธอมลีก</txt:bold>ผู้นี้จะเป็นคู่แข่งให้เอง","Certo! Eu, a estrela da <txt:bold,2>Liga Phantom</txt:bold>, vou enfrentar vocês."
,,,마윤석,,1_우쭐,wave,,"이런 기회, <wrt:wait,30>흔치 않으니까 영광으로 알아?","This kind of opportunity doesn’t come by often, <wrt:wait,30>so consider it an honor!","こんなチャンス、<wrt:wait,30>滅多にないから光栄に思うんだな。","这种机会，<wrt:wait,30>可是八辈子修不来的福分，你们就偷着乐吧！","這種機會，<wrt:wait,30>可是千載難逢的，你們就好好感恩戴德吧！","А я не каждый день <wrt:wait,30>такой щедрый.","Peluang macam ni jarang ada, <wrt:wait,30>jadi anggaplah satu kehormatan!","Cơ hội hiếm có, <wrt:wait,30>hãy lấy đây là niềm vinh dự đi!","No se presenta una oportunidad así todos los días, <wrt:wait,30>¡deberían sentirse honrados!","Kalian harus merasa terhormat karena <wrt:wait,30>kesempatan seperti ini sangat langka!","โอกาสแบบนี้น่ะ <wrt:wait,30>ไม่ได้มีบ่อยๆ หรอกนะ ถือเป็นเกียรติซะเถอะ","Isso não acontece todo dia, <wrt:wait,30>então encarem isso como uma grande honra!"
,,,백시우,,-3_난감,,,"‥<txt:color,orange><txt:bold,2>마윤석</txt:color></txt:bold>, 또 무슨 말을 하는 거야.","...<txt:color,orange><txt:bold,2>Yoonseok</txt:color></txt:bold>, I don’t understand what you mean.","...<txt:color,orange><txt:bold,2>忠英</txt:color></txt:bold>、また変なことを...","......<txt:color,orange><txt:bold,2>马允硕</txt:color></txt:bold>，你又在瞎咧咧什么呢。","...<txt:color,orange><txt:bold,2>馬允碩</txt:color></txt:bold>，你又在胡說八道什麼啊。","...<txt:color,orange><txt:bold,2>Ма Юнсок</txt:color></txt:bold>, ты опять берега попутал?","...<txt:color,orange><txt:bold,2>Yoonseok</txt:color></txt:bold>, aku tak faham maksud kamu.","...<txt:color,orange><txt:bold,2>Ma Yoonseok</txt:color></txt:bold>, cậu đang nói cái gì vậy?","<txt:color,orange><txt:bold,2>Yunseok...</txt:color></txt:bold> ¿Otra vez con esas tonterías?","...<txt:color,orange><txt:bold,2>Yunseok Ma</txt:color></txt:bold>, kamu bertingkah aneh lagi.","...<txt:color,orange><txt:bold,2>มายุนซอก</txt:color></txt:bold> พูดอะไรไม่เข้าเรื่องอีกแล้ว","<txt:color,orange><txt:bold,2>Yunseok Ma</txt:color></txt:bold>, do que você tá falando?"
,,,백시우,,-1_엥,,,"근데 말이야, 너‥ <txt:bold,2>어쩐지 식은땀을 흘리고 있지 않아? 어디 아픈 건 아니지?","And by the way... <txt:bold,2>You’re sweating quite a bit... Are you okay?","ていうか、お前...<txt:bold,2>なんか冷や汗かいてない？どこか具合悪いんじゃないのか？","不过话说回来，你小子......<txt:bold,2>怎么好像在冒冷汗啊？没哪儿不舒服吧？","不過話說回來，你...<txt:bold,2>怎麼好像在冒冷汗啊？身體沒事吧？","Слушай... <txt:bold,2>Ты точно в порядке? На тебе лица нет.","Tapi, kamu... <txt:bold,2>Macam berpeluh sejuk saja. Kamu tak sakit, kan?","Nhưng này, có vẻ như... <txt:bold,2>cậu đang đổ mồ hôi lạnh đấy! Không sao chứ hả?","Pero oye... <txt:bold,2>Estás sudando frío, ¿te encuentras bien?","Ngomong-ngomong, kamu... <txt:bold,2>Terlihat sedang berkeringat dingin. Apa kamu sakit?","ว่าแต่นาย... <txt:bold,2>ทำไมเหงื่อไหลขนาดนั้นน่ะ? ไม่สบายตรงไหนรึเปล่า?","Mas, espera, você... <txt:bold,2>tá suando frio, não tá? Tá tudo bem?"
,,,마윤석,,1_기본,shake ,,"<txt:shake,1>시, 식은땀이라니~ 완전 쌩쌩하거든! 그런 저급한 심리전은 이 슈퍼 스타에겐 안 통해.","<txt:shake,1>S-sweat? Nah, I’m perfectly fine! That kind of low key mind trick won’t work on this superstar!","<txt:shake,1>ひ、冷や汗なんて...そんなことない！そんな低レベルな心理戦はこのスーパースターには通用しないね。","<txt:shake,1>什、什么冷汗～ 本大爷好得很！这种不入流的心理战术，对本超级巨星可不管用。","<txt:shake,1>什、什麼冷汗～我好得很！那種低級的心理戰對本超級巨星可沒用！","<txt:shake,1>Я в отличной форме, ясно?! И не пытайся меня запугать!","<txt:shake,1>P-peluh sejuk? Aku sihatlah! Perang psikologi murahan macam tu takkan berkesan pada superstar ni!","<txt:shake,1>M-mồ hôi lạnh gì chứ? Tớ khỏe re! Chiêu trò tâm lý rẻ tiền đó không có tác dụng với siêu sao này đâu!","<txt:shake,1>¿S-sudando frío? ¡Para nada! Estoy más que perfecto. Esas tácticas psicológicas baratas no funcionan conmigo.","<txt:shake,1>Ke, keringat dingin kau bilang~ Aku baik-baik saja! Serangan psikologis rendahan seperti itu tidak mempan untuk Superstar sepertiku.","<txt:shake,1>งะ เหงื่ออะไรกัน~ ฉันพลังล้นสุดๆ เลยต่างหาก! สงครามทางจิตวิทยาเห่ยๆ แบบนั้นน่ะ ไม่ได้ผลกับซูเปอร์สตาร์ผู้นี้หรอก","<txt:shake,1>S-suando frio? Que nada! Tô super bem, esses truques baratos não funcionam comigo, sou uma estrela!"
,,,백시우,,-2_놀람,,,아무리 봐도 이상한데.,Okay... he’s definitely acting weird.,どう見てもおかしいけど...,怎么看都觉得不对劲啊。,怎麼看都覺得很奇怪。,Ну-ну.,Hmm... memang pelik dia ni.,Sao thấy vẫn có gì đó kỳ lạ...,"Aun así, no te ves bien.",Mau dilihat bagaimanapun kamu tidak terlihat baik-baik saja.,มองยังไงก็แปลกนะ,"Meu Deus, isso tá muito estranho..."
,,,정다희,,1_언짢,,,"‥시우야. <txt:color,orange><txt:bold,2>마윤석</txt:color></txt:bold>한테 이 리그에 대해 뭔가 물어볼 수 있을지도 몰라. 좀 수상하긴 해도, 일단 상대해줘.","...Siwoo. We might be able to ask <txt:color,orange><txt:bold,2>Yoonseok</txt:color></txt:bold> about this league. Even though he seems suspicious, let's play along for now.","...新。<txt:color,orange><txt:bold,2>忠英</txt:color></txt:bold>からこのリーグについて何か聞き出せるかもしれないわよ。ちょっと怪しいけど、とりあえず相手をしてあげて。","......白时宇。<txt:color,orange><txt:bold,2>马允硕</txt:color></txt:bold>说不定知道些关于这个联赛的事情。虽然他有点可疑，但还是应付一下看看吧。","...時宇啊。<txt:color,orange><txt:bold,2>馬允碩</txt:color></txt:bold>說不定知道一些關於這個聯賽的事。雖然有點可疑，但還是先跟他比一場再說吧。","Шиу... Может он знает что-то о лиге? Попробуй сыграть и разговорить <txt:color,orange><txt:bold,2>Ма Юнсока</txt:color></txt:bold>.","... Siwoo. Mungkin kita boleh tanya <txt:color,orange><txt:bold,2>Yoonseok</txt:color></txt:bold> pasal liga ni. Walau nampak mencurigakan, kita ikut dulu.","Siwoo à, có lẽ chúng ta có thể hỏi <txt:color,orange><txt:bold,2>Ma Yoonseok</txt:color></txt:bold> về giải đấu này. Dù hơi đáng nghi nhưng cứ chiều theo cậu ấy đã.","Siwoo... puede que <txt:color,orange><txt:bold,2>Yunseok</txt:color></txt:bold> sepa algo sobre esta liga. Aunque es sospechoso, juega contra él por ahora.","...Siwoo. Mungkin saja kita dapat menanyakan hal-hal tentang Liga disini pada <txt:color,orange><txt:bold,2>Yunseok Ma</txt:color></txt:bold>. Meski dia agak mencurigakan, tapi coba menghadapinya.","...ชีอู เราอาจถาม<txt:color,orange><txt:bold,2>มายุนซอก</txt:color></txt:bold>เกี่ยวกับลีกนี้ได้อยู่นะ ถึงจะน่าสงสัยนิดหน่อย แต่นายลองแข่งกับเขาก่อนเถอะ","Siwoo, acho que você pode perguntar pro <txt:color,orange><txt:bold,2>Yunseok Ma</txt:color></txt:bold> sobre essa liga. Ele tá meio estranho, mas tenta jogar uma partida com ele primeiro."
,,,백시우,,-1_무표정,,,"휴, 알았어.","Whew, okay.",はぁ、わかったよ。,呼，好吧。,呼，知道了啦。,Хорошая идея.,"Fuh, okay.","Hừ, được rồi.","Fuu, está bien.","Hyuh, baiklah.",เฮ้อ เข้าใจแล้ว,"Fuu, tá bom."
4,경기 전,#,MAP,,,,,팬텀리그_경기장,팬텀리그_경기장,팬텀리그_경기장,팬텀리그_경기장,팬텀리그_경기장,팬텀리그_경기장,팬텀리그_경기장,팬텀리그_경기장,팬텀리그_경기장,팬텀리그_경기장,팬텀리그_경기장,팬텀리그_경기장
,,#,BGM,,,,,BGM_INTO_THE_UNDERGROUND,BGM_INTO_THE_UNDERGROUND,BGM_INTO_THE_UNDERGROUND,BGM_INTO_THE_UNDERGROUND,BGM_INTO_THE_UNDERGROUND,BGM_INTO_THE_UNDERGROUND,BGM_INTO_THE_UNDERGROUND,BGM_INTO_THE_UNDERGROUND,BGM_INTO_THE_UNDERGROUND,BGM_INTO_THE_UNDERGROUND,BGM_INTO_THE_UNDERGROUND,BGM_INTO_THE_UNDERGROUND
,,#,백시우,-2,-1_기본,,,,,,,,,,,,,,
,,#,정다희,2,1_기본,,,,,,,,,,,,,,
,,#,마윤석,4,1_당황,,,,,,,,,,,,,,
,,,정다희,,1_기본,,,"시우야 수고했어! <txt:color,orange><txt:bold,2>마윤석</txt:color></txt:bold>은 못 본 사이 플레이가 더 얍삽해졌는 걸?","Great job, Siwoo! <txt:color,orange><txt:bold,2>Yoonseok</txt:color></txt:bold>’s play seems to have gotten even more sneaky than before.","新、お疲れ様！<txt:color,orange><txt:bold,2>忠英</txt:color></txt:bold>は見ない間にプレーがもっと狡猾になってるわね。","白时宇，辛苦了！<txt:color,orange><txt:bold,2>马允硕</txt:color></txt:bold>这家伙，这阵子没见，球风怎么变得更刁钻了？","時宇，辛苦了！<txt:color,orange><txt:bold,2>馬允碩</txt:color></txt:bold>一陣子不見，打法變得更狡猾了耶？","Молодец, Шиу! <txt:color,orange><txt:bold,2>Ма Юнсок</txt:color></txt:bold> теперь играет особенно подло.","Syabas, Siwoo! Permainan <txt:color,orange><txt:bold,2>Yoonseok</txt:color></txt:bold> makin licik sejak kali terakhir kita jumpa dia.","Siwoo à, làm tốt lắm! <txt:color,orange><txt:bold,2>Ma Yoonseok</txt:color></txt:bold> càng lúc càng tinh quái hơn nhỉ?","¡Buen trabajo, Siwoo! ¿Me parece a mí o <txt:color,orange><txt:bold,2>Yunseok</txt:color></txt:bold> se ha vuelto aún más mañoso desde la última vez?","Kerja bagus, Siwoo! Cara bermain <txt:color,orange><txt:bold,2>Yunseok Ma</txt:color></txt:bold> menjadi lebih licik dari dulu!","ชีอู เก่งมากเลย! การเล่นของ<txt:color,orange><txt:bold,2>มายุนซอก</txt:color></txt:bold>เจ้าเล่ห์ขึ้นเยอะเลยเนอะ","Boa, Siwoo! O <txt:color,orange><txt:bold,2>Yunseok Ma</txt:color></txt:bold> parece estar jogando mais sujo do que nunca, né?"
,,,백시우,,-1_무표정,,silent,"<wrt:delay,10>‥</wrt:delay><wrt:wait,30>뭔가 이상해.","<wrt:delay,10>...</wrt:delay><wrt:wait,30>Something is weird.","<wrt:delay,10>...</wrt:delay><wrt:wait,30>それに何かおかしい。","<wrt:delay,10>...</wrt:delay><wrt:wait,30>总觉得有点不对劲。","<wrt:delay,10>...</wrt:delay><wrt:wait,30>總覺得事有蹊蹺。","<wrt:delay,10>...</wrt:delay><wrt:wait,30>Что-то здесь не так.","<wrt:delay,10>...</wrt:delay><wrt:wait,30>Ada yang tak kena.","<wrt:delay,10>...</wrt:delay><wrt:wait,30>Có gì đó không ổn.","<wrt:delay,10>... </wrt:delay><wrt:wait,30>Es sospechoso.","<wrt:delay,10>...</wrt:delay><wrt:wait,30>Ada yang aneh.","<wrt:delay,10>...</wrt:delay><wrt:wait,30>มีบางอย่างแปลกๆ","<wrt:delay,10>Hum... </wrt:delay><wrt:wait,30>Tem algo estranho."
,,,정다희,,1_기본,,quest,응? 무슨 소리야?,Huh? What do you mean?,え？どういうこと？,嗯？什么意思？,嗯？你在說什麼啊？,О чем ты?,Hah? Apa maksud kamu?,Hả? Nghĩa là sao?,¿Eh? ¿Qué cosa?,Hem? Apa yang kamu maksud?,หืม? อะไรเหรอ?,Hã? Como assim?
,,,백시우,,-1_무표정,,,"<txt:color,orange><txt:bold,2>마윤석</txt:color></txt:bold> 말이야. 콕 집어 얘기하긴 어렵지만‥ 예전이랑 뭔가 달라.","<txt:color,orange><txt:bold,2>Yoonseok</txt:color></txt:bold>. I can’t say for sure what it is but... he’s different.","<txt:color,orange><txt:bold,2>忠英</txt:color></txt:bold>のことだよ。はっきり言うのは難しいけど...以前と何か違うんだ。","<txt:color,orange><txt:bold,2>马允硕</txt:color></txt:bold>他......虽然我说不上来具体是哪里......但跟以前比，好像变了个人似的。","我是說<txt:color,orange><txt:bold,2>馬允碩</txt:color></txt:bold>啦。雖然很難具體說出來...但他跟以前不太一樣了。","Я про <txt:color,orange><txt:bold,2>Ма Юнсока</txt:color></txt:bold>. Трудно объяснить, но он будто стал другим.","<txt:color,orange><txt:bold,2>Yoonseok</txt:color></txt:bold>. Aku tak pasti apa, tapi... dia lain.","<txt:color,orange><txt:bold,2>Ma Yoonseok</txt:color></txt:bold> ấy. Khó nói chính xác nhưng... cậu ấy khác trước rồi.","<txt:color,orange><txt:bold,2>Yunseok</txt:color></txt:bold>... No sé cómo explicarlo, pero hay algo raro en él... No es el mismo de antes.","<txt:color,orange><txt:bold,2>Yunseok Ma</txt:color></txt:bold> itu. Aku tidak tahu pasti... Tapi dia terasa berbeda daripada dulu.","หมายถึง<txt:color,orange><txt:bold,2>มายุนซอก</txt:color></txt:bold>น่ะ ฉันอธิบายแบบชัดๆ ไม่ได้... แต่เขามีบางอย่างแตกต่างไปจากเมื่อก่อน","Tô falando do <txt:color,orange><txt:bold,2>Yunseok Ma</txt:color></txt:bold>. Não sei como explicar, mas tem algo diferente nele."
,,,백시우,,-2_놀람,,,"경기 중에 자꾸 주변을 힐끔거리리고, 작은 실수에도 이상할 정도로 위축되는 게 보여.",He kept on looking to the side while playing. He was also strangely intimidated even by minor errors.,試合中にしきりに周りをチラチラ見たり、小さなミスにも異常なくらい萎縮してるのが見える。,比赛的时候老是不安地朝四周瞟，而且一有丁点儿失误就缩手缩脚的，特别不正常。,比賽中頻頻環顧四周，出現一點小失誤就表現得異常畏縮。,"Он постоянно оглядывался, а из-за малейших ошибок сразу весь сжимался.",Dia asyik tengok sisi masa main. Juga nampak takut dengan kesilapan kecil.,"Trong trận đấu, cậu ấy liên tục liếc nhìn xung quanh, và dường như quá sợ hãi khi mắc những lỗi nhỏ.","Durante el partido no paraba de mirar de reojo a su alrededor. Y cuando cometía el más mínimo error, se veía extrañamente afectado.","Saat pertandingan dia terus mengamati sekitar, dan menciut setiap membuat kesalahan meski itu hanya kesalahan kecil.",ตอนแข่งเขาเอาแต่คอยเหลือบมองรอบๆ แล้วก็แม้แต่ข้อผิดพลาดเล็กๆ เขากลับกดดันจนน่าแปลก,"No meio do jogo, dá pra ver que ele fica se distraindo e se sente inseguro com qualquer errinho."
,,,백시우,,-1_무표정,,,"<txt:color,orange><txt:bold,2>마윤석</txt:color></txt:bold>은 원래 남들 시선을 신경 쓰는 스타일이 아니었잖아? 그런데 왜‥.","<txt:color,orange><txt:bold,2>Yoonseok</txt:color></txt:bold> normally doesn’t care about what others think about him... But why...","<txt:color,orange><txt:bold,2>忠英</txt:color></txt:bold>って、元々人の目を気にしないタイプだったよな？それなのに、どうして...","<txt:color,orange><txt:bold,2>马允硕</txt:color></txt:bold>以前可不是那种会在意别人眼光的人啊？怎么会......","<txt:color,orange><txt:bold,2>馬允碩</txt:color></txt:bold>印象中以前不是那種會顧及別人眼光的人啊？怎麼會...。","<txt:color,orange><txt:bold,2>Ма Юнсок</txt:color></txt:bold> никогда не переживал из-за чужого мнения. Что с ним случилось?","<txt:color,orange><txt:bold,2>Yoonseok</txt:color></txt:bold> biasanya tak peduli apa orang fikir, kan? Tapi kenapa...","<txt:color,orange><txt:bold,2>Ma Yoonseok</txt:color></txt:bold> đâu phải kiểu người quan tâm đến ánh nhìn của người khác? Vậy mà sao...","<txt:color,orange><txt:bold,2>Yunseok</txt:color></txt:bold> nunca fue del tipo que se preocupa por lo que piensen los demás. Entonces, ¿por qué ahora sí...?","<txt:color,orange><txt:bold,2>Yunseok Ma</txt:color></txt:bold> yang aku kenal bukanlah orang yang peduli akan pandangan dari orang sekitar. Tapi kenapa saat ini dia....","ปกติแล้ว <txt:color,orange><txt:bold,2>มายุนซอก</txt:color></txt:bold>ไม่ใช่คนที่จะแคร์สายตาคนอื่นสักหน่อย แล้วทำไมถึง....","O <txt:color,orange><txt:bold,2>Yunseok Ma</txt:color></txt:bold> sempre foi o cara que não ligava pro que os outros pensavam. Então, por que agora..."
,,,TAG,,,,,"<eff:shake,2><sys:sfx,관중_4>","<eff:shake,2><sys:sfx,관중_4>","<eff:shake,2><sys:sfx,관중_4>","<eff:shake,2><sys:sfx,관중_4>","<eff:shake,2><sys:sfx,관중_4>","<eff:shake,2><sys:sfx,관중_4>","<eff:shake,2><sys:sfx,관중_4>","<eff:shake,2><sys:sfx,관중_4>","<eff:shake,2><sys:sfx,관중_4>","<eff:shake,2><sys:sfx,관중_4>","<eff:shake,2><sys:sfx,관중_4>","<eff:shake,2><sys:sfx,관중_4>"
,,,-,,,,,"<txt:bold,2><txt:size,2><txt:shake,2>(우우우우—!)","<txt:bold,2><txt:size,2><txt:shake,2>(Boooooo—!)","<txt:bold,2><txt:size,2><txt:shake,2>(ブーブー！)","<txt:bold,2><txt:size,2><txt:shake,2>(嘘————！)","<txt:bold,2><txt:size,2><txt:shake,2>(噓～嗚～！)","<txt:bold,2><txt:size,2><txt:shake,2>(Ууууу...!)","<txt:bold,2><txt:size,2><txt:shake,2>(Boooooo—!)","<txt:bold,2><txt:size,2><txt:shake,2>(Uuuuu...!)","<txt:bold,2><txt:size,2><txt:shake,2>(¡Buuu!)","<txt:bold,2><txt:size,2><txt:shake,2>(Boooo—!)","<txt:bold,2><txt:size,2><txt:shake,2>(โห่วววว—!)","<txt:bold,2><txt:size,2><txt:shake,2>(Uuuh!)"
,,,???,,,,,"<txt:bold,2><txt:size,2><txt:shake,2>또 졌어,저 바보 녀석이!","<txt:bold,2><txt:size,2><txt:shake,2>He lost again that loser!","<txt:bold,2><txt:size,2><txt:shake,2>また負けたぞ、あのバカ野郎が！","<txt:bold,2><txt:size,2><txt:shake,2>又输了，这饭桶！","<txt:bold,2><txt:size,2><txt:shake,2>又輸了啦，那個笨蛋！","<txt:bold,2><txt:size,2><txt:shake,2>Опять проиграл, идиот!","<txt:bold,2><txt:size,2><txt:shake,2>Kalah lagi si gagal tu!","<txt:bold,2><txt:size,2><txt:shake,2>Lại thua nữa rồi, thằng đần này!","<txt:bold,2><txt:size,2><txt:shake,2>¡Otra vez perdió ese idiota!","<txt:bold,2><txt:size,2><txt:shake,2>Dia kalah lagi, bodoh sekali dia!","<txt:bold,2><txt:size,2><txt:shake,2>แพ้อีกแล้ว เจ้าโง่นั่น!","<txt:bold,2><txt:size,2><txt:shake,2>Perdeu de novo, esse tonto!"
,,,???,,,,,"<txt:bold,2><txt:size,2><txt:shake,2>혹시나 했는데 역시나! 내 돈 물어내, 이 자식아!","<txt:bold,2><txt:size,2><txt:shake,2>I should have known! Give me back my money, you punk!","<txt:bold,2><txt:size,2><txt:shake,2>もしかしたらと思ったけどやっぱりな！俺の金返せ、このやろう！","<txt:bold,2><txt:size,2><txt:shake,2>还以为能翻盘呢，结果还是个菜鸡！快赔老子的钱，你这混账！","<txt:bold,2><txt:size,2><txt:shake,2>我就知道不靠譜！把我的錢還來，你這傢伙！","<txt:bold,2><txt:size,2><txt:shake,2>Вот ведь, понадеялся зря! Гони обратно мои деньги!","<txt:bold,2><txt:size,2><txt:shake,2>Patut aku tahu! Pulangkan duit aku, penipu!","<txt:bold,2><txt:size,2><txt:shake,2>Y như dự đoán! Trả tiền đây, đồ khốn!","<txt:bold,2><txt:size,2><txt:shake,2>¡Sabía que pasaría! ¡Devuélveme mi dinero, maldito!","<txt:bold,2><txt:size,2><txt:shake,2>Sudah kuduga! Padahal aku sempat berharap! Kembalikan uangku, dasar brengsek!","<txt:bold,2><txt:size,2><txt:shake,2>ฉันอุตส่าห์ลุ้น แต่ก็เหมือนเดิมจนได้! ชดใช้เงินฉันมาเลยนะไอ้เจ้านี่!","<txt:bold,2><txt:size,2><txt:shake,2>Eu sabia que isso ia acontecer! Devolve minha grana, seu desgraçado!"
,,,백시우,,-2_놀람,,exclam,읏?! 함성이 순식간에 야유로‥,What?! The cheers turned into boos in an instant...,えっ?！歓声が一瞬で野次に...,呃？！怎么搞的？刚才还欢呼呢，一下子全变成喝倒彩了......,唔？！歡呼聲瞬間變成噓聲了...,Что за? Злобный свист вместо поддержки...,Apa?! Sorakan terus jadi ejekan...,Ưm?! Tiếng reo hò chuyển thành tiếng la ó trong phút chốc...,¡¿Eh?! Los aplausos se convirtieron en abucheos en un instante...,Eh?! Suara sorakan tiba-tiba menjadi cemoohan...,อึ๋ย?! เสียงโห่ร้องกลายเป็นการถากถางในชั่วพริบตาเลย...,Ugh! A torcida começou a vaiar do nada...
,,,정다희,,1_당황,,,"<txt:shake,1>다들 눈빛이 무서워‥.","<txt:shake,1>Look at the way they’re staring at him...","<txt:shake,1>みんな目つきが怖い...","<txt:shake,1>他们的眼神都好凶......","<txt:shake,1>大家的眼神都好可怕...。","<txt:shake,1>Их взгляды пугают...","<txt:shake,1>Tengok cara mereka pandang dia...","<txt:shake,1>Ánh mắt mọi người thật đáng sợ....","<txt:shake,1>Las miradas de todos dan miedo...","<txt:shake,1>Sorot mata mereka sangat menyeramkan...","<txt:shake,1>สายตาของทุกคนน่ากลัวจัง....","<txt:shake,1>Credo, todo mundo tá com um olhar sinistro..."
,,,TAG,,,,,"<cha:qpos,마윤석,0>","<cha:qpos,마윤석,0>","<cha:qpos,마윤석,0>","<cha:qpos,마윤석,0>","<cha:qpos,마윤석,0>","<cha:qpos,마윤석,0>","<cha:qpos,마윤석,0>","<cha:qpos,마윤석,0>","<cha:qpos,마윤석,0>","<cha:qpos,마윤석,0>","<cha:qpos,마윤석,0>","<cha:qpos,마윤석,0>"
,,,마윤석,,1_당황,,,"<txt:shake,1>다, 다들 아무것도 모르는구나~! 원래 주인공은 처음부터 압도하진 않는 법인데 말이지?!","<txt:shake,1>Y-you guys don’t know anything~! The main character doesn’t win from the start!","<txt:shake,1>み、みんな何も分かってないんだ～！主人公は最初から強いと面白くないんだぞ？！","<txt:shake,1>你、你们这群蠢货～！主角哪有一上来就天下无敌的道理？！","<txt:shake,1>你們懂什麼～！主角本來就不是一開始就輾壓全場的！","<txt:shake,1>Да вы просто не понимаете! Герой не обязан побеждать сразу — это ж очевидно!","<txt:shake,1>K-korang tak tahu apa-apa~! Watak utama bukan menang dari mula!","<txt:shake,1>C-các người không hiểu gì cả~! Nhân vật chính đâu có áp đảo ngay từ đầu đúng không?!","<txt:shake,1>¡N-no saben nada! El protagonista nunca muestra todo su poder desde el principio, ¿no sabían eso?","<txt:shake,1>Ka, kalian semua tidak tahu apa-apa ya~! Pemeran utama itu memang tidak selalu menang dari awal?!","<txt:shake,1>ทะ ทุกคนไม่รู้อะไรกันเลยสินะ~! ปกติแล้ว ตัวเอกก็ไม่ได้เก่งมาตั้งแต่แรกทั้งนั้นแหละ!","<txt:shake,1>Aah, ninguém entende nada! O protagonista nunca começa dominando tudo, isso é óbvio!"
,,,마윤석,,1_당황,,,"<txt:shake,1>오늘 열 경기나 뛰지 않았으면 완전 <txt:rainbow,1><txt:wave,1>압살</txt:wave></txt:rainbow>이었겠지만, 요즘은 그런 주인공, 트렌드가 아니라고?","<txt:shake,1>If I hadn’t already played 10 games today, I would have completely <txt:rainbow,1><txt:wave,1>crushed</txt:wave></txt:rainbow> him. But these days, that kind of main character isn't the trend, right?","<txt:shake,1>今日十試合もしなかったら完全に<txt:rainbow,1><txt:wave,1>楽勝</txt:wave></txt:rainbow>だったはずだけど、最近はそういう主人公、イケてないんだって！","<txt:shake,1>要不是今天已经连打了十场比赛，我早就把你们<txt:rainbow,1><txt:wave,1>按在地上摩擦</txt:wave></txt:rainbow>了！不过话说回来，现在这种一出场就秒天秒地的主角，早就不流行了好吗？","<txt:shake,1>要不是今天已經打了十場比賽，我早就<txt:rainbow,1><txt:wave,1>完全碾壓</txt:wave></txt:rainbow>對手了，不過最近那種主角不流行了啦，懂嗎？","<txt:shake,1>Если бы не десять игр подряд, я бы всех <txt:rainbow,1><txt:wave,1>разнес</txt:wave></txt:rainbow>! Но легкие победы нынче не в моде.","<txt:shake,1>Kalau aku belum main sepuluh perlawanan hari ni, dah lama aku <txt:rainbow,1><txt:wave,1>belasah</txt:wave></txt:rainbow> dia. Tapi watak utama macam tu dah ketinggalan zaman, kan?","<txt:shake,1>Nếu tôi chưa đấu đến trận thứ 10 hôm nay thì đã <txt:rainbow,1><txt:wave,1>nghiền nát</txt:wave></txt:rainbow> họ rồi, nhưng đó không phải là xu hướng của nhân vật chính hiện nay đâu!","<txt:shake,1>Si no hubiera jugado diez partidos hoy, habría sido una auténtica <txt:rainbow,1><txt:wave,1>paliza</txt:wave></txt:rainbow>. Pero bueno, ya no está de moda que los protagonistas arrasen desde el principio, ¿no creen?","<txt:shake,1>Jika saja aku tidak bertanding 10 pertandingan hari ini maka aku yakin aku dapat menang <txt:rainbow,1><txt:wave,1>sepihak</txt:wave></txt:rainbow>, tapi sudah lewat jaman untuk pemeran utama seperti itu loh!","<txt:shake,1>ถ้าวันนี้ฉันไม่ได้แข่งมาตั้งสิบเกมแล้วล่ะก็ ฉันคง<txt:rainbow,1><txt:wave,1>ชนะขาดลอย</txt:wave></txt:rainbow>ไปแล้ว แต่ว่าเทรนด์ของตัวเอกช่วงนี้ต้องไม่ค่อยเก่งในตอนแรกสิ!","<txt:shake,1>Se eu não tivesse jogado umas dez partidas hoje, ia ser um <txt:rainbow,1><txt:wave,1>massacre</txt:wave></txt:rainbow>. Mas hoje em dia, esse tipo de protagonista já saiu de moda, né?"
,,,마윤석,,1_당황,,,"<txt:shake,1>어쩔 수 없네. 모두가 그렇게나 원한다면? 계획을 바꿔서 <txt:size,1>살짝</txt:size>, <txt:size,2>아주 살짝! 내 실력을 보여줘야겠는걸!","<txt:shake,1>If you guys really want to see, I’ll change the plot <txt:size,1>just a bit</txt:size> and <txt:size,2>show you what I’m really capable of!","<txt:shake,1>仕方ないな。みんながそれほど望むなら？計画を変えて<txt:size,1>ちょっと</txt:size>、<txt:size,2>ほんのちょっとだけ！俺の実力を見せてやるか！","<txt:shake,1>真是没办法。既然大家都这么想看的话？那我就只好调整计划，<txt:size,1>稍～微</txt:size>，<txt:size,2>就稍～微给你们露两手真本事了！","<txt:shake,1>真拿你們沒辦法。既然大家都這麼想看的話？只好改變計畫，<txt:size,1>稍微</txt:size>、<txt:size,2> 稍微！秀一下我的實力了！","<txt:shake,1>Так и быть. Раз все ждут шоу, придется показать <txt:size,1>чуть-чуть</txt:size>, <txt:size,2>совсем капельку от моей настоящей силы!","<txt:shake,1>Nak buat macam mana. Kalau korang nak sangat, aku ubah rancangan dan tunjukkan <txt:size,1>sedikit</txt:size>, <txt:size,2>sedikit saja kemampuan aku!","<txt:shake,1>Không còn cách nào khác. Nếu mọi người thực sự muốn thế, tôi sẽ thay đổi kế hoạch và <txt:size,1>hơi</txt:size>, <txt:size,2>chỉ hơi thôi! Cho mọi người thấy thực lực của tôi đấy!"," <txt:shake,1>No hay remedio. Si todos lo desean con tantas ganas... supongo que tendré que cambiar los planes y mostrarles <txt:size,1>un poco</txt:size>, ¡<txt:size,2>solo un poquito de mi verdadero talento!","<txt:shake,1>Ya sudah, kalau kalian benar-benar ingin! Aku akan mengubah rencana dan memperlihatkan <txt:size,1>sedikit</txt:size>, <txt:size,2>sedikiiit saja kemampuanku!","<txt:shake,1>ช่วยไม่ได้แฮะ ถ้าทุกคนต้องการแบบนั้นฉันจะเปลี่ยนแผน<txt:size,1>นิดหน่อย</txt:size> <txt:size,2>แค่นิดหน่อยเท่านั้นนะ! ฉันคงต้องโชว์ฝีมือให้เห็นซะแล้ว!","<txt:shake,1>Não tem jeito. Se todo mundo quer tanto assim, vou mudar o plano e mostrar um <txt:size,1>pouquinho</txt:size> <txt:size,2>do que sei fazer!"
,,,백시우,,-2_당황,,,"‥잠깐, <txt:color,orange><txt:bold,2>마윤석</txt:color></txt:bold>. <txt:bold,2><wrt:delay,5>'오늘 열 경기나 뛰었다'</wrt:delay>고‥?","...Wait, <txt:color,orange><txt:bold,2>Yoonseok</txt:color></txt:bold>. <txt:bold,2><wrt:delay,5>‘Already played 10 games today?’</wrt:delay>","...ちょっと待て、<txt:color,orange><txt:bold,2>忠英</txt:color></txt:bold>。<txt:bold,2><wrt:delay,5>「今日十試合もした」</wrt:delay>って...？","......等等，<txt:color,orange><txt:bold,2>马允硕</txt:color></txt:bold>。<txt:bold,2><wrt:delay,5>你说‘今天已经打了十场比赛’</wrt:delay>......？","...等等，<txt:color,orange><txt:bold,2>馬允碩</txt:color></txt:bold>。<txt:bold,2><wrt:delay,5>你說「今天已經打了十場比賽」</wrt:delay>...？","<txt:color,orange><txt:bold,2>Ма Юнсок</txt:color></txt:bold>, погоди... <txt:bold,2><wrt:delay,5>Десять игр за день?! </wrt:delay>Ты серьезно?","...Tunggu, <txt:color,orange><txt:bold,2>Yoonseok</txt:color></txt:bold>. <txt:bold,2><wrt:delay,5>Sepuluh perlawanan hari ini?</wrt:delay>","Khoan, <txt:color,orange><txt:bold,2>Ma Yoonseok</txt:color></txt:bold>. <txt:bold,2><wrt:delay,5>Cậu đã đấu '10 trận hôm nay'</wrt:delay> sao?","Un momento. <txt:color,orange><txt:bold,2>Yunseok</txt:color></txt:bold>, ¿<txt:bold,2><wrt:delay,5>dijiste que hoy jugaste diez partidos</wrt:delay>...?","...Sebentar, <txt:color,orange><txt:bold,2>Yunseok Ma</txt:color></txt:bold>. <txt:bold,2><wrt:delay,5>'bertanding 10 pertandingan hari ini '</wrt:delay>, kamu bilang...?","...เดี๋ยวนะ <txt:color,orange><txt:bold,2>มายุนซอก</txt:color></txt:bold> <txt:bold,2><wrt:delay,5>'วันนี้นายแข่งมาตั้งสิบเกม'</wrt:delay> แล้วเหรอ...?","Peraí, <txt:color,orange><txt:bold,2>Yunseok Ma</txt:color></txt:bold>. <txt:bold,2><wrt:delay,5>Você falou que jogou dez partidas hoje</wrt:delay>?!"
,,,마윤석,,1_당황,,,"그야 난 <txt:rainbow,1><txt:wave,1>슈퍼스타</txt:wave></txt:rainbow>니까 당연한 거지~ 이래서 초짜는 안 된다니까. <wrt:break>자, 주변을 봐! 내 경기를 보고 싶어하는 사람들이 이렇게나 많다니까?","Of course, it's natural since I'm a <txt:rainbow,1><txt:wave,1>superstar</txt:wave></txt:rainbow>~ You amateurs wouldn’t understand. <wrt:break>Look around! There are so many people wanting to see me play!","それは俺が<txt:rainbow,1><txt:wave,1>スーパースター</txt:wave></txt:rainbow>だからに決まってるだろ～これだから初心者はダメなんだよ。<wrt:break>ほら、周りを見な！俺の試合が見たい人がこんなにたくさんいるだろ？","那当然了，我可是<txt:rainbow,1><txt:wave,1>超级巨星</txt:wave></txt:rainbow>啊～ 所以说你们这些菜鸟就是不行。<wrt:break>喂，看看周围！想看我比赛的人可是里三层外三层呢！","那當然，我可是<txt:rainbow,1><txt:wave,1>超級巨星</txt:wave></txt:rainbow>耶～所以說菜鳥就是不行啦。<wrt:break>來，看看四周！想看我比賽的人可是多到滿出來了耶！","Обычное дело для <txt:rainbow,1><txt:wave,1>суперзвезд</txt:wave></txt:rainbow>. Новичкам не понять. <wrt:break>Оглянись вокруг. Все эти люди пришли посмотреть на мою игру!","Biasalah, aku ni <txt:rainbow,1><txt:wave,1>superstar</txt:wave></txt:rainbow>~ Korang amatur takkan faham. <wrt:break>Tengok sekeliling! Ramai nak tengok aku main!","Tất nhiên rồi, vì tôi là <txt:rainbow,1><txt:wave,1>siêu sao</txt:wave></txt:rainbow> mà! Đây là lý do tại sao tay mơ không hiểu được. <wrt:break>Nhìn xung quanh đi! Có biết bao nhiêu người muốn xem trận đấu của tôi đấy!","¡Pues claro! ¡Soy una <txt:rainbow,1><txt:wave,1>superestrella</txt:wave></txt:rainbow>! Eso es lo más normal. Por eso los novatos no entienden nada. <wrt:break>¡Miren a su alrededor! ¡Hay montones de personas que han venido solo a verme jugar!","Tentu saja karena aku adalah <txt:rainbow,1><txt:wave,1>Superstar</txt:wave></txt:rainbow>~ Orang-orang amatir sepertimu tidak akan tahu. <wrt:break>Coba lihat sekelilingmu! Ada orang sebanyak ini yang datang karena ingin menonton pertandinganku!","แน่นอนสิ ก็ฉันเป็น<txt:rainbow,1><txt:wave,1>ซูเปอร์สตาร์</txt:wave></txt:rainbow>นี่นา~ ถึงได้บอกไงว่ามือใหม่อย่างนายไม่ไหวหรอก <wrt:break>ดูรอบๆ สิ! เห็นไหมว่ามีคนอยากดูการแข่งของฉันเยอะขนาดไหน?","Claro, né? Sou uma <txt:rainbow,1><txt:wave,1>estrela</txt:wave></txt:rainbow>, isso é fichinha pra mim! Novato nem sonha com esse nível. <wrt:break>Olha só! Tá cheio de gente aqui só pra me ver!"
,,,TAG,,,,,"<eff:shake,2><sys:sfx,관중_4>","<eff:shake,2><sys:sfx,관중_4>","<eff:shake,2><sys:sfx,관중_4>","<eff:shake,2><sys:sfx,관중_4>","<eff:shake,2><sys:sfx,관중_4>","<eff:shake,2><sys:sfx,관중_4>","<eff:shake,2><sys:sfx,관중_4>","<eff:shake,2><sys:sfx,관중_4>","<eff:shake,2><sys:sfx,관중_4>","<eff:shake,2><sys:sfx,관중_4>","<eff:shake,2><sys:sfx,관중_4>","<eff:shake,2><sys:sfx,관중_4>"
,,,-,,,,,"<txt:bold,2><txt:size,2><txt:shake,2>(우우우우—!)","<txt:bold,2><txt:size,2><txt:shake,2>(Boooooo—!)","<txt:bold,2><txt:size,2><txt:shake,2>(ブーブー！)","<txt:bold,2><txt:size,2><txt:shake,2>(嘘————！)","<txt:bold,2><txt:size,2><txt:shake,2>(噓～嗚～！)","<txt:bold,2><txt:size,2><txt:shake,2>(Ууууу...!)","<txt:bold,2><txt:size,2><txt:shake,2>(Boooooo—!)","<txt:bold,2><txt:size,2><txt:shake,2>(Uuuuu...!)","<txt:bold,2><txt:size,2><txt:shake,2>(¡Buuu!)","<txt:bold,2><txt:size,2><txt:shake,2>(Boooo—!)","<txt:bold,2><txt:size,2><txt:shake,2>(โห่วววว—!)","<txt:bold,2><txt:size,2><txt:shake,2>(Uuuh!)"
,,,백시우,,-3_난감,,,"<wrt:delay,10>‥</wrt:delay><wrt:wait,30><txt:color,orange><txt:bold,2>마윤석</txt:color></txt:bold>. 사실대로 말해.","<wrt:delay,10>...</wrt:delay><wrt:wait,30><txt:color,orange><txt:bold,2>Yoonseok</txt:color></txt:bold>. Tell me the truth.","<wrt:delay,10>...</wrt:delay><wrt:wait,30><txt:color,orange><txt:bold,2>忠英</txt:color></txt:bold>。正直に言ってくれ。","<wrt:delay,10>...</wrt:delay><wrt:wait,30><txt:color,orange><txt:bold,2>马允硕</txt:color></txt:bold>。给我说实话。","<wrt:delay,10>...</wrt:delay><wrt:wait,30><txt:color,orange><txt:bold,2>馬允碩</txt:color></txt:bold>，給我從實招來。","<wrt:delay,10>...</wrt:delay><wrt:wait,30><txt:color,orange><txt:bold,2>Ма Юнсок</txt:color></txt:bold>. Говори, как есть.","<wrt:delay,10>...</wrt:delay><wrt:wait,30><txt:color,orange><txt:bold,2>Yoonseok</txt:color></txt:bold>. Cakap betul.","<wrt:delay,10></wrt:delay><wrt:wait,30><txt:color,orange><txt:bold,2>Ma Yoonseok...</txt:color></txt:bold> Nói thật đi!","<wrt:delay,10>...</wrt:delay><wrt:wait,30><txt:color,orange><txt:bold,2>Yunseok</txt:color></txt:bold>. Dime la verdad.","<wrt:delay,10>...</wrt:delay><wrt:wait,30><txt:color,orange><txt:bold,2>Yunseok Ma</txt:color></txt:bold>. Coba katakan dengan jujur.","<wrt:delay,10>...</wrt:delay><wrt:wait,30><txt:color,orange><txt:bold,2>มายุนซอก</txt:color></txt:bold> บอกมาตามจริงเถอะ","<wrt:delay,10>Hum...</wrt:delay><wrt:wait,30><txt:color,orange><txt:bold,2>Yunseok Ma</txt:color></txt:bold>, para de enrolar e fala a real."
,,,마윤석,,1_당황,shake ,,"<wrt:delay,1><txt:shake,1>흐, 흐음~ 경기를 앞두고 수다나 떨다니 배짱이 아주 좋은 걸?","<wrt:delay,1><txt:shake,1>H-hum. You've got some guts to be chatting right before our match.","<wrt:delay,1><txt:shake,1>ふ、ふーん～試合の前におしゃべりなんかするなんて結構余裕あるんだな？","<wrt:delay,1><txt:shake,1>哼、哼嗯～ 比赛当前还有闲工夫在这儿磨牙，胆子倒是不小啊？","<wrt:delay,1><txt:shake,1>哼、哼嗯～比賽前還有時間在那邊閒聊，膽子不小嘛？","<wrt:delay,1><txt:shake,1>Ха-ха... Смотрю, ты любишь языком почесать перед игрой. Смело.","<wrt:delay,1><txt:shake,1>Hmph. Sempat sembang sebelum lawan, ya.","<wrt:delay,1><txt:shake,1>H-hmm~ Tán gẫu trước trận đấu, cậu thật dũng cảm đấy!","<wrt:delay,1><txt:shake,1>Ejem... ¿Charlar justo antes de un partido? Vaya valor el tuyo...","<wrt:delay,1><txt:shake,1>Hm, hmmm~ Kamu cukup percaya diri ya sampai-sampai punya waktu untuk mengobrol sebelum pertandingan.","<wrt:delay,1><txt:shake,1>หะ หืม~ มาชวนคุยเรื่อยเปื่อยทั้งที่ใกล้จะแข่งแล้วเนี่ย ใจกล้าไม่เบาเลยแฮะ?","<wrt:delay,1><txt:shake,1>Ei! Ficar de papo antes do jogo? Coragem não te falta, hein?"
,,,마윤석,,1_당황,shake ,,"<wrt:delay,1><txt:shake,1>이번에야말로 진짜로 재밌는 경기가 되겠어. 자, 각오는 되었겠지?","<wrt:delay,1><txt:shake,1>This is going to be a really exciting match. Are you ready?","<wrt:delay,1><txt:shake,1>今度こそ本当に面白い試合にしてやるさ。さあ、覚悟はできたかな？","<wrt:delay,1><txt:shake,1>这次的比赛，一定会非常非常精彩。好了，你们都做好受死的觉悟了吧？","<wrt:delay,1><txt:shake,1>這次肯定會是場精采的比賽。好了，都做好覺悟了吧？","<wrt:delay,1><txt:shake,1>Сейчас-то я устрою тебе жару. Готов?","<wrt:delay,1><txt:shake,1>Lepas ni mesti menarik. Dah sedia?","<wrt:delay,1><txt:shake,1>Lần này sẽ thực sự là một trận đấu thú vị. Nào, đã sẵn sàng chưa?","<wrt:delay,1><txt:shake,1>Ahora sí que será un partido emocionante. ¿Estás listo?","<wrt:delay,1><txt:shake,1>Pertandingan kali inilah yang akan menjadi pertandingan yang sebenarnya. Apa kau siap?","<wrt:delay,1><txt:shake,1>คราวนี้จะเป็นการแข่งที่สนุกสุดๆ ของจริงเลย เอาล่ะ นายคงเตรียมใจไว้แล้วใช่ไหม?","<wrt:delay,1><txt:shake,1>Vai ser uma partida e tanto agora. Espero que esteja pronto!"
,,,정다희,,1_쿨쿨,,,‥시우야.,...Siwoo.,...新。,......白时宇。,...時宇啊。,Шиу...,...Siwoo.,Siwoo à...,Siwoo...,...Siwoo.,...ชีอู,"Ei, Siwoo..."
,,,백시우,,-2_놀람,,,"알고 있어. 하지만, 이번에도 지면— <txt:bold,2>그땐 전부 얘기하는 거다!","I know. If you lose this time— <txt:bold,2>You’re going to tell us everything!","わかってるよ。でも、今回も負けたら—<txt:bold,2>その時は全部話すんだぞ！","我明白。但是，如果这次再输的话——<txt:bold,2>到时候你可得把所有事情都一五一十地告诉我！","我知道。但要是這次又輸了...<txt:bold,2>到時候你可得一五一十地交代清楚！","Знаю. Но если он и сейчас проиграет, <txt:bold,2>то расскажет нам все!","Aku tahu. Kalau kau kalah— <txt:bold,2>Kau kena cerita semua!","Tớ biết! Nhưng nếu lần này cậu thua nữa... <txt:bold,2>thì cậu phải kể hết mọi chuyện đấy!","Lo sé. Pero si vuelves a perder esta vez... <txt:bold,2>¡entonces me lo cuentas todo!","Aku tahu. Tapi, kalau kamu kalah lagi— <txt:bold,2>maka saat itu kamu harus berkata jujur padaku!","ฉันรู้ แต่ว่า ถ้าครั้งนี้นายแพ้อีกล่ะก็— <txt:bold,2>ต้องเล่ามาให้หมดเลยนะ!","Tá, eu sei. Mas se você perder de novo... <txt:bold,2>vai ter que falar tudo! Entendeu?"
,경기 승리,#,MAP,,,,,팬텀리그_경기장,팬텀리그_경기장,팬텀리그_경기장,팬텀리그_경기장,팬텀리그_경기장,팬텀리그_경기장,팬텀리그_경기장,팬텀리그_경기장,팬텀리그_경기장,팬텀리그_경기장,팬텀리그_경기장,팬텀리그_경기장
,,#,BGM,,,,,BGM_INTO_THE_UNDERGROUND,BGM_INTO_THE_UNDERGROUND,BGM_INTO_THE_UNDERGROUND,BGM_INTO_THE_UNDERGROUND,BGM_INTO_THE_UNDERGROUND,BGM_INTO_THE_UNDERGROUND,BGM_INTO_THE_UNDERGROUND,BGM_INTO_THE_UNDERGROUND,BGM_INTO_THE_UNDERGROUND,BGM_INTO_THE_UNDERGROUND,BGM_INTO_THE_UNDERGROUND,BGM_INTO_THE_UNDERGROUND
,,#,백시우,-2,-2_놀람,,,,,,,,,,,,,,
,,#,정다희,0,-1_언짢,,,,,,,,,,,,,,
,,#,마윤석,2,1_기본,,,,,,,,,,,,,,
,,,백시우,,-2_놀람,,,"이제 됐지? <txt:color,orange><txt:bold,2>마윤석</txt:color></txt:bold>, 이제 얘기해줘. 자강고에서 뛰던 네가 왜 이런 데 있는 거야?","Are we done now? <txt:color,orange><txt:bold,2>Yoonseok</txt:color></txt:bold>, tell us now. What's a former Jagang High player like you doing in a place like this?","いい加減教えてくれ、<txt:color,orange><txt:bold,2>忠英</txt:color></txt:bold>。自強高校でプレーしてたお前がなぜこんな場所にいるんだ？","这下总行了吧？<txt:color,orange><txt:bold,2>马允硕</txt:color></txt:bold>，现在说吧。在自强高中打球的你，怎么会沦落到这种鬼地方来？","這下總行了吧？<txt:color,orange><txt:bold,2>馬允碩</txt:color></txt:bold>，可以說了吧。原本在自強高中打球的你，為什麼會出現在這種地方？","Теперь расскажешь? <txt:color,orange><txt:bold,2>Ма Юнсок</txt:color></txt:bold>, как ты вообще тут оказался, после всего, что было в школе «Чаган»?","Dah habis ke? <txt:color,orange><txt:bold,2>Yoonseok</txt:color></txt:bold>, sekarang jawab. Bekas pemain Jagang High buat apa kat sini?","Giờ thì ổn rồi chứ? <txt:color,orange><txt:bold,2>Ma Yoonseok</txt:color></txt:bold>, hãy kể cho chúng tớ nghe. Tại sao một người từng thi đấu ở Trường THPT Jagang như cậu lại ở đây?","Ahora sí, <txt:color,orange><txt:bold,2>Yunseok</txt:color></txt:bold>, dime de una vez. ¿Qué hace alguien como tú, que jugaba en la Escuela Jagang, en un lugar como este?","Sudah cukup kan? <txt:color,orange><txt:bold,2>Yunseok Ma</txt:color></txt:bold>, sudah waktunya untuk berbicara. Bagaimana bisa kamu berakhir disini dari SMA Jagang?","พอใจแล้วใช่ไหม? <txt:color,orange><txt:bold,2>มายุนซอก</txt:color></txt:bold> ทีนี้ก็ช่วยเล่ามาหน่อยเถอะ ว่าคนที่เล่นอยู่ในมัธยมมโนจิตอย่างนาย มาอยู่ในที่แบบนี้ได้ยังไง?","Agora chega, né? <txt:color,orange><txt:bold,2>Yunseok Ma</txt:color></txt:bold>, conta logo. Por que alguém como você, que jogava no Colégio Jagang, tá num lugar desses?"
,,,마윤석,,1_당황,shake,,"<txt:shake,1>‥모두 내가 일부러 봐준 거 알지? 자, 이번이야말로 진짜‥!","<txt:shake,1>...You do know that I went easy on purpose, right? This time I’ll...!","<txt:shake,1>...みんな俺が手加減したって気づいてるだろ？さあ、今度こそ本気を...！","<txt:shake,1>......你们都知道我是故意放水的吧？好了，这次才是动真格的......！","<txt:shake,1>...都看得出來我是故意放水的吧？好，這次才是來真的...！","<txt:shake,1>Ну вы же понимаете, я просто поддавался! Сейчас все будет по-настоящему...!","<txt:shake,1>... Kau tahu aku sengaja kalah tadi, kan? Kali ni aku...!","<txt:shake,1>Mọi người biết là tớ cố tình nhường rồi nhỉ? Được, lần này thực sự...","<txt:shake,1>Todos saben que me dejé ganar a propósito, ¿no? ¡Ahora sí que verán de verdad...!","<txt:shake,1>...Kalian semua tahu kan aku sengaja main dengan santai? Kalau begitu, kali ini aku akan perlihatkan...!","<txt:shake,1>...นายรู้ใช่ไหมว่าฉันจงใจอ่อนข้อให้น่ะ? เอาล่ะ คราวนี้แหละฉันจะ...!","<txt:shake,1>Acham mesmo que eu tava dando tudo? Agora sim, o jogo vai começar de verdade!"
,,,정다희,,-1_언짢,,,"<txt:bold,2>윤석아.","<txt:bold,2>Yoonseok.","<txt:bold,2>忠英。","<txt:bold,2>允硕啊。","<txt:bold,2>允碩啊。","<txt:bold,2>Хватит, Юнсок.","<txt:bold,2>Yoonseok.","<txt:bold,2>Yoonseok à.","<txt:bold,2>Yunseok.","<txt:bold,2>Yunseok.","<txt:bold,2>ยุนซอก","<txt:bold,2>Ei, Yunseok."
,,,정다희,,-1_기본,,,진정해. 나와 시우는 그저 사람을 찾으러 온 것뿐이야.,Calm down. Me and Siwoo are just here to look for someone.,落ち着いて。私と新はただ人を探しに来ただけよ。,冷静点。我和白时宇只是来找人的。,冷靜點。我跟時宇只是來找人的而已。,Мы с Шиу здесь не ради тебя. Нам нужно найти кое-кого.,Bertenang. Aku dan Siwoo cuma cari seseorang.,"Bình tĩnh đi, tớ và Siwoo chỉ đến để tìm người thôi.",Tranquilo. Siwoo y yo solo vinimos a buscar a alguien.,Coba tenangkan dirimu. Aku dan Siwoo kesini hanya untuk mencari seseorang.,ใจเย็นหน่อย ฉันกับชีอูก็แค่มาตามหาคนเท่านั้นเอง,Fica tranquilo. Eu e o Siwoo só estamos atrás de alguém.
,,,정다희,,,,,"네가 여기 있을 줄은 몰랐지만, <wrt:wait,30><txt:bold,2>그래도 우린 한 때 팀이었잖아.</txt:bold><wrt:break>무슨 일이 있었는지 얘기해줄래? 우리가 힘이 될 수 있다면 널 도와줄게.","We didn’t expect to meet you here, <wrt:wait,30><txt:bold,2>but we were once teammates.</txt:bold><wrt:break>Can you tell us what’s happening here? We want to help you if we can.","あなたがここにいたのは驚いたけど、<wrt:wait,30><txt:bold,2>私たち同じチームだったでしょ。</txt:bold><wrt:break>何があったのか教えてくれない？私たちが力になれるなら助けてあげるから。","虽然真没想到会在这里碰到你，<wrt:wait,30><txt:bold,2>但我们好歹也曾是并肩作战的队友啊。</txt:bold><wrt:break>能告诉我们到底发生了什么事吗？说不定我们能帮上你。","雖然沒想到你會在這裡，<wrt:wait,30><txt:bold,2>但我們好歹也曾是隊友一場吧。</txt:bold><wrt:break>到底發生了什麼事，如果你願意說出來，說不定我們能幫你解決啊。","Мы удивились, увидев тебя здесь, <wrt:wait,30><txt:bold,2>но ведь мы не чужие люди.</txt:bold><wrt:break> Расскажи, что случилось — вдруг, мы сможем помочь.","Kami tak sangka jumpa kau, <wrt:wait,30><txt:bold,2>tapi kita bekas rakan sepasukan.</txt:bold><wrt:break>Cerita je apa jadi. Kami nak tolong.","Chúng tớ không biết cậu ở đây, <wrt:wait,30><txt:bold,2>nhưng dù sao chúng ta cũng từng là đồng đội mà.</txt:bold><wrt:break>Cậu có thể kể cho chúng tớ chuyện gì đã xảy ra không? Nếu chúng tớ có thể giúp được, chúng tớ sẽ giúp cậu.","No sabíamos que tú estarías aquí, pero... <wrt:wait,30><txt:bold,2>alguna vez fuimos un equipo, ¿recuerdas? </txt:bold><wrt:break>¿Nos contarías qué pasó? Si podemos ayudarte, lo haremos.","Meski aku tidak menyangka kamu ada disini, <wrt:wait,30><txt:bold,2>tapi kita kan pernah satu tim dulu.</txt:bold><wrt:break>Apa bisa kamu beritahu apa yang telah terjadi? Kita akan coba membantumu.","ถึงไม่ได้คาดคิดว่านายจะอยู่ที่นี่ก็เถอะ <wrt:wait,30><txt:bold,2>แต่ครั้งหนึ่งเราก็เคยเป็นทีมเดียวกันนี่นา </txt:bold><wrt:break>นายช่วยเล่าให้ฟังทีได้ไหมว่าเกิดเรื่องอะไรขึ้น? ถ้าเราพอจะช่วยอะไรได้ เราก็ยินดีจะช่วยนายนะ","Não esperava te encontrar aqui. <wrt:wait,30><txt:bold,2>Mas não esquece que já fomos do mesmo time. </txt:bold><wrt:break>Se quiser falar sobre o que aconteceu, estamos prontos pra ouvir."
,,,마윤석,,1_설렘,,,"다, 다희야.",D- Dahee...,夏希...,多、多熙啊。,多、多熙啊。,Д-дахи...,D-Dahee...,Da... Dahee à.,D-Dahee.,"Da, Dahee.",ดะ ดาฮี,D-Dahee.
,,,마윤석,,1_기본,wave,,"그, 그건‥ 좋아. <txt:bold,2>그렇게까지 얘기하면 내가 특별히 말해주지. 고마운 줄 알라고?","A- alright.<txt:bold,2>I suppose I can tell you if you insist. You'd better appreciate it, got it?","そ、そこまで言うなら...<txt:bold,2>この俺が特別に話してあげるよ。感謝しろよ？","那、那个......好吧。<txt:bold,2>既然你都把话说到这份上了，我就破例告诉你吧。可得好好感谢我哦？","那、那個... 好吧。<txt:bold,2>既然妳都這麼說了，我就特別破例告訴妳吧。記得要好好謝我！","Л-ладно...<txt:bold,2> Раз ты так просишь, сделаю исключение. Потом спасибо скажешь.","B-baiklah. <txt:bold,2>Kalau kau nak tahu sangat, aku cerita. Hargai tau.","Chuyện đó... thôi được rồi. <txt:bold,2>Nếu cậu nói thế thì tớ sẽ đặc biệt kể cho các cậu nghe. Phải biết ơn tớ đấy!","E-está bien. <txt:bold,2>Ya que lo pides así, te lo contaré como un favor especial. ¡Deberías estar agradecida!","Ka, kalau begitu... Baiklah. <txt:bold,2>Kalau kamu sebegitunya ingin membantuku maka aku akan beritahu. Kamu harus berterima kasih padaku!","ระ เรื่องนั้น... โอเค <txt:bold,2>ถ้าเธอพูดถึงขนาดนั้น ฉันก็จะเล่าให้ฟังเป็นกรณีพิเศษ รู้สึกขอบคุณไว้ด้วยล่ะ!","T-tudo bem... <txt:bold,2>Já que você insistiu tanto, vou contar. Mas depois não esquece quem te fez esse favor, hein!"
,,,정다희,,-1_쿨쿨,,sweat,‥‥.,.......,.......,.......,......,.......,.......,.......,...,.......,.......,...
,,,마윤석,,1_기본,,,"‥전국대회 결승이 끝난 뒤, 나는 징계를 받고 집에서 근신하고 있었어.","...After the National Tournament Final, I’d been suspended and was staying at home.",...全国大会の決勝戦のあと、俺は処分を受けて家で謹慎していたんだ。,......全国大赛决赛结束后，我受到了处罚，正在家里闭门思过。,...全國大賽決賽結束之後，我被懲處在家裡閉門思過。,"После финала национального чемпионата меня отстранили, и я все время сидел дома.","...Lepas final Kejohanan Kebangsaan, aku dikenakan tindakan disiplin dan terpaksa duduk di rumah.","Sau khi kết thúc trận chung kết giải quốc gia, tớ bị kỷ luật và phải chịu sự quản thúc ở nhà.","Después de la final del campeonato nacional, fui sancionado y tuve que quedarme en casa como castigo.","...Setelah babak final dari kejuaraan nasional, aku menerima hukuman dan menjalankan skorsing dirumah.",...หลังจากจบการแข่งรอบชิงชนะเลิศของทัวร์นาเมนต์ระดับประเทศ ฉันก็ถูกลงโทษทางวินัยให้เก็บตัวอยู่ที่บ้าน,"Depois da final do torneio nacional, levei uma punição e fiquei em casa, afastado."
,,,마윤석,,1_기본,,,"<txt:bold,2>그때, 한 통의 메일이 왔어.","<txt:bold,2>It was then when I received an email.","<txt:bold,2>その時、一通のメールが届いたんだ。","<txt:bold,2>就在那个时候，我收到了一封邮件。","<txt:bold,2>那時候，我收到了一封電子郵件。","<txt:bold,2>И вдруг — письмо. Сам не ожидал.","<txt:bold,2>Masa tu aku dapat emel.","<txt:bold,2>Lúc đó, tớ nhận được một email.","<txt:bold,2>Fue entonces cuando recibí un correo.","<txt:bold,2>Pada saat itu, aku menerima satu Mail.","<txt:bold,2>ในตอนนั้นก็มีอีเมลฉบับหนึ่งส่งมาถึง","<txt:bold,2>Nesse período, recebi um e-mail."
,,,백시우,,-1_엥,,,메일?,Email?,メール？,邮件？,電子郵件？,Письмо?,Emel?,Email?,¿Un correo?,Mail?,อีเมล?,Um e-mail?
,,,마윤석,,1_우쭐,,,"그래. 내게 다시 한번 <txt:bold,2>‘슈퍼스타로서 날아오를 기회’</txt:bold>를 주고 싶단 내용이었어.","Yeah. It said they wanted to give me <txt:bold,2>‘the chance to rise again as a superstar.’</txt:bold>","そう。俺に再び<txt:bold,2>「スーパースターとして羽ばたくチャンス」</txt:bold>を与えたいという内容だった。","没错。内容是说，要再给我一次<txt:bold,2>‘作为超级巨星东山再起的机会’</txt:bold>。","沒錯。內容是說再給我一次<txt:bold,2>「以超級巨星之姿重返巔峰的機會」</txt:bold>。","Да. Писали, что <txt:bold,2>я суперзвезда, и вот мне второй шанс засиять</txt:bold>.","Ya. Dia kata nak bagi aku <txt:bold,2>‘peluang jadi superstar semula.’</txt:bold>","Phải, nội dung là họ muốn cho tớ <txt:bold,2>'cơ hội bay cao như siêu sao một lần nữa'</txt:bold>.","Sí. Decía que querían darme <txt:bold,2>‘otra oportunidad para volar alto como una superestrella’</txt:bold>.","Iya. Pesannya berisi tentang <txt:bold,2>‘Kesempatan kedua untuk menjadi Superstar’</txt:bold>.","ใช่ เป็นเนื้อหาที่บอกว่าอยากมอบ <txt:bold,2>‘โอกาสเฉิดฉายในฐานะซูเปอร์สตาร์’</txt:bold> ให้ฉัน","Isso mesmo. Queriam me dar outra <txt:bold,2>oportunidade de eu voltar a brilhar como uma superestrela</txt:bold>."
,,,마윤석,,1_설렘,wave,,"<txt:bold,2>'당신처럼 특별한 선수가 제대로 된 대우를 못 받는 건 말이 안 된다.'</txt:bold>","<txt:bold,2>‘A special player like you deserves better treatment.’</txt:bold>","<txt:bold,2>「君のような特別な選手が正当な評価を受けていないのはおかしい」</txt:bold>","<txt:bold,2>'像您这样天赋异禀的选手，却得不到应有的待遇，这简直是天理难容。'</txt:bold>","<txt:bold,2>「像你這樣特別的選手沒有得到應有的待遇是說不過去的。」</txt:bold>","<txt:bold,2>«Игрок вашего уровня заслуживает большего»</txt:bold>","<txt:bold,2>‘Pemain istimewa layak dapat layanan lebih baik.’</txt:bold>","<txt:bold,2>'Một cầu thủ đặc biệt như cậu mà không được đối xử xứng đáng thì thật vô lý.'</txt:bold>","<txt:bold,2>‘Es absurdo que un jugador tan especial como tú no reciba el trato que merece.’</txt:bold>","<txt:bold,2>'Atlet yang berharga seperti Anda itu tidak pantas untuk mendapatkan perlakuan seperti ini.'</txt:bold>","<txt:bold,2>'การที่นักกีฬาสุดพิเศษอย่างคุณไม่ได้รับการปฏิบัติตามที่สมควรนั้น เป็นเรื่องที่รับไม่ได้อย่างยิ่ง'</txt:bold>","<txt:bold,2>«É um absurdo que um talento como o seu não esteja recebendo o tratamento que merece.»</txt:bold>"
,,,마윤석,,1_설렘,wave,,"드디어 제대로 된 눈을 가진 구단이 나타났다고 생각했어. <wrt:delay,1><txt:bold,2>프로 계약까지 제안했다니까!","I thought finally there was a team that had realized my value. <wrt:delay,1><txt:bold,2>They even offered me a pro contract!","ようやく俺の価値がわかるチームが現れたと思ったさ。<wrt:delay,1><txt:bold,2>プロの契約まで提案してきたんだぞ！","我当时就觉得，终于碰上一个识货的球队了。<wrt:delay,1><txt:bold,2>他们甚至还开出了职业合同的条件呢！","當時還以為終於遇到了一支真正賞識我的球隊，<wrt:delay,1><txt:bold,2>他們甚至還提出了職業合約！","Я подумал — наконец-то клуб, который реально разглядел мой талант.<wrt:delay,1><txt:bold,2> Они даже контракт предлагали!","Aku sangka ada pasukan yang nampak nilai aku. <wrt:delay,1><txt:bold,2>Siap tawar kontrak pro!","Tớ nghĩ cuối cùng đã có đội nhìn ra được tài năng của mình. <wrt:delay,1><txt:bold,2>Họ thậm chí còn đề nghị ký hợp đồng chuyên nghiệp!","Pensé que por fin un club con visión se había fijado en mí. <wrt:delay,1><txt:bold,2>¡Incluso me ofrecieron un contrato profesional!","Pada saat itu aku merasa akhirnya ada klub yang dapat melihat bakat tersembunyiku. <wrt:delay,1><txt:bold,2>Aku bahkan ditawarkan kontrak untuk menjadi atlet profesional!","ฉันคิดว่าในที่สุดก็มีสโมสรที่ตาถึงจริงๆ สักที <wrt:delay,1><txt:bold,2>เพราะทางนั้นถึงกับเสนอสัญญามืออาชีพให้ฉันเชียวนะ!","Foi a primeira vez que senti que alguém realmente via meu potencial. <wrt:delay,1><txt:bold,2>Eles até me mandaram uma proposta profissional!"
,,,백시우,,-3_난감,,silent,"<txt:shake,1>그런 메일, 누가 봐도 수상하잖아‥","<txt:shake,1>That mail, it sounds super fishy...","<txt:shake,1>そのメール、あきらかに怪しくないか...？","<txt:shake,1>这种邮件，任谁看都觉得不对劲吧......","<txt:shake,1>那種郵件，任誰看都很可疑吧...","<txt:shake,1>Но очевидно, что это мошенники...","<txt:shake,1>Bunyi emel tu mencurigakan...","<txt:shake,1>Email như vậy, ai cũng thấy là đáng ngờ mà...","<txt:shake,1>Un correo así... suena sospechoso por donde se lo mire...","<txt:shake,1>Mail itu, apa kamu tidak merasa itu mencurigakan...?","<txt:shake,1>อีเมลแบบนั้นมันน่าสงสัยมากเลยไม่ใช่รึไง...","<txt:shake,1>Yunseok Ma, esse tipo de e-mail é muito suspeito..."
,,,마윤석,,1_우쭐,,,"그, 그래도 너도 배구를 했다면 알잖아? 이탈리아 리그는 우리한텐 꿈 같은 무대라는걸.","B-but, if you’re a volleyball player, how could you not be excited? The Italian league is like a dream stage for us.",で、でもバレーをやったお前なら分かるだろ？イタリアリーグは俺たちにとって夢のような舞台だってことを。,可、可是，你也打过排球，应该明白吧？意大利联赛对我们来说，简直就是遥不可及的梦想啊。,那、那話雖如此，你也打過排球，應該知道吧？義大利聯賽對我們來說是夢寐以求的舞台啊。,А ты бы не купился? Это же итальянская лига — мечта любого волейболиста!,"T-tapi, kalau pemain bola tampar, mana boleh tak teruja? Liga Itali tu pentas impian.","Cậu... cậu cũng chơi bóng chuyền nên hiểu mà, giải đấu ở Ý là sân khấu mơ ước của chúng ta.","S-sí, pero tú también jugaste vóley. Sabes lo que significa la liga italiana para nosotros. Es como un sueño.","Ta, tapi sebagai orang yang bermain bola voli juga kamu pasti tahu kan? Liga Italia adalah tempat seperti mimpi bagi kita.",ตะ แต่ถ้านายเล่นวอลเลย์บอลมาก็น่าจะรู้นี่นา ว่าลีกอิตาลีเป็นเวทีในฝันของพวกเราเลย,"V-você entende, né? Jogar na liga italiana é como alcançar um sonho pra gente."
,,,마윤석,,1_기본,wave,exclam,게다가 진짜로 비행기 티켓까지 보냈다고?,And they really sent me plane tickets as well!,しかも本当に飛行機のチケットまで送ってきたんだぞ？,而且他们居然真的给我寄了机票！,而且他們真的連機票都寄來了耶？,И они реально мне билет на самолет прислали.,Mereka hantar tiket kapal terbang betul-betul!,Hơn nữa họ còn thực sự gửi vé máy bay nữa đấy!,¡Y hasta me enviaron un boleto de avión de verdad!,Apalagi mereka mengirimkan tiket pesawat secara cuma-cuma!,แถมทางนั้นยังส่งตั๋วเครื่องบินมาให้จริงๆ ด้วยนะ,"E além disso, eles até mandaram uma passagem de avião!"
,,,마윤석,,1_당황,,,"지금 생각하면‥<wrt:wait,30> 참 바보 같지. 그 지저분한 할아범만 안 따라갔어도, 경기장이 깊은 지하에 있는 걸 봤을 때 눈치만 챘어도‥","Now that I think about it...<wrt:wait,30> I was a fool. If I didn’t follow that dirty old man, if I knew something was wrong when the stadium was underground...","今思うと...<wrt:wait,30>本当にバカだったよ。あの汚いおじいさんについて行かなければ、試合場が地下深くにあるのを見た時に気づいていれば...","现在回想起来......<wrt:wait,30>真是蠢到家了。要是我当初没跟着那个邋里邋遢的老头走，要是我在看到体育馆居然深藏地下的时候就多个心眼......","現在回想起來...<wrt:wait,30> 真是太傻了。要是我沒跟著那個邋遢的老頭走，要是我看到球場在那麼深的地下時就警覺到的話...","Чувствую себя...<wrt:wait,30> полным дураком. Как можно ни о чем не догадаться: потрепанный старик, площадка под землей...","Bila fikir balik...<wrt:wait,30> bodohnya aku. Kalaulah aku tak ikut orang tua selekeh tu, atau sedar ada yang tak kena bila nampak gelanggang jauh di bawah tanah...","Giờ nghĩ lại...<wrt:wait,30> thật ngu ngốc. Nếu tớ không đi theo ông già bẩn thỉu đó, nếu tớ thận trọng hơn khi thấy sân vận động ở tận sâu dưới lòng đất...","Ahora que lo pienso...<wrt:wait,30> fui muy ingenuo. Si tan solo no hubiera seguido a ese viejo tan siniestro... Si hubiera sospechado al ver que la cancha estaba en lo profundo del subsuelo...","Meski kalau dipikir-pikir sekarang...<wrt:wait,30> Aku itu sangat bodoh. Jika saja aku tidak mengikuti kakek kotor itu, jika saja aku cepat sadar alasan mengapa lapangan pertandingan ada di bawah tanah...","พอมาคิดตอนนี้...<wrt:wait,30> ฉันก็โง่มากเลยแหละ ถ้าฉันไม่ตามคุณตามอมๆ นั่นไป หรือถ้าฉันรู้ตัวตั้งแต่ตอนที่เห็นว่าสนามแข่งอยู่ใต้ดินลึกลงไปล่ะก็...","Pensando agora... <wrt:wait,30>eu fui muito ingênuo. Se eu não tivesse confiado naquele velhote... ou tivesse desconfiado só de ver que a quadra era no subsolo, tudo podia ter sido diferente..."
,,,마윤석,,1_당황,,,"난‥그놈들 말만 믿고 계약서에 도장 찍었고, <wrt:wait,30><txt:bold,2>그 결과가 이거야.","I... just believed what they said, signed the contract, <wrt:wait,30><txt:bold,2>and this is the result.","俺は...奴らの言葉だけを信じて契約書に判を押して、<wrt:wait,30><txt:bold,2>その結果がこれさ。","我......就信了那些混蛋的鬼话，在合同上按了手印，<wrt:wait,30><txt:bold,2>结果就落得现在这副德行。","我...就只信了那些傢伙的鬼話，在合約上蓋了章，<wrt:wait,30><txt:bold,2>結果就變成這樣了。","Я просто поверил им на слово, подписал контракт — <wrt:wait,30><txt:bold,2>и вот я здесь.","Aku... percaya bulat-bulat, tandatangan kontrak, <wrt:wait,30><txt:bold,2>dan inilah akibatnya.","Tớ đã tin lời họ rồi đóng dấu vào hợp đồng, <wrt:wait,30><txt:bold,2>và đây là kết quả.","Confié en lo que decían, firmé el contrato, <wrt:wait,30><txt:bold,2>y esto fue lo que pasó.","Aku...menandatangani kontrak hanya setelah mendengarkan perkataan mereka, <wrt:wait,30><txt:bold,2>dan seperti inilah hasilnya.","ฉันน่ะ... เชื่อแต่คำที่เจ้าพวกนั้นพูด แล้วก็ประทับตราในสัญญา <wrt:wait,30><txt:bold,2>ซึ่งผลลัพธ์ก็คือสภาพในตอนนี้แหละ","Acreditei cegamente no que eles disseram, assinei o contrato... <wrt:wait,30><txt:bold,2>e esse foi o preço."
,,,마윤석,,,,,"그거 알아? 이곳에선 <txt:color,orange><txt:bold,2>선수 등급</txt:color></txt:bold>이 매겨져. 말도 안 되지만, 난 <txt:color,orange><txt:bold,2>LV1</txt:color></txt:bold>로 분류됐어.","Did you know? In here, they have <txt:color,orange><txt:bold,2>Player Levels</txt:color></txt:bold>. It doesn’t make sense, but I’m classified as <txt:color,orange><txt:bold,2>Lv.1.</txt:color></txt:bold>","知ってるか？ここでは<txt:color,orange><txt:bold,2>選手ランク</txt:color></txt:bold>が付けられるんだ。信じられないだろうけど、俺は<txt:color,orange><txt:bold,2>LV1</txt:color></txt:bold>に分類されている。","你知道吗？在这里，<txt:color,orange><txt:bold,2>选手们会被明码标价地划分等级</txt:color></txt:bold>。虽然听起来匪夷所思，但我被归类到了<txt:color,orange><txt:bold,2>LV1</txt:color></txt:bold>。","你知道嗎？在這裡，選手會被<txt:color,orange><txt:bold,2>評定等級</txt:color></txt:bold>耶。雖然很扯，但我竟然被分到了<txt:color,orange><txt:bold,2>LV1</txt:color></txt:bold>。","Знаешь, как тут все устроено? Тебе присваивают <txt:color,orange><txt:bold,2>уровень</txt:color></txt:bold>. Мне, представь себе, дали <txt:color,orange><txt:bold,2>первый</txt:color></txt:bold>.","Kau tahu? Di sini, <txt:color,orange><txt:bold,2>pemain diberi tahap</txt:color></txt:bold>. Memang tak masuk akal, tapi aku diletakkan pada <txt:color,orange><txt:bold,2>LV1</txt:color></txt:bold>.","Các cậu biết không? Ở đây <txt:color,orange><txt:bold,2>cấp độ cầu thủ</txt:color></txt:bold> được xếp hạng. Thật vô lý, nhưng tớ bị xếp vào <txt:color,orange><txt:bold,2>LV1</txt:color></txt:bold>.","¿Sabes qué? Aquí, te asignan un <txt:color,orange><txt:bold,2>nivel de jugador profesional</txt:color></txt:bold>. Suena ridículo, pero a mí me pusieron como <txt:color,orange><txt:bold,2>NIVEL 1</txt:color></txt:bold>.","Apa kamu tahu? Di tempat ini mereka menggolongkan <txt:color,orange><txt:bold,2>tingkat dari atlet</txt:color></txt:bold>. Meski terdengar tidak masuk akal, tapi aku tergolong <txt:color,orange><txt:bold,2>LV1</txt:color></txt:bold>.","รู้ไหม? ที่นี่มีการจัด <txt:color,orange><txt:bold,2>ระดับนักกีฬา</txt:color></txt:bold> ด้วยนะ ถึงไม่อยากจะเชื่อก็เถอะ แต่ฉันถูกจัดให้อยู่ <txt:color,orange><txt:bold,2>Lv.1</txt:color></txt:bold>","Sabia que aqui os jogadores são classificados por <txt:color,orange><txt:bold,2>níveis</txt:color></txt:bold>? Parece piada, mas me colocaram no <txt:color,orange><txt:bold,2>Nv. 1</txt:color></txt:bold>."
,,,마윤석,,1_분노,pause,,"그 말은— <txt:bold,2>하루에 열 번, 열한 번도 경기를 뛴다는 뜻이야.","That means— <txt:bold,2>I have to play ten, even eleven games every day.","それはつまり—<txt:bold,2>一日に十回、十一回も試合をするということだよ。","也就是说——<txt:bold,2>我一天要打十场，甚至十一场比赛，连轴转。","那代表著<txt:bold,2>我一天要打十場、甚至十一場比賽。","А это значит — <txt:bold,2>по 10, по 11 игр каждый день!","Maksudnya— <txt:bold,2>aku kena main sepuluh, sebelas perlawanan sehari.","Điều đó có nghĩa là... <txt:bold,2>tớ phải thi đấu 10, 11 trận một ngày.","Eso significa... <txt:bold,2>que juego diez, once partidos al día.","Itu berarti— <txt:bold,2>aku harus bertanding 10, 11 atau lebih pertandingan setiap harinya.","ซึ่งนั่นก็แปลว่า— <txt:bold,2>ฉันต้องแข่งสิบถึงสิบเอ็ดเกมต่อวันยังไงล่ะ","Ou seja, <txt:bold,2>eles me botam pra jogar mais de dez vezes num único dia."
,,,마윤석,,1_분노,,,"<txt:bold,2>몸이 망가져도, 관중이 보고 싶어 하면 뛰어야 하니까.","<txt:bold,2>Even if my body hurts and aches, I have to keep playing as long as the crowd wants it.","<txt:bold,2>身体がボロボロになっても、観客が見たいとなると出なければならない。","<txt:bold,2>就算身体累垮了，只要观众想看，就得硬着头皮上场。","<txt:bold,2>就算身體快散了，只要觀眾想看，就得硬著頭皮上場。","<txt:bold,2>Даже если тебе плохо, пока зрители хотят шоу, ты обязан играть.","<txt:bold,2>Walaupun badan aku dah rosak, aku tetap kena main kalau penonton nak tengok.","<txt:bold,2>Dù cơ thể có kiệt quệ, nếu khán giả muốn xem thì vẫn phải đấu.","<txt:bold,2>Aunque el cuerpo se me rompa, si el público quiere verme jugar, tengo que hacerlo.","<txt:bold,2>Meski hal itu akan menghancurkan tubuhku, tapi selama ada penonton yang ingin melihat maka aku harus bertanding.","<txt:bold,2>ต่อให้ร่างกายจะพัง แต่ก็ต้องเล่นต่อไปถ้าผู้ชมอยากดู","<txt:bold,2>Mesmo destruído, se tiver gente assistindo, tenho que continuar jogando."
,,,마윤석,,1_기본,,,"물론, 사람들이 내 경기를 보고 싶어하는 건 당연한 일이지만.","Of course, it's only natural that people want to watch my matches.",もちろん、みんなが俺の試合を見たいと思うのは当然のことだけどな。,当然啦，大家想看我的比赛也是理所当然的。,當然啦，觀眾想看我比賽是理所當然的事情。,Впрочем... понять их можно. Я ведь классный игрок.,Memang ramai nak tengok aku.,"Tất nhiên, việc mọi người muốn xem tớ thi đấu là điều hiển nhiên, nhưng...",Claro... también es normal que todos quieran verme jugar.,Dan tentu sudah pantasnya banyak dari orang yang ingin menonton pertandinganku.,ถึงจะเป็นเรื่องแน่นอนอยู่แล้วที่ทุกคนอยากดูการแข่งของฉัน,Sei que é natural que queiram assistir eu jogando...
,,,마윤석,,1_당황,pause,,"이젠‥ <wrt:wait,30><txt:size,-1><txt:bold,2>돌아가고 싶어.","But now... <wrt:wait,30><txt:size,-1><txt:bold,2>I want to go back.","でも今は...<wrt:wait,30><txt:size,-1><txt:bold,2>正直帰りたい。","现在......<wrt:wait,30><txt:size,-1><txt:bold,2>我想回家了。","但...<wrt:wait,30><txt:size,-1><txt:bold,2>我現在只想離開這裡。","Но теперь... <wrt:wait,30><txt:size,-1><txt:bold,2>я просто хочу домой.","Tapi sekarang...<wrt:wait,30><txt:size,-1><txt:bold,2>aku nak balik.","Giờ đây...<wrt:wait,30><txt:size,-1><txt:bold,2>tớ muốn về nhà.","Pero ahora... <wrt:wait,30><txt:size,-1><txt:bold,2>quiero volver.","Tapi sekarang...<wrt:wait,30><txt:size,-1><txt:bold,2>aku ingin pulang.","แต่ว่าตอนนี้... <wrt:wait,30><txt:size,-1><txt:bold,2>ฉันอยากกลับบ้าน","Mas agora... <wrt:wait,30><txt:size,-1><txt:bold,2>só queria poder voltar pra casa."
,,,백시우,,-1_무표정,,,"‥<txt:color,orange><txt:bold,2>마윤석</txt:color></txt:bold>.","...<txt:color,orange><txt:bold,2>Yoonseok</txt:color></txt:bold>.","...<txt:color,orange><txt:bold,2>忠英</txt:color></txt:bold>。","......<txt:color,orange><txt:bold,2>马允硕</txt:color></txt:bold>。","...<txt:color,orange><txt:bold,2>馬允碩</txt:color></txt:bold>。","...<txt:color,orange><txt:bold,2>Ма Юнсок</txt:color></txt:bold>.","...<txt:color,orange><txt:bold,2>Yoonseok</txt:color></txt:bold>.","<txt:color,orange><txt:bold,2>Ma Yoonseok</txt:color></txt:bold>...","...<txt:color,orange><txt:bold,2>Yunseok</txt:color></txt:bold>.","...<txt:color,orange><txt:bold,2>Yunseok Ma</txt:color></txt:bold>.","...<txt:color,orange><txt:bold,2>มายุนซอก</txt:color></txt:bold>","<txt:color,orange><txt:bold,2>Yunseok Ma</txt:color></txt:bold>..."
,,,백시우,,-3_난감,,,‥그런데 그런 상황에서 생각 없이 슈퍼스타인 척하고 있었던 거야?,"And even in that situation, you were still putting on that superstar act without thinking?",...そんな状況だったのに、よく自分のことをスーパースターとか言ってたな？,......可你在那种情况下，居然还有心思在那儿装什么超级巨星？,...所以說在那種處境下，你居然還不假思索地偽裝成超級巨星？,Подожди... и ты при таком раскладе притворялся суперзвездой?,Kau masih nak berlagak superstar?,Vậy mà trong tình cảnh đó cậu vẫn cứ vô tư ra vẻ siêu sao à?,"¿Y aun estando en esa situación, seguías presumiendo de ser una superestrella sin pensar en nada...?",...Jadi dalam situasi seperti ini kamu tanpa pikir dan masih bertingkah seperti Superstar di depan kita?,...แต่ขนาดอยู่ในสถานการณ์แบบนั้น นายก็ยังแสร้งทำเป็นซูเปอร์สตาร์แบบไร้ความคิดเนี่ยนะ?,"Sério que, mesmo nessa situação, você ainda fingia ser a estrela?"
,,,마윤석,,1_분노,,,"<cha:pop,마윤석><txt:shake,1>생각없이라니?!","<cha:pop,마윤석><txt:shake,1>Without thinking?!","<cha:pop,마윤석><txt:shake,1>今の感想がそれかよ？！","<cha:pop,마윤석><txt:shake,1>什么叫有心思装？！","<cha:pop,마윤석><txt:shake,1>什麼叫不假思索？！","<cha:pop,마윤석><txt:shake,1>Ты что, издеваешься?!","<cha:pop,마윤석><txt:shake,1>Apa maksud kau?!","<cha:pop,마윤석><txt:shake,1>Vô tư là sao?!","<cha:pop,마윤석><txt:shake,1>¡¿Cómo que 'sin pensar en nada'?!","<cha:pop,마윤석><txt:shake,1>Tanpa pikir kamu bilang?!","<cha:pop,마윤석><txt:shake,1>ไร้ความคิดงั้นเหรอ?!","<cha:pop,마윤석><txt:shake,1>Como assim?"
,,,정다희,,,,,‥됐어.,...Nevermind.,...いわ。,......行了。,...算了。,Хватит.,...Tak apalah.,Thôi được...,Ya basta.,...Sudahlah.,...ที่สุดเลย,Deixa pra lá...
,,,백시우,,-2_놀람,,quest,‥다희야?,Dahee?,...夏希？,......多熙？,...多熙？,Дахи...?,Dahee?,Dahee...?,¿Dahee...?,...Dahee?,...ดาฮี?,"Ei, Dahee..."
,,,TAG,,,,,"<eff:shake,2>","<eff:shake,2>","<eff:shake,2>","<eff:shake,2>","<eff:shake,2>","<eff:shake,2>","<eff:shake,2>","<eff:shake,2>","<eff:shake,2>","<eff:shake,2>","<eff:shake,2>","<eff:shake,2>"
,,,정다희,,-1_삐약,shake,angry,"<txt:shake,1><txt:bold,2>못됐어!</txt:shake></txt:bold> 아무리 <txt:color,orange><txt:bold,2>마윤석</txt:color></txt:bold>이라지만, 선수를 이렇게 혹사시키는 건 용서할 수 없어!","<txt:shake,1><txt:bold,2>This is wrong!</txt:shake></txt:bold> Even if it’s <txt:color,orange><txt:bold,2>Yoonseok</txt:color></txt:bold>, you can’t just exploit players like this!","<txt:shake,1><txt:bold,2>ひどいわ！</txt:shake></txt:bold>いくら<txt:color,orange><txt:bold,2>忠英</txt:color></txt:bold>だとしても、選手をこんなに酷使するなんて許せないわ！","<txt:shake,1><txt:bold,2>太过分了！</txt:shake></txt:bold>就算他是<txt:color,orange><txt:bold,2>马允硕</txt:color></txt:bold>，也不能这样压榨选手啊！","<txt:shake,1><txt:bold,2>太過分了！</txt:shake></txt:bold> 就算是<txt:color,orange><txt:bold,2>馬允碩</txt:color></txt:bold>，這樣壓榨選手也太沒天良了吧！","<txt:shake,1><txt:bold,2>Так нельзя!</txt:shake></txt:bold> Ни один игрок, даже ты, <txt:color,orange><txt:bold,2>Ма Юнсок</txt:color></txt:bold>, не заслуживает такого обращения!","<txt:shake,1><txt:bold,2>Kejamnya!</txt:shake></txt:bold> Walaupun dia <txt:color,orange><txt:bold,2>Yoonseok</txt:color></txt:bold>, aku tak boleh maafkan orang yang memerah tenaga pemain sampai macam ni!","<txt:shake,1><txt:bold,2>Thật quá đáng!</txt:shake></txt:bold> Dù là <txt:color,orange><txt:bold,2>Ma Yoonseok</txt:color></txt:bold> đi nữa, việc bóc lột cầu thủ thế này là không thể tha thứ!","<txt:shake,1><txt:bold,2>¡Qué malos son!</txt:shake></txt:bold> Aunque sea <txt:color,orange><txt:bold,2>Yunseok</txt:color></txt:bold>, no se puede permitir que traten así a un jugador. ¡Esto no tiene perdón!","<txt:shake,1><txt:bold,2>Jahat sekali mereka!</txt:shake></txt:bold> Meski itu <txt:color,orange><txt:bold,2>Yunseok Ma</txt:color></txt:bold>, tapi aku tidak dapat memaafkan orang-orang yang memaksakan atlet seperti ini!","<txt:shake,1><txt:bold,2>แย่ที่สุดเลย!</txt:shake></txt:bold> ต่อให้เป็นคนอย่าง<txt:color,orange><txt:bold,2>มายุนซอก</txt:color></txt:bold>ก็เถอะ แต่มาเอาเปรียบนักกีฬาแบบนี้ ฉันอภัยให้ไม่ได้เด็ดขาด!","<txt:shake,1><txt:bold,2>Isso é desumano! </txt:shake></txt:bold>Mesmo sendo o <txt:color,orange><txt:bold,2>Yunseok Ma</txt:color></txt:bold>, não posso aceitar que explorem um jogador desse jeito!"
,,,정다희,,-1_삐약,shake,,"이건 국제 배구 연맹 규정 위반이라구! <txt:bold,2>당장 그만두고 돌아가자, <txt:color,orange><txt:bold,2>마윤석</txt:color></txt:bold>!","This is a clear violation of International Volleyball Federation regulations! <txt:bold,2>Let’s stop right now and go back, <txt:color,orange><txt:bold,2>Yoonseok</txt:color></txt:bold>!","これは国際バレーボール連盟規定違反よ！<txt:bold,2>すぐにやめて帰りましょう、<txt:color,orange><txt:bold,2>忠英</txt:color></txt:bold>！","这可是公然违反国际排联规定的！<txt:bold,2>马允硕</txt:color></txt:bold><txt:bold,2>，我们马上离开这里，回去！","這可是違反國際排球總會規定的耶！<txt:bold,2>馬上退出，跟我們回去吧，<txt:color,orange><txt:bold,2>馬允碩</txt:color></txt:bold>！","Это прямое нарушение правил Международной федерации волейбола! <txt:bold,2>Немедленно уходи отсюда!","Ini langgar peraturan Persekutuan Bola Tampar Dunia! <txt:bold,2>Jom balik, <txt:color,orange><txt:bold,2>Yoonseok</txt:color></txt:bold>!","Đây là vi phạm quy định của Liên đoàn Bóng chuyền Quốc tế! <txt:bold,2>Dừng ngay và về thôi, <txt:color,orange><txt:bold,2>Ma Yoonseok</txt:color></txt:bold>!","¡Eso va contra las normas de la Federación Internacional de Voleibol! <txt:bold,2>¡Tienes que dejarlo ya y volver con nosotros, <txt:color,orange><txt:bold,2>Yunseok</txt:color></txt:bold>!","Ini telah melanggar aturan Federasi Bola Voli Internasional! <txt:bold,2>Ayo kita cepat pergi dari sini, <txt:color,orange><txt:bold,2>Yunseok Ma</txt:color></txt:bold>!","นี่มันเป็นการละเมิดกฎของสหพันธ์วอลเลย์บอลนานาชาตินะ! <txt:bold,2>นายเลิกเล่นแล้วก็กลับกันเดี๋ยวนี้เลย <txt:color,orange><txt:bold,2>มายุนซอก</txt:color></txt:bold>!","Isso é uma violação clara das normas da Federação Internacional de Vôlei! <txt:bold,2>Vamos embora, <txt:color,orange><txt:bold,2>Yunseok Ma</txt:color></txt:bold>!"
,,,마윤석,,1_당황,,,"<txt:shake,1>다, 다희야‥.","<txt:shake,1>D-Dahee...","<txt:shake,1>な、夏希...","<txt:shake,1>多、多熙啊......","<txt:shake,1>多、多熙啊...。","<txt:shake,1>Д-дахи...","<txt:shake,1>D-Dahee...","<txt:shake,1>Da... Dahee à....","<txt:shake,1>D-Dahee...","<txt:shake,1>Da, Dahee....","<txt:shake,1>ดะ ดาฮี....","<txt:shake,1>D-Dahee..."
,,,마윤석,,1_설렘,wave,shy,"<txt:wave,1>역시 넌 나한테 반한 게—","<txt:wave,1>I knew that you were always into me—","<txt:wave,1>やっぱり君は俺に惚れて—","<txt:wave,1>你果然还是对我芳心暗许了——","<txt:wave,1>妳心裡果然還有我...","<txt:wave,1>Я знал, ты в меня влюб...","<txt:wave,1>Aku tahu kau suka aku—","<txt:wave,1>Quả nhiên cậu đã phải lòng tớ...","<txt:wave,1>¿Ves? Al final te enamoraste de mí...","<txt:wave,1>Jadi kamu itu memang telah jatuh cinta pada—","<txt:wave,1>เธอชอบฉันจริงๆ สินะ—","<txt:wave,1>Sabia que você se apaixonou..."
,,,정다희,,-1_삐약,,,"<cha:pop,정다희>한 번 더 헛소리 하면 안 도와준다?!","<cha:pop,정다희>If you keep speaking nonsense, I’m not going to help you!","<cha:pop,정다희>もう一度変なこと言ったら助けてあげないわよ！","<cha:pop,정다희>再敢胡说八道一句，信不信我立马撒手不管？！","<cha:pop,정다희>再胡說八道，我可不管你了喔？！","<cha:pop,정다희>Еще один звук — и можешь забыть о нашей помощи!","<cha:pop,정다희>Cakap benda mengarut lagi, aku takkan tolong!","<cha:pop,정다희>Nói linh tinh thêm một lần nữa là tớ không giúp nữa đâu đấy!","<cha:pop,정다희>¡Dices una tontería más y no te ayudaré!","<cha:pop,정다희>Jika kamu masih bicara omong kosong seperti itu lagi maka aku tidak akan membantumu?!","<cha:pop,정다희>ถ้านายพูดจาไร้สาระอีกทีล่ะก็ ฉันจะไม่ช่วยนายนะ!","<cha:pop,정다희>Se soltar mais uma bobagem dessas, juro que não te ajudo mais!"
,,,마윤석,,1_당황,,,"윽?! 하, 하지만, 지금 멋대로 돌아갔다간 <txt:size,2>어마어마한 위약금을 갚아야 할 거야.","Huh?! B-but if I leave <txt:size,2>I have to pay a huge penalty.","うっ？！で、でも、今勝手に帰ったら<txt:size,2>とんでもない違約金を払うことになるよ。","呃？！可、可是，现在要是擅自跑路，<txt:size,2>恐怕要赔偿巨额违约金。","唔？！可、可是，現在要是擅自離開的話，<txt:size,2>恐怕要賠償一筆巨額違約金耶。","Ой?! Н-но я же подписал контракт, <txt:size,2>а там адская неустойка!","Hah?! T-tapi kalau aku keluar sesuka hati, <txt:bold,2>aku kena bayar penalti yang sangat besar.","Ưm?! Nhưng, nếu tự ý rời đi bây giờ <txt:size,2>tớ sẽ phải trả một khoản tiền phạt khổng lồ đấy.","¡¿Eh?! P-pero si me voy ahora por las malas... <txt:size,2>tendré que pagar una penalización enorme.","Ergghh?! Ta, tapi, jika aku pergi begitu saja dari sini <txt:size,2>maka aku harus bayar denda dengan jumlah yang luar biasa besar.","อึ๋ย?! ตะ แต่ว่าถ้าฉันกลับไปเองตามใจ <txt:size,2>จะต้องชดใช้ค่าปรับจำนวนมหาศาลเลยนะ","Calma aí! M-mas se eu for embora assim, <txt:size,2>vou ter que pagar uma multa absurda!"
,,,정다희,,-1_삐약,,angry,"흥, 그런 계약, 애초에 무효야! 불공정 계약인걸, 갚아야 할 이유가 없어!",That contract is completely invalid! It’s an unfair contract and you have no obligations to pay!,ふん、そんな契約、そもそも無効よ！不公正契約なのよ、払う理由なんてないわ！,哼，那种霸王合同，本来就是无效的！那是不平等条约，凭什么要赔偿！,哼，那種合約，一開始就無效啦！明明就是不公平的合約，根本沒有理由賠錢！,"Это надувательство, а не контракт! И платить ты ничего не должен.",Kontrak tu tak sah! Tak adil dan kau tak wajib bayar!,"Hừm, hợp đồng kiểu đó vốn đã vô hiệu rồi! Đó là hợp đồng bất công, không cần phải trả đâu!",¡Bah! Ese contrato es inválido desde el principio. ¡Fue un contrato abusivo! ¡No tienes ninguna razón para pagar!,"Huh, kontrak seperti itu, tidak sah dari awal! Itu kan kontrak yang tidak adil, kamu tidak punya alasan untuk membayarnya!",ฮึ่ย สัญญาแบบนั้นมันไม่มีผลมาตั้งแต่แรกแล้ว! นายไม่จำเป็นต้องชดใช้ค่าปรับให้สัญญาที่ไม่เป็นธรรมสักหน่อย!,Que nada! Um contrato desse tipo nem deveria existir! É completamente ilegal!
,,,TAG,,,,,"<sys:quiet,1000>","<sys:quiet,1000>","<sys:quiet,1000>","<sys:quiet,1000>","<sys:quiet,1000>","<sys:quiet,1000>","<sys:quiet,1000>","<sys:quiet,1000>","<sys:quiet,1000>","<sys:quiet,1000>","<sys:quiet,1000>","<sys:quiet,1000>"
,,,???,,,,,"<scr:noskip><wrt:delay,5><txt:wave,1>흐음~","<scr:noskip><wrt:delay,5><txt:wave,1>Hmm~","<scr:noskip><wrt:delay,5><txt:wave,1>ふーん","<scr:noskip><wrt:delay,5><txt:wave,1>嗯～","<scr:noskip><wrt:delay,5><txt:wave,1>嗯～","<scr:noskip><wrt:delay,5><txt:wave,1>Ох-хо...","<scr:noskip><wrt:delay,5><txt:wave,1>Hmm~","<scr:noskip><wrt:delay,5><txt:wave,1>Hmm~","<scr:noskip><wrt:delay,5><txt:wave,1>Mmm...","<scr:noskip><wrt:delay,5><txt:wave,1>Hmm~","<scr:noskip><wrt:delay,5><txt:wave,1>อืม~","<scr:noskip><wrt:delay,5><txt:wave,1>Hum..."
,,,???,,,,,"<scr:noskip><wrt:delay,5><txt:wave,1>그랬다간 저쪽의 가드들이 먼저 당신들부터 끌고 갈 걸?","<scr:noskip><wrt:delay,5><txt:wave,1>If you do that, those guards will drag you off first.","<scr:noskip><wrt:delay,5><txt:wave,1>そんな真似をしたら、向こうのガードたちに君たちが真っ先に連れていかれるよ？","<scr:noskip><wrt:delay,5><txt:wave,1>那样的话，恐怕那边的保安会先把你俩给抓走吧？","<scr:noskip><wrt:delay,5><txt:wave,1>那樣的話，恐怕那邊的警衛會先把你們拖走吧？","<scr:noskip><wrt:delay,5><txt:wave,1>Предлагаю подумать еще раз, а то вас первых выведет охрана.","<scr:noskip><wrt:delay,5><txt:wave,1>Kalau kau buat macam tu, pengawal akan tangkap korang dulu.","<scr:noskip><wrt:delay,5><txt:wave,1>Nhưng nếu vậy, lính canh của họ sẽ bắt các cậu trước đấy!","<scr:noskip><wrt:delay,5><txt:wave,1>Si hacen eso, los guardias de este lugar van a venir por ustedes primero, ¿saben?","<scr:noskip><wrt:delay,5><txt:wave,1>Kalau kalian nekat, para penjaga di sana akan menyeret kalian lebih dulu, lho.","<scr:noskip><wrt:delay,5><txt:wave,1>ขืนทำแบบนั้น พวกการ์ดตรงโน้นน่าจะมาลากตัวพวกคุณไปซะก่อนนะ?","<scr:noskip><wrt:delay,5><txt:wave,1>Melhor pensar duas vezes, hein... Senão, aqueles guardas vão arrastar vocês antes de tudo!"
5,경기 전,#,MAP,,,,,팬텀리그_경기장,팬텀리그_경기장,팬텀리그_경기장,팬텀리그_경기장,팬텀리그_경기장,팬텀리그_경기장,팬텀리그_경기장,팬텀리그_경기장,팬텀리그_경기장,팬텀리그_경기장,팬텀리그_경기장,팬텀리그_경기장
,,#,BGM,,,,,BGM_BAD_SANGHYEON1,BGM_BAD_SANGHYEON1,BGM_BAD_SANGHYEON1,BGM_BAD_SANGHYEON1,BGM_BAD_SANGHYEON1,BGM_BAD_SANGHYEON1,BGM_BAD_SANGHYEON1,BGM_BAD_SANGHYEON1,BGM_BAD_SANGHYEON1,BGM_BAD_SANGHYEON1,BGM_BAD_SANGHYEON1,BGM_BAD_SANGHYEON1
,,#,백시우,-2,-1_엥,,,,,,,,,,,,,,
,,#,정다희,-1,-4_경계,,,,,,,,,,,,,,
,,#,마윤석,0,-1_분노,,,,,,,,,,,,,,
,,#,엘리오,2,1_기본,,,,,,,,,,,,,,
,,,백시우,,,,quest,누구세요?,Who are you?,誰ですか？,请问您是哪位？,請問你是？,Ты кто?,Awak siapa?,Anh là ai vậy?,¿Quién eres?,Siapa ya?,คุณเป็นใครครับ?,"Ei, quem é você?!"
,,,엘리오,,1_기본,,,"<scr:name,???>지금 그걸 물을 때가 아니지 않을까?","<scr:name,???>I don’t think it’s the appropriate time to ask that.","<scr:name,???>今はそんなことはどうでもいいだろう？","<scr:name,???>现在是问这个的时候吗？","<scr:name,???>現在是問這個的時候嗎？","<scr:name,???>Тебя не должно это сейчас волновать.","<scr:name,???>Sekarang bukan masa sesuai untuk tanya tu.","<scr:name,???>Bây giờ không phải lúc để hỏi câu đó đúng không nào?","<scr:name,???>¿De verdad crees que es momento para preguntar eso?","<scr:name,???>Bukankah ini bukan waktunya untuk menanyakan hal tersebut?","<scr:name,???>ตอนนี้ไม่ใช่เวลาที่จะมาถามเรื่องนั้นรึเปล่า?","<scr:name,???>Você acha mesmo que isso importa agora?"
,,,TAG,,,,,"<eff:shake,2><sys:sfx,관중_1>","<eff:shake,2><sys:sfx,관중_1>","<eff:shake,2><sys:sfx,관중_1>","<eff:shake,2><sys:sfx,관중_1>","<eff:shake,2><sys:sfx,관중_1>","<eff:shake,2><sys:sfx,관중_1>","<eff:shake,2><sys:sfx,관중_1>","<eff:shake,2><sys:sfx,관중_1>","<eff:shake,2><sys:sfx,관중_1>","<eff:shake,2><sys:sfx,관중_1>","<eff:shake,2><sys:sfx,관중_1>","<eff:shake,2><sys:sfx,관중_1>"
,,,-,,,,,"<txt:bold,2><txt:size,2><txt:shake,2>(와아아아-!)","<txt:bold,2><txt:size,2><txt:shake,2>(Wahhhhhhh-!)","<txt:bold,2><txt:size,2><txt:shake,2>(ワァーーー！)","<txt:bold,2><txt:size,2><txt:shake,2>(哇啊啊啊啊—！)","<txt:bold,2><txt:size,2><txt:shake,2>(哇啊啊啊—！)","<txt:bold,2><txt:size,2><txt:shake,2>(Ууууууааааааа!)","<txt:bold,2><txt:size,2><txt:shake,2>(Wahhhhhhh-!)","<txt:bold,2><txt:size,2><txt:shake,2>(Woahhh-!)","<txt:bold,2><txt:size,2><txt:shake,2>(¡Woooah!)","<txt:bold,2><txt:size,2><txt:shake,2>(Wahhh-!)","<txt:bold,2><txt:size,2><txt:shake,2>(โว้วววว-!)","<txt:bold,2><txt:size,2><txt:shake,2>(Uaaahh!)"
,,,엘리오,,1_기본,,joy,"<scr:name,???>이 함성에 좀 더 귀를 기울여봐. 이곳에 있는 사람들이 당신에게 열광하고 있잖아?","<scr:name,???>Listen to this crowd. Everyone here is rooting for you guys, no?","<scr:name,???>この歓声にもう少し耳を傾けてみな。ここにいる人たちがあんたに熱狂しているだろう？","<scr:name,???>你最好还是仔细听听这山呼海啸般的欢呼声。这里的人们不是正为你神魂颠倒吗？","<scr:name,???>再仔細聽聽這歡呼聲。這裡的人都在為你而瘋狂呢？","<scr:name,???>Слышишь этот шум? Все эти люди пришли ради тебя!","<scr:name,???>Dengar betul-betul sorakan tu. Semua orang di sini tergila-gilakan kau, kan?","<scr:name,???>Hãy lắng nghe tiếng hò reo đó. Những người ở đây đang hào hứng vì cậu đấy!","<scr:name,???>Escucha mejor esos gritos. Toda esta gente está aquí, emocionada por ti.","<scr:name,???>Coba dengarkan dengan seksama sorakan ini. Apakah kamu dapat merasakan antusias dari orang-orang disini padamu?","<scr:name,???>ลองตั้งใจฟังเสียงโห่ร้องนี้ให้ดีสิ ผู้คนที่นี่กำลังคลั่งไคล้คุณกันอยู่นะ","<scr:name,???>Escuta essa multidão! As pessoas aqui estão loucas por você!"
,,,엘리오,,1_미소,,,"<scr:name,???>주위의 열기에 좀 더 몸을 맡겨보는 게 어때?","<scr:name,???>Why don’t you try immersing yourself more in all this passion?","<scr:name,???>周りの熱気にもう少し身を委ねてみたらいいんじゃないかな？","<scr:name,???>不妨试着将自己完全沉浸在这周遭的热浪之中？","<scr:name,???>何不試著讓自己沉浸在周圍的熱情中？","<scr:name,???>Разреши себе стать частью этой атмосферы.","<scr:name,???>Kenapa tak hayati semangat ni sikit?","<scr:name,???>Sao không để cơ thể hòa vào không khí sôi động hơn một chút nhỉ?","<scr:name,???>¿Por qué no dejas que el ambiente te envuelva un poco más?","<scr:name,???>Bagaimana kalau kamu menyandarkan dirimu pada semangat ini?","<scr:name,???>ลองปล่อยตัวไปกับบรรยากาศที่คึกคักรอบๆ หน่อยไหม?","<scr:name,???>Aproveita o calor da galera, deixa a emoção te tomar! Sente o momento!"
,,,엘리오,,1_기본,,,"<txt:wave,1><scr:name,???>자, 이렇게 손이라도 흔들어봐.","<txt:wave,1><scr:name,???>Come on, give them a hand wave or two.","<txt:wave,1><scr:name,???>ほら、こうして手でも振ってみて。","<txt:wave,1><scr:name,???>来，像这样挥挥手，感受一下。","<txt:wave,1><scr:name,???>來，像這樣揮手，感受一下。","<txt:wave,1><scr:name,???>Давай, просто помаши им рукой.","<txt:wave,1><scr:name,???>Ayuh, lambaikan tangan ke penonton.","<txt:wave,1><scr:name,???>Nào, thử vẫy tay đi.","<txt:wave,1><scr:name,???>Anda, saluda con la mano, aunque sea así.","<txt:wave,1><scr:name,???>Ayo, setidaknya lambaikan tanganmu seperti ini.","<txt:wave,1><scr:name,???>เอาล่ะ ลองโบกมือแบบนี้ดูสิ","<txt:wave,1><scr:name,???>Vai, dá um oizinho pro pessoal."
,,,-,,,,,"<txt:bold,2><txt:size,2><txt:shake,2><sys:sfx,관중_1>(꺄아아악-!)","<txt:bold,2><txt:size,2><txt:shake,2><sys:sfx,관중_1>(Squeeeeal-!)","<txt:bold,2><txt:size,2><txt:shake,2><sys:sfx,관중_1>(きゃーーー！)","<txt:bold,2><txt:size,2><txt:shake,2><sys:sfx,관중_1>(啊啊啊啊—！)","<txt:bold,2><txt:size,2><txt:shake,2><sys:sfx,관중_1>(啊啊啊啊—！)","<txt:bold,2><txt:size,2><txt:shake,2><sys:sfx,관중_1>(Уууаааааааа!)","<txt:bold,2><txt:size,2><txt:shake,2><sys:sfx,관중_1>(Kyaaaaa-!)","<txt:bold,2><txt:size,2><txt:shake,2><sys:sfx,관중_1>(Kyaaaaa-!)","<txt:bold,2><txt:size,2><txt:shake,2><sys:sfx,관중_1>(¡Ayyy!)","<txt:bold,2><txt:size,2><txt:shake,2><sys:sfx,관중_1>(Kyahhh-!)","<txt:bold,2><txt:size,2><txt:shake,2><sys:sfx,관중_1>(กรี๊ดดด-!)","<txt:bold,2><txt:size,2><txt:shake,2><sys:sfx,관중_1>(Aaaaahh!)"
,,,정다희,,-4_경계,,silent ,"‥시우야, 어쩐지 저 사람 밥맛이야.",Siwoo. That guy’s a real jerk.,...新、なんかこの人胡散臭いよ。,......白时宇，不知道为什么，我总觉得那个人看着特别碍眼。,...時宇，那個人怎麼可以那麼討人厭。,Шиу... Мне он не нравится.,Siwoo. Lelaki tu memang menjengkelkan.,"Siwoo à, người này sao mà đáng ghét thế?!",Siwoo... ese tipo me cae fatal.,"...Siwoo, orang itu terlihat sangat menyebalkan.",...ชีอู นายคนนั้นไม่น่าเสวนาด้วยยังไงก็ไม่รู้นะ,Siwoo... esse cara é estranho.
,,,백시우,,-3_난감,,,"동감이야. 저기, 그러니까‥ 저희는 지금 좀 바빠서‥","I agree. Sorry, but we’re a bit busy...",だよな。あの、えっと...俺たちは今ちょっと忙しくて...,同感。那个，所以......我们现在手头有点急事......,我也這麼覺得。那個，就是...我們現在有點事要忙...,И мне. Эм... мы сейчас немного заняты...,"Setuju. Maaf, kami sibuk sekarang...","Đồng ý. Này, nghe này... chúng tôi đang bận...","Estoy de acuerdo. Oye, mira... es que ahora mismo estamos un poco ocupados...","Aku sangat setuju. Jadi, itu... Maaf karena kami sedang sibuk...",ฉันเห็นด้วย เอ่อ คือว่า... พวกเรากำลังยุ่งอยู่น่ะครับ...,"Concordo. Ei, então... a gente tá meio ocupado agora..."
,,,엘리오,,1_미소,,,"<scr:name,???>당신, 혹시 지금 <txt:bold,2>이곳</txt:bold>이 어디인지 잊은 거 아냐?","<scr:name,???>Did you forget where <txt:bold,2>this place</txt:bold> is?","<scr:name,???>あんた、もしかして今<txt:bold,2>ここ</txt:bold>がどこか忘れてるんじゃない？","<scr:name,???>你该不会忘了<txt:bold,2>这里</txt:bold>是什么地方了吗？","<scr:name,???>你啊，該不會忘了<txt:bold,2>這裡</txt:bold>是什麼地方了吧？","<scr:name,???>А ты не забыл, <txt:bold,2>где</txt:bold> находишься?","<scr:name,???>Kau lupa ke <txt:bold,2>tempat ni</txt:bold> kat mana?","<scr:name,???>Cậu có quên <txt:bold,2>đây</txt:bold> là đâu không vậy?","<scr:name,???>Acaso, ¿olvidaste en dónde <txt:bold,2>te encuentras</txt:bold> ahora?","<scr:name,???>Kamu, apa kamu sudah lupa tempat seperti apa itu <txt:bold,2>tempat ini</txt:bold>?","<scr:name,???>คุณลืมเหรอว่า<txt:bold,2>ที่นี่</txt:bold>คือที่ไหน?","<scr:name,???>Por acaso, você esqueceu onde é <txt:bold,2>aqui</txt:bold>?"
,,,백시우,,-1_엥,,,네?,What?,え？,嗯？,咦？,А?,Apa?,Sao cơ?,¿Qué?,Apa?,ครับ?,Oi?
,,,엘리오,,1_미소,,,"<scr:name,???>친구를 위한 마음도 좋지만, 때로는 유연하게 생각할 줄도 알아야지. ","<scr:name,???>Caring for your friend is good, but sometimes you need to be more open-minded.","<scr:name,???>友達を思う気持ちもわかるけど、時には柔軟に考えることも重要だよ。","<scr:name,???>为朋友着想是好事，但有时候也要懂得变通啊。","<scr:name,???>為朋友著想的心意固然可貴，但有時候也要懂得靈活變通啊。","<scr:name,???>Похвально, что ты так беспокоишься о друге, но думать надо шире.","<scr:name,???>Ambil berat pasal kawan tu bagus, tapi kadang-kadang kena lebih terbuka sikit.","<scr:name,???>Tình cảm dành cho bạn bè thì tốt, nhưng đôi khi cũng phải biết linh hoạt chứ.","<scr:name,???>Está muy bien preocuparse por un amigo, pero también hay que saber ser flexible.","<scr:name,???>Bagus kalau kamu peduli pada temanmu, tapi sesekali kamu juga harus berpikir lebih fleksibel.","<scr:name,???>จิตใจที่นึกถึงเพื่อนมันก็ดีอยู่หรอก แต่บางครั้งก็ต้องรู้จักคิดให้ยืดหยุ่นบ้างนะ","<scr:name,???>Entendo que os amigos são importantes pra você, mas tem momentos em que a gente precisa agir de acordo com a situação."
,,,백시우,,-1_정적,,quest,"그게, 무슨‥",What do you mean...?,それって、どういう...,那是什么......,那是什麼意思...,Что это значит...,Maksud kau...?,Ý anh là...,¿Qué estás diciendo...?,"Apa, maksud dari...",นั่นมันหมายความว่ายังไง..,Como assim?
,,,엘리오,,1_기본,,,"<scr:name,???>정말이지, <wrt:wait,30>답답하긴.","<scr:name,???>You really are <wrt:wait,30> quite dense.","<scr:name,???>はあ...<wrt:wait,30>もういい。","<scr:name,???>真是的，<wrt:wait,30>榆木脑袋。","<scr:name,???>真是的，<wrt:wait,30>怎麼這麼死腦筋。","<scr:name,???>Как с тобой сложно. <wrt:wait,30>Все разжевывать надо?","<scr:name,???>Kau ni memang<wrt:wait,30> naif betul.","<scr:name,???>Thật sự<wrt:wait,30> thật phiền phức.","<scr:name,???>Ay, ay, ay... <wrt:wait,30>¡Qué frustrante!","<scr:name,???>Aduh, <wrt:wait,30>kamu membuatku gregetan.","<scr:name,???>ให้ตายเถอะ <wrt:wait,30>น่าหงุดหงิดชะมัด","<scr:name,???>Sério... <wrt:wait,30>Que irritante!"
,,,TAG,,,,,"<eff:shake,1>","<eff:shake,1>","<eff:shake,1>","<eff:shake,1>","<eff:shake,1>","<eff:shake,1>","<eff:shake,1>","<eff:shake,1>","<eff:shake,1>","<eff:shake,1>","<eff:shake,1>","<eff:shake,1>"
,,,TAG,,,,,"<cha:pos,백시우,1><sys:sfx,스파이크_4>","<cha:pos,백시우,1><sys:sfx,스파이크_4>","<cha:pos,백시우,1><sys:sfx,스파이크_4>","<cha:pos,백시우,1><sys:sfx,스파이크_4>","<cha:pos,백시우,1><sys:sfx,스파이크_4>","<cha:pos,백시우,1><sys:sfx,스파이크_4>","<cha:pos,백시우,1><sys:sfx,스파이크_4>","<cha:pos,백시우,1><sys:sfx,스파이크_4>","<cha:pos,백시우,1><sys:sfx,스파이크_4>","<cha:pos,백시우,1><sys:sfx,스파이크_4>","<cha:pos,백시우,1><sys:sfx,스파이크_4>","<cha:pos,백시우,1><sys:sfx,스파이크_4>"
,,,백시우,,-2_당황,shake,exclam ,"<txt:size,2><txt:shake,1>우왓?!","<txt:size,2><txt:shake,1>What?!","<txt:size,2><txt:shake,1>うわっ？！","<txt:size,2><txt:shake,1>呜哇？！","<txt:size,2><txt:shake,1>呃啊？！","<txt:size,2><txt:shake,1>У-а-а!!!","<txt:size,2><txt:shake,1>Apa?!","<txt:size,2><txt:shake,1>Ối?!","<txt:size,2><txt:shake,1>¡¿Eh?!","<txt:size,2><txt:shake,1>Ehhh?!","<txt:size,2><txt:shake,1>หวา?!","<txt:size,2><txt:shake,1>Argh!"
,,,TAG,,,,,"<cha:pos,마윤석,-1>","<cha:pos,마윤석,-1>","<cha:pos,마윤석,-1>","<cha:pos,마윤석,-1>","<cha:pos,마윤석,-1>","<cha:pos,마윤석,-1>","<cha:pos,마윤석,-1>","<cha:pos,마윤석,-1>","<cha:pos,마윤석,-1>","<cha:pos,마윤석,-1>","<cha:pos,마윤석,-1>","<cha:pos,마윤석,-1>"
,,,정다희,,-1_당황,,angry,"<txt:size,2><txt:shake,1>갑자기 왜 시우 멱살을 잡아요!?","<txt:size,2><txt:shake,1>Why are you grabbing Siwoo by the collar!?","<txt:size,2><txt:shake,1>どうして急に新の胸ぐらを掴むんですか！","<txt:size,2><txt:shake,1>你干嘛突然揪白时宇的衣领子！？","<txt:size,2><txt:shake,1>你突然抓時宇的衣領幹嘛！？","<txt:size,2><txt:shake,1>Эй! Не трогай его!","<txt:size,2><txt:shake,1>Kenapa kau cekak kolar Siwoo!?","<txt:size,2><txt:shake,1>Sao bỗng dưng anh nắm cổ áo Siwoo?!","<txt:size,2><txt:shake,1>¡¿Por qué le agarras a Siwoo del cuello?!","<txt:size,2><txt:shake,1>Kenapa tiba-tiba Anda menarik kerah Siwoo!?","<txt:size,2><txt:shake,1>จู่ๆ มาคว้าคอเสื้อชีอูทำไมกันคะ!?","<txt:size,2><txt:shake,1>Por que você pegou o Siwoo pelo colarinho do nada!?"
,,,TAG,,,,,"<cha:pos,마윤석,-2>","<cha:pos,마윤석,-2>","<cha:pos,마윤석,-2>","<cha:pos,마윤석,-2>","<cha:pos,마윤석,-2>","<cha:pos,마윤석,-2>","<cha:pos,마윤석,-2>","<cha:pos,마윤석,-2>","<cha:pos,마윤석,-2>","<cha:pos,마윤석,-2>","<cha:pos,마윤석,-2>","<cha:pos,마윤석,-2>"
,,,엘리오,,1_미소,,,"<scr:name,???>위약금 물어줄 수 없다면‥ <txt:bold,2>이 안에서 벌면 되잖아?","<scr:name,???>If you can’t pay the penalty... <txt:bold,2>you can earn it.","<scr:name,???>違約金を払えないなら...<txt:bold,2>この中で稼げばいいだろ？","<scr:name,???>既然赔不起违约金......<txt:bold,2>那就在这里头把它赚回来不就行了？","<scr:name,???>如果付不出違約金...<txt:bold,2>在這裡賺不就好了？","<scr:name,???>Если нет денег заплатить по контракту, <txt:bold,2>может отработаешь?","<scr:name,???>Kalau tak mampu bayar penalti... <txt:bold,2>cari sajalah duit di sini.","<scr:name,???>Nếu không có tiền để đền hợp đồng... <txt:bold,2>thì kiếm ở đây cũng được mà?","<scr:name,???>Si no puedes pagar la penalización... <txt:bold,2>¿por qué no ganas aquí el dinero para pagarla?","<scr:name,???>Jika kamu tidak bisa bayar denda... <txt:bold,2>maka bukankah kamu tinggal menghasilkannya disini?","<scr:name,???>ถ้าช่วยเพื่อนชดใช้ค่าปรับไม่ได้... <txt:bold,2>ก็หาเงินจากในนี้สิ","<scr:name,???>Se não tem como pagar a multa, <txt:bold,2>então basta ganhar dinheiro aqui dentro."
,,,TAG,,,,,"<cha:pos,마윤석,-3>","<cha:pos,마윤석,-3>","<cha:pos,마윤석,-3>","<cha:pos,마윤석,-3>","<cha:pos,마윤석,-3>","<cha:pos,마윤석,-3>","<cha:pos,마윤석,-3>","<cha:pos,마윤석,-3>","<cha:pos,마윤석,-3>","<cha:pos,마윤석,-3>","<cha:pos,마윤석,-3>","<cha:pos,마윤석,-3>"
,,,백시우,,-2_당황,,exclam,‥?!,...?!,...？！,......？！,...？！,...?!,...?!,...?!,¡¿...?!,...?!,...?!,???
,,,TAG,,,,,"<cha:pos,마윤석,-4>","<cha:pos,마윤석,-4>","<cha:pos,마윤석,-4>","<cha:pos,마윤석,-4>","<cha:pos,마윤석,-4>","<cha:pos,마윤석,-4>","<cha:pos,마윤석,-4>","<cha:pos,마윤석,-4>","<cha:pos,마윤석,-4>","<cha:pos,마윤석,-4>","<cha:pos,마윤석,-4>","<cha:pos,마윤석,-4>"
,,,백시우,,,,,"<eff:shake,1><txt:shake,1>콜록, 콜록‥","<eff:shake,1><txt:shake,1>Cough, cough...","<eff:shake,1><txt:shake,1>ゲホッ、ゲホッ...","<eff:shake,1><txt:shake,1>咳、咳......","<eff:shake,1><txt:shake,1>咳、咳...","<eff:shake,1><txt:shake,1>Кхе-кхе...","<eff:shake,1><txt:shake,1>Batuk, batuk...","<eff:shake,1><txt:shake,1>Khụ, khụ...","<eff:shake,1><txt:shake,1>Cof, cof...","<eff:shake,1><txt:shake,1>Uhuk, uhuk...","<eff:shake,1><txt:shake,1>แค่กแค่ก...","<eff:shake,1><txt:shake,1>Cof, Cof..."
,,,정다희,,-1_삐약,,,"<txt:shake,1>시우야, 괜찮아!?","<txt:shake,1>Siwoo, are you okay?!","<txt:shake,1>新、大丈夫？！","<txt:shake,1>白时宇，你没事吧！？","<txt:shake,1>時宇，你還好嗎！？","<txt:shake,1>Шиу, ты как?","<txt:shake,1>Siwoo, kau okay?!","<txt:shake,1>Siwoo, cậu không sao chứ!?","<txt:shake,1>¡Siwoo! ¡¿Estás bien?!","<txt:shake,1>Siwoo, apa kamu baik-baik saja!?","<txt:shake,1>ชีอู นายโอเคไหม!?","<txt:shake,1>Siwoo, você tá bem!?"
,,,엘리오,,1_기본,,,"아, 소개가 늦었네. 난 엘리오. <txt:bold,2>팬텀 리그</txt:bold>의 선수야. <wrt:break>그쪽 ‘가짜 스타’랑은 다르게, <txt:bold,2>나름 인기 좀 있는 '진짜 스타'지.","Ah, where are my manners. I am Ellio. A player of the <txt:bold,2>Phantom League</txt:bold>. <wrt:break>Unlike the fake star over there, <txt:bold,2>I’m an actual star.","あ、紹介が遅れたね。僕はエリオ。<txt:bold,2>ファントムリーグ</txt:bold>の選手だよ。<wrt:break>そっちの「偽物のスター」とは違って、<txt:bold,2>それなりに人気のある「本物のスター」さ。","啊，忘了自我介绍了。我叫埃利奥，是<txt:bold,2>幻影联赛</txt:bold>的选手。<wrt:break>跟那边那个‘水货明星’可不一样，<txt:bold,2>我可是个货真价实的明星，人气爆棚的那种。","啊，忘了自我介紹了。我是埃利奧。<txt:bold,2>幻影聯賽</txt:bold>的選手。<wrt:break>跟那個「冒牌明星」不一樣，<txt:bold,2>我可是小有名氣的「真正明星」喔。","Ах да, забыл представиться. Я Эллио, игрок <txt:bold,2>Фантом-лиги</txt:bold>. <wrt:break>Настоящая звезда, <txt:bold,2>в отличие от той «фальшивки».","Ah, maaf. Aku Ellio. Pemain <txt:bold,2>Liga Phantom</txt:bold>. <wrt:break>Tak macam bintang palsu tu, <txt:bold,2>aku ni bintang sebenar.","Ah, xin lỗi vì chưa giới thiệu. Tôi là Ellio. Một cầu thủ của <txt:bold,2>Phantom League</txt:bold>. <wrt:break>Không như 'ngôi sao giả' kia, <txt:bold,2>tôi là 'ngôi sao thật' với chút tiếng tăm.","Ah, qué grosero de mi parte. Me llamo Ellio. Soy jugador de la <txt:bold,2>Liga Fantasma</txt:bold>. <wrt:break>No como esa 'falsa estrella' de allá. <txt:bold,2>Yo soy una 'verdadera estrella', y además, bastante popular.","Oh ya, aku lupa perkenalkan diriku. Namaku adalah Ellio. Salah satu atlet di <txt:bold,2>Liga Phantom</txt:bold>. <wrt:break>Dan aku berbeda dengan dia yang ‘Superstar palsu’, <txt:bold,2>aku cukup terkenal sebagai 'Superstar asli' disini.","อ้อ ฉันลืมแนะนำตัวไปแฮะ ฉันชื่อเอลิโอ เป็นนักกีฬาของ<txt:bold,2>แฟนธอมลีก</txt:bold> <wrt:break>ฉันไม่เหมือนกับ ‘สตาร์ตัวปลอม’ นั่นหรอกนะ <txt:bold,2>ฉันคือ 'สตาร์ตัวจริง' ที่มีชื่อเสียงพอตัวเลยล่ะ","Ah, acabei me esquecendo de me apresentar. Sou Ellio, jogador da <txt:bold,2>Liga Phantom</txt:bold>. <wrt:break>Não sou como aquela «falsa estrela», <txt:bold,2>sou uma «estrela de verdade»!"
,,,엘리오,,1_미소,,,"어때, 나와 경기를 하지 않겠어? <txt:bold,2>날 이기면 그깟 위약금 금방 벌 수 있을 걸?","What do you say, how about playing a match against me? <txt:bold,2>If you beat me, you can earn enough to cover that little penalty fee.","どう、僕と試合をしてみない？<txt:bold,2>僕に勝てばその違約金もすぐに稼げるよ？","怎么样，要不要跟我过过招？<txt:bold,2>你要是能赢了我，那点违约金，分分钟就能赚回来了吧？","怎麼樣，要不要跟我比一場？<txt:bold,2>只要打贏我，那點違約金很快就能賺到了吧？","Ну что, сыграем? <txt:bold,2>Если победишь, то сможешь заплатить за контракт друга.","Apa kata kita lawan satu perlawanan? <txt:bold,2>Kalau kau menang, boleh bayar penalti tu.","Thế nào, cậu có muốn đấu với tôi không? <txt:bold,2>Nếu thắng tôi, cậu có thể kiếm đủ tiền để trả tiền phạt đấy!","¿Qué te parece? ¿Quieres enfrentarte a mí? <txt:bold,2>Si me ganas, podrías juntar ese dinero en un abrir y cerrar de ojos.","Bagaimana, mau bertanding denganku? <txt:bold,2>Kalau menang, uang untuk membayar denda itu akan terkumpul dalam sekejap.","ว่าไง อยากมาลองแข่งกับฉันไหม? <txt:bold,2>ถ้าชนะฉันได้ ก็น่าจะหาเงินค่าปรับแค่นั้นได้ทันทีเลยนะ?","E aí, quer jogar uma partida comigo? <txt:bold,2>Se você me vencer, vai conseguir pagar sua multa rapidinho."
,,,TAG,,,,,"<cha:pos,마윤석,-2>","<cha:pos,마윤석,-2>","<cha:pos,마윤석,-2>","<cha:pos,마윤석,-2>","<cha:pos,마윤석,-2>","<cha:pos,마윤석,-2>","<cha:pos,마윤석,-2>","<cha:pos,마윤석,-2>","<cha:pos,마윤석,-2>","<cha:pos,마윤석,-2>","<cha:pos,마윤석,-2>","<cha:pos,마윤석,-2>"
,,,백시우,,-1_무표정,,,?!,?!,？！,？！,？！,?!,?!,?!,¡¿?!,?!,?!,?
,,,TAG,,,,,"<cha:pos,마윤석,0>","<cha:pos,마윤석,0>","<cha:pos,마윤석,0>","<cha:pos,마윤석,0>","<cha:pos,마윤석,0>","<cha:pos,마윤석,0>","<cha:pos,마윤석,0>","<cha:pos,마윤석,0>","<cha:pos,마윤석,0>","<cha:pos,마윤석,0>","<cha:pos,마윤석,0>","<cha:pos,마윤석,0>"
,,,마윤석,,-1_분노,shake,,"<txt:size,-1>무, 무슨‥ 내 위약금이 얼마나 되는 줄 알고?! </txt:size><txt:size,0><txt:shake,1>무려‥.!","<txt:size,-1>H-how... much do you think my penalty is?! </txt:size><txt:size,0><txt:shake,1>It’s...!","<txt:size,-1>な、な...俺の違約金がどれだけ大きいかも知らないくせに！</txt:size><txt:size,0><txt:shake,1>なんと...","<txt:size,-1>什、什么......你知道我的违约金有多少吗？！</txt:size><txt:size,0><txt:shake,1>那可是......！","<txt:size,-1>什、什麼...你知道我的違約金有多少嗎？！</txt:size><txt:size,0><txt:shake,1>足足有...！","<txt:size,-1>Ч-что... Да что ты знаешь про мою неустойку?! </txt:size><txt:size,0><txt:shake,1>Это же...!","<txt:size,-1>K-kau tahu ke berapa penalti aku?! </txt:size><txt:size,0><txt:shake,1>Jumlahnya sampai...!","<txt:size,-1>Cậu... cậu... có biết tiền phạt của tớ bao nhiêu không?! </txt:size><txt:size,0><txt:shake,1>Tận....","<txt:size,-1>¿Q-qué...? ¿Sabes cuánto debo pagar por mi penalización? </txt:size><txt:size,0><txt:shake,1>¡Es nada menos que...!","<txt:size,-1>A, apa... kamu tahu seberapa besar denda yang harus aku bayar?! </txt:size><txt:size,0><txt:shake,1>Itu adalah....!","<txt:size,-1>พะ พูดอะไรน่ะ... รู้รึไงว่าค่าปรับของฉันคือเท่าไหร่?! </txt:size><txt:size,0><txt:shake,1>มันตั้ง....!","<txt:size,-1>A-ahn? Você sabe o quanto é a minha multa!? </txt:size><txt:size,0><txt:shake,1>É um valor absurdo!"
,,,엘리오,,1_기본,,,"안타깝지만, 당신 같은 인기로는 어림도 없었겠지. 하지만— <wrt:wait,30>이쪽은 다를지도 모르지.","I’m sorry to say, your popularity wouldn't have come close to cutting it. But— <wrt:wait,30> your friend might be different.","残念だけど、あんた程度の人気じゃ到底足りなかっただろうね。でも—<wrt:wait,30>こっちは違うかもしれないよ？","很遗憾，凭你那点人气，恐怕是痴人说梦吧。不过嘛— <wrt:wait,30>这位，或许就不一样了。","很遺憾，憑你那點人氣是絕對不夠的。但是...<wrt:wait,30>這邊這位或許不一樣喔。","Знаю, что с твоей «популярностью» ты не скоро на нее заработаешь. Но... <wrt:wait,30>у него может получиться.","Malangnya, dengan populariti kau, memang takkan cukup. Tapi— <wrt:wait,30>dia mungkin berbeza.","Tiếc rằng với mức độ nổi tiếng của cậu thì không thể. Nhưng... <wrt:wait,30>người này thì khác.","Qué pena, pero con tu fama actual no lo lograrías ni en sueños. Pero quizás <wrt:wait,30>con este chico sea diferente.","Sayangnya, dengan popularitasmu, uang sebanyak itu mustahil terkumpul. Tapi— <wrt:wait,30>dia mungkin berbeda.","น่าเศร้านะ แต่ความนิยมระดับคุณคงไม่เท่าไหร่หรอก แต่ว่า— <wrt:wait,30>คนนี้อาจจะต่างออกไปก็ได้","Bem, com sua popularidade, seria difícil. <wrt:wait,30>Mas aqui, quem sabe, as coisas mudem."
,,,백시우,,-2_놀람,,,"‥<wrt:wait,30>왜 저흴 도와주시는 거죠?","...<wrt:wait,30>Why are you helping us?","...<wrt:wait,30>なんで俺たちを助けてくれるんですか？","......<wrt:wait,30>您为什么要帮我们？","...<wrt:wait,30>你為什麼要幫我們？","...<wrt:wait,30>Зачем ты нам помогаешь?","...<wrt:wait,30>Kenapa kau nak tolong kami?","<wrt:wait,30>Sao anh lại giúp chúng tôi?","... <wrt:wait,30>¿Por qué nos estás ayudando?","...<wrt:wait,30>Mengapa Anda membantu kami?","...<wrt:wait,30>ทำไมคุณถึงช่วยพวกเราล่ะครับ?","Hum... <wrt:wait,30>Mas por que você tá ajudando a gente?"
,,,엘리오,,1_기본,,,귀엽기도 해라. 잘 들어. 이기면 그 위약금을 벌 수 있을 거라니까?,"How cute. Hear me out. If you win, you can pay back the penalty.",ほんと、可愛いこと言うなぁ。勝てばその違約金を稼げるって言ってるんだ。,真是个小可爱。听好了，我说的是，只要你能赢，就能赚到那笔违约金。,真可愛。聽好了，只要贏了就能賺到那筆違約金，懂了嗎？,"Помогаю? Как наивно. Если ты победишь, то выплатишь неустойку друга.","Comelnya. Dengar sini. Kalau kau menang, penalti tu selesai.","Cậu ngây thơ thật! Nghe đây, nếu thắng, cậu có thể kiếm đủ tiền để trả tiền phạt đấy!","Qué adorable. Escucha bien: si ganas, podrás cubrir esa deuda.","Kalian sangat lucu. Dengar baik-baik. Jika kamu bisa menang, maka kamu bisa membayar denda dengan cepat!",น่าเอ็นดูชะมัด ฟังให้ดีนะ ฉันบอกว่าถ้าชนะฉันได้ ก็จะหาเงินค่าปรับนั้นได้ใช่ไหมล่ะ?,"Aah, que fofinhos. Escute bem... Se vencer, você consegue a grana da multa."
,,,엘리오,,1_기본,,,"내게 진다면 <txt:bold,2><txt:color,yellow>그 돈은 모두 내 차지인 거지.","If you lose, <txt:bold,2><txt:color,yellow>all that money is mine.","僕に負けたら<txt:bold,2><txt:color,yellow>そのお金は全部僕のものってことさ。","要是你输给了我，<txt:bold,2><txt:color,yellow>那笔钱可就全都是我的了。","但要是我贏了，<txt:bold,2><txt:color,yellow>那筆錢就歸我了。","А если проиграешь, <txt:bold,2><txt:color,yellow>все деньги достанутся мне.","Kalau kalah, <txt:bold,2><txt:color,yellow>semua duit tu jadi milik aku.","Nếu thua tôi, <txt:bold,2><txt:color,yellow>số tiền đó sẽ thuộc về tôi.","Pero si pierdes, <txt:bold,2><txt:color,yellow>todo ese dinero será mío.","Namun jika kamu kalah <txt:bold,2><txt:color,yellow>maka uang itu akan menjadi milikku.","แต่ถ้าคุณแพ้ฉัน <txt:bold,2><txt:color,yellow>เงินนั่นก็จะตกเป็นของฉันทั้งหมด","Se você perder, <txt:bold,2><txt:color,yellow>todo esse dinheiro será meu."
,,,엘리오,,1_미소,,,"그게 <txt:bold,2>팬텀 리그</txt:bold>의 방식. <wrt:break>어때 딱히 손해 볼 제안은 아니잖아?","That’s the <txt:bold,2>Phantom League</txt:bold>’s rule. <wrt:break>You don’t have much to lose anyways.","それが<txt:bold,2>ファントムリーグ</txt:bold>のやり方さ。<wrt:break>どうだい？誰も損しない良い提案だろ？","这就是<txt:bold,2>幻影联赛</txt:bold>的规矩。<wrt:break>怎么样，这笔买卖，你也不算吃亏吧？","這就是<txt:bold,2>幻影聯賽</txt:bold>的規矩。<wrt:break>怎麼樣，這提議對你來說也不算吃虧吧？","Таковы правила <txt:bold,2>Фантом-лиги</txt:bold>. <wrt:break>Все по-честному.","Begitulah caranya dalam <txt:bold,2>Liga Phantom</txt:bold>. <wrt:break>Macam mana? Tak rugi pun kalau kau terima, kan?","Đó là cách của <txt:bold,2>Phantom League</txt:bold>. <wrt:break>Thế nào, đây đâu phải lời đề nghị tệ phải không?","Así es como funciona la <txt:bold,2>Liga Fantasma</txt:bold>. <wrt:break>¿No es una oferta bastante justa?","Itulah cara di <txt:bold,2>Liga Phantom</txt:bold>. <wrt:break>Bagaimana, ini bukan tawaran merugikan untukmu juga kan?","นั่นคือวิธีการของ<txt:bold,2>แฟนธอมลีก</txt:bold> <wrt:break>ว่าไง มันเป็นข้อเสนอที่คุณไม่ได้เสียหายอะไรสักหน่อย?","É assim que funciona na <txt:bold,2>Liga Phantom</txt:bold>. <wrt:break>Não parece ser uma proposta ruim, né?"
,,,정다희,,-1_당황,,,"안 돼. 시우야. <txt:bold,2><txt:color,orange>오아시스</txt:bold></txt:color>와 했던 약속을 잊었어?","Siwoo, we shouldn’t. Remember what we promised <txt:bold,2><txt:color,orange>Oasis</txt:bold></txt:color>?","ダメよ。新。<txt:bold,2><txt:color,orange>オアシス</txt:bold></txt:color>選手との約束を忘れたの？","不行，白时宇。你忘了和<txt:bold,2><txt:color,orange>绿洲</txt:bold></txt:color>的约定了吗？","不行。時宇。<txt:bold,2>你忘了跟<txt:color,orange>綠洲</txt:bold></txt:color>的約定嗎？","Шиу, не надо. Ты ведь обещал <txt:bold,2><txt:color,orange>Оазису</txt:bold></txt:color>!","Siwoo, kita tak patut buat. Ingat janji kita pada <txt:bold,2><txt:color,orange>Oasis</txt:bold></txt:color>?","Không được! Siwoo à, Cậu đã quên lời hứa với <txt:bold,2><txt:color,orange>Oasis</txt:bold></txt:color> rồi sao?","No, Siwoo. ¿Has olvidado la promesa que hicimos con <txt:bold,2><txt:color,orange>Oasis</txt:bold></txt:color>?","Jangan. Siwoo. Apa kamu sudah lupa janji yang kita buat dengan <txt:bold,2><txt:color,orange>Oasis</txt:bold></txt:color>?","ไม่ได้นะชีอู ลืมสัญญาที่นายให้ไว้กับ<txt:bold,2><txt:color,orange>โอเอซิส</txt:bold></txt:color>แล้วรึไง?","Não, Siwoo. Você esqueceu o que prometeu ao <txt:bold,2><txt:color,orange>Oásis</txt:bold></txt:color>?"
,,,백시우,,-1_무표정,pause,,"‥지금은 달리 방법이 없잖아. <txt:color,orange><txt:bold,2>마윤석</txt:color></txt:bold>을 이대로 내버려둘 수도 없고.","...We don’t have much of a choice now. We can’t just leave <txt:color,orange><txt:bold,2>Yoonseok</txt:color></txt:bold> here.","...今は他に方法がないだろ。<txt:color,orange><txt:bold,2>忠英</txt:color></txt:bold>をこのまま置いていくわけにもいかないし。","......眼下也没有别的办法了啊。总不能把<txt:color,orange><txt:bold,2>马允硕</txt:color></txt:bold>就这么丢在这儿不管吧。","...我們現在也別無選擇。總不能把<txt:color,orange><txt:bold,2>馬允碩</txt:color></txt:bold>丟在這裡不管。","Но другого выхода нет... Мы не можем бросить <txt:color,orange><txt:bold,2>Ма Юнсока</txt:color></txt:bold>.","... Kita tak ada pilihan. Tak boleh biar <txt:color,orange><txt:bold,2>Yoonseok</txt:color></txt:bold> kat sini.","Giờ không còn cách nào khác... Chúng ta cũng không thể bỏ mặc <txt:color,orange><txt:bold,2>Ma Yoonseok</txt:color></txt:bold> thế này.","No tenemos otra opción ahora... No puedo simplemente dejar a <txt:color,orange><txt:bold,2>Yunseok</txt:color></txt:bold> en este estado.","...Tapi mau bagaimana lagi. Kita tidak bisa meninggalkan <txt:color,orange><txt:bold,2>Yunseok Ma</txt:color></txt:bold> seperti ini.","...ตอนนี้เราไม่มีวิธีอื่นนี่นา จะปล่อย<txt:color,orange><txt:bold,2>มายุนซอก</txt:color></txt:bold>ไว้แบบนี้ก็ไม่ได้","Não temos mais o que fazer... Não podemos simplesmente deixar o <txt:color,orange><txt:bold,2>Yunseok Ma</txt:color></txt:bold> aqui."
,,,백시우,,-1_무표정,,,좋아. 승부하죠.,Okay. Let’s play.,よし、その提案受け入れます。,好。我接受挑战。,好。我跟你比。,Хорошо. Я принимаю вызов.,Okay. Kita lawan.,"Thôi được, tôi chấp nhận.",De acuerdo. Acepto el duelo.,Baiklah. Mari kita bertanding.,ก็ได้ เรามาแข่งกันครับ,"Certo, vamos pro jogo."
,,,엘리오,,1_미소,,joy ,"그래야지. 역시 난 감이 좋아. <txt:wave,1><txt:bold,2>오늘, 최고로 많은 돈을 벌 수 있겠는걸?","That’s the spirit. Just as expected. <txt:wave,1><txt:bold,2>Looks like today might be my biggest payday, huh?","そうでなくちゃ。さすが僕は勘がいいね。<txt:wave,1><txt:bold,2>今日、最高にお金が稼げそうだよ！","这才像话嘛。我的直觉果然没错。<txt:wave,1><txt:bold,2>今天，看来能狠狠地捞上一大笔了！","這樣才對嘛。我的直覺果然很準。<txt:wave,1><txt:bold,2>看來今天可以大賺一筆了呢？","Знал, что ты согласишься. <txt:wave,1><txt:bold,2>Похоже, сегодня будет мой самый прибыльный матч.","Macam tulah. Memang tepat firasat aku. <txt:wave,1><txt:bold,2>Hari ni mungkin aku boleh dapat duit paling banyak!","Phải thế chứ. Đúng là linh cảm của tôi rất tốt! <txt:wave,1><txt:bold,2>Hôm nay, tôi sẽ kiếm được nhiều tiền nhất!","Eso es. Sabía que lo harías. <txt:wave,1><txt:bold,2>Hoy voy a ganar más dinero que nunca.","Nah, begitu dong. Firasatku memang selalu tepat. <txt:wave,1><txt:bold,2>Hari ini, penghasilanku bisa memecahkan rekor!","ต้องอย่างนั้นสิ ฉันนี่ช่างเซนส์ดีจริงๆ <txt:wave,1><txt:bold,2>วันนี้คงจะหาเงินได้เยอะเป็นประวัติการณ์เลยแฮะ?","É isso aí! Eu sei que hoje é o meu dia. <txt:wave,1><txt:bold,2>Hoje, vou ganhar uma fortuna!"
,,,엘리오,,1_기본,,,"자, 그럼 모두들 잘 지켜봐. </txt:size><txt:bold,2>오늘 밤, 가장 아름다운 경기를 선보일 테니까!","Now then, everyone watch closely. </txt:size><txt:bold,2>Tonight, I'll be putting on the most stunning game you've seen!","さあ、みんな見ていてくれ。</txt:size><txt:bold,2>今夜、最も美しい試合を見せてあげるから！","好了，各位，都给我擦亮眼睛瞧好了！ </txt:size><txt:bold,2>今晚，我将为你们献上最华丽绝伦的比赛！","好了，各位，請張大眼睛看清楚啦。</txt:size><txt:bold,2>今晚，我將獻上最精彩的比賽！","Смотрите внимательно! </txt:size><txt:bold,2>Сегодня вы станете свидетелями настоящей игры!","Sekarang semua tengok betul-betul. </txt:size><txt:bold,2>Malam ni, aku akan pamerkan permainan paling indah!","Nào, mọi người hãy xem cho kỹ. </txt:size><txt:bold,2>Tối nay, tôi sẽ cho các cậu thấy một trận đấu đẹp nhất!","Muy bien, todos atentos. </txt:size><txt:bold,2>¡Esta noche, les mostraré el partido más hermoso que hayan visto jamás!","Kalau begitu coba amati dengan seksama. </txt:size><txt:bold,2>Karena ini akan menjadi pertandingan yang paling menarik pada malam ini!","เอาล่ะ ทุกคนคอยจับตาดูให้ดี </txt:size><txt:bold,2>เพราะคืนนี้ฉันจะโชว์การแข่งขันที่งดงามที่สุดให้ได้เห็น!","Pessoal, prestem atenção! </txt:size><txt:bold,2>Hoje à noite, vou mostrar a partida mais impressionante de todas!"
,경기 승리,#,MAP,,,,,팬텀리그_내부,팬텀리그_내부,팬텀리그_내부,팬텀리그_내부,팬텀리그_내부,팬텀리그_내부,팬텀리그_내부,팬텀리그_내부,팬텀리그_내부,팬텀리그_내부,팬텀리그_내부,팬텀리그_내부
,,#,BGM,,,,,BGM_CLUTTERED,BGM_CLUTTERED,BGM_CLUTTERED,BGM_CLUTTERED,BGM_CLUTTERED,BGM_CLUTTERED,BGM_CLUTTERED,BGM_CLUTTERED,BGM_CLUTTERED,BGM_CLUTTERED,BGM_CLUTTERED,BGM_CLUTTERED
,,#,백시우,1,-2_놀람,,,,,,,,,,,,,,
,,#,정다희,-1,-1_언짢,,,,,,,,,,,,,,
,,#,엘리오,2,1_기본,,,,,,,,,,,,,,
,,#,카를라,4,1_기본,,,,,,,,,,,,,,
,,#,마윤석,-2,-1_기본,,,,,,,,,,,,,,
,,,정다희,,-3_활짝,,,"<txt:bold,2>잘했어, 시우야!","<txt:bold,2>Great job, Siwoo!","<txt:bold,2>よくやったね、新！","<txt:bold,2>太棒了，白时宇！","<txt:bold,2>表現得真棒，時宇！","<txt:bold,2>Молодец, Шиу!","<txt:bold,2>Kerja bagus, Siwoo!","<txt:bold,2>Làm tốt lắm, Siwoo à!","<txt:bold,2>¡Bien hecho, Siwoo!","<txt:bold,2>Bagus sekali, Siwoo!","<txt:bold,2>เก่งมากเลยชีอู!","<txt:bold,2>Arrasou, Siwoo!"
,,,TAG,,,,,"<cha:pos,마윤석,0>","<cha:pos,마윤석,0>","<cha:pos,마윤석,0>","<cha:pos,마윤석,0>","<cha:pos,마윤석,0>","<cha:pos,마윤석,0>","<cha:pos,마윤석,0>","<cha:pos,마윤석,0>","<cha:pos,마윤석,0>","<cha:pos,마윤석,0>","<cha:pos,마윤석,0>","<cha:pos,마윤석,0>"
,,,마윤석,,-1_설렘,shake,,"<txt:shake,1>배신자, 아니 시우야! 흐윽‥ <wrt:delay,1>너 사실 좋은 녀석이었구나!","<txt:shake,1>Traitor, no, Siwoo! Sniff... <wrt:delay,1>You’re actually a really nice guy!","<txt:shake,1>裏切り者、いや、新！ひっく...<wrt:delay,1>お前って実はいい奴だったんだな！","<txt:shake,1>叛徒，不对，白时宇！呜呜......<wrt:delay,1>你小子真是个好人啊！","<txt:shake,1>叛徒，不對，時宇！嗚嗚...<wrt:delay,1>你居然是個大好人！","<txt:shake,1>Предатель... ой, то есть, Шиу! Хнык...<wrt:delay,1>Какой ты хороший парень!","<txt:shake,1>Pengkhianat— maksud aku, Siwoo! Huhu... <wrt:delay,1>Rupanya kau ni baik!","<txt:shake,1>Đồ phản bội, à không, Siwoo à! Huhu... <wrt:delay,1>Hóa ra cậu là người tốt!","<txt:shake,1>Traidor... digo, ¡Siwoo! Snif... <wrt:delay,1>¡En el fondo sí eras un buen chico!","<txt:shake,1>Pengkhianat, bukan maksudku itu, Siwoo! Erghh... <wrt:delay,1>Ternyata kamu itu sebenarnya orang yang baik!","<txt:shake,1>เจ้าคนทรยศ.. ไม่สิ ชีอู! ฮึก... <wrt:delay,1>ที่จริงนายก็เป็นคนดีนี่นา!","<txt:shake,1>Ah, traidor... quer dizer, Siwoo! <wrt:delay,1>Eu sabia que você era uma boa pessoa!"
,,,백시우,,-1_웃음,,joy ,"저리가, 콧물 묻는다니까!","Back off, your snot is going to get on me!",離れろ、鼻水つけるなって！,起开起开，鼻涕都蹭到我身上了！,走開啦，鼻涕都要滴到我身上了！,"Отойди, ты сейчас тут всех соплями заляпаешь!","Jauh sikit, hingus kau nak kena aku!","Tránh ra, dính nước mũi đấy!","¡Apártate, me vas a llenar de mocos!","Jangan mendekatiku, ingusmu bisa menempel pada bajuku!",ไปไกลๆ เลยนะ น้ำมูกเปื้อนฉันหมดแล้ว!,"Sai daqui, seu nariz tá escorrendo!"
,,,엘리오,,1_진지,,,‥놀랐어. 정말로 날 이길 줄이야.,I’m impressed. I didn’t expect you to win against me.,...驚いたよ。本当に僕に勝つなんて。,......真没想到，你居然真的能赢我。,...真驚訝。沒想到你真的能打贏我。,"Вот это да... Не думал, что ты сможешь меня обыграть.",Hebat. Aku tak sangka kau boleh kalahkan aku.,Tôi bất ngờ đấy... Không ngờ cậu thực sự đánh bại tôi.,Estoy sorprendido... No creí que realmente pudieras ganarme.,...Aku terkejut. Tidak ku sangka kamu dapat mengalahkanku.,...น่าตกใจจริงๆ ไม่คิดเลยว่าจะชนะฉันได้,"Uau, fiquei impressionado... Não achei que fosse conseguir me vencer."
,,,엘리오,,1_진지,,,"그런데, 이 플레이 스타일‥ <wrt:wait,30><wrt:delay,5><txt:bold,2>굉장히 익숙한데‥","But this playstyle... <wrt:wait,30><wrt:delay,5><txt:bold,2>It’s very familiar...","でも、このプレイスタイル...<wrt:wait,30><wrt:delay,5><txt:bold,2>すごく見覚えがあるな...","不过，这种打法风格......<wrt:wait,30><wrt:delay,5><txt:bold,2>总觉得似曾相识......","不過，這種打法風格...<wrt:wait,30><wrt:delay,5><txt:bold,2>怎麼這麼熟悉...","Твой стиль игры... <wrt:wait,30><wrt:delay,5><txt:bold,2>где-то я его уже видел...","Tapi gaya permainan ni... <wrt:wait,30><wrt:delay,5><txt:bold,2>macam pernah nampak...","Nhưng phong cách chơi này... <wrt:wait,30><wrt:delay,5><txt:bold,2>rất quen thuộc...","Pero este estilo de juego... <wrt:wait,30><wrt:delay,5><txt:bold,2>me resulta muy familiar...","Namun, Playstyle-mu... <wrt:wait,30><wrt:delay,5><txt:bold,2>Aku tidak merasa asing...","แต่ว่าสไตล์การเล่นแบบนี้... <wrt:wait,30><wrt:delay,5><txt:bold,2>รู้สึกคุ้นเคยมากเลยแฮะ...","Mas seu estilo de jogo... <wrt:wait,30><wrt:delay,5><txt:bold,2>me parece familiar."
,,,TAG,,,,,"<cha:pos,마윤석,-2><cha:pos,백시우,0>","<cha:pos,마윤석,-2><cha:pos,백시우,0>","<cha:pos,마윤석,-2><cha:pos,백시우,0>","<cha:pos,마윤석,-2><cha:pos,백시우,0>","<cha:pos,마윤석,-2><cha:pos,백시우,0>","<cha:pos,마윤석,-2><cha:pos,백시우,0>","<cha:pos,마윤석,-2><cha:pos,백시우,0>","<cha:pos,마윤석,-2><cha:pos,백시우,0>","<cha:pos,마윤석,-2><cha:pos,백시우,0>","<cha:pos,마윤석,-2><cha:pos,백시우,0>","<cha:pos,마윤석,-2><cha:pos,백시우,0>","<cha:pos,마윤석,-2><cha:pos,백시우,0>"
,,,정다희,,-1_기본,,,"이걸로 <txt:color,orange><txt:bold,2>마윤석</txt:color></txt:bold>의 위약금은 해결되는 거겠죠?","This takes care of <txt:color,orange><txt:bold,2>Yoonseok</txt:color></txt:bold>’s penalty, right?","これで<txt:color,orange><txt:bold,2>忠英</txt:color></txt:bold>の違約金は解決するんですよね？","这样一来，<txt:color,orange><txt:bold,2>马允硕</txt:color></txt:bold>的违约金就算一笔勾销了吧？","這樣一來，<txt:color,orange><txt:bold,2>馬允碩</txt:color></txt:bold>的違約金就算解決了吧？","Значит, теперь с неустойкой <txt:color,orange><txt:bold,2>Ма Юнсока</txt:color></txt:bold> все в порядке?","Ini kira selesai penalti <txt:color,orange><txt:bold,2>Yoonseok</txt:color></txt:bold> kan?","Vậy giờ <txt:color,orange><txt:bold,2>Ma Yoonseok</txt:color></txt:bold> đã giải quyết được tiền phạt rồi phải không?","Con esto, la penalización de <txt:color,orange><txt:bold,2>Yunseok</txt:color></txt:bold> queda resuelta, ¿cierto?","Dengan ini, denda <txt:color,orange><txt:bold,2>Yunseok Ma</txt:color></txt:bold> sudah beres, kan?","เท่านี้ก็น่าจะจบเรื่องค่าปรับของ<txt:color,orange><txt:bold,2>มายุนซอก</txt:color></txt:bold>แล้วใช่ไหมคะ?","Com isso, a multa do <txt:color,orange><txt:bold,2>Yunseok Ma</txt:color></txt:bold> está paga, não?"
,,,엘리오,,1_기본,,,날 누구라고 생각하는 거야? 이 경기장의 열기를 봐. 위약금 정도야 순식간에 갚고도 남지.,Who do you think I am? Look at the excitement in this stadium. I can pay off the penalty fee in no time and still have some left over.,僕を誰だと思ってるんだ？この会場の熱気を見てみろよ。違約金を払ってもお釣りが出るくらいさ。,你当我是谁啊？你看看这赛场的气氛，简直要炸了！区区一点违约金，分分钟就能还清，还绰绰有余呢。,也不看看我是誰？光是這球場的氣氛。違約金那點小錢，不僅一下子就還清了，還綽綽有餘呢。,"Шутишь? С такой игрой ты не только неустойку покрыл, но еще и на карманные расходы заработал.","Siapa kau fikir aku? Tengok je sorakan ni. Penalti tu kecil je, siap ada lebih lagi.",Cậu nghĩ tôi là ai? Nhìn không khí trong sân đấu đi. Số tiền phạt đó sẽ được trả trong nháy mắt.,"¿Por quién me tomas? Mira el fervor del estadio. Con esta emoción, esa penalización se paga en un abrir y cerrar de ojos.",Apa kamu meremehkanku? Coba lihat aura semangat di lapangan ini. Jika itu hanya denda maka kamu dapat membayarnya dalam sekejap.,คิดว่าฉันเป็นใครกันเนี่ย? ดูบรรยากาศของสนามแข่งนี้สิ นอกจากจะจ่ายค่าปรับได้ในพริบตาแล้วยังเหลือด้วยซ้ำ,Sabe com quem você tá falando? Esse estádio tá fervendo. E quanto à multa? Tá resolvido.
,,,엘리오,,1_미소,,,"아쉬운걸. <txt:bold,2><txt:color,orange>제니</txt:bold></txt:color>만 있었더라면 나도 좀 더 멋지게 받아쳤을 텐데. <wrt:break>뭐, 이런 말을 하는 것도 나답지 않지만.","What a shame. If only <txt:bold,2><txt:color,orange>Jenny</txt:bold></txt:color> were here, I could have put up a better fight. <wrt:break>But then again, saying such things isn't my style.","残念だなぁ。<txt:bold,2><txt:color,orange>ジェニー</txt:bold></txt:color>がいたらもっとかっこよく受け返せたのに。<wrt:break>まあ、こんなことを言うのも僕らしくないけど。","真可惜啊。<txt:bold,2><txt:color,orange>珍妮</txt:bold></txt:color>要是在的话，我肯定能打得更漂亮些。<wrt:break>唉，不过说这种话也不像我的风格。","真可惜啊。<txt:bold,2>要是<txt:color,orange>珍妮</txt:bold></txt:color>也在，我肯定能表現得更出色。<wrt:break>算了，說這種話也不太像我的風格。","Эх, жаль, что <txt:bold,2><txt:color,orange>Дженни</txt:bold></txt:color> с нами не было. Может я бы тогда лучше сыграл. <wrt:break>Странно так думать, конечно.","Sayang betul. Kalau <txt:bold,2><txt:color,orange>Jenny</txt:bold></txt:color> ada, aku boleh beri tentangan yang lebih hebat. <wrt:break>Tapi tak macam aku pula nak bagi alasan macam ni.","Tiếc quá. <txt:bold,2><txt:color,orange>Jenny</txt:bold></txt:color> mà ở đây thì có lẽ tôi đã đỡ được đẹp hơn. <wrt:break>Nhưng nói vậy cũng không giống tôi lắm.","Qué pena. Si tan solo <txt:bold,2><txt:color,orange>Jenny</txt:bold></txt:color> hubiera estado aquí, habría podido responder con más estilo. <wrt:break>Bueno... no es típico de mí decir cosas así.","Agak disayangkan. Jika ada <txt:bold,2><txt:color,orange>Jenny</txt:bold></txt:color> disini maka aku pasti dapat membalas dengan lebih baik. <wrt:break>Namun memberi alasan seperti ini tidak cocok untukku.","น่าเสียดายชะมัด ถ้า<txt:bold,2><txt:color,orange>เจนนี่</txt:bold></txt:color>อยู่ล่ะก็ ฉันคงจะโต้กลับได้ดีกว่านี้แท้ๆ <wrt:break>แต่ก็นะ พูดอะไรแบบนี้ก็ไม่สมกับเป็นฉันเลย","Ah, que pena. Se a <txt:bold,2><txt:color,orange>Jenny</txt:bold></txt:color> estivesse aqui, eu teria feito uma jogada muito mais estilosa. <wrt:break>Sei que não é o meu estilo falar sobre isso, mas..."
,,,TAG,,,,,"<cha:pos,엘리오,3>","<cha:pos,엘리오,3>","<cha:pos,엘리오,3>","<cha:pos,엘리오,3>","<cha:pos,엘리오,3>","<cha:pos,엘리오,3>","<cha:pos,앨리오,3>","<cha:pos,엘리오,3>","<cha:pos,엘리오,3>","<cha:pos,엘리오,3>","<cha:pos,엘리오,3>","<cha:pos,엘리오,3>"
,,,엘리오,,-1_기본,,,"<txt:wave,1>고생 많았어, 당신. 친구 데리고 무사히 돌아가~","<txt:wave,1>You did well. Have a safe journey back with your friend~","<txt:wave,1>お疲れ様、あんた。友達を連れて無事に帰りな。","<txt:wave,1>辛苦了，朋友。带上你的朋友，赶紧安全离开吧～","<txt:wave,1>辛苦啦，你趕緊帶著朋友離開這裡吧～","<txt:wave,1>В любом случае, спасибо за игру. Хорошей вам дороги!","<txt:wave,1>Bagus permainan kau. Bawalah kawan kau balik dengan selamat~","<txt:wave,1>Vất vả rồi. Đưa bạn về an toàn nhé!","<txt:wave,1>Buen trabajo. Llévate a tu amigo y regresen sanos y salvos.","<txt:wave,1>Kerja bagus, kamu. Kamu boleh pulang dengan temanmu itu~","<txt:wave,1>คุณเก่งมากเลยล่ะ พาเพื่อนคุณกลับไปดีๆ แล้วกัน~","<txt:wave,1>Parabéns, você foi incrível. Agora, volte com seu amigo em segurança."
,,,TAG,,,,,"<sys:quiet,1000>","<sys:quiet,1000>","<sys:quiet,1000>","<sys:quiet,1000>","<sys:quiet,1000>","<sys:quiet,1000>","<sys:quiet,1000>","<sys:quiet,1000>","<sys:quiet,1000>","<sys:quiet,1000>","<sys:quiet,1000>","<sys:quiet,1000>"
,,,백시우,,-2_당황,shake,exclam,"<txt:shake,1>잠깐만요!","<txt:shake,1>Wait!","<txt:shake,1>ちょっと待ってください！","<txt:shake,1>请等一下！","<txt:shake,1>等一下！","<txt:shake,1>Погоди!","<txt:shake,1>Tunggu!","<txt:shake,1>Khoan đã!","<txt:shake,1>¡Un momento!","<txt:shake,1>Sebentar!","<txt:shake,1>เดี๋ยวก่อนครับ!","<txt:shake,1>Calma aí!"
,,,TAG,,,,,"<cha:pos,엘리오,2>","<cha:pos,엘리오,2>","<cha:pos,엘리오,2>","<cha:pos,엘리오,2>","<cha:pos,엘리오,2>","<cha:pos,엘리오,2>","<cha:pos,앨리오,2>","<cha:pos,엘리오,2>","<cha:pos,엘리오,2>","<cha:pos,엘리오,2>","<cha:pos,엘리오,2>","<cha:pos,엘리오,2>"
,,,엘리오,,1_기본,pause,quest,음?,Hum?,ん？,嗯？,怎麼了？,М-м?,Hum?,Gì vậy?,¿Mmm?,Iya?,หืม?,Ahn?
,,,백시우,,,,,"지금‥ <txt:bold,2><txt:color,orange>제니</txt:bold></txt:color>라고 했어요? ","Did you just say... <txt:bold,2><txt:color,orange>Jenny</txt:bold></txt:color>?","今...<txt:bold,2><txt:color,orange>ジェニー</txt:bold></txt:color>って言いましたよね？","您刚才......是不是提到了<txt:bold,2><txt:color,orange>珍妮</txt:bold></txt:color>？","剛剛...是不是有提到<txt:bold,2><txt:color,orange>珍妮</txt:bold></txt:color>？","Ты упомянул... <txt:bold,2><txt:color,orange>Дженни</txt:bold></txt:color>?","Tadi kau sebut... <txt:bold,2><txt:color,orange>Jenny</txt:bold></txt:color>?","Vừa rồi... anh nói <txt:bold,2><txt:color,orange>Jenny</txt:bold></txt:color> phải không?","¿Recién... dijiste <txt:bold,2><txt:color,orange>Jenny</txt:bold></txt:color>?","Apa barusan... Anda bilang <txt:bold,2><txt:color,orange>Jenny</txt:bold></txt:color>?","เมื่อกี้... คุณพูดว่า<txt:bold,2><txt:color,orange>เจนนี่</txt:bold></txt:color>เหรอครับ?","Você falou... <txt:bold,2><txt:color,orange>Jenny</txt:bold></txt:color>?"
,,,백시우,,,,,"<txt:bold,2><txt:color,orange>제니</txt:bold></txt:color>와 아는 사이신가요?","Do you know <txt:bold,2><txt:color,orange>Jenny</txt:bold></txt:color>?","<txt:bold,2><txt:color,orange>ジェニー</txt:bold></txt:color>と知り合いなんですか？","您认识<txt:bold,2><txt:color,orange>珍妮</txt:bold></txt:color>吗？","你認識<txt:bold,2><txt:color,orange>珍妮</txt:bold></txt:color>嗎？","Ты <txt:bold,2><txt:color,orange>ее</txt:bold></txt:color> знаешь?","Kau kenal <txt:bold,2><txt:color,orange>Jenny</txt:bold></txt:color>?","Anh quen <txt:bold,2><txt:color,orange>Jenny</txt:bold></txt:color> à?","¿Conoces a <txt:bold,2><txt:color,orange>Jenny</txt:bold></txt:color>?","Apa Anda kenal dengan <txt:bold,2><txt:color,orange>Jenny</txt:bold></txt:color>?","คุณรู้จักกับ<txt:bold,2><txt:color,orange>เจนนี่</txt:bold></txt:color>เหรอครับ?","Você conhece a <txt:bold,2><txt:color,orange>Jenny</txt:bold></txt:color>?"
,,,TAG,,,,,"<sys:bgm,BGM_BAD_SANGHYEON1,600>","<sys:bgm,BGM_BAD_SANGHYEON1,600>","<sys:bgm,BGM_BAD_SANGHYEON1,600>","<sys:bgm,BGM_BAD_SANGHYEON1,600>","<sys:bgm,BGM_BAD_SANGHYEON1,600>","<sys:bgm,BGM_BAD_SANGHYEON1,600>","<sys:bgm,BGM_BAD_SANGHYEON1,600>","<sys:bgm,BGM_BAD_SANGHYEON1,600>","<sys:bgm,BGM_BAD_SANGHYEON1,600>","<sys:bgm,BGM_BAD_SANGHYEON1,600>","<sys:bgm,BGM_BAD_SANGHYEON1,600>","<sys:bgm,BGM_BAD_SANGHYEON1,600>"
,,,엘리오,,1_진지,,,"‥<wrt:delay,10>그쪽</wrt:delay>이야말로 <txt:bold,2><txt:color,orange>제니</txt:bold></txt:color>를 얼마나 아는지 궁금한 걸?","I could ask the same... I'm curious just how well <wrt:delay,10>you</wrt:delay> know <txt:bold,2><txt:color,orange>Jenny</txt:bold></txt:color>?","...<wrt:delay,10>そっち</wrt:delay>こそ<txt:bold,2><txt:color,orange>ジェニー</txt:bold></txt:color>とどういう関係なのか気になるね。","......<wrt:delay,10>你</wrt:delay>倒是说说看，你又对<txt:bold,2><txt:color,orange>珍妮</txt:bold></txt:color>了解多少？","...<wrt:delay,10>那你</wrt:delay>又對<txt:bold,2><txt:color,orange>珍妮</txt:bold></txt:color>了解多少？","...<wrt:delay,10>А сам-то ты </wrt:delay>насколько хорошо знаешь <txt:bold,2><txt:color,orange>Дженни</txt:bold></txt:color>?","Aku pun nak tanya soalan sama... Kau kenal<wrt:delay,10></wrt:delay> <txt:bold,2><txt:color,orange>Jenny</txt:bold></txt:color> sebaik mana?","<wrt:delay,10>Tôi</wrt:delay> mới là người thắc mắc cậu biết rõ <txt:bold,2><txt:color,orange>Jenny</txt:bold></txt:color> đến mức nào đấy?","Eso te lo debería preguntar yo <wrt:delay,10>a ti</wrt:delay>. ¿Cuánto sabes realmente sobre <txt:bold,2><txt:color,orange>Jenny</txt:bold></txt:color>?","...<wrt:delay,10>Malah aku yang</wrt:delay> ingin tahu seberapa kenalnya kamu dengan <txt:bold,2><txt:color,orange>Jenny</txt:bold></txt:color>.","...<wrt:delay,10>คุณ</wrt:delay>นั่นแหละ รู้จัก<txt:bold,2><txt:color,orange>เจนนี่</txt:bold></txt:color>ดีแค่ไหนกัน?","Hum... <wrt:delay,10>Na verdade,</wrt:delay> estou mais curioso é pra saber o quanto você conhece a <txt:bold,2><txt:color,orange>Jenny</txt:bold></txt:color>."
,,,백시우,,-1_무표정,,,"전‥ <txt:bold,2><txt:color,orange>제니</txt:bold></txt:color>의 친구예요 어릴 때 함께 배구 캠프에서 훈련받았어요.","I’m... <txt:bold,2><txt:color,orange>Jenny</txt:bold></txt:color>’s friend. We trained together at a volleyball camp when we were kids.","俺は...<txt:bold,2><txt:color,orange>ジェニー</txt:bold></txt:color>の友達です。子どもの頃に一緒にバレーキャンプで練習しました。","我......我是<txt:bold,2><txt:color,orange>珍妮</txt:bold></txt:color>的朋友，小时候一起在排球训练营训练过。","我...是<txt:bold,2><txt:color,orange>珍妮</txt:bold></txt:color>的朋友，小時候一起在排球特訓營受訓過。","Я... я <txt:bold,2><txt:color,orange>ее</txt:bold></txt:color> друг. Мы вместе тренировались в волейбольном лагере, когда были детьми.","Saya... kawan <txt:bold,2><txt:color,orange>Jenny</txt:bold></txt:color>. Kami berlatih bersama di kem bola tampar masa kecil.","Tôi... là bạn của <txt:bold,2><txt:color,orange>Jenny</txt:bold></txt:color>. Chúng tôi cùng tập luyện ở trại bóng chuyền khi còn nhỏ.","Yo... soy amigo de <txt:bold,2><txt:color,orange>Jenny</txt:bold></txt:color>. Entrenamos juntos en un campamento de voleibol cuando éramos niños.","Saya itu... Teman dari <txt:bold,2><txt:color,orange>Jenny</txt:bold></txt:color>, kita berlatih bersama di kamp bola voli saat kecil dulu.","ผม... เป็นเพื่อนของ<txt:bold,2><txt:color,orange>เจนนี่</txt:bold></txt:color>ครับ เราเคยฝึกด้วยกันที่ค่ายวอลเลย์บอลตอนเด็กๆ","Eu... sou amigo da <txt:bold,2><txt:color,orange>Jenny</txt:bold></txt:color>. A gente treinou juntos em um acampamento de vôlei quando éramos pequenos."
,,,TAG,,,,,"<cha:pop,엘리오>","<cha:pop,엘리오>","<cha:pop,엘리오>","<cha:pop,엘리오>","<cha:pop,엘리오>","<cha:pop,엘리오>","<cha:pop,엘리오>","<cha:pop,엘리오>","<cha:pop,엘리오>","<cha:pop,엘리오>","<cha:pop,엘리오>","<cha:pop,엘리오>"
,,,엘리오,,,,,친구? 꽤 재미있는 농담이네? ,Friends? That’s quite the joke.,友達？なかなか面白い冗談をいうね？,朋友？这玩笑可真有意思。,朋友？這玩笑還真是有趣啊？,Друг? Скажешь тоже...,Kawan? Kelakar betul.,Bạn à? Câu nói đùa khá thú vị nhỉ?!,¿Amigo? Qué buen chiste.,Teman? Itu adalah candaan yang lucu sekali!,เพื่อน? เป็นการล้อเล่นที่น่าขำไม่เบาเลยนะ?,"Amigo? Gostei da piada, hein!"
,,,엘리오,,,,,"<txt:bold,2><txt:color,orange>제니</txt:color>에게 정말 친구가 있었으면, 이런 곳까지 흘러왔을 리가 없지 않겠어?","If <txt:bold,2><txt:color,orange>Jenny</txt:bold></txt:color> did have any friends, she wouldn’t have ended up here, would she?","<txt:bold,2><txt:color,orange>ジェニー</txt:bold></txt:color>に本当に友達がいたなら、こんなところまで流れ着くことはなかっただろう？","<txt:bold,2><txt:color,orange>珍妮</txt:bold></txt:color>她要是真有朋友，又怎么会沦落到这种地方来？","如果<txt:bold,2><txt:color,orange>珍妮</txt:bold></txt:color>真的有朋友，又怎麼會流落到這種地方來呢？","Если бы у <txt:bold,2><txt:color,orange>Дженни </txt:bold></txt:color> были друзья, она бы не оказалась в таком месте.","Kalau <txt:bold,2><txt:color,orange>Jenny</txt:bold></txt:color> ada kawan sejati, dia takkan ada kat sini.","Nếu <txt:bold,2><txt:color,orange>Jenny</txt:bold></txt:color> thực sự có bạn, cô ấy đã không đến một nơi như thế này rồi!","Si <txt:bold,2><txt:color,orange>Jenny</txt:bold></txt:color> realmente hubiera tenido amigos, ¿crees que habría terminado en un lugar como este?","Jika <txt:bold,2><txt:color,orange>Jenny</txt:color></txt:bold> itu memang punya teman, maka mana mungkin dia berakhir di tempat seperti ini!?","ถ้า<txt:bold,2><txt:color,orange>เจนนี่</txt:bold></txt:color>มีเพื่อนจริงๆ เธอคงไม่ผ่านเข้ามาจนถึงที่แบบนี้หรอก","Se a <txt:bold,2><txt:color,orange>Jenny</txt:color></txt:color></txt:bold> tivesse mesmo amigos, não teria acabado nesse lugar."
,,,백시우,,-1_시무룩,pause,,"저도 <txt:bold,2><txt:color,orange>제니</txt:bold></txt:color>가 왜 <txt:bold,2>팬텀 리그</txt:bold>에 있는지는 모르겠지만‥.","I don’t know why <txt:bold,2><txt:color,orange>Jenny</txt:bold></txt:color> is here in the <txt:bold,2>Phantom League</txt:bold>...","俺だって...<txt:bold,2><txt:color,orange>ジェニー</txt:bold></txt:color>がなんで<txt:bold,2>ファントムリーグ</txt:bold>にいるのかはわからないけど...","我也不知道<txt:bold,2><txt:color,orange>珍妮</txt:bold></txt:color>为什么会在<txt:bold,2>幻影联赛</txt:bold>......","我也不知道<txt:bold,2><txt:color,orange>珍妮</txt:bold></txt:color>為什麼會在<txt:bold,2>幻影聯賽</txt:bold>...。","Я тоже не понимаю, как <txt:bold,2><txt:color,orange>она</txt:bold></txt:color> очутилась в <txt:bold,2>Фантом-лиге</txt:bold>....","Saya pun tak tahu kenapa <txt:bold,2><txt:color,orange>Jenny</txt:bold></txt:color> ada dalam <txt:bold,2>Liga Phantom</txt:bold>...","Tôi cũng không biết tại sao <txt:bold,2><txt:color,orange>Jenny</txt:bold></txt:color> lại ở <txt:bold,2>Phantom League</txt:bold>...","No sé por qué <txt:bold,2><txt:color,orange>Jenny</txt:bold></txt:color> está en la <txt:bold,2>Liga Fantasma</txt:bold>, pero...","Saya juga tidak tahu mengapa <txt:bold,2><txt:color,orange>Jenny</txt:bold></txt:color> berada di <txt:bold,2>Liga Phantom</txt:bold>....","ผมเองก็ไม่รู้ว่าทำไม<txt:bold,2><txt:color,orange>เจนนี่</txt:bold></txt:color>ถึงมาอยู่ที่<txt:bold,2>แฟนธอมลีก</txt:bold>ได้....","Também não sei o que a <txt:bold,2><txt:color,orange>Jenny</txt:bold></txt:color> tá fazendo na <txt:bold,2>Liga Phantom</txt:bold>, mas..."
,,,백시우,,-1_기본,,,정말이에요. 우리 셋은 항상 붙어 다녔어요.,But it’s true. The three of us always hung out together.,本当なんです。俺たち三人はいつも一緒でした。,是真的。我们三个以前总是形影不离。,我說的是真的。我們三個以前總是形影不離。,"Это правда. Нас было трое, и мы были неразлучны.",Tapi betul. Kami bertiga selalu lepak sama.,Nhưng tôi nói thật. Ba chúng tôi luôn đi cùng nhau.,Es verdad. Éramos inseparables los tres.,Saya tidak bohong. Kita selalu bermain bertiga dulu.,แต่ผมพูดจริงนะครับ เราสามคนเคยสนิทกันมาก่อน,"É sério, nós três sempre andávamos juntos."
,,,백시우,,-1_기본,,,"제가 받은 건 아니지만, 제 친구— <txt:bold,2><txt:color,orange>서사라</txt:color>에게 <txt:bold,2><txt:color,orange>제니</txt:color>가 연락을 했어요.","I didn’t receive it but a friend of ours— <txt:bold,2><txt:color,orange>Sara Seo</txt:bold></txt:color> received a message from <txt:bold,2><txt:color,orange>Jenny</txt:bold></txt:color>.","俺が受け取ったわけではないんですが、俺の友達—<txt:bold,2><txt:color,orange>有田紗良</txt:bold></txt:color>宛てに<txt:bold,2><txt:color,orange>ジェニー</txt:bold></txt:color>から連絡があったんです。","虽然不是我收到的，但我朋友——<txt:bold,2><txt:color,orange>徐莎拉</txt:bold></txt:color>收到了<txt:bold,2><txt:color,orange>珍妮</txt:bold></txt:color>的联络。","雖然不是我收到的，但我們的共同朋友<txt:bold,2><txt:color,orange>莎拉</txt:bold></txt:color>收到了<txt:bold,2><txt:color,orange>珍妮</txt:bold></txt:color>的聯繫。","<txt:bold,2><txt:color,orange>Дженни</txt:bold></txt:color> прислала сообщение, но не мне, а нашей третьей подруге. Ее зовут <txt:bold,2><txt:color,orange>Со Сара</txt:bold></txt:color>.","Bukan saya yang dapat mesej itu, tapi kawan saya— <txt:bold,2><txt:color,orange>Sara Seo</txt:bold></txt:color>— dihubungi oleh <txt:bold,2><txt:color,orange>Jenny</txt:bold></txt:color>.","Tôi không trực tiếp nhận được tin, nhưng bạn tôi... <txt:bold,2><txt:color,orange>Seo Sara</txt:bold></txt:color> đã nhận được liên lạc từ <txt:bold,2><txt:color,orange>Jenny</txt:bold></txt:color>.","El mensaje no lo recibí yo, pero mi amiga, <txt:bold,2><txt:color,orange>Sara</txt:color>, sí. <txt:bold,2><txt:color,orange>Jenny<txt:bold,2></txt:color> se puso en contacto con ella.","Meski itu bukan saya yang dihubungi, namun <txt:bold,2><txt:color,orange>Jenny</txt:color></txt:bold>lah yang menghubungi teman saya— <txt:bold,2><txt:color,orange>Sara Seo</txt:color>.","ถึงผมจะไม่ใช่คนที่ได้รับการติดต่อจากเธอ แต่ว่าเพื่อนผม— <txt:bold,2><txt:color,orange>ซอซาร่า</txt:bold></txt:color>น่ะ ได้รับการติดต่อจาก<txt:bold,2><txt:color,orange>เจนนี่</txt:bold></txt:color>ครับ","A <txt:bold,2><txt:color,orange>Jenny</txt:color></txt:bold> mandou uma mensagem para minha amiga <txt:bold,2><txt:color,orange>Sara Seo</txt:bold></txt:color>."
,,,백시우,,-2_놀람,,,"제가 지금 문자를 보여드릴게요. <wrt:wait,30>잠시만요.","Let me show you the message. <wrt:wait,30>Give me a sec.","そのメッセージは...<wrt:wait,30>ちょっと待ってください。","我现在就把短信给您看。<wrt:wait,30>请稍等一下。","我現在把簡訊給你看。<wrt:wait,30>等我一下。","Сейчас покажу тебе, что она написала. <wrt:wait,30>Секунду.","Saya tunjukkan mesej itu. <wrt:wait,30>Tunggu sekejap.","Tôi sẽ cho anh xem tin nhắn ngay bây giờ. <wrt:wait,30>Đợi tôi một chút!","Le muestro el mensaje. <wrt:wait,30>Un momento, por favor.","Saya akan perlihatkan pesan darinya. <wrt:wait,30>Sebentar ya.","ผมจะให้ดูข้อความเดี๋ยวนี้เลยครับ <wrt:wait,30>แป๊บนะครับ","Vou te mostrar a mensagem agora. <wrt:wait,30>Só um segundo."
,,,엘리오,,1_진지,pause,,"‥<txt:bold,2><txt:color,orange>서사라</txt:bold></txt:color>?","...<txt:bold,2><txt:color,orange>Sara Seo</txt:bold></txt:color>?","...<txt:bold,2><txt:color,orange>紗良</txt:bold></txt:color>？","......<txt:bold,2><txt:color,orange>徐莎拉</txt:bold></txt:color>？","...<txt:bold,2><txt:color,orange>莎拉</txt:bold></txt:color>？","Ты сказал... <txt:bold,2><txt:color,orange>Со Сара</txt:bold></txt:color>?","...<txt:bold,2><txt:color,orange>Sara Seo</txt:bold></txt:color>?","<txt:bold,2><txt:color,orange>Seo Sara</txt:bold></txt:color>?","... ¿<txt:bold,2><txt:color,orange>Sara</txt:bold></txt:color>?","...<txt:bold,2><txt:color,orange>Sara Seo</txt:bold></txt:color>?","...<txt:bold,2><txt:color,orange>ซอซาร่า</txt:bold></txt:color>?","<txt:bold,2><txt:color,orange>Sara Seo</txt:bold></txt:color>?"
,,,백시우,,-2_놀람,,,"네. <txt:bold,2><txt:color,orange>제니</txt:bold></txt:color>가 <txt:bold,2><txt:color,orange>사라</txt:bold></txt:color>에 대해 얘기한 적 있나요?","Yeah. Didn’t <txt:bold,2><txt:color,orange>Jenny</txt:bold></txt:color> ever talk about <txt:bold,2><txt:color,orange>Sara</txt:bold></txt:color>?","はい。<txt:bold,2><txt:color,orange>ジェニー</txt:bold></txt:color>が<txt:bold,2><txt:color,orange>紗良</txt:bold></txt:color>について何か話してましたか？","是的。<txt:bold,2><txt:color,orange>珍妮</txt:bold></txt:color>有跟您提过<txt:bold,2><txt:color,orange>莎拉</txt:bold></txt:color>吗？","對。<txt:bold,2><txt:color,orange>珍妮</txt:bold></txt:color>有跟你提過<txt:bold,2><txt:color,orange>莎拉</txt:bold></txt:color>的事嗎？","Да. <txt:bold,2><txt:color,orange>Дженни</txt:bold></txt:color> упоминала <txt:bold,2><txt:color,orange>Сару</txt:bold></txt:color>?","Ya. <txt:bold,2><txt:color,orange>Jenny</txt:bold></txt:color> pernah cerita tentang <txt:bold,2><txt:color,orange>Sara</txt:bold></txt:color>?","Vâng. <txt:bold,2><txt:color,orange>Jenny</txt:bold></txt:color> có từng nhắc đến <txt:bold,2><txt:color,orange>Sara</txt:bold></txt:color> không?","Sí. ¿<txt:bold,2><txt:color,orange>Jenny</txt:bold></txt:color> te ha hablado alguna vez de <txt:bold,2><txt:color,orange>Sara</txt:bold></txt:color>?","Iya. Apakah <txt:bold,2><txt:color,orange>Jenny</txt:bold></txt:color> pernah membicarakan tentang <txt:bold,2><txt:color,orange>Sara</txt:bold></txt:color>?","ครับ <txt:bold,2><txt:color,orange>เจนนี่</txt:bold></txt:color>เคยพูดถึง<txt:bold,2><txt:color,orange>ซาร่า</txt:bold></txt:color>เหรอครับ?","Sim. A <txt:bold,2><txt:color,orange>Jenny</txt:bold></txt:color> já falou da <txt:bold,2><txt:color,orange>Sara</txt:bold></txt:color> alguma vez?"
,,,엘리오,,1_기본,wave,,"얘기했냐고? 입만 열면 <txt:bold,2><txt:color,orange>서사라</txt:bold></txt:color>, <txt:bold,2><txt:color,orange>서사라</txt:bold></txt:color>— <wrt:wait,30>귀에 못이 박힐 정도였어.","Did she? All she could talk about was <txt:bold,2><txt:color,orange>Sara</txt:bold></txt:color> this, <txt:bold,2><txt:color,orange>Sara</txt:bold></txt:color> that. <wrt:wait,30>I heard it so many times, I could recite it in my sleep.","話したかって？口を開けば<txt:bold,2><txt:color,orange>紗良</txt:bold></txt:color>、<txt:bold,2><txt:color,orange>紗良</txt:bold></txt:color>—<wrt:wait,30>耳にタコができるほどだったよ。","<txt:wave,1>提过？她简直是三句话不离<txt:bold,2><txt:color,orange>徐莎拉</txt:bold></txt:color>、<txt:bold,2><txt:color,orange>徐莎拉</txt:bold></txt:color>——<wrt:wait,30>我耳朵都要听出茧子了。","提過？她開口閉口都是<txt:bold,2><txt:color,orange>莎拉</txt:bold></txt:color>、<txt:bold,2><txt:color,orange>莎拉</txt:bold></txt:color>...<wrt:wait,30>聽到我耳朵都快長繭了。","Упоминала? Да Дженни как начнет говорить, только и слышишь: <txt:bold,2><txt:color,orange>Сара то</txt:bold></txt:color>, <txt:bold,2><txt:color,orange> Сара сё</txt:bold></txt:color> — устал уже.","Pernah cerita? Asal buka mulut saja, <txt:bold,2><txt:color,orange>Sara</txt:bold></txt:color>. <txt:bold,2><txt:color,orange>Sara</txt:bold></txt:color> itu, Sara ini. <wrt:wait,30>Sampai naik pekak telinga aku.","Nhắc á? Mỗi khi mở miệng ra là <txt:bold,2><txt:color,orange>Seo Sara</txt:bold></txt:color>, <txt:bold,2><txt:color,orange>Seo Sara</txt:bold></txt:color>...<wrt:wait,30> nghe đến phát ngán.","¿Que si ha hablado de ella? ¡Cada vez que abría la boca! <txt:bold,2><txt:color,orange>Sara</txt:bold></txt:color> por aquí, <txt:bold,2><txt:color,orange>Sara</txt:bold></txt:color> por allá... <wrt:wait,30>Me tenía los oídos taladrados.","Membicarakannya? Setiap dia berbicara dia selalu membicarakan <txt:bold,2><txt:color,orange>Sara Seo</txt:bold></txt:color>, <txt:bold,2><txt:color,orange>Sara Seo</txt:bold></txt:color>— <wrt:wait,30>tanpa akhir.","เคยพูดถึงรึเปล่าน่ะเหรอ? เธอเปิดปากพูดทีไรก็มีแต่ชื่อ<txt:bold,2><txt:color,orange>ซอซาร่า</txt:bold></txt:color>, <txt:bold,2><txt:color,orange>ซอซาร่า</txt:bold></txt:color>— <wrt:wait,30>จนฉันเอียนเลยเถอะ","Tá me perguntando se ela já falou da <txt:bold,2><txt:color,orange>Sara Seo</txt:bold></txt:color>? Ela só falava da <txt:bold,2><txt:color,orange>Sara Seo</txt:bold></txt:color>... <wrt:wait,30>Dava até nos nervos!"
,,,엘리오,,1_미소,,,"그래서 묻는 건데, 당신 이름이 뭐야?",So let me ask you. What’s your name?,それで今更だけど、あんたの名前は？,所以才问你，你叫什么名字？,所以我才問，你叫什麼名字？,"Кстати, а тебя как зовут-то?",Jadi aku nak tanya. Nama kau siapa?,"Vậy tôi hỏi cậu, tên cậu là gì?","Por cierto, ¿cómo te llamas?","Kalau begitu aku coba tanya, apa namamu?",ฉันขอถามหน่อยว่าคุณชื่ออะไร?,"A propósito, qual é o seu nome?"
,,,백시우,,-1_결연,,,"<txt:bold,2><txt:color,orange>백시우</txt:bold></txt:color>입니다.","My name is <txt:bold,2><txt:color,orange>Siwoo Baek</txt:bold></txt:color>.","<txt:bold,2><txt:color,orange>白井新</txt:bold></txt:color>です。","我叫<txt:bold,2><txt:color,orange>白时宇</txt:bold></txt:color>。","我叫<txt:bold,2><txt:color,orange>白時宇</txt:bold></txt:color>。","<txt:bold,2><txt:color,orange>Бэк Шиу</txt:bold></txt:color>.","Nama saya <txt:bold,2><txt:color,orange>Siwoo Baek</txt:bold></txt:color>.","<txt:bold,2><txt:color,orange>Baek Siwoo</txt:bold></txt:color>.","Me llamo <txt:bold,2><txt:color,orange>Siwoo</txt:bold></txt:color>.","Nama saya adalah <txt:bold,2><txt:color,orange>Siwoo Baek</txt:bold></txt:color>.","<txt:bold,2><txt:color,orange>แบคชีอู</txt:bold></txt:color>ครับ","Meu nome é <txt:bold,2><txt:color,orange>Siwoo Baek</txt:bold></txt:color>."
,,,엘리오,,1_진지,pause,,"<wrt:delay,10>‥<txt:bold,2><txt:color,orange>백시우</txt:bold></txt:color>?</wrt:delay> <wrt:delay,10>당신이, <txt:bold,2>그 <wrt:wait,30><txt:color,orange>백시우</txt:color>였어?","<wrt:delay,10>...<txt:bold,2><txt:color,orange>Siwoo Baek</txt:bold></txt:color>?</wrt:delay> <wrt:delay,10>You’re <txt:bold,2>THE <wrt:wait,30><txt:color,orange>Siwoo Baek</txt:color>?","<wrt:delay,10>...<txt:bold,2><txt:color,orange>白井新</txt:bold></txt:color>？</wrt:delay><wrt:delay,10>あんたが、<txt:bold,2>あの<wrt:wait,30><txt:color,orange>白井新</txt:color>だったのか...","<wrt:delay,10>......<txt:bold,2><txt:color,orange>白时宇</txt:bold></txt:color>？</wrt:delay> <wrt:delay,10>你就是，<txt:bold,2>那个<wrt:wait,30><txt:color,orange>白时宇</txt:color>？","<wrt:delay,10>...<txt:bold,2><txt:color,orange>白時宇</txt:bold></txt:color>？</wrt:delay> <wrt:delay,10>你就是，<txt:bold,2>那個<wrt:wait,30><txt:color,orange>白時宇</txt:color>？","<wrt:delay,10>...<txt:bold,2><txt:color,orange>Бэк Шиу</txt:bold></txt:color>?</wrt:delay> <wrt:delay,10>Ты <txt:bold,2>тот самый <wrt:wait,30><txt:color,orange>Бэк Шиу</txt:color>?","<wrt:delay,10>...<txt:bold,2><txt:color,orange>Siwoo Baek</txt:bold></txt:color>?</wrt:delay> <wrt:delay,10>Kaulah <txt:bold,2><wrt:wait,30><txt:color,orange>Siwoo Baek</txt:color> yang itu?","<wrt:delay,10>...<txt:bold,2><txt:color,orange>Baek Siwoo</txt:bold></txt:color>?</wrt:delay> <wrt:delay,10>Cậu chính là <txt:bold,2>tên <wrt:wait,30><txt:color,orange>Baek Siwoo</txt:color> đó sao?","<wrt:delay,10>... ¿<txt:bold,2><txt:color,orange>Siwoo</txt:bold></txt:color>?</wrt:delay> ¿<wrt:delay,10>Tú eres ese <wrt:wait,30><txt:color,orange>Siwoo</txt:color>?","<wrt:delay,10>...<txt:bold,2><txt:color,orange>Siwoo Baek</txt:bold></txt:color>?</wrt:delay> <wrt:delay,10>Jadi kamu itu, <txt:bold,2><wrt:wait,30><txt:color,orange>Siwoo Baek</txt:color>?","<wrt:delay,10>...<txt:bold,2><txt:color,orange>แบคชีอู</txt:bold></txt:color>?</wrt:delay> <wrt:delay,10>คุณคือ<txt:bold,2><wrt:wait,30><txt:color,orange>แบคชีอู</txt:color>คนนั้นเองเหรอ?","<wrt:delay,10>Hum... <txt:bold,2><txt:color,orange>Siwoo Baek</txt:bold></txt:color>?</wrt:delay> <wrt:delay,10>Então... <txt:bold,2>você é o <wrt:wait,30><txt:color,orange>Siwoo Baek</txt:color>?"
,,,엘리오,,1_미소,,,"그 <txt:bold,2><txt:color,orange>백시우</txt:bold></txt:color>가 <txt:bold,2><txt:color,orange>제니</txt:bold></txt:color>를 찾으러 여기까지 왔다니. ","To think that THE <txt:bold,2><txt:color,orange>Siwoo Baek</txt:bold></txt:color> would come here looking for <txt:bold,2><txt:color,orange>Jenny</txt:bold></txt:color>.","あの<txt:bold,2><txt:color,orange>白井新</txt:bold></txt:color>が<txt:bold,2><txt:color,orange>ジェニー</txt:bold></txt:color>を探しにここまで来たなんて。","那个<txt:bold,2><txt:color,orange>白时宇</txt:bold></txt:color>居然会为了找<txt:bold,2><txt:color,orange>珍妮</txt:bold></txt:color>来到这里。","那個<txt:bold,2><txt:color,orange>白時宇</txt:bold></txt:color>竟然為了找<txt:bold,2><txt:color,orange>珍妮</txt:bold></txt:color>來到這裡。","И <txt:bold,2><txt:color,orange>ты</txt:bold></txt:color> пришел сюда за <txt:bold,2><txt:color,orange>Дженни</txt:bold></txt:color>.","Siapa sangka <txt:bold,2><txt:color,orange>Siwoo Baek</txt:bold></txt:color> datang sini cari <txt:bold,2><txt:color,orange>Jenny</txt:bold></txt:color>.","<txt:bold,2><txt:color,orange>Baek Siwoo</txt:bold></txt:color> đến tận đây để tìm <txt:bold,2><txt:color,orange>Jenny</txt:bold></txt:color> sao?","¿Que ese tal <txt:bold,2><txt:color,orange>Siwoo</txt:bold></txt:color> ha venido hasta aquí para buscar a <txt:bold,2><txt:color,orange>Jenny</txt:bold></txt:color>?","Jadi <txt:bold,2><txt:color,orange>Siwoo Baek</txt:bold></txt:color> itu datang sampai kesini untuk menemui <txt:bold,2><txt:color,orange>Jenny</txt:bold></txt:color>.","<txt:bold,2><txt:color,orange>แบคชีอู</txt:bold></txt:color>คนนั้นมาตามหา<txt:bold,2><txt:color,orange>เจนนี่</txt:bold></txt:color>ถึงที่นี่เลย","Então, o <txt:bold,2><txt:color,orange>Siwoo Baek</txt:bold></txt:color> realmente veio até aqui só pra encontrar a <txt:bold,2><txt:color,orange>Jenny</txt:bold></txt:color>?"
,,,엘리오,,1_진지,pause,,"<txt:size,-1><txt:bold,2><wrt:delay,5>농담도 참 지독하네.","<txt:size,-1><txt:bold,2><wrt:delay,5>If it is a joke, how cruel.","<txt:size,-1><txt:bold,2><wrt:delay,5>シャレにならないな。","<txt:size,-1><txt:bold,2><wrt:delay,5>这玩笑开得可真够绝的。","<txt:size,-1><txt:bold,2><wrt:delay,5>這玩笑還真是夠狠的。","<txt:size,-1><txt:bold,2><wrt:delay,5>Это уже слишком даже для шутки.","<txt:size,-1><txt:bold,2><wrt:delay,5>Kalau ini gurauan... kejam sungguh.","<txt:size,-1><txt:bold,2><wrt:delay,5>Đùa cũng có mức độ thôi.","<txt:size,-1><txt:bold,2><wrt:delay,5>Vaya broma más cruel.","<txt:size,-1><txt:bold,2><wrt:delay,5>Meski hanya sebagai lelucon pun hal itu sudah mengerikan.","<txt:size,-1><txt:bold,2><wrt:delay,5>ช่างล้อเล่นได้แรงชะมัด","<txt:size,-1><txt:bold,2><wrt:delay,5>Só pode ser piada."
,,,백시우,,-2_놀람,,,"혹시‥ <txt:bold,2><txt:color,orange>제니</txt:bold></txt:color>가 제 얘기를 한 적도 있나요?","Um... Did <txt:bold,2><txt:color,orange>Jenny</txt:bold></txt:color> ever talk about me?","もしかして...<txt:bold,2><txt:color,orange>ジェニー</txt:bold></txt:color>が俺について何か話してましたか？","难道......<txt:bold,2><txt:color,orange>珍妮</txt:bold></txt:color>也提起过我吗？","難道...<txt:bold,2><txt:color,orange>珍妮</txt:bold></txt:color>也提過我的事嗎？","То есть <txt:bold,2><txt:color,orange>Дженни</txt:bold></txt:color> и про меня рассказывала?","Um... <txt:bold,2><txt:color,orange>Jenny</txt:bold></txt:color> pernah cerita tentang saya juga?","Liệu... <txt:bold,2><txt:color,orange>Jenny</txt:bold></txt:color> có từng nhắc đến tôi không?","¿Acaso <txt:bold,2><txt:color,orange>Jenny</txt:bold></txt:color> también ha hablado de mí?","Apa... <txt:bold,2><txt:color,orange>Jenny</txt:bold></txt:color> pernah membicarakan tentang saya juga?","คือว่า... <txt:bold,2><txt:color,orange>เจนนี่</txt:bold></txt:color>ก็เคยพูดถึงผมด้วยเหรอครับ?","Por acaso... a <txt:bold,2><txt:color,orange>Jenny</txt:bold></txt:color> já falou alguma vez sobre mim?"
,,,엘리오,,1_미소,pause,silent ,‥글쎄. 어떨지.,...Perhaps. Maybe?,...さあ。どうかな。,......谁知道呢。,...誰知道呢。,Ну... может быть.,... Mungkin. Entah?,Ai biết... cũng có thể...,Quién sabe... Tal vez.,...Entahlah.,...ไม่รู้สินะ,Hum... não sei.
,,,엘리오,,1_기본,,,"아무튼 좋아. <txt:size,-1>목소리를 낮춰.","Anyways. <txt:size,-1>Keep your voice down.","まあいいよ。<txt:size,-1>声を小さくして。","总之，就这样吧。<txt:size,-1>小点声儿。","總之，好吧。<txt:size,-1>小聲點。","Ладно. <txt:size,-1>Только говори тише.","Apa pun. <txt:size,-1>Perlahankan suara.","Sao cũng được. <txt:size,-1>Nói nhỏ thôi.","Bueno. <txt:size,-1>Baja la voz.","Ya sudahlah. <txt:size,-1>Coba kecilkan suaramu.","ยังไงก็เถอะ ดีเหมือนกัน <txt:size,-1>เบาเสียงลงซะ","Enfim, tudo bem. <txt:size,-1>Só fala mais baixo."
,,,엘리오,,1_미소,,,"여긴 좀 시끄럽잖아. 보는 눈도 많고. 조용한 데서 얘기하는 게 어때? 내가 <txt:bold,2><txt:color,orange>제니</txt:bold></txt:color>를 만나게 해줄게.","This place is loud and there are many eyes watching us. How about meeting in a more secluded place. I’ll let you guys meet <txt:bold,2><txt:color,orange>Jenny</txt:bold></txt:color>.","ここは人も多いし、ちょっとうるさいから。静かなところで話さない？僕が<txt:bold,2><txt:color,orange>ジェニー</txt:bold></txt:color>に会わせてあげるよ。","这里太吵了，人多嘴杂的。不如我们找个清静点的地方聊聊？我会让你见到<txt:bold,2><txt:color,orange>珍妮</txt:bold></txt:color>的。","這裡有點吵，人多眼雜的。不如找個安靜的地方聊聊？我帶你去見<txt:bold,2><txt:color,orange>珍妮</txt:bold></txt:color>。","Здесь слишком много глаз и ушей. Давай отойдем туда, где поспокойнее? Я устрою тебе встречу с <txt:bold,2><txt:color,orange>Дженни</txt:bold></txt:color>.","Tempat ni bising dan ramai orang tengok. Jumpa tempat sunyi sikit, aku boleh bawa korang jumpa <txt:bold,2><txt:color,orange>Jenny</txt:bold></txt:color>.","Ở đây ồn ào quá. Và nhiều ánh mắt nữa. Hay là chúng ta nói chuyện ở nơi yên tĩnh hơn? Tôi sẽ đưa cậu đi gặp <txt:bold,2><txt:color,orange>Jenny</txt:bold></txt:color>.","Aquí hay mucho ruido... y demasiadas miradas. ¿Qué te parece si hablamos en un sitio más tranquilo? Puedo llevarlos a <txt:bold,2><txt:color,orange>Jenny</txt:bold></txt:color>.","Disini sangat berisik. Dan ada banyak orang-orang. Bagaimana kalau kita membicarakannya di tempat yang sunyi? Aku akan mempertemukanmu dengan <txt:bold,2><txt:color,orange>Jenny</txt:bold></txt:color>.","ที่นี่หนวกหูไปหน่อย แถมยังมีสายตาคอยจับจ้องเยอะด้วย เราไปคุยกันในที่เงียบๆ ไหมล่ะ? ฉันจะช่วยให้คุณได้เจอกับ<txt:bold,2><txt:color,orange>เจนนี่</txt:bold></txt:color>เอง","Tá um pouco barulhento aqui e tem muita gente. Melhor a gente procurar um lugar mais calmo pra conversar. Eu vou te ajudar a encontrar a <txt:bold,2><txt:color,orange>Jenny</txt:bold></txt:color>."
,,,백시우,,-2_기쁨,,,"<txt:shake,1>정말요?!","<txt:shake,1>Really?","<txt:shake,1>本当ですか？！","<txt:shake,1>真的吗？！","<txt:shake,1>真的嗎？！","<txt:shake,1>Серьезно?!","<txt:shake,1>Betul ke?","<txt:shake,1>Thật sao?!","<txt:shake,1>¡¿En serio?!","<txt:shake,1>Apa benar?!","<txt:shake,1>จริงเหรอครับ?!","<txt:shake,1>Sério?!"
,,,엘리오,,1_기본,,,"물론이지. 지금은 잠시 자리를 비웠지만, <txt:bold,2><txt:color,orange>제니</txt:bold></txt:color>와 나는 한 팀이거든.","Of course. She’s currently not here, but <txt:bold,2><txt:color,orange>Jenny</txt:bold></txt:color> and I are a team.","ああ。今はちょっと席を外しているけど、<txt:bold,2><txt:color,orange>ジェニー</txt:bold></txt:color>と僕は同じチームだからね。","那当然。她现在虽然暂时不在，但<txt:bold,2><txt:color,orange>珍妮</txt:bold></txt:color>和我是同队的。","當然。她現在只是暫時離開一下，<txt:bold,2><txt:color,orange>珍妮</txt:bold></txt:color>跟我可是同隊的。","Разумеется. Мы с <txt:bold,2><txt:color,orange>Дженни</txt:bold></txt:color> в одной команде, но она отошла по делам.","Mestilah. Dia tak ada sekarang, tapi aku dan <txt:bold,2><txt:color,orange>Jenny</txt:bold></txt:color> satu pasukan.","Tất nhiên rồi. Hiện cô ấy không có ở đây, nhưng <txt:bold,2><txt:color,orange>Jenny</txt:bold></txt:color> và tôi là đồng đội mà.","Claro. Ahora está fuera un momento, pero <txt:bold,2><txt:color,orange>Jenny</txt:bold></txt:color> y yo somos del mismo equipo.","Tentu saja. Meski saat ini dia sedang pergi, namun <txt:bold,2><txt:color,orange>Jenny</txt:bold></txt:color> itu satu tim denganku.","แน่นอนสิ ถึงตอนนี้เธอจะไม่อยู่ชั่วคราว แต่ฉันเป็นทีมเดียวกับ<txt:bold,2><txt:color,orange>เจนนี่</txt:bold></txt:color>นะ","Claro! Agora a <txt:bold,2><txt:color,orange>Jenny</txt:bold></txt:color> não tá aqui, mas somos da mesma equipe."
,,,엘리오,,1_기본,,,"단, 지금은 안 돼. <wrt:wait,30>너무 이목이 쏠려 있으니까.","But not now. <wrt:wait,30>There’s too much attention on us.","ただ、今はダメだ。<wrt:wait,30>さっきの試合で注目を浴びすぎた。","不过，现在不行。<wrt:wait,30>现在太引人注目了。","不過，現在不行。<wrt:wait,30>太引人注目了。","Поэтому прямо сейчас не получится. <wrt:wait,30>К тому же на нас тут все смотрят.","Tapi bukan sekarang. <wrt:wait,30>Terlalu ramai perhati.","Nhưng không phải bây giờ. <wrt:wait,30>Quá nhiều sự chú ý rồi.","Eso sí, ahora no será posible. <wrt:wait,30>Hay demasiada atención sobre nosotros.","Tapi, tidak bisa langsung sekarang. <wrt:wait,30>Karena saat ini kita terlalu menonjol.","แต่ยังไม่ใช่ตอนนี้ <wrt:wait,30>เพราะมีสายตาจับจ้องมากเกินไป","Mas agora não dá. <wrt:wait,30>Tem muita gente olhando."
,,,엘리오,,1_기본,,,"잠깐 흩어진 다음, 조금 있다 저쪽 골목으로 와. 내가 먼저 가 있을게. <wrt:break><txt:bold,2><txt:color,orange>제니</txt:bold></txt:color>를 데리고 나갈 방법도—","Let’s split up and meet up at that alleyway. I’ll go first. I also know how to take <wrt:break><txt:bold,2><txt:color,orange>Jenny</txt:bold></txt:color> and leave—","解散した後、しばらくして、あっちの路地に来て。僕が先に行って待っているから。<wrt:break><txt:bold,2><txt:color,orange>ジェニー</txt:bold></txt:color>を連れ出す方法も—","我们先分开，过一会儿到那边的小巷子里碰头。我会先过去。<wrt:break>带<txt:bold,2><txt:color,orange>珍妮</txt:bold></txt:color>离开的方法也——","我們先分開，等等你到那邊小巷來找我。我先過去等你。<wrt:break>帶<txt:bold,2><txt:color,orange>珍妮</txt:bold></txt:color>出去的辦法也...","Предлагаю ненадолго разойтись. Чуть попозже подходи вон к тому переулку. А я пока подумаю, как привести туда <wrt:break><txt:bold,2><txt:color,orange>Дженни</txt:bold></txt:color>...","Kita berpecah, jumpa kat lorong belakang. Aku pergi dulu. Aku juga tahu cara nak bawa <wrt:break><txt:bold,2><txt:color,orange>Jenny</txt:bold></txt:color> keluar—","Chúng ta hãy tản ra một lúc, rồi đến con hẻm đằng kia. Tôi sẽ đến đó trước. <wrt:break>Tôi còn biết cách đưa <txt:bold,2><txt:color,orange>Jenny</txt:bold></txt:color> ra ngoài...","Separémonos un rato y luego vayan por ese callejón. Los estaré esperando allí. Tengo una forma de sacar a <wrt:break><txt:bold,2><txt:color,orange>Jenny</txt:bold></txt:color> de aquí.","Mari kita berpisah sebentar, setelah sesaat coba ke lorong disebelah sana. Aku akan menunggumu disana. <wrt:break>Dan mencari cara untuk mengeluarkan <txt:bold,2><txt:color,orange>Jenny</txt:bold></txt:color> dari—","เราแยกกันก่อน แล้วอีกเดี๋ยวค่อยไปเจอกันตรงซอกทางโน้นนะ ฉันจะล่วงหน้าไปก่อน <wrt:break>แล้วก็วิธีพา<txt:bold,2><txt:color,orange>เจนนี่</txt:bold></txt:color>ออกไปน่ะ—","Vamos nos separar um pouco e, mais tarde, vem até o beco. Eu vou na frente. Vou arranjar um jeito de levar a <wrt:break><txt:bold,2><txt:color,orange>Jenny</txt:bold></txt:color>..."
,,,TAG,,,,,"<cha:pos,카를라,1>","<cha:pos,카를라,1>","<cha:pos,카를라,1>","<cha:pos,카를라,1>","<cha:pos,카를라,1>","<cha:pos,카를라,1>","<cha:pos,카를라,1>","<cha:pos,카를라,1>","<cha:pos,카를라,1>","<cha:pos,카를라,1>","<cha:pos,카를라,1>","<cha:pos,카를라,1>"
,,,카를라,,,,,"<scr:name,???>엘리오 씨.","<scr:name,???>Mr. Ellio.","<scr:name,???>エリオさん。","<scr:name,???>埃利奥先生。","<scr:name,???>埃利奧。","<scr:name,???>Эллио.","<scr:name,???>En Ellio.","<scr:name,???>Ellio!","<scr:name,???>Ellio.","<scr:name,???>Ellio.","<scr:name,???>คุณเอลิโอ","<scr:name,???>Ellio."
,,,카를라,,,,,"<scr:name,???>그건 계약 위반이랍니다?","<scr:name,???>Must I remind you that would be a breach of contract?","<scr:name,???>それは契約違反ですよ？","<scr:name,???>那可是违反合同的哦？","<scr:name,???>那可是違約的喔？","<scr:name,???>Это, между прочим, уже нарушение контракта.","<scr:name,???>Nak ingatkan, itu melanggar kontrak.","<scr:name,???>Đó là vi phạm hợp đồng đấy!","<scr:name,???>Eso violaría el contrato, ¿no cree?","<scr:name,???>Bukankah Itu pelanggaran kontrak?","<scr:name,???>นั่นคือการละเมิดสัญญาไม่ใช่เหรอคะ?","<scr:name,???>Isso seria uma violação do contrato."
6,경기 전,#,MAP,,,,,팬텀리그_내부,팬텀리그_내부,팬텀리그_내부,팬텀리그_내부,팬텀리그_내부,팬텀리그_내부,팬텀리그_내부,팬텀리그_내부,팬텀리그_내부,팬텀리그_내부,팬텀리그_내부,팬텀리그_내부
,,#,BGM,,,,,BGM_CARLA_TRAP,BGM_CARLA_TRAP,BGM_CARLA_TRAP,BGM_CARLA_TRAP,BGM_CARLA_TRAP,BGM_CARLA_TRAP,BGM_CARLA_TRAP,BGM_CARLA_TRAP,BGM_CARLA_TRAP,BGM_CARLA_TRAP,BGM_CARLA_TRAP,BGM_CARLA_TRAP
,,#,백시우,-1,-1_엥,,,,,,,,,,,,,,
,,#,정다희,-2,-4_경계,,,,,,,,,,,,,,
,,#,라울,4,1_기본,,,,,,,,,,,,,,
,,#,엘리오,2,1_기본,,,,,,,,,,,,,,
,,#,카를라,1,1_기본,,,,,,,,,,,,,,
,,,카를라,,1_기본,,,"<scr:name,???>재능 있는 선수는 직접 보고 싶었어요.","<scr:name,???>I wanted to see the player with so much potential.","<scr:name,???>才能ある選手は、直接この目で見てみたかったんです。","<scr:name,???>我一直很想亲眼见识一下有天赋的选手。","<scr:name,???>我想親眼見識一下有天賦的選手。","<scr:name,???>Хочу лично посмотреть на такого талантливого игрока.","<scr:name,???>Saya memang ingin bertemu sendiri dengan pemain berbakat.","<scr:name,???>Tôi muốn tận mắt thấy một cầu thủ tài năng.","<scr:name,???>Quería ver con mis propios ojos a un jugador con tanto talento.","<scr:name,???>Saya datang karena ingin lihat langsung atlet yang berbakat.","<scr:name,???>ฉันอยากมาเห็นนักกีฬาที่มีพรสวรรค์ด้วยตัวเองน่ะค่ะ","<scr:name,???>Eu tava ansiosa pra ver os jogadores habilidosos de perto."
,,,카를라,,1_무서움,,,"<scr:name,???><txt:bold,2><txt:color,orange>마윤석</txt:bold></txt:color> 씨는 말할 것도 없고, <txt:bold,2><txt:color,orange>엘리오</txt:bold></txt:color> 씨마저 이기다니. 흥미롭네요.","<scr:name,???>It’s quite interesting that you beat <txt:bold,2><txt:color,orange>Mr. Yoonseok</txt:bold></txt:color> and even <txt:bold,2><txt:color,orange>Mr. Ellio</txt:bold></txt:color>.","<scr:name,???><txt:bold,2><txt:color,orange>伊藤忠英</txt:bold></txt:color>さんは言うまでもなく、<txt:bold,2><txt:color,orange>エリオ</txt:bold></txt:color>さんまで倒すなんて。興味深いですね。","<scr:name,???><txt:bold,2><txt:color,orange>马允硕</txt:bold></txt:color>先生自不必说，您居然连<txt:bold,2><txt:color,orange>埃利奥</txt:bold></txt:color>先生都赢了，这可真让我开了眼界。","<scr:name,???><txt:bold,2><txt:color,orange>馬允碩</txt:bold></txt:color>先生就不用說了，竟然連<txt:bold,2><txt:color,orange>埃利奧</txt:bold></txt:color>先生都輸給您，真是有趣呢。","<scr:name,???>Победить не только <txt:bold,2><txt:color,orange>Ма Юнсока</txt:bold></txt:color>, но и <txt:bold,2><txt:color,orange>Эллио</txt:bold></txt:color>... Это впечатляет.","<scr:name,???>Bukan setakat <txt:bold,2><txt:color,orange>Encik Yoonseok</txt:bold></txt:color>, malah <txt:bold,2><txt:color,orange>Encik Ellio</txt:bold></txt:color> pun awak kalahkan. Menarik sekali.","<scr:name,???><txt:bold,2><txt:color,orange>Ma Yoonseok</txt:bold></txt:color> thì khỏi phải tranh cãi, ngay cả <txt:bold,2><txt:color,orange>Ellio</txt:bold></txt:color> cũng bị đánh bại, thật thú vị.","Ni hablar de <scr:name,???><txt:bold,2><txt:color,orange>Yunseok</txt:bold></txt:color>, ¡pero hasta logró vencer al mismísimo <txt:bold,2><txt:color,orange>Ellio</txt:bold></txt:color>! Es interesante.","<scr:name,???>Bukan cuma <txt:bold,2><txt:color,orange>Yunseok Ma</txt:bold></txt:color>, Anda bahkan mengalahkan <txt:bold,2><txt:color,orange>Ellio</txt:bold></txt:color>. Menarik sekali.","นอกจากคุณ<scr:name,???><txt:bold,2><txt:color,orange>มายุนซอก</txt:bold></txt:color>แล้ว ยังชนะคุณ<txt:bold,2><txt:color,orange>เอลิโอ</txt:bold></txt:color>ได้ด้วย น่าสนใจดีนะคะ","<scr:name,???>Não só o <txt:bold,2><txt:color,orange>Yunseok Ma</txt:bold></txt:color>, mas até o <txt:bold,2><txt:color,orange>Ellio</txt:bold></txt:color> foi derrotado. Que interessante..."
,,,정다희,,-1_언짢,pause,quest,"누구, <wrt:wait,30>시죠‥?","Who... <wrt:wait,30>are you?","どなた<wrt:wait,30>ですか...？","请问，<wrt:wait,30>您是......？","請問<wrt:wait,30>您是...？","Эм... <wrt:wait,30>А вы кто?","Siapa... <wrt:wait,30>awak?","Xin lỗi, <wrt:wait,30>cô là ai...?","Tú... <wrt:wait,30>¿cómo te llamas?","Siapa, <wrt:wait,30>Anda...?","ใคร<wrt:wait,30>เหรอคะ...?","Quem é... <wrt:wait,30>você?"
,,,카를라,,1_미소,,,"참, 인사가 늦었네요. 저는 이곳 <txt:bold,2>팬텀 리그</txt:bold>를 운영하는 협회장, <txt:bold,2><txt:color,orange>카를라</txt:bold></txt:color>라고 해요.","Oh, where are my manners. I am <txt:bold,2><txt:color,orange>Carla</txt:bold></txt:color>, the head of the association that runs the <txt:bold,2>Phantom League</txt:bold>.","そうですね、挨拶が遅れました。私はここ<txt:bold,2>ファントムリーグ</txt:bold>を運営する協会長の<txt:bold,2><txt:color,orange>カルラ</txt:bold></txt:color>と申します。","哎呀，瞧我这记性，忘了自我介绍了。我是负责运营这个<txt:bold,2>幻影联赛</txt:bold>的会长，<txt:bold,2><txt:color,orange>卡拉</txt:bold></txt:color>。","啊，失禮了。我是經營這個<txt:bold,2>幻影聯賽</txt:bold>的協會會長，<txt:bold,2><txt:color,orange>卡拉</txt:bold></txt:color>。","Ой, забыла представиться. Меня зовут <txt:bold,2><txt:color,orange>Карла</txt:bold></txt:color>, и это я управляю <txt:bold,2>Фантом-лигой</txt:bold>.","Oh, maafkan saya. Saya <txt:bold,2><txt:color,orange>Carla</txt:bold></txt:color>, ketua persatuan <txt:bold,2>Liga Phantom</txt:bold>.","Tôi quên giới thiệu về mình. Tôi là Chủ tịch hiệp hội điều hành <txt:bold,2>Phantom League</txt:bold> này, <txt:bold,2><txt:color,orange>Carla</txt:bold></txt:color>.","Ah, perdón por no presentarme antes. Soy <txt:bold,2><txt:color,orange>Carla</txt:bold></txt:color>, presidenta de la asociación que gestiona esta liga llamada <txt:bold,2>Liga Fantasma</txt:bold>.","Oh, saya lupa memperkenalkan diri. Saya adalah pemimpin asosiasi yang mengoperasikan <txt:bold,2>Liga Phantom</txt:bold> di tempat ini, nama saya adalah <txt:bold,2><txt:color,orange>Carla</txt:bold></txt:color>.","อ้อ ฉันลืมแนะนำตัวไปเลย ฉันชื่อ<txt:bold,2><txt:color,orange>คาร์ลา</txt:bold></txt:color> เป็นนายกสมาคมที่ดูแล<txt:bold,2>แฟนธอมลีก</txt:bold>แห่งนี้ค่ะ","Ah, quase esqueci de me apresentar. Sou <txt:bold,2><txt:color,orange>Carla</txt:bold></txt:color>, presidente da <txt:bold,2>Liga Phantom</txt:bold>."
,,,카를라,,1_기본,,,"반가워요. 그냥 지나치려 했는데, 경기가 꽤 인상적이어서 그만 이야기를 나누고 싶어졌답니다.","It’s a pleasure to meet you. I was minding my own business but, the match was quite impressive and I wanted to stop by and talk with you.",お会いできて嬉しいわ。素通りしようと思ったんですが、試合がとても印象的だったので、思わずお話ししたくなってしまいました。,幸会。本想就此路过，但您的比赛实在太精彩了，忍不住就想跟您聊上几句。,幸會。本想就此路過，但比賽實在太精彩了，忍不住想跟您聊幾句。,"Рада нашему знакомству. Я проходила мимо, и просто не смогла оторвать глаз от твоей игры. Очень впечатляюще.","Gembira jumpa awak. Saya lalu saja tapi perlawanan tadi menarik, jadi saya nak berbual.","Rất vui được gặp. Tôi định đi ngang qua thôi, nhưng trận đấu quá ấn tượng nên tôi muốn nói chuyện.","Encantada de conocerte. Iba a seguir de largo, pero tu partido me pareció tan impresionante que no pude evitar acercarme a hablar.","Senang berkenal dengan Anda. Awalnya saya hanya berniat untuk menonton, tapi saya memutuskan untuk berbicara karena pertandingan Anda yang mengesankan.",ยินดีที่ได้พบนะคะ ฉันกะว่าจะแค่ผ่านไปเฉยๆ แต่การแข่งของคุณน่าประทับใจมาก ก็เลยอยากพูดคุยด้วยน่ะค่ะ,"É um prazer. Eu ia embora, mas o jogo foi tão marcante que decidi conversar."
,,,카를라,,,,,"<txt:bold,2>팬텀 리그</txt:bold> 소속은 아닌 것 같은데, 혹시 어느 팀에 소속된 선수인가요?","You don’t seem to be a member of the <txt:bold,2>Phantom League</txt:bold>. What team are you a part of?","<txt:bold,2>ファントムリーグ</txt:bold>所属ではないようですが、もしかしてどこかのチームに所属している選手ですか？","您似乎并非<txt:bold,2>幻影联赛</txt:bold>的选手，那请问您是哪支队伍的高手呢？","您似乎不隸屬於<txt:bold,2>幻影聯賽</txt:bold>，請問是哪個隊伍的選手呢？","Кажется, ты не наш игрок... За какую команду ты выступаешь?","Awak bukan ahli <txt:bold,2>Liga Phantom</txt:bold> kan. Awak dari pasukan mana?","Có vẻ cậu không thuộc <txt:bold,2>Phantom League</txt:bold>, vậy cậu thuộc đội nào?","No pareces pertenecer a la <txt:bold,2>Liga Fantasma</txt:bold>. ¿A qué equipo representas?","Sepertinya Anda bukan anggota dari <txt:bold,2>Liga Phantom</txt:bold>, apa saya boleh tahu Anda dari klub dimana?","เหมือนคุณไม่ได้อยู่ในสังกัด<txt:bold,2>แฟนธอมลีก</txt:bold>นะคะ คุณเป็นนักกีฬาสังกัดทีมไหนเหรอคะ?","Pelo visto, você não é da <txt:bold,2>Liga Phantom</txt:bold>. De qual time você é?"
,,,백시우,,-1_무표정,pause,,"‥저는 아직 학생이에요. 배구는, <wrt:wait,30>그저 취미로 하는 정도고요.","I’m still a student. Volleyball is more of a... <wrt:wait,30>hobby.","...俺はまだ学生です。バレーは、<wrt:wait,30>ただの趣味程度ですけど。","......我还是个学生。排球嘛，<wrt:wait,30>只是我的爱好。","...我還是個學生。排球<wrt:wait,30>只是我業餘的興趣而已。","Я пока еще школьник...<wrt:wait,30>Волейбол — просто мое хобби.","Saya masih pelajar. Bola tampar ni... <wrt:wait,30>hobi je.","Tôi vẫn còn là học sinh. Bóng chuyền... <wrt:wait,30>tôi chỉ chơi như một sở thích.","Todavía soy estudiante. El voleibol es... <wrt:wait,30>solo un pasatiempo para mí.","...Saya masih pelajar. Saya hanya bermain bola voli, <wrt:wait,30>sebagai hobi saja.","...ผมยังเป็นนักเรียนอยู่น่ะครับ ส่วนวอลเลย์บอล<wrt:wait,30>ก็แค่เล่นเป็นงานอดิเรก","Eu ainda sou estudante. <wrt:wait,30>O vôlei é apenas um hobby pra mim."
,,,카를라,,1_기본,,,"어머, 취미라니.","Oh, a hobby you say?",まあ、趣味だなんて。,哎呀，只是爱好吗？,哎呀，只是興趣啊。,Хобби? Неожиданно.,"Oh, hobi ya?","Ôi, sở thích sao?","¿Un pasatiempo, dices?","Wahh, hobi, Anda bilang.",อุ๊ยตาย งานอดิเรกงั้นเหรอ,"Nossa, um hobby?"
,,,카를라,,1_딴청,,,그건 좀 의외군요. 이렇게 멋진 재능을 가진 분이 취미로만 배구를 하고 있다니. 안타까워라.,That is quite odd. Someone with such potential only playing volleyball as a hobby. What a pity.,それは少し意外ですわ。こんな素晴らしい才能を持った方が趣味だけでバレーをしているなんて、もったいない。,这可真让人意外。拥有如此天赋的人，居然只是当个爱好，真是可惜啊。,這倒是讓我有些意外呢。擁有如此出色才能的人，竟然只把排球當興趣。真是可惜啊。,"Как жаль, что с такими способностями, у тебя нет профессиональных амбиций.",Pelik juga. Bakat besar tapi main sekadar hobi. Sayang sekali.,Thật bất ngờ. Một người tài năng như cậu mà chỉ chơi bóng chuyền như sở thích. Thật đáng tiếc.,Qué sorpresa. Que alguien con un talento tan increíble juegue solo por afición... es una lástima.,Saya agak terkejut. Bermain bola voli hanya sebagai hobi dengan bakat seperti ini. Sayang sekali.,ผิดคาดนิดหน่อยนะคะ คนที่มีพรสวรรค์ยอดเยี่ยมขนาดนี้กลับเล่นวอลเลย์บอลแค่เป็นงานอดิเรก น่าเสียดายจังค่ะ,"Que interessante! Alguém com esse talento jogando vôlei só por hobby, que pena."
,,,백시우,,-1_무표정,pause,,‥감사합니다.,...Thank you?,...ありがとうございます。,......谢谢夸奖。,...謝謝誇獎。,Э-э... Спасибо.,... Terima kasih?,Cảm ơn cô...,Gracias.,...Terima kasih.,...ขอบคุณที่ชมครับ,Obrigado...
,,,TAG,,,,,"<cha:pos,엘리오,3>","<cha:pos,엘리오,3>","<cha:pos,엘리오,3>","<cha:pos,엘리오,3>","<cha:pos,엘리오,3>","<cha:pos,엘리오,3>","<cha:pos,앨리오,3>","<cha:pos,엘리오,3>","<cha:pos,엘리오,3>","<cha:pos,엘리오,3>","<cha:pos,엘리오,3>","<cha:pos,엘리오,3>"
,,,카를라,,1_미소,,,별말씀을요. ,You’re welcome.,いえいえ、正直に言ったまでです。,您太客气了。,別客氣。,Не стоит.,Sama-sama.,Không có gì.,No hay de qué.,Sama-sama.,ไม่หรอกค่ะ,Imagina!
,,,카를라,,1_기본,,,"그보다, <txt:bold,2><txt:color,orange>엘리오</txt:bold></txt:color> 씨.","More importantly, <txt:bold,2><txt:color,orange>Mr. Ellio</txt:bold></txt:color>.","それより、<txt:bold,2><txt:color,orange>エリオ</txt:bold></txt:color>さん。","话说回来，<txt:bold,2><txt:color,orange>埃利奥</txt:bold></txt:color>先生。","話說回來，<txt:bold,2><txt:color,orange>埃利奧</txt:bold></txt:color>先生。","Кстати, <txt:bold,2><txt:color,orange>Эллио</txt:bold></txt:color>.","Lebih penting, <txt:bold,2><txt:color,orange>En Ellio</txt:bold></txt:color>...","Nhân tiện, <txt:bold,2><txt:color,orange>Ellio</txt:bold></txt:color>.","Pero, <txt:bold,2><txt:color,orange>Ellio</txt:bold></txt:color>.","Daripada itu, <txt:bold,2><txt:color,orange>Ellio</txt:bold></txt:color>.","ว่าแต่คุณ<txt:bold,2><txt:color,orange>เอลิโอ</txt:bold></txt:color>คะ","A propósito, <txt:bold,2><txt:color,orange>Ellio</txt:bold></txt:color>."
,,,카를라,,1_무서움,,,대화 중에 어딜 가시려는 거죠?,Where are you trying to go during our conversation?,人が話してるのに、どこへ行こうとしてるんです？,咱们正聊着呢，您这是要去哪儿啊？,我們還在談話，您這是要去哪裡呢？,Куда это ты собрался посреди разговора?,Nak ke mana semasa kami berbual?,Cậu định đi đâu trong khi đang nói chuyện vậy?,¿Adónde piensa ir en medio de una conversación?,Mengapa Anda terburu-buru untuk pergi di tengah pembicaraan?,เรากำลังคุยกันอยู่แท้ๆ คุณจะไปไหนเหรอคะ?,Onde você pensa que vai enquanto ainda estamos conversando?
,,,엘리오,,1_미소,,,‥,...,...,...,...,...,...,...,...,...,...,...
,,,TAG,,,,,"<cha:pos,엘리오,2>","<cha:pos,엘리오,2>","<cha:pos,엘리오,2>","<cha:pos,엘리오,2>","<cha:pos,엘리오,2>","<cha:pos,엘리오,2>","<cha:pos,앨리오,2>","<cha:pos,엘리오,2>","<cha:pos,엘리오,2>","<cha:pos,엘리오,2>","<cha:pos,엘리오,2>","<cha:pos,엘리오,2>"
,,,엘리오,,1_미소,,,네? 전 그냥 다음 시합 준비하러 가려던 참이었을 뿐인 걸요?,Me? I was just going to prepare for my next match.,え？僕はただ次の試合の準備をしに行こうとしていただけですよ？,嗯？我......我只是正准备去为下一场比赛热热身罢了。,怎麼了？我正打算去準備下一場比賽而已。,Я? Думал пойти готовиться к следующей игре.,Saya? Saya nak bersedia untuk perlawanan seterusnya.,Sao? Tôi chỉ định đi chuẩn bị cho trận đấu tiếp theo thôi.,¿Eh? Solo iba a prepararme para el siguiente partido.,Iya? Saya hanya ingin bersiap-siap untuk pertandingan berikutnya.,ครับ? ผมก็แค่กำลังจะไปเตรียมการแข่งรอบต่อไปเองครับ,Hã? Eu só tava indo me preparar pro próximo jogo.
,,,카를라,,1_무서움,,,"후후후, 여전히 능청스럽군요. 할 얘기가 있어요. <txt:bold,2>잠깐 귀를 빌려주시겠어요?","Hohoho, I see you're still quite the clever talker. <txt:bold,2>May I have a moment of your time?","フフフ、相変わらず口がうまいですね。話があります。<txt:bold,2>少しお耳を拝借してもよろしいですか。","呵呵呵，还是这么油嘴滑舌的。我有些话想单独跟您谈谈。<txt:bold,2>能赏脸借一步说话吗？","呵呵呵，還是這麼會裝傻。我有話跟您說。<txt:bold,2>可以借一步說話嗎？","Ха-ха, ах ты хитрец. Нам нужно поговорить.<txt:bold,2>Отойдем на минутку?","Hohoho, masih pandai berdalih. <txt:bold,2>Boleh saya cakap sekejap?","Haha, cậu vẫn giỏi giả bộ như mọi khi. Tôi có chuyện muốn nói. <txt:bold,2>Cậu có thể nghe tôi một chút không?","Jajaja, tan astuto como siempre. Tengo algo que decirle. <txt:bold,2>¿Podría prestarme un momento su atención?","Huhuhu, sangat cerdik seperti biasanya. Ada yang ingin saya bicarakan pada Anda. <txt:bold,2>Apa boleh?","หึหึ ตีหน้าซื่อเก่งเหมือนเดิมเลยนะคะ ฉันมีเรื่องจะพูดด้วยค่ะ <txt:bold,2>ช่วยอยู่ฟังฉันสักครู่ได้ไหมคะ?","Hahaha, você continua sendo cara de pau. Enfim, tenho algo pra dizer.<txt:bold,2>Tem um minutinho?"
,,,엘리오,,1_기본,,silent ,‥,...,...,...,...,...,...,...,...,...,...,...
,,,카를라,,1_미소,,,‥,...,...,...,...,...,...,...,...,...,...,...
,,,백시우,,-1_엥,,,"다희야. 저 둘, 무슨 얘기 중인 걸까?","Dahee, what do you think they’re talking about?",夏希。あの二人、何の話をしてるのかな？,多熙啊。那两个人，嘀嘀咕咕地在聊些什么呢？,多熙。他們兩個在談些什麼啊？,"Дахи, как думаешь, о чем они шепчутся?","Dahee, agaknya apa yang mereka bincang?","Dahee à, hai người đó đang nói chuyện gì vậy nhỉ?","Dahee, ¿de qué estarán hablando esos dos?",Dahee. Apa yang sedang mereka bicarakan berdua ya?,ดาฮี สองคนนั้นกำลังคุยอะไรกันนะ?,"Dahee, o que será que aqueles dois estão conversando?"
,,,정다희,,-1_언짢,,,"글쎄. 그런데‥ <wrt:wait,30><txt:bold,2><txt:color,orange>엘리오</txt:bold></txt:color>라는 사람, <txt:bold,2>표정이 좀 굳은 것 같아.","I’m not sure but... <wrt:wait,30>that person called <txt:bold,2><txt:color,orange>Ellio</txt:bold></txt:color>’s expression doesn’t seem like it’s good news.","さあね。でも...あの<wrt:wait,30><txt:bold,2><txt:color,orange>エリオ</txt:bold></txt:color>って人、<txt:bold,2>表情が少しこわばったような？","我也不知道。不过......<wrt:wait,30><txt:bold,2><txt:color,orange>埃利奥</txt:bold></txt:color>那家伙，<txt:bold,2>脸色好像不太对劲啊。","不知道耶。不過... <wrt:wait,30>那個叫<txt:bold,2><txt:color,orange>埃利奧</txt:bold></txt:color>的人，<txt:bold,2>表情好像有點僵硬。","Даже не знаю... <wrt:wait,30><txt:bold,2><txt:color,orange>Эллио</txt:bold></txt:color> как будто <txt:bold,2>весь скован.","Tak pasti... <wrt:wait,30>Tapi air muka <txt:bold,2><txt:color,orange>Ellio</txt:bold></txt:color> macam berubah tegang.","Không biết nữa. Nhưng... <wrt:wait,30><txt:bold,2><txt:color,orange>Ellio</txt:bold></txt:color> <txt:bold,2>có vẻ như đang căng thẳng.","No lo sé... pero creo que la <txt:bold,2>expresión de ese tal <wrt:wait,30><txt:bold,2><txt:color,orange>Ellio</txt:bold></txt:color> está algo tensa.","Tidak tahu. Namun... <wrt:wait,30><txt:bold,2><txt:color,orange>Ellio</txt:bold></txt:color>, <txt:bold,2>raut wajahnya menjadi agak muram.","ไม่รู้สิ แต่ว่า... คนที่ชื่อ<wrt:wait,30><txt:bold,2><txt:color,orange>เอลิโอ</txt:bold></txt:color>นั่นน่ะ <txt:bold,2>สีหน้าเคร่งเครียดอยู่นะ","Não sei, mas... <wrt:wait,30>o <txt:bold,2><txt:color,orange>Ellio</txt:bold></txt:color> <txt:bold,2>tá com uma cara meio fechada."
,,,엘리오,,1_진지,pause,,"<txt:size,-1>‥알겠어. 그렇게 전달할게.","<txt:size,-1>...Okay. I’ll relay it that way.","<txt:size,-1>...わかった、そう伝える。","<txt:size,-1>......我明白了。我会照您说的转告她。","<txt:size,-1>...我知道了，我會轉達的。","<txt:size,-1>...Да, понял. Все передам.","<txt:size,-1>...Okay. Saya sampaikan begitu.","<txt:size,-1>Tôi hiểu rồi... Tôi sẽ truyền đạt lại như vậy.","<txt:size,-1>Entiendo... Se lo comunicaré así.","<txt:size,-1>...Baiklah. Aku akan sampaikan seperti itu.","<txt:size,-1>...เข้าใจแล้ว ผมจะบอกแบบนั้น","<txt:size,-1>Entendi... vou falar pra eles."
,,,카를라,,1_기본,,,고마워요. 잘 부탁드릴게요.,Thank you. Please take good care of this matter.,ありがとう。よろしく頼むわ。,多谢。那就拜托您费心了。,謝謝。那就麻煩您了。,Спасибо. Давай.,Terima kasih. Tolong uruskan perkara ini.,Cảm ơn cậu. Trông cậy vào cậu đấy!,Gracias. Cuento contigo.,Terima kasih. Saya mohon bantuan Anda ya.,ขอบคุณค่ะ ฝากด้วยนะคะ,Obrigada. Conto com você.
,,,TAG,,,,,"<cha:pos,엘리오,4>","<cha:pos,엘리오,4>","<cha:pos,엘리오,4>","<cha:pos,엘리오,4>","<cha:pos,엘리오,4>","<cha:pos,엘리오,4>","<cha:pos,앨리오,4>","<cha:pos,엘리오,4>","<cha:pos,엘리오,4>","<cha:pos,엘리오,4>","<cha:pos,엘리오,4>","<cha:pos,엘리오,4>"
,,,카를라,,1_기본,,,"그럼 다시 얘기해볼까요? 이름이‥ 분명 <wrt:wait,30><txt:bold,2><txt:color,orange>백시우</txt:bold></txt:color>였죠?","Now, shall we get back to our conversation? Your name... it was <wrt:wait,30><txt:bold,2><txt:color,orange>Siwoo Baek</txt:bold></txt:color>, right?","それでは改めてお話ししましょうか？お名前は...確か<wrt:wait,30><txt:bold,2><txt:color,orange>白井新</txt:bold></txt:color>でしたよね？","那么，我们继续刚才的话题吧？您的名字......是<wrt:wait,30><txt:bold,2><txt:color,orange>白时宇</txt:bold></txt:color>，对吧？","那我們繼續談談吧？您的名字...沒錯的話是叫<wrt:wait,30><txt:bold,2><txt:color,orange>白時宇</txt:bold></txt:color>對吧？","Вернемся к разговору? Тебя же зовут... <wrt:wait,30><txt:bold,2><txt:color,orange>Бэк Шиу</txt:bold></txt:color>, верно?","Sekarang, sambung perbualan kita? Nama awak... <wrt:wait,30><txt:bold,2><txt:color,orange>Siwoo Baek</txt:bold></txt:color>, betul?","Vậy chúng ta nói chuyện tiếp nhé? Tên cậu là... <wrt:wait,30><txt:bold,2><txt:color,orange>Baek Siwoo</txt:bold></txt:color> phải không?","Entonces, ¿podemos continuar? Tu nombre era... si no me equivoco, <wrt:wait,30><txt:bold,2><txt:color,orange>Siwoo</txt:bold></txt:color>, ¿verdad?","Kalau begitu mari kita lanjutkan pembicaraan kita. Kalau tidak salah nama Anda itu... <wrt:wait,30><txt:bold,2><txt:color,orange>Siwoo Baek</txt:bold></txt:color> kan?","ถ้างั้นเรามาคุยกันต่อไหมคะ? คุณชื่อ... <wrt:wait,30><txt:bold,2><txt:color,orange>แบคชีอู</txt:bold></txt:color>ใช่ไหมคะ?","Então, podemos voltar à conversa? Seu nome era... <wrt:wait,30><txt:bold,2><txt:color,orange>Siwoo Baek</txt:bold></txt:color>, certo?"
,,,정다희,,-1_경계,pause,quest,시우의 이름을 어떻게‥?,How did you know Siwoo’s name...?,どうして新の名前を...？,您怎么会知道白时宇的名字......？,妳怎麼會知道時宇的名字...？,Как вы узнали...?,Macam mana awak tahu nama Siwoo...?,Làm sao cô biết tên Siwoo...?,¿Cómo sabes el nombre de Siwoo?,Bagaimana bisa Anda mengetahui nama Siwoo...?,รู้ชื่อของชีอูได้ยังไงกัน...?,Como você sabe o nome do Siwoo?
,,,카를라,,1_기본,,,일단 여러분은 외부인이니까요. 이곳에선 외부인이 들어오면 저에게 보고하는 게 규칙이랍니다.,"You see, you're all visitors of our establishment. Our policy requires that I be informed whenever outsiders enter this place.",まずはあなた方は外部の方ですから。ここでは外部の方が入ってきたら私に報告するのがルールなんですよ。,毕竟各位是外来客嘛。在这里，有外人进来都要向我报告的。,畢竟你們是外部人士。這裡有規定，任何外部人士進入時都必須向我通報。,Ты же не из лиги. А обо всех посторонних сразу сообщают мне — это наше правило.,Awak semua tetamu kami. Polisi kami: saya mesti tahu jika ada orang luar masuk.,Dù sao các cậu cũng là người ngoài. Ở đây có quy định là phải báo cáo với tôi khi có người ngoài vào.,"Bueno, al ser forasteros, lo normal aquí es que me lo informen. Es la regla.","Karena Anda berdua itu orang luar. Disini setiap ada orang luar yang datang, maka akan selalu dilaporkan kepada saya.",เพราะพวกคุณเป็นคนนอกไงคะ กฎของที่นี่ก็คือถ้ามีคนนอกเข้ามา ต้องมีการรายงานให้ฉันทราบน่ะค่ะ,"Vocês são de fora. Aqui, a regra é me avisarem sempre que chega alguém de fora."
,,,카를라,,1_미소,,,"불쾌하셨다면 미안해요. 대신이라고 하기엔 그렇지만, <wrt:break><txt:bold,2>분명, <txt:color,orange>제니</txt:color> 씨를 데리고 나가고 싶다고 했죠?","I apologize if this caused any discomfort. But, correct me if I’m wrong- <wrt:break><txt:bold,2>you did say you wanted to take <txt:color,orange>Ms. Jenny</txt:color> out of here, correct?","不快に思われたなら申し訳ありません。代わりと言ってはなんですが、<wrt:break><txt:bold,2>確か、<txt:color,orange>ジェニー</txt:color>さんを連れ出したいと言っていましたよね？","如果因此让您感到不快，我深感抱歉。虽说算不上补偿，<wrt:break><txt:bold,2>但我记得您刚才确实说过，想带<txt:color,orange>珍妮</txt:color>小姐离开，没错吧？","如果冒犯了，我很抱歉。雖說不成敬意，<wrt:break><txt:bold,2>但您剛才說，想帶<txt:color,orange>珍妮</txt:color>小姐離開，對吧？","Надеюсь, ты не обиделся. Но вернемся к делу. Я так понимаю,<wrt:break><txt:bold,2>вы хотите забрать с собой <txt:color,orange>Дженни</txt:color>?","Maaf kalau awak rasa tak selesa. Ini mungkin tak cukup untuk menebusnya, tapi... <wrt:break><txt:bold,2>awak kata nak bawa <txt:color,orange>Cik Jenny</txt:color> keluar, kan?","Nếu cậu khó chịu thì tôi xin lỗi. Không biết thế này có bù đắp được không, nhưng <wrt:break><txt:bold,2>cậu đã nói là muốn đưa <txt:color,orange>Jenny</txt:color> ra khỏi đây, đúng không?","Si eso te incomodó, lo siento. No es una excusa, pero... <wrt:break><txt:bold,2>dijiste que querías llevarte a <txt:color,orange>Jenny</txt:color>, ¿no?","Saya minta maaf kalau hal itu membuat Anda tidak nyaman. Meski tidak bisa dibilang sebagai gantinya,<wrt:break><txt:bold,2>namun kalau tidak salah Anda bilang ingin mengajak <txt:color,orange>Jenny</txt:color> untuk keluar dari sini kan?","ขอโทษนะคะถ้าทำให้คุณไม่พอใจ มันคงจะเรียกว่าการทดแทนไม่ได้ <wrt:break><txt:bold,2>แต่ฉันได้ยินว่าคุณอยากพาคุณ<txt:color,orange>เจนนี่</txt:color>ออกไปใช่ไหมคะ?","Peço desculpas se te incomodei. <wrt:break><txt:bold,2>Você disse que queria levar a <txt:color,orange>Jenny</txt:color>, certo?"
,,,백시우,,-2_놀람,,,"<txt:shake,1>‥<wrt:wait,30><wrt:delay,1>맞아요!","<txt:shake,1>...<wrt:wait,30><wrt:delay,1>Yeah!","<txt:shake,1>...<wrt:wait,30><wrt:delay,1>そうです！","<txt:shake,1>......<wrt:wait,30><wrt:delay,1>没错！","<txt:shake,1>...<wrt:wait,30><wrt:delay,1>沒錯！","<txt:shake,1>...<wrt:wait,30><wrt:delay,1>Да, хотим!","<txt:shake,1>...<wrt:wait,30><wrt:delay,1>Ya!","<txt:shake,1>...<wrt:wait,30><wrt:delay,1>Đúng vậy!","<txt:shake,1>...<wrt:wait,30><wrt:delay,1>¡Sí!","<txt:shake,1>...<wrt:wait,30><wrt:delay,1>Iya benar!","<txt:shake,1>...<wrt:wait,30><wrt:delay,1>ใช่ครับ!","<txt:shake,1><wrt:wait,30><wrt:delay,1>Isso mesmo..."
,,,카를라,,1_미소,,,"<txt:bold,2>팬텀 리그</txt:bold>에 대한 소문을 들었을 텐데도 그런 상황에서도 친구를 구하러 오다니.","You came to save your friend even after hearing about the rumors of the <txt:bold,2>Phantom League</txt:bold>.","<txt:bold,2>ファントムリーグ</txt:bold>についての噂を聞いていたはずなのに、そんな状況でも友達を助けに来るなんて。","明明听说了<txt:bold,2>幻影联赛</txt:bold>那些骇人听闻的传言，却还是在这种情况下义无反顾地赶来救朋友。","明明聽說過<txt:bold,2>幻影聯賽</txt:bold>的傳聞，卻還是為了救朋友而來。","Вы пришли за подругой несмотря на темные слухи о <txt:bold,2>Фантом-лиге</txt:bold>.","Awak datang selamatkan kawan walau dah dengar khabar angin pasal <txt:bold,2>Liga Phantom</txt:bold>.","Dù đã nghe tin đồn về <txt:bold,2>Phantom League</txt:bold> nhưng cậu vẫn đến cứu bạn.","A pesar de los rumores sobre la <txt:bold,2>Liga Fantasma</txt:bold>, viniste a rescatar a tu amiga.","Datang ke <txt:bold,2>Liga Phantom</txt:bold> meski telah mendengar rumor di tempat ini untuk membantu teman.","คุณน่าจะได้ยินข่าวลือเกี่ยวกับ<txt:bold,2>แฟนธอมลีก</txt:bold>แล้วแท้ๆ แต่ก็ยังมาเพื่อช่วยเพื่อนแบบนี้","Você deve ter ouvido os rumores sobre a <txt:bold,2>Liga Phantom</txt:bold> e, mesmo assim, veio salvar a sua amiga."
,,,카를라,,1_기본,,,"<txt:bold,2><txt:color,orange>제니</txt:bold></txt:color> 씨는 좋은 친구를 뒀네요.","<txt:bold,2><txt:color,orange>Ms. Jenny</txt:bold></txt:color> has chosen her friends well.","<txt:bold,2><txt:color,orange>ジェニー</txt:bold></txt:color>さんはいい友達を持ちましたね。","<txt:bold,2><txt:color,orange>珍妮</txt:bold></txt:color>小姐真是三生有幸啊。","<txt:bold,2><txt:color,orange>珍妮</txt:bold></txt:color>小姐真是交了個好朋友呢。","Повезло <txt:bold,2><txt:color,orange>Дженни</txt:bold></txt:color> с такими друзьями.","<txt:bold,2><txt:color,orange>Cik Jenny</txt:bold></txt:color> pandai pilih kawan.","<txt:bold,2><txt:color,orange>Jenny</txt:bold></txt:color> có một người bạn thật tốt.","<txt:bold,2><txt:color,orange>Jenny</txt:bold></txt:color> tiene mucha suerte de tenerte.","Sepertinya <txt:bold,2><txt:color,orange>Jenny</txt:bold></txt:color> mempunyai teman yang baik.","คุณ<txt:bold,2><txt:color,orange>เจนนี่</txt:bold></txt:color>มีเพื่อนที่ดีจริงๆ นะคะ","Parece que a <txt:bold,2><txt:color,orange>Jenny</txt:bold></txt:color> tem um bom amigo."
,,,카를라,,1_무서움,,,"<txt:bold,2>좋아요. 제가 도와드릴게요.","<txt:bold,2>Very well. Let me assist you.","<txt:bold,2>いいでしょう。お手伝いします。","<txt:bold,2>好吧。我来助您一臂之力。","<txt:bold,2>好吧。就讓我來幫您吧。","<txt:bold,2>Хорошо, я помогу вам.","<txt:bold,2>Baiklah. Saya akan bantu.","<txt:bold,2>Được rồi. Tôi sẽ giúp cậu.","<txt:bold,2>Está bien. Te ayudaré.","<txt:bold,2>Baiklah. Saya akan coba bantu.","<txt:bold,2>โอเคค่ะ ฉันจะช่วยเอง","<txt:bold,2>Ótimo, eu vou te ajudar."
,,,백시우,,-2_놀람,,,"<txt:bold,2><txt:shake,1>저, <wrt:wait,30><wrt:delay,1>정말요?!","<txt:bold,2><txt:shake,1>R-<wrt:wait,30><wrt:delay,1>really?!","<txt:bold,2><txt:shake,1>ほ、<wrt:wait,30><wrt:delay,1>本当ですか？！","<txt:bold,2><txt:shake,1>真、<wrt:wait,30><wrt:delay,1>真的吗？！","<txt:bold,2><txt:shake,1>真、<wrt:wait,30><wrt:delay,1>真的嗎？！","<txt:bold,2><txt:shake,1>П-<wrt:wait,30><wrt:delay,1>правда?!","<txt:bold,2><txt:shake,1>B-<wrt:wait,30><wrt:delay,1>betul?!","<txt:bold,2><txt:shake,1>Thật...<wrt:wait,30><wrt:delay,1>thật sao?!","<txt:bold,2><txt:shake,1>¡¿Qué?! <wrt:wait,30><wrt:delay,1>¡¿En serio?!","<txt:bold,2><txt:shake,1>Apa, <wrt:wait,30><wrt:delay,1>Apa benar?!","<txt:bold,2><txt:shake,1>จะ <wrt:wait,30><wrt:delay,1>จริงเหรอครับ?!","<txt:bold,2><txt:shake,1>S-<wrt:wait,30><wrt:delay,1>sério?"
,,,카를라,,1_기본,,,"물론이죠. <txt:bold,2>하지만, 그냥은 어려워요.","Of course. <txt:bold,2>But, there is a catch.","もちろんです。<txt:bold,2>ただし、条件があります。","当然了。<txt:bold,2>但是，天下可没有白吃的午餐。","當然。<txt:bold,2>但天底下沒有白吃的午餐。","Конечно. <txt:bold,2>Но все не так просто.","Ya. <txt:bold,2>Tapi, ada syarat.","Tất nhiên rồi. <txt:bold,2>Nhưng không dễ dàng đâu.","Por supuesto. <txt:bold,2>Pero no será gratis.","Tentu saja. <txt:bold,2>Namun, tidak dengan cuma-cuma.","แน่นอนสิคะ <txt:bold,2>แต่จะให้ช่วยเฉยๆ คงไม่ได้นะคะ","Claro. <txt:bold,2>Mas preciso de algo em troca."
,,,카를라,,1_미소,,,"이곳의 계약이 선수에게 조금 불리한 건 사실이지만, 법적으로 문제가 되진 않거든요.","Although it’s true that the contracts we use here are somewhat unfair to the players, they aren't legally problematic.",ここの契約が選手に少々不利なのは事実ですが、法的には問題ないんです。,这里的合同对选手确实有些苛刻，这是事实，但在法律上并没有问题。,這裡的合約對選手來說確實有些不利，但並沒有違法的問題。,"Условия наших контрактов не самые приятные, но с точки зрения закона — там все чисто.","Walaupun kontrak di sini tak adil, ia tak langgar undang-undang.","Đúng là hợp đồng ở đây hơi bất lợi cho cầu thủ, nhưng về mặt pháp lý thì không có vấn đề gì.","Es cierto que el contrato aquí no favorece mucho a los jugadores, pero no hay nada ilegal.","Meski kontrak disini memang agak merugikan untuk pihak atlet, namun hal tersebut tidak melanggar hukum.",ถึงสัญญาของที่นี่จะไม่ค่อยเป็นธรรมกับนักกีฬาก็จริง แต่มันไม่ได้มีปัญหาทางด้านกฎหมายหรอกค่ะ,"O contrato aqui pode ser um pouco injusto para os jogadores, mas não há questões legais envolvidas."
,,,카를라,,1_미소,,,"무엇보다 중요한 건 <txt:bold,2><txt:color,orange>제니</txt:bold></txt:color> 씨 본인의 의사겠죠? <txt:bold,2>그녀는 분명히 이곳을 떠나고 싶어한다고 했나요?","Above all, what's most important is <txt:bold,2><txt:color,orange>Ms. Jenny</txt:bold></txt:color>’s own wishes, wouldn’t you agree? <txt:bold,2>Did she clearly state that she wanted to leave here?","何より大事なのは<txt:bold,2><txt:color,orange>ジェニー</txt:bold></txt:color>さん本人の意思ですよね？<txt:bold,2>彼女は確かにここを離れたいと言ってましたか？","最重要的，恐怕还是<txt:bold,2><txt:color,orange>珍妮</txt:bold></txt:color>小姐本人的意愿吧？<txt:bold,2>她明确表示过想离开这里吗？","最重要的是<txt:bold,2><txt:color,orange>珍妮</txt:bold></txt:color>小姐本人的意願吧？<txt:bold,2>她明確表示想離開這裡了嗎？","Здесь самое главное — желание самой <txt:bold,2><txt:color,orange>Дженни</txt:bold></txt:color>. <txt:bold,2>Она точно сказала, что хочет уйти?","Yang paling penting ialah kehendak <txt:bold,2><txt:color,orange>Cik Jenny</txt:bold></txt:color>, betul tak? <txt:bold,2>Dia pernah kata dia nak keluar?","Quan trọng nhất là <txt:bold,2><txt:color,orange>Jenny</txt:bold></txt:color> có muốn rời đi hay không? <txt:bold,2>Cô ấy có nói rõ là muốn rời khỏi đây không?","Lo más importante es... la voluntad de <txt:bold,2><txt:color,orange>Jenny</txt:bold></txt:color>, ¿no crees? <txt:bold,2>¿Ella ha dicho claramente que quiere irse?","Dan bukankah yang paling penting itu bagaimana niat dari <txt:bold,2><txt:color,orange>Jenny</txt:bold></txt:color> kan? <txt:bold,2>Apakah dia pernah mengatakan kepada Anda bahwa dia ingin keluar dari tempat ini?","ที่สำคัญกว่านั้นก็คือความคิดเห็นของตัวคุณ<txt:bold,2><txt:color,orange>เจนนี่</txt:bold></txt:color>เองค่ะ <txt:bold,2>เธอเคยบอกว่าอยากออกไปจากที่นี่เหรอคะ?","O que importa realmente é a decisão da <txt:bold,2><txt:color,orange>Jenny</txt:bold></txt:color>, não é? <txt:bold,2>Ela realmente disse que queria deixar este lugar?"
,,,백시우,,-1_시무룩,pause,silent ,그건‥,Well...,それは...,这个......,那個...,Нуу...,Hmm...,Chuyện đó...,Eso...,Itu...,เรื่องนั้น...,Bom...
,,,카를라,,1_기본,,,"<wrt:wait,30>조금은 냉정하게 생각해보셔야 해요. 그렇군요. <wrt:wait,30><txt:bold,2>이건 어때요?","<wrt:wait,30>You need to be more rational. Alright then, <wrt:wait,30><txt:bold,2>how about this?","<wrt:wait,30>少し冷静に考えるべきですね。そうですね。<wrt:wait,30><txt:bold,2>これはどうでしょう？","<wrt:wait,30>您需要稍微冷静地权衡一下。这样吧。<wrt:wait,30><txt:bold,2>那您看这样如何？","<wrt:wait,30>您可能需要客觀的思考一下。我知道了，<wrt:wait,30><txt:bold,2>不然這個提議您考慮一下？","<wrt:wait,30>Вот вам мое предложение.<wrt:wait,30><txt:bold,2>Хорошенько подумайте о нем.","<wrt:wait,30>Fikir logik sikit. <wrt:wait,30><txt:bold,2>Macam ni lah?","<wrt:wait,30>Cậu phải suy nghĩ thực tế một chút. <wrt:wait,30><txt:bold,2>Thế này thì sao?","<wrt:wait,30>Tienes que pensarlo con frialdad. Ya veo. <wrt:wait,30><txt:bold,2>¿Qué tal esto?","<wrt:wait,30>Anda harus berpikir dengan kepala dingin. Hmmm. <wrt:wait,30><txt:bold,2>Bagaimana kalau begini?","<wrt:wait,30>คุณต้องลองคิดอย่างเป็นกลางสักหน่อยนะคะ <wrt:wait,30><txt:bold,2>เอาแบบนี้เป็นไงคะ?","<wrt:wait,30>Você precisa pensar nisso com mais calma. <wrt:wait,30><txt:bold,2>Então, o que acha dessa ideia?"
,,,카를라,,1_제안,,,"<txt:bold,2>시우 씨가 잠시 이곳에서 선수로 뛰는 거예요.","<txt:bold,2>Why don’t you play here for a while, Mr. Siwoo?","<txt:bold,2>新さんが少しの間ここで選手として戦うんです。","<txt:bold,2>白时宇先生暂时屈尊，在这里当一段时间的选手。","<txt:bold,2>時宇先生暫時在這裡當選手。","<txt:bold,2>Шиу, я предлагаю тебе немного поиграть в лиге.","<txt:bold,2>Apa kata En Siwoo bermain di sini sekejap?","<txt:bold,2>Siwoo, cậu hãy thi đấu ở đây một thời gian ngắn.","<txt:bold,2>¿Qué te parece si tú, Siwoo, juegas un tiempo como jugador aquí?","<txt:bold,2>Untuk sementara waktu Siwoo, Anda mencoba bertanding sebagai atlet disini.","<txt:bold,2>คุณชีอูมาเล่นอยู่ที่นี่ในฐานะนักกีฬาชั่วคราวสิคะ","<txt:bold,2>Que tal você jogar aqui por um tempo?"
,,,백시우,,-2_놀람,shake,exclam,"<txt:size,2><txt:shake,1>네?!","<txt:size,2><txt:shake,1>What?!","<txt:size,2><txt:shake,1>はい？！","<txt:size,2><txt:shake,1>什么？！","<txt:size,2><txt:shake,1>什麼？！","<txt:size,2><txt:shake,1>Что?!","<txt:size,2><txt:shake,1>Apa?!","<txt:size,2><txt:shake,1>Sao cơ?!","<txt:size,2><txt:shake,1>¡¿Qué?!","<txt:size,2><txt:shake,1>Apa?!","<txt:size,2><txt:shake,1>ครับ?!","<txt:size,2><txt:shake,1>Oi?!"
,,,카를라,,1_제안,,,"너무 놀라지 말아요. 지금까지 해오던 대로, 몇 경기만 이기면 돼요. <txt:bold,2><wrt:break>그럼 바로 <txt:bold,2><txt:color,orange>제니</txt:bold></txt:color> 씨를 데리고 나가실 수 있도록 도와드릴게요.","Don’t be so surprised. All you have to do is win a few matches just like before. <txt:bold,2><wrt:break>After that, I’ll help you take <txt:bold,2><txt:color,orange>Ms. Jenny</txt:bold></txt:color> and leave.","あまり驚かないでください。これまでやってきたように、数試合勝つだけでいいんです。<txt:bold,2><wrt:break>そうしたらすぐに<txt:bold,2><txt:color,orange>ジェニー</txt:bold></txt:color>さんを連れ出せるよう、手配をします。","别这么惊讶。就跟您之前一样，只要再赢下几场比赛就行了。<txt:bold,2><wrt:break>到那时，我会立刻出手相助，让您顺利带<txt:bold,2><txt:color,orange>珍妮</txt:bold></txt:color>小姐离开。","別太驚訝。就像您先前一樣，只要再贏幾場比賽就好。<txt:bold,2><wrt:break>到時候我協助您帶<txt:bold,2><txt:color,orange>珍妮</txt:bold></txt:color>小姐離開這裡。","Не переживай, всего несколько игр. <txt:bold,2><wrt:break>Пару раз победишь и сможешь уйти вместе с <txt:bold,2><txt:color,orange>Дженни</txt:bold></txt:color>.","Jangan terkejut sangat. Cuma menang beberapa perlawanan macam tadi. <txt:bold,2><wrt:break>Lepas itu saya akan bantu awak bawa <txt:bold,2><txt:color,orange>Cik Jenny</txt:bold></txt:color> keluar.","Đừng ngạc nhiên quá. Chỉ cần thắng vài trận như cậu vẫn làm. <txt:bold,2><wrt:break>Sau đó tôi sẽ giúp cậu đưa <txt:bold,2><txt:color,orange>Jenny</txt:bold></txt:color> ra khỏi đây.","No te asustes. Solo necesitas ganar unos cuantos partidos, como lo has hecho hasta ahora. <txt:bold,2><wrt:break>Entonces yo misma te ayudaré a sacar a <txt:bold,2><txt:color,orange>Jenny</txt:bold></txt:color> de aquí.","Tidak perlu terlalu terkejut. Seperti sebelumnya, Anda hanya perlu memenangkan beberapa pertandingan. <txt:bold,2><wrt:break>Kalau begitu saya akan bantu langsung untuk membawa keluar <txt:bold,2><txt:color,orange>Jenny</txt:bold></txt:color> dari tempat ini.","ไม่ต้องตกใจมากไปหรอกค่ะ คุณแค่ชนะให้ได้แค่ไม่กี่แมตช์ เหมือนที่ทำมาจนถึงตอนนี้ก็พอค่ะ <txt:bold,2><wrt:break>แล้วฉันจะช่วยให้คุณพาคุณ<txt:bold,2><txt:color,orange>เจนนี่</txt:bold></txt:color>ออกไปได้เอง","Não precisa se assustar. Só precisa ganhar alguns jogos, como tem feito até agora. <txt:bold,2><wrt:break>Aí, posso te ajudar a tirar a <txt:bold,2><txt:color,orange>Jenny</txt:bold></txt:color> daqui de imediato."
,,,카를라,,1_기본,,,특별히 이 리그에서 가장 배당이 높은 시합을 알선해드리겠어요.,"Also, I’ll arrange for you to participate in the matches with the highest payouts in this league.",特別にこのリーグで最も高い配当がかかった試合を用意してあげます。,我会特别为您安排这个联赛中赔率最高的比赛。,我會特別為您安排這個聯賽中賠率最高的比賽。,Поставлю тебя на самые прибыльные игры.,Saya akan aturkan perlawanan dengan pulangan pertaruhan tertinggi dalam liga khas untuk awak.,Tôi sẽ đặc biệt sắp xếp cho cậu trận đấu có tỷ lệ trả thưởng cao nhất tại giải đấu này.,"Especialmente para ti, te conseguiré un partido con el mayor premio de toda la liga.","Khusus untuk Anda, saya akan mengatur pertandingan dengan bayaran taruhan tertinggi di liga ini.",ฉันจะแนะนำแมตช์ที่ได้ส่วนแบ่งสูงที่สุดในลีกนี้ให้เป็นกรณีพิเศษค่ะ,Eu posso te ajudar a encontrar as partidas mais lucrativas dessa liga.
,,,카를라,,1_미소,,,"이래봬도, <wrt:wait,30>전 이곳의 협회장이거든요.","It may not be obvious, <wrt:wait,30>but I am the head of this association.","こう見えても、<wrt:wait,30>私はここの協会長ですから。","别看我这样，<wrt:wait,30>我好歹也是这里的会长嘛。","別看我這樣，<wrt:wait,30>我可是這裡的協會會長呢。","Все-таки, <wrt:wait,30>я тут главная.","Walaupun begini, <wrt:wait,30>sayalah ketua persatuan di sini.","Dù sao thì <wrt:wait,30>tôi cũng là chủ tịch hiệp hội mà.","Después de todo... <wrt:wait,30>yo soy la presidenta de esta asociación.","Mau bagaimanapun, <wrt:wait,30>sayalah pemimpin asosiasi disini.","เห็นแบบนี้ <wrt:wait,30>แต่ฉันก็เป็นนายกสมาคมของที่นี่นะคะ","Não sei se você lembra... <wrt:wait,30>Eu sou a presidente daqui."
,,,정다희,,-1_시무룩,pause,,그건‥ 하지만‥,Well... But...,それは...でも...,那个......但是......,這...可是...,Да... Но...,Tapi...,Nhưng... điều đó...,"Bueno, sí... pero...",Tapi... itu...,เอ่อ... แต่ว่า...,"Eu sei, mas..."
,,,카를라,,1_기본,,,‥,...,...,...,...,...,...,...,...,...,...,...
,,,카를라,,1_미소,,,"낯선 건 충분히 이해해요. 하지만, 위약금을 지불하기 어렵다면 이게 유일한 방법이에요.","I understand that this is quite awkward, but this is the only way to pay the penalty.",不安なのは十分理解できます。でも、違約金を支払うのが難しいならこれが唯一の方法です。,我完全理解您的顾虑。但是，如果支付违约金有困难的话，这恐怕是眼下唯一的办法了。,我完全能理解您的顧慮。但要是您無法償還違約金，這恐怕就是唯一的選擇了。,"Понимаю, это неожиданно. Но иначе придется платить неустойку за разорванный контракт. Если денег нет, то это ваш единственный выход.","Saya faham semua ini asing bagi awak. Tapi kalau sukar membayar penalti, inilah satu-satunya jalan.",Tôi hiểu cậu còn e ngại. Nhưng nếu cậu không thể trả tiền phạt thì đây là cách duy nhất.,"Entiendo que te parezca extraño. Pero si no puedes pagar la penalización, esta es la única forma.",Saya mengerti perasaan asing yang Anda rasakan. Namun ini satu-satunya cara jika Anda kesulitan untuk membayar denda.,ฉันเข้าใจนะคะว่าคุณไม่ชิน แต่ถ้าจ่ายค่าปรับไม่ไหว นี่ก็เป็นวิธีเดียวแล้วล่ะค่ะ,"Entendo que seja uma situação estranha, mas se não for possível pagar a multa, essa é a única opção."
,,,카를라,,1_기본,,,"정당하게 그녀를 데려가고 싶다면, 시우 씨가 경기를 뛰는 방법밖에 없어요.","If you want to leave with her fair and square, Mr. Siwoo must participate in the matches.",正当に彼女を連れ出したいなら、新さんが試合をする以外ありません。,如果想名正言顺地带她离开，白时宇先生您就只能通过打比赛这条路了。,如果您想名正言順地帶她走，那就只有親自上場比賽這條路了。,"Тогда все будет честно, и ты сможешь забрать подругу.","Kalau nak membawa dia keluar dengan sah, Encik Siwoo perlu bermain dalam perlawanan di sini.","Nếu muốn đưa cô ấy đi một cách chính đáng, Siwoo phải thi đấu.","Si quieres llevarla contigo de forma legítima, no te queda más que jugar.","Jika Anda ingin membawa dia keluar dari tempat ini dengan cara yang sah, maka Anda harus bertanding disini.",ถ้าอยากพาเธอออกไปอย่างถูกต้อง คุณชีอูก็ต้องลงแข่งขันเท่านั้นค่ะ,"Se deseja levar ela de maneira justa, a única solução é você jogar."
,,,카를라,,1_기본,,,"그 외의 방법은‥ <wrt:wait,30><txt:bold,2>저도 도와드릴 수 없답니다.","For other methods... <wrt:wait,30><txt:bold,2>I cannot help you.","それ以外の方法は...<wrt:wait,30><txt:bold,2>私もお手伝いできかねます。","至于其他的方法......<wrt:wait,30><txt:bold,2>恕我也无能为力了。","其他的方法...<wrt:wait,30><txt:bold,2>我也無能為力。","Увы, <wrt:wait,30><txt:bold,2>другого способа нет.","Cara lain... <wrt:wait,30><txt:bold,2>saya pun tak boleh bantu.","Ngoài cách đó ra... <wrt:wait,30><txt:bold,2>tôi cũng không thể giúp được.","Cualquier otra opción... <wrt:wait,30><txt:bold,2>yo no podría ayudarte.","Kalau dengan cara lain... <wrt:wait,30><txt:bold,2>saya pun tidak bisa membantu Anda.","ส่วนวิธีอื่น... <wrt:wait,30><txt:bold,2>ฉันเองก็คงช่วยไม่ได้นะคะ","Não há outra forma... <wrt:wait,30><txt:bold,2>Infelizmente, não posso ajudar de outra maneira."
,,,백시우,,-1_기본,pause,silent ,‥알겠어요.,...Fine.,...わかりました。,......我明白了。,...我知道了。,Хорошо...,... Baiklah.,Tôi hiểu...,Está bien...,...Baiklah.,...เข้าใจแล้วครับ,Tá bom...
,,,카를라,,1_기본,,,"후후, 결정하셨군요. 좋아요. 그럼—","Hoho, it’s decided. Alright, then—",フフ、決心されたのですね。いいでしょう。では—,呵呵，您下定决心了啊。很好。那么——,呵呵，您決定好了啊。太好了。那麼...,"Хо-хо, вот мы и договорились! Тогда...","Hoho, dah setuju. Jadi—","Haha, vậy là cậu đã quyết định. Tốt lắm. Vậy thì...","Jeje, ya has decidido. Muy bien. Entonces...","Huhu, Anda telah memutuskannya. Bagus sekali. Kalau begitu—",หึหึ ตัดสินใจแล้วสินะคะ ดีเลยค่ะ ถ้างั้น—,"Hehe, vejo que tomou sua decisão. Ótimo, então..."
,,,카를라,,1_무서움,,,"<wrt:delay,10><txt:bold,2>쇼를 시작해볼까요?","<wrt:delay,10><txt:bold,2>Let the show begin.","<wrt:delay,10><txt:bold,2>ショーを始めましょうか？","<wrt:delay,10><txt:bold,2>好戏，这就开场吧？","<wrt:delay,10><txt:bold,2>讓我們展開這場華麗的角逐吧？","<wrt:delay,10><txt:bold,2>Шоу начинается!","<wrt:delay,10><txt:bold,2>Persembahan bermula?","<wrt:delay,10><txt:bold,2>Bắt đầu show diễn thôi nhỉ?","<wrt:delay,10><txt:bold,2>¿Empezamos el espectáculo?","<wrt:delay,10><txt:bold,2>Apa Anda siap untuk memulai acaranya?","<wrt:delay,10><txt:bold,2>มาเริ่มโชว์กันเลยไหมคะ?","<wrt:delay,10><txt:bold,2>Que tal começarmos o show?"
,,,TAG,,,,,"<eff:black,3>","<eff:black,3>","<eff:black,3>","<eff:black,3>","<eff:black,3>","<eff:black,3>","<eff:black,3>","<eff:black,3>","<eff:black,3>","<eff:black,3>","<eff:black,3>","<eff:black,3>"
,,,TAG,,,,,"<sys:map,팬텀리그_소등>","<sys:map,팬텀리그_소등>","<sys:map,팬텀리그_소등>","<sys:map,팬텀리그_소등>","<sys:map,팬텀리그_소등>","<sys:map,팬텀리그_소등>","<sys:map,팬텀리그_소등>","<sys:map,팬텀리그_소등>","<sys:map,팬텀리그_소등>","<sys:map,팬텀리그_소등>","<sys:map,팬텀리그_소등>","<sys:map,팬텀리그_소등>"
,,,TAG,,,,,"<sys:quiet,600><sys:sfx,폭발>","<sys:quiet,600><sys:sfx,폭발>","<sys:quiet,600><sys:sfx,폭발>","<sys:quiet,600><sys:sfx,폭발>","<sys:quiet,600><sys:sfx,폭발>","<sys:quiet,600><sys:sfx,폭발>","<sys:quiet,600><sys:sfx,폭발>","<sys:quiet,600><sys:sfx,폭발>","<sys:quiet,600><sys:sfx,폭발>","<sys:quiet,600><sys:sfx,폭발>","<sys:quiet,600><sys:sfx,폭발>","<sys:quiet,600><sys:sfx,폭발>"
,,,TAG,,,,,"<eff:shake,1>(쿵)","<eff:shake,1>(Thump)","<eff:shake,1>(ドン)","<eff:shake,1>(咚)","<eff:shake,1>(咚)","<eff:shake,1>(Бум)","<eff:shake,1>(Thump)","<eff:shake,1>(Rầm)","<eff:shake,1>(Pum)","<eff:shake,1>(Thump)","<eff:shake,1>(พรึ่บ)","<eff:shake,1>(Bam)"
,,,정다희,,-1_당황,,,"<txt:size,1><txt:shake,1>전등이?! 시우야, 저기 봐!","<txt:size,1><txt:shake,1>The lights?! Siwoo, look there!","<txt:size,1><txt:shake,1>電気が？！新、あそこ見て！","<txt:size,1><txt:shake,1>灯怎么了？！白时宇，你看那边！","<txt:size,1><txt:shake,1>燈？！時宇，你看那裡！","<txt:size,1><txt:shake,1>Свет софитов? Шиу, смотри!","<txt:size,1><txt:shake,1>Lampu?! Siwoo, tengok sana!","<txt:size,1><txt:shake,1>Đèn?! Siwoo à, nhìn kìa!","<txt:size,1><txt:shake,1>¡¿Luces?! ¡Mira allá, Siwoo!","<txt:size,1><txt:shake,1>Lampunya?! Siwoo, coba lihat itu!","<txt:size,1><txt:shake,1>แสงไฟ?! ชีอู ดูโน่นสิ!","<txt:size,1><txt:shake,1>A iluminação?! Siwoo, olha ali!"
,,,TAG,,,,,"<eff:black,3>","<eff:black,3>","<eff:black,3>","<eff:black,3>","<eff:black,3>","<eff:black,3>","<eff:black,3>","<eff:black,3>","<eff:black,3>","<eff:black,3>","<eff:black,3>","<eff:black,3>"
,,,TAG,,,,,"<sys:map,팬텀리그_경기장>","<sys:map,팬텀리그_경기장>","<sys:map,팬텀리그_경기장>","<sys:map,팬텀리그_경기장>","<sys:map,팬텀리그_경기장>","<sys:map,팬텀리그_경기장>","<sys:map,팬텀리그_경기장>","<sys:map,팬텀리그_경기장>","<sys:map,팬텀리그_경기장>","<sys:map,팬텀리그_경기장>","<sys:map,팬텀리그_경기장>","<sys:map,팬텀리그_경기장>"
,,,TAG,,,,,<cha:qhide>,<cha:qhide>,<cha:qhide>,<cha:qhide>,<cha:qhide>,<cha:qhide>,<cha:qhide>,<cha:qhide>,<cha:qhide>,<cha:qhide>,<cha:qhide>,<cha:qhide>
,,,TAG,,,,,"<sys:sfx,관중_5>","<sys:sfx,관중_5>","<sys:sfx,관중_5>","<sys:sfx,관중_5>","<sys:sfx,관중_5>","<sys:sfx,관중_5>","<sys:sfx,관중_5>","<sys:sfx,관중_5>","<sys:sfx,관중_5>","<sys:sfx,관중_5>","<sys:sfx,관중_5>","<sys:sfx,관중_5>"
,,,-,,,,,"<eff:shake,2><txt:bold,2><txt:size,2><txt:shake,2>(와아아아아아-!)","<eff:shake,2><txt:bold,2><txt:size,2><txt:shake,2>(Wahhhhhhhh-!)","<eff:shake,2><txt:bold,2><txt:size,2><txt:shake,2>(わぁあああーっ！)","<eff:shake,2><txt:bold,2><txt:size,2><txt:shake,2>(哇啊啊啊啊啊—！)","<eff:shake,2><txt:bold,2><txt:size,2><txt:shake,2>(哇啊啊啊啊啊—！)","<eff:shake,2><txt:bold,2><txt:size,2><txt:shake,2>(Ууууууааааааа!)","<eff:shake,2><txt:bold,2><txt:size,2><txt:shake,2>(Wahhhhhhhh-!)","<eff:shake,2><txt:bold,2><txt:size,2><txt:shake,2>(Woahhhhhhh-!)","<eff:shake,2><txt:bold,2><txt:size,2><txt:shake,2>(¡Woooah!)","<eff:shake,2><txt:bold,2><txt:size,2><txt:shake,2>(Wahhhhh-!)","<eff:shake,2><txt:bold,2><txt:size,2><txt:shake,2>(โว้วววว-!)","<eff:shake,2><txt:bold,2><txt:size,2><txt:shake,2>(Uaaaah!)"
,,,진행자,,,,,"여러분, 오래 기다리셨습니다! 지금부터 오늘의 이벤트 매치가 시작됩니다!","Ladies and gentlemen, thank you for your patience! The event match of the day will now begin!",皆様、お待たせしました！ただいまより本日のイベントマッチを開始します！,各位，让大家久等了！现在，今天的特别赛事正式开始！,各位，久等了！今天的特別賽事即將開始！,"Дамы и господа, спасибо за ожидание! Начинаем матч дня!","Hadirin sekalian, terima kasih menunggu! Perlawanan utama akan bermula!","Thưa quý vị, cảm ơn vì đã chờ đợi! Giờ đây sự kiện đặc biệt của ngày hôm nay sẽ bắt đầu!","¡Gracias por esperar, queridos espectadores! ¡Comienza ahora el partido especial del día!","Hadirin sekalian, kalian telah menunggu lama! Event Match hari ini akan dimulai sekarang!",ทุกท่านรอกันมานานเลยนะครับ! จากนี้ไป แมตช์อีเวนต์ของวันนี้จะเริ่มขึ้นแล้ว!,"Senhores e senhoras, chegou a hora do grande momento! O evento de hoje começa já!"
,,,진행자,,,,,"오늘 경기는—<txt:bold,2>팬텀 리그</txt:bold>의 포식자! <txt:bold,2>5대 스파이커 중 가장 압도적인 파워를 자랑하는 남자!</txt:bold> <txt:size,2><wrt:break><txt:shake,1> <txt:bold,2>무려 <wrt:delay,10>LV4!</wrt:delay> <txt:bold,2><txt:color,orange>라울</txt:bold></txt:color> 선수가 등장합니다!","Today’s match is— the predator of the <txt:bold,2>Phantom League</txt:bold>! <txt:bold,2>The most overwhelming power among the Big Five!</txt:bold> <txt:size,2><wrt:break><txt:shake,1> <txt:bold,2>An impressive <wrt:delay,10>Lv.4!</wrt:delay> Iiiiiiit’s <txt:bold,2><txt:color,orange>Raul</txt:bold></txt:color>!!","本日の試合は—<txt:bold,2>ファントムリーグ</txt:bold>の捕食者！<txt:bold,2>5大スパイカーの中で最も圧倒的なパワーを誇る男！</txt:bold><txt:size,2><wrt:break><txt:shake,1><txt:bold,2>なんと<wrt:delay,10>LV4！</wrt:delay><txt:bold,2><txt:color,orange>ラウル</txt:bold></txt:color>選手が登場します！","今天的比赛将是——<txt:bold,2>幻影联赛</txt:bold>的绝对霸主！<txt:bold,2>五大主攻手中以雷霆万钧之力著称的男人！</txt:bold> <txt:size,2><wrt:break><txt:shake,1> <txt:bold,2>竟然是<wrt:delay,10>LV4！</wrt:delay> <txt:bold,2><txt:color,orange>拉乌尔</txt:bold></txt:color>选手，闪亮登场！","今天的比賽是——<txt:bold,2>幻影聯賽</txt:bold>的王牌獵手！<txt:bold,2>五大主攻手中力量最為驚人的男子！</txt:bold> <txt:size,2><wrt:break><txt:shake,1> <txt:bold,2>令人敬畏的<wrt:delay,10>LV4！</wrt:delay> <txt:bold,2><txt:color,orange>拉烏爾</txt:bold></txt:color>選手登場！","Сегодня на корте хищник <txt:bold,2>Фантом-лиги</txt:bold>! <txt:bold,2>Самый сильный из пяти нападающих! </txt:bold> <txt:size,2><wrt:break><txt:shake,1> <txt:bold,2>Встречайте! Игрок <wrt:delay,10>четвертого уровня — </wrt:delay> <txt:bold,2><txt:color,orange>Рауль</txt:bold></txt:color>!","Hari ini— pemangsa dari <txt:bold,2>Liga Phantom</txt:bold>! <txt:bold,2>Lelaki dengan kuasa paling dahsyat antara lima perejam terbaik dunia!</txt:bold> <txt:size,2><wrt:break><txt:shake,1> <txt:bold,2><wrt:delay,10>LV4</wrt:delay>! Inilah dia <txt:bold,2><txt:color,orange>Raul</txt:bold></txt:color>!!","Trận đấu hôm nay là... kẻ săn mồi của <txt:bold,2>Phantom League</txt:bold>! <txt:bold,2>Người đàn ông sở hữu sức mạnh áp đảo nhất trong Top 5 Tay Đập!</txt:bold> <txt:size,2><wrt:break><txt:shake,1> <txt:bold,2>Không ai khác chính là <wrt:delay,10>LV4!</wrt:delay> <txt:bold,2><txt:color,orange>Raul</txt:bold></txt:color>!","¡Y el primer participante es... el depredador de la <txt:bold,2>Liga Fantasma</txt:bold>! ¡El hombre con el poder más aplastante entre los <txt:bold,2>5 Mejores Rematadores!</txt:bold> <txt:size,2><wrt:break><txt:shake,1><txt:bold,2> ¡Nada menos que <wrt:delay,10>nivel 4!</wrt:delay> ¡<txt:bold,2><txt:color,orange>Raúl</txt:bold></txt:color> entra al escenario!","Pada pertandingan hari ini— Pemangsa dari <txt:bold,2>Liga Phantom</txt:bold>! <txt:bold,2>Pria dengan kekuatan yang terhebat di antara 5 Spiker Terbaik!</txt:bold> <txt:size,2><wrt:break><txt:shake,1> <txt:bold,2>Dia adalah <wrt:delay,10>LV4!</wrt:delay> Inilah dia, atlet <txt:bold,2><txt:color,orange>Raul</txt:bold></txt:color>!","สำหรับการแข่งขันในวันนี้— ผู้ล่าแห่ง<txt:bold,2>แฟนธอมลีก</txt:bold>! <txt:bold,2>ชายผู้ภาคภูมิใจในพลังที่เหนือขั้นที่สุดจากบรรดาตัวตบท็อป 5!</txt:bold> <txt:size,2><wrt:break><txt:shake,1> <txt:bold,2>แถมยังอยู่ระดับ <wrt:delay,10>Lv.4!</wrt:delay> นักกีฬา<txt:bold,2><txt:color,orange>ราอุล</txt:bold></txt:color>จะปรากฏตัวขึ้นครับ!","Hoje temos o jogo de... o predador da <txt:bold,2>Liga Phantom</txt:bold>! <txt:bold,2>O homem com o poder mais avassalador entre os 5 melhores atacantes! </txt:bold> <txt:size,2><wrt:break><txt:shake,1><txt:bold,2>Um poderosíssimo <wrt:delay,10>Nv. 4!</wrt:delay> <txt:bold,2><txt:color,orange>Raul</txt:bold></txt:color> entra em cena!"
,,,TAG,,,,,<cha:qblack>,<cha:qblack>,<cha:qblack>,<cha:qblack>,<cha:qblack>,<cha:qblack>,<cha:qblack>,<cha:qblack>,<cha:qblack>,<cha:qblack>,<cha:qblack>,<cha:qblack>
,,,TAG,,,,,"</cha:qhide,라울>","</cha:qhide,라울>","</cha:qhide,라울>","</cha:qhide,라울>","</cha:qhide,라울>","</cha:qhide,라울>","</cha:qhide,라울>","</cha:qhide,라울>","</cha:qhide,라울>","</cha:qhide,라울>","</cha:qhide,라울>","</cha:qhide,라울>"
,,,TAG,,,,,"<cha:qpos,라울,0>","<cha:qpos,라울,0>","<cha:qpos,라울,0>","<cha:qpos,라울,0>","<cha:qpos,라울,0>","<cha:qpos,라울,0>","<cha:qpos,라울,0>","<cha:qpos,라울,0>","<cha:qpos,라울,0>","<cha:qpos,라울,0>","<cha:qpos,라울,0>","<cha:qpos,라울,0>"
,,,라울,,1_기본,pause,,"‥‥하, 따분하던 참에 몸 좀 풀겠군. ","Ha, perfect timing when things were getting dull. Time to loosen up.",......ふん、退屈しのぎにはなりそうだな。,......哈，正好闲得骨头都快生锈了，总算能活动活动筋骨了。,...哈，正覺得無聊呢，剛好可以活動一下筋骨。,Ха... Надоело без дела сидеть. Самое время размяться.,"...Ha, tengah bosan tadi. Bolehlah aku panaskan badan sikit.",Ha ah... đang chán thì có cơ hội giãn gân cốt.,"Vaya, justo estaba aburrido. Esto me servirá para calentar un poco.","......Hah, kebetulan aku merasa bosan. Mungkin ini bisa menjadi pemanasan.",......เฮ้อ ได้ยืดเส้นยืดสายตอนเบื่อๆ พอดี,"Haha, que bom, eu tava sem fazer nada, agora vou me aquecer."
,,,TAG,,,,,"<sys:sfx,관중_4>","<sys:sfx,관중_4>","<sys:sfx,관중_4>","<sys:sfx,관중_4>","<sys:sfx,관중_4>","<sys:sfx,관중_4>","<sys:sfx,관중_4>","<sys:sfx,관중_4>","<sys:sfx,관중_4>","<sys:sfx,관중_4>","<sys:sfx,관중_4>","<sys:sfx,관중_4>"
,,,-,,,,,"<eff:shake,2><txt:bold,2><txt:size,2><txt:shake,2>(와아아아아아아아—!)","<eff:shake,2><txt:bold,2><txt:size,2><txt:shake,2>(Wahhhhhhhh—!)","<eff:shake,2><txt:bold,2><txt:size,2><txt:shake,2>(わぁあああああーっ！)","<eff:shake,2><txt:bold,2><txt:size,2><txt:shake,2>(哇啊啊啊啊啊啊啊—！)","<eff:shake,2><txt:bold,2><txt:size,2><txt:shake,2>(哇啊啊啊啊啊啊啊—！)","<eff:shake,2><txt:bold,2><txt:size,2><txt:shake,2>(Ууууууааааааа...!)","<eff:shake,2><txt:bold,2><txt:size,2><txt:shake,2>(Wahhhhhhhh—!)","<eff:shake,2><txt:bold,2><txt:size,2><txt:shake,2>(Woahhhhhhhhh--!)","<eff:shake,2><txt:bold,2><txt:size,2><txt:shake,2>(¡Wooooooah!)","<eff:shake,2><txt:bold,2><txt:size,2><txt:shake,2>(Waahhhhhhhh—!)","<eff:shake,2><txt:bold,2><txt:size,2><txt:shake,2>(โว้วววววววว—!)","<eff:shake,2><txt:bold,2><txt:size,2><txt:shake,2>(Uaaaaaahhhh!)"
,,,진행자,,,,,"그리고 그 상대는, 등장과 동시에 <wrt:delay,10>연전연승!</wrt:delay> <wrt:break>LV2, <txt:bold,2><txt:color,orange>엘리오</txt:bold></txt:color> 선수마저 압도적으로 꺾은 신성, <txt:size,2><txt:bold,2><txt:shake,1>백! <wrt:wait,30>시! <wrt:wait,30>우!","And his opponent: <wrt:delay,10>He’s racked up win after win since his debut! </wrt:delay> <wrt:break>The rising star that stomped the Lv.2 <txt:bold,2><txt:color,orange>Ellio</txt:bold></txt:color>! <txt:size,2><txt:bold,2><txt:shake,1>Si! <wrt:wait,30>Woo! <wrt:wait,30>Baaaeeeek!","そして相手は、登場と同時に<wrt:delay,10>連勝街道！</wrt:delay><wrt:break>LV2、<txt:bold,2><txt:color,orange>エリオ</txt:bold></txt:color>選手さえも圧倒的に打ち破った新星、<txt:size,2><txt:bold,2><txt:shake,1>白井！<wrt:wait,30>あ！<wrt:wait,30>ら！<wrt:wait,30>た！","而他的对手，则是一登场便<wrt:delay,10>势如破竹，连战连捷！</wrt:delay><wrt:break>甚至以摧枯拉朽之势击败LV2的<txt:bold,2><txt:color,orange>埃利奥</txt:bold></txt:color>选手的超级新星，<txt:size,2><txt:bold,2><txt:shake,1>白！<wrt:wait,30>时！<wrt:wait,30>宇！","而他的對手是一登場便<wrt:delay,10>連戰連勝！</wrt:delay><wrt:break>甚至完全壓制了LV2<txt:bold,2><txt:color,orange>埃利奧</txt:bold></txt:color>的耀眼新秀，<txt:size,2><txt:bold,2><txt:shake,1>白！<wrt:wait,30>時！<wrt:wait,30>宇！","Его противник уже стал феноменом! <wrt:delay,10>Ни одного поражения!</wrt:delay> <wrt:break>Даже <txt:bold,2><txt:color,orange>Эллио</txt:bold></txt:color> со вторым уровнем не устоял! Встречайте! <txt:size,2><txt:bold,2><txt:shake,1>Бэк! <wrt:wait,30>Ши! <wrt:wait,30>У!","Dan lawannya, <wrt:delay,10>menang berturut-turut sejak kemunculan pertamanya! </wrt:delay><wrt:break>Bintang baharu yang menewaskan pemain LV2, <txt:bold,2><txt:color,orange>Ellio</txt:bold></txt:color>, dengan penuh bergaya! <txt:size,2><txt:bold,2><txt:shake,1>Si! <wrt:wait,30>Woo! <wrt:wait,30>Baaaek!","Và đối thủ của anh ấy, ngay khi xuất hiện đã <wrt:delay,10>toàn thắng!</wrt:delay> <wrt:break>Thậm chí còn đánh bại tuyển thủ LV2 <txt:bold,2><txt:color,orange>Ellio</txt:bold></txt:color> một cách áp đảo! Ngôi sao mới <txt:size,2><txt:bold,2><txt:shake,1>Baek! <wrt:wait,30>Si! <wrt:wait,30>Woo!","Y su oponente es... ¡la nueva estrella que <wrt:delay,10>ha ganado todos sus partidos</wrt:delay> desde su debut! ¡Incluso venció de forma aplastante al <wrt:break>nivel 2, <txt:bold,2><txt:color,orange>Ellio</txt:bold></txt:color>! ¡Con ustedes... <txt:size,2><txt:bold,2><txt:shake,1><wrt:wait,30>Siwoo!","Dan lawannya adalah, yang bersamaan dengan kemunculannya <wrt:delay,10>memperoleh kemenangan beruntun!</wrt:delay> <wrt:break>Bintang baru yang bahkan telah mengalahkan LV2, atlet <txt:bold,2><txt:color,orange>Ellio</txt:bold></txt:color> dengan mudah, <txt:size,2><txt:bold,2><txt:shake,1>Si! <wrt:wait,30>Woo! <wrt:wait,30>Baek!","และฝ่ายตรงข้ามที่โผล่มาก็<wrt:delay,10>ชนะต่อเนื่อง!</wrt:delay> <wrt:break>ดาวรุ่งที่เอาชนะนักกีฬา<txt:bold,2><txt:color,orange>เอลิโอ</txt:bold></txt:color> Lv.2 ได้แบบขาดลอย <txt:size,2><txt:bold,2><txt:shake,1>แบค! <wrt:wait,30>ชี! <wrt:wait,30>อู!","E o desafiante vem com uma <wrt:delay,10>sequência impressionante de vitórias!</wrt:delay><wrt:break> O novato que até derrotou o <txt:bold,2><txt:color,orange>Ellio</txt:bold></txt:color> Nv. 2, de forma arrasadora, <txt:size,2><txt:bold,2><txt:shake,1>Si! <wrt:wait,30>Woo! <wrt:wait,30>Baek!"
,,,TAG,,,,,"<eff:black,3>","<eff:black,3>","<eff:black,3>","<eff:black,3>","<eff:black,3>","<eff:black,3>","<eff:black,3>","<eff:black,3>","<eff:black,3>","<eff:black,3>","<eff:black,3>","<eff:black,3>"
,,,TAG,,,,,"<cha:qhide,라울>","<cha:qhide,라울>","<cha:qhide,라울>","<cha:qhide,라울>","<cha:qhide,라울>","<cha:qhide,라울>","<cha:qhide,라울>","<cha:qhide,라울>","<cha:qhide,라울>","<cha:qhide,라울>","<cha:qhide,라울>","<cha:qhide,라울>"
,,,TAG,,,,,"<sys:map,팬텀리그_소등>","<sys:map,팬텀리그_소등>","<sys:map,팬텀리그_소등>","<sys:map,팬텀리그_소등>","<sys:map,팬텀리그_소등>","<sys:map,팬텀리그_소등>","<sys:map,팬텀리그_소등>","<sys:map,팬텀리그_소등>","<sys:map,팬텀리그_소등>","<sys:map,팬텀리그_소등>","<sys:map,팬텀리그_소등>","<sys:map,팬텀리그_소등>"
,,,TAG,,,,,</cha:qblack>,</cha:qblack>,</cha:qblack>,</cha:qblack>,</cha:qblack>,</cha:qblack>,</cha:qblack>,</cha:qblack>,</cha:qblack>,</cha:qblack>,</cha:qblack>,</cha:qblack>
,,,TAG,,,,,"</cha:qhide,백시우></cha:qhide,정다희></cha:qhide,카를라>","</cha:qhide,백시우></cha:qhide,정다희></cha:qhide,카를라>","</cha:qhide,백시우></cha:qhide,정다희></cha:qhide,카를라>","</cha:qhide,백시우></cha:qhide,정다희></cha:qhide,카를라>","</cha:qhide,백시우></cha:qhide,정다희></cha:qhide,카를라>","</cha:qhide,백시우></cha:qhide,정다희></cha:qhide,카를라>","</cha:qhide,백시우></cha:qhide,정다희></cha:qhide,카를라>","</cha:qhide,백시우></cha:qhide,정다희></cha:qhide,카를라>","</cha:qhide,백시우></cha:qhide,정다희></cha:qhide,카를라>","</cha:qhide,백시우></cha:qhide,정다희></cha:qhide,카를라>","</cha:qhide,백시우></cha:qhide,정다희></cha:qhide,카를라>","</cha:qhide,백시우></cha:qhide,정다희></cha:qhide,카를라>"
,,,TAG,,,,,"<sys:bgm,BGM_CARLA_TRAP,600>","<sys:bgm,BGM_CARLA_TRAP,600>","<sys:bgm,BGM_CARLA_TRAP,600>","<sys:bgm,BGM_CARLA_TRAP,600>","<sys:bgm,BGM_CARLA_TRAP,600>","<sys:bgm,BGM_CARLA_TRAP,600>","<sys:bgm,BGM_CARLA_TRAP,600>","<sys:bgm,BGM_CARLA_TRAP,600>","<sys:bgm,BGM_CARLA_TRAP,600>","<sys:bgm,BGM_CARLA_TRAP,600>","<sys:bgm,BGM_CARLA_TRAP,600>","<sys:bgm,BGM_CARLA_TRAP,600>"
,,,정다희,,-1_당황,,exclam,"잠깐만요. 갑자기 5대 스파이커라니, <txt:bold,2>이건 너무 갑작스러워요!","Wait. Big Five out of nowhere? <txt:bold,2>This is way too sudden!","ちょっと待ってください。いきなり5大スパイカーだなんて、<txt:bold,2>まだ準備が！","请等一下！怎么突然就冒出来个五大主攻手，<txt:bold,2>这也太离谱了吧！","等一下。突然安排我們對上五大主攻手，<txt:bold,2>這也太讓人措手不及了吧！","Э-э-э, матч с топовым игроком?! <txt:bold,2>Это уже слишком!","Tunggu... Salah seorang daripada lima perejam terbaik dunia? <txt:bold,2>Ini terlalu mendadak!","Khoan đã. Bỗng dưng lại là một trong 5 tay đập giỏi nhất, <txt:bold,2>chuyện này quá đột ngột!","Un momento. ¡¿Un enfrentamiento contra uno de los 5 mejores rematadores del mundo?! <txt:bold,2>¡¿Así de repente?!","Tunggu dulu. Lawannya salah satu dari 5 Spiker Terbaik? <txt:bold,2>Ini terlalu mendadak!","เดี๋ยวนะคะ ตัวตบท็อป 5 เลยเหรอ <txt:bold,2>นี่มันกะทันหันเกินไปนะคะ!","Pera aí! Um dos 5 melhores atacantes? <txt:bold,2>Você nunca falou sobre isso!"
,,,카를라,,1_딴청,,,"어머, 하지만, <txt:bold,2><txt:color,orange>라울</txt:bold></txt:color>과의 경기가 이 리그에서 가장 높은 배당이 걸린 시합이랍니다.","Oh my, but, the match against <txt:bold,2><txt:color,orange>Raul</txt:bold></txt:color> happens to be the one with the largest payout in the entire league.","あら、でも、<txt:bold,2><txt:color,orange>ラウル</txt:bold></txt:color>との試合がこのリーグで最も高い配当がかかった試合なんですよ？","哎呀，不过呢，<txt:bold,2><txt:color,orange>拉乌尔</txt:bold></txt:color>的比赛可是这个联赛里赔率最高的哦。","哎呀～可是聯賽中賠率最高的，就是對上<txt:bold,2><txt:color,orange>拉烏爾</txt:bold></txt:color>的比賽了。","Может быть, но игра с <txt:bold,2><txt:color,orange>Раулем</txt:bold></txt:color> — самая высокооплачиваемая в лиге.","Oh, tapi... perlawanan dengan <txt:bold,2><txt:color,orange>Raul</txt:bold></txt:color> menawarkan pulangan pertaruhan tertinggi dalam liga ini.","Ôi, nhưng trận đấu với <txt:bold,2><txt:color,orange>Raul</txt:bold></txt:color> là trận có tỷ lệ trả thưởng cao nhất ở giải đấu này đấy.","Oh, pero resulta que este partido con <txt:bold,2><txt:color,orange>Raúl</txt:bold></txt:color> tiene el mayor premio de toda la liga.","Aduh, tapi bagaimana ya, hanya pertandingan dengan <txt:bold,2><txt:color,orange>Raul</txt:bold></txt:color>lah yang memiliki bayaran taruhan tertinggi di liga ini.","อุ๊ยตาย แต่ว่าการแข่งขันกับ<txt:bold,2><txt:color,orange>ราอุล</txt:bold></txt:color>น่ะ เป็นแมตช์ที่ได้ส่วนแบ่งสูงที่สุดในลีกนี้แล้วนะคะ","Poxa, mas o jogo contra <txt:bold,2><txt:color,orange>Raul</txt:bold></txt:color> é a partida com o maior retorno nas apostas da liga."
,,,카를라,,1_기본,,,"<txt:bold,2><txt:color,orange>제니</txt:bold></txt:color> 씨도 우리가 아끼는 선수라서 어쩔 수 없어요.","<txt:bold,2><txt:color,orange>Ms. Jenny</txt:bold></txt:color> is a player we highly value, so this should be a befitting challenge.","<txt:bold,2><txt:color,orange>ジェニー</txt:bold></txt:color>さんも私たちが大切にしている選手ですから仕方ありません。","<txt:bold,2><txt:color,orange>珍妮</txt:bold></txt:color>小姐也是我们捧在手心里的宝贝选手，所以实在是没有办法。","<txt:bold,2><txt:color,orange>珍妮</txt:bold></txt:color>小姐也是我們相當重視的選手，所以不得不這樣。","Мне ведь тоже не хочется просто отпускать <txt:bold,2><txt:color,orange>Дженни</txt:bold></txt:color>. Она ценный игрок.","<txt:bold,2><txt:color,orange>Cik Jenny</txt:bold></txt:color> pemain penting kami, jadi ini cabaran yang setimpal.","<txt:bold,2><txt:color,orange>Jenny</txt:bold></txt:color> là cầu thủ chúng tôi quý mến, nên không còn cách nào khác.","Además, <txt:bold,2><txt:color,orange>Jenny</txt:bold></txt:color> es una jugadora muy valiosa para nosotros. No tenemos otra opción.","Tidak ada yang bisa saya lakukan karena <txt:bold,2><txt:color,orange>Jenny</txt:bold></txt:color> juga atlet yang berharga bagi kami.","คุณ<txt:bold,2><txt:color,orange>เจนนี่</txt:bold></txt:color>เองก็เป็นนักกีฬาที่พวกเราหวงแหน ก็เลยไม่มีทางเลือกน่ะค่ะ","Como a <txt:bold,2><txt:color,orange>Jenny</txt:bold></txt:color> é uma das nossas atletas favoritas, não tivemos outra escolha."
,,,카를라,,1_기본,,,"그리고 장소가 장소지만, 시우 씨도 5대 스파이커와 겨룰 기회, <wrt:wait,30>자주 오는 건 아니잖아요?","And setting aside the location, the opportunity for Siwoo to test his skills against the Big Five <wrt:wait,30>doesn’t come around very often, wouldn’t you agree?","それにこのような場所ではありますが、新さんも5大スパイカーと競う機会、<wrt:wait,30>そう頻繁にあるものじゃないでしょう？","而且虽说场合不太对，但白时宇先生能和五大主攻手切磋的机会，<wrt:wait,30>也不是天天都有的吧？","而且撇開場地不談，時宇先生能與五大主攻手較量的機會，<wrt:wait,30>也不是隨時都有的吧？","Да, Шиу, будет сложно. Но шанс выйти против одного из пятерки лучших нападающих <wrt:wait,30>выпадает не каждый день.","Walaupun tempat ini begini, peluang Encik Siwoo menentang salah seorang daripada lima perejam terbaik dunia <wrt:wait,30>bukan selalu datang, kan?","Và dù sao đây cũng là cơ hội hiếm có để Siwoo đấu với một trong 5 tay đập giỏi nhất, <wrt:wait,30>đúng không?","Y aunque el lugar sea lo que sea, <wrt:wait,30>no todos los días se tiene la oportunidad de enfrentarse a uno de los 5 mejores rematadores del mundo.","Dan bagi Anda juga Siwoo, bukankah kesempatan untuk bertanding melawan 5 Spiker Terbaik itu, <wrt:wait,30>sangat langka?","อีกอย่างถึงสถานที่มันจะเป็นแบบนี้ก็เถอะ แต่โอกาสที่คุณชีอูจะได้ประชันฝีมือกับตัวตบท็อป 5 <wrt:wait,30>ไม่ได้มีมาง่ายๆ นะคะ","E, embora o local não seja o ideal, <wrt:wait,30>você sabe que não é sempre que surge uma chance de enfrentar os 5 melhores atacantes, certo?"
,,,카를라,,1_미소,,,많이 배울 수 있을 거예요.,I’m sure this will be a great learning experience.,多くのことを学べるはずですよ。,您一定能从中获益匪浅的。,這會是很棒的見識機會。,Ты сможешь многому научиться.,Pengalaman belajar yang bagus.,Cậu sẽ học hỏi được nhiều đấy.,Podrás aprender mucho.,Saya yakin ini akan menjadi pengalaman yang berharga.,คุณจะได้เรียนรู้อะไรเยอะแน่นอนค่ะ,Tenho certeza de que você aprenderá muito.
,,,백시우,,-2_당황,,,그건‥ 그렇지만‥,Well... that’s...,それは...そうですけど...,话是这么说......可是......,那個...雖然是這樣沒錯...,Да... но все же...,Itu...,Điều đó... đúng là vậy... nhưng...,"Eso es cierto, pero...",Itu... memang benar tapi...,นั่นมัน... ก็ใช่แหละ...,"Sim, mas..."
,,,카를라,,1_무서움,,,"이래봬도 <txt:bold,2>팬텀 리그</txt:bold>를 쭉 지켜봐 온 제가 보기에— <txt:bold,2><wrt:wait,30>시우 씨의 재능은 <wrt:delay,10>'진짜'예요.","For what it's worth, as someone who has observed the <txt:bold,2>Phantom League</txt:bold> for a long time, <txt:bold,2><wrt:wait,30>I can tell you that Mr. Siwoo's ability is <wrt:delay,10>‘the real deal.’","安心してください。<txt:bold,2>ファントムリーグ</txt:bold>をずっと見守ってきた私が見るに—<txt:bold,2><wrt:wait,30>新さんの才能は<wrt:delay,10>「本物」です。","别看我这样，以我关注<txt:bold,2>幻影联赛</txt:bold>多年的眼光来看——<txt:bold,2><wrt:wait,30>白时宇先生您的天赋，<wrt:delay,10>绝对是货真价实的！","別看我這樣，作為長期關注<txt:bold,2>幻影聯賽</txt:bold>的一員，依我看<txt:bold,2><wrt:wait,30>時宇先生您的天賦，<wrt:delay,10>是「毋庸置疑」的。","Я в <txt:bold,2>Фантом-лиге</txt:bold> уже давно. <txt:bold,2><wrt:wait,30>Поверь, Шиу, у тебя <wrt:delay,10>настоящий талант.","Sebagai pemerhati lama <txt:bold,2>Liga Phantom</txt:bold>, <txt:bold,2><wrt:wait,30>saya yakin En Siwoo <wrt:delay,10>memang hebat.","Dù sao tôi cũng đã theo dõi <txt:bold,2>Phantom League</txt:bold> từ lâu... <txt:bold,2><wrt:wait,30>tài năng của Siwoo là <wrt:delay,10>'thật'.","Y aunque no lo parezca, yo he seguido la <txt:bold,2>Liga Fantasma</txt:bold> desde hace mucho. Y en mi opinión... el talento de <txt:bold,2><wrt:wait,30>Siwoo es <wrt:delay,10>'real'.","Menurut saya yang telah terus mengamati <txt:bold,2>Liga Phantom</txt:bold>— <txt:bold,2><wrt:wait,30>Bakat Anda, Siwoo, memang <wrt:delay,10>'Asli'.","เห็นแบบนี้ แต่ในสายตาฉันที่คอยจับตามอง<txt:bold,2>แฟนธอมลีก</txt:bold>มาตลอด— <txt:bold,2><wrt:wait,30>พรสวรรค์ของคุณชีอูน่ะ <wrt:delay,10>เป็น 'ของจริง' เลยค่ะ","Pode parecer estranho, mas quem tem observado a <txt:bold,2>Liga Phantom</txt:bold> de perto, como eu, <txt:bold,2><wrt:wait,30>pode garantir que o talento do Siwoo é <wrt:delay,10>«legítimo»."
,,,카를라,,1_기본,,,"자, 보세요. 저도 시우 씨의 승리에 걸겠어요.","Here, I’ll even bet on Mr. Siwoo’s victory.",ほら、見てください。私も新さんの勝利に賭けますよ。,来，您瞧。我也会押白时宇先生赢的。,來，您看。我也會押時宇先生您贏喔。,Даже я ставлю на твою победу.,Saya sanggup bertaruh En Siwoo akan menang.,"Nhìn này, tôi cũng đặt cược vào chiến thắng của Siwoo đấy.","Mira, yo también apuesto por tu victoria.",Coba lihat ini. Saya juga akan bertaruh pada kemenangan Anda.,เอาล่ะ ดูเถอะค่ะ ฉันก็ขอเดิมพันว่าคุณชีอูจะชนะเหมือนกัน,"Veja só, eu também vou apostar na vitória do Siwoo."
,,,정다희,,-1_당황,,,"<wrt:delay,3>시우야. <wrt:wait,30>정말 괜찮을까?","<wrt:delay,3>Siwoo. <wrt:wait,30>Is this really okay?","<wrt:delay,3>新。<wrt:wait,30>本当に大丈夫かな？","<wrt:delay,3>白时宇啊，<wrt:wait,30>你真的没问题吗？","<wrt:delay,3>時宇。<wrt:wait,30>真的沒問題嗎？","<wrt:delay,3>Шиу... <wrt:wait,30>Ты точно справишься?","<wrt:delay,3>Siwoo. <wrt:wait,30>Ini okey ke?","<wrt:delay,3>Siwoo à, <wrt:wait,30>cậu có thực sự ổn không?","<wrt:delay,3>Siwoo... <wrt:wait,30>¿de verdad estarás bien?","<wrt:delay,3>Siwoo. <wrt:wait,30>Apa ini tidak akan menjadi masalah?","<wrt:delay,3>ชีอู <wrt:wait,30>นายจะโอเคแน่เหรอ?","<wrt:delay,3>Siwoo... <wrt:wait,30>Será que vai dar tudo certo?"
,,,백시우,,-2_놀람,,,"거, <wrt:wait,30>걱정하지 마, 다희야.<wrt:wait,30> 사라와도 경기했잖아.","D- <wrt:wait,30>don’t worry, Dahee.<wrt:wait,30>I played against Sara before.","し、<wrt:wait,30>心配ないって、夏希。<wrt:wait,30>紗良とも試合したじゃないか。","别、<wrt:wait,30>别担心，多熙。<wrt:wait,30>我之前不也跟莎拉交过手嘛。","別、<wrt:wait,30>別擔心，多熙。<wrt:wait,30>我也跟莎拉比過賽啊。","Не...<wrt:wait,30>Не вешай нос, Дахи. <wrt:wait,30>Смог же я с Сарой сыграть.","J-jangan <wrt:wait,30>risau, Dahee. <wrt:wait,30>Saya pernah lawan Sara juga, kan?","Đừng...<wrt:wait,30> đừng lo Dahee à.<wrt:wait,30> Tớ đã đấu với Sara rồi mà.","<wrt:wait,30>Tranquila, Dahee.<wrt:wait,30> También jugué contra Sara, ¿no?","Te, <wrt:wait,30>tenang saja, Dahee.<wrt:wait,30> Kita kan telah bertanding dengan Sara juga.","มะ <wrt:wait,30>ไม่ต้องห่วงนะดาฮี<wrt:wait,30> ฉันก็เคยแข่งกับซาร่ามาแล้วนี่นา","R-<wrt:wait,30>relaxa, Dahee. <wrt:wait,30>Já joguei contra a Sara antes."
,,,백시우,,,,,금방 돌아올게.,See you after the match.,すぐに戻ってくるよ。,我很快就回来。,我很快就回來。,Скоро вернусь.,Jumpa lepas perlawanan.,Tớ sẽ quay lại ngay.,Volveré pronto.,Aku akan kembali dalam sekejap.,เดี๋ยวฉันกลับมานะ,"Não vou demorar, já volto."
7,경기 전,#,MAP,,,,,팬텀리그_내부,팬텀리그_내부,팬텀리그_내부,팬텀리그_내부,팬텀리그_내부,팬텀리그_내부,팬텀리그_내부,팬텀리그_내부,팬텀리그_내부,팬텀리그_내부,팬텀리그_내부,팬텀리그_내부
,,#,BGM,,,,,BGM_INTO_THE_UNDERGROUND,BGM_INTO_THE_UNDERGROUND,BGM_INTO_THE_UNDERGROUND,BGM_INTO_THE_UNDERGROUND,BGM_INTO_THE_UNDERGROUND,BGM_INTO_THE_UNDERGROUND,BGM_INTO_THE_UNDERGROUND,BGM_INTO_THE_UNDERGROUND,BGM_INTO_THE_UNDERGROUND,BGM_INTO_THE_UNDERGROUND,BGM_INTO_THE_UNDERGROUND,BGM_INTO_THE_UNDERGROUND
,,#,백시우,-1,-1_엥,,,,,,,,,,,,,,
,,#,정다희,-2,-4_경계,,,,,,,,,,,,,,
,,#,라울,2,1_기본,,,,,,,,,,,,,,
,,#,카를라,4,1_기본,,,,,,,,,,,,,,
,,#,제니,4,1_기본,,,,,,,,,,,,,,
,,,라울,,1_기본,,,애송이. 이름이 뭐지?,"Kid, what’s your name?",小僧。名前は？,小鬼，叫什么名字？,小鬼，你叫什麼名字？,"Эй, салага! Зовут тебя как?","Budak, apa nama kau?","Này nhóc, tên cậu là gì?","Oye, novato, ¿cómo te llamas?",Bocah. Apa namamu?,เจ้ามือใหม่ นายชื่ออะไร?,"E aí, novato, qual é o seu nome?"
,,,백시우,,-1_무표정,pause,,"‥<txt:bold,2><txt:color,orange>백시우</txt:bold></txt:color>입니다.","...My name is <txt:bold,2><txt:color,orange>Siwoo Baek</txt:bold></txt:color>.","...<txt:bold,2><txt:color,orange>白井新</txt:bold></txt:color>です。","......<txt:bold,2><txt:color,orange>白时宇</txt:bold></txt:color>。","...我叫<txt:bold,2><txt:color,orange>白時宇</txt:bold></txt:color>。","...<txt:bold,2><txt:color,orange>Бэк Шиу</txt:bold></txt:color>.","... Nama saya <txt:bold,2><txt:color,orange>Siwoo Baek</txt:bold></txt:color>.","<txt:bold,2><txt:color,orange>Baek Siwoo</txt:bold></txt:color>.","...Me llamo <txt:bold,2><txt:color,orange>Siwoo</txt:bold></txt:color>.","...Nama saya adalah <txt:bold,2><txt:color,orange>Siwoo Baek</txt:bold></txt:color>.","...<txt:bold,2><txt:color,orange>แบคชีอู</txt:bold></txt:color>ครับ","Eu sou <txt:bold,2><txt:color,orange>Siwoo Baek</txt:bold></txt:color>."
,,,라울,,1_기본,,,"<txt:bold,2><txt:color,orange>백시우</txt:bold></txt:color>.","<txt:bold,2><txt:color,orange>Siwoo Baek</txt:bold></txt:color>.","<txt:bold,2><txt:color,orange>白井新</txt:bold></txt:color>。","<txt:bold,2><txt:color,orange>白时宇</txt:bold></txt:color>。","<txt:bold,2><txt:color,orange>白時宇</txt:bold></txt:color>。","<txt:bold,2><txt:color,orange>Бэк Шиу</txt:bold></txt:color>.","<txt:bold,2><txt:color,orange>Siwoo Baek</txt:bold></txt:color>.","<txt:bold,2><txt:color,orange>Baek Siwoo</txt:bold></txt:color>.","<txt:bold,2><txt:color,orange>Siwoo</txt:bold></txt:color>.","<txt:bold,2><txt:color,orange>Siwoo Baek</txt:bold></txt:color>.","<txt:bold,2><txt:color,orange>แบคชีอู</txt:bold></txt:color>","<txt:bold,2><txt:color,orange>Siwoo Baek</txt:bold></txt:color>."
,,,TAG,,,,,"<cha:qpos,라울,0>","<cha:qpos,라울,0>","<cha:qpos,라울,0>","<cha:qpos,라울,0>","<cha:qpos,라울,0>","<cha:qpos,라울,0>","<cha:qpos,라울,0>","<cha:qpos,라울,0>","<cha:qpos,라울,0>","<cha:qpos,라울,0>","<cha:qpos,라울,0>","<cha:qpos,라울,0>"
,,,TAG,,,,,"<sys:sfx,언더서브><cha:face,백시우,-2_당황>","<sys:sfx,언더서브><cha:face,백시우,-2_당황>","<sys:sfx,언더서브><cha:face,백시우,-2_당황>","<sys:sfx,언더서브><cha:face,백시우,-2_당황>","<sys:sfx,언더서브><cha:face,백시우,-2_당황>","<sys:sfx,언더서브><cha:face,백시우,-2_당황>","<sys:sfx,언더서브><cha:face,백시우,-2_당황>","<sys:sfx,언더서브><cha:face,백시우,-2_당황>","<sys:sfx,언더서브><cha:face,백시우,-2_당황>","<sys:sfx,언더서브><cha:face,백시우,-2_당황>","<sys:sfx,언더서브><cha:face,백시우,-2_당황>","<sys:sfx,언더서브><cha:face,백시우,-2_당황>"
,,,-,,,,,"<txt:size,2><txt:shake,2><eff:shake,2>(퍽!)<cha:pop,백시우>","<txt:size,2><txt:shake,2><eff:shake,2>(Pow!)<cha:pop,백시우>","<txt:size,2><txt:shake,2><eff:shake,2>(パン！)<cha:pop,백시우>","<txt:size,2><txt:shake,2><eff:shake,2>(砰！)<cha:pop,백시우>","<txt:size,2><txt:shake,2><eff:shake,2>(砰！)<cha:pop,백시우>","<txt:size,2><txt:shake,2><eff:shake,2>(Туф!)<cha:pop,백시우>","<txt:size,2><txt:shake,2><eff:shake,2>(Pow!)<cha:pop,백시우>","<txt:size,2><txt:shake,2><eff:shake,2>(Bốp!)<cha:pop,백시우>","<txt:size,2><txt:shake,2><eff:shake,2>(¡Paf!)<cha:pop,백시우>","<txt:size,2><txt:shake,2><eff:shake,2>(Bruk!)<cha:pop,백시우>","<txt:size,2><txt:shake,2><eff:shake,2>(พลั่ก!)<cha:pop,백시우>","<txt:size,2><txt:shake,2><eff:shake,2>(Pof!)<cha:pop,백시우>"
,,,정다희,,-1_당황,shake,exclam,"<txt:shake,2>꺅?! <wrt:wait,30>시우야! <txt:size,2><wrt:wait,30>이게 무슨 짓이에요!!!","<txt:shake,2>Eeek?! <wrt:wait,30>Siwoo! <txt:size,2><wrt:wait,30>What are you doing!!!","<txt:shake,2>きゃっ？！<wrt:wait,30>新！<txt:size,2><wrt:wait,30>何てことするんですか！！！","<txt:shake,2>啊？！<wrt:wait,30>白时宇！<txt:size,2><wrt:wait,30>你这是干什么！！！","<txt:shake,2>啊？！<wrt:wait,30>時宇！<txt:size,2><wrt:wait,30>這是在做什麼啊！！！","<txt:shake,2>Ай?! <wrt:wait,30>Шиу! <txt:size,2><wrt:wait,30>Что вы себе позволяете?!","<txt:shake,2>Eeek?! <wrt:wait,30>Siwoo! <txt:size,2><wrt:wait,30>Apa kau buat!!!","<txt:shake,2>Kyaa!! <wrt:wait,30>Siwoo! <txt:size,2><wrt:wait,30>Anh làm cái quái gì vậy!!!","<txt:shake,2>¡¿Eh?! <wrt:wait,30>¡Siwoo! <txt:size,2><wrt:wait,30>¡¿Pero qué crees que estás haciendo?!","<txt:shake,2>Kyahhhh?! <wrt:wait,30>Siwoo! <txt:size,2><wrt:wait,30>Apa yang Anda lakukan!!!","<txt:shake,2>กรี๊ด! <wrt:wait,30>ชีอู! <txt:size,2><wrt:wait,30>ทำอะไรของคุณคะเนี่ย!!!","<txt:shake,2>Argghh! <wrt:wait,30>Siwoo! <txt:size,2><wrt:wait,30>Ei, que diabos você tá fazendo?!"
,,,TAG,,,,,"<cha:pos,라울,2>","<cha:pos,라울,2>","<cha:pos,라울,2>","<cha:pos,라울,2>","<cha:pos,라울,2>","<cha:pos,라울,2>","<cha:pos,라울,2>","<cha:pos,라울,2>","<cha:pos,라울,2>","<cha:pos,라울,2>","<cha:pos,라울,2>","<cha:pos,라울,2>"
,,,라울,,1_기본,,,"<txt:bold,2><txt:color,orange>백시우</txt:bold></txt:color>. 진심으로 이기고 싶긴 하냐?","<txt:bold,2><txt:color,orange>Siwoo Baek</txt:bold></txt:color>. Do you really want to win?","<txt:bold,2><txt:color,orange>白井新</txt:bold></txt:color>、てめえ。本気で勝ちたいのか？","<txt:bold,2><txt:color,orange>白时宇</txt:bold></txt:color>。你小子是真心想赢吗？","<txt:bold,2><txt:color,orange>白時宇</txt:bold></txt:color>。你真的有想贏我嗎？","<txt:bold,2><txt:color,orange>Бэк Шиу</txt:bold></txt:color>. Ты вообще хочешь победить или как?","<txt:bold,2><txt:color,orange>Siwoo Baek</txt:bold></txt:color>. Kau betul-betul nak menang?","<txt:bold,2><txt:color,orange>Baek Siwoo</txt:bold></txt:color>! Cậu có thực sự muốn thắng không vậy?","<txt:bold,2><txt:color,orange>Siwoo</txt:bold></txt:color>, ¿de verdad quieres ganar?","<txt:bold,2><txt:color,orange>Siwoo Baek</txt:bold></txt:color>. Apa kau benar-benar ingin menang?","<txt:bold,2><txt:color,orange>แบคชีอู</txt:bold></txt:color> นายอยากชนะจากใจจริงงั้นเหรอ?","<txt:bold,2><txt:color,orange>Siwoo Baek</txt:bold></txt:color>. Você quer mesmo ganhar?"
,,,백시우,,-2_당황,pause,quest,"<txt:shake,1><wrt:delay,10>뭐‥?","<txt:shake,1><wrt:delay,10>What...?","<txt:shake,1><wrt:delay,10>何...？","<txt:shake,1><wrt:delay,10>什......什么？","<txt:shake,1><wrt:delay,10>什麼...？","<txt:shake,1><wrt:delay,10>Что...?","<txt:shake,1><wrt:delay,10>Apa...?","<txt:shake,1><wrt:delay,10>Sao...?","<txt:shake,1><wrt:delay,10>¿Qué...?","<txt:shake,1><wrt:delay,10>Apa...?","<txt:shake,1><wrt:delay,10>หา...?","<txt:shake,1><wrt:delay,10>Como assim?"
,,,라울,,1_짜증,,,"네가 죽기살기로 뛰어도 절대 이길 수 없는 <txt:bold,2>이 몸</txt:bold> 앞에서, <wrt:wait,30>대충해?","You wouldn’t be able to beat <txt:bold,2>me</txt:bold> even if you fought with everything you've got, <wrt:wait,30>and you’re still half-assing it?","お前が死に物狂いで跳んでも絶対に勝てない<txt:bold,2>この俺</txt:bold>の前で、<wrt:wait,30>手を抜くのか？","在我这个你拼尽全力也绝对赢不了的<txt:bold,2>天才</txt:bold>面前，居然还敢<wrt:wait,30>敷衍了事？","就算你拼盡全力也絕對贏不了我這種<txt:bold,2>強者</txt:bold>，<wrt:wait,30>居然還敢在我面前敷衍了事？","Тебе даже на пределе сил не обыграть <txt:bold,2>меня</txt:bold>, но ты все равно <wrt:wait,30>халтуришь?","Kau takkan dapat kalahkan <txt:bold,2>aku</txt:bold> walau dah guna habis tenaga, <wrt:wait,30>dan kau masih main-main?","Trước mặt <txt:bold,2>ta</txt:bold> - người mà dù cậu có liều mạng thi đấu cũng không thể thắng được<wrt:wait,30> mà cậu dám chơi qua loa thế à?","Aunque des la vida en la cancha, nunca podrás vencer <txt:bold,2>a alguien como yo</txt:bold>. <wrt:wait,30>¿Y aun así te lo tomas a la ligera?","Melawan <txt:bold,2>aku</txt:bold>, yang tak akan bisa kau kalahkan meski bertaruh nyawa, <wrt:wait,30>kau berani main setengah hati?","<txt:bold,2>ฉันผู้นี้</txt:bold>ที่นายไม่มีทางเอาชนะได้แม้จะเล่นแบบสุดชีวิตก็ตาม <wrt:wait,30>แต่นายกลับเล่นแบบส่งๆ งั้นเหรอ?","Você nunca vai ganhar de <txt:bold,2>mim</txt:bold> , mesmo dando o máximo, <wrt:wait,30>e tá jogando de qualquer jeito?"
,,,라울,,1_짜증,,,간만에 몸 좀 풀 수 있나 했더니. ,And here I was thinking I'd get to work out a bit after so long.,久しぶりに体でも動かせるかと思ったのに。,还以为总算能好好活动活动筋骨了呢。,還以為難得可以好好活動一下筋骨呢。,"Думал, хоть размяться получится...",Aku sangka boleh 'panaskan badan' sikit hari ni.,Cứ tưởng lâu lắm rồi mới có dịp giãn gân cốt chứ...,Pensé que por fin iba a poder calentar un poco.,Ku kira aku akan dapat menjadikan ini sebagai pemanasan.,อุตส่าห์คิดว่าจะได้ยืดเส้นยืดสายสักหน่อย,"Achei que finalmente poderia me aquecer, mas..."
,,,라울,,1_짜증,,,"<txt:bold,2>이게 네 최선이라면 다시는 내 코트에 올라오지 마.","<txt:bold,2>If this is your best, don’t ever think about entering my court.","<txt:bold,2>その程度の覚悟なら、二度と俺のコートに上がってくるな。","<txt:bold,2>要是这就是你的全力，那以后就别再踏上本大爷的球场！","<txt:bold,2>如果這就是你的全力，以後就別再踏上我的球場！","<txt:bold,2>Если это твой максимум, то больше не появляйся на моем корте.","<txt:bold,2>Kalau ini yang terbaik kau boleh buat, jangan berani jejak gelanggang aku lagi.","<txt:bold,2>Nếu đây là tất cả những gì cậu có thì đừng bao giờ bước lên sân đấu của ta nữa.","<txt:bold,2>Si eso es lo mejor que puedes hacer, no vuelvas a subirte a mi cancha.","<txt:bold,2>Jika hanya ini batas dari kemampuanmu maka jangan pernah menginjakkan kakimu di lapanganku.","<txt:bold,2>ถ้านี่คือเต็มที่ของนายแล้ว ก็อย่าคิดจะก้าวเข้ามาบนสนามของฉันอีก","<txt:bold,2>Se isso é o seu melhor, então nunca mais coloque os pés na minha quadra."
,,,TAG,,,,,"<cha:pop,백시우>","<cha:pop,백시우>","<cha:pop,백시우>","<cha:pop,백시우>","<cha:pop,백시우>","<cha:pop,백시우>","<cha:pop,백시우>","<cha:pop,백시우>","<cha:pop,백시우>","<cha:pop,백시우>","<cha:pop,백시우>","<cha:pop,백시우>"
,,,라울,,1_짜증,,,"<txt:shake,1>퉤.</txt:shake> 시간 낭비였어.","<txt:shake,1>Ptoo.</txt:shake> This was a waste of time.","<txt:shake,1>ぺっ。</txt:shake>時間の無駄だった。","<txt:shake,1>呸！</txt:shake>真是浪费时间。","<txt:shake,1>呸。</txt:shake>根本浪費時間。","<txt:shake,1>Тьфу</txt:shake>, пустая трата времени.","<txt:shake,1>Ceh.</txt:shake> Buang masa je.","<txt:shake,1>Phì.</txt:shake> Lãng phí thời gian!","<txt:shake,1>Puaj.</txt:shake> Qué pérdida de tiempo.","<txt:shake,1>Cihh.</txt:shake> Aku telah buang waktu.","<txt:shake,1>ถุย</txt:shake> เสียเวลาชะมัด","<txt:shake,1>Ah, que coisa! </txt:shake>Só perdi meu tempo."
,,,TAG,,,,,"<cha:pos,정다희,0>","<cha:pos,정다희,0>","<cha:pos,정다희,0>","<cha:pos,정다희,0>","<cha:pos,정다희,0>","<cha:pos,정다희,0>","<cha:pos,정다희,0>","<cha:pos,정다희,0>","<cha:pos,정다희,0>","<cha:pos,정다희,0>","<cha:pos,정다희,0>","<cha:pos,정다희,0>"
,,,정다희,,-1_삐약,shake,exclam,"<wrt:delay,1><txt:shake,2>무슨 짓이에요!!!!","<wrt:delay,1><txt:shake,2>How dare you!!!","<wrt:delay,1><txt:shake,2>何てことするんですか！！！！","<wrt:delay,1><txt:shake,2>你这是干什么！！！！","<wrt:delay,1><txt:shake,2>你這是什麼態度！！！！","<wrt:delay,1><txt:shake,2>Ты что себе позволяешь?!!","<wrt:delay,1><txt:shake,2>Kurang ajar!!!","<wrt:delay,1><txt:shake,2>Anh làm cái quái gì vậy!!!","<wrt:delay,1><txt:shake,2>¡¡¡¿Qué demonios fue eso?!!!","<wrt:delay,1><txt:shake,2>Apa yang Anda lakukan!!!!","<wrt:delay,1><txt:shake,2>ทำบ้าอะไรของคุณเนี่ย!!!!","<wrt:delay,1><txt:shake,2>Ei, o que você tá fazendo?"
,,,라울,,1_기본,,angry,호오?,Huh?,ほう？,哦？,哦？,Э?,Huh?,Ô?,¿Hmm?,Hohhh?,โอ้?,Hã?
,,,정다희,,-1_당황,,,"<wrt:delay,1>대충한 건 당신이잖아! <wrt:break><txt:bold,2>자기 뜻대로 안 되면 누워버리는 당신이 시우한테 그런 소리를 할 자격 있어?","<wrt:delay,1>You're the one who didn't try hard! <wrt:break><txt:bold,2>What right do you have to talk to Siwoo like that when you lie down and quit whenever things don't go as you want?","<wrt:delay,1>手を抜いたのはあなたじゃないですか！<wrt:break><txt:bold,2>自分の思い通りにならないとすぐ投げやりになるあなたが、新にそんなことを言う資格があるの？","<wrt:delay,1>敷衍了事的是你吧！<wrt:break><txt:bold,2>一不顺心就躺平摆烂的你，有什么资格对白时宇说三道四？","<wrt:delay,1>敷衍了事的人是你吧！<wrt:break><txt:bold,2>自己動不動就擺爛，有什麼資格對時宇說三道四啊？","<wrt:delay,1>Это ты халтурил! <wrt:break><txt:bold,2>Сам лег, как только игра пошла не по твоему плану, и еще смеешь упрекать Шиу?","<wrt:delay,1>Kaulah yang main sambil lewa! <wrt:break><txt:bold,2>Bila tak dapat apa yang kau nak, kau terus berbaring. Apa hak kau cakap macam tu pada Siwoo?","<wrt:delay,1>Ai chơi qua loa hả! <wrt:break><txt:bold,2>Anh mới là người nằm dài xuống khi mọi thứ không theo ý mình, vậy mà dám nói Siwoo như thế à?","<wrt:delay,1>¡Tú eres el que se lo toma a la ligera! <wrt:break><txt:bold,2>¿De verdad crees que tienes derecho a hablarle así a Siwoo, cuando tú eres el que se tira al suelo cada vez que las cosas no te salen bien?","<wrt:delay,1>Kamu yang main setengah hati! <wrt:break><txt:bold,2>Begitu ada yang tidak sesuai keinginanmu, kamu langsung rebahan. Apa kamu berhak bicara begitu kepada Siwoo?","<wrt:delay,1>คนที่เล่นแบบส่งๆ คือคุณต่างหาก! <wrt:break><txt:bold,2>พอไม่เป็นไปตามใจตัวเองก็มาล้มเลิกเอาดื้อๆ คนแบบคุณมีสิทธิ์พูดแบบนั้นกับชีอูด้วยเหรอ?","<wrt:delay,1>Foi você quem jogou de qualquer jeito! <wrt:break><txt:bold,2>E você, que sempre deita quando as coisas não saem como quer, tem moral para dizer isso pro Siwoo?"
,,,정다희,,-1_삐약,,,"<wrt:delay,1>그리고 <txt:bold,2>이탈리아</txt:bold>로 오는 길에 당신에 대해 다 알아봤어!","<wrt:delay,1>And we looked you up on our way to <txt:bold,2>Italy</txt:bold>!","<wrt:delay,1>それに<txt:bold,2>イタリア</txt:bold>に来る途中、あなたについて全部調べたわ！","<wrt:delay,1>而且，来<txt:bold,2>意大利</txt:bold>的路上，我早就把你查了个底朝天！","<wrt:delay,1>而且在來<txt:bold,2>義大利</txt:bold>的路上，我早就把你的底細摸得一清二楚了！","<wrt:delay,1>И да, по дороге в <txt:bold,2>Италию</txt:bold> я много что узнала про тебя!","<wrt:delay,1>Aku dah cari segala maklumat tentang kau dalam perjalanan ke <txt:bold,2>Itali</txt:bold>!","<wrt:delay,1>Và trên đường đến <txt:bold,2>Ý</txt:bold> tôi đã tìm hiểu về anh rồi!","<wrt:delay,1>Y además, ¡investigué sobre ti cuando venía a <txt:bold,2>Italia</txt:bold>!","<wrt:delay,1>Dan juga selama aku dalam perjalanan ke <txt:bold,2>Italia</txt:bold>, aku telah mencari tahu semua tentangmu!","<wrt:delay,1>แล้วระหว่างทางที่มา<txt:bold,2>อิตาลี</txt:bold> ฉันก็ค้นหาข้อมูลเกี่ยวกับคุณมาหมดแล้ว!","<wrt:delay,1>E no caminho pra <txt:bold,2>Itália</txt:bold>, pesquisei tudo sobre você!"
,,,정다희,,-1_삐약,,,"<wrt:delay,1>이전 팀에서 소란만 일으키고, <txt:bold,2>심지어 경기 중에 심판한테 주먹질까지 했잖아!","<wrt:delay,1>You kept making trouble in your previous team and <txt:bold,2>even became violent towards a referee during a match!","<wrt:delay,1>前のチームでも揉め事ばかり起こして、<txt:bold,2>試合中に審判に殴りかかったんでしょ！","<wrt:delay,1>你在之前的队伍里惹是生非，<txt:bold,2>甚至还在比赛中动手打裁判！","<wrt:delay,1>你在之前的隊伍裡只會鬧事，<txt:bold,2>甚至還在比賽中對裁判動手！","<wrt:delay,1>Ты только и делаешь, что дерешься и скандалишь. <txt:bold,2>На одной из игр даже судью ударил!","<wrt:delay,1>Kau asyik cetus masalah dalam pasukan lama, malah <txt:bold,2>kau tumbuk pengadil semasa perlawanan!","<wrt:delay,1>Chỉ biết gây rối trong đội trước đây, <txt:bold,2>thậm chí còn đấm cả trọng tài giữa trận đấu!","<wrt:delay,1>En tu equipo anterior solo causaste problemas, <txt:bold,2>¡y hasta golpeaste a un árbitro en medio de un partido!","<wrt:delay,1>Membuat keributan di tim sebelumnya, <txt:bold,2>lalu menggunakan kekerasan kepada wasit di tengah pertandingan!","<wrt:delay,1>คุณเอาแต่สร้างเรื่องตอนอยู่ทีมก่อน <txt:bold,2>แถมยังเคยชกกรรมการระหว่างการแข่งด้วยซ้ำ!","<wrt:delay,1>Você só causou confusão no time anterior e, <txt:bold,2>no meio do jogo, até deu um soco no árbitro!"
,,,정다희,,-1_삐약,shake,exclam,"<wrt:delay,1>폭력을 쓰다 팀에서 쫓겨난 당신보다</txt:color><txt:shake,1><wrt:break><txt:size,2><wrt:wait,30><txt:bold,2>시우가 백 배 천 배는 배구에 진심이야!","<wrt:delay,1>Compared to you who was kicked out of your team for using violence,</txt:color><txt:shake,1><wrt:break><txt:size,2><wrt:wait,30><txt:bold,2>Siwoo is a hundred, a thousand times more sincere about volleyball!","<wrt:delay,1>暴力を振るってチームから追い出されたあなたなんかより</txt:color><txt:shake,1><wrt:break><txt:size,2><wrt:wait,30><txt:bold,2>新の方が百倍も千倍もバレーに真剣よ！","<wrt:delay,1>比起你这种因为暴力被队伍开除的家伙，</txt:color><txt:shake,1><wrt:break><txt:size,2><wrt:wait,30><txt:bold,2>白时宇对排球可比你认真一百倍一千倍！","<wrt:delay,1>比起你這種因為動粗而被踢出隊伍的人</txt:color>，<txt:shake,1><wrt:break><txt:size,2><wrt:wait,30><txt:bold,2>時宇對排球的熱誠比你多上千倍萬倍！","<wrt:delay,1>Ты лишь драчун, которого вышвырнули из команды! </txt:color><txt:shake,1><wrt:break><txt:size,2><wrt:wait,30><txt:bold,2>Шиу в сто раз больше любит волейбол!","<wrt:delay,1>Berbanding kau yang dibuang pasukan kerana keganasan, </txt:color><txt:shake,1><wrt:break><txt:size,2><wrt:wait,30><txt:bold,2>Siwoo seratus, seribu kali lebih serius tentang bola tampar!","<wrt:delay,1>So với anh, kẻ dùng bạo lực rồi bị đuổi khỏi đội,</txt:color><txt:shake,1><wrt:break><txt:size,2><wrt:wait,30><txt:bold,2>Siwoo nghiêm túc với bóng chuyền gấp trăm lần, nghìn lần!","<wrt:delay,1>Usaste la violencia y te echaron del equipo.</txt:color><txt:shake,1><wrt:break><txt:size,2><wrt:wait,30><txt:bold,2>¡Siwoo es mil veces más serio que tú con el voleibol!","<wrt:delay,1>Kamu diusir dari tim karena melakukan kekerasan!</txt:color><txt:shake,1><wrt:break><txt:size,2><wrt:wait,30><txt:bold,2>Siwoo seratus, seribu kali lebih serius soal voli daripada kamu!","<wrt:delay,1>เทียบกับคนที่ถูกไล่ออกจากทีมเพราะใช้กำลังแบบคุณแล้ว</txt:color><txt:shake,1><wrt:break><txt:size,2><wrt:wait,30><txt:bold,2>ชีอูมีความจริงจังกับวอลเลย์บอลมากกว่าร้อยเท่าพันเท่าเลย!","<wrt:delay,1>O Siwoo é muito mais apaixonado pelo vôlei do que você, </txt:color><txt:shake,1><wrt:break><txt:size,2><wrt:wait,30><txt:bold,2>que foi expulso do time por violência!"
,,,TAG,,,,,"<sys:sfx,언더서브><cha:pos,라울,1>","<sys:sfx,언더서브><cha:pos,라울,1>","<sys:sfx,언더서브><cha:pos,라울,1>","<sys:sfx,언더서브><cha:pos,라울,1>","<sys:sfx,언더서브><cha:pos,라울,1>","<sys:sfx,언더서브><cha:pos,라울,1>","<sys:sfx,언더서브><cha:pos,라울,1>","<sys:sfx,언더서브><cha:pos,라울,1>","<sys:sfx,언더서브><cha:pos,라울,1>","<sys:sfx,언더서브><cha:pos,라울,1>","<sys:sfx,언더서브><cha:pos,라울,1>","<sys:sfx,언더서브><cha:pos,라울,1>"
,,,-,,,,,"<txt:size,2><txt:shake,2><eff:shake,2>(쾅!)","<txt:size,2><txt:shake,2><eff:shake,2>(Bam!)","<txt:size,2><txt:shake,2><eff:shake,2>(ドン！)","<txt:size,2><txt:shake,2><eff:shake,2>(砰！)","<txt:size,2><txt:shake,2><eff:shake,2>(哐!)","<txt:size,2><txt:shake,2><eff:shake,2>(Бам!)","<txt:size,2><txt:shake,2><eff:shake,2>(Bam!)","<txt:size,2><txt:shake,2><eff:shake,2>(Rầm!)","<txt:size,2><txt:shake,2><eff:shake,2>(¡Pum!)","<txt:size,2><txt:shake,2><eff:shake,2>(Duar!)","<txt:size,2><txt:shake,2><eff:shake,2>(ปึ้ง!)","<txt:size,2><txt:shake,2><eff:shake,2>(Bam!)"
,,,라울,,1_짜증,,,"‥이봐. <wrt:wait,30><txt:bold,2>지금 누구한테 말대답이냐?","Hey. <wrt:wait,30><txt:bold,2>Who do you think you're talking to?","...おい。<wrt:wait,30><txt:bold,2>今誰に口利いてんだ？","......喂。<wrt:wait,30><txt:bold,2>你现在是在跟谁顶嘴？","...喂。<wrt:wait,30><txt:bold,2>妳膽敢這樣回嘴？","Эй! <wrt:wait,30><txt:bold,2>Смелая сильно?","Hey. <wrt:wait,30><txt:bold,2>Kau cakap dengan siapa ni?","Này! <wrt:wait,30><txt:bold,2>Cô đang cãi lại ai vậy?","Oye. <wrt:wait,30><txt:bold,2>¿Quién te crees para hablarme así?","...Oi. <wrt:wait,30><txt:bold,2>Kamu pikir kamu sedang berbicara dengan siapa?","...เฮ้ <wrt:wait,30><txt:bold,2>ตอนนี้เธอคิดว่ากำลังเถียงอยู่กับใครกัน?","Ei... <wrt:wait,30><txt:bold,2>Com quem você acha que tá falando agora?"
,,,라울,,1_짜증,,pause,"여긴 너희들이 공놀이나 하던 학교 체육관이 아니야. <wrt:wait,30>‥죽고 싶어?","This isn't some school gym where you just fool around with balls. <wrt:wait,30>You wanna die?","ここはお前らが遊びでボール投げてた学校の体育館じゃないぞ。<wrt:wait,30>...死にてえのか？","这里可不是你们学校里那种小打小闹的体育馆。<wrt:wait,30>......想找死吗？","這裡可不是你們嬉鬧玩球的學校體育館。<wrt:wait,30>...活得不耐煩了是嗎？","Здесь тебе не детский сад.<wrt:wait,30>... Жить надоело?","Ini bukan gim sekolah untuk main suka-suka. <wrt:wait,30>Nak mati ke?","Đây không phải là phòng tập trường học chỗ các cô cậu chơi bóng đâu. <wrt:wait,30>Muốn chết à?","Esto no es el gimnasio de tu escuela donde jugabas con balones. <wrt:wait,30>¿Acaso quieres morir?","Ini bukanlah GYM sekolah tempat kalian biasa main bola. <wrt:wait,30>...Apa kamu sudah bosan hidup?","ที่นี่ไม่ใช่โรงยิมในโรงเรียนที่พวกเธอเล่นลูกบอลกันนะ <wrt:wait,30>...อยากตายรึไง?","Isso aqui não é a quadra da escola onde você brincava de bola. <wrt:wait,30>Tá pedindo pra morrer?"
,,,정다희,,-1_경계,pause,,"<txt:shake,1>당, <wrt:wait,30>당신이 먼저‥","<txt:shake,1>Y- <wrt:wait,30>you were the one who first...","<txt:shake,1>あ、<wrt:wait,30>あなたが先に...","<txt:shake,1>是、<wrt:wait,30>是你先......","<txt:shake,1>是、<wrt:wait,30>是你先...","<txt:shake,1>Ты... <wrt:wait,30>Ты первый...","<txt:shake,1>K-kau <wrt:wait,30>yang mula dulu...","<txt:shake,1>Anh... <wrt:wait,30>anh là người nói trước...","<txt:shake,1>T-Tú<wrt:wait,30> fuiste el que empezó...","<txt:shake,1>Ka, <wrt:wait,30>kamu yang duluan...","<txt:shake,1>กะ <wrt:wait,30>ก็คุณเป็นฝ่ายเริ่ม...","<txt:shake,1>F-<wrt:wait,30>foi você que começou..."
,,,TAG,,,,,"<cha:pop,백시우>","<cha:pop,백시우>","<cha:pop,백시우>","<cha:pop,백시우>","<cha:pop,백시우>","<cha:pop,백시우>","<cha:pop,백시우>","<cha:pop,백시우>","<cha:pop,백시우>","<cha:pop,백시우>","<cha:pop,백시우>","<cha:pop,백시우>"
,,,TAG,,,,,"<cha:pos,백시우,0><cha:pos,정다희,-1><cha:pos,라울,2>","<cha:pos,백시우,0><cha:pos,정다희,-1><cha:pos,라울,2>","<cha:pos,백시우,0><cha:pos,정다희,-1><cha:pos,라울,2>","<cha:pos,백시우,0><cha:pos,정다희,-1><cha:pos,라울,2>","<cha:pos,백시우,0><cha:pos,정다희,-1><cha:pos,라울,2>","<cha:pos,백시우,0><cha:pos,정다희,-1><cha:pos,라울,2>","<cha:pos,백시우,0><cha:pos,정다희,-1><cha:pos,라울,2>","<cha:pos,백시우,0><cha:pos,정다희,-1><cha:pos,라울,2>","<cha:pos,백시우,0><cha:pos,정다희,-1><cha:pos,라울,2>","<cha:pos,백시우,0><cha:pos,정다희,-1><cha:pos,라울,2>","<cha:pos,백시우,0><cha:pos,정다희,-1><cha:pos,라울,2>","<cha:pos,백시우,0><cha:pos,정다희,-1><cha:pos,라울,2>"
,,,백시우,,-1_무표정,,exclam,"<txt:shake,2><wrt:delay,1><txt:size,2>그 손 치워!","<txt:shake,2><wrt:delay,1><txt:size,2>Get your hands off her!","<txt:shake,2><wrt:delay,1><txt:size,2>その手を離せ！","<txt:shake,2><wrt:delay,1><txt:size,2>把你的脏手拿开！","<txt:shake,2><wrt:delay,1><txt:size,2>把你的髒手拿開！","<txt:shake,2><wrt:delay,1><txt:size,2>Руки убрал!","<txt:shake,2><wrt:delay,1><txt:size,2>Lepaskan dia!","<txt:shake,2><wrt:delay,1><txt:size,2>Bỏ cái tay ra!","<txt:shake,2><wrt:delay,1><txt:size,2>¡Quita esa mano!","<txt:shake,2><wrt:delay,1><txt:size,2>Singkirkan tanganmu!","<txt:shake,2><wrt:delay,1><txt:size,2>เอามือออกไปซะ!","<txt:shake,2><wrt:delay,1><txt:size,2>Tira essa mão daí!"
,,,TAG,,,,,"<cha:pos,백시우,-1><cha:pos,정다희,-2>","<cha:pos,백시우,-1><cha:pos,정다희,-2>","<cha:pos,백시우,-1><cha:pos,정다희,-2>","<cha:pos,백시우,-1><cha:pos,정다희,-2>","<cha:pos,백시우,-1><cha:pos,정다희,-2>","<cha:pos,백시우,-1><cha:pos,정다희,-2>","<cha:pos,백시우,-1><cha:pos,정다희,-2>","<cha:pos,백시우,-1><cha:pos,정다희,-2>","<cha:pos,백시우,-1><cha:pos,정다희,-2>","<cha:pos,백시우,-1><cha:pos,정다희,-2>","<cha:pos,백시우,-1><cha:pos,정다희,-2>","<cha:pos,백시우,-1><cha:pos,정다희,-2>"
,,,라울,,1_짜증,pause,,"하‥ <wrt:wait,30>이 쓰레기가‥","Ha... <wrt:wait,30>You piece of trash...","はぁ...<wrt:wait,30>このクズが...","哈......<wrt:wait,30>这不识抬举的垃圾......","哈...<wrt:wait,30>你這廢物...","Тьфу... <wrt:wait,30>Вот же мусор...","Ha... <wrt:wait,30>Sampah macam kau...","Ha... <wrt:wait,30>Thứ rác rưởi này...","Fuu... <wrt:wait,30>Eres una basura...","Hah... <wrt:wait,30>Sialan...","เฮ้อ... <wrt:wait,30>ไอ้ขยะนี่...","Aah... <wrt:wait,30>seu lixo..."
,,,TAG,,,,,"<cha:pos,라울,1>","<cha:pos,라울,1>","<cha:pos,라울,1>","<cha:pos,라울,1>","<cha:pos,라울,1>","<cha:pos,라울,1>","<cha:pos,라울,1>","<cha:pos,라울,1>","<cha:pos,라울,1>","<cha:pos,라울,1>","<cha:pos,라울,1>","<cha:pos,라울,1>"
,,,라울,,1_짜증,pause,angry,"재밌게 해주는군. 좋아, <wrt:wait,30>덤벼.","This is interesting. Fine, <wrt:wait,30>bring it on.","おもしれぇじゃねぇか。上等だ、<wrt:wait,30>かかってこいよ。","倒是挺会给本大爷找乐子。好啊，<wrt:wait,30>放马过来！","挺有意思的嘛。好啊，<wrt:wait,30>有本事放馬過來啊。","Драться лезешь? <wrt:wait,30>Ну сейчас повеселимся.","Menarik. Okey, <wrt:wait,30>mari lawan.","Thú vị đấy! Được, <wrt:wait,30>nhào vô!","Esto se está poniendo interesante. Bien. <wrt:wait,30>Atrévete.","Kamu mau coba. Baiklah, <wrt:wait,30>ayo.","ทำให้ฉันสนุกดีจริงๆ โอเค <wrt:wait,30>เข้ามาเลย","Tá ficando interessante. Enfim, <wrt:wait,30>vem pra cima!"
,,,TAG,,,,,"<cha:pos,카를라,2><wrt:wait,30>","<cha:pos,카를라,2><wrt:wait,30>","<cha:pos,카를라,2><wrt:wait,30>","<cha:pos,카를라,2><wrt:wait,30>","<cha:pos,카를라,2><wrt:wait,30>","<cha:pos,카를라,2><wrt:wait,30>","<cha:pos,카를라,2><wrt:wait,30>","<cha:pos,카를라,2><wrt:wait,30>","<cha:pos,카를라,2><wrt:wait,30>","<cha:pos,카를라,2><wrt:wait,30>","<cha:pos,카를라,2><wrt:wait,30>","<cha:pos,카를라,2><wrt:wait,30>"
,,,카를라,,1_기본,,,"<txt:bold,2><txt:color,orange>라울</txt:bold></txt:color>.","<txt:bold,2><txt:color,orange>Raul</txt:bold></txt:color>.","<txt:bold,2><txt:color,orange>ラウル</txt:bold></txt:color>。","<txt:bold,2><txt:color,orange>拉乌尔</txt:bold></txt:color>。","<txt:bold,2><txt:color,orange>拉烏爾</txt:bold></txt:color>。","<txt:bold,2><txt:color,orange>Рауль</txt:bold></txt:color>.","<txt:bold,2><txt:color,orange>Raul</txt:bold></txt:color>.","<txt:bold,2><txt:color,orange>Raul</txt:bold></txt:color>.","<txt:bold,2><txt:color,orange>Raúl</txt:bold></txt:color>.","<txt:bold,2><txt:color,orange>Raul</txt:bold></txt:color>.","<txt:bold,2><txt:color,orange>ราอุล</txt:bold></txt:color>","<txt:bold,2><txt:color,orange>Raul</txt:bold></txt:color>."
,,,라울,,1_짜증,,silent,‥,...,...,...,...,...,...,...,...,...,...,...
,,,라울,,1_짜증,pause,,‥‥,......,......,......,......,......,......,......,...,......,......,...
,,,라울,,1_짜증,pause,,"‥쳇. <wrt:wait,30>알았어.","...Tch. <wrt:wait,30>Fine.","...ちっ。<wrt:wait,30>わかったよ。","......切。<wrt:wait,30>知道了。","...嘖。<wrt:wait,30>知道了。","Вот черт... <wrt:wait,30>Ну и ладно.","...Tch. <wrt:wait,30>Baiklah.","Chết tiệt! <wrt:wait,30>Tôi biết rồi!","Tsk... <wrt:wait,30>Está bien.","...Cihhh. <wrt:wait,30>Ok.","...ชิ <wrt:wait,30>เข้าใจแล้ว","Tsc... <wrt:wait,30>Tá bom."
,,,라울,,1_기본,,,운 좋은 줄 알아. 애송이.,"Consider yourself lucky, kid.",運がいいな。小僧。,算你小子走运。,算你好運，小鬼。,"Считай, тебе повезло, салага.","Nasib kau baik, budak.","Coi như cậu may mắn đấy, nhóc con!","Hoy tuviste suerte, novato.",Anggap kamu itu beruntung. Bocah.,รู้ไว้เถอะว่านายโชคดี เจ้ามือใหม่,"Você teve sorte, novato."
,,,라울,,1_기본,,,"다음에 만나면 진짜로 <txt:bold,2>짓밟아주지.","Next time we meet, I’ll <txt:bold,2>crush you for real.","次に会ったら本気で<txt:bold,2>踏み潰してやる。","下次再让本大爷碰上，<txt:bold,2>非把你碾成渣不可！","下次再讓我遇到，我絕對會讓你<txt:bold,2>跪地求饒。","В следующий раз я тебя <txt:bold,2>раздавлю.","Lain kali kita jumpa, <txt:bold,2>aku akan betul-betul lumatkan kau.","Nếu còn gặp lại, tôi sẽ <txt:bold,2>nghiền nát cậu.","La próxima vez que nos veamos, <txt:bold,2>te aplastaré de verdad.","Jika kita bertemu lagi maka <txt:bold,2>akan aku injak-injak dirimu.","ถ้าได้เจอกันอีกครั้งหน้า ฉันจะ<txt:bold,2>เหยียบนายให้จมดินของจริงแน่","Se eu te encontrar de novo, <txt:bold,2>vou te destruir de vez."
,,,TAG,,,,,"<cha:pos,라울,4>","<cha:pos,라울,4>","<cha:pos,라울,4>","<cha:pos,라울,4>","<cha:pos,라울,4>","<cha:pos,라울,4>","<cha:pos,라울,4>","<cha:pos,라울,4>","<cha:pos,라울,4>","<cha:pos,라울,4>","<cha:pos,라울,4>","<cha:pos,라울,4>"
,,,카를라,,1_기본,,,"미안해요. <txt:bold,2><txt:color,orange>라울</txt:bold></txt:color>을 대신해 제가 사과할게요.","My apologies. Allow me to express regret on behalf of <txt:bold,2><txt:color,orange>Raul</txt:bold></txt:color>.","申し訳ありません。<txt:bold,2><txt:color,orange>ラウル</txt:bold></txt:color>に代わって私が謝ります。","真抱歉。<txt:bold,2><txt:color,orange>拉乌尔</txt:bold></txt:color>他脾气不好，我代他向您道歉。","不好意思。<txt:bold,2>我代替<txt:color,orange>拉烏爾</txt:bold></txt:color>向您道歉。","Прошу прощения за <txt:bold,2><txt:color,orange>Рауля</txt:bold></txt:color>. Он перегнул палку.","Maafkan saya. Izinkan saya minta maaf bagi pihak <txt:bold,2><txt:color,orange>Raul</txt:bold></txt:color>.","Tôi xin lỗi. Thay mặt cho <txt:bold,2><txt:color,orange>Raul</txt:bold></txt:color>, tôi xin lỗi.","Lo siento. Me disculpo en nombre de <txt:bold,2><txt:color,orange>Raúl</txt:bold></txt:color>.","Saya minta maaf menggantikan <txt:bold,2><txt:color,orange>Raul</txt:bold></txt:color>.","ขอโทษแทน<txt:bold,2><txt:color,orange>ราอุล</txt:bold></txt:color>ด้วยนะคะ","Perdão, peço desculpas em nome do <txt:bold,2><txt:color,orange>Raul</txt:bold></txt:color>."
,,,카를라,,1_미소,,,오늘 충분히 날뛰지 못해서 화가 난 모양이에요. 저래 봬도 그렇게 나쁜 아이는 아니랍니다?,"It seems like he’s unsatisfied that he couldn’t play more. Despite his actions, he’s not such a bad kid.",今日は十分に暴れられなくて怒っているようです。ああ見えてもそんなに悪い子ではないんですよ？,他今天大概是没能尽兴，所以才发这么大火。别看他那样，其实也不是什么坏孩子。,他可能今天沒能盡情發洩，所以口氣比較衝一些。其實他也不是什麼壞孩子。,"Он злится, потому что не успел как следует разыграться. Но в душе Рауль хороший.",Dia nampaknya tak puas hati sebab tak dapat bermain lebih lama. Tapi dia bukan budak jahat sangat.,Có vẻ anh ta tức giận vì chưa được thỏa sức hôm nay. Nhưng anh ta không phải là người xấu đâu!,Parece que está frustrado por no haber podido desahogarse hoy. Aunque no lo parezca... en realidad no es tan mala persona.,Mungkin dia sedang merasa marah karena tidak dapat bertanding seperti yang dia inginkan. Meski begitu dia bukanlah orang yang jahat.,ท่าทางว่าเขาจะโมโหเพราะวันนี้ไม่ได้เล่นมากเท่าที่ต้องการ เห็นแบบนั้น แต่เขาก็ไม่ใช่เด็กไม่ดีหรอกค่ะ,"Parece que ele tá irritado por não ter brilhado o suficiente no jogo hoje. Por mais que não pareça, ele não é um garoto tão ruim."
,,,백시우,,-1_시무룩,,,"<wrt:delay,10>‥</wrt:delay><wrt:wait,30>이제 <txt:bold,2><txt:color,orange>제니</txt:bold></txt:color>를 만날 수 있는 건가요?","<wrt:delay,10>...</wrt:delay><wrt:wait,30>Now can we meet <txt:bold,2><txt:color,orange>Jenny</txt:bold></txt:color>?","<wrt:delay,10>...</wrt:delay><wrt:wait,30>これで<txt:bold,2><txt:color,orange>ジェニー</txt:bold></txt:color>に会えるんですか？","<wrt:delay,10>...</wrt:delay><wrt:wait,30>现在，我可以见到<txt:bold,2><txt:color,orange>珍妮</txt:bold></txt:color>了吗？","<wrt:delay,10>...</wrt:delay><wrt:wait,30>那麼現在可以見到<txt:bold,2><txt:color,orange>珍妮</txt:bold></txt:color>了吧？","<wrt:delay,10>...</wrt:delay><wrt:wait,30>Теперь нам можно увидеться с <txt:bold,2><txt:color,orange>Дженни</txt:bold></txt:color>?","<wrt:delay,10>...</wrt:delay><wrt:wait,30>Boleh kami jumpa <txt:bold,2><txt:color,orange>Jenny</txt:bold></txt:color>?","<wrt:delay,10>...</wrt:delay><wrt:wait,30>Vậy giờ tôi có thể gặp <txt:bold,2><txt:color,orange>Jenny</txt:bold></txt:color> được chưa?","<wrt:delay,10>...</wrt:delay><wrt:wait,30>Ahora, ¿podremos ver a <txt:bold,2><txt:color,orange>Jenny</txt:bold></txt:color>?","<wrt:delay,10>...</wrt:delay><wrt:wait,30>Jadi apa saya dapat bertemu dengan <txt:bold,2><txt:color,orange>Jenny</txt:bold></txt:color> sekarang?","<wrt:delay,10>...</wrt:delay><wrt:wait,30>ตอนนี้ผมจะได้เจอ<txt:bold,2><txt:color,orange>เจนนี่</txt:bold></txt:color>แล้วรึเปล่าครับ?","<wrt:delay,10>Então... </wrt:delay><wrt:wait,30>Agora posso finalmente ver a <txt:bold,2><txt:color,orange>Jenny</txt:bold></txt:color>?"
,,,카를라,,1_기본,,,"물론이죠. 아, <wrt:wait,30>제가 그 얘기를 아직 안 드렸군요?","Of course. Ah, <wrt:wait,30>didn’t I tell you?","もちろんです。あ、<wrt:wait,30>その話をまだしていませんでしたね？","当然了。啊，<wrt:wait,30>说起来，我还没告诉您那件事吧？","當然。啊，<wrt:wait,30>我還沒告訴您吧？","Разумеется. Ах, <wrt:wait,30>я совсем забыла сказать.","Sudah tentu. Ah, <wrt:wait,30>saya belum beritahu lagi, ya?","Tất nhiên rồi. À, <wrt:wait,30>tôi chưa nói với cậu nhỉ?","Claro. Ah, <wrt:wait,30>no te lo había dicho, ¿verdad?","Tentu saja. Oh, <wrt:wait,30>saya belum memberitahukan hal itu kepada Anda ya!","แน่นอนค่ะ อ้อ <wrt:wait,30>ฉันยังไม่ได้บอกเรื่องนั้นสินะคะ?","Sim, claro. <wrt:wait,30>Ah, esqueci de te contar uma coisa!"
,,,카를라,,1_무서움,,,"<txt:bold,2><txt:color,orange>엘리오</txt:bold></txt:color> 씨는 <txt:bold,2><txt:color,orange>제니</txt:bold></txt:color> 씨를 데리러 간 거였답니다.","<txt:bold,2><txt:color,orange>Mr. Ellio</txt:bold></txt:color> was sent to bring <txt:bold,2><txt:color,orange>Jenny</txt:bold></txt:color>.","<txt:bold,2><txt:color,orange>エリオ</txt:bold></txt:color>さんは<txt:bold,2><txt:color,orange>ジェニー</txt:bold></txt:color>さんをお迎えに上がったとこだったんですよ。","<txt:bold,2><txt:color,orange>埃利奥</txt:bold></txt:color>先生，其实是去接<txt:bold,2><txt:color,orange>珍妮</txt:bold></txt:color>小姐了。","<txt:bold,2><txt:color,orange>埃利奧</txt:bold></txt:color>先生，其實是去接<txt:bold,2><txt:color,orange>珍妮</txt:bold></txt:color>小姐了。","<txt:bold,2><txt:color,orange>Эллио</txt:bold></txt:color> как раз пошел за <txt:bold,2><txt:color,orange>Дженни</txt:bold></txt:color>.","<txt:bold,2><txt:color,orange>En Ellio</txt:bold></txt:color> dihantar untuk bawa <txt:bold,2><txt:color,orange>Jenny</txt:bold></txt:color>.","<txt:bold,2><txt:color,orange>Ellio</txt:bold></txt:color> đã đi đón <txt:bold,2><txt:color,orange>Jenny</txt:bold></txt:color> rồi.","<txt:bold,2><txt:color,orange>Ellio</txt:bold></txt:color> fue a buscar a <txt:bold,2><txt:color,orange>Jenny</txt:bold></txt:color>.","<txt:bold,2><txt:color,orange>Ellio</txt:bold></txt:color> pergi untuk membawa <txt:bold,2><txt:color,orange>Jenny</txt:bold></txt:color> kesini.","ว่าคุณ<txt:bold,2><txt:color,orange>เอลิโอ</txt:bold></txt:color>ไปพาคุณ<txt:bold,2><txt:color,orange>เจนนี่</txt:bold></txt:color>มาแล้วน่ะค่ะ","O <txt:bold,2><txt:color,orange>Ellio</txt:bold></txt:color> foi lá buscar a <txt:bold,2><txt:color,orange>Jenny</txt:bold></txt:color>."
,,,백시우,,-1_기본,,,"그럼 <txt:bold,2><txt:color,orange>제니</txt:bold></txt:color>는 지금 어디에—","Then where is <txt:bold,2><txt:color,orange>Jenny</txt:bold></txt:color> now—","では<txt:bold,2><txt:color,orange>ジェニー</txt:bold></txt:color>は今どこに—","那<txt:bold,2><txt:color,orange>珍妮</txt:bold></txt:color>她现在在——","那<txt:bold,2><txt:color,orange>珍妮</txt:bold></txt:color>現在在哪裡...","Где <txt:bold,2><txt:color,orange>она</txt:bold></txt:color> сейчас?","Jadi <txt:bold,2><txt:color,orange>Jenny</txt:bold></txt:color> sekarang—","Vậy <txt:bold,2><txt:color,orange>Jenny</txt:bold></txt:color> giờ đang ở đâu...","¿Entonces dónde está <txt:bold,2><txt:color,orange>Jenny</txt:bold></txt:color> ahora...?","Kalau begitu dimana <txt:bold,2><txt:color,orange>Jenny</txt:bold></txt:color> sekarang—","ถ้างั้นตอนนี้<txt:bold,2><txt:color,orange>เจนนี่</txt:bold></txt:color>อยู่ที่ไหน—","Onde a <txt:bold,2><txt:color,orange>Jenny</txt:bold></txt:color> tá agora?"
,,,카를라,,1_미소,,,"어디긴요. 바로 당신 뒤, <wrt:wait,30><txt:bold,2>코트 위에서 당신을 기다리고 있죠.","Where else? Right behind you, <wrt:wait,30><txt:bold,2>waiting for you on the court.","どこって、あなたの後ろにある<wrt:wait,30><txt:bold,2>コートであなたを待っていますよ。","还能在哪儿呢？当然是在您身后，<wrt:wait,30><txt:bold,2>在球场上等着您呢。","在哪裡？就在您身後，<wrt:wait,30><txt:bold,2>在球場上等著您呢。","Где же еще... <wrt:wait,30><txt:bold,2>Стоит на корте прямо за тобой.","Mana lagi? Tepat di belakang awak, <wrt:wait,30><txt:bold,2>dia sedang menunggu awak di gelanggang.","Ở đâu ư? Ngay sau lưng cậu, <wrt:wait,30><txt:bold,2>đang đợi cậu trên sân đấu.","¿Dónde crees? Justo detrás de ti. <wrt:wait,30><txt:bold,2>Te está esperando en la cancha.","Dimana lagi. Itu dibelakang Anda, <wrt:wait,30><txt:bold,2>dia sedang menunggu Anda diatas lapangan.","จะที่ไหนได้ล่ะคะ เธอกำลังรอคุณอยู่ <wrt:wait,30><txt:bold,2>ที่ด้านบนสนามข้างหลังคุณนั่นแหละค่ะ","Onde mais poderia ser? <wrt:wait,30><txt:bold,2>Ela está logo atrás de você, esperando na quadra."
,,,백시우,,-2_놀람,,quest,"<txt:shake,1><wrt:delay,10>네‥?!","<txt:shake,1><wrt:delay,10>What...?!","<txt:shake,1><wrt:delay,10>えっ...？！","<txt:shake,1><wrt:delay,10>什......什么？！","<txt:shake,1><wrt:delay,10>什麼...？！","<txt:shake,1><wrt:delay,10>Что...?!","<txt:shake,1><wrt:delay,10>Apa...?!","<txt:shake,1><wrt:delay,10>Sao cơ...?!","<txt:shake,1><wrt:delay,10>¡¿Qué?!","<txt:shake,1><wrt:delay,10>Apa...?!","<txt:shake,1><wrt:delay,10>ครับ...?!","<txt:shake,1><wrt:delay,10>Ahn?!"
,,,TAG,,,,,"<eff:black,3>","<eff:black,3>","<eff:black,3>","<eff:black,3>","<eff:black,3>","<eff:black,3>","<eff:black,3>","<eff:black,3>","<eff:black,3>","<eff:black,3>","<eff:black,3>","<eff:black,3>"
,,,TAG,,,,,<cha:qhide>,<cha:qhide>,<cha:qhide>,<cha:qhide>,<cha:qhide>,<cha:qhide>,<cha:qhide>,<cha:qhide>,<cha:qhide>,<cha:qhide>,<cha:qhide>,<cha:qhide>
,,,TAG,,,,,"<sys:map,팬텀리그_경기장>","<sys:map,팬텀리그_경기장>","<sys:map,팬텀리그_경기장>","<sys:map,팬텀리그_경기장>","<sys:map,팬텀리그_경기장>","<sys:map,팬텀리그_경기장>","<sys:map,팬텀리그_경기장>","<sys:map,팬텀리그_경기장>","<sys:map,팬텀리그_경기장>","<sys:map,팬텀리그_경기장>","<sys:map,팬텀리그_경기장>","<sys:map,팬텀리그_경기장>"
,,,진행자,,,,,"<txt:shake,1><txt:size,2>LV4의 왕좌를 노리는 두 강자! 이번 경기는 그야말로 라이벌 매치! <txt:bold,2><wrt:wait,30>지금 시작합니다!","<txt:shake,1><txt:size,2>The two powerhouses fighting to be the king of Lv.4! This is the rival match you have been waiting for! <txt:bold,2><wrt:wait,30>Starting now!","<txt:shake,1><txt:size,2>LV4の王座を狙う二人の強者！今回の試合はまさにライバルマッチ！<txt:bold,2><wrt:wait,30>ただいま開始します！","<txt:shake,1><txt:size,2>觊觎LV4王座的两大强者！这场比赛，可谓是真正的宿敌对决！<txt:bold,2><wrt:wait,30>现在开始！","<txt:shake,1><txt:size,2>覬覦LV4王座的兩位強者！這場比賽簡直就是宿命的對決！<txt:bold,2><wrt:wait,30>比賽開始！","<txt:shake,1><txt:size,2>Матч за корону четвертого уровня! Приготовьтесь, вас ждет <txt:bold,2><wrt:wait,30>решающий поединок!","<txt:shake,1><txt:size,2>Dua jaguh merebut takhta LV4! Inilah pertembungan dua seteru! <txt:bold,2><wrt:wait,30>Bermula sekarang!","<txt:shake,1><txt:size,2>Hai cao thủ đang nhắm đến ngôi vị LV4! Đây chính là cuộc đối đầu giữa hai kỳ phùng địch thủ! <txt:bold,2><wrt:wait,30>Bắt đầu ngay bây giờ!","<txt:shake,1><txt:size,2>¡Dos grandes rivales compiten por el trono del nivel 4! ¡Este enfrentamiento... <txt:bold,2><wrt:wait,30>comienza ahora!","<txt:shake,1><txt:size,2>2 Atlet hebat yang sedang mengincar takhta LV4! Pertandingan kali ini benar-benar pertandingan persaingan! <txt:bold,2><wrt:wait,30>Akan dimulai sekarang!","<txt:shake,1><txt:size,2>ผู้แข็งแกร่งทั้งสองที่หมายมาดบัลลังก์แห่ง Lv.4! การแข่งขันครั้งนี้เรียกว่าเป็นแมตช์คู่ปรับเลยทีเดียว! <txt:bold,2><wrt:wait,30>ซึ่งจะเริ่ม ณ บัดนี้!","<txt:shake,1><txt:size,2>Dois gigantes em busca do trono do Nv. 4! Esse é o confronto de rivais que todos esperavam! <txt:bold,2><wrt:wait,30>Vamos começar agora!"
,,,TAG,,,,,"<eff:black,3>","<eff:black,3>","<eff:black,3>","<eff:black,3>","<eff:black,3>","<eff:black,3>","<eff:black,3>","<eff:black,3>","<eff:black,3>","<eff:black,3>","<eff:black,3>","<eff:black,3>"
,,,TAG,,,,,</cha:hide>,</cha:hide>,</cha:hide>,</cha:hide>,</cha:hide>,</cha:hide>,</cha:hide>,</cha:hide>,</cha:hide>,</cha:hide>,</cha:hide>,</cha:hide>
,,,TAG,,,,,"<sys:map,팬텀리그_소등>","<sys:map,팬텀리그_소등>","<sys:map,팬텀리그_소등>","<sys:map,팬텀리그_소등>","<sys:map,팬텀리그_소등>","<sys:map,팬텀리그_소등>","<sys:map,팬텀리그_소등>","<sys:map,팬텀리그_소등>","<sys:map,팬텀리그_소등>","<sys:map,팬텀리그_소등>","<sys:map,팬텀리그_소등>","<sys:map,팬텀리그_소등>"
,,,백시우,,-2_놀람,,,"또‥ <wrt:wait,30><txt:shake,1><txt:shake,1>또 경기를 하라고요?","Again... <wrt:wait,30><txt:shake,1><txt:shake,1>You want me to play again?","また...<wrt:wait,30><txt:shake,1><txt:shake,1>また試合をしろって言うんですか？","又......<wrt:wait,30><txt:shake,1><txt:shake,1>又要我打比赛？","又...<wrt:wait,30><txt:shake,1><txt:shake,1>又要比賽？","Серьезно?! <wrt:wait,30><txt:shake,1><txt:shake,1>Еще одна игра?","Lagi...? <wrt:wait,30><txt:shake,1><txt:shake,1>Saya kena main lagi?","Lại... <wrt:wait,30><txt:shake,1><txt:shake,1>lại thi đấu á?","¿Otra vez...? <wrt:wait,30><txt:shake,1><txt:shake,1>¿Otra vez tengo que jugar?","Bertanding... <wrt:wait,30><txt:shake,1><txt:shake,1>Bertanding lagi?","จะ... <wrt:wait,30><txt:shake,1><txt:shake,1>จะให้ผมแข่งอีกงั้นเหรอครับ?","Sério? <wrt:wait,30><txt:shake,1><txt:shake,1>Você quer que eu jogue mais?"
,,,정다희,,-1_당황,shake,,"<txt:shake,2><txt:shake,1>카를라 씨! 시우는 오늘만 벌써 네 경기나 뛰었어요!","<txt:shake,2><txt:shake,1>Ms. Carla! Siwoo has already played four matches today!","<txt:shake,2><txt:shake,1>カルラさん！新は今日だけでもう４試合もしたんですよ！","<txt:shake,2><txt:shake,1>卡拉小姐！白时宇今天已经连着打了四场比赛了！","<txt:shake,2><txt:shake,1>卡拉小姐！時宇今天已經連打四場比賽了耶！","<txt:shake,2><txt:shake,1>Карла! Шиу уже сыграл четыре матча!","<txt:shake,2><txt:shake,1>Cik Carla! Siwoo dah main empat kali hari ini!","<txt:shake,2><txt:shake,1>Carla! Siwoo hôm nay đã thi đấu 4 trận rồi!","<txt:shake,2><txt:shake,1>¡Carla! ¡Siwoo ya ha jugado cuatro partidos hoy!","<txt:shake,2><txt:shake,1>Carla! Siwoo sudah bertanding 4 pertandingan pada hari ini!","<txt:shake,2><txt:shake,1>คุณคาร์ลา! แค่วันนี้ชีอูก็แข่งไปสี่เกมแล้วนะคะ!","<txt:shake,2><txt:shake,1>Carla! O Siwoo já jogou quatro partidas hoje!"
,,,카를라,,1_딴청,,,"어머나, 그랬군요? 그건 미처 몰랐네요.","Oh, did he? I didn’t know.",あら、そうだったんですか？それは知りませんでした。,哎呀，是这样吗？那我还真是疏忽了。,哎呀，是這樣嗎？那倒是我疏忽了呢。,Ну надо же? Я как-то не обратила внимания.,Oh ya ke? Saya tak tahu.,"Ôi, vậy sao? Tôi không biết.","Vaya, ¿en serio? No lo sabía.","Aduh, begitu ya? Saya tidak mengetahuinya.",อุ๊ยตาย งั้นเหรอคะ? ฉันไม่ทราบเลยค่ะ,"Ah, é mesmo? Poxa, eu não sabia."
,,,카를라,,1_제안,pause,,"하지만 방금 <txt:bold,2><txt:color,orange>엘리오</txt:bold></txt:color> 씨가 그러더군요. <txt:bold,2><txt:color,orange>제니</txt:color> 씨가 이곳을 떠나는 걸 거부했다고요.","But I just heard from <txt:bold,2><txt:color,orange>Mr. Ellio</txt:bold></txt:color> that <txt:bold,2><txt:color,orange>Ms. Jenny</txt:bold></txt:color> refused to leave here.","でも先ほど<txt:bold,2><txt:color,orange>エリオ</txt:bold></txt:color>さんが言っていましたよ。<txt:bold,2><txt:color,orange>ジェニー</txt:bold></txt:color>さんがここを離れるのを拒否したって。","不过，刚才<txt:bold,2><txt:color,orange>埃利奥</txt:bold></txt:color>先生说了，<txt:bold,2><txt:color,orange>珍妮</txt:bold></txt:color>小姐她，拒绝离开这里。","不過剛才<txt:bold,2><txt:color,orange>埃利奧</txt:bold></txt:color>先生說，<txt:bold,2><txt:color,orange>珍妮</txt:bold></txt:color>小姐她不願意離開這裡。","Знаете, а <txt:bold,2><txt:color,orange>Эллио</txt:bold></txt:color> мне только что сказал, что <txt:bold,2><txt:color,orange>Дженни</txt:bold></txt:color> и не думала уходить.","Tapi <txt:bold,2><txt:color,orange>En Ellio</txt:bold></txt:color> baru beritahu yang <txt:bold,2><txt:color,orange>Cik Jenny</txt:bold></txt:color> tak mahu keluar dari sini.","Nhưng <txt:bold,2><txt:color,orange>Ellio</txt:bold></txt:color> vừa nói với tôi rằng <txt:bold,2><txt:color,orange>Jenny</txt:bold></txt:color> từ chối rời khỏi đây.","Pero <txt:bold,2><txt:color,orange>Ellio</txt:bold></txt:color> acaba de decirme que <txt:bold,2><txt:color,orange>Jenny<txt:bold,2></txt:color> se negó a abandonar este lugar.","Tapi barusan saya telah mendengar dari <txt:bold,2><txt:color,orange>Ellio</txt:bold></txt:color> langsung. Katanya <txt:bold,2><txt:color,orange>Jenny</txt:color></txt:bold> telah menolak untuk meninggalkan tempat ini.","แต่เมื่อกี้คุณ<txt:bold,2><txt:color,orange>เอลิโอ</txt:bold></txt:color>บอกฉันน่ะค่ะ ว่าคุณ<txt:bold,2><txt:color,orange>เจนนี่</txt:bold></txt:color>ไม่ต้องการไปจากที่นี่","Mas o <txt:bold,2><txt:color,orange>Ellio</txt:bold></txt:color> acabou de me dizer que a <txt:bold,2><txt:color,orange>Jenny</txt:bold></txt:color> se recusou a ir embora."
,,,백시우,,-2_놀람,,silent,"‥<wrt:wait,30>예?","...<wrt:wait,30>What?","...<wrt:wait,30>え？","......<wrt:wait,30>啊？","...<wrt:wait,30>什麼？","...<wrt:wait,30>Как?","...<wrt:wait,30>Apa?","<wrt:wait,30>Gì cơ?","<wrt:wait,30>¿Eh...?","...<wrt:wait,30>Apa?","...<wrt:wait,30>ครับ?","<wrt:wait,30>O quê?"
,,,카를라,,1_기본,,,자존심이 무척 강한 선수라서요.,She's a player with very strong pride.,プライドがとても強い選手なんです。,她是个自尊心非常强的选手。,她是個自尊心非常強的選手。,Она очень амбициозна.,Dia seorang pemain yang sangat mementingkan maruah diri.,Cô ấy là một cầu thủ rất tự trọng.,Es una jugadora con mucho orgullo.,Katanya karena dia pemain dengan harga diri yang sangat tinggi.,เธอเป็นนักกีฬาที่มีความหยิ่งในศักดิ์ศรีสูงมากนะคะ,Ela tem um grande orgulho como atleta.
,,,카를라,,1_미소,,,"아마도 최고가 되지 못한 채 이곳을 떠나는 걸, <txt:bold,2><wrt:wait,30>자신이 용납하지 못하는 것 같아요.","It seems that she cannot accept leaving this place <txt:bold,2><wrt:wait,30>without becoming the best.","きっと、自分が「最高」になれないままここを去るのが、<txt:bold,2><wrt:wait,30>どうしても許せないのでしょうね。","我想，<txt:bold,2><wrt:wait,30>她大概是无法容忍自己没能成为最强者就离开这里吧。","大概是無法接受還沒成為頂尖強者就離開了這裡吧，<txt:bold,2><wrt:wait,30>她自己也過不去那道坎。","Думаю, она просто не может уйти, <txt:bold,2><wrt:wait,30>не став лучшей.","Nampaknya dia tak sanggup pergi <txt:bold,2><wrt:wait,30>sebelum menjadi yang terbaik.","Có lẽ cô ấy không thể chấp nhận việc rời đi khi chưa trở thành <txt:bold,2><wrt:wait,30>người giỏi nhất.","Parece que <txt:bold,2><wrt:wait,30>no puede aceptar marcharse sin haber sido la mejor.","Mungkin untuk meninggalkan tempat ini sebelum menjadi yang terbaik, <txt:bold,2><wrt:wait,30>harga dirinya tidak membiarkannya.","การไปจากที่นี่ทั้งที่ยังไม่ได้เป็นที่หนึ่ง <txt:bold,2><wrt:wait,30>อาจเป็นสิ่งที่เธอยอมรับไม่ได้","Parece que ela não conseguiu aceitar sair daqui... <txt:bold,2><wrt:wait,30>sem antes alcançar o topo..."
,,,정다희,,-1_당황,,,"<txt:shake,1>그런‥.","<txt:shake,1>That’s...","<txt:shake,1>そんな...","<txt:shake,1>怎么会......","<txt:shake,1>怎麼會這樣...。","<txt:shake,1>Вот как...","<txt:shake,1>Tu...","<txt:shake,1>Không thể nào...","<txt:shake,1>Pero...","<txt:shake,1>Tidak mungkin....","<txt:shake,1>นั่นมัน....","<txt:shake,1>Mas..."
,,,카를라,,1_기본,,,"그런데 시우 씨가 방금 <txt:bold,2><txt:color,orange>라울</txt:bold></txt:color>을 꺾었잖아요? 그 시우 씨가 <txt:bold,2><txt:color,orange>제니</txt:bold></txt:color>를 상대로 다시 한 번 승리한다면—","Since Siwoo just defeated <txt:bold,2><txt:color,orange>Raul</txt:bold></txt:color>, if that same Siwoo defeats <txt:bold,2><txt:color,orange>Ms. Jenny</txt:bold></txt:color> as well—","でも新さんが今<txt:bold,2><txt:color,orange>ラウル</txt:bold></txt:color>を打ち負かしたじゃないですか？その新さんが<txt:bold,2><txt:color,orange>ジェニー</txt:bold></txt:color>さんを相手にもう一度勝利すれば—","可是，白时宇先生刚才不是打败了<txt:bold,2><txt:color,orange>拉乌尔</txt:bold></txt:color>吗？如果那位白时宇先生能再次战胜<txt:bold,2><txt:color,orange>珍妮</txt:bold></txt:color>的话——","可是時宇先生剛才不是打敗了<txt:bold,2><txt:color,orange>拉烏爾</txt:bold></txt:color>嗎？如果時宇先生能再次戰勝<txt:bold,2><txt:color,orange>珍妮</txt:bold></txt:color>的話...","Ты ведь только что обыграл <txt:bold,2><txt:color,orange>Рауля</txt:bold></txt:color>. Если сейчас одолеешь еще и <txt:bold,2><txt:color,orange>Дженни</txt:bold></txt:color>, то...","Oleh sebab Siwoo baru kalahkan <txt:bold,2><txt:color,orange>Raul</txt:bold></txt:color>, kalau dia kalahkan <txt:bold,2><txt:color,orange>Cik Jenny</txt:bold></txt:color> juga—","Nhưng Siwoo vừa đánh bại <txt:bold,2><txt:color,orange>Raul</txt:bold></txt:color> rồi đúng không? Nếu Siwoo thắng <txt:bold,2><txt:color,orange>Jenny</txt:bold></txt:color> một lần nữa...","Siwoo ya venció a <txt:bold,2><txt:color,orange>Raúl</txt:bold></txt:color>. Si ahora vence también a <txt:bold,2><txt:color,orange>Jenny</txt:bold></txt:color>...","Tapi barusan Siwoo, Anda telah mengalahkan <txt:bold,2><txt:color,orange>Raul</txt:bold></txt:color> kan? Kalau begitu Anda tinggal menang sekali lagi melawan <txt:bold,2><txt:color,orange>Jenny</txt:bold></txt:color> maka—","แต่เมื่อกี้คุณชีอูเพิ่งจะล้ม<txt:bold,2><txt:color,orange>ราอุล</txt:bold></txt:color>ได้นี่คะ? ถ้าคุณชีอูแข่งกับคุณ<txt:bold,2><txt:color,orange>เจนนี่</txt:bold></txt:color>แล้วเอาชนะได้ล่ะก็—","Mas Siwoo, você acabou de derrotar o <txt:bold,2><txt:color,orange>Raul</txt:bold></txt:color>, certo? Se você conseguir vencer a <txt:bold,2><txt:color,orange>Jenny</txt:bold></txt:color> também..."
,,,카를라,,1_제안,pause,,"<txt:bold,2><txt:color,orange>제니</txt:color> 씨도‥<wrt:wait,30> 마음을 바꾸지 않을까요?","Wouldn’t that make <txt:bold,2><txt:color,orange>Ms. Jenny</txt:bold></txt:color> <wrt:wait,30>change her mind?","<txt:bold,2><txt:color,orange>ジェニー</txt:bold></txt:color>さんも...<wrt:wait,30>心変わりするかもしれませんよ？","<txt:bold,2><txt:color,orange>珍妮</txt:bold></txt:color>小姐她......<wrt:wait,30>会不会回心转意呢？","<txt:bold,2><txt:color,orange>珍妮</txt:bold></txt:color>小姐她...<wrt:wait,30>說不定會改變心意？","Может, <txt:bold,2><txt:color,orange>Дженни</txt:bold></txt:color> <wrt:wait,30> передумает?","Bukankah itu akan buat <txt:bold,2><txt:color,orange>Cik Jenny</txt:bold></txt:color> <wrt:wait,30>ubah fikiran?","Liệu <txt:bold,2><txt:color,orange>Jenny</txt:bold></txt:color> có thể... <wrt:wait,30>thay đổi suy nghĩ không?","¿No crees que <txt:bold,2><txt:color,orange>Jenny</txt:bold></txt:color>... <wrt:wait,30>también podría cambiar de opinión?","Mungkin saja dengan <txt:bold,2><txt:color,orange>Jenny</txt:color></txt:bold> juga...<wrt:wait,30> Akan mengubah pemikirannya?","คุณ<txt:bold,2><txt:color,orange>เจนนี่</txt:bold></txt:color>...<wrt:wait,30> อาจเปลี่ยนใจก็ได้รึเปล่าคะ?","Talvez a <txt:bold,2><txt:color,orange>Jenny</txt:color></txt:bold> também...<wrt:wait,30> mude de ideia, não acha?"
,,,카를라,,1_미소,,,"죄송해요. 미리 말씀드렸어야 했는데. 그게, 이곳은 워낙 변수가 많아서요.","I apologize. I should have informed you beforehand. It’s just, there are so many things that are unpredictable.",すみません。先に言っておくべきでした。ここは予期せぬことが多くて。,真抱歉。我本该早点告诉您的。只是，这里的情况总是瞬息万变，所以......,抱歉。我應該早點跟您說的，畢竟這裡變數實在太多了嘛。,"Извини, надо было тебе раньше сказать: у нас здесь все быстро меняется.","Maafkan saya. Patutnya saya maklum awal. Cuma, banyak perkara tak dijangka.",Tôi xin lỗi. Đáng lẽ tôi phải nói trước. Tại nơi này có quá nhiều biến số.,"Perdón por no habértelo contado antes. Es que aquí, las cosas cambian todo el tiempo.","Saya minta maaf. Seharusnya saya telah memberitahukannya sebelum ini. Tapi, ada terlalu banyak variabel di sini untuk dipertimbangkan.",ขอโทษด้วยนะคะ ฉันควรจะบอกคุณให้เร็วกว่านี้แท้ๆ ปกติแล้วที่นี่ค่อนข้างจะมีตัวแปรเยอะน่ะค่ะ,"Peço desculpas, devia ter avisado antes. É que as coisas aqui são muito imprevisíveis."
,,,정다희,,-1_당황,,exclam,"<txt:shake,1>시우야, 안 돼. ","<txt:shake,1>Siwoo, you can’t.","<txt:shake,1>新、だめよ。","<txt:shake,1>白时宇，不行！","<txt:shake,1>時宇，不要勉強了。","<txt:shake,1>Шиу, нет...","<txt:shake,1>Siwoo, tak boleh.","<txt:shake,1>Siwoo à, không được đâu.","<txt:shake,1>Siwoo, no.","<txt:shake,1>Siwoo, jangan.","<txt:shake,1>ชีอู ไม่ได้นะ","<txt:shake,1>Siwoo, não!"
,,,정다희,,-1_당황,,,"<txt:shake,1>이제 정말 무리야. <txt:size,1>지금은 쉬어야 해‥!","<txt:shake,1>This is really too much now. <txt:size,1>You need to rest...!","<txt:shake,1>もう本当に無理よ。<txt:size,1>今は休まなきゃ...！","<txt:shake,1>你真的撑不住了！<txt:size,1>现在必须休息......！","<txt:shake,1>真的不行了啦。<txt:size,1>你現在必須休息...！","<txt:shake,1>Ты уже на пределе. <txt:size,1>Надо немного передохнуть...!","<txt:shake,1>Ini terlalu berat. <txt:size,1>Kau perlu rehat...!","<txt:shake,1>Cậu sẽ kiệt sức mất. <txt:size,1>Cậu cần nghỉ ngơi...!","<txt:shake,1>Ya no puedes más. <txt:size,1>¡Tienes que descansar!","<txt:shake,1>Ini sudah berlebihan. <txt:size,1>Kamu harus beristirahat sekarang...!","<txt:shake,1>ตอนนี้มันเกินกำลังแล้วจริงๆ <txt:size,1>นายต้องพักนะ...!","<txt:shake,1>Isso já é demais, <txt:size,1>você precisa descansar..."
,,,TAG,,,,,"<sys:quiet,1000>","<sys:quiet,1000>","<sys:quiet,1000>","<sys:quiet,1000>","<sys:quiet,1000>","<sys:quiet,1000>","<sys:quiet,1000>","<sys:quiet,1000>","<sys:quiet,1000>","<sys:quiet,1000>","<sys:quiet,1000>","<sys:quiet,1000>"
,,,백시우,,-1_무표정,pause,,‥,...,...,...,...,...,...,...,...,...,...,...
,,,백시우,,-1_무표정,pause,,"괜찮아, 다희야.","I’m okay, Dahee.",大丈夫だよ、夏希。,没事的，多熙。,沒事的，多熙。,"Я справлюсь, Дахи.","Saya okey, Dahee.","Không sao đâu, Dahee à.","Estoy bien, Dahee.","Tidak apa-apa, Dahee.",ไม่เป็นไรหรอกดาฮี,"Fica tranquila, Dahee."
,,,정다희,,-1_당황,,,시우야‥,Siwoo...,新...,白时宇......,時宇...,Шиу...,Siwoo...,Siwoo...,Siwoo...,Siwoo...,ชีอู...,Siwoo...
,,,백시우,,-1_무표정,pause,,내가—,I’ll—,俺が—,我——,我...,Я должен...,Saya akan—,Tớ sẽ...,Yo...,Aku akan—,ฉัน—,Eu vou...
,,,백시우,,-1_무표정,pause,,"<txt:bold,2>어떻게든 설득해볼게.","<txt:bold,2>try to persuade her any way I can.","<txt:bold,2>なんとか説得してみるよ。","<txt:bold,2>我会想办法说服她的。","<txt:bold,2>我會想辦法說服她的。","<txt:bold,2>Убедить ее.","<txt:bold,2>cuba pujuk dia sebaik mungkin.","<txt:bold,2>thuyết phục cô ấy.","<txt:bold,2>Haré todo lo posible por convencerla.","<txt:bold,2>Cari cara untuk meyakinkannya.","<txt:bold,2>จะลองโน้มน้าวเธอให้ได้","<txt:bold,2>Tentar de tudo pra convencer."
,,,TAG,,,,,"<eff:black,3>","<eff:black,3>","<eff:black,3>","<eff:black,3>","<eff:black,3>","<eff:black,3>","<eff:black,3>","<eff:black,3>","<eff:black,3>","<eff:black,3>","<eff:black,3>","<eff:black,3>"
,,,TAG,,,,,"<sys:bgm,BGM_JAEHYEON1,600>","<sys:bgm,BGM_JAEHYEON1,600>","<sys:bgm,BGM_JAEHYEON1,600>","<sys:bgm,BGM_JAEHYEON1,600>","<sys:bgm,BGM_JAEHYEON1,600>","<sys:bgm,BGM_JAEHYEON1,600>","<sys:bgm,BGM_JAEHYEON1,600>","<sys:bgm,BGM_JAEHYEON1,600>","<sys:bgm,BGM_JAEHYEON1,600>","<sys:bgm,BGM_JAEHYEON1,600>","<sys:bgm,BGM_JAEHYEON1,600>","<sys:bgm,BGM_JAEHYEON1,600>"
,,,TAG,,,,,"<sys:map,팬텀리그_경기장><cha:qpos,카를라,4><cha:qpos,정다희,-2><cha:qpos,제니,2>","<sys:map,팬텀리그_경기장><cha:qpos,카를라,4><cha:qpos,정다희,-2><cha:qpos,제니,2>","<sys:map,팬텀리그_경기장><cha:qpos,카를라,4><cha:qpos,정다희,-2><cha:qpos,제니,2>","<sys:map,팬텀리그_경기장><cha:qpos,카를라,4><cha:qpos,정다희,-2><cha:qpos,제니,2>","<sys:map,팬텀리그_경기장><cha:qpos,카를라,4><cha:qpos,정다희,-2><cha:qpos,제니,2>","<sys:map,팬텀리그_경기장><cha:qpos,카를라,4><cha:qpos,정다희,-2><cha:qpos,제니,2>","<sys:map,팬텀리그_경기장><cha:qpos,카를라,4><cha:qpos,정다희,-2><cha:qpos,제니,2>","<sys:map,팬텀리그_경기장><cha:qpos,카를라,4><cha:qpos,정다희,-2><cha:qpos,제니,2>","<sys:map,팬텀리그_경기장><cha:qpos,카를라,4><cha:qpos,정다희,-2><cha:qpos,제니,2>","<sys:map,팬텀리그_경기장><cha:qpos,카를라,4><cha:qpos,정다희,-2><cha:qpos,제니,2>","<sys:map,팬텀리그_경기장><cha:qpos,카를라,4><cha:qpos,정다희,-2><cha:qpos,제니,2>","<sys:map,팬텀리그_경기장><cha:qpos,카를라,4><cha:qpos,정다희,-2><cha:qpos,제니,2>"
,,,백시우,,-1_무표정,,,"‥<txt:bold,2><txt:color,orange>제니</txt:bold></txt:color>. 나야. <txt:bold,2><txt:color,orange>백시우</txt:bold></txt:color>. 기억나?","...<txt:bold,2><txt:color,orange>Jenny</txt:bold></txt:color>. It’s me. <txt:bold,2><txt:color,orange>Siwoo Baek</txt:bold></txt:color>. Remember?","...<txt:bold,2><txt:color,orange>ジェニー</txt:bold></txt:color>。俺だよ。<txt:bold,2><txt:color,orange>白井新</txt:bold></txt:color>。覚えてる？","......<txt:bold,2><txt:color,orange>珍妮</txt:bold></txt:color>。是我，<txt:bold,2><txt:color,orange>白时宇</txt:bold></txt:color>。还记得吗？","...<txt:bold,2><txt:color,orange>珍妮</txt:bold></txt:color>。是我。<txt:bold,2><txt:color,orange>白時宇</txt:bold></txt:color>。妳還記得我嗎？","...<txt:bold,2><txt:color,orange>Дженни</txt:bold></txt:color>. Это я, <txt:bold,2><txt:color,orange>Шиу</txt:bold></txt:color>. Помнишь меня?","...<txt:bold,2><txt:color,orange>Jenny</txt:bold></txt:color>. Saya. <txt:bold,2><txt:color,orange>Siwoo Baek</txt:bold></txt:color>. Ingat tak?","<txt:bold,2><txt:color,orange>Jenny</txt:bold></txt:color>, là tớ đây. <txt:bold,2><txt:color,orange>Baek Siwoo</txt:bold></txt:color>. Còn nhớ tớ không?","<txt:bold,2><txt:color,orange>Jenny</txt:bold></txt:color>... Soy yo, <txt:bold,2><txt:color,orange>Siwoo</txt:bold></txt:color>. ¿Te acuerdas de mí?","...<txt:bold,2><txt:color,orange>Jenny</txt:bold></txt:color>. Ini aku. <txt:bold,2><txt:color,orange>Siwoo Baek</txt:bold></txt:color>. Apa kamu masih ingat?","...<txt:bold,2><txt:color,orange>เจนนี่</txt:bold></txt:color> ฉันเองนะ <txt:bold,2><txt:color,orange>แบคชีอู</txt:bold></txt:color> จำได้รึเปล่า?","Ei, <txt:bold,2><txt:color,orange>Jenny</txt:bold></txt:color>, é o <txt:bold,2><txt:color,orange>Siwoo Baek</txt:bold></txt:color>. Lembra de mim?"
,,,제니,,1_결연,,,‥‥,......,......,......,......,......,......,......,...,......,......,...
,,,백시우,,-1_기본,,,사라한테 문자를 보냈지?,You sent a message to Sara.,紗良にメッセージを送ったよね？,你给莎拉发短信了吧？,妳有傳簡訊給莎拉吧？,Ты писала Саре.,Kau hantar mesej pada Sara.,Cậu đã nhắn tin cho Sara phải không?,"Le enviaste un mensaje a Sara, ¿verdad?",Kamu telah mengirimkan pesan kepada Sara kan?,เธอส่งข้อความไปหาซาร่าใช่ไหม?,"Você mandou mensagem pra Sara, não foi?"
,,,백시우,,-1_웃음,,,사라가 사정이 생겨서 내가 대신 왔어.,Sara... couldn’t come so I came instead.,紗良は今忙しくて俺が代わりに来たんだ。,莎拉她临时有事，所以我替她来了。,她臨時有事，所以我就代替她來了。,"Она не смогла приехать, кое-что случилось. Но я здесь.","Sara... tak dapat datang, jadi saya datang ganti.",Sara có việc nên tớ đến thay.,Sara tuvo un problema y por eso vine yo en su lugar.,Aku datang menggantikan Sara karena dia sedang tidak dapat kesini.,พอดีซาร่ามีธุระส่วนตัว ฉันก็เลยมาแทนน่ะ,"Ela teve um imprevisto, então eu estou aqui no lugar dela."
,,,백시우,,-1_기본,,,사라가 기다리고 있어. 이제 그만 돌아가자—,She’s waiting for you. Let’s go back—,紗良が待ってるよ。もう帰ろう—,莎拉在等你。我们回去吧——,莎拉在等妳。我們回去吧...,Сара тебя очень ждет. Пойдешь со мной?,Dia tunggu kau. Jom balik—,Sara đang đợi đấy. Giờ thì chúng ta về thôi...,Ella te está esperando. Vamos ya...,Sara juga sedang menunggumu. Mari kita kembali bersama—,ซาร่ากำลังรอเธออยู่นะ ตอนนี้เรากลับกัน—,A Sara está te esperando. Vamos voltar ago-
,,,제니,,1_비웃음,,,사라 언니한테 내 실력 보여주고 싶었는데. ,I wanted to show Sara my skills.,紗良お姉ちゃんにあたしの実力を見せたかったのに。,我本想向莎拉姐姐展示我的实力。,本來想向莎拉姐姐展示我的實力。,"Мне хотелось показать Саре, чему я научилась.",Aku nak tunjuk kemampuan aku pada Kak Sara.,Tớ muốn cho chị Sara thấy thực lực của mình.,Quería mostrarle mis habilidades a Sara.,Padahal aku ingin perlihatkan kemampuanku sekarang kepada kakak Sara.,ฉันตั้งใจจะโชว์ฝีมือให้พี่ซาร่าได้เห็นแท้ๆ,Eu queria mostrar minha habilidade pra ela.
,,,제니,,,,,"대신 온 게 너라니‥ <wrt:wait,30><txt:bold,2>좀 실망인데?","But you instead...? <wrt:wait,30><txt:bold,2>Kind of disappointing.","代わりに来たのがあんただなんて...<wrt:wait,30><txt:bold,2>ちょっと残念ね。","结果来的人居然是你......<wrt:wait,30><txt:bold,2>有点小失望呢。","結果來的竟然是你...<wrt:wait,30><txt:bold,2>還真讓人有點失望。","А вместо нее пришел ты...<wrt:wait,30><txt:bold,2>Обидно.","Tapi kau datang...? <wrt:wait,30><txt:bold,2>Agak mengecewakan.","Thay vì chị ấy thì lại là cậu... <wrt:wait,30><txt:bold,2>hơi thất vọng đấy!","Y resulta que el que vino eres tú... <wrt:wait,30><txt:bold,2>Vaya decepción.","Tapi malah kamu yang datang... <wrt:wait,30><txt:bold,2>Aku agak kecewa.","แต่คนที่มากลับเป็นนายซะได้... <wrt:wait,30><txt:bold,2>น่าผิดหวังอยู่นะ?","Pena que foi você <wrt:wait,30><txt:bold,2>quem veio no lugar dela..."
,,,백시우,,-2_놀람,pause,quest,"<wrt:delay,10>‥뭐?","<wrt:delay,10>...What?","<wrt:delay,10>...え？","<wrt:delay,10>......什么？","<wrt:delay,10>...什麼？","<wrt:delay,10>...Что?","<wrt:delay,10>...Apa?","<wrt:delay,10>Gì cơ?","<wrt:delay,10>¿Qué...?","<wrt:delay,10>...Apa?","<wrt:delay,10>...หา?","<wrt:delay,10>O quê?"
,,,제니,,1_기본,,,"바보. 진짜 바보구나, 넌.","You’re really dumb, aren’t you?",バーカ。本当にバカだね、あんたは。,笨蛋。你可真是个大笨蛋。,笨蛋。你真是個超級大笨蛋。,Какой же ты дурак.,"Kau memang dungu, kan?",Đồ ngốc. Đúng là ngốc nghếch.,Qué tonto. Eres un tonto de verdad.,"Bodoh. Ternyata benar-benar bodoh, kamu itu.",คนโง่ นายคือคนโง่ของแท้เลย,"Que bobo, você é realmente um tolo."
,,,제니,,1_기본,,,"10년 전에도 그랬지만, 지금은 더 심해졌네?","You were dumb 10 years ago, but it’s even worse now.",10年前もそうだったけど、今はもっとひどくなってない？,十年前就这样，现在更是变本加厉了是吧？,十年前就這樣了，現在還變本加厲了啊？,"Ты и 10 лет назад таким был, а сейчас еще хуже.","Sepuluh tahun dulu pun dah dungu, sekarang lagi teruk.","10 năm trước cậu đã vậy rồi, bây giờ còn tệ hơn!","Hace diez años también eras así, pero ahora estás peor.","Sudah begitu dari 10 tahun lalu, tapi sekarang terlihat lebih parah.",ถึงนายจะเป็นแบบนั้นมาตั้งแต่เมื่อ 10 ปีก่อน แต่ตอนนี้กลับหนักขึ้นอีกด้วยซ้ำ,"Já era assim há 10 anos, mas agora tá ainda pior!"
,,,제니,,1_비웃음,,,"<txt:bold,2><txt:color,orange>라울</txt:bold></txt:color>이 봐줬다고 착각하는 거야? 그 실력으로 날 데리러 왔다고?","Are you fooling yourself into thinking <txt:bold,2><txt:color,orange>Raul</txt:bold></txt:color> went easy on you? You came to get me with that level of skill?","どうせ<txt:bold,2><txt:color,orange>ラウル</txt:bold></txt:color>が手加減したに違いないのに、調子に乗ってあたしを迎えに来たって？","你以为<txt:bold,2><txt:color,orange>拉乌尔</txt:bold></txt:color>是放水让你赢的吗？就凭你这点三脚猫的功夫，也敢跑来接我？","<txt:bold,2>你該不會以為<txt:color,orange>拉烏爾</txt:bold></txt:color>是放水讓你的吧？憑你那種實力也敢來帶我走？","Думаешь, <txt:bold,2><txt:color,orange>Рауль</txt:bold></txt:color> тебя пожалел? Ты пришел забрать меня, когда сам не можешь нормально играть?","Kau sangka <txt:bold,2><txt:color,orange>Raul</txt:bold></txt:color> sengaja berlembut dengan kau? Dengan kemampuan setakat tu, kau datang nak bawa aku balik?","Cậu tưởng <txt:bold,2><txt:color,orange>Raul</txt:bold></txt:color> nhường sao? Với thực lực đó mà đến đón tớ à?","¿De verdad crees que <txt:bold,2><txt:color,orange>Raúl</txt:bold></txt:color> te dejó ganar? ¿Y con ese nivel viniste a buscarme?","Kamu kira <txt:bold,2><txt:color,orange>Raul</txt:bold></txt:color> sengaja mengalah? Dengan kemampuan begitu, kamu datang untuk membawaku pergi?","นายคิดไปเองว่า<txt:bold,2><txt:color,orange>ราอุล</txt:bold></txt:color>อ่อนข้อให้งั้นเหรอ? จะพาฉันไปด้วยฝีมือระดับนั้นเนี่ยนะ?","Tá achando que o <txt:bold,2><txt:color,orange>Raul</txt:bold></txt:color> pegou leve contigo? E ainda vem me buscar com essa habilidadezinha?"
,,,제니,,1_기본,,,네가 가자고 하면 내가 '네~' 하고 고개 끄덕일 줄 알았어?,And what? If you say so I have to just nod and say yes?,あんたに誘われて「は～い」と素直について行くとでも思ったの？,你以为你一开口，我就会乖乖点头跟你走吗？,你以為你說走，我就會乖乖點頭說「好～」跟著你走嗎？,"Решил, что я послушно пойду, как только ты позовешь?","Dan apa? Bila kau cakap, aku kena ikut saja?",Tưởng tớ sẽ gật đầu nói 'Vâng ~' nếu cậu bảo đi theo à?,"¿Pensabas que si me decías 'vámonos', yo iba a asentir diciendo 'claro'?",Apa kamu pikir kalau kamu mengajakku pergi aku akan bilang 'Iya~' dan langsung pergi begitu saja?,ถ้านายบอกว่าไปกันเถอะ ฉันก็จะตอบว่า 'ค่ะ~' แล้วผงกหัวเชื่อฟังรึไง?,"Você achou que só porque você falou, eu ia simplesmente dizer «sim» e voltar pra casa?"
,,,제니,,1_기본,,,"<cha:pop,제니><txt:shake,1>어휴. 진짜 바보. 대책 없는 바보. <txt:bold,2>한심한 바보.","<cha:pop,제니><txt:shake,1>Whew, what a fool. A hopeless fool. <txt:bold,2>A pathetic fool.","<cha:pop,제니><txt:shake,1>ああもう。本当にバカ。どうしようもないバカ。<txt:bold,2>情けないバカ。","<cha:pop,제니><txt:shake,1>唉。真是个无可救药的笨蛋。<txt:bold,2>可悲的傻瓜。","<cha:pop,제니><txt:shake,1>唉。真是個笨蛋，無藥可救的大笨蛋！<txt:bold,2>可憐至極的傻子。","<cha:pop,제니><txt:shake,1>Ну и дурак же ты. <txt:bold,2>Мне тебя жаль.","<cha:pop,제니><txt:shake,1>Ceh, bodoh betul. Tak ada harapan. <txt:bold,2>Menyedihkan.","<cha:pop,제니><txt:shake,1>Trời ơi. Đúng là đồ ngốc. Đồ ngốc hết thuốc chữa. <txt:bold,2>Đồ ngốc thảm hại.","<cha:pop,제니><txt:shake,1>Ay, por favor. Qué tonto. Eres un caso perdido. <txt:bold,2>Un inútil patético.","<cha:pop,제니><txt:shake,1>Aduh. Bodoh sekali. Orang bodoh tanpa rencana. <txt:bold,2>Bodoh dan menyedihkan.","<cha:pop,제니><txt:shake,1>เฮ้อ คนโง่เอ๊ย โง่เกินเยียวยา <txt:bold,2>คนโง่ที่น่าสมเพช","<cha:pop,제니><txt:shake,1>Nossa, como você é bobo. <txt:bold,2>Muito sem noção."
,,,제니,,1_결연,,,나는 여길 떠날 생각 없어.,I’m not leaving.,あたしはここを去るつもりはないの。,我可没打算离开这里。,我沒打算離開這裡。,Я никуда не пойду.,Aku tak berniat nak keluar dari sini.,Tớ không có ý định rời khỏi đây đâu.,No pienso irme de aquí.,Aku tidak punya niat untuk pergi dari tempat ini.,ฉันไม่คิดจะไปจากที่นี่สักหน่อย,Eu jamais vou deixar esse lugar.
,,,제니,,1_결연,,exclam,"여기서 최고가 되기 전까진— <wrt:wait,30>절대, <wrt:wait,30><txt:bold,2>절대 안 나가.","Not until I become the very best here— <wrt:wait,30>Never, <wrt:wait,30><txt:bold,2>ever will I leave.","ここで最高になるまでは—<wrt:wait,30>絶対に、<wrt:wait,30><txt:bold,2>絶対に出ていかない。","在我成为这里的最强者之前——<wrt:wait,30>绝对，<wrt:wait,30><txt:bold,2>绝对不会离开！","在成為這裡的最強者之前<wrt:wait,30>絕對、<wrt:wait,30><txt:bold,2>絕對不走！","Не сдвинусь отсюда, <wrt:wait,30>пока не докажу, что <wrt:wait,30><txt:bold,2>я номер один.","Selagi belum jadi yang terbaik di sini— <wrt:wait,30>takkan, <wrt:wait,30><txt:bold,2>takkan sekali-kali aku keluar.","Cho đến khi trở thành người giỏi nhất ở đây...<wrt:wait,30>tuyệt đối, <wrt:wait,30><txt:bold,2>tuyệt đối không rời đi.","Hasta que no me convierta en la mejor, <wrt:wait,30>jamás <wrt:wait,30><txt:bold,2>me iré.","Sebelum aku menjadi yang terbaik di tempat ini— <wrt:wait,30>Apapun yang terjadi, <wrt:wait,30><txt:bold,2>Aku tidak akan pernah pergi dari sini.","จนกว่าฉันจะกลายเป็นที่หนึ่งของที่นี่— <wrt:wait,30>ฉันจะไม่มีทาง<wrt:wait,30><txt:bold,2>ไปไหนทั้งนั้น","Só saio daqui quando me tornar a melhor, <wrt:wait,30>nunca <wrt:wait,30><txt:bold,2>antes disso."
,,,백시우,,-2_당황,,,"<txt:bold,2><txt:color,orange>제니</txt:bold></txt:color>! 사라가 널 정말 걱정하고 있어—!","<txt:bold,2><txt:color,orange>Jenny</txt:bold></txt:color>! Sara is really worried about you—!","<txt:bold,2><txt:color,orange>ジェニー</txt:bold></txt:color>！紗良がどれだけ君のことを心配しているのか—！","<txt:bold,2><txt:color,orange>珍妮</txt:bold></txt:color>！莎拉她真的很担心你——！","<txt:bold,2><txt:color,orange>珍妮</txt:bold></txt:color>！莎拉她真的很擔心妳...！","<txt:bold,2><txt:color,orange>Дженни</txt:bold></txt:color>! Сара очень беспокоится...!","<txt:bold,2><txt:color,orange>Jenny</txt:bold></txt:color>! Sara risau sangat tentang kau—!","<txt:bold,2><txt:color,orange>Jenny</txt:bold></txt:color>! Sara thực sự lo lắng cho cậu...!","¡<txt:bold,2><txt:color,orange>Jenny</txt:bold></txt:color>! ¡Sara está muy preocupada por ti!","<txt:bold,2><txt:color,orange>Jenny</txt:bold></txt:color>! Sara benar-benar sedang mengkhawatirkan dirimu—!","<txt:bold,2><txt:color,orange>เจนนี่</txt:bold></txt:color>! ซาร่าเป็นห่วงเธอมากนะ—!","<txt:bold,2><txt:color,orange>Jenny</txt:bold></txt:color>! A Sara tá bastante preocupada com você!"
,,,TAG,,,,,"<sys:sfx,스파이크_2>","<sys:sfx,스파이크_2>","<sys:sfx,스파이크_2>","<sys:sfx,스파이크_2>","<sys:sfx,스파이크_2>","<sys:sfx,스파이크_2>","<sys:sfx,스파이크_2>","<sys:sfx,스파이크_2>","<sys:sfx,스파이크_2>","<sys:sfx,스파이크_2>","<sys:sfx,스파이크_2>","<sys:sfx,스파이크_2>"
,,,-,,,,,"<txt:size,2><txt:shake,2><eff:shake,2>(쾅!)","<txt:size,2><txt:shake,2><eff:shake,2>(Bam!)","<txt:size,2><txt:shake,2><eff:shake,2>(ドン！)","<txt:size,2><txt:shake,2><eff:shake,2>(砰！)","<txt:size,2><txt:shake,2><eff:shake,2>(哐!)","<txt:size,2><txt:shake,2><eff:shake,2>(Бам!)","<txt:size,2><txt:shake,2><eff:shake,2>(Bam!)","<txt:size,2><txt:shake,2><eff:shake,2>(Rầm!)","<txt:size,2><txt:shake,2><eff:shake,2>(¡Pum!)","<txt:size,2><txt:shake,2><eff:shake,2>(Duar!)","<txt:size,2><txt:shake,2><eff:shake,2>(ปึ้ง!)","<txt:size,2><txt:shake,2><eff:shake,2>(Bam!)"
,,,정다희,,-1_당황,shake,exclam,"<txt:shake,1>꺅?! 갑자기 공을‥!","<txt:shake,1>Eeek! Why did you throw the...!","<txt:shake,1>きゃっ？！急にボールを...！","<txt:shake,1>啊？！怎么突然把球......！","<txt:shake,1>啊？！幹嘛突然把球...！","<txt:shake,1>Ой?! Мяч...!","<txt:shake,1>Eeek! Kenapa baling...!","<txt:shake,1>Kyaa?! Bỗng dưng quả bóng...!","<txt:shake,1>¡¿Eh?! ¡¿Por qué tiraste el balón...?!","<txt:shake,1>Kyahh?! Mengapa dia tiba-tiba...!","<txt:shake,1>กรี๊ด?! ขว้างบอลกันแบบนี้เลยเหรอ...!","<txt:shake,1>Aah! A bola, assim de repente...!"
,,,제니,,1_결연,,,"<txt:bold,2><wrt:delay,10>함부로 사라 언니 얘기를 꺼내지 마.","<txt:bold,2><wrt:delay,10>Don’t you dare talk about Sara.","<txt:bold,2><wrt:delay,10>軽々しく紗良お姉ちゃんのことを口にしないでよね。","<txt:bold,2><wrt:delay,10>不许你随便提起莎拉姐姐！","<txt:bold,2><wrt:delay,10>不准你隨便提起莎拉姐姐的名字！","<txt:bold,2><wrt:delay,10>Не смей говорить о Саре.","<txt:bold,2><wrt:delay,10>Jangan sebut nama Kak Sara sesuka hati.","<txt:bold,2><wrt:delay,10>Đừng có tùy tiện nhắc đến chị Sara!","<txt:bold,2><wrt:delay,10>No te atrevas a mencionar a Sara.","<txt:bold,2><wrt:delay,10>Jangan berani mengucapkan kakak Sara dengan sembarangan.","<txt:bold,2><wrt:delay,10>อย่าพูดถึงพี่ซาร่าตามใจชอบนะ","<txt:bold,2><wrt:delay,10>Não ouse falar da Sara assim."
,,,제니,,1_기본,,,이제 대화는 끝났어. ,Conversation is over.,もういい？,话不投机半句多。,廢話就少說了吧。,Разговор окончен.,Perbualan tamat.,Cuộc nói chuyện kết thúc rồi.,Se acabó la conversación.,Sudah cukup kita berbicara.,คุยกันพอแล้ว,Chega de papo.
,,,제니,,,,,나랑 승부해.,It’s time for our match.,あたしと勝負して。,来跟我一决胜负吧。,跟我比一場。,Выходи против меня.,Masa untuk kita lawan.,Đấu với tớ đi.,Vamos a jugar.,Ayo kita bertanding.,มาแข่งกับฉันซะ,Vem pro desafio.
,,,제니,,1_결연,pause,,"사라 언니와 시합하고 싶었지만, 뭐, 괜찮아. 어차피 지금 여기서— <wrt:wait,30><txt:bold,2>널 완전히 눌러버릴 거거든.","I wanted to play against Sara, but that’s okay. I’m going to <wrt:wait,30><txt:bold,2>completely crush you here.","紗良お姉ちゃんと試合がしたかったけど、まあ、いいわ。どうせ今ここで—<wrt:wait,30><txt:bold,2>あんたをぶっ潰してあげるんだから。","虽然我本想跟莎拉姐姐比赛，不过，也无所谓了。反正现在在这里——<wrt:wait,30><txt:bold,2>我会把你彻底打趴下。","雖然本來是想跟莎拉姐姐比的，不過算了。反正現在在這裡<wrt:wait,30><txt:bold,2>我會讓你輸得體無完膚。","Я хотела сыграть с Сарой, но ничего. <wrt:wait,30><txt:bold,2>Сейчас я разделаюсь с тобой.","Aku nak lawan Kak Sara, tapi tak apalah. Di sini juga aku akan— <wrt:wait,30><txt:bold,2>tewaskan kau habis-habisan.","Tớ đã muốn thi đấu với chị Sara, nhưng thôi cũng được. Dù sao ngay bây giờ ở đây... <wrt:wait,30><txt:bold,2>tớ sẽ đè bẹp cậu hoàn toàn.","Quería enfrentarme a Sara, pero bueno... está bien. <wrt:wait,30><txt:bold,2>Voy a aplastarte a ti, aquí y ahora.","Aku memang ingin bertanding dengan Kak Sara, tapi tidak masalah. Di sini, sekarang juga— <wrt:wait,30><txt:bold,2>aku akan mengalahkanmu telak.","ถึงฉันจะอยากแข่งกับพี่ซาร่า แต่ก็ช่างเถอะ เพราะยังไง— <wrt:wait,30><txt:bold,2>ฉันก็จะเหยียบนายให้จมดินเลย","Eu até queria competir com a Sara, mas não tem problema. <wrt:wait,30><txt:bold,2>Vou te destruir agora, de qualquer jeito."
,,,제니,,1_기본,,,"<txt:bold,2>그럼 사라 언니도 날 돌아봐주겠지.","<txt:bold,2>And then maybe Sara will finally notice me.","<txt:bold,2>そうしたら紗良お姉ちゃんもあたしのことを認めてくれるはず。","<txt:bold,2>那样的话，莎拉姐姐也一定会重新注意到我的。","<txt:bold,2>這樣莎拉姐姐就會注意到我吧。","<txt:bold,2>И тогда, может быть, Сара заметит меня.","<txt:bold,2>Lepas itu, Kak Sara akan pandang aku juga, kan?","<txt:bold,2>Rồi chị Sara sẽ chú ý đến tớ.","<txt:bold,2>Sara también se dará cuenta de mí.","<txt:bold,2>Dengan begitu kakak Sara juga akan memberikan perhatiannya kepadaku lagi.","<txt:bold,2>แล้วพี่ซาร่าก็คงจะหันมามองฉันบ้าง","<txt:bold,2>Então, a Sara vai me notar, né?"
,,,제니,,1_결연,,,"내가 이만큼 강해졌다는 거, <wrt:wait,30><txt:bold,2>보여줄 거야.","I’m going to show her that <wrt:wait,30><txt:bold,2>I’ve become much stronger.","あたしがこれだけ強くなったってこと、<wrt:wait,30><txt:bold,2>見せてあげるわ。","我要让她看看，<wrt:wait,30><txt:bold,2>我到底变强了多少！","我要讓她看看，<wrt:wait,30><txt:bold,2>我已經變得這麼強了！","Я покажу, <wrt:wait,30><txt:bold,2>чего достигла.","Aku akan tunjukkan yang <wrt:wait,30><txt:bold,2>aku dah sekuat ini.","Tớ sẽ cho chị ấy thấy tớ đã mạnh đến nhường nào, <wrt:wait,30><txt:bold,2>tớ sẽ chứng minh điều đó.","<wrt:wait,30><txt:bold,2>Verá lo fuerte que me he vuelto.","Seberapa kuatnya kemampuanku pada saat ini, <wrt:wait,30><txt:bold,2>Aku akan perlihatkan.","ฉันจะแสดงให้เห็นเอง <wrt:wait,30><txt:bold,2>ว่าฉันแข็งแกร่งขึ้นมากแค่ไหน","Vou mostrar o quanto <wrt:wait,30><txt:bold,2>fiquei mais forte."
,,,정다희,,-1_삐약,shake,angry,"시우를 이긴다고 사라 씨가 돌아본다니, <txt:shake,1><txt:bold,2>무슨 소리를 하는 거야!","You think beating Siwoo will make Sara notice you? <txt:shake,1><txt:bold,2>What are you talking about!","新に勝ったら紗良さんに認めてもらえるって、<txt:shake,1><txt:bold,2>どういうこと？","只要打败白时宇，莎拉小姐就会注意到你？<txt:shake,1><txt:bold,2>你在胡说八道些什么！","只要打贏時宇，莎拉就會注意到妳？<txt:shake,1><txt:bold,2>妳到底在胡說什麼啊！","Думаешь, если победишь Шиу, <txt:shake,1><txt:bold,2>Сара обратит на тебя внимание?!","Menang lawan Siwoo, baru Sara akan perasan? <txt:shake,1><txt:bold,2>Apa kau mengarut ni!","Thắng Siwoo thì Sara sẽ chú ý đến cậu á, <txt:shake,1><txt:bold,2>cậu đang nói linh tinh gì vậy?","¿Crees que ganarle a Siwoo hará que Sara te preste atención? <txt:shake,1><txt:bold,2>¡¿Qué estás diciendo?!","Ingin memperoleh perhatian dari Sara dengan mengalahkan Siwoo, <txt:shake,1><txt:bold,2>Apa yang sedang dia bicarakan?","จะเอาชนะชีอูเพื่อให้คุณซาร่าหันมามองเนี่ยนะ <txt:shake,1><txt:bold,2>พูดเรื่องอะไรเนี่ย!","Como assim? <txt:shake,1><txt:bold,2>Você acha que vencer o Siwoo vai fazer a Sara te notar?"
,,,제니,,1_기본,,,"조용히 좀 해. 너, 목소리가 귀에 거슬리거든.",Can you keep quiet? Your voice is really annoying.,静かにしてくれる？あなた、声が耳障りなのよ。,你给我安静点。你的声音，听着就让人心烦。,妳給我安靜點，妳的聲音我聽了就煩。,Замолчи. Твой голос раздражает.,Diam boleh tak? Suara kau menjengkelkan.,Im đi. Cậu đó! Giọng cậu nghe thấy ghét quá!,Cállate. Tu voz me irrita.,"Kamu disana. Tutup mulutmu, suaramu membuat telingaku sakit.",เงียบหน่อย เสียงเธอชวนให้อารมณ์เสียชะมัด,Fica quieta. Sua voz está me irritando.
,,,백시우,,-1_무표정,,,"‥다희야, 어쩔 수 없는 것 같아.","...Dahee, I don’t think there’s any choice.",...夏希、仕方ないみたいだね。,......多熙，看来是没办法了。,...多熙，看來是沒辦法了。,Дахи... по-другому никак.,"...Dahee, nampaknya tak ada pilihan.","Dahee à, có vẻ không còn cách nào khác rồi.","Dahee, no hay otra opción...","...Dahee, sepertinya tidak ada cara lain.",...ดาฮี ฉันคงไม่มีทางเลือกแล้วล่ะ,"Dahee, acho que não tem mais o que fazer..."
,,,백시우,,-1_무표정,pause,exclam,"좋아. 말이 안 통한다면— <wrt:wait,30>네 방식대로 해주지. <txt:bold,2><txt:color,orange>제니</txt:bold></txt:color>.","Okay. If words won’t do the trick— <wrt:wait,30>let’s do it your way. <txt:bold,2><txt:color,orange>Jenny</txt:bold></txt:color>.","いいよ。話し合いで解決できないなら—<wrt:wait,30>君のやり方でいこう。<txt:bold,2><txt:color,orange>ジェニー</txt:bold></txt:color>。","好。既然道理讲不通——<wrt:wait,30>那我就奉陪到底，<txt:bold,2><txt:color,orange>珍妮</txt:bold></txt:color>。","好。如果講道理行不通的話，<wrt:wait,30>就照妳的方式來吧，<txt:bold,2><txt:color,orange>珍妮</txt:bold></txt:color>。","Ладно. Вижу, ты не слышишь меня. <wrt:wait,30>Будь по-твоему, <txt:bold,2><txt:color,orange>Дженни</txt:bold></txt:color>.","Baiklah. Kalau kata-kata tak berkesan— <wrt:wait,30>ikut cara kau. <txt:bold,2><txt:color,orange>Jenny</txt:bold></txt:color>.","Được. Nếu nói chuyện không thông, thì... <wrt:wait,30>tớ sẽ chiều theo cách của cậu, <txt:bold,2><txt:color,orange>Jenny</txt:bold></txt:color>.","Está bien. Si no podemos entendernos con palabras... <wrt:wait,30>lo haré a tu manera, <txt:bold,2><txt:color,orange>Jenny</txt:bold></txt:color>.","Baiklah. Kalau bicara tidak mempan— <wrt:wait,30>kita pakai caramu, <txt:bold,2><txt:color,orange>Jenny</txt:bold></txt:color>.","ก็ได้ ถ้าพูดกันไม่รู้เรื่อง— <wrt:wait,30>ก็เอาตามวิธีของเธอเลย <txt:bold,2><txt:color,orange>เจนนี่</txt:bold></txt:color>","Tudo bem. Se não conseguimos nos entender, <wrt:wait,30>vou fazer do seu jeito, <txt:bold,2><txt:color,orange>Jenny</txt:bold></txt:color>."
8,경기 전,#,MAP,,,,,팬텀리그_경기장,팬텀리그_경기장,팬텀리그_경기장,팬텀리그_경기장,팬텀리그_경기장,팬텀리그_경기장,팬텀리그_경기장,팬텀리그_경기장,팬텀리그_경기장,팬텀리그_경기장,팬텀리그_경기장,팬텀리그_경기장
,,#,BGM,,,,,BGM_CARLA_TRAP,BGM_CARLA_TRAP,BGM_CARLA_TRAP,BGM_CARLA_TRAP,BGM_CARLA_TRAP,BGM_CARLA_TRAP,BGM_CARLA_TRAP,BGM_CARLA_TRAP,BGM_CARLA_TRAP,BGM_CARLA_TRAP,BGM_CARLA_TRAP,BGM_CARLA_TRAP
,,#,백시우,-4,-1_엥,,,,,,,,,,,,,,
,,#,카를라,-4,-1_미소,,,,,,,,,,,,,,
,,#,제니,0,1_기본,,,,,,,,,,,,,,
,,,제니,,1_기본,,,"바보 같아‥ <wrt:wait,30>내가 졌다고? 말도 안 돼‥","Impossible... <wrt:wait,30>Me? Lose? How can this be...","そんなバカ...<wrt:wait,30>あたしが負けたって？あり得ない...","简直是天方夜谭......<wrt:wait,30>我居然输了？这不可能......","太可笑了...<wrt:wait,30>居然是我輸？這怎麼可能...","Не может быть.. <wrt:wait,30>Я не могла проиграть!","Mustahil... <wrt:wait,30>Aku? Kalah? Macam mana ni...","Thật ngu ngốc... <wrt:wait,30>tớ mà lại thua sao? Không thể nào...","Qué ridículo... <wrt:wait,30>¿Perdí? No puede ser...","Seperti orang bodoh... <wrt:wait,30>Aku telah kalah? Mustahil...","อย่างกับคนโง่เลย... <wrt:wait,30>ฉันเนี่ยนะแพ้? เป็นไปไม่ได้...","Que vergonha... <wrt:wait,30>Eu perdi? Não pode ser..."
,,,제니,,1_결연,,,"내가 얼마나 많은 노력을 해왔는데,<wrt:wait,30> 그 누구보다 더 많은 노력을 해왔는데.","I’ve trained so hard... <wrt:wait,30>More than anyone.","あたしがどれだけ努力してきたと思ってるの。<wrt:wait,30>誰よりも多くの努力をしてきたのに...","我付出了那么多努力，<wrt:wait,30>比任何人都要多出无数倍的努力啊！","我付出了多少心血，<wrt:wait,30>甚至比任何人都還要努力啊。","Я же так старалась... <wrt:wait,30> Больше всех остальных.","Aku dah berlatih keras... <wrt:wait,30>Lebih daripada sesiapa.","Tớ đã nỗ lực nhiều đến thế,<wrt:wait,30> tớ đã cố gắng nhiều hơn bất kỳ ai.","He entrenado tanto,<wrt:wait,30> muchísimo más que cualquiera.","Padahal aku telah berusaha dengan sangat keras,<wrt:wait,30> berusaha lebih keras daripada siapapun.","ฉันอุตส่าห์พยายามมาตั้งเท่าไหร่ <wrt:wait,30>ฉันพยายามมามากกว่าใครเลยแท้ๆ","Eu me dediquei tanto, <wrt:wait,30>mais do que qualquer outra pessoa."
,,,제니,,1_놀람,,,"5대 스파이커도 아니고, 프로도 아닌— <txt:shake,1><wrt:wait,30><txt:bold,2><txt:color,orange>백시우</txt:bold></txt:color>한테 졌다고?","And I lost, not to one of the Big Five, not even to a pro — <txt:shake,1><wrt:wait,30>but to <txt:bold,2><txt:color,orange>Siwoo Baek</txt:bold></txt:color>?","5大スパイカーでもなく、プロでもない—<txt:shake,1><wrt:wait,30><txt:bold,2><txt:color,orange>白井新</txt:bold></txt:color>に負けたっていうの？","居然输给了既不是五大主攻手，也不是职业选手的——<txt:shake,1><wrt:wait,30><txt:bold,2><txt:color,orange>白时宇</txt:bold></txt:color>那家伙？！","對手還不是五大主攻手，而是連職業選手都不是的 <txt:shake,1><wrt:wait,30><txt:bold,2><txt:color,orange>白時宇</txt:bold></txt:color>那傢伙？","<txt:bold,2><txt:color,orange>Шиу</txt:bold></txt:color> ведь даже не звезда и не профи... <txt:shake,1><wrt:wait,30>Как он меня обыграл?","Aku kalah kepada orang yang bukan antara lima perejam terbaik dunia, malah bukan pemain pro pun— <txt:shake,1><wrt:wait,30>kepada <txt:bold,2><txt:color,orange>Siwoo Baek</txt:bold></txt:color>?!","Cậu ta chẳng thuộc Top 5 Tay Đập, thậm chí còn chưa phải tuyển thủ chuyên nghiệp... Vậy mà tớ lại thua <txt:shake,1><wrt:wait,30><txt:bold,2><txt:color,orange>Baek Siwoo</txt:bold></txt:color> sao?","Y no perdí contra uno de los 5 mejores rematadores, ni contra un profesional... ¿Perdí contra <txt:shake,1><wrt:wait,30><txt:bold,2><txt:color,orange>Siwoo</txt:bold></txt:color>?","Bukan salah satu dari 5 Spiker Terbaik, bahkan bukan pemain profesional— <txt:shake,1><wrt:wait,30><txt:bold,2><txt:color,orange>Siwoo Baek</txt:bold></txt:color> mengalahkanku?","ไม่ใช่ทั้งตัวตบท็อป 5 ไม่ใช่ทั้งนักกีฬามืออาชีพ— <txt:shake,1><wrt:wait,30>แต่ฉันแพ้ให้กับ<txt:bold,2><txt:color,orange>แบคชีอู</txt:bold></txt:color>เนี่ยนะ?","É sério que eu perdi pro <txt:shake,1><wrt:wait,30><txt:bold,2><txt:color,orange>Siwoo Baek</txt:bold></txt:color>, que não é um dos 5 melhores atacantes, nem profissional?"
,,,TAG,,,,,"<eff:black,3>","<eff:black,3>","<eff:black,3>","<eff:black,3>","<eff:black,3>","<eff:black,3>","<eff:black,3>","<eff:black,3>","<eff:black,3>","<eff:black,3>","<eff:black,3>","<eff:black,3>"
,,,TAG,,,,,"<cha:qpos,카를라,-2><cha:qpos,제니,2>","<cha:qpos,카를라,-2><cha:qpos,제니,2>","<cha:qpos,카를라,-2><cha:qpos,제니,2>","<cha:qpos,카를라,-2><cha:qpos,제니,2>","<cha:qpos,카를라,-2><cha:qpos,제니,2>","<cha:qpos,카를라,-2><cha:qpos,제니,2>","<cha:qpos,카를라,-2><cha:qpos,제니,2>","<cha:qpos,카를라,-2><cha:qpos,제니,2>","<cha:qpos,카를라,-2><cha:qpos,제니,2>","<cha:qpos,카를라,-2><cha:qpos,제니,2>","<cha:qpos,카를라,-2><cha:qpos,제니,2>","<cha:qpos,카를라,-2><cha:qpos,제니,2>"
,,,카를라,,-1_기본,,,"어머나, 또 졌네요. <txt:bold,2><txt:color,orange>제니</txt:bold></txt:color> 씨.","Oh dear, it seems like you lost again, <txt:bold,2><txt:color,orange>Ms. Jenny</txt:bold></txt:color>.","あらまあ、また負けましたね。<txt:bold,2><txt:color,orange>ジェニー</txt:bold></txt:color>さん。","哎呀呀，又输了呢，<txt:bold,2><txt:color,orange>珍妮</txt:bold></txt:color>小姐。","哎呀，又輸了呢。<txt:bold,2><txt:color,orange>珍妮</txt:bold></txt:color>小姐。","Ай-ай-ай, ты опять проиграла, <txt:bold,2><txt:color,orange>Дженни</txt:bold></txt:color>.","Aduh, nampaknya awak kalah lagi, <txt:bold,2><txt:color,orange>Cik Jenny</txt:bold></txt:color>.","Ôi trời, lại thua nữa rồi, <txt:bold,2><txt:color,orange>Jenny</txt:bold></txt:color>.","Oh, volviste a perder, <txt:bold,2><txt:color,orange>Jenny</txt:bold></txt:color>.","Aduh, Anda telah kalah lagi. <txt:bold,2><txt:color,orange>Jenny</txt:bold></txt:color>.","อุ๊ยตาย แพ้อีกแล้วนะคะ คุณ<txt:bold,2><txt:color,orange>เจนนี่</txt:bold></txt:color>","Poxa, você perdeu de novo, <txt:bold,2><txt:color,orange>Jenny</txt:bold></txt:color>."
,,,제니,,1_결연,,,‥,...,...,...,...,...,...,...,...,...,...,...
,,,카를라,,-1_미소,,,"물론, 알고 있어요. 이게 당신의 진짜 전력이 아니라는 것쯤은.","But of course, I know this is not your true strength.",もちろん、わかっています。これがあなたの本当の力ではないということくらいは。,当然，我很清楚，这点程度可不是您真正的实力。,當然，我知道。這肯定不是您真正的實力。,"Я ведь знаю, что ты можешь гораздо больше.",Tapi saya tahu itu bukan kekuatan sebenar awak.,"Tất nhiên, tôi biết mà. Cậu chưa dốc hết toàn lực của mình.","Claro, lo sé. Sé que este no es tu verdadero nivel.","Tentu saja, aku tahu. Bahwa ini bukanlah seluruh dari kemampuan Anda.",แต่ฉันรู้ค่ะว่านี่ไม่ใช่พลังทั้งหมดของคุณ,"Claro, eu sei que essa não é a sua verdadeira força."
,,,카를라,,-1_기본,,,"전 <txt:bold,2><txt:color,orange>제니</txt:bold></txt:color> 씨, 당신을 믿고 있답니다?","I believe in you, <txt:bold,2><txt:color,orange>Ms. Jenny</txt:bold></txt:color>.","私は<txt:bold,2><txt:color,orange>ジェニー</txt:bold></txt:color>さん、あなたを信じていますよ？","我可是打心底里相信<txt:bold,2><txt:color,orange>珍妮</txt:bold></txt:color>小姐您的。","我可是很相信<txt:bold,2><txt:color,orange>珍妮</txt:bold></txt:color>小姐的喔？","<txt:bold,2><txt:color,orange>Дженни</txt:bold></txt:color>, я искренне верю в тебя.","Saya percaya pada awak, <txt:bold,2><txt:color,orange>Cik Jenny</txt:bold></txt:color>.","Tôi tin tưởng vào <txt:bold,2><txt:color,orange>Jenny</txt:bold></txt:color>, cậu biết mà đúng không?","<txt:bold,2><txt:color,orange>Jenny</txt:bold></txt:color>, yo creo en ti.","Saya itu percaya dengan Anda, <txt:bold,2><txt:color,orange>Jenny</txt:bold></txt:color>!","ฉันเชื่อในตัวคุณ<txt:bold,2><txt:color,orange>เจนนี่</txt:bold></txt:color>นะคะ","Eu acredito em você, <txt:bold,2><txt:color,orange>Jenny</txt:bold></txt:color>."
,,,카를라,,-1_기본,,,"당신은 노력의 천재. 누구보다 오랜 시간을, <txt:bold,2>배구에 당신의 모든 걸 걸었잖아요.","You are a genius of effort. You've invested more time than anyone else, <txt:bold,2>and put everything you have into volleyball.","あなたは努力の天才。誰よりも長い時間を、<txt:bold,2>バレーにあなたのすべてを賭けてきたじゃないですか。","你是努力的天才。您比任何人都投入了更漫长的时间，<txt:bold,2>甚至不惜将您的一切都赌在了排球上，不是吗？","您可是努力型的天才啊。比任何人投入更長的時間，<txt:bold,2>還把您的一切都賭在排球上了，不是嗎？","Ты живешь волейболом. <txt:bold,2>Всю жизнь отдала спорту и тренировкам.","Awak genius dalam usaha. Awak luangkan lebih masa daripada sesiapa <txt:bold,2>dan beri segalanya untuk bola tampar.","Cậu là thiên tài của sự nỗ lực. Cậu đã dành nhiều thời gian hơn bất kỳ ai khác, <txt:bold,2>trao tất cả cho bóng chuyền.","Eres una genia del esfuerzo. Has pasado más tiempo que nadie, <txt:bold,2>lo apostaste todo al voleibol.","Anda itu adalah jenius dalam berusaha keras. Anda telah berusaha dalam waktu lama melebihi siapapun, <txt:bold,2>dan mempertaruhkan segala-galanya dalam bola voli.","คุณคืออัจฉริยะแห่งความพยายาม ก็คุณใช้เวลามานานกว่าใคร <txt:bold,2>ในการเดิมพันทุกอย่างของตัวเองให้กับวอลเลย์บอลนี่คะ","Você é uma verdadeira inspiração. <txt:bold,2>Ninguém se dedica mais ao vôlei do que você."
,,,카를라,,-1_미소,,,"아버지 사업의 부도, 의사도 포기한 발목 부상‥ <wrt:wait,30>그 모든 걸 이겨낸 사람.","Your father's business bankruptcy, an ankle injury that even doctors gave up on... <wrt:wait,30>You were the one that overcame all of that.","お父さんの事業の倒産、医者も諦めた足首の怪我...<wrt:wait,30>そのすべてを乗り越えた人。","父亲公司倒闭的重创，连医生都束手无策的脚踝重伤......<wrt:wait,30>您可是从这一切绝境中浴火重生的人啊。","父親公司破產、連醫生都束手無策的腳傷...<wrt:wait,30>這一切妳都一一克服了。","Ты пережила крах отцовского бизнеса и травму, <wrt:wait,30>когда все врачи говорили, что шансов нет.","Kejatuhan bisnes ayah awak, kecederaan buku lali yang doktor pun putus asa... <wrt:wait,30>Awak tetap bangkit.","Sự phá sản của công ty bố cậu, chấn thương mắt cá chân mà bác sĩ đã từ bỏ... <wrt:wait,30>Người đã vượt qua tất cả những điều đó...","La quiebra del negocio de tu padre, la lesión en el tobillo que incluso los médicos dieron por perdida... <wrt:wait,30>Superaste todo eso.","Kebangkrutan usaha dari ayah Anda, dan cedera pergelangan kaki yang bahkan dokter pun menyerah untuk memulihkannya... <wrt:wait,30>Anda adalah orang yang telah berhasil melewati semua itu.","ทั้งธุรกิจของพ่อที่ล้มละลาย ทั้งอาการบาดเจ็บที่ข้อเท้าที่แม้แต่หมอยังยอมแพ้... <wrt:wait,30>แต่คุณก็เอาชนะสิ่งเหล่านั้นมาได้ทั้งหมด","Alguém que superou a falência do negócio do pai e uma lesão no tornozelo <wrt:wait,30>que até os médicos desistiram de tratar."
,,,카를라,,-1_무서움,,,분명히 이번에도 불운이 겹치고 겹친 결과겠죠.,Surely this defeat must be the result of multiple unfortunate circumstances.,きっと今回も不運が重なった結果でしょう。,想必这次，也只是接二连三的霉运缠身罢了。,想必這次也只是一連串不幸造成的結果吧。,А сейчас тебя преследуют неудачи.,Pasti kekalahan ni sebab keadaan yang malang.,Chắc chắn lần này cũng chỉ là một chuỗi xui xẻo chồng chất thôi.,Seguro que esto también fue solo una mala racha tras otra.,Saya yakin ini terjadi karena beberapa ketidakberuntungan yang tidak terhindari.,ครั้งนี้ก็เช่นกันค่ะ มันคงจะเป็นผลจากโชคร้ายที่ทับซ้อนกันนั่นแหละ,"Sem dúvida, tudo isso é resultado de uma sequência de desventuras."
,,,제니,,,,,무슨 말을 하고 싶은 거야.,What do you mean?,何が言いたいの。,你到底想说什么。,妳到底想說什麼。,К чему ты клонишь?,Apa maksud awak?,Cô muốn nói gì?,¿Qué estás tratando de decir?,Apa yang ingin kamu bicarakan?,อยากจะพูดอะไรกันแน่,O que você tá querendo dizer com isso?
,,,카를라,,-1_제안,,,"<wrt:delay,10><txt:bold,2><scr:noskip>더 열심히 하라는 얘기를 하는 거예요.","<wrt:delay,10><txt:bold,2><scr:noskip>That you should try harder.","<wrt:delay,10><txt:bold,2><scr:noskip>もっと頑張れという話をしているんです。","<wrt:delay,10><txt:bold,2><scr:noskip>我的意思是，您还得再加把劲儿才行啊。","<wrt:delay,10><txt:bold,2><scr:noskip>我的意思是您得加倍努力了。","<wrt:delay,10><txt:bold,2><scr:noskip>Намекаю, что нужно стараться еще больше.","<wrt:delay,10><txt:bold,2><scr:noskip>Maksud saya: awak kena usaha lebih.","<wrt:delay,10><txt:bold,2><scr:noskip>Tôi đang bảo cậu hãy cố gắng hơn nữa.","<wrt:delay,10><txt:bold,2><scr:noskip>Que te esfuerces más.","<wrt:delay,10><txt:bold,2><scr:noskip>Maksud saya itu coba berusaha lebih keras lagi.","<wrt:delay,10><txt:bold,2><scr:noskip>ฉันต้องการให้คุณพยายามมากขึ้นไงคะ","<wrt:delay,10><txt:bold,2><scr:noskip>O que quero dizer é que você precisa se esforçar mais."
,,,제니,,,,,"<wrt:delay,10>‥읏.","<wrt:delay,10>...Hah.","<wrt:delay,10>...うっ。","<wrt:delay,10>......唔。","<wrt:delay,10>...唔。","<wrt:delay,10>...Кх","<wrt:delay,10>...Hah.","<wrt:delay,10>Hic...","<wrt:delay,10>...Ugh.","<wrt:delay,10>...Ughh.","<wrt:delay,10>...อึก","<wrt:delay,10>Ugh..."
,,,카를라,,-1_기본,,,"<txt:bold,2><txt:color,orange>제니</txt:bold></txt:color> 씨 <wrt:wait,30>당신의 가치는 노력.","<txt:bold,2><txt:color,orange>Ms. Jenny</txt:bold></txt:color>, your value is in effort.","<txt:bold,2><txt:color,orange>ジェニー</txt:bold></txt:color>さん<wrt:wait,30>あなたの価値は努力。","<txt:bold,2><txt:color,orange>珍妮</txt:bold></txt:color>小姐，<wrt:wait,30>您的价值，就在于那份不懈的努力。","<txt:bold,2><txt:color,orange>珍妮</txt:bold></txt:color>小姐，<wrt:wait,30>您的價值就在於努力不懈的精神。","<txt:bold,2><txt:color,orange>Дженни</txt:bold></txt:color>, <wrt:wait,30>твой талант — это трудолюбие.","<txt:bold,2><txt:color,orange>Cik Jenny</txt:bold></txt:color>, nilai awak terletak pada usaha.","<txt:bold,2><txt:color,orange>Jenny</txt:bold></txt:color> <wrt:wait,30>giá trị của cậu là sự nỗ lực.","<txt:bold,2><txt:color,orange>Jenny</txt:bold></txt:color>, <wrt:wait,30>tu valor está en el esfuerzo.","<txt:bold,2><txt:color,orange>Jenny</txt:bold></txt:color>, satu-satunya<wrt:wait,30> yang berharga dari Anda itu adalah usaha.","คุณค่าของคุณ<txt:bold,2><txt:color,orange>เจนนี่</txt:bold></txt:color><wrt:wait,30>ก็คือความพยายาม","<txt:bold,2><txt:color,orange>Jenny</txt:bold></txt:color>, <wrt:wait,30>o seu verdadeiro valor vem do esforço."
,,,카를라,,-1_무서움,pause,,"<txt:color,red><txt:bold,2>노력하지 않는 당신이 이 배구 코트 위에서 살아남을 수 있을 것 같나요?","<txt:color,red><txt:bold,2>Do you believe that you can survive on this volleyball court without putting in the effort?","<txt:color,red><txt:bold,2>努力しないあなたがこのバレーコートの上で生き残れると思いますか？","<txt:color,red><txt:bold,2>您觉得，一个不再努力的您，还能在这个残酷的排球场上立足吗？","<txt:color,red><txt:bold,2>您覺得不努力的您，還能在這排球場上生存嗎？","<txt:color,red><txt:bold,2>Если не будешь упорно работать, тебя тут быстро вытеснят.","<txt:color,red><txt:bold,2>Awak rasa boleh kekal di gelanggang ni tanpa usaha?","<txt:color,red><txt:bold,2>Không nỗ lực, cậu nghĩ mình có thể sống sót trên sân bóng chuyền này sao?","<txt:color,red><txt:bold,2>¿Crees que podrás sobrevivir en esta cancha si no te esfuerzas?","<txt:color,red><txt:bold,2>Apa Anda pikir Anda dapat tetap berada di atas lapangan ini jika tidak berusaha keras?","<txt:color,red><txt:bold,2>ถ้าคุณไม่พยายาม คิดว่าคุณจะเอาชีวิตรอดบนสนามวอลเลย์บอลแห่งนี้ได้เหรอคะ?","<txt:color,red><txt:bold,2>Você realmente acha que consegue sobreviver nessa quadra de vôlei sem se esforçar?"
,,,카를라,,-1_제안,,,"스스로에게 물어봐요. <wrt:wait,30>지금 정말 최선을 다했는지. <wrt:wait,30>모든 걸 쏟아냈는지.","Ask yourself. <wrt:wait,30>Did you really put in every effort? <wrt:wait,30>Did you really give it your all?","自分に問いかけてみなさい。<wrt:wait,30>今本当に最善を尽くしたか。<wrt:wait,30>すべてを出し切ったか。","您不妨扪心自问一下。<wrt:wait,30>此刻的您，真的已经拼尽全力了吗？<wrt:wait,30>真的已经毫无保留了吗？","捫心自問。<wrt:wait,30>自己真的拚盡全力了嗎？<wrt:wait,30>真的燃燒殆盡了嗎？","А теперь скажи. <wrt:wait,30>Ты точно показала все, <wrt:wait,30>на что способна?","Tanya diri sendiri. <wrt:wait,30>Awak dah usaha sepenuhnya? <wrt:wait,30>Dah beri segalanya?","Tự hỏi bản thân đi. <wrt:wait,30>Liệu cậu đã thực sự cố gắng hết sức chưa? <wrt:wait,30>Đã trút hết tất cả chưa?","Pregúntate de verdad: <wrt:wait,30>¿Lo diste todo? <wrt:wait,30>¿Lo dejaste todo en la cancha?","Coba tanyakan kepada diri Anda sendiri. <wrt:wait,30>Apakah ini usaha terbaik dari Anda. <wrt:wait,30>Apa Anda telah mencurahkan segala-galanya.","ลองถามตัวเองดูเถอะค่ะ <wrt:wait,30>ว่าตอนนี้คุณทำเต็มที่จริงๆ แล้วรึยัง <wrt:wait,30>ว่าคุณได้ทุ่มเททุกอย่างที่มีแล้วรึเปล่า","Pergunte a si mesma se... <wrt:wait,30>se esforçou ao máximo, <wrt:wait,30>se deu tudo o que tinha."
,,,제니,,,pause,,"‥말 안 해도 알아. <txt:bold,2>다음 번엔 반드시 이길 거야.","...You don’t have to tell me. <txt:bold,2>I’ll make sure to win next time.","...言わなくてもわかってる。<txt:bold,2>次は必ず勝つわ。","......不用你说我也明白。<txt:bold,2>下一次，我一定会赢回来！","...不用妳說我也知道。<txt:bold,2>下次我一定會贏。","Я поняла. <txt:bold,2>В следующий раз победа за мной.","...Tak perlu cakap, aku tahu. <txt:bold,2>Kali depan aku pasti menang.","Không cần nói tôi cũng biết. <txt:bold,2>Lần sau tôi nhất định sẽ thắng.","No hace falta que lo digas. <txt:bold,2>La próxima vez, voy a ganar sí o sí.","...Aku sudah tahu tanpa perlu kamu bilang. <txt:bold,2>Lain kali aku pasti menang.","...ไม่ต้องพูดฉันก็รู้ <txt:bold,2>ครั้งต่อไปฉันจะต้องชนะให้ได้","Não precisa falar. <txt:bold,2>Na próxima, vou ganhar com certeza."
,,,카를라,,-1_미소,,,그럼요. 그래야죠.,Of course. You must.,そうですね。そうであるべきです。,那是自然。理应如此。,那當然。就該這樣。,Вот это я и хотела услышать.,Mestilah. Awak mesti.,Đúng vậy. Cậu phải thế.,Claro. Así tiene que ser.,Tentu saja. Harus begitu.,ค่ะ ต้องอย่างนั้นสิคะ,"Claro, é isso que você deve fazer."
,,,카를라,,-1_딴청,,,"참, 아까 라울이 그러더군요. ","Oh, I did hear Raul say this.",あ、さっきラウルがこう言っていましたよ。,对了，刚才拉乌尔那家伙说了。,啊，對了，剛才拉烏爾他說。,"Ах, да. Рауль тут кое-что рассказал.","Oh ya, Raul ada cakap satu benda.","À, vừa rồi Raul có nói với tôi.","Ah, por cierto, hace un rato Raúl dijo algo.","Oh ya, tadi Raul bilang seperti ini.",อ้อ เมื่อกี้ราอุลบอกกับฉันน่ะค่ะ,"Ah, e o Raul disse uma coisa mais cedo."
,,,카를라,,-1_미소,,,"<txt:bold,2>'<txt:color,orange>백시우</txt:color>가 곧 5대 스파이커가 될지도 모르겠어.'</txt:bold>라고요.","<txt:bold,2>‘<txt:color,orange>Siwoo Baek</txt:color> might soon become one of the Big Five.’</txt:bold>","<txt:bold,2>「<txt:color,orange>白井新</txt:color>はそのうち5大スパイカーになるかもしれないな」</txt:bold>って。","他说，<txt:bold,2>‘<txt:color,orange>白时宇</txt:color>那小子，说不定很快就要跻身五大主攻手之列了。’</txt:bold>","<txt:bold,2>「<txt:color,orange>白時宇</txt:color>說不定很快就會成為五大主攻手了。」</txt:bold>呢。","Ему кажется, что <txt:bold,2><txt:color,orange>Шиу</txt:color> станет следующим в пятерке лучших нападающих</txt:bold>.","<txt:bold,2>“<txt:color,orange>Siwoo Baek</txt:color> mungkin tak lama lagi akan jadi salah seorang daripada lima perejam terbaik dunia.”</txt:bold>","<txt:bold,2>'<txt:color,orange>Baek Siwoo</txt:color> có thể sẽ sớm trở thành một trong 5 tay đập giỏi nhất.'</txt:bold>","<txt:bold,2>'Tal vez <txt:color,orange>Siwoo</txt:color> se convierta pronto en uno de los 5 mejores rematadores del mundo.'</txt:bold>","Katanya <txt:bold,2>'<txt:color,orange>Siwoo Baek</txt:color> bisa saja menjadi salah satu dari 5 Spiker Terbaik dalam waktu dekat.'</txt:bold>.","ว่า <txt:bold,2>'<txt:color,orange>แบคชีอู</txt:color>อาจจะกลายเป็นตัวตบท็อป 5 ในอีกไม่ช้าก็ได้'</txt:bold>","Ele falou que <txt:bold,2>o <txt:color,orange>Siwoo Baek</txt:color> pode em breve se tornar um dos 5 melhores atacantes</txt:bold>."
,,,제니,,1_놀람,shake,,"<cha:pop,제니><wrt:delay,10>뭐‥?","<cha:pop,제니><wrt:delay,10>What...?","<cha:pop,제니><wrt:delay,10>何...？","<cha:pop,제니><wrt:delay,10>什么......？","<cha:pop,제니><wrt:delay,10>什麼...？","<cha:pop,제니><wrt:delay,10>Что...?","<cha:pop,제니><wrt:delay,10>Apa...?","<cha:pop,제니><wrt:delay,10>Cái gì...?","<cha:pop,제니><wrt:delay,10>¿Qué...?","<cha:pop,제니><wrt:delay,10>Apa...?","<cha:pop,제니><wrt:delay,10>ว่าไงนะ...?","<cha:pop,제니><wrt:delay,10>O quê?"
,,,카를라,,-1_기본,,,"이대로라면 분명히 <txt:bold,2>당신이 아니라 <txt:bold,2><txt:color,orange>백시우</txt:color>가 5대 스파이커가 되겠죠?","At this rate, <txt:bold,2>it will be <txt:bold,2><txt:color,orange>Siwoo Baek</txt:bold></txt:color> that joins the Big Five, not you.","このままならきっと<txt:bold,2>あなたではなく<txt:bold,2><txt:color,orange>白井新</txt:bold></txt:color>さんが5大スパイカーになるでしょうね？","照这样下去，成为五大主攻手的，<txt:bold,2>恐怕就不是您，而是那个<txt:bold,2><txt:color,orange>白时宇</txt:bold></txt:color>了，不是吗？","再這樣下去，<txt:bold,2>成為五大主攻手的肯定不是您，而是<txt:bold,2><txt:color,orange>白時宇</txt:bold></txt:color>吧？","Если так пойдет, то <txt:bold,2>в пятерке окажется <txt:bold,2><txt:color,orange>Шиу</txt:bold></txt:color>, а не ты.","Kalau <txt:bold,2>begini, <txt:bold,2><txt:color,orange>Siwoo Baek</txt:bold></txt:color> yang akan menjadi salah seorang daripada lima perejam terbaik dunia, bukannya awak.","Nếu cứ thế này thì chắc chắn <txt:bold,2>không phải cậu mà là <txt:bold,2><txt:color,orange>Baek Siwoo</txt:bold></txt:color> sẽ trở thành một trong 5 tay đập giỏi nhất đấy!","Si esto sigue así, será <txt:bold,2><txt:color,orange>Siwoo<txt:bold,2></txt:color>, no tú, quien lo logre.","Kalau terus begini maka <txt:bold,2>bukan Anda namun </txt:bold><txt:color,orange>Siwoo Baek</txt:color>-lah yang akan menjadi salah satu dari 5 Spiker Terbaik?!","ถ้าเป็นแบบนี้ต่อไป <txt:bold,2>แทนที่จะเป็นคุณ <txt:bold,2><txt:color,orange>แบคชีอู</txt:bold></txt:color>คงได้กลายเป็นตัวตบท็อป 5 นะคะ","Se continuar assim, <txt:bold,2>quem vai se tornar um dos 5 melhores atacantes será o <txt:bold,2><txt:color,orange>Siwoo Baek</txt:color></txt:bold></txt:bold>, não você."
,,,카를라,,-1_미소,,,"그리고 그때가 되면‥ <wrt:wait,30><txt:bold,2>서사라는 더 이상 당신을 돌아보지 않을지도 몰라요.","And when that happens... <wrt:wait,30><txt:bold,2>Sara Seo won’t notice you anymore.","そしてその時は...<wrt:wait,30><txt:bold,2>紗良はあなたなんか見向きもしないでしょうね。","而且到了那个时候......<wrt:wait,30><txt:bold,2>徐莎拉可能就再也不会把目光投向您了。","而且到那時候...<wrt:wait,30><txt:bold,2>莎拉恐怕不會再多看您一眼了。","И когда это случится... <wrt:wait,30><txt:bold,2>Сара совсем забудет о тебе.","Dan masa tu... <wrt:wait,30><txt:bold,2>Sara Seo takkan perasan awak lagi.","Và khi đó... <wrt:wait,30><txt:bold,2>Seo Sara sẽ không còn nhìn cậu nữa.","Y cuando eso pase... <wrt:wait,30><txt:bold,2>Puede que Sara ya no vuelva a fijarse en ti.","Dan pada saat itu... <wrt:wait,30><txt:bold,2>Mungkin saja Sara Seo tidak akan peduli kepada Anda lagi.","แล้วถ้าถึงตอนนั้นล่ะก็... <wrt:wait,30><txt:bold,2>คุณซอซาร่าอาจไม่หันมามองคุณอีกต่อไปเลยก็ได้ค่ะ","E quando chegar esse momento, <wrt:wait,30><txt:bold,2>a Sara Seo talvez nem se importe mais com você."
,,,카를라,,-1_제안,,,"<txt:bold,2>안 그래도 그녀는 당신보다 <txt:color,orange>백시우</txt:color>를 더 아꼈으니까.","<txt:bold,2>Do remember that she did favor <txt:color,orange>Siwoo Baek</txt:color> over you?","<txt:bold,2>そもそも彼女はあなたより<txt:color,orange>白井新</txt:color>さんの方を大切にしていたのですから。","<txt:bold,2>毕竟，比起您，她向来更偏爱那个<txt:color,orange>白时宇</txt:color>。","<txt:bold,2>畢竟她本來就比較偏愛<txt:color,orange>白時宇</txt:color>，勝過妳啊。","<txt:bold,2>Ты же знаешь, <txt:color,orange>Шиу</txt:color> всегда был ей дороже.","<txt:bold,2>Ingat tak dia lebih sukakan <txt:color,orange>Siwoo Baek</txt:color> daripada awak?","<txt:bold,2>Dù sao thì cô ấy vẫn yêu quý <txt:color,orange>Baek Siwoo</txt:color> hơn cậu.","<txt:bold,2>De todos modos, siempre cuidó más a <txt:color,orange>Siwoo</txt:color> que a ti.","<txt:bold,2>Karena dari sebelumnya dia itu lebih peduli kepada <txt:color,orange>Siwoo Baek</txt:color> daripada Anda.","<txt:bold,2>เพราะเธอหวงแหน<txt:color,orange>แบคชีอู</txt:color>มากกว่าคุณอยู่แล้วนี่นา","<txt:bold,2>Ela sempre teve mais carinho pelo <txt:color,orange>Siwoo Baek</txt:color> do que por você, afinal."
,,,제니,,1_결연,shake,,"<txt:shake,1>‥입 다물어.","<txt:shake,1>...Shut up.","<txt:shake,1>...黙れ。","<txt:shake,1>......闭上你的臭嘴！","<txt:shake,1>...閉嘴！","<txt:shake,1>...Прекрати.","<txt:shake,1>... Diamlah","<txt:shake,1>Cô im đi...","<txt:shake,1>Cállate...","<txt:shake,1>...Tutup mulutmu.","<txt:shake,1>...หุบปากซะ","<txt:shake,1>Cala essa boca..."
,,,카를라,,-1_무서움,,,"<wrt:delay,3>아아, 미안해요. <wrt:wait,30>제가 곧 시합에 나설 선수에게 너무 많은 말을 했네요.","<wrt:delay,3>Ahh, my apologies. <wrt:wait,30>Perhaps I talked too much to a player who is about to compete.","<wrt:delay,3>ああ、ごめんなさい。<wrt:wait,30>これから試合に出る選手に余計なことまで話してしまいましたね。","<wrt:delay,3>啊啊，真是抱歉。<wrt:wait,30>我对即将上场比赛的选手，似乎说了太多不该说的话了。","<wrt:delay,3>啊啊，抱歉。<wrt:wait,30>我對即將上場的選手說了太多不該說的話了呢。","<wrt:delay,3>Ой, прости. <wrt:wait,30>Я слишком разговорилась перед твоим матчем.","<wrt:delay,3>Ah, maaf. <wrt:wait,30>Mungkin saya bercakap terlalu banyak dengan pemain yang bakal bertanding.","<wrt:delay,3>Ôi, tôi xin lỗi. <wrt:wait,30>Tôi đã nói quá nhiều với một cầu thủ sắp thi đấu.","<wrt:delay,3>Ah, perdón. <wrt:wait,30>Le dije demasiado a alguien que está a punto de entrar al partido.","<wrt:delay,3>Aduh, saya minta maaf. <wrt:wait,30>Saya telah banyak bicara pada atlet yang akan bertanding sebentar lagi.","<wrt:delay,3>โอ๊ะ ขอโทษนะคะ <wrt:wait,30>ฉันเผลอพูดกับนักกีฬาที่กำลังจะลงแข่งมากเกินไปซะแล้ว","<wrt:delay,3>Ah, perdão. <wrt:wait,30>Acho que falei demais com quem vai entrar em quadra agora."
,,,카를라,,-1_미소,,,"가서 이기고 오세요. <txt:bold,2>2차전은 반드시 가져와요.","Go and win. <txt:bold,2>Make sure to take the second match.","行って勝ってきてください。<txt:bold,2>第二戦は必ず取ってくださいね。","去吧，去赢下比赛。<txt:bold,2>这第二场，务必给我拿下！","去贏回來吧。<txt:bold,2>第二回合一定要給我拿下。","Иди и побеждай. <txt:bold,2>Вторая игра за тобой.","Pergi dan menang. <txt:bold,2>Pastikan awak menang perlawanan kedua.","Đi và giành lấy chiến thắng đi. <txt:bold,2>Lần thi đấu thứ hai, cậu phải thắng.","Ve y gana. <txt:bold,2>El segundo partido tiene que ser tuyo.","Coba pergi untuk menang pada kali ini. <txt:bold,2>Anda harus memenangkan ronde ke-2.","ไปเอาชนะมาให้ได้นะคะ <txt:bold,2>การแข่งรอบที่ 2 คุณต้องเอาชัยชนะกลับมาให้ได้","Vai lá e ganhe. <txt:bold,2>O segundo jogo tem que ser nosso."
,,,카를라,,-1_기본,,,"<txt:bold,2><wrt:delay,3>더 많이 넘어지고, <wrt:wait,30>더 높이 뛰어야 해요.","<txt:bold,2><wrt:delay,3>Fall more <wrt:wait,30>and jump higher.","<txt:bold,2><wrt:delay,3>もっと多く転んで、<wrt:wait,30>もっと高く跳ぶのです。","<txt:bold,2><wrt:delay,3>还要跌倒更多次，<wrt:wait,30>跳得更高。","<txt:bold,2><wrt:delay,3>必須經歷更多跌倒，<wrt:wait,30>才能躍得更高。","<txt:bold,2><wrt:delay,3>Чем больше ты падаешь, <wrt:wait,30>тем выше летишь.","<txt:bold,2><wrt:delay,3>Awak perlu lebih banyak jatuh <wrt:wait,30>dan melompat lebih tinggi.","<txt:bold,2><wrt:delay,3>Ngã nhiều hơn, <wrt:wait,30>nhảy cao hơn.","<txt:bold,2><wrt:delay,3>Cae más veces y <wrt:wait,30>salta más alto.","<txt:bold,2><wrt:delay,3>Anda harus lebih banyak terjatuh, <wrt:wait,30>dan meloncat lebih tinggi.","<txt:bold,2><wrt:delay,3>คุณต้องล้มลุกคลุกคลานให้มากขึ้น <wrt:wait,30>แล้วก็กระโดดให้สูงขึ้น","<txt:bold,2><wrt:delay,3>Você precisa cair mais e <wrt:wait,30>saltar mais alto."
,,,카를라,,-1_무서움,pause,,"<txt:bold,2><wrt:delay,3>그게 바로, 당신이 가진 유일한 가치니까.","<txt:bold,2><wrt:delay,3>That is your only value.","<txt:bold,2><wrt:delay,3>それこそが、あなたが持つたった一つの価値なのですから。","<txt:bold,2><wrt:delay,3>因为这就是你唯一的价值所在。","<txt:bold,2><wrt:delay,3>因為那正是，您所擁有的唯一價值啊。","<txt:bold,2><wrt:delay,3>Ведь только в этом и заключается твоя ценность.","<txt:bold,2><wrt:delay,3>Kerana itulah satu-satunya nilai yang awak ada.","<txt:bold,2><wrt:delay,3>Đó chính là giá trị duy nhất của cậu.","<txt:bold,2><wrt:delay,3>Eso es lo único que te define de verdad.","<txt:bold,2><wrt:delay,3>Karena hanya itulah yang membuat Anda berharga.","<txt:bold,2><wrt:delay,3>เพราะนั่นคือคุณค่าเพียงหนึ่งเดียวที่คุณมี","<txt:bold,2><wrt:delay,3>Pois esse é o único valor que você tem."
,,,제니,,1_결연,,,"<txt:color,grey>(‥)","<txt:color,grey>(...)","<txt:color,grey>(...)","<txt:color,grey>(...)","<txt:color,grey>(...)","<txt:color,grey>(...)","<txt:color,grey>(...)","<txt:color,grey>(...)","<txt:color,grey>(...)","<txt:color,grey>(...)","<txt:color,grey>(...)","<txt:color,grey>(...)"
,,,TAG,,,,,"<eff:black,3>","<eff:black,3>","<eff:black,3>","<eff:black,3>","<eff:black,3>","<eff:black,3>","<eff:black,3>","<eff:black,3>","<eff:black,3>","<eff:black,3>","<eff:black,3>","<eff:black,3>"
,,,TAG,,,,,"<cha:qpos,카를라,-4><cha:qpos,백시우,-2>","<cha:qpos,카를라,-4><cha:qpos,백시우,-2>","<cha:qpos,카를라,-4><cha:qpos,백시우,-2>","<cha:qpos,카를라,-4><cha:qpos,백시우,-2>","<cha:qpos,카를라,-4><cha:qpos,백시우,-2>","<cha:qpos,카를라,-4><cha:qpos,백시우,-2>","<cha:qpos,카를라,-4><cha:qpos,백시우,-2>","<cha:qpos,카를라,-4><cha:qpos,백시우,-2>","<cha:qpos,카를라,-4><cha:qpos,백시우,-2>","<cha:qpos,카를라,-4><cha:qpos,백시우,-2>","<cha:qpos,카를라,-4><cha:qpos,백시우,-2>","<cha:qpos,카를라,-4><cha:qpos,백시우,-2>"
,,,백시우,,-1_무표정,,,"<txt:bold,2><txt:color,orange>제니</txt:bold></txt:color>, 이제 그만하자. 이 정도면 됐잖아.","<txt:bold,2><txt:color,orange>Jenny</txt:bold></txt:color>, let’s stop. This is enough.","<txt:bold,2><txt:color,orange>ジェニー</txt:bold></txt:color>、もうやめよう。これくらいで十分だよ。","<txt:bold,2><txt:color,orange>珍妮</txt:bold></txt:color>，我们到此为止吧。已经够了，真的。","<txt:bold,2><txt:color,orange>珍妮</txt:bold></txt:color>，我們停手吧。已經打得差不多了。","<txt:bold,2><txt:color,orange>Дженни</txt:bold></txt:color>, достаточно. Давай остановимся.","<txt:bold,2><txt:color,orange>Jenny</txt:bold></txt:color>, cukuplah. Hentikan.","<txt:bold,2><txt:color,orange>Jenny</txt:bold></txt:color>, hãy dừng lại thôi. Thế này là đủ rồi!","<txt:bold,2><txt:color,orange>Jenny</txt:bold></txt:color>, ya basta. Ya fue suficiente.","<txt:bold,2><txt:color,orange>Jenny</txt:bold></txt:color>, mari kita berhenti. Bukankah ini sudah cukup.","<txt:bold,2><txt:color,orange>เจนนี่</txt:bold></txt:color> หยุดได้แล้วล่ะ เท่านี้ก็น่าจะพอแล้วไม่ใช่เหรอ","<txt:bold,2><txt:color,orange>Jenny</txt:bold></txt:color>, já basta. Isso já foi o suficiente."
,,,백시우,,-1_무표정,shake,,"<txt:bold,2><txt:shake,1>너, 지금 이미 너덜너덜하잖아. 대체 오늘 몇 경기나 뛴 거야‥.","<txt:bold,2><txt:shake,1>You’re completely worn out. How many matches did you play today...","<txt:bold,2><txt:shake,1>すでにボロボロじゃないか。いったい今日何試合したんだ...","<txt:bold,2><txt:shake,1>你看看你，现在已经筋疲力尽。今天到底打了多少场比赛啊....","<txt:bold,2><txt:shake,1>妳已經疲憊不堪了，妳今天到底打了幾場比賽...","<txt:bold,2><txt:shake,1>Ты же еле держишься. Сколько игр у тебя сегодня было?","<txt:bold,2><txt:shake,1>Awak dah terlalu letih. Berapa banyak awak dah main hari ni...","<txt:bold,2><txt:shake,1>Cậu... cậu đã kiệt sức rồi. Hôm nay cậu đã đấu bao nhiêu trận vậy...","<txt:bold,2><txt:shake,1>Mírate... estás hecha polvo. ¿Cuántos partidos jugaste hoy...?","<txt:bold,2><txt:shake,1>Saat ini kamu tidak dapat berdiri dengan benar. Seberapa banyak kamu bertanding hari ini....","<txt:bold,2><txt:shake,1>ตอนนี้เธอแทบยืนไม่ไหวแล้วนะ วันนี้เธอแข่งมากี่เกมกันเนี่ย....","<txt:bold,2><txt:shake,1>Você tá completamente acabada. Quantos jogos jogou hoje?"
,,,제니,,1_결연,,,"‥<txt:bold,2><txt:color,orange>백시우</txt:bold></txt:color>. 2차전은, 반드시 내가 이겨.","...<txt:bold,2><txt:color,orange>Siwoo Baek</txt:bold></txt:color>. The second match will be mine.","...<txt:bold,2><txt:color,orange>白井新</txt:bold></txt:color>。第2戦は、必ずあたしが勝つから。","......<txt:bold,2><txt:color,orange>白时宇</txt:bold></txt:color>。第二场，我一定会赢你。","...<txt:bold,2><txt:color,orange>白時宇</txt:bold></txt:color>。第二回合，我一定會贏。","...<txt:bold,2><txt:color,orange>Шиу</txt:bold></txt:color>. Я обыграю тебя во втором матче.","...<txt:bold,2><txt:color,orange>Siwoo Baek</txt:bold></txt:color>. Perlawanan kedua, aku pasti menang.","<txt:bold,2><txt:color,orange>Baek Siwoo</txt:bold></txt:color>, ở trận thứ hai, tớ nhất định phải thắng cậu.","<txt:bold,2><txt:color,orange>Siwoo</txt:bold></txt:color>... El segundo partido, lo voy a ganar.","...<txt:bold,2><txt:color,orange>Siwoo Baek</txt:bold></txt:color>. Pada ronde ke-2, Aku akan pasti menang.","...<txt:bold,2><txt:color,orange>แบคชีอู</txt:bold></txt:color> ฉันจะเอาชนะนายในการแข่งรอบที่ 2 ให้ได้","<txt:bold,2><txt:color,orange>Siwoo Baek</txt:bold></txt:color>, o segundo jogo vai ser meu."
,,,백시우,,-1_무표정,,,"<cha:pop,백시우><txt:bold,2><txt:color,orange>제니</txt:bold></txt:color>!","<cha:pop,백시우><txt:bold,2><txt:color,orange>Jenny</txt:bold></txt:color>!","<cha:pop,백시우><txt:bold,2><txt:color,orange>ジェニー</txt:bold></txt:color>！","<cha:pop,백시우><txt:bold,2><txt:color,orange>珍妮</txt:bold></txt:color>！","<cha:pop,백시우><txt:bold,2><txt:color,orange>珍妮</txt:bold></txt:color>！","<cha:pop,백시우><txt:bold,2><txt:color,orange>Дженни</txt:bold></txt:color>!","<cha:pop,백시우><txt:bold,2><txt:color,orange>Jenny</txt:bold></txt:color>!","<cha:pop,백시우><txt:bold,2><txt:color,orange>Jenny</txt:bold></txt:color>!","¡<cha:pop,백시우><txt:bold,2><txt:color,orange>Jenny</txt:bold></txt:color>!","<cha:pop,백시우><txt:bold,2><txt:color,orange>Jenny</txt:bold></txt:color>!","<cha:pop,백시우><txt:bold,2><txt:color,orange>เจนนี่</txt:bold></txt:color>!","<cha:pop,백시우><txt:bold,2><txt:color,orange>Jenny</txt:bold></txt:color>!"
,,,제니,,1_기본,,,"<wrt:delay,3>혹시라도 적당히 하면— <txt:bold,2>용서 안 해.","<wrt:delay,3>If you even think about going easy on me— <txt:bold,2>I’ll never forgive you.","<wrt:delay,3>もしも手を抜くようなら—<txt:bold,2>絶対に許さないんだから。","<wrt:delay,3>要是你敢手下留情——<txt:bold,2>我绝对饶不了你！","<wrt:delay,3>要是你敢給我放水的話，<txt:bold,2>我絕對不會原諒你！","<wrt:delay,3>Если будешь играть вполсилы, <txt:bold,2>я тебе этого не прощу.","<wrt:delay,3>Kalau kau sengaja mengalah— <txt:bold,2>aku takkan maafkan kau.","<wrt:delay,3>Nếu cậu không nghiêm túc... <txt:bold,2>tớ sẽ không tha thứ đâu.","<wrt:delay,3>Y si te llegas a contener aunque sea un poco... <txt:bold,2>no te lo voy a perdonar.","<wrt:delay,3>Jika kamu main setengah-setengah— <txt:bold,2>maka aku tidak akan memaafkanmu.","<wrt:delay,3>ถ้านายออมมือล่ะก็— <txt:bold,2>ฉันจะไม่ให้อภัยเด็ดขาด","<wrt:delay,3>Se você não jogar sério, <txt:bold,2>eu não vou te perdoar."
,,,제니,,1_결연,,,"<wrt:delay,3>진심으로 덤벼.","<wrt:delay,3>Come at me with all you got.","<wrt:delay,3>本気で来なさい。","<wrt:delay,3>拿出你的真本事来！","<wrt:delay,3>給我拿出真本事來！","<wrt:delay,3>Играй серьезно.","<wrt:delay,3>Bagi habis-habisan.","<wrt:delay,3>Hãy đối đầu với tớ bằng tất cả sức mạnh.","<wrt:delay,3>Ve con todo.","<wrt:delay,3>Kamu harus menghadapiku dengan serius.","<wrt:delay,3>มาแข่งกับฉันแบบเต็มที่","<wrt:delay,3>Então venha com tudo!"
,,,제니,,1_기본,,,"<wrt:delay,3><txt:size,1><txt:bold,1>그 누구와 경기할 때보다도.","<wrt:delay,3><txt:size,1><txt:bold,1>More than when competing against anyone else.","<wrt:delay,3><txt:size,1><txt:bold,1>誰よりも全力で。","<wrt:delay,3><txt:size,1><txt:bold,1>要比跟任何人比赛的时候都更认真！","<wrt:delay,3><txt:size,1><txt:bold,1>拿出比跟任何人比賽時都還要認真的態度！","<wrt:delay,3><txt:size,1><txt:bold,1>Лучше, чем с другими.","<wrt:delay,3><txt:size,1><txt:bold,1>Lebih daripada lawan sesiapa pun.","<wrt:delay,3><txt:size,1><txt:bold,1>Hơn cả khi đấu với bất kỳ ai khác.","<wrt:delay,3><txt:size,1><txt:bold,1>Más que contra cualquier otra persona.","<wrt:delay,3><txt:size,1><txt:bold,1>Lebih serius daripada bertanding dengan siapapun.","<wrt:delay,3><txt:size,1><txt:bold,1>ยิ่งกว่าตอนที่แข่งกับคนอื่นๆ","<wrt:delay,3><txt:size,1><txt:bold,1>Quero ver você jogando mais sério do que nunca."
,,,제니,,1_기본,,exclam,"<wrt:delay,3><cha:pop,제니><txt:size,2><txt:bold,2>사라 언니와 경기할 때보다도!","<wrt:delay,3><cha:pop,제니><txt:size,2><txt:bold,2>More than when competing against Sara!","<wrt:delay,3><cha:pop,제니><txt:size,2><txt:bold,2>紗良お姉ちゃんと試合する時よりも！","<wrt:delay,3><cha:pop,제니><txt:size,2><txt:bold,2>甚至要比跟莎拉姐姐比赛的时候，还要更认真！","<wrt:delay,3><cha:pop,제니><txt:size,2><txt:bold,2>拿出比跟莎拉姐姐比賽時還要拚命的態度！","<wrt:delay,3><cha:pop,제니><txt:size,2><txt:bold,2>Лучше, чем с Сарой!","<wrt:delay,3><cha:pop,제니><txt:size,2><txt:bold,2>Lebih daripada masa kau lawan Kak Sara!","<wrt:delay,3><cha:pop,제니><txt:size,2><txt:bold,2>Thậm chí hơn cả khi đấu với chị Sara!","<wrt:delay,3><cha:pop,제니><txt:size,2><txt:bold,2>Más incluso que cuando jugaste contra Sara.","<wrt:delay,3><cha:pop,제니><txt:size,2><txt:bold,2>Lebih dari saat kamu bertanding melawan kakak Sara!","<wrt:delay,3><cha:pop,제니><txt:size,2><txt:bold,2>แล้วก็ยิ่งกว่าตอนที่แข่งกับพี่ซาร่าด้วย!","<wrt:delay,3><cha:pop,제니><txt:size,2><txt:bold,2>Até mais do que quando jogou contra a Sara!"
,,,백시우,,-1_무표정,,,"<wrt:delay,3>‥<wrt:wait,30><txt:bold,2><txt:color,orange>제니</txt:bold></txt:color>.","<wrt:delay,3>...<wrt:wait,30><txt:bold,2><txt:color,orange>Jenny</txt:bold></txt:color>.","<wrt:delay,3>...<wrt:wait,30><txt:bold,2><txt:color,orange>ジェニー</txt:bold></txt:color>。","<wrt:delay,3>......<wrt:wait,30><txt:bold,2><txt:color,orange>珍妮</txt:bold></txt:color>。","<wrt:delay,3>...<wrt:wait,30><txt:bold,2><txt:color,orange>珍妮</txt:bold></txt:color>。","<wrt:delay,3>...<wrt:wait,30><txt:bold,2><txt:color,orange>Дженни</txt:bold></txt:color>.","<wrt:delay,3>...<wrt:wait,30><txt:bold,2><txt:color,orange>Jenny</txt:bold></txt:color>.","<wrt:delay,3>...<wrt:wait,30><txt:bold,2><txt:color,orange>Jenny</txt:bold></txt:color>.","<wrt:delay,3>... <wrt:wait,30><txt:bold,2><txt:color,orange>Jenny</txt:bold></txt:color>.","<wrt:delay,3>...<wrt:wait,30><txt:bold,2><txt:color,orange>Jenny</txt:bold></txt:color>.","<wrt:delay,3>...<wrt:wait,30><txt:bold,2><txt:color,orange>เจนนี่</txt:bold></txt:color>","<wrt:delay,3>Hum... <wrt:wait,30><txt:bold,2><txt:color,orange>Jenny</txt:bold></txt:color>."
,경기 승리,#,MAP,,,,,암전,암전,암전,암전,암전,암전,암전,암전,암전,암전,암전,암전
,,#,BGM,,,,,,,,,,,,,,,,
,,#,백시우,-4,-2_당황,,,,,,,,,,,,,,
,,#,상현,4,1_기본,,,,,,,,,,,,,,
,,#,카를라,4,1_기본,,,,,,,,,,,,,,
,,#,마윤석,4,1_기본,,,,,,,,,,,,,,
,,,TAG,,,,,"<sys:nogui><sys:bgm,BGM_IRREVERSIBLE,1000><eff:black,2>","<sys:nogui><sys:bgm,BGM_IRREVERSIBLE,1000><eff:black,2>","<sys:nogui><sys:bgm,BGM_IRREVERSIBLE,1000><eff:black,2>","<sys:nogui><sys:bgm,BGM_IRREVERSIBLE,1000><eff:black,2>","<sys:nogui><sys:bgm,BGM_IRREVERSIBLE,1000><eff:black,2>","<sys:nogui><sys:bgm,BGM_IRREVERSIBLE,1000><eff:black,2>","<sys:nogui><sys:bgm,BGM_IRREVERSIBLE,1000><eff:black,2>","<sys:nogui><sys:bgm,BGM_IRREVERSIBLE,1000><eff:black,2>","<sys:nogui><sys:bgm,BGM_IRREVERSIBLE,1000><eff:black,2>","<sys:nogui><sys:bgm,BGM_IRREVERSIBLE,1000><eff:black,2>","<sys:nogui><sys:bgm,BGM_IRREVERSIBLE,1000><eff:black,2>","<sys:nogui><sys:bgm,BGM_IRREVERSIBLE,1000><eff:black,2>"
,,,백시우,,,,,"<wrt:delay,5><scr:noskip><txt:bold,2><txt:color,orange>제니</txt:bold></txt:color>는 누구보다 높이 뛰었다.","<wrt:delay,5><scr:noskip><txt:bold,2><txt:color,orange>Jenny</txt:bold></txt:color> jumped higher than anyone else.","<wrt:delay,5><scr:noskip><txt:bold,2><txt:color,orange>ジェニー</txt:bold></txt:color>は誰よりも高く跳んだ。","<wrt:delay,5><scr:noskip><txt:bold,2><txt:color,orange>珍妮</txt:bold></txt:color>纵身一跃，无人能及。","<wrt:delay,5><scr:noskip><txt:bold,2><txt:color,orange>珍妮</txt:bold></txt:color>的跳躍高度無人能及。","<wrt:delay,5><scr:noskip><txt:bold,2><txt:color,orange>Дженни</txt:bold></txt:color> прыгала выше всех.","<wrt:delay,5><scr:noskip><txt:bold,2><txt:color,orange>Jenny</txt:bold></txt:color> melompat lebih tinggi daripada sesiapa.","<wrt:delay,5><scr:noskip><txt:bold,2><txt:color,orange>Jenny</txt:bold></txt:color> đã nhảy cao hơn bất kỳ ai.","<wrt:delay,5><scr:noskip><txt:bold,2><txt:color,orange>Jenny</txt:bold></txt:color> saltó más alto que nadie.","<wrt:delay,5><scr:noskip><txt:bold,2><txt:color,orange>Jenny</txt:bold></txt:color> telah meloncat paling tinggi melebihi siapapun.","<wrt:delay,5><scr:noskip><txt:bold,2><txt:color,orange>เจนนี่</txt:bold></txt:color>น่ะ กระโดดได้สูงกว่าใครเลย","<wrt:delay,5><scr:noskip>A <txt:bold,2><txt:color,orange>Jenny</txt:bold></txt:color> saltou mais alto do que todos."
,,,백시우,,,,,"<wrt:delay,5><scr:noskip>바람을 품은 불꽃처럼, 타오르듯.","<wrt:delay,5><scr:noskip>Like a flame fed by the wind, blazing higher.","<wrt:delay,5><scr:noskip>風を抱いた炎のように、燃え上がるように。","<wrt:delay,5><scr:noskip>她像一团裹挟着狂风的烈焰，燃烧着，升腾着。","<wrt:delay,5><scr:noskip>如同乘著風的火焰般，奮力燃燒著。","<wrt:delay,5><scr:noskip>Ярко и стремительно, словно пламя на ветру.","<wrt:delay,5><scr:noskip>Marak seperti api yang ditiup angin.","<wrt:delay,5><scr:noskip>Như ngọn lửa chứa đựng gió, bùng cháy dữ dội.","<wrt:delay,5><scr:noskip>Ardía como una llama avivada por el viento.","<wrt:delay,5><scr:noskip>Berkobar bagai api yang disulut angin.","<wrt:delay,5><scr:noskip>เธอลุกโชนเหมือนกับเปลวไฟที่โอบกอดสายลม","<wrt:delay,5><scr:noskip>Como uma chama impulsionada pelo vento."
,,,백시우,,,,,"<wrt:delay,5><scr:noskip>블로커보다, 코트 위 누구보다 높이.","<wrt:delay,5><scr:noskip>Higher than a blocker, higher than anyone else on the court.","<wrt:delay,5><scr:noskip>ブロッカーよりも、コート上の誰よりも高く。","<wrt:delay,5><scr:noskip>比拦网者更高，比球场上的任何人都高。","<wrt:delay,5><scr:noskip>比攔網手更高，比球場上的任何人都高。","<wrt:delay,5><scr:noskip>Выше любого игрока на корте.","<wrt:delay,5><scr:noskip>Lebih tinggi daripada penghadang, daripada sesiapa pun di gelanggang.","<wrt:delay,5><scr:noskip>Cao hơn cả các tay chắn, cao hơn tất cả mọi người trên sân.","<wrt:delay,5><scr:noskip>Más alto que los bloqueadores, más alto que cualquiera en la cancha.","<wrt:delay,5><scr:noskip>Lebih tinggi daripada Blocker, atau siapapun yang ada di atas lapangan.","<wrt:delay,5><scr:noskip>เธอกระโดดได้สูงกว่าใครบนสนาม ยิ่งกว่าตัวบล็อกซะอีก","<wrt:delay,5><scr:noskip>Mais alto que o bloqueador, mais alto que qualquer jogador na quadra."
,,,백시우,,,,,"<wrt:delay,5><scr:noskip>영원히 닿을 수 없는 <txt:bold,2><txt:color,orange>최고점</txt:bold></txt:color>을 향해.","<wrt:delay,5><scr:noskip>Toward the <txt:bold,2><txt:color,orange>‘pinnacle’</txt:bold></txt:color> that can never be reached.","<wrt:delay,5><scr:noskip>永遠に届かない<txt:bold,2><txt:color,orange>「最高点」</txt:bold></txt:color>に向かって。","<wrt:delay,5><scr:noskip>朝着仿佛永远遥不可及的<txt:bold,2><txt:color,orange>‘最高点’</txt:bold></txt:color>。","<wrt:delay,5><scr:noskip>朝著永遠無法觸及的<txt:bold,2><txt:color,orange>「最高點」</txt:bold></txt:color>而去。","<wrt:delay,5><scr:noskip>Она тянулась к <txt:bold,2><txt:color,orange>недостижимой вершине</txt:bold></txt:color>.","<wrt:delay,5><scr:noskip>Menuju <txt:bold,2><txt:color,orange>puncak</txt:bold></txt:color> yang takkan tercapai selamanya.","<wrt:delay,5><scr:noskip>Hướng tới <txt:bold,2><txt:color,orange>'Điểm cao nhất'</txt:bold></txt:color> mà không ai có thể chạm tới.","<wrt:delay,5><scr:noskip>Hacia un <txt:bold,2><txt:color,orange>'punto más alto'</txt:bold></txt:color> que nadie podría alcanzar jamás.","<wrt:delay,5><scr:noskip>Menuju <txt:bold,2><txt:color,orange>puncak tertinggi</txt:bold></txt:color> yang tak akan pernah terjangkau.","<wrt:delay,5><scr:noskip>เพื่อมุ่งไปยัง <txt:bold,2><txt:color,orange>จุดสูงสุด</txt:bold></txt:color> ที่ไม่อาจสัมผัสถึงตลอดกาล","<wrt:delay,5><scr:noskip>Em direção a um <txt:bold,2><txt:color,orange>«topo»</txt:bold></txt:color> inalcançável."
,,,백시우,,,,,"<wrt:delay,5><scr:noskip>멋지다고 생각했다.","<wrt:delay,5><scr:noskip>I thought it was incredible.","<wrt:delay,5><scr:noskip>素晴らしいと思った。","<wrt:delay,5><scr:noskip>那一刻，我觉得她跳得真漂亮。","<wrt:delay,5><scr:noskip>我真心覺得她很帥氣。","<wrt:delay,5><scr:noskip>Восхитительно.","<wrt:delay,5><scr:noskip>Saya rasa itu luar biasa.","<wrt:delay,5><scr:noskip>Điều đó thật tuyệt vời.","<wrt:delay,5><scr:noskip>Pensé que era increíble.","<wrt:delay,5><scr:noskip>Menurutku, dia sungguh hebat.","<wrt:delay,5><scr:noskip>ฉันคิดว่าเธอยอดเยี่ยมมาก","<wrt:delay,5><scr:noskip>Aquilo me impressionou."
,,,백시우,,,,,"<wrt:delay,5><scr:noskip>이 경기가 끝나면 꼭 말해주자고 생각했다.<wrt:wait,30> 너의 점프는, 정말 멋지다고.","<wrt:delay,5><scr:noskip>I thought I’d tell her after the match.<wrt:wait,30> That her jumps were... incredible.","<wrt:delay,5><scr:noskip>この試合が終わったら必ず伝えようと思った。<wrt:wait,30>君のジャンプは、本当に素晴らしかったと。","<wrt:delay,5><scr:noskip>这场比赛结束后，我一定要告诉她。<wrt:wait,30>你的跳跃，真的很漂亮。","<wrt:delay,5><scr:noskip>還打算等這場比賽結束後要親口告訴她。<wrt:wait,30>「妳的跳躍能力，真的帥炸了。」","<wrt:delay,5><scr:noskip>После игры я хотел подойти и сказать ей: <wrt:wait,30>«Ты так здорово прыгаешь».","<wrt:delay,5><scr:noskip>Saya nak cakap lepas perlawanan,<wrt:wait,30> lompatan tu... hebat.","<wrt:delay,5><scr:noskip>Mình đã nghĩ rằng sau trận đấu này sẽ nói với cô ấy. <wrt:wait,30> Cú nhảy của cậu thật sự rất đẹp.","<wrt:delay,5><scr:noskip>Pensé que debía decírselo cuando acabara el partido. <wrt:wait,30>Que su salto era, de verdad, impresionante.","<wrt:delay,5><scr:noskip>Aku berniat memberitahunya setelah pertandingan ini selesai.<wrt:wait,30> Lompatanmu benar-benar hebat.","<wrt:delay,5><scr:noskip>ฉันคิดว่าจะบอกเธอให้ได้เมื่อการแข่งนี้จบลง<wrt:wait,30> ว่าการกระโดดของเธอน่ะ ยอดเยี่ยมมาก","<wrt:delay,5><scr:noskip>Pensei em dizer a ela assim que o jogo terminasse: <wrt:wait,30>o seu salto é incrível."
,,,백시우,,,,,"<wrt:delay,5><scr:noskip>하지만, 그탓에—.","<wrt:delay,5><scr:noskip>But because of that—","<wrt:delay,5><scr:noskip>しかし、そのせいで—。","<wrt:delay,5><scr:noskip>但是，也正因为如此——。","<wrt:delay,5><scr:noskip>但也正因如此...","<wrt:delay,5><scr:noskip>Но я забылся...","<wrt:delay,5><scr:noskip>Tapi sebab tu—.","<wrt:delay,5><scr:noskip>Nhưng, chính vì thế...","<wrt:delay,5><scr:noskip>Pero, por eso mismo...","<wrt:delay,5><scr:noskip>Namun, karena itu juga—.","<wrt:delay,5><scr:noskip>แต่เพราะสิ่งนั้น—","<wrt:delay,5><scr:noskip>Mas..."
,,,백시우,,,,,"<wrt:delay,5><scr:noskip>나는 미처 깨닫지 못하고 있었다.","<wrt:delay,5><scr:noskip>I didn’t realize it.","<wrt:delay,5><scr:noskip>俺は気づかずにいた。","<wrt:delay,5><scr:noskip>我当时竟浑然未觉。","<wrt:delay,5><scr:noskip>我完全沒有意識到。","<wrt:delay,5><scr:noskip>И не заметил главного.","<wrt:delay,5><scr:noskip>Saya tak sedar.","<wrt:delay,5><scr:noskip>Mình đã không nhận ra.","<wrt:delay,5><scr:noskip>No me di cuenta.","<wrt:delay,5><scr:noskip>Aku tidak menyadari sesuatu.","<wrt:delay,5><scr:noskip>ฉันไม่ทันได้ตระหนักถึงเลย","<wrt:delay,5><scr:noskip>Eu não percebi."
,,,백시우,,,,,"<wrt:delay,5><scr:noskip><txt:bold,2><txt:color,orange>제니</txt:bold></txt:color>가 자신도 감당할 수 없는 그 높이까지 뛰어오른 이유가","<wrt:delay,5><scr:noskip>The reason why <txt:bold,2><txt:color,orange>Jenny</txt:bold></txt:color> was jumping to a height beyond her own capacity","<wrt:delay,5><scr:noskip><txt:bold,2><txt:color,orange>ジェニー</txt:bold></txt:color>が自分でも耐えられないその高さまで跳び上がった理由が","<wrt:delay,5><scr:noskip><txt:bold,2><txt:color,orange>珍妮</txt:bold></txt:color>之所以会奋不顾身地跳到连她自己都承受不住的高度，","<wrt:delay,5><scr:noskip><txt:bold,2><txt:color,orange>珍妮</txt:bold></txt:color>之所以會跳到連自己都無法負荷的高度，","<wrt:delay,5><scr:noskip><txt:bold,2><txt:color,orange>Дженни</txt:bold></txt:color> вышла за пределы своих возможностей","<wrt:delay,5><scr:noskip>Sebab <txt:bold,2><txt:color,orange>Jenny</txt:bold></txt:color> melompat begitu tinggi, melebihi apa yang tubuhnya mampu tanggung...","<wrt:delay,5><scr:noskip>Lý do <txt:bold,2><txt:color,orange>Jenny</txt:bold></txt:color> nhảy cao đến mức không thể kiểm soát được","No me di cuenta de que <wrt:delay,5><scr:noskip><txt:bold,2><txt:color,orange>Jenny</txt:bold></txt:color> había saltado tan alto, más de lo que incluso ella podía soportar...","<wrt:delay,5><scr:noskip>Alasan mengapa <txt:bold,2><txt:color,orange>Jenny</txt:bold></txt:color> meloncat tinggi melebihi yang dapat dia tangani","<wrt:delay,5><scr:noskip>ว่าเหตุผลที่<txt:bold,2><txt:color,orange>เจนนี่</txt:bold></txt:color>กระโดดขึ้นไปสูงขนาดนั้นจนแม้แต่ตัวเองก็รับไม่ไหว","<wrt:delay,5><scr:noskip>Que foi por minha causa que a <txt:bold,2><txt:color,orange>Jenny</txt:bold></txt:color> deu aquele salto..."
,,,백시우,,,,,"<wrt:delay,5><scr:noskip><txt:bold,2>‥<wrt:wait,30>나 때문이었다는 걸.</txt:bold>","<wrt:delay,5><scr:noskip><txt:bold,2>...<wrt:wait,30>was because of me.</txt:bold>","<wrt:delay,5><scr:noskip><txt:bold,2>...<wrt:wait,30>俺のせいだったということを。</txt:bold>","<wrt:delay,5><scr:noskip><txt:bold,2>......<wrt:wait,30>竟全都是因为我。</txt:bold>","<wrt:delay,5><scr:noskip><txt:bold,2>...<wrt:wait,30>全都是因為我。</txt:bold>","<wrt:delay,5><scr:noskip><txt:bold,2>...<wrt:wait,30>И виноват в этом я.","<wrt:delay,5><scr:noskip><txt:bold,2>...<wrt:wait,30>sebab saya.</txt:bold>","<wrt:delay,5><scr:noskip><txt:bold,2>...<wrt:wait,30>là vì mình.</txt:bold>","<wrt:delay,5><scr:noskip><txt:bold,2>...<wrt:wait,30>por mi culpa.</txt:bold>","<wrt:delay,5><scr:noskip><txt:bold,2>...<wrt:wait,30>Itu adalah karena aku.</txt:bold>","<wrt:delay,5><scr:noskip><txt:bold,2>...<wrt:wait,30>มันเป็นเพราะฉัน</txt:bold>","<wrt:delay,5><scr:noskip><txt:bold,2><wrt:wait,30>Algo que, no fundo, ela nem tinha forças para sustentar...</txt:bold>"
,,,백시우,,,,,"<wrt:delay,5><scr:noskip>뚝— 하고, <wrt:wait,30>들릴 리 없는 소리가 들려왔다.","<wrt:delay,5><scr:noskip>With a snap—, <wrt:wait,30>I heard a sound that shouldn't have been possible to hear.","<wrt:delay,5><scr:noskip>バキッ—と、<wrt:wait,30>聞こえるはずのない音が聞こえてきた。","<wrt:delay,5><scr:noskip>咔嚓——一声，<wrt:wait,30>那本不该出现的声音，却如惊雷般在我耳边炸响。","<wrt:delay,5><scr:noskip>啪的一聲，<wrt:wait,30>傳來了理應聽不見的清脆聲響。","<wrt:delay,5><scr:noskip>Хруст... <wrt:wait,30>Самый страшный звук на корте.","<wrt:delay,5><scr:noskip>Krak—, <wrt:wait,30>bunyi yang tak sepatutnya kedengaran.","<wrt:delay,5><scr:noskip>Rắc... <wrt:wait,30>một âm thanh lẽ ra không thể nghe thấy lại vang lên.","<wrt:delay,5><scr:noskip>Escuché un sonido 'crac' que <wrt:wait,30>en realidad no debía escucharse.","<wrt:delay,5><scr:noskip>Krak— <wrt:wait,30>terdengar suara yang seharusnya tak mungkin kudengar.","<wrt:delay,5><scr:noskip>กร๊อบ— <wrt:wait,30>แล้วเสียงที่ไม่ควรจะได้ยินก็ดังขึ้นมา","<wrt:delay,5><scr:noskip>Um estalo... <wrt:wait,30>Ouvi um som que não deveria ser possível ouvir."
,,,TAG,,,,,</sys:nogui>,</sys:nogui>,</sys:nogui>,</sys:nogui>,</sys:nogui>,</sys:nogui>,</sys:nogui>,</sys:nogui>,</sys:nogui>,</sys:nogui>,</sys:nogui>,</sys:nogui>
,,,TAG,,,,,"<sys:scene,부상,30>","<sys:scene,부상,30>","<sys:scene,부상,30>","<sys:scene,부상,30>","<sys:scene,부상,30>","<sys:scene,부상,30>","<sys:scene,부상,30>","<sys:scene,부상,30>","<sys:scene,부상,30>","<sys:scene,부상,30>","<sys:scene,부상,30>","<sys:scene,부상,30>"
,,,TAG,,,,,"<sys:quiet,600><sys:bgm,BGM_DOWNFALL_1,600>","<sys:quiet,600><sys:bgm,BGM_DOWNFALL_1,600>","<sys:quiet,600><sys:bgm,BGM_DOWNFALL_1,600>","<sys:quiet,600><sys:bgm,BGM_DOWNFALL_1,600>","<sys:quiet,600><sys:bgm,BGM_DOWNFALL_1,600>","<sys:quiet,600><sys:bgm,BGM_DOWNFALL_1,600>","<sys:quiet,600><sys:bgm,BGM_DOWNFALL_1,600>","<sys:quiet,600><sys:bgm,BGM_DOWNFALL_1,600>","<sys:quiet,600><sys:bgm,BGM_DOWNFALL_1,600>","<sys:quiet,600><sys:bgm,BGM_DOWNFALL_1,600>","<sys:quiet,600><sys:bgm,BGM_DOWNFALL_1,600>","<sys:quiet,600><sys:bgm,BGM_DOWNFALL_1,600>"
,,,제니,,,,,"<txt:bold,3><txt:size,3><txt:shake,3><eff:shake,3><txt:color,red>아아아아아아아악—!","<txt:bold,3><txt:size,3><txt:shake,3><eff:shake,3><txt:color,red>Aaaaaaaargh—!","<txt:bold,3><txt:size,3><txt:shake,3><eff:shake,3><txt:color,red>ああああああああーーーっ！！","<txt:bold,3><txt:size,3><txt:shake,3><eff:shake,3><txt:color,red>啊啊啊啊啊啊啊啊——！","<txt:bold,3><txt:size,3><txt:shake,3><eff:shake,3><txt:color,red>啊啊啊啊啊啊啊啊—！","<txt:bold,3><txt:size,3><txt:shake,3><eff:shake,3><txt:color,red>Аааааааа...!","<txt:bold,3><txt:size,3><txt:shake,3><eff:shake,3><txt:color,red>Aaaaaaaargh—!","<txt:bold,3><txt:size,3><txt:shake,3><eff:shake,3><txt:color,red>AAAAAAAAAAAAAAHHHH--!","<txt:bold,3><txt:size,3><txt:shake,3><eff:shake,3><txt:color,red>¡Aaaaah!","<txt:bold,3><txt:size,3><txt:shake,3><eff:shake,3><txt:color,red>Arghhhhh—!","<txt:bold,3><txt:size,3><txt:shake,3><eff:shake,3><txt:color,red>โอ๊ยยยยยย—!","<txt:bold,3><txt:size,3><txt:shake,3><eff:shake,3><txt:color,red>Aaaaaarghh!"
,,,-,,,,,"<sys:sfx,휘슬_2><txt:bold,2><txt:size,2><txt:shake,2><eff:shake,2>(삑, 삐이이이이이이익—!)</txt:bold>","<sys:sfx,휘슬_2><txt:bold,2><txt:size,2><txt:shake,2><eff:shake,2>(Peep, peeeeeep—!)</txt:bold>","<sys:sfx,휘슬_2><txt:bold,2><txt:size,2><txt:shake,2><eff:shake,2>(ピー、ピーーーーー！)</txt:bold>","<sys:sfx,휘슬_2><txt:bold,2><txt:size,2><txt:shake,2><eff:shake,2>(哔，哔————————！)</txt:bold>","<sys:sfx,휘슬_2><txt:bold,2><txt:size,2><txt:shake,2><eff:shake,2>(嗶、嗶咿咿咿咿咿咿咿—！)</txt:bold>","<sys:sfx,휘슬_2><txt:bold,2><txt:size,2><txt:shake,2><eff:shake,2>(Б-и-и-и-и-и-и-п...!)</txt:bold>","<sys:sfx,휘슬_2><txt:bold,2><txt:size,2><txt:shake,2><eff:shake,2>(Prit, priiiiiiit—!)</txt:bold>","<sys:sfx,휘슬_2><txt:bold,2><txt:size,2><txt:shake,2><eff:shake,2>(Tuýt, tuýtttttt—!)</txt:bold>","<sys:sfx,휘슬_2><txt:bold,2><txt:size,2><txt:shake,2><eff:shake,2>(¡Bip, Biiiiiiip!)</txt:bold>","<sys:sfx,휘슬_2><txt:bold,2><txt:size,2><txt:shake,2><eff:shake,2>(Beep, Beeeppppp—!)</txt:bold>","<sys:sfx,휘슬_2><txt:bold,2><txt:size,2><txt:shake,2><eff:shake,2>(ปิ๊ด ปี๊ดดดดดดดด—!)</txt:bold>","<sys:sfx,휘슬_2><txt:bold,2><txt:size,2><txt:shake,2><eff:shake,2>(Biiiiiiiiip!)</txt:bold>"
,,,백시우,,,,,"<txt:color,grey>(익숙한 메스꺼움이 밀려왔다.)","<txt:color,grey>(A familiar feeling of nausea came flooding in.)","<txt:color,grey>(またあの吐き気が押し寄せてきた)","<txt:color,grey>(一阵熟悉的恶心感，排山倒海般向我袭来。)","<txt:color,grey>(一股熟悉的噁心感猛然湧上心頭。)","<txt:color,grey>(Тошнота подступает к горлу.)","<txt:color,grey>(Rasa mual yang biasa kembali melanda.)","<txt:color,grey>(Cảm giác buồn nôn quen thuộc ập đến.)","<txt:color,grey>(Me invadieron unas náuseas familiares.)","<txt:color,grey>(Terasa rasa mual yang tidak asing.)","<txt:color,grey>(อาการคลื่นไส้ที่คุ้นเคยถาโถมเข้ามา)","<txt:color,grey>(Senti aquele enjoo familiar tomando conta de mim.)"
,,,???,,,,,"<wrt:delay,5><scr:noskip><txt:color,grey>(세계가 인정하잖아, 시우는 세기에 한번 나올 천재라고!)","<wrt:delay,5><scr:noskip><txt:color,grey>(Honey, the world recognizes Siwoo as a once-in-a-generation prodigy!)","<wrt:delay,5><scr:noskip><txt:color,grey>(世界が認めているじゃない、新は世紀に一度出るかどうかの天才だって！)","<wrt:delay,5><scr:noskip><txt:color,grey>(全世界都认可你白时宇是百年难遇的天才！)","<wrt:delay,5><scr:noskip><txt:color,grey>(全世界都認可你可是百年難得一見的天才！)","<wrt:delay,5><scr:noskip><txt:color,grey>(Весь мир признаёт: такие гении, как Шиу, рождаются раз в столетие!)","<wrt:delay,5><scr:noskip><txt:color,grey>(Seluruh dunia mengiktiraf Siwoo sebagai genius yang hanya muncul sekali dalam seratus tahun!)","<wrt:delay,5><scr:noskip><txt:color,grey>(Cả thế giới đã công nhận mà, Siwoo là thiên tài hiếm cả thế kỷ mới có một lần!)","<wrt:delay,5><scr:noskip><txt:color,grey>(El mundo lo reconoce, Siwoo es un genio que nace una vez por siglo.)","<wrt:delay,5><scr:noskip><txt:color,grey>(Dunia mengakuinya, bahwa Siwoo adalah anak genius yang lahir 1 dalam 100 tahun!)","<wrt:delay,5><scr:noskip><txt:color,grey>(แต่โลกก็ยังยอมรับเลยนะ ว่าชีอูเป็นอัจฉริยะที่มีแค่หนึ่งในล้าน!)","<wrt:delay,5><scr:noskip><txt:color,grey>(O mundo todo já reconhece, Siwoo é um gênio raro!)"
,,,???,,,,,"<wrt:delay,5><scr:noskip><txt:color,grey>(저 녀석 실력 봐서 알잖아, 저런 엄청난 재능을 썩힐 셈이야?)","<wrt:delay,5><scr:noskip><txt:color,grey>(You’ve seen his skills, haven’t you? Are you suggesting we waste such immense talent?)","<wrt:delay,5><scr:noskip><txt:color,grey>(あいつの実力を見れば分かるだろ、あんなに凄い才能を無駄にする気か？)","<wrt:delay,5><scr:noskip><txt:color,grey>(你看看那家伙的实力，难道你要眼睁睁看着这么惊人的天赋被埋没吗？)","<wrt:delay,5><scr:noskip><txt:color,grey>(你看那傢伙的實力就知道了吧，你打算浪費那樣驚人的天賦嗎？)","<wrt:delay,5><scr:noskip><txt:color,grey>(Неужели ты хочешь пустить на ветер такой талант?)","<wrt:delay,5><scr:noskip><txt:color,grey>(Awak dah tengok sendiri kebolehannya, kan? Awak nak sia-siakan bakat sehebat itu?)","<wrt:delay,5><scr:noskip><txt:color,grey>(Nhìn thực lực thằng bé thì biết mà, định lãng phí tài năng phi thường đó sao?)","<wrt:delay,5><scr:noskip><txt:color,grey>(Sabes lo bueno que es, ¿vas a dejar que ese talento se desperdicie?)","<wrt:delay,5><scr:noskip><txt:color,grey>(Kamu juga mengetahui bakatnya kan, apa kamu ingin membuang bakatnya seperti ini saja?)","<wrt:delay,5><scr:noskip><txt:color,grey>(นายเห็นฝีมือของเจ้านั่นก็น่าจะรู้นี่นา คิดจะปล่อยให้พรสวรรค์แบบนั้นเน่าเปื่อยไปรึไง?)","<wrt:delay,5><scr:noskip><txt:color,grey>(Você conhece o potencial dele, né? Não posso deixar esse talento ser desperdiçado!)"
,,,???,,,,,"<wrt:delay,5><scr:noskip><txt:color,grey>(내 마음에도 전심전력을 다 하고 싶어서 그래!)","<wrt:delay,5><scr:noskip><txt:color,grey>(Haha, no! I want to be more deliberate, now more than ever, about putting all I am into this!)","<wrt:delay,5><scr:noskip><txt:color,grey>(あたしの気持ちにも全力を尽くしたいの！)","<wrt:delay,5><scr:noskip><txt:color,grey>(因为我也想全心全意地投入，不辜负自己的内心！)","<wrt:delay,5><scr:noskip><txt:color,grey>(我也想全心全意地面對自己的內心！)","<wrt:delay,5><scr:noskip><txt:color,grey>(Я тоже хочу играть на полную!)","<wrt:delay,5><scr:noskip><txt:color,grey>(Sebab saya juga mahu bersungguh-sungguh mengikut kata hati saya!)","<wrt:delay,5><scr:noskip><txt:color,grey>(Mình muốn dốc hết cả tâm huyết vào quyết định này!)","<wrt:delay,5><scr:noskip><txt:color,grey>(¡Porque también quiero entregarme por completo a lo que siento!)","<wrt:delay,5><scr:noskip><txt:color,grey>(Aku ingin memberikan seluruh jiwa dan raga pada perasaanku juga!)","<wrt:delay,5><scr:noskip><txt:color,grey>(แล้วก็ฉันอยากเต็มที่กับความรู้สึกของตัวเองด้วยน่ะ!)","<wrt:delay,5><scr:noskip><txt:color,grey>(Estou sendo mais cauteloso, porque quero me dedicar ao máximo!)"
,,,백시우,,,,,"<wrt:wait,30><txt:bold,2><txt:size,2><txt:shake,2><eff:shake,2>우웨엑, 웩!!!!","<wrt:wait,30><txt:bold,2><txt:size,2><txt:shake,2><eff:shake,2>Ughhh... blegh!!","<wrt:wait,30><txt:bold,2><txt:size,2><txt:shake,2><eff:shake,2>ウェエッ、ゲッ！！！！","<wrt:wait,30><txt:bold,2><txt:size,2><txt:shake,2><eff:shake,2>呕哇啊啊，呕！！！！","<wrt:wait,30><txt:bold,2><txt:size,2><txt:shake,2><eff:shake,2>嘔噁、噁！！！！","<wrt:wait,30><txt:bold,2><txt:size,2><txt:shake,2><eff:shake,2>Ургх... урррргх!","<wrt:wait,30><txt:bold,2><txt:size,2><txt:shake,2><eff:shake,2>Ughhh... blegh!!","<wrt:wait,30><txt:bold,2><txt:size,2><txt:shake,2><eff:shake,2>Ọe, ọe!!!","<wrt:wait,30><txt:bold,2><txt:size,2><txt:shake,2><eff:shake,2>Puaj, ¡puaaaj!","<wrt:wait,30><txt:bold,2><txt:size,2><txt:shake,2><eff:shake,2>Hueeek, huek!!!!","<wrt:wait,30><txt:bold,2><txt:size,2><txt:shake,2><eff:shake,2>อ้วกก แหวะ!!!!","<wrt:wait,30><txt:bold,2><txt:size,2><txt:shake,2><eff:shake,2>Blurgghhh!"
,,,백시우,,,,,‥‥,......,......,......,......,......,......,......,...,......,......,...
,,,백시우,,,,,"<wrt:delay,5><txt:bold,2><txt:color,orange>제니</txt:bold></txt:color>, <wrt:wait,30><txt:bold,2><txt:color,orange>제니</txt:bold></txt:color>는 괜찮은 건가요?","<wrt:delay,5><txt:bold,2><txt:color,orange>Jenny</txt:bold></txt:color>, is <wrt:wait,30><txt:bold,2><txt:color,orange>Jenny</txt:bold></txt:color> okay?","<wrt:delay,5><txt:bold,2><txt:color,orange>ジェニー</txt:bold></txt:color>、<wrt:wait,30><txt:bold,2><txt:color,orange>ジェニー</txt:bold></txt:color>は大丈夫なんですか？","<wrt:delay,5><txt:bold,2><txt:color,orange>珍妮</txt:bold></txt:color>，<wrt:wait,30><txt:bold,2><txt:color,orange>珍妮</txt:bold></txt:color>她......她没事吧？","<wrt:delay,5><txt:bold,2><txt:color,orange>珍妮</txt:bold></txt:color>、<wrt:wait,30><txt:bold,2><txt:color,orange>珍妮</txt:bold></txt:color>她還好嗎？","<wrt:delay,5><txt:bold,2><txt:color,orange>Дженни</txt:bold></txt:color>... <wrt:wait,30><txt:bold,2><txt:color,orange>Дженни</txt:bold></txt:color> в порядке?","<wrt:delay,5><txt:bold,2><txt:color,orange>Jenny</txt:bold></txt:color>, <wrt:wait,30><txt:bold,2><txt:color,orange>Jenny</txt:bold></txt:color> dia okey ke?","<wrt:delay,5><txt:bold,2><txt:color,orange>Jenny</txt:bold></txt:color>... <wrt:wait,30><txt:bold,2><txt:color,orange>Jenny</txt:bold></txt:color> có ổn không ạ?","<wrt:delay,5><txt:bold,2><txt:color,orange>Jenny</txt:bold></txt:color>... ¿Está bien <wrt:wait,30><txt:bold,2><txt:color,orange>Jenny</txt:bold></txt:color>?","<wrt:delay,5><txt:bold,2><txt:color,orange>Jenny</txt:bold></txt:color>, <wrt:wait,30>Apa <txt:bold,2><txt:color,orange>Jenny</txt:bold></txt:color> baik-baik saja?","<wrt:delay,5><txt:bold,2><txt:color,orange>เจนนี่</txt:bold></txt:color>, <wrt:wait,30><txt:bold,2><txt:color,orange>เจนนี่</txt:bold></txt:color>เป็นอะไรไหมครับ?","<wrt:delay,5><txt:bold,2><txt:color,orange>Jenny</txt:bold></txt:color>... <wrt:wait,30><txt:bold,2><txt:color,orange>A Jenny</txt:bold></txt:color> tá bem?"
,,,백시우,,,,,"<wrt:delay,10><txt:bold,2>발목이 부러졌다고요‥?","<wrt:delay,10><txt:bold,2>Her ankle is broken...?","<wrt:delay,10><txt:bold,2>足首が折れたって...？","<wrt:delay,10><txt:bold,2>您是说......她的脚踝断了？","<wrt:delay,10><txt:bold,2>您說她腳踝斷了...？","<wrt:delay,10><txt:bold,2>Это перелом лодыжки...?","<wrt:delay,10><txt:bold,2>Buku lali dia patah...?","<wrt:delay,10><txt:bold,2>Cổ chân bị gãy sao...?","<wrt:delay,10><txt:bold,2>¿Se rompió el tobillo...?","<wrt:delay,10><txt:bold,2>Pergelangan kakinya patah...?","<wrt:delay,10><txt:bold,2>ข้อเท้าหักงั้นเหรอครับ...?","<wrt:delay,10><txt:bold,2>O quê? O tornozelo dela quebrou?"
,,,백시우,,,,,"<wrt:delay,10>‥<wrt:wait,30>제가.","<wrt:delay,10>...<wrt:wait,30>Did I.","<wrt:delay,10>...<wrt:wait,30>俺が...","<wrt:delay,10>......<wrt:wait,30>是我。","<wrt:delay,10>...<wrt:wait,30>是我。","<wrt:delay,10>...<wrt:wait,30>Я...","<wrt:delay,10>...<wrt:wait,30>Saya ke..","<wrt:delay,10>...<wrt:wait,30>Chính là mình.","<wrt:delay,10>... <wrt:wait,30>¿Fui yo?","<wrt:delay,10>...<wrt:wait,30>Aku.","<wrt:delay,10>...<wrt:wait,30>ผม","<wrt:delay,10>Aah... <wrt:wait,30>Será que..."
,,,백시우,,,,,"<wrt:delay,10><txt:color,red><txt:bold,2>제가 제니를 부추긴 건가요?","<wrt:delay,10><txt:color,red><txt:bold,2>Did I push Jenny into this?","<wrt:delay,10><txt:color,red><txt:bold,2>俺がジェニーを煽ったんですか？","<wrt:delay,10><txt:color,red><txt:bold,2>是我......是我把珍妮逼到这个地步的吗？","<wrt:delay,10><txt:color,red><txt:bold,2>是我讓珍妮勉強自己的嗎？","<wrt:delay,10><txt:color,red><txt:bold,2>Это из-за меня?","<wrt:delay,10><txt:color,red><txt:bold,2>Saya yang buat Jenny jadi begini...?","<wrt:delay,10><txt:color,red><txt:bold,2>Có phải mình đã thúc đẩy Jenny quá mức?","<wrt:delay,10><txt:color,red><txt:bold,2>¿Fui yo quien la empujó a hacerlo?","<wrt:delay,10><txt:color,red><txt:bold,2>Apa aku yang membuat Jenny memaksakan diri?","<wrt:delay,10><txt:color,red><txt:bold,2>ผมทำให้เจนนี่เป็นแบบนั้นเหรอครับ?","<wrt:delay,10><txt:color,red><txt:bold,2>Eu forcei Jenny a fazer isso?"
,,,TAG,,,,,"<eff:black,3></sys:nogui></sys:scene>","<eff:black,3></sys:nogui></sys:scene>","<eff:black,3></sys:nogui></sys:scene>","<eff:black,3></sys:nogui></sys:scene>","<eff:black,3></sys:nogui></sys:scene>","<eff:black,3></sys:nogui></sys:scene>","<eff:black,3></sys:nogui></sys:scene>","<eff:black,3></sys:nogui></sys:scene>","<eff:black,3></sys:nogui></sys:scene>","<eff:black,3></sys:nogui></sys:scene>","<eff:black,3></sys:nogui></sys:scene>","<eff:black,3></sys:nogui></sys:scene>"
,,,TAG,,,,,"<sys:quiet,1000>","<sys:quiet,1000>","<sys:quiet,1000>","<sys:quiet,1000>","<sys:quiet,1000>","<sys:quiet,1000>","<sys:quiet,1000>","<sys:quiet,1000>","<sys:quiet,1000>","<sys:quiet,1000>","<sys:quiet,1000>","<sys:quiet,1000>"
,,,TAG,,,,,"<cha:qpos,백시우,-2><cha:qpos,카를라,2>","<cha:qpos,백시우,-2><cha:qpos,카를라,2>","<cha:qpos,백시우,-2><cha:qpos,카를라,2>","<cha:qpos,백시우,-2><cha:qpos,카를라,2>","<cha:qpos,백시우,-2><cha:qpos,카를라,2>","<cha:qpos,백시우,-2><cha:qpos,카를라,2>","<cha:qpos,백시우,-2><cha:qpos,카를라,2>","<cha:qpos,백시우,-2><cha:qpos,카를라,2>","<cha:qpos,백시우,-2><cha:qpos,카를라,2>","<cha:qpos,백시우,-2><cha:qpos,카를라,2>","<cha:qpos,백시우,-2><cha:qpos,카를라,2>","<cha:qpos,백시우,-2><cha:qpos,카를라,2>"
,,,TAG,,,,,"<sys:map,팬텀리그_소등>","<sys:map,팬텀리그_소등>","<sys:map,팬텀리그_소등>","<sys:map,팬텀리그_소등>","<sys:map,팬텀리그_소등>","<sys:map,팬텀리그_소등>","<sys:map,팬텀리그_소등>","<sys:map,팬텀리그_소등>","<sys:map,팬텀리그_소등>","<sys:map,팬텀리그_소등>","<sys:map,팬텀리그_소등>","<sys:map,팬텀리그_소등>"
,,,TAG,,,,,"<sys:bgm,BGM_DOWNFALL_2,600>","<sys:bgm,BGM_DOWNFALL_2,600>","<sys:bgm,BGM_DOWNFALL_2,600>","<sys:bgm,BGM_DOWNFALL_2,600>","<sys:bgm,BGM_DOWNFALL_2,600>","<sys:bgm,BGM_DOWNFALL_2,600>","<sys:bgm,BGM_DOWNFALL_2,600>","<sys:bgm,BGM_DOWNFALL_2,600>","<sys:bgm,BGM_DOWNFALL_2,600>","<sys:bgm,BGM_DOWNFALL_2,600>","<sys:bgm,BGM_DOWNFALL_2,600>","<sys:bgm,BGM_DOWNFALL_2,600>"
,,,-,,,,,"<txt:bold,3><txt:color,grey>~경기 후. 코트 바깥~","<txt:bold,3><txt:color,grey>After the match, outside of the court","<txt:bold,3><txt:color,grey>～試合後。コートの外～","<txt:bold,3><txt:color,grey>～赛后。球场之外～","<txt:bold,3><txt:color,grey>～賽後，球場外～","<txt:bold,3><txt:color,grey>После игры. За пределами корта.","<txt:bold,3><txt:color,grey>Lepas perlawanan, luar gelanggang","<txt:bold,3><txt:color,grey>~ Sau trận đấu. Bên ngoài sân ~","<txt:bold,3><txt:color,grey>~Después del partido. Fuera de la cancha~","<txt:bold,3><txt:color,grey>~Setelah pertandingan. Di luar lapangan~","<txt:bold,3><txt:color,grey>~หลังการแข่งขัน ด้านนอกสนาม~","<txt:bold,3><txt:color,grey>Após o jogo... #Fora da Quadra"
,,,카를라,,1_기본,,,고생했어요.,Well done.,お疲れ様でした。,辛苦了。,辛苦了。,Молодец.,Syabas.,Vất vả rồi.,Has hecho un buen trabajo.,Anda telah kerja keras.,เก่งมากเลยค่ะ,Bom trabalho.
,,,카를라,,1_미소,,,"<txt:bold,2><txt:color,orange>제니</txt:bold></txt:color> 선수를 이겼군요.","You’ve defeated <txt:bold,2><txt:color,orange>Ms. Jenny</txt:bold></txt:color>.","<txt:bold,2><txt:color,orange>ジェニー</txt:bold></txt:color>さんに勝ちましたね。","您终究还是赢了<txt:bold,2><txt:color,orange>珍妮</txt:bold></txt:color>选手呢。","您打敗了<txt:bold,2><txt:color,orange>珍妮</txt:bold></txt:color>選手呢。","Ты обыграл <txt:bold,2><txt:color,orange>Дженни</txt:bold></txt:color>.","Awak telah kalahkan <txt:bold,2><txt:color,orange>Cik Jenny</txt:bold></txt:color>.","Cậu đã thắng <txt:bold,2><txt:color,orange>Jenny</txt:bold></txt:color>.","Has vencido a la jugadora <txt:bold,2><txt:color,orange>Jenny</txt:bold></txt:color>.","Anda telah mengalahkan atlet <txt:bold,2><txt:color,orange>Jenny</txt:bold></txt:color>.","คุณเอาชนะนักกีฬา<txt:bold,2><txt:color,orange>เจนนี่</txt:bold></txt:color>ได้ด้วย","Você derrotou a <txt:bold,2><txt:color,orange>Jenny</txt:bold></txt:color>."
,,,카를라,,1_제안,,,"정밀 검진을 해봐야겠지만‥ <wrt:wait,30><txt:bold,2>의사 말로는 선수 생명이 끝날 수도 있다고 하더군요.","We will have to do a thorough diagnosis but... <wrt:wait,30><txt:bold,2>The doctor said that this might be the end of her career.","精密検査をしてみないといけませんが...<wrt:wait,30><txt:bold,2>医者の話ではもう選手生命が終わるかもしれないと言っていましたよ。","虽然还需要做更精密的检查......<wrt:wait,30><txt:bold,2>但医生说，她的选手生涯，恐怕就此画上句号了。","雖然還要做精密檢查...<wrt:wait,30><txt:bold,2>但醫生說，她的選手生涯可能就此劃下句點了。","Ей нужно пройти полное обследование... <wrt:wait,30><txt:bold,2>Но, вероятно, она больше не сможет играть.","Kami perlu diagnosis penuh, tapi... <wrt:wait,30><txt:bold,2>Doktor kata ini mungkin akhir kariernya.","Cần phải kiểm tra kỹ lưỡng hơn nhưng... <wrt:wait,30><txt:bold,2>Bác sĩ nói rằng cô ấy có thể phải giã từ sự nghiệp cầu thủ.","Habrá que hacerle un chequeo más detallado, pero... <wrt:wait,30><txt:bold,2>según el médico, su carrera podría haber terminado.","Meski harus dilakukan pemeriksaan secara cermat... <wrt:wait,30><txt:bold,2>Namun menurut dokter, ini bisa mengakhiri karirnya sebagai atlet.","ถึงแม้ว่าคงจะต้องตรวจอย่างละเอียด... <wrt:wait,30><txt:bold,2>แต่คุณหมอบอกว่าเธออาจต้องจบชีวิตการเป็นนักกีฬาลงก็ได้","Ainda precisamos de exames detalhados, mas... <wrt:wait,30><txt:bold,2>o médico disse que pode ser o fim da carreira dela."
,,,백시우,,,pause,exclam,‥.,....,....,...,...。,....,....,....,...,....,....,...
,,,카를라,,1_기본,,,"<txt:bold,2><txt:color,orange>제니</txt:bold></txt:color> 씨는 예전에도 발목을 크게 다친 적이 있었어요.","<txt:bold,2><txt:color,orange>Ms. Jenny</txt:bold></txt:color> has a previous history of a serious ankle injury.","<txt:bold,2><txt:color,orange>ジェニー</txt:bold></txt:color>さんは以前にも足首を大きく怪我したことがありました。","<txt:bold,2><txt:color,orange>珍妮</txt:bold></txt:color>小姐以前也曾严重弄伤过脚踝。","<txt:bold,2><txt:color,orange>珍妮</txt:bold></txt:color>小姐的腳踝以前也受過重傷。","У <txt:bold,2><txt:color,orange>Дженни</txt:bold></txt:color> уже была серьезная травма лодыжки.","<txt:bold,2><txt:color,orange>Cik Jenny</txt:bold></txt:color> pernah cedera buku lali dengan teruk.","<txt:bold,2><txt:color,orange>Jenny</txt:bold></txt:color> trước đây cũng từng bị chấn thương nặng ở cổ chân.","<txt:bold,2><txt:color,orange>Jenny</txt:bold></txt:color> ya se había lesionado gravemente el tobillo una vez.","Sebelum ini juga <txt:bold,2><txt:color,orange>Jenny</txt:bold></txt:color> pernah cedera berat pada bagian pergelangan kakinya.","ก่อนหน้านี้คุณ<txt:bold,2><txt:color,orange>เจนนี่</txt:bold></txt:color>ก็เคยบาดเจ็บหนักที่ข้อเท้าค่ะ","A <txt:bold,2><txt:color,orange>Jenny</txt:bold></txt:color> já teve uma lesão grave no tornozelo antes."
,,,카를라,,1_미소,,,"그 노력가 기질로 간신히 재활에 성공해서 <wrt:wait,30><txt:bold,2>이곳에서 다시 기회를 잡으려 했는데—.","Through sheer effort, she barely succeeded in rehabilitation and was <wrt:wait,30><txt:bold,2> about to seize a new opportunity here—.","その努力家の資質でかろうじてリハビリに成功して<wrt:wait,30><txt:bold,2>ここでまたチャンスを掴もうとしていたのに—。","靠着那股肯下苦功的韧劲，她好不容易才康复，<wrt:wait,30><txt:bold,2>想在这里重新抓住机会——。","憑著那股拚勁勉強成功康復，<wrt:wait,30><txt:bold,2>打算在這裡重新抓住一線生機...","Она приложила очень много сил, <wrt:wait,30><txt:bold,2>чтобы снова начать играть.","Berkat kegigihannya, dia akhirnya berjaya pulih dan <wrt:wait,30><txt:bold,2>cuba merebut peluang baharu di sini—.","Với bản tính không ngừng nỗ lực, cô ấy đã cố gắng phục hồi và <wrt:wait,30><txt:bold,2>muốn tìm lại cơ hội ở đây...","Con gran esfuerzo y dedicación, logró rehabilitarse <wrt:wait,30><txt:bold,2>y estaba tratando de aprovechar esta oportunidad aquí.","Dengan kegigihannya, dia susah payah berhasil pulih <wrt:wait,30><txt:bold,2>dan mencoba meraih kesempatan lagi di sini, tapi—.","เธอมุ่งมั่นพยายามจนฟื้นฟูร่างกายกลับมาได้สำเร็จอย่างยากเย็น <wrt:wait,30><txt:bold,2>แล้วก็ตั้งใจจะมาคว้าโอกาสอีกครั้งในที่แห่งนี้—","E, depois de tanta luta, ela conseguiu se recuperar e <wrt:wait,30><txt:bold,2>tava tentando recomeçar aqui..."
,,,카를라,,1_무서움,pause,,"<txt:bold,2>당신이 그 꿈을 보기 좋게 무너뜨려버렸군요.","<txt:bold,2>Then you came and broke that dream.","<txt:bold,2>あなたがその夢をあっさりと壊してしまいましたね。","<txt:bold,2>结果，您却亲手将她这个梦想，无情地击得粉碎。","<txt:bold,2>結果您親手毀掉了她的夢想呢。","<txt:bold,2>И сейчас ты разбил ее мечту. Вдребезги.","<txt:bold,2>Tapi awak telah menghancurkan impian itu.","<txt:bold,2>Nhưng cậu đã phá hủy ước mơ đó một cách hoàn hảo.","<txt:bold,2>Pero tú... tú destruiste su sueño con tus propias manos.","<txt:bold,2>Anda telah menghancurkan mimpi itu dengan berkeping-keping.","<txt:bold,2>แต่คุณก็ทำลายความฝันนั้นจนยับเยินเลยค่ะ","<txt:bold,2>Mas você foi lá e acabou com o sonho dela."
,,,백시우,,,shake,,"<txt:shake,2>하아‥ <wrt:wait,30>하아‥","<txt:shake,2>Hah... <wrt:wait,30>Hah...","<txt:shake,2>はぁ...<wrt:wait,30>はぁ...","<txt:shake,2>哈啊......<wrt:wait,30>哈啊......","<txt:shake,2>嗬啊...<wrt:wait,30>嗬啊...","<txt:shake,2>Ха... <wrt:wait,30>ха...","<txt:shake,2>Hah... <wrt:wait,30>Hah...","<txt:shake,2>Ha ah... <wrt:wait,30>Ha ah...","<txt:shake,2>Uff... <wrt:wait,30>Uff...","<txt:shake,2>Hahhh... <wrt:wait,30>Hahhh...","<txt:shake,2>แฮ่ก... <wrt:wait,30>แฮ่ก...","<txt:shake,2>Aah... <wrt:wait,30>Aah..."
,,,카를라,,1_미소,,,하지만 좋은 소식도 있어요.,But there is good news as well.,でもいいニュースもありますよ。,不过，倒也不是全是坏消息。,不過也是有個好消息。,Но есть и хорошие новости.,Tapi ada juga berita baik,Nhưng cũng có tin tốt.,Aunque también tengo buenas noticias.,Meski begitu ada kabar baik juga.,แต่ก็มีข่าวดีด้วยนะคะ,Mas temos uma boa notícia também.
,,,카를라,,1_제안,,,"<txt:bold,2><txt:color,orange>제니</txt:bold></txt:color> 씨의 계약 조항에 따르면, <txt:bold,2>부상으로 선수 생활이 어려워질 경우 즉시 계약 해지가 가능해요.","According to <txt:bold,2><txt:color,orange>Ms. Jenny</txt:bold></txt:color>’s contract, <txt:bold,2>if she can’t play anymore due to an injury, the contract can be terminated immediately.","<txt:bold,2><txt:color,orange>ジェニー</txt:bold></txt:color>さんの契約条項によると、<txt:bold,2>怪我で選手生活が難しくなった場合は直ちに契約解除が可能です。","<txt:bold,2><txt:color,orange>珍妮</txt:bold></txt:color>小姐的合同条款里写明了，<txt:bold,2>如果因伤导致选手生涯难以为继，可以立即终止合同。","<txt:bold,2>根據<txt:color,orange>珍妮</txt:bold></txt:color>小姐的合約條款規定，<txt:bold,2>如果因受傷導致選手生涯中斷，則可立即終止合約。","В контракте <txt:bold,2><txt:color,orange>Дженни</txt:bold></txt:color> есть пункт, по которому <txt:bold,2>она может уйти без последствий, если получит травму.","Ikut kontrak <txt:bold,2><txt:color,orange>Cik Jenny</txt:bold></txt:color>, <txt:bold,2>kalau cedera dan tak boleh main lagi, kontrak boleh tamat serta-merta.","Theo điều khoản hợp đồng của <txt:bold,2><txt:color,orange>Jenny</txt:bold></txt:color>, <txt:bold,2>nếu chấn thương khiến cô ấy không thể thi đấu tiếp, hợp đồng sẽ được chấm dứt ngay lập tức.","Según la cláusula del contrato de <txt:bold,2><txt:color,orange>Jenny</txt:bold></txt:color>, <txt:bold,2>si una lesión impide continuar su carrera, el contrato se puede cancelar inmediatamente.","Menurut pasal kontrak dari <txt:bold,2><txt:color,orange>Jenny</txt:bold></txt:color>, <txt:bold,2>jika terjadi cedera yang membuatnya sulit untuk melanjutkan karir sebagai atlet, maka dia bisa langsung mengakhiri kontrak.","ตามข้อบัญญัติในสัญญาของคุณ<txt:bold,2><txt:color,orange>เจนนี่</txt:bold></txt:color> <txt:bold,2>เธอสามารถยกเลิกสัญญาได้ทันที ถ้าได้รับบาดเจ็บจนใช้ชีวิตในฐานะนักกีฬาไม่ได้","Pelo que diz o contrato da <txt:bold,2><txt:color,orange>Jenny</txt:bold></txt:color>, se ela <txt:bold,2>não puder mais jogar por causa de uma lesão, é possível rescindir o contrato na hora."
,,,카를라,,1_미소,,,"잘됐네요. <txt:bold,2><txt:color,orange>백시우</txt:bold></txt:color>.","This worked out nicely for you, <txt:bold,2><txt:color,orange>Siwoo Baek</txt:bold></txt:color>.","良かったじゃないですか。<txt:bold,2><txt:color,orange>白井新</txt:bold></txt:color>さん。","这下可太好了，<txt:bold,2><txt:color,orange>白时宇</txt:bold></txt:color>。","真是太好了，<txt:bold,2><txt:color,orange>白時宇</txt:bold></txt:color>。","Ну что, счастлив, <txt:bold,2><txt:color,orange>Бэк Шиу</txt:bold></txt:color>?","Baguslah untuk awak, <txt:bold,2><txt:color,orange>Siwoo Baek</txt:bold></txt:color>.","Vậy là tốt quá rồi còn gì, <txt:bold,2><txt:color,orange>Baek Siwoo</txt:bold></txt:color>.","Qué bien, ¿no? <txt:bold,2><txt:color,orange>Siwoo</txt:bold></txt:color>.","Bagus kan. <txt:bold,2><txt:color,orange>Siwoo Baek</txt:bold></txt:color>.","เข้าทางเลยนะคะ <txt:bold,2><txt:color,orange>แบคชีอู</txt:bold></txt:color>","Parabéns, <txt:bold,2><txt:color,orange>Siwoo Baek</txt:bold></txt:color>."
,,,카를라,,1_무서움,,,"당신이 원하던 대로— <txt:bold,2><wrt:wait,30>이제 <txt:bold,2><txt:color,orange>제니</txt:bold></txt:color> 씨를 데리고 나갈 수 있겠어요.","As you wanted— <txt:bold,2><wrt:wait,30>Now you can take <txt:bold,2><txt:color,orange>Ms. Jenny</txt:bold></txt:color> with you.","あなたが望んだ通りに—<txt:bold,2><wrt:wait,30>これで<txt:bold,2><txt:color,orange>ジェニー</txt:bold></txt:color>さんを連れて帰れますね。","正如您所愿——<txt:bold,2><wrt:wait,30>现在，您可以名正言顺地带<txt:bold,2><txt:color,orange>珍妮</txt:bold></txt:color>小姐离开了。","正如您所願，<txt:bold,2><wrt:wait,30>現在可以帶<txt:bold,2><txt:color,orange>珍妮</txt:bold></txt:color>小姐離開了。","Все как ты хотел. <txt:bold,2><wrt:wait,30>Теперь можешь забрать <txt:bold,2><txt:color,orange>Дженни</txt:bold></txt:color>.","Seperti yang awak mahu— <txt:bold,2><wrt:wait,30>sekarang awak boleh bawa <txt:bold,2><txt:color,orange>Cik Jenny</txt:bold></txt:color> keluar.","Đúng như cậu mong muốn... <txt:bold,2><wrt:wait,30>Giờ cậu có thể đưa <txt:bold,2><txt:color,orange>Jenny</txt:bold></txt:color> đi rồi.","Justo como tú querías... <txt:bold,2><wrt:wait,30>ahora puedes llevarte a <txt:bold,2><txt:color,orange>Jenny</txt:bold></txt:color> contigo.","Seperti yang Anda inginkan— <txt:bold,2><wrt:wait,30>Sekarang Anda dapat pulang dengan <txt:color,orange>Jenny</txt:color></txt:bold>.","เป็นไปตามที่คุณต้องการเลย— <txt:bold,2><wrt:wait,30>ตอนนี้คุณพาคุณ<txt:bold,2><txt:color,orange>เจนนี่</txt:bold></txt:color>ออกไปได้แล้วล่ะค่ะ","Conseguiu o que queria, não é? <txt:bold,2><wrt:wait,30>Agora pode levar a <txt:bold,2><txt:color,orange>Jenny</txt:bold></txt:color> com você."
,,,백시우,,,shake,,"<txt:shake,1>다, <wrt:wait,30>당신‥ <wrt:wait,30>어떻게..","<txt:shake,1>Y- <wrt:wait,30>you...<wrt:wait,30>How could you...","<txt:shake,1>あ、<wrt:wait,30>あんた...<wrt:wait,30>どうして..","<txt:shake,1>你、<wrt:wait,30>你这家伙......<wrt:wait,30>你怎么能......","<txt:shake,1>妳、<wrt:wait,30>妳這傢伙... <wrt:wait,30>怎麼可以...","<txt:shake,1>Да... <wrt:wait,30>Как... <wrt:wait,30>Смеешь...","<txt:shake,1>K-kau... <wrt:wait,30>Kau... <wrt:wait,30>Sanggup kau...","<txt:shake,1>Cô... <wrt:wait,30>cô... <wrt:wait,30>sao cô có thể...","<txt:shake,1>Tú... <wrt:wait,30>Tú... <wrt:wait,30>¿cómo...?","<txt:shake,1>An, <wrt:wait,30>Anda itu... <wrt:wait,30>Bagaimana bisa..","<txt:shake,1>คะ <wrt:wait,30>คุณ... <wrt:wait,30>คุณมัน..","<txt:shake,1>C-<wrt:wait,30>como <wrt:wait,30>pode..."
,,,카를라,,1_미소,,quest,왜요? 왜 괴로워하죠?,Hmm? Why are you so upset?,なぜです？なぜ苦しんでいるのですか？,为什么？您为什么看起来这么痛苦？,怎麼了？您為什麼看起來這麼痛苦呢？,А что такое? Чем-то не доволен?,Kenapa? Kenapa awak begitu terseksa?,Sao vậy? Tại sao cậu lại đau khổ vậy?,¿Qué pasa? ¿Por qué te sientes mal?,Mengapa? Mengapa Anda merasa sedih seperti itu?,ทำไมคะ? ทำไมคุณถึงดูเป็นทุกข์ล่ะคะ?,O que foi? Não era isso que queria?
,,,카를라,,1_무서움,,,"그동안 모두가 응원해주고, 웃어주고, 격려해주는 따뜻한 곳에서만 경기를 해왔나요?","All this time, have you only competed in matches where everything is all sunshine and rainbows?",これまでみんなが応援してくれて、笑ってくれて、励ましてくれる温かい場所でしか試合をしてこなかったのですか？,难道您以前比赛的地方，都是一派和气，每个人都为你欢呼喝彩，笑容满面，鼓励有加的温馨港湾吗？,難道您一直以來都只在充滿觀眾喝采、掌聲不斷、鼓勵聲四起的舒適圈中比賽？,"Думал, что спорт — это про улыбки и обнимашки?","Selama ini, awak hanya bermain di tempat yang mesra, dengan semua orang menyokong, tersenyum dan memberi semangat kepada awak?","Phải chăng cậu chỉ quen với việc thi đấu ở những nơi mọi người cổ vũ, mỉm cười và động viên?","¿Siempre jugaste en lugares donde todos te apoyaban, te sonreían y te animaban?","Apakah selama ini Anda hanya bertanding di tempat hangat dimana semuanya saling mendukung, bertukar tawa, dan saling memberikan motivasi?","ที่ผ่านมาคุณเคยแข่งขันแต่ในที่ที่ทุกคนคอยให้กำลังใจกัน, ยิ้มให้กัน แล้วก็ปลอบขวัญกันอย่างอบอุ่นงั้นเหรอคะ?","Você tá acostumado a jogar só onde todo mundo te aplaude e te trata bem, né?"
,,,카를라,,1_미소,,,"정말‥ 어설프군요. <wrt:wait,30>하하, 너무 어설퍼요.","Truly... how unprofessional. <wrt:wait,30>Haha, it's ridiculously amateurish.","本当に...甘いですね。<wrt:wait,30>ハハ、あまりにも甘いです。","真是......太嫩了。<wrt:wait,30>哈哈，嫩得让人发笑。","真是...太天真了。<wrt:wait,30>哈哈，真是太不像話了。","Какой ты наивный. <wrt:wait,30>Даже не смешно.","Betapa... mentahnya awak. <wrt:wait,30>Haha, mentah sungguh.","Thật... non nớt. <wrt:wait,30>Haha, quá non nớt.","De verdad... qué ingenuo. <wrt:wait,30>Jaja, eres demasiado ingenuo.","Memang... Anda itu sangat dangkal. <wrt:wait,30>Hahaha, dangkal sekali.","คุณช่าง... ไร้เดียงสาซะจริง <wrt:wait,30>ฮะฮะ ไร้เดียงสามากเลยค่ะ","Sério... que patético. <wrt:wait,30>Haha, chega a dar pena."
,,,카를라,,1_기본,,,"<txt:bold,2>이곳의 모두가 자신의 인생을 걸고 배구를 하고 있어요.","<txt:bold,2>Everyone here puts their lives on the line for volleyball.","<txt:bold,2>ここにいる全員が自分の人生を賭けてバレーをしているんですよ。","<txt:bold,2>这里的每一个人，都是赌上了自己的人生在打排球。","<txt:bold,2>這裡的每一個人，都是賭上自己的人生在打排球的。","<txt:bold,2>Здесь все ставят на кон свою жизнь.","<txt:bold,2>Semua orang di sini mempertaruhkan hidup mereka demi bola tampar.","<txt:bold,2>Ở đây mọi người đều đặt cược cả cuộc đời cho bóng chuyền.","<txt:bold,2>Aquí todos juegan al voleibol poniendo en juego su vida.","<txt:bold,2>Semua orang disini itu bermain bola voli dengan mempertaruhkan kehidupannya.","<txt:bold,2>ทุกคนในที่แห่งนี้ต่างก็เล่นวอลเลย์บอลโดยเดิมพันทั้งชีวิตของตัวเอง","<txt:bold,2>Todo mundo aqui joga como se a própria vida dependesse disso."
,,,카를라,,1_무서움,pause,,"<txt:bold,2>그게 바로 <txt:bold,2>팬텀 리그예요.","<txt:bold,2>That is the </txt:bold>Phantom League.","<txt:bold,2>それがまさに<txt:bold,2></txt:bold>ファントムリーグなんです。","<txt:bold,2>这才是幻影联赛</txt:bold>的真面目。","<txt:bold,2>這就是</txt:bold>幻影聯賽。","<txt:bold,2>Это и есть </txt:bold>Фантом-лига.","<txt:bold,2>Inilah </txt:bold>Liga Phantom.","<txt:bold,2>Đó chính là </txt:bold,2>Phantom League.","<txt:bold,2>Esta es la </txt:bold>Liga Fantasma.","<txt:bold,2>Karena itulah </txt:bold>Liga Phantom.","<txt:bold,2>นั่นแหละค่ะ </txt:bold>แฟนธอมลีก","<txt:bold,2>Essa é a </txt:bold>Liga Phantom."
,,,카를라,,1_기본,,,"이곳에 발을 들일 때, 그 정도의 각오는 되어 있었어야죠.","When you set foot here, you should have been ready to face the harsh reality.",ここに足を踏み入れるなら、そのくらいの覚悟はするべきでした。,当您决定踏入此地的那一刻起，就该有这样的觉悟。,當您踏進這裡的時候，就該做好這種覺悟。,"Надо было понимать, на что идешь.","Sewaktu menjejakkan kaki ke sini, awak sepatutnya sudah bersedia untuk itu.","Khi bước chân vào đây, cậu phải có sự quyết tâm đó.","Si decidiste entrar aquí, debiste venir preparado para eso.","Sebelum Anda menginjakkan kaki Anda di tempat ini, sudah seharusnya Anda siap untuk hal-hal seperti ini.",ตอนที่คุณก้าวเท้าเข้ามาที่นี่ อย่างน้อยคุณก็น่าจะเตรียมใจไว้บ้างนะคะ,Você já devia estar preparado pra isso antes de vir pra cá.
,,,카를라,,1_무서움,,,여긴 남을 밟고 일어설 각오가 없는 사람은 오래 버티지 못하는 곳이에요.,This is a place where those unwilling to step on others to succeed don’t survive for long.,ここは他人を踏みつけて立ち上がる覚悟のない人は長く持たない場所なんです。,在这里，没有踩着别人往上爬的觉悟，是撑不了多久的。,這裡是沒有踩著別人爬起來的決心就無法長久生存的地方。,"Чтобы здесь выжить, надо уметь наступать на горло другим.","Di sini, orang yang tak sanggup memijak orang lain untuk naik takkan bertahan lama.",Đây không phải là nơi cho những người không dám đạp lên người khác để vươn lên.,"Aquí, quienes no están dispuestos a pisotear a otros para seguir adelante, no pueden durar.",Orang-orang yang tidak siap untuk menginjak orang lain tidak akan dapat bertahan lama di tempat ini.,ที่นี่น่ะ คนที่ไม่พร้อมจะเหยียบย่ำคนอื่นขึ้นไป ไม่มีทางทนอยู่ได้นานหรอกค่ะ,"Quem não tem coragem de subir pisando nos outros, não aguenta por muito tempo nesse lugar."
,,,카를라,,1_미소,,,즐거웠어요. ,It was a pleasure meeting you.,楽しかったですよ。,很愉快。,多虧您，讓我度過愉快的一天。,Было весело.,Seronok berbual dengan awak.,Thật thú vị.,Fue divertido.,Saya telah bersenang-senang.,ฉันสนุกมากเลยค่ะ,"Pelo menos, foi divertido."
,,,카를라,,1_기본,,,오늘 피곤하다고 했죠? 푹 쉬어요.,"I’m sure you must be exhausted. Please, go and rest.",今日は疲れたと言ってましたよね？ゆっくり休んでください。,您今天好像很累了吧？好好休息一下吧。,剛才不是說很累嗎？趕緊去休息吧。,"Ты ведь говорил, что устал? Теперь можешь отдыхать.","Awak kata penat tadi, kan? Berehatlah puas-puas.",Cậu mệt rồi phải không? Hãy nghỉ ngơi đi.,"Dijiste que estabas cansado hoy, ¿verdad? Descansa bien.",Tadi Anda bilang bahwa Anda lelah kan? Istirahatlah dengan baik.,วันนี้คุณบอกว่าเหนื่อยใช่ไหมคะ? งั้นก็พักผ่อนเถอะค่ะ,"Você disse que tava cansado, né? Descanse bem."
,,,카를라,,1_미소,,,전 일이 있어서 이만.,Please excuse me. I have business to attend to.,私は用事がありますので、では。,我还有些事情要处理，就先失陪了。,我還有事，就先失陪了。,Ну а мне пора.,"Maaf, saya ada urusan lain.","Tôi còn việc, xin phép...","Tengo asuntos que atender, así que me voy.",Kalau begitu saya akan pergi duluan karena ada urusan lain.,ฉันมีธุระ คงต้องขอตัวก่อน,Tenho que resolver umas coisas. Até mais.
,,,TAG,,,,,"<cha:pos,카를라,4>","<cha:pos,카를라,4>","<cha:pos,카를라,4>","<cha:pos,카를라,4>","<cha:pos,카를라,4>","<cha:pos,카를라,4>","<cha:pos,카를라,4>","<cha:pos,카를라,4>","<cha:pos,카를라,4>","<cha:pos,카를라,4>","<cha:pos,카를라,4>","<cha:pos,카를라,4>"
,,,TAG,,,,,"<sys:quiet,1000>","<sys:quiet,1000>","<sys:quiet,1000>","<sys:quiet,1000>","<sys:quiet,1000>","<sys:quiet,1000>","<sys:quiet,1000>","<sys:quiet,1000>","<sys:quiet,1000>","<sys:quiet,1000>","<sys:quiet,1000>","<sys:quiet,1000>"
,,,TAG,,,,,"<eff:black,3>","<eff:black,3>","<eff:black,3>","<eff:black,3>","<eff:black,3>","<eff:black,3>","<eff:black,3>","<eff:black,3>","<eff:black,3>","<eff:black,3>","<eff:black,3>","<eff:black,3>"
,,,TAG,,,,,"<sys:bgm,BGM_DOWNFALL_3,600>","<sys:bgm,BGM_DOWNFALL_3,600>","<sys:bgm,BGM_DOWNFALL_3,600>","<sys:bgm,BGM_DOWNFALL_3,600>","<sys:bgm,BGM_DOWNFALL_3,600>","<sys:bgm,BGM_DOWNFALL_3,600>","<sys:bgm,BGM_DOWNFALL_3,600>","<sys:bgm,BGM_DOWNFALL_3,600>","<sys:bgm,BGM_DOWNFALL_3,600>","<sys:bgm,BGM_DOWNFALL_3,600>","<sys:bgm,BGM_DOWNFALL_3,600>","<sys:bgm,BGM_DOWNFALL_3,600>"
,,,마윤석,,,,,"<scr:name,???>‥","<scr:name,???>...","<scr:name,???>...","<scr:name,???>...","<scr:name,???>...","<scr:name,???>...","<scr:name,???>...","<scr:name,???>...","<scr:name,???>...","<scr:name,???>...","<scr:name,???>...","<scr:name,???>..."
,,,마윤석,,,,,"<scr:name,???>‥시우.","<scr:name,???>...Siwoo.","<scr:name,???>...新。","<scr:name,???>......白时宇。","<scr:name,???>...時宇。","<scr:name,???>Шиу...","<scr:name,???>... Siwoo.","<scr:name,???>Siwoo...","<scr:name,???>Siwoo...","<scr:name,???>...Siwoo","<scr:name,???>...ชีอู","<scr:name,???>Siwoo..."
,,,TAG,,,,,"<cha:pos,마윤석,2>","<cha:pos,마윤석,2>","<cha:pos,마윤석,2>","<cha:pos,마윤석,2>","<cha:pos,마윤석,2>","<cha:pos,마윤석,2>","<cha:pos,마윤석,2>","<cha:pos,마윤석,2>","<cha:pos,마윤석,2>","<cha:pos,마윤석,2>","<cha:pos,마윤석,2>","<cha:pos,마윤석,2>"
,,,마윤석,,1_분노,shake,exclam,"<txt:shake,1><txt:bold,2><txt:color,orange>백시우</txt:bold></txt:color>!","<txt:shake,1><txt:bold,2><txt:color,orange>Siwoo Baek</txt:bold></txt:color>!","<txt:shake,1><txt:bold,2><txt:color,orange>白井新</txt:bold></txt:color>！","<txt:shake,1><txt:bold,2><txt:color,orange>白时宇</txt:bold></txt:color>！","<txt:shake,1><txt:bold,2><txt:color,orange>白時宇</txt:bold></txt:color>！","<txt:shake,1><txt:bold,2><txt:color,orange>Бэк Шиу</txt:bold></txt:color>!","<txt:shake,1><txt:bold,2><txt:color,orange>Siwoo Baek</txt:bold></txt:color>!","<txt:shake,1><txt:bold,2><txt:color,orange>Baek Siwoo</txt:bold></txt:color>!","¡<txt:shake,1><txt:bold,2><txt:color,orange>Siwoo</txt:bold></txt:color>!","<txt:shake,1><txt:bold,2><txt:color,orange>Siwoo Baek</txt:bold></txt:color>!","<txt:shake,1><txt:bold,2><txt:color,orange>แบคชีอู</txt:bold></txt:color>!","<txt:shake,1><txt:bold,2><txt:color,orange>Ei, Siwoo Baek</txt:bold></txt:color>!"
,,,백시우,,-1_시무룩,pause,,"<wrt:delay,10>‥어?","<wrt:delay,10>...Huh?","<wrt:delay,10>...え？","<wrt:delay,10>......嗯？","<wrt:delay,10>...嗯？","<wrt:delay,10>...Э?","<wrt:delay,10>...Huh?","<wrt:delay,10>Hả...?","<wrt:delay,10>¿Eh...?","<wrt:delay,10>...Eh?","<wrt:delay,10>...หา?","<wrt:delay,10>Hã?"
,,,마윤석,,1_분노,shake,,"<txt:shake,1><txt:bold,2>정신 좀 차려봐!","<txt:shake,1><txt:bold,2>Hey, snap out of it!","<txt:shake,1><txt:bold,2>しっかりしろよ！","<txt:shake,1><txt:bold,2>你给我打起精神来！","<txt:shake,1><txt:bold,2>你給我打起精神來！","<txt:shake,1><txt:bold,2>Очнись уже!","<txt:shake,1><txt:bold,2>Hey, sedarlah!","<txt:shake,1><txt:bold,2>Tỉnh táo lại đi!","<txt:shake,1><txt:bold,2>¡Reacciona de una vez!","<txt:shake,1><txt:bold,2>Cepat sadarkan dirimu!","<txt:shake,1><txt:bold,2>ตั้งสติหน่อยสิ!","<txt:shake,1><txt:bold,2>Acorda!"
,,,마윤석,,1_분노,shake,,"<txt:bold,2>대체 얼마나 불러야 정신을 차릴 거야!","<txt:bold,2>How many times do I have to call you for you to come to your senses!","<txt:bold,2>いったいどれだけ呼べば気づくんだ！","<txt:bold,2>我到底要喊你多少遍你才能回过神来！","<txt:bold,2>到底要叫你幾次你才肯清醒過來啊！","<txt:bold,2>Сколько тебя звать, чтоб ты глаза разлепил?!","<txt:bold,2>Berapa kali aku nak panggil baru kau sedar!","<txt:bold,2>Tôi phải gọi bao nhiêu lần để cậu chịu tỉnh ra vậy?","<txt:bold,2>¿Cuántas veces tengo que llamarte para que reacciones?","<txt:bold,2>Berapa kali aku harus memanggil untuk kamu bisa sadar!?","<txt:bold,2>ต้องให้ฉันเรียกอีกกี่ครั้งนายถึงจะตั้งสติได้เนี่ย!","<txt:bold,2>Quantas vezes eu tenho que te chamar até você acordar, hein?!"
,,,백시우,,-1_시무룩,pause,quest,"<txt:bold,2><txt:color,orange>마‥ <wrt:wait,30>윤석</txt:bold></txt:color>?","<txt:bold,2><txt:color,orange>Yoonseok... <wrt:wait,30>Ma</txt:bold></txt:color>?","<txt:bold,2><txt:color,orange>伊藤‥<wrt:wait,30>忠英</txt:bold></txt:color>?","<txt:bold,2><txt:color,orange>马......<wrt:wait,30>允硕</txt:bold></txt:color>？","<txt:bold,2><txt:color,orange>馬...<wrt:wait,30>允碩</txt:bold></txt:color>？","<txt:bold,2><txt:color,orange>Ма... <wrt:wait,30>Юнсок</txt:bold></txt:color>?","<txt:bold,2><txt:color,orange>Yoonseok... <wrt:wait,30>Ma</txt:bold></txt:color>?","<txt:bold,2><txt:color,orange>Ma... <wrt:wait,30>Yoonseok</txt:bold></txt:color>?","¿<txt:bold,2><txt:color,orange>Yun... <wrt:wait,30>Yunseok</txt:bold></txt:color>?","<txt:bold,2><txt:color,orange>Yun... <wrt:wait,30>Seok Ma</txt:bold></txt:color>?","<txt:bold,2><txt:color,orange>มา... <wrt:wait,30>ยุนซอก</txt:bold></txt:color>?","<txt:bold,2><txt:color,orange>Yunseok... <wrt:wait,30>Ma</txt:bold></txt:color>?"
,,,마윤석,,1_분노,,,내가 얼마나 널 불렀는데! 이제야 정신이 드는 거냐고!,Do you know how many times I've called you?! You're only snapping out of it now?!,俺がどれだけ呼んだと思ってるんだ！しっかりしろよな！,我叫了你多少遍了！你现在才反应过来吗！,我叫了你多久啊！現在才回過神來嗎！,Зову тебя и зову. Не добудишься!,Tahu tak berapa kali aku dah panggil?! Baru sekarang sedar?!,Tôi đã gọi cậu biết bao nhiêu lần rồi! Giờ mới tỉnh táo à?,¡He estado gritándote sin parar! ¿Recién ahora reaccionas?,Aku sudah memanggilmu berkali-kali dari tadi! Apa kamu sudah sadar!?,ฉันเรียกนายตั้งเท่าไหร่! เพิ่งจะมาได้สติเอาตอนนี้รึไง!,Você sabe quantas vezes eu te chamei? Eu tava desesperado!
,,,백시우,,-1_시무룩,pause,,"미안, <wrt:wait,30>잠깐‥ <wrt:wait,30>좀 피곤해서‥","Sorry, <wrt:wait,30>I was... <wrt:wait,30>a bit tired...","ごめん、<wrt:wait,30>ちょっと...<wrt:wait,30>疲れてて...","抱歉，<wrt:wait,30>刚才......<wrt:wait,30>有点太累了......","抱歉，<wrt:wait,30>我剛才...<wrt:wait,30>有點累了...","Прости. <wrt:wait,30>Я просто... <wrt:wait,30>устал немного...","Maaf, <wrt:wait,30>saya... <wrt:wait,30>penat sikit...","Xin lỗi, <wrt:wait,30>tớ hơi... <wrt:wait,30>mệt quá...","Lo siento... <wrt:wait,30>solo... <wrt:wait,30>estoy un poco cansado.","Maaf, <wrt:wait,30>Sebentar... <wrt:wait,30>Aku agak lelah sekarang...","โทษที <wrt:wait,30>แป๊บนะ... <wrt:wait,30>ฉันเหนื่อยนิดหน่อยน่ะ...","Foi mal... <wrt:wait,30>é que... <wrt:wait,30>tô muito cansado."
,,,백시우,,-1_시무룩,,,무슨 일이야?,Why did you call for me?,どうしたんだ？,出什么事了？,怎麼了？,В чем дело?,Kenapa kau panggil aku?,Có chuyện gì vậy?,¿Qué pasa?,Ada apa?,นายมีเรื่องอะไรเหรอ?,Aconteceu alguma coisa?
,,,마윤석,,1_분노,,,"무슨 일이라니‥ <txt:bold,2><txt:color,orange>백시우</txt:bold></txt:color>, <wrt:wait,30>혹시 <txt:bold,2><txt:color,orange>정다희</txt:bold></txt:color>를 못 봤어?","Why did I call... <txt:bold,2><txt:color,orange>Siwoo Baek</txt:bold></txt:color>, <wrt:wait,30>did you see <txt:bold,2><txt:color,orange>Dahee Jung</txt:bold></txt:color>?","どうしたって...<txt:bold,2><txt:color,orange>新</txt:bold></txt:color>、<wrt:wait,30>もしかして<txt:bold,2><txt:color,orange>夏希</txt:bold></txt:color>見なかったのか？","还问我出什么事了......<txt:bold,2><txt:color,orange>白时宇</txt:bold></txt:color>，<wrt:wait,30>你没看见<txt:bold,2><txt:color,orange>郑多熙</txt:bold></txt:color>吗？","什麼怎麼了...<txt:bold,2><txt:color,orange>白時宇</txt:bold></txt:color>，<wrt:wait,30>你有看到<txt:bold,2><txt:color,orange>鄭多熙</txt:bold></txt:color>嗎？","Да в том...! <txt:bold,2><txt:color,orange>Шиу</txt:bold></txt:color>, <wrt:wait,30>ты когда последний раз видел <txt:bold,2><txt:color,orange>Дахи</txt:bold></txt:color>?","Kenapa...? <txt:bold,2><txt:color,orange>Siwoo Baek</txt:bold></txt:color>, <wrt:wait,30>kau nampak <txt:bold,2><txt:color,orange>Dahee Jung</txt:bold></txt:color>?","Cậu còn hỏi vậy nữa... <txt:bold,2><txt:color,orange>Baek Siwoo</txt:bold></txt:color>, <wrt:wait,30>cậu có thấy <txt:bold,2><txt:color,orange>Jeong Dahee</txt:bold></txt:color> không?","¿Cómo que 'qué pasa'...? <txt:bold,2><txt:color,orange>Siwoo</txt:bold></txt:color>, <wrt:wait,30>por casualidad, ¿no has visto a <txt:bold,2><txt:color,orange>Dahee</txt:bold></txt:color>?","Ada apa kamu bilang... <txt:bold,2><txt:color,orange>Siwoo Baek</txt:bold></txt:color>, <wrt:wait,30>apa kamu lihat <txt:bold,2><txt:color,orange>Dahee Jung</txt:bold></txt:color>?","มีเรื่องอะไรงั้นเหรอ... <txt:bold,2><txt:color,orange>แบคชีอู</txt:bold></txt:color> <wrt:wait,30>นายเห็น<txt:bold,2><txt:color,orange>จองดาฮี</txt:bold></txt:color>บ้างรึเปล่า?","Tá falando sério, <txt:bold,2><txt:color,orange>Siwoo Baek</txt:bold></txt:color>? <wrt:wait,30>Tô procurando a <txt:bold,2><txt:color,orange>Dahee Jung</txt:bold></txt:color>. Viu ela por aí?"
,,,백시우,,-1_시무룩,pause,quest,"다희‥? <wrt:wait,30>다희라면 아까까지 이 근처에 있었는데‥","Dahee..? <wrt:wait,30>Dahee was around here earlier, where did she...","夏希...？<wrt:wait,30>夏希ならさっきまでこの辺にいたけど...","多熙......？<wrt:wait,30>多熙她刚才不还在这附近晃悠吗......","多熙...？<wrt:wait,30>多熙的話，剛才還在這附近啊...","Дахи...? <wrt:wait,30>Она недавно где-то здесь была...","Dahee..? <wrt:wait,30>Tadi dia ada sini, ke mana dia pergi...","Dahee...? <wrt:wait,30>Dahee vừa mới ở quanh đây mà...","¿A Dahee...? <wrt:wait,30>Hasta hace un rato estaba por aquí...","Dahee...? <wrt:wait,30>Padahal Dahee ada disini sampai barusan...","ดาฮี...? <wrt:wait,30>จนถึงเมื่อกี้ฉันก็เห็นเธออยู่แถวนี้นี่นา...","A Dahee? <wrt:wait,30>Ela tava por aqui agora há pouco."
,,,백시우,,-2_당황,,,"<txt:bold,2>‥<wrt:wait,30>다희야?","<txt:bold,2>...<wrt:wait,30>Dahee?","<txt:bold,2>...<wrt:wait,30>夏希？","<txt:bold,2>......<wrt:wait,30>多熙？！","<txt:bold,2>...<wrt:wait,30>多熙呢？","<txt:bold,2>...<wrt:wait,30>Дахи...?","<txt:bold,2>...<wrt:wait,30>Dahee?","<txt:bold,2>...<wrt:wait,30>Dahee à?","<txt:bold,2>...<wrt:wait,30>¿Dahee?","<txt:bold,2>...<wrt:wait,30>Dahee?","<txt:bold,2>...<wrt:wait,30>ดาฮี?","<txt:bold,2>Ahn... <wrt:wait,30>Dahee?"
,,,마윤석,,1_당황,,,"나도 계속 찾아다녔는데, <wrt:wait,30><txt:bold,2>어디에도 없어.","I kept looking for her <wrt:wait,30><txt:bold,2>but she’s not anywhere.","俺もずっと探してたんだけど、<wrt:wait,30><txt:bold,2>どこにもいないんだ。","我也一直在找她，<wrt:wait,30><txt:bold,2>可哪儿都找不着她！","我也找了半天，<wrt:wait,30><txt:bold,2>但連個影子也沒看到。","Я уже везде искал, <wrt:wait,30><txt:bold,2>ее и след простыл.","Aku dah cari merata-rata, <wrt:wait,30><txt:bold,2>tapi langsung tak jumpa dia.","Tớ đã tìm khắp nơi, <wrt:wait,30><txt:bold,2>nhưng không thấy cô ấy đâu cả.","He estado buscándola también, <wrt:wait,30><txt:bold,2>pero no está en ningún lado.","Aku telah terus mencarinya, <wrt:wait,30><txt:bold,2>tapi dia tidak ada dimana-mana.","ฉันก็ตามหาทั่วแล้ว <wrt:wait,30><txt:bold,2>แต่ไม่เจอเลย","Juro que procurei em todo lugar, <wrt:wait,30><txt:bold,2>mas nada."
,,,마윤석,,1_당황,,,"관중석, 통로, 휴게실‥ <wrt:wait,30>다 둘러봤어.","The stands, hallways, lounge... <wrt:wait,30>I checked everywhere.","観客席、通路、休憩室...<wrt:wait,30>全部回ったよ。","观众席、过道、休息室......<wrt:wait,30>所有地方我都翻遍了！","觀眾席、走廊、休息室...<wrt:wait,30>我都找遍了。","Все обошел... <wrt:wait,30>Зал, проходы, комнаты отдыха.","Tempat duduk penonton, lorong, ruang rehat... <wrt:wait,30>semua aku dah periksa.","Khán đài, hành lang, phòng chờ... <wrt:wait,30>tớ đã tìm khắp nơi.","Las gradas, los pasillos, la sala de descanso... <wrt:wait,30>he revisado todo.","Bangku penonton, lorong, tempat istirahat... <wrt:wait,30>Aku sudah mencari di semua tempat.","ทั้งที่นั่งผู้ชม, ทางเดิน, ห้องรับรอง... <wrt:wait,30>ฉันดูมาหมดแล้ว","Fui nas arquibancadas, nos corredores, até na sala de descanso... <wrt:wait,30>nada."
,,,마윤석,,1_당황,,,"<txt:bold,2>그런데, <wrt:wait,30>정말 없어.","<txt:bold,2>But, <wrt:wait,30>she’s nowhere to be seen.","<txt:bold,2>なのに、<wrt:wait,30>どこにもいないんだ。","<txt:bold,2>可是，<wrt:wait,30>真的，哪儿都没有！","<txt:bold,2>但<wrt:wait,30>都沒找著。","<txt:bold,2>Пусто. <wrt:wait,30>Нет ее.","<txt:bold,2>Tapi <wrt:wait,30>dia tak ada langsung.","<txt:bold,2>Nhưng, <wrt:wait,30>thật sự không thấy.","<txt:bold,2>Pero... <wrt:wait,30>realmente no está.","<txt:bold,2>Tapi, <wrt:wait,30>tidak ada dia.","<txt:bold,2>แต่ก็<wrt:wait,30>ไม่เจอ","<txt:bold,2>Sério... <wrt:wait,30>Ela sumiu."
,,,백시우,,,pause,,‥무슨 소리야‥,...How can that be...,...何を言ってるんだ...,......你在胡说些什么啊......,...你在說什麼啊...,...Быть не может...,...Macam mana boleh jadi macam ni...,Cậu đang nói gì vậy...,¿Qué estás diciendo...?,...Apa yang kamu bilang...,...หมายความว่ายังไงน่ะ...,Como assim?
,,,마윤석,,1_당황,,,"어떡하지, <txt:bold,2><txt:color,orange>백시우</txt:bold></txt:color>?","What should we do, <txt:bold,2><txt:color,orange>Siwoo</txt:bold></txt:color>?","どうしよう、<txt:bold,2><txt:color,orange>新</txt:bold></txt:color>？","怎么办啊，<txt:bold,2><txt:color,orange>白时宇</txt:bold></txt:color>？","怎麼辦啊，<txt:bold,2><txt:color,orange>白時宇</txt:bold></txt:color>？","Что делать, <txt:bold,2><txt:color,orange>Шиу</txt:bold></txt:color>?","Apa kita nak buat, <txt:bold,2><txt:color,orange>Siwoo</txt:bold></txt:color>?","Làm sao đây, <txt:bold,2><txt:color,orange>Baek Siwoo</txt:bold></txt:color>?","¿Qué hacemos, <txt:bold,2><txt:color,orange>Siwoo</txt:bold></txt:color>?","Bagaimana ya, <txt:bold,2><txt:color,orange>Siwoo Baek</txt:bold></txt:color>?","ทำยังไงดีล่ะ <txt:bold,2><txt:color,orange>แบคชีอู</txt:bold></txt:color>?","E agora, <txt:bold,2><txt:color,orange>Siwoo Baek</txt:bold></txt:color>?"
,,,TAG,,,,,"<sys:quiet,200>","<sys:quiet,200>","<sys:quiet,200>","<sys:quiet,200>","<sys:quiet,200>","<sys:quiet,200>","<sys:quiet,200>","<sys:quiet,200>","<sys:quiet,200>","<sys:quiet,200>","<sys:quiet,200>","<sys:quiet,200>"
,,,마윤석,,1_당황,shake,exclam,"<eff:shake,2><txt:bold,2><txt:size,2><txt:shake,2><txt:color,orange>정다희</txt:color>가‥ <txt:color,orange>정다희</txt:color>가 사라졌어!","<eff:shake,2><txt:bold,2><txt:size,2><txt:shake,2><txt:color,orange>Dahee</txt:color>... <txt:color,orange>Dahee Jung</txt:color> is missing!","<eff:shake,2><txt:bold,2><txt:size,2><txt:shake,2><txt:color,orange>夏希</txt:color>が‥<txt:color,orange>夏希</txt:color>がいなくなったんだ！","<eff:shake,2><txt:bold,2><txt:size,2><txt:shake,2><txt:color,orange>郑多熙</txt:color>她‥‥<txt:color,orange>郑多熙</txt:color>她不见了！","<eff:shake,2><txt:bold,2><txt:size,2><txt:shake,2><txt:color,orange>鄭多熙</txt:color>她‥<txt:color,orange>鄭多熙</txt:color>她不見了啦！","<eff:shake,2><txt:bold,2><txt:size,2><txt:shake,2><txt:color,orange>Дахи</txt:color>... <txt:color,orange>Дахи</txt:color> пропала!","<eff:shake,2><txt:bold,2><txt:size,2><txt:shake,2><txt:color,orange>Dahee</txt:color>... <txt:color,orange>Dahee Jung</txt:color> dah hilang!","<eff:shake,2><txt:bold,2><txt:size,2><txt:shake,2><txt:color,orange>Jeong Dahee</txt:color>... <txt:color,orange>Jeong Dahee</txt:color> đã biến mất!","<eff:shake,2><txt:bold,2><txt:size,2><txt:shake,2><txt:color,orange>Dahee</txt:color>... ¡<txt:color,orange>Dahee</txt:color> desapareció!","<eff:shake,2><txt:bold,2><txt:size,2><txt:shake,2><txt:color,orange>Dahee Jung </txt:color>... <txt:color,orange>Dahee Jung </txt:color> telah hilang!","<eff:shake,2><txt:bold,2><txt:size,2><txt:shake,2><txt:color,orange>จองดาฮี</txt:color>... <txt:color,orange>จองดาฮี</txt:color>หายตัวไป!","A <eff:shake,2><txt:bold,2><txt:size,2><txt:shake,2><txt:color,orange>Dahee</txt:color>... A <txt:color,orange>Dahee Jung</txt:color> desapareceu!"
,,,TAG,,,,,"<eff:black,3>","<eff:black,3>","<eff:black,3>","<eff:black,3>","<eff:black,3>","<eff:black,3>","<eff:black,3>","<eff:black,3>","<eff:black,3>","<eff:black,3>","<eff:black,3>","<eff:black,3>"
,,,TAG,,,,,"<cha:qpos,마윤석,4><cha:qpos,백시우,4>","<cha:qpos,마윤석,4><cha:qpos,백시우,4>","<cha:qpos,마윤석,4><cha:qpos,백시우,4>","<cha:qpos,마윤석,4><cha:qpos,백시우,4>","<cha:qpos,마윤석,4><cha:qpos,백시우,4>","<cha:qpos,마윤석,4><cha:qpos,백시우,4>","<cha:qpos,마윤석,4><cha:qpos,백시우,4>","<cha:qpos,마윤석,4><cha:qpos,백시우,4>","<cha:qpos,마윤석,4><cha:qpos,백시우,4>","<cha:qpos,마윤석,4><cha:qpos,백시우,4>","<cha:qpos,마윤석,4><cha:qpos,백시우,4>","<cha:qpos,마윤석,4><cha:qpos,백시우,4>"
,,,TAG,,,,,"<sys:nogui,리모컨><scr:timer,100><sys:qmap,암전>","<sys:nogui,리모컨><scr:timer,100><sys:qmap,암전>","<sys:nogui,리모컨><scr:timer,100><sys:qmap,암전>","<sys:nogui,리모컨><scr:timer,100><sys:qmap,암전>","<sys:nogui,리모컨><scr:timer,100><sys:qmap,암전>","<sys:nogui,리모컨><scr:timer,100><sys:qmap,암전>","<sys:nogui,리모컨><scr:timer,100><sys:qmap,암전>","<sys:nogui,리모컨><scr:timer,100><sys:qmap,암전>","<sys:nogui,리모컨><scr:timer,100><sys:qmap,암전>","<sys:nogui,리모컨><scr:timer,100><sys:qmap,암전>","<sys:nogui,리모컨><scr:timer,100><sys:qmap,암전>","<sys:nogui,리모컨><scr:timer,100><sys:qmap,암전>"
,,,TAG,,,,,"<sys:bgm,BGM_CARLA_TRAP,1000>","<sys:bgm,BGM_CARLA_TRAP,1000>","<sys:bgm,BGM_CARLA_TRAP,1000>","<sys:bgm,BGM_CARLA_TRAP,1000>","<sys:bgm,BGM_CARLA_TRAP,1000>","<sys:bgm,BGM_CARLA_TRAP,1000>","<sys:bgm,BGM_CARLA_TRAP,1000>","<sys:bgm,BGM_CARLA_TRAP,1000>","<sys:bgm,BGM_CARLA_TRAP,1000>","<sys:bgm,BGM_CARLA_TRAP,1000>","<sys:bgm,BGM_CARLA_TRAP,1000>","<sys:bgm,BGM_CARLA_TRAP,1000>"
,,,카를라,,,,,"재능 있는 선수를 잃다니, 참 안타깝네요.","Ah, it is such a waste to lose such talent.",才能ある選手を失うなんて、残念ですね。,失去了一位天赋异禀的选手，真是令人扼腕叹息。,失去一位有才華的選手，真是太可惜了呢。,Мы потеряли одаренную спортсменку. Какая досада.,Ruginya kehilangan bakat macam tu.,Thật đáng tiếc khi mất đi một cầu thủ tài năng.,Perder a una jugadora con tanto talento... qué lástima.,"Kehilangan atlet yang berbakat, sangat disayangkan sekali.",น่าเสียดายจริงๆ นะคะที่เราสูญเสียนักกีฬาที่มีพรสวรรค์ไป,Poxa! Que triste perder alguém com tanto talento.
,,,카를라,,,,,"그녀는 우리 <txt:bold,2>팬텀 리그</txt:bold>에서도 손꼽히는 인기 선수였는데.","She was one of the <txt:bold,2>Phantom League</txt:bold>’s most popular players.","彼女は私たち<txt:bold,2>ファントムリーグ</txt:bold>でも指折りの人気選手だったのに。","她可是我们<txt:bold,2>幻影联赛</txt:bold>里炙手可热的头牌选手啊。","她可是我們<txt:bold,2>幻影聯賽</txt:bold>裡數一數二的人氣選手耶。","Она была одной из звезд <txt:bold,2>Фантом-лиги</txt:bold>.","Dia antara pemain paling popular dalam <txt:bold,2>Liga Phantom</txt:bold>.","Cô ấy là một trong những cầu thủ nổi tiếng nhất của <txt:bold,2>Phantom League</txt:bold> chúng tôi.","Era una de las más populares incluso dentro de nuestra <txt:bold,2>Liga Fantasma</txt:bold>.","Padahal gadis itu adalah salah satu atlet paling terkenal di <txt:bold,2>Liga Phantom</txt:bold> kita.","เธอเป็นนักกีฬายอดนิยมเพียงไม่กี่คนใน<txt:bold,2>แฟนธอมลีก</txt:bold>แท้ๆ","Ela era uma das estrelas da <txt:bold,2>Liga Phantom</txt:bold>."
,,,카를라,,,,,"협회장으로서도, 또 한 명의 팬으로서도 정말이지 아쉬워요.","As the head of our association and also as a fan, it’s quite a pity.",協会長としても、そして一人のファンとしても本当に残念です。,作为会长，也作为她的一名忠实拥趸，我真的感到万分遗憾。,身為協會會長，兼她的粉絲，我真的感到非常惋惜。,"Мне очень жаль — и как главе лиги, и как ее поклоннице.","Sebagai ketua dan peminat, saya pun kecewa.","Với tư cách là chủ tịch hiệp hội, và cả một người hâm mộ, tôi thực sự thấy tiếc.","Como presidenta de la asociación y como una fan más, de verdad que lo lamento.","Sebagai pemimpin asosiasi, ataupun sebagai salah satu pengemarnya saya merasa sangat sedih.",ฉันเสียดายมากเลยค่ะ ทั้งในฐานะนายกสมาคม แล้วก็ในฐานะแฟนคลับคนหนึ่ง,Falo isso como presidente e também como fã...
,,,카를라,,,,,"가끔 있는 일이긴 하지만, 익숙해지질 않는군요.","These things do happen but, I never seem to get used to it.",時々あることですけど、慣れることはありませんね。,虽然这种事情偶尔也会发生，但每一次都让人难以释怀。,雖然這種事偶爾會發生，但依舊難以釋懷呢。,К таким потерям никогда не привыкнуть.,"Benda ni memang berlaku, tapi saya tetap tak biasa.","Mặc dù chuyện này thỉnh thoảng xảy ra, nhưng tôi vẫn chưa quen được.","Aunque pasa de vez en cuando, nunca logro acostumbrarme.","Meski sesekali terjadi, saya tetap belum terbiasa.",ถึงเรื่องแบบนี้จะเกิดขึ้นเรื่อยๆ แต่ฉันก็ไม่ชินเลยค่ะ,Não é a primeira vez... mas nunca me acostumo.
,,,TAG,,,,,"<cha:qpos,상현,0>","<cha:qpos,상현,0>","<cha:qpos,상현,0>","<cha:qpos,상현,0>","<cha:qpos,상현,0>","<cha:qpos,상현,0>","<cha:qpos,상현,0>","<cha:qpos,상현,0>","<cha:qpos,상현,0>","<cha:qpos,상현,0>","<cha:qpos,상현,0>","<cha:qpos,상현,0>"
,,,상현,,1_실눈,,,"<txt:wave,1>바쁜 사람 불러놓고, 시덥잖은 연극은 그만둬★</txt:wave>","<txt:wave,1>Enough with this pointless drama after dragging me here.★</txt:wave>","<txt:wave,1>忙しい人を呼び出しておいて、くだらない芝居はやめてよ★</txt:wave>","<txt:wave,1>把大忙人我叫过来，就别再演这种三流的苦情戏了★</txt:wave>","<txt:wave,1>把大忙人叫來，就別再上演妳那無聊的把戲了★</txt:wave>","<txt:wave,1>Не трать мое время на дешевую драму★</txt:wave>","<txt:wave,1>Kau dah panggil orang yang sibuk ke sini. Sudahlah berlakon tu.★</txt:wave>","<txt:wave,1>Gọi tôi đến chỉ để diễn cái trò vô nghĩa này à★</txt:wave>","<txt:wave,1>Déjate de farsas ridículas. Me haces perder el tiempo★</txt:wave>","<txt:wave,1>Kamu telah memanggil orang sibuk, jadi hentikan sandiwaramu★</txt:wave>","<txt:wave,1>เรียกตัวคนที่กำลังยุ่งมาดูการเล่นละครไร้สาระเนี่ยนะ พอเถอะ★</txt:wave>","<txt:wave,1>Sério mesmo que você me fez vir até aqui pra esse teatrinho? ★</txt:wave>"
,,,상현,,1_무표정,,,"<txt:wave,1>기분 나쁘니까.","<txt:wave,1>I'm getting annoyed.","<txt:wave,1>気持ち悪いから。","<txt:wave,1>看着就让人反胃。","<txt:wave,1>看了就倒胃口。","<txt:wave,1>Смотреть противно.","<txt:wave,1>Aku dah makin rimas.","<txt:wave,1>Thật khó chịu.","<txt:wave,1>Me pone de mal humor.","<txt:wave,1>Hal itu membuatku merasa mual.","<txt:wave,1>น่าหงุดหงิดชะมัด","<txt:wave,1>Chega! Isso me dá nos nervos."
,,,상현,,1_무표정,,,"선수가 몇 명이 다치든, 커리어가 날아가든— <wrt:wait,30>넌 눈 하나 까딱 안 하잖아.","No matter how many players get injured, or how many careers are ruined— <wrt:wait,30>you don’t even bat an eye.","選手が何人怪我をしようと、キャリアが飛ぼうと—<wrt:wait,30>君は眉一つ動かさないじゃないか。","不管有多少选手受伤，不管他们的职业生涯是否就此化为泡影——<wrt:wait,30>你连眼皮都不会眨一下吧。","不管有多少選手受傷，又不管多少職業生涯毀於一旦，<wrt:wait,30>妳連眼睛都不會眨一下吧。","Сколько бы игроков ни пострадало... <wrt:wait,30>тебе плевать.","Berapa ramai cedera atau karier musnah— <wrt:wait,30>kau tak kisah pun.","Dù có bao nhiêu cầu thủ bị thương, dù sự nghiệp của họ có bị hủy hoại... <wrt:wait,30>cô cũng không hề bận tâm mà.","No importa cuántos jugadores se lesionen o cuántas carreras terminen... <wrt:wait,30>a ti ni te importa.","Berapa pun pemain yang cedera, berapa pun karier yang hancur— <wrt:wait,30>kau bahkan tidak berkedip.","ต่อให้นักกีฬาจะบาดเจ็บกี่คน หรือสูญเสียอาชีพไป— <wrt:wait,30>เธอก็ไม่แยแสอยู่แล้วนี่","Não importa se jogadores se machucam ou perdem a carreira, <wrt:wait,30>você nem liga!"
,,,상현,,1_실눈+,,,"<txt:bold,2>아니지, 넌 애초에 '배구' 따위엔 1그램도 관심 없잖아?★","<txt:bold,2>In fact, you don’t even care about ‘volleyball’ at all, do you?★","<txt:bold,2>いや、君はそもそも「バレー」なんて１ミリも興味ないんだろ？★","<txt:bold,2>不对，你压根就对‘排球’这玩意儿没有一丁点儿的兴趣，不是吗？★","<txt:bold,2>不對，妳根本就對「排球」這玩意兒一丁點興趣都沒有吧？★","<txt:bold,2>Хотя нет. Тебе вообще плевать на волейбол, верно?★","<txt:bold,2>Kau langsung tak peduli pasal bola tampar, kan?★","<txt:bold,2>Không, ngay từ đầu cô chẳng quan tâm gì đến 'bóng chuyền' cả, đúng không?★","<txt:bold,2>No, es más, en realidad no te interesa el voleibol ni un gramo, ¿cierto?★","<txt:bold,2>Bukan, kepedulianmu pada bola voli itu lebih ringan daripada sebutir debu!?★","<txt:bold,2>ไม่สิ เธอไม่เคยสนใจ 'วอลเลย์บอล' มาตั้งแต่แรกแล้วด้วยซ้ำ★","<txt:bold,2>Aliás, você nunca se importou com vôlei, né? ★"
,,,TAG,,,,,"<eff:black,4><cha:hide>","<eff:black,4><cha:hide>","<eff:black,4><cha:hide>","<eff:black,4><cha:hide>","<eff:black,4><cha:hide>","<eff:black,4><cha:hide>","<eff:black,4><cha:hide>","<eff:black,4><cha:hide>","<eff:black,4><cha:hide>","<eff:black,4><cha:hide>","<eff:black,4><cha:hide>","<eff:black,4><cha:hide>"
,,,TAG,,,,,"<sys:scene,카를라><sys:scenezoom,1.5,0.8>","<sys:scene,카를라><sys:scenezoom,1.5,0.8>","<sys:scene,카를라><sys:scenezoom,1.5,0.8>","<sys:scene,카를라><sys:scenezoom,1.5,0.8>","<sys:scene,카를라><sys:scenezoom,1.5,0.8>","<sys:scene,카를라><sys:scenezoom,1.5,0.8>","<sys:scene,카를라><sys:scenezoom,1.5,0.8>","<sys:scene,카를라><sys:scenezoom,1.5,0.8>","<sys:scene,카를라><sys:scenezoom,1.5,0.8>","<sys:scene,카를라><sys:scenezoom,1.5,0.8>","<sys:scene,카를라><sys:scenezoom,1.5,0.8>","<sys:scene,카를라><sys:scenezoom,1.5,0.8>"
,,,카를라,,,,,"어머, 그건 좀 심한 말씀이네요. <wrt:wait,30>모함이에요.<wrt:wait,30> 전 배구를 사랑한답니다?","Oh, such hurtful words. <wrt:wait,30>Those are false accusations.<wrt:wait,30> I would have you know that I love volleyball.","まあ、それはちょっと酷い言い方ですね。<wrt:wait,30>誤解ですよ。<wrt:wait,30>私はバレーを愛していますよ？","哎呀，这话可就说得太重了。<wrt:wait,30>您这可是血口喷人。<wrt:wait,30>我可是打心底里热爱排球的哦？","哎呀，您這話說得有點過分了呢。<wrt:wait,30>這是污衊。<wrt:wait,30>我可是非常熱愛排球的喔？","Как грубо. <wrt:wait,30>Разве можно так говорить? <wrt:wait,30>Я обожаю волейбол.","Wah, pedihnya. <wrt:wait,30>Itu tuduhan palsu.<wrt:wait,30> Saya cintakan bola tampar.","Ối, nói vậy có hơi quá đáng rồi. <wrt:wait,30>Đó là vu khống.<wrt:wait,30> Tôi yêu bóng chuyền mà?","Oh, eso ha sido un poco cruel. <wrt:wait,30>¡Qué calumnia!<wrt:wait,30> Yo amo el voleibol, ¿sabes?","Aduh, itu pernyataan yang keterlaluan. <wrt:wait,30>Jangan memfitnah.<wrt:wait,30> Saya itu mencintai bola voli loh?","อุ๊ยตาย คุณก็พูดแรงไปนะคะ <wrt:wait,30>อย่าใส่ร้ายกันสิคะ<wrt:wait,30> ฉันรักวอลเลย์บอลจะตายไป","Nossa, <wrt:wait,30>que acusação mais injusta! <wrt:wait,30>Eu sou apaixonada por vôlei!"
,,,카를라,,,,,배구는 정말 매력적인 스포츠잖아요?,It’s such an interesting sport.,バレーは本当に魅力的なスポーツじゃないですか？,排球真是一项令人心驰神往的运动，难道不是吗？,排球真的是很有魅力的運動，不是嗎？,Очаровательный вид спорта.,Sukan ni memang menarik.,Bóng chuyền là một môn thể thao quyến rũ đúng không?,¿No crees que es un deporte fascinante?,Bukankah bola voli itu sangat menarik?,วอลเลย์บอลเป็นกีฬาที่มีเสน่ห์ออกนะคะ,O vôlei é fascinante!
,,,카를라,,,,,"모두가 사랑하고,<wrt:wait,30> 팀플레이라서 결과를 예측하기 어렵고— <wrt:wait,30><txt:bold,2>그래서 돈이 되죠.","Everyone loves it and <wrt:wait,30>it’s a team game so the result is hard to guess— <wrt:wait,30><txt:bold,2>which makes it profitable.","みんなが愛していて、<wrt:wait,30>チームプレイだから結果を予測しにくくて—<wrt:wait,30><txt:bold,2>だからお金になるんです。","人人都为之倾倒，<wrt:wait,30>而且正因为是团队合作，所以比赛结果总是充满了未知数，令人难以捉摸——<wrt:wait,30><txt:bold,2>所以才能带来巨大的经济效益啊。","所有人都為之瘋狂，<wrt:wait,30>又因為是團隊合作，讓結果變得不可預測，<wrt:wait,30><txt:bold,2>這正是它能帶來收益的原因啊。","Здесь есть и фанатская любовь, <wrt:wait,30>и непредсказуемые результаты, <wrt:wait,30><txt:bold,2>а значит и деньги.","Semua orang suka dan <wrt:wait,30>ia permainan berpasukan jadi susah nak jangka— <wrt:wait,30><txt:bold,2>sebab tu menguntungkan.","Mọi người đều yêu thích,<wrt:wait,30> và vì là môn thể thao đồng đội nên khó đoán trước kết quả... <wrt:wait,30><txt:bold,2>vì thế nên kiếm được tiền.","Todo el mundo lo adora,<wrt:wait,30> es impredecible porque se juega en equipo... <wrt:wait,30><txt:bold,2>y por eso, da dinero.","Dicintai oleh semua orang,<wrt:wait,30> hasilnya sulit diprediksi karena permainan tim— <wrt:wait,30><txt:bold,2>dan karena itu menghasilkan banyak uang.","ทุกคนต่างก็ชื่นชอบ<wrt:wait,30> แถมยังคาดเดาผลได้ยากเพราะเล่นเป็นทีม— <wrt:wait,30><txt:bold,2>ก็เลยทำเงินได้","É popular, <wrt:wait,30><txt:bold,2>imprevisível e cheio de reviravoltas. <wrt:wait,30>Por isso rende tanto dinheiro."
,,,카를라,,,,,"<txt:bold,2>돈이 되는 건 사랑한답니다?","<txt:bold,2>And I love anything that is profitable.","<txt:bold,2>お金になるものは愛していますよ？","<txt:bold,2>只要是能赚钱的东西，我都爱不释手。","<txt:bold,2>能變成錢的東西，哪有不愛的道理啊？","<txt:bold,2>Я люблю все, что приносит деньги.","<txt:bold,2>Dan saya suka semua yang menguntungkan.","<txt:bold,2>Tôi yêu những thứ sinh lời.","<txt:bold,2>Yo amo lo que da dinero.","<txt:bold,2>Saya mencintai semua hal yang dapat menjadi uang ya?","<txt:bold,2>ซึ่งฉันก็รักการที่มันทำเงินได้นี่แหละค่ะ","<txt:bold,2>Tudo que dá dinheiro... eu amo, sabia?"
,,,카를라,,,,,"<wrt:delay,5>당신과 마찬가지 아닌가요? <txt:bold,2><txt:color,orange>상현</txt:bold></txt:color> 씨?","<wrt:delay,5>Isn’t that the same with you, <txt:bold,2><txt:color,orange>Mr. Sanghyeon</txt:bold></txt:color>?","<wrt:delay,5>あなたと同じではないですか？<txt:bold,2><txt:color,orange>白石</txt:bold></txt:color>さん？","<wrt:delay,5>您不也是如此吗？<txt:bold,2><txt:color,orange>尚贤</txt:bold></txt:color>先生？","<wrt:delay,5>您不也一樣嗎？<txt:bold,2><txt:color,orange>尚賢</txt:bold></txt:color>先生？","<wrt:delay,5>Как и ты, <txt:bold,2><txt:color,orange>Санхён</txt:bold></txt:color>.","<wrt:delay,5>Bukankah awak pun sama, <txt:bold,2><txt:color,orange>Encik Sanghyeon</txt:bold></txt:color>?","<wrt:delay,5>Cậu cũng vậy thôi, đúng không <txt:bold,2><txt:color,orange>Sanghyeon</txt:bold></txt:color>?","<wrt:delay,5>¿No es lo mismo contigo, <txt:bold,2><txt:color,orange>Sanghyeon</txt:bold></txt:color>?","<wrt:delay,5>Bukankah begitu juga untuk Anda? <txt:bold,2><txt:color,orange>Sanghyeon</txt:bold></txt:color>?","<wrt:delay,5>ก็เหมือนกับคุณไม่ใช่เหรอคะ? คุณ<txt:bold,2><txt:color,orange>ซังฮยอน</txt:bold></txt:color>?","<wrt:delay,5>Não é o mesmo com você, <txt:bold,2><txt:color,orange>Sanghyeon</txt:bold></txt:color>?"
,,,상현,,,,,"똑같이 취급하지 말아줄래? <wrt:wait,30>나도 가끔 실수를 하지만— <wrt:wait,30>너랑은 달라. <txt:bold,2>나는 '배구'를 사랑하거든.","Don't put us in the same category, will you? <wrt:wait,30>I make mistakes sometimes too, but— <wrt:wait,30>I’m not like you. <txt:bold,2>I actually love ‘volleyball.’","同じ扱いはしないでくれる？<wrt:wait,30>ボクだって時々ミスをするけど—<wrt:wait,30>君とは違うんだ。<txt:bold,2>ボクは「バレー」を愛しているからね。","能别把我和你这种人相提并论吗？<wrt:wait,30>我虽然偶尔也会犯些小错——<wrt:wait,30>但我和你，从根本上就不是一路人。<txt:bold,2>我可是真心实意地热爱着‘排球’这项运动的。","別把我跟妳相提並論好嗎？<wrt:wait,30>我雖然偶爾也會犯錯，<wrt:wait,30>但我跟妳不一樣。<txt:bold,2>我是真心熱愛「排球」的。","Сравниваешь нас? <wrt:wait,30>Да, я не святой... <wrt:wait,30>Но я не ты. <txt:bold,2>Я люблю волейбол.","Jangan samakan aku dengan kau. <wrt:wait,30>Aku pun ada buat silap, tapi— <wrt:wait,30>aku bukan macam kau. <txt:bold,2>Aku cintakan bola tampar.","Đừng so sánh tôi với cô. <wrt:wait,30>Tôi cũng đôi khi mắc sai lầm nhưng... <wrt:wait,30>tôi khác cô. <txt:bold,2>Tôi yêu 'bóng chuyền'.","No me metas en el mismo saco. <wrt:wait,30>Puede que me equivoque a veces, <wrt:wait,30>pero no soy como tú. <txt:bold,2>Yo sí amo el 'voleibol'.","Aku berbeda denganmu! <wrt:wait,30>Meski terkadang aku juga membuat kesalahan— <wrt:wait,30>tapi itu berbeda. <txt:bold,2>Aku itu mencintai 'bola voli'.","ช่วยอย่าเหมารวมได้ไหม? <wrt:wait,30>ถึงบางครั้งฉันจะทำพลาดไปบ้าง— <wrt:wait,30>แต่ฉันไม่เหมือนเธอ <txt:bold,2>ฉันน่ะรัก 'วอลเลย์บอล' จริงๆ","Não sou como você. <wrt:wait,30>Eu também cometo erros, mas... <wrt:wait,30>sou diferente de você. <txt:bold,2>Eu amo o vôlei."
,,,카를라,,,,,유감이네요. 전 우리 둘이 닮았다고 생각하는데요.,"That's a pity. In my view, we’re alike, you and I.",残念ですね。私たち似ていると思ったんですけどね。,真是遗憾。我还一直以为我们俩是同道中人呢。,真遺憾，在我看來並沒什麼不同。,"Ох, а я думала, что мы с тобой одного поля ягоды.",Sayang sekali. Saya rasa kita berdua serupa.,Thật đáng tiếc. Tôi nghĩ chúng ta giống nhau đấy.,Qué pena. Yo pensaba que tú y yo nos parecíamos.,Sayang sekali. Saya kira kita itu sangat mirip.,น่าเสียใจจังนะคะ ฉันอุตส่าห์คิดว่าเราสองคนเหมือนกัน,Engraçado... eu sempre vi muito de mim em você.
,,,카를라,,,,,"그 사람‥ <txt:bold,2>이름이 뭐였더라?","That man... <txt:bold,2>What was his name?","あの人...<txt:bold,2>名前は何でしたっけ？","那个人......<txt:bold,2>他叫什么来着？","那個人...<txt:bold,2>叫什麼名字來著？","Как там <txt:bold,2>звали того парня?","Lelaki itu... <txt:bold,2>Siapa nama dia?","Người đó... <txt:bold,2>tên gì nhỉ?","Esa persona... <txt:bold,2>¿cómo se llamaba?","Orang itu... <txt:bold,2>Apa namanya?","คนนั้นน่ะ... <txt:bold,2>ชื่ออะไรแล้วนะ?","Qual era mesmo... <txt:bold,2>o nome dele?"
,,,카를라,,,,,"아, <wrt:wait,30>맞다. 바깥에선 이렇게 불리죠. <wrt:wait,30>‘<txt:bold,2><txt:color,orange>오아시스</txt:bold></txt:color>.’","Ah, <wrt:wait,30>yes. Outside, he was known as <wrt:wait,30>‘<txt:bold,2><txt:color,orange>Oasis</txt:bold></txt:color>.’","あ、<wrt:wait,30>そうだ。外ではこう呼ばれてますよね。<wrt:wait,30>「<txt:bold,2><txt:color,orange>オアシス</txt:bold></txt:color>」。","啊，<wrt:wait,30>想起来了。在外面，人们是这么称呼他的吧。<wrt:wait,30>‘<txt:bold,2><txt:color,orange>绿洲</txt:bold></txt:color>’。","啊，<wrt:wait,30>我想起來了，在外面是這麼叫他的吧。<wrt:wait,30>「<txt:bold,2><txt:color,orange>綠洲</txt:bold></txt:color>」。","Ах, точно. <wrt:wait,30>Его звали <wrt:wait,30><txt:bold,2><txt:color,orange>Оазис</txt:bold></txt:color>.","Ah, <wrt:wait,30>ya. Di luar, dia dikenali sebagai <wrt:wait,30>‘<txt:bold,2><txt:color,orange>Oasis</txt:bold></txt:color>.’","À, <wrt:wait,30>phải rồi. Bên ngoài anh ấy được gọi là. <wrt:wait,30>'<txt:bold,2><txt:color,orange>Oasis</txt:bold></txt:color>'.","Ah, <wrt:wait,30>cierto. Afuera lo conocen como <wrt:wait,30>'<txt:bold,2><txt:color,orange>Oasis</txt:bold></txt:color>.'","Oh ya, <wrt:wait,30>aku ingat. Di luar mereka memanggilnya seperti ini. <wrt:wait,30>‘<txt:bold,2><txt:color,orange>Oasis</txt:bold></txt:color>.’","อ้อ <wrt:wait,30>ใช่แล้ว ข้างนอกเขาเรียกกันว่า <wrt:wait,30>‘<txt:bold,2><txt:color,orange>โอเอซิส</txt:bold></txt:color>’ สินะคะ","Ah, <wrt:wait,30>lembrei. Lá fora ele é conhecido como <wrt:wait,30><txt:bold,2><txt:color,orange>Oásis</txt:bold></txt:color>."
,,,카를라,,,,,"<txt:bold,2>그를 부숴버린 건 당신이었잖아요, <txt:bold,2><txt:color,orange>상현</txt:bold></txt:color> 씨.","<txt:bold,2>You were the one that crushed him, <txt:bold,2><txt:color,orange>Mr. Sanghyeon</txt:bold></txt:color>.","<txt:bold,2>彼を壊したのはあなたでしたよね、<txt:bold,2><txt:color,orange>白石</txt:bold></txt:color>さん。","<txt:bold,2>把他亲手推入深渊的，不正是您吗，<txt:bold,2><txt:color,orange>尚贤</txt:bold></txt:color>先生？","<txt:bold,2>把他徹底毀掉的人，不就是你嗎，<txt:bold,2><txt:color,orange>尚賢</txt:bold></txt:color>先生。","<txt:bold,2>Именно ты сломал его, <txt:bold,2><txt:color,orange>Санхён</txt:bold></txt:color>.","<txt:bold,2>Awaklah yang menghancurkan dia, <txt:bold,2><txt:color,orange>Encik Sanghyeon</txt:bold></txt:color>.","<txt:bold,2>Chính cậu đã phá hủy anh ta, <txt:bold,2><txt:color,orange>Sanghyeon</txt:bold></txt:color>.","<txt:bold,2>Tú fuiste quien lo destrozó, <txt:bold,2><txt:color,orange>Sanghyeon</txt:bold></txt:color>.","<txt:bold,2>Bukankah kamu yang telah menghancurkannya, <txt:bold,2><txt:color,orange>Sanghyeon</txt:bold></txt:color>.","<txt:bold,2>คนที่ทำลายเขาก็คือคุณนี่คะ คุณ<txt:bold,2><txt:color,orange>ซังฮยอน</txt:bold></txt:color>","<txt:bold,2>Foi você quem acabou com ele, não foi <txt:bold,2><txt:color,orange>Sanghyeon</txt:bold></txt:color>?"
,,,카를라,,,,,"가엽기도 하지. <txt:bold,2>‘99연승의 사나이’</txt:bold>로 불리던 그는 정말 눈부셨는데.","It's a shame. The man once known as the <txt:bold,2>‘Man of 99 Straight Wins’</txt:bold> was truly brilliant.","哀れですよね。<txt:bold,2>「99連勝の男」</txt:bold>と呼ばれた彼は本当に輝いていたのに。","真是可悲啊。那个曾经被誉为<txt:bold,2>‘99连胜的不败神话’</txt:bold>的他，当年是何等的意气风发，光芒万丈。","真讓人惋惜啊。曾被譽為<txt:bold,2>「99連勝的傳奇」</txt:bold>的他，當年是那麼耀眼奪目。","Он ведь был легендой — <txt:bold,2>99 побед подряд</txt:bold>.","Kasihan. Lelaki yang digelar <txt:bold,2>“Lelaki dengan 99 Kemenangan Berturut-turut”</txt:bold> itu begitu bersinar dahulu.","Thật đáng thương. <txt:bold,2>'Người đàn ông với 99 chiến thắng liên tiếp'</txt:bold> từng rực rỡ đến thế.","Qué triste. Lo llamaban <txt:bold,2>'el hombre de las 99 victorias consecutivas'</txt:bold>, y brillaba con luz propia.","Kasihan sekali.. Dia sangat bersinar menyilaukan saat dipanggil <txt:bold,2>‘Lelaki dengan 99 kemenangan berturut-turut’</txt:bold>.","ช่างน่าสงสาร เขาที่เคยถูกเรียกว่า <txt:bold,2>‘ชายชาตรีผู้ชนะรวด 99 ครั้ง’</txt:bold> ตอนนั้นเขาเฉิดฉายมากแท้ๆ","Dá até pena... O famoso <txt:bold,2>«Homem das 99 Vitórias»</txt:bold>. O cara era tão promissor, tão respeitado..."
,,,카를라,,,,,"<wrt:delay,5>지금은 제대로 점프도 못하는 얼간이가 되어버렸다죠?","<wrt:delay,5>And now he's a simpleton who can't even perform a decent jump, isn't he?","<wrt:delay,5>今ではまともにジャンプもできない間抜けになってしまいましたよね？","<wrt:delay,5>听说现在连像样的跳跃都做不到了，彻底沦为了一个可怜的废物？","<wrt:delay,5>聽說現在變成連像樣的跳躍都做不到的窩囊廢了？","<wrt:delay,5>А теперь он даже прыгнуть не может как следует.","<wrt:delay,5>Sekarang dia dah jadi si dungu yang melompat dengan betul pun tak mampu, kan?","<wrt:delay,5>Giờ đây anh ta trở thành kẻ ngốc thậm chí không thể nhảy đúng cách.","<wrt:delay,5>Y ahora... no puede ni saltar bien. Un pobre idiota.","<wrt:delay,5>Tapi saya dengar saat ini dia telah menjadi orang bodoh yang bahkan tidak dapat Jump dengan benar.","<wrt:delay,5>เห็นว่าตอนนี้เขากลายเป็นคนหมดสภาพที่กระโดดให้ดีๆ ยังไม่ได้เลยใช่ไหมคะ?","<wrt:delay,5>Agora ele virou um inútil que nem consegue mais pular direito, né?"
,,,카를라,,,,,"<txt:bold,2>그런데 저와 당신, <wrt:wait,30>뭐가 그렇게 다르죠?","<txt:bold,2>Yet between the two of us, <wrt:wait,30>what exactly is so different?","<txt:bold,2>それで...私とあなた、<wrt:wait,30>どこがそんなに違うというんでしょう？","<txt:bold,2>那么，我和您之间，<wrt:wait,30>又究竟有什么本质的区别呢？","<txt:bold,2>這樣看來我們，<wrt:wait,30>又有什麼不同呢？","<txt:bold,2>Так скажи, <wrt:wait,30>чем именно ты лучше меня?","<txt:bold,2>Tapi antara kita berdua, <wrt:wait,30>apa bezanya sangat?","<txt:bold,2>Vậy thì tôi và cậu, <wrt:wait,30>có gì khác nhau?","<txt:bold,2>Entonces, tú y yo... <wrt:wait,30>¿en qué somos tan distintos?","<txt:bold,2>Kalau begitu saya dan Anda, <wrt:wait,30>Apa yang membuat Anda berbeda dengan saya?","<txt:bold,2>แต่ว่าฉันกับคุณน่ะ <wrt:wait,30>เราแตกต่างกันมากนักเหรอคะ?","<txt:bold,2>Mas me diga... <wrt:wait,30>qual é a real diferença entre nós dois?"
,,,상현,,,,,‥‥헛소리는 그만해.,Stop your yapping.,......いい加減にしろ。,......别再胡说八道了。,...別再胡說八道了。,......Не говори ерунды.,Diamlah.,Thôi đủ rồi...,Deja de decir tonterías...,......Sudah cukup omong kosongmu.,......หยุดพูดไร้สาระได้แล้ว,Chega de falar besteira...
,,,카를라,,,,,"후후. 그렇게 믿고 싶다면야, 마음대로 생각하세요.","Hoho. If you want to keep thinking that way, I won’t stop you.",フフ。否定したいのでしたら、ご自由にどうぞ。,呵呵。如果您非要这么自欺欺人的话，那就随您的便吧。,呵呵。如果您要這麼自欺欺人的話，就隨您便吧。,"Хо-хо. Думай, как тебе хочется.","Hoho. Kalau itu yang awak mahu percaya, silakan.","Haha, nếu cậu muốn tin như vậy thì cứ tự nhiên.","Jeje. Si eso es lo que quieres creer, adelante.","Huhu. Kalau Anda ingin percaya seperti itu, terserah Anda.",หึหึ ถ้าคุณอยากจะเชื่อแบบนั้นก็แล้วแต่เถอะค่ะ,"Haha. Se é nisso que você quer acreditar, fique à vontade."
,,,카를라,,,,,"하지만, <txt:bold,2><txt:color,orange>오아시스</txt:bold></txt:color> 본인은 그렇게 생각하지 않을지도 모르죠?","However, I don’t know if <txt:bold,2><txt:color,orange>Oasis</txt:bold></txt:color> will agree with you on that.","でも、<txt:bold,2><txt:color,orange>オアシス</txt:bold></txt:color>本人はそうは思っていないかもしれませんよ？","但是，<txt:bold,2><txt:color,orange>绿洲</txt:bold></txt:color>他本人，恐怕不会这么想吧？","但是啊，<txt:bold,2><txt:color,orange>綠洲</txt:bold></txt:color>本人可不一定這麼想喔？","Но сам <txt:bold,2><txt:color,orange>Оазис</txt:bold></txt:color>, возможно, с тобой не согласится.","Tapi <txt:bold,2><txt:color,orange>Oasis</txt:bold></txt:color> sendiri mungkin tak fikir begitu.","Nhưng, chính <txt:bold,2><txt:color,orange>Oasis</txt:bold></txt:color> có thể không nghĩ như vậy đâu?","Pero quizás el propio <txt:bold,2><txt:color,orange>Oasis</txt:bold></txt:color> no lo vea de la misma manera.","Namun, bisa saja bagi <txt:bold,2><txt:color,orange>Oasis</txt:bold></txt:color>, dia bisa berpendapat yang berbeda kan?","แต่ว่าตัว<txt:bold,2><txt:color,orange>โอเอซิส</txt:bold></txt:color>เองอาจไม่ได้คิดแบบนั้นก็ได้เนอะคะ?","Mas será que o próprio <txt:bold,2><txt:color,orange>Oásis</txt:bold></txt:color> concordaria com você?"
,,,상현,,,,,‥무슨 소릴 하는 거야?,...What do you want to say?,...何を言ってるんだ？,......你这话是什么意思？,...妳到底在說什麼鬼話？,...О чем ты?,... Apa yang kau cuba sampaikan?,Cô đang nói gì vậy?,¿Qué estás diciendo...?,...Apa yang ingin kamu katakan?,...พูดอะไรของเธอน่ะ?,Do que diabos você tá falando?
,,,카를라,,,,,"<txt:bold,2>그가, <wrt:wait,30>이곳에 오고 있어요.","<txt:bold,2>He’s <wrt:wait,30>coming here.","<txt:bold,2>彼が、<wrt:wait,30>ここに来ています。","<txt:bold,2>他，<wrt:wait,30>正在朝这里赶来。","<txt:bold,2>他，<wrt:wait,30>正要來這呢。","<txt:bold,2>Он <wrt:wait,30>возвращается.","<txt:bold,2>Dia <wrt:wait,30>datang ke sini.","<txt:bold,2>Anh ấy <wrt:wait,30>đang đến đây.","<txt:bold,2>Él <wrt:wait,30>viene hacia aquí.","<txt:bold,2>Dia, <wrt:wait,30>sedang datang kesini.","<txt:bold,2>เขา<wrt:wait,30>กำลังมาที่นี่ค่ะ","<txt:bold,2>Ele... <wrt:wait,30>tá vindo pra cá."
,,,상현,,,,,"‥‥<wrt:wait,30>뭐?","......<wrt:wait,30>What?","......<wrt:wait,30>え‥？","......<wrt:wait,30>什么？","...<wrt:wait,30>什麼？","......<wrt:wait,30>Что?!","......<wrt:wait,30>Apa?","<wrt:wait,30>Gì cơ?","<wrt:wait,30>¿Qué...?","......<wrt:wait,30>Apa?","......<wrt:wait,30>ว่าไงนะ?","Ugh... <wrt:wait,30>O quê?"
,,,카를라,,,,,"자, 기쁘지 않으세요?",Aren’t you excited?,ほら、嬉しくないですか？,怎么样，不觉得惊喜万分吗？,怎麼，不想見到他嗎？,А ты не рад?,Awak tak gembira?,"Sao, cậu không vui sao?","Vamos, ¿no te alegra?",Bagaimana? Apa Anda tidak merasa senang?,คุณไม่ดีใจเหรอคะ?,Não é emocionante?
,,,카를라,,,,,"오랜만에 당신의 <txt:bold,2>옛 파트너</txt:bold>를 만날 수 있다니.","You will be able to meet your <txt:bold,2>old partner</txt:bold> after all this time.","久しぶりにあなたの<txt:bold,2>元パートナー</txt:bold>に会えるなんて。","能久违地与您的<txt:bold,2>昔日搭档</txt:bold>重逢。","時隔多年能再見到您的<txt:bold,2>老搭檔</txt:bold>。","Встретить <txt:bold,2>старого товарища</txt:bold>?","Awak dapat bertemu semula dengan <txt:bold,2>bekas rakan gandingan awak</txt:bold> selepas sekian lama.","Cuối cùng cũng được gặp lại <txt:bold,2>người bạn cũ</txt:bold> của mình.","Después de tanto tiempo, volverás a ver a tu <txt:bold,2>antiguo compañero</txt:bold>.","Setelah sekian lama Anda dapat bertemu kembali dengan <txt:bold,2>rekan lama</txt:bold>.","จะได้เจอ<txt:bold,2>อดีตคู่หู</txt:bold>ของคุณที่ไม่ได้เจอกันนานทั้งที","Você finalmente vai ver seu <txt:bold,2>antigo colega</txt:bold>."
,,,카를라,,,,,함께 차라도 한잔 어떤가요?,How about grabbing a cup of tea together?,一緒にお茶でもいかがですか？,要不要一起坐下来喝杯茶，叙叙旧呢？,要不要一起喝茶敘舊呢？,Выпить с ним чашечку чая?,Apa kata kita minum teh sama-sama?,Hay là uống trà cùng nhau?,¿Te apetece un té para la ocasión?,Bagaimana kalau minum teh bersama?,ลองไปดื่มชาด้วยกันสักถ้วยเป็นไงคะ?,Que tal tomarmos um chá juntos?
,,,카를라,,,,,"<wrt:delay,10><txt:bold,2>팬텀 리그의 킹메이커, <txt:color,orange>상현</txt:color> 씨?","<wrt:delay,10><txt:bold,2>The kingmaker of the Phantom League, <txt:color,orange>Mr. Sanghyeon</txt:color>?","<wrt:delay,10><txt:bold,2>ファントムリーグのキングメーカー、<txt:color,orange>白石優翔</txt:color>さん？","<wrt:delay,10><txt:bold,2>幻影联赛的造王者，<txt:color,orange>尚贤</txt:color>先生？","<wrt:delay,10><txt:bold,2>幻影聯賽的幕後推手，<txt:color,orange>尚賢</txt:color>先生？","Ты же <wrt:delay,10><txt:bold,2>главный кукловод Фантом-лиги, <txt:color,orange>Санхён</txt:color>.","<wrt:delay,10><txt:bold,2>Si pencipta juara Liga Phantom, <txt:color,orange>Encik Sanghyeon</txt:color>?","<wrt:delay,10><txt:bold,2>Người lập vương của Phantom League, <txt:color,orange>Sanghyeon</txt:color>?","¿<txt:color,orange>Sanghyeon</txt:color>, el creador de reyes de la <wrt:delay,10><txt:bold,2>Liga Fantasma?","<wrt:delay,10><txt:bold,2>Kingmaker di Liga Phantom, <txt:color,orange>Sanghyeon</txt:color>?","<wrt:delay,10><txt:bold,2>คุณ<txt:color,orange>ซังฮยอน</txt:color> คิงเมกเกอร์แห่งแฟนธอมลีก?","<wrt:delay,10><txt:bold,2><txt:color,orange>Sanghyeon</txt:color>, o grande fazedor de reis da Liga Phantom?"