스테이지,상황,분기,이름,위치,표정,효과,감정,한국어(kr),영어,일어,간체,번체,러시아어,말레이어,베트남어,스페인어,인도네시아어,태국어,포르투갈어
1,경기 전,#,MAP,,,,,콜로세움,콜로세움,콜로세움,콜로세움,콜로세움,콜로세움,콜로세움,콜로세움,콜로세움,콜로세움,콜로세움,콜로세움
,,#,BGM,,,,,BGM_MAKING_A_PLAN,BGM_MAKING_A_PLAN,BGM_MAKING_A_PLAN,BGM_MAKING_A_PLAN,BGM_MAKING_A_PLAN,BGM_MAKING_A_PLAN,BGM_MAKING_A_PLAN,BGM_MAKING_A_PLAN,BGM_MAKING_A_PLAN,BGM_MAKING_A_PLAN,BGM_MAKING_A_PLAN,BGM_MAKING_A_PLAN
,,#,정다희,0,1_언짢,,,,,,,,,,,,,,
,,#,정인호,4,1_기본,,,,,,,,,,,,,,
,,#,유리,4,1_기본,,,,,,,,,,,,,,
,,,-,,,,,"<txt:bold,3><txt:color,grey>~콜로세움 뒷문~</txt:color></txt:bold>","<txt:bold,3><txt:color,grey>Behind the Colosseum</txt:color></txt:bold>","<txt:bold,3><txt:color,grey>～コロッセオ裏門～</txt:color></txt:bold>","<txt:bold,3><txt:color,grey>～竞技场后门～</txt:color></txt:bold>","<txt:bold,3><txt:color,grey>～競技場後門～</txt:color></txt:bold>","<txt:bold,3><txt:color,grey>Служебный вход Колизея</txt:color></txt:bold>","<txt:bold,3><txt:color,grey>Di Belakang Colosseum</txt:color></txt:bold>","<txt:bold,3><txt:color,grey>~ Cửa Sau Đấu Trường ~</txt:color></txt:bold>","<txt:bold,3><txt:color,grey>Puerta trasera del Coliseo</txt:color></txt:bold>","<txt:bold,3><txt:color,grey>~Pintu belakang Colosseum~</txt:color></txt:bold>","<txt:bold,3><txt:color,grey>~ประตูหลังโคลอสเซียม~</txt:color></txt:bold>","<txt:bold,3><txt:color,grey>#Porta dos Fundos do Coliseu</txt:color></txt:bold>"
,,,선수 A,,,,,"<txt:bold,2><txt:color,orange>다희</txt:color></txt:bold>야, 안 된다니까 그래도~!","<txt:bold,2><txt:color,orange>Dahee</txt:color></txt:bold>, I said you can’t! Come on!","<txt:bold,2><txt:color,orange>夏希</txt:color></txt:bold>、ダメだって言ってるじゃん！","<txt:bold,2><txt:color,orange>多熙</txt:color></txt:bold>，都说了不行啊～！","<txt:bold,2><txt:color,orange>多熙</txt:color></txt:bold>，就跟妳說不行了嘛～！","<txt:bold,2><txt:color,orange>Дахи</txt:color></txt:bold>, ну нельзя же!","<txt:bold,2><txt:color,orange>Dahee</txt:color></txt:bold>, saya kata awak tak boleh! Ayuh!","<txt:bold,2><txt:color,orange>Dahee</txt:color></txt:bold>, tôi đã nói là không được mà!","¡Pero te dije que no, <txt:bold,2><txt:color,orange>Dahee</txt:color></txt:bold>!","<txt:bold,2><txt:color,orange>Dahee</txt:color></txt:bold>, sudah ku bilang jangan~!","<txt:bold,2><txt:color,orange>ดาฮี</txt:color></txt:bold> ก็บอกว่าไม่ได้ยังไงล่ะ~!","<txt:bold,2><txt:color,orange>Dahee</txt:color></txt:bold>, já falei que não pode!"
,,,선수 B,,,,,"또 코치님한테 혼나려고 그래? <txt:shake,1>제발 좀 얌전히 있어!</txt:shake>","You want Coach to yell at you again? <txt:shake,1>Please, just stay put!</txt:shake>","またコーチに怒られたいの？<txt:shake,1>頼むから大人しくしてて！</txt:shake>","又想挨教练骂了吗？<txt:shake,1>求你安分一点吧！</txt:shake>","又想被教練罵了嗎？<txt:shake,1>拜託妳安分點！</txt:shake>","Хочешь снова получить нагоняй от тренера? <txt:shake,1>Пожалуйста, успокойся!</txt:shake>","Awak nak Jurulatih marah lagi? <txt:shake,1>Tolong, duduk diam!</txt:shake>","Cậu lại muốn bị huấn luyện viên mắng nữa à? <txt:shake,1>Làm ơn ở yên đi!</txt:shake>","¿Quieres que el entrenador te vuelva a regañar? <txt:shake,1>¡Por favor, quédate quieta!</txt:shake>","Apa kamu mau dimarahi oleh coach lagi? <txt:shake,1>Aku mohon jangan buat masalah lagi!</txt:shake>","เธอจะหาเรื่องให้โค้ชดุอีกแล้วเหรอ? <txt:shake,1>ได้โปรดอยู่เฉยๆ เถอะ!</txt:shake>","Quer levar sermão do treinador de novo? <txt:shake,1>Se comporta, pelo amor de Deus!</txt:shake>"
,,,정다희,,1_언짢,,angry,"어휴, 이것 좀...! <cha:pop,정다희><txt:size,2>이것 좀 놔요!</txt:size>","Ugh, get... <cha:pop,정다희><txt:size,2>Let go of me!</txt:size>","もう、ちょっと‥！<cha:pop,정다희><txt:size,2>離してくださいよ！</txt:size>","哎呀，快放‥！<cha:pop,정다희><txt:size,2>给我放手！</txt:size>","哎唷，快放‥！<cha:pop,정다희><txt:size,2>快放開我！</txt:size>","Хватит! <cha:pop,정다희><txt:size,2>Отпустите меня!</txt:size>","Ugh, lepaskan... <cha:pop,정다희><txt:size,2>Lepaskan saya!</txt:size>","Ôi trời, cái này...! <cha:pop,정다희><txt:size,2>Buông ra đi!</txt:size>","¡Uf, suéltame...! <cha:pop,정다희><txt:size,2>¡Suéltame de una vez!</txt:size>","Aduh, berhenti...! <cha:pop,정다희><txt:size,2>Menarik-narik saya!</txt:size>","เฮ้อ ให้ตายเถอะ...! <cha:pop,정다희><txt:size,2>ปล่อยนะคะ!</txt:size>","Ai, por favor! <cha:pop,정다희><txt:size,2>Me solta!</txt:size>"
,,,정다희,,1_언짢,,,"<txt:size,2>이런 데에서 낭비할 시간 없단 말이에요!</txt:size>","<txt:size,2>I don’t have time to waste here!</txt:size>","<txt:size,2>こんなところで時間を無駄にしてる場合じゃないんです！</txt:size>","<txt:size,2>我可没时间浪费在这种地方！</txt:size>","<txt:size,2>我沒有時間可以浪費在這種地方！</txt:size>","<txt:size,2>У меня нет времени здесь быть!</txt:size>","<txt:size,2>Saya tak ada masa nak buang di sini!</txt:size>","<txt:size,2>Tôi không có thời gian lãng phí ở chỗ này đâu!</txt:size>","<txt:size,2>¡No tengo tiempo que perder en un lugar como este!</txt:size>","<txt:size,2>Saya tidak ada waktu untuk di sia-siakan di tempat seperti ini!</txt:size>","<txt:size,2>ฉันไม่มีเวลาจะมาเสียในที่แบบนี้หรอกนะ!</txt:size>","<txt:size,2>Não posso perder tempo aqui!</txt:size>"
,,,정다희,,1_외침,,,"<txt:shake,1>붙잡지 마요. 놔요, 진짜~!!</txt:shake><cha:qblack,정인호>","<txt:shake,1>Stop grabbing me. I said let go!</txt:shake><cha:qblack,정인호>","<txt:shake,1>もう、引っ張らないで。離してくださいってば～！！</txt:shake><cha:qblack,정인호>","<txt:shake,1>别抓着我。快放开，真是的～！！</txt:shake><cha:qblack,정인호>","<txt:shake,1>別抓著我。放手啦，真是的～！！</txt:shake><cha:qblack,정인호>","<txt:shake,1>Не хватайте меня, отпустите уже!</txt:shake><cha:qblack,정인호>","<txt:shake,1>Jangan tarik saya. Saya kata lepaskan!!</txt:shake><cha:qblack,정인호>","<txt:shake,1>Đừng giữ tôi nữa. Buông ra đi, thật đấy</txt:shake><cha:qblack,정인호>.","<txt:shake,1>¡No me agarres! ¡Suéltame, de verdad!!</txt:shake><cha:qblack,정인호>","<txt:shake,1>Cepat lepaskan ini. Sebelum saya marah~!!</txt:shake><cha:qblack,정인호>","<txt:shake,1>อย่ารั้งฉันไว้เลยค่ะ ปล่อยสิคะ~!!</txt:shake><cha:qblack,정인호>","<txt:shake,1>Me larga agora!</txt:shake><cha:qblack,정인호>"
,,,정인호,2,-,pause,,"<cha:pos,정다희,-2><txt:bold,2><txt:color,orange>정다희</txt:color></txt:bold>.","<cha:pos,정다희,-2><txt:bold,2><txt:color,orange>Dahee Jung</txt:color></txt:bold>.","<cha:pos,정다희,-2><txt:bold,2><txt:color,orange>夏希</txt:color></txt:bold>。","<cha:pos,정다희,-2><txt:bold,2><txt:color,orange>郑多熙</txt:color></txt:bold>。","<cha:pos,정다희,-2><txt:bold,2><txt:color,orange>鄭多熙</txt:color></txt:bold>。","<cha:pos,정다희,-2><txt:bold,2><txt:color,orange>Чон Дахи</txt:color></txt:bold>.","<cha:pos,정다희,-2><txt:bold,2><txt:color,orange>Dahee Jung</txt:color></txt:bold>.","<cha:pos,정다희,-2><txt:bold,2><txt:color,orange>Jeong Dahee.</txt:color></txt:bold>","<cha:pos,정다희,-2><txt:bold,2><txt:color,orange>Dahee Jung</txt:color></txt:bold>.","<cha:pos,정다희,-2><txt:bold,2><txt:color,orange>Dahee Jung</txt:color></txt:bold>.","<cha:pos,정다희,-2><txt:bold,2><txt:color,orange>จองดาฮี</txt:color></txt:bold>","<cha:pos,정다희,-2><txt:bold,2><txt:color,orange>Dahee Jung</txt:color></txt:bold>."
,,,정인호,,-,pause,,</cha:black>여기서 뭐 하는 거지?,</cha:black>What are you doing here?,</cha:black>ここで何してる？,</cha:black>你在这里干什么？,</cha:black>妳在這裡做什麼？,</cha:black>Что ты устроила?,</cha:black>Apa kamu buat di sini?,</cha:black>Đang làm gì ở đây vậy?,</cha:black>¿Qué estás haciendo aquí?,</cha:black>Apa yang sedang kamu lakukan disini?,</cha:black>มาทำอะไรอยู่ที่นี่น่ะ?,</cha:black>Pode me dizer o que tá fazendo aqui?
,,,선수 A,,,,,"<txt:shake,1>헉, 코치님!!</txt:shake>","<txt:shake,1>Oh no, Coach!</txt:shake>","<txt:shake,1>げっ、コーチ！！</txt:shake>","<txt:shake,1>呃，教练！！</txt:shake>","<txt:shake,1>嚇！教練！！</txt:shake>","<txt:shake,1>Ой, тренер!</txt:shake>","<txt:shake,1>Alamak, Jurulatih!</txt:shake>","<txt:shake,1>Ối, huấn luyện viên!!</txt:shake>","<txt:shake,1>¡¡A-ay, entrenador!!</txt:shake>","<txt:shake,1>Eh, Coach!!</txt:shake>","<txt:shake,1>เฮือก โค้ช!!</txt:shake>","<txt:shake,1>Ah! Treinador!</txt:shake>"
,,,-,,,,,"<cha:highlight,정다희><txt:color,grey>(탁-!)</txt:color>","<cha:highlight,정다희><txt:color,grey>(Thud!)</txt:color>","<cha:highlight,정다희><txt:color,grey>(バッ！)</txt:color>","<cha:highlight,정다희><txt:color,grey>（啪-！）</txt:color>","<cha:highlight,정다희><txt:color,grey>（啪—！）</txt:color>","<cha:highlight,정다희><txt:color,grey>(Тук!)</txt:color>","<cha:highlight,정다희><txt:color,grey>(Dumm!)</txt:color>","<cha:highlight,정다희><txt:color,grey>*Tạch*</txt:color>","<cha:highlight,정다희><txt:color,grey>(¡Zas!)</txt:color>","<cha:highlight,정다희><txt:color,grey>(Dukk-!)</txt:color>","<cha:highlight,정다희><txt:color,grey>(ปับ-!)</txt:color>","<cha:highlight,정다희><txt:color,grey>(Tac!)</txt:color>"
,,,정다희,,1_언짢,,,몇 번이나 얘기했잖아.,I’ve told you how many times now.,何度も言ったでしょ。,我都说过好几次了。,我不是說過很多次了嗎。,Я же уже сто раз говорила.,Saya dah berapa kali cakap.,Con đã nói bao nhiêu lần rồi.,Te lo he dicho un montón de veces.,Bukankah sudah kubilang berkali kali?,หนูบอกหลายรอบแล้วไง,Quantas vezes eu tenho que repetir?
,,,정다희,,1_언짢,,,"<txt:bold,2><txt:color,orange>시우</txt:color>를 구하러 가야 한다고.</txt:bold>","<txt:bold,2>I need to go help <txt:color,orange>Siwoo</txt:color>.</txt:bold>","<txt:bold,2><txt:color,orange>新</txt:color>を助けに行かなきゃって。</txt:bold>","<txt:bold,2>我必须去救<txt:color,orange>时宇</txt:color>。</txt:bold>","<txt:bold,2>我得去救<txt:color,orange>時宇</txt:color>才行。</txt:bold>","<txt:bold,2>Мне нужно идти спасать <txt:color,orange>Шиу</txt:color></txt:bold>.","<txt:bold,2>Saya perlu pergi bantu <txt:color,orange>Siwoo</txt:color>.</txt:bold>","<txt:bold,2>Con phải đi cứu <txt:color,orange>Siwoo</txt:color>.</txt:bold>","Tengo que ir a rescatar a <txt:bold,2><txt:color,orange>Siwoo</txt:color>.</txt:bold>","<txt:bold,2>Aku harus pergi untuk menyelamatkan <txt:color,orange>Siwoo</txt:color>!</txt:bold>","<txt:bold,2>ว่าหนูต้องไปช่วย<txt:color,orange>ชีอู</txt:color></txt:bold>","Preciso salvar o <txt:bold,2><txt:color,orange>Siwoo</txt:color>.</txt:bold>"
,,,정인호,,1_기본,pause,,...하아.,Hah...,‥はあ。,‥唉。,‥唉。,Ох...,Hah...,...Ha.,...Haa.,...Hahh.,...เฮ้อ,Ugh...
,,,정다희,,1_언짢,,,"<txt:bold,2><txt:color,orange>시우</txt:color></txt:bold>만 두고 나온 지 벌써 몇 주나 지났어.","It’s been weeks since we left <txt:bold,2><txt:color,orange>Siwoo</txt:color></txt:bold> behind.","<txt:bold,2><txt:color,orange>新</txt:color></txt:bold>を置いてきてから、もう何週間経ったと思ってるの。","已经把<txt:bold,2><txt:color,orange>时宇</txt:color></txt:bold>一个人留在那里好几周了。","把<txt:bold,2><txt:color,orange>時宇</txt:color></txt:bold>一個人丟在那裡都過好幾個禮拜了。","<txt:bold,2><txt:color,orange>Шиу</txt:color></txt:bold> уже несколько недель один.","Dah berminggu-minggu kami tinggalkan <txt:bold,2><txt:color,orange>Siwoo</txt:color></txt:bold>.","Đã mấy tuần rồi kể từ khi con bỏ lại <txt:bold,2><txt:color,orange>Siwoo</txt:color></txt:bold> ở đó.","Ya han pasado varias semanas desde que dejé a <txt:bold,2><txt:color,orange>Siwoo</txt:color></txt:bold> solo.","Sudah beberapa minggu berlalu sejak aku meninggalkan <txt:bold,2><txt:color,orange>Siwoo</txt:color></txt:bold> sendirian.","หนูทิ้ง<txt:bold,2><txt:color,orange>ชีอู</txt:color></txt:bold>ไว้มาตั้งกี่อาทิตย์แล้ว","Faz semanas que deixamos o <txt:bold,2><txt:color,orange>Siwoo</txt:color></txt:bold> lá sozinho."
,,,정다희,,1_외침,,,그런 곳에 혼자 두라고? 그게 말이 돼?,You want me to just leave him there alone? How does that make any sense?,あんなところで、一人にしとけって？そんなのありえないでしょ？,让他一个人留在那种地方？这像话吗？,叫我把他留在那種地方？這像話嗎？,Как можно бросить его одного в таком месте?!,Ayah nak saya biarkan dia di sana seorang diri? Mana masuk akal?,Bố bảo con cứ để cậu ấy ở đó một mình sao? Nghe có hợp lý không?,¿Que lo deje solo en un lugar así? ¿Eso tiene sentido?,Membiarkan dia sendirian di tempat seperti itu. Apa itu masuk akal?,จะให้ทิ้งเขาไว้คนเดียวในที่แบบนั้นเนี่ยนะ? มันใช่เหรอ?,Como eu posso deixar ele lá assim?
,,,정다희,,1_언짢,,,이제 아빠한테 도와달란 말 안 해. 그러니 방해는 하지 마.,I’m not asking you to help anymore. So at least don’t get in my way.,もうお父さんに助けてなんて言わない。だから邪魔しないで。,我不会再求爸爸帮忙了。所以请您不要妨碍我。,我不會再求爸爸幫忙了，所以也請您別干涉我。,"Я больше не прошу тебя помогать, папа. Просто не мешай.",Saya tak minta ayah bantu lagi. Jadi sekurang-kurangnya jangan halang saya.,Từ giờ con sẽ không nhờ bố giúp nữa. Vậy nên đừng cản con.,"Ya no te pediré ayuda, papá. Así que no me estorbes.",Aku tidak akan meminta bantuan papa lagi. Jadi berhenti menggangguku.,ตอนนี้หนูจะไม่ขอให้พ่อช่วยหรอก เพราะฉะนั้นก็อย่ามาขัดขวางหนู,"Não vou mais pedir nada, só não atrapalha."
,,,정인호,,1_기본,pause,,안 돼.,No.,ダメだ。,不行。,不行。,Даже не думай.,Tak boleh.,Không được.,No.,Tidak bisa.,ไม่ได้,Não vou permitir.
,,,정다희,,1_외침,,exclam,"<txt:bold,1><txt:size,2>아빠!</txt:size></txt:bold>","<txt:bold,1><txt:size,2>Dad!</txt:size></txt:bold>","<txt:bold,1><txt:size,2>お父さん！</txt:size></txt:bold>","<txt:bold,1><txt:size,2>爸爸！</txt:size></txt:bold>","<txt:bold,1><txt:size,2>爸爸！</txt:size></txt:bold>","<txt:bold,1><txt:size,2>Папа!</txt:size></txt:bold>","<txt:bold,1><txt:size,2>Ayah!</txt:size></txt:bold>","<txt:bold,1><txt:size,2>Bố!</txt:size></txt:bold>","<txt:bold,1><txt:size,2>¡Papá!</txt:size></txt:bold>","<txt:bold,1><txt:size,2>Papa!</txt:size></txt:bold>","<txt:bold,1><txt:size,2>พ่อ!</txt:size></txt:bold>","<txt:bold,1><txt:size,2>Pai!</txt:size></txt:bold>"
,,,정인호,,2_기본,pause,,분명히 말했을 텐데. ,I thought I made myself clear.,はっきり言ったはずだぞ。,我应该说得很清楚了。,我應該說得很清楚了。,Я же ясно сказал.,Saya ingat saya dah jelas.,Bố đã nói rất rõ rồi.,Te lo dije muy claro.,Seperti yang sudah aku bilang jelas sebelumnya.,พ่อบอกไปชัดแล้วนะ,Acho que já deixei bem claro.
,,,정인호,,1_기본,pause,,"<txt:bold,1>그건 네가 신경 쓸 일이 아니야.</txt:bold>","<txt:bold,1>This isn’t something you need to worry about.</txt:bold>","<txt:bold,1>それは、お前が気にすることじゃない。</txt:bold>","<txt:bold,1>那不是你该操心的事情。</txt:bold>","<txt:bold,1>那不是妳該操心的事。</txt:bold>","<txt:bold,1>Не вмешивайся.</txt:bold>","<txt:bold,1>Ini bukan sesuatu yang awak perlu risaukan.</txt:bold>","<txt:bold,1>Chuyện đó không phải việc con cần quan tâm.</txt:bold>","<txt:bold,1>Eso no es asunto tuyo.</txt:bold>","<txt:bold,1>Ini bukan urusanmu.</txt:bold>","<txt:bold,1>นั่นไม่ใช่เรื่องที่ลูกจะต้องใส่ใจ</txt:bold>","<txt:bold,1>Você não precisa se meter nisso.</txt:bold>"
,,,정다희,,1_언짢,,,"그렇지 않아! <txt:bold,2><txt:color,orange>시우</txt:color></txt:bold>는 내 친구야. 어떻게 나만 편하게 있으란 거야.","Yes, it is! <txt:bold,2><txt:color,orange>Siwoo</txt:color></txt:bold> is my friend. How can you tell me to just sit here and be comfortable?","そんなことない！<txt:bold,2><txt:color,orange>新</txt:color></txt:bold>は私の友達だよ。どうして私だけのんびりしてろって言うの。","才不是！<txt:bold,2><txt:color,orange>时宇</txt:color></txt:bold>是我的朋友。怎么能让我一个人在这里心安理得！","才不是那樣！<txt:bold,2><txt:color,orange>時宇</txt:color></txt:bold>是我的朋友，怎麼能叫我一個人在這裡享福。","Нет! <txt:bold,2><txt:color,orange>Шиу</txt:color></txt:bold> мой друг! Я не могу просто ничего не делать!","Ya, perlu! <txt:bold,2><txt:color,orange>Siwoo</txt:color></txt:bold> kawan saya. Macam mana ayah nak saya duduk selesa di sini?","Không phải vậy! <txt:bold,2><txt:color,orange>Siwoo</txt:color></txt:bold> là bạn con. Sao con có thể chỉ lo cho bản thân mình được?","¡Claro que sí! <txt:bold,2><txt:color,orange>Siwoo</txt:color></txt:bold> es mi amigo. ¿Cómo esperas que me quede aquí tranquila?","Tidak! <txt:bold,2><txt:color,orange>Siwoo</txt:color></txt:bold> adalah temanku yang berharga. Bagaimana bisa hanya aku yang berada di tempat yang nyaman sementara dia..","ไม่ใช่สักหน่อย! <txt:bold,2><txt:color,orange>ชีอู</txt:color></txt:bold>เป็นเพื่อนหนูนะ จะให้หนูลอยตัวสบายอยู่คนเดียวได้ยังไง","Não é assim! O <txt:bold,2><txt:color,orange>Siwoo</txt:color></txt:bold> é meu amigo! Não posso simplesmente ficar parada!"
,,,정인호,,1_기본,pause,,두 번 얘기하게 하지 마.,Don’t make me say it again.,何度も言わせるな。,别让我说第二遍。,不要讓我再說第二次。,Не заставляй меня повторять.,Jangan buat saya ulang lagi.,Đừng để bố phải nói lần thứ hai.,No me hagas repetirlo dos veces.,Jangan buat aku bicarakan hal yang sama berulang-ulang.,อย่าให้พ่อต้องพูดอีกเป็นครั้งที่สอง,Não vou repetir.
,,,정인호,,1_기본,pause,,내가 됐다고 할 때까지 여기서 훈련이나 도와.,You’ll stay here and help with training until I say otherwise.,私がいいと言うまで、ここで練習の手伝いでもしてろ。,在我说可以之前，你就在这里帮忙训练。,在我准許之前，妳就在這裡幫忙訓練。,"Останешься здесь и будешь помогать с тренировками, пока я не решу иначе.",Awak akan tinggal di sini dan bantu dengan latihan sehingga saya kata sebaliknya.,Cứ ở đây giúp huấn luyện cho đến khi bố nói được rồi thì thôi.,Ayuda con el entrenamiento aquí hasta que yo diga que es suficiente.,Bantu latihan disini sampai aku beri perintah selanjutnya.,อยู่ช่วยฝึกซ้อมที่นี่ไปจนกว่าพ่อจะบอกให้พอ,Ajude no treinamento aqui até eu permitir que você vá.
,,,정인호,,2_기본,pause,,이것도 많이 배려해 준 거야.,You should be grateful I’m giving you that much.,これでもかなり配慮してやってるんだぞ。,这已经算很照顾你了。,我對妳已經很寬容了。,И это уже большое одолжение с моей стороны.,Awak patut bersyukur saya bagi awak peluang itu.,Như vậy là bố nhượng bộ con rất nhiều rồi.,Esto ya es ser muy considerado contigo.,Aku sudah cukup toleran.,แค่นี้ก็ถือว่าพ่อผ่อนปรนให้มากแล้วนะ,Já tô sendo bem tolerante com você.
,,,정다희,,1_경계,,angry,"배려? <wrt:wait,30>...<txt:bold,2>배려</txt:bold>라고?","Grateful? <wrt:wait,30>Did you just say... <txt:bold,2>grateful</txt:bold>?","配慮？<wrt:wait,30>‥<txt:bold,2>配慮</txt:bold>だって？","照顾？<wrt:wait,30>‥这也叫<txt:bold,2>照顾</txt:bold>？","寬容？<wrt:wait,30>‥<txt:bold,2>這能叫寬容</txt:bold>？","Одолжение? <wrt:wait,30>...<txt:bold,2>Ты серьезно</txt:bold>?","Bersyukur? <wrt:wait,30>Ayah cakap... <txt:bold,2>bersyukur</txt:bold>?","Nhượng bộ? <wrt:wait,30>...<txt:bold,2>Nhượng bộ</txt:bold> sao?","¿Considerado? <wrt:wait,30>...¿A eso le llamas <txt:bold,2>ser considerado</txt:bold>?","Toleran? <wrt:wait,30>...<txt:bold,2>Toleran</txt:bold>, papa bilang?","ผ่อนปรน? <wrt:wait,30>...<txt:bold,2>ผ่อนปรน</txt:bold>งั้นเหรอ?","Tolerante? Você...<wrt:wait,30> chama isso de <txt:bold,2>tolerante</txt:bold>?"
,,,정다희,,1_삐약,,,"밖에 나가지도 못하게 하고, 핸드폰까지 빼앗아 놓고... <wrt:wait,30><cha:pop,정다희><txt:bold,1><txt:size,2>이게 무슨 배려야!!</txt:size></txt:bold>","You won’t let me go outside, you took my phone... <wrt:wait,30><cha:pop,정다희><txt:bold,1><txt:size,2>And you’re saying I should be grateful?!</txt:size></txt:bold>","外出禁止にして、スマホまで取り上げておいて‥<wrt:wait,30><cha:pop,정다희><txt:bold,1><txt:size,2>これのどこが配慮なの！！</txt:size></txt:bold>","不准我出门，还把手机没收了‥<wrt:wait,30><cha:pop,정다희><txt:bold,1><txt:size,2>这算什么照顾啊！！</txt:size></txt:bold>","不讓我出去，連手機都沒收‥<wrt:wait,30><cha:pop,정다희><txt:bold,1><txt:size,2>這算哪門子的寬容啊！！</txt:size></txt:bold>","Меня заперли здесь и забрали телефон... <wrt:wait,30><cha:pop,정다희><txt:bold,1><txt:size,2>Это называется «одолжением»?!</txt:size></txt:bold>","Ayah tak benarkan saya keluar, ayah ambil telefon saya... <wrt:wait,30><cha:pop,정다희><txt:bold,1><txt:size,2>Dan ayah kata saya patut bersyukur?!</txt:size></txt:bold>","Không cho con ra ngoài, còn tịch thu cả điện thoại... <wrt:wait,30><cha:pop,정다희><txt:bold,1><txt:size,2>Thế mà gọi là nhượng bộ sao!!</txt:size></txt:bold>","No me dejas salir, me quitas el celular... <wrt:wait,30><cha:pop,정다희><txt:bold,1><txt:size,2>¡¡Qué clase de consideración es esta!!</txt:size></txt:bold>","Mengurungku disini, dan menyita HP-ku.. <wrt:wait,30><cha:pop,정다희><txt:bold,1><txt:size,2>Mana bisa ini dibilang toleran?</txt:size></txt:bold>","ไม่ให้หนูออกไปข้างนอก แถมยังยึดมือถือไว้ด้วย... <wrt:wait,30><cha:pop,정다희><txt:bold,1><txt:size,2>นี่มันผ่อนปรนตรงไหนกัน!!</txt:size></txt:bold>","Você não me deixa sair, tira meu celular... <wrt:wait,30><cha:pop,정다희><txt:bold,1><txt:size,2>e chama isso de tolerante?</txt:size></txt:bold>"
,,,정다희,,1_언짢,,,"<wrt:delay,1>최소한 핸드폰이라도 돌려줘! <txt:bold,2><txt:color,orange>시우</txt:color></txt:bold>한테 연락이라도...!</wrt:delay>","<wrt:delay,1>At least give me back my phone! So I can at least contact <txt:bold,2><txt:color,orange>Siwoo</txt:color></txt:bold>!</wrt:delay>","<wrt:delay,1>せめてスマホだけでも返してよ！<txt:bold,2><txt:color,orange>新</txt:color></txt:bold>に連絡くらい‥！</wrt:delay>","<wrt:delay,1>至少把手机还给我！<txt:bold,2>好歹让我联系一下<txt:color,orange>时宇</txt:color></txt:bold>‥！</wrt:delay>","<wrt:delay,1>至少把手機還給我！讓我跟<txt:bold,2><txt:color,orange>時宇</txt:color></txt:bold>聯絡一下‥！</wrt:delay>","<wrt:delay,1>Верни хотя бы телефон! Мне нужно связаться с <txt:bold,2><txt:color,orange>Шиу</txt:color></txt:bold>.</wrt:delay>","<wrt:delay,1>Paling tak pun pulangkan telefon saya! Supaya saya boleh hubungi <txt:bold,2><txt:color,orange>Siwoo</txt:color></txt:bold>!</wrt:delay>","<wrt:delay,1>Ít nhất hãy trả điện thoại cho con! Ít nhất cũng phải để con liên lạc với <txt:bold,2><txt:color,orange>Siwoo</txt:color></txt:bold>...!</wrt:delay>","<wrt:delay,1>¡Al menos devuélveme el celular! ¡Para poder contactar a <txt:bold,2><txt:color,orange>Siwoo</txt:color></txt:bold>...!</wrt:delay>","<wrt:delay,1>Setidaknya kembalikan HP-ku! Biar aku bisa menghubungi <txt:bold,2><txt:color,orange>Siwoo</txt:color></txt:bold>...!</wrt:delay>","<wrt:delay,1>อย่างน้อยก็คืนมือถือหนูมาเถอะ! ให้หนูได้ติดต่อ<txt:bold,2><txt:color,orange>ชีอู</txt:color></txt:bold>...!</wrt:delay>","<wrt:delay,1>Pelo menos me devolve meu celular! Preciso falar com o <txt:bold,2><txt:color,orange>Siwoo</txt:color></txt:bold>...</wrt:delay>"
,,,정인호,,2_기본,pause,,...아직 상황 파악이 안 됐나 보군.,"You still don’t understand the situation, do you?",‥まだ状況が分かってないようだな。,‥看来你还没搞清楚状况。,‥看來妳還搞不清楚現狀。,"Похоже, ты до сих пор не осознала ситуацию.","Awak masih tak faham keadaan, bukan?",...Xem ra con vẫn chưa hiểu tình hình.,...Parece que aún no entiendes la situación.,...Sepertinya kamu masih belum paham situasinya.,...ท่าทางจะยังไม่เข้าใจสถานการณ์สินะ,Parece que você realmente não entendeu o que tá acontecendo.
,,,정인호,,1_기본,pause,,"<txt:bold,2><txt:color,orange>다희</txt:color></txt:bold>를 데리고 가.","Take <txt:bold,2><txt:color,orange>Dahee</txt:color></txt:bold> away.","<txt:bold,2><txt:color,orange>夏希</txt:color></txt:bold>を連れていけ。","<txt:bold,2>把<txt:color,orange>多熙</txt:color></txt:bold>带走。","<txt:bold,2><txt:color,orange>把多熙</txt:color></txt:bold>帶下去。","Уведите <txt:bold,2><txt:color,orange>Дахи</txt:color></txt:bold>.","Bawa <txt:bold,2><txt:color,orange>Dahee</txt:color></txt:bold> pergi.","Đưa <txt:bold,2><txt:color,orange>Dahee</txt:color></txt:bold> đi đi.","Llévense a <txt:bold,2><txt:color,orange>Dahee</txt:color></txt:bold>.","Bawa pergi <txt:bold,2><txt:color,orange>Dahee</txt:color></txt:bold>.","พา<txt:bold,2><txt:color,orange>ดาฮี</txt:color></txt:bold>ไปซะ","Tirem a <txt:bold,2><txt:color,orange>Dahee</txt:color></txt:bold> daqui."
,,,정다희,,1_당황,,,"...!! 아빠! 아직 얘기 안 끝났잖아! <cha:pop,정다희><wrt:break>꺅, 자, 잠깐! ...놔요! 놓으라니까요! 진짜!!","...! Dad! We’re not done talking! <cha:pop,정다희><wrt:break>Hey, wait... Let go! I said let go of me! No!","‥！！お父さん！話はまだ終わってないでしょ！<cha:pop,정다희><wrt:break>きゃっ！ちょ、ちょっと！‥離して！離してってば！もう！！","‥！！爸爸！我话还没说完呢！<cha:pop,정다희><wrt:break>呀，等，等等！‥放手！我叫你放手！真是的！！","‥！！爸爸！我話還沒說完耶！<cha:pop,정다희><wrt:break>啊！等、等一下！‥放手！我叫你們放手！真是的‥！！","Папа! Мы еще не договорили! <cha:pop,정다희><wrt:break>Эй, стойте! Отпустите меня!","...! Ayah! Kita belum habis bercakap! <cha:pop,정다희><wrt:break>Hei, tunggu... Lepaskan! Lepaskan saya! Tidak!","...!! Bố! Chúng ta vẫn chưa nói xong mà! <cha:pop,정다희><wrt:break>Á, chờ, chờ đã! ...Buông ra! Tôi bảo buông ra mà! Ôi trời!!!","¡...!! ¡Papá! ¡Aún no hemos terminado de hablar! <cha:pop,정다희><wrt:break>¡Ah, es-espera! ¡...Suéltenme! ¡Que me suelten, les digo! ¡¡De verdad!!","...!! Papa! Aku belum selesai berbicara! <cha:pop,정다희><wrt:break>Kyahh, be-bentar! ...Lepaskan aku! Cepat! Arghh!!","...!! พ่อ! เรายังคุยกันไม่จบเลยนะ! <cha:pop,정다희><wrt:break>กรี๊ด ดะ เดี๋ยวก่อน! ...ปล่อยนะ! บอกให้ปล่อยไงเล่า! ให้ตายเถอะ!!","Pai! A gente não terminou de falar! <cha:pop,정다희><wrt:break>Ei, espera! Me solta! Eu disse pra soltar!"
,,,정다희,,1_삐약,shake,,"너무해, 정말. 왜 아빠는... <txt:size,2>아빠는 항상 이런 식이야!</txt:size>","This is so unfair. <txt:size,2>You’re always like this!</txt:size>","こんなのひどいよ。お父さんは‥<txt:size,2>お父さんはいっつもこうなんだから！</txt:size>","太过分了，真的。为什么爸爸总是‥<txt:size,2>爸爸总是这样！</txt:size>","真的太過分了。為什麼爸爸‥<txt:size,2>爸爸每次都這樣！</txt:size>","Это нечестно. Почему ты... <txt:size,2> Почему ты всегда так поступаешь, папа?</txt:size>","Ini sangat tak adil. <txt:size,2>Ayah selalu begini!</txt:size>","Quá đáng thật. Tại sao bố lại... <txt:size,2>Bố lúc nào cũng như vậy!</txt:size>","Eres muy cruel, de verdad. ¿Por qué...? <txt:size,2>¡Papá, siempre eres así!</txt:size>","Keterlaluan sekali. Kenapa papa itu... <txt:size,2>selalu saja seperti ini!</txt:size>","เกินไปแล้วจริงๆ ทำไมพ่อถึง... <txt:size,2>พ่อน่ะทำแบบนี้ตลอดเลย!</txt:size>","Que absurdo... <txt:size,2>por que ele sempre faz isso comigo?</txt:size>"
,,,TAG,,,,,"<eff:black,3>","<eff:black,3>","<eff:black,3>","<eff:black,3>","<eff:black,3>","<eff:black,3>","<eff:black,3>","<eff:black,3>","<eff:black,3>","<eff:black,3>","<eff:black,3>","<eff:black,3>"
,,,TAG,,,,,"<sys:qmap,콜로세움><cha:qpos,정인호,4><cha:qpos,정다희,0><sys:quiet,600>","<sys:qmap,콜로세움><cha:qpos,정인호,4><cha:qpos,정다희,0><sys:quiet,600>","<sys:qmap,콜로세움><cha:qpos,정인호,4><cha:qpos,정다희,0><sys:quiet,600>","<sys:qmap,콜로세움><cha:qpos,정인호,4><cha:qpos,정다희,0><sys:quiet,600>","<sys:qmap,콜로세움><cha:qpos,정인호,4><cha:qpos,정다희,0><sys:quiet,600>","<sys:qmap,콜로세움><cha:qpos,정인호,4><cha:qpos,정다희,0><sys:quiet,600>","<sys:qmap,콜로세움><cha:qpos,정인호,4><cha:qpos,정다희,0><sys:quiet,600>","<sys:qmap,콜로세움><cha:qpos,정인호,4><cha:qpos,정다희,0><sys:quiet,600>","<sys:qmap,콜로세움><cha:qpos,정인호,4><cha:qpos,정다희,0><sys:quiet,600>","<sys:qmap,콜로세움><cha:qpos,정인호,4><cha:qpos,정다희,0><sys:quiet,600>","<sys:qmap,콜로세움><cha:qpos,정인호,4><cha:qpos,정다희,0><sys:quiet,600>","<sys:qmap,콜로세움><cha:qpos,정인호,4><cha:qpos,정다희,0><sys:quiet,600>"
,,,-,,,,,"<txt:bold,3><txt:color,grey>~잠시 뒤, 블랙 라이온즈 선수들이 훈련 중인 콜로세움~</txt:color></txt:bold>","<txt:bold,3><txt:color,grey>Shortly after, the Black Lions players training at the Colosseum</txt:color></txt:bold>","<txt:bold,3><txt:color,grey>～しばらく後、ブラックライオンズの選手たちがトレーニング中のコロッセオ～</txt:color></txt:bold>","<txt:bold,3><txt:color,grey>～片刻之后，黑狮队球员正在竞技场训练～</txt:color></txt:bold>","<txt:bold,3><txt:color,grey>～片刻之後，黑獅隊球員正在競技場訓練～</txt:color></txt:bold>","<txt:bold,3><txt:color,grey>~Спустя некоторое время, Колизей — тренировка игроков «Блэк лайонс»~</txt:color></txt:bold>","<txt:bold,3><txt:color,grey>Tidak lama selepas itu, pemain Black Lions sedang berlatih di Coliseum</txt:color></txt:bold>","<txt:bold,3><txt:color,grey>~Một lúc sau, các tuyển thủ Black Lions đang luyện tập tại đấu trường Colosseum~</txt:color></txt:bold>","<txt:bold,3><txt:color,grey>Un momento después, los jugadores de los Black Lions entrenan en el Coliseo</txt:color></txt:bold>","<txt:bold,3><txt:color,grey>~Sesaat kemudian, para pemain Black Lions sedang berlatih di Colosseum~</txt:color></txt:bold>","<txt:bold,3><txt:color,grey>~สักครู่ต่อมา ผู้เล่นแบล็กไลออนส์กำลังฝึกซ้อมอยู่ที่โคลอสเซียม~</txt:color></txt:bold>","<txt:bold,3><txt:color,grey>#Alguns instantes depois, os jogadores do Black Lions estão treinando no Coliseu</txt:color></txt:bold>"
,,,정다희,,1_경계,,,"...<wrt:wait,30>아무 설명도 안 해주고, 애 취급만 한다 이거지...!!","...<wrt:wait,30>You won’t explain anything! You just treat me like a little kid!","‥<wrt:wait,30>何も説明しないで、いっつも子供扱い‥！！","‥<wrt:wait,30>什么都不解释，就把我当小孩子看‥！！","‥<wrt:wait,30>一個解釋都沒有，就把我當成小孩‥！！","...<wrt:wait,30>Ничего не объясняет и просто держит меня за ребенка!","...<wrt:wait,30>Ayah hanya layan saya seperti budak kecil!","...<wrt:wait,30>Không giải thích gì cả, chỉ coi con như trẻ con thôi sao...!!","...<wrt:wait,30>No me explicas nada y me tratas como a una niña...!!","...<wrt:wait,30>Dia tidak menjelaskan apa-apa, dan hanya memperlakukanku seperti anak bocah...!!","...<wrt:wait,30>ไม่ยอมอธิบายอะไร แล้วก็ทำเหมือนฉันเป็นเด็ก...!!","Aah... <wrt:wait,30>Não explica nada e ainda me trata como se eu fosse criança!"
,,,정다희,,1_삐약,,,"<txt:bold,2><txt:color,orange>시우</txt:color></txt:bold>도 분명 걱정하고 있을 텐데... <wrt:wait,30><txt:shake,1>아아... 정말!!</txt:shake>","<txt:bold,2><txt:color,orange>Siwoo</txt:color></txt:bold> must be worried sick too... <wrt:wait,30><txt:shake,1>Ugh, this is insane!</txt:shake>","<txt:bold,2><txt:color,orange>新</txt:color></txt:bold>もきっと心配してるはず‥<wrt:wait,30><txt:shake,1>ああ‥もう！！</txt:shake>","<txt:bold,2><txt:color,orange>时宇</txt:color></txt:bold>肯定也很担心‥<wrt:wait,30><txt:shake,1>啊啊‥真是的！！</txt:shake>","<txt:bold,2><txt:color,orange>時宇</txt:color></txt:bold>一定也在擔心我‥<wrt:wait,30><txt:shake,1>啊啊‥真是的！！</txt:shake>","<txt:bold,2><txt:color,orange>Шиу</txt:color></txt:bold> ведь тоже переживает... <wrt:wait,30><txt:shake,1>А-а-а, за что мне это?!</txt:shake>","<txt:bold,2><txt:color,orange>Siwoo</txt:color></txt:bold> pasti risau sangat juga... <wrt:wait,30><txt:shake,1>Ugh, ini gila!</txt:shake>","<txt:bold,2><txt:color,orange>Siwoo</txt:color></txt:bold> chắc chắn cũng đang lo lắng... <wrt:wait,30><txt:shake,1>Aaa... thật là!!</txt:shake>","Seguro que <txt:bold,2><txt:color,orange>Siwoo</txt:color></txt:bold> también está preocupado... <wrt:wait,30><txt:shake,1>¡Aaaah... de verdad!!</txt:shake>","<txt:bold,2><txt:color,orange>Siwoo</txt:color></txt:bold> juga pasti sedang mengkhawatirkan diriku... <wrt:wait,30><txt:shake,1>Aduh... Gimana ini!!</txt:shake>","<txt:bold,2><txt:color,orange>ชีอู</txt:color></txt:bold>ก็คงกังวลอยู่แน่เลย... <wrt:wait,30><txt:shake,1>โอ๊ย... ให้ตายเถอะ!!</txt:shake>","O <txt:bold,2><txt:color,orange>Siwoo</txt:color></txt:bold> deve estar preocupado... <wrt:wait,30><txt:shake,1>ah, que saco!</txt:shake>"
,,,유리,,1_기본,wave,,"<sys:bgm,BGM_MEET_YURI,600><cha:pos,정다희,-2><cha:pos,유리,2>야, 꼴통. 너 어디 위험한 데에서 깝치다가 아버지한테 끌려왔다며?","<sys:bgm,BGM_MEET_YURI,600><cha:pos,정다희,-2><cha:pos,유리,2>Hey, blockhead. Heard you got dragged here after stirring up trouble somewhere dangerous?","<sys:bgm,BGM_MEET_YURI,600><cha:pos,정다희,-2><cha:pos,유리,2>おい、バカ。お前、危ない所で暴れてお父さんに連れ戻されたんだって？","<sys:bgm,BGM_MEET_YURI,600><cha:pos,정다희,-2><cha:pos,유리,2>喂，笨蛋。听说你在什么危险的地方胡闹，被你爸抓回来了？","<sys:bgm,BGM_MEET_YURI,600><cha:pos,정다희,-2><cha:pos,유리,2>喂，笨蛋。聽說妳在什麼危險的地方撒野，結果被妳爸抓回來啦？","<sys:bgm,BGM_MEET_YURI,600><cha:pos,정다희,-2><cha:pos,유리,2>Эй, дурында. Говорят, ты залезла в какую-то опасную дыру, и отец тебя оттуда вытащил?","<sys:bgm,BGM_MEET_YURI,600><cha:pos,정다희,-2><cha:pos,유리,2>Hei, kepala batu. Dengar awak kena tarik ke sini sebab buat kecoh di tempat berbahaya?","<sys:bgm,BGM_MEET_YURI,600><cha:pos,정다희,-2><cha:pos,유리,2>Này, đồ đầu đất. Nghe nói cậu gây chuyện ở chỗ nguy hiểm nào đó rồi bị bố lôi về à?","<sys:bgm,BGM_MEET_YURI,600><cha:pos,정다희,-2><cha:pos,유리,2>Oye, cabeza hueca. Dicen que andabas armando lío en un lugar peligroso y que tu papá te trajo a rastras.","<sys:bgm,BGM_MEET_YURI,600><cha:pos,정다희,-2><cha:pos,유리,2>Oi, anak bego. Ku dengar kamu buat masalah di tempat berbahaya lalu di seret ayahmu kesini?","<sys:bgm,BGM_MEET_YURI,600><cha:pos,정다희,-2><cha:pos,유리,2>เฮ้ ยัยบื้อ ได้ยินว่าเธอไปทำตัวซ่าอยู่ในที่อันตราย แล้วโดนพ่อลากกลับมาเหรอ?","<sys:bgm,BGM_MEET_YURI,600><cha:pos,정다희,-2><cha:pos,유리,2>Ei, sua cabeça-dura. Ouvi dizer que você tava se metendo em encrenca e que seu pai te trouxe pra cá."
,,,유리,,1_썩소,,joy,"친구만 남겨두고 왔다던가? 멋진 작전이네. <txt:wave,1>역시 천재 매니저야.</txt:wave>","Left your friend behind and everything? Brilliant plan. <txt:wave,1>Real genius manager move.</txt:wave>","友達だけ残してきたんだってな？たまげた作戦だよ。<txt:wave,1>さすが天才マネージャー。</txt:wave>","听说还把朋友留在那儿了？这战术真漂亮。<txt:wave,1>真不愧是天才经理啊。</txt:wave>","還把朋友丟下了一個人跑回來？不錯的戰術嘛。<txt:wave,1>真不愧是天才經理。</txt:wave>","И друга там одного бросила? Отличный план. <txt:wave,1>Гениальный менеджер, ничего не скажешь.</txt:wave>","Tinggalkan kawan awak pulak tu? Bijaknya merancang. <txt:wave,1>Pengurus genius sangat.</txt:wave>","Nghe nói còn bỏ bạn lại nữa à? Kế hoạch tuyệt vời đấy. <txt:wave,1>Đúng là thiên tài quản lý mà.</txt:wave>","¿Y que dejaste a tu amigo atrás? Qué gran plan. <txt:wave,1>Como se esperaba de una gerente genio.</txt:wave>","Katanya kamu meninggalkan temanmu di sana? Strategi yang bagus sekali. <txt:wave,1>Kamu itu memang manajer genius.</txt:wave>","เห็นว่าทิ้งเพื่อนไว้ด้วยนี่นา? เป็นแผนการที่เยี่ยมเลยนะ <txt:wave,1>สมกับเป็นผู้จัดการอัจฉริยะ</txt:wave>","Ouvi que largou seu amigo pra trás. Uau, que esperta, <txt:wave,1>gerente prodígio</txt:wave>."
,,,정다희,,1_언짢,,,"...저리 가. <wrt:wait,30>널 상대해 줄 기분 아니야.","Go away... <wrt:wait,30>I’m not in the mood to deal with you.","‥あっち行ってよ。<wrt:wait,30>君の相手してる気分じゃないの。","‥走开。<wrt:wait,30>我现在没心情理你。","‥走開。<wrt:wait,30>我現在沒心情理你。","Отстань. <wrt:wait,30>Мне сейчас не до тебя.","Pergi... <wrt:wait,30>Saya tak ada mood nak layan awak.","...Tránh ra đi. <wrt:wait,30>Tôi không có tâm trạng nói chuyện với cậu.","...Vete. <wrt:wait,30>No estoy de humor para lidiar contigo.","...Pergi sana. <wrt:wait,30>Aku lagi tidak mood meladenimu.","...ไปไกลๆ เลยนะ <wrt:wait,30>ฉันไม่มีอารมณ์จะเสวนากับนาย","Sai daqui. <wrt:wait,30>Não tô com paciência pra você."
,,,유리,,1_한숨,wave,,"코치도 고생이지. 안 그래도 바쁜데, 딸의 비위까지 맞춰야 하니까. ",Coach must have it rough. Already busy enough without having to babysit his daughter on top of it.,コーチも大変だよな。忙しいのに、娘のご機嫌まで取らなきゃいけないんだから。,教练也够辛苦的。本来就忙，还得哄女儿开心。,教練也真命苦。明明就已經夠忙了，還得應付妳這大小姐的脾氣。,"Бедный тренер. И так дел по горло, а еще должен нянчиться с дочкой.","Jurulatih mesti susah. Dah cukup sibuk, kena jaga anak perempuannya sekali.",Huấn luyện viên cũng khổ thật. Đã bận rồi mà còn phải dỗ dành cả con gái nữa.,El entrenador también sufre. Ya está bastante ocupado como para tener que aguantar los berrinches de su hija.,"Kasihan juga Coach. Dia sudah cukup sibuk, tapi masih harus menuruti kemauan putrinya.",โค้ชก็เหนื่อยเหมือนกันนะ ยุ่งอยู่แล้วแท้ๆ ยังต้องมาคอยตามใจลูกสาวอีก,"Coitado do treinador, cheio de trabalho e ainda precisa lidar com você."
,,,유리,,1_기본,wave,,"너밖에 없을 걸? <txt:bold,2><txt:color,orange>블랙 라이온즈</txt:color></txt:bold>의 코치를 이렇게까지 쥐고 흔들 수 있는 사람은?","You’re probably the only one, you know? The only person who could give the <txt:bold,2><txt:color,orange>Black Lions’</txt:color></txt:bold> head coach this much grief.","お前くらいじゃないか？<txt:bold,2><txt:color,orange>ブラックライオンズ</txt:color></txt:bold>のコーチをここまで振り回せる人は。","估计也就只有你了？能把<txt:bold,2><txt:color,orange>黑狮队</txt:color></txt:bold>的教练折腾成这样的人？","敢把<txt:bold,2><txt:color,orange>黑獅隊</txt:color></txt:bold>的教練耍得團團轉的人，大概也只有妳了吧？","Пожалуй, только ты можешь так помыкать тренером <txt:bold,2><txt:color,orange>«Блэк лайонс»</txt:color></txt:bold>.","Awak seorang saja, tahu? Hanya awaklah yang boleh buat ketua jurulatih <txt:bold,2><txt:color,orange>Black Lions</txt:color></txt:bold> sakit kepala macam ini.","Chắc chỉ có cậu thôi nhỉ? Người duy nhất có thể xoay huấn luyện viên của <txt:bold,2><txt:color,orange>Black Lions</txt:color></txt:bold> như chong chóng.","¿Probablemente seas la única, no? ¿La única persona capaz de manipular así al entrenador de los <txt:bold,2><txt:color,orange>Black Lions</txt:color></txt:bold>?","Bukankah cuma kamu? Satu-satunya orang yang bisa mengendalikan <txt:bold,2><txt:color,orange>Coach</txt:color></txt:bold> Black Lions sampai segitunya.","คงมีแค่เธอล่ะมั้ง? ที่มีอิทธิพลกับโค้ชของ<txt:bold,2><txt:color,orange>แบล็กไลออนส์</txt:color></txt:bold>ได้ถึงขนาดนี้น่ะ","Só você mesmo pra deixar o treinador do <txt:bold,2><txt:color,orange>Black Lions</txt:color></txt:bold> assim."
,,,유리,,1_기본,wave,,"누가 감히 <txt:bold,2><txt:color,orange>빅토르</txt:color></txt:bold>가 뛰는 팀의 코치한테...","Who else would dare mess with the coach of a team that has <txt:bold,2><txt:color,orange>Victor</txt:color></txt:bold> on it?","誰が<txt:bold,2><txt:color,orange>ビクトル</txt:color></txt:bold>が所属するチームのコーチに‥","谁敢对<txt:bold,2><txt:color,orange>维克托</txt:color></txt:bold>所属队伍的教练‥","竟然敢對<txt:bold,2><txt:color,orange>維克托</txt:color></txt:bold>所屬球隊的教練‥","Кто бы еще осмелился так обращаться с тренером команды, где играет <txt:bold,2><txt:color,orange>Виктор</txt:color></txt:bold>.","Siapa lagi yang berani kacau jurulatih pasukan yang ada <txt:bold,2><txt:color,orange>Victor</txt:color></txt:bold>?","Ai dám làm thế với huấn luyện viên của đội có <txt:bold,2><txt:color,orange>Victor</txt:color></txt:bold> thi đấu chứ...","¿Quién se atrevería a hacerle eso al entrenador del equipo donde juega <txt:bold,2><txt:color,orange>Victor</txt:color></txt:bold>...?","Siapa lagi yang berani berlaku seperti itu pada Coach tim tempat <txt:bold,2><txt:color,orange>Victor</txt:color></txt:bold> bermain...","กล้ากับโค้ชของทีมที่<txt:bold,2><txt:color,orange>วิกเตอร์</txt:color></txt:bold>เล่นอยู่...","Quem ousaria mexer com o treinador do time do <txt:bold,2><txt:color,orange>Victor</txt:color></txt:bold>?"
,,,정다희,,1_외침,,exclam,"야! 안 그래도 머리 복잡한데, <cha:pop,정다희>자꾸 시비 걸래?!","Hey! I’ve got enough on my mind already, <cha:pop,정다희>quit picking a fight!","ちょっと！ただでさえ頭がいっぱいなのに、<cha:pop,정다희>ケンカ売ってんの！？","喂！我本来就心烦，<cha:pop,정다희>你非要找茬是吧？！","喂！我已經夠煩了，<cha:pop,정다희>你一定要一直找碴嗎？！","Эй! У меня и так голова кругом, <cha:pop,정다희>а ты еще докапываешься?!","Hei! Saya dah cukup serabut ni, <cha:pop,정다희>jangan nak cari gaduh!","Này! Tôi đang rối đầu rồi mà <cha:pop,정다희>cậu còn gây sự nữa à?!","¡Oye! Ya tengo la cabeza hecha un lío, <cha:pop,정다희>¡¿vas a seguir provocándome?!","Hei! Aku sudah cukup pusing, <cha:pop,정다희>jangan terus cari gara-gara!","นี่! แค่นี้ฉันก็ปวดหัวจะแย่อยู่แล้ว <cha:pop,정다희>ยังจะมาหาเรื่องกันอีกเหรอ?!","Ei! Minha cabeça já tá um caos, <cha:pop,정다희>vai ficar me provocando?"
,,,유리,,1_기본,,,"시비?<wrt:wait,30> 내가 언제 시비를 걸었다고 그래? ","A fight?<wrt:wait,30> I’m not picking a fight!","ケンカ？<wrt:wait,30>俺がいつそんなことしたって？","找茬？<wrt:wait,30>我什么时候找茬了？","找碴？<wrt:wait,30>我哪有在找妳碴啊？","Докапываюсь?<wrt:wait,30> Когда это я?","Gaduh?<wrt:wait,30> Saya bukan cari gaduh!","Gây sự?<wrt:wait,30> Tôi gây sự khi nào chứ?","¿Provocándote?<wrt:wait,30> ¿Cuándo te he provocado?","Cari gara-gara?<wrt:wait,30> Kapan aku cari gara-gara?","หาเรื่อง?<wrt:wait,30> ฉันไปหาเรื่องเธอเมื่อไหร่กัน?","Provocando? <wrt:wait,30>Quando que eu te provoquei?"
,,,유리,,1_기본,,,"<txt:bold,1>너, 친구 두고 여기에 혼자 온 거 맞잖아.</txt:bold>","<txt:bold,1>You did leave your friend behind and come here alone. That’s a fact.</txt:bold>","<txt:bold,1>お前が友達を置いて、一人でここに来たのは事実だろ。</txt:bold>","<txt:bold,1>把朋友丢下，自己一个人跑到这里来，这不是事实吗。</txt:bold>","<txt:bold,1>妳丟下朋友獨自回來這裡，不是事實嗎？</txt:bold>","<txt:bold,1>Ты ведь правда оставила друга там и вернулась одна.</txt:bold>","<txt:bold,1>Memang awak tinggalkan kawan awak dan datang ke sini seorang diri. Itu fakta.</txt:bold>","<txt:bold,1>Cậu là người bỏ bạn lại rồi một mình đến đây mà.</txt:bold>","<txt:bold,1>Es verdad que viniste aquí sola y dejaste atrás a tu amigo, ¿no?</txt:bold>","<txt:bold,1>Bukankah itu fakta kamu meninggalkan temanmu dan datang sendirian kesini?</txt:bold>","<txt:bold,1>ก็เธอทิ้งเพื่อนแล้วกลับมาที่นี่คนเดียวจริงๆ นี่นา</txt:bold>","<txt:bold,1>É verdade que você largou seu amigo e veio sozinha, né?</txt:bold>"
,,,정다희,,1_경계,,,"...<wrt:wait,30>그건<wrt:wait,30> 아빠가 강제로...! 너 한마디만 더해...! 친구라고 다 넘어가 줄지 알아?","...<wrt:wait,30>That’s...<wrt:wait,30> because of my dad! Say one more word...! Don’t think I’ll go easy on you just because we’re friends!","‥<wrt:wait,30>それは<wrt:wait,30>お父さんが無理やり‥！また言ったらタダじゃおかないから‥！友達だからって、何でも許すと思わないでよ？","‥<wrt:wait,30>那是<wrt:wait,30>我爸硬把我‥！你再说一句试试‥！别以为是朋友我就会一直忍你！","‥<wrt:wait,30>那是<wrt:wait,30>爸爸強行‥！你再說一個字試試看‥！別以為是朋友我就會一直容忍你！","...<wrt:wait,30>Это потому что <wrt:wait,30>отец забрал меня силой! Еще одно слово, и мое терпение закончится!","...<wrt:wait,30>Itu...<wrt:wait,30> sebab ayah saya! Awak buka mulut lagi...! Jangan ingat saya akan berlembut dengan awak hanya kerana kita kawan!","...<wrt:wait,30>Đó là vì<wrt:wait,30> bố tôi ép...! Cậu nói thêm một câu nữa xem...! Cậu nghĩ là bạn bè thì tôi sẽ bỏ qua hết à?","...<wrt:wait,30>¡Eso fue<wrt:wait,30> porque mi papá me obligó...! ¡Di una palabra más...! ¿Crees que te lo dejaré pasar solo porque eres mi amiga?","...<wrt:wait,30>Itu<wrt:wait,30> karena papa memaksaku...! Coba katakan sekali lagi...! Apa kamu kira aku akan membiarkanmu bicara semaunya hanya karena kamu temanku?","...<wrt:wait,30>นั่นมัน<wrt:wait,30>พ่อบังคับฉัน...! นายลองพล่ามมาอีกคำสิ...! คิดว่าเป็นเพื่อนกันแล้วฉันจะยอมปล่อยผ่านตลอดรึไง?","Isso... <wrt:wait,30>foi porque... <wrt:wait,30>meu pai me trouxe à força! Se você abrir a boca mais uma vez, vai ver! Amizade não te dá passe livre!"
,,,유리,,1_한숨,,,"흥, 지금 넘어가 주는 건 우리 팀원들이거든?",Yeah? The only ones cutting you slack are my teammates.,ふん。今許してあげてるのは、うちのチームメンバーだぞ？,哼，现在忍着你的是我们队员好吗？,哼，現在容忍妳的人可是我們隊員耶？,Вообще-то это наши ребята сейчас терпят тебя.,Ya? Yang berlembut dengan awak hanyalah rakan sepasukan saya.,"Hừ, người đang bỏ qua cho cậu chính là các thành viên trong đội đấy.","Hmph, los que te lo están dejando pasar ahora mismo son mis compañeros de equipo, ¿sabes?","Hmph, yang sedang membiarkanmu semaunya sekarang justru anggota tim kita.",เฮอะ คนที่ยอมปล่อยผ่านตอนนี้คือสมาชิกทีมของเราต่างหาก,"Humph, quem tá te deixando escapar dessa são os companheiros da equipe."
,,,유리,,1_기본,,,"너야말로 팀 훈련을 도울 거면 제대로 돕고, 아니면 아예 손 떼.","If you’re going to help with training, then actually help. Otherwise, stay out of it.",お前こそチームの練習を手伝うなら、ちゃんと手伝えよ。じゃなきゃ、手を引くんだな。,你才是，要帮忙训练就好好帮，不然就干脆什么都别管。,妳要是想幫忙訓練就認真點，不然就乾脆別插手。,Нормально помогай команде или вообще не вмешивайся.,"Kalau nak bantu dengan latihan, bantulah betul-betul. Kalau tak, jangan masuk campur.","Nếu cậu định giúp huấn luyện đội thì giúp cho đàng hoàng, còn không thì dẹp luôn đi.","Si vas a ayudar con el entrenamiento del equipo, hazlo bien, o simplemente déjalo.",Kamu disini untuk bantu atau tidak? Jangan setengah-setengah.,เธอน่ะ ถ้าจะช่วยฝึกซ้อมทีมก็ช่วยให้มันจริงจังหน่อย ไม่งั้นก็เลิกยุ่งไปซะ,"Ou você ajuda de verdade no treino, ou sai do caminho."
,,,유리,,1_불만,,,"다들 <txt:bold,2>콜로세움</txt:bold> 팀이랑 친선 경기 준비하느라 바쁜 거 안 보여? 쯧.","Can’t you see everyone’s busy prepping for the exhibition match against the <txt:bold,2>Colosseum</txt:bold> team? Tch.","みんな<txt:bold,2>コロッセオ</txt:bold>チームとの親善試合の準備で忙しいのが分からないのか？ちっ。","没看见大家都在忙着准备和<txt:bold,2>竞技场</txt:bold>队伍的友谊赛吗？啧。","沒看到大家正忙著準備跟<txt:bold,2>競技場</txt:bold>隊伍的友誼賽嗎？嘖。","Мы все готовимся к товарищескому матчу с <txt:bold,2>Колизеем</txt:bold>.","Tak nampakkah semua orang sibuk bersiap untuk perlawanan pameran menentang pasukan <txt:bold,2>Colosseum</txt:bold>? Tch.","Không thấy mọi người đang bận chuẩn bị trận giao hữu với đội <txt:bold,2>Đấu Trường</txt:bold> à? Chậc.","¿No ves que todos están ocupados preparándose para el partido amistoso contra el equipo del <txt:bold,2>Coliseo</txt:bold>? Tsk.","Tidak lihat semua orang sibuk mempersiapkan pertandingan persahabatan dengan tim <txt:bold,2>Colosseum</txt:bold>? Cih.","ไม่เห็นรึไงว่าทุกคนกำลังยุ่งกับการเตรียมแข่งแมตช์กระชับมิตรกับทีม<txt:bold,2>โคลอสเซียม</txt:bold>น่ะ? ชิ","Não tá vendo que todo mundo tá ocupado com o amistoso contra o time do <txt:bold,2>Coliseu</txt:bold>? Tsc!"
,,,정다희,,1_경계,,,"<txt:shake,1>...이익.</txt:shake>","<txt:shake,1>Grrr...</txt:shake>","<txt:shake,1>‥ううっ。</txt:shake>","<txt:shake,1>‥呃。</txt:shake>","<txt:shake,1>‥唔。</txt:shake>","<txt:shake,1>...Хмык.</txt:shake>","<txt:shake,1>Grrr...</txt:shake>","<txt:shake,1>...Ư...</txt:shake>","<txt:shake,1>...Grr.</txt:shake>","<txt:shake,1>...Urgh.</txt:shake>","<txt:shake,1>...อึก</txt:shake>","<txt:shake,1>Urgh...</txt:shake>"
,,,유리,,1_기본,,,"끙끙거릴 시간이 어디 있냐? <txt:bold,1>해야 하는 일이 있으면 무슨 수를 써서라도 해내.</txt:bold>","There’s no time to sit around moping. <txt:bold,1>If something needs to be done, you get it done, whatever it takes.</txt:bold>","うだうだしてる暇なんかないだろ？<txt:bold,1>やらなきゃいけないことがあるなら、何としてでもやりぬくんだな。</txt:bold>","你哪有时间在这儿唉声叹气？<txt:bold,1>如果有必须要做的事，就想尽一切办法去完成。</txt:bold>","哪有時間在那邊垂頭喪氣？<txt:bold,1>有該做的事，無論如何都得想辦法達成。</txt:bold>","Хватит ныть. <txt:bold,1>Если есть цель — добивайся ее любыми способами.</txt:bold>","Tak ada masa untuk duduk termenung. <txt:bold,1>Kalau ada sesuatu untuk dilakukan, buatlah walau apa.</txt:bold>","Cậu còn thời gian để than vãn à? <txt:bold,1>Nếu có việc phải làm thì dùng mọi cách cũng phải làm cho xong.</txt:bold>","¿Qué tiempo tienes para andar quejándote? <txt:bold,1>Si tienes algo que hacer, hazlo sin importar lo que cueste.</txt:bold>","Tidak ada waktu untuk merajuk. <txt:bold,1>Kalau ada hal yang harus kamu lakukan, selesaikan bagaimanapun caranya.</txt:bold>","มีเวลามาคร่ำครวญที่ไหนกัน? <txt:bold,1>ถ้ามีสิ่งที่ต้องทำ ก็ต้องทำให้สำเร็จไม่ว่าจะด้วยวิธีไหนก็ตาม</txt:bold>","Não tem tempo pra ficar choramingando. <txt:bold,1>Se tem algo que precisa ser feito, faça a qualquer custo.</txt:bold>"
,,,유리,,1_기본,,,그게 아니면 얌전히 굴어. 남한테 민폐 끼치지 말고. 꼴통.,"If you can’t, then behave. Stop being a pain for everyone else. Blockhead.",そうじゃないなら大人しくしてろよ。周りに迷惑かけんな、このバカ。,不然就老实待着。别给别人添麻烦。笨蛋。,不然就乖乖待著，別給別人添麻煩。笨蛋。,"А если нет, то веди себя спокойно и не мешай другим. Дурында.","Kalau tak boleh, jagalah perangai. Jangan jadi beban untuk orang lain. Kepala batu.","Không thì ngoan ngoãn lại đi. Đừng gây phiền cho người khác nữa, đồ đầu đất.","Si no, pórtate bien. Y no molestes a los demás. Cabeza hueca.","Kalau tidak, lebih baik diam saja seperti anak baik. Jangan merepotkan orang lain, anak bego.",ไม่งั้นก็อยู่แบบเจียมตัวไปซะ อย่ามาสร้างความเดือดร้อนให้คนอื่น ยัยบื้อ,"Senão, fica quieta e para de atrapalhar os outros, sua cabeça-dura."
,,,정다희,,1_언짢,,silent,"<wrt:delay,12>...<wrt:wait,30>무슨 수를 써서라도. </wrt:delay><wrt:break><wrt:wait,30>그래, 그 말이 맞아.","<wrt:delay,12>...<wrt:wait,30>Whatever it takes. </wrt:delay><wrt:break><wrt:wait,30>Yeah, you’re right about that.","<wrt:delay,12>‥<wrt:wait,30>何としてでも、か。</wrt:delay><wrt:break><wrt:wait,30>うん、その通りだね。","<wrt:delay,12>‥<wrt:wait,30>想尽一切办法。</wrt:delay><wrt:break><wrt:wait,30>对，你说得对。","<wrt:delay,12>‥<wrt:wait,30>無論如何。 </wrt:delay><wrt:break><wrt:wait,30>對，你說得沒錯。","<wrt:delay,12>...<wrt:wait,30>Любыми способами. </wrt:delay><wrt:break><wrt:wait,30>Хорошо сказано.","<wrt:delay,12>...<wrt:wait,30>Walau apa. </wrt:delay><wrt:break><wrt:wait,30>Ya, awak betul.","<wrt:delay,12>...<wrt:wait,30>Dùng mọi cách. </wrt:delay><wrt:break><wrt:wait,30>Đúng, câu đó đúng.","<wrt:delay,12>...<wrt:wait,30>Sin importar lo que cueste. </wrt:delay><wrt:break><wrt:wait,30>Sí, tienes razón.","<wrt:delay,12>...<wrt:wait,30>Bagaimanapun caranya. </wrt:delay><wrt:break><wrt:wait,30>Ya, benar katamu.","<wrt:delay,12>...<wrt:wait,30>ไม่ว่าจะด้วยวิธีไหนก็ตาม </wrt:delay><wrt:break><wrt:wait,30>ใช่แล้ว นายพูดถูก","<wrt:delay,12>Hum... <wrt:wait,30>Fazer a qualquer custo... </wrt:delay><wrt:break><wrt:wait,30>É, você tem razão."
,,,정다희,,1_쿨쿨,,,웬일로 네 말이 다 도움이 되네.,"Wow, never thought I’d hear something useful from you.",君にしては良いこと言うじゃん。,难得你说的话还挺有用的。,難得你說的話也有派上用場的時候。,"Удивительно, но сегодня ты сказал что-то полезное.","Wah, tak sangka saya dengar cakap yang berguna dari awak.",Hiếm khi lời cậu nói lại có ích đấy.,Por una vez tus palabras son de ayuda.,Tumben sekali kamu mengatakan hal yang membantu.,แปลกแฮะ คำพูดของนายเป็นประโยชน์ทั้งหมดเลย,"Que milagre, você falou algo útil."
,,,정다희,,2_헤헤,,,"꽤 도움이 됐어, <sys:sfx,샤라랑><txt:bold,2>2군</txt:bold>!","That actually helped, <sys:sfx,샤라랑><txt:bold,2>bench warmer</txt:bold>!","おかげで元気出たよ、<sys:sfx,샤라랑><txt:bold,2>2軍</txt:bold>！","帮大忙了，<sys:sfx,샤라랑><txt:bold,2>二队</txt:bold>！","倒是幫上忙了嘛，<sys:sfx,샤라랑><txt:bold,2>二軍</txt:bold>！","Спасибо за совет, <sys:sfx,샤라랑><txt:bold,2>запасной</txt:bold>!","Nasihat yang baik, <sys:sfx,샤라랑><txt:bold,2>pemanas bangku</txt:bold>!","Khá hữu ích đấy, đồ <sys:sfx,샤라랑><txt:bold,2>dự bị</txt:bold>!","Fueron de bastante ayuda, ¡<sys:sfx,샤라랑><txt:bold,2>Reserva</txt:bold>!","Kamu telah membantuku, <sys:sfx,샤라랑><txt:bold,2>pemain cadangan</txt:bold>!","ช่วยได้มากเชียวล่ะ <sys:sfx,샤라랑><txt:bold,2>ทีมสำรอง</txt:bold>!","Obrigada, <sys:sfx,샤라랑><txt:bold,2>garota reserva</txt:bold>!"
,,,유리,,1_기본,,silent,"...<wrt:wait,30>어라?<wrt:wait,30> 내가 얘기하지 않았나? <txt:bold,1>그렇게 부르지 말라고.</txt:bold>","...<wrt:wait,30>What? <wrt:wait,30><txt:bold,1>Stop calling me that.</txt:bold> I’ve told you before.","‥<wrt:wait,30>あれ？<wrt:wait,30>言ってなかったか？<txt:bold,1>そう呼ぶなって。</txt:bold>","‥<wrt:wait,30>哦？<wrt:wait,30>我没说过吗？<txt:bold,1>别那么叫我。</txt:bold>","‥<wrt:wait,30>咦？<wrt:wait,30>我不是說過了嗎？<txt:bold,1>別那樣叫我。</txt:bold>","...<wrt:wait,30>Эй! <wrt:wait,30>Я же попросил?<txt:bold,1>Не называй меня так!</txt:bold>","...<wrt:wait,30>Apa? <wrt:wait,30><txt:bold,1>Jangan panggil saya begitu.</txt:bold> Saya dah cakap.","...<wrt:wait,30>Hả?<wrt:wait,30> Tôi chưa nói à? <txt:bold,1>Đừng gọi tôi như thế.</txt:bold>","...<wrt:wait,30>¿Eh?<wrt:wait,30> ¿No te lo he dicho ya? <txt:bold,1>Que no me llames así.</txt:bold>","...<wrt:wait,30>Ehh?<wrt:wait,30> Bukankah sudah kubilang? <txt:bold,1>Jangan panggil aku begitu.</txt:bold>","...<wrt:wait,30>โอ๊ะ?<wrt:wait,30> ฉันเคยบอกแล้วไม่ใช่รึไง? <txt:bold,1>ว่าอย่าเรียกแบบนั้น</txt:bold>","<wrt:wait,30>Ei! <wrt:wait,30>Já não te falei? <txt:bold,1>Para de me chamar assim!</txt:bold>"
,,,유리,,1_불만,,,네 머리로도 이해하기 쉽게 또박또박 다시 말해 줄까?,"Want me to say it again, nice and slow?",お前の頭でも分かるように、もう一回はっきり言ってやろうか？,需要我一字一句再说一遍，好让你这脑子也能听懂吗？,要我再一字一句說清楚，好讓妳那腦袋能理解嗎？,"Хочешь, повторю медленно, чтобы даже ты поняла?","Nak saya cakap lagi, perlahan-lahan?",Có cần tôi nói lại thật rõ để cái đầu cậu hiểu không?,¿Quieres que te lo repita lentamente para que hasta tu cerebro pueda entenderlo?,Perlu kujelaskan lagi pelan-pelan supaya otakmu bisa paham?,อยากให้ฉันพูดชัดๆ อีกรอบให้สมองของเธอเข้าใจได้ง่ายๆ ไหม?,Quer que eu fale palavra por palavra pra ver se entende?
,,,정다희,,2_어머,,,"흥, <txt:bold,2>2군</txt:bold>을 <txt:bold,2>2군</txt:bold>이라고 부르는데, 뭐가 문젠데?","Hmph, what’s wrong with calling a <txt:bold,2>bench warmer</txt:bold> a <txt:bold,2>bench warmer</txt:bold>?","ふん、<txt:bold,2>2軍</txt:bold>を<txt:bold,2>2軍</txt:bold>って呼んで何が悪いの？","哼，<txt:bold,2>二队</txt:bold>就是<txt:bold,2>二队</txt:bold>，这么叫有什么问题？","哼，叫<txt:bold,2>二軍</txt:bold><txt:bold,2>二軍</txt:bold>，是有什麼問題嗎？","А что не так, <txt:bold,2>запасной</txt:bold>? Ты же из <txt:bold,2>запасного</txt:bold> состава команды.","Hmph, apa salahnya panggil <txt:bold,2>pemanas bangku</txt:bold> sebagai <txt:bold,2>pemanas bangku</txt:bold>?","Hừ, gọi cầu thủ <txt:bold,2>dự bị</txt:bold> là <txt:bold,2>dự bị</txt:bold> thì có vấn đề gì chứ?","Hmph, le digo <txt:bold,2>reserva</txt:bold> a una <txt:bold,2>reserva</txt:bold>, ¿cuál es el problema?","Hmph, aku hanya panggil <txt:bold,2>anak cadangan</txt:bold> sebagai <txt:bold,2>anak cadangan</txt:bold>. apa masalahnya?","เฮอะ เรียก<txt:bold,2>ทีมสำรอง</txt:bold>ว่า<txt:bold,2>ทีมสำรอง</txt:bold> มันมีปัญหาตรงไหนกัน?","Ué, qual o problema de chamar <txt:bold,2>reserva</txt:bold> de <txt:bold,2>reserva</txt:bold>?"
,,,유리,,1_썩소,,,"지금<wrt:wait,30> 싸움 거는 거지?<wrt:wait,30> 좋아, 받아줄게.","You’re<wrt:wait,30> picking a fight now, right?<wrt:wait,30> Fine. Bring it.","<wrt:wait,30>やろうってのか？<wrt:wait,30>いいぜ、受けて立つぞ。","你现在<wrt:wait,30>是在挑衅吧？<wrt:wait,30>好，我奉陪。","妳現在<wrt:wait,30>是在挑釁我吧？<wrt:wait,30>好啊，我奉陪。","Ты сейчас <wrt:wait,30>нарываешься? <wrt:wait,30>Давай, вперед.","Awak<wrt:wait,30> cari gaduh sekarang, kan?<wrt:wait,30> Baiklah. Mari.","Cậu đang<wrt:wait,30> gây chiến đúng không?<wrt:wait,30> Được thôi.","Me estás<wrt:wait,30> buscando pelea, ¿verdad?<wrt:wait,30> Bien, acepto.","Jadi <wrt:wait,30>kamu mau cari ribut?<wrt:wait,30> Baiklah, aku siap.","ตอนนี้เธอ<wrt:wait,30>ท้าฉันอยู่สินะ?<wrt:wait,30> ก็ได้ ฉันจะตอบรับ","Ah, então <wrt:wait,30>você quer briga<wrt:wait,30>? Beleza, eu topo."
,,,정다희,,1_기본,,,바라던 바야. 마침 연습 경기할 차례였지?,Gladly. Wasn’t it time for a practice match anyway?,望むところよ。ちょうど練習試合だったよね？,正合我意。正好轮到打练习赛了吧？,正合我意。剛好輪到練習賽了吧？,"Сейчас как раз очередь тренировочного матча, да?",Boleh. Bukankah sudah tiba masanya untuk perlawanan latihan?,Đúng ý tôi đấy. Vừa lúc đến lượt đấu tập rồi nhỉ?,"Es justo lo que quería. Es tu turno de jugar el partido de práctica, ¿no?","Seperti yang aku harapkan. Kebetulan sekarang waktunya untuk pertandingan latihan, kan?",ฉันรออยู่เลยล่ะ ถึงเวลาแข่งแมตช์ฝึกซ้อมพอดีด้วยใช่ไหม?,"Ótimo, era o que eu queria. Enfim, tá na hora do treino, né?"
,,,정다희,,1_기본,,,"나, 네 상대편 팀을 도울게.",I’ll coach the team playing against yours.,私、あなたの相手チームをサポートするからね。,我会去帮你的对家。,我要去幫你的對手那一隊。,"Я помогу команде, которая играет против тебя.",Saya akan melatih pasukan yang menentang pasukan awak.,Tôi sẽ giúp đội đối thủ của cậu.,Yo voy a ayudar a tu equipo rival.,Aku akan bantu tim lawanmu.,ฉันจะช่วยทีมฝ่ายตรงข้ามของนายเอง,Vou ficar no time adversário.
,,,정다희,,1_웃음,,,그간 얼마나 늘었는지 봐 보자?,"Let’s see how much you’ve improved, shall we?",どれだけ腕を上げたか、お手並み拝見させてもらうよ。,不如让我看看你这段时间成长了多少？,讓我看看你這段時間進步了多少吧？,"Посмотрим, насколько ты за это время вырос.","Mari kita lihat sejauh mana prestasi awak, boleh?",Xem thử cậu tiến bộ đến đâu rồi.,¿Veamos cuánto has mejorado todo este tiempo?,Coba ku lihat seberapa banyak kamu sudah berkembang.,มาดูกันซิว่าที่ผ่านมาฝีมือพัฒนาขึ้นขนาดไหน,Vamos ver o quanto você evoluiu!
,,,유리,,1_썩소,,,똥통 고등학교 매니저가 한 마디 한다고 경기가 달라지지 않거든요~,Pfft. Some no-name high school manager running her mouth isn’t gonna change anything.,ボロ高校のマネージャーが助言したところで、試合の結果は変わりませんよ～だ。,就算是不入流高中的经理多唠叨两句，比赛结果也不会有什么改变的～,放牛高中的經理多嘴兩句，是不會改變比賽結果的好嗎～,От подсказок менеджера из какой-то помойной школы игра не изменится.,Pfft. Pengurus sekolah menengah yang tak dikenali bercakap besar takkan mengubah apa-apa.,Trận đấu sẽ không thay đổi chỉ vì quản lý của cái trường rách lên tiếng đâu.,Que la gerente de una preparatoria de pacotilla diga algo no va a cambiar el partido.,"Hanya karena manajer dari SMA sampah bicara sekata, itu tidak akan mengubah hasil pertandingan~",คำพูดของผู้จัดการโรงเรียนมัธยมปลายกากๆ ไม่ได้ทำให้ผลการแข่งขันเปลี่ยนไปหรอกนะครับ~,"Uma gerente de escola de quinta falando não muda nada no jogo, ok?"
,,,정다희,,1_기본,,,"헷, 그건 곧 알게 되겠지.",Heh. You’ll find out soon enough.,ふっ、やればすぐ分かるよ。,呵，待会儿你就知道了。,嘿，那待會就知道了。,Посмотрим.,Heh. Awak akan tahu tidak lama lagi.,"Ha, rồi cậu sẽ sớm biết thôi.","Je, pronto lo sabrás.","Heh, itu akan bisa kita lihat nanti.",เรื่องนั้นเดี๋ยวก็ได้รู้,"Haha, vamos descobrir isso logo."
,경기 승리,#,MAP,,,,,콜로세움,콜로세움,콜로세움,콜로세움,콜로세움,콜로세움,콜로세움,콜로세움,콜로세움,콜로세움,콜로세움,콜로세움
,,#,BGM,,,,,,,,,,,,,,,,
,,#,유리,2,1_불만,,,,,,,,,,,,,,
,,#,정다희,-2,1_언짢,,,,,,,,,,,,,,
,,,정다희,,1_언짢,,,"휴, 조금 정신이 드는 것 같아.","Phew, I feel a little more clearheaded now.",ふう、ちょっと落ち着いた気がする。,呼，感觉清醒点了。,呼，感覺清醒了一點。,Фух... Голова немного прояснилась.,"Fuh, saya rasa lebih tenang sedikit sekarang.","Phù, hình như tỉnh táo lại một chút rồi.","Uf, creo que he recuperado un poco el sentido.","Huff, rasanya aku sudah sedikit lebih tenang.",ฮู้ว เหมือนจะได้สติขึ้นมาหน่อยแล้ว,Ufa... acho que consegui me acalmar.
,,,정다희,,1_언짢,pause,,"<txt:bold,2><txt:color,orange>유리</txt:color></txt:bold> 말이 맞아. 풀 죽어 있을 때가 아니야.","<txt:bold,2><txt:color,orange>Yuri</txt:color></txt:bold> was right. Moping around isn’t going to help.","<txt:bold,2><txt:color,orange>ユーリ</txt:color></txt:bold>の言う通りだ。落ち込んでる場合じゃない。","<txt:bold,2><txt:color,orange>尤里</txt:color></txt:bold>说得对。现在不是垂头丧气的时候。","<txt:bold,2><txt:color,orange>尤里</txt:color></txt:bold>說得對。現在不是灰心喪氣的時候。","<txt:bold,2><txt:color,orange>Юрий</txt:color></txt:bold> прав. Сейчас не время раскисать.","Betul cakap <txt:bold,2><txt:color,orange>Yuri</txt:color></txt:bold>. Bukan masanya untuk patah semangat.","<txt:bold,2><txt:color,orange>Yuri</txt:color></txt:bold> nói đúng. Đây không phải lúc để chán nản.","<txt:bold,2><txt:color,orange>Yuri</txt:color></txt:bold> tiene razón. No es momento de estar deprimida.","Benar kata <txt:bold,2><txt:color,orange>Yuri</txt:color></txt:bold>. Ini bukan saatnya murung.","<txt:bold,2><txt:color,orange>ยูริ</txt:color></txt:bold>พูดถูก นี่ไม่ใช่เวลาจะมาหมดกำลังใจสักหน่อย","A <txt:bold,2><txt:color,orange>Yuri</txt:color></txt:bold> está certa. Não posso ficar para baixo."
,,,정다희,,1_기본,nervous,,"어떻게든 <txt:bold,2><txt:color,orange>시우</txt:color></txt:bold>를 돕는 게 먼저지.","Finding a way to help <txt:bold,2><txt:color,orange>Siwoo</txt:color></txt:bold>, that comes first.","何が何でも<txt:bold,2><txt:color,orange>新</txt:color></txt:bold>を助けるのが先だよ。","想办法帮助<txt:bold,2><txt:color,orange>时宇</txt:color></txt:bold>才是首要任务。","想辦法幫助<txt:bold,2><txt:color,orange>時宇</txt:color></txt:bold>才是首要任務。","Сначала нужно найти способ помочь <txt:bold,2><txt:color,orange>Шиу</txt:color></txt:bold>.","Yang penting, mencari cara untuk membantu <txt:bold,2><txt:color,orange>Siwoo</txt:color></txt:bold>.","Trước hết phải tìm cách giúp <txt:bold,2><txt:color,orange>Siwoo</txt:color></txt:bold> đã.","Lo primero es ayudar a <txt:bold,2><txt:color,orange>Siwoo</txt:color></txt:bold> como sea.","Yang terpenting saat ini adalah untuk membantu <txt:bold,2><txt:color,orange>Siwoo</txt:color></txt:bold>.","ยังไงการช่วย<txt:bold,2><txt:color,orange>ชีอู</txt:color></txt:bold>ก็ต้องมาก่อน","A prioridade é ajudar o <txt:bold,2><txt:color,orange>Siwoo</txt:color></txt:bold>, custe o que custar."
,,,정다희,,1_기본,nervous,,그럼... 먼저 핸드폰부터 되찾아야 하는데...,So... I need to get my phone back...,さて‥まずはスマホを取り戻さないと‥,那么‥首先得把手机拿回来才行‥,那‥首先得把手機拿回來才行‥,Тогда... Сперва надо как-то вернуть свой телефон.,Jadi... Saya perlu dapatkan semula telefon saya...,Vậy thì... trước hết phải lấy lại điện thoại...,Entonces... primero tengo que recuperar mi celular...,Kalau begitu... Pertama-tama aku harus mencari kembali HP-ku...,ถ้างั้น... อย่างแรกก็ต้องเอามือถือกลับมาก่อนเลย...,Então... primeiro preciso pegar meu celular de volta...
,,,TAG,,,,,"<eff:black,3>","<eff:black,3>","<eff:black,3>","<eff:black,3>","<eff:black,3>","<eff:black,3>","<eff:black,3>","<eff:black,3>","<eff:black,3>","<eff:black,3>","<eff:black,3>","<eff:black,3>"
,,,TAG,,,,,"<sys:qmap,콜로세움_밤><cha:qpos,유리,4><cha:qpos,정다희,0>","<sys:qmap,콜로세움_밤><cha:qpos,유리,4><cha:qpos,정다희,0>","<sys:qmap,콜로세움_밤><cha:qpos,유리,4><cha:qpos,정다희,0>","<sys:qmap,콜로세움_밤><cha:qpos,유리,4><cha:qpos,정다희,0>","<sys:qmap,콜로세움_밤><cha:qpos,유리,4><cha:qpos,정다희,0>","<sys:qmap,콜로세움_밤><cha:qpos,유리,4><cha:qpos,정다희,0>","<sys:qmap,콜로세움_밤><cha:qpos,유리,4><cha:qpos,정다희,0>","<sys:qmap,콜로세움_밤><cha:qpos,유리,4><cha:qpos,정다희,0>","<sys:qmap,콜로세움_밤><cha:qpos,유리,4><cha:qpos,정다희,0>","<sys:qmap,콜로세움_밤><cha:qpos,유리,4><cha:qpos,정다희,0>","<sys:qmap,콜로세움_밤><cha:qpos,유리,4><cha:qpos,정다희,0>","<sys:qmap,콜로세움_밤><cha:qpos,유리,4><cha:qpos,정다희,0>"
,,,TAG,,,,,"<sys:bgm,BGM_INTO_THE_UNDERGROUND,600>","<sys:bgm,BGM_INTO_THE_UNDERGROUND,600>","<sys:bgm,BGM_INTO_THE_UNDERGROUND,600>","<sys:bgm,BGM_INTO_THE_UNDERGROUND,600>","<sys:bgm,BGM_INTO_THE_UNDERGROUND,600>","<sys:bgm,BGM_INTO_THE_UNDERGROUND,600>","<sys:bgm,BGM_INTO_THE_UNDERGROUND,600>","<sys:bgm,BGM_INTO_THE_UNDERGROUND,600>","<sys:bgm,BGM_INTO_THE_UNDERGROUND,600>","<sys:bgm,BGM_INTO_THE_UNDERGROUND,600>","<sys:bgm,BGM_INTO_THE_UNDERGROUND,600>","<sys:bgm,BGM_INTO_THE_UNDERGROUND,600>"
,,,-,,,,,"<txt:bold,3><txt:color,grey>~밤, 정인호 코치의 사무실~</txt:color></txt:bold>","<txt:bold,3><txt:color,grey>Night, Coach Inho Jung’s office</txt:color></txt:bold>","<txt:bold,3><txt:color,grey>～夜、飛鳥隼人コーチの事務室～</txt:color></txt:bold>","<txt:bold,3><txt:color,grey>～夜晚，郑仁浩教练的办公室～</txt:color></txt:bold>","<txt:bold,3><txt:color,grey>～深夜，鄭仁浩教練的辦公室～</txt:color></txt:bold>","<txt:bold,3><txt:color,grey>Ночь. Кабинет тренера Чон Инхо</txt:color></txt:bold>","<txt:bold,3><txt:color,grey>Malam, Pejabat Jurulatih Inho Jung</txt:color></txt:bold>","<txt:bold,3><txt:color,grey>~ Ban đêm ở văn phòng huấn luyện viên Jeong Inho</txt:color></txt:bold>","<txt:bold,3><txt:color,grey>Noche, Oficina del entrenador Inho Jeong</txt:color></txt:bold>","<txt:bold,3><txt:color,grey>~Malam hari, di kantor Coach Inho Jung~</txt:color></txt:bold>","<txt:bold,3><txt:color,grey>~กลางคืน, ห้องทำงานของโค้ชจองอินโฮ~</txt:color></txt:bold>","<txt:bold,3><txt:color,grey>À noite... #Escritório do Treinador Inho Jung</txt:color></txt:bold>"
,,,정다희,,4_경계,,,"<txt:shake,1>으으...<wrt:wait,30> 무서워.</txt:shake>","<txt:shake,1>Nnngh...<wrt:wait,30> This is scary.</txt:shake>","<txt:shake,1>うう‥<wrt:wait,30>怖い。</txt:shake>","<txt:shake,1>呃‥<wrt:wait,30>好可怕。</txt:shake>","<txt:shake,1>嗚嗚‥<wrt:wait,30>好可怕。</txt:shake>","<txt:shake,1>Брр...<wrt:wait,30> Страшно.</txt:shake>","<txt:shake,1>Nnngh...<wrt:wait,30> Seram lah.</txt:shake>","<txt:shake,1>Ư...<wrt:wait,30> sợ thật.</txt:shake>","<txt:shake,1>Ugh...<wrt:wait,30> qué miedo.</txt:shake>","<txt:shake,1>Ergghh...<wrt:wait,30> Aku takut.</txt:shake>","<txt:shake,1>ฮื่อ...<wrt:wait,30> น่ากลัวจัง</txt:shake>","<txt:shake,1>Ugh... <wrt:wait,30>que medo...</txt:shake>"
,,,정다희,,4_경계,,,아빠가 오기 전에 얼른 찾아야 하는데.,I need to find it before Dad gets back.,お父さんが来る前に早く見つけなくちゃ。,得在爸爸回来之前赶紧找到。,必須在爸爸回來前趕快找到才行。,"Пока папа не пришел, надо найти телефон.",Saya perlu cari sebelum Ayah pulang.,Phải tìm nhanh trước khi bố quay lại.,Tengo que encontrarlo rápido antes de que venga papá.,Aku harus cepat menemukannya sebelum papa datang.,ต้องรีบหาให้เจอก่อนพ่อมา,Tenho que achar logo antes que o papai volte.
,,,정다희,,1_언짢,,,분명히 사무실 어딘가에 숨겨 뒀을 것 같은데...,He definitely hid it somewhere in here...,きっと事務室のどこかに隠してあるはずなんだけど‥,肯定藏在了办公室的某个地方‥,我猜一定被藏在辦公室的某個角落‥,Наверняка он где-то здесь...,Dia pasti menyimpannya di sini...,Chắc chắn ông ấy giấu ở đâu đó trong văn phòng...,Seguro que lo escondió en algún lugar de la oficina...,Pasti disembunyikan di suatu tempat di kantor ini..,ฉันแน่ใจว่าน่าจะซ่อนไว้ที่ไหนสักแห่งในห้องทำงาน...,Ele deve ter escondido em algum lugar aqui...
,,,정다희,,1_언짢,,,갑자기 누가 들어오는 거 아니겠지?,No one’s going to walk in... right?,急に誰か入ってきたりしないよね？,不会突然有人进来吧？,該不會突然有人進來吧？,Только бы никто внезапно не вошел.,Tiada siapa yang akan masuk... kan?,Chắc không ai đột nhiên đi vào đâu nhỉ?,"Espero que no entre nadie de repente, ¿verdad?",Semoga saja tidak ada orang yang tiba-tiba datang.,หวังว่าจะไม่มีใครโผล่เข้ามากะทันหันนะ,Espero que ninguém apareça de surpresa...
,,,정다희,,1_웃음,,,"...<wrt:wait,30><cha:pop,정다희><txt:bold,1><txt:size,2>찾았다!</txt:size></txt:bold>","...<wrt:wait,30><cha:pop,정다희><txt:bold,1><txt:size,2>Found it!</txt:size></txt:bold>","‥<wrt:wait,30><cha:pop,정다희><txt:bold,1><txt:size,2>あった！</txt:size></txt:bold>","‥<wrt:wait,30><cha:pop,정다희><txt:bold,1><txt:size,2>找到了！</txt:size></txt:bold>","‥<wrt:wait,30><cha:pop,정다희><txt:bold,1><txt:size,2>找到了！</txt:size></txt:bold>","...<wrt:wait,30><cha:pop,정다희><txt:bold,1><txt:size,2>Нашла!</txt:size></txt:bold>","...<wrt:wait,30><cha:pop,정다희><txt:bold,1><txt:size,2>Jumpa!</txt:size></txt:bold>","...<wrt:wait,30><cha:pop,정다희><txt:bold,1><txt:size,2>Tìm thấy rồi!</txt:size></txt:bold>","...<wrt:wait,30><cha:pop,정다희><txt:bold,1><txt:size,2>¡Lo encontré!</txt:size></txt:bold>","...<wrt:wait,30><cha:pop,정다희><txt:bold,1><txt:size,2>Ini dia!</txt:size></txt:bold>","...<wrt:wait,30><cha:pop,정다희><txt:bold,1><txt:size,2>เจอแล้ว!</txt:size></txt:bold>","Hum... <wrt:wait,30><cha:pop,정다희><txt:bold,1><txt:size,2>Achei!</txt:size></txt:bold>"
,,,정다희,,2_헤헤,,joy,"에헤헤, 내가 누군데. <txt:bold,2><txt:color,orange>정다희</txt:color></txt:bold>야, <txt:bold,2><txt:color,orange>정다희</txt:color></txt:bold>.","Heheh, who do you think I am? I’m <txt:bold,2><txt:color,orange>Dahee Jung</txt:color></txt:bold>.","えへへ、私を誰だと思ってるの。<txt:bold,2><txt:color,orange>飛鳥夏希</txt:color></txt:bold>だよ、<txt:bold,2><txt:color,orange>飛鳥夏希</txt:color></txt:bold>。","嘿嘿，也不看看我是谁。我可是<txt:bold,2><txt:color,orange>郑多熙</txt:color></txt:bold>啊，<txt:bold,2><txt:color,orange>郑多熙</txt:color></txt:bold>。","嘿嘿，我可是<txt:bold,2><txt:color,orange>鄭多熙</txt:color></txt:bold>耶，<txt:bold,2><txt:color,orange>鄭多熙</txt:color></txt:bold>。","Хе-хе, а как иначе! Я же <txt:bold,2><txt:color,orange>Чон Дахи</txt:color></txt:bold>.","Heheh, ingat saya siapa? Saya <txt:bold,2><txt:color,orange>Dahee Jung</txt:color></txt:bold>.","Hehe, mình là ai cơ chứ. <txt:bold,2><txt:color,orange>Jeong Dahee</txt:color></txt:bold> mà. <txt:bold,2><txt:color,orange>Jeong Dahee</txt:color></txt:bold> đấy!","Jejeje, ¿quién te crees que soy? Soy <txt:bold,2><txt:color,orange>Dahee Jung</txt:color></txt:bold>, <txt:bold,2><txt:color,orange>Dahee Jung</txt:color></txt:bold>.","Hehe, siapa aku? Aku adalah <txt:bold,2><txt:color,orange>Dahee Jung</txt:color></txt:bold>, <txt:bold,2><txt:color,orange>Dahee Jung</txt:color></txt:bold>.","ฮิฮิ นี่ใครล่ะ <txt:bold,2><txt:color,orange>จองดาฮี</txt:color></txt:bold>เชียวนะ <txt:bold,2><txt:color,orange>จองดาฮี</txt:color></txt:bold>","Hehe, claro que eu ia conseguir! Eu sou a <txt:bold,2><txt:color,orange>Dahee</txt:color></txt:bold>, <txt:bold,2><txt:color,orange>Dahee Jung</txt:color></txt:bold>!"
,,,정다희,,1_기본,,,이런 곳에 숨겨 둔다고 포기할 거였으면 진작 포기했다고.,You think hiding it somewhere like this would make me give up?,こんなところに隠したくらいで諦めるなら、とっくに諦めてるって。,以为藏在这种地方我就会死心吗，真要放弃的话，我早就放弃了。,如果藏在這種地方我就會放棄，那我就不會撐到現在了。,"Если бы я сдавалась из-за тайников, то давно бы все бросила.",Ingat menyoroknya di sini akan membuat saya berputus asa?,Nếu chỉ giấu ở chỗ này mà mình bỏ cuộc thì đã bỏ từ lâu rồi.,"Si me fuera a rendir porque lo escondió en un lugar así, ya lo habría hecho hace tiempo.","Jika aku akan menyerah hanya karena disembunyikan di tempat seperti ini, maka sudah menyerah dari dulu.",คิดว่าซ่อนไว้ในที่แบบนี้แล้วฉันจะยอมแพ้งั้นเหรอ ถ้าเป็นแบบนั้นฉันคงยอมแพ้ไปนานแล้วล่ะ,"Se fosse pra desistir só porque ele escondeu aqui, eu já teria desistido faz tempo."
,,,정다희,,1_기본,,,이제 조용히 나가기만 하면...,Now I just need to sneak out...,あとは静かに出るだけ‥,现在只要悄悄出去就行了‥,現在只要悄悄溜出去‥,Осталось тихонько уйти...,Sekarang saya perlu keluar senyap-senyap...,Giờ chỉ cần lặng lẽ đi ra thôi...,Ahora solo tengo que salir en silencio...,Sekarang tinggal keluar diam-diam...,ทีนี้แค่ออกไปเงียบๆ ก็...,Agora só preciso sair em silêncio...
,,,-,,,,,"<txt:color,grey>(저벅저벅)</txt:color>","<txt:color,grey>(footsteps approaching)</txt:color>","<txt:color,grey>(コツコツ)</txt:color>","<txt:color,grey>（脚步声）</txt:color>","<txt:color,grey>（腳步聲）</txt:color>","<txt:color,grey>(Топ-топ)</txt:color>","<txt:color,grey>(bunyi langkah kaki mendekat)</txt:color>","<txt:color,grey>*Cộp cộp*</txt:color>","<txt:color,grey>(Pasos)</txt:color>","<txt:color,grey>(Tap tap)</txt:color>","<txt:color,grey>(ตึกตึก)</txt:color>","<txt:color,grey>(Tap, tap)</txt:color>"
,,,정다희,,1_당황,,exclam,"헉...<wrt:wait,30> 누구?! <txt:shake,1>잠, 잠깐만!! 설마 아빤가?!</txt:shake>","Eek... <wrt:wait,30>Who... <txt:shake,1>W-Wait! Is that Dad?!</txt:shake>","ひっ‥<wrt:wait,30>誰！？<txt:shake,1>ちょ、ちょっと待って！！まさかお父さん！？</txt:shake>","呃‥<wrt:wait,30>谁？！<txt:shake,1>等，等等！！难道是爸爸？！</txt:shake>","嚇‥<wrt:wait,30>是誰？！<txt:shake,1>等、等一下！！該不會是爸爸吧？！</txt:shake>","Ой...<wrt:wait,30> Кто это?! <txt:shake,1>Неужели папа?!</txt:shake>","Eek... <wrt:wait,30>Siapa... <txt:shake,1>T-Tunggu! Itu Ayah ke?!</txt:shake>","Hả...<wrt:wait,30> Ai vậy?! <txt:shake,1>Ch, chờ chút!! Chẳng lẽ là bố?!</txt:shake>","¡Huy!...<wrt:wait,30> ¡¿Quién es?! <txt:shake,1>¡Es-espera! ¡¿Será papá?!</txt:shake>","Aduh...<wrt:wait,30> Siapa itu?! <txt:shake,1>Jangan bilang!! Itu papa?!</txt:shake>","เฮือก...<wrt:wait,30> ใครน่ะ?! <txt:shake,1>ดะ เดี๋ยวนะ!! หรือว่าพ่อ?!</txt:shake>","Ah! <wrt:wait,30>Quem... <txt:shake,1>pera aí! É meu pai?!</txt:shake>"
,,,정다희,,1_당황,,,"어떡하지, 어떡하지... <wrt:wait,30>이, 일단 연락부터 해야 해.","What do I do...? <wrt:wait,30>I need to make the call first.","ど、どうしよう‥<wrt:wait,30>と、とりあえず連絡しないと。","怎么办，怎么办‥<wrt:wait,30>得先，先联系时宇看看。","怎麼辦、怎麼辦‥<wrt:wait,30>總、總之先聯絡再說。","Так, что делать... <wrt:wait,30>Н-надо сначала выйти на связь.","Apa nak buat...? <wrt:wait,30>Saya perlu membuat panggilan dahulu.","Làm sao đây... <wrt:wait,30>trước tiên phải liên lạc đã.","Qué hago, qué hago... <wrt:wait,30>P-primero tengo que llamar.","Aduh, apa yang harus kulakukan... <wrt:wait,30>A-aku harus cepat menghubunginya.","ทำยังไงดีล่ะ ทำยังไงดี... <wrt:wait,30>กะ ก่อนอื่นต้องติดต่อให้ได้","Ai meu Deus... <wrt:wait,30>O que eu faço? Melhor ligar pra ele primeiro..."
,,,정다희,,1_외침,,,"분명히 <txt:bold,2><txt:color,orange>시우</txt:color></txt:bold> 전화번호가...","<txt:bold,2><txt:color,orange>Siwoo</txt:color></txt:bold>’s number should be in here...","確か<txt:bold,2><txt:color,orange>新</txt:color></txt:bold>の電話番号は‥","我记得<txt:bold,2><txt:color,orange>时宇</txt:color></txt:bold>的电话号码是‥","我記得<txt:bold,2><txt:color,orange>時宇</txt:color></txt:bold>的號碼是‥","Номер <txt:bold,2><txt:color,orange>Шиу</txt:color></txt:bold>...","Nombor <txt:bold,2><txt:color,orange>Siwoo</txt:color></txt:bold> ada di sini...","Chắc chắn số của <txt:bold,2><txt:color,orange>Siwoo</txt:color></txt:bold> là...","Seguro que el número de <txt:bold,2><txt:color,orange>Siwoo</txt:color></txt:bold> estaba...","Kalau tidak salah nomor <txt:bold,2><txt:color,orange>Siwoo</txt:color></txt:bold> itu...","ฉันแน่ใจว่าเบอร์<txt:bold,2><txt:color,orange>ชีอู</txt:color></txt:bold>...","O número do <txt:bold,2><txt:color,orange>Siwoo</txt:color></txt:bold>..."
,,,TAG,,,,,"<sys:quiet,600>","<sys:quiet,600>","<sys:quiet,600>","<sys:quiet,600>","<sys:quiet,600>","<sys:quiet,600>","<sys:quiet,600>","<sys:quiet,600>","<sys:quiet,600>","<sys:quiet,600>","<sys:quiet,600>","<sys:quiet,600>"
,,,정다희,,1_언짢,pause,silent,"...<wrt:wait,30>잠깐.","...<wrt:wait,30>Hold on.","‥<wrt:wait,30>ちょっと待って。","‥<wrt:wait,30>等等。","‥<wrt:wait,30>等等。","...<wrt:wait,30>Стоп.","...<wrt:wait,30>Nanti.","...<wrt:wait,30>Khoan đã.","...<wrt:wait,30>Espera.","...<wrt:wait,30>Bentar.","...<wrt:wait,30>เดี๋ยวสิ","Ah... <wrt:wait,30>Calma..."
,,,정다희,,1_언짢,pause,,"내가 <txt:bold,2><txt:color,orange>시우</txt:color></txt:bold>한테 연락하는 게...","Would it actually help <txt:bold,2><txt:color,orange>Siwoo</txt:color></txt:bold>...","私が<txt:bold,2><txt:color,orange>新</txt:color></txt:bold>に連絡するのって‥","我给<txt:bold,2><txt:color,orange>时宇</txt:color></txt:bold>打电话‥","我現在聯絡<txt:bold,2><txt:color,orange>時宇</txt:color></txt:bold>‥","Если я свяжусь с <txt:bold,2><txt:color,orange>Шиу</txt:color></txt:bold>...","Betul ke boleh membantu <txt:bold,2><txt:color,orange>Siwoo</txt:color></txt:bold>...","Việc mình gọi cho <txt:bold,2><txt:color,orange>Siwoo</txt:color></txt:bold>...","Que yo llame a <txt:bold,2><txt:color,orange>Siwoo</txt:color></txt:bold>...","Apa tindakanku menghubungi <txt:bold,2><txt:color,orange>Siwoo</txt:color></txt:bold>...","การที่ฉันติดต่อหา<txt:bold,2><txt:color,orange>ชีอู</txt:color></txt:bold>...","Eu ligar pro <txt:bold,2><txt:color,orange>Siwoo</txt:color></txt:bold>..."
,,,정다희,,1_언짢,pause,,"그게 정말 <wrt:wait,30><txt:bold,2><txt:color,orange>시우</txt:color></txt:bold>에게 도움이 되는 걸까...?","...<wrt:wait,30>if I called him right now?","本当に<wrt:wait,30><txt:bold,2><txt:color,orange>新</txt:color></txt:bold>の助けになるのかな‥？","这真的能帮到<wrt:wait,30><txt:bold,2><txt:color,orange>时宇</txt:color></txt:bold>吗‥？","真的是為了<wrt:wait,30><txt:bold,2><txt:color,orange>時宇</txt:color></txt:bold>好嗎‥？","Это ему <wrt:wait,30>точно поможет?","...<wrt:wait,30>jika saya hubungi dia sekarang?","Thật sự sẽ giúp <wrt:wait,30><txt:bold,2><txt:color,orange>Siwoo</txt:color></txt:bold> chăng...?","¿Realmente será<wrt:wait,30> de ayuda para <txt:bold,2><txt:color,orange>Siwoo</txt:color></txt:bold>...?","Akan benar-benar membantu <wrt:wait,30><txt:bold,2><txt:color,orange>Siwoo</txt:color></txt:bold>...?","จะเป็นประโยชน์กับ<wrt:wait,30><txt:bold,2><txt:color,orange>ชีอู</txt:color></txt:bold>จริงๆ รึเปล่านะ...?","Será que isso realmente vai ajudar o <wrt:wait,30><txt:bold,2><txt:color,orange>Siwoo</txt:color></txt:bold>?"
,,,TAG,,,,,"<eff:black,3>","<eff:black,3>","<eff:black,3>","<eff:black,3>","<eff:black,3>","<eff:black,3>","<eff:black,3>","<eff:black,3>","<eff:black,3>","<eff:black,3>","<eff:black,3>","<eff:black,3>"
,,,TAG,,,,,"<sys:qmap,암전><cha:qhide>","<sys:qmap,암전><cha:qhide>","<sys:qmap,암전><cha:qhide>","<sys:qmap,암전><cha:qhide>","<sys:qmap,암전><cha:qhide>","<sys:qmap,암전><cha:qhide>","<sys:qmap,암전><cha:qhide>","<sys:qmap,암전><cha:qhide>","<sys:qmap,암전><cha:qhide>","<sys:qmap,암전><cha:qhide>","<sys:qmap,암전><cha:qhide>","<sys:qmap,암전><cha:qhide>"
,,,정다희,,-,,,"여보세요...? 아, 오, 오랜만이에요.","Hello...? Oh, it’s been a while.",もしもし‥？あぁ。お、お久しぶりです。,喂‥？啊，好，好久不见。,喂‥？啊，好、好久不見。,"Алло? Привет. Да, давно не созванивались.","Hello...? Oh, sudah lama.","Alo...? À, lâu rồi không liên lạc.","¿Hola...? Ah, h-ha pasado un tiempo.","Halo...? Iya, s-sudah lama sejak terakhir kita berbicara.",ฮัลโหล...? เอ่อ มะ ไม่ได้คุยกันนานเลยนะคะ,"Alô? Ah, oi... quanto tempo."
,,,정다희,,-,,,"이, 이렇게 갑자기 전화해서 죄송해요. 놀라셨죠?",S-Sorry for calling out of the blue. You must be surprised.,こ、こんな急に電話してすみません。驚きましたよね？,突然给您打电话，实在不好意思！吓着您了吧？,這、這麼突然打給妳真是不好意思。嚇到了吧？,"П-прости, что звоню внезапно. Ты, наверное, удивлена.",M-minta maaf kerana menelefon tiba-tiba. Mesti awak terkejut.,"T, tôi xin lỗi vì gọi đột ngột như vậy. Chị bất ngờ lắm phải không?",L-lamento llamar así de repente. ¿Le sorprendí?,M-maaf karena saya menghubungi tiba-tiba. Apa ini terlalu mendadak?,ขะ ขอโทษที่โทรหากะทันหันแบบนี้ค่ะ คุณคงตกใจใช่ไหมคะ?,D-desculpa ligar assim do nada... Deve ter sido inesperado.
,,,정다희,,-,,,"그게... <wrt:wait,30>그러니까...","So, <wrt:wait,30>the thing is...","あの‥<wrt:wait,30>その‥","那个‥<wrt:wait,30>其实‥","那個‥<wrt:wait,30>就是說‥","Дело в том... <wrt:wait,30>Ну...","Jadi, <wrt:wait,30>sebenarnya...","Chuyện là... <wrt:wait,30>thì...","Es que... <wrt:wait,30>bueno...","Jadi... <wrt:wait,30>Itu...","เอ่อ... <wrt:wait,30>ก็คือว่า...","É que... <wrt:wait,30>então..."
,,,TAG,,,,,"<sys:bgm,BGM_IRREVERSIBLE2,600>","<sys:bgm,BGM_IRREVERSIBLE2,600>","<sys:bgm,BGM_IRREVERSIBLE2,600>","<sys:bgm,BGM_IRREVERSIBLE2,600>","<sys:bgm,BGM_IRREVERSIBLE2,600>","<sys:bgm,BGM_IRREVERSIBLE2,600>","<sys:bgm,BGM_IRREVERSIBLE2,600>","<sys:bgm,BGM_IRREVERSIBLE2,600>","<sys:bgm,BGM_IRREVERSIBLE2,600>","<sys:bgm,BGM_IRREVERSIBLE2,600>","<sys:bgm,BGM_IRREVERSIBLE2,600>","<sys:bgm,BGM_IRREVERSIBLE2,600>"
,,,정다희,,-,,,"<txt:bold,1>...흡!</txt:bold>","<txt:bold,1>...!</txt:bold>","<txt:bold,1>‥っ！</txt:bold>","<txt:bold,1>‥呼！</txt:bold>","<txt:bold,1>‥呼！</txt:bold>","<txt:bold,1>...Шмыг!</txt:bold>","<txt:bold,1>...!</txt:bold>.","<txt:bold,1>...Hức!...</txt:bold>","<txt:bold,1>...¡Ah!</txt:bold>","<txt:bold,1>...Hmph!</txt:bold>","<txt:bold,1>...ฮึบ!</txt:bold>","<txt:bold,1>Uff!</txt:bold>"
,,,정다희,,-,,,죄송해요. 본론부터 말씀드릴게요.,I’m sorry. Let me get straight to the point.,すみません。率直に言いますね。,抱歉。我直接说正事吧。,抱歉，我直接說重點。,Извини. Я перейду сразу к делу.,Maaf. Biar saya terus terang.,Xin lỗi. Tôi sẽ nói thẳng vào chuyện chính.,Lo siento. Iré directo al grano.,Maaf. Saya akan langsung pada pokok pembicaraan.,ขอโทษค่ะ ฉันจะเข้าเรื่องเลยแล้วกัน,"Desculpa, vou direto ao ponto."
,,,정다희,,-,,,"지금 <txt:bold,2><txt:color,orange>시우</txt:color></txt:bold>가 굉장히 위험한 상황에 처해 있어요.","<txt:bold,2><txt:color,orange>Siwoo</txt:color></txt:bold> is in a really dangerous situation right now.","今、<txt:bold,2><txt:color,orange>新</txt:color></txt:bold>がかなり危険な状態なんです。","现在<txt:bold,2><txt:color,orange>时宇</txt:color></txt:bold>正处于非常危险的境地。","現在<txt:bold,2><txt:color,orange>時宇</txt:color></txt:bold>正處於非常危險的情況。","<txt:bold,2><txt:color,orange>Шиу</txt:color></txt:bold> сейчас в большой опасности.","<txt:bold,2><txt:color,orange>Siwoo</txt:color></txt:bold> berada dalam situasi yang sangat bahaya sekarang.","Hiện giờ <txt:bold,2><txt:color,orange>Siwoo</txt:color></txt:bold> đang ở trong tình huống rất nguy hiểm.","<txt:bold,2><txt:color,orange>Siwoo</txt:color></txt:bold> se encuentra en una situación muy peligrosa en este momento.","Saat ini <txt:bold,2><txt:color,orange>Siwoo</txt:color></txt:bold> sedang berada dalam masalah yang sangat berbahaya.","ตอนนี้<txt:bold,2><txt:color,orange>ชีอู</txt:color></txt:bold>กำลังตกอยู่ในสถานการณ์ที่อันตรายมาก","O <txt:bold,2><txt:color,orange>Siwoo</txt:color></txt:bold> tá em uma situação muito perigosa agora."
,,,정다희,,-,,,누구에게 도움을 요청해야 할지 망설였어요. ,I didn’t know who to turn to.,誰に助けを求めればいいか迷ったんですけど、,我一直没拿定主意该找谁帮忙。,我曾猶豫過該向誰求助。,"Я долго не знала, у кого просить помощи.",Saya tak tahu siapa untuk diminta tolong.,Tôi đã do dự không biết nên nhờ ai giúp.,Dudé sobre a quién pedirle ayuda.,Saya ragu harus minta bantuan ke siapa.,ฉันลังเลว่าควรจะขอความช่วยเหลือจากใครดี,Não sabia pra quem pedir ajuda.
,,,정다희,,-,,,"하지만, 역시 달리 연락할 곳이 생각나지 않았어요.",But you were the only person I could think of.,やっぱり他に連絡できるところが思いつかなくて。,但是，我实在想不到还能联系谁了。,但除了妳，我想不到還有誰能幫忙了。,Но больше не к кому было обратиться.,Tetapi hanya awaklah yang terlintas di fikiran saya.,Nhưng cuối cùng tôi vẫn không nghĩ ra ai khác.,Pero no se me ocurrió a quién más llamar.,"Dan, tidak terpikir orang lain yang dapat saya hubungi.",แต่สุดท้ายฉันก็นึกไม่ออกเลยค่ะว่าจะติดต่อไปหาใคร,E não consegui pensar em mais ninguém.
,,,정다희,,-,,,"부탁드릴게요. <txt:bold,2><txt:color,orange>시우</txt:color></txt:bold>를... 구해주세요.","Please. Save <txt:bold,2><txt:color,orange>Siwoo</txt:color></txt:bold>.","お願いします。<txt:bold,2><txt:color,orange>新</txt:color></txt:bold>を‥助けてください。","拜托您了。请救救‥<txt:bold,2><txt:color,orange>时宇</txt:color></txt:bold>。","拜託妳了。請妳‥救救<txt:bold,2><txt:color,orange>時宇</txt:color></txt:bold>。","Пожалуйста... Помоги <txt:bold,2><txt:color,orange>Шиу</txt:color></txt:bold>.","Tolonglah. Selamatkan <txt:bold,2><txt:color,orange>Siwoo Baek</txt:bold></txt:color>.","Xin chị. Hãy cứu <txt:bold,2><txt:color,orange>Siwoo</txt:color></txt:bold>...","Se lo ruego. Por favor... salve a <txt:bold,2><txt:color,orange>Siwoo</txt:color></txt:bold>.","Oleh karena itu saya mohon. Tolong selamatkan... <txt:bold,2><txt:color,orange>Siwoo</txt:color></txt:bold>.","ฉันขอร้องนะคะ ช่วย<txt:bold,2><txt:color,orange>ชีอู</txt:color></txt:bold>... ทีเถอะค่ะ","Por favor... salva o <txt:bold,2><txt:color,orange>Siwoo</txt:color></txt:bold>."
,,,정다희,,-,,,"<txt:bold,2><txt:color,orange>사라</txt:color></txt:bold> 씨.","<txt:bold,2><txt:color,orange>Sara</txt:color></txt:bold>.","<txt:bold,2><txt:color,orange>紗良</txt:color></txt:bold>さん。","<txt:bold,2><txt:color,orange>莎拉</txt:color></txt:bold>小姐。","<txt:bold,2><txt:color,orange>莎拉</txt:color></txt:bold>。","<txt:bold,2><txt:color,orange>Сара</txt:color></txt:bold>.","<txt:bold,2><txt:color,orange>Sara</txt:color></txt:bold>.","<txt:bold,2><txt:color,orange>Sara</txt:color></txt:bold>.","<txt:bold,2><txt:color,orange>Sara</txt:color></txt:bold>.","<txt:bold,2><txt:color,orange>Sara</txt:color></txt:bold>.","คุณ<txt:bold,2><txt:color,orange>ซาร่า</txt:color></txt:bold>","<txt:bold,2><txt:color,orange>Sara</txt:color></txt:bold>."
,,,정다희,,-,,,"<scr:timer,150><scr:noskip>...여보세요? <wrt:wait,30>...듣고 있나요?","<scr:timer,150><scr:noskip>Hello? <wrt:wait,30>Are you there?","<scr:timer,150><scr:noskip>‥もしもし？<wrt:wait,30>‥聞こえてますか？","<scr:timer,150><scr:noskip>‥喂？<wrt:wait,30>‥您在听吗？","<scr:timer,150><scr:noskip>‥喂？<wrt:wait,30>‥妳有在聽嗎？","<scr:timer,150><scr:noskip>...Алло? <wrt:wait,30>Ты здесь?","<scr:timer,150><scr:noskip>Hello? <wrt:wait,30>Boleh dengar?","<scr:timer,150><scr:noskip>...Alo? <wrt:wait,30> Chị nghe thấy tôi không?","<scr:timer,150><scr:noskip>...¿Hola? <wrt:wait,30>...¿Me escucha?","<scr:timer,150><scr:noskip>...Halo? <wrt:wait,30>...Apa Anda masih mendengar?","<scr:timer,150><scr:noskip>...ฮัลโหล? <wrt:wait,30>...ฟังอยู่รึเปล่าคะ?","<scr:timer,150><scr:noskip>Alô? <wrt:wait,30>Você tá me ouvindo?"
,,,TAG,,,,,"<sys:quiet,1000>","<sys:quiet,1000>","<sys:quiet,1000>","<sys:quiet,1000>","<sys:quiet,1000>","<sys:quiet,1000>","<sys:quiet,1000>","<sys:quiet,1000>","<sys:quiet,1000>","<sys:quiet,1000>","<sys:quiet,1000>","<sys:quiet,1000>"
,,,서사라_유니폼,,-,,,"<scr:timer,150><scr:noskip>걱정하지 마요. <txt:bold,2><txt:color,orange>다희</txt:color></txt:bold> 씨.","<scr:timer,150><scr:noskip>Don’t worry, <txt:bold,2><txt:color,orange>Dahee</txt:color></txt:bold>.","<scr:timer,150><scr:noskip>心配しないで。<txt:bold,2><txt:color,orange>夏希</txt:color></txt:bold>さん。","<scr:timer,150><scr:noskip>别担心，<txt:bold,2><txt:color,orange>多熙</txt:color></txt:bold>。","<scr:timer,150><scr:noskip>別擔心。<txt:bold,2><txt:color,orange>多熙</txt:color></txt:bold>。","<scr:timer,150><scr:noskip>Не волнуйся, <txt:bold,2><txt:color,orange>Дахи</txt:color></txt:bold>.","<scr:timer,150><scr:noskip>Jangan risau, <txt:bold,2><txt:color,orange>Dahee</txt:color></txt:bold>.","<scr:timer,150><scr:noskip>Đừng lo. <txt:bold,2><txt:color,orange>Dahee.</txt:color></txt:bold>","<scr:timer,150><scr:noskip>No se preocupe, <txt:bold,2><txt:color,orange>Dahee</txt:color></txt:bold>.","<scr:timer,150><scr:noskip>Tidak perlu khawatir. <txt:bold,2><txt:color,orange>Dahee</txt:color></txt:bold>.","<scr:timer,150><scr:noskip>ไม่ต้องห่วงนะคะ คุณ<txt:bold,2><txt:color,orange>ดาฮี</txt:color></txt:bold>","<scr:timer,150><scr:noskip>Tá tudo bem, <txt:bold,2><txt:color,orange>Dahee</txt:color></txt:bold>, não se preocupa."
,,,서사라_유니폼,,-,,,"<scr:timer,150><scr:noskip><txt:bold,1>이미 가고 있어요.</txt:bold>","<scr:timer,150><scr:noskip><txt:bold,1>I’m already on my way.</txt:bold>","<scr:timer,150><scr:noskip><txt:bold,1>今、向かってるところですから。</txt:bold>","<scr:timer,150><scr:noskip><txt:bold,1>我已经出发了。</txt:bold>","<scr:timer,150><scr:noskip><txt:bold,1>我已經在路上了。</txt:bold>","<scr:timer,150><scr:noskip><txt:bold,1>Я уже в пути.</txt:bold>","<scr:timer,150><scr:noskip><txt:bold,1>Saya sudah dalam perjalanan.</txt:bold>","<scr:timer,150><scr:noskip><txt:bold,1>Tôi đang trên đường đến đó rồi.</txt:bold>","<scr:timer,150><scr:noskip><txt:bold,1>Ya estoy en camino.</txt:bold>","<scr:timer,150><scr:noskip><txt:bold,1>Saya sudah di jalan.</txt:bold>","<scr:timer,150><scr:noskip><txt:bold,1>ฉันกำลังไปอยู่แล้วค่ะ</txt:bold>","<scr:timer,150><scr:noskip><txt:bold,1>Já tô a caminho.</txt:bold>"
2,경기 전,#,MAP,,,,,콜로세움,콜로세움,콜로세움,콜로세움,콜로세움,콜로세움,콜로세움,콜로세움,콜로세움,콜로세움,콜로세움,콜로세움
,,#,BGM,,,,,BGM_OVERDRIVE,BGM_OVERDRIVE,BGM_OVERDRIVE,BGM_OVERDRIVE,BGM_OVERDRIVE,BGM_OVERDRIVE,BGM_OVERDRIVE,BGM_OVERDRIVE,BGM_OVERDRIVE,BGM_OVERDRIVE,BGM_OVERDRIVE,BGM_OVERDRIVE
,,#,정다희,-2,3_활짝,,,,,,,,,,,,,,
,,#,유리,2,1_기본,,,,,,,,,,,,,,
,,,정다희,,3_활짝,,,"자, <txt:wave,1>다들 힘내자!!</txt:wave>","Come on, everyone! <txt:wave,1>Let’s go!</txt:wave>","さあ、<txt:wave,1>みんな頑張ろう！！</txt:wave>","好了，<txt:wave,1>大家加把劲！！</txt:wave>","好，<txt:wave,1>大家加油！！</txt:wave>","Так, <txt:wave,1>давайте постараемся!</txt:wave>","Ayuh, semua! <txt:wave,1>Kita pergi!</txt:wave>","Nào, <txt:wave,1>mọi người cố lên!!</txt:wave>","¡Vamos, <txt:wave,1>ánimo a todos!</txt:wave>","Kalau begitu, <txt:wave,1>semangat semuanya!!</txt:wave>","เอาล่ะ <txt:wave,1>ทุกคนมาฮึดสู้กันเถอะ!!</txt:wave>","Vamos nessa, pessoal! <txt:wave,1>Vamos com tudo!</txt:wave>"
,,,유리,,1_기본,,,"야, 얼굴이 폈다? 어제까지는 아주 죽상을 하고 있더니.","Hey, you look better. You were practically dead yesterday.",なぁ、顔色良くなってるじゃねぇか！昨日まですっごい暗い顔してたのにさ。,哟，气色不错嘛？昨天还愁眉苦脸的。,喲，心情變好啦？昨天還一副要死不活的樣子。,"О, настроение улучшилось? А вчера ходила мрачнее тучи.","Hei, awak nampak lebih baik. Semalam muka awak macam nak mati.","Này, mặt cậu tươi lên rồi đấy? Hôm qua còn ủ rũ lắm mà.","Oye, ¿ya se te quitó la mala cara? Hasta ayer tenías cara de muerta.",Kamu terlihat jauh lebih ceria ya? Sampai kemarin kamu terlihat sangat murung.,เฮ้ หน้าตาสดใสขึ้นแล้วแฮะ? เมื่อวานยังทำหน้าหมดอาลัยตายอยากอยู่เลย,"Ei, hoje tá animadona, hein? Ontem você tava com uma cara de derrotada."
,,,정다희,,1_기본,,,"응, 조금 걱정을 덜었거든.","Yeah, I managed to take a load off.",うん、ちょっと気が楽になったの。,嗯，因为稍微放心点了。,嗯，因為總算能少擔心一點了。,Ага. Проблем стало меньше.,"Ya, saya berjaya lapangkan fikiran.","Ừ, tôi bớt lo một chút rồi.","Sí, me quité un peso de encima.","Iya, aku sedikit lebih tenang sekarang.",อื้ม ฉันกังวลน้อยลงแล้วน่ะ,"É, tirei um peso da cabeça."
,,,유리,,1_기본,,,흐음.,Hmm.,ふーん。,嗯。,哼嗯。,Хм.,Hmm.,Hừm.,Hmm.,Hmm.,อืม,Hum...
,,,정다희,,1_기본,,,"<txt:color,grey>(다행이야... 어제 들키지 않아서.)</txt:color>","<txt:color,grey>(Thank god he didn’t catch me last night.)</txt:color>","<txt:color,grey>(よかった‥昨日バレなくて)</txt:color>","<txt:color,grey>（太好了‥昨天没被发现。）</txt:color>","<txt:color,grey>（太好了‥昨天沒被發現。）</txt:color>","<txt:color,grey>(Повезло, что меня вчера не поймали.)</txt:color>","<txt:color,grey>(Nasib baik dia tak tangkap saya semalam.)</txt:color>","<txt:color,grey>(Tốt quá... hôm qua không bị phát hiện.)</txt:color>","<txt:color,grey>(Menos mal... que no me descubrieron ayer.)</txt:color>","<txt:color,grey>(Syukurlah... aku tidak ketahuan kemarin.)</txt:color>","<txt:color,grey>(ค่อยยังชั่ว... ที่เมื่อวานไม่โดนจับได้)</txt:color>","<txt:color,grey>(Ufa... ainda bem que não me pegaram ontem.)</txt:color>"
,,,정다희,,2_당황,,,"<txt:color,grey>(그나저나 진짜 놀랐어. <txt:bold,2>상현</txt:bold> 씨가 <txt:bold,2>사라</txt:bold> 씨한테 먼저 연락했을 줄이야.)</txt:color>","<txt:color,grey>(Still, I can’t believe <txt:bold,2>Sanghyeon</txt:bold> reached out to <txt:bold,2>Sara</txt:bold> first.)</txt:color>","<txt:color,grey>(それにしても、本当にびっくりしたな。<txt:bold,2>優翔</txt:bold>さんが<txt:bold,2>紗良</txt:bold>さんに先に連絡してたなんて)</txt:color>","<txt:color,grey>（不过真没想到。<txt:bold,2>尚贤</txt:bold>竟然会先联系<txt:bold,2>莎拉</txt:bold>。）</txt:color>","<txt:color,grey>（話說回來，真的嚇了我一跳。沒想到<txt:bold,2>尚賢</txt:bold>前輩會先聯絡<txt:bold,2>莎拉</txt:bold>。）</txt:color>","<txt:color,grey>(Не ожидала, что <txt:bold,2>Санхён</txt:bold> уже позвонил <txt:bold,2>Саре</txt:bold>.)</txt:color>","<txt:color,grey>(Tapi, saya tidak percaya <txt:bold,2>Sanghyeon</txt:bold> menghubungi <txt:bold,2>Sara</txt:bold> dahulu.)</txt:color>","<txt:color,grey>(Mà cũng bất ngờ thật. <txt:bold,2>Sanghyeon</txt:bold> lại liên lạc với <txt:bold,2>Sara</txt:bold> trước.)</txt:color>","<txt:color,grey>(Pero de verdad me sorprendió. No imaginaba que <txt:bold,2>Sanghyeon</txt:bold> hubiera contactado a <txt:bold,2>Sara</txt:bold> primero.)</txt:color>","<txt:color,grey>(Ngomong-ngomong, aku benar-benar tidak menyangka. <txt:bold,2>Sanghyeon</txt:bold> telah menghubungi <txt:bold,2>Sara</txt:bold> duluan.)</txt:color>","<txt:color,grey>(แต่ก็ตกใจมากอยู่นะ ไม่คิดเลยว่าคุณ<txt:bold,2>ซังฮยอน</txt:bold>จะติดต่อไปหาคุณ<txt:bold,2>ซาร่า</txt:bold>ก่อน)</txt:color>","<txt:color,grey>(Mas fiquei chocada... nunca pensei que o <txt:bold,2>Sanghyeon</txt:bold> ia ligar pra <txt:bold,2>Sara</txt:bold> primeiro.)</txt:color>"
,,,정다희,,1_언짢,,quest,"<txt:color,grey>(대체 <txt:bold,2>상현</txt:bold> 씨는 <txt:bold,2>팬텀 리그</txt:bold>랑 무슨 관계인 거지...?)</txt:color>","<txt:color,grey>(What does <txt:bold,2>Sanghyeon</txt:bold> even have to do with the <txt:bold,2>Phantom League</txt:bold>...?)</txt:color>","<txt:color,grey>(一体<txt:bold,2>優翔</txt:bold>さんは<txt:bold,2>ファントムリーグ</txt:bold>とどんな関係なんだろう‥？)</txt:color>","<txt:color,grey>（<txt:bold,2>尚贤</txt:bold>到底和<txt:bold,2>幻影联赛</txt:bold>是什么关系‥？）</txt:color>","<txt:color,grey>（<txt:bold,2>尚賢</txt:bold>前輩到底跟<txt:bold,2>幻影聯賽</txt:bold>是什麼關係啊‥？）</txt:color>","<txt:color,grey>(Интересно, как он связан с <txt:bold,2>«Фантом-лигой»</txt:bold>?)</txt:color>","<txt:color,grey>(Apa kaitan <txt:bold,2>Sanghyeon</txt:bold> dengan <txt:bold,2>Liga Phantom</txt:bold>...?)</txt:color>","<txt:color,grey>(Rốt cuộc <txt:bold,2>Sanghyeon</txt:bold> có quan hệ gì với <txt:bold,2>Phantom League</txt:bold> vậy...?)</txt:color>","<txt:color,grey>(¿Qué relación tiene exactamente <txt:bold,2>Sanghyeon</txt:bold> con la <txt:bold,2>Liga Fantasma</txt:bold>...?)</txt:color>","<txt:color,grey>(Apa hubungan <txt:bold,2>Sanghyeon</txt:bold> dengan <txt:bold,2>Liga Phantom</txt:bold> sebenarnya...?)</txt:color>","<txt:color,grey>(คุณ<txt:bold,2>ซังฮยอน</txt:bold>มีความเกี่ยวข้องอะไรกับ<txt:bold,2>แฟนธอมลีก</txt:bold>กันแน่นะ...?)</txt:color>","<txt:color,grey>(Que relação será que o <txt:bold,2>Sanghyeon</txt:bold> tem com a <txt:bold,2>Liga Phantom</txt:bold>?)</txt:color>"
,,,TAG,,,,,"<eff:black,3>","<eff:black,3>","<eff:black,3>","<eff:black,3>","<eff:black,3>","<eff:black,3>","<eff:black,3>","<eff:black,3>","<eff:black,3>","<eff:black,3>","<eff:black,3>","<eff:black,3>"
,,,TAG,,,,,"<sys:qmap,암전><cha:qhide>","<sys:qmap,암전><cha:qhide>","<sys:qmap,암전><cha:qhide>","<sys:qmap,암전><cha:qhide>","<sys:qmap,암전><cha:qhide>","<sys:qmap,암전><cha:qhide>","<sys:qmap,암전><cha:qhide>","<sys:qmap,암전><cha:qhide>","<sys:qmap,암전><cha:qhide>","<sys:qmap,암전><cha:qhide>","<sys:qmap,암전><cha:qhide>","<sys:qmap,암전><cha:qhide>"
,,,정다희,,-,,,"네? <wrt:wait,30>이미 출발했다고요? 어떻게요?","What? <wrt:wait,30>You’ve already left? How?","え？<wrt:wait,30>もう向かってるんですか？どうやって？","啊？<wrt:wait,30>您已经出发了？怎么会？","什麼？<wrt:wait,30>已經出發了？怎麼會？","Ты уже в пути? <wrt:wait,30>Как так?","Apa? <wrt:wait,30>Awak sudah bertolak? Bagaimana?","Hả? <wrt:wait,30>Đã xuất phát rồi sao? Sao chị biết mà đi vậy?","¿Eh? <wrt:wait,30>¿Que ya se puso en marcha? ¿Cómo?","Apa? <wrt:wait,30>Sudah di jalan? Bagaimana bisa?","คะ? <wrt:wait,30>คุณออกเดินทางแล้วเหรอคะ? ยังไงคะ?","O quê? <wrt:wait,30>Você já tá a caminho? Como assim?"
,,,서사라_유니폼,,-,,,"어떤 분이 제게 연락을 줬어요. <txt:bold,2><txt:color,orange>상현</txt:color></txt:bold>이라고 이름을 밝히더군요.","Someone contacted me. Said his name was <txt:bold,2><txt:color,orange>Sanghyeon</txt:color></txt:bold>.","ある人から連絡が来たんです。<txt:bold,2><txt:color,orange>優翔</txt:color></txt:bold>と名乗ってましたね。","有人联系了我。他自称<txt:bold,2><txt:color,orange>尚贤</txt:color></txt:bold>。","有位叫<txt:bold,2><txt:color,orange>尚賢</txt:color></txt:bold>的人聯繫了我。","Мне позвонил один человек. Сказал, что его зовут <txt:bold,2><txt:color,orange>Санхён</txt:color></txt:bold>.","Ada orang menghubungi saya. Katanya namanya <txt:bold,2><txt:color,orange>Sanghyeon</txt:color></txt:bold>.","Có người đã liên lạc với tôi. Cậu ta nói tên là <txt:bold,2><txt:color,orange>Sanghyeon</txt:color></txt:bold>.","Alguien me contactó. Me dijo que su nombre era <txt:bold,2><txt:color,orange>Sanghyeon</txt:color></txt:bold>.","Seseorang telah menghubungiku. Dia memperkenalkan diri sebagai <txt:bold,2><txt:color,orange>Sanghyeon</txt:color></txt:bold>.","มีใครบางคนติดต่อฉันมาน่ะค่ะ เขาบอกว่าชื่อ<txt:bold,2><txt:color,orange>ซังฮยอน</txt:color></txt:bold>","Alguém me ligou. Disse que se chamava <txt:bold,2><txt:color,orange>Sanghyeon</txt:color></txt:bold>."
,,,서사라_유니폼,,-,,,"제 도움이 필요하다고 했어요. <txt:bold,2>팬텀 리그</txt:bold>에서 무척 중요한 <txt:bold,2>'내기'</txt:bold>가 있을 거라면서.","He said he needed my help. That there was going to be a very important <txt:bold,2>'wager'</txt:bold> at the <txt:bold,2>Phantom League</txt:bold>.","私の助けが必要だと言ってました。<txt:bold,2>ファントムリーグ</txt:bold>で、とても重要な<txt:bold,2>「賭け」</txt:bold>があるって。","他说需要我的帮助。还说<txt:bold,2>幻影联赛</txt:bold>里会有一场非常重要的<txt:bold,2>'赌局'</txt:bold>。","他說需要我的幫助。還提到<txt:bold,2>幻影聯賽</txt:bold>有個非常重要的<txt:bold,2>「賭局」</txt:bold>。","Сказал, что нужна моя помощь. Что в <txt:bold,2>«Фантом-лиге»</txt:bold> будет <txt:bold,2>игра со ставкой</txt:bold>.","Dia kata dia perlukan bantuan saya. Katanya akan ada <txt:bold,2>'pertaruhan'</txt:bold> yang sangat penting di <txt:bold,2>Liga Phantom</txt:bold>.","Cậu ta nói cần sự giúp đỡ của tôi. Bảo rằng trong <txt:bold,2>Phantom League</txt:bold> sẽ có một <txt:bold,2>kèo cược</txt:bold> rất quan trọng.","Me dijo que necesitaba mi ayuda. Y que habría una <txt:bold,2>'apuesta'</txt:bold> muy importante en la <txt:bold,2>Liga Fantasma</txt:bold>.","Dia bilang butuh bantuan saya. Katanya ada <txt:bold,2>'taruhan'</txt:bold> penting sedang terjadi di <txt:bold,2>Liga Phantom</txt:bold>.","เห็นบอกว่าต้องการความช่วยเหลือจากฉัน เพราะจะมี <txt:bold,2>'เดิมพัน'</txt:bold> ที่สำคัญมากใน<txt:bold,2>แฟนธอมลีก</txt:bold>","Falou que precisava da minha ajuda e que ia ter uma <txt:bold,2>«aposta»</txt:bold> muito importante na <txt:bold,2>Liga Phantom</txt:bold>."
,,,서사라_유니폼,,-,,,"안 그래도 <txt:bold,2><txt:color,orange>시우</txt:color></txt:bold>만 보낸 뒤 불안했는데...","I was already uneasy after letting <txt:bold,2><txt:color,orange>Siwoo</txt:color></txt:bold> go alone...","ちょうど<txt:bold,2><txt:color,orange>新</txt:color></txt:bold>だけ送り出して不安だったんですけど‥","把<txt:bold,2><txt:color,orange>时宇</txt:color></txt:bold>一个人送过去之后心里就一直悬着‥","自從讓<txt:bold,2><txt:color,orange>時宇</txt:color></txt:bold>獨自過去後，我就一直很不安‥","Я так переживала, что отправила <txt:bold,2><txt:color,orange>Шиу</txt:color></txt:bold> одного.","Saya sudah tidak tenang sebab membiarkan <txt:bold,2><txt:color,orange>Siwoo</txt:color></txt:bold> pergi sendirian...","Tôi vốn đã lo lắng sau khi chỉ để <txt:bold,2><txt:color,orange>Siwoo</txt:color></txt:bold> đi một mình...","De por sí ya estaba inquieta por haber dejado ir solo a <txt:bold,2><txt:color,orange>Siwoo</txt:color></txt:bold>...","Dan setelah mengirim <txt:bold,2><txt:color,orange>Siwoo</txt:color></txt:bold>, saya memang agak gelisah...","จริงๆ ฉันก็ไม่สบายใจอยู่แล้วหลังจากส่ง<txt:bold,2><txt:color,orange>ชีอู</txt:color></txt:bold>ไปคนเดียว...","Eu já tava preocupada de ter mandado o <txt:bold,2><txt:color,orange>Siwoo</txt:color></txt:bold> sozinho..."
,,,서사라_유니폼,,-,,,"<txt:bold,1>그런 이야기를 들으니까 더 이상 망설일 수 없었어요.</txt:bold>","<txt:bold,1>When I heard that, I couldn’t hesitate any longer.</txt:bold>","<txt:bold,1>そんな話を聞いたら、いてもたってもいられなくて。</txt:bold>","<txt:bold,1>听到那种话，我是再也坐不住了。</txt:bold>","<txt:bold,1>聽到這些消息後，我就再也無法坐視不管了。</txt:bold>","<txt:bold,1>А когда это услышала, то сразу решила ехать.</txt:bold>","<txt:bold,1>Apabila saya mendengar itu, saya membuat keputusan.</txt:bold>","<txt:bold,1>Nghe vậy thì tôi không thể chần chừ nữa.</txt:bold>","<txt:bold,1>Al escuchar eso, ya no pude dudar más.</txt:bold>","<txt:bold,1>Setelah mendengar hal seperti itu, saya tidak bisa menunggu diam lagi.</txt:bold>","<txt:bold,1>พอได้ยินเรื่องแบบนั้น ก็เลยลังเลอีกไม่ได้น่ะค่ะ</txt:bold>","<txt:bold,1>Depois que ouvi isso, não deu pra ficar parada não.</txt:bold>"
,,,TAG,,,,,"<eff:black,3>","<eff:black,3>","<eff:black,3>","<eff:black,3>","<eff:black,3>","<eff:black,3>","<eff:black,3>","<eff:black,3>","<eff:black,3>","<eff:black,3>","<eff:black,3>","<eff:black,3>"
,,,TAG,,,,,"<cha:qpos,유리,4><cha:qpos,정다희,0>","<cha:qpos,유리,4><cha:qpos,정다희,0>","<cha:qpos,유리,4><cha:qpos,정다희,0>","<cha:qpos,유리,4><cha:qpos,정다희,0>","<cha:qpos,유리,4><cha:qpos,정다희,0>","<cha:qpos,유리,4><cha:qpos,정다희,0>","<cha:qpos,유리,4><cha:qpos,정다희,0>","<cha:qpos,유리,4><cha:qpos,정다희,0>","<cha:qpos,유리,4><cha:qpos,정다희,0>","<cha:qpos,유리,4><cha:qpos,정다희,0>","<cha:qpos,유리,4><cha:qpos,정다희,0>","<cha:qpos,유리,4><cha:qpos,정다희,0>"
,,,TAG,,,,,"<sys:qmap,콜로세움></cha:qhide>","<sys:qmap,콜로세움></cha:qhide>","<sys:qmap,콜로세움></cha:qhide>","<sys:qmap,콜로세움></cha:qhide>","<sys:qmap,콜로세움></cha:qhide>","<sys:qmap,콜로세움></cha:qhide>","<sys:qmap,콜로세움></cha:qhide>","<sys:qmap,콜로세움></cha:qhide>","<sys:qmap,콜로세움></cha:qhide>","<sys:qmap,콜로세움></cha:qhide>","<sys:qmap,콜로세움></cha:qhide>","<sys:qmap,콜로세움></cha:qhide>"
,,,정다희,,1_기본,,silent,"<txt:color,grey>(...<wrt:wait,30>나도 내가 할 수 있는 일을 찾아야지.)</txt:color>","<txt:color,grey>(...<wrt:wait,30>I need to figure out what I can do.)</txt:color>","<txt:color,grey>(‥<wrt:wait,30>私も自分にできることを探さなきゃ)</txt:color>","<txt:color,grey>（‥<wrt:wait,30>我也得去找点我力所能及的事。）</txt:color>","<txt:color,grey>（‥<wrt:wait,30>我也要找找看我有什麼能幫上忙的。）</txt:color>","<txt:color,grey>(...<wrt:wait,30>Надо понять, как я могу помочь.)</txt:color>","<txt:color,grey>(...<wrt:wait,30>Saya perlu fikir apa saya boleh buat.)</txt:color>","<txt:color,grey>(...<wrt:wait,30>Mình cũng phải tìm việc mình có thể làm.)</txt:color>","<txt:color,grey>(...<wrt:wait,30>Yo también debo buscar algo que pueda hacer.)</txt:color>","<txt:color,grey>(...<wrt:wait,30>Aku juga harus mencari hal yang bisa kulakukan.)</txt:color>","<txt:color,grey>(...<wrt:wait,30>ฉันก็ต้องหาสิ่งที่สามารถทำได้เหมือนกัน)</txt:color>","<txt:color,grey>(Hum... <wrt:wait,30>eu também preciso achar algo que eu possa fazer.)</txt:color>"
,,,정다희,,1_언짢,,,"<txt:color,grey>(<txt:bold,2>'내기'</txt:bold>라고 했지 분명.)</txt:color>","<txt:color,grey>(A <txt:bold,2>'wager,'</txt:bold> she said.)</txt:color>","<txt:color,grey>(確か<txt:bold,2>「賭け」</txt:bold>って言ってたよね)</txt:color>","<txt:color,grey>（说的肯定是<txt:bold,2>'赌局'</txt:bold>。）</txt:color>","<txt:color,grey>（剛才確實提到了<txt:bold,2>「賭局」</txt:bold>。）</txt:color>","<txt:color,grey>(Речь шла об <txt:bold,2>игре со ставкой</txt:bold>.)</txt:color>","Dia kata <txt:bold,2>'pertaruhan.'</txt:bold>","<txt:color,grey>(Mình chắc chắn đã nghe là <txt:bold,2>kèo cược</txt:bold>.)</txt:color>","<txt:color,grey>(Una <txt:bold,2>'apuesta'</txt:bold>, eso fue lo que dijo, seguro.)</txt:color>","<txt:color,grey>(Aku yakin dia menyebut <txt:bold,2>'taruhan'</txt:bold>.)</txt:color>","<txt:color,grey>(บอกว่า <txt:bold,2>'เดิมพัน'</txt:bold> สินะ)</txt:color>","<txt:color,grey>(Ela falou <txt:bold,2>«aposta»</txt:bold>, né?)</txt:color>"
,,,정다희,,1_쿨쿨,,,"<txt:color,grey>(3세트 매치. 상대는 <txt:bold,2>라울</txt:bold>, <txt:bold,2>클레르</txt:bold>, <txt:bold,2>시프</txt:bold>... <wrt:break><txt:bold,2>라울</txt:bold>은 말할 것도 없고, 다른 선수들도 엄청난 실력자겠지.)</txt:color>","<txt:color,grey>(Best of three sets. Against <txt:bold,2>Raul</txt:bold>, <txt:bold,2>Claire</txt:bold>, <txt:bold,2>Sif</txt:bold>... <wrt:break><txt:bold,2>Raul</txt:bold> goes without saying, and the others are no joke either.)</txt:color>","<txt:color,grey>(3セットマッチ。相手は<txt:bold,2>ラウル</txt:bold>、<txt:bold,2>クレール</txt:bold>、<txt:bold,2>シフ</txt:bold>‥<wrt:break><txt:bold,2>ラウル</txt:bold>は言うまでもなく、他の選手もかなりの実力者のはず)</txt:color>","<txt:color,grey>（三局两胜。对手是<txt:bold,2>拉乌尔</txt:bold>、<txt:bold,2>克莱尔</txt:bold>、<txt:bold,2>希芙</txt:bold>‥<wrt:break><txt:bold,2>拉乌尔</txt:bold>自不必说，其他选手肯定也是顶级高手。）</txt:color>","<txt:color,grey>（三局兩勝制。對手是<txt:bold,2>拉烏爾</txt:bold>、<txt:bold,2>克萊爾</txt:bold>、<txt:bold,2>希芙</txt:bold>‥<wrt:break><txt:bold,2>拉烏爾</txt:bold>就不用說了，其他選手肯定也都是頂尖強者。）</txt:color>","<txt:color,grey>(Матч из трех сетов. Противники — <txt:bold,2>Рауль</txt:bold>, <txt:bold,2>Клэр</txt:bold>, <txt:bold,2>Сиф</txt:bold>... <wrt:break>Про <txt:bold,2>Рауля</txt:bold> и говорить нечего, но и остальные невероятно сильные.)</txt:color>","<txt:color,grey>(Tiga set. Menentang <txt:bold,2>Raul</txt:bold>, <txt:bold,2>Claire</txt:bold>, <txt:bold,2>Sif</txt:bold>... <wrt:break><txt:bold,2>Raul</txt:bold> tidak perlu diperkatakan, dan yang lain pun bukan calang-calang.)</txt:color>","<txt:color,grey>(Trận đấu 3 set. Đối thủ là <txt:bold,2>Raul</txt:bold>, <txt:bold,2>Claire</txt:bold> và <txt:bold,2>Sif</txt:bold>... <wrt:break><txt:bold,2>Raul</txt:bold> thì khỏi nói, những tuyển thủ còn lại chắc cũng đều là cao thủ.)</txt:color>","<txt:color,grey>(Un partido a 3 sets. Los rivales son <txt:bold,2>Raúl</txt:bold>, <txt:bold,2>Claire</txt:bold>, <txt:bold,2>Sif</txt:bold>... <wrt:break>Y sin mencionar a <txt:bold,2>Raúl</txt:bold>, seguro que los demás también son increíblemente fuertes.)</txt:color>","<txt:color,grey>(Pertandingan 3 set. Lawannya itu <txt:bold,2>Raul</txt:bold>, <txt:bold,2>Claire</txt:bold>, dan <txt:bold,2>Sif</txt:bold>... <wrt:break>Tidak perlu ditanya soal <txt:bold,2>Raul</txt:bold>, tapi aku yakin pemain lain pasti juga hebat.)</txt:color>","<txt:color,grey>(แมตช์ 3 เซ็ต คู่แข่งคือ<txt:bold,2>ราอุล</txt:bold>, <txt:bold,2>แคลร์</txt:bold>, <txt:bold,2>ซีฟ</txt:bold>... <wrt:break><txt:bold,2>ราอุล</txt:bold>นี่ไม่ต้องพูดเลย ส่วนนักกีฬาคนอื่นก็คงจะเป็นผู้มีความสามารถมากไม่แพ้กัน)</txt:color>","<txt:color,grey>(Uma partida de três sets. O time deles tem o <txt:bold,2>Raul</txt:bold>, o <txt:bold,2>Claire</txt:bold>, a <txt:bold,2>Sif</txt:bold>... o <wrt:break><txt:bold,2>Raul</txt:bold> nem preciso comentar... todos devem ser absurdamente bons.)</txt:color>"
,,,정다희,,1_기본,,,"<txt:color,grey>(그런 한편, 이쪽의 선수는 <txt:bold,2>시우</txt:bold>와 <txt:bold,2>상현</txt:bold> 씨.)</txt:color> ","<txt:color,grey>(On our side, it’s <txt:bold,2>Siwoo</txt:bold> and <txt:bold,2>Sanghyeon</txt:bold>.)</txt:color>","<txt:color,grey>(そして、こっちの選手は<txt:bold,2>新</txt:bold>と<txt:bold,2>優翔</txt:bold>さん)</txt:color>","<txt:color,grey>（而这边，我们的选手只有<txt:bold,2>时宇</txt:bold>和<txt:bold,2>尚贤</txt:bold>。）</txt:color>","<txt:color,grey>（而我們這邊的選手，只有<txt:bold,2>時宇</txt:bold>跟<txt:bold,2>尚賢</txt:bold>前輩。）</txt:color>","<txt:color,grey>(А на нашей стороне — <txt:bold,2>Шиу</txt:bold> и <txt:bold,2>Санхён</txt:bold>.)</txt:color>","<txt:color,grey>(Di pihak kita, <txt:bold,2>Siwoo</txt:bold> dan <txt:bold,2>Sanghyeon</txt:bold>.)</txt:color>","<txt:color,grey>(Mặt khác, phía bên này có <txt:bold,2>Siwoo</txt:bold> và <txt:bold,2>Sanghyeon</txt:bold>.)</txt:color>","<txt:color,grey>(Por otro lado, nuestros jugadores son <txt:bold,2>Siwoo</txt:bold> y <txt:bold,2>Sanghyeon</txt:bold>.)</txt:color>","<txt:color,grey>(Dan atlet di pihak kita ada <txt:bold,2>Siwoo</txt:bold> dan <txt:bold,2>Sanghyeon</txt:bold>.)</txt:color>","<txt:color,grey>(ส่วนนักกีฬาฝั่งนี้ก็คือ<txt:bold,2>ชีอู</txt:bold>กับคุณ<txt:bold,2>ซังฮยอน</txt:bold>)</txt:color>","<txt:color,grey>(Enquanto isso, o nosso tem o <txt:bold,2>Siwoo</txt:bold> e o <txt:bold,2>Sanghyeon</txt:bold>.)</txt:color>"
,,,정다희,,1_기본,,,"<txt:color,grey>(추가로 <txt:bold,2>사라</txt:bold> 씨가 알아본 바에 따르면 <txt:bold,2>오아시스</txt:bold> 선수와 <txt:bold,2>이사벨</txt:bold> 언니도 참여할 것 같댔지.)</txt:color>","<txt:color,grey>(And from what <txt:bold,2>Sara</txt:bold> found out, <txt:bold,2>Oasis</txt:bold> and <txt:bold,2>Isabel</txt:bold> are likely joining too.)</txt:color>","<txt:color,grey>(さらに<txt:bold,2>紗良</txt:bold>さんが調べたところによると、<txt:bold,2>オアシス</txt:bold>選手と<txt:bold,2>イザベル</txt:bold>さんも参加するみたい)</txt:color>","<txt:color,grey>（加上<txt:bold,2>莎拉</txt:bold>打听到的消息，<txt:bold,2>绿洲</txt:bold>选手和<txt:bold,2>伊莎贝尔</txt:bold>姐姐似乎也会参加。）</txt:color>","<txt:color,grey>（再加上<txt:bold,2>莎拉</txt:bold>打聽到的消息，<txt:bold,2>綠洲</txt:bold>選手跟<txt:bold,2>伊莎貝爾</txt:bold>姐姐似乎也會參加。）</txt:color>","<txt:color,grey>(И, по словам <txt:bold,2>Сары</txt:bold>, к матчу могут присоединиться <txt:bold,2>Оазис</txt:bold> и <txt:bold,2>Изабель</txt:bold>.)</txt:color>","<txt:color,grey>(Dan mengikut berita dari <txt:bold,2>Sara</txt:bold>, <txt:bold,2>Oasis</txt:bold> dan <txt:bold,2>Isabel</txt:bold> pun mungkin turut serta.)</txt:color>","<txt:color,grey>(Ngoài ra, theo những gì <txt:bold,2>Sara</txt:bold> tìm hiểu thì tuyển thủ <txt:bold,2>Oasis</txt:bold> và chị <txt:bold,2>Isabel</txt:bold> cũng có thể sẽ tham gia.)</txt:color>","<txt:color,grey>(Además, por lo que investigó <txt:bold,2>Sara</txt:bold>, parece que <txt:bold,2>Oasis</txt:bold> y <txt:bold,2>Isabel</txt:bold> también participarán.)</txt:color>","<txt:color,grey>(Tambah lagi, menurut info <txt:bold,2>Sara</txt:bold>, ada kemungkinan atlet <txt:bold,2>Oasis</txt:bold> dan kakak <txt:bold,2>Isabel</txt:bold> juga akan ikut partisipasi.)</txt:color>","<txt:color,grey>(แล้วถ้าอิงจากข้อมูลที่คุณ<txt:bold,2>ซาร่า</txt:bold>ได้มา เหมือนว่านักกีฬา<txt:bold,2>โอเอซิส</txt:bold>กับพี่<txt:bold,2>อิซาเบล</txt:bold>ก็จะเข้าร่วมด้วย)</txt:color>","<txt:color,grey>(E pelo que a <txt:bold,2>Sara</txt:bold> descobriu, o <txt:bold,2>Oásis</txt:bold> e a <txt:bold,2>Isabel</txt:bold> provavelmente vão tá lá também.)</txt:color>"
,,,정다희,,1_언짢,,,"<txt:color,grey>(생각해, <txt:bold,2>정다희</txt:bold>. 내가 할 수 있는 일이 뭘까.)</txt:color>","<txt:color,grey>(Think, <txt:bold,2>Dahee</txt:bold>. What can you do?)</txt:color>","<txt:color,grey>(考えろ、<txt:bold,2>飛鳥夏希</txt:bold>。私にできることは何なのか)</txt:color>","<txt:color,grey>（想想看，<txt:bold,2>郑多熙</txt:bold>。有什么是我能做的。）</txt:color>","<txt:color,grey>（動動腦啊，<txt:bold,2>鄭多熙</txt:bold>。我有什麼能幫上忙的？）</txt:color>","<txt:color,grey>(Думай, <txt:bold,2>Чон Дахи</txt:bold>. Что ты можешь сделать?)</txt:color>","<txt:color,grey>(Fikir, <txt:bold,2>Dahee</txt:bold>. Apa boleh awak buat?)</txt:color>","<txt:color,grey>(Nghĩ đi, <txt:bold,2>Jeong Dahee</txt:bold>. Mình có thể làm được gì?)</txt:color>","<txt:color,grey>(Piensa, <txt:bold,2>Dahee Jung</txt:bold>. ¿Qué es lo que puedo hacer yo?)</txt:color>","<txt:color,grey>(Coba gunakan otakmu, <txt:bold,2>Dahee Jung</txt:bold>. Apa yang bisa aku lakukan.)</txt:color>","<txt:color,grey>(คิดสิ <txt:bold,2>จองดาฮี</txt:bold> สิ่งที่ฉันสามารถทำได้คืออะไรนะ)</txt:color>","<txt:color,grey>(Pensa, <txt:bold,2>Dahee Jung</txt:bold>. O que você pode fazer?)</txt:color>"
,,,정다희,,1_언짢,,,"<txt:color,grey>(어떻게 해야 <txt:bold,2>시우</txt:bold>를 도울 수 있을까.)</txt:color>","<txt:color,grey>(How can I help <txt:bold,2>Siwoo</txt:bold>?)</txt:color>","<txt:color,grey>(どうすれば<txt:bold,2>新</txt:bold>をサポートできるのか)</txt:color>","<txt:color,grey>（怎样才能帮到<txt:bold,2>时宇</txt:bold>呢。）</txt:color>","<txt:color,grey>（要怎麼做才能幫助<txt:bold,2>時宇</txt:bold>？）</txt:color>","<txt:color,grey>(Как помочь <txt:bold,2>Шиу</txt:bold>?)</txt:color>","<txt:color,grey>(Bagaimana saya boleh membantu <txt:bold,2>Siwoo</txt:bold>?)</txt:color>","<txt:color,grey>(Làm sao mới có thể giúp <txt:bold,2>Siwoo</txt:bold>?)</txt:color>","<txt:color,grey>(¿Cómo puedo ayudar a <txt:bold,2>Siwoo</txt:bold>?)</txt:color>","<txt:color,grey>(Untuk bisa dapat membantu <txt:bold,2>Siwoo</txt:bold>.)</txt:color>","<txt:color,grey>(ต้องทำยังไงถึงจะช่วย<txt:bold,2>ชีอู</txt:bold>ได้)</txt:color>","<txt:color,grey>(O que eu posso fazer pra ajudar o <txt:bold,2>Siwoo</txt:bold>?)</txt:color>"
,,,정다희,,1_언짢,pause,,...,...,‥,‥,‥,...,...,...,...,...,...,...
,,,정다희,,1_언짢,pause,silent,"...<wrt:wait,30>세터.","...<wrt:wait,30>A setter.","‥<wrt:wait,30>セッター。","‥<wrt:wait,30>二传手。","‥<wrt:wait,30>二傳手。","...<wrt:wait,30>Связующий!","...<wrt:wait,30>Pengumpan.","...<wrt:wait,30>Chuyền hai.","...<wrt:wait,30>Un colocador.","...<wrt:wait,30>Setter.","...<wrt:wait,30>ตัวเซ็ต","Hum... <wrt:wait,30>Levantador..."
,,,정다희,,1_기본,pause,,"그래, <wrt:wait,30><txt:bold,1>세터가 부족하지 않을까?</txt:bold>","Right, <wrt:wait,30><txt:bold,1>they might be short a setter.</txt:bold>","そうだ、<wrt:wait,30><txt:bold,1>セッターが足りないかも。</txt:bold>","对了，<wrt:wait,30><txt:bold,1>会不会缺二传手？</txt:bold>","對啊，<wrt:wait,30><txt:bold,1>二傳手的人數會不會不夠？</txt:bold>","У них разве есть <wrt:wait,30><txt:bold,1>связующий?</txt:bold>","Betul, <wrt:wait,30><txt:bold,1>mereka mungkin kekurangan seorang pengumpan.</txt:bold>","Đúng rồi, <wrt:wait,30><txt:bold,1>có lẽ đang thiếu chuyền hai?</txt:bold>","Claro, <wrt:wait,30><txt:bold,1>¿no les faltará un colocador?</txt:bold>","Iya, <wrt:wait,30><txt:bold,1>tidakkah mereka kekurangan Setter?</txt:bold>","ใช่แล้ว <wrt:wait,30><txt:bold,1>น่าจะขาดตัวเซ็ตนี่นา?</txt:bold>","É! <wrt:wait,30>Pode ser que tejam precisando de um <txt:bold,1>levantador</txt:bold>..."
,,,정다희,,1_기본,nervous,,"비치발리볼 선수인 <txt:bold,2><txt:color,orange>오아시스</txt:color></txt:bold>라면 세터를 볼 수도 있지만.","<txt:bold,2><txt:color,orange>Oasis</txt:color></txt:bold> plays beach volleyball, so he could set, but...","ビーチバレー選手の<txt:bold,2><txt:color,orange>オアシス</txt:color></txt:bold>選手なら、セッターもできるだろうけど。","虽然沙滩排球选手<txt:bold,2><txt:color,orange>绿洲</txt:color></txt:bold>也能打二传。","雖然身為沙灘排球選手的<txt:bold,2><txt:color,orange>綠洲</txt:color></txt:bold>也能擔任二傳手。","<txt:bold,2><txt:color,orange>Оазис</txt:color></txt:bold> может стать связующим, он же из пляжного волейбола.","<txt:bold,2><txt:color,orange>Oasis</txt:color></txt:bold> bermain bola tampar pantai, jadi dia boleh mengumpan, tetapi...","Nếu là tuyển thủ bóng chuyền bãi biển <txt:bold,2><txt:color,orange>Oasis</txt:color></txt:bold> thì có thể chơi chuyền hai được.","Alguien como <txt:bold,2><txt:color,orange>Oasis</txt:color></txt:bold>, que es jugador de voleibol de playa, podría jugar como colocador, pero...","<txt:bold,2><txt:color,orange>Oasis</txt:color></txt:bold> yang merupakan atlet Beach Volleyball mungkin bisa main dalam posisi Setter.","นักกีฬาวอลเลย์บอลชายหาดอย่าง<txt:bold,2><txt:color,orange>โอเอซิส</txt:color></txt:bold> ก็อาจจะเล่นเป็นตัวเซ็ตได้แหละ","O <txt:bold,2><txt:color,orange>Oásis</txt:color></txt:bold> até consegue levantar, já que joga vôlei de praia..."
,,,정다희,,1_기본,nervous,,"<txt:bold,2><txt:color,orange>오아시스</txt:color></txt:bold> 선수는 항상 경기가 길어지면 <txt:bold,1>움직임이 불편해 보였단 말이지.</txt:bold>","He always <txt:bold,1>seems to struggle with movement as matches drag on.</txt:bold>","<txt:bold,2><txt:color,orange>オアシス</txt:color></txt:bold>選手は、試合が長引くといつも<txt:bold,1>動きがつらそうだったんだよね。</txt:bold>","但<txt:bold,2><txt:color,orange>绿洲</txt:color></txt:bold>选手每次比赛时间一长，<txt:bold,1>行动就会看起来有些吃力。</txt:bold>","但每當比賽時間拉長，<txt:bold,2><txt:color,orange>綠洲</txt:color></txt:bold>選手的<txt:bold,1>動作似乎會變得有些吃力。</txt:bold>","Но в долгих играх <txt:bold,1>его движения немного скованы.</txt:bold>","Dia selalu <txt:bold,1>kelihatan susah bergerak apabila perlawanan berlarutan.</txt:bold>","Nhưng mỗi khi trận đấu kéo dài thì tuyển thủ <txt:bold,2><txt:color,orange>Oasis</txt:color></txt:bold> lúc nào cũng <txt:bold,1>trông có vẻ di chuyển khó khăn.</txt:bold>","Siempre que los partidos se alargaban, <txt:bold,2><txt:color,orange>Oasis</txt:color></txt:bold> <txt:bold,1>parecía tener dificultades para moverse.</txt:bold>","Tapi dari yang aku perhatikan, <txt:bold,2><txt:color,orange>Oasis</txt:color></txt:bold> biasanya <txt:bold,1>terlihat kesulitan kalau pertandingan panjang.</txt:bold>","แต่ถ้าการแข่งขันยืดเยื้อ นักกีฬา<txt:bold,2><txt:color,orange>โอเอซิส</txt:color></txt:bold><txt:bold,1>ก็จะดูเคลื่อนไหวลำบากตลอดเลย</txt:bold>","Mas o <txt:bold,2><txt:color,orange>Oásis</txt:color></txt:bold> sempre parece <txt:bold,1>ter dificuldade pra se mover</txt:bold> quando o jogo se arrasta."
,,,정다희,,1_언짢,nervous,,...역시 이런 곳에 있을 수 없어. 어서...,I can’t just sit here. I need to go...,‥やっぱり、こんなところにはいられない。早く‥,‥真的不能继续待在这里了。得赶紧‥,‥我不能再待在這種地方了。趕快‥,Нельзя просто здесь сидеть. Надо...,Saya tak boleh duduk diam di sini. Saya perlu pergi...,...Quả nhiên mình không thể ở lại chỗ này. Phải mau...,...Definitivamente no puedo quedarme aquí. Tengo que...,...Memang aku tidak bisa diam di sini. Aku harus cepat...,...ฉันจะมัวมาอยู่ในที่แบบนี้ไม่ได้ ต้องรีบ...,Não posso ficar aqui parada! Tenho que...
,,,유리,,1_기본,,,"야, 아주 그냥 동네방네 너 탈출한다고 얘기나 하지 그러냐?","Hey, why don’t you just announce your escape plan to the whole building?",なぁ、もうそこら中に自分が抜け出すって言いふらしたらどうだ？,喂，你要不要干脆向全世界宣布你要逃跑啊？,喂，妳要不要乾脆在社區廣播說妳要逃跑啊？,"Ты бы еще на всю округу прокричала, что собираешься сбежать.","Hei, kenapa tak buat pengumuman kepada seluruh bangunan awak nak lari?","Này, hay là cậu đi khắp nơi thông báo rằng mình đang chuẩn bị trốn đi luôn đi?","Oye, ¿por qué no mejor anuncias a los cuatro vientos que vas a escapar?","Oi, kenapa kamu tidak sekalian saja gunakan megafon untuk mengumumkan niatmu untuk kabur dari sini?",เฮ้ ก็ประกาศให้ชาวบ้านรู้ไปเลยเถอะว่าเธอกำลังจะหนีน่ะ,Ei! Tá anunciando pro mundo que vai fugir?
,,,TAG,,,,,"<cha:pos,유리,2><cha:pos,정다희,-2>","<cha:pos,유리,2><cha:pos,정다희,-2>","<cha:pos,유리,2><cha:pos,정다희,-2>","<cha:pos,유리,2><cha:pos,정다희,-2>","<cha:pos,유리,2><cha:pos,정다희,-2>","<cha:pos,유리,2><cha:pos,정다희,-2>","<cha:pos,유리,2><cha:pos,정다희,-2>","<cha:pos,유리,2><cha:pos,정다희,-2>","<cha:pos,유리,2><cha:pos,정다희,-2>","<cha:pos,유리,2><cha:pos,정다희,-2>","<cha:pos,유리,2><cha:pos,정다희,-2>","<cha:pos,유리,2><cha:pos,정다희,-2>"
,,,정다희,,1_외침,,,"<wrt:delay,1><cha:pop,정다희>핫, 깜짝아! <wrt:wait,30><txt:bold,1><txt:size,2>듣고 있었어?!</txt:size></txt:bold></wrt:delay>","<wrt:delay,1><cha:pop,정다희>Gah, you scared me! <wrt:wait,30><txt:bold,1><txt:size,2>You were listening?!</txt:size></txt:bold></wrt:delay>","<wrt:delay,1><cha:pop,정다희>わっ、びっくりした！<wrt:wait,30><txt:bold,1><txt:size,2>聞いてたの！？</txt:size></txt:bold></wrt:delay>","<wrt:delay,1><cha:pop,정다희>哈，吓死我了！<wrt:wait,30><txt:bold,1><txt:size,2>你都听到了？！</txt:size></txt:bold></wrt:delay>","<wrt:delay,1><cha:pop,정다희>哇！嚇死我了！<wrt:wait,30><txt:bold,1><txt:size,2>你都聽到了？！</txt:size></txt:bold></wrt:delay>","<wrt:delay,1><cha:pop,정다희>Ой! <wrt:wait,30><txt:bold,1><txt:size,2>Ты подслушивал?!</txt:size></txt:bold></wrt:delay>","<wrt:delay,1><cha:pop,정다희>Gah, terkejut saya! <wrt:wait,30><txt:bold,1><txt:size,2>Awak dengar?!</txt:size></txt:bold></wrt:delay>","<wrt:delay,1><cha:pop,정다희>Hả, giật mình! <wrt:wait,30><txt:bold,1><txt:size,2>Cậu nghe thấy hết rồi à?!</txt:size></txt:bold></wrt:delay>","<wrt:delay,1><cha:pop,정다희>¡Ay, qué susto! <wrt:wait,30><txt:bold,1><txt:size,2>¡¿Estabas escuchando?!</txt:size></txt:bold></wrt:delay>","<wrt:delay,1><cha:pop,정다희>Astaga! <wrt:wait,30><txt:bold,1><txt:size,2>Kamu telah dengar?!</txt:size></txt:bold></wrt:delay>","<wrt:delay,1><cha:pop,정다희>อ๊ะ ตกใจหมด! <wrt:wait,30><txt:bold,1><txt:size,2>นายฟังอยู่เหรอ?!</txt:size></txt:bold></wrt:delay>","<wrt:delay,1><cha:pop,정다희>Ai! Que susto! <wrt:wait,30><txt:bold,1><txt:size,2>Você ouviu tudo?!</txt:size></txt:bold></wrt:delay>"
,,,유리,,1_한숨,,,네 목소리가 좀 커야지. 다 들리더라고.,Maybe keep it down. I heard every word.,お前の声がデカすぎるんだよ。全部聞こえてたぞ。,谁让你声音那么大。全听见了。,誰叫妳聲音那麼大。我想不聽都不行。,Твой голос слышно на полкоридора.,Rendahkanlah suara. Semuanya saya dengar.,Tại vì giọng cậu to quá. Nghe rõ hết luôn.,¡Como si hablaras bajito! Se te oye todo.,Suaramu terlalu keras. Terdengar semuanya.,เสียงดังขนาดนี้ก็ได้ยินหมดแหละ,Você tava quase gritando. Claro que ouvi.
,,,유리,,1_기본,,silent,"...<wrt:wait,30>그런데 너 거기에 정말 가려고 하는 거냐?","...<wrt:wait,30>But are you seriously going there?","‥<wrt:wait,30>ところでお前、本気でそこに行くつもりなのか？","‥<wrt:wait,30>不过你真的打算去那里吗？","‥<wrt:wait,30>話說回來，妳真的打算去那裡嗎？","...<wrt:wait,30>Ты серьезно хочешь туда отправиться?","...<wrt:wait,30>Tapi betul ke awak nak pergi ke sana?","...<wrt:wait,30>Nhưng cậu thật sự định đến đó sao?","...<wrt:wait,30>Por cierto, ¿de verdad piensas ir allí?","...<wrt:wait,30>Tapi kamu benar-benar mau pergi ke sana?","...<wrt:wait,30>ว่าแต่เธอจะไปที่นั่นจริงเหรอ?","Mas... <wrt:wait,30>você vai mesmo?"
,,,정다희,,1_외침,,,응?,Huh?,え？,嗯？,嗯？,Куда?,Hah?,Hả?,¿Eh?,Eh?,หืม?,Oi?
,,,유리,,1_기본,pause,,"<txt:bold,2>팬텀 리그</txt:bold>인가 뭔가 내 알 바 아니긴 한데.","This <txt:bold,2>Phantom League</txt:bold> or whatever.","<txt:bold,2>ファントムリーグ</txt:bold>だかなんだか俺には関係ないけどさ。","那个叫什么<txt:bold,2>幻影联赛</txt:bold>的虽然不关我的事。","那個叫<txt:bold,2>幻影聯賽</txt:bold>還什麼的，雖然不關我的事。","В <txt:bold,2>«Фантом-лигу»</txt:bold> или как там ее.","<txt:bold,2>Liga Phantom</txt:bold> ke apa, itu bukan urusan saya.","<txt:bold,2>Phantom League</txt:bold> hay gì đó thì tôi cũng chẳng quan tâm.","No es asunto mío eso de la <txt:bold,2>Liga Fantasma</txt:bold> ni nada de eso, pero...","Memang bukan urusanku mau itu <txt:bold,2>Liga Phantom</txt:bold> atau apa.","<txt:bold,2>แฟนธอมลีก</txt:bold>หรืออะไรนั่นน่ะ ซึ่งมันก็ไม่ใช่เรื่องของฉันหรอก","Eu não ligo pra essa tal <txt:bold,2>Liga Phantom</txt:bold>, mas..."
,,,유리,,1_기본,pause,,"코치 말이 맞아. 학생이 그런 <txt:bold,2>뒷세계에서 벌어지는 일에 얽혀서 좋을 건 하나도 없어.</txt:bold>","But Coach is right. <txt:bold,2>Nothing good comes from a student getting mixed up in underground stuff like that.</txt:bold>","コーチの言う通りだ。学生がそんな<txt:bold,2>裏の世界で起きてることに関わって良いことなんて一つもない。</txt:bold>","但教练说得对。一个学生被卷进这种<txt:bold,2>地下世界的勾当里，绝对没好处。</txt:bold>","但教練說得對。學生要是捲入那種<txt:bold,2>地下世界的勾當，絕對沒好處。</txt:bold>","Я думаю, что тренер прав. <txt:bold,2>Школьнице нечего делать в таком темном месте.</txt:bold>","Tapi Jurulatih betul. <txt:bold,2>Tiada faedah kalau ada pelajar terlibat dalam benda bawah tanah macam tu.</txt:bold>","Huấn luyện viên nói đúng đấy. Học sinh mà dính vào <txt:bold,2>mấy chuyện trong thế giới ngầm đó thì chẳng có gì tốt đâu.</txt:bold>","El entrenador tiene razón. A una estudiante no le traerá nada bueno <txt:bold,2>involucrarse en las cosas que suceden en ese submundo.</txt:bold>","Tapi benar kata Coach. Tidak ada untungnya bagi murid <txt:bold,2>untuk terlibat dengan sisi gelap dunia seperti itu.</txt:bold>","โค้ชพูดถูก การที่นักเรียน<txt:bold,2>เข้าไปพัวพันกับเรื่องที่เกิดขึ้นในวงการมืดแบบนั้นน่ะ ไม่มีอะไรดีเลย</txt:bold>","O treinador tem razão. <txt:bold,2>Não tem nada de bom pra um estudante se meter nesse submundo.</txt:bold>"
,,,유리,,1_기본,pause,,잘못하면 영영 그곳에서 빠져나오지 못할 수도 있어.,One wrong move and you might never get out.,下手したら、永遠にそこから抜け出せなくなるかもしれないんだぞ。,弄不好你可能永远都出不来了。,一不小心，可能就一輩子都脫不了身了。,В худшем случае ты застрянешь там навсегда.,"Silap langkah, takkan keluar nanti.",Lỡ đâu cậu sẽ không bao giờ thoát ra được khỏi đó nữa.,"Si te equivocas, podrías quedarte atrapada allí para siempre.",Salah-salah kamu bisa selamanya terjebak di sana.,ขืนพลาดท่าเข้า ก็อาจออกมาจากที่นั่นไม่ได้ตลอดชีวิต,"Se alguma coisa der errada, pode ser que você nunca saia de lá."
,,,정다희,,1_외침,,,"<txt:shake,1>뭐, 뭐야, 괜히 목소리를 깔고...</txt:shake>","<txt:shake,1>Wh-What’s with that low voice all of a sudden...?</txt:shake>","<txt:shake,1>な、なによ。そんな怖い声出して‥</txt:shake>","<txt:shake,1>干、干嘛突然压低声音‥</txt:shake>","<txt:shake,1>幹、幹嘛啦，沒事把聲調壓得那麼低‥</txt:shake>","<txt:shake,1>Эй, ты чего таким голосом...</txt:shake>","<txt:shake,1>Ke-kenapa suara rendah tiba-tiba...?</txt:shake>","<txt:shake,1>C, cái gì vậy, tự nhiên nói giọng nghiêm túc thế...</txt:shake>","<txt:shake,1>¿Q-qué pasa, por qué de repente pones esa voz tan seria...?</txt:shake>","<txt:shake,1>Eh, kenapa kamu bicara dengan nada serius begitu...</txt:shake>","<txt:shake,1>อะ อะไรเนี่ย ทำไมต้องทำเสียงทุ้มต่ำแบบนั้นด้วย...</txt:shake>","<txt:shake,1>E-espera... por que ficou tão séria de repente?</txt:shake>"
,,,유리,,1_기본,,,...,...,‥,‥,‥,...,...,...,...,...,...,...
,,,유리,,1_기본,,,네가 가겠다면 말리진 않겠지만.,I won’t stop you if you want to go.,お前が行くって言うなら止めないけどさ。,如果你非要去，我也拦不住。,妳要去的話我不會攔妳。,"Если уж решила идти, я останавливать не буду.",Saya takkan halang jika awak nak pergi.,Nếu cậu vẫn muốn đi thì tôi cũng không cản.,"No te detendré si quieres ir, pero...","Kalau memang mau pergi, aku tidak akan melarang.",ถึงฉันคงไม่ห้ามถ้าเธอบอกว่าจะไป,"Se você realmente quiser ir, não vou te impedir."
,,,유리,,1_기본,,,"괜히 일 키우지 말고, 얌전히 어른들의 도움을 기다리는 게 낫지 않겠어?",But wouldn’t it be smarter to sit tight and let the adults handle it?,余計なことしないで、おとなしく大人たちの助けを待ったほうがいいんじゃないか？,但最好别把事情闹大，乖乖等大人来帮忙不是更好吗？,但與其把事情鬧大，不如乖乖等大人們處理不是更好嗎？,"Но может лучше не лезть и просто подождать, пока взрослые помогут?",Tapi bukankah lebih bijak untuk duduk diam dan biar orang dewasa uruskan?,"Nhưng đừng làm lớn chuyện thêm, sao không ngoan ngoãn chờ người lớn giúp đỡ?",¿No sería mejor esperar tranquilamente la ayuda de los adultos en lugar de empeorar las cosas?,"Tapi menurutku, bukankah lebih baik untuk tidak memperbesar masalah dan tunggu bantuan orang dewasa dengan sabar?",แต่การไม่ทำให้เรื่องมันบานปลาย แล้วรอความช่วยเหลือจากผู้ใหญ่อยู่เงียบๆ มันจะไม่ดีกว่าเหรอ?,Mas não complica. Não seria melhor deixar os adultos resolverem isso?
,,,정다희,,1_언짢,,,"...<wrt:wait,30>확실히 네 말이 맞을지도 몰라.","...<wrt:wait,30>Maybe you’re right.","‥<wrt:wait,30>確かに君の言う通りかもしれない。","‥<wrt:wait,30>你说得确实有道理。","‥<wrt:wait,30>你說的或許也有道理。","...<wrt:wait,30>Возможно, ты и прав.","...<wrt:wait,30>Mungkin awak betul.","...<wrt:wait,30>Có lẽ lời cậu nói cũng đúng.","...<wrt:wait,30>Puede que tengas razón.","...<wrt:wait,30>Mungkin kamu benar.","...<wrt:wait,30>นายอาจจะพูดถูกก็ได้","É... <wrt:wait,30>talvez você teja certa."
,,,정다희,,1_언짢,,,멋대로 나서지 않는 편이 나은 일이 있단 건 신물이 날 정도로 잘 알고 있어.,"Believe me, I know better than anyone that there are times when it’s best not to get involved.",でしゃばらないほうがマシかもしれないって、嫌ってほど分かってる。,有些事情不要随便插手比较好，这个道理我早就再清楚不过了。,我也知道有些事不要強出頭比較好，這點我再清楚不過。,"Я прекрасно знаю, что бывают ситуации, когда лучше не вмешиваться.","Percayalah, saya cukup tahu bahawa ada masa lebih baik jangan terlibat.","Tôi hiểu rất rõ, đến phát chán rồi, rằng có những lúc tốt hơn hết là đừng tự ý hành động.","Sé de sobra, hasta estar harta, que a veces es mejor no actuar por cuenta propia.","Aku tahu betul, ada hal yang lebih baik jika tidak ditangani secara sembarangan.",ฉันรู้ดีสุดๆ เลยล่ะว่าบางเรื่องก็ไม่ควรออกโรงตามใจชอบ,Eu sei melhor do que ninguém que às vezes é melhor não agir por conta própria.
,,,정다희,,1_기본,,,"하지만, 응.","But, yeah.",でもね。,但是，嗯。,但是，嗯。,Но все равно.,"Tapi, ya.",Nhưng mà... ừ.,"Sin embargo, sí.",Meski begitu.,แต่ว่านะ,Mas... é.
,,,정다희,,1_기본,,,"<txt:bold,1>난 이제 후회하고 싶지 않아.</txt:bold>","<txt:bold,1>I don’t want any more regrets.</txt:bold>","<txt:bold,1>私はもう後悔したくないの。</txt:bold>","<txt:bold,1>我不想再后悔了。</txt:bold>","<txt:bold,1>我不想再後悔了。</txt:bold>","<txt:bold,1>Я не хочу потом сожалеть.</txt:bold>","<txt:bold,1>Saya tak nak menyesal lagi.</txt:bold>","<txt:bold,1>Tôi không muốn hối hận nữa.</txt:bold>","<txt:bold,1>Ya no quiero tener remordimientos.</txt:bold>","<txt:bold,1>Aku tidak mau menyesal lagi.</txt:bold>","<txt:bold,1>ตอนนี้ฉันไม่อยากมานั่งเสียใจทีหลังแล้ว</txt:bold>","<txt:bold,1>Eu não quero me arrepender de novo.</txt:bold>"
,,,정다희,,1_웃음,,,"분명히 <txt:bold,2><txt:color,orange>시우</txt:color></txt:bold>는 <txt:bold,2>팬텀 리그</txt:bold> 안에서 최선을 다하고 있을 거야.","<txt:bold,2><txt:color,orange>Siwoo</txt:color></txt:bold> is definitely giving it everything he’s got in the <txt:bold,2>Phantom League</txt:bold>.","きっと<txt:bold,2><txt:color,orange>新</txt:color></txt:bold>は、<txt:bold,2>ファントムリーグ</txt:bold>で全力で戦ってるはず。","<txt:bold,2><txt:color,orange>时宇</txt:color></txt:bold>肯定在<txt:bold,2>幻影联赛</txt:bold>里拼尽了全力。","我相信<txt:bold,2><txt:color,orange>時宇</txt:color></txt:bold>在<txt:bold,2>幻影聯賽</txt:bold>一定也在拚盡全力。","Уверена, что <txt:bold,2><txt:color,orange>Шиу</txt:color></txt:bold> там сейчас выкладывается на полную.","<txt:bold,2><txt:color,orange>Siwoo</txt:color></txt:bold> pasti akan berjuang sepenuh hati dalam <txt:bold,2>Liga Phantom</txt:bold>.","Chắc chắn <txt:bold,2><txt:color,orange>Siwoo</txt:color></txt:bold> cũng đang cố gắng hết sức ở trong <txt:bold,2>Phantom League</txt:bold>.","Estoy segura de que <txt:bold,2><txt:color,orange>Siwoo</txt:color></txt:bold> está dando lo mejor de sí en la <txt:bold,2>Liga Fantasma</txt:bold>.","Aku yakin <txt:bold,2><txt:color,orange>Siwoo</txt:color></txt:bold> pasti sedang melakukan yang sebaik dia bisa di <txt:bold,2>Liga Phantom</txt:bold>.","<txt:bold,2><txt:color,orange>ชีอู</txt:color></txt:bold>กำลังพยายามอย่างเต็มที่อยู่ใน<txt:bold,2>แฟนธอมลีก</txt:bold>แน่นอน","Tenho certeza que o <txt:bold,2><txt:color,orange>Siwoo</txt:color></txt:bold> tá dando tudo de si lá na <txt:bold,2>Liga Phantom</txt:bold>."
,,,정다희,,1_웃음,,,"<txt:bold,2><txt:color,orange>사라</txt:color></txt:bold> 씨도 <txt:bold,2><txt:color,orange>시우</txt:color></txt:bold>를 돕기 위해 그곳으로 향했어.","And <txt:bold,2><txt:color,orange>Sara</txt:color></txt:bold>’s already on her way to help him.","<txt:bold,2><txt:color,orange>紗良</txt:color></txt:bold>さんも<txt:bold,2><txt:color,orange>新</txt:color></txt:bold>を助けるためにそこへ向かった。","<txt:bold,2><txt:color,orange>莎拉</txt:color></txt:bold>也是为了帮<txt:bold,2><txt:color,orange>时宇</txt:color></txt:bold>才去了那里。","連<txt:bold,2><txt:color,orange>莎拉</txt:color></txt:bold>也都為了幫助<txt:bold,2><txt:color,orange>時宇</txt:color></txt:bold>趕往那裡了。","И <txt:bold,2><txt:color,orange>Сара</txt:color></txt:bold> уже отправилась, чтобы помочь ему.","Dan <txt:bold,2><txt:color,orange>Sara</txt:color></txt:bold> sudah dalam perjalanan untuk membantunya.<txt:bold,2><txt:color,orange></txt:color></txt:bold>","<txt:bold,2><txt:color,orange>Sara</txt:color></txt:bold> cũng đang trên đường tới đó để giúp <txt:bold,2><txt:color,orange>Siwoo</txt:color></txt:bold>.","<txt:bold,2><txt:color,orange>Sara</txt:color></txt:bold> también se dirigió hacia allá para ayudar a <txt:bold,2><txt:color,orange>Siwoo</txt:color></txt:bold>.","<txt:bold,2><txt:color,orange>Sara</txt:color></txt:bold> juga sedang pergi kesana untuk membantu <txt:bold,2><txt:color,orange>Siwoo</txt:color></txt:bold>.","คุณ<txt:bold,2><txt:color,orange>ซาร่า</txt:color></txt:bold>ก็กำลังไปที่นั่นเพื่อช่วย<txt:bold,2><txt:color,orange>ชีอู</txt:color></txt:bold>","A <txt:bold,2><txt:color,orange>Sara</txt:color></txt:bold> também foi até lá pra ajudar o <txt:bold,2><txt:color,orange>Siwoo</txt:color></txt:bold>."
,,,정다희,,1_기본,,,적어도 두 사람과 같은 장소에 있고 싶어.,The least I can do is be there with them.,せめて、二人と同じ場所にいたいの。,至少，我想和他们待在同一个地方。,我至少要跟他們在同一個地方。,Я хочу быть вместе с ними.,Paling sedikit saya boleh buat ialah bersama mereka.,Ít nhất tôi cũng muốn ở cùng một nơi với hai người họ.,Al menos quiero estar en el mismo lugar que ellos dos.,Setidaknya aku ingin berada di tempat yang sama dengan mereka.,อย่างน้อยฉันก็อยากอยู่ในที่เดียวกับทั้งสองคน,Quero pelo menos tá no mesmo lugar que eles dois.
,,,정다희,,3_활짝,,,"헤헷, 그리고 <txt:bold,2><txt:color,orange>시우</txt:color></txt:bold>와는 1년간 항상 함께였거든.","Heheh, besides, <txt:bold,2><txt:color,orange>Siwoo</txt:color></txt:bold> and I have been a team for a whole year now.","えへへ、それに<txt:bold,2><txt:color,orange>新</txt:color></txt:bold>とは1年間ずっと一緒だったんだから。","嘿嘿，而且我和<txt:bold,2><txt:color,orange>时宇</txt:color></txt:bold>这一年来一直都在一起。","嘿嘿，而且這一年來，我可是跟<txt:bold,2><txt:color,orange>時宇</txt:color></txt:bold>形影不離呢。","Хех, мы с <txt:bold,2><txt:color,orange>Шиу</txt:color></txt:bold> весь год были рядом.","Heheh, lagipun, <txt:bold,2><txt:color,orange>Siwoo</txt:color></txt:bold> dan saya sudah sepasukan selama setahun.","Hehe, hơn nữa tôi với <txt:bold,2><txt:color,orange>Siwoo</txt:color></txt:bold> đã luôn đồng hành cùng nhau suốt một năm.","Jeje, además, he estado siempre junto a <txt:bold,2><txt:color,orange>Siwoo</txt:color></txt:bold> durante un año.","Hehe, dan aku selalu bersama <txt:bold,2><txt:color,orange>Siwoo</txt:color></txt:bold> selama setahun terakhir ini.","ฮิฮิ แล้วก็ฉันอยู่กับ<txt:bold,2><txt:color,orange>ชีอู</txt:color></txt:bold>มาตลอด 1 ปีเลยนะ","Hehe, eu e o <txt:bold,2><txt:color,orange>Siwoo</txt:color></txt:bold> ficamos juntos por um ano inteiro."
,,,정다희,,1_기본,,,가만히 앉아서 기다리기만 하는 건 내 성격에 맞지 않다고.,Sitting around and waiting just isn’t my style.,じっと座って待ってるだけなんて、私の性に合わないの。,坐着干等可不符合我的性格。,叫我就這樣坐著乾等，完全不符合我的個性。,Я не умею просто сидеть и ждать.,Duduk dan menunggu bukan gaya saya.,Ngồi yên một chỗ chỉ để chờ đợi không phải tính cách của tôi.,No va con mi forma de ser simplemente quedarme sentada esperando.,Hanya duduk diam menunggu itu bukan sifatku.,การเอาแต่นั่งรออยู่เฉยๆ มันไม่ใช่นิสัยของฉันเลย,Não sou do tipo que fica esperando de braços cruzados.
,,,유리,,1_한숨,wave,silent,"...<wrt:wait,30>어휴,<wrt:wait,30> 옛날이랑 똑같구나, 꼴통.","...<wrt:wait,30>Sheesh,<wrt:wait,30> you haven’t changed a bit, blockhead.","‥<wrt:wait,30>はぁ。<wrt:wait,30>昔と変わらないな、このバカは。","‥<wrt:wait,30>唉，<wrt:wait,30>还和以前一样是个死脑筋。笨蛋。","‥<wrt:wait,30>唉，<wrt:wait,30>妳還真是一點都沒變，笨蛋。","...<wrt:wait,30>Ох.<wrt:wait,30> Ты совсем не изменилась, дурында.","...<wrt:wait,30>Aduh,<wrt:wait,30> awak tak berubah langsung, si kepala batu.","...<wrt:wait,30>Ôi trời,<wrt:wait,30> vẫn y như ngày xưa nhỉ, đồ đầu đất.","...<wrt:wait,30>Uf,<wrt:wait,30> sigues siendo la misma de siempre, cabeza hueca.","...<wrt:wait,30>Aduh,<wrt:wait,30> kamu masih sama seperti dulu, anak bego.","...<wrt:wait,30>เฮ้อ<wrt:wait,30> เหมือนเดิมไม่เปลี่ยนเลยนะ ยัยบื้อ","<wrt:wait,30>Tsk... <wrt:wait,30>continua a mesma, sua cabeça-dura."
,,,정다희,,1_외침,,,야! 내가 꼴통이라고 부르지 말랬지! ,Hey! I told you to stop calling me that!,ちょっと！私のことバカって呼ぶなって言ったでしょ！,喂！我说了别叫我笨蛋！,喂！我不是說過別叫我笨蛋了嗎！,Я же просила не называть меня так!,Hei! Dah cakap jangan panggil saya begitu!,Này! Tôi đã bảo đừng gọi tôi là đầu đất rồi mà!,¡Oye! ¡Te dije que no me llames cabeza hueca!,Hei! Sudah kubilang jangan panggil aku bego!,นี่! ฉันบอกแล้วใช่ไหมว่าอย่าเรียกว่ายัยบื้อน่ะ!,Ei! Já falei pra não me chamar de cabeça-dura!
,,,유리,,1_한숨,,,그럼 사고를 치지 마. 그 짧은 다리만큼이나 생각도 짧은 건 아주 잘 알고 있으니까.,Then stop doing stupid things. You never think any further ahead than those short legs can carry you.,じゃあ問題を起こすなよ。その短い足と同じくらい考えも浅いのはよく分かってるからさ。,那你就别惹事。我很清楚你跟你那短腿一样，考虑问题一向不长远。,那就別再闖禍了。我可是很清楚妳思考的長度就跟妳那小短腿一樣。,"Тогда не попадай в неприятности. А то у тебя и рост мал, и ум короток.",Jangan buat benda bodoh lah. Saya dah tahu otak awak pendek macam kaki awak.,Vậy thì đừng gây chuyện nữa. Não của cậu cũng ngắn y như đôi chân của cậu vậy.,Entonces no causes problemas. Sé muy bien que tus pensamientos son tan cortos como tus piernas.,"Kalau begitu, jangan bikin masalah. Aku tahu pikiranmu itu sependek kakimu.",ถ้างั้นก็อย่าสร้างเรื่องล่ะ เพราะฉันรู้ว่าความคิดเธอสั้นเหมือนขาของเธอเลย,Então para de se meter em fria. Seu pensamento é tão curto quanto suas perninhas.
,,,정다희,,1_삐약,,,"너, 정말!! 내가 은근히 키 신경 쓰는 거 알면서!",You...! You know I’m touchy about my height!,まったくもう！！私が密かに身長気にしてるの知ってるくせに！,你真是的！！明知道我有多在意身高！,你說什麼！！你明明知道我很在意身高的！,"Эй, ты же знаешь, что я комплексую из-за роста.",Awak...! Awak tahu saya sensitif bab ketinggian saya!,Cậu thật là!! Biết rõ là tôi rất để ý chuyện chiều cao mà!,"¡¡Tú, de verdad!! ¡Y sabiendo que secretamente me acompleja mi altura!","Kamu, serius!! Padahal kamu tahu aku diam-diam peduli soal tinggi badanku!",นายนี่มัน!! รู้ทั้งรู้ว่าฉันแอบซีเรียสเรื่องส่วนสูงแท้ๆ!,Você é horrível! Você sabe que eu ligo pra minha altura!
,,,유리,,2_썩소,,joy,"푸핫, 이제 와 신경 쓸 거 있냐? <txt:wave,1>그럼 우유를 좀 더 마시는 게 어때?</txt:wave>","Pfft, what’s there to be touchy about at this point? <txt:wave,1>Maybe try drinking more milk.</txt:wave>","ぷっ、今さら気にすることか？<txt:wave,1>じゃあもっと牛乳でも飲んだらどうだ？</txt:wave>","噗哈，事到如今还在意什么？<txt:wave,1>不如多喝点牛奶怎么样？</txt:wave>","噗哈，事到如今有什麼好在意的？<txt:wave,1>不然妳多喝點牛奶試試看啊？</txt:wave>","Ха-ха! <txt:wave,1>Тогда пей больше молока.</txt:wave>","Pfft, apa yang nak disensitifkan dah ni? <txt:wave,1>Cuba minum lebih banyak susu.</txt:wave>","*Phì* Giờ mới để ý thì có ích gì. <txt:wave,1>Hay là uống thêm sữa đi?</txt:wave>","Pfff, ¿y ahora qué importa eso? <txt:wave,1>Entonces, ¿por qué no bebes más leche?</txt:wave>","Hahaha, sekarang baru peduli? <txt:wave,1>Bagaimana kalau kamu coba minum lebih banyak susu?</txt:wave>","ฮะฮ่า จะมาซีเรียสอะไรตอนนี้เล่า? <txt:wave,1>ถ้างั้นก็ดื่มนมเพิ่มสักหน่อยเป็นไง?</txt:wave>","Pfft, agora liga? <txt:wave,1>Então toma mais leite!</txt:wave>"
,,,유리,,2_썩소,,,"아, 맞다. 아직도 흰 우유 싫어하던가? 완전 애네, 애.","Oh, right. Do you still hate plain milk? What a baby.",あ、そうだ。まだ牛乳が苦手なんだっけ？ホントに子供だな。,啊，对了。你还讨厌喝纯牛奶对吧？真是个小屁孩啊。,啊，對了。妳還是討厭喝原味牛奶嗎？根本就跟小孩一樣嘛。,"Точно, ты же молоко терпеть не можешь. Совсем как ребенок.","Oh, betul. Awak masih benci susu biasa? Macam budak kecil.",À đúng rồi. Cậu vẫn ghét sữa tươi nguyên vị nhỉ? Đúng là trẻ con.,"Ah, es cierto. ¿Aún odias la leche sola? Eres toda una niña, una niña.","Ah, iya. Masih tidak suka susu putih ya? Dasar bocah.",อ้อ จริงสิ เธอยังไม่ชอบนมจืดอยู่รึเปล่านะ? เด็กน้อยของแท้เลย,"Ah, é verdade. Ainda não gosta de leite? Que criança."
,,,선수 A,,,,,너희들! 이제 곧 훈련이야! 당장 자리로 돌아가!,"You two! Training starts soon! Get back to your positions, now!",お前たち！もうすぐ練習だぞ！さっさと戻れ！,你们几个！马上要训练了！赶快归队！,你們幾個！訓練馬上就要開始了！快點回位子上！,"Эй, вы двое! Скоро тренировка! Быстро на свои места!","Kamu berdua! Latihan akan bermula tidak lama lagi! Kembali ke posisi, sekarang!",Mấy đứa kia! Sắp đến giờ huấn luyện rồi! Mau quay về vị trí!,¡Ustedes! ¡El entrenamiento está por comenzar! ¡Regresen a sus posiciones ahora mismo!,Kalian disana! Sebentar lagi latihan dimulai! Cepat kembali ke tempat!,พวกเธอน่ะ! ใกล้จะได้เวลาฝึกซ้อมแล้วนะ! รีบกลับไปเข้าที่เลย!,"Ei, vocês! O treino vai começar! Cada um pro seu lugar!"
,경기 승리,#,MAP,,,,,콜로세움_밤,콜로세움_밤,콜로세움_밤,콜로세움_밤,콜로세움_밤,콜로세움_밤,콜로세움_밤,콜로세움_밤,콜로세움_밤,콜로세움_밤,콜로세움_밤,콜로세움_밤
,,#,BGM,,,,,BGM_INTO_THE_UNDERGROUND,BGM_INTO_THE_UNDERGROUND,BGM_INTO_THE_UNDERGROUND,BGM_INTO_THE_UNDERGROUND,BGM_INTO_THE_UNDERGROUND,BGM_INTO_THE_UNDERGROUND,BGM_INTO_THE_UNDERGROUND,BGM_INTO_THE_UNDERGROUND,BGM_INTO_THE_UNDERGROUND,BGM_INTO_THE_UNDERGROUND,BGM_INTO_THE_UNDERGROUND,BGM_INTO_THE_UNDERGROUND
,,#,정다희,0,4_경계,,,,,,,,,,,,,,
,,#,유리,4,1_썩소,,,,,,,,,,,,,,
,,#,정인호,4,1_기본,,,,,,,,,,,,,,
,,#,빅토르_실루엣,4,1_기본,,,,,,,,,,,,,,
,,,-,,,,,"<txt:bold,3><txt:color,grey>~이른 새벽, 콜로세움~</txt:color></txt:bold>","<txt:bold,3><txt:color,grey>Early dawn, the Colosseum</txt:color></txt:bold>","<txt:bold,3><txt:color,grey>～早朝、コロッセオ～</txt:color></txt:bold>","<txt:bold,3><txt:color,grey>～清晨，竞技场～</txt:color></txt:bold>","<txt:bold,3><txt:color,grey>～清晨，競技場～</txt:color></txt:bold>","<txt:bold,3><txt:color,grey>Раннее утро. Колизей</txt:color></txt:bold>","<txt:bold,3><txt:color,grey>Awal pagi, Colosseum</txt:color></txt:bold>","<txt:bold,3><txt:color,grey>~ Rạng sáng tại Đấu Trường ~</txt:color></txt:bold>","<txt:bold,3><txt:color,grey>De madrugada, Coliseo</txt:color></txt:bold>","<txt:bold,3><txt:color,grey>~Dini hari, Colosseum~</txt:color></txt:bold>","<txt:bold,3><txt:color,grey>~ช่วงเช้ามืด, โคลอสเซียม~</txt:color></txt:bold>","<txt:bold,3><txt:color,grey>#Amanhecer no Coliseu</txt:color></txt:bold>"
,,,정다희,,4_경계,,,이번엔 정말 들키면 안 돼.,I absolutely cannot get caught this time.,今度こそ絶対に見つかっちゃダメ。,这次绝对不能被发现。,這次絕對不能被發現。,Только бы не попасться.,Kali ini betul-betul tak boleh kena tangkap.,Lần này nhất định không để bị phát hiện.,Esta vez no me pueden descubrir.,Kali ini aku benar-benar tidak boleh ketahuan.,ครั้งนี้ต้องห้ามโดนจับได้เด็ดขาดเลย,Dessa vez não posso ser pega de jeito nenhum.
,,,정다희,,4_경계,,,"조용히... <wrt:wait,30>조용히 나가는 거야...","Quietly... <wrt:wait,30>Nice and quiet...","そっと‥<wrt:wait,30>そーっと出るの‥","悄悄地‥<wrt:wait,30>悄悄地出去‥","悄悄地‥<wrt:wait,30>悄悄溜出去‥","Спокойно...<wrt:wait,30>Аккуратно...","Diam-diam... <wrt:wait,30>Senyap-senyap...","Lặng lẽ... <wrt:wait,30>lặng lẽ đi ra ngoài thôi...","En silencio... <wrt:wait,30>Tengo que salir en silencio...","Harus keluar diam-diam... <wrt:wait,30>Tanpa suara...","ค่อยๆ... <wrt:wait,30>ออกไปเงียบๆ...","Calma... <wrt:wait,30>bem quietinha... é só sair..."
,,,TAG,,,,,"<sys:quiet,600>","<sys:quiet,600>","<sys:quiet,600>","<sys:quiet,600>","<sys:quiet,600>","<sys:quiet,600>","<sys:quiet,600>","<sys:quiet,600>","<sys:quiet,600>","<sys:quiet,600>","<sys:quiet,600>","<sys:quiet,600>"
,,,???,,,,,"<txt:wave,1>코치님~ 여기 좀 보세요!</txt:wave><cha:pos,유리,2><cha:pos,정다희,-2>","<txt:wave,1>Coach! Over here, come look!</txt:wave><cha:pos,유리,2><cha:pos,정다희,-2>","<txt:wave,1>コーチ～こっち来てください！</txt:wave><cha:pos,유리,2><cha:pos,정다희,-2>","<txt:wave,1>教练～看这边！</txt:wave><cha:pos,유리,2><cha:pos,정다희,-2>","<txt:wave,1>教練～您快看這裡！</txt:wave><cha:pos,유리,2><cha:pos,정다희,-2>","<txt:wave,1>Тренер, идите сюда!</txt:wave><cha:pos,유리,2><cha:pos,정다희,-2>","<txt:wave,1>Jurulatih! Sini, tengok!</txt:wave><cha:pos,유리,2><cha:pos,정다희,-2>","<txt:wave,1>Huấn luyện viên ơi! Nhìn bên này đi!</txt:wave><cha:pos,유리,2><cha:pos,정다희,-2>","<txt:wave,1>¡Entrenador, mire aquí!</txt:wave><cha:pos,유리,2><cha:pos,정다희,-2>","<txt:wave,1>Coach~ coba lihat ini!</txt:wave><cha:pos,유리,2><cha:pos,정다희,-2>","<txt:wave,1>โค้ช~ ช่วยมาดูตรงนี้หน่อยครับ!</txt:wave><cha:pos,유리,2><cha:pos,정다희,-2>","<txt:wave,1>Treinador! Vem ver isso aqui!</txt:wave><cha:pos,유리,2><cha:pos,정다희,-2>"
,,,정다희,,1_외침,,,"꺅?! <cha:pop,정다희>...유, <wrt:wait,30><txt:bold,2><txt:color,orange>유리</txt:color></txt:bold>?! 아빠! 그게 아니라...!","Eek?! <cha:pop,정다희>...Y-<wrt:wait,30><txt:bold,2><txt:color,orange>Yuri</txt:color></txt:bold>?! Dad! It’s not like that...!","きゃっ！？<cha:pop,정다희>‥ユ、<wrt:wait,30><txt:bold,2><txt:color,orange>ユーリ</txt:color></txt:bold>！？お父さん！これにはワケが‥！","呀？！<cha:pop,정다희>‥尤，<wrt:wait,30><txt:bold,2><txt:color,orange>尤里</txt:color></txt:bold>？！爸爸！不是那样的‥！","啊？！<cha:pop,정다희>‥尤、<wrt:wait,30><txt:bold,2><txt:color,orange>尤里</txt:color></txt:bold>？！爸爸！不是那樣的‥！","Ой! <cha:pop,정다희>Ю-<wrt:wait,30><txt:bold,2><txt:color,orange>Юрий</txt:color></txt:bold>?! Папа? Только не это!","Eek?! <cha:pop,정다희>...Y-<wrt:wait,30><txt:bold,2><txt:color,orange>Yuri</txt:color></txt:bold>?! Ayah! Saya bukan...!","Á?! <cha:pop,정다희>...Yu, <wrt:wait,30><txt:bold,2><txt:color,orange>Yuri</txt:color></txt:bold>?! Bố! Không phải vậy đâu...!","¡¿Kya?! <cha:pop,정다희>...Yu, <wrt:wait,30>¡¿<txt:bold,2><txt:color,orange>Yuri</txt:color></txt:bold>?! ¡Papá! ¡Eso no es...!","Kyahh?! <cha:pop,정다희>...Yu, <wrt:wait,30><txt:bold,2><txt:color,orange>Yuri</txt:color></txt:bold>?! Papa! Jadi ini itu...!","กรี๊ด?! <cha:pop,정다희>...ยะ <wrt:wait,30><txt:bold,2><txt:color,orange>ยูริ</txt:color></txt:bold>?! พ่อ! มันไม่ใช่แบบนั้นนะ...!","Aah! <cha:pop,정다희>Yu... <wrt:wait,30><txt:bold,2><txt:color,orange>Yuri?! </txt:color></txt:bold>Pai! Não é o que parece..."
,,,정다희,,1_당황,,quest,"...<wrt:wait,30>뭐야. <wrt:wait,30>아무도 없잖아?","<wrt:wait,30>Wait... <wrt:wait,30>There’s no one here.","‥<wrt:wait,30>なによ。誰もいないじゃん？<wrt:wait,30>","‥<wrt:wait,30>什么嘛。<wrt:wait,30>根本没人啊？","‥<wrt:wait,30>什麼啊。<wrt:wait,30>根本沒人嘛？","...<wrt:wait,30>Так. <wrt:wait,30>Тут никого нет.","<wrt:wait,30>Tunggu... <wrt:wait,30>Tiada sesiapa di sini.","...<wrt:wait,30>Cái gì vậy. <wrt:wait,30>Có ai đâu?","...<wrt:wait,30>Qué. <wrt:wait,30>¿No hay nadie?","...<wrt:wait,30>Apa ini? <wrt:wait,30>Tidak ada siapa-siapa?","...<wrt:wait,30>อะไรเนี่ย <wrt:wait,30>ไม่มีใครสักหน่อย?","<wrt:wait,30>Ué... <wrt:wait,30>Não tem ninguém."
,,,TAG,,,,,"<sys:bgm,BGM_MEET_YURI,600>","<sys:bgm,BGM_MEET_YURI,600>","<sys:bgm,BGM_MEET_YURI,600>","<sys:bgm,BGM_MEET_YURI,600>","<sys:bgm,BGM_MEET_YURI,600>","<sys:bgm,BGM_MEET_YURI,600>","<sys:bgm,BGM_MEET_YURI,600>","<sys:bgm,BGM_MEET_YURI,600>","<sys:bgm,BGM_MEET_YURI,600>","<sys:bgm,BGM_MEET_YURI,600>","<sys:bgm,BGM_MEET_YURI,600>","<sys:bgm,BGM_MEET_YURI,600>"
,,,유리,,1_썩소,,,푸흡. 지금처럼 소리 질러대면 진짜로 오실지도 모르지.,Pfft. Keep screaming like that and he might actually show up.,ぷっ。今みたいに叫んでたら本当に来るかもな。,噗嗤。你要是像刚才那样大叫，没准他真会过来。,噗唔。如果妳繼續這樣大吼大叫，他可能真的會過來喔。,"Ха, если будешь орать, он и правда придет.","Pfft. Jerit lagi macam tu, nanti dia betul-betul muncul.",*Phụt* Nếu cậu cứ hét lên như thế thì có khi ông ấy đến thật đấy.,"Pfff. Si gritas así de fuerte, de verdad podría venir.","Puhahaha. Kalau kamu terus teriak seperti ini, maka mungkin saja dia datang beneran.",อุ๊บ ถ้าเธอแผดเสียงเหมือนตอนนี้ล่ะก็ โค้ชอาจจะมาจริงก็ได้นะ,"Haha. Se continuar berrando assim, ele pode vir de verdade."
,,,정다희,,1_삐약,,,"<txt:shake,1>너, 정말...!</txt:shake>","<txt:shake,1>You are the worst...!</txt:shake>","<txt:shake,1>ちょっと、いい加減に‥！</txt:shake>","<txt:shake,1>你这家伙，真是‥！</txt:shake>","<txt:shake,1>你這傢伙，真是‥！</txt:shake>","<txt:shake,1>Ну ты и...!</txt:shake>","<txt:shake,1>Awak ni memang teruk...!</txt:shake>","<txt:shake,1>Cậu...!</txt:shake>","<txt:shake,1>¡Tú, de verdad...!</txt:shake>","<txt:shake,1>Kamu itu, benar-benar...!</txt:shake>","<txt:shake,1>นายนี่มัน...!</txt:shake>","<txt:shake,1>Sério, você é...</txt:shake>"
,,,유리,,1_기본,,,속은 네가 바보지.,You’re the idiot who fell for it.,騙されたお前がバカなんだろ。,会被骗到的你才是笨蛋。,會上當是妳太笨吧。,Ты все равно повелась.,Awak yang bodoh terpedaya.,Cậu bị lừa là do cậu ngốc thôi.,Tonta eres tú por caer en eso.,Kamu itu bodoh karena tertipu.,เธอบื้อให้โดนหลอกเองต่างหาก,"Quem caiu foi você, sua boba."
,,,유리,,1_기본,,,"그래서, 진짜 가는 거냐?","So, you’re really going?",で、本当に行くのか？,所以，你真的要去？,所以，妳真的要走？,"Значит, все-таки уходишь?","Jadi, awak betul-betul nak pergi?","Vậy, cậu thật sự định đi à?","Entonces, ¿de verdad te vas?","Jadi, kamu beneran niat pergi?",แล้วตกลงจะไปจริงเหรอ?,Então... vai mesmo?
,,,정다희,,1_언짢,,,흥... 그래.,Hmph... Yeah.,ふん‥そうよ。,哼‥对。,哼‥沒錯。,Ага.,Hmph... Ya.,Hừ... đúng vậy.,Hmph... Sí.,Hmm... Iya.,เฮอะ... ใช่,Humph... vou sim.
,,,유리,,1_한숨,,,질리지도 않나 보네.,"Never gets old, does it.",よく飽きないな。,你还真是不嫌烦啊。,妳還真是百折不撓耶。,И тебе не надоело?,"Tak pernah bosan, kan.",Cậu cũng không biết chán nhỉ.,Parece que no te cansas.,Kamu itu tidak bosan ya.,ดูไม่เข็ดเลยแฮะ,"Você não cansa, né?"
,,,유리,,1_기본,,,이번이 몇 번째더라. 다섯 번? 여섯 번?,How many times has it been? Five? Six?,これで何回目だ？5回？6回？,这次是第几次了？第五次？第六次？,這次是第幾次啦？第五次？還是第六次？,Это уже какой раз? Пятый? Шестой?,Berapa kali dah? Lima? Enam?,Đây là lần thứ mấy rồi nhỉ. Lần thứ năm? Hay thứ sáu?,¿Cuántas veces van ya? ¿Cinco? ¿Seis?,Ini percobaan keberapa kali mu? Lima? Atau enam?,ครั้งนี้เป็นครั้งที่เท่าไหร่แล้วนะ ครั้งที่ห้าหรือหก?,Já perdi a conta... Quantas vezes já foram? Cinco? Seis?
,,,정다희,,1_언짢,,,...일곱 번. 그래도 이번엔 다를 거야.,Seven... But this time is different.,‥7回よ。でも、今度は違うから。,‥第七次。不过这次不一样了。,‥第七次。不過這次一定會成功的。,Седьмой. Но в этот раз все будет иначе.,Tujuh... Tapi kali ini berbeza.,...Là lần thứ bảy. Nhưng lần này sẽ khác.,...Siete. Pero esta vez será diferente.,...Tujuh kali. Aku yakin kali ini akan berbeda.,...ครั้งที่เจ็ด แต่ครั้งนี้มันจะต่างออกไป,"Sete, mas dessa vez vai dar certo."
,,,정다희,,1_언짢,,,"부탁이야, <txt:bold,2><txt:color,orange>유리</txt:color></txt:bold>. 한 번만 모른 척해 줘.","Please, <txt:bold,2><txt:color,orange>Yuri</txt:color></txt:bold>. Just look the other way this once.","お願い、<txt:bold,2><txt:color,orange>ユーリ</txt:color></txt:bold>。一度だけ見逃して。","拜托了，<txt:bold,2><txt:color,orange>尤里</txt:color></txt:bold>。就这一次，装作没看见吧。","拜託啦，<txt:bold,2><txt:color,orange>尤里</txt:color></txt:bold>。這一次就當作沒看到嘛。","Пожалуйста, <txt:bold,2><txt:color,orange>Юрий</txt:color></txt:bold>, сделай вид, что меня не видел.","Tolonglah, <txt:bold,2><txt:color,orange>Yuri</txt:color></txt:bold>. Abaikan saja kali ini.","Làm ơn đi, <txt:bold,2><txt:color,orange>Yuri</txt:color></txt:bold>. Chỉ cần một lần thôi, giả vờ không thấy tôi nhé.","Te lo ruego, <txt:bold,2><txt:color,orange>Yuri</txt:color></txt:bold>. Finge que no me viste, solo por esta vez.","Aku mohon, <txt:bold,2><txt:color,orange>Yuri</txt:color></txt:bold>. Untuk kali ini saja anggap kamu tidak melihat apa-apa disini.","ฉันขอร้องล่ะ <txt:bold,2><txt:color,orange>ยูริ</txt:color></txt:bold> ช่วยทำเป็นไม่รู้ไม่เห็นสักครั้งที","Por favor, <txt:bold,2><txt:color,orange>Yuri</txt:color></txt:bold>. Faz de conta que não viu nada."
,,,정다희,,1_외침,,,딱 한 번만!! 다음에 네가 좋아하는 록밴드 앨범이라도 사다 줄게!!,Just this once! I’ll buy you that rock album you wanted!,一回でいいの！！今度、君の好きなロックバンドのアルバムでも買ってあげるから！！,就这一次！！下次我给你买你喜欢的摇滚乐队专辑！！,就這一次！！下次我買你最喜歡的搖滾樂團專輯送你！！,Всего раз. А я куплю тебе альбом твоей любимой группы!,Kali ini sahaja! Saya akan belikan album rock yang awak nak!,Chỉ một lần thôi!! Lần sau tôi sẽ mua cho cậu album ban nhạc rock mà cậu thích!!,¡Solo esta vez! ¡¡La próxima te compraré el álbum de la banda de rock que te gusta!!,Sekali ini saja!! Nanti aku akan belikan album Rock Band yang kamu sukai!!,แค่ครั้งเดียวเท่านั้น!! เดี๋ยวครั้งหน้าฉันจะซื้ออัลบั้มวงร็อกที่นายชอบมาให้!!,Só dessa vez! Te dou um álbum daquela banda de rock que você ama!
,,,유리,,2_썩소,wave,,그래?,Yeah?,そうか？,哦？,是嗎？,Правда?,Ya?,Vậy à?,"¿Ah, sí?",Beneran?,งั้นเหรอ?,Sério?
,,,유리,,2_썩소,wave,,"<txt:wave,1><txt:rainbow,1>특별 한정판이면 생각해 볼 수도 있는데.</txt:rainbow></txt:wave>","<txt:wave,1><txt:rainbow,1>If it’s the limited edition, I might consider it.</txt:rainbow></txt:wave>","<txt:wave,1><txt:rainbow,1>特別限定盤なら考えてやってもいいけど。</txt:rainbow></txt:wave>","<txt:wave,1><txt:rainbow,1>如果是特别限量版，我倒是可以考虑。</txt:rainbow></txt:wave>","<txt:wave,1><txt:rainbow,1>如果是特別限定版的話，我倒是可以考慮看看。</txt:rainbow></txt:wave>","<txt:wave,1><txt:rainbow,1>Если купишь лимитированное издание, то подумаю.</txt:rainbow></txt:wave>","<txt:wave,1><txt:rainbow,1>Kalau edisi terhad, saya mungkin pertimbangkan.</txt:rainbow></txt:wave>","<txt:wave,1><txt:rainbow,1>Nếu là bản giới hạn đặc biệt thì tôi có thể cân nhắc.</txt:rainbow></txt:wave>","<txt:wave,1><txt:rainbow,1>Podría considerarlo si es la edición especial limitada.</txt:rainbow></txt:wave>","<txt:wave,1><txt:rainbow,1>Aku bisa coba pikirkan jika itu edisi spesial.</txt:rainbow></txt:wave>","<txt:wave,1><txt:rainbow,1>ถ้าเป็นอัลบั้มลิมิเต็ดสุดพิเศษ จะลองคิดดูก็ได้นะ</txt:rainbow></txt:wave>","<txt:wave,1><txt:rainbow,1>Se for edição limitada... posso até considerar.</txt:rainbow></txt:wave>"
,,,정다희,,4_경계,,,비싼 것만 고른다니까...!,Of course you’d pick the expensive one...!,高いのばっかり選ぶんだから‥！,你还专挑贵的‥！,你這傢伙專挑貴的選‥！,Специально самое дорогое выбираешь?,Mestilah awak pilih yang mahal...!,Cậu toàn chọn mấy cái đắt tiền thôi...!,¡Siempre eligiendo lo más caro...!,Kamu itu hanya milih yang mahal-mahal...!,เลือกแต่ของแพงนี่นา...!,Claro que tinha que ser a mais cara!
,,,정다희,,1_외침,,,"아, 알았어! 약속한 거다!","Ugh, fine! It’s a deal!",わ、分かった！約束だからね！,啊，知道了！那说好咯！,好啦，我知道了！說好囉！,"Ладно, договорились!","Ugh, baiklah! Setuju!","Đ, được rồi! Hứa đấy nhé!","¡Ah, está bien! ¡Es una promesa!",Ba-baiklah! Kamu janji ya!,กะ ก็ได้! ฉันสัญญา!,Tá bom! Prometo!
,,,유리,,2_기본,wave,,좋아. 거래 성립.,Good. Deal’s a deal.,よし。取引成立だ。,很好。成交。,很好，成交。,По руками.,Bagus. Janji tetap janji.,Được. Giao dịch thành công.,Bien. Trato hecho.,Oke. Kita sepakat.,ดี ข้อตกลงเรียบร้อย,"Ótimo, negócio fechado."
,,,유리,,1_기본,wave,joy,볼일 다 봤으니 난 자러 간다.,I got what I came for. I’m going back to bed.,用は済んだし、俺は寝るわ。,事情办完了，我也要回去睡觉了。,既然事情辦完了，我要去睡覺了。,Дело сделано. Можно идти спать.,Saya dah dapat apa saya nak. Saya nak balik tidur.,"Việc xong rồi, tôi đi ngủ đây.","Ya terminé lo que venía a hacer, así que me voy a dormir.","Karena urusanku sudah selesai, sekarang aku pergi untuk tidur.",เสร็จธุระแล้ว ฉันไปนอนล่ะ,Pronto. Agora vou dormir.
,,,정다희,,1_언짢,,,"...<wrt:wait,30>정말 앨범 받아내려 온 거야?","...<wrt:wait,30>Did you really come here just for the album?","‥<wrt:wait,30>本当にアルバム目当てで来たの？","‥<wrt:wait,30>你真的是为了要专辑才来的吗？","‥<wrt:wait,30>你真的是為了專輯才過來的喔？","...<wrt:wait,30>Ты серьезно пришел только ради альбома?","...<wrt:wait,30>Awak datang sini semata-mata untuk album itu saja?","...<wrt:wait,30>Cậu thật sự chỉ đến để lấy album thôi à?","...<wrt:wait,30>¿De verdad viniste solo para sacarme el álbum?","...<wrt:wait,30>Jadi kamu kesini untuk memperoleh album saja?","...<wrt:wait,30>นี่นายมาเพื่อจะเอาอัลบั้มจริงน่ะเหรอ?","Sério que... <wrt:wait,30>veio aqui só por causa do álbum?"
,,,유리,,1_썩소,,,그럼 내가 왜 왔겠냐? ,"Yeah, why else would I be here?",じゃあ何しに来たと思う？,不然我来干嘛？,那不然我幹嘛過來？,А зачем еще?,"Ya lah, sebab apa lagi?",Không thì tôi đến làm gì?,¿A qué más iba a venir si no?,Ada alasan apa lagi?,แล้วไม่งั้นฉันจะมาทำไมล่ะ?,Por que mais eu viria?
,,,유리,,1_기본,,,"그래도 <txt:bold,1>그쪽 길로는 가지 마.</txt:bold> 거긴 코치가 지키고 있을 테니까.","<txt:bold,1>Don’t go that way</txt:bold>. Coach is guarding that route.","でも、<txt:bold,1>あっちには行くなよ。</txt:bold>あっちはコーチが見張ってるはずだからな。","不过<txt:bold,1>别走那边。</txt:bold>教练应该在那边守着。","不過<txt:bold,1>別走那一邊喔。</txt:bold>教練在那邊守著呢。","<txt:bold,1>Только туда не иди.</txt:bold> Там тренер дежурит.","<txt:bold,1>Jangan pergi ke arah itu</txt:bold>. Jurulatih sedang menjaga laluan itu.","Nhưng <txt:bold,1>đừng đi đường đó.</txt:bold> Huấn luyện viên đang canh ở đó đấy.","De todos modos, <txt:bold,1>no te vayas por ese camino.</txt:bold> El entrenador estará vigilando por allí.","Daripada itu <txt:bold,1>lebih baik jika kamu tidak ke sana.</txt:bold> Disitu sedang dijaga oleh Coach.","แต่ก็<txt:bold,1>อย่าไปทางนั้นล่ะ</txt:bold> เพราะตรงนั้นโค้ชน่าจะคอยเฝ้าอยู่","Ah, mas <txt:bold,1>não vai por aquele caminho</txt:bold>. O treinador deve tá por lá."
,,,정다희,,1_외침,pause,,어?,Huh?,え？,啊？,咦？,"А, да?",Hah?,Hả?,¿Eh?,Eh?,เอ๋?,Quê?
,,,유리,,1_기본,,,아무튼 그럼 난 간다.,"Anyway, I’m out.",とにかく、俺は行くぜ。,总之我走了。,反正我就先走啦。,"Ну все, я пошел.","Sudah, saya pergi.",Dù sao thì tôi đi đây.,"En fin, entonces me voy.",Kalau begitu aku pergi beneran ya.,ยังไงก็เถอะ ฉันไปล่ะ,"Enfim, tô indo."
,,,정다희,,2_어머,,,"으, 응.<wrt:wait,30> 다음에 보자!","O-Okay.<wrt:wait,30> See you around!","う、うん。<wrt:wait,30>またね！","呃，嗯。<wrt:wait,30>回头见！","喔、喔。<wrt:wait,30>下次見囉！","Хорошо. <wrt:wait,30>До встречи!","O-Okay.<wrt:wait,30> Jumpa lagi!","Ừ, ừ.<wrt:wait,30> Hẹn gặp lại!","U-uhm.<wrt:wait,30> ¡Nos vemos luego!","I-iya.<wrt:wait,30> Sampai jumpa nanti!","อะ อื้ม<wrt:wait,30> ไว้เจอกันครั้งหน้านะ!","T-tá! <wrt:wait,30>Até mais!"
,,,정다희,,1_기본,,,"...<wrt:wait,30>도와줘서 고마워!<cha:pos,정다희,-4>","...<wrt:wait,30>Thanks for helping me!<cha:pos,정다희,-4>","‥<wrt:wait,30>助けてくれてありがとう！<cha:pos,정다희,-4>","‥<wrt:wait,30>谢谢你帮我！<cha:pos,정다희,-4>","‥<wrt:wait,30>謝謝你幫我！<cha:pos,정다희,-4>","...<wrt:wait,30>Спасибо за помощь!<cha:pos,정다희,-4>","...<wrt:wait,30>Terima kasih kerana membantu saya!<cha:pos,정다희,-4>","...<wrt:wait,30>Cảm ơn vì đã giúp tôi!<cha:pos,정다희,-4>","...<wrt:wait,30>¡Gracias por ayudarme!<cha:pos,정다희,-4>","...<wrt:wait,30>Terima kasih karena telah membantuku!<cha:pos,정다희,-4>","...<wrt:wait,30>ขอบใจที่ช่วย!<cha:pos,정다희,-4>","E... <wrt:wait,30>obrigada por tudo!<cha:pos,정다희,-4>"
,,,TAG,,,,,"<sys:quiet,2000>","<sys:quiet,2000>","<sys:quiet,2000>","<sys:quiet,2000>","<sys:quiet,2000>","<sys:quiet,2000>","<sys:quiet,2000>","<sys:quiet,2000>","<sys:quiet,2000>","<sys:quiet,2000>","<sys:quiet,2000>","<sys:quiet,2000>"
,,,유리,0,1_기본,,silent,눈치 없긴.,Clueless as always.,鈍いやつだな。,真迟钝。,真是遲鈍。,Вот же недогадливая.,Bingung seperti biasa.,Đúng là đồ không biết gì cả.,Qué ingenua.,Dia benar-benar tidak peka.,ซื่อบื้อชะมัด,"Você não percebe nada, hein."
,,,유리,,1_한숨,,,내가 어떻게 알고 이 시간에 여길 왔겠냐.,How do you think I knew to come here at this hour?,俺がどうやって知って、こんな時間にここに来たと思う？,不然我怎么会知道你这个点在这里。,妳以為我怎麼會知道要在這種時間過來啊。,"Думаешь, я случайно оказался здесь?",Macam mana agaknya saya tahu untuk datang ke sini pada waktu begini?,Cậu nghĩ sao mà tôi lại biết để đến đây vào giờ này chứ.,¿Cómo iba a saber yo que estarías aquí a esta hora?,Bagaimana bisa aku tahu dan datang ke sini jam segini.,คิดว่าฉันรู้ได้ยังไงล่ะ ว่าต้องมาที่นี่เวลานี้,Como acha que eu sabia que devia vir aqui a esta hora?
,,,유리,,1_기본,,,넌 참 네 아버지를 몰라도 너무 모른다. 꼴통.,You really don’t know your own father at all. Blockhead.,お前は本当に自分のお父さんのことを分かってないな。バカ。,你还真是不了解你爸啊。笨蛋。,妳還真是一點都不了解妳老爸，笨蛋。,"Ты вообще не знаешь своего отца, дурында.",Awak langsung tidak kenal ayah awak sendiri. Kepala batu.,"Cậu đúng là chẳng hiểu gì về bố mình cả, đồ đầu đất.",De verdad que no conoces para nada a tu padre. Cabeza hueca.,Kamu itu benar-benar tidak tahu apa-apa soal ayahmu. Dasar bego.,เธอช่างไม่รู้จักพ่อตัวเองเลยจริงๆ ยัยบื้อ,"Você não conhece seu pai nem um pouco, sua cabeça-dura."
,,,TAG,,,,,"<eff:black,3><cha:black,빅토르_실루엣>","<eff:black,3><cha:black,빅토르_실루엣>","<eff:black,3><cha:black,빅토르_실루엣>","<eff:black,3><cha:black,빅토르_실루엣>","<eff:black,3><cha:black,빅토르_실루엣>","<eff:black,3><cha:black,빅토르_실루엣>","<eff:black,3><cha:black,빅토르_실루엣>","<eff:black,3><cha:black,빅토르_실루엣>","<eff:black,3><cha:black,빅토르_실루엣>","<eff:black,3><cha:black,빅토르_실루엣>","<eff:black,3><cha:black,빅토르_실루엣>","<eff:black,3><cha:black,빅토르_실루엣>"
,,,-,,,,,"<txt:bold,3><txt:color,grey>~1시간 전, 유리의 회상~</txt:color></txt:bold>","<txt:bold,3><txt:color,grey>One hour earlier, Yuri’s flashback</txt:color></txt:bold>","<txt:bold,3><txt:color,grey>～1時間前、ユーリの回想～</txt:color></txt:bold>","<txt:bold,3><txt:color,grey>～1小时前，尤里的回忆～</txt:color></txt:bold>","<txt:bold,3><txt:color,grey>～1小時前，尤里的回想～</txt:color></txt:bold>","<txt:bold,3><txt:color,grey>Час назад. Воспоминания Юрия</txt:color></txt:bold>","<txt:bold,3><txt:color,grey>Satu jam sebelumnya, Yuri mengimbas kembali</txt:color></txt:bold>","<txt:bold,3><txt:color,grey>~ 1 giờ trước, Yuri hồi tưởng lại ~</txt:color></txt:bold>","<txt:bold,3><txt:color,grey>1 hora antes, Recuerdo de Yuri</txt:color></txt:bold>","<txt:bold,3><txt:color,grey>~1 jam lalu, kilas balik Yuri~</txt:color></txt:bold>","<txt:bold,3><txt:color,grey>~1 ชั่วโมงก่อน, ฉากย้อนความทรงจำของยูริ~</txt:color></txt:bold>","<txt:bold,3><txt:color,grey>Uma hora antes... #Flashback da Yuri</txt:color></txt:bold>"
,,,유리,,1_불만,,,"으으, 추워라. 코치는 이 시간에 왜 부르는 거야...","Ugh, it’s freezing. Why’s Coach calling me out at this hour...?",うう、さむっ。こんな時間にコーチの呼び出しなんて‥,呃呃，好冷。教练干嘛这个时间叫我‥,唔唔，好冷喔。教練幹嘛在這種時間叫人過來啊‥,"Бр-р, холодно. Зачем я понадобился тренеру в такой час?","Ugh, sejuknya. Kenapa Jurulatih panggil saya keluar awal-awal pagi...?","Ôii, lạnh quá. Huấn luyện viên gọi mình giờ này làm gì vậy nhỉ...","Ugh, qué frío. ¿Por qué el entrenador me llama a esta hora...?","Urgghh, dingin sekali. Kenapa Coach memanggil di jam segini...",บรื๋อ หนาวชะมัด ทำไมโค้ชถึงเรียกมาเวลานี้เนี่ย...,"Ai, que frio... o que o treinador quer a essa hora?"
,,,유리,,1_기본,,quest,어라? 저건... ,Hm? Is that...,おっ？あれは‥,哦？那个是‥,咦？那是‥,Хм? Это что...,Hm? Itu...,Hả? Kia là...,¿Eh? Ese de ahí es...,Ehh? Itu kan...,อ้าว? นั่นมัน...,Aquilo não é...
,,,TAG,,,,,"<cha:pos,유리,-4><cha:pos,빅토르_실루엣,-2><cha:pos,정인호,2><sys:bgm,BGM_THE_GEMSTONE,600>","<cha:pos,유리,-4><cha:pos,빅토르_실루엣,-2><cha:pos,정인호,2><sys:bgm,BGM_THE_GEMSTONE,600>","<cha:pos,유리,-4><cha:pos,빅토르_실루엣,-2><cha:pos,정인호,2><sys:bgm,BGM_THE_GEMSTONE,600>","<cha:pos,유리,-4><cha:pos,빅토르_실루엣,-2><cha:pos,정인호,2><sys:bgm,BGM_THE_GEMSTONE,600>","<cha:pos,유리,-4><cha:pos,빅토르_실루엣,-2><cha:pos,정인호,2><sys:bgm,BGM_THE_GEMSTONE,600>","<cha:pos,유리,-4><cha:pos,빅토르_실루엣,-2><cha:pos,정인호,2><sys:bgm,BGM_THE_GEMSTONE,600>","<cha:pos,유리,-4><cha:pos,빅토르_실루엣,-2><cha:pos,정인호,2><sys:bgm,BGM_THE_GEMSTONE,600>","<cha:pos,유리,-4><cha:pos,빅토르_실루엣,-2><cha:pos,정인호,2><sys:bgm,BGM_THE_GEMSTONE,600>","<cha:pos,유리,-4><cha:pos,빅토르_실루엣,-2><cha:pos,정인호,2><sys:bgm,BGM_THE_GEMSTONE,600>","<cha:pos,유리,-4><cha:pos,빅토르_실루엣,-2><cha:pos,정인호,2><sys:bgm,BGM_THE_GEMSTONE,600>","<cha:pos,유리,-4><cha:pos,빅토르_실루엣,-2><cha:pos,정인호,2><sys:bgm,BGM_THE_GEMSTONE,600>","<cha:pos,유리,-4><cha:pos,빅토르_실루엣,-2><cha:pos,정인호,2><sys:bgm,BGM_THE_GEMSTONE,600>"
,,,빅토르_실루엣,,-,,,"<scr:name,???>당신은 언제나 반대만 하는 역할이군.","<scr:name,???>You always have to play the voice of reason, don’t you.","<scr:name,???>君はいつも反対する役回りばかりだな。","<scr:name,???>你总是在扮演反对的角色啊。","<scr:name,???>你還是一樣，總是扮演唱反調的角色呢。","<scr:name,???>Как всегда, вы только запрещаете.","<scr:name,???>Awak memang selalu nak jadi suara kewarasan, kan.","<scr:name,???>Xem ra ông lúc nào cũng đóng vai phản đối nhỉ.","<scr:name,???>Siempre te toca llevar la contraria, ¿eh?","<scr:name,???>Kau memang selalu jadi pihak yang menentang.","<scr:name,???>คุณนี่ก็ทำหน้าที่คัดค้านอยู่ตลอดเลยนะ","<scr:name,???>Você sempre faz o papel do contra."
,,,빅토르_실루엣,,-,,,"<scr:name,???>10년 전도, 지금도.","<scr:name,???>Ten years ago... and even now.","<scr:name,???>10年前も、今も。","<scr:name,???>10年前是这样，现在也是。","<scr:name,???>10年前是如此，現在也是。","<scr:name,???>И десять лет назад, и сейчас.","<scr:name,???>Sepuluh tahun lalu... dan bahkan sekarang.","<scr:name,???>10 năm trước cũng vậy, bây giờ cũng vậy.","<scr:name,???>Hace 10 años, y también ahora.","<scr:name,???>10 tahun lalu, dan juga sekarang.","<scr:name,???>ทั้งเมื่อ 10 ปีก่อน แล้วก็ตอนนี้ด้วย","<scr:name,???>Tanto há dez anos quanto hoje."
,,,빅토르_실루엣,,-,,,"<scr:name,???><txt:bold,2><txt:color,orange>레나</txt:color></txt:bold>와 내가 만나는 것도 당신이 그렇게 말렸었지.","<scr:name,???>You tried to talk me out of seeing <txt:bold,2><txt:color,orange>Rena</txt:color></txt:bold>, too.","<scr:name,???><txt:bold,2><txt:color,orange>レナ</txt:color></txt:bold>と俺が付き合うことも、君が大反対してたよな。","<scr:name,???>当初我和<txt:bold,2><txt:color,orange>莱娜</txt:color></txt:bold>在一起，你也是极力阻拦。","<scr:name,???><txt:bold,2><txt:color,orange>蕾娜</txt:color></txt:bold>和我交往的時候，你也那樣拚命阻止過。","<scr:name,???>Тогда вы активно пытались разлучить меня с <txt:bold,2><txt:color,orange>Леной</txt:color></txt:bold>.","<scr:name,???>Awak cuba menghalang saya daripada berjumpa <txt:bold,2><txt:color,orange>Rena</txt:color></txt:bold>, juga.","<scr:name,???>Ngay cả chuyện <txt:bold,2><txt:color,orange>Lena</txt:color></txt:bold> và tôi gặp nhau, ông cũng đã phản đối như thế.","<scr:name,???>También te opusiste rotundamente a que <txt:bold,2><txt:color,orange>Lena</txt:color></txt:bold> y yo nos viéramos.","<scr:name,???>Kau juga yang sangat melarang aku bertemu <txt:bold,2><txt:color,orange>Lena</txt:color></txt:bold>.","<scr:name,???>คุณเคยห้ามไม่ให้<txt:bold,2><txt:color,orange>เรน่า</txt:color></txt:bold>กับผมคบกันแบบสุดตัวเลยด้วยนี่นา","<scr:name,???>Até quando eu e a <txt:bold,2><txt:color,orange>Lena</txt:color></txt:bold> começamos a namorar, você tentou meter o bedelho."
,,,정인호,,1_기본,,,...구역질 나는 기억을 떠올리게 하지 마.,Don’t remind me of those sickening memories...,‥吐き気がする記憶を思い出させないでくれるか。,‥别让我想起那恶心的回忆。,‥別讓我想起那段令人作嘔的往事。,Не вспоминай эти мерзости.,Jangan ungkitkan kenangan yang menjijikkan itu...,...Đừng nhắc lại những ký ức kinh tởm đó.,...No me hagas recordar cosas tan repugnantes.,...Jangan buat aku mengingat ingatan memuakkan itu.,...อย่าทำให้ฉันนึกถึงความทรงจำที่น่าขยะแขยงน่า,Nem me faz lembrar dessas memórias horríveis.
,,,정인호,,1_기본,,,"<txt:bold,2><txt:color,orange>빅토르</txt:color></txt:bold>.","<txt:bold,2><txt:color,orange>Victor</txt:color></txt:bold>.","<txt:bold,2><txt:color,orange>ビクトル</txt:color></txt:bold>。","<txt:bold,2><txt:color,orange>维克托</txt:color></txt:bold>。","<txt:bold,2><txt:color,orange>維克托</txt:color></txt:bold>。","<txt:bold,2><txt:color,orange>Виктор</txt:color></txt:bold>.","...<txt:bold,2><txt:color,orange>Victor</txt:color></txt:bold>.","<txt:bold,2><txt:color,orange>Victor</txt:color></txt:bold>.","<txt:bold,2><txt:color,orange>Victor</txt:color></txt:bold>.","<txt:bold,2><txt:color,orange>Victor</txt:color></txt:bold>.","<txt:bold,2><txt:color,orange>วิกเตอร์</txt:color></txt:bold>","<txt:bold,2><txt:color,orange>Victor</txt:color></txt:bold>."
,,,정인호,,1_기본,,,그때 무슨 수를 써서라도 막아야 했는데.,"I should’ve stopped it back then, no matter what.",あの時、何としてでも止めるべきだった。,当初就算想尽一切办法也该阻止你们的。,那時候我就該不計代價阻止你們的。,Я должен был любой ценой этому помешать.,"Saya patut menghalangnya masa itu, walau apa pun.",Lúc đó đáng lẽ tôi phải ngăn lại bằng mọi giá.,Debí haberlo impedido a toda costa en aquel entonces.,"Waktu itu, seharusnya aku menghentikanmu bagaimanapun caranya.",ตอนนั้นฉันควรจะต้องทำทุกทางเพื่อขัดขวางให้ได้แท้ๆ,"Eu devia ter impedido aquilo, custasse o que custasse."
,,,빅토르_실루엣,,-,,,"하하, 그 말은 인정하지.","Haha, I’ll give you that.",ハハ、それは認めよう。,哈哈，这点我承认。,哈哈，這點我承認。,"Ха, тут вы правы.","Haha, saya akui.","Ha ha, câu đó thì tôi công nhận.","Jaja, eso lo reconozco.","Haha, itu aku akui.",ฮ่าฮ่า เรื่องนั้นผมยอมรับ,"Haha, nisso você tem razão."
,,,빅토르_실루엣,,-,,,딸 같은 제자가 나 같은 놈과 엮이면 막을 만도 하지.,"If some guy like me got involved with a student you raised like a daughter, of course you’d try to stop it.",娘同然の弟子が俺みたいな奴と関わるなら、止めるのも当然だ。,毕竟视如己出的徒弟要跟我这种家伙扯上关系，换做谁都会阻止的吧。,視如己出的徒弟竟然要跟我這種傢伙扯上關係，換作是我也會想阻止。,"Когда ученица, почти родная дочь, связывается с таким человеком, как я... Понятно, что вы вмешались.","Jika orang seperti saya terlibat dengan pelajar yang awak anggap seperti anak sendiri, sudah tentu awak akan menghalangnya.",Học trò chẳng khác gì con gái của ông mà dính líu đến loại người như tôi thì đúng là nên ngăn.,"Es comprensible que quieras evitar que una alumna, a la que quieres como a una hija, se involucre con alguien como yo.",Wajar mencegah murid yang seperti putrimu terlibat dengan orang sepertiku.,ถ้าลูกศิษย์ที่เหมือนกับลูกสาวมาพัวพันกับคนแบบผมล่ะก็ คงน่าขัดขวางอยู่แหละ,"Dá pra entender querer proteger uma aluna, que você tratava como filha, de se envolver com alguém como eu."
,,,빅토르_실루엣,,-,,,당신은 늘 옳은 말만 하는군.,You always say the right things.,君はいつも正しいことばかり言うよな。,你说的总是没错。,你說的話總是有道理。,Вы весь такой правильный.,Awak sentiasa cakap perkara yang betul.,Ông lúc nào cũng chỉ nói những điều đúng đắn.,Siempre dices lo correcto.,Kau selalu mengatakan hal yang benar.,คุณพูดถูกเสมอเลย,"Você sempre fala o que é certo, né."
,,,빅토르_실루엣,,-,,,그래서 항상 미움받는 거고.,That’s why everyone resents you.,だからいつも嫌われるんだよ。,所以才总是招人讨厌啊。,所以才總是被大家討厭啊。,Поэтому вас и ненавидят.,Itulah sebabnya semua orang membenci awak.,Vì vậy nên lúc nào cũng bị ghét.,Y por eso es que siempre te odian.,Dan itu juga alasan mengapa kau selalu dibenci.,คุณถึงได้รับความเกลียดชังมาตลอด,E é por isso que todo mundo não te aguenta.
,,,정인호,,1_기본,,,헛소리는.,Cut the nonsense.,ふざけるな。,少废话。,少廢話。,Чушь.,Jangan mengarutlah.,Nói nhảm.,Tonterías.,Omong kosong.,พูดจาไร้สาระน่า,Fala sério.
,,,빅토르_실루엣,,-,,,딸이 하는 말 정도는 더 귀 기울여 들어 보는 게 어때?,Why not try listening to your daughter?,娘の言うことくらい、もっと耳を傾けてやったらどうだ？,要不要试着多听听你女儿的心声？,要不要多傾聽一下你女兒的心聲？,"Может, стоит внимательнее слушать свою дочь?",Cubalah dengar anak perempuan awak?,Hay là ông thử lắng nghe con gái mình nhiều hơn một chút xem?,¿Por qué no escuchas con más atención lo que dice tu hija?,Kenapa kau tidak coba dengarkan kata-kata putrimu dengan sedikit lebih serius?,คุณลองตั้งใจฟังสิ่งที่ลูกสาวพูดให้มากขึ้นหน่อยไหม?,Mas que tal ouvir um pouco mais o que sua filha tem a dizer?
,,,정인호,,1_기본,,,듣지 않아도 알아. ,I don’t need to listen.,聞かなくても分かる。,不听也知道。,不聽我也知道。,Я и так все знаю.,Saya tak perlu mendengar.,Không cần nghe tôi cũng biết.,No hace falta que la escuche para saberlo.,Tanpa perlu didengar pun aku sudah tahu.,ไม่ต้องฟังฉันก็รู้,Não preciso ouvir pra saber.
,,,정인호,,1_기본,,,무슨 말을 할지 알기 때문에 막는 거다.,"I already know what she’ll say, and that’s why I’m stopping her.",何を言うか分かっているから止めているんだ。,正因为知道她会说什么，才要阻止她。,正因為我知道她會說什麼，所以才要阻止。,"Знаю, что она скажет. Поэтому и не позволяю.","Saya sudah tahu apa yang dia akan cakap, sebab itulah saya menghalangnya.",Vì tôi biết nó sẽ nói gì nên mới ngăn lại.,La detengo precisamente porque sé lo que va a decir.,"Karena aku tahu apa yang akan dia katakan, makanya aku menghentikannya.",ฉันห้ามเพราะรู้ว่าเธอจะพูดอะไรน่ะสิ,Eu impedi porque sei exatamente o que ela vai falar.
,,,정인호,,1_새침,,,"4년 전엔 <txt:bold,2><txt:color,orange>다희</txt:color></txt:bold> 곁에 있어주지 못했지만, 이번엔 달라.","I couldn’t be there for <txt:bold,2><txt:color,orange>Dahee</txt:color></txt:bold> four years ago. This time will be different.","4年前は<txt:bold,2><txt:color,orange>夏希</txt:color></txt:bold>のそばにいてやれなかったが、今度は違う。","4年前我没能陪在<txt:bold,2><txt:color,orange>多熙</txt:color></txt:bold>身边，但这次不同了。","4年前我沒能陪在<txt:bold,2><txt:color,orange>多熙</txt:color></txt:bold>身邊，但這次不一樣了。","Четыре года назад меня не было рядом с <txt:bold,2><txt:color,orange>Дахи</txt:color></txt:bold>. Но теперь всё будет иначе.","Saya tidak dapat berada di sisi <txt:bold,2><txt:color,orange>Dahee</txt:color></txt:bold> empat tahun lalu. Kali ini akan berbeza.","4 năm trước tôi đã không thể ở bên cạnh <txt:bold,2><txt:color,orange>Dahee</txt:color></txt:bold>, nhưng lần này sẽ khác.","Hace 4 años no pude estar al lado de <txt:bold,2><txt:color,orange>Dahee</txt:color></txt:bold>, pero esta vez será diferente.","4 tahun lalu aku tidak bisa berada di sisi <txt:bold,2><txt:color,orange>Dahee</txt:color></txt:bold>, tapi kali ini akan berbeda.","เมื่อ 4 ปีก่อนฉันไม่สามารถอยู่เคียงข้าง <txt:bold,2><txt:color,orange>ดาฮี</txt:color></txt:bold> ได้ แต่ครั้งนี้จะแตกต่างออกไป","Há quatro anos não consegui estar ao lado de <txt:bold,2><txt:color,orange>Dahee</txt:color></txt:bold>, mas desta vez vai ser diferente."
,,,빅토르_실루엣,,-,,,"하하, 그러니 그런 <txt:bold,2>거래</txt:bold>까지 해서 <txt:bold,2><txt:color,orange>다희</txt:color></txt:bold>를 데려온 거겠지.","Haha, so that’s why you went as far as making that <txt:bold,2>deal</txt:bold> to bring <txt:bold,2><txt:color,orange>Dahee</txt:color></txt:bold> here.","ハハ、だからあんな<txt:bold,2>取引</txt:bold>までして<txt:bold,2><txt:color,orange>夏希</txt:color></txt:bold>を連れてきたんだろ？","哈哈，所以你才不惜做那种<txt:bold,2>交易</txt:bold>，也要把<txt:bold,2><txt:color,orange>多熙</txt:color></txt:bold>带回来吗。","哈哈，所以你才做了那種<txt:bold,2>交易</txt:bold>，把<txt:bold,2><txt:color,orange>多熙</txt:color></txt:bold>帶回來的吧。","Значит, ту <txt:bold,2>сделку</txt:bold> вы заключили ради <txt:bold,2><txt:color,orange>Дахи</txt:color></txt:bold>?","Haha, jadi itulah sebabnya awak sanggup membuat <txt:bold,2>perjanjian</txt:bold> itu untuk membawa <txt:bold,2><txt:color,orange>Dahee</txt:color></txt:bold> ke sini.","Ha ha, vì vậy nên ông mới thực hiện cả <txt:bold,2>giao dịch</txt:bold> đó để đưa <txt:bold,2><txt:color,orange>Dahee</txt:color></txt:bold> đến đây nhỉ.","Jaja, seguro por eso trajiste a <txt:bold,2><txt:color,orange>Dahee</txt:color></txt:bold> haciendo ese tipo de <txt:bold,2>trato</txt:bold>.","Haha, maka dari itulah kau sampai melakukan <txt:bold,2>transaksi</txt:bold> itu untuk membawa pulang <txt:bold,2><txt:color,orange>Dahee</txt:color></txt:bold>.","ฮ่าฮ่า คุณก็เลยถึงกับทำ<txt:bold,2>ข้อตกลง</txt:bold>แบบนั้น แล้วพา<txt:bold,2><txt:color,orange>ดาฮี</txt:color></txt:bold>มาสินะ","Haha, então foi por isso que você fez até aquele <txt:bold,2>acordo</txt:bold> pra trazer a <txt:bold,2><txt:color,orange>Dahee</txt:color></txt:bold>."
,,,빅토르_실루엣,,-,,,"하지만, 이렇게까지 하는 건 당신답지 않은걸?",But going this far? That’s not like you.,だが、そこまでするなんて君らしくないな。,不过，这种做法可一点都不像你啊。,但是，做到這個地步，還真不像你的作風。,Вы зашли очень далеко. Это на вас не похоже.,Tetapi sampai ke tahap ini? Itu bukan seperti kamu.,Nhưng làm đến mức này thì không giống ông lắm đâu.,"Sin embargo, ¿no es muy impropio de ti llegar a estos extremos?","Tapi, untuk melakukan hal sejauh ini, itu tidak seperti dirimu.",แต่การทำถึงขนาดนี้ไม่สมกับเป็นคุณเลย,Mas... fazer tudo isso não combina com você não.
,,,정인호,,1_기본,,,...,...,‥,‥,‥,...,...,...,...,...,...,...
,,,정인호,,1_기본,,,무슨 말을 해도 소용 없어.,Nothing you say will change my mind.,何を言っても無駄だ。,随你怎么说都没用。,不管說什麼都沒用。,Твои слова ничего не изменят.,Tiada apa yang awak katakan akan mengubah fikiran saya.,Dù nói gì cũng vô ích thôi.,"Digas lo que digas, será inútil.",Ucapanmu itu tidak akan mengubah pikiranku.,จะพูดอะไรก็ไม่มีประโยชน์หรอก,Não me importa o que você diz.
,,,정인호,,1_기본,,,"<txt:bold,2>이쪽</txt:bold>으로는 아무도 못 지나가.","No one gets through <txt:bold,2>here</txt:bold>.","<txt:bold,2>ここ</txt:bold>は誰も通さん。","谁也别想从<txt:bold,2>这边</txt:bold>过去。","誰都別想從<txt:bold,2>這一邊</txt:bold>過去。","<txt:bold,2>Здесь</txt:bold> никто не пройдет.","Tiada siapa yang boleh melalui <txt:bold,2>sini</txt:bold>.","Không ai có thể đi qua <txt:bold,2>lối này</txt:bold>.","Nadie pasará por <txt:bold,2>aquí</txt:bold>.","Tidak akan ada yang bisa lewat dari <txt:bold,2>sini</txt:bold>.","<txt:bold,2>ทางนี้</txt:bold>น่ะ ไม่มีใครผ่านไปได้ทั้งนั้น","Ninguém passa por <txt:bold,2>aqui</txt:bold>."
,,,정인호,,1_새침,,,"난 <txt:bold,2>여기에</txt:bold> 밤새 내내 있을 거니까.","I’ll be <txt:bold,2>right here</txt:bold> all night.","私は<txt:bold,2>ここに</txt:bold>一晩中いるつもりだからな。","我整晚都会守在<txt:bold,2>这里</txt:bold>。","我會一整晚都守在<txt:bold,2>這裡</txt:bold>。","Если надо я буду всю ночь <txt:bold,2>тут</txt:bold> стоять.","Saya akan berada <txt:bold,2>di sini</txt:bold> sepanjang malam.","Tôi sẽ <txt:bold,2>ở đây</txt:bold> suốt cả đêm.","Porque me quedaré <txt:bold,2>aquí</txt:bold> toda la noche.","Aku akan terus berada <txt:bold,2>di sini</txt:bold> sampai besok.","เพราะฉันจะอยู่<txt:bold,2>ตรงนี้</txt:bold>ตลอดทั้งคืน","Vou ficar <txt:bold,2>aqui</txt:bold> a noite toda."
,,,정인호,,1_새침,,,"<txt:bold,2>절대</txt:bold> 자리를 비우지 않을 거고.","I’m <txt:bold,2>not</txt:bold> leaving this spot.","<txt:bold,2>絶対に</txt:bold>ここを離れないぞ。","<txt:bold,2>绝对</txt:bold>不会离开半步。","<txt:bold,2>絕對</txt:bold>不會離開半步。","И <txt:bold,2>ни на секунду</txt:bold> не отлучусь.","Saya <txt:bold,2>takkan</txt:bold> pergi dari tempat ini.","Tôi <txt:bold,2>tuyệt đối</txt:bold> sẽ không rời khỏi vị trí.","Y no me moveré de este lugar <txt:bold,2>bajo ninguna circunstancia</txt:bold>.","Dan <txt:bold,2>tidak akan</txt:bold> meninggalkan tempat ini.","แล้วก็จะไม่ยอมไปไหน<txt:bold,2>เด็ดขาด</txt:bold>","Não vou sair daqui <txt:bold,2>nem por um segundo</txt:bold>."
,,,빅토르_실루엣,,-,,silent,"...<wrt:wait,30>당신도 참 피곤하게 사는군. 코치.","...<wrt:wait,30>You really do make life hard for yourself, Coach.","‥<wrt:wait,30>君も随分と疲れる生き方をしてるな。コーチ。","‥<wrt:wait,30>教练，你活得可真够累的。","‥<wrt:wait,30>你也活得挺累的嘛，教練。","...<wrt:wait,30>Вы усложняете себе жизнь, тренер.","...<wrt:wait,30>Awak benar-benar menyusahkan hidup sendiri, Jurulatih.","...<wrt:wait,30>Ông cũng sống mệt mỏi thật đấy, huấn luyện viên.","...<wrt:wait,30>Sí que tienes una vida agotadora, entrenador.","...<wrt:wait,30>Sangat melelahkan sekali cara kau hidup itu, Coach.","...<wrt:wait,30>คุณนี่ก็ใช้ชีวิตให้มันเหนื่อยจังเลยนะ โค้ช","Nossa... <wrt:wait,30>que vida pesada você escolhe carregar, hein, treinador."
,,,정인호,,1_기본,,,"네가 할 말은 아니야, <txt:bold,2><txt:color,orange>빅토르</txt:color></txt:bold>.","You’re one to talk, <txt:bold,2><txt:color,orange>Victor</txt:color></txt:bold>.","お前が言えたことじゃないだろう。<txt:bold,2><txt:color,orange>ビクトル</txt:color></txt:bold>。","轮不到你来说我，<txt:bold,2><txt:color,orange>维克托</txt:color></txt:bold>。","這輪不到你來說，<txt:bold,2><txt:color,orange>維克托</txt:color></txt:bold>。","Не тебе об этом говорить, <txt:bold,2><txt:color,orange>Виктор</txt:color></txt:bold>.","Awak apa lainnya, <txt:bold,2><txt:color,orange>Victor</txt:color></txt:bold>?","Cậu không có tư cách nói câu đó đâu, <txt:bold,2><txt:color,orange>Victor</txt:color></txt:bold>...","Tú no eres quién para hablar, <txt:bold,2><txt:color,orange>Victor</txt:color></txt:bold>.","Aku tidak ingin dengar kata itu darimu, <txt:bold,2><txt:color,orange>Victor</txt:color></txt:bold>.","นายไม่มีสิทธิ์จะพูดคำนี้หรอก <txt:bold,2><txt:color,orange>วิกเตอร์</txt:color></txt:bold>","Isso vindo de você é piada, <txt:bold,2><txt:color,orange>Victor</txt:color></txt:bold>."
,,,-,,,,,"<txt:color,grey>(털썩)</txt:color>","<txt:color,grey>(plop)</txt:color>","<txt:color,grey>(ドカッ)</txt:color>","<txt:color,grey>（坐下声）</txt:color>","<txt:color,grey>（坐下）</txt:color>","<txt:color,grey>(Опускается)</txt:color>","<txt:color,grey>(pum)</txt:color>","<txt:color,grey>*Phịch*</txt:color>","<txt:color,grey>(Plaf)</txt:color>","<txt:color,grey>(Buk)</txt:color>","<txt:color,grey>(ตุบ)</txt:color>","<txt:color,grey>(Pof)</txt:color>"
,,,빅토르_실루엣,,-,,,같이 지키는 건 어때?,How about I keep you company?,一緒に見張るのはどうだ？,要不要一起守着？,要不要一起守著？,"Постоять с вами, тренер?",Apa kata saya menemani awak?,Hay là cùng nhau canh đi?,¿Qué tal si vigilamos juntos?,Bagaimana kalau menjaga bersama?,มาเฝ้าด้วยกันไหมล่ะ?,Que tal a gente vigiar junto?
,,,빅토르_실루엣,,-,,,졸리면 교대로 눈 붙일 수도 있고.,"If you get tired, we can take turns sleeping.",眠くなったら交代で仮眠も取れるし。,困了的话还能轮流打个盹。,睏的話還可以輪流睡一下。,"Если захочется спать, будем сменяться.","Kalau awak letih, kita boleh bergilir-gilir tidur.",Buồn ngủ thì có thể thay phiên chợp mắt.,Podríamos turnarnos para dormir un poco si nos da sueño.,"Kalau mengantuk, kita bisa bergantian tidur sebentar.",ถ้าง่วงก็ผลัดกันงีบได้ด้วย,"Se bater o sono, um dorme e o outro fica de olho."
,,,빅토르_실루엣,,-,,,"아아, <txt:bold,2>누가</txt:bold> 귀하신 따님 안내 좀 해주지 않으려나?","Ahh... won’t <txt:bold,2>someone</txt:bold> kindly show our dear princess the way out?","ああ、<txt:bold,2>誰かが</txt:bold>ご令嬢を案内してくれるといいんだけどな。","哎呀，会不会<txt:bold,2>有人</txt:bold>给你那宝贝女儿带个路呢？","哎呀，是不是該<txt:bold,2>有人</txt:bold>去為您那寶貝女兒指引一下方向呢？","А то вдруг <txt:bold,2>кто-то</txt:bold> захочет проводить вашу дочь?","Ahh... bolehkah <txt:bold,2>sesiapa</txt:bold> sudi tunjuk jalan keluar kepada puteri kita yang tercinta?","À mà, có <txt:bold,2>ai</txt:bold> dẫn đường cho cô con gái quý hóa của ông không nhỉ?","Aaah, ¿<txt:bold,2>alguien</txt:bold> no querrá guiar a su preciada hija?","Ah, apa tidak ada <txt:bold,2>seseorang</txt:bold> yang mau memandu putri terhormat itu?","เฮ้อ ไม่มี<txt:bold,2>ใคร</txt:bold>ช่วยบอกทางให้คุณลูกสาวสุดที่รักบ้างเลยรึไงนะ?","Quem sabe <txt:bold,2>alguém</txt:bold> ajuda sua filhinha a achar a saída?"
,,,빅토르_실루엣,,-,,,나가는 길을 헷갈릴 수도 있으니까.,"She might get lost, after all.",出口が分からなくなるかもしれないし。,她可能会搞不清该从哪条路出去。,她說不定會迷路呢。,Показать ей правильную дорогу.,Dia mungkin tersesat.,Lỡ cô ấy nhầm đường ra ngoài thì sao.,Porque podría confundirse al buscar la salida.,Supaya ia tidak bingung mencari jalan keluar.,เพราะเธออาจสับสนทางออกก็ได้นี่นา,Vai que ela se perde no caminho.
,,,빅토르_실루엣,,-,,,"아버님 성의가 있는데, 마주치면 민망할 텐데~",Would be awkward to run into Daddy after all his effort.,お父上のご厚意があるのに、鉢合わせたら気まずいだろう？,好歹也是当爹的一番心意，要是撞见了多尴尬啊～,既然是爸爸的一番心意，要是撞個正著，那可就尷尬了～,"Будет неловко, если отец с дочерью-беглянкой встретятся...",Pasti janggal jika terserempak dengan Ayah selepas segala usahanya.,"Ông bố đã có lòng như vậy, nếu chạm mặt thì ngại lắm đấy.",Sería una lástima encontrarse con ella después de todo el esfuerzo que ha hecho su padre...,"Padahal ayahnya sudah berusaha keras disini, pasti akan canggung jika saling bertemu~",พ่ออุตส่าห์หยวนให้แล้ว ถ้าดันมาเจอกันคงจะทำตัวไม่ถูกน่าดู~,"Ia ser uma pena encontrar o paizão depois de tanto esforço, né?"
,,,정인호,,1_기본,,,...시끄러워.,Shut up...,‥黙れ。,‥吵死了。,‥吵死了。,Хватит болтать.,Diamlah...,...Im đi.,...Cállate.,...Berisik.,...หนวกหูน่า,Fica quieto...
,,,TAG,,,,,"<cha:pos,유리,-2><cha:pos,정인호,2><cha:pos,빅토르_실루엣,1>","<cha:pos,유리,-2><cha:pos,정인호,2><cha:pos,빅토르_실루엣,1>","<cha:pos,유리,-2><cha:pos,정인호,2><cha:pos,빅토르_실루엣,1>","<cha:pos,유리,-2><cha:pos,정인호,2><cha:pos,빅토르_실루엣,1>","<cha:pos,유리,-2><cha:pos,정인호,2><cha:pos,빅토르_실루엣,1>","<cha:pos,유리,-2><cha:pos,정인호,2><cha:pos,빅토르_실루엣,1>","<cha:pos,유리,-2><cha:pos,정인호,2><cha:pos,빅토르_실루엣,1>","<cha:pos,유리,-2><cha:pos,정인호,2><cha:pos,빅토르_실루엣,1>","<cha:pos,유리,-2><cha:pos,정인호,2><cha:pos,빅토르_실루엣,1>","<cha:pos,유리,-2><cha:pos,정인호,2><cha:pos,빅토르_실루엣,1>","<cha:pos,유리,-2><cha:pos,정인호,2><cha:pos,빅토르_실루엣,1>","<cha:pos,유리,-2><cha:pos,정인호,2><cha:pos,빅토르_실루엣,1>"
,,,유리,,2_기본,pause,silent,...,...,‥,‥,‥,...,...,...,...,...,...,...
,,,유리,,1_기본,pause,,...저기.,Hey...,‥あのさ。,‥那个。,‥那個。,Вот те на...,Hei...,...Này.,...Oye.,...Anu.,...นี่,Então...
,,,유리,,1_한숨,pause,,"이거, 내가 뒤처리하라는 거 맞지?",So I’m supposed to clean this up. Is that it?,これ、俺が後始末しろってことだよな？,这个，是让我来收拾烂摊子的意思吧？,這是要我幫忙善後的意思吧？,И мне со всем разбираться?,"Jadi saya yang kena selesaikan benda ini, ya?",Đây là... muốn tôi lo nốt phần còn lại đúng không?,"Se supone que yo debo encargarme de esto, ¿verdad?","Jadi, aku yang harus membereskan ini, ya?",ก็คือจะให้ฉันจัดการปิดท้ายใช่ไหม?,"Isso aqui é pra eu resolver, né?"
,,,유리,,1_한숨,nervous,,"아, 진짜 귀찮네.","Ugh, what a pain.",あー、マジでめんどくせぇ。,啊，真是麻烦死了。,啊，真是麻煩死了。,Как же лень.,"Ugh, menyusahkan betul.","A, thật phiền phức.","Ah, qué fastidio.","Ah, benar-benar merepotkan.",เฮ้อ น่าหงุดหงิดชะมัด,"Nossa, que chato..."
,,,유리,,1_기본,nervous,,이럴 거면 그냥 얼굴 보고 직접 말하라고...,"If you’re going to do this, just say it to her face...",こうするなら直接顔見て言えっての‥,要是想说这种话，干脆当面直接说不就好了‥,既然要這樣，乾脆當面跟她講清楚不就好了嗎‥,"Могли бы сами с ней поговорить, а не устраивать шоу.","Kalau nak macam ni, berterus-terang sajalah dengan dia...",Nếu vậy thì gặp mặt nói thẳng luôn đi chứ...,"Si iba a ser así, ¿por qué no se lo dices directamente a tu hija...?","Daripada begini, kenapa mereka tidak bilang secara langsung saja...?",ถ้าจะทำแบบนี้ก็คุยกันตรงๆ ต่อหน้าไปเลยสิ...,"Se era assim, podiam ter falado cara a cara..."
,,,TAG,,,,,"<eff:black,3>","<eff:black,3>","<eff:black,3>","<eff:black,3>","<eff:black,3>","<eff:black,3>","<eff:black,3>","<eff:black,3>","<eff:black,3>","<eff:black,3>","<eff:black,3>","<eff:black,3>"
,,,TAG,,,,,"<cha:qpos,유리,0><cha:qpos,정인호,4><cha:qpos,빅토르_실루엣,4>","<cha:qpos,유리,0><cha:qpos,정인호,4><cha:qpos,빅토르_실루엣,4>","<cha:qpos,유리,0><cha:qpos,정인호,4><cha:qpos,빅토르_실루엣,4>","<cha:qpos,유리,0><cha:qpos,정인호,4><cha:qpos,빅토르_실루엣,4>","<cha:qpos,유리,0><cha:qpos,정인호,4><cha:qpos,빅토르_실루엣,4>","<cha:qpos,유리,0><cha:qpos,정인호,4><cha:qpos,빅토르_실루엣,4>","<cha:qpos,유리,0><cha:qpos,정인호,4><cha:qpos,빅토르_실루엣,4>","<cha:qpos,유리,0><cha:qpos,정인호,4><cha:qpos,빅토르_실루엣,4>","<cha:qpos,유리,0><cha:qpos,정인호,4><cha:qpos,빅토르_실루엣,4>","<cha:qpos,유리,0><cha:qpos,정인호,4><cha:qpos,빅토르_실루엣,4>","<cha:qpos,유리,0><cha:qpos,정인호,4><cha:qpos,빅토르_실루엣,4>","<cha:qpos,유리,0><cha:qpos,정인호,4><cha:qpos,빅토르_실루엣,4>"
,,,유리,,1_기본,wave,,하여간 귀찮은 사람들이라니까.,"Such a hassle, the both of them.",まったく面倒な人たちだ。,真是两个别扭的家伙。,真是一群麻煩的人。,Вечно все усложняют.,"Menyusahkan sahaja, mereka berdua.",Đúng là toàn những người phiền phức.,"En fin, qué gente tan molesta.","Pokoknya, orang-orang ini sangat merepotkan sekali.",พวกคนน่ารำคาญเอ๊ย,"Essas pessoas são um saco, sério mesmo."
,,,유리,,1_기본,wave,,"흐암, 이제 들어가서 잘까.",*yawn* Time to go back to bed...,ふあぁ、もう戻って寝るか。,哈欠，我也回去睡觉了。,哈欠～我也該回去睡覺了。,"Так, пора спать.",*menguap* Nak tidur balik lah...,"*Ngáp* Thôi, giờ về ngủ vậy.","*Bostezo*, me iré a dormir ya.","Huam, mungkin sudah waktunya aku tidur.",ฮ้าว เข้าไปนอนดีกว่า,Uaaah! Melhor eu ir deitar.
3,경기 전,#,MAP,,,,,훈련장,훈련장,훈련장,훈련장,훈련장,훈련장,훈련장,훈련장,훈련장,훈련장,훈련장,훈련장
,,#,BGM,,,,,BGM_JENNY_S_REGRET,BGM_JENNY_S_REGRET,BGM_JENNY_S_REGRET,BGM_JENNY_S_REGRET,BGM_JENNY_S_REGRET,BGM_JENNY_S_REGRET,BGM_JENNY_S_REGRET,BGM_JENNY_S_REGRET,BGM_JENNY_S_REGRET,BGM_JENNY_S_REGRET,BGM_JENNY_S_REGRET,BGM_JENNY_S_REGRET
,,#,제니_자켓,4,1_새침,,,,,,,,,,,,,,
,,#,크로우,-4,1_기본,,,,,,,,,,,,,,
,,#,엘리오,4,1_기본,,,,,,,,,,,,,,
,,,TAG,,,,,"<sys:scene2,편지>","<sys:scene2,편지>","<sys:scene2,편지>","<sys:scene2,편지>","<sys:scene2,편지>","<sys:scene2,편지>","<sys:scene2,편지>","<sys:scene2,편지>","<sys:scene2,편지>","<sys:scene2,편지>","<sys:scene2,편지>","<sys:scene2,편지>"
,,,-,,,,,"<txt:bold,3><txt:color,grey>~전해주지 못한 편지~</txt:color></txt:bold>","<txt:bold,3><txt:color,grey>A letter never sent</txt:color></txt:bold>","<txt:bold,3><txt:color,grey>～届かなかった手紙～</txt:color></txt:bold>","<txt:bold,3><txt:color,grey>～没能寄出的信～</txt:color></txt:bold>","<txt:bold,3><txt:color,grey>～未能寄出的信～</txt:color></txt:bold>","<txt:bold,3><txt:color,grey>Неотправленное письмо</txt:color></txt:bold>","<txt:bold,3><txt:color,grey>Sepucuk surat yang tidak dihantar</txt:color></txt:bold>","<txt:bold,3><txt:color,grey>~ Lá thư chưa thể gửi đi ~</txt:color></txt:bold>","<txt:bold,3><txt:color,grey>Una carta que nunca fue entregada</txt:color></txt:bold>","<txt:bold,3><txt:color,grey>~Surat yang tidak terkirim~</txt:color></txt:bold>","<txt:bold,3><txt:color,grey>~จดหมายที่ไม่ได้ถูกส่ง~</txt:color></txt:bold>","<txt:bold,3><txt:color,grey>#A Carta que Nunca foi Entregue</txt:color></txt:bold>"
,,,제니_자켓,,-,,,"<txt:bold,2><txt:color,orange>사라</txt:color></txt:bold> 언니에게.","Dear <txt:bold,2><txt:color,orange>Sara</txt:color></txt:bold>,","<txt:bold,2><txt:color,orange>紗良</txt:color></txt:bold>お姉ちゃんへ。","致<txt:bold,2><txt:color,orange>莎拉</txt:color></txt:bold>姐姐：","致<txt:bold,2><txt:color,orange>莎拉</txt:color></txt:bold>姐姐。","Дорогая <txt:bold,2><txt:color,orange>Сара</txt:color></txt:bold>!","Kepada <txt:bold,2><txt:color,orange>Sara</txt:color></txt:bold>,","<txt:bold,2><txt:color,orange>Gửi chị Sara</txt:color></txt:bold>.","Para <txt:bold,2><txt:color,orange>Sara</txt:color></txt:bold>.","Untuk kakak <txt:bold,2><txt:color,orange>Sara</txt:color></txt:bold>.","ถึงพี่<txt:bold,2><txt:color,orange>ซาร่า</txt:color></txt:bold>","Para <txt:bold,2><txt:color,orange>Sara</txt:color></txt:bold>..."
,,,제니_자켓,,-,,,"언니, 잘 지내? 몸은 좀 어때?",How have you been? How are you feeling?,お姉ちゃん、元気？体調はどう？,姐姐，过得好吗？身体怎么样？,姐姐，最近過得好嗎？身體還好嗎？,Как твои дела? Как здоровье?,Apa khabar? Bagaimana keadaan awak?,"Chị ơi, dạo này chị khỏe không? Sức khỏe thế nào rồi?","<txt:bold,2><txt:color,orange>Sara</txt:color></txt:bold>, ¿cómo estás? ¿Cómo te sientes?",Apa kabar kak? Bagaimana kondisi tubuhmu?,พี่ สบายดีไหม? ร่างกายเป็นยังไงบ้าง?,Tudo bem com você?
,,,제니_자켓,,-,,,얼마 전 영상으로 언니 경기를 봤어.,I watched one of your matches on video a while back.,この前、映像でお姉ちゃんの試合を観たよ。,前阵子看了姐姐比赛的视频。,前陣子看了姐姐比賽的影片。,Недавно я смотрела матч с твоим участием.,Saya menonton salah satu perlawanan awak dalam video baru-baru ini.,Dạo trước em xem được video trận đấu của chị.,Vi un video de tu partido hace poco.,Belum lama ini aku menonton pertandinganmu lewat video.,เมื่อไม่นานมานี้ ฉันได้ดูคลิปการแข่งขันของพี่ด้วย,Faz pouco tempo que vi você jogar num vídeo.
,,,제니_자켓,,-,,,"여전히 멋지고, 건강해 보여서 기뻤어.",You still looked so cool. I was glad to see you healthy.,相変わらずカッコよくて、元気そうで嬉しかった。,看到你依然那么帅气、那么健康，我真的很高兴。,看到姐姐依然那麼帥氣、充滿活力，我真的很開心。,Ты все такая же невероятная и сильная.,Awak masih kelihatan begitu hebat. Saya gembira melihat awak sihat.,"Vẫn ngầu như trước, trông còn khỏe mạnh nữa nên em vui lắm.",Me alegró ver que sigues igual de increíble y saludable.,"Masih keren seperti dulu, dan aku senang melihatmu sehat.",ฉันดีใจนะที่พี่ยังยอดเยี่ยมเหมือนเดิม แล้วก็ดูแข็งแรงดี,"Fiquei tão feliz em ver que você continua incrível, tão forte quanto sempre foi."
,,,제니_자켓,,-,,,나도 더 열심히 하려고.,It made me want to work even harder.,あたしももっと頑張ろうって思った。,我也会更加努力的。,我也會更加努力的。,Я тоже буду стараться еще сильнее.,Ia mendorong saya ingin berusaha lebih keras.,Em cũng sẽ cố gắng hơn nữa.,Yo también me esforzaré más.,Aku juga jadi ingin berusaha lebih keras.,ฉันก็จะตั้งใจให้มากขึ้นเหมือนกัน,"Eu também tô tentando me dedicar mais, sabe?"
,,,제니_자켓,,-,,,"언니만큼 유명하진 않지만, 나도 아직 배구를 계속하고 있어.","I’m not as famous as you, but I’m still playing volleyball.",お姉ちゃんほど有名じゃないけど、あたしもまだバレーを続けてるよ。,虽然我不像姐姐那么出名，但现在也还在坚持打排球。,雖然不像姐姐那麼有名，但我現在也還在繼續打排球。,"Я не такая популярная как ты, но я тоже играю в волейбол.","Saya tidak terkenal seperti awak, tetapi saya masih bermain bola tampar.","Dù không nổi tiếng như chị, nhưng em vẫn đang tiếp tục chơi bóng chuyền.","Aunque no soy tan famosa como tú, sigo jugando al voleibol.","Aku memang belum seterkenal kakak, tapi aku masih terus bermain voli.",ถึงจะไม่โด่งดังเท่าพี่ แต่ฉันก็ยังเล่นวอลเลย์บอลอยู่เรื่อยๆ,"Não sou tão famosa quanto você, mas ainda tô no vôlei."
,,,제니_자켓,,-,,,어디에서 뛰고 있는지는 비밀이야.,"Where I’m playing is a secret, though.",どこでプレーしてるかは秘密だけどね。,在哪里打球是秘密哦。,至於在哪個球隊打球，那是祕密喔。,Название команды не скажу. Это секрет.,"Namun, tempat saya bermain adalah rahsia.",Em đang thi đấu ở đâu thì là bí mật.,Es un secreto dónde estoy jugando.,Soal dimana aku bermain itu rahasia ya.,ส่วนเรื่องที่ว่าเล่นที่ไหนน่ะเป็นความลับ,Não posso falar onde tô jogando agora.
,,,제니_자켓,,-,,,말해도 어차피 모를 테니까.,You probably wouldn’t know the place anyway.,言っても、どうせ分からないだろうし。,反正说了姐姐肯定也不知道。,反正說了姐姐大概也不知道。,Хотя ты все равно о нас не слышала.,Awak mungkin tidak tahu tempat itu pun.,Nói ra chắc chị cũng không biết đâu.,"Aunque te lo dijera, seguro que no conocerías el lugar.",Pasti tidak akan tahu meski aku bilang.,เพราะถึงบอกไปพี่ก็คงไม่รู้จักอยู่ดี,"E mesmo que eu falasse, acho que você nem conheceria."
,,,제니_자켓,,-,,,그래도 이곳도 나쁘지만은 않아.,But it’s not so bad here.,それでも、ここも悪くはないかな。,不过这里也挺不错的。,不過這裡其實也挺不錯的。,"Но даже так, мне тут нравится.",Tetapi di sini tidaklah begitu teruk.,Nhưng nơi này cũng không tệ.,Pero este lugar tampoco está tan mal.,Tapi tempat ini juga tidak buruk.,แต่ที่นี่ก็ไม่ได้แย่นักหรอก,"Mas, apesar de tudo, não tá sendo tão ruim assim por aqui."
,,,제니_자켓,,-,,,"친구도 생겼고, 팬도 생겼어.","I’ve made friends, and even got some fans.",友達もできたし、ファンもできたよ。,交到了朋友，也有了粉丝。,我交到了朋友，也有了粉絲。,У меня появились друзья. И даже поклонники.,"Saya ada kawan, dan malah mendapat beberapa peminat.","Em cũng có bạn, cũng có fan.",Hice amigos y tengo fans.,"Disini aku punya teman, dan juga penggemar.",ฉันมีเพื่อนแล้วก็แฟนคลับด้วย,"Fiz amizades, até ganhei alguns fãs."
,,,제니_자켓,,-,,,"얼마 전엔 경기가 끝나고, 사인해 달란 말도 들었어.","After a match the other day, someone asked for my autograph.",この前、試合が終わってからサインしてって言われたの。,前几天比赛结束后，还有人找我签名呢。,前陣子比賽結束後，竟然還有人找我簽名呢。,Недавно после игры попросили автограф.,"Selepas perlawanan tempoh hari, ada orang meminta autograf saya.","Dạo trước sau khi trận đấu kết thúc, còn có người xin chữ ký em.","Hace unos días, después de un partido, incluso me pidieron un autógrafo.","Baru-baru ini setelah pertandingan, bahkan ada yang minta tanda tangan.",เมื่อไม่นานมานี้ พอจบการแข่งขันก็มีคนมาขอลายเซ็นด้วยนะ,"Outro dia, depois de uma partida, alguém até me pediu autógrafo."
,,,제니_자켓,,-,,,내 점프가 멋지대.,They said my jump was amazing.,あたしのジャンプがカッコいいんだって。,他们说我的跳跃非常帅气。,他們說我的跳躍很帥。,"Говорят, что я круто прыгаю.",Mereka kata lompatan saya hebat.,Họ nói cú nhảy của em rất ngầu.,Dicen que mis saltos son increíbles.,Katanya Jump-ku sangat keren.,เขาบอกว่าการกระโดดของฉันยอดเยี่ยมเลยล่ะ,Disseram que meu salto é impressionante.
,,,제니_자켓,,-,,,그래서 요즘은 점프 연습을 더 열심히 하고 있어.,So I’ve been practicing my jumps even harder lately.,だから最近は、ジャンプの練習をもっと頑張ってるんだ。,所以最近我练跳跃练得更勤快了。,所以我最近練習跳躍練得更勤了。,Поэтому я стала еще больше тренировать прыжки.,Jadi saya berlatih melompat lebih gigih kebelakangan ini.,Vì vậy dạo này em càng luyện tập nhảy chăm chỉ hơn.,"Por eso, últimamente estoy practicando mis saltos con más esfuerzo.",Makanya akhir-akhir ini aku lebih giat berlatih Jump.,ช่วงนี้ฉันก็เลยตั้งใจฝึกซ้อมการกระโดดมากขึ้น,Aí fiquei ainda mais animada pra treinar meu salto.
,,,제니_자켓,,-,,,언니.,"<txt:bold,2><txt:color,orange>Sara</txt:color></txt:bold>.",お姉ちゃん。,姐姐。,姐姐。,Сара.,"<txt:bold,2><txt:color,orange>Sara</txt:color></txt:bold>.",Chị ơi.,"<txt:bold,2><txt:color,orange>Sara</txt:color></txt:bold>.",Kakak.,พี่,"<txt:bold,2><txt:color,orange>Sara</txt:color></txt:bold>..."
,,,제니_자켓,,-,,,언젠가는 언니처럼 될 수 있을까?,Do you think I could be like you someday?,いつかお姉ちゃんみたいになれるかな？,总有一天，我也能变得像姐姐一样吗？,總有一天，我也能變得像妳一樣嗎？,"Смогу ли я когда-нибудь стать такой же, как ты?",Awak rasa saya boleh menjadi seperti awak suatu hari nanti?,Liệu một ngày nào đó em có thể trở thành như chị không?,¿Podré llegar a ser como tú algún día?,Apakah suatu hari aku bisa jadi seperti kakak?,สักวันหนึ่งฉันจะเป็นเหมือนพี่ได้ไหมนะ?,Será que um dia eu consigo chegar ao seu nível?
,,,제니_자켓,,-,,,언니를 마지막으로 만난 지도 벌써 꽤 됐네.,It’s been a long time since I last saw you.,お姉ちゃんに最後に会ってから、もうけっこう経つね。,距离上次见到姐姐，已经过去好久了。,自從上次見到姐姐，也過了好長一段時間呢。,Мы очень давно не виделись.,Sudah lama saya tak jumpa awak.,Đã khá lâu rồi kể từ lần cuối em gặp chị.,Ya ha pasado bastante tiempo desde la última vez que nos vimos.,Sudah cukup lama sejak terakhir kali bertemu kakak.,ฉันไม่ได้เจอพี่มานานพอสมควรแล้วเนอะ,Já faz tanto tempo desde a última vez que a gente se viu.
,,,제니_자켓,,-,,,다시 만나면 언니가 나를 알아보지 못할지도 모르겠어.,"If we met again, you might not even recognize me.",また会ったら、お姉ちゃんはあたしのこと分からないかも。,我在想，如果再见，姐姐会不会认不出来我。,我好怕下次見面，姐姐會認不出我來。,"Скорее всего, ты даже не узнаешь меня, если мы встретимся.","Jika kita bertemu lagi, awak mungkin tidak mengenali saya.","Nếu gặp lại, có khi chị sẽ không nhận ra em nữa.",Quizás ni siquiera me reconozcas si nos volvemos a ver.,"Kalau bertemu lagi, mungkin kakak tidak dapat mengenaliku.",ถ้าได้เจอกันอีกครั้ง พี่อาจจำฉันไม่ได้ก็ได้,"Quando a gente se encontrar de novo, pode ser que você nem me reconheça."
,,,제니_자켓,,-,,,"어쩔 수 없다고 생각하지만, 그런 생각을 하면 속상해.","I know it can’t be helped, but the thought still hurts.",仕方ないことだと思うけど、そう考えると悲しくなるな。,虽然觉得那是没办法的事，但一想到这些还是会很难过。,雖然我知道那是沒辦法的事，但光是想到心裡就很難受。,"Грустно, но ничего не поделаешь.","Saya tahu ini mungkin terjadi, tetapi hati tetap sedih.","Em nghĩ cũng không còn cách nào khác, nhưng cứ nghĩ vậy là lại thấy buồn.","Sé que no se puede evitar, pero me entristece pensarlo.","Aku tahu itu tidak bisa dihindari, tapi tetap saja sedih kalau memikirkannya.",ถึงจะคิดว่ามันเป็นเรื่องที่ช่วยไม่ได้ แต่พอคิดแบบนั้นฉันก็เสียใจ,"Sei que é inevitável, mas só de pensar nisso dói um pouquinho."
,,,제니_자켓,,-,,,얼마 전 사진을 하나 찍었어.,I took a photo recently.,この前、写真を一枚撮ったの。,前阵子我拍了张照片。,前陣子我拍了一張照片。,Недавно я сделала одну фотографию.,Baru-baru ini saya mengambil gambar.,Mới đây em đã chụp một bức ảnh.,Me tomé una foto hace poco.,Belum lama ini aku mengambil satu foto.,ฉันถ่ายรูปไว้เมื่อไม่นานมานี้,Eu tirei uma foto há pouco tempo.
,,,제니_자켓,,-,,,"이 편지를 부치는 날, 같이 보내려고 해.",I’m going to send it with this letter when I mail it.,この手紙を送る日に、一緒に送ろうと思って。,想和这封信一起寄给你。,我打算在寄出這封信的那天，把照片也附上去。,Положу фотографию в конверт.,Saya akan menghantarnya bersama surat ini nanti.,Ngày gửi lá thư này em định gửi kèm theo.,Pienso enviarla junto con esta carta el día que la mande.,Aku akan mengirimkannya bersama surat ini.,ฉันว่าจะส่งไปด้วยกันตอนที่ส่งจดหมายฉบับนี้,Quero mandar junto quando eu finalmente enviar essa carta.
,,,제니_자켓,,-,,,얼굴을 보면 날 기억해 줄지도 모르니까.,Maybe seeing my face will help you remember me.,顔を見れば、あたしのこと思い出してくれるかもしれないから。,看到我的样子，也许姐姐就能想起我了。,也許看到我的臉，姐姐就會想起我了。,Может ты вспомнишь меня.,Mungkin melihat wajah saya akan membantu awak mengingati saya.,Vì nếu nhìn thấy khuôn mặt thì có lẽ chị sẽ nhớ ra em.,Porque quizás me recuerdes al ver mi rostro.,"Kalau kakak melihat wajahku, mungkin saja kakak akan ingat aku.",เผื่อถ้าพี่ได้เห็นหน้า พี่อาจจะจำฉันได้ไงล่ะ,"Quem sabe, vendo meu rosto, a memória volta?"
,,,제니_자켓,,-,,,사실은 언젠가 이 편지를 언니에게 직접 주고 싶은데.,"The truth is, I’d love to hand this letter to you in person someday.",本当はいつか、この手紙をお姉ちゃんに直接渡したいの。,其实，我多希望能亲手把这封信交给姐姐啊。,其實我好想有一天，能親手把這封信交給姐姐喔。,Мне бы хотелось лично отдать тебе это письмо.,"Sebenarnya, saya ingin memberikan surat ini kepada awak sendiri suatu hari nanti.",Thật ra một ngày nào đó em muốn tự tay đưa lá thư này cho chị.,"En realidad, algún día me gustaría entregarte esta carta en persona.",Sebenarnya aku ingin menyerahkan surat ini langsung ke kakak pada suatu hari nanti.,ที่จริงฉันอยากเป็นคนมอบจดหมายฉบับนี้ให้พี่ด้วยตัวเองในสักวันหนึ่ง,"O que eu mais quero é entregar essa carta pra você pessoalmente, um dia."
,,,제니_자켓,,-,,,그런 날이 올까. 오면 좋겠다.,I wonder if that day will ever come. I hope it does.,そんな日が来るかな。来るといいな。,那样的日子会到来吗？真希望那一天快点来。,那一天真的會到來嗎？希望能成真。,Может однажды получится. Было бы здорово.,Agaknya hari itu akan tiba? Saya harap begitulah.,Liệu ngày đó có đến không nhỉ. Em mong là sẽ đến.,¿Llegará ese día? Ojalá que sí.,Apakah hari itu akan datang? Semoga iya.,วันนั้นจะมาถึงรึเปล่านะ ฉันอยากให้มันมาถึงจัง,Será que esse dia vai chegar? Eu torço muito pra que sim.
,,,제니_자켓,,-,,,"그럼, 안녕.","Take care,",じゃあ、またね。,那么，再见啦。,那麼，先這樣囉。,Всего тебе хорошего.,Jaga diri.,"Vậy nhé, tạm biệt chị.","Bueno, adiós.","Kalau begitu, sampai jumpa.",ถ้างั้นก็ลาก่อนนะพี่,"Bom, é isso por hoje. Tchau!"
,,,제니_자켓,,-,,,"<txt:bold,2><txt:color,orange>제니</txt:color></txt:bold>가.","<txt:bold,2><txt:color,orange>Jenny</txt:color></txt:bold>.","<txt:bold,2><txt:color,orange>ジェニー</txt:color></txt:bold>より。","<txt:bold,2><txt:color,orange>珍妮</txt:color></txt:bold>寄。","<txt:bold,2><txt:color,orange>珍妮</txt:color></txt:bold>敬上。","<txt:bold,2><txt:color,orange>Дженни</txt:color></txt:bold>.",Daripada Jenny.,"- <txt:bold,2><txt:color,orange>Jenny</txt:color></txt:bold> -","De <txt:bold,2><txt:color,orange>Jenny</txt:color></txt:bold>.","Dari <txt:bold,2><txt:color,orange>Jenny</txt:color></txt:bold>.","จาก<txt:bold,2><txt:color,orange>เจนนี่</txt:color></txt:bold>","Com carinho, <txt:bold,2><txt:color,orange>Jenny</txt:color></txt:bold>."
,,,TAG,,,,,"<scr:timer,100>","<scr:timer,100>","<scr:timer,100>","<scr:timer,100>","<scr:timer,100>","<scr:timer,100>","<scr:timer,100>","<scr:timer,100>","<scr:timer,100>","<scr:timer,100>","<scr:timer,100>","<scr:timer,100>"
,,,TAG,,,,,</sys:scene2>,</sys:scene2>,</sys:scene2>,</sys:scene2>,</sys:scene2>,</sys:scene2>,</sys:scene2>,</sys:scene2>,</sys:scene2>,</sys:scene2>,</sys:scene2>,</sys:scene2>
,,,TAG,,,,,"<eff:black,4>","<eff:black,4>","<eff:black,4>","<eff:black,4>","<eff:black,4>","<eff:black,4>","<eff:black,4>","<eff:black,4>","<eff:black,4>","<eff:black,4>","<eff:black,4>","<eff:black,4>"
,,,TAG,,,,,"<cha:qpos,엘리오,2><sys:qmap,훈련장 복도><sys:bgm,BGM_SIWOO_AND_PHANTOM_LEAGUE,600>","<cha:qpos,엘리오,2><sys:qmap,훈련장 복도><sys:bgm,BGM_SIWOO_AND_PHANTOM_LEAGUE,600>","<cha:qpos,엘리오,2><sys:qmap,훈련장 복도><sys:bgm,BGM_SIWOO_AND_PHANTOM_LEAGUE,600>","<cha:qpos,엘리오,2><sys:qmap,훈련장 복도><sys:bgm,BGM_SIWOO_AND_PHANTOM_LEAGUE,600>","<cha:qpos,엘리오,2><sys:qmap,훈련장 복도><sys:bgm,BGM_SIWOO_AND_PHANTOM_LEAGUE,600>","<cha:qpos,엘리오,2><sys:qmap,훈련장 복도><sys:bgm,BGM_SIWOO_AND_PHANTOM_LEAGUE,600>","<cha:qpos,엘리오,2><sys:qmap,훈련장 복도><sys:bgm,BGM_SIWOO_AND_PHANTOM_LEAGUE,600>","<cha:qpos,엘리오,2><sys:qmap,훈련장 복도><sys:bgm,BGM_SIWOO_AND_PHANTOM_LEAGUE,600>","<cha:qpos,엘리오,2><sys:qmap,훈련장 복도><sys:bgm,BGM_SIWOO_AND_PHANTOM_LEAGUE,600>","<cha:qpos,엘리오,2><sys:qmap,훈련장 복도><sys:bgm,BGM_SIWOO_AND_PHANTOM_LEAGUE,600>","<cha:qpos,엘리오,2><sys:qmap,훈련장 복도><sys:bgm,BGM_SIWOO_AND_PHANTOM_LEAGUE,600>","<cha:qpos,엘리오,2><sys:qmap,훈련장 복도><sys:bgm,BGM_SIWOO_AND_PHANTOM_LEAGUE,600>"
,,,크로우,,1_기본,,,"...<txt:bold,2><txt:color,orange>엘리오</txt:color></txt:bold>!<cha:pos,크로우,-2>","...<txt:bold,2><txt:color,orange>Ellio</txt:color></txt:bold>!<cha:pos,크로우,-2>","‥<txt:bold,2><txt:color,orange>エリオ</txt:color></txt:bold>！<cha:pos,크로우,-2>","‥<txt:bold,2><txt:color,orange>埃利奥</txt:color></txt:bold>！<cha:pos,크로우,-2>","‥<txt:bold,2><txt:color,orange>埃利奧</txt:color></txt:bold>！<cha:pos,크로우,-2>","...<txt:bold,2><txt:color,orange>Эллио</txt:color></txt:bold>!<cha:pos,크로우,-2>","...<txt:bold,2><txt:color,orange>Ellio</txt:color></txt:bold>!<cha:pos,크로우,-2>","<txt:bold,2><txt:color,orange>Ellio</txt:color></txt:bold>!<cha:pos,크로우,-2>","...¡<txt:bold,2><txt:color,orange>Ellio</txt:color></txt:bold>!<cha:pos,크로우,-2>","...<txt:bold,2><txt:color,orange>Ellio</txt:color></txt:bold>!<cha:pos,크로우,-2>","...<txt:bold,2><txt:color,orange>เอลิโอ</txt:color></txt:bold>!<cha:pos,크로우,-2>","<txt:bold,2><txt:color,orange>Ellio</txt:color></txt:bold>!<cha:pos,크로우,-2>"
,,,엘리오,,1_기본,pause,exclam,...!,...!,‥！,‥！,‥！,...!,...?!,...!,¡...!,...!,...!,...!
,,,엘리오,,1_진지,nervous,,"잠깐. <txt:color,grey>(두리번, 두리번.)</txt:color> <wrt:wait,30>이리로 와.","Wait. <txt:color,grey>(looks around)</txt:color> <wrt:wait,30>Over here.","待った。<txt:color,grey>(きょろきょろ)</txt:color><wrt:wait,30>こっち。","等等。<txt:color,grey>（东张西望）</txt:color> <wrt:wait,30>你过来。","等等。<txt:color,grey>（東張西望。）</txt:color> <wrt:wait,30>你過來這裡。","Стой. <txt:color,grey>(Озирается.)</txt:color> <wrt:wait,30>Сюда давай.","Tunggu. <txt:color,grey>(melihat sekeliling)</txt:color> <wrt:wait,30>Di sini.","Khoan đã. <txt:color,grey>*Nhìn quanh*</txt:color> <wrt:wait,30>Lại đây.","Espera. <txt:color,grey>(Mira a su alrededor)</txt:color> <wrt:wait,30>Ven aquí.","Sebentar. <txt:color,grey>(Melirik ke sana sini.)</txt:color> <wrt:wait,30>Coba kesini.","เดี๋ยวนะ <txt:color,grey>(หันซ้ายหันขวา)</txt:color> <wrt:wait,30>มาทางนี้","Calma. <txt:color,grey>(olha pros lados)</txt:color> <wrt:wait,30>Chega mais."
,,,엘리오,,1_짜증,nervous,,"뭐야, 너. 왜 여기까지 찾아왔어.",What are you doing here? Why’d you come all this way?,なんだよ、お前。どうしてここまで来たんだ？,你怎么回事？为什么跑到这里来找我。,怎麼了，為什麼特地跑到這裡來找我。,Что случилось? Зачем ты пришел?,Apa awak buat di sini? Kenapa awak datang sejauh ini?,Gì đấy? Sao lại tìm đến tận đây.,¿Qué pasa contigo? ¿Por qué viniste hasta aquí?,Apa ini? Kamu kenapa datang sampai kesini?,อะไรของนายเนี่ย มาถึงที่นี่ทำไม,Que foi? O que você tá fazendo aqui?
,,,엘리오,,1_짜증,nervous,,"<txt:shake,1>보는 눈이 많다고 여긴...!</txt:shake>","<txt:shake,1>There are eyes everywhere, you can’t just...!</txt:shake>","<txt:shake,1>ここは人目が多いって言ってるだろ‥！</txt:shake>","<txt:shake,1>这里耳目众多‥！</txt:shake>","<txt:shake,1>這裡眼線很多耶‥！</txt:shake>","<txt:shake,1>Здесь полно любопытных глаз.</txt:shake>","<txt:shake,1>Ada mata di mana-mana, awak tak boleh...!</txt:shake>","<txt:shake,1>Ở đây nhiều người để ý lắm...!</txt:shake>","<txt:shake,1>¡Hay demasiados ojos mirando en este lugar...!</txt:shake>","<txt:shake,1>Disini ada banyak mata yang melihat...!</txt:shake>","<txt:shake,1>ที่นี่มีสายตาคอยจับจ้องอยู่เยอะนะ...!</txt:shake>","<txt:shake,1>Tá cheio de gente olhando...</txt:shake>"
,,,크로우,,1_기본,,,"선수들의 <txt:bold,2>불법 계약서</txt:bold>가 사라졌다.","The <txt:bold,2>illegal player contracts</txt:bold> are gone.","選手たちの<txt:bold,2>不正契約書</txt:bold>がなくなった。","选手的<txt:bold,2>非法合同</txt:bold>不见了。","選手們的<txt:bold,2>非法合約</txt:bold>不見了。","Исчезли <txt:bold,2>нелегальные контракты</txt:bold>.","<txt:bold,2>Kontrak pemain haram</txt:bold> sudah hilang.","<txt:bold,2>Hợp đồng bất hợp pháp</txt:bold> của các tuyển thủ đã biến mất rồi.","Los <txt:bold,2>contratos ilegales</txt:bold> de los jugadores han desaparecido.","<txt:bold,2>Kontrak ilegal</txt:bold> para atlet telah hilang.","<txt:bold,2>สัญญาผิดกฎหมาย</txt:bold>ของพวกนักกีฬาหายไป","Sumiram com os <txt:bold,2>contratos ilegais</txt:bold> dos atletas."
,,,엘리오,,1_진지,pause,exclam,"...<wrt:wait,30>뭐?","...<wrt:wait,30>What?","‥<wrt:wait,30>なんだって？","‥<wrt:wait,30>什么？","‥<wrt:wait,30>什麼？","...<wrt:wait,30>Что?","...<wrt:wait,30>Apa?","<wrt:wait,30>Gì cơ...?","...<wrt:wait,30>¿Qué?","...<wrt:wait,30>Apa?","...<wrt:wait,30>หา?","O... <wrt:wait,30>quê?"
,,,크로우,,1_기본,,,"우리가 찾으려 했던 계약서가 <txt:bold,2><txt:color,orange>카를라</txt:color></txt:bold>의 사무실에 없었다고.","The contracts we were looking for weren’t in <txt:bold,2><txt:color,orange>Carla</txt:color></txt:bold>’s office.","俺たちが見つけようとしてた契約書が、<txt:bold,2><txt:color,orange>カルラ</txt:color></txt:bold>の事務室になかったんだ。","我们原本想找的那些合同，根本不在<txt:bold,2><txt:color,orange>卡拉</txt:color></txt:bold>的办公室里。","我們原本要找的合約，並不在<txt:bold,2><txt:color,orange>卡拉</txt:color></txt:bold>的辦公室裡。","Контрактов, которые нам нужны, нет в офисе <txt:bold,2><txt:color,orange>Карлы</txt:color></txt:bold>.","Kontrak yang kita cari tidak ada di pejabat <txt:bold,2><txt:color,orange>Carla</txt:color></txt:bold>.","Bản hợp đồng chúng ta đang tìm không có trong văn phòng của <txt:bold,2><txt:color,orange>Carla</txt:color></txt:bold>.","El contrato que intentábamos encontrar no estaba en la oficina de <txt:bold,2><txt:color,orange>Carla</txt:color></txt:bold>.","Kontrak yang sedang kita cari itu tidak ada di kantor <txt:bold,2><txt:color,orange>Carla</txt:color></txt:bold>.","สัญญาที่เราพยายามตามหาไม่ได้อยู่ในห้องทำงานของ<txt:bold,2><txt:color,orange>คาร์ลา</txt:color></txt:bold>","Os contratos que a gente tava procurando não estavam na sala da <txt:bold,2><txt:color,orange>Carla</txt:color></txt:bold>."
,,,크로우,,1_기본,,,그 여자가 눈치챈 게 분명해.,She must have caught on.,あの女に気づかれたに違いない。,那个女人肯定已经察觉到了。,那個女人肯定已經發現了。,Она обо всем догадалась.,Dia mesti sudah tahu.,Chắc chắn cô ta đã phát hiện ra rồi.,Seguro que esa mujer se dio cuenta.,Aku yakin wanita itu telah menyadarinya.,ผู้หญิงคนนั้นรู้ตัวแล้วแน่นอน,Aquela mulher percebeu o que tá acontecendo.
,,,엘리오,,1_진지,,,"...<wrt:wait,30>쳇. ","...<wrt:wait,30>Damn.","‥<wrt:wait,30>ちっ。","‥<wrt:wait,30>切。","‥<wrt:wait,30>嘖。","...<wrt:wait,30>Вот подстава.","...<wrt:wait,30>Sial.","<wrt:wait,30>Chết tiệt...","...<wrt:wait,30>Tsk.","...<wrt:wait,30>Cih.","...<wrt:wait,30>ชิ","Aff... <wrt:wait,30>Tsc!"
,,,크로우,,1_기본,,,시간이 없어.,We’re running out of time.,時間がない。,没时间了。,沒時間了。,У нас нет времени.,Kita kehabisan masa.,Không còn thời gian đâu.,No hay tiempo.,Tidak ada waktu lagi.,เราไม่มีเวลาแล้ว,Não temos tempo.
,,,크로우,,1_무표정,,,이미 1세트가 시작됐어.,Set 1 has already started.,もう第1セットが始まってる。,第一局已经开始了。,第一局已經開始了。,Первый сет уже начался.,Set 1 sudah bermula.,Set 1 đã bắt đầu rồi.,Ya comenzó el 1er set.,Set pertama sudah dimulai.,เซ็ต 1 เริ่มขึ้นแล้ว,O primeiro set já começou.
,,,크로우,,1_기본,,,"<txt:bold,2><txt:color,orange>카를라</txt:color></txt:bold>가 정신 팔린 사이 해결해야 해.","We need to take care of this while <txt:bold,2><txt:color,orange>Carla</txt:color></txt:bold>’s distracted.","<txt:bold,2><txt:color,orange>カルラ</txt:color></txt:bold>の気が逸れてる間に片付けないと。","必须趁<txt:bold,2><txt:color,orange>卡拉</txt:color></txt:bold>分神的时候解决掉。","得趁<txt:bold,2><txt:color,orange>卡拉</txt:color></txt:bold>不注意的時候趕快解決掉。","Нам нужно с этим разобраться, пока <txt:bold,2><txt:color,orange>Карла</txt:color></txt:bold> занята.","Kita perlu tangani sementara perhatian <txt:bold,2><txt:color,orange>Carla</txt:color></txt:bold> dialih.","Phải giải quyết trong lúc <txt:bold,2><txt:color,orange>Carla</txt:color></txt:bold> đang bị phân tâm.","Tenemos que resolverlo mientras <txt:bold,2><txt:color,orange>Carla</txt:color></txt:bold> esté distraída.","Kita harus cepat menyelesaikan masalah ini mumpung <txt:bold,2><txt:color,orange>Carla</txt:color></txt:bold> sedang sibuk mengurus hal lain.","เราต้องรีบจัดการตอนที่<txt:bold,2><txt:color,orange>คาร์ลา</txt:color></txt:bold>กำลังเผลอ","Precisamos resolver isso enquanto a <txt:bold,2><txt:color,orange>Carla</txt:color></txt:bold> tá distraída."
,,,크로우,,1_기본,,,"<txt:bold,2><txt:color,orange>엘리오</txt:color></txt:bold>, 계약서를 찾는 걸 도와주지 않겠나?","<txt:bold,2><txt:color,orange>Ellio</txt:color></txt:bold>, will you help us find the contracts?","<txt:bold,2><txt:color,orange>エリオ</txt:color></txt:bold>、契約書を探すのを手伝ってくれないか？","<txt:bold,2><txt:color,orange>埃利奥</txt:color></txt:bold>，能帮我一起找合同吗？","<txt:bold,2><txt:color,orange>埃利奧</txt:color></txt:bold>，你能幫我一起找那些合約嗎？","<txt:bold,2><txt:color,orange>Эллио</txt:color></txt:bold>, можешь помочь с поиском контрактов?","<txt:bold,2><txt:color,orange>Ellio</txt:color></txt:bold>, bolehkah awak membantu kami mencari kontrak itu?","<txt:bold,2><txt:color,orange>Ellio</txt:color></txt:bold>, cậu có thể giúp tìm bản hợp đồng không?","<txt:bold,2><txt:color,orange>Ellio</txt:color></txt:bold>, ¿nos ayudarás a encontrar el contrato?","<txt:bold,2><txt:color,orange>Ellio</txt:color></txt:bold>, bagaimana kalau kamu bantu aku cari kontrak?","<txt:bold,2><txt:color,orange>เอลิโอ</txt:color></txt:bold> นายช่วยหาสัญญาให้หน่อยได้รึเปล่า?","<txt:bold,2><txt:color,orange>Ellio</txt:color></txt:bold>, me ajuda a achar os contratos?"
,,,엘리오,,1_진지,,,"...<wrt:wait,30>거절하겠어. ","...<wrt:wait,30>No.","‥<wrt:wait,30>断る。","‥<wrt:wait,30>我拒绝。","‥<wrt:wait,30>我拒絕。","...<wrt:wait,30>Нет.","...<wrt:wait,30>Tidak.","...<wrt:wait,30>Tôi từ chối.","...<wrt:wait,30>Me niego.","...<wrt:wait,30>Aku harus menolak.","...<wrt:wait,30>ฉันขอปฏิเสธ","Hum... <wrt:wait,30>Desculpa."
,,,엘리오,,1_진지,,,너흴 돕는 건 여기까지야.,I’m done helping you guys.,お前らに協力するのはここまでだ。,我就帮你们到这里。,我幫你們就幫到這裡。,Я больше ни с чем не хочу помогать.,Saya sudah selesai membantu awak semua.,Tôi giúp các cậu đến đây là hết rồi.,Hasta aquí llega mi ayuda para ustedes.,Sampai sini saja aku bantu kalian.,ฉันช่วยพวกนายได้แค่นี้,Minha parte acaba aqui.
,,,크로우,,1_기본,,,잘 생각해.,Think carefully.,よく考えろ。,你想清楚。,你考慮清楚。,Подумай еще раз.,Fikir betul-betul.,Suy nghĩ kỹ đi.,Piénsalo bien.,Coba pikirkan baik-baik.,คิดให้ดีเถอะ,Pensa bem.
,,,크로우,,1_기본,,,지금이 마지막 기회일 수도 있어.,This might be the last chance you get.,これが最後のチャンスかもしれないぞ。,这可能是最后的机会。,這可能是最後的機會了。,Это может быть последний шанс.,Ini mungkin peluang terakhir untuk awak.,Có thể đây là cơ hội cuối cùng.,Esta podría ser la última oportunidad.,Ini bisa saja jadi kesempatan terakhir.,ตอนนี้อาจเป็นโอกาสสุดท้ายก็ได้,Pode ser sua última chance.
,,,크로우,,1_무표정,,,언제까지 이딴 지하 배구장에서 뛸 생각이지?,How long are you planning to keep playing in some underground court?,いつまでこんな地下バレーコートでプレーするつもりだ？,你打算一辈子待在这种阴暗的地下排球场吗？,難道你想一輩子都待在這種地下球場打球嗎？,Как долго ты еще будешь играть в этом подземелье?,Berapa lama awak nak terus bermain di gelanggang bawah tanah?,Cậu định chơi mãi ở cái sân bóng chuyền dưới tầng hầm này sao?,¿Hasta cuándo piensas seguir jugando en esta cancha de voleibol subterránea?,Sampai kapan kamu berniat tinggal di lapangan bawah tanah seperti ini?,นายคิดจะเล่นอยู่ในสนามวอลเลย์บอลใต้ดินพรรค์นี้ไปถึงเมื่อไหร่กัน?,Vai ficar apodrecendo nesse porão até quando?
,,,크로우,,1_기본,,,그 여자에게 복수하고 싶다고 하지 않았나?,Didn’t you say you wanted to get back at that woman?,あの女に復讐したいって言ってなかったか？,你不是说过想找那个女人报仇吗？,你不是說過想對那個女人報仇嗎？,Разве ты не хочешь отомстить Карле?,Bukankah awak kata nak membalas dendam pada perempuan itu?,Chẳng phải cậu muốn trả thù cô ta sao?,¿No dijiste que querías vengarte de esa mujer?,Bukankah kamu yang bilang kamu ingin balas dendam pada wanita itu?,นายเคยบอกไม่ใช่เหรอว่าอยากแก้แค้นผู้หญิงคนนั้น?,Você não disse que queria se vingar dela?
,,,엘리오,,1_짜증,,,"<txt:shake,1>...<txt:color,grey>(빠드득)</txt:color></txt:shake>","<txt:shake,1>...<txt:color,grey>(teeth clenching)</txt:color></txt:shake>","<txt:shake,1>‥<txt:color,grey>(ギリッ)</txt:color></txt:shake>","<txt:shake,1>‥<txt:color,grey>（咬牙声）</txt:color></txt:shake>","<txt:shake,1>‥<txt:color,grey>（咬牙切齒）</txt:color></txt:shake>","<txt:shake,1>...<txt:color,grey>(Скрипит зубами)</txt:color></txt:shake>","<txt:shake,1>...<txt:color,grey>(gigi berketap)</txt:color></txt:shake>","<txt:shake,1>...<txt:color,grey>*Nghiến răng*</txt:color></txt:shake>","<txt:shake,1>...<txt:color,grey>(Cruje los dientes)</txt:color></txt:shake>","<txt:shake,1>...<txt:color,grey>(Krek)</txt:color></txt:shake>","<txt:shake,1>...<txt:color,grey>(กรอด)</txt:color></txt:shake>","<txt:shake,1>Ugh... <txt:color,grey>(rangendo os dentes)</txt:color></txt:shake>"
,,,엘리오,,1_짜증,,,그래도 안 돼.,I still can’t.,それでもダメだ。,那也不行。,那也不行。,Я не могу.,Tetap tak boleh.,Dù vậy cũng không được.,"Aun así, no.",Tetap tidak bisa.,ถึงยังไงก็ไม่ได้,"Mesmo assim, não posso."
,,,엘리오,,1_진지,,,내가 너희에게 협력한 건 복수 때문만은 아니야.,I didn’t cooperate with you just for revenge.,僕がお前らに協力したのは、復讐のためだけじゃない。,我之所以和你们合作，并不只是为了复仇。,我之所以跟你們合作，並非單純為了復仇。,Я помогал вам не только ради мести Карле.,Saya bekerjasama dengan awak bukan hanya untuk membalas dendam.,Tôi hợp tác với các cậu không chỉ vì trả thù.,No colaboré con ustedes solo por venganza.,Alasan aku membantu kalian itu bukan hanya untuk balas dendam saja.,ที่ฉันร่วมมือกับพวกนายไม่ใช่แค่เพราะการแก้แค้น,Eu ajudei vocês não só por causa da vingança.
,,,엘리오,,1_진지,,,너희가 우리의 안전을 보장해 주겠다고 해서지.,You promised you’d keep us safe.,お前らが僕たちの安全を保障してくれるって言ったからだ。,是因为你们答应过会保证我们的安全。,是因為你們說過會保障我們的安全。,Вы обещали нам безопасность.,Awak janji akan menjaga keselamatan kami.,Là vì các cậu nói sẽ đảm bảo an toàn cho chúng tôi.,Fue porque nos prometieron garantizar nuestra seguridad.,Tapi karena kalian bilang kalian akan menjamin keselamatan kami.,แต่เพราะพวกนายบอกว่าจะรับประกันความปลอดภัยของพวกเราต่างหาก,Foi porque vocês prometeram garantir nossa segurança.
,,,엘리오,,1_진지,,,"쓸데없는 소리 말고, 약속이나 지켜.",Forget the talk and keep your end of the deal.,くだらないこと言ってないで、約束を守れ。,少废话，守好你们的承诺就行。,少廢話，乖乖遵守你的約定。,Так что хватит тут болтать и держи слово.,Sudahlah bercakap dan tunaikan janji awak.,"Đừng nói nhảm nữa, cứ giữ đúng lời hứa đi.",Deja de decir tonterías y cumple tu promesa.,"Jadi jangan bicara omong kosong, dan tepati janjimu.",เลิกพูดเรื่องไร้สาระแล้วก็รักษาสัญญาซะเถอะ,Então para de enrolar e cumpre o que foi combinado.
,,,크로우,,1_기본,,,"기다려. <txt:bold,2><txt:color,orange>제로</txt:color></txt:bold>가 <txt:bold,2><txt:color,orange>서사라</txt:color></txt:bold>를 불렀다.","Wait. <txt:bold,2><txt:color,orange>Zero</txt:color></txt:bold> got <txt:bold,2><txt:color,orange>Sara Seo</txt:color></txt:bold> to come.","待て。<txt:bold,2><txt:color,orange>ゼロ</txt:color></txt:bold>が<txt:bold,2><txt:color,orange>有田紗良</txt:color></txt:bold>を呼んだ。","等等。<txt:bold,2><txt:color,orange>零</txt:color></txt:bold>把<txt:bold,2><txt:color,orange>徐莎拉</txt:color></txt:bold>叫来了。","等等。<txt:bold,2><txt:color,orange>零</txt:color></txt:bold>把<txt:bold,2><txt:color,orange>徐莎拉</txt:color></txt:bold>找來了。","Подожди чуть-чуть. <txt:bold,2><txt:color,orange>Зеро</txt:color></txt:bold> позвал <txt:bold,2><txt:color,orange>Со Сару</txt:color></txt:bold>.","Tunggu. <txt:bold,2><txt:color,orange>Zero</txt:color></txt:bold> dapat memujuk <txt:bold,2><txt:color,orange>Sara Seo</txt:color></txt:bold> datang.","Chờ đã. <txt:bold,2><txt:color,orange>Zero</txt:color></txt:bold> đã gọi <txt:bold,2><txt:color,orange>Seo Sara</txt:color></txt:bold> rồi.","Espera. <txt:bold,2><txt:color,orange>Zero</txt:color></txt:bold> ha llamado a <txt:bold,2><txt:color,orange>Sara</txt:color></txt:bold>.","Tunggulah. <txt:bold,2><txt:color,orange>Zero</txt:color></txt:bold> telah memanggil <txt:bold,2><txt:color,orange>Sara Seo</txt:color></txt:bold>.","รอก่อนสิ <txt:bold,2><txt:color,orange>ซีโร่</txt:color></txt:bold>เรียก<txt:bold,2><txt:color,orange>ซอซาร่า</txt:color></txt:bold>มาแล้ว","Espera! O <txt:bold,2><txt:color,orange>Zero</txt:color></txt:bold> chamou a <txt:bold,2><txt:color,orange>Sara Seo</txt:color></txt:bold>."
,,,크로우,,1_분노,,,"또 한 명의 <txt:bold,2><txt:color,orange>5대 스파이커</txt:color></txt:bold>가 이쪽으로 오고 있어!","Another one of the <txt:bold,2><txt:color,orange>Big Five</txt:color></txt:bold> is heading this way!","もう一人の<txt:bold,2><txt:color,orange>5大スパイカー</txt:color></txt:bold>がこっちに向かってる！","又有一位<txt:bold,2><txt:color,orange>五大主攻手</txt:color></txt:bold>正在往这边赶！","又有一位<txt:bold,2><txt:color,orange>五大主攻手</txt:color></txt:bold>正往這裡過來！","Она еще одна из <txt:bold,2><txt:color,orange>пятерки нападающих</txt:color></txt:bold>!","Seorang lagi daripada <txt:bold,2><txt:color,orange>lima perejam terbaik dunia</txt:color></txt:bold> sedang menuju ke sini!","Một trong <txt:bold,2><txt:color,orange>Top 5 Tay Đập</txt:color></txt:bold> nữa đang đến đây!","¡Otro de los <txt:bold,2><txt:color,orange>5 mejores rematadores del mundo</txt:color></txt:bold> se dirige hacia aquí!","Ada satu orang lagi yang termasuk <txt:bold,2><txt:color,orange>5 Spiker Terbaik</txt:color></txt:bold> sedang datang kesini!","<txt:bold,2><txt:color,orange>ตัวตบท็อป 5</txt:color></txt:bold>อีกคนหนึ่งกำลังมาที่นี่!","Mais um dos <txt:bold,2><txt:color,orange>5 Melhores Atacantes</txt:color></txt:bold> tá vindo!"
,,,엘리오,,1_진지,,,됐어. 너희들끼리 알아서 해.,That’s enough. You deal with it yourselves.,もういい。お前らだけでなんとかしろ。,够了，你们自己的事自己搞定。,夠了，你們的事自己看著辦吧。,Хватит. Я больше не могу.,Cukup. Awak semua uruskan sendiri.,Thôi được rồi. Các cậu tự lo đi.,Basta. Encárguense ustedes mismos.,Aku tidak peduli dan ingin lepas tangan.,ช่างเถอะ พวกนายจัดการเอาเองแล้วกัน,Chega. Se virem aí.
,,,엘리오,,1_진지,,,더 이상 위험한 일에 우릴 끌어들이지 마.,Don’t drag us into anything dangerous anymore.,危ないことにこれ以上僕たちを巻き込むな。,别再把我们卷进这种危险的事情里。,不要再把我們捲入危險的事情裡。,Перестаньте подставлять нас под удар.,Jangan libatkan kami dalam perkara berbahaya lagi.,Đừng kéo bọn tôi vào mấy chuyện nguy hiểm nữa.,No nos arrastren a más asuntos peligrosos.,Jangan libatkan kami lagi dalam hal berbahaya.,อย่าลากพวกเราเข้าไปในเรื่องอันตรายมากกว่านี้เลย,Parem de nos arrastar pras suas encrencas.
,,,크로우,,1_기본,,,"그녀는<wrt:wait,30> 네 친구가 오랫동안 기다려왔던 상대 아닌가?","Isn’t she the one<wrt:wait,30> your friend has been waiting for all this time?","あの子は<wrt:wait,30>君の友人がずっと待ち望んでいた相手じゃないのか？","她不就是<wrt:wait,30>你那个朋友一直朝思暮想的人吗？","她不就是<wrt:wait,30>你朋友等了很久的人嗎？","Твоя подруга <wrt:wait,30>ждала именно Сару, так?","Bukankah dia lah yang<wrt:wait,30> kawan awak tunggu selama ini?","Chẳng phải cô ấy<wrt:wait,30> là đối thủ mà bạn cậu đã chờ đợi từ lâu sao?","¿No es ella<wrt:wait,30> a quien tu amiga ha estado esperando durante tanto tiempo?","Bukankah wanita itu <wrt:wait,30> adalah orang yang telah lama ditunggu oleh temanmu itu?","เธอ<wrt:wait,30>ไม่ใช่คนที่เพื่อนนายเฝ้ารอมาตลอดรึไง?","Não é ela... <wrt:wait,30>a adversária que sua amiga tá esperando faz tanto tempo?"
,,,엘리오,,1_진지,,,"...<wrt:wait,30>지금은 만나지 않는 편이 나아.","...<wrt:wait,30>It’s better if they don’t meet right now.","‥<wrt:wait,30>今は会わないほうがいい。","‥<wrt:wait,30>现在还是不要见面为好。","‥<wrt:wait,30>現在不見面反而比較好。","...<wrt:wait,30>Не сейчас. Им лучше не видеться.","...<wrt:wait,30>Lebih baik jika mereka tidak bertemu sekarang.","...<wrt:wait,30>Bây giờ không nên gặp thì hơn.","...<wrt:wait,30>Es mejor que no se encuentren ahora.","...<wrt:wait,30>Lebih baik jika mereka tidak bertemu sekarang.","...<wrt:wait,30>ตอนนี้อย่าเจอกันเลยจะดีกว่า","Mas... <wrt:wait,30>agora não é hora delas se encontrarem."
,,,크로우,,1_무표정,,,과보호하는군.,"Overprotective, aren’t you?",過保護だな。,你还真是过度保护啊。,你保護過頭了吧。,Ты ее слишком опекаешь.,Awak terlalu melindunginya.,Bảo bọc quá nhỉ.,Eres sobreprotector.,Protektif sekali kau.,ปกป้องเกินไปชะมัด,"Isso é excesso de cuidado, sabia?"
,,,엘리오,,1_진지,,,됐어. 더 이상...,Drop it. I said...,もういい。これ以上は‥,别说了。再也‥,算了。不要再‥,"Не лезь, куда не просят!",Lupakan. Saya kata...,Thôi được rồi. Không nói nữa...,Basta. Ya no más...,Sudahlah. Tidak perlu lagi...,ช่างเถอะ อย่าให้...,Chega. Eu não vou mais...
,,,TAG,,,,,"<sys:quiet,600>","<sys:quiet,600>","<sys:quiet,600>","<sys:quiet,600>","<sys:quiet,600>","<sys:quiet,600>","<sys:quiet,600>","<sys:quiet,600>","<sys:quiet,600>","<sys:quiet,600>","<sys:quiet,600>","<sys:quiet,600>"
,,,제니_자켓,,1_새침,,quest,"<cha:pos,제니_자켓,2><cha:pos,엘리오,0><txt:bold,2><txt:color,orange>엘리오</txt:color></txt:bold>?","<cha:pos,제니_자켓,2><cha:pos,엘리오,0><txt:bold,2><txt:color,orange>Ellio</txt:color></txt:bold>?","<cha:pos,제니_자켓,2><cha:pos,엘리오,0><txt:bold,2><txt:color,orange>エリオ</txt:color></txt:bold>？","<cha:pos,제니_자켓,2><cha:pos,엘리오,0><txt:bold,2><txt:color,orange>埃利奥</txt:color></txt:bold>？","<cha:pos,제니_자켓,2><cha:pos,엘리오,0><txt:bold,2><txt:color,orange>埃利奧</txt:color></txt:bold>？","<cha:pos,제니_자켓,2><cha:pos,엘리오,0><txt:bold,2><txt:color,orange>Эллио</txt:color></txt:bold>?","<cha:pos,제니_자켓,2><cha:pos,엘리오,0><txt:bold,2><txt:color,orange>Ellio</txt:color></txt:bold>?","<cha:pos,제니_자켓,2><cha:pos,엘리오,0><txt:bold,2><txt:color,orange>Ellio</txt:color></txt:bold>?","<cha:pos,제니_자켓,2><cha:pos,엘리오,0>¿<txt:bold,2><txt:color,orange>Ellio</txt:color></txt:bold>?","<cha:pos,제니_자켓,2><cha:pos,엘리오,0><txt:bold,2><txt:color,orange>Ellio</txt:color></txt:bold>?","<cha:pos,제니_자켓,2><cha:pos,엘리오,0><txt:bold,2><txt:color,orange>เอลิโอ</txt:color></txt:bold>?","<cha:pos,제니_자켓,2><cha:pos,엘리오,0><txt:bold,2><txt:color,orange>Ellio</txt:color></txt:bold>?"
,,,TAG,,,,,"<sys:bgm,BGM_CLUTTERED,1000>","<sys:bgm,BGM_CLUTTERED,1000>","<sys:bgm,BGM_CLUTTERED,1000>","<sys:bgm,BGM_CLUTTERED,1000>","<sys:bgm,BGM_CLUTTERED,1000>","<sys:bgm,BGM_CLUTTERED,1000>","<sys:bgm,BGM_CLUTTERED,1000>","<sys:bgm,BGM_CLUTTERED,1000>","<sys:bgm,BGM_CLUTTERED,1000>","<sys:bgm,BGM_CLUTTERED,1000>","<sys:bgm,BGM_CLUTTERED,1000>","<sys:bgm,BGM_CLUTTERED,1000>"
,,,엘리오,,1_기본,,,"...!! <txt:bold,2><txt:color,orange>제니</txt:color></txt:bold>! 음, 잠깐 얘기 중이었어~","...! <txt:bold,2><txt:color,orange>Jenny</txt:color></txt:bold>! Oh, I was just talking for a sec.","‥！！<txt:bold,2><txt:color,orange>ジェニー</txt:color></txt:bold>！ああ、ちょっと話してただけさ～。","‥！！<txt:bold,2><txt:color,orange>珍妮</txt:color></txt:bold>！哦，我们正在随便聊聊呢～","‥！！<txt:bold,2><txt:color,orange>珍妮</txt:color></txt:bold>！呃，我們只是在聊個天～","!.. <txt:bold,2><txt:color,orange>Дженни</txt:color></txt:bold>! А мы болтаем тут о всяком...","...! <txt:bold,2><txt:color,orange>Jenny</txt:color></txt:bold>! Oh, saya cuma bercakap sekejap.","...!! <txt:bold,2><txt:color,orange>Jenny</txt:color></txt:bold>! À, bọn tôi đang nói chuyện một chút!","¡...!! ¡<txt:bold,2><txt:color,orange>Jenny</txt:color></txt:bold>! Um, solo estábamos charlando un momento","...!! <txt:bold,2><txt:color,orange>Jenny</txt:color></txt:bold>! Ehem, kita cuma sedang bicara sebentar~","...!! <txt:bold,2><txt:color,orange>เจนนี่</txt:color></txt:bold>! อืม เรากำลังคุยกันนิดหน่อยน่ะ~","Ah! <txt:bold,2><txt:color,orange>Jenny</txt:color></txt:bold>! Eu tava só trocando uma ideia com ele..."
,,,제니_자켓,,1_새침,,,...그래? 뭔가 수상한데.,Oh yeah...? Seems fishy.,‥そう？なんか怪しいんだけど。,‥是吗？感觉有点可疑。,‥是嗎？總覺得有點可疑。,Да ну? Что-то подозрительно.,Oh ya...? Nampak mencurigakan.,...Vậy à? Trông đáng nghi thật đấy.,...¿En serio? Suena un poco sospechoso.,...Beneran? Kalian kelihatan mencurigakan.,...งั้นเหรอ? มีบางอย่างน่าสงสัยแฮะ,"Sério? Suspeito, hein."
,,,제니_자켓,,1_새침,,,"어라? 넌... <txt:bold,2><txt:color,orange>크로우</txt:color></txt:bold>? 뭐야, 두 사람 이렇게 친했어?","Wait, is that... <txt:bold,2><txt:color,orange>Crow</txt:color></txt:bold>? Since when are you two so close?","あれ？あんた‥<txt:bold,2><txt:color,orange>クロウ</txt:color></txt:bold>？なによ、あんたたちってこんなに仲良かったの？","咦？你是‥<txt:bold,2><txt:color,orange>克罗</txt:color></txt:bold>？什么呀，你们两个关系这么好的吗？","咦？你是‥<txt:bold,2><txt:color,orange>克羅</txt:color></txt:bold>？什麼啊，你們兩個什麼時候變這麼熟的？","О, ты же <txt:bold,2><txt:color,orange>Кроу</txt:color></txt:bold>, верно? Вы знакомы?","Tunggu, itu... <txt:bold,2><txt:color,orange>Crow</txt:color></txt:bold>? Sejak bila kamu berdua begitu rapat?","Ơ? Cậu là... <txt:bold,2><txt:color,orange>Crow</txt:color></txt:bold>? Hai người thân nhau vậy sao??","¿Eh? Tú eres... ¿<txt:bold,2><txt:color,orange>Crow</txt:color></txt:bold>? Qué, ¿eran tan cercanos ustedes dos?","Ehh? Kamu itu kan... <txt:bold,2><txt:color,orange>Crow</txt:color></txt:bold>? Sejak kapan kalian akrab?","อ้าว? นาย... <txt:bold,2><txt:color,orange>โครว์</txt:color></txt:bold>? อะไรกัน ทั้งสองคนสนิทกันขนาดนี้เลยเหรอ?","Ué? <txt:bold,2><txt:color,orange>Crow</txt:color></txt:bold>? Não sabia que vocês eram tão chegados."
,,,엘리오,,1_기본,,,"<txt:wave,1>그렇지, 뭐. 나 여기서 오래 뛰었잖아~</txt:wave>","<txt:wave,1>It happens. I’ve been here a long time, you know.</txt:wave>","<txt:wave,1>そりゃ、僕はここで長くやってたからね～。</txt:wave>","<txt:wave,1>还可以吧，毕竟我也在这里打了很久比赛了～</txt:wave>","<txt:wave,1>還好吧，我也在這裡打很久了啊～</txt:wave>","<txt:wave,1>Немного. Я же давно тут играю.</txt:wave>","<txt:wave,1>Adalah. Saya kan sudah lama di sini.</txt:wave>","<txt:wave,1>Thì chớ sao. Tôi chơi ở đây lâu rồi mà.</txt:wave>","<txt:wave,1>Supongo que sí. He estado jugando aquí durante mucho tiempo, ya sabes</txt:wave>","<txt:wave,1>Ya begitulah. Aku kan sudah lama bermain di sini~</txt:wave>","<txt:wave,1>ก็นะ ฉันเล่นอยู่ที่นี่มาตั้งนานนี่นา~</txt:wave>","<txt:wave,1>É, é... Jogo aqui faz tempo, sabe?</txt:wave>"
,,,제니_자켓,,1_새침,,,"흐음...<wrt:wait,30> 뭐, 좋아. ","Hmm...<wrt:wait,30> Whatever.","ふーん‥<wrt:wait,30>まあ、いいや。","哼‥<wrt:wait,30>好吧。","哼‥<wrt:wait,30>好吧。","А-а... <wrt:wait,30>Вот как.","Hmm...<wrt:wait,30> Apa-apa sajalah.","Hừm...<wrt:wait,30> thôi được.","Hmm...<wrt:wait,30> Bueno, está bien.","Hmm...<wrt:wait,30> Ya sudahlah.","อืม...<wrt:wait,30> เอาเถอะ โอเค","Humm... <wrt:wait,30>tá bom."
,,,제니_자켓,,1_기본,,,"<txt:bold,2><txt:color,orange>엘리오</txt:color></txt:bold>, 나 잠깐 재활 훈련 다녀올게.","<txt:bold,2><txt:color,orange>Ellio</txt:color></txt:bold>, I’m going to go do some rehab training real quick.","<txt:bold,2><txt:color,orange>エリオ</txt:color></txt:bold>、あたしちょっとリハビリ行ってくる。","<txt:bold,2><txt:color,orange>埃利奥</txt:color></txt:bold>，我出去做下康复训练。","<txt:bold,2><txt:color,orange>埃利奧</txt:color></txt:bold>，我先去一下復健訓練喔。","<txt:bold,2><txt:color,orange>Эллио</txt:color></txt:bold>, я пойду схожу на реабилитацию.","<txt:bold,2><txt:color,orange>Ellio</txt:color></txt:bold>, saya nak buat latihan pemulihan sekejap.","<txt:bold,2><txt:color,orange>Ellio</txt:color></txt:bold>, tôi đi tập phục hồi chức năng một chút nhé.","<txt:bold,2><txt:color,orange>Ellio</txt:color></txt:bold>, iré un momento a hacer mi entrenamiento de rehabilitación.","<txt:bold,2><txt:color,orange>Ellio</txt:color></txt:bold>, aku mau pergi sebentar untuk latihan rehabilitasi.","<txt:bold,2><txt:color,orange>เอลิโอ</txt:color></txt:bold> ฉันจะไปฝึกกายภาพแป๊บหนึ่งนะ เดี๋ยวกลับมา","<txt:bold,2><txt:color,orange>Ellio</txt:color></txt:bold>, vou ali fazer minha reabilitação rapidinho."
,,,엘리오,,1_기본,,,"<txt:bold,1><txt:size,2>...<txt:bold,2><txt:color,orange>제니</txt:color></txt:bold>!</txt:size></txt:bold><cha:pop,제니>","<txt:bold,1><txt:size,2>...<txt:bold,2><txt:color,orange>Jenny</txt:color></txt:bold>!</txt:size></txt:bold><cha:pop,제니>","<txt:bold,1><txt:size,2>‥<txt:bold,2><txt:color,orange>ジェニー</txt:color></txt:bold>！</txt:size></txt:bold><cha:pop,제니>","<txt:bold,1><txt:size,2>‥<txt:bold,2><txt:color,orange>珍妮</txt:color></txt:bold>！</txt:size></txt:bold><cha:pop,제니>","<txt:bold,1><txt:size,2>‥<txt:bold,2><txt:color,orange>珍妮</txt:color></txt:bold>！</txt:size></txt:bold><cha:pop,제니>","<txt:bold,1><txt:size,2>...<txt:bold,2><txt:color,orange>Дженни</txt:color></txt:bold>!</txt:size></txt:bold><cha:pop,제니>","<txt:bold,1><txt:size,2>...<txt:bold,2><txt:color,orange>Jenny</txt:color></txt:bold>!</txt:size></txt:bold><cha:pop,제니>","<txt:bold,1><txt:size,2>...<txt:bold,2><txt:color,orange>Jenny</txt:color></txt:bold>!</txt:size></txt:bold><cha:pop,제니>","<txt:bold,1><txt:size,2>...¡<txt:bold,2><txt:color,orange>Jenny</txt:color></txt:bold>!</txt:size></txt:bold><cha:pop,제니>","<txt:bold,1><txt:size,2>...<txt:bold,2><txt:color,orange>Jenny</txt:color></txt:bold>!</txt:size></txt:bold><cha:pop,제니>","<txt:bold,1><txt:size,2>...<txt:bold,2><txt:color,orange>เจนนี่</txt:color></txt:bold>!</txt:size></txt:bold><cha:pop,제니>","<txt:bold,1><txt:size,2>Hum... <txt:bold,2><txt:color,orange>Jenny</txt:color></txt:bold>!</txt:size></txt:bold><cha:pop,제니>"
,,,제니_자켓,,1_외침,,,깜짝이야! 왜 소리를 치고 그래!,Whoa! Why are you yelling!,びっくりした！なんで急に叫ぶの！,吓死我了！干嘛突然大喊大叫的！,嚇我一跳！你幹嘛大呼小叫的啦！,Ой! Ты чего так кричишь?,Eh! Kenapa awak menjerit?!,Giật cả mình! Sao tự nhiên hét lên vậy!,¡Qué susto! ¡Por qué gritas de esa manera!,Aduh kaget! Kenapa teriak-teriak!?,ตกใจหมดเลย! ทำไมถึงต้องตะโกนด้วยเล่า!,Que susto! Pra que gritar?!
,,,엘리오,,1_미소,wave,,"미안, 미안~ 그런데 실은 네 재활을 도와주러 <txt:bold,2><txt:color,orange>크로우</txt:color></txt:bold>가 온 거거든.","Sorry, sorry. Thing is, <txt:bold,2><txt:color,orange>Crow</txt:color></txt:bold> actually came here to help with your rehab.","ごめんごめ～ん、実は君のリハビリを手伝いに<txt:bold,2><txt:color,orange>クロウ</txt:color></txt:bold>が来てくれたんだ。","抱歉，抱歉～其实是因为<txt:bold,2><txt:color,orange>克罗</txt:color></txt:bold>是专门来帮你做康复的。","抱歉、抱歉～其實<txt:bold,2><txt:color,orange>克羅</txt:color></txt:bold>是特地來幫妳復健的。","Прости-прости... Знаешь, <txt:bold,2><txt:color,orange>Кроу</txt:color></txt:bold> на самом деле пришел тебе с реабилитацией помогать.","Maaf, maaf. Sebenarnya, <txt:bold,2><txt:color,orange>Crow</txt:color></txt:bold> datang ke sini untuk membantu dengan pemulihan awak.","Xin lỗi, xin lỗi. Thật ra <txt:bold,2><txt:color,orange>Crow</txt:color></txt:bold> đến để giúp cậu tập phục hồi.","Perdón, perdón. Pero la verdad es que <txt:bold,2><txt:color,orange>Crow</txt:color></txt:bold> vino a ayudarte con tu rehabilitación.","Sorry, sorry~ jadi itu sebenarnya <txt:bold,2><txt:color,orange>Crow</txt:color></txt:bold> datang untuk membantu rehabilitasimu.","ขอโทษทีๆ~ แต่ที่จริงแล้ว<txt:bold,2><txt:color,orange>โครว์</txt:color></txt:bold>มาเพื่อจะช่วยเธอทำกายภาพนะ","Desculpa, mas, na verdade, o <txt:bold,2><txt:color,orange>Crow</txt:color></txt:bold> veio te ajudar na reabilitação."
,,,제니_자켓,,1_새침,,,"<txt:bold,2><txt:color,orange>크로우</txt:color></txt:bold>가?","<txt:bold,2><txt:color,orange>Crow</txt:color></txt:bold> did?","<txt:bold,2><txt:color,orange>クロウ</txt:color></txt:bold>が？","<txt:bold,2><txt:color,orange>克罗</txt:color></txt:bold>？","<txt:bold,2><txt:color,orange>克羅</txt:color></txt:bold>要幫我？","<txt:bold,2><txt:color,orange>Кроу</txt:color></txt:bold>, серьезно?","<txt:bold,2><txt:color,orange>Crow</txt:color></txt:bold>?","<txt:bold,2><txt:color,orange>Crow</txt:color></txt:bold> á?","¿<txt:bold,2><txt:color,orange>Crow</txt:color></txt:bold>?","<txt:bold,2><txt:color,orange>Crow</txt:color></txt:bold>?","<txt:bold,2><txt:color,orange>โครว์</txt:color></txt:bold>เนี่ยนะ?","O <txt:bold,2><txt:color,orange>Crow</txt:color></txt:bold>?"
,,,엘리오,,1_기본,wave,,이 녀석 어깨 테이핑 보이지?,See how his shoulder’s taped up?,こいつの肩のテーピング、見えるだろ？,你看他肩膀上的胶带。,妳看他肩膀上貼的膠帶。,"Смотри, как у него мастерски наклеены тейпы на плечо.",Nampak tak bahunya yang berbalut?,Cậu thấy băng dán vai của cậu ta không?,¿Ves el vendaje en su hombro?,Apa kamu bisa lihat taping dibahunya?,เห็นเทปที่ติดอยู่ตรงไหล่ของหมอนี่ใช่ไหมล่ะ?,"Tá vendo a fita no ombro dele, né?"
,,,엘리오,,1_기본,wave,,관절 쪽 부상에 대해 꽤 일가견이 있어.,He knows a lot about joint injuries.,関節系の怪我にはかなり詳しいんだ。,他对关节部位的伤病非常有研究。,對於關節受傷，他可是相當有研究的。,И он знает все о травмах суставов.,Dia banyak tahu tentang kecederaan sendi.,Cậu ta khá có kinh nghiệm với chấn thương khớp.,Es bastante bueno tratando lesiones en las articulaciones.,Dia cukup ahli soal cedera sendi.,เขามีประสบการณ์พอสมควรเรื่องการบาดเจ็บที่ข้อต่อ,Ele manja muito de lesão articular.
,,,엘리오,,1_기본,wave,,"나가지 말고, 여기서 우리랑 가볍게 훈련이나 하자. 어때?",Don’t go out. Let’s do some light training in here. What do you say?,外に出ないで、ここで僕たちと軽くリハビリしよう。どうかな？,别出去了，我们就在这里陪你做点简单的训练吧。怎么样？,妳別出去了，我們就在這裡做點簡單的訓練。如何？,"Давай ты никуда не пойдешь, а мы втроем здесь поделаем упражнения.",Jangan keluar. Mari kita buat latihan ringan di sini. Apa kata awak?,"Đừng ra ngoài, ở đây tập nhẹ với bọn tôi đi. Thấy sao?",No salgas. Quédate aquí y entrena un poco con nosotros. ¿Qué te parece?,"Daripada keluar, bagaimana kalau latihan ringan di sini saja bersama kita?",ไม่ต้องออกไปข้างนอกหรอก มาฝึกซ้อมเบาๆ กับพวกเราที่นี่เถอะ ดีไหม?,"Então fica aqui e treina com a gente, bem levinho. Que tal?"
,,,크로우,,1_무표정,,silent,"...<wrt:wait,30>하...","...<wrt:wait,30>Sigh...","‥<wrt:wait,30>はあ‥","‥<wrt:wait,30>哈‥","‥<wrt:wait,30>唉‥","...<wrt:wait,30>Э-э...","...<wrt:wait,30>Haih...","...<wrt:wait,30>Ha...","...<wrt:wait,30>Haa...","...<wrt:wait,30>Hah...","...<wrt:wait,30>เฮ้อ...","Ah... <wrt:wait,30>Aff..."
,,,제니_자켓,,1_외침,,,"뭐야, 평소엔 방 좀 나가라더니. 됐어, 다음에 해.","Seriously? You’re always telling me to go out more. Fine, but I’ll do it later.",なによ、いつもは部屋から出ろって言うくせに。いいよ、また今度にする。,搞什么，平时总催我出门走走。算了，下次吧。,奇怪耶，平時老是叫我出門，現在又叫我別出去。算了，下次吧。,"Ты же сам мне всегда говоришь, чтобы я выходила. Ладно, в другой раз.","Serius? Awak kan selalu suruh saya keluar lebih. Baiklah, tapi saya buat nanti.","Gì vậy. Bình thường thì bảo tôi ra ngoài mà. Thôi, để lần sau vậy.","Qué extraño, normalmente me pides que salga de la habitación. Déjalo, será para la próxima.","Apa sih. Biasanya kamu yang menyuruhku keluar kamar. Sudahlah, lain kali saja.",อะไรกัน ปกตินายชอบบอกให้ฉันออกไปนอกห้องแท้ๆ ช่างเถอะ ไว้คราวหน้าแล้วกัน,Como assim? Você sempre fica me mandando sair do quarto... Deixa pra outra hora.
,,,제니_자켓,,1_새침,,,주 경기장 쪽이 소란스러워서 잠깐 보고 싶거든.,"The main arena sounds noisy, I want to check it out.",メインアリーナのほうが騒がしいから、ちょっと見てきたいの。,听到主赛场那边挺吵的，我想过去看看。,我覺得主球場那邊鬧哄哄的，想去看看。,"Пойду посмотрю, что за шум на главном корте.","Arena utama bising nampak, saya nak tengok.",Bên sân chính đang ồn ào quá nên tôi muốn ra xem một chút.,Escucho mucho ruido en la cancha principal y quiero ir a ver un momento.,Saat ini aku ingin lihat sebentar ke arah stadion utama karena terdengar keributan.,ทางฝั่งสนามแข่งหลักเสียงเอะอะมาก ฉันก็เลยอยากไปดูแป๊บหนึ่งน่ะ,"A quadra principal tá com um barulhão, quero ver o que tá rolando."
,,,엘리오,,1_기본,,,"하지만, 지금 아니면 <txt:bold,2><txt:color,orange>크로우</txt:color></txt:bold> 시간 안 날걸?","But <txt:bold,2><txt:color,orange>Crow</txt:color></txt:bold>’s not going to be free if you don’t do it now.","でも、今じゃないと<txt:bold,2><txt:color,orange>クロウ</txt:color></txt:bold>の時間、取れないと思うぞ？","可是，错过这次，<txt:bold,2><txt:color,orange>克罗</txt:color></txt:bold>就没时间了。","可是，<txt:bold,2><txt:color,orange>克羅</txt:color></txt:bold>現在不幫妳，以後就沒時間了喔？","Но в другой раз у <txt:bold,2><txt:color,orange>Кроу</txt:color></txt:bold> не будет времени!","Tapi <txt:bold,2><txt:color,orange>Crow</txt:color></txt:bold> takkan ada masa lapang kalau tak buat sekarang.","Nhưng nếu không phải bây giờ thì <txt:bold,2><txt:color,orange>Crow</txt:color></txt:bold> sẽ không có thời gian đâu.","Pero, si no es ahora, dudo que <txt:bold,2><txt:color,orange>Crow</txt:color></txt:bold> tenga tiempo libre, ¿sabes?","Tapi kalau bukan sekarang, <txt:bold,2><txt:color,orange>Crow</txt:color></txt:bold> mungkin tidak punya waktu luang lagi.","แต่ถ้าไม่ใช่ตอนนี้ <txt:bold,2><txt:color,orange>โครว์</txt:color></txt:bold>ก็คงไม่มีเวลาว่างแล้วนะ?","Mas o <txt:bold,2><txt:color,orange>Crow</txt:color></txt:bold> só pode agora."
,,,엘리오,,1_기본,,,다 끝나고 다녀와도 되잖아. 안 그래?,"You can go after we’re done, right?",全部終わってから行っても遅くない。そうだろ？,等练完了再去也不迟吧？,等訓練完再去也不遲啊，對吧？,Давай закончим тренировку и ты пойдешь.,"Awak boleh pergi selepas kita selesai, kan?","Xong việc rồi đi cũng được mà, đúng không?",Puedes ir después de que terminemos. ¿Verdad?,Kamu juga kan bisa kesana setelah selesaikan ini. Gimana?,ฝึกซ้อมให้เสร็จก่อนแล้วค่อยไปก็ได้นี่นา,"Dá pra ir depois, quando terminar aqui. Ou não?"
,,,엘리오,,1_기본,,,"너도 도와줄 거지, <txt:bold,2><txt:color,orange>크로우</txt:color></txt:bold>?","You’ll help too, right, <txt:bold,2><txt:color,orange>Crow</txt:color></txt:bold>?","お前も手伝ってくれるよな？<txt:bold,2><txt:color,orange>クロウ</txt:color></txt:bold>。","你也会帮忙的吧，<txt:bold,2><txt:color,orange>克罗</txt:color></txt:bold>？","你也會幫她的吧，<txt:bold,2><txt:color,orange>克羅</txt:color></txt:bold>？","<txt:bold,2><txt:color,orange>Кроу</txt:color></txt:bold>, не поможешь мне тут?","Awak akan bantu juga, kan, <txt:bold,2><txt:color,orange>Crow</txt:color></txt:bold>?","Cậu cũng giúp chứ, <txt:bold,2><txt:color,orange>Crow</txt:color></txt:bold>?","Tú también ayudarás, ¿verdad, <txt:bold,2><txt:color,orange>Crow</txt:color></txt:bold>?","Kamu juga akan bantu kan, <txt:bold,2><txt:color,orange>Crow</txt:color></txt:bold>?","นายก็จะช่วยด้วยใช่ไหม <txt:bold,2><txt:color,orange>โครว์</txt:color></txt:bold>?","Você vai ajudar também, né, <txt:bold,2><txt:color,orange>Crow</txt:color></txt:bold>?"
,,,크로우,,1_무표정,,,"...<wrt:wait,30>골치 아픈 자식.","...<wrt:wait,30>Pain in the ass.","‥<wrt:wait,30>面倒な奴だ。","‥<wrt:wait,30>真是个麻烦的家伙。","‥<wrt:wait,30>真是個麻煩的傢伙。","...<wrt:wait,30>У меня от тебя голова болит.","...<wrt:wait,30>Menyusahkan.","...<wrt:wait,30>Đúng là phiền phức.","...<wrt:wait,30>Qué dolor de cabeza.","...<wrt:wait,30>Kamu itu merepotkan sekali.","...<wrt:wait,30>ตัวสร้างเรื่องปวดหัวเอ๊ย","Aff... <wrt:wait,30>Esse moleque dá um trabalho..."
,,,제니_자켓,,1_새침,,quest,"뭐야, 대체.",What is going on with you two?,一体何なの？,到底在搞什么鬼。,到底是在搞什麼鬼啊。,Да что тут происходит?,Apa dengan kamu berdua ni?,Gì vậy trời.,Qué les pasa a ustedes.,Apa sih ini..,อะไรของนายเนี่ย,Ahn!?
,,,제니_자켓,,1_새침,,,"수상한데... <wrt:wait,30>뭐, 좋아. 네가 그렇게까지 얘기한다면...","Seems a bit fishy... <wrt:wait,30>but okay. If you insist...","怪しいんだけど‥<wrt:wait,30>まあ、いいや。あんたがそこまで言うなら‥","真可疑‥<wrt:wait,30>行吧，既然你都这么说了‥","雖然很可疑‥<wrt:wait,30>好啦，既然你都這麼說了‥","Подозрительно... <wrt:wait,30>Но если ты так говоришь, то ладно.","Macam pelik... <wrt:wait,30>tapi baiklah. Kalau awak berkeras...","Đáng nghi thật... <wrt:wait,30>Thôi được, nếu cậu nói đến mức đó thì...","Es sospechoso... <wrt:wait,30>Bueno, está bien. Si insistes tanto...","Agak mencurigakan... <wrt:wait,30>Tapi baiklah. Kalau kamu sampai bilang begitu...","น่าสงสัย... <wrt:wait,30>แต่ก็เอาเถอะ ถ้านายพูดถึงขนาดนั้นล่ะก็...","Que negócio mais esquisito... <wrt:wait,30>Mas tá bom, já que você insiste tanto."
,경기 승리,#,MAP,,,,,훈련장,훈련장,훈련장,훈련장,훈련장,훈련장,훈련장,훈련장,훈련장,훈련장,훈련장,훈련장
,,#,BGM,,,,,BGM_CLUTTERED,BGM_CLUTTERED,BGM_CLUTTERED,BGM_CLUTTERED,BGM_CLUTTERED,BGM_CLUTTERED,BGM_CLUTTERED,BGM_CLUTTERED,BGM_CLUTTERED,BGM_CLUTTERED,BGM_CLUTTERED,BGM_CLUTTERED
,,#,제니_자켓,2,1_외침,,,,,,,,,,,,,,
,,#,엘리오,-2,1_기본,,,,,,,,,,,,,,
,,#,서사라_유니폼,4,1_무표정,,,,,,,,,,,,,,
,,,제니_자켓,,1_외침,,,...아무리 생각해도 이상해.,"The more I think about it, the weirder it feels.",‥どう考えてもおかしい。,‥怎么想都觉得奇怪。,‥不管怎麼想都很奇怪。,И все-таки это странно.,"Semakin saya fikir, semakin pelik rasanya.",...Nghĩ thế nào cũng thấy kỳ lạ.,"...Por más que lo pienso, es raro.",...Semakin dipikir semakin aneh.,...จะคิดยังไงก็แปลก,Tem algo muito estranho nisso tudo.
,,,제니_자켓,,1_새침,,,"<txt:bold,2><txt:color,orange>엘리오</txt:color>, 너 일부러 경기를 질질 끌었지?</txt:bold>","<txt:bold,2><txt:color,orange>Ellio</txt:color>, you dragged that match out on purpose, didn’t you?</txt:bold>","<txt:bold,2><txt:color,orange>エリオ</txt:color>。あんた、わざと試合を引き延ばしたでしょ？</txt:bold>","<txt:bold,2><txt:color,orange>埃利奥</txt:color>，你刚才是故意拖延时间吧？</txt:bold>","<txt:bold,2><txt:color,orange>埃利奧</txt:color>，你是故意在拖時間吧？</txt:bold>","<txt:bold,2><txt:color,orange>Эллио</txt:color>, ты специально затягиваешь игру?</txt:bold>","<txt:bold,2><txt:color,orange>Ellio</txt:color>, awak sengaja melengah-lengahkan perlawanan itu, kan?</txt:bold>","<txt:bold,2><txt:color,orange>Ellio</txt:color>, cậu cố tình kéo dài trận đấu đúng không?</txt:bold>","<txt:bold,2><txt:color,orange>Ellio</txt:color>, ¿alargaste el partido a propósito?</txt:bold>","<txt:bold,2><txt:color,orange>Ellio</txt:color>, kamu sengaja memperpanjang pertandingan kan?</txt:bold>","<txt:bold,2><txt:color,orange>เอลิโอ</txt:color> นายจงใจยืดการแข่งขันใช่ไหม?</txt:bold>","<txt:bold,2><txt:color,orange>Ellio</txt:color>, você enrolou o jogo de propósito, né?</txt:bold>"
,,,엘리오,,1_기본,,,"<txt:wave,1>...<txt:bold,2><txt:color,orange>크로우</txt:color></txt:bold>가 네 상태를 제대로 봐야 하니까 그렇지~</txt:wave>","<txt:wave,1>...<txt:bold,2><txt:color,orange>Crow</txt:color></txt:bold> needs to get a proper look at your condition, that’s all.</txt:wave>","<txt:wave,1>‥<txt:bold,2><txt:color,orange>クロウ</txt:color></txt:bold>が君のコンディションをしっかり見ないといけないからさ～。</txt:wave>","<txt:wave,1>‥那是为了让<txt:bold,2><txt:color,orange>克罗</txt:color></txt:bold>能好好观察你的状态啊～</txt:wave>","<txt:wave,1>‥那是因為<txt:bold,2><txt:color,orange>克羅</txt:color></txt:bold>得好好觀察妳的狀況才行啊～</txt:wave>","<txt:wave,1>...Ну, я хочу, чтобы <txt:bold,2><txt:color,orange>Кроу</txt:color></txt:bold> точно видел, в каком ты состоянии.</txt:wave>","<txt:wave,1>...<txt:bold,2><txt:color,orange>Crow</txt:color></txt:bold> perlu lihat betul-betul keadaan awak, itu sahaja.</txt:wave>","<txt:wave,1>...Là để <txt:bold,2><txt:color,orange>Crow</txt:color></txt:bold> có thể kiểm tra tình trạng của cậu thôi.</txt:wave>","<txt:wave,1>...¡Es porque <txt:bold,2><txt:color,orange>Crow</txt:color></txt:bold> necesita revisar bien tu estado!</txt:wave>","<txt:wave,1>... Itu hanya untuk membantu <txt:bold,2><txt:color,orange>Crow</txt:color></txt:bold> mengamati kondisi tubuhmu~</txt:wave>","<txt:wave,1>...ก็<txt:bold,2><txt:color,orange>โครว์</txt:color></txt:bold>ต้องดูสภาพร่างกายของเธอให้ละเอียดน่ะสิ~</txt:wave>","<txt:wave,1>É que... o <txt:bold,2><txt:color,orange>Crow</txt:color></txt:bold> precisava avaliar seu estado direito.</txt:wave>"
,,,엘리오,,1_기본,,joy,오랜만에 너랑 경기하는 것도 즐겁고.,Plus it’s been a while since we played together. It was fun.,久しぶりに君と試合するのも楽しいし。,而且难得能陪你练一场，我也挺开心的。,而且久違地跟妳打一場球也挺開心的。,И я рад наконец-то поиграть с тобой.,Lagipun dah lama kita tak bermain bersama. Seronok.,Với lại lâu rồi mới được đấu với cậu nên cũng vui.,"Además, fue divertido jugar contigo después de tanto tiempo.",Dan lagi sudah lama sejak kita bertanding bersama.,แล้วฉันก็สนุกด้วยที่ได้แข่งกับเธอนานๆ ที,"E além disso, foi gostoso jogar com você depois de tanto tempo."
,,,제니_자켓,,1_외침,,,아닌 것 같은데.,I’m not buying it.,違う気がするんだけど。,我看不是吧。,聽起來就不像真心話。,Мне так не кажется.,Saya tak percaya.,Tôi không nghĩ vậy đâu.,No me parece que sea así.,Aku merasa bukan karena hal itu.,ไม่น่าจะใช่นะ,Acho que não foi por isso não.
,,,제니_자켓,,1_새침,,,그리고 너희 오늘 경기 없어?,And don’t you have a match today?,それに、あんたたちは今日試合ないの？,还有，你们今天没比赛吗？,還有，你們今天沒有比賽嗎？,А сегодня нет матчей?,Dan bukankah awak ada perlawanan hari ini?,Mà hôm nay các cậu không có trận đấu à?,"Y ustedes, ¿no tienen un partido hoy?",Ngomong-ngomong apa kalian tidak bertanding hari ini?,แล้ววันนี้พวกนายไม่มีแข่งเหรอ?,"Aliás, vocês não tinham jogo hoje?"
,,,제니_자켓,,1_새침,,,평소 같으면 벌써 경기장에 있어야 하잖아.,You’d normally be at the arena by now.,いつもならもう会場にいるはずじゃない。,换做平时，这个点你们早该在赛场上了。,平常這個時間，應該早就在球場了吧。,В обычный день ты бы уже давно был на корте.,Biasanya awak sudah berada di arena sekarang.,Bình thường giờ này phải ở sân thi đấu rồi chứ.,Normalmente ya estarían en la cancha.,Biasanya ini kan waktu kalian berada di lapangan pertandingan.,ปกติตอนนี้พวกนายน่าจะต้องอยู่ในสนามแข่งแล้วนี่นา,Já deveriam tá na quadra.
,,,제니_자켓,,1_외침,,,설마 날 도와주느라 경기까지 뺐다고 하는 건 아니지? ,Don’t tell me you skipped a match just to help me.,まさか、あたしを手伝うために試合まで欠場したとか言わないよね？,该不会是为了帮我，连比赛都翘了吧？,該不會想說，是為了幫我才把比賽推掉了吧？,"Ты же не отказался от игры, чтобы помочь мне?",Takkan awak ponteng perlawanan hanya untuk membantu saya.,Đừng nói là vì giúp tôi mà bỏ luôn trận đấu nhé?,No me digas que faltaron al partido para ayudarme.,Jangan bilang kamu sampai tidak ikut bertanding cuma untuk membantuku?,คงไม่ใช่ว่ายกเลิกการแข่งเพราะมาช่วยฉันหรอกนะ?,"Não me diz que faltaram à partida por minha causa, né?"
,,,엘리오,,1_기본,nervous,,"야, 뭘 그런 것까지 따져.","Hey, don’t overthink it.",おいおい、そこまで気にしなくても。,哎呀，计较这些干嘛。,哎呀，妳幹嘛計較這麼多啦。,Да что ты допытываешься до меня?,"Hei, jangan fikir terlalu banyak.","Này, đừng soi mói mấy chuyện đó.","Oye, ¿por qué le das tantas vueltas?","Hei, buat apa sampai dipikirkan begitu.",เธอจับผิดอะไรขนาดนั้นเนี่ย,"Ei, que drama."
,,,엘리오,,1_미소,nervous,,"우린 프로야, 프로. 좀 믿어라, 응?","We’re pros. Trust us a little, yeah?",僕たちはプロだよ、プロ。少しは信じてよ、ね？,我们是职业选手，职业的。信我一次行不行？,我們可是職業選手耶。相信我好嗎？,Я профессионал. Успокойся.,"Kami profesional. Percayalah sedikit, ya?","Bọn tôi là tuyển thủ chuyên nghiệp, chuyên nghiệp đấy. Tin một chút đi.","Somos profesionales, profesionales. Confía un poco en mí, ¿sí?","Kami ini profesional. Percayalah pada kami, ya?",พวกเราคือมืออาชีพเชียวนะ เชื่อใจกันหน่อยเถอะน่า,"Nem precisa se preocupar com isso. Somos profissionais! Confia, vai."
,,,제니_자켓,,1_기본,,,...흐음.,Hmm...,‥ふーん。,‥哼。,‥哼嗯。,Хм...,...Hmm.,...Hừm.,...Hmm.,...Hmm.,...อืม,Hum...
,,,제니_자켓,1,1_기본,,,그래. 네가 다 생각이 있겠지.,Fine. I’m sure you know what you’re doing.,そうね。あんたなりに考えでもあるんでしょ。,随你便，反正你总有你的理由。,行，反正你肯定有你的打算。,"Ладно, у тебя все под контролем.",Baiklah. Saya yakin awak tahu apa awak buat.,Ừ. Chắc cậu cũng đã suy nghĩ cả rồi.,Claro. Seguro que tienes algo planeado.,Ya sudahlah. Kalian pasti punya alasan yang bagus.,ก็ได้ นายคงมีเหตุผลแหละ,Ok. Você deve ter um plano.
,,,엘리오,,1_진지,nervous,,휴우...,Phew...,ふう‥,呼‥,呼‥,Фух...,Fuh...,*Thở dài*,Fiu...,Hyuh...,ฮู้ว...,Ufa...
,,,제니_자켓,,1_외침,,,"<txt:bold,1><txt:size,2>...라고 할 거 같아!</txt:size></txt:bold>","<txt:bold,1><txt:size,2>Except... I don’t trust you!</txt:size></txt:bold>","<txt:bold,1><txt:size,2>‥なんて言うと思った！？</txt:size></txt:bold>","<txt:bold,1><txt:size,2>‥你觉得我会信吗？！</txt:size></txt:bold>","<txt:bold,1><txt:size,2>‥你以為我會這麼說嗎？！</txt:size></txt:bold>","<txt:bold,1><txt:size,2>...Ты думал я на это поведусь?!</txt:size></txt:bold>","<txt:bold,1><txt:size,2>Tapi... saya tak percayakan awak!</txt:size></txt:bold>","<txt:bold,1><txt:size,2>...Cậu nghĩ tôi sẽ nói vậy à?!</txt:size></txt:bold>","<txt:bold,1><txt:size,2>...¡¿Crees que diría eso?!</txt:size></txt:bold>","<txt:bold,1><txt:size,2>...Apa itu yang kamu pikir akan aku katakan?!</txt:size></txt:bold>","<txt:bold,1><txt:size,2>...ซะที่ไหนล่ะ!</txt:size></txt:bold>","<txt:bold,1><txt:size,2>Você achou mesmo que eu ia dizer isso?</txt:size></txt:bold>"
,,,제니_자켓,,1_외침,,exclam ,비켜! 지금 당장 확인해야겠어!,Move! I’m going to see for myself!,どいて！今すぐ確かめないと気が済まない！,让开！我现在就要去确认一下！,讓開！我現在就要去確認清楚！,"А ну с дороги! Мне надо увидеть, что там происходит.",Tepi! Saya nak tengok sendiri!,Tránh ra! Tôi phải xác nhận ngay!,¡Quítate! ¡Tengo que ir a comprobarlo ahora mismo!,Coba menyingkir! Aku harus lihat langsung sekarang juga!,หลีกไปนะ! ฉันต้องไปดูเดี๋ยวนี้เลย!,Sai da frente! Preciso ver isso agora!
,,,TAG,,,,,"<cha:pos,제니_자켓,2>","<cha:pos,제니_자켓,2>","<cha:pos,제니_자켓,2>","<cha:pos,제니_자켓,2>","<cha:pos,제니_자켓,2>","<cha:pos,제니_자켓,2>","<cha:pos,제니_자켓,2>","<cha:pos,제니_자켓,2>","<cha:pos,제니_자켓,2>","<cha:pos,제니_자켓,2>","<cha:pos,제니_자켓,2>","<cha:pos,제니_자켓,2>"
,,,-,,,,,"<eff:shake,2><txt:bold,2><txt:size,2>(쾅!!)</txt:size></txt:bold><sys:sfx,쿵>","<eff:shake,2><txt:bold,2><txt:size,2>(Bang!)</txt:size></txt:bold><sys:sfx,쿵>","<eff:shake,2><txt:bold,2><txt:size,2>(ドン！！)</txt:size></txt:bold><sys:sfx,쿵>","<eff:shake,2><txt:bold,2><txt:size,2>（哐！！）</txt:size></txt:bold><sys:sfx,쿵>","<eff:shake,2><txt:bold,2><txt:size,2>（哐！！）</txt:size></txt:bold><sys:sfx,쿵>","<eff:shake,2><txt:bold,2><txt:size,2>(Бам!)</txt:size></txt:bold><sys:sfx,쿵>","<eff:shake,2><txt:bold,2><txt:size,2>(Bang!)</txt:size></txt:bold><sys:sfx,쿵>","<eff:shake,2><txt:bold,2><txt:size,2>*Rầm*</txt:size></txt:bold><sys:sfx,쿵>","<eff:shake,2><txt:bold,2><txt:size,2>(¡¡Pum!!)</txt:size></txt:bold><sys:sfx,쿵>","<eff:shake,2><txt:bold,2><txt:size,2>(Duar!!)</txt:size></txt:bold><sys:sfx,쿵>","<eff:shake,2><txt:bold,2><txt:size,2>(ปึ้ง!!)</txt:size></txt:bold><sys:sfx,쿵>","<eff:shake,2><txt:bold,2><txt:size,2>(Bam!)</txt:size></txt:bold><sys:sfx,쿵>"
,,,제니_자켓,,1_외침,,,"<cha:pop,제니_자켓>...하, 이것 봐! 어느새 문까지 잠가 놨네?","<cha:pop,제니_자켓>Ha! You’ve even locked the door at some point?","<cha:pop,제니_자켓>‥はあ、まったく！いつの間にかドアに鍵まで掛けちゃってる！","<cha:pop,제니_자켓>‥哈，看看！你什么时候把门都给锁了？","<cha:pop,제니_자켓>‥哈，你看！竟然連門都鎖上了？","<cha:pop,제니_자켓>Ничего себе... Ты что дверь запер?","<cha:pop,제니_자켓>Ha! Pintu pun awak dah kunci?","<cha:pop,제니_자켓>...Ha, thấy chưa! Lúc nào mà khóa cả cửa rồi?","<cha:pop,제니_자켓>...¡Ja, mira esto! ¡¿Cuándo le pusiste seguro a la puerta?!","<cha:pop,제니_자켓>...Hah, coba lihat ini! Kalian sampai mengunci pintu?","<cha:pop,제니_자켓>...โอ๊ย ให้ตายเถอะ! ล็อกประตูไว้ตั้งแต่เมื่อไหร่กัน?","<cha:pop,제니_자켓>Olha só... trancaram até a porta."
,,,제니_자켓,,1_외침,,,"너, 내가 밖에 못 나가게 하려는 거지?",You’re trying to keep me cooped up in here?,あんた、あたしを外に出さないようにしてるんでしょ？,你，是不想让我出去吧？,你是想把我關在這裡，不讓我出去對吧？,Это чтобы я не вышла?,Awak nak kurung saya di sini?,Cậu định không cho tôi ra ngoài đúng không?,¿Estás intentando evitar que salga?,"Kamu itu, sedang berniat untuk mengurungku disini ya?",นายตั้งใจจะไม่ให้ฉันออกไปข้างนอกสินะ?,"Então o plano é me deixar presa aqui, é?"
,,,제니_자켓,,1_외침,,,"<txt:shake,1>이러면 내가 못 나갈 줄 알고...!!</txt:shake>","<txt:shake,1>You think this will keep me inside!</txt:shake>","<txt:shake,1>こんなことしたって、あたしが出られないとでも‥！！</txt:shake>","<txt:shake,1>真以为这样我就出不去了吗‥！！</txt:shake>","<txt:shake,1>你以為這樣我就出不去了嗎‥！！</txt:shake>","<txt:shake,1>Ты думал закрыть меня здесь?!</txt:shake>","<txt:shake,1>Awak ingat awak boleh penjarakan saya?!</txt:shake>","<txt:shake,1>Cậu nghĩ như vậy thì tôi không ra được sao...!!</txt:shake>","<txt:shake,1>¡¡Crees que no podré salir si haces esto...!!</txt:shake>","<txt:shake,1>Apa kamu pikir ini dapat menghalangiku keluar...!!</txt:shake>","<txt:shake,1>คิดว่าทำแบบนี้แล้วฉันจะออกไปไม่ได้เหรอ...!!</txt:shake>","<txt:shake,1>Você acha que eu não consigo sair?</txt:shake>"
,,,-,,,,,"<eff:shake,2><txt:bold,2><txt:size,2>(쾅!!)</txt:size></txt:bold><sys:sfx,쿵>","<eff:shake,2><txt:bold,2><txt:size,2>(Bang!)</txt:size></txt:bold><sys:sfx,쿵>","<eff:shake,2><txt:bold,2><txt:size,2>(ドン！！)</txt:size></txt:bold><sys:sfx,쿵>","<eff:shake,2><txt:bold,2><txt:size,2>（哐！！）</txt:size></txt:bold><sys:sfx,쿵>","<eff:shake,2><txt:bold,2><txt:size,2>（哐！！）</txt:size></txt:bold><sys:sfx,쿵>","<eff:shake,2><txt:bold,2><txt:size,2>(Бам!)</txt:size></txt:bold><sys:sfx,쿵>","<eff:shake,2><txt:bold,2><txt:size,2>(Bang!)</txt:size></txt:bold><sys:sfx,쿵>","<eff:shake,2><txt:bold,2><txt:size,2>*Rầm*</txt:size></txt:bold><sys:sfx,쿵>","<eff:shake,2><txt:bold,2><txt:size,2>(¡¡Pum!!)</txt:size></txt:bold><sys:sfx,쿵>","<eff:shake,2><txt:bold,2><txt:size,2>(Duar!!)</txt:size></txt:bold><sys:sfx,쿵>","<eff:shake,2><txt:bold,2><txt:size,2>(ปึ้ง!!)</txt:size></txt:bold><sys:sfx,쿵>","<eff:shake,2><txt:bold,2><txt:size,2>(Bam!)</txt:size></txt:bold><sys:sfx,쿵>"
,,,엘리오,,1_짜증,,exclam,그만해!! 문 걷어차지 마!,Stop kicking the door!,やめろ！！ドアを蹴るな！,够了！！别踢门了！,住手！！別踢門了！,Хватит! Не пинай дверь!,Berhenti tendang pintu!,Dừng lại!! Đừng đá cửa nữa!,¡¡Basta!! ¡No patees la puerta!,Berhentilah!! Jangan tendang-tendang pintu!,หยุดนะ!! อย่าเตะประตูสิ!,Chega! Para de chutar a porta!
,,,엘리오,,1_진지,,,"<txt:shake,1>다친 애가 무슨 힘이...!</txt:shake>","<txt:shake,1>How does an injured kid even have this much strength!</txt:shake>","<txt:shake,1>怪我人のどこにこんな力が‥！</txt:shake>","<txt:shake,1>明明受了伤，哪来这么大劲‥！</txt:shake>","<txt:shake,1>受傷的人哪來這麼大的力氣啊‥！</txt:shake>","<txt:shake,1>Откуда столько сил..!</txt:shake>","<txt:shake,1>Budak yang cedera pun ada kekuatan sebanyak ini?!</txt:shake>","<txt:shake,1>Đang bị thương mà sức đâu ra vậy...!</txt:shake>","<txt:shake,1>¡¿De dónde sacas tanta fuerza estando lesionada...?!</txt:shake>","<txt:shake,1>Bagaimana bisa dia yang sedang cedera masih kuat seperti...!</txt:shake>","<txt:shake,1>คนบาดเจ็บเอาแรงที่ไหนมา...!</txt:shake>","<txt:shake,1>Como alguém machucado tem tanta força assim?</txt:shake>"
,,,엘리오,,1_짜증,,,"알았어! 알았다고, 젠장!","Okay! Okay, I get it, damn!",分かった！分かったって、くそっ！,好啦！我知道了，该死！,知道啦！我說就是了，可惡！,Ладно-ладно. Вот черт.,"Okey! Okey, faham, sial!","Được rồi! Được rồi, chết tiệt!","¡Ya entendí! ¡Ya entendí, maldición!","Baiklah! Aku mengerti, sial!",โอเค! เข้าใจแล้ว โธ่เอ๊ย!,"Tá bom! Tá bom, pelo amor!"
,,,TAG,,,,,"<sys:quiet,1000>","<sys:quiet,1000>","<sys:quiet,1000>","<sys:quiet,1000>","<sys:quiet,1000>","<sys:quiet,1000>","<sys:quiet,1000>","<sys:quiet,1000>","<sys:quiet,1000>","<sys:quiet,1000>","<sys:quiet,1000>","<sys:quiet,1000>"
,,,엘리오,,1_진지,pause,,"...하아. <wrt:wait,30>정말, 끝까지 숨기려 했는데.","Sigh... <wrt:wait,30>I really meant to keep this hidden till the end.","‥はあ。<wrt:wait,30>まったく、最後まで隠すつもりだったのに。","‥唉。<wrt:wait,30>真是的，本来想瞒到最后的。","‥唉。<wrt:wait,30>真是的，本來想瞞到最後的。","Эх... <wrt:wait,30>Я до конца не хотел говорить тебе.","Haih... <wrt:wait,30>Saya nak rahsiakan benda ini hingga akhir.","...Ha. <wrt:wait,30>Thật ra tôi định giấu đến cùng.","...Haa. <wrt:wait,30>En serio, traté de ocultarlo hasta el final.","...Hahhh. <wrt:wait,30>Sebenarnya, aku berniat untuk menyembunyikan hal ini.","...เฮ้อ <wrt:wait,30>ฉันตั้งใจจะปิดบังไปจนจบแท้ๆ","Aff! <wrt:wait,30>Eu realmente tentei esconder isso até o fim."
,,,엘리오,,1_진지,pause,,어디서부터 얘기해야 하지.,Where do I even begin?,どこから話せばいいかな。,该从哪里说起呢。,該從哪裡說起呢。,"Даже не знаю, откуда начать.",Di mana saya nak mula?,Phải nói từ đâu đây.,Por dónde debería empezar.,Darimana aku harus mulai menjelaskan.,ต้องเริ่มเล่าจากตรงไหนก่อนดีเนี่ย,Nem sei por onde começar...
,,,엘리오,,1_진지,pause,,"그래, 우선... <wrt:wait,30>이름은 들어봤지?","Right, so... <wrt:wait,30>you’ve at least heard the names?","そうだな、まずは‥<wrt:wait,30>名前は聞いたことあるだろ？","对了，首先‥<wrt:wait,30>你应该听过这两个名字吧？","好的，首先‥<wrt:wait,30>妳聽過這兩個名字吧？","Может <wrt:wait,30>ты слышала эти имена...","Baiklah, jadi... <wrt:wait,30>awak paling tak pernah dengar nama-nama ini?","Ừ, trước hết... <wrt:wait,30>chắc cậu cũng đã nghe tên rồi nhỉ?","Bien, primero... <wrt:wait,30>¿has escuchado esos nombres?","Iya, kalau begitu... <wrt:wait,30>Kamu pernah dengar nama itu kan?","โอเค ก่อนอื่น... <wrt:wait,30>เธอเคยได้ยินชื่อมาบ้างใช่ไหม?","Tá, primeiro... <wrt:wait,30>você já deve ter ouvido falar deles."
,,,엘리오,,1_기본,pause,,"<txt:bold,2>팬텀 리그</txt:bold>의 슈퍼스타였던 <txt:bold,2><txt:color,orange>오아시스</txt:color></txt:bold>와 <txt:bold,2><txt:color,orange>제로</txt:color></txt:bold> 말이야.","<txt:bold,2><txt:color,orange>Oasis</txt:color></txt:bold> and <txt:bold,2><txt:color,orange>Zero</txt:color></txt:bold>, the superstars of the <txt:bold,2>Phantom League</txt:bold>.","<txt:bold,2>ファントムリーグ</txt:bold>のスーパースターだった<txt:bold,2><txt:color,orange>オアシス</txt:color></txt:bold>と<txt:bold,2><txt:color,orange>ゼロ</txt:color></txt:bold>のこと。","<txt:bold,2>幻影联赛</txt:bold>曾经的超级巨星<txt:bold,2><txt:color,orange>绿洲</txt:color></txt:bold>和<txt:bold,2><txt:color,orange>零</txt:color></txt:bold>。","就是<txt:bold,2>幻影聯賽</txt:bold>曾經的超級巨星<txt:bold,2><txt:color,orange>綠洲</txt:color></txt:bold>和<txt:bold,2><txt:color,orange>零</txt:color></txt:bold>。","<txt:bold,2><txt:color,orange>Оазис</txt:color></txt:bold> и <txt:bold,2><txt:color,orange>Зеро</txt:color></txt:bold>. Они были суперзвездами <txt:bold,2>«Фантом-лиги»</txt:bold>.","<txt:bold,2><txt:color,orange>Oasis</txt:color></txt:bold> dan <txt:bold,2><txt:color,orange>Zero</txt:color></txt:bold>, bintang terkenal dalam <txt:bold,2>Liga Phantom</txt:bold>.","<txt:bold,2><txt:color,orange>Oasis</txt:color></txt:bold>, siêu sao của <txt:bold,2>Phantom League</txt:bold>, và <txt:bold,2><txt:color,orange>Zero</txt:color></txt:bold>.","Hablo de las superestrellas de la <txt:bold,2>Liga Fantasma</txt:bold>, <txt:bold,2><txt:color,orange>Oasis</txt:color></txt:bold> y <txt:bold,2><txt:color,orange>Zero</txt:color></txt:bold>.","Tentang superstar dulu di <txt:bold,2>Liga Phantom</txt:bold>, <txt:bold,2><txt:color,orange>Oasis</txt:color></txt:bold> dan <txt:bold,2><txt:color,orange>Zero</txt:color></txt:bold>.","<txt:bold,2><txt:color,orange>โอเอซิส</txt:color></txt:bold>กับ<txt:bold,2><txt:color,orange>ซีโร่</txt:color></txt:bold>ที่เคยเป็นซูเปอร์สตาร์ของ<txt:bold,2>แฟนธอมลีก</txt:bold>น่ะ","Tô falando do <txt:bold,2><txt:color,orange>Oásis</txt:color></txt:bold> e do <txt:bold,2><txt:color,orange>Zero</txt:color></txt:bold>, os superastros da <txt:bold,2>Liga Phantom</txt:bold>."
,,,엘리오,,1_기본,,,"그 두 사람이 돌아왔어. <wrt:wait,30><txt:bold,2>팬텀 리그</txt:bold>를 되찾으려고 한다나.","They’re back. Trying to take the <wrt:wait,30><txt:bold,2>Phantom League</txt:bold> back, apparently.","あの二人が戻ってきたんだ。<wrt:wait,30><txt:bold,2>ファントムリーグ</txt:bold>を取り戻そうとしてるらしい。","他们两个回来了。<wrt:wait,30><txt:bold,2>说是要夺回幻影联赛</txt:bold>。","他們兩個回來了。說是為了奪回<wrt:wait,30><txt:bold,2>幻影聯賽</txt:bold>。","Так вот. <wrt:wait,30>Эти двое вернулись в <txt:bold,2>«Фантом-лигу»</txt:bold>.","Mereka kembali. Cuba mengambil semula <wrt:wait,30><txt:bold,2>Liga Phantom</txt:bold>, nampaknya.","Hai người đó đã quay lại. Họ nói muốn giành lại <wrt:wait,30><txt:bold,2>Phantom League</txt:bold>.","Esos dos han regresado. <wrt:wait,30>Dicen que quieren recuperar la <txt:bold,2>Liga Fantasma</txt:bold>.","Kedua orang itu sedang berada disini. Katanya mereka ingin merebut kembali <wrt:wait,30><txt:bold,2>Liga Phantom</txt:bold>.","สองคนนั้นกลับมาแล้ว เห็นว่าจะมาทวงคืน<wrt:wait,30><txt:bold,2>แฟนธอมลีก</txt:bold>","Eles voltaram. Parece que querem retomar a <wrt:wait,30><txt:bold,2>Liga Phantom</txt:bold> ou algo assim."
,,,엘리오,,1_기본,,,난 그들을 돕고 있었어.,I’ve been helping them.,僕は彼らを手伝ってたんだ。,我一直在帮他们。,而我一直在暗中協助他們。,А я им помогаю.,Saya telah membantu mereka.,Tôi đang giúp họ.,Yo los estaba ayudando.,Dan aku sedang membantu mereka.,ซึ่งฉันก็ช่วยพวกเขาอยู่,Eu tava ajudando eles.
,,,엘리오,,1_진지,,,"그리고 <txt:bold,2><txt:color,orange>백시우</txt:color></txt:bold>도 우리와 협력 중이야.","And <txt:bold,2><txt:color,orange>Siwoo Baek</txt:color></txt:bold> is working with us too.","それと<txt:bold,2><txt:color,orange>白井新</txt:color></txt:bold>も僕たちに協力してる。","还有，<txt:bold,2><txt:color,orange>白时宇</txt:color></txt:bold>也在和我们合作。","連<txt:bold,2><txt:color,orange>白時宇</txt:color></txt:bold>也跟我們聯手了。","<txt:bold,2><txt:color,orange>Бэк Шиу</txt:color></txt:bold> тоже с нами.","Dan <txt:bold,2><txt:color,orange>Siwoo Baek</txt:color></txt:bold> juga bekerja dengan kami.","Và <txt:bold,2><txt:color,orange>Baek Siwoo</txt:color></txt:bold> cũng đang hợp tác với bọn tôi.","Y <txt:bold,2><txt:color,orange>Siwoo Baek</txt:color></txt:bold> también está colaborando con nosotros.","Dan <txt:bold,2><txt:color,orange>Siwoo Baek</txt:color></txt:bold> juga sedang ikut kerja sama.","แล้ว<txt:bold,2><txt:color,orange>แบคชีอู</txt:color></txt:bold>ก็กำลังร่วมมือกับเราด้วย","E o <txt:bold,2><txt:color,orange>Siwoo Baek</txt:color></txt:bold> também tá com a gente."
,,,TAG,,,,,"<eff:black,3>","<eff:black,3>","<eff:black,3>","<eff:black,3>","<eff:black,3>","<eff:black,3>","<eff:black,3>","<eff:black,3>","<eff:black,3>","<eff:black,3>","<eff:black,3>","<eff:black,3>"
,,,TAG,,,,,"<sys:bgm,BGM_THE_GEMSTONE,600>","<sys:bgm,BGM_THE_GEMSTONE,600>","<sys:bgm,BGM_THE_GEMSTONE,600>","<sys:bgm,BGM_THE_GEMSTONE,600>","<sys:bgm,BGM_THE_GEMSTONE,600>","<sys:bgm,BGM_THE_GEMSTONE,600>","<sys:bgm,BGM_THE_GEMSTONE,600>","<sys:bgm,BGM_THE_GEMSTONE,600>","<sys:bgm,BGM_THE_GEMSTONE,600>","<sys:bgm,BGM_THE_GEMSTONE,600>","<sys:bgm,BGM_THE_GEMSTONE,600>","<sys:bgm,BGM_THE_GEMSTONE,600>"
,,,엘리오,,1_미소,,,...그렇게 된 거야. 이제 알겠지?,That’s the situation... Get it now?,‥そういうことだ。これで分かっただろ？,‥就是这么回事。现在明白了吧？,‥事情就是這樣。現在懂了吧？,Такие дела.,Itulah situasinya... Faham sekarang?,...Chuyện là vậy đó. Giờ cậu hiểu rồi chứ?,...Eso fue lo que pasó. ¿Ya lo entiendes?,...Jadi begitu ceritanya. Apa kamu sudah paham?,...เรื่องก็เป็นแบบนั้นแหละ ทีนี้เข้าใจรึยัง?,Foi assim que as coisas chegaram até aqui. Entendeu?
,,,엘리오,,1_기본,,,"지금 주 경기장은 무슨 일이 벌어질지 모른다고, 알겠어?","The main arena is a powder keg right now, okay?",今、メインスタジアムは何が起きるか分からないんだ、いいね？,现在根本不知道主赛场会发生什么事，你懂了吗？,現在的主球場隨時都會出大事，明白嗎？,"Никто не знает, что может произойти на главном корте.","Arena utama sekarang bakal meletup, okay?","Bây giờ ở sân chính có thể xảy ra chuyện gì cũng không biết đâu, hiểu chưa?","No se sabe qué puede pasar ahora mismo en la cancha principal, ¿entiendes?","Saat ini tidak ada yang tahu apa yang akan terjadi di lapangan pertandingan, apa kamu mengerti?",ตอนนี้อาจมีเรื่องอะไรเกิดขึ้นที่สนามแข่งหลักก็ได้ เข้าใจรึเปล่า?,A quadra principal pode virar um caos a qualquer momento.
,,,제니_자켓,,1_새침,pause,,"...<txt:bold,2><txt:color,orange>백시우</txt:color></txt:bold>가...","...<txt:bold,2><txt:color,orange>Siwoo Baek</txt:color></txt:bold>...","‥<txt:bold,2><txt:color,orange>白井新</txt:color></txt:bold>が‥","‥<txt:bold,2><txt:color,orange>白时宇</txt:color></txt:bold>他‥","‥<txt:bold,2><txt:color,orange>白時宇</txt:color></txt:bold>他也‥","...<txt:bold,2><txt:color,orange>Бэк Шиу</txt:color></txt:bold>...","<txt:bold,2><txt:color,orange>Siwoo Baek</txt:bold></txt:color>.","<txt:bold,2><txt:color,orange>Baek Siwoo...</txt:color></txt:bold>","...<txt:bold,2><txt:color,orange>Siwoo Baek</txt:color></txt:bold>...","...Jadi <txt:bold,2><txt:color,orange>Siwoo Baek</txt:color></txt:bold>...","...<txt:bold,2><txt:color,orange>แบคชีอู</txt:color></txt:bold>...","O... <txt:bold,2><txt:color,orange>Siwoo Baek</txt:color></txt:bold>..."
,,,제니_자켓,,1_기본,nervous,silent,...,...,‥,‥,‥,...,...,...,...,...,...,...
,,,제니_자켓,,1_기본,nervous,,그래. 알았어. 네 말대로 안 갈게.,Fine. I get it. I’ll stay.,そう、分かった。あんたの言う通り、行かない。,好吧。我知道了。听你的，我不去了。,好。我知道了。照你說的，我不去了。,"Хорошо, я не пойду туда.",Baiklah. Saya faham. Saya takkan pergi.,Ừ. Được rồi. Tôi sẽ không đi.,Bien. Ya entendí. Haré lo que dices y no iré.,Ok. Aku mengerti dan tidak akan kesana seperti permintaanmu.,โอเค เข้าใจแล้ว ฉันจะไม่ไปตามที่นายบอก,"Tá, entendi. Não vou pra lá."
,,,제니_자켓,,1_새침,nervous,,"...<wrt:wait,30>고마워.","...<wrt:wait,30>Thanks.","‥<wrt:wait,30>ありがと。","‥<wrt:wait,30>谢谢。","‥<wrt:wait,30>謝謝你。","...<wrt:wait,30>Спасибо.","...<wrt:wait,30>Terima kasih.","...<wrt:wait,30>Cảm ơn nhé.","...<wrt:wait,30>Gracias.","...<wrt:wait,30>Terima kasih.","...<wrt:wait,30>ขอบใจนะ","O... <wrt:wait,30>obrigada."
,,,엘리오,,1_미소,,,뭐야. 갑자기.,"Oh, that came out of nowhere.",なんだよ、急に。,干嘛，突然这么客气。,幹嘛啊，突然這麼感性。,За что спасибо? Внезапно.,"Oh, tak sangka.",Gì vậy. Tự nhiên thế.,Qué te pasa. Tan de repente.,Eh. Kenapa tiba-tiba bicara begitu?,อะไรเนี่ย จู่ๆ ก็มาขอบจงขอบใจ,De repente assim?
,,,제니_자켓,,1_기본,,,날 생각해서 한 말이었잖아. 나가지 말라고 한 거.,You said all that because you were worried about me. Telling me not to go.,あたしのこと思って言ってくれたんでしょ。ここから出るなって。,我知道你刚才那些话是为我着想，才不想让我出去的。,你是為了我才叫我別出去的吧。,"За то, что думал обо мне. Говорил не выходить.",Awak kata semua itu kerana awak risaukan saya. Menyuruh saya supaya tidak pergi.,"Cậu nói vậy là vì lo cho tôi mà, bảo tôi đừng ra ngoài.",Lo dijiste pensando en mí. Eso de no salir.,Kamu kan bertindak seperti ini hanya karena memikirkan diriku.,ก็ที่นายบอกไม่ให้ไปเพราะนายนึกถึงฉันนี่นา,"Você quis me proteger, pedindo pra eu não sair."
,,,엘리오,,1_기본,,,"하하, 뭐야, 정말. 네가 고맙단 말을 다 하다니.","Haha, wow. I never thought I’d hear you say thanks.",ハハ、本当にどうしたんだよ。君がありがとうだなんて。,哈哈，真是的。居然能听到你跟我说谢谢。,哈哈哈，搞什麼啊。妳居然會對我道謝。,"Ха-ха, обычно благодарностей от тебя не дождешься.","Haha, wow. Tak pernah sangka awak akan ucap terima kasih.","Haha, gì vậy chứ. Không ngờ cậu cũng nói cảm ơn đấy.","Jaja, qué pasa, de verdad. Escucharte decir gracias y todo eso.","Haha, apa ini. Aku tidak menyangka akan mendengar kamu mengucapkan terima kasih.",ฮะฮะ อะไรกัน ไม่คิดว่าจะได้ยินคำขอบคุณจากเธอเลยนะ,"Haha, olha só. Você me agradecendo?"
,,,제니_자켓,,1_외침,,,날 뭐로 보는 거야.,What do you take me for?,あたしのことを何だと思ってんの。,你把我当什么人了。,你把我當成什麼人了啊。,Я по-твоему зверь какой-то?,Apa yang awak anggap saya ni?,Cậu nghĩ tôi là ai vậy.,¿Por quién me tomas?,Seperti apa kamu kira aku ini?,นายมองฉันยังไงเนี่ย,Que tipo de pessoa você achou que eu era?
,,,제니_자켓,,1_새침,,,다친 뒤로 내내 신경 써줬잖아.,You’ve been looking out for me ever since I got hurt.,怪我してからずっと気にかけてくれてたじゃない。,受伤之后你一直都在照顾我。,我受傷後，你一直都很照顧我。,Ты же беспокоился обо мне с самого момента травмы.,Awak dah menjaga saya sejak saya cedera.,Sau khi tôi bị thương cậu đã chăm sóc tôi suốt mà.,Has estado cuidándome todo el tiempo desde que me lesioné.,"Setelah aku terluka, kamu telah memberikan banyak perhatian padaku.",ก็นายคอยเอาใจใส่ฉันตลอดหลังจากฉันบาดเจ็บเลยนี่นา,Você sempre ficou de olho em mim depois que eu me machuquei.
,,,제니_자켓,,1_기본,,,...그런 것도 생각 못할 정도는 아니야.,I’m not THAT clueless.,‥それくらい分からないほどバカじゃないんだからね。,‥这点事我还是懂的。,‥我還沒遲鈍到連這種事都感覺不出來。,Я все это видела и замечала.,Saya bukanlah tak tahu langsung.,...Tôi không ngu đến mức không nghĩ được chuyện đó.,...Tampoco soy tan insensible como para no darme cuenta.,...Aku bukan orang yang tidak tahu budi.,...ฉันไม่ได้ถึงขนาดคิดเรื่องนั้นไม่ได้หรอกนะ,Não sou tão distraída a ponto de não perceber isso.
,,,엘리오,,1_기본,,,"하하하, 그래?","Haha, yeah?",ハハハ、そうか？,哈哈哈，是吗？,哈哈哈，是嗎？,Ха-ха... Да?,"Haha, ya?","Haha, vậy à?","Jajaja, ¿de verdad?","Hahaha, begitu?",ฮ่าฮ่าฮ่า งั้นเหรอ?,"Hahaha, é mesmo?"
,,,엘리오,,1_기본,,,"조금은<wrt:wait,30> 내가 아는 <txt:bold,2><txt:color,orange>제니</txt:color></txt:bold>가 돌아온 것 같네.","Sounds like<wrt:wait,30> the <txt:bold,2><txt:color,orange>Jenny</txt:color></txt:bold> I know is coming back.","少しは<wrt:wait,30>僕の知ってる<txt:bold,2><txt:color,orange>ジェニー</txt:color></txt:bold>に戻ってきたみたいだな。","看来那个<wrt:wait,30>我熟悉的<txt:bold,2><txt:color,orange>珍妮</txt:color></txt:bold>终于回来一点了。","看來<wrt:wait,30>我所認識的那個<txt:bold,2><txt:color,orange>珍妮</txt:color></txt:bold>終於回來了呢。","Кажется, <wrt:wait,30>вернулась <txt:bold,2><txt:color,orange>Дженни</txt:color></txt:bold>, которую я знаю.","Nampaknya<wrt:wait,30> <txt:bold,2><txt:color,orange>Jenny</txt:color></txt:bold> yang saya kenal sudah kembali.","Có vẻ<wrt:wait,30> <txt:bold,2><txt:color,orange>Jenny</txt:color></txt:bold> mà tôi biết đã quay lại một chút rồi.","Parece que la <txt:bold,2><txt:color,orange>Jenny</txt:color></txt:bold> que conozco<wrt:wait,30> ha vuelto un poco.","Sepertinya <wrt:wait,30>kamu telah sedikit kembali menjadi <txt:bold,2><txt:color,orange>Jenny</txt:color></txt:bold> yang aku kenal.","อย่างน้อยก็<wrt:wait,30>เหมือนว่า<txt:bold,2><txt:color,orange>เจนนี่</txt:color></txt:bold>ที่ฉันรู้จักจะเริ่มกลับมาแล้วแฮะ","Parece que <wrt:wait,30>a <txt:bold,2><txt:color,orange>Jenny</txt:color></txt:bold> que eu conhecia voltou um pouco."
,,,엘리오,,1_진지,wave,,"좋아. <wrt:wait,30>그럼, <txt:bold,2><txt:color,orange>제니</txt:color></txt:bold>.","Good. <wrt:wait,30>Then, <txt:bold,2><txt:color,orange>Jenny</txt:color></txt:bold>...","よし。<wrt:wait,30>それなら、<txt:bold,2><txt:color,orange>ジェニー</txt:color></txt:bold>。","行吧。<wrt:wait,30>那么，<txt:bold,2><txt:color,orange>珍妮</txt:color></txt:bold>。","很好。<wrt:wait,30>那麼，<txt:bold,2><txt:color,orange>珍妮</txt:color></txt:bold>。","Ладно, <wrt:wait,30><txt:bold,2><txt:color,orange>Дженни</txt:color></txt:bold>.","Bagus. <wrt:wait,30>Kalau begitu, <txt:bold,2><txt:color,orange>Jenny</txt:color></txt:bold>...","Được rồi. <wrt:wait,30>Vậy thì, <txt:bold,2><txt:color,orange>Jenny</txt:color></txt:bold>.","Bien. <wrt:wait,30>Entonces, <txt:bold,2><txt:color,orange>Jenny</txt:color></txt:bold>.","Baiklah. <wrt:wait,30>Kalau begitu, <txt:bold,2><txt:color,orange>Jenny</txt:color></txt:bold>.","ดีเลย <wrt:wait,30>ถ้างั้น <txt:bold,2><txt:color,orange>เจนนี่</txt:color></txt:bold>","Ótimo. <wrt:wait,30>Então, <txt:bold,2><txt:color,orange>Jenny</txt:color></txt:bold>..."
,,,엘리오,,1_기본,wave,joy,"<txt:bold,1>잠깐 산책 좀 다녀올래?</txt:bold>","<txt:bold,1>Want to go for a walk?</txt:bold>","<txt:bold,1>ちょっと散歩に行かないか？</txt:bold>","<txt:bold,1>要不要稍微出去散个步？</txt:bold>","<txt:bold,1>妳想去散散步嗎？</txt:bold>","<txt:bold,1>Хочешь прогуляться?</txt:bold>","<txt:bold,1>Nak pergi jalan-jalan?</txt:bold>","<txt:bold,1>Đi dạo một chút nhé?</txt:bold>","<txt:bold,1>¿Quieres salir a dar un pequeño paseo?</txt:bold>","<txt:bold,1>Mau pergi jalan-jalan sebentar?</txt:bold>","<txt:bold,1>อยากไปเดินเล่นสักหน่อยไหม?</txt:bold>","<txt:bold,1>Que tal dar uma voltinha rápida?</txt:bold>"
,,,제니_자켓,,1_외침,,,"...<wrt:wait,30>장난쳐? 아까는 나가지 말라더니...","...<wrt:wait,30>Are you kidding me? You just told me not to go out.","‥<wrt:wait,30>ふざけてるの？さっきは出るなって言ったくせに‥","‥<wrt:wait,30>耍我呢？刚才还死活不让我出去‥","‥<wrt:wait,30>你在耍我嗎？剛才明明叫我別出去‥",Ты издеваешься? Только что сам говорил никуда не ходить.,"...<wrt:wait,30>Biar betul? Awak baru saja suruh saya jangan keluar.","...<wrt:wait,30>Cậu đùa à? Lúc nãy còn bảo tôi đừng ra ngoài...","...<wrt:wait,30>¿Bromeas? Si antes me decías que no saliera...","...<wrt:wait,30>Apa kamu serius? Tadi kamu menyuruhku untuk tidak keluar...","...<wrt:wait,30>ล้อเล่นรึไง? เมื่อกี้นายยังไม่ให้ฉันออกไปอยู่เลย...","Hã? <wrt:wait,30>Tá de brincadeira, né? Você acabou de falar pra eu ficar!"
,,,엘리오,,1_ 기본,wave,,실은 네게 아직 말하지 않은 게 있거든.,There’s actually something I haven’t told you yet.,実は君にまだ言ってないことがあるんだ。,其实，还有件事我没告诉你。,其實我有件事還沒告訴妳。,Я еще не все тебе рассказал.,Sebenarnya ada sesuatu yang belum saya beritahu awak.,Thật ra còn một chuyện tôi chưa nói với cậu.,La verdad es que hay algo que no te he dicho todavía.,Sebenarnya ada satu hal lagi yang belum aku katakan padamu.,ที่จริงฉันมีอีกเรื่องที่ยังไม่ได้บอกเธอ,"Na verdade, tem uma coisa que eu ainda não te contei."
,,,엘리오,,1_기본,wave,,"그 애가 왔어. <txt:bold,2><txt:color,orange>제니</txt:color></txt:bold>.","She’s here, <txt:bold,2><txt:color,orange>Jenny</txt:color></txt:bold>.","あの子が来たんだよ。<txt:bold,2><txt:color,orange>ジェニー</txt:color></txt:bold>。","她来了。<txt:bold,2><txt:color,orange>珍妮</txt:color></txt:bold>。","她來了喔。<txt:bold,2><txt:color,orange>珍妮</txt:color></txt:bold>。","<txt:bold,2><txt:color,orange>Дженни</txt:color></txt:bold>, она здесь.","Dia dah datang, <txt:bold,2><txt:color,orange>Jenny</txt:color></txt:bold>.","Cậu ấy đã đến rồi, <txt:bold,2><txt:color,orange>Jenny</txt:color></txt:bold>.","Esa persona ha venido, <txt:bold,2><txt:color,orange>Jenny</txt:color></txt:bold>.","Dia telah datang. <txt:bold,2><txt:color,orange>Jenny</txt:color></txt:bold>.","คนคนนั้นมาล่ะ <txt:bold,2><txt:color,orange>เจนนี่</txt:color></txt:bold>","Ela voltou, <txt:bold,2><txt:color,orange>Jenny</txt:color></txt:bold>."
,,,제니_자켓,,1_기본,,,그 애?,She?,あの子？,她？,她？,Кто здесь?,Dia?,Cậu ấy?,¿Esa persona?,Dia?,คนคนนั้น?,Ela? Quem?
,,,엘리오,,1_기본,,,"<txt:bold,2><txt:color,orange>서사라</txt:color></txt:bold>.","<txt:bold,2><txt:color,orange>Sara Seo</txt:color></txt:bold>.","<txt:bold,2><txt:color,orange>有田紗良</txt:color></txt:bold>。","<txt:bold,2><txt:color,orange>徐莎拉</txt:color></txt:bold>。","<txt:bold,2><txt:color,orange>徐莎拉</txt:color></txt:bold>。","<txt:bold,2><txt:color,orange>Со Сара</txt:color></txt:bold>.","<txt:bold,2><txt:color,orange>Sara Seo</txt:bold></txt:color>.","Là <txt:bold,2><txt:color,orange>Seo Sara</txt:color></txt:bold>.","<txt:bold,2><txt:color,orange>Sara</txt:color></txt:bold>.","<txt:bold,2><txt:color,orange>Sara Seo</txt:color></txt:bold>.","<txt:bold,2><txt:color,orange>ซอซาร่า</txt:color></txt:bold>","A <txt:bold,2><txt:color,orange>Sara Seo</txt:color></txt:bold>."
,,,제니_자켓,,1_당황,pause,exclam,...!,...!,‥！,‥！,‥！,!..,...!,...!,¡...!,...!,...!,!!!
,,,엘리오,,1_미소,,,지금의 너라면 괜찮을 것 같아.,I think you’re ready now.,今の君なら大丈夫だと思う。,我觉得如果是现在的你，应该没问题。,我想現在的妳應該沒問題了。,"Думаю, все будет хорошо.",Saya rasa awak sudah bersedia sekarang.,Nếu là cậu bây giờ thì chắc sẽ ổn thôi.,Creo que ahora mismo estarás bien.,Kurasa jika itu kau sekarang maka semuanya akan baik-baik saja.,ถ้าเป็นเธอในตอนนี้ก็คงไม่เป็นไร,"Do jeito que você tá agora, acho que você tá pronta pra isso."
,,,엘리오,,1_기본,,,당장 가 봐. 오랫동안 그리워했잖아.,Go. You’ve been wanting this for a long time.,今すぐ行ってごらん。ずっと会いたがってただろ。,快去吧。你不是一直很想见她吗。,快去吧，妳不是一直很想見她嗎。,Иди к ней. Ты же так по ней скучала.,Pergi. Awak dah lama inginkan ini.,Đi ngay đi. Cậu đã nhớ cậu ấy lâu rồi mà.,Ve de inmediato. La has extrañado por mucho tiempo.,Coba pergi melihatnya. Kamu kan telah merindukannya sekian lama.,ไปตอนนี้เลยเถอะ เธอคิดถึงมานานแล้วนี่นา,Corre lá. Você sentiu saudade dela por anos.
,,,TAG,,,,,"<cha:pos,제니_자켓,-4>","<cha:pos,제니_자켓,-4>","<cha:pos,제니_자켓,-4>","<cha:pos,제니_자켓,-4>","<cha:pos,제니_자켓,-4>","<cha:pos,제니_자켓,-4>","<cha:pos,제니_자켓,-4>","<cha:pos,제니_자켓,-4>","<cha:pos,제니_자켓,-4>","<cha:pos,제니_자켓,-4>","<cha:pos,제니_자켓,-4>","<cha:pos,제니_자켓,-4>"
,,,TAG,,,,,"<eff:black,3>","<eff:black,3>","<eff:black,3>","<eff:black,3>","<eff:black,3>","<eff:black,3>","<eff:black,3>","<eff:black,3>","<eff:black,3>","<eff:black,3>","<eff:black,3>","<eff:black,3>"
,,,TAG,,,,,"<sys:qmap,팬텀리그_소등><cha:qpos,엘리오,-4><cha:pos,제니_자켓,0><sys:bgm,BGM_JENNY_S_REGRET,600>","<sys:qmap,팬텀리그_소등><cha:qpos,엘리오,-4><cha:pos,제니_자켓,0><sys:bgm,BGM_JENNY_S_REGRET,600>","<sys:qmap,팬텀리그_소등><cha:qpos,엘리오,-4><cha:pos,제니_자켓,0><sys:bgm,BGM_JENNY_S_REGRET,600>","<sys:qmap,팬텀리그_소등><cha:qpos,엘리오,-4><cha:pos,제니_자켓,0><sys:bgm,BGM_JENNY_S_REGRET,600>","<sys:qmap,팬텀리그_소등><cha:qpos,엘리오,-4><cha:pos,제니_자켓,0><sys:bgm,BGM_JENNY_S_REGRET,600>","<sys:qmap,팬텀리그_소등><cha:qpos,엘리오,-4><cha:pos,제니_자켓,0><sys:bgm,BGM_JENNY_S_REGRET,600>","<sys:qmap,팬텀리그_소등><cha:qpos,엘리오,-4><cha:pos,제니_자켓,0><sys:bgm,BGM_JENNY_S_REGRET,600>","<sys:qmap,팬텀리그_소등><cha:qpos,엘리오,-4><cha:pos,제니_자켓,0><sys:bgm,BGM_JENNY_S_REGRET,600>","<sys:qmap,팬텀리그_소등><cha:qpos,엘리오,-4><cha:pos,제니_자켓,0><sys:bgm,BGM_JENNY_S_REGRET,600>","<sys:qmap,팬텀리그_소등><cha:qpos,엘리오,-4><cha:pos,제니_자켓,0><sys:bgm,BGM_JENNY_S_REGRET,600>","<sys:qmap,팬텀리그_소등><cha:qpos,엘리오,-4><cha:pos,제니_자켓,0><sys:bgm,BGM_JENNY_S_REGRET,600>","<sys:qmap,팬텀리그_소등><cha:qpos,엘리오,-4><cha:pos,제니_자켓,0><sys:bgm,BGM_JENNY_S_REGRET,600>"
,,,제니_자켓,,1_새침,,,"<txt:shake,1>헉, 헉...</txt:shake>","<txt:shake,1>Hah... hah...</txt:shake>","<txt:shake,1>はぁ、はぁ‥</txt:shake>","<txt:shake,1>哈啊，哈啊‥</txt:shake>","<txt:shake,1>呼、呼‥</txt:shake>","<txt:shake,1>Ох...</txt:shake>","<txt:shake,1>Hah... hah...</txt:shake>","<txt:shake,1>*Hộc, hộc*</txt:shake>","<txt:shake,1>Jadeo, jadeo...</txt:shake>","<txt:shake,1>Hughh, huughh...</txt:shake>","<txt:shake,1>แฮ่ก แฮ่ก...</txt:shake>","<txt:shake,1>Uff... Uff...</txt:shake>"
,,,제니_자켓,,1_외침,,,"...언니!!! <txt:bold,1><txt:size,2><txt:color,orange>사라</txt:color> 언니!!</txt:size></txt:bold>","Heeey! <txt:bold,1><txt:size,2><txt:color,orange>Sara</txt:color>!</txt:size></txt:bold>","‥お姉ちゃん！！！<txt:bold,1><txt:size,2><txt:color,orange>紗良</txt:color>お姉ちゃん！！</txt:size></txt:bold>","‥姐姐！！！<txt:bold,1><txt:size,2><txt:color,orange>莎拉</txt:color>姐姐！！</txt:size></txt:bold>","‥姐姐！！！<txt:bold,1><txt:size,2><txt:color,orange>莎拉</txt:color>姐姐！！</txt:size></txt:bold>","Сара! <txt:bold,1><txt:size,2><txt:color,orange>Со Сара</txt:color>!!</txt:size></txt:bold>","Heeey! <txt:bold,1><txt:size,2><txt:color,orange>Sara</txt:color>!</txt:size></txt:bold>","...Chị ơi!!! Chị <txt:bold,1><txt:size,2><txt:color,orange>Sara</txt:color>!!!</txt:size></txt:bold>","¡¡...<txt:bold,2><txt:color,orange>Sara</txt:color></txt:bold>!!! <txt:bold,1><txt:size,2>¡ <txt:color,orange>Sara</txt:color>!!</txt:size></txt:bold>","...Kakak!!! <txt:bold,1><txt:size,2>Kak <txt:color,orange>Sara</txt:color>!!</txt:size></txt:bold>","...พี่!!! <txt:bold,1><txt:size,2>พี่<txt:color,orange>ซาร่า</txt:color>!!</txt:size></txt:bold>","Ei! <txt:bold,1><txt:size,2><txt:color,orange>Sara</txt:color>!</txt:size></txt:bold>"
,,,TAG,,,,,"<cha:pos,제니_자켓,-2><cha:pos,서사라_유니폼,2>","<cha:pos,제니_자켓,-2><cha:pos,서사라_유니폼,2>","<cha:pos,제니_자켓,-2><cha:pos,서사라_유니폼,2>","<cha:pos,제니_자켓,-2><cha:pos,서사라_유니폼,2>","<cha:pos,제니_자켓,-2><cha:pos,서사라_유니폼,2>","<cha:pos,제니_자켓,-2><cha:pos,서사라_유니폼,2>","<cha:pos,제니_자켓,-2><cha:pos,서사라_유니폼,2>","<cha:pos,제니_자켓,-2><cha:pos,서사라_유니폼,2>","<cha:pos,제니_자켓,-2><cha:pos,서사라_유니폼,2>","<cha:pos,제니_자켓,-2><cha:pos,서사라_유니폼,2>","<cha:pos,제니_자켓,-2><cha:pos,서사라_유니폼,2>","<cha:pos,제니_자켓,-2><cha:pos,서사라_유니폼,2>"
,,,서사라_유니폼,,1_무표정,,,"<txt:bold,2><txt:color,orange>제니</txt:color></txt:bold>?","<txt:bold,2><txt:color,orange>Jenny</txt:color></txt:bold>?","<txt:bold,2><txt:color,orange>ジェニー</txt:color></txt:bold>？","<txt:bold,2><txt:color,orange>珍妮</txt:color></txt:bold>？","<txt:bold,2><txt:color,orange>珍妮</txt:color></txt:bold>？","<txt:bold,2><txt:color,orange>Дженни</txt:color></txt:bold>?","...<txt:bold,2><txt:color,orange>Jenny</txt:color></txt:bold>?","<txt:bold,2><txt:color,orange>Jenny</txt:color></txt:bold>?","¿<txt:bold,2><txt:color,orange>Jenny</txt:color></txt:bold>?","<txt:bold,2><txt:color,orange>Jenny</txt:color></txt:bold>?","<txt:bold,2><txt:color,orange>เจนนี่</txt:color></txt:bold>?","<txt:bold,2><txt:color,orange>Jenny</txt:color></txt:bold>?"
,,,제니_자켓,,1_기본,,,"...<wrt:wait,30>오랜만이야.","...<wrt:wait,30>It’s been a while.","‥<wrt:wait,30>久しぶり。","‥<wrt:wait,30>好久不见。","‥<wrt:wait,30>好久不見。","...<wrt:wait,30>Давно не виделись.","...<wrt:wait,30>Lama tak jumpa.","...<wrt:wait,30>Lâu rồi không gặp.","...<wrt:wait,30>Ha pasado mucho tiempo.","...<wrt:wait,30>Lama tak jumpa.","...<wrt:wait,30>ไม่ได้เจอกันนานเลยนะ","Há... <wrt:wait,30>quanto tempo."
,,,제니_자켓,,1_통증,,,"나... <wrt:wait,30>기억해? <txt:bold,2>록웰</txt:bold> 캠프에서...","Do you... <wrt:wait,30>remember me? From <txt:bold,2>Rockwell</txt:bold> Camp...","あたしのこと‥<wrt:wait,30>覚えてる？<txt:bold,2>ロックウェル</txt:bold>キャンプで‥","我‥<wrt:wait,30>还记得我吗？在<txt:bold,2>洛克威尔</txt:bold>训练营‥","妳‥<wrt:wait,30>還記得我嗎？在<txt:bold,2>洛克威爾</txt:bold>訓練營‥","Ты... <wrt:wait,30>Помнишь меня? Лагерь <txt:bold,2>«Роквелл»</txt:bold>...","Awak... <wrt:wait,30>ingat tak saya? Dari Kem <txt:bold,2>Rockwell</txt:bold>...","Chị... <wrt:wait,30>Chị còn nhớ em không? Ở Khu Trại <txt:bold,2>Rockwell</txt:bold>...","Yo... <wrt:wait,30>¿Me recuerdas? En el campamento <txt:bold,2>Rockwell</txt:bold>...","Apa kamu masih... <wrt:wait,30>Ingat? Dulu di Kamp <txt:bold,2>Rockwell</txt:bold>...","จำ... <wrt:wait,30>ฉันได้ไหม? ที่ค่าย<txt:bold,2>ร็อกเวล</txt:bold>...","Você... <wrt:wait,30>lembra de mim? Do Acampamento <txt:bold,2>Rockwell</txt:bold>..."
,,,서사라_유니폼,,1_기본,,,"<wrt:wait,30>당연히 기억하지, <txt:bold,2><txt:color,orange>제니</txt:color></txt:bold>.","<wrt:wait,30>Of course I do, <txt:bold,2><txt:color,orange>Jenny</txt:color></txt:bold>.","<wrt:wait,30>もちろん覚えてるわ、<txt:bold,2><txt:color,orange>ジェニー</txt:color></txt:bold>。","<wrt:wait,30>当然记得啊，<txt:bold,2><txt:color,orange>珍妮</txt:color></txt:bold>。","<wrt:wait,30>我當然記得妳啊，<txt:bold,2><txt:color,orange>珍妮</txt:color></txt:bold>。","<wrt:wait,30>Конечно, помню, <txt:bold,2><txt:color,orange>Дженни</txt:color></txt:bold>.","<wrt:wait,30>Tentu saya ingat, <txt:bold,2><txt:color,orange>Jenny</txt:color></txt:bold>.","<wrt:wait,30>Tất nhiên là nhớ rồi, <txt:bold,2><txt:color,orange>Jenny</txt:color></txt:bold>.","<wrt:wait,30>Claro que te recuerdo, <txt:bold,2><txt:color,orange>Jenny</txt:color></txt:bold>.","<wrt:wait,30>Tentu saja aku masih ingat, <txt:bold,2><txt:color,orange>Jenny</txt:color></txt:bold>.","<wrt:wait,30>จำได้อยู่แล้วสิ <txt:bold,2><txt:color,orange>เจนนี่</txt:color></txt:bold>","<wrt:wait,30>Claro que lembro, <txt:bold,2><txt:color,orange>Jenny</txt:color></txt:bold>."
,,,서사라_유니폼,,1_미소1,,,항상 널 다시 만나는 걸 기대하고 있었는걸.,I’ve always hoped we’d meet again.,また会える日をずっと楽しみにしてたんだから。,我一直都在期待着能和你再见。,我一直都很期待能再見到妳。,Я всегда хотела снова с тобой увидеться.,Saya selalu berharap kita akan bertemu lagi.,Chị lúc nào cũng mong được gặp lại em.,Siempre he esperado el momento de volver a verte.,Aku telah menantikan saat dimana kita bertemu lagi.,ฉันรอวันที่จะได้เจอเธออีกครั้งมาตลอดเลย,Tava louca pra te ver de novo.
,,,제니_자켓,,1_기본,,,"<wrt:delay,5>...<wrt:wait,30>으, 응!</wrt:delay>","<wrt:delay,5>...<wrt:wait,30>Y-Yeah!</wrt:delay>","<wrt:delay,5>‥<wrt:wait,30>う、うん！</wrt:delay>","<wrt:delay,5>‥<wrt:wait,30>嗯，嗯！</wrt:delay>","<wrt:delay,5>‥<wrt:wait,30>嗯、嗯！</wrt:delay>","<wrt:delay,5>...<wrt:wait,30>И я!</wrt:delay>","<wrt:delay,5>...<wrt:wait,30>Y-yeah!</wrt:delay>","<wrt:delay,5>...<wrt:wait,30>Dạ, dạ!</wrt:delay>","<wrt:delay,5>...<wrt:wait,30>¡S-sí!</wrt:delay>","<wrt:delay,5>...<wrt:wait,30>I-iya!</wrt:delay>","<wrt:delay,5>...<wrt:wait,30>อะ อื้ม!</wrt:delay>","<wrt:delay,5>Ah... <wrt:wait,30>é!</wrt:delay>"
,,,제니_자켓,,1_기본,,,"<txt:bold,2><txt:color,orange>엘리오</txt:color></txt:bold>한테 들었어. 경기하러 왔다면서? 아, <txt:bold,2><txt:color,orange>엘리오</txt:color></txt:bold>는...","I heard from <txt:bold,2><txt:color,orange>Ellio</txt:color></txt:bold>. You’re here for a match? Oh, <txt:bold,2><txt:color,orange>Ellio</txt:color></txt:bold> is...","<txt:bold,2><txt:color,orange>エリオ</txt:color></txt:bold>から聞いたよ。試合しに来たんだって？あ、<txt:bold,2><txt:color,orange>エリオ</txt:color></txt:bold>はね‥","<txt:bold,2>我听<txt:color,orange>埃利奥</txt:color></txt:bold>说了。你是来打比赛的吗？啊，<txt:bold,2><txt:color,orange>埃利奥</txt:color></txt:bold>他‥","我聽<txt:bold,2><txt:color,orange>埃利奧</txt:color></txt:bold>說了。妳是來比賽的對吧？啊，<txt:bold,2><txt:color,orange>埃利奧</txt:color></txt:bold>他是‥","<txt:bold,2><txt:color,orange>Эллио</txt:color></txt:bold> сказал, что ты приехала сюда на игру. <txt:bold,2><txt:color,orange>Эллио</txt:color></txt:bold>...","Saya dengar dari <txt:bold,2><txt:color,orange>Ellio</txt:color></txt:bold>. Awak di sini untuk perlawanan? Oh, <txt:bold,2><txt:color,orange>Ellio</txt:color></txt:bold>...","Em nghe <txt:bold,2><txt:color,orange>Ellio</txt:color></txt:bold> nói rồi. Chị đến để thi đấu đúng không? À, còn <txt:bold,2><txt:color,orange>Ellio</txt:color></txt:bold> thì...","Me lo contó <txt:bold,2><txt:color,orange>Ellio</txt:color></txt:bold>. Viniste a jugar un partido, ¿verdad? Ah, <txt:bold,2><txt:color,orange>Ellio</txt:color></txt:bold> es...","Aku telah dengar dari <txt:bold,2><txt:color,orange>Ellio</txt:color></txt:bold>. Katanya kakak datang untuk bertanding? Oh ya, <txt:bold,2><txt:color,orange>Ellio</txt:color></txt:bold> itu adalah...","ฉันได้ยินมาจาก<txt:bold,2><txt:color,orange>เอลิโอ</txt:color></txt:bold>ว่าพี่มาเพื่อลงแข่งขันเหรอ? อ้อ <txt:bold,2><txt:color,orange>เอลิโอ</txt:color></txt:bold>คือ...","Soube pelo <txt:bold,2><txt:color,orange>Ellio</txt:color></txt:bold> que você veio jogar. Ah, o <txt:bold,2><txt:color,orange>Ellio</txt:color></txt:bold>..."
,,,-,,,,,"<eff:shake,2><txt:bold,2><txt:size,2><txt:shake,2>(와아아아아-!)</txt:shake></txt:size></txt:bold><sys:sfx,관중_6>","<eff:shake,2><txt:bold,2><txt:size,2><txt:shake,2>(Crowd cheering)</txt:shake></txt:size></txt:bold><sys:sfx,관중_6>","<eff:shake,2><txt:bold,2><txt:size,2><txt:shake,2>(ワアアアアー！)</txt:shake></txt:size></txt:bold><sys:sfx,관중_6>","<eff:shake,2><txt:bold,2><txt:size,2><txt:shake,2>（哇啊啊啊啊——！）</txt:shake></txt:size></txt:bold><sys:sfx,관중_6>","<eff:shake,2><txt:bold,2><txt:size,2><txt:shake,2>（哇啊啊啊啊啊——！）</txt:shake></txt:size></txt:bold><sys:sfx,관중_6>","<eff:shake,2><txt:bold,2><txt:size,2><txt:shake,2>(Ууууааааааа...!)</txt:shake></txt:size></txt:bold><sys:sfx,관중_6>","<eff:shake,2><txt:bold,2><txt:size,2><txt:shake,2>(Sorakan penonton)</txt:shake></txt:size></txt:bold><sys:sfx,관중_6>","<eff:shake,2><txt:bold,2><txt:size,2><txt:shake,2>(Oaaa!)</txt:shake></txt:size></txt:bold><sys:sfx,관중_6>","<eff:shake,2><txt:bold,2><txt:size,2><txt:shake,2>(¡¡Waaaaah!!)</txt:shake></txt:size></txt:bold><sys:sfx,관중_6>","<eff:shake,2><txt:bold,2><txt:size,2><txt:shake,2>(Wahhhhh-!)</txt:shake></txt:size></txt:bold><sys:sfx,관중_6>","<eff:shake,2><txt:bold,2><txt:size,2><txt:shake,2>(โว้ววววว-!)</txt:shake></txt:size></txt:bold><sys:sfx,관중_6>","<eff:shake,2><txt:bold,2><txt:size,2><txt:shake,2>(Uaaahh!)</txt:shake></txt:size></txt:bold><sys:sfx,관중_6>"
,,,서사라_유니폼,,1_자책1,,,"아...<wrt:wait,30> 벌써 1세트가...<wrt:wait,30> 미안, <txt:bold,2><txt:color,orange>제니</txt:color></txt:bold>.","Ah...<wrt:wait,30> Set 1 is already...<wrt:wait,30> Sorry, <txt:bold,2><txt:color,orange>Jenny</txt:color></txt:bold>.","あ‥<wrt:wait,30>もう第1セットが‥<wrt:wait,30>ごめんね、<txt:bold,2><txt:color,orange>ジェニー</txt:color></txt:bold>。","啊‥<wrt:wait,30>第一局已经‥<wrt:wait,30>抱歉，<txt:bold,2><txt:color,orange>珍妮</txt:color></txt:bold>。","啊‥<wrt:wait,30>第一局已經‥<wrt:wait,30>抱歉，<txt:bold,2><txt:color,orange>珍妮</txt:color></txt:bold>。","Ох... <wrt:wait,30>Уже первый сет... <wrt:wait,30>Извини, <txt:bold,2><txt:color,orange>Дженни</txt:color></txt:bold>.","Ah...<wrt:wait,30> Set 1 sudah...<wrt:wait,30> Maaf, <txt:bold,2><txt:color,orange>Jenny</txt:color></txt:bold>.","À...<wrt:wait,30> Set 1 đã...<wrt:wait,30> Xin lỗi nhé, <txt:bold,2><txt:color,orange>Jenny</txt:color></txt:bold>.","Ah...<wrt:wait,30> Ya terminó el 1er set...<wrt:wait,30> Lo siento, <txt:bold,2><txt:color,orange>Jenny</txt:color></txt:bold>.","Ah...<wrt:wait,30> Set 1 sudah...<wrt:wait,30> Maaf ya, <txt:bold,2><txt:color,orange>Jenny</txt:color></txt:bold>.","อ่า...<wrt:wait,30> เซ็ตแรกก็...<wrt:wait,30> ขอโทษทีนะ <txt:bold,2><txt:color,orange>เจนนี่</txt:color></txt:bold>","Ah... <wrt:wait,30>o primeiro set... <wrt:wait,30>desculpa, <txt:bold,2><txt:color,orange>Jenny</txt:color></txt:bold>."
,,,서사라_유니폼,,1_무표정,,,"<txt:bold,1>나 지금 경기장에 들어가야 해.</txt:bold>","<txt:bold,1>I have to get in there.</txt:bold>","<txt:bold,1>私、試合に行かなきゃ。</txt:bold>","<txt:bold,1>我现在必须进场。</txt:bold>","<txt:bold,1>我現在必須進場了。</txt:bold>","<txt:bold,1>Мне нужно на корт.</txt:bold>","<txt:bold,1>Saya perlu masuk ke sana.</txt:bold>","<txt:bold,1>Bây giờ chị phải vào sân rồi.</txt:bold>","<txt:bold,1>Tengo que entrar a la cancha ahora mismo.</txt:bold>","<txt:bold,1>Sekarang aku harus bertanding.</txt:bold>","<txt:bold,1>ตอนนี้ฉันต้องเข้าไปในสนามแข่งแล้ว</txt:bold>","<txt:bold,1>Preciso entrar na quadra agora.</txt:bold>"
,,,제니_자켓,,1_당황,,,"...<wrt:wait,30>어?","...<wrt:wait,30>Huh?","‥<wrt:wait,30>え？","‥<wrt:wait,30>诶？","‥<wrt:wait,30>咦？","...<wrt:wait,30>Ого?","<wrt:wait,30>Hah...?","...<wrt:wait,30>Ơ?","...<wrt:wait,30>¿Eh?","...<wrt:wait,30>Eh?","...<wrt:wait,30>เอ๋?","Hã? <wrt:wait,30>O quê?"
,,,서사라_유니폼,,1_기본,,,"미안해, 지금 상황이 좀 급해. 얼른 끝내고 올게.","Sorry, this is urgent. I’ll quickly wrap it up and be right back.",ごめん、今ちょっと急いでて。すぐ終わらせて戻ってくるから。,抱歉，现在的状况很紧急。我打完很快就回来。,抱歉，現在情況有點緊急。我打完很快就回來。,"Прости, пожалуйста, я тороплюсь. Как только закончу, сразу вернусь к тебе.","Maaf, ini penting. Saya akan cepat selesaikan dan kembali.","Xin lỗi, tình hình bây giờ hơi gấp. Chị sẽ kết thúc nhanh rồi quay lại.","Lo siento, la situación ahora es un poco urgente. Terminaré rápido y volveré.","Maafkan aku, situasi saat ini agak mendesak. Aku akan segera kembali ya.",ขอโทษนะ สถานการณ์ตอนนี้มันค่อนข้างเร่งด่วนน่ะ ฉันจะรีบแข่งให้เสร็จแล้วกลับมานะ,"Desculpa, tá tudo uma correria agora. Mas volto já, prometo."
,,,제니_자켓,-1,1_당황,,,"<txt:shake,1>어, 잠깐...<wrt:wait,30> 잠깐만!</txt:shake>","<txt:shake,1>No wait...<wrt:wait,30> Hold on!</txt:shake>","<txt:shake,1>え、ちょっと‥<wrt:wait,30>ちょっと待って！</txt:shake>","<txt:shake,1>诶，等下‥<wrt:wait,30>等一下！</txt:shake>","<txt:shake,1>欸，等、<wrt:wait,30>等一下！</txt:shake>","<txt:shake,1>П-погоди...<wrt:wait,30> Постой!</txt:shake>","<txt:shake,1>Tunggu...<wrt:wait,30> Tunggu!</txt:shake>","<txt:shake,1>Ơ, khoan...<wrt:wait,30> khoan đã!</txt:shake>","<txt:shake,1>Eh, espera...<wrt:wait,30> ¡Espera un momento!</txt:shake>","<txt:shake,1>Eh, bentar...<wrt:wait,30> Sebentar!</txt:shake>","<txt:shake,1>อ๊ะ เดี๋ยว...<wrt:wait,30> เดี๋ยวก่อน!</txt:shake>","<txt:shake,1>Espera! <wrt:wait,30>Um segundo só!</txt:shake>"
,,,서사라_유니폼,,1_무표정,,,"나도 정말 반가운데, 조금만 기다려 줄래?","I’m so happy to see you too, but could you wait just a little?",私も会えて本当に嬉しいんだけど、少しだけ待っててくれる？,我见到你真的很开心，但能稍微等我一会儿吗？,我也很高興見到妳，但能不能再等我一下下？,"Я тоже очень рада встрече, но ты можешь чуть-чуть подождать?","Saya juga gembira melihat awak, tetapi bolehkah awak tunggu sekejap?","Chị cũng rất vui khi gặp em, nhưng em có thể chờ một chút không?","Yo también estoy muy feliz de verte, pero ¿podrías esperar un poco?","Aku juga sangat senang dapat bertemu denganmu lagi, tapi bisakah kamu menunggu sebentar?",ฉันก็ดีใจมากเหมือนกันที่ได้เจอเธอ แต่ช่วยรอแป๊บหนึ่งได้รึเปล่า?,Também tô feliz de te ver... consegue esperar mais um pouquinho?
,,,제니_자켓,,1_당황,nevous,silent,...,...,‥,‥,‥,...,...,...,...,...,...,...
,,,제니,,1_새침,nevous,,"<txt:color,grey>(잠깐.)</txt:color>","<txt:color,grey>(Wait.)</txt:color>","<txt:color,grey>(待って)</txt:color>","<txt:color,grey>（等下。）</txt:color>","<txt:color,grey>（等等。）</txt:color>","<txt:color,grey>(Не надо.)</txt:color>","<txt:color,grey>(Tunggu.)</txt:color>","<txt:color,grey>(Khoan đã.)</txt:color>","<txt:color,grey>(Espera.)</txt:color>","<txt:color,grey>(Berhentilah.)</txt:color>","<txt:color,grey>(เดี๋ยว)</txt:color>","<txt:color,grey>(Calma.)</txt:color>"
,,,제니_자켓,,1_통증,nevous,,"그게, <wrt:wait,30>그러니까.","Um, <wrt:wait,30>I mean...","その、<wrt:wait,30>つまり。","那个，<wrt:wait,30>我的意思是。","那個，<wrt:wait,30>就是說。","М-м, <wrt:wait,30>вот как.","Um, <wrt:wait,30>maksud saya...","Chuyện là... <wrt:wait,30>là...","Es que, <wrt:wait,30>bueno.","Jadi <wrt:wait,30>itu.","แล้ว <wrt:wait,30>ก็คือ","Então... <wrt:wait,30>é que..."
,,,제니,,1_통증,nevous,,"<txt:color,grey>(잠깐, 그만해야 해.)</txt:color>","<txt:color,grey>(No. I shouldn’t say this.)</txt:color>","<txt:color,grey>(待って、やめなきゃ)</txt:color>","<txt:color,grey>（不，快停下，不能再说了。）</txt:color>","<txt:color,grey>（冷靜點，不能這樣。）</txt:color>","<txt:color,grey>(Не надо, остановись.)</txt:color>","<txt:color,grey>(Tidak. Saya tak patut cakap.)</txt:color>","<txt:color,grey>(Khoan đã, dừng lại đi.)</txt:color>","<txt:color,grey>(Espera, tengo que parar.)</txt:color>","<txt:color,grey>(Aku harus berhenti.)</txt:color>","<txt:color,grey>(เดี๋ยวก่อน ฉันต้องหยุด)</txt:color>","<txt:color,grey>(Espera, preciso parar.)</txt:color>"
,,,제니_자켓,,1_새침,nevous,,"...<wrt:wait,30>얼마나 더 기다려야 해?","...<wrt:wait,30>How much longer do I have to wait?","‥<wrt:wait,30>あとどれくらい待てばいいの？","‥<wrt:wait,30>到底还要让我等多久？","‥<wrt:wait,30>我到底還要等多久？","...<wrt:wait,30>Сколько мне еще ждать?","...<wrt:wait,30>Berapa lama lagi saya perlu tunggu?","...<wrt:wait,30>Em còn phải chờ bao lâu nữa?","...<wrt:wait,30>¿Cuánto más tengo que esperar?","...<wrt:wait,30>Seberapa lama lagi aku harus menunggu?","...<wrt:wait,30>ฉันต้องรออีกนานแค่ไหนเหรอ?","Ugh... <wrt:wait,30>Até quando vou ter que esperar?"
,,,제니,,1_새침,nevous,,"<txt:color,grey>(이런 말 하면 안 되는데... 하지만...)</txt:color>","<txt:color,grey>(I know I shouldn’t say this, but...)</txt:color>","<txt:color,grey>(こんなこと言っちゃダメなのに‥でも‥)</txt:color>","<txt:color,grey>（我知道不该说这种话‥但是‥）</txt:color>","<txt:color,grey>（我不該說這種話的‥但是‥）</txt:color>","<txt:color,grey>(Только не спрашивай...)</txt:color>","<txt:color,grey>(Saya tahu saya tak patut cakap, tetapi...)</txt:color>","<txt:color,grey>(Không nên nói những lời này... nhưng...)</txt:color>","<txt:color,grey>(No debería decir esto... Pero...)</txt:color>","<txt:color,grey>(Meski aku tahu aku tidak boleh berbicara seperti ini... Tapi...)</txt:color>","<txt:color,grey>(ฉันไม่ควรพูดอะไรแบบนี้เลย... แต่ว่า...)</txt:color>","<txt:color,grey>(Não posso falar isso... mas...)</txt:color>"
,,,제니_자켓,,1_외침,nevous,,"<txt:bold,2><txt:color,orange>백시우</txt:color></txt:bold> 때문이야?","Is it because of <txt:bold,2><txt:color,orange>Siwoo Baek</txt:color></txt:bold>?","<txt:bold,2><txt:color,orange>白井新</txt:color></txt:bold>のせい？","是因为<txt:bold,2><txt:color,orange>白时宇</txt:color></txt:bold>吗？","<txt:bold,2><txt:color,orange>是為了白時宇</txt:color></txt:bold>嗎？","Ты здесь из-за <txt:bold,2><txt:color,orange>Бэк Шиу</txt:color></txt:bold>?","Adakah kerana <txt:bold,2><txt:color,orange>Siwoo Baek</txt:color></txt:bold>?","Là vì <txt:bold,2><txt:color,orange>Baek Siwoo</txt:color></txt:bold> sao?","¿Es por <txt:bold,2><txt:color,orange>Siwoo Baek</txt:color></txt:bold>?","Apa itu karena <txt:bold,2><txt:color,orange>Siwoo Baek</txt:color></txt:bold>?","เพราะ<txt:bold,2><txt:color,orange>แบคชีอู</txt:color></txt:bold>เหรอ?","É por causa do <txt:bold,2><txt:color,orange>Siwoo Baek</txt:color></txt:bold>?"
,,,제니_자켓,,1_외침,nevous,,"<eff:shake,2><txt:bold,1><txt:size,2>내가 불렀을 땐 오지도 않았으면서!!</txt:size></txt:bold><scr:timer,200>","<eff:shake,2><txt:bold,1><txt:size,2>You never came when I called!</txt:size></txt:bold><scr:timer,200>","<eff:shake,2><txt:bold,1><txt:size,2>あたしが呼んだ時は来なかったくせに！！</txt:size></txt:bold><scr:timer,200>","<eff:shake,2><txt:bold,1><txt:size,2>当初我求你来的时候你明明都没来！！</txt:size></txt:bold><scr:timer,200>","<eff:shake,2><txt:bold,1><txt:size,2>我當初叫妳過來的時候，妳明明都沒來！！</txt:size></txt:bold><scr:timer,200>","<eff:shake,2><txt:bold,1><txt:size,2>Когда я тебя звала, ты не приехала!</txt:size></txt:bold><scr:timer,200>","<eff:shake,2><txt:bold,1><txt:size,2>Awak tak datang bila saya panggil!</txt:size></txt:bold><scr:timer,200>","<eff:shake,2><txt:bold,1><txt:size,2>Lúc em gọi thì chị còn không đến!!!</txt:size></txt:bold><scr:timer,200>","<eff:shake,2><txt:bold,1><txt:size,2>¡¡Cuando yo te llamé ni siquiera viniste!!</txt:size></txt:bold><scr:timer,200>","<eff:shake,2><txt:bold,1><txt:size,2>Padahal kakak tidak datang saat aku yang memanggil!!</txt:size></txt:bold><scr:timer,200>","<eff:shake,2><txt:bold,1><txt:size,2>ตอนที่ฉันเรียกหาพี่ก็ไม่มาด้วยซ้ำ!!</txt:size></txt:bold><scr:timer,200>","<eff:shake,2><txt:bold,1><txt:size,2>Quando eu chamei, você nem apareceu!</txt:size></txt:bold><scr:timer,200>"
,,,제니_자켓,,1_통증,pause,,"...<wrt:wait,30>알고 있어.","...<wrt:wait,30>I know.","‥<wrt:wait,30>分かってる。","‥<wrt:wait,30>我知道的。","‥<wrt:wait,30>我知道了。","...<wrt:wait,30>Я все понимаю.","...<wrt:wait,30>Saya tahu.","...<wrt:wait,30>Em biết rồi.","...<wrt:wait,30>Lo sé.","...<wrt:wait,30>Aku tahu.","...<wrt:wait,30>ฉันรู้","Ah... <wrt:wait,30>eu sei."
,,,제니_자켓,,1_통증,pause,,"언니는 <txt:bold,2><txt:color,orange>서사라</txt:color></txt:bold>잖아.","You’re <txt:bold,2><txt:color,orange>Sara Seo</txt:color></txt:bold>.","お姉ちゃんは<txt:bold,2><txt:color,orange>有田紗良</txt:color></txt:bold>だもんね。","姐姐可是<txt:bold,2><txt:color,orange>徐莎拉</txt:color></txt:bold>啊。","姐姐可是<txt:bold,2><txt:color,orange>徐莎拉</txt:color></txt:bold>嘛。","Ты же <txt:bold,2><txt:color,orange>Со Сара</txt:color></txt:bold>.","Awak kan <txt:bold,2><txt:color,orange>Sara Seo</txt:bold></txt:color>.","Vì chị là <txt:bold,2><txt:color,orange>Seo Sara</txt:color></txt:bold> mà.","Eres <txt:bold,2><txt:color,orange>Sara</txt:color></txt:bold>.","Kakak itu kan <txt:bold,2><txt:color,orange>Sara Seo</txt:color></txt:bold>.","ก็พี่คือ<txt:bold,2><txt:color,orange>ซอซาร่า</txt:color></txt:bold>นี่นา","Você é a <txt:bold,2><txt:color,orange>Sara Seo</txt:color></txt:bold>, afinal."
,,,제니_자켓,,1_새침,,,"해야 할 일도 많고, 챙겨야 할 사람도 많겠지.","You have things to do, and people to take care of.",やらなきゃいけないことも多いし、面倒見なきゃいけない人もたくさんいるんでしょ。,你有很多事要做，也有很多人要照顾吧。,有很多要做的事，也有很多要照顧的人。,"У тебя много дел и людей, о которых надо позаботиться.","Awak ada kerja untuk dibuat, dan orang untuk dijaga.","Chắc có rất nhiều việc phải làm, cũng có nhiều người cần chị chăm lo.",Tienes muchas cosas que hacer y a muchas personas a las que cuidar.,"Ada banyak hal yang harus dilakukan, dan ada banyak juga orang-orang yang harus diperhatikan.",คงมีเรื่องที่ต้องทำเยอะ แล้วก็มีคนที่ต้องคอยดูแลอีกมากด้วย,Você tem mil compromissos e muita gente pra cuidar.
,,,제니_자켓,,1_기본,,,이런 걸로 투덜대면 안 된다는 거 알아.,I know I shouldn’t complain about this.,こんなことで文句言っちゃダメだって分かってる。,我知道我不该为了这些事抱怨。,我知道我不該為了這種事鬧脾氣。,Поэтому я не жаловалась.,Saya tahu saya tak patut mengadu.,Em biết mình không nên càm ràm vì chuyện này.,Sé que no debería quejarme por esto.,Aku tahu bahwa aku tidak boleh mengeluh untuk hal-hal seperti ini.,ฉันรู้ว่าฉันไม่ควรบ่นเรื่องอะไรแบบนี้,Eu sei que não devia reclamar.
,,,제니_자켓,,1_기본,,,"그래서 나, 혼자 노력했어.",So I tried.,だから、自力で頑張った。,所以，我一个人努力。,所以我一直一個人在努力。,Я усердно тренировалась. В одиночестве.,Jadi saya cuba.,Vì vậy em đã cố gắng một mình.,"Por eso, me esforcé yo sola.",Dan itu juga alasanku berusaha keras sendirian.,ฉันถึงได้พยายามอยู่คนเดียว,Por isso me esforcei sozinha.
,,,제니_자켓,,1_기본,,,"혼자... <wrt:wait,30>노력했다고.","I tried... <wrt:wait,30>all on my own.","一人で‥<wrt:wait,30>頑張ったんだよ。","一个人‥<wrt:wait,30>拼命努力。","只有我‥<wrt:wait,30>一個人在努力。","Одна... <wrt:wait,30>Усердно.","Saya cuba... <wrt:wait,30> dengan sendiri.","Một mình... <wrt:wait,30>cố gắng.","Sola... <wrt:wait,30>me esforcé.","Berusaha keras... <wrt:wait,30>Sendirian kubilang.","ฉันพยายาม... <wrt:wait,30>อยู่คนเดียวเลย","Me matei de treinar... <wrt:wait,30>sozinha."
,,,제니_자켓,,1_통증,pause,,"그리고... <wrt:wait,30>그리고...","And... <wrt:wait,30>And...","それから‥<wrt:wait,30>それから‥","还有‥<wrt:wait,30>还有‥","然後‥<wrt:wait,30>然後‥","И... <wrt:wait,30>И...","Dan... <wrt:wait,30>Dan...","Và... <wrt:wait,30>và...","Y... <wrt:wait,30>y...","Dan... <wrt:wait,30>Dan juga...","แล้วก็... <wrt:wait,30>แล้วก็...","E... <wrt:wait,30>e também..."
,,,제니_자켓,,1_새침,nervous,,기억해?,Remember?,覚えてる？,还记得吗？,妳還記得嗎？,Ты помнишь?,Ingat?,Chị còn nhớ không?,¿Lo recuerdas?,Apa kakak masih ingat?,พี่จำได้ไหม?,Lembra?
,,,제니_자켓,,1_새침,nervous,,우리가 했던 약속.,The promise we made.,あたしたちがした約束。,我们曾经定下的约定。,我們曾許下的約定。,Мы дали друг другу обещание.,Janji yang kita buat.,Lời hứa của chúng ta.,La promesa que hicimos.,Janji yang telah kita buat.,ที่เราเคยสัญญากันไว้น่ะ,Lembra da nossa promessa?
,,,제니_자켓,,1_기본,nervous,,나 그 약속만 믿고 지금까지 이를 악물었어.,That was the only thing that kept me going.,あたし、あの約束だけを信じて今まで歯を食いしばって耐えてきたの。,我就是靠着那个约定，才一直咬牙坚持到现在的。,我一直深信著那個約定，才一直咬牙撐到現在。,Только оно помогает мне держаться.,Itu satu-satunya perkara yang mendorong saya.,Em đã cắn răng chịu đựng đến bây giờ chỉ vì lời hứa đó.,Me he aferrado a esa promesa para aguantar hasta ahora.,Aku telah berusaha keras sampai saat ini hanya karena janji itu.,ฉันเชื่อมั่นในสัญญานั้นแล้วก็อดทนมาจนถึงตอนนี้,Aguentei até aqui só por causa dessa promessa.
,,,제니_자켓,,1_통증,nervous,,언젠가는 당당하게 언니 앞에 서고 싶어서...,I wanted to stand before you with my head held high someday...,いつか堂々とお姉ちゃんの前に立ちたくて‥,因为我想有一天，能堂堂正正地站在姐姐面前‥,就是為了有一天，能堂堂正正地站在姐姐面前‥,Мне хотелось однажды с гордостью встать перед тобой...,Saya ingin berdiri di hadapan awak dengan kepala tegak suatu hari...,Vì em muốn một ngày nào đó có thể đứng trước chị một cách đường hoàng...,Porque quería presentarme con orgullo ante ti algún día...,Karena suatu hari nanti aku ingin berdiri tegar dihadapan kakak...,เพราะฉันอยากยืนอยู่ต่อหน้าพี่อย่างผ่าเผยในสักวันหนึ่ง...,Porque sonhava em chegar na sua frente de cabeça erguida.
,,,제니,,,,,"<txt:shake,1><txt:color,grey>(꽈악-!)</txt:color></txt:shake>","<txt:shake,1><txt:color,grey>(grabs jacket tightly)</txt:color></txt:shake>","<txt:shake,1><txt:color,grey>(ギュッ‥！)</txt:color></txt:shake>","<txt:shake,1><txt:color,grey>（紧紧攥住）</txt:color></txt:shake>","<txt:shake,1><txt:color,grey>（緊緊抓著！）</txt:color></txt:shake>","<txt:shake,1><txt:color,grey>(Сжимает!)</txt:color></txt:shake>","<txt:shake,1><txt:color,grey>(genggam jaket erat)</txt:color></txt:shake>","<txt:shake,1><txt:color,grey>*Nắm chặt*</txt:color></txt:shake>","<txt:shake,1><txt:color,grey>(¡Aprieta!)</txt:color></txt:shake>","<txt:shake,1><txt:color,grey>(Krekk-!)</txt:color></txt:shake>","<txt:shake,1><txt:color,grey>(กึด-!)</txt:color></txt:shake>","<txt:shake,1><txt:color,grey>(Tcha!)</txt:color></txt:shake>"
,,,제니,,,,,"<txt:color,grey>(...<wrt:wait,30>내 유니폼.)</txt:color>","<txt:color,grey>(...<wrt:wait,30>My uniform.)</txt:color>","<txt:color,grey>(‥<wrt:wait,30>あたしのユニフォーム)</txt:color>","<txt:color,grey>（‥<wrt:wait,30>我的队服。）</txt:color>","<txt:color,grey>（‥<wrt:wait,30>我的隊服。）</txt:color>","<txt:color,grey>(...<wrt:wait,30>Моя форма.)</txt:color>","<txt:color,grey>(...<wrt:wait,30>Baju seragam saya.)</txt:color>","<txt:color,grey>(...<wrt:wait,30>Bộ đồng phục của mình.)</txt:color>","<txt:color,grey>(...<wrt:wait,30>Mi uniforme.)</txt:color>","<txt:color,grey>(...<wrt:wait,30>Seragamku.)</txt:color>","<txt:color,grey>(...<wrt:wait,30>ยูนิฟอร์มของฉัน)</txt:color>","<txt:color,grey>(Hum... <wrt:wait,30>Meu uniforme agora...)</txt:color>"
,,,제니,,,,,"<txt:color,grey>(입고 싶었던 <txt:bold,2>애슈빌 위즐스</txt:bold> 유니폼과... <wrt:wait,30>전혀 달라.)</txt:color>","<txt:color,grey>(This is different from the <txt:bold,2>Asheville Weasels</txt:bold> uniform I wanted to wear. <wrt:wait,30>Not even close.)</txt:color>","<txt:color,grey>(着たかった<txt:bold,2>アッシュビルウィーズルズ</txt:bold>のユニフォームと‥<wrt:wait,30>全然違う)</txt:color>","<txt:color,grey>（和我梦寐以求的<txt:bold,2>阿什维尔黄鼠狼队</txt:bold>的队服‥<wrt:wait,30>完全不一样。）</txt:color>","<txt:color,grey>（跟我想穿的<txt:bold,2>阿什維爾鼬鼠隊</txt:bold>隊服‥<wrt:wait,30>完全不一樣。）</txt:color>","<txt:color,grey>(Это не форма <txt:bold,2>«Ашвилл Визлс»</txt:bold>, о которой я мечтала.)</txt:color>","<txt:color,grey>(Ini berbeza daripada seragam <txt:bold,2>Asheville Weasels</txt:bold> yang saya mahu pakai. <wrt:wait,30>Langsung tak sama.)</txt:color>","<txt:color,grey>(...Hoàn toàn khác với bộ đồng phục <txt:bold,2>Asheville Weasels</txt:bold> <wrt:wait,30>mà mình muốn mặc.)</txt:color>","<txt:color,grey>(Este uniforme... no se parece en nada al de los <txt:bold,2>Asheville Weasels</txt:bold> que quería llevar.<wrt:wait,30>)</txt:color>","<txt:color,grey>(Jauh berbeda dengan... Seragam <txt:bold,2>Asheville Weasels</txt:bold>... <wrt:wait,30> yang ingin aku kenakan.)</txt:color>","<txt:color,grey>(แตกต่างอย่างสิ้นเชิง...<wrt:wait,30> กับยูนิฟอร์ม<txt:bold,2>แอชวิลล์วิซเซิล</txt:bold>ที่เคยอยากใส่...)</txt:color>","<txt:color,grey>(Nem de longe parece com o uniforme do <txt:bold,2>Asheville Weasels</txt:bold> que... <wrt:wait,30>eu sonhava vestir.)</txt:color>"
,,,제니_자켓,-2,1_통증,,,"...<wrt:wait,30>아냐. 가도 돼, 언니.","...<wrt:wait,30>No, it’s fine. Go.","‥<wrt:wait,30>ううん。行っていいよ、お姉ちゃん。","‥<wrt:wait,30>算了。你走吧，姐姐。","‥<wrt:wait,30>算了。妳去吧，姐姐。","...<wrt:wait,30>Иди, Сара.","...<wrt:wait,30>Tidak, tak apa. Pergi.","...<wrt:wait,30>Không sao. Chị đi đi.","...<wrt:wait,30>No. Puedes irte, <txt:bold,2><txt:color,orange>Sara</txt:color></txt:bold>.","...<wrt:wait,30>Bukan apa-apa. Kakak boleh pergi.","...<wrt:wait,30>ไม่ล่ะ พี่ไปเถอะ","Ugh... <wrt:wait,30>Tá tudo bem. Vai lá."
,,,제니_자켓,,1_외침,,,"가서 <txt:bold,2><txt:color,orange>백시우</txt:color></txt:bold>를 도와줘.","Go help <txt:bold,2><txt:color,orange>Siwoo Baek</txt:color></txt:bold>.","行って、<txt:bold,2><txt:color,orange>白井新</txt:color></txt:bold>を助けてあげて。","快去帮<txt:bold,2><txt:color,orange>白时宇</txt:color></txt:bold>吧。","快去幫<txt:bold,2><txt:color,orange>白時宇</txt:color></txt:bold>吧。","Иди и помоги <txt:bold,2><txt:color,orange>Бэк Шиу</txt:color></txt:bold>.","Pergi membantu <txt:bold,2><txt:color,orange>Siwoo Baek</txt:bold></txt:color>.","Đi giúp <txt:bold,2><txt:color,orange>Baek Siwoo</txt:color></txt:bold> đi.","Ve a ayudar a <txt:bold,2><txt:color,orange>Siwoo Baek</txt:color></txt:bold>.","Pergi dan bantu <txt:bold,2><txt:color,orange>Siwoo Baek</txt:color></txt:bold>.","ไปช่วย<txt:bold,2><txt:color,orange>แบคชีอู</txt:color></txt:bold>","Vai ajudar o <txt:bold,2><txt:color,orange>Siwoo Baek</txt:color></txt:bold>."
,,,제니_자켓,,1_새침,,,"그 바보, 이미 꽤 지쳐 보이더라.",That idiot already looks pretty worn out.,あのバカ、もうかなり疲れてるみたいだったし。,那个笨蛋，看起来已经精疲力竭了。,那個笨蛋，看起來已經快累壞了。,Он уже выдохся на корте.,Si bodoh tu sudah nampak letih.,Tên ngốc đó trông đã khá mệt rồi.,Ese idiota ya se ve bastante cansado.,Orang bodoh itu terlihat sudah kelelahan.,เจ้าโง่นั่นน่ะดูหมดแรงมากแล้วล่ะ,Ele parecia destruído de cansado.
,,,제니_자켓,,1_새침,,,"...<wrt:wait,30>이런 말 하려고 했던 게 아닌데.","...<wrt:wait,30>This isn’t what I wanted to say.","‥<wrt:wait,30>こんなこと言いたかったわけじゃないのに。","‥<wrt:wait,30>我本来不是想说这些的。","‥<wrt:wait,30>我本來不是想說這些的。","...<wrt:wait,30>Я собиралась совсем другое тебе сказать.","...<wrt:wait,30>Ini bukan apa yang saya nak katakan.","...<wrt:wait,30>Em không định nói những lời như vậy đâu.","...<wrt:wait,30>No era eso lo que quería decir.","...<wrt:wait,30>Hal seperti ini bukanlah hal yang ingin aku katakan.","...<wrt:wait,30>ฉันไม่ได้ตั้งใจจะพูดอะไรแบบนี้เลย","Aff... <wrt:wait,30>Não era isso que eu queria dizer."
,,,제니_자켓,,1_기본,,,얼른 가.,Hurry up and go.,早く行って。,赶紧走吧。,快去吧。,"Ладно, иди.",Cepat pergi.,Mau đi đi.,Vete rápido.,Cepat pergi.,รีบไปเถอะ,Vai logo.
,,,서사라_유니폼,,1_무표정,puase,,...,...,‥,‥,‥,...,...,...,...,...,...,...
,,,서사라_유니폼,,1_무표정,pause,,...잠깐만.,Wait...,‥ちょっと待って。,‥等一下。,‥等一下。,Ну уж нет.,Tunggu...,...Khoan đã.,...Espera un momento.,...Sebentar.,...เดี๋ยวก่อน,Espera aí...
,,,서사라_유니폼,,1_무표정,pause,,"<txt:bold,2><txt:color,orange>제니</txt:color></txt:bold>. <wrt:wait,30>이 말은 해야겠어.","<txt:bold,2><txt:color,orange>Jenny</txt:color></txt:bold>, <wrt:wait,30>I need to say this.","<txt:bold,2><txt:color,orange>ジェニー</txt:color></txt:bold>。<wrt:wait,30>これだけは言わせて。","<txt:bold,2><txt:color,orange>珍妮</txt:color></txt:bold>。<wrt:wait,30>这句话我一定要说。","<txt:bold,2><txt:color,orange>珍妮</txt:color></txt:bold>。<wrt:wait,30>這句話我非說不可。","<txt:bold,2><txt:color,orange>Дженни</txt:color></txt:bold>,<wrt:wait,30> я хочу, чтобы ты знала.","<txt:bold,2><txt:color,orange>Jenny</txt:color></txt:bold>, <wrt:wait,30>saya perlu bercakap.","<txt:bold,2><txt:color,orange>Jenny</txt:color></txt:bold>. <wrt:wait,30>Có một câu chị phải nói.","<txt:bold,2><txt:color,orange>Jenny</txt:color></txt:bold>. <wrt:wait,30>Tengo que decirte esto.","<txt:bold,2><txt:color,orange>Jenny</txt:color></txt:bold>. <wrt:wait,30>Aku harus katakan hal ini.","<txt:bold,2><txt:color,orange>เจนนี่</txt:color></txt:bold> <wrt:wait,30>ฉันคงต้องพูดเรื่องนี้กับเธอ","<txt:bold,2><txt:color,orange>Jenny</txt:color></txt:bold>... <wrt:wait,30>tem algo que preciso falar."
,,,서사라_유니폼,,1_무표정,nervous,,"내가 지금 경기장에 빨리 들어가려는 건 <txt:bold,2><txt:color,orange>시우</txt:color></txt:bold> 때문만이 아니야.","The reason I’m rushing into the arena isn’t just because of <txt:bold,2><txt:color,orange>Siwoo</txt:color></txt:bold>.","私が今、試合に早く行こうとしてるのは<txt:bold,2><txt:color,orange>新</txt:color></txt:bold>のためだけじゃない。","我现在急着进场，并不只是为了<txt:bold,2><txt:color,orange>白时宇</txt:color></txt:bold>。","我現在之所以急著要回球場，並不只是為了<txt:bold,2><txt:color,orange>時宇</txt:color></txt:bold>。","Я тороплюсь на корт не только из-за <txt:bold,2><txt:color,orange>Шиу</txt:color></txt:bold>.","Saya tergesa-gesa ke arena bukan hanya kerana <txt:bold,2><txt:color,orange>Siwoo</txt:color></txt:bold>.","Chị vội vào sân bây giờ không chỉ vì <txt:bold,2><txt:color,orange>Siwoo</txt:color></txt:bold>.","No es solo por <txt:bold,2><txt:color,orange>Siwoo</txt:color></txt:bold> que quiero entrar rápido a la cancha.","Alasan aku ingin cepat-cepat pergi bertanding bukan hanya karena <txt:bold,2><txt:color,orange>Siwoo</txt:color></txt:bold> saja.","ที่ตอนนี้ฉันจะรีบเข้าไปในสนามแข่งน่ะ ไม่ใช่แค่เพราะ<txt:bold,2><txt:color,orange>ชีอู</txt:color></txt:bold>หรอกนะ","Não tô indo correndo pra quadra só por causa do <txt:bold,2><txt:color,orange>Siwoo</txt:color></txt:bold>."
,,,서사라_유니폼,,1_자책1,nervous,,"<txt:bold,1>너도 있단 말이야.</txt:bold>","<txt:bold,1>It’s you too.</txt:bold>","<txt:bold,1>あなたのためでもあるの。</txt:bold>","<txt:bold,1>也是为了你。</txt:bold>","<txt:bold,1>還有妳也在這裡啊。</txt:bold>","<txt:bold,1>А из-за тебя тоже.</txt:bold>","<txt:bold,1>Juga kerana awak.</txt:bold>","<txt:bold,1>Mà còn vì em nữa.</txt:bold>","<txt:bold,1>También es por ti.</txt:bold>","<txt:bold,1>Tapi termasuk kamu juga.</txt:bold>","<txt:bold,1>แต่เพราะเธอด้วย</txt:bold>","<txt:bold,1>É por sua causa também.</txt:bold>"
,,,서사라_유니폼,,1_무표정,nervous,,"이번 경기가 잘못되면 <txt:bold,2><txt:color,orange>시우</txt:color></txt:bold>만 이곳에 발이 묶일 것 같아?","If this match goes wrong, you think <txt:bold,2><txt:color,orange>Siwoo</txt:color></txt:bold>’s the only one who’ll be trapped here?","この試合が台無しになったら、<txt:bold,2><txt:color,orange>新</txt:color></txt:bold>だけがここに足止めされると思う？","你觉得这场比赛要是输了，只有<txt:bold,2><txt:color,orange>白时宇</txt:color></txt:bold>会被困在这里吗？","妳以為這場比賽要是輸了，會被困在這裡的只有<txt:bold,2><txt:color,orange>時宇</txt:color></txt:bold>嗎？","Если ребята проиграют, разве только <txt:bold,2><txt:color,orange>Шиу</txt:color></txt:bold> будет в беде?","Jika perlawanan ini tidak berjalan lancar, awak fikir <txt:bold,2><txt:color,orange>Siwoo</txt:color></txt:bold> seorang saja yang akan terperangkap di sini?","Nếu trận đấu này xảy ra chuyện thì em nghĩ chỉ có <txt:bold,2><txt:color,orange>Siwoo</txt:color></txt:bold> bị kẹt lại ở đây sao?","Si este partido sale mal, ¿crees que solo <txt:bold,2><txt:color,orange>Siwoo</txt:color></txt:bold> quedará atrapado aquí?","Jika kita tidak memenangkan pertandingan ini, apa menurutmu hanya <txt:bold,2><txt:color,orange>Siwoo</txt:color></txt:bold> saja yang akan terjebak di tempat ini?","ถ้าการแข่งขันครั้งนี้ล้มเหลว คิดว่ามีแค่<txt:bold,2><txt:color,orange>ชีอู</txt:color></txt:bold>เหรอที่ต้องติดอยู่ที่นี่?","Você acha que só o <txt:bold,2><txt:color,orange>Siwoo</txt:color></txt:bold> fica preso aqui se algo der errado?"
,,,서사라_유니폼,,1_화남,nervous,,"나는...<wrt:wait,30> 나는...","I...<wrt:wait,30> I...","私は‥<wrt:wait,30>私は‥","我‥<wrt:wait,30>我‥","我‥<wrt:wait,30>我‥","Я... <wrt:wait,30>Мне...","Saya...<wrt:wait,30> Saya...","Chị...<wrt:wait,30> Chị...","Yo...<wrt:wait,30> yo...","Aku...<wrt:wait,30> Aku itu...","ฉัน...<wrt:wait,30> ฉัน...","Eu... <wrt:wait,30>eu..."
,,,서사라_유니폼,,1_화남,pause,,"네가 여기에서 괴로워했던 시간이 너무 아깝고... <wrt:wait,30><eff:shake,2><txt:size,2>너무 화가 나!</txt:size>","All the time you’ve suffered here... <wrt:wait,30><eff:shake,2><txt:size,2>It makes me furious!</txt:size>","あなたがここで苦しんできた時間がもったいなくて‥<wrt:wait,30><eff:shake,2><txt:size,2>すごく腹が立ってるの！</txt:size>","想到你在这里受苦的时间，我就觉得好不甘心‥<wrt:wait,30><eff:shake,2><txt:size,2>我真的好生气！</txt:size>","一想到妳在這裡受苦的期間，我就覺得好心疼‥<wrt:wait,30><eff:shake,2><txt:size,2>也好生氣！</txt:size>","Мне очень жаль, что тебе столько пришлось здесь пережить! <wrt:wait,30><eff:shake,2><txt:size,2>И меня это ужасно злит!</txt:size>","Selama ini awak menderita di sini... <wrt:wait,30><eff:shake,2><txt:size,2>Membuat saya marah!</txt:size>","Thời gian em phải chịu khổ ở đây quá phí phạm... <wrt:wait,30><eff:shake,2><txt:size,2>Chị tức lắm!</txt:size>","Siento mucha pena por el tiempo que has sufrido aquí... <wrt:wait,30><eff:shake,2><txt:size,2>¡y me da mucha rabia!</txt:size>","Aku merasa sangat menyayangkan waktu penderitaanmu disini... <wrt:wait,30><eff:shake,2><txt:size,2>Dan itu membuatku sangat marah!</txt:size>","ฉันทั้งเสียดายเวลาที่เธอต้องทนทุกข์ทรมานอยู่ที่นี่... <wrt:wait,30><eff:shake,2><txt:size,2>แล้วก็โมโหมากด้วย!</txt:size>","<wrt:wait,30><eff:shake,2>Fico com raiva<txt:size,2> de pensar no tempo que você perdeu sofrendo nesse lugar!</txt:size>"
,,,제니_자켓,,1_당황,,exclam,...!!,...!,‥！！,‥！！,‥！！,!..,...!,...!!,¡...!!,...!!,...!!,!!!
,,,서사라_유니폼,,1_자책1,nevous,,"<wrt:delay,3>...미안, <wrt:wait,30>나도 순간 흥분했네. </wrt:delay>","<wrt:delay,3>Sorry... <wrt:wait,30>I got carried away.</wrt:delay>","<wrt:delay,3>‥ごめん、<wrt:wait,30>私も思わずカッとなっちゃった。</wrt:delay>","<wrt:delay,3>‥抱歉，<wrt:wait,30>我刚才有点激动了。</wrt:delay>","<wrt:delay,3>‥抱歉，<wrt:wait,30>我一時太激動了。</wrt:delay>","<wrt:delay,3>Извини, <wrt:wait,30>я не собиралась так горячиться.</wrt:delay>","<wrt:delay,3>Maaf... <wrt:wait,30>Saya terbawa-bawa.</wrt:delay>","<wrt:delay,3>...Chị xin lỗi, <wrt:wait,30>chị cũng hơi mất bình tĩnh. </wrt:delay>","<wrt:delay,3>...Lo siento, <wrt:wait,30>me dejé llevar por un momento.</wrt:delay>","<wrt:delay,3>...Maaf, <wrt:wait,30>sepertinya aku terlalu emosi. </wrt:delay>","<wrt:delay,3>...ขอโทษที <wrt:wait,30>ฉันเผลออารมณ์ขึ้นไปหน่อยน่ะ </wrt:delay>","<wrt:delay,3>Desculpa... <wrt:wait,30>me exaltei.</wrt:delay>"
,,,서사라_유니폼,,1_자책1,nervous,,남은 얘기는 이따 하자.,Let’s save the rest for later.,残りの話は、あとでしましょう。,剩下的事我们待会儿再说。,剩下的我們晚點再聊。,Об остальном поговорим потом.,Kita simpan selebihnya untuk kemudian.,Chuyện còn lại lát nữa nói nhé.,Hablaremos del resto después.,Sisanya mari kita bicarakan nanti.,ที่เหลือไว้ค่อยคุยกันนะ,A gente termina essa conversa depois.
,,,서사라_유니폼,,1_화남,pause,,"다녀올게.<cha:pos,서사라_유니폼,4>","I’ll be back.<cha:pos,서사라_유니폼,4>","行ってくるわね。<cha:pos,서사라_유니폼,4>","我去了。<cha:pos,서사라_유니폼,4>","我先過去了。<cha:pos,서사라_유니폼,4>","Я побежала.<cha:pos,서사라_유니폼,4>","Saya akan kembali.<cha:pos,서사라_유니폼,4>","Chị đi đây.<cha:pos,서사라_유니폼,4>","Ya regreso.<cha:pos,서사라_유니폼,4>","Aku pergi ya.<cha:pos,서사라_유니폼,4>","เดี๋ยวฉันกลับมา<cha:pos,서사라_유니폼,4>","Já volto.<cha:pos,서사라_유니폼,4>"
,,,제니_자켓,0,1_통증,pause,,...,...,‥,‥,‥,...,...,...,...,...,...,...
,,,제니_자켓,,1_통증,pause,,"아... <wrt:wait,30>정말.","Ah... <wrt:wait,30>Seriously.","あ‥<wrt:wait,30>もう。","啊‥<wrt:wait,30>真是的。","啊‥<wrt:wait,30>真是的。","Ха... <wrt:wait,30>Вот ведь.","Ah... <wrt:wait,30>Serius.","A... <wrt:wait,30>Thật là.","Ah... <wrt:wait,30>de verdad.","Ah... <wrt:wait,30>Benar-benar.","อ่า... <wrt:wait,30>จริงๆ เลยนะ","Ah... <wrt:wait,30>nossa."
,,,제니_자켓,,1_기본,nervous,,"나... <wrt:wait,30>왜 이렇게 바보인 거야...","Why... <wrt:wait,30>Why am I such an idiot...","あたし‥<wrt:wait,30>なんでこんなにバカなんだろ‥","我‥<wrt:wait,30>为什么这么笨啊‥","我‥<wrt:wait,30>怎麼會這麼笨啊‥","Какой <wrt:wait,30>я была идиоткой.","Kenapa... <wrt:wait,30>Kenapa saya bodoh sangat...","Mình... <wrt:wait,30>sao lại ngốc như vậy...","Yo... <wrt:wait,30>¿por qué soy tan idiota...?","Kenapa... <wrt:wait,30>aku itu bodoh sekali...","ทำไม... <wrt:wait,30>ฉันถึงโง่แบบนี้เนี่ย...","Meu... <wrt:wait,30>por que sou tão boba assim?"
,,,TAG,,,,,"<eff:black,3>","<eff:black,3>","<eff:black,3>","<eff:black,3>","<eff:black,3>","<eff:black,3>","<eff:black,3>","<eff:black,3>","<eff:black,3>","<eff:black,3>","<eff:black,3>","<eff:black,3>"
,,,TAG,,,,,"<sys:qmap,훈련장><cha:qpos,제니_자켓,2><cha:qpos,서사라_유니폼,4><cha:qpos,엘리오,-2><sys:bgm,BGM_HOPE,600>","<sys:qmap,훈련장><cha:qpos,제니_자켓,2><cha:qpos,서사라_유니폼,4><cha:qpos,엘리오,-2><sys:bgm,BGM_HOPE,600>","<sys:qmap,훈련장><cha:qpos,제니_자켓,2><cha:qpos,서사라_유니폼,4><cha:qpos,엘리오,-2><sys:bgm,BGM_HOPE,600>","<sys:qmap,훈련장><cha:qpos,제니_자켓,2><cha:qpos,서사라_유니폼,4><cha:qpos,엘리오,-2><sys:bgm,BGM_HOPE,600>","<sys:qmap,훈련장><cha:qpos,제니_자켓,2><cha:qpos,서사라_유니폼,4><cha:qpos,엘리오,-2><sys:bgm,BGM_HOPE,600>","<sys:qmap,훈련장><cha:qpos,제니_자켓,2><cha:qpos,서사라_유니폼,4><cha:qpos,엘리오,-2><sys:bgm,BGM_HOPE,600>","<sys:qmap,훈련장><cha:qpos,제니_자켓,2><cha:qpos,서사라_유니폼,4><cha:qpos,엘리오,-2><sys:bgm,BGM_HOPE,600>","<sys:qmap,훈련장><cha:qpos,제니_자켓,2><cha:qpos,서사라_유니폼,4><cha:qpos,엘리오,-2><sys:bgm,BGM_HOPE,600>","<sys:qmap,훈련장><cha:qpos,제니_자켓,2><cha:qpos,서사라_유니폼,4><cha:qpos,엘리오,-2><sys:bgm,BGM_HOPE,600>","<sys:qmap,훈련장><cha:qpos,제니_자켓,2><cha:qpos,서사라_유니폼,4><cha:qpos,엘리오,-2><sys:bgm,BGM_HOPE,600>","<sys:qmap,훈련장><cha:qpos,제니_자켓,2><cha:qpos,서사라_유니폼,4><cha:qpos,엘리오,-2><sys:bgm,BGM_HOPE,600>","<sys:qmap,훈련장><cha:qpos,제니_자켓,2><cha:qpos,서사라_유니폼,4><cha:qpos,엘리오,-2><sys:bgm,BGM_HOPE,600>"
,,,엘리오,,1_기본,wave,,"<txt:bold,2><txt:color,orange>제니</txt:color></txt:bold>! 잘 다녀왔어~?","<txt:bold,2><txt:color,orange>Jenny</txt:color></txt:bold>! Welcome back.","<txt:bold,2><txt:color,orange>ジェニー</txt:color></txt:bold>！おかえり～。","<txt:bold,2><txt:color,orange>珍妮</txt:color></txt:bold>！回来啦～？","<txt:bold,2><txt:color,orange>珍妮</txt:color></txt:bold>！妳回來啦～？","<txt:bold,2><txt:color,orange>Дженни</txt:color></txt:bold>, как прошла встреча?","...<txt:bold,2><txt:color,orange>Jenny</txt:color></txt:bold>! Selamat pulang.","<txt:bold,2><txt:color,orange>Jenny</txt:color></txt:bold>! Cậu về rồi à?!","¡<txt:bold,2><txt:color,orange>Jenny</txt:color></txt:bold>! ¿Qué tal te fue?","<txt:bold,2><txt:color,orange>Jenny</txt:color></txt:bold>! Gimana~?","<txt:bold,2><txt:color,orange>เจนนี่</txt:color></txt:bold>! กลับมาแล้วเหรอ~?","<txt:bold,2><txt:color,orange>Jenny!</txt:color></txt:bold> Já voltou?"
,,,엘리오,,1_기본,wave,,"어때, 오랜만에 만난 기분은?",So? How does it feel seeing her after all this time?,久しぶりに会った感想は、どうだった？,怎么样，久别重逢的感觉如何？,感覺如何，久違重逢的心情？,Все закончилось хорошо?,Jadi? Bagaimana rasanya berjumpa dengan dia selepas sekian lama?,"Sao rồi, cảm giác lâu rồi mới gặp lại thế nào?",¿Qué se siente reencontrarse después de tanto tiempo?,Gimana rasanya bertemu setelah sekian lama?,เป็นไง ความรู้สึกที่ไม่ได้เจอกันมานานน่ะ?,"E aí, como foi reencontrar ela depois de tanto tempo?"
,,,엘리오,,1_미소,wave,,감동적인 재회라도 했어?,Was it a tearful reunion?,感動の再会だったかい？,难道上演了一场感天动地的再会？,有沒有來場感人的重逢啊？,Вы трогательно воссоединились?,Pertemuan penuh air mata ke?,Có màn đoàn tụ cảm động không?,¿Tuvieron un reencuentro conmovedor?,Apa itu sangat mengharukan?,ได้เจอกันแบบประทับใจเลยรึเปล่า?,Foi daqueles reencontros de chorar muito?
,,,제니_자켓,,1_새침,,,...,...,‥,‥,‥,...,...,...,...,...,...,...
,,,제니_자켓,,1_새침,,,"으음... <wrt:wait,30>잘 모르겠어.","Mm... <wrt:wait,30>I’m not sure.","うーん‥<wrt:wait,30>よく分かんない。","嗯‥<wrt:wait,30>我也不知道。","唔‥<wrt:wait,30>我也不太清楚。","М-м-м... <wrt:wait,30>Не знаю.","Mm... <wrt:wait,30>Saya tidak pasti.","Ừm... <wrt:wait,30>Tôi cũng không rõ nữa.","Mmm... <wrt:wait,30>no estoy segura.","Hmm... <wrt:wait,30>Aku tidak tahu.","อืม... <wrt:wait,30>ไม่รู้สิ","Hum... <wrt:wait,30>difícil dizer."
,,,제니_자켓,,1_새침,,,너무 짧았거든.,It was too short.,短すぎたから。,时间太短了。,因為時間太短了。,Времени почти не было.,Terlalu singkat.,Vì quá ngắn ngủi.,Fue demasiado breve.,Karena terlalu pendek.,มันสั้นมากเลยน่ะ,Foi tudo muito rápido.
,,,제니_자켓,,1_기본,nervous,,그리고 실수를 했어.,And I messed up.,それに、ひどいこと言っちゃった。,而且我还搞砸了。,而且我說錯話了。,А еще я сказала глупости.,Dan saya buat silap.,Và tôi đã mắc sai lầm.,Y cometí un error.,Dan aku juga telah buat kesalahan.,แล้วฉันก็ทำเรื่องผิดพลาดด้วย,E eu vacilei.
,,,제니_자켓,,1_기본,nervous,,"언니, 조금 화가 난 것 같아.",I think she’s a little upset with me.,お姉ちゃん、ちょっと怒ってるみたい。,姐姐她，好像有点生气了。,姐姐她，好像有點生氣了。,И Сара немного разозлилась.,Saya rasa dia marah sedikit dengan saya.,Chị ấy... hình như hơi tức giận.,Creo que se enojó un poco.,Kakak terlihat agak marah karenanya.,เหมือนพี่จะโมโหนิดหน่อย,Acho que ela ficou um pouco brava comigo.
,,,엘리오,,1_진지,wave,quest,"흐음<wrt:wait,30>...?","Hmm<wrt:wait,30>...?","ふーん<wrt:wait,30>‥？","嗯<wrt:wait,30>‥？","哼嗯<wrt:wait,30>‥？","Ты о чем<wrt:wait,30>...","Hmm<wrt:wait,30>...?","Hưm<wrt:wait,30>...?","¿Hmm<wrt:wait,30>...?","Hmm<wrt:wait,30>...?","หืม<wrt:wait,30>...?","Hã? <wrt:wait,30>Como assim?"
,,,제니_자켓,,1_기본,,,"...괜찮아, 신경 쓰지 마.",It’s fine... Don’t worry about it.,‥大丈夫、気にしないで。,‥没事，别在意。,‥沒事，別在意。,Да так. Не бери в голову.,Tak mengapa... Jangan risau.,"...Không sao, cậu không cần bận tâm.","...Está bien, no te preocupes por eso.","...Tidak apa-apa, jangan dihiraukan.",...ไม่เป็นไรหรอก อย่าสนใจเลย,"Tá tudo bem, deixa pra lá."
,,,제니_자켓,,1_새침,nervous,,"그보다 <txt:bold,2><txt:color,orange>엘리오</txt:color></txt:bold>.","More importantly, <txt:bold,2><txt:color,orange>Ellio</txt:color></txt:bold>.","それより<txt:bold,2><txt:color,orange>エリオ</txt:color></txt:bold>。","话说回来，<txt:bold,2><txt:color,orange>埃利奥</txt:color></txt:bold>。","比起那個，<txt:bold,2><txt:color,orange>埃利奧</txt:color></txt:bold>。","Знаешь, <txt:bold,2><txt:color,orange>Эллио</txt:color></txt:bold>.","Yang pentingnya, <txt:bold,2><txt:color,orange>Ellio</txt:color></txt:bold>.","Mà này, <txt:bold,2><txt:color,orange>Ellio</txt:color></txt:bold>.","Más importante aún, <txt:bold,2><txt:color,orange>Ellio</txt:color></txt:bold>.","Daripada itu <txt:bold,2><txt:color,orange>Ellio</txt:color></txt:bold>.","ยิ่งไปกว่านั้นนะ <txt:bold,2><txt:color,orange>เอลิโอ</txt:color></txt:bold>","Mais importante, <txt:bold,2><txt:color,orange>Ellio</txt:color></txt:bold>..."
,,,제니_자켓,,1_새침,nervous,,나 하고 싶은 게 생겼어.,There’s something I want to do.,あたし、やりたいことができたの。,我有想做的事了。,我想到我要做什麼了。,Мне тоже хочется кое-что сделать.,Ada sesuatu yang saya nak buat.,Tôi có thứ muốn làm.,Hay algo que quiero hacer.,Ada hal yang ingin aku lakukan.,ฉันมีสิ่งที่อยากทำแล้วล่ะ,Pensei em algo que quero fazer.
,,,제니_자켓,,1_새침,nervous,,언니도 지금 뭔가 하고 있잖아.,Sara’s out there doing something right now.,お姉ちゃんも今、何かやってるでしょ。,姐姐现在不也在为了什么而努力吗。,姐姐現在也在努力著吧。,Сара занята делом.,"<txt:bold,2><txt:color,orange>Sara</txt:color></txt:bold> sedang berusaha di luar sana sekarang.",Chị ấy cũng đang làm gì đó.,Ella también está haciendo algo en este momento.,Kak Sara sedang melakukan sesuatu.,ตอนนี้พี่ก็กำลังทำอะไรบางอย่างอยู่นี่นา,"A <txt:bold,2><txt:color,orange>Sara</txt:color></txt:bold> também tá lutando por algo agora."
,,,제니_자켓,,1_새침,,,"<txt:bold,2><txt:color,orange>백시우</txt:color></txt:bold>도 그렇고.","And so is <txt:bold,2><txt:color,orange>Siwoo Baek</txt:color></txt:bold>.","<txt:bold,2><txt:color,orange>白井新</txt:color></txt:bold>もそうだし。","<txt:bold,2><txt:color,orange>白时宇</txt:color></txt:bold>也是。","<txt:bold,2><txt:color,orange>白時宇</txt:color></txt:bold>也是。","И <txt:bold,2><txt:color,orange>Шиу</txt:color></txt:bold>.","Begitu juga <txt:bold,2><txt:color,orange>Siwoo Baek</txt:bold></txt:color>.","<txt:bold,2><txt:color,orange>Baek Siwoo</txt:color></txt:bold> cũng vậy.","Y <txt:bold,2><txt:color,orange>Siwoo Baek</txt:color></txt:bold> también.","Begitu juga dengan <txt:bold,2><txt:color,orange>Siwoo Baek</txt:color></txt:bold>.","<txt:bold,2><txt:color,orange>แบคชีอู</txt:color></txt:bold>ก็ด้วย","O <txt:bold,2><txt:color,orange>Siwoo Baek</txt:color></txt:bold> também."
,,,제니_자켓,,1_외침,,,"나도... <txt:bold,2><txt:color,orange>카를라</txt:color></txt:bold>, 그 여자에게 한 방 먹여주고 싶어.","I want to make <txt:bold,2><txt:color,orange>Carla</txt:color></txt:bold> pay too...","あたしも‥<txt:bold,2><txt:color,orange>カルラ</txt:color></txt:bold>、あの女に一泡吹かせてやりたい。","我也想‥<txt:bold,2><txt:color,orange>给卡拉</txt:color></txt:bold>那个女人一点颜色看看。","我也想‥給<txt:bold,2><txt:color,orange>卡拉</txt:color></txt:bold>，給那個女人一點顏色瞧瞧。","А я... Как я хочу врезать хорошенечко этой <txt:bold,2><txt:color,orange>Карле</txt:color></txt:bold>.","Saya nak balas angkara <txt:bold,2><txt:color,orange>Carla</txt:color></txt:bold> juga...","Tôi cũng... muốn cho <txt:bold,2><txt:color,orange>Carla</txt:color></txt:bold>, cho cô ta một đòn.","Yo también... quiero darle su merecido a esa mujer, <txt:bold,2><txt:color,orange>Carla</txt:color></txt:bold>.","Aku juga... Ingin memberikan rasa pahit kepada wanita itu, <txt:bold,2><txt:color,orange>Carla</txt:color></txt:bold>.","ฉันเองก็... อยากเอาคืน<txt:bold,2><txt:color,orange>คาร์ลา</txt:color></txt:bold>บ้างเหมือนกัน","E eu também quero acertar as contas com a <txt:bold,2><txt:color,orange>Carla</txt:color></txt:bold>."
,,,제니_자켓,,1_외침,,,뭘 하면 좋을까?,What should I do?,何をすればいいかな？,我该做点什么好呢？,我該做什麼好呢？,Что думаешь?,Apa yang patut saya buat?,Tôi nên làm gì đây?,¿Qué debería hacer?,Apa yang kira-kira bagus?,ทำอะไรดีล่ะ?,O que você acha que eu devia fazer?
,,,제니_자켓,,1_새침,,,"도와줄래, <txt:bold,2><txt:color,orange>엘리오</txt:color></txt:bold>?","Will you help me, <txt:bold,2><txt:color,orange>Ellio</txt:color></txt:bold>?","<txt:bold,2><txt:color,orange>エリオ</txt:color></txt:bold>、手伝ってくれない？","你愿意帮我吗，<txt:bold,2><txt:color,orange>埃利奥</txt:color></txt:bold>？","你會幫我吧，<txt:bold,2><txt:color,orange>埃利奧</txt:color></txt:bold>？","Поможешь мне, <txt:bold,2><txt:color,orange>Эллио</txt:color></txt:bold>?","Bolehkah awak membantu saya, <txt:bold,2><txt:color,orange>Ellio</txt:color></txt:bold>?","Cậu giúp tôi nhé, <txt:bold,2><txt:color,orange>Ellio</txt:color></txt:bold>?","¿Me ayudarás, <txt:bold,2><txt:color,orange>Ellio</txt:color></txt:bold>?","Apa kamu mau membantuku, <txt:bold,2><txt:color,orange>Ellio</txt:color></txt:bold>?","นายช่วยฉันได้ไหม <txt:bold,2><txt:color,orange>เอลิโอ</txt:color></txt:bold>?","Me ajuda, <txt:bold,2><txt:color,orange>Ellio</txt:color></txt:bold>?"
,,,제니_자켓,,1_새침,pause,,이제 더 이상 바보처럼 굴지 않을래.,I’m done being an idiot.,もうこれ以上バカみたいなことしたくないの。,我不想再像个傻瓜一样躲着了。,我不想再像個笨蛋一樣縮著了。,Я больше не хочу вести себя как дура.,Saya tak nak jadi bodoh lagi.,Từ giờ tôi sẽ không hành xử như một kẻ ngốc nữa.,Ya no quiero seguir actuando como una idiota.,Aku tidak ingin bertingkah seperti anak bodoh lagi.,ตอนนี้ฉันไม่อยากทำตัวเหมือนคนโง่อีกต่อไปแล้ว,Não vou mais ficar parada feito boba.
4,경기 전,#,MAP,,,,,애슈빌위즐스홈구장,애슈빌위즐스홈구장,애슈빌위즐스홈구장,애슈빌위즐스홈구장,애슈빌위즐스홈구장,애슈빌위즐스홈구장,애슈빌위즐스홈구장,애슈빌위즐스홈구장,애슈빌위즐스홈구장,애슈빌위즐스홈구장,애슈빌위즐스홈구장,애슈빌위즐스홈구장
,,#,BGM,,,,,BGM_MEET_IRIS,BGM_MEET_IRIS,BGM_MEET_IRIS,BGM_MEET_IRIS,BGM_MEET_IRIS,BGM_MEET_IRIS,BGM_MEET_IRIS,BGM_MEET_IRIS,BGM_MEET_IRIS,BGM_MEET_IRIS,BGM_MEET_IRIS,BGM_MEET_IRIS
,,#,아이리스,0,1_기본,,,,,,,,,,,,,,
,,#,야마데라,-4,1_기본,,,,,,,,,,,,,,
,,#,니시카와,-4,2_씨익,,,,,,,,,,,,,,
,,,-,,,,,"<txt:bold,3><txt:color,grey>~몇 달 전, 애슈빌 위즐스vs발렌티아 스파이크스~</txt:color></txt:bold>","<txt:bold,3><txt:color,grey>Months ago, Asheville Weasels vs. Valentia Spikes</txt:color></txt:bold>","<txt:bold,3><txt:color,grey>～数ヶ月前、アッシュビルウィーズルズvsバレンシアスパイクス～</txt:color></txt:bold>","<txt:bold,3><txt:color,grey>～几个月前，阿什维尔黄鼠狼队 vs 瓦伦蒂亚尖峰队～</txt:color></txt:bold>","<txt:bold,3><txt:color,grey>～幾個月前，阿什維爾鼬鼠隊 vs 瓦倫蒂亞尖峰隊～</txt:color></txt:bold>","<txt:bold,3><txt:color,grey>Несколько месяцев назад. «Ашвилл Визлс» против «Валенсии Спайкс»</txt:color></txt:bold>","<txt:bold,3><txt:color,grey>Berbulan lalu, Asheville Weasels vs. Valentia Spikes</txt:color></txt:bold>","<txt:bold,3><txt:color,grey>~ Vài tháng trước, Asheville Weasels vs Valentia Spikes ~</txt:color></txt:bold>","<txt:bold,3><txt:color,grey>Hace unos meses, Asheville Weasels vs Valentia Spikes</txt:color></txt:bold>","<txt:bold,3><txt:color,grey>~Beberapa bulan lalu, Asheville Weasels vs Valentia Spikes~</txt:color></txt:bold>","<txt:bold,3><txt:color,grey>~ไม่กี่เดือนก่อน, แอชวิลล์วิซเซิล vs วาเลนเทียสไปคส์~</txt:color></txt:bold>","<txt:bold,3><txt:color,grey>#Alguns meses atrás... #Asheville Weasels vs Valentia Spikes</txt:color></txt:bold>"
,,,???,,,,,"오랫동안 오늘의 재경기를 기다렸을 것 같아요. <txt:bold,2><txt:color,orange>아이리스</txt:color></txt:bold> 선수! 컨디션은 어떠셨나요?","I’m sure you’ve been looking forward to today’s rematch, <txt:bold,2><txt:color,orange>Iris</txt:color></txt:bold>! How are you feeling?","今日の再試合を心待ちにしていたと思います。<txt:bold,2><txt:color,orange>アイリス</txt:color></txt:bold>選手！コンディションはいかがですか？","观众们应该期待今天的重赛很久了。有请<txt:bold,2><txt:color,orange>爱丽丝</txt:color></txt:bold>选手！请问您今天的状态如何？","妳應該期待今天這場再次交手很久了吧。<txt:bold,2><txt:color,orange>愛麗絲</txt:color></txt:bold>選手！請問妳今天的狀態如何？","Наверное, вы долго ждали сегодняшнего реванша. <txt:bold,2><txt:color,orange>Айрис</txt:color></txt:bold>, как ваше самочувствие?","Pasti anda telah menantikan perlawanan semula hari ini, <txt:bold,2><txt:color,orange>Iris</txt:color></txt:bold>! Bagaimana perasaan anda?","Có lẽ cô đã chờ trận tái đấu hôm nay rất lâu rồi nhỉ. Tuyển thủ <txt:bold,2><txt:color,orange>Iris</txt:color></txt:bold>! Phong độ của cô hôm nay thế nào?","Seguro que llevabas mucho tiempo esperando esta revancha, <txt:bold,2><txt:color,orange>Iris</txt:color></txt:bold>. ¿Cómo te encontrabas físicamente?","Sepertinya kamu sudah lama menunggu pertandingan ulang hari ini. Atlet <txt:bold,2><txt:color,orange>Iris</txt:color></txt:bold>! Bagaimana kondisi Anda?","คุณคงรอการแข่งขันรีแมตช์วันนี้มานานเลยนะครับ นักกีฬา<txt:bold,2><txt:color,orange>ไอริส</txt:color></txt:bold>! สภาพวันนี้เป็นยังไงบ้างครับ?","Acredito que você esperou muito por essa revanche, <txt:bold,2><txt:color,orange>Iris</txt:color></txt:bold>! Como você tá se sentindo hoje?"
,,,아이리스,,1_기본,nervous,,"으, 음... 네! 다들 열심히 준비했고요... 경기 감각도... <wrt:wait,30>괜, <wrt:wait,30>괜찮은 것 같아요.","Oh, um... Yes! Everyone prepared really hard, and... <wrt:wait,30>I-I think <wrt:wait,30>we’re in pretty good form.","え、えっと‥はい！みんな一生懸命練習してきましたし‥試合の感覚も‥<wrt:wait,30>だ、<wrt:wait,30>大丈夫だと思います。","呃，嗯‥是的！大家都很努力地准备‥比赛的感觉也‥<wrt:wait,30>挺，<wrt:wait,30>挺不错的。","呃、嗯‥是的！大家都很努力準備‥比賽的手感‥<wrt:wait,30>好、<wrt:wait,30>好像還不錯。","Э-э, ну да! Мы все усердно готовились...<wrt:wait,30> И... <wrt:wait,30>У меня хорошее предчувствие.","Oh, em... Ya! Semua orang membuat persiapan bersungguh-sungguh, dan... <wrt:wait,30>S-Saya rasa <wrt:wait,30>kami dalam keadaan yang cukup baik.","À, ừm... vâng! Mọi người đều chuẩn bị rất chăm chỉ... cảm giác thi đấu cũng... <wrt:wait,30>kh, <wrt:wait,30>khá ổn.","E-eh... ¡Sí! Todos nos preparamos mucho... y la sensación de juego... <wrt:wait,30>cre...<wrt:wait,30>creo que está bien.","U-um... ya! Semua sudah mempersiapkan diri dengan keras... dan aku juga merasa... <wrt:wait,30>seper.. <wrt:wait,30>sepertinya baik-baik saja.","เอ่อ อืม... ค่ะ! ทุกคนตั้งใจเตรียมตัวกันมาก... เซนส์ในการแข่งขันก็... <wrt:wait,30>อะ <wrt:wait,30>โอเคเลยค่ะ","Ah, hum... é! Todo mundo treinou bastante... <wrt:wait,30>eu acho que tá... <wrt:wait,30>tudo certo."
,,,아이리스,,1_의문,nervous,,"컨디션도... <wrt:wait,30>다들 좋고요.","Everyone’s... <wrt:wait,30>in good shape too.","コンディションも‥<wrt:wait,30>みんな好調ですよ。","状态也‥<wrt:wait,30>都很棒。","大家的狀態‥<wrt:wait,30>也都很棒。","Ну и...<wrt:wait,30> В целом все в порядке.","Semua orang... <wrt:wait,30>dalam keadaan baik juga.","Tình trạng... <wrt:wait,30>của mọi người cũng tốt.","Y la condición física... <wrt:wait,30>todos estamos bien.","Kondisi atlet lain... <wrt:wait,30>juga sepertinya bagus.","สภาพร่างกายก็... <wrt:wait,30>ดีกันทุกคนค่ะ","O time todo... <wrt:wait,30>tá bem."
,,,아이리스,,1_안절부절,nervous,silent,"<txt:shake,1>...<wrt:wait,30>어, 더 무슨 말씀을 드리면 좋을까요...?</txt:shake>","<txt:shake,1>...<wrt:wait,30>Uh, is there anything else I should say...?</txt:shake>","<txt:shake,1>‥<wrt:wait,30>あ、他に何を言えばいいでしょうか‥？</txt:shake>","<txt:shake,1>‥<wrt:wait,30>呃，我还需要再说点什么吗‥？</txt:shake>","<txt:shake,1>‥<wrt:wait,30>呃，我還該說些什麼嗎‥？</txt:shake>","<txt:shake,1>...<wrt:wait,30>М-м, мне еще что-то сказать?</txt:shake>","<txt:shake,1>...<wrt:wait,30>Uh, apa lagi yang patut saya katakan...?</txt:shake>","<txt:shake,1>...<wrt:wait,30>À, tôi nên nói thêm điều gì nữa nhỉ...?</txt:shake>","<txt:shake,1>...<wrt:wait,30>Eh, ¿qué más debería decir...?</txt:shake>","<txt:shake,1>...<wrt:wait,30>Eh, apa lagi yang sebaiknya saya katakan...?</txt:shake>","<txt:shake,1>...<wrt:wait,30>เอ่อ ฉันต้องพูดอะไรอีกดีเหรอคะ...?</txt:shake>","<txt:shake,1>Ah... <wrt:wait,30>Não sei mais o que falar...</txt:shake>"
,,,TAG,,,,,"<cha:pos,니시카와,0><cha:pos,야마데라,-2><cha:pos,아이리스,2>","<cha:pos,니시카와,0><cha:pos,야마데라,-2><cha:pos,아이리스,2>","<cha:pos,니시카와,0><cha:pos,야마데라,-2><cha:pos,아이리스,2>","<cha:pos,니시카와,0><cha:pos,야마데라,-2><cha:pos,아이리스,2>","<cha:pos,니시카와,0><cha:pos,야마데라,-2><cha:pos,아이리스,2>","<cha:pos,니시카와,0><cha:pos,야마데라,-2><cha:pos,아이리스,2>","<cha:pos,니시카와,0><cha:pos,야마데라,-2><cha:pos,아이리스,2>","<cha:pos,니시카와,0><cha:pos,야마데라,-2><cha:pos,아이리스,2>","<cha:pos,니시카와,0><cha:pos,야마데라,-2><cha:pos,아이리스,2>","<cha:pos,니시카와,0><cha:pos,야마데라,-2><cha:pos,아이리스,2>","<cha:pos,니시카와,0><cha:pos,야마데라,-2><cha:pos,아이리스,2>","<cha:pos,니시카와,0><cha:pos,야마데라,-2><cha:pos,아이리스,2>"
,,,야마데라,,,,,...,...,‥,‥,‥,...,...,...,...,...,...,...
,,,야마데라,,,,,"<wrt:delay,3>...정말 봐도 봐도 믿기지 않네요.</wrt:delay>","<wrt:delay,3>I’ve seen it plenty of times, and I still can’t believe it...</wrt:delay>","<wrt:delay,3>‥どうしても信じられません。</wrt:delay>","<wrt:delay,3>‥真是看多少次都觉得难以置信。</wrt:delay>","<wrt:delay,3>‥真的是不管看幾次都還是覺得很不可思議。</wrt:delay>","<wrt:delay,3>Не могу поверить...</wrt:delay>","<wrt:delay,3>Dah lihat banyak kali, dan masih tak percaya...</wrt:delay>","<wrt:delay,3>...Thật sự nhìn mãi vẫn không tin được.</wrt:delay>","<wrt:delay,3>...De verdad, por más que la miro no puedo creerlo.</wrt:delay>","<wrt:delay,3>...Benar-benar sulit dipercaya.</wrt:delay>","<wrt:delay,3>...ยิ่งเห็นก็ยิ่งไม่อยากจะเชื่อเลยนะครับ</wrt:delay>","<wrt:delay,3>Sério, ainda não consigo acreditar.</wrt:delay>"
,,,야마데라,,,,,"저 사람이 정말 아까 그 <txt:bold,2>애슈빌 위즐스</txt:bold>의 주장이라고요?</wrt:delay>","That’s really the captain of <txt:bold,2>Asheville Weasels</txt:bold>?</wrt:delay>","あの人が、本当にさっきの<txt:bold,2>アッシュビルウィーズルズ</txt:bold>のキャプテンなんですか？</wrt:delay>","那个人真的是刚才那个<txt:bold,2>阿什维尔黄鼠狼队</txt:bold>的队长？</wrt:delay>","那個人真的是剛才那個<txt:bold,2>阿什維爾鼬鼠隊</txt:bold>的隊長嗎？</wrt:delay>","И вот эта девчонка капитан <txt:bold,2>«Ашвилл Визлс»</txt:bold>?</wrt:delay>","Betul ke itu kapten <txt:bold,2>Asheville Weasels</txt:bold>?</wrt:delay>","Người đó thật sự là đội trưởng của <txt:bold,2>Asheville Weasels</txt:bold> lúc nãy sao?</wrt:delay>","¿Esa persona es realmente la capitana de los <txt:bold,2>Asheville Weasels</txt:bold> de hace un rato?</wrt:delay>","Orang itu barusan apa dia benar-benar kapten <txt:bold,2>Asheville Weasels</txt:bold>?</wrt:delay>","คนคนนั้นคือกัปตันของ<txt:bold,2>แอชวิลล์วิซเซิล</txt:bold>เมื่อกี้น่ะเหรอครับ?</wrt:delay>","Ela é mesmo a capitã do <txt:bold,2>Asheville Weasels</txt:bold>?</wrt:delay>"
,,,니시카와,,2_씨익,,joy,"<txt:size,2>하하하! 나도 처음엔 적응이 안 됐어! 평소의 모습으론 상상도 할 수 없지!</txt:size>","<txt:size,2>Haha! Took me a while to get used to it too! You’d never guess from how she normally is!</txt:size>","<txt:size,2>ハハハ！俺も最初は信じられなかったよ！普段の姿からは想像もできないよな！</txt:size>","<txt:size,2>哈哈哈！我刚开始也不适应！跟平时在场上的样子简直判若两人！</txt:size>","<txt:size,2>哈哈哈！我剛開始也適應了好一陣子呢！她平時的模樣根本讓人聯想不起來吧！</txt:size>","<txt:size,2>Ха-ха-ха! Я тоже сначала удивился. Очень уж она отличается в обычной жизни!</txt:size>","<txt:size,2>Haha! Saya pun hairan mula-mulanya! Takkan pernah sangka dari gaya biasanya!</txt:size>","<txt:size,2>Hahaha! Lúc đầu tôi cũng không quen! Bình thường không thể tưởng tượng nổi!</txt:size>","<txt:size,2>¡Jajaja! ¡Al principio yo tampoco me acostumbraba! ¡Es imposible imaginarla así con su actitud habitual!</txt:size>","<txt:size,2>Hahaha! Aku juga awalnya tidak bisa terbiasa! Benar-benar tidak terbayangkan jika dilihat dari caranya bersikap pada biasanya!</txt:size>","<txt:size,2>ฮ่าฮ่าฮ่า! ตอนแรกฉันก็ไม่ชินเหมือนกัน! ภาพลักษณ์ตอนเวลาปกติทำให้จินตนาการไม่ออกเลยสินะ!</txt:size>","<txt:size,2>Hahaha! Eu também demorei pra acreditar! Nunca ia imaginar ela assim!</txt:size>"
,,,야마데라,,1_기본,,,"<wrt:delay,3>...아, 네. 뭐, 확실히...<wrt:delay,3> 그 <txt:bold,2>'독종'</txt:bold> 같은 모습은 상상이 안 되네요.</wrt:delay>","<wrt:delay,3>Yeah, well...<wrt:delay,3> hard to picture the <txt:bold,2>'ruthless'</txt:bold> side, that's for sure.</wrt:delay>","<wrt:delay,3>‥あぁ、はい。まあ、確かに‥<wrt:delay,3>あの<txt:bold,2>「鬼」</txt:bold>みたいな姿は想像できないですね。</wrt:delay>","<wrt:delay,3>‥啊，是。确实‥<wrt:delay,3>很难想象她会有那种<txt:bold,2>'拼命三娘'</txt:bold>的一面。</wrt:delay>","<wrt:delay,3>‥啊，是啊。的確‥<wrt:delay,3>很難和場上那個<txt:bold,2>「狠角色」</txt:bold>的模樣聯想在一起。</wrt:delay>","<wrt:delay,3>По ней и не скажешь.<wrt:delay,3>Но она на корте <txt:bold,2>настоящий монстр</txt:bold>.</wrt:delay>","<wrt:delay,3>Apa-apa pun...<wrt:delay,3> susah nak bayangkan sisi <txt:bold,2>'kejamnya'</txt:bold>, itu pasti.</wrt:delay>","<wrt:delay,3>...À, vâng. Đúng là...<wrt:delay,3> không thể tưởng tượng nổi cái <txt:bold,2>khí chất quái vật</txt:bold> đó.</wrt:delay>","<wrt:delay,3>...Ah, sí. Bueno, definitivamente...<wrt:delay,3> es imposible imaginar esa actitud <txt:bold,2>'despiadada'</txt:bold> de antes.</wrt:delay>","<wrt:delay,3>...Ah, ya. Memang...<wrt:delay,3> Sulit membayangkan dia punya sisi <txt:bold,2>'ganas'</txt:bold> seperti itu.</wrt:delay>","<wrt:delay,3>...อ่า ครับ ก็...<wrt:delay,3> นึกถึงภาพลักษณ์ที่เหมือนกับ <txt:bold,2>'คนแกร่ง'</txt:bold> ไม่ออกเลยล่ะ</wrt:delay>","<wrt:delay,3>É, verdade... <wrt:delay,3>aquele jeito <txt:bold,2>«durona»</txt:bold> dela é difícil de imaginar.</wrt:delay>"
,,,야마데라,,1_땀,,,"<wrt:delay,3>그 셋업들... <txt:bold,2><txt:color,orange>서사라</txt:color></txt:bold>가 잘도 저 빠른 볼에 반응한다고 생각했어요.</wrt:delay>","<wrt:delay,3>Those sets, though... I’m amazed <txt:bold,2><txt:color,orange>Sara</txt:color></txt:bold> could even react to sets that quick.</wrt:delay>","<wrt:delay,3>あのセットアップ‥<txt:bold,2><txt:color,orange>有田紗良</txt:color></txt:bold>がよくあの速いボールについていけてるな、と思いましたよ。</wrt:delay>","<wrt:delay,3>那些传球‥<txt:bold,2>我还在想<txt:color,orange>徐莎拉</txt:color></txt:bold>是怎么跟上那种快球的呢。</wrt:delay>","<wrt:delay,3>剛才那幾球傳球‥我就在想<txt:bold,2><txt:color,orange>徐莎拉</txt:color></txt:bold>竟然能跟上那麼快的球。</wrt:delay>","<wrt:delay,3>Те передачи... Удивительно, что <txt:bold,2><txt:color,orange>Со Сара</txt:color></txt:bold> успевает реагировать на такие быстрые передачи.</wrt:delay>","<wrt:delay,3>Tapi set-set itu... Saya kagum <txt:bold,2><txt:color,orange>Sara</txt:color></txt:bold> mampu membalas lontaran yang begitu cepat.</wrt:delay>","<wrt:delay,3>Những pha chuyền hai đó... tôi cứ nghĩ <txt:bold,2><txt:color,orange>Seo Sara</txt:color></txt:bold> làm sao có thể phản ứng kịp với đường bóng nhanh như vậy.</wrt:delay>","<wrt:delay,3>Esas colocaciones... Pensaba que <txt:bold,2><txt:color,orange>Sara</txt:color></txt:bold> reaccionaba muy bien a balones tan rápidos.</wrt:delay>","<wrt:delay,3>Set-up tadi... saya tidak menyangka <txt:bold,2><txt:color,orange>Sara Seo</txt:color></txt:bold> bisa merespon bola yang cepat itu.</wrt:delay>","<wrt:delay,3>การเซ็ตลูกพวกนั้น... ผมคิดว่า<txt:bold,2><txt:color,orange>ซอซาร่า</txt:color></txt:bold>ตอบสนองกับลูกที่เร็วขนาดนั้นได้ดีเลย</wrt:delay>","<wrt:delay,3>Aqueles levantamentos... e a <txt:bold,2><txt:color,orange>Sara Seo</txt:color></txt:bold> reagindo naquela velocidade toda.</wrt:delay>"
,,,니시카와,,2_미소,,,"하하, 그렇지? 많이 신이 나셨던 모양이야!","Haha, right? She must’ve been really hyped up!",ハハッ、だろ？かなりノッてたみたいだな！,哈哈，没错吧？她今天好像打得很嗨呢！,哈哈，對吧？看來她打得很盡興呢！,"Ха-ха, скажи же! Похоже, у нее был отличный настрой.","Haha, kan? Dia mesti sangat bersemangat!","Haha, đúng không? Có vẻ cậu ấy rất hứng khởi!","Jaja, ¿verdad? ¡Parece que estaba muy emocionada!","Haha, benar kan? Sepertinya hari ini dia sangat bersemangat!",ฮ่าฮ่า ใช่ไหมล่ะ? ท่าทางว่าจะคึกสุดๆ เลยล่ะ!,Haha! Pois é! Ela tava empolgada!
,,,니시카와,,2_미소,,exclam,"괜히 <txt:bold,2><txt:color,orange>켈리</txt:color></txt:bold>와 <txt:bold,2><txt:color,orange>서사라</txt:color></txt:bold>, <txt:bold,2>두 명의 <txt:color,orange>5대 스파이커</txt:color>와 콤비를 이룬 게 아니라니까!</txt:bold>","There’s a reason she’s teamed up with <txt:bold,2><txt:color,orange>Kelly</txt:color></txt:bold> and <txt:bold,2><txt:color,orange>Sara</txt:color></txt:bold>, <txt:bold,2>two of the <txt:color,orange>Big Five</txt:color>!</txt:bold>","伊達に<txt:bold,2><txt:color,orange>ケリー</txt:color></txt:bold>と<txt:bold,2><txt:color,orange>有田紗良</txt:color></txt:bold>、<txt:bold,2>二人の<txt:color,orange>5大スパイカー</txt:color>とコンビを組んだわけじゃないってことさ！</txt:bold>","她能先后和<txt:bold,2><txt:color,orange>凯莉</txt:color></txt:bold>以及<txt:bold,2><txt:color,orange>徐莎拉</txt:color></txt:bold>——<txt:bold,2>这两位<txt:color,orange>五大主攻手</txt:color>搭档，可不是没有原因的！</txt:bold>","她可不是隨隨便便就能跟<txt:bold,2><txt:color,orange>凱莉</txt:color></txt:bold>和<txt:bold,2><txt:color,orange>徐莎拉</txt:color></txt:bold>這<txt:bold,2>兩位<txt:color,orange>五大主攻手</txt:color>搭檔的！</txt:bold>","Не зря же она играет в связке с <txt:bold,2><txt:color,orange>Келли</txt:color></txt:bold> и <txt:bold,2><txt:color,orange>Сарой</txt:color></txt:bold> — <txt:bold,2>двумя из <txt:color,orange>пятерки нападающих</txt:color>!</txt:bold>","Ada sebab dia berganding dengan <txt:bold,2><txt:color,orange>Kelly</txt:color></txt:bold> dan <txt:bold,2><txt:color,orange>Sara</txt:color></txt:bold>, <txt:bold,2>dua daripada <txt:color,orange>lima perejam terbaik dunia</txt:color>!</txt:bold>","Không phải vô cớ mà cô ấy từng đánh cặp với cả <txt:bold,2><txt:color,orange>Kelly</txt:color></txt:bold> lẫn <txt:bold,2><txt:color,orange>Seo Sara</txt:color></txt:bold> <txt:bold,2>hai người thuộc <txt:color,orange>Top 5 Tay Đập</txt:color> đâu!</txt:bold>","¡Por algo forma equipo con <txt:bold,2><txt:color,orange>Kelly</txt:color></txt:bold> y <txt:bold,2><txt:color,orange>Sara</txt:color></txt:bold>, <txt:bold,2>dos de los <txt:color,orange>5 mejores rematadores</txt:color></txt:bold>!","Bukan tanpa alasan dia bisa jadi duo dengan <txt:bold,2><txt:color,orange>Kelly</txt:color></txt:bold> dan <txt:bold,2><txt:color,orange>Sara Seo</txt:color></txt:bold>, <txt:bold,2>dua dari <txt:color,orange>5 Spiker Terbaik</txt:color>!</txt:bold>","บอกแล้วว่า<txt:bold,2>การได้มาเล่นจับคู่กับ<txt:color,orange>ตัวตบท็อป 5</txt:color> ทั้งสองคนอย่าง<txt:bold,2><txt:color,orange>เคลลี่</txt:color></txt:bold>กับ<txt:bold,2><txt:color,orange>ซอซาร่า</txt:color></txt:bold>น่ะ ไม่ใช่เรื่องบังเอิญหรอก!</txt:bold>","Não é à toa que ela fazia dupla com a <txt:bold,2><txt:color,orange>Kelly</txt:color></txt:bold> e a <txt:bold,2><txt:color,orange>Sara Seo</txt:color></txt:bold>, <txt:bold,2>duas das <txt:color,orange>5 Melhores Atacantes</txt:color>!</txt:bold>"
,,,야마데라,,1_땀,,,"<wrt:delay,3>아까 보셨어요? 컨디션이 안 좋아 보이는 선수한테 극복할 때까지 같은 공만 계속 올리는 거요...</wrt:delay>","<wrt:delay,3>Did you catch that earlier? When one of her players looked off, she just kept feeding the same ball over and over until she pushed through it...</wrt:delay>","<wrt:delay,3>さっきの見ました？コンディションが悪そうな選手に、立て直すまで同じボールばかり上げ続けてますよ‥</wrt:delay>","<wrt:delay,3>你刚才看到了吗？她对着状态不佳的队友，一直传同样的球，直到对方克服为止‥</wrt:delay>","<wrt:delay,3>你剛才看到了嗎？她一直對著狀態不好的隊員，不斷托出同樣的球，直到對方突破為止‥</wrt:delay>","<wrt:delay,3>Ты же заметил? Если у игрока не получается, она продолжает пасовать ему снова и снова, пока он не справится.</wrt:delay>","<wrt:delay,3>Awak perasan tak tadi? Bila salah seorang pemainnya kelihatan tak bersemangat, dia terus beri bola yang sama berulang kali sehingga dia berjaya mengatasinya...</wrt:delay>","<wrt:delay,3>Lúc nãy cậu thấy không? Cậu ấy cứ liên tục chuyền cùng một đường bóng cho tuyển thủ đang không có phong độ cho đến khi vượt qua được...</wrt:delay>","<wrt:delay,3>¿Vio hace un rato? Colocando el mismo balón a alguien que no se veía en buena condición, una y otra vez hasta que lo superara...</wrt:delay>","<wrt:delay,3>Tadi Anda melihatnya? Terus-terusan memberikan bola yang sama ke atlet yang kondisinya sedang buruk sampai atlet itu berhasil mengatasinya...</wrt:delay>","<wrt:delay,3>เมื่อกี้เห็นไหมครับ? เธอเอาแต่เซ็ตลูกแบบเดิมให้นักกีฬาที่ดูมีสภาพไม่ค่อยดีเรื่อยๆ จนกลับมาปรับตัวได้เลย...</wrt:delay>","<wrt:delay,3>Você viu? Ela mandou a mesma bola várias vezes pra mesma jogadora que parecia fora de forma até ela superar.</wrt:delay>"
,,,야마데라,,1_땀,shake,,"<wrt:delay,3>어휴...<wrt:wait,30> 전 저런 선수랑은 도저히 못 뛰어요...</wrt:delay>","<wrt:delay,3>Ugh...<wrt:wait,30> I could never play under someone like that...</wrt:delay>","<wrt:delay,3>はぁ‥<wrt:wait,30>あんな選手と一緒にプレーなんて、絶対に無理ですよ‥</wrt:delay>","<wrt:delay,3>唉‥<wrt:wait,30>那种队友我可受不了‥</wrt:delay>","<wrt:delay,3>唉‥<wrt:wait,30>換作是我，絕對沒辦法跟那種選手一起打球‥</wrt:delay>","<wrt:delay,3>Ух...<wrt:wait,30> Я бы с таким связующим не смог играть.</wrt:delay>","<wrt:delay,3>Ugh...<wrt:wait,30> Tak mungkin saya bermain di bawah orang seperti itu...</wrt:delay>","<wrt:delay,3>Ôi trời...<wrt:wait,30> tôi không thể nào thi đấu cùng kiểu tuyển thủ như vậy đâu...</wrt:delay>","<wrt:delay,3>Uf...<wrt:wait,30> yo no podría jugar con alguien así jamás...</wrt:delay>","<wrt:delay,3>Huff...<wrt:wait,30> Kalau saya sih benar-benar tidak mampu bermain bersama atlet seperti itu...</wrt:delay>","<wrt:delay,3>เฮ้อ...<wrt:wait,30> ผมเล่นกับนักกีฬาแบบนั้นไม่ไหวหรอกครับ...</wrt:delay>","<wrt:delay,3>Nossa... <wrt:wait,30>eu nunca conseguiria jogar com alguém assim...</wrt:delay>"
,,,니시카와,,2_씨익,,,"그래? 난 언젠가 한 번쯤 합을 맞춰보고 싶은데. <wrt:break><txt:bold,1>재밌을 것 같지 않아?</txt:bold>","Really? I’d love to team up with her sometime. <wrt:break><txt:bold,1>Sounds fun, doesn’t it?</txt:bold>","そうか？俺はいつか一度くらい合わせてみたいけどな。<wrt:break><txt:bold,1>面白そうじゃないか。</txt:bold>","是吗？我倒挺想和她搭档一次试试。 <wrt:break><txt:bold,1>不觉得会很有趣吗？</txt:bold>","是嗎？我倒是很想跟她搭檔看看耶。<wrt:break><txt:bold,1>不覺得很有趣嗎？</txt:bold>","Да? А я бы наоборот хотел попробовать сыграть вместе. <wrt:break><txt:bold,1>Звучит весело.</txt:bold>","Betul ke? Saya ingin berganding dengan dia suatu hari nanti. <wrt:break><txt:bold,1>Mesti seronok, kan?</txt:bold>","Vậy à? Tôi thì muốn thử phối hợp một lần. <wrt:break><txt:bold,1>Có vẻ thú vị mà?</txt:bold>","¿En serio? A mí me gustaría jugar con ella alguna vez. <wrt:break><txt:bold,1>¿No te parece divertido?</txt:bold>","Benarkah? Aku justru ingin sekali mencoba bermain bersamanya suatu hari nanti. <wrt:break><txt:bold,1>Tidakkah terlihat seru?</txt:bold>","งั้นเหรอ? แต่ฉันอยากลองเล่นให้เข้าขากันสักครั้งนะ <wrt:break><txt:bold,1>น่าสนุกดีออก?</txt:bold>","Sério? Eu queria tentar fazer dupla com ela um dia. <wrt:break><txt:bold,1>Deve ser incrível, não acha?</txt:bold>"
,,,야마데라,,1_기본,,,"<wrt:delay,3>윽, 그건 <txt:bold,2><txt:color,orange>니시카와</txt:color></txt:bold> 씨니까 그렇죠.</wrt:delay>","<wrt:delay,3>That’s because you’re who you are, <txt:bold,2><txt:color,orange>Nishikawa</txt:color></txt:bold>.</wrt:delay>","<wrt:delay,3>うげっ、それは<txt:bold,2><txt:color,orange>西川</txt:color></txt:bold>さんだからですよ。</wrt:delay>","<wrt:delay,3>呃，那是因为你是<txt:bold,2><txt:color,orange>西川</txt:color></txt:bold>先生啊。</wrt:delay>","<wrt:delay,3>呃，那是因為你是<txt:bold,2><txt:color,orange>西川</txt:color></txt:bold>才這麼想的吧。</wrt:delay>","<wrt:delay,3>Ты <txt:bold,2><txt:color,orange>Нисикава</txt:color></txt:bold>, тебе можно.</wrt:delay>","<wrt:delay,3>Itu sebab awak memang awak, <txt:bold,2><txt:color,orange>Nishikawa</txt:color></txt:bold>.</wrt:delay>","<wrt:delay,3>Ặc, đó là vì cậu là <txt:bold,2><txt:color,orange>Nishikawa</txt:color></txt:bold> thôi.</wrt:delay>","<wrt:delay,3>Uf... eso es porque eres tú, <txt:bold,2><txt:color,orange>Nishikawa</txt:color></txt:bold>.</wrt:delay>","<wrt:delay,3>Urghh, itu karena Anda adalah <txt:bold,2><txt:color,orange>Nishikawa</txt:color></txt:bold>.</wrt:delay>","<wrt:delay,3>อึก ก็นั่นเพราะเป็นคุณ<txt:bold,2><txt:color,orange>นิชิกาวะ</txt:color></txt:bold>ไงล่ะครับ</wrt:delay>","<wrt:delay,3>Argh, claro, isso porque você é o <txt:bold,2><txt:color,orange>Nishikawa</txt:color></txt:bold>.</wrt:delay>"
,,,니시카와,,2_씨익,,,"흐음, 그런가?","Hmm, you think?",ふーん、そうかな？,嗯，是吗？,哼嗯，是嗎？,"Хм, может быть.","Hmm, awak rasa?","Hừm, vậy sao?","Hmm, ¿tú crees?","Hmm, begitu ya?",อืม งั้นเหรอ?,"Hum, será?"
,,,니시카와,,2_씨익,,,"<txt:bold,1>뭐, 나조차 저 사람의 눈에 안 찰지도 모르지.</txt:bold>","<txt:bold,1>Well, she might not even think I’m good enough.</txt:bold>","<txt:bold,1>まあ、俺ですらあの人のお眼鏡にかなわないかもしれないけど。</txt:bold>","<txt:bold,1>不过，我也许还入不了她的法眼呢。</txt:bold>","<txt:bold,1>說不定連我也入不了她的眼呢。</txt:bold>","<txt:bold,1>Хотя может я не дотяну до ее стандартов.</txt:bold>","<txt:bold,1>Mungkin dia rasa saya tidak cukup baik.</txt:bold>","<txt:bold,1>Nhưng ngay cả tôi cũng có thể không lọt vào mắt người đó.</txt:bold>","<txt:bold,1>Bueno, puede que ni siquiera yo esté a su altura.</txt:bold>","<txt:bold,1>Tapi mungkin aku pun tidak akan bisa menarik perhatiannya.</txt:bold>","<txt:bold,1>แม้แต่ฉันก็อาจไม่เข้าตาคนคนนั้นก็ได้</txt:bold>","<txt:bold,1>Talvez nem eu passasse nos critérios dela.</txt:bold>"
,,,니시카와,,2_미소,pause,,"저 사람은 그 <txt:bold,2><txt:color,orange>켈리</txt:color></txt:bold> 씨조차 마음에 안 들어 했으니까.","She wasn’t even satisfied with <txt:bold,2><txt:color,orange>Kelly</txt:color></txt:bold>.","あの人は、あの<txt:bold,2><txt:color,orange>ケリー</txt:color></txt:bold>さんですら気に入らなかったらしいからな。","毕竟她连那个<txt:bold,2><txt:color,orange>凯莉</txt:color></txt:bold>小姐都嫌弃过。","聽說那個人以前連<txt:bold,2><txt:color,orange>凱莉</txt:color></txt:bold>選手都嫌棄過呢。","Ей ведь даже <txt:bold,2><txt:color,orange>Келли</txt:color></txt:bold> не особо нравилась.","Dengan <txt:bold,2><txt:color,orange>Kelly</txt:color></txt:bold> pun dia tidak berpuas hati .","Vì ngay cả <txt:bold,2><txt:color,orange>Kelly</txt:color></txt:bold> cũng không làm cô ấy hài lòng.","Incluso a la mismísima <txt:bold,2><txt:color,orange>Kelly</txt:color></txt:bold> no la soportaba.","Dia bahkan tidak puas dengan <txt:bold,2><txt:color,orange>Kelly</txt:color></txt:bold>.","เพราะคนคนนั้นน่ะ แม้แต่คุณ<txt:bold,2><txt:color,orange>เคลลี่</txt:color></txt:bold>ก็ยังไม่ถูกใจเลย","Ela nem aprovava a <txt:bold,2><txt:color,orange>Kelly</txt:color></txt:bold>, imagina o resto."
,,,니시카와,,2_진지,pause,,"<txt:bold,2><txt:color,orange>사라</txt:color></txt:bold>랑은 잘 지내고 있는 것 같지만. <wrt:wait,30>...<txt:bold,1>아니, ‘잘 지낸다’ 정도가 아닌가!</txt:bold>","She and <txt:bold,2><txt:color,orange>Sara</txt:color></txt:bold> seem to click, though. <wrt:wait,30>...<txt:bold,1>Actually, 'click' might be putting it lightly!</txt:bold>","<txt:bold,2><txt:color,orange>紗良</txt:color></txt:bold>とはうまくやってるみたいだけど。<wrt:wait,30>‥<txt:bold,1>いや、「うまくやってる」どころじゃないか！</txt:bold>","虽然她和<txt:bold,2><txt:color,orange>莎拉</txt:color></txt:bold>相处得挺好。<wrt:wait,30>‥<txt:bold,1>不，岂止是'相处得好'啊！</txt:bold>","雖然現在跟<txt:bold,2><txt:color,orange>莎拉</txt:color></txt:bold>相處得不錯。<wrt:wait,30>‥<txt:bold,1>不對，那不只是「相處得不錯」的程度了吧！</txt:bold>","Хотя с <txt:bold,2><txt:color,orange>Сарой</txt:color></txt:bold> они прекрасно сыгрались. <wrt:wait,30>...<txt:bold,1>И это я еще преуменьшаю!</txt:bold>","Namun dia dan <txt:bold,2><txt:color,orange>Sara</txt:color></txt:bold> nampaknya serasi. <wrt:wait,30>...<txt:bold,1>Tapi, mungkin bukan sekadar 'serasi'!</txt:bold>","Nhưng có vẻ cậu ấy khá thân với <txt:bold,2><txt:color,orange>Sara</txt:color></txt:bold>. <wrt:wait,30>...<txt:bold,1>Không, phải nói là thân thiết lắm!</txt:bold>","Parece que se lleva bien con <txt:bold,2><txt:color,orange>Sara</txt:color></txt:bold>. <wrt:wait,30>...<txt:bold,1>¡No, creo que es más que llevarse bien!</txt:bold>","Tapi sepertinya dia cukup akrab dengan <txt:bold,2><txt:color,orange>Sara</txt:color></txt:bold>. <wrt:wait,30>...<txt:bold,1>Malah, bukan hanya sekedar ‘cukup akrab’!</txt:bold>","ถึงจะดูเหมือนเข้ากับ<txt:bold,2><txt:color,orange>ซาร่า</txt:color></txt:bold>ได้ดีก็เถอะ <wrt:wait,30>...<txt:bold,1>ไม่สิ ไม่ใช่แค่ในระดับ ‘เข้ากันได้ดี’ ล่ะมั้ง!</txt:bold>","Mas com a <txt:bold,2><txt:color,orange>Sara</txt:color></txt:bold> ela parece se dar bem... <wrt:wait,30>não... <txt:bold,1>«bem» é pouco!</txt:bold>"
,,,야마데라,,1_땀,,quest,"<wrt:delay,3>...<wrt:wait,30>예?</wrt:delay>","<wrt:delay,3>...<wrt:wait,30>Huh?</wrt:delay>","<wrt:delay,3>‥<wrt:wait,30>え？</wrt:delay>","<wrt:delay,3>‥<wrt:wait,30>啊？</wrt:delay>","<wrt:delay,3>‥<wrt:wait,30>什麼？</wrt:delay>","<wrt:delay,3>...<wrt:wait,30>В смысле?</wrt:delay>","<wrt:delay,8>...<wrt:wait,30>Hah?</wrt:delay>","<wrt:delay,3>...<wrt:wait,30>Gì cơ?</wrt:delay>","<wrt:delay,3>...<wrt:wait,30>¿Qué?</wrt:delay>","<wrt:delay,3>...<wrt:wait,30>Apa?</wrt:delay>","<wrt:delay,3>...<wrt:wait,30>ครับ?</wrt:delay>","<wrt:delay,3>Hã? <wrt:wait,30>Como assim?</wrt:delay>"
,,,니시카와,,2_씨익,,,오! 나도 부른다! 잠깐 인터뷰 좀 하고 올게!,Oh! They’re calling me over too! Let me do a quick interview!,お！俺も呼ばれてる！ちょっとインタビューしてくるわ！,噢！轮到我了！我去接受一下采访！,喔！輪到我了！我去接受一下採訪喔！,"О, моя очередь! Пойду дам интервью!",Oh! Mereka panggil saya juga! Saya nak buat temu bual cepat!,Ồ! Đến lượt tôi rồi! Tôi đi phỏng vấn một chút nhé!,¡Oh! ¡Me están llamando a mí también! ¡Iré a dar una entrevista rápida!,Oh! Aku sedang dipanggil! Aku akan pergi untuk melakukan Interview!,โอ๊ะ! ฉันก็โดนเรียกแฮะ! เดี๋ยวฉันไปให้สัมภาษณ์แป๊บหนึ่งนะ!,Opa! Chamaram meu nome! Vou ali dar uma entrevista rápida!
,,,야마데라,,1_땀,,,"<wrt:delay,3>아, 잠깐... 그럼 길어질 텐데 저는 먼저 들어가 봐도 될까요?</wrt:delay>","<wrt:delay,3>Oh, hold on... That’ll take forever. Mind if I head in first?</wrt:delay>","<wrt:delay,3>あ、ちょっと‥それだと長くなりそうなんで、俺は先に戻ってもいいですか？</wrt:delay>","<wrt:delay,3>啊，等下‥那得说很久吧，我能先回去吗？</wrt:delay>","<wrt:delay,3>啊，等等‥那會花很久時間吧，我可以先走嗎？</wrt:delay>","<wrt:delay,3>Погоди... Если это надолго, то можно я пойду первым?</wrt:delay>","<wrt:delay,3>Oh, tunggu... Itu akan mengambil masa lama. Boleh saya masuk dulu?</wrt:delay>","<wrt:delay,3>À, khoan... vậy chắc sẽ lâu lắm. Tôi có thể về trước không?</wrt:delay>","<wrt:delay,3>Ah, espere... Si va a tardar, ¿puedo irme yo primero?</wrt:delay>","<wrt:delay,3>Ah, sebentar... Sepertinya akan memakan waktu lama, apa boleh saya masuk duluan?</wrt:delay>","<wrt:delay,3>เอ่อ เดี๋ยวครับ... ถ้างั้นก็น่าจะนานนะ ผมขอตัวกลับก่อนได้ไหมครับ?</wrt:delay>","<wrt:delay,3>Ah, espera... mas isso vai demorar. Posso ir na frente?</wrt:delay>"
,,,니시카와,,2_씨익,,,"무슨 소리야! <txt:size,2>팬들한테 인사해야지! 다들 널 기다리고 있어!</txt:size>","What are you talking about? <txt:size,2>The fans are waiting! Go say hi!</txt:size>","何言ってんだ！<txt:size,2>ファンに挨拶しなきゃ！みんな君を待ってるんだぞ！</txt:size>","乱说什么！<txt:size,2>你得去跟粉丝打招呼啊！大家都在等着你呢！</txt:size>","你在說什麼啊！<txt:size,2>當然要跟粉絲們打個招呼啊！大家都在等你耶！</txt:size>","Эй, не выдумывай! <txt:size,2>Сходи поздоровайся с фанатами! Они же ждут!</txt:size>","Apa awak cakap? <txt:size,2>Peminat sedang menunggu! Pergi menyapa mereka!</txt:size>","Nói gì vậy! <txt:size,2>Phải chào fan chứ! Mọi người đang chờ cậu đấy!</txt:size>","¡Qué dices! <txt:size,2>¡Tienes que saludar a los fans! ¡Todos te están esperando!</txt:size>","Apa yang kamu bicarakan! <txt:size,2>Kamu harus menyapa para penggemar! Mereka semua menunggumu!</txt:size>","พูดอะไรของนายเนี่ย! <txt:size,2>นายต้องทักทายแฟนๆ สิ! ทุกคนรอนายอยู่นะ!</txt:size>","Como assim? <txt:size,2>Você tem que cumprimentar os fãs! Eles tão te esperando!</txt:size>"
,,,야마데라,,,nervous,sweat,"<wrt:delay,3>...어휴. 이쪽 주장도 귀찮아.</wrt:delay>","<wrt:delay,3>Ugh... Our captain’s a handful too.</wrt:delay>","<wrt:delay,3>‥はぁ。こっちのキャプテンもめんどくさいな。</wrt:delay>","<wrt:delay,3>‥唉。我们这边的队长也一样麻烦。</wrt:delay>","<wrt:delay,3>‥唉。這邊的隊長也很愛找麻煩。</wrt:delay>","<wrt:delay,3>Эх... Вот ведь заноза.</wrt:delay>","<wrt:delay,3>Ugh... Kapten kita pun susah nak layan.</wrt:delay>","<wrt:delay,3>...Ôi trời. Đội trưởng bên này cũng phiền thật.</wrt:delay>","<wrt:delay,3>...Uf. Este capitán también es un fastidio.</wrt:delay>","<wrt:delay,3>...Aduh. Kapten di sini juga merepotkan sekali.</wrt:delay>","<wrt:delay,3>...เฮ้อ กัปตันทีมนี้ก็น่ารำคาญจัง</wrt:delay>","<wrt:delay,3>Meu Deus... nosso capitão também é complicado.</wrt:delay>"
,,,TAG,,,,,"<eff:black,3>","<eff:black,3>","<eff:black,3>","<eff:black,3>","<eff:black,3>","<eff:black,3>","<eff:black,3>","<eff:black,3>","<eff:black,3>","<eff:black,3>","<eff:black,3>","<eff:black,3>"
,,,TAG,,,,,"<cha:qpos,니시카와,-2><cha:qpos,야마데라,-4><cha:qpos,아이리스,2>","<cha:qpos,니시카와,-2><cha:qpos,야마데라,-4><cha:qpos,아이리스,2>","<cha:qpos,니시카와,-2><cha:qpos,야마데라,-4><cha:qpos,아이리스,2>","<cha:qpos,니시카와,-2><cha:qpos,야마데라,-4><cha:qpos,아이리스,2>","<cha:qpos,니시카와,-2><cha:qpos,야마데라,-4><cha:qpos,아이리스,2>","<cha:qpos,니시카와,-2><cha:qpos,야마데라,-4><cha:qpos,아이리스,2>","<cha:qpos,니시카와,-2><cha:qpos,야마데라,-4><cha:qpos,아이리스,2>","<cha:qpos,니시카와,-2><cha:qpos,야마데라,-4><cha:qpos,아이리스,2>","<cha:qpos,니시카와,-2><cha:qpos,야마데라,-4><cha:qpos,아이리스,2>","<cha:qpos,니시카와,-2><cha:qpos,야마데라,-4><cha:qpos,아이리스,2>","<cha:qpos,니시카와,-2><cha:qpos,야마데라,-4><cha:qpos,아이리스,2>","<cha:qpos,니시카와,-2><cha:qpos,야마데라,-4><cha:qpos,아이리스,2>"
,,,아이리스,,1_안절부절,,,"...겨우 끝났네요. 도와줘서 고마워요, <txt:bold,2><txt:color,orange>니시카와</txt:color></txt:bold>.","It’s finally over. Thanks for bailing me out, <txt:bold,2><txt:color,orange>Nishikawa</txt:color></txt:bold>.","‥やっと終わりましたね。助けてくれてありがとうございます、<txt:bold,2><txt:color,orange>西川</txt:color>さん</txt:bold>。","‥总算结束了。谢谢你的配合，<txt:bold,2><txt:color,orange>西川</txt:color></txt:bold>。","‥總算結束了。謝謝你的幫忙，<txt:bold,2><txt:color,orange>西川</txt:color></txt:bold>。","Наконец-то закончили. Спасибо за помощь, <txt:bold,2><txt:color,orange>Нисикава</txt:color></txt:bold>.","...Akhirnya selesai. Terima kasih kerana membantu saya, <txt:bold,2><txt:color,orange>Nishikawa</txt:color></txt:bold>.","...Cuối cùng cũng xong rồi. Cảm ơn đã giúp tôi, <txt:bold,2><txt:color,orange>Nishikawa</txt:color></txt:bold>.","...Por fin terminó. Gracias por la ayuda, <txt:bold,2><txt:color,orange>Nishikawa</txt:color></txt:bold>.","...Akhirnya selesai. Terima kasih atas bantuanmu, <txt:bold,2><txt:color,orange>Nishikawa</txt:color></txt:bold>.","...ในที่สุดก็จบสักที ขอบคุณที่ช่วยนะคะ <txt:bold,2><txt:color,orange>นิชิกาวะ</txt:color></txt:bold>","Ah, finalmente acabou. Obrigada pela ajuda, <txt:bold,2><txt:color,orange>Nishikawa</txt:color></txt:bold>."
,,,니시카와,,1_기본,,,"<txt:size,2>하하하, 이럴 때 서로 돕는 거죠!</txt:size>","<txt:size,2>Haha, we’ve got to help each other out at times like this!</txt:size>","<txt:size,2>ハハハ、こういうときこそ助け合わないと！</txt:size>","<txt:size,2>哈哈哈，这种时候互相帮助是应该的！</txt:size>","<txt:size,2>哈哈哈，這種時候本來就該互相幫忙嘛！</txt:size>","<txt:size,2>Ха-ха, в такие моменты надо помогать друг другу!</txt:size>","<txt:size,2>Haha, waktu beginilah kita saling membantu!</txt:size>","<txt:size,2>Hahaha, lúc thế này thì phải giúp đỡ lẫn nhau chứ!</txt:size>","<txt:size,2>¡Jajaja, para eso estamos en estos momentos!</txt:size>","<txt:size,2>Hahaha, kita harus saling bantu-bantu di saat seperti ini!</txt:size>","<txt:size,2>ฮ่าฮ่าฮ่า เวลาแบบนี้เราก็ต้องช่วยกันอยู่แล้วครับ!</txt:size>","<txt:size,2>Hahaha, é pra isso que existem os colegas!</txt:size>"
,,,니시카와,,1_씨익,,,"그런데, <wrt:wait,30>음! 낯빛이 별로 안 좋아 보이시는데요?","Hey, <wrt:wait,30>you don’t look so hot.","ところで、<wrt:wait,30>うーん！顔色があまり良くないみたいですけど？","不过，<wrt:wait,30>嗯！您的脸色看起来不太好啊？","不過，<wrt:wait,30>嗯！妳的臉色看起來不太好耶？","Знаешь... <wrt:wait,30>Что-то у тебя вид не очень.","Hei, <wrt:wait,30>awak nampak tak berapa sihat.","Nhưng mà... <wrt:wait,30>Ưm! Sắc mặt của cậu trông không được tốt lắm nhỉ?","Pero, <wrt:wait,30>¡Mmm! No tienes muy buena cara, ¿sabes?","Ngomong-ngomong, <wrt:wait,30>Hmm! Anda tidak terlihat begitu baik.","ว่าแต่ <wrt:wait,30>อืม! สีหน้าคุณดูไม่ค่อยดีเลยนะครับ?","Mas... <wrt:wait,30>hum... você não parece estar muito bem não."
,,,니시카와,,1_기본,,,혹시 고민이라도 있습니까? 인터뷰 때문이라면...,Something bothering you? If it’s the interview...,もしかして悩みでもありますか？インタビューのことなら‥,是有什么心事吗？如果是采访的事‥,是有什麼煩惱嗎？如果是因為剛才採訪的事‥,Это из-за интервью? Тебя что-то тревожит?,Ada sesuatu yang mengganggu awak? Kalau sebab temu bual nanti...,Cậu có chuyện gì phiền lòng sao? Nếu là vì buổi phỏng vấn thì...,¿Acaso tienes algo que te preocupa? Si es por la entrevista...,Apa ada sesuatu yang menganggu Anda? Jika itu karena Interview...,ไม่ทราบว่ามีเรื่องกังวลอะไรรึเปล่าครับ? ถ้าเป็นเพราะการสัมภาษณ์ล่ะก็...,Tem alguma coisa te preocupando? Se for por causa da entrevista...
,,,아이리스,,1_의문,,quest,"...예?<wrt:wait,30> 인터뷰?","Huh...?<wrt:wait,30> The interview?","‥え？<wrt:wait,30>インタビュー？","‥诶？<wrt:wait,30>采访？","‥咦？<wrt:wait,30>採訪嗎？","А?<wrt:wait,30> Интервью?","Hah...?<wrt:wait,30> Temu bual?","...Hả?<wrt:wait,30> Phỏng vấn?","...¿Eh?<wrt:wait,30> ¿La entrevista?","...Eh?<wrt:wait,30> Interview?","...คะ?<wrt:wait,30> การสัมภาษณ์?","Hã? <wrt:wait,30>Entrevista?"
,,,아이리스,,1_기본,,,"아아... <wrt:wait,30>그건 아니에요. 인터뷰야 늘 망치는걸요. ","Oh... <wrt:wait,30>no, not that. I always mess those up anyway.","ああ‥<wrt:wait,30>それじゃないんです。インタビューはいつも失敗ばかりですから。","啊‥<wrt:wait,30>不是因为那个。采访我总是搞砸，习惯了。","啊啊‥<wrt:wait,30>不是啦。採訪我本來就常常搞砸。","Ох... <wrt:wait,30>Нет. Интервью я всегда ужасно даю.","Oh... <wrt:wait,30>bukan, bukan itu. Saya memang tak pandai bab itu.","À... <wrt:wait,30>Không phải vậy đâu. Dù sao thì phỏng vấn tôi cũng toàn làm hỏng thôi.","Ah... <wrt:wait,30>no es por eso. Siempre arruino las entrevistas de todos modos.","Ahhh... <wrt:wait,30>Bukan karena hal itu. Interview saya memang selalu berantakan.","อ๋อ... <wrt:wait,30>ไม่ใช่เรื่องนั้นหรอกค่ะ ฉันสัมภาษณ์พังมาตลอดอยู่แล้ว","Ah, não... <wrt:wait,30>não é isso. Eu sempre me saio mal em entrevista."
,,,아이리스,,1_미소,,,어차피 조금 있다 구단주님께 전화가 올 거예요.,The owner’s going to call any minute.,どうせもう少ししたら、オーナーから電話が来ますよ。,反正过会儿老板就会打电话过来。,反正待會球團老闆就會打電話來了。,И скоро мне позвонит владелец клуба.,Pemilik akan panggil bila-bila nanti.,Đằng nào lát nữa chủ tịch câu lạc bộ cũng sẽ gọi điện.,Seguro que el dueño del equipo me llamará en un rato.,Dan seperti biasanya sebentar lagi saya pasti akan dihubungi oleh pemilik klub.,อีกเดี๋ยวผู้บริหารสโมสรก็จะโทรมาแหละค่ะ,"De qualquer forma, daqui a pouco o presidente do clube vai me ligar."
,,,아이리스,,1_기본,,,"그럼 또 평소처럼 잔뜩 혼나면 돼요. <txt:shake,1>후후...</txt:shake>","Then I’ll get chewed out like always. <txt:shake,1>Hehe...</txt:shake>","そしたら、またいつもみたいにたっぷり叱られればいいんです。<txt:shake,1>ふふ‥</txt:shake>","到时候像往常一样被大骂一顿就好了。<txt:shake,1>呵呵‥</txt:shake>","到時候再乖乖被臭罵一頓就好了。<txt:shake,1>呵呵‥</txt:shake>","Чтобы как обычно отчитать. <txt:shake,1>Хе-хе...</txt:shake>","Mesti saya akan kena marah seperti biasa. <txt:shake,1>Hehe...</txt:shake>","Rồi tôi lại bị mắng một trận như thường lệ thôi. <txt:shake,1>Hihi...</txt:shake>","Y me regañará un montón como siempre. <txt:shake,1>Jeje...</txt:shake>","Lalu akan diomeli seperti biasanya. <txt:shake,1>Huhu...</txt:shake>","แล้วฉันก็แค่โดนดุเหมือนปกติ <txt:shake,1>ฮิฮิ...</txt:shake>","E aí vem o sermão de sempre. <txt:shake,1>Hehe...</txt:shake>"
,,,니시카와,,1_기본,,,"하하하, 그럼 역시 다른 이유군요? 뭔지 말씀해 보시죠!","Hahaha, so it’s something else then! Come on, spill!",ハハハ、じゃあやっぱり別の理由なんですね？遠慮なく話してくださいよ！,哈哈哈，那果然是因为别的事咯？说来听听！,哈哈哈，看來是別的原因囉？快說來聽聽吧！,"Ха-ха, тогда дело явно в другом. Что случилось?","Hahaha, jadi ada benda lain! Ayuh, ceritalah!","Hahaha, vậy là vì lý do khác rồi nhỉ? Nói tôi nghe thử xem!","Jajaja, entonces ¿es por otra razón? ¡Dime de qué se trata!","Hahaha, kalau begitu ada hal yang lain ya? Coba ceritakan pada saya!",ฮ่าฮ่าฮ่า ถ้างั้นก็เป็นเหตุผลอื่นจริงๆ สินะครับ? บอกผมมาได้เลยนะครับ!,Haha! Então é outra coisa! Pode falar!
,,,아이리스,,1_기본,,,"아... 그게... 사실 <txt:bold,2><txt:color,orange>사라</txt:color></txt:bold>가 걱정돼서요. 혹시 <txt:bold,2><txt:color,orange>니시카와</txt:color></txt:bold> 씨 느꼈나요?","It’s... Actually... I’m worried about <txt:bold,2><txt:color,orange>Sara</txt:color></txt:bold>. Did you pick up on anything, <txt:bold,2><txt:color,orange>Nishikawa</txt:color></txt:bold>?","あ‥その‥実は<txt:bold,2><txt:color,orange>紗良</txt:color></txt:bold>が心配で。もしかして<txt:bold,2><txt:color,orange>西川</txt:color></txt:bold>さんは気づきましたか？","啊‥那个‥其实是我很担心<txt:bold,2><txt:color,orange>莎拉</txt:color></txt:bold>。<txt:bold,2>不知<txt:color,orange>西川</txt:color></txt:bold>先生有没有感觉到？","啊‥那個‥其實我是擔心<txt:bold,2><txt:color,orange>莎拉</txt:color></txt:bold>。不知道<txt:bold,2><txt:color,orange>你</txt:color></txt:bold>，有沒有感覺到？","Если честно, я немного волнуюсь за <txt:bold,2><txt:color,orange>Сару</txt:color></txt:bold>. Ты ничего не заметил?","Ia... Sebenarnya... Saya risau tentang <txt:bold,2><txt:color,orange>Sara</txt:color></txt:bold>. Awak perasan apa-apa tak, <txt:bold,2><txt:color,orange>Nishikawa</txt:color></txt:bold>?","À... chuyện là... tôi đang lo cho <txt:bold,2><txt:color,orange>Sara</txt:color></txt:bold>. Không biết <txt:bold,2><txt:color,orange>Nishikawa</txt:color></txt:bold> có cảm nhận được không?","Ah... es que... la verdad me preocupa <txt:bold,2><txt:color,orange>Sara</txt:color></txt:bold>. ¿Tú también lo notaste, <txt:bold,2><txt:color,orange>Nishikawa</txt:color></txt:bold>?","Ah... Jadi itu... sebenarnya saya agak mengkhawatirkan <txt:bold,2><txt:color,orange>Sara</txt:color></txt:bold>. Apa <txt:bold,2><txt:color,orange>Nishikawa</txt:color></txt:bold> juga merasakannya?","เอ่อ... คือว่า... ที่จริงฉันกังวลเรื่อง<txt:bold,2><txt:color,orange>ซาร่า</txt:color></txt:bold>น่ะค่ะ คุณ<txt:bold,2><txt:color,orange>นิชิกาวะ</txt:color></txt:bold>รู้สึกบ้างรึเปล่าคะ?","Ah... é que... tô preocupada com a <txt:bold,2><txt:color,orange>Sara</txt:color></txt:bold>. <txt:bold,2><txt:color,orange>Nishikawa</txt:color></txt:bold>, você notou algo estranho?"
,,,아이리스,,1_기본,,,"<txt:bold,2><txt:color,orange>사라</txt:color>의 플레이 변화를.</txt:bold>","<txt:bold,2>Something different about her play.<txt:color,orange></txt:color></txt:bold>","<txt:bold,2><txt:color,orange>紗良</txt:color>のプレーの変化に。</txt:bold>","<txt:bold,2><txt:color,orange>莎拉</txt:color>打球风格的变化。</txt:bold>","<txt:bold,2><txt:color,orange>莎拉</txt:color></txt:bold>打球時的變化。",В ее игре что-то изменилось.,"<txt:bold,2>Apa-apa yang berbeza tentang permainannya.<txt:color,orange></txt:color></txt:bold>","Sự thay đổi trong cách chơi của <txt:bold,2><txt:color,orange>Sara</txt:color>.</txt:bold>","<txt:bold,2>El cambio en la forma de jugar de <txt:color,orange>Sara</txt:color>.</txt:bold>","<txt:bold,2>Perubahan pada cara bermain <txt:color,orange>Sara</txt:color>.</txt:bold>","ว่าการเล่นของ<txt:bold,2><txt:color,orange>ซาร่า</txt:color>เปลี่ยนไป</txt:bold>","Uma diferença no jeito da <txt:bold,2><txt:color,orange>Sara</txt:color> jogar.</txt:bold>"
,,,니시카와,,1_씨익,,sielnt,음? 아뇨! 전 잘 모르겠습니다!,Hm? Nope! Can’t say I did!,ん？いいえ！俺にはよく分かりません！,唔？没有啊！我倒没觉得有什么！,嗯？沒有耶！我完全沒感覺到！,"Хм? Нет, я не заметил.",Hm? Tak! Tak perasan pun!,Hửm? Không! Tôi không nhận ra gì cả!,¿Mmm? ¡No! ¡La verdad no me he dado cuenta!,Hmm? Tidak! Saya tidak merasakan apa-apa!,หืม? ไม่นะครับ! ผมไม่รู้เลย!,"Hã? Não, não notei!"
,,,아이리스,,1_안절부절,nerovus,,"...아, 아아... <wrt:wait,30>그렇죠. 물론, 저도 오늘 <txt:bold,2><txt:color,orange>사라</txt:color></txt:bold>의 플레이 자체는 굉장히 만족스러웠어요.","Oh, right... <wrt:wait,30>I mean, don’t get me wrong, I was very happy with how <txt:bold,2><txt:color,orange>Sara</txt:color></txt:bold> played today.","‥あ、ああ‥<wrt:wait,30>そうですよね。もちろん、私も今日の<txt:bold,2><txt:color,orange>紗良</txt:color></txt:bold>のプレー自体はとても満足しています。","‥啊，也是啊‥<wrt:wait,30>也是。当然，我今天对<txt:bold,2><txt:color,orange>莎拉</txt:color></txt:bold>的表现也非常满意。","‥啊‥<wrt:wait,30>也是。當然，我對今天<txt:bold,2><txt:color,orange>莎拉</txt:color></txt:bold>的表現也感到非常滿意。","Да-а... <wrt:wait,30>Сегодня <txt:bold,2><txt:color,orange>Сара</txt:color></txt:bold> сыграла просто отлично.","Oh, ya... <wrt:wait,30>Jangan salah faham, saya cukup puas hati dengan cara <txt:bold,2><txt:color,orange>Sara</txt:color></txt:bold> bermain hari ini.","...À, à... <wrt:wait,30>đúng rồi. Dĩ nhiên hôm nay tôi cũng rất hài lòng với lối chơi của <txt:bold,2><txt:color,orange>Sara</txt:color></txt:bold>.","...A-ah... <wrt:wait,30>claro. Por supuesto, yo también estuve muy satisfecha con el juego de <txt:bold,2><txt:color,orange>Sara</txt:color></txt:bold> hoy.","...Ohhh... <wrt:wait,30>Iya. Tentu saja, saya juga sangat puas dengan cara bermain dari <txt:bold,2><txt:color,orange>Sara</txt:color></txt:bold> pada hari ini.","...อ่า... <wrt:wait,30>นั่นสินะคะ แน่นอนว่าฉันก็พอใจกับการเล่นภาพรวมของ<txt:bold,2><txt:color,orange>ซาร่า</txt:color></txt:bold>ในวันนี้มากเลยค่ะ","Ah... é. <wrt:wait,30>O desempenho da <txt:bold,2><txt:color,orange>Sara</txt:color></txt:bold> hoje foi ótimo, pra ser honesta."
,,,아이리스,,1_기본,nerovus,,다만... 늘 함께 뛰다 보면 느껴지는 게 있거든요.,"It’s just... when you play together every day, you start noticing things.",ただ‥いつも一緒にプレーしていると感じることがあるんです。,只是‥长期一起并肩作战的话，是会有感觉的。,只是‥長期搭檔下來，總會感覺到一些微小的差異。,"Просто когда постоянно играешь рядом, начинаешь замечать мелочи.","Cuma... bila dah bermain bersama setiap hari, boleh perasan benda-benda kecil.",Chỉ là... khi thi đấu cùng nhau lâu rồi thì sẽ cảm nhận được vài điều.,"Solo que... cuando juegas siempre con alguien, hay cosas que se sienten.",Tapi... ada hal yang bisa dirasakan jika bermain bersama.,แต่ว่า... เพราะเราเล่นด้วยกันมาตลอด ฉันก็เลยรู้สึก,"Mas... quando a gente convive tanto, dá pra perceber os detalhes."
,,,아이리스,,1_의문,nerovus,,"어쩐지 요즘 <txt:bold,2><txt:color,orange>사라</txt:color></txt:bold>의 플레이에서 <txt:bold,2>권태</txt:bold> 같은 게 느껴지는 것 같아요.","Lately there’s this... <txt:bold,2>staleness</txt:bold> to <txt:bold,2><txt:color,orange>Sara</txt:color></txt:bold>’s game. Like she’s just going through the motions.","なんだか最近<txt:bold,2><txt:color,orange>紗良</txt:color></txt:bold>のプレーから<txt:bold,2>倦怠感</txt:bold>みたいなものを感じる気がして。","总觉得最近<txt:bold,2><txt:color,orange>莎拉</txt:color></txt:bold>的打法里，透着一种<txt:bold,2>倦怠感</txt:bold>。","不曉得為什麼，最近<txt:bold,2><txt:color,orange>莎拉</txt:color></txt:bold>的表現中，好像藏著莫名的<txt:bold,2>倦怠感</txt:bold>。","Кажется, ее игра сейчас... будто <txt:bold,2>потеряла огонь</txt:bold>.","Kebelakangan ini ada... <txt:bold,2>kelesuan</txt:bold> dalam permainan <txt:bold,2><txt:color,orange>Sara</txt:color></txt:bold>. Seperti dia hanya mengikut rutin.","Dạo này trong lối chơi của <txt:bold,2><txt:color,orange>Sara</txt:color></txt:bold> có cảm giác như... <txt:bold,2>chán nản</txt:bold> vậy.","Últimamente siento una especie de <txt:bold,2>aburrimiento</txt:bold> en el juego de <txt:bold,2><txt:color,orange>Sara</txt:color></txt:bold>.","Entah kenapa, akhir-akhir ini saya merasa ada semacam <txt:bold,2>kejenuhan</txt:bold> dalam permainan <txt:bold,2><txt:color,orange>Sara</txt:color></txt:bold>.","เหมือนช่วงนี้ฉันรู้สึกได้ถึง<txt:bold,2>ความหมดไฟ</txt:bold>จากการเล่นของ<txt:bold,2><txt:color,orange>ซาร่า</txt:color></txt:bold>ค่ะ","Parece que a <txt:bold,2><txt:color,orange>Sara</txt:color></txt:bold> tá meio <txt:bold,2>entediada</txt:bold> em quadra."
,,,아이리스,,1_기본,nerovus,,"컨디션 문제인지, 아니면 벌써 슬럼프인지... <wrt:wait,30><wrt:break>만약 <txt:bold,2><txt:color,orange>사라</txt:color></txt:bold>에게 뭔가 문제가 있다면 전...","I don’t know if it’s something physical or if she’s in a slump... <wrt:wait,30><wrt:break>but if something’s wrong with <txt:bold,2><txt:color,orange>Sara</txt:color></txt:bold>, I...","コンディションの問題なのか、それとももうスランプなのか‥<wrt:wait,30><wrt:break>もし<txt:bold,2><txt:color,orange>紗良</txt:color></txt:bold>に何かあったら私は‥","也不知是状态问题，还是遇到瓶颈了‥<wrt:wait,30><wrt:break>如果<txt:bold,2><txt:color,orange>莎拉</txt:color></txt:bold>真的遇到了什么麻烦，我‥","到底是狀態問題，還是已經遇到瓶頸了‥<wrt:wait,30><wrt:break>萬一<txt:bold,2><txt:color,orange>莎拉</txt:color></txt:bold>真的遇到了什麼困難，我‥","Может, это физическая форма или выгорание...<wrt:wait,30><wrt:break> Но если с <txt:bold,2><txt:color,orange>Сарой</txt:color></txt:bold> что-то происходит, я...","Saya tak tahu sama ada sesuatu yang fizikal atau jika dia dalam kemerosotan... <wrt:wait,30><wrt:break>tapi jika ada yang tak kena dengan <txt:bold,2><txt:color,orange>Sara</txt:color></txt:bold>, saya...","Không biết là thể trạng có vấn đề hay đã rơi vào giai đoạn sa sút phong độ rồi... <wrt:wait,30><wrt:break>nếu <txt:bold,2><txt:color,orange>Sara</txt:color></txt:bold> có vấn đề gì thì tôi...","Si es un problema de condición, o si ya está en una crisis... <wrt:wait,30><wrt:break>¡Si <txt:bold,2><txt:color,orange>Sara</txt:color></txt:bold> tiene algún problema, yo...","Entah itu karena kondisi tubuhnya, atau karena Slump... <wrt:wait,30><wrt:break>Jika terjadi suatu masalah pada <txt:bold,2><txt:color,orange>Sara</txt:color></txt:bold> maka saya...","ไม่รู้ว่าเป็นเพราะปัญหาสภาพร่างกายหรือเธอเริ่มฟอร์มตก... <wrt:wait,30><wrt:break>แต่ถ้า<txt:bold,2><txt:color,orange>ซาร่า</txt:color></txt:bold>มีปัญหาอะไรล่ะก็ ฉัน...","Pode ser físico, ou talvez já esteja numa fase ruim... <wrt:wait,30><wrt:break>mas se a <txt:bold,2><txt:color,orange>Sara</txt:color></txt:bold> tiver com algum problema, eu..."
,,,아이리스,,1_안절부절,nerovus,,"<txt:shake,1>이, 이럴 때야말로 주장인 제가 뭔가 해줘야 할 텐데요...!</txt:shake>","<txt:shake,1>Th-This is exactly when I should be stepping up as her captain...!</txt:shake>","<txt:shake,1>こ、こんなときこそキャプテンの私が何とかしてあげないと‥！</txt:shake>","<txt:shake,1>这种时候，我这个当队长的应该为她做点什么才对‥！</txt:shake>","<txt:shake,1>這種時候，身為隊長的我，應該要做點什麼才對‥！</txt:shake>","<txt:shake,1>Должна что-то сделать, как капитан!</txt:shake>","<txt:shake,1>I-Inilah masanya saya patut tampil sebagai kaptennya...!</txt:shake>","<txt:shake,1>L, lúc như thế này đáng lẽ đội trưởng như tôi phải làm gì đó mới đúng...!</txt:shake>","<txt:shake,1>¡E-en momentos como este es cuando yo, como capitana, debería hacer algo...!</txt:shake>","<txt:shake,1>D-dalam situasi seperti ini, sebagai kapten seharusnya saya melakukan sesuatu...!</txt:shake>","<txt:shake,1>นะ ในเวลาแบบนี้ กัปตันอย่างฉันก็ควรจะต้องทำอะไรสักอย่างค่ะ...!</txt:shake>","<txt:shake,1>É exatamente nessa hora que eu, como capitã, devia fazer algo!</txt:shake>"
,,,니시카와,,1_씨익,,,"...흠, <txt:bold,2>권태</txt:bold>라. ","Hmm. <txt:bold,2>Staleness</txt:bold>, huh.","‥ふむ、<txt:bold,2>倦怠感</txt:bold>か。","‥嗯，<txt:bold,2>倦怠感</txt:bold>吗。","‥唔，<txt:bold,2>倦怠感</txt:bold>嗎。","Хм... <txt:bold,2>Пропал огонь</txt:bold>, значит.","Hmm.<txt:bold,2>Kelesuan</txt:bold>, ya.","...Hừm, <txt:bold,2>chán nản</txt:bold> sao.","...Hmm, <txt:bold,2>aburrimiento</txt:bold>.","...Hmm, <txt:bold,2>kejenuhan</txt:bold> ya.","...อืม <txt:bold,2>ความหมดไฟ</txt:bold>งั้นเหรอ","Hum... <txt:bold,2>tédio</txt:bold>..."
,,,니시카와,,1_기본,,exclam,"<txt:size,2>좋아요! 그럼 제가 직접 물어보죠!</txt:size>","<txt:size,2>All right! I’ll just ask her myself then!</txt:size>","<txt:size,2>よし！それなら俺が直接聞いてみましょう！</txt:size>","<txt:size,2>好吧！那我去直接问问她！</txt:size>","<txt:size,2>這樣吧！那我去直接問她！</txt:size>","<txt:size,2>Хорошо! Тогда я пойду поговорю с ней сам.</txt:size>","<txt:size,2>Baiklah! Saya akan tanya dia sendiri!</txt:size>","<txt:size,2>Được! Vậy để tôi hỏi trực tiếp luôn!</txt:size>","<txt:size,2>¡Bien! ¡Entonces le preguntaré yo mismo!</txt:size>","<txt:size,2>Baik! Kalau begitu, saya akan coba tanya langsung!</txt:size>","<txt:size,2>โอเคครับ! ถ้างั้นเดี๋ยวผมจะไปถามเธอเอง!</txt:size>","<txt:size,2>Certo! Vou lá perguntar pessoalmente!</txt:size>"
,,,아이리스,,1_기본,,,"으, 음...? 그래요? 뭐, <wrt:wait,30><txt:bold,2><txt:color,orange>니시카와</txt:color></txt:bold> 씨라면 조금 도움이 될지도... 그럼 부탁할게요.","O-Oh...? You’d do that, <txt:bold,2><txt:color,orange>Nishikawa</txt:color></txt:bold>? Well, <wrt:wait,30>if you can get through to her... then please.","え、えっ‥？本当ですか？まあ、<wrt:wait,30><txt:bold,2><txt:color,orange>西川</txt:color></txt:bold>さんなら少し助けになるかも‥じゃあ、お願いしますね。","诶，嗯‥？真的吗？如果是<wrt:wait,30><txt:bold,2><txt:color,orange>西川</txt:color></txt:bold>先生的话，也许会有所帮助‥那就拜托了。","咦、呃‥真的嗎？如果是<wrt:wait,30><txt:bold,2><txt:color,orange>西川</txt:color></txt:bold>的話，或許真的能幫上忙‥那就拜託你了。","М-м, ладно. <wrt:wait,30>Может она доверится тебе.","O-Oh...? Awak akan buat begitu, <txt:bold,2><txt:color,orange>Nishikawa</txt:color></txt:bold>? Baiklah, <wrt:wait,30>jika awak boleh pujuk dia... silakan.","Ơ, ừm...? Thật sao? Nếu là <wrt:wait,30><txt:bold,2><txt:color,orange>Nishikawa</txt:color></txt:bold> thì có lẽ cũng giúp được chút... Vậy nhờ cậu nhé.","Eh... mmm... ¿de verdad? Bueno, siendo <wrt:wait,30><txt:bold,2><txt:color,orange>Nishikawa</txt:color></txt:bold>, tal vez ayude un poco... Entonces, te lo encargo","U-um...? Benarkah? Yah, <wrt:wait,30>kalau <txt:bold,2><txt:color,orange>Nishikawa</txt:color></txt:bold> sih mungkin bisa sedikit membantu... Kalau begitu saya minta bantuannya ya.","หะ หืม...? เอาแบบนั้นเหรอคะ? แต่ถ้าเป็น<wrt:wait,30>คุณ<txt:bold,2><txt:color,orange>นิชิกาวะ</txt:color></txt:bold> ก็อาจช่วยได้บ้าง... ถ้างั้นก็ฝากด้วยนะคะ","H-hã...? Sério? <wrt:wait,30>Bom, <txt:bold,2><txt:color,orange>Nishikawa</txt:color></txt:bold>, talvez você consiga alguma coisa... então deixo nas suas mãos."
,,,니시카와,,1_기본,,,"맡겨만 주세요! 그런데 <txt:bold,2><txt:color,orange>아이리스</txt:color></txt:bold> 씨?","Leave it to me! By the way, <txt:bold,2><txt:color,orange>Iris</txt:color></txt:bold>?","任せてください！ところで、<txt:bold,2><txt:color,orange>アイリス</txt:color></txt:bold>さん？","包在我身上！不过，<txt:bold,2><txt:color,orange>爱丽丝</txt:color></txt:bold>小姐？","交給我吧！對了，<txt:bold,2><txt:color,orange>愛麗絲</txt:color></txt:bold>前輩？","Положись на меня. Но <txt:bold,2><txt:color,orange>Айрис</txt:color></txt:bold>?","Serahkan pada saya! Oh ya, <txt:bold,2><txt:color,orange>Iris</txt:color></txt:bold>?","Cứ giao cho tôi! À mà <txt:bold,2><txt:color,orange>Iris</txt:color></txt:bold> thì sao?","¡Déjamelo a mí! Por cierto, ¿<txt:bold,2><txt:color,orange>Iris</txt:color></txt:bold>?","Serahkan saja padaku! Tapi, <txt:bold,2><txt:color,orange>Iris</txt:color></txt:bold>?","ไว้ใจผมได้เลยครับ! ว่าแต่คุณ<txt:bold,2><txt:color,orange>ไอริส</txt:color></txt:bold>ครับ?","Pode deixar! Mas, <txt:bold,2><txt:color,orange>Iris</txt:color></txt:bold>..."
,,,니시카와,,1_씨익,,,"요새 경기를 보니 <txt:bold,2><txt:color,orange>사라</txt:color></txt:bold>에게 계속 빠른 공만 올리던데, <txt:bold,2>그것도 <txt:color,orange>사라</txt:color>를 걱정해서 올린 건가요?</txt:bold>","I’ve been watching your recent matches, and you keep sending nothing but quick sets for <txt:bold,2><txt:color,orange>Sara</txt:color></txt:bold>. <txt:bold,2>Was that your way of trying to help too?</txt:bold>","最近の試合を見ると<txt:bold,2><txt:color,orange>紗良</txt:color></txt:bold>にずっと速い球ばかり上げてましたけど、<txt:bold,2>それも<txt:color,orange>紗良</txt:color>を心配してのことだったんですか？</txt:bold>","我看最近的比赛，您一直给<txt:bold,2><txt:color,orange>莎拉</txt:color></txt:bold>传那种超快球，<txt:bold,2>那也是<txt:color,orange>因为担心莎拉</txt:color>才传的吗？</txt:bold>","我看最近的比賽，妳一直傳給<txt:bold,2><txt:color,orange>莎拉</txt:color></txt:bold>快球，<txt:bold,2>那也是因為擔心<txt:color,orange>莎拉</txt:color>才這樣做的嗎？</txt:bold>","В последних играх ты даешь <txt:bold,2><txt:color,orange>Саре</txt:color></txt:bold> быстрые пасы. Это тоже из-за беспокойства?","Saya menonton perlawanan terbaru awak, dan awak asyik mengumpan bola pantas untuk <txt:bold,2><txt:color,orange>Sara</txt:color></txt:bold>. <txt:bold,2>Itukah cara awak cuba membantunya juga?</txt:bold>","Dạo này xem trận đấu tôi thấy cậu toàn chuyền bóng nhanh cho <txt:bold,2><txt:color,orange>Sara</txt:color></txt:bold>, có phải <txt:bold,2>cũng vì lo cho <txt:color,orange>Sara</txt:color> không?</txt:bold>","Últimamente he visto en los partidos que solo le colocas balones rápidos a <txt:bold,2><txt:color,orange>Sara</txt:color></txt:bold>, <txt:bold,2>¿eso también es porque te preocupa <txt:color,orange>Sara</txt:color>?</txt:bold>","Belakangan kalau saya lihat pertandinganmu, Anda terus memberi <txt:bold,2><txt:color,orange>Sara</txt:color></txt:bold> bola cepat. <txt:bold,2>Apa itu juga karena Anda mengkhawatirkan <txt:color,orange>Sara</txt:color></txt:bold>?","ดูจากการแข่งขันช่วงนี้เห็นคุณเซ็ตแต่ลูกเร็วให้<txt:bold,2><txt:color,orange>ซาร่า</txt:color></txt:bold>ตลอดเลย <txt:bold,2>อันนี้ก็เพราะว่าคุณเป็นห่วง<txt:color,orange>ซาร่า</txt:color>ด้วยรึเปล่าครับ?</txt:bold>","Reparei que você só mandava bolas rápidas pra <txt:bold,2><txt:color,orange>Sara</txt:color></txt:bold>. <txt:bold,2>Era por preocupação com a <txt:color,orange>Sara</txt:color> também?</txt:bold>"
,,,니시카와,,2_씨익,,,"흐음... <wrt:wait,30><wrt:delay,3>치지 말라고 올린 수준이던데.</wrt:delay>","Hmm... <wrt:wait,30><wrt:delay,3>Those were practically unhittable, though.</wrt:delay>","うーん‥<wrt:wait,30><wrt:delay,3>打つなって言ってるようなレベルでしたけど。</wrt:delay>","嗯‥<wrt:wait,30><wrt:delay,3>那球速简直像是不想让莎拉打到一样。</wrt:delay>","唔‥<wrt:wait,30><wrt:delay,3>我看那根本是存心叫人家別打的球速耶。</wrt:delay>","Как будто... <wrt:wait,30><wrt:delay,3>Ты специально пасуешь так, чтобы она не смогла ударить.</wrt:delay>","Hmm... <wrt:wait,30><wrt:delay,3>Tapi bola itu susah sangat nak dipukul.</wrt:delay>","Hừm... <wrt:wait,30><wrt:delay,3>trông giống như chuyền để cậu ấy không đánh được vậy.</wrt:delay>","Hmm... <wrt:wait,30><wrt:delay,3>estaban a un nivel como para que no pudiera golpearlos.</wrt:delay>","Hmm... <wrt:wait,30><wrt:delay,3>Saya merasa itu seperti umpan yang menyuruhnya untuk tidak dipukul.</wrt:delay>","อืม... <wrt:wait,30><wrt:delay,3>แทบเป็นระดับที่เซ็ตแบบไม่ให้ตบได้เลยนะ</wrt:delay>","Hum... <wrt:wait,30><wrt:delay,3>parecia mais que você queria que ela errasse.</wrt:delay>"
,,,아이리스,,1_안절부절,,,"<txt:shake,1>그, 그게...!</txt:shake> <wrt:wait,30>혹시 화끈한 공은 좀 마음에 들어 할까 싶어서...!","<txt:shake,1>Th-That’s...!</txt:shake> <wrt:wait,30>I thought maybe something aggressive might fire her up...!","<txt:shake,1>そ、それは‥！</txt:shake><wrt:wait,30>激しい球なら気に入ってくれるかな、と思って‥！","<txt:shake,1>那，那个‥！</txt:shake> <wrt:wait,30>我是觉得，那种充满激情的球，她也许会喜欢‥！","<txt:shake,1>那、那是‥！</txt:shake><wrt:wait,30>我是想說，那種激烈的球，會不會比較合她的胃口‥！","<txt:shake,1>Н-ну... </txt:shake> <wrt:wait,30>Я подумала, может, ей больше понравятся резкие передачи.","<txt:shake,1>Itu...!</txt:shake> <wrt:wait,30>Saya fikir mungkin sesuatu yang agresif boleh membangkitkan semangatnya...!","<txt:shake,1>C, chuyện đó...!</txt:shake> <wrt:wait,30>Tôi chỉ nghĩ là... có khi cậu ấy sẽ thích những đường bóng mạnh mẽ hơn...!","<txt:shake,1>¡E-eso es...!</txt:shake> <wrt:wait,30>¡Pensé que tal vez le gustarían los balones más intensos...!","<txt:shake,1>I-itu...!</txt:shake> <wrt:wait,30>Karena saya pikir mungkin dia akan menyukai bola yang lebih intens...!","<txt:shake,1>นะ นั่นมัน...!</txt:shake> <wrt:wait,30>ฉันแค่คิดว่าเผื่อเธอจะชอบลูกแบบดุดันหน่อยน่ะค่ะ...!","<txt:shake,1>É que... </txt:shake><wrt:wait,30>achei que ela preferia bolas mais agressivas!"
,,,아이리스,,1_의문,,sweat,"<txt:bold,2><txt:color,orange>사라</txt:color></txt:bold>가 유난히 빠른 공을 잘 치기도 하고...!","And <txt:bold,2><txt:color,orange>Sara</txt:color></txt:bold> handles fast sets better than anyone, so...","<txt:bold,2><txt:color,orange>紗良</txt:color></txt:bold>は特に速い球を打つのが得意だし‥！","而且<txt:bold,2><txt:color,orange>莎拉</txt:color></txt:bold>确实也特别擅长打快球啊‥！","而且<txt:bold,2><txt:color,orange>莎拉</txt:color></txt:bold>特別擅長打快球啊‥！","Ведь <txt:bold,2><txt:color,orange>Сара</txt:color></txt:bold> отлично играет с быстрыми пасами.","Dan <txt:bold,2><txt:color,orange>Sara</txt:color></txt:bold> paling hebat menangani set pantas, jadi...","Với lại <txt:bold,2><txt:color,orange>Sara</txt:color></txt:bold> vốn đánh bóng nhanh rất tốt mà...!","¡Y además <txt:bold,2><txt:color,orange>Sara</txt:color></txt:bold> es especialmente buena rematando balones rápidos...!","Lagi pula <txt:bold,2><txt:color,orange>Sara</txt:color></txt:bold> juga memang sangat ahli dalam memukul bola cepat...!","แล้ว<txt:bold,2><txt:color,orange>ซาร่า</txt:color></txt:bold>ก็ตบลูกเร็วได้เก่งเป็นพิเศษอยู่แล้วด้วย...!","A <txt:bold,2><txt:color,orange>Sara</txt:color></txt:bold> sempre foi ótima nessas bolas velozes!"
,,,니시카와,,2_미소,,,"<txt:size,2>하하, 본인도 본인이 좀 이상한 거 알죠?</txt:size>","<txt:size,2>Haha, you know you’re a little out there yourself, right?</txt:size>","<txt:size,2>ハハ、自分でも自分がちょっとおかしいって分かってますよね？</txt:size>","<txt:size,2>哈哈，您也知道自己有点奇怪吧？</txt:size>","<txt:size,2>哈哈，妳也知道妳這個人有點奇怪吧？</txt:size>","<txt:size,2>Ха-ха, ты же понимаешь, что это немного странно? </txt:size>","<txt:size,2>Haha, awak tahu awak pun agak luar biasa, kan?</txt:size>","<txt:size,2>Haha, cậu cũng biết bản thân mình hơi kỳ quặc đúng không?</txt:size>","<txt:size,2>Jaja, ¿sabes que eres un poco extraña?</txt:size>","<txt:size,2>Hahaha, Anda sendiri juga sadar kalau Anda itu agak aneh, kan?</txt:size>","<txt:size,2>ฮ่าฮ่า คุณเองก็รู้ใช่ไหมล่ะครับว่าตัวเองแปลกๆ นิดหน่อย?</txt:size>","<txt:size,2>Haha, você sabe que você mesma tá agindo meio estranha, né?</txt:size>"
,,,아이리스,,1_안절부절,,,"<txt:shake,1>...아, 아니, <wrt:wait,30>그, 그게...!!</txt:shake>","<txt:shake,1>N-No... <wrt:wait,30>That’s, I mean...!</txt:shake>","<txt:shake,1>‥い、いや、<wrt:wait,30>そ、それは‥！！</txt:shake>","<txt:shake,1>‥不，才没，<wrt:wait,30>那，那个‥！！</txt:shake>","<txt:shake,1>‥才、才沒有，<wrt:wait,30>那、那是‥！！</txt:shake>","<txt:shake,1>Н-ну <wrt:wait,30>это...! </txt:shake>","<txt:shake,1>T-Tidak... <wrt:wait,30>Itu, maksud saya...!</txt:shake>","<txt:shake,1>...À, không, <wrt:wait,30>chuyện đó...!!</txt:shake>","<txt:shake,1>...Ah, no, <wrt:wait,30>¡e-eso no es verdad...!</txt:shake>","<txt:shake,1>...Ja-jadi, <wrt:wait,30>I-itu...!!</txt:shake>","<txt:shake,1>...มะ ไม่สิ <wrt:wait,30>นะ นั่นมัน...!!</txt:shake>","<txt:shake,1>N-não! <wrt:wait,30>Eu... não é isso...</txt:shake>"
,,,선수 A,,,,,"주장, 이제 스트레칭하시죠!","Captain, time to stretch!",キャプテン、そろそろストレッチしましょう！,队长，现在该开始拉伸了！,隊長，現在該開始拉伸了！,"Капитан, пора делать растяжку!","Kapten, mari kita mula regangan!","Đội trưởng, chúng ta bắt đầu khởi động giãn cơ nhé!","Capitán, ¡vamos a estirar!","Kapten, ayo mulai peregangan!",กัปตัน มาเริ่มยืดเส้นกันเถอะ!,"Capitão, vamos começar o alongamento!"
,,,니시카와,,2_미소,,,"그래! ...으흠, 농담은 이쯤에서 그만하고, 남은 얘기는 코트 위에서 나누죠.","Right! Alright, jokes aside, let’s settle the rest on the court.",そうだ！ふむ、冗談はこの辺にして、続きはコートの上で話そう。,对！嗯，玩笑就到这里吧，剩下的话我们在球场上再说。,對！嗯，玩笑就到這裡吧，剩下的話我們在球場上再說。,Точно! Хм. Шутки в сторону — продолжим разговор на площадке.,"Betul! Ah. Cukuplah bergurau setakat ini, selebihnya kita sambung di gelanggang.","Đúng vậy! Ồ hô. Đùa vậy đủ rồi, phần còn lại ta nói tiếp trên sân nhé.",¡Eso es! Humm. Dejemos las bromas aquí y terminemos la conversación en la cancha.,"Benar! Hmmm. Cukup bercandanya sampai di sini, sisanya kita lanjutkan di lapangan.",ได้เลย! ...อะแฮ่ม ล้อเล่นแค่นี้พอ ที่เหลือไปคุยกันต่อบนสนามนะครับ,Isso! Hmm. Chega de piadas por agora. Vamos continuar a conversa na quadra.
,,,니시카와,,2_미소,,,여러분이 상대인 만큼 저도 최선을 다할 생각입니다.,"Since we're facing off today, I'm not holding back.",皆さんが相手ですから、俺も全力で挑ませてもらいます。,既然对手是你们，我也会全力以赴。,既然對手是你們，我也會全力以赴。,"Раз уж моими соперниками будете вы, я тоже выложусь на полную.","Memandangkan kalian lawan kami, saya juga akan berikan yang terbaik.","Vì đối thủ là các bạn, tôi cũng sẽ thi đấu hết mình.","Ya que ustedes son nuestros rivales, yo también daré lo mejor de mí.","Karena kalian lawannya, aku juga akan memberikan yang terbaik.",ในเมื่อคู่แข่งคือพวกคุณ ผมเองก็จะทำเต็มที่เช่นกัน,"Já que vocês são nossos adversários, também darei o meu melhor."
,,,니시카와,,2_미소,,,"오랜만에 이런 경기를 할 수 있다니, 벌써 설레는군요!","It's been a while since I've played a match like this, and I'm already fired up!",皆さんと試合をするのは久しぶりですね。ワクワクしてきました！,好久没和你们比赛了，我已经开始兴奋了！,好久沒和你們比賽了，我已經開始興奮了！,Давно я не играл матч против вас — уже предвкушаю!,Sudah lama saya tidak bermain menentang kalian—saya sudah mula teruja!,Lâu rồi mới được đấu với các bạn—tôi đã thấy háo hức rồi!,Hacía tiempo que no jugaba un partido así... ¡ya estoy emocionado!,Sudah lama aku tidak bertanding melawan kalian—aku sudah tidak sabar!,ไม่ได้แข่งกับพวกคุณมานานแล้ว แค่คิดก็เริ่มตื่นเต้นแล้วล่ะ!,Fazia tempo que eu não jogava contra vocês — já estou animado!
,,,니시카와,,2_미소,,,반드시 이기겠습니다!,"We're taking this win, no matter what!",この試合、必ず勝ちます！,这场比赛我们一定会赢！,這場比賽我們一定會贏！,Мы обязательно выиграем этот матч!,Kami pasti akan menang dalam perlawanan ini!,Chúng tôi nhất định sẽ thắng trận này!,¡Ganaremos este partido sin falta!,Kami pasti akan memenangkan pertandingan ini!,พวกเราจะชนะการแข่งขันนัดนี้ให้ได้!,Nós vamos vencer esta partida com certeza!
,경기 승리,#,MAP,,,,,암전,암전,암전,암전,암전,암전,암전,암전,암전,암전,암전,암전
,,#,BGM,,,,,BGM_OVERDRIVE,BGM_OVERDRIVE,BGM_OVERDRIVE,BGM_OVERDRIVE,BGM_OVERDRIVE,BGM_OVERDRIVE,BGM_OVERDRIVE,BGM_OVERDRIVE,BGM_OVERDRIVE,BGM_OVERDRIVE,BGM_OVERDRIVE,BGM_OVERDRIVE
,,#,서사라_유니폼,4,1_무표정,,,,,,,,,,,,,,
,,#,니시카와,-4,1_기본,,,,,,,,,,,,,,
,,,???,,,,,"이번에도 엄청난 위력의 스파이크! <txt:bold,2><txt:color,orange>니시카와</txt:color></txt:bold> 선수 시원하게 득점에 성공합니다!","Another devastating spike! <txt:bold,2><txt:color,orange>Nishikawa</txt:color></txt:bold> scores with pure power!","今回もものすごい威力のスパイク！<txt:bold,2><txt:color,orange>西川</txt:color></txt:bold>選手、気持ちよく得点を取ります！","又是一记威力十足的扣球！<txt:bold,2><txt:color,orange>西川</txt:color></txt:bold>选手干脆利落地拿下一分！","又是一記威力驚人的扣球！<txt:bold,2><txt:color,orange>西川</txt:color></txt:bold>選手乾脆利落地拿下分數！","И снова сокрушительный удар! <txt:bold,2><txt:color,orange>Нисикава</txt:color></txt:bold> приносит очко своей команде.","Satu lagi rejaman yang menakjubkan! <txt:bold,2><txt:color,orange>Nishikawa</txt:color></txt:bold> meraih mata dengan kuasa hebat!","Lại là một cú đập bóng cực mạnh! <txt:bold,2><txt:color,orange>Nishikawa</txt:color></txt:bold> ghi điểm đầy sảng khoái!","¡Otra vez un remate increíblemente potente! ¡El jugador <txt:bold,2><txt:color,orange>Nishikawa</txt:color></txt:bold> anota un punto sin problemas!","Sekali lagi Spike dengan kekuatan luar biasa! <txt:bold,2><txt:color,orange>Nishikawa</txt:color></txt:bold> mencetak Skor dengan keras!","ครั้งนี้ก็เป็นการตบด้วยพลังมหาศาลเช่นเคย! นักกีฬา<txt:bold,2><txt:color,orange>นิชิกาวะ</txt:color></txt:bold>ทำแต้มได้สำเร็จแบบสวยงาม!","Que cortada poderosa! <txt:bold,2><txt:color,orange>Nishikawa</txt:color></txt:bold> marca com estilo!"
,,,???,,,,,"<txt:bold,2><txt:color,orange>서사라</txt:color></txt:bold> 선수 보란 듯이 되갚아 주는군요. 코트 끝을 정확하게 노린 스파이크!","<txt:bold,2><txt:color,orange>Sara Seo</txt:color></txt:bold> fires right back! A perfectly placed shot right on the endline!","<txt:bold,2><txt:color,orange>有田紗良</txt:color></txt:bold>選手、見事にやり返しますね。コートの端を正確に狙ったスパイク！","<txt:bold,2><txt:color,orange>徐莎拉</txt:color></txt:bold>选手也毫不示弱地予以回击。精准瞄准场地边缘的重扣！","<txt:bold,2><txt:color,orange>徐莎拉</txt:color></txt:bold>選手毫不示弱地回敬了對方。這記扣球精準地落在了球場底線！","<txt:bold,2><txt:color,orange>Со Сара</txt:color></txt:bold> не остается в долгу! Удар точно в край площадки!","<txt:bold,2><txt:color,orange>Sara Seo</txt:color></txt:bold> membalas dengan pantas! Rejaman yang tepat di garisan akhir!","<txt:bold,2><txt:color,orange>Seo Sara</txt:color></txt:bold> lập tức đáp trả! Cú đập bóng nhắm thẳng vào cuối sân!","¡Y la jugadora <txt:bold,2><txt:color,orange>Sara</txt:color></txt:bold> se lo devuelve como si nada! ¡Un remate apuntando exactamente al fondo de la cancha!","<txt:bold,2><txt:color,orange>Sara Seo</txt:color></txt:bold> langsung membalas! Spike tajam yang mengarah tepat ke ujung lapangan!","นักกีฬา<txt:bold,2><txt:color,orange>ซอซาร่า</txt:color></txt:bold>ตอบโต้กลับแบบทันควันเลยครับ การตบไปที่ท้ายสนามอย่างแม่นยำ!","E a <txt:bold,2><txt:color,orange>Sara Seo</txt:color></txt:bold> responde na mesma moeda! Ataque perfeito no fundo da quadra!"
,,,???,,,,,양팀 전혀 물러서지 않습니다. 이렇게나 흥분되는 경기를 얼마 만에 보는 걸까요!,Neither side giving an inch! When was the last time we saw a match this electric?!,両チーム、全く譲りません。こんなに興奮する試合を見るのは、いつぶりでしょうか！,双方互不相让。这种让人热血沸腾的比赛真是久违了！,雙方互不相讓。這種令人熱血沸騰的比賽，真是好久沒見到了！,Ни одна команда не собирается уступать! Давно мы не видели такой напряженной игры!,Kedua-dua pasukan bertempur tanpa had! Bila kali terakhir kita melihat perlawanan yang begitu mengasyikkan?!,Hai đội hoàn toàn không chịu nhường nhau. Đã bao lâu rồi chúng ta mới được thấy một trận đấu kịch tính như vậy!,Ninguno de los dos equipos cede terreno. ¡Cuánto tiempo hacía que no veíamos un partido tan emocionante!,Kedua tim sama sekali tidak berniat mundur! Sudah berapa lama sejak kita melihat pertandingan se-menegangkan ini!,ทั้งสองทีมไม่มีใครยอมถอยกันเลย ไม่ได้เห็นการแข่งขันที่เร้าใจแบบนี้มานานแล้วนะครับเนี่ย!,Nenhum dos dois cede um milímetro! Há quanto tempo não víamos um confronto tão acirrado!
,,,TAG,,,,,"<eff:black,3>","<eff:black,3>","<eff:black,3>","<eff:black,3>","<eff:black,3>","<eff:black,3>","<eff:black,3>","<eff:black,3>","<eff:black,3>","<eff:black,3>","<eff:black,3>","<eff:black,3>"
,,,TAG,,,,,"<sys:qmap,애슈빌위즐스홈구장><cha:qpos,서사라_유니폼,0>","<sys:qmap,애슈빌위즐스홈구장><cha:qpos,서사라_유니폼,0>","<sys:qmap,애슈빌위즐스홈구장><cha:qpos,서사라_유니폼,0>","<sys:qmap,애슈빌위즐스홈구장><cha:qpos,서사라_유니폼,0>","<sys:qmap,애슈빌위즐스홈구장><cha:qpos,서사라_유니폼,0>","<sys:qmap,애슈빌위즐스홈구장><cha:qpos,서사라_유니폼,0>","<sys:qmap,애슈빌위즐스홈구장><cha:qpos,서사라_유니폼,0>","<sys:qmap,애슈빌위즐스홈구장><cha:qpos,서사라_유니폼,0>","<sys:qmap,애슈빌위즐스홈구장><cha:qpos,서사라_유니폼,0>","<sys:qmap,애슈빌위즐스홈구장><cha:qpos,서사라_유니폼,0>","<sys:qmap,애슈빌위즐스홈구장><cha:qpos,서사라_유니폼,0>","<sys:qmap,애슈빌위즐스홈구장><cha:qpos,서사라_유니폼,0>"
,,,서사라_유니폼,,1_무표정,,,"<wrt:delay,5>...<wrt:wait,30>끝.</wrt:delay>","<wrt:delay,5>...<wrt:wait,30>Done.</wrt:delay>","<wrt:delay,5>‥<wrt:wait,30>終わり。</wrt:delay>","<wrt:delay,5>‥<wrt:wait,30>结束了。</wrt:delay>","<wrt:delay,5>‥<wrt:wait,30>結束了。</wrt:delay>","<wrt:delay,5>...<wrt:wait,30>Вот и конец.</wrt:delay>","<wrt:delay,5>...<wrt:wait,30>Selesai.</wrt:delay>","<wrt:delay,5>...<wrt:wait,30>Kết thúc.</wrt:delay>","<wrt:delay,5>...<wrt:wait,30>Se acabó.</wrt:delay>","<wrt:delay,5>...<wrt:wait,30>Selesai.</wrt:delay>","<wrt:delay,5>...<wrt:wait,30>จบ</wrt:delay>","<wrt:delay,5>A... <wrt:wait,30>acabou.</wrt:delay>"
,,,서사라_유니폼,,1_무표정,,,"<wrt:delay,5>...<wrt:wait,30>벌써 끝나 버렸네. </wrt:delay>","<wrt:delay,5>...<wrt:wait,30>It’s over already.</wrt:delay>","<wrt:delay,5>‥<wrt:wait,30>もう終わっちゃった。</wrt:delay>","<wrt:delay,5>‥<wrt:wait,30>居然这么快就结束了。 </wrt:delay>","<wrt:delay,5>‥<wrt:wait,30>這麼快就結束了啊。</wrt:delay>","<wrt:delay,5>...<wrt:wait,30>Все закончилось.</wrt:delay>","<wrt:delay,5>...<wrt:wait,30>Sudah tamat.</wrt:delay>","<wrt:delay,5>...<wrt:wait,30>Đã kết thúc mất rồi.</wrt:delay>","<wrt:delay,5>...<wrt:wait,30>Ya terminó.</wrt:delay>","<wrt:delay,5>...<wrt:wait,30>Sudah berakhir. </wrt:delay>","<wrt:delay,5>...<wrt:wait,30>จบซะแล้วแฮะ </wrt:delay>","<wrt:delay,5>Já... <wrt:wait,30>terminou...</wrt:delay>"
,,,TAG,,,,,"<cha:pos,니시카와,-2><cha:pos,서사라_유니폼,2>","<cha:pos,니시카와,-2><cha:pos,서사라_유니폼,2>","<cha:pos,니시카와,-2><cha:pos,서사라_유니폼,2>","<cha:pos,니시카와,-2><cha:pos,서사라_유니폼,2>","<cha:pos,니시카와,-2><cha:pos,서사라_유니폼,2>","<cha:pos,니시카와,-2><cha:pos,서사라_유니폼,2>","<cha:pos,니시카와,-2><cha:pos,서사라_유니폼,2>","<cha:pos,니시카와,-2><cha:pos,서사라_유니폼,2>","<cha:pos,니시카와,-2><cha:pos,서사라_유니폼,2>","<cha:pos,니시카와,-2><cha:pos,서사라_유니폼,2>","<cha:pos,니시카와,-2><cha:pos,서사라_유니폼,2>","<cha:pos,니시카와,-2><cha:pos,서사라_유니폼,2>"
,,,니시카와,,1_기본,,exclam,"하하하, <txt:bold,2><txt:color,orange>사라</txt:color></txt:bold>! 오랜만이야! 덕분에 오늘 짜릿한 경기를 할 수 있었어!","Haha, <txt:bold,2><txt:color,orange>Sara</txt:color></txt:bold>! It’s been ages! What an amazing match!","ハハハ、<txt:bold,2><txt:color,orange>紗良</txt:color></txt:bold>！久しぶり！おかげで今日はスリリングな試合ができたよ！","哈哈哈，<txt:bold,2><txt:color,orange>莎拉</txt:color></txt:bold>！好久不见！多亏了你，今天这场球打得真痛快！","哈哈哈，<txt:bold,2><txt:color,orange>莎拉</txt:color></txt:bold>！好久不見！託妳的福，今天打了一場精彩絕倫的比賽！","Ха-ха, <txt:bold,2><txt:color,orange>Сара</txt:color></txt:bold>! Давно не виделись. Сегодняшняя игра просто огонь!","Haha, <txt:bold,2><txt:color,orange>Sara</txt:color></txt:bold>! Sudah lama! Perlawanan hebat!","Hahaha, <txt:bold,2><txt:color,orange>Sara</txt:color></txt:bold>! Lâu rồi không gặp! Nhờ cậu mà hôm nay tôi có một trận đấu cực kỳ đã!","¡Jajaja, <txt:bold,2><txt:color,orange>Sara</txt:color></txt:bold>! ¡Cuánto tiempo! ¡Gracias a ti pude jugar un partido emocionante hoy!","Hahaha, <txt:bold,2><txt:color,orange>Sara</txt:color></txt:bold>! Sudah lama! Hari ini jadi pertandingan yang sangat seru berkatmu!","ฮ่าฮ่าฮ่า <txt:bold,2><txt:color,orange>ซาร่า</txt:color></txt:bold>! ไม่ได้เจอกันนานเลยนะ! วันนี้ฉันได้แข่งแมตช์สุดเร้าใจเพราะเธอเลย!","Hahaha, <txt:bold,2><txt:color,orange>Sara</txt:color></txt:bold>! Quanto tempo! Graças a você, tive um jogo eletrizante hoje!"
,,,니시카와,,1_씨익,,,"어떻게 이렇게 짧은 시간 안에 여기까지 성장한 거지? <txt:wave,1>좋아좋아, 너도 즐거웠지?</txt:wave>","How’d you get this good so fast? <txt:wave,1>Come on, you had a blast too, right?</txt:wave>","こんな短期間で、どうやってここまで成長したんだ？<txt:wave,1>うんうん、君も楽しかっただろ？</txt:wave>","你怎么能在这么短的时间里成长到这种地步？<txt:wave,1>真不错，你也打得很开心吧？</txt:wave>","妳到底是怎麼在這麼短的時間內成長到這種地步的？<txt:wave,1>不錯不錯，妳也打得很開心吧？</txt:wave>","Ничего себе, как ты выросла за это время! <txt:wave,1>Понравилось играть?</txt:wave>","Bagaimana awak menjadi begitu hebat dengan cepat? <txt:wave,1>Ayuh, awak pun seronok, kan?</txt:wave>","Sao cậu lại tiến bộ đến mức này chỉ trong thời gian ngắn vậy? <txt:wave,1>Thế nào, cậu cũng vui chứ?</txt:wave>","¿Cómo lograste crecer tanto en tan poco tiempo? <txt:wave,1>Bien, bien, tú también te divertiste, ¿verdad?</txt:wave>","Apa rahasianmu bisa berkembang sejauh ini dalam waktu singkat? <txt:wave,1>Bagus sekali, apa kamu juga menikmatinya?</txt:wave>","เธอพัฒนามาถึงตรงนี้ในเวลาสั้นๆ ได้ยังไงกันเนี่ย? <txt:wave,1>ดีมากๆ เธอก็สนุกใช่ไหม?</txt:wave>","Como conseguiu evoluir tanto em tão pouco tempo? <txt:wave,1>Legal! Curtiu também, né?</txt:wave>"
,,,니시카와,,1_씨익,,quest,"흐음? 오늘 왜 이리 차분하지? <txt:bold,2><txt:color,orange>아이리스</txt:color></txt:bold> 씨 말대로 기분이 안 좋아?","Hm? What’s with the long face? Feeling off, like <txt:bold,2><txt:color,orange>Iris</txt:color></txt:bold> said?","あれ？今日はどうしてこんなに落ち着いてるんだ？<txt:bold,2><txt:color,orange>アイリス</txt:color></txt:bold>さんの言う通り、気分でも悪い？","唔？今天怎么这么沉默？真像<txt:bold,2><txt:color,orange>爱丽丝</txt:color></txt:bold>小姐说的那样，心情不好吗？","咦？今天怎麼這麼安靜？難道真的像<txt:bold,2><txt:color,orange>愛麗絲</txt:color></txt:bold>前輩說的，心情不好嗎？","М-м? Что-то ты сегодня тихая. <txt:bold,2><txt:color,orange>Айрис</txt:color></txt:bold> говорила, что переживает за тебя.","Hm? Kenapa muka masam? Rasa tak kena ke, seperti yang <txt:bold,2><txt:color,orange>Iris</txt:color></txt:bold> katakan?","Hửm? Sao hôm nay cậu lại trầm thế? Theo lời <txt:bold,2><txt:color,orange>Iris</txt:color></txt:bold> thì tâm trạng cậu không tốt à?","¿Hmm? ¿Por qué estás tan callada hoy? ¿Acaso no te sientes bien, como dijo <txt:bold,2><txt:color,orange>Iris</txt:color></txt:bold>?","Hmm? Kenapa hari ini kamu sangat diam? Seperti kata <txt:bold,2><txt:color,orange>Iris</txt:color></txt:bold>, apa perasaanmu sedang terganggu?","หืม? ทำไมวันนี้เธอถึงนิ่งจังล่ะ? เธออารมณ์ไม่ค่อยดีอย่างที่คุณ<txt:bold,2><txt:color,orange>ไอริส</txt:color></txt:bold>บอกเหรอ?","Hã? Por que tão quieta hoje? Tá mal como a <txt:bold,2><txt:color,orange>Iris</txt:color></txt:bold> falou?"
,,,서사라_유니폼,,1_무표정,,,"...아뇨, 그렇지 않아요.","No, it’s not that...",‥いいえ、そうじゃないです。,‥不，没有。,‥不，不是那樣的。,"Нет, все нормально.","Tidak, bukan itu.","...Không, không phải vậy.","...No, no es eso.",...Tidak.,...เปล่า ไม่ใช่แบบนั้นหรอกค่ะ,"Não, não é isso..."
,,,서사라_유니폼,,1_기본,,,오히려 오늘은 무척 좋아요.,"If anything, I feel great today.",むしろ今日は、とても良いです。,相反，今天我非常开心。,我今天反而心情非常好。,"Наоборот, сегодня я в отличном настроении.","Malah, saya rasa hebat hari ini.",Ngược lại hôm nay tôi rất vui.,"Al contrario, hoy me siento muy bien.",Malah hari ini saya merasa sangat baik.,วันนี้ฉันกลับอารมณ์ดีมากซะอีก,"Na verdade, hoje eu tô ótima."
,,,니시카와,,1_씨익,,exclam,"<txt:bold,2>'오늘은'</txt:bold>인가!","<txt:bold,2>'Today,'</txt:bold> huh!","<txt:bold,2>「今日は」</txt:bold>か！","强调<txt:bold,2>'今天'</txt:bold>吗！","<txt:bold,2>「今天」</txt:bold>嗎？","<txt:bold,2>«Сегодня»</txt:bold>, говоришь?","<txt:bold,2>'Hari ini,'</txt:bold> ya!","<txt:bold,2>Hôm nay</txt:bold> sao!","¡Así que <txt:bold,2>'hoy'</txt:bold>!","<txt:bold,2>'Hari ini'</txt:bold> ya!","<txt:bold,2>'วันนี้'</txt:bold> งั้นเหรอ!","<txt:bold,2>«Hoje»</txt:bold>, é?"
,,,니시카와,,1_기본,,,뭐가 마음에 걸리는 거야? 괜찮다면 내게 얘기해 봐! ,"What’s eating at you? Talk to me, if you want!",何が気になってるんだ？よかったら俺に話してくれないかな？,你是有什么心结吗？不介意的话跟我说说！,妳心裡有什麼疙瘩嗎？如果不介意，跟我說說看吧！,Что тебя беспокоит? Можешь мне сказать.,"Apa yang mengganggu awak? Ceritalah kepada saya, kalau awak nak!",Có chuyện gì khiến cậu bận tâm vậy? Nếu được thì nói tôi nghe thử!,"¿Qué es lo que te preocupa? ¡Si no te importa, cuéntamelo!","Ada yang mengganjal? Kalau itu tidak jadi masalah, coba ceritakan padaku!",มีอะไรติดค้างในใจรึเปล่า? ถ้าโอเคก็ลองเล่าให้ฉันฟังได้นะ!,"O que tá te incomodando? Se não se importar, me conta!"
,,,니시카와,,1_기본,,,내가 할 수 있는 거라면 뭐든 도와줄 테니까!,"Whatever I can do to help, I’m there!",俺にできることなら何でも手伝うから！,只要是我能帮上忙的，我一定尽力！,只要是我能幫上忙的，我一定盡力！,"Если это в моих силах, я обязательно помогу!","Apa sahaja yang boleh saya membantu, saya ada!",Nếu tôi giúp được thì tôi sẽ giúp!,¡Te ayudaré en todo lo que pueda!,"Kalau ada yang bisa kulakukan, aku akan bantu itu!",ถ้ามีอะไรที่ฉันช่วยได้ เดี๋ยวฉันช่วยเอง!,"Se eu puder ajudar, faço qualquer coisa!"
,,,서사라_유니폼,,1_무표정,,,...경기가...,The match...,‥試合が‥,‥只是觉得比赛‥,‥只是‥,Матч...,Perlawanan tadi...,...Trận đấu...,...Es que el partido...,...Saya hanya...,...การแข่งขัน...,O jogo...
,,,서사라_유니폼,,1_아쉬움,pause,,경기가 끝나 버린 게 아쉬워요.,I just wish the match hadn’t ended.,試合が終わってしまったのが残念で。,比赛就这么结束了，好可惜。,比賽結束了，覺得很可惜。,"Мне немного жаль, что матч закончился.",Saya cuma berharap perlawanan itu tidak berakhir.,Việc trận đấu kết thúc khiến tôi thấy tiếc.,Lamento que el partido haya terminado.,Saya hanya merasa sayang pertandingan ini sudah berakhir.,ฉันเสียดายที่การแข่งขันจบลงน่ะค่ะ,Fiquei triste que acabou.
,,,서사라_유니폼,,1_기본,nervous,,"1초도 방심할 수 없는, 이 긴장감.",That tension where you can’t let your guard down for a single second.,1秒も油断できない、この緊張感。,那种一秒钟都不能松懈的紧张感。,那種一秒都不能大意的緊張感。,"Этот накал, когда каждую секунду нужно быть на пределе.",Rasa tegang di mana awak tidak boleh leka walau sesaat.,"Cảm giác căng thẳng này, không thể lơ là dù chỉ một giây.",Esta tensión en la que no te puedes relajar ni un segundo.,"Ketegangan ini, yang memaksa saya untuk tidak bisa lengah sedetik pun.",ความตึงเครียดที่ประมาทไม่ได้แม้แต่วินาทีเดียว,Essa tensão que não deixa relaxar nem por um segundo...
,,,서사라_유니폼,,1_기본,nervous,,"...오늘 같은 경기, 정말 오랜만이었어요.",It’s been so long since I had a match like this.,‥今日みたいな試合は、本当に久しぶりでした。,‥像今天这样的比赛，真的好久没遇到了。,‥像今天這樣的比賽，真的好久沒遇到了。,"Давно у меня не было такого матча, как сегодня.",Sudah lama saya tak rasa perlawanan seperti ini.,"...Một trận đấu như hôm nay, lâu lắm rồi tôi mới được trải nghiệm.",...Hacía mucho tiempo que no jugaba un partido como el de hoy.,"...Pertandingan seperti hari ini, sudah lama sekali tidak saya rasakan.",...ฉันไม่ได้แข่งแมตช์แบบนี้มานานมากแล้วจริงๆ,Fazia muito tempo que eu não jogava uma partida assim.
,,,니시카와,,1_씨익,,,...흐음.,Hmm...,‥ふーん。,‥嗯。,‥唔。,Хм...,...Hmm.,...Hừm.,...Hmm.,...Hmm.,...อืม,Hum...
,,,서사라_유니폼,,1_기본,nervous,,"<txt:bold,2><txt:color,orange>니시카와</txt:color></txt:bold> 씨, 전 제가 운이 좋은 사람이라고 생각해 왔어요.","<txt:bold,2><txt:color,orange>Nishikawa</txt:color></txt:bold>, I’ve always thought I was lucky.","<txt:bold,2><txt:color,orange>西川</txt:color></txt:bold>さん、私は自分が運の良い人間だと思っていました。","<txt:bold,2><txt:color,orange>西川</txt:color></txt:bold>先生，我一直觉得自己是个很幸运的人。","<txt:bold,2><txt:color,orange>西川</txt:color></txt:bold>前輩，我一直覺得自己是個很幸運的人。","<txt:bold,2><txt:color,orange>Нисикава</txt:color></txt:bold>, я всегда думала, что мне очень повезло.","<txt:bold,2><txt:color,orange>Nishikawa</txt:color></txt:bold>, saya selalu fikir saya bertuah.","<txt:bold,2><txt:color,orange>Nishikawa</txt:color></txt:bold>, tôi vẫn luôn nghĩ mình là người may mắn.","<txt:bold,2><txt:color,orange>Nishikawa</txt:color></txt:bold>, siempre he pensado que soy una persona con suerte.","<txt:bold,2><txt:color,orange>Nishikawa</txt:color></txt:bold>, saya selalu merasa saya adalah orang yang beruntung.","คุณ<txt:bold,2><txt:color,orange>นิชิกาวะ</txt:color></txt:bold>คะ ฉันคิดมาตลอดว่าตัวเองเป็นคนโชคดีค่ะ","Sabe, <txt:bold,2><txt:color,orange>Nishikawa</txt:color></txt:bold>... sempre achei que eu era uma pessoa de sorte."
,,,서사라_유니폼,,1_미소1,nervous,,"수많은 관중이 저를 응원하고, 수많은 코칭 스태프가 저를 집중할 수 있게 도와줘요.",All these fans cheering for me. An entire staff dedicated to keeping me at my best.,大勢の観客が私を応援してくれて、大勢のコーチングスタッフが私が集中できるようにサポートしてくれます。,有无数观众为我加油，有无数优秀的教练帮我集中精神。,有這麼多觀眾為我加油，還有這麼多教練團幫我專注在比賽上。,"Столько зрителей поддерживают меня, а тренеры делают все, чтобы я могла сосредоточиться на игре.",Semua peminat bersorak untuk saya. Kakitangan yang berdedikasi untuk memastikan saya berada pada tahap terbaik.,"Rất nhiều khán giả cổ vũ cho tôi, rất nhiều huấn luyện viên giúp tôi tập trung.",Hay muchísimos espectadores animándome y todo un cuerpo técnico que me ayuda a concentrarme.,Banyak penonton yang mendukung dan banyak staf Coach yang membantu agar saya untuk bisa fokus.,ผู้ชมมากมายคอยเชียร์ฉัน และทีมโค้ชมากมายช่วยให้ฉันมีสมาธิได้,Tenho milhares de torcedores e uma equipe enorme me ajudando a manter o foco.
,,,서사라_유니폼,,1_기본,nervous,,"이것만으로도 정말 감사하고, 아주 행복해야 한다고 생각해요.",That alone should be more than enough. I should be grateful. I should be happy.,これだけでも本当に感謝しなきゃいけないし、すごく幸せなことだと思うんです。,仅仅是这些，我就觉得自己该心怀感激，该感到非常幸福。,光是這些我就覺得很感激了，應該要感到非常幸福才對。,Уже за одно это я должна быть очень благодарна и счастлива.,Itu sepatutnya lebih daripada cukup. Saya patut bersyukur. Saya patut gembira.,Tôi nghĩ chỉ vậy thôi là mình đã nên thấy biết ơn và thật hạnh phúc rồi.,Solo por eso debería estar muy agradecida y sentirme muy feliz.,"Hanya dengan itu saja saya sudah seharusnya bersyukur, dan merasa sangat bahagia.",ฉันคิดว่าแค่นั้นก็เป็นเรื่องที่น่าขอบคุณมากแล้ว และฉันควรจะต้องมีความสุขมาก,E isso já é suficiente pra eu me sentir grata e feliz.
,,,서사라_유니폼,,1_아쉬움,nervous,,"하지만, 어쩐지 점점... <txt:bold,2><txt:color,orange>5대 스파이커</txt:color></txt:bold>가 된 이후로...","But ever since I became one of the <txt:bold,2><txt:color,orange>Big Five</txt:color></txt:bold>, somehow...","でも、なんだか段々‥<txt:bold,2><txt:color,orange>5大スパイカー</txt:color></txt:bold>になってから‥","但不知为何，自从成了<txt:bold,2><txt:color,orange>五大主攻手</txt:color></txt:bold>之后‥","但不知為何，漸漸地‥自從成為<txt:bold,2><txt:color,orange>五大主攻手</txt:color></txt:bold>之後‥","Но после того как я вошла в <txt:bold,2><txt:color,orange>пятерку нападающих</txt:color></txt:bold>...","Tetapi sejak saya menjadi salah seorang daripada <txt:bold,2><txt:color,orange>lima perejam terbaik dunia</txt:color></txt:bold>, rasanya macam...","Nhưng không hiểu sao... từ khi trở thành một trong <txt:bold,2><txt:color,orange>Top 5 Tay Đập</txt:color></txt:bold>...","Sin embargo, poco a poco... desde que me convertí en uno de los <txt:bold,2><txt:color,orange>cinco mejores rematadores</txt:color></txt:bold>...","Tapi entah kenapa, makin lama... Sejak saya menjadi salah satu dari <txt:bold,2><txt:color,orange>5 Spiker Terbaik</txt:color></txt:bold>...","แต่ไม่รู้ทำไม... หลังจากที่ฉันกลายเป็น<txt:bold,2><txt:color,orange>ตัวตบท็อป 5</txt:color></txt:bold>...","Mas... desde que virei uma das <txt:bold,2><txt:color,orange>5 Melhores Atacantes</txt:color></txt:bold>..."
,,,니시카와,,1_기본,,,"<txt:bold,1>설레지 않지?</txt:bold>","<txt:bold,1>The thrill’s gone, isn’t it?</txt:bold>","<txt:bold,1>ワクワクしないよね？</txt:bold>","<txt:bold,1>就没有那种心动的感觉了，对吧？</txt:bold>","<txt:bold,1>就再也沒有那種心跳加速的感覺了，對吧？</txt:bold>","<txt:bold,1>Стало не так интересно?</txt:bold>","<txt:bold,1>Keterujaan dah hilang, kan?</txt:bold>","<txt:bold,1>Không còn thấy rung động nữa đúng không?</txt:bold>","<txt:bold,1>¿Ya no te emociona?</txt:bold>","<txt:bold,1>Kamu tidak lagi merasa berdebar-debar ya?</txt:bold>","<txt:bold,1>เธอไม่รู้สึกตื่นเต้นสินะ?</txt:bold>","<txt:bold,1>Não te anima mais, né?</txt:bold>"
,,,서사라_유니폼,,1_아쉬움,,,...,...,‥,‥,‥,...,...,...,...,...,...,...
,,,니시카와,,1_씨익,,,"하하, 그렇군, 그렇군. 뭔지 알겠어. ","Haha, yeah, yeah. I know exactly what you mean.",ハハッ、そうかそうか。なんとなく分かるよ。,哈哈，我就知道。我懂那种感觉。,哈哈，果然、果然。我懂，我完全懂那種感覺。,"Ха, так вот в чем дело.","Haha, ya, ya. Saya faham betul apa yang awak rasa.","Haha, ra vậy, ra vậy. Tôi hiểu rồi.","Jaja, ya veo, ya veo. Sé a qué te refieres.","Haha, jadi begitu. Aku tahu apa itu.",ฮ่าฮ่า อย่างนี้นี่เอง ฉันเข้าใจแล้วล่ะ,"Haha, já entendi. Sei como é."
,,,니시카와,,1_기본,,,"<txt:bold,2><txt:color,orange>서사라</txt:color></txt:bold>, 역시...<wrt:wait,30> 너도 <txt:bold,1>돌아이</txt:bold>구나?","<txt:bold,2><txt:color,orange>Sara Seo</txt:color></txt:bold>... <wrt:wait,30>turns out you’re a <txt:bold,1>volleyball freak</txt:bold> too, huh?","<txt:bold,2><txt:color,orange>有田紗良</txt:color></txt:bold>、やっぱり‥<wrt:wait,30>君も<txt:bold,1>イカれてる</txt:bold>んだね？","<txt:bold,2><txt:color,orange>徐莎拉</txt:color></txt:bold>，原来‥<wrt:wait,30>你也是个<txt:bold,1>疯子</txt:bold>啊？","<txt:bold,2><txt:color,orange>莎拉</txt:color></txt:bold>，原來‥<wrt:wait,30>妳也是個<txt:bold,1>瘋子</txt:bold>啊？","<txt:bold,2><txt:color,orange>Сара</txt:color></txt:bold>, выходит, <wrt:wait,30>ты тоже <txt:bold,1>немного с приветом</txt:bold>?","<txt:bold,2><txt:color,orange>Sara Seo</txt:color></txt:bold>... <wrt:wait,30>rupa-rupanya awak pun <txt:bold,1>penggila bola tampar</txt:bold>, ya?","<txt:bold,2><txt:color,orange>Seo Sara</txt:color></txt:bold>, quả nhiên...<wrt:wait,30> cậu cũng là một <txt:bold,1>kẻ điên</txt:bold> nhỉ?","<txt:bold,2><txt:color,orange>Sara</txt:color></txt:bold>, como me lo imaginaba...<wrt:wait,30> tú también estás <txt:bold,1>loca</txt:bold>, ¿verdad?","<txt:bold,2><txt:color,orange>Sara Seo</txt:color></txt:bold>, kamu itu juga...<wrt:wait,30> memang <txt:bold,1>orang gila</txt:bold> ya?","<txt:bold,2><txt:color,orange>ซอซาร่า</txt:color></txt:bold> เธอก็...<wrt:wait,30> เป็น<txt:bold,1>คนบ้า</txt:bold>สินะ?","<txt:bold,2><txt:color,orange>Sara Seo</txt:color></txt:bold>... no fundo... <wrt:wait,30>você também é meio <txt:bold,1>maluca</txt:bold>, né?"
,,,서사라_유니폼,,1_당황,,,"<txt:shake,1>네, 네?</txt:shake>","<txt:shake,1>Wh-What?</txt:shake>","<txt:shake,1>えっ！</txt:shake>","<txt:shake,1>诶，诶？</txt:shake>","<txt:shake,1>什、什麼？</txt:shake>","<txt:shake,1>Ч-что?</txt:shake>","<txt:shake,1>A-Apa...?</txt:shake>","<txt:shake,1>Sao cơ?</txt:shake>","<txt:shake,1>¿C-cómo?</txt:shake>","<txt:shake,1>A-apa?</txt:shake>","<txt:shake,1>คะ.. คะ?</txt:shake>","<txt:shake,1>O-o quê?</txt:shake>"
,,,니시카와,,1_씨익,,,"그래~ <txt:bold,2><txt:color,orange>5대 스파이커</txt:color></txt:bold> 중에 정상이 있을 리가 없지.","Come on, no one in the <txt:bold,2><txt:color,orange>Big Five</txt:color></txt:bold> is normal.","そうだよな～<txt:bold,2><txt:color,orange>5大スパイカー</txt:color></txt:bold>の中にまともな奴がいるわけないよな。","是啊～<txt:bold,2><txt:color,orange>五大主攻手</txt:color></txt:bold>里哪有正常人。","也是～<txt:bold,2><txt:color,orange>五大主攻手</txt:color></txt:bold>裡面，怎麼可能會有正常人。","Еще бы! Среди <txt:bold,2><txt:color,orange>пятерки нападающих</txt:color></txt:bold> нормальных людей не бывает.","Alah, tiada seorang pun antara <txt:bold,2><txt:color,orange>lima perejam terbaik dunia</txt:color></txt:bold> yang normal.","Đúng rồi, trong <txt:bold,2><txt:color,orange>Top 5 Tay Đập</txt:color></txt:bold> thì làm gì có ai bình thường.","Sí. Era imposible que hubiera alguien normal entre los <txt:bold,2><txt:color,orange>cinco mejores rematadores</txt:color></txt:bold>.","Iya~ memang tidak mungkin ada orang yang normal di antara <txt:bold,2><txt:color,orange>5 Spiker Terbaik</txt:color></txt:bold>.","ใช่แล้ว~ ในบรรดา<txt:bold,2><txt:color,orange>ตัวตบท็อป 5</txt:color></txt:bold> น่ะ ไม่มีทางมีคนปกติหรอก","Claro, nenhum dos <txt:bold,2><txt:color,orange>5 Melhores Atacantes</txt:color></txt:bold> é normal mesmo."
,,,니시카와,,1_씨익,,,오늘 느꼈지? 오늘은 왜 기분이 좋은지?,"You felt it today, right? Why today was different?",今日感じただろ？今日はなんで気分が良いのか。,今天感觉到了吧？今天为什么心情这么好？,妳今天感覺到了吧？知道為什麼今天心情會這麼好嗎？,"Ты же поняла, да? Почему тебе понравился сегодняшний матч.","Hari ini awak dapat rasa, bukan? Sebab mengapa hari ini berbeza?",Hôm nay cậu cảm nhận được rồi chứ? Vì sao hôm nay cậu thấy vui?,¿Lo sentiste hoy? ¿Sabes por qué te sientes bien hoy?,Hari ini apa kamu merasakannya? Alasan mengapa hari ini terasa menyenangkan.,วันนี้เธอรู้สึกแล้วใช่ไหม? ว่าทำไมวันนี้ถึงอารมณ์ดี?,"Percebeu por que seu humor tava ótimo hoje, né?"
,,,서사라_유니폼,,1_무표정,,,...왜죠?,Why...?,‥なんでですか？,‥为什么？,‥為什麼？,Почему?,Kenapa...?,...Vì sao?,...¿Por qué?,...Kenapa?,...ทำไมเหรอคะ?,Por quê?
,,,니시카와,,1_기본,,exclam,"<txt:size,2>나랑 경기해서지. 알면서 뭘 물어!</txt:size>","<txt:size,2>Because you played me. You know that already!</txt:size>","<txt:size,2>俺と試合したからだよ。分かってて何聞いてんだ！</txt:size>","<txt:size,2>因为是跟我打比赛啊。明知故问！</txt:size>","<txt:size,2>因為是跟我打球啊。明知故問！</txt:size>","<txt:size,2>Да потому что ты играла против меня!</txt:size>","<txt:size,2>Kerana awak bermain dengan saya. Awak pun dah tahu!</txt:size>","<txt:size,2>Vì cậu đấu với tôi chứ còn gì! Hỏi thừa!</txt:size>","<txt:size,2>Porque jugaste conmigo. ¡Por qué preguntas si ya lo sabes!</txt:size>","<txt:size,2>Itu karena bertanding denganku. Kenapa masih di tanya lagi!?</txt:size>","<txt:size,2>ก็เพราะเธอแข่งกับฉันน่ะสิ รู้อยู่แล้วจะถามทำไมเล่า!</txt:size>","<txt:size,2>Porque você jogou comigo, ué! Você sabe disso!</txt:size>"
,,,니시카와,,1_기본,,,"<txt:bold,2><txt:color,orange>5대 스파이커</txt:color>... 5대 리그에서 3년 연속 MVP를 차지한 선수.</txt:bold>","<txt:bold,2>One of the <txt:color,orange>Big Five</txt:color>... three-time consecutive MVP in a top league.</txt:bold>","<txt:bold,2><txt:color,orange>5大スパイカー</txt:color>‥5大リーグで3年連続MVPを獲った選手。</txt:bold>","<txt:bold,2><txt:color,orange>五大主攻手</txt:color>‥是在五大联赛连续三年蝉联MVP的选手。</txt:bold>","<txt:bold,2><txt:color,orange>五大主攻手</txt:color>‥是在五大聯賽中連續三年蟬聯MVP的選手。</txt:bold>","Ты в <txt:bold,2><txt:color,orange>пятерке нападающих</txt:color>. Три сезона подряд становилась MVP.</txt:bold>","<txt:bold,2>Salah seorang daripada <txt:color,orange>lima perejam terbaik dunia</txt:color>... pemain yang meraih MVP tiga tahun berturut-turut dalam salah satu daripada lima liga utama dunia.</txt:bold>","<txt:bold,2><txt:color,orange>Top 5 Tay Đập</txt:color>... Tuyển thủ giành MVP 3 năm liên tiếp tại một trong năm giải đấu hàng đầu.</txt:bold>","<txt:bold,2>Los <txt:color,orange>cinco mejores rematadores</txt:color>... Jugadores que han ganado el MVP por 3 años consecutivos en las 5 grandes ligas.</txt:bold>","<txt:bold,2><txt:color,orange>5 Spiker Terbaik</txt:color>... Atlet yang meraih MVP di salah satu dari 5 liga selama 3 tahun berturut-turut.</txt:bold>","<txt:bold,2><txt:color,orange>ตัวตบท็อป 5</txt:color>... นักกีฬาที่ครองตำแหน่ง MVP ต่อเนื่อง 3 ปีในลีกท็อป 5</txt:bold>","Um dos <txt:bold,2><txt:color,orange>5 Melhores Atacantes</txt:color>, MVP por três anos seguidos em uma das 5 grandes ligas.</txt:bold>"
,,,니시카와,,1_씨익,,,"반대로 말하자면, 같은 리그에선 더 이상 재미가 없단 뜻이지.","But on the downside, nothing in your own league excites you anymore.",逆に言えば、同じリーグじゃもう面白くないってことだ。,换句话说，在同个联赛里已经找不到对手了。,換句話說，在同一個聯賽裡，已經找不到任何樂趣了。,Тебе в своей лиге уже просто неинтересно.,"Tetapi keburukannya, tiada apa dalam liga awak yang mengujakan awak lagi.",Nói ngược lại thì trong cùng một giải đấu đã không còn gì thú vị nữa rồi.,"En otras palabras, significa que ya no nos divertimos jugando en la misma liga.","Dengan kata lain, di liga tersebut sudah tidak ada keseruan lagi.",ถ้าพูดในทางกลับกันก็คือ การเล่นในลีกเดิมมันไม่สนุกอีกต่อไปแล้ว,"Em outras palavras, essa liga não te diverte mais."
,,,니시카와,,1_씨익,,,그런데 오랜만에 온 힘을 다할 수 있었으니 얼마나 재밌었겠어.,But today you got to go all out for the first time in ages. Of course it felt amazing.,それが久しぶりに全力を出せたんだから、とっても楽しかったはず。,所以难得能像今天这样全力以赴，当然会觉得很有趣。,所以難得能遇到讓妳拚盡全力的對手，當然會覺得很有趣囉。,"А сегодня ты наконец смогла выложиться на полную. Конечно, было весело.",Tetapi hari ini awak dapat beraksi sepenuhnya setelah sekian lama. Sudah tentu ia terasa hebat.,"Nhưng hôm nay cậu được dốc toàn lực sau thời gian dài như vậy, sao có thể không vui chứ.","Pero después de tanto tiempo pudiste usar toda tu fuerza, imagínate lo divertido que fue.","Tapi akhirnya kamu bisa bertanding dengan seluruh kemampuan lagi setelah sekian lama, tentu saja kamu merasa sangat seru.",แต่พอได้ทุ่มแรงทั้งหมดแบบที่ไม่ได้ทำมานาน ก็คงจะสนุกมากเลยสินะ,"Mas hoje você finalmente pôde jogar com tudo. Foi bom, né?"
,,,니시카와,,1_기본,,,"조언을 하나 해주자면, <txt:bold,1>설레는 경기가 찾아온다면 절대 놓치지 마.</txt:bold>","My advice? <txt:bold,1>When a match comes along that makes your heart race, don’t ever let it go.</txt:bold>","一つアドバイスするよ。<txt:bold,1>ワクワクする試合が来たら、絶対に逃すな。</txt:bold>","给你个建议，<txt:bold,1>如果有让你心动的比赛，绝对不要错过。</txt:bold>","給妳一個建議，<txt:bold,1>如果遇到了讓妳心動的比賽，絕對不要放手。</txt:bold>","Запомни одно. <txt:bold,1>Никогда не упускай матч, от которого сердце бьется быстрее.</txt:bold>","Nasihat saya? <txt:bold,1>Bila ada perlawanan yang membuat jantung awak berdegup kencang, jangan sekali-kali lepaskannya.</txt:bold>","Cho cậu một lời khuyên: <txt:bold,1>Nếu gặp được một trận đấu khiến tim rung động, tuyệt đối đừng bỏ lỡ.</txt:bold>","Si te puedo dar un consejo, <txt:bold,1>si llega un partido que te emocione, no lo dejes escapar por nada del mundo.</txt:bold>","Kalau boleh aku beri satu saran, jika datang <txt:bold,1>pertandingan yang membuat jantungmu berdebar, jangan pernah melewatkannya.</txt:bold>","ฉันขอแนะนำสักอย่างแล้วกัน <txt:bold,1>ถ้ามีการแข่งขันที่น่าตื่นเต้นเข้ามา ก็อย่าพลาดเด็ดขาดเชียวล่ะ</txt:bold>","Posso te dar um conselho? <txt:bold,1>Quando encontrar um jogo que te faça vibrar, não deixa escapar.</txt:bold>"
,,,니시카와,,1_기본,,,그게 너를 충족시켜 줄 거야.,That’ll give you what you’re looking for.,それが君を満たしてくれるはずだ。,那才会让你感到满足。,那才是能讓妳滿足的東西。,Такие игры и заполняют пустоту.,Ia akan memberi apa yang awak cari.,Nó sẽ khiến cậu cảm thấy thỏa mãn.,Eso es lo que te llenará.,Itu yang akan membuatmu merasa puas.,เพราะสิ่งนั้นจะช่วยเติมเต็มความต้องการของเธอ,É isso que vai te satisfazer de verdade.
,,,서사라_유니폼,,1_무표정,,,...,...,‥,‥,‥,...,...,...,...,...,...,...
,,,서사라_유니폼,,1_미소2,,,"그렇군요. <wrt:wait,30>...감사해요.","I see. <wrt:wait,30>Thank you...","そうですか。<wrt:wait,30>‥ありがとうございます。","原来是这样。<wrt:wait,30>‥谢谢您。","原來如此。<wrt:wait,30>‥謝謝你。","Понятно... <wrt:wait,30>Спасибо.","Saya faham. <wrt:wait,30>Terima kasih...","Ra là vậy. <wrt:wait,30>...Cảm ơn nhé.","Ya veo. <wrt:wait,30>...Gracias.","Begitu ya. <wrt:wait,30>...Terima kasih atas sarannya.","อย่างนี้นี่เอง <wrt:wait,30>...ขอบคุณนะคะ","Entendi... <wrt:wait,30>obrigada."
,,,니시카와,,1_기본,,,"하하, 뭘! 그보다 괜찮아?","Haha, anytime! Hey, more importantly...",はは、どういたしまして！それよりさ、大丈夫か？,哈哈，客气什么！比起那个，你不管管她吗？,哈哈，客氣什麼！話說回來，妳那邊沒事吧？,Да брось!,"Haha, sama-sama! Hei, yang lebih penting...","Haha, có gì đâu! Mà cậu ổn chứ?","Jaja, ¡de nada! Cambiando de tema, ¿estás bien?","Haha, tidak perlu! Ngomong-ngomong, apa tidak apa-apa?",ฮ่าฮ่า จิ๊บๆ น่า! ยิ่งไปกว่านั้น คือไม่เป็นไรเหรอ?,"Haha, imagina! Mas... tá tudo certo?"
,,,니시카와,,1_씨익,,,"저쪽에서 <txt:bold,2><txt:color,orange>아이리스</txt:color></txt:bold> 씨가 팬들에게 둘러싸여서 <txt:wave,1>점점 얼굴이 새하얗게 되는 것 같은데?</txt:wave>","<txt:bold,2><txt:color,orange>Iris</txt:color></txt:bold> is getting mobbed by fans over there and <txt:wave,1>she’s turning as white as a ghost.</txt:wave>","あっちで<txt:bold,2><txt:color,orange>アイリス</txt:color></txt:bold>さんがファンに囲まれて<txt:wave,1>顔がどんどん真っ青になってるみたいだけど？</txt:wave>","那边的<txt:bold,2><txt:color,orange>爱丽丝</txt:color></txt:bold>小姐被粉丝围着，<txt:wave,1>脸色看起来快被吓白了哦？</txt:wave>","我看那邊的<txt:bold,2><txt:color,orange>愛麗絲</txt:color></txt:bold>前輩被粉絲包圍著， <txt:wave,1>臉色好像越來越蒼白了耶？</txt:wave>","Кажется, <txt:bold,2><txt:color,orange>Айрис</txt:color></txt:bold> там окружили фанаты... <txt:wave,1>Она уже белая как мел.</txt:wave>","<txt:bold,2><txt:color,orange>Iris</txt:color></txt:bold> di sana sedang dikerumuni peminat dan <txt:wave,1>mukanya dah pucat.</txt:wave>","Bên kia <txt:bold,2><txt:color,orange>Iris</txt:color></txt:bold> đang bị fan vây kín, trông <txt:wave,1>mặt cậu ấy càng lúc càng trắng bệch rồi kìa?</txt:wave>","Veo a <txt:bold,2><txt:color,orange>Iris</txt:color></txt:bold> rodeada de fans por allá y <txt:wave,1>parece que se está poniendo pálida.</txt:wave>","<txt:bold,2><txt:color,orange>Iris</txt:color></txt:bold> di sana sedang dikerumuni para penggemar, dan wajahnya <txt:wave,1>kelihatan semakin pucat.</txt:wave>","คุณ<txt:bold,2><txt:color,orange>ไอริส</txt:color></txt:bold>โดนแฟนๆ ห้อมล้อมอยู่ทางโน้น <txt:wave,1>จนหน้าเริ่มซีดเผือดแล้วนะ?</txt:wave>","A <txt:bold,2><txt:color,orange>Iris</txt:color></txt:bold> tá cercada pelos fãs e <txt:wave,1>com uma cara cada vez mais branca.</txt:wave>"
,,,서사라_유니폼,,1_당황,,exclam,"<wrt:delay,1>핫?! 아, <wrt:wait,30><txt:bold,2><txt:color,orange>아이리스</txt:color></txt:bold> 씨?!</wrt:delay>","<wrt:delay,1>Oh no! I-<wrt:wait,30><txt:bold,2><txt:color,orange>Iris</txt:color></txt:bold>?!</wrt:delay>","<wrt:delay,1>えっ！？あ、<wrt:wait,30><txt:bold,2><txt:color,orange>アイリス</txt:color></txt:bold>さん！？</wrt:delay>","<wrt:delay,1>呀？！糟了，<wrt:wait,30><txt:bold,2><txt:color,orange>爱丽丝</txt:color></txt:bold>小姐？！</wrt:delay>","<wrt:delay,1>什麼？！完了，<wrt:wait,30><txt:bold,2><txt:color,orange>愛麗絲</txt:color></txt:bold>前輩？！</wrt:delay>","<wrt:delay,1>Ч-что? <wrt:wait,30><txt:bold,2><txt:color,orange>Айрис</txt:color></txt:bold>!</wrt:delay>","<wrt:delay,1>Alamak! I-<wrt:wait,30><txt:bold,2><txt:color,orange>Iris</txt:color></txt:bold>?!</wrt:delay>","<wrt:delay,1>Hả?! <wrt:wait,30><txt:bold,2><txt:color,orange>A, Iris</txt:color></txt:bold>?!</wrt:delay>","<wrt:delay,1>¡¿Eh?! Ah, <wrt:wait,30>¡¿ <txt:bold,2><txt:color,orange>Iris</txt:color></txt:bold>?!</wrt:delay>","<wrt:delay,1>Aduh?! Ir, <wrt:wait,30><txt:bold,2><txt:color,orange>Iris</txt:color></txt:bold>?!</wrt:delay>","<wrt:delay,1>อ๊ะ?! คะ <wrt:wait,30>คุณ<txt:bold,2><txt:color,orange>ไอริส</txt:color></txt:bold>?!</wrt:delay>","<wrt:delay,1>Hã?! <wrt:wait,30>A <txt:bold,2><txt:color,orange>Iris</txt:color></txt:bold>?!</wrt:delay>"
,,,서사라_유니폼,,1_당황,,,"아, 알겠어요. 다음에 만나면 꼭 알려주세요!!<cha:pos,서사라_유니폼,4>","Oh, got it. Next time we meet, you have to tell me more!<cha:pos,서사라_유니폼,4>","わ、分かりました。今度会ったら絶対に教えてくださいね！！<cha:pos,서사라_유니폼,4>","啊，我知道了。下次见面一定要告诉我后续啊！！<cha:pos,서사라_유니폼,4>","啊，我知道了。下次見面記得告訴我後續啊！！<cha:pos,서사라_유니폼,4>","Поняла. До следующего раза!<cha:pos,서사라_유니폼,4>","Oh, faham. Lain kali kita jumpa, awak kena ceritakan lebih lagi!<cha:pos,서사라_유니폼,4>","Được rồi. Lần sau gặp, nhớ kể cho tôi nghe nhé!!<cha:pos,서사라_유니폼,4>","¡A-ah, entendido! ¡Por favor, enséñeme la próxima vez que nos veamos!<cha:pos,서사라_유니폼,4>","S-saya mengerti. Tolong beritahu saya pada pertemuan berikutnya!!<cha:pos,서사라_유니폼,4>","ขะ เข้าใจแล้วค่ะ คราวหน้าถ้าเจอกัน ช่วยบอกฉันด้วยนะคะ!!<cha:pos,서사라_유니폼,4>","Ok! Me conta tudo na próxima vez!<cha:pos,서사라_유니폼,4>"
,,,TAG,,,,,"<sys:quiet,1000>","<sys:quiet,1000>","<sys:quiet,1000>","<sys:quiet,1000>","<sys:quiet,1000>","<sys:quiet,1000>","<sys:quiet,1000>","<sys:quiet,1000>","<sys:quiet,1000>","<sys:quiet,1000>","<sys:quiet,1000>","<sys:quiet,1000>"
,,,니시카와,0,2_진지,,,...,...,‥,‥,‥,...,...,...,...,...,...,...
,,,니시카와,,2_씨익,,,"그렇지, <txt:bold,2><txt:color,orange>5대 스파이커</txt:color></txt:bold>란 경기가 설레지 않으면 돌아버리는 녀석들이지.","Yeah, that’s the <txt:bold,2><txt:color,orange>Big Five</txt:color></txt:bold> spirit. If a match doesn’t get your blood pumping, it’ll drive you crazy.","そうだよな、<txt:bold,2><txt:color,orange>5大スパイカー</txt:color></txt:bold>ってのは、試合にワクワクしないとおかしくなっちまう奴らだ。","没错，所谓<txt:bold,2><txt:color,orange>五大主攻手</txt:color></txt:bold>，就是那种如果没有让人心动的比赛，就会发疯的异类。","沒錯，所謂的<txt:bold,2><txt:color,orange>五大主攻手</txt:color></txt:bold>就是一群不打令人心跳加速的比賽，就會渾身不對勁的傢伙。","Вот такие они, <txt:bold,2><txt:color,orange>сильнейшие нападающие</txt:color></txt:bold>. Без адреналина готовы свихнуться.","Ya, <txt:bold,2><txt:color,orange>lima perejam terbaik dunia</txt:color></txt:bold> memang akan jadi gila kalau perlawanan tak membuat mereka teruja.","Đúng vậy, <txt:bold,2><txt:color,orange>Top 5 Tay Đập</txt:color></txt:bold> là những kẻ nếu trận đấu không khiến tim rung động thì sẽ phát điên lên.","Es cierto, los <txt:bold,2><txt:color,orange>cinco mejores rematadores</txt:color></txt:bold> somos personas que nos volveríamos locas si los partidos no nos emocionaran.","Tentu saja, <txt:bold,2><txt:color,orange>5 Spiker Terbaik</txt:color></txt:bold> itu adalah tipe orang yang bisa gila jika pertandingannya tidak membuat mereka berdebar.","ใช่สิ <txt:bold,2><txt:color,orange>ตัวตบท็อป 5</txt:color></txt:bold> น่ะ เป็นพวกที่จะเสียสติถ้ารู้สึกว่าการแข่งขันไม่น่าตื่นเต้นกันทั้งนั้น","Isso mesmo... os <txt:bold,2><txt:color,orange>5 Melhores Atacantes</txt:color></txt:bold> ficam loucos sem emoção."
,,,니시카와,,2_씨익,,,"<txt:bold,1>하하, 나도 당장이라도 너와 다시 한번 경기를 하고 싶거든.</txt:bold>","<txt:bold,1>Haha, honestly, I want to play you again right this second.</txt:bold>","<txt:bold,1>ハハ、俺だって今すぐにでも君ともう一度試合がしたいんだよ。</txt:bold>","<txt:bold,1>哈哈，我也迫不及待想再和你打一场了。</txt:bold>","<txt:bold,1>哈哈，其實我也恨不得現在就再跟妳打一場呢。</txt:bold>","<txt:bold,1>Ха-ха, мне уже не терпится снова выйти против тебя.</txt:bold>","<txt:bold,1>Haha, jujurnya, saya mahu bermain dengan awak lagi sekarang juga.</txt:bold>","<txt:bold,1>Haha, ngay bây giờ tôi cũng muốn đấu với cậu thêm một trận nữa.</txt:bold>","<txt:bold,1>Jaja, yo también quisiera volver a jugar un partido contigo ahora mismo.</txt:bold>","<txt:bold,1>Haha, aku sendiri juga ingin segera bertanding lagi denganmu.</txt:bold>","<txt:bold,1>ฮ่าฮ่า ฉันก็อยากแข่งกับเธออีกสักครั้งเดี๋ยวนี้เลยล่ะ</txt:bold>","<txt:bold,1>Haha, eu adoraria jogar outra partida com você agora.</txt:bold>"
,,,니시카와,,2_미소,,joy,"기대되는군. <wrt:wait,30><txt:shake,1>네가 얼마나 괴물 같은 선수가 될지 말이야!</txt:shake>","I can’t wait to see <wrt:wait,30><txt:shake,1>what kind of monster you’ll become!</txt:shake>","楽しみだな。<wrt:wait,30><txt:shake,1>君がどれだけ化け物みたいな選手になるか！</txt:shake>","真让人期待啊。<wrt:wait,30><txt:shake,1>你会成长为一个多么恐怖的怪物呢！</txt:shake>","真是令人期待。<wrt:wait,30><txt:shake,1>看妳究竟會成長為多麼恐怖的怪物！</txt:shake>","Интересно посмотреть. <wrt:wait,30><txt:shake,1>Каким монстром ты станешь.</txt:shake>","Tak sabar nak lihat <wrt:wait,30><txt:shake,1>sejauh mana kehebatan awak nanti!</txt:shake>","Tôi rất mong chờ đấy. <wrt:wait,30><txt:shake,1>Xem cậu sẽ trở thành một quái vật đến mức nào!</txt:shake>","Lo estaré esperando. <wrt:wait,30><txt:shake,1>¡Ver qué clase de jugadora monstruosa llegarás a ser!</txt:shake>","Aku menantikannya. <wrt:wait,30><txt:shake,1>Akan jadi pemain sehebat apa kamu nanti!</txt:shake>","คาดหวังจังแฮะ <wrt:wait,30><txt:shake,1>ว่าเธอจะกลายเป็นนักกีฬาที่ราวกับปีศาจขนาดไหน!</txt:shake>","Mal posso esperar <wrt:wait,30><txt:shake,1>pra ver o monstro que você vai se tornar!</txt:shake>"
5,경기 전,#,MAP,,,,,찻집,찻집,찻집,찻집,찻집,찻집,찻집,찻집,찻집,찻집,찻집,찻집
,,#,BGM,,,,,BGM_MAKING_A_PLAN,BGM_MAKING_A_PLAN,BGM_MAKING_A_PLAN,BGM_MAKING_A_PLAN,BGM_MAKING_A_PLAN,BGM_MAKING_A_PLAN,BGM_MAKING_A_PLAN,BGM_MAKING_A_PLAN,BGM_MAKING_A_PLAN,BGM_MAKING_A_PLAN,BGM_MAKING_A_PLAN,BGM_MAKING_A_PLAN
,,#,서사라_유니폼,0,1_기본,,,,,,,,,,,,,,
,,#,켈리,4,1_기본,,,,,,,,,,,,,,
,,,-,,,,,"<txt:bold,3><txt:color,grey>~콜로세움 티하우스~</txt:color></txt:bold>","<txt:bold,3><txt:color,grey>Colosseum Tea House</txt:color></txt:bold>","<txt:bold,3><txt:color,grey>～コロッセオ・ティーハウス～</txt:color></txt:bold>","<txt:bold,3><txt:color,grey>～竞技场茶屋～</txt:color></txt:bold>","<txt:bold,3><txt:color,grey>～競技場茶館～</txt:color></txt:bold>","<txt:bold,3><txt:color,grey>Чайная у Колизея</txt:color></txt:bold>","<txt:bold,3><txt:color,grey>Colosseum Tea House</txt:color></txt:bold>","<txt:bold,3><txt:color,grey>~ Tiệm Trà Đấu Trường ~</txt:color></txt:bold>","<txt:bold,3><txt:color,grey>Casa de té del Coliseo</txt:color></txt:bold>","<txt:bold,3><txt:color,grey>~Tea House Colosseum~</txt:color></txt:bold>","<txt:bold,3><txt:color,grey>~โคลอสเซียมทีเฮ้าส์~</txt:color></txt:bold>","<txt:bold,3><txt:color,grey>#Casa de Chá do Coliseu</txt:color></txt:bold>"
,,,서사라_유니폼,,1_기본,,,"후... 결국 여기까지 왔네. <txt:bold,2><txt:color,orange>켈리</txt:color></txt:bold> 씨, 잘 계시려나...?","Phew... I made it. I wonder if <txt:bold,2><txt:color,orange>Kelly</txt:color></txt:bold>’s doing well...","ふぅ‥結局ここまで来ちゃった。<txt:bold,2><txt:color,orange>ケリー</txt:color></txt:bold>姉さま、元気かな‥？","呼‥结果还是到了这里。<txt:bold,2><txt:color,orange>凯莉</txt:color></txt:bold>小姐，还过得好吗‥？","呼‥最後還是來到這裡了。不知道<txt:bold,2><txt:color,orange>凱莉</txt:color></txt:bold>前輩，她過得好不好‥？","Фух, вот я и добралась. Интересно, как там <txt:bold,2><txt:color,orange>Келли</txt:color></txt:bold>.","Fuh... Dah sampai. Agaknya <txt:bold,2><txt:color,orange>Kelly</txt:color></txt:bold> bagaimana...","Phù... cuối cùng cũng tới đây rồi. <txt:bold,2><txt:color,orange>Kelly</txt:color></txt:bold>... không biết cậu ấy có khỏe không...?","Fiu... Al final he llegado hasta aquí. ¿Estará bien la señorita <txt:bold,2><txt:color,orange>Kelly</txt:color></txt:bold>...?","Huh... Akhirnya aku sampai disini. Bagaimana keadaan <txt:bold,2><txt:color,orange>Kelly</txt:color></txt:bold> sekarang ya...?","ฮู้ว... สุดท้ายก็มาจนถึงที่นี่ คุณ<txt:bold,2><txt:color,orange>เคลลี่</txt:color></txt:bold>จะสบายดีไหมนะ...?","Ufa... vim parar aqui no fim. Será que a <txt:bold,2><txt:color,orange>Kelly</txt:color></txt:bold> tá bem?"
,,,-,,,,,"<eff:shake,2><txt:bold,2><txt:size,2>(쾅!!)</txt:size></txt:bold><sys:sfx,쿵>","<eff:shake,2><txt:bold,2><txt:size,2>(Crash!)</txt:size></txt:bold><sys:sfx,쿵>","<eff:shake,2><txt:bold,2><txt:size,2>(ドン！！)</txt:size></txt:bold><sys:sfx,쿵>","<eff:shake,2><txt:bold,2><txt:size,2>（哐！！）</txt:size></txt:bold><sys:sfx,쿵>","<eff:shake,2><txt:bold,2><txt:size,2>（哐！！）</txt:size></txt:bold><sys:sfx,쿵>","<eff:shake,2><txt:bold,2><txt:size,2>(Бам!)</txt:size></txt:bold><sys:sfx,쿵>","<eff:shake,2><txt:bold,2><txt:size,2>(Derang!)</txt:size></txt:bold><sys:sfx,쿵>","<eff:shake,2><txt:bold,2><txt:size,2>*Rầm*</txt:size></txt:bold><sys:sfx,쿵>","<eff:shake,2><txt:bold,2><txt:size,2>(¡¡Pum!!)</txt:size></txt:bold><sys:sfx,쿵>","<eff:shake,2><txt:bold,2><txt:size,2>(Duar!!)</txt:size></txt:bold><sys:sfx,쿵>","<eff:shake,2><txt:bold,2><txt:size,2>(ปึ้ง!!)</txt:size></txt:bold><sys:sfx,쿵>","<eff:shake,2><txt:bold,2><txt:size,2>(Bam!)</txt:size></txt:bold><sys:sfx,쿵>"
,,,손님 A,,,,,"<txt:bold,1><txt:size,2>사, 살려 주세요!!!!</txt:size></txt:bold>","<txt:bold,1><txt:size,2>P-Please have mercy!</txt:size></txt:bold>","<txt:bold,1><txt:size,2>た、助けてください！！！</txt:size></txt:bold>","<txt:bold,1><txt:size,2>救、救命啊！！！！</txt:size></txt:bold>","<txt:bold,1><txt:size,2>救、救命啊！！！！</txt:size></txt:bold>","<txt:bold,1><txt:size,2>Ой, что это?!</txt:size></txt:bold>","<txt:bold,1><txt:size,2>T-Tolong kasihankan saya!</txt:size></txt:bold>","<txt:bold,1><txt:size,2>C, cứu tôi với!!!!</txt:size></txt:bold>","<txt:bold,1><txt:size,2>¡¡A-ayúdenme!!!!</txt:size></txt:bold>","<txt:bold,1><txt:size,2>T-tolong saya!!!!</txt:size></txt:bold>","<txt:bold,1><txt:size,2>ชะ ช่วยด้วย!!!!</txt:size></txt:bold>","<txt:bold,1><txt:size,2>Socorro!</txt:size></txt:bold>"
,,,서사라_유니폼,,1_당황,,quest,"꺅?! ...<txt:bold,2><txt:color,orange>켈리</txt:color></txt:bold> 씨?","Eek?! ...<txt:bold,2><txt:color,orange>Kelly</txt:color></txt:bold>?","きゃっ！？‥<txt:bold,2><txt:color,orange>ケリー</txt:color></txt:bold>姉さま？","呀？！‥<txt:bold,2><txt:color,orange>凯莉</txt:color></txt:bold>小姐？","嗯？！‥是<txt:bold,2><txt:color,orange>凱莉</txt:color></txt:bold>前輩？","<txt:bold,2><txt:color,orange>Келли</txt:color></txt:bold>? Это ты?","Eek?! <txt:bold,2><txt:color,orange>Kelly</txt:color></txt:bold>?","Á?! ...<txt:bold,2><txt:color,orange>Kelly</txt:color></txt:bold>?","¡¿Kya?! ...¿<txt:bold,2><txt:color,orange>Kelly</txt:color></txt:bold>?","Kyahh?! ...<txt:bold,2><txt:color,orange>Kelly</txt:color></txt:bold>?","กรี๊ด?! ...คุณ<txt:bold,2><txt:color,orange>เคลลี่</txt:color></txt:bold>?","Aah?! <txt:bold,2><txt:color,orange>Kelly</txt:color></txt:bold>?"
,,,TAG,,,,,"<cha:pos,서사라_유니폼,-2><cha:pos,켈리,2>","<cha:pos,서사라_유니폼,-2><cha:pos,켈리,2>","<cha:pos,서사라_유니폼,-2><cha:pos,켈리,2>","<cha:pos,서사라_유니폼,-2><cha:pos,켈리,2>","<cha:pos,서사라_유니폼,-2><cha:pos,켈리,2>","<cha:pos,서사라_유니폼,-2><cha:pos,켈리,2>","<cha:pos,서사라_유니폼,-2><cha:pos,켈리,2>","<cha:pos,서사라_유니폼,-2><cha:pos,켈리,2>","<cha:pos,서사라_유니폼,-2><cha:pos,켈리,2>","<cha:pos,서사라_유니폼,-2><cha:pos,켈리,2>","<cha:pos,서사라_유니폼,-2><cha:pos,켈리,2>","<cha:pos,서사라_유니폼,-2><cha:pos,켈리,2>"
,,,켈리,,1_기본,,,"어라? <txt:bold,2><txt:color,orange>사라</txt:color></txt:bold> 왔구나?","Oh? <txt:bold,2><txt:color,orange>Sara</txt:color></txt:bold>, you’re here.","あら？<txt:bold,2><txt:color,orange>紗良</txt:color></txt:bold>、来てたのね。","哦？<txt:bold,2><txt:color,orange>莎拉</txt:color></txt:bold>你来啦？","咦？<txt:bold,2><txt:color,orange>莎拉</txt:color></txt:bold>妳來啦？","О, <txt:bold,2><txt:color,orange>Сара</txt:color></txt:bold>, ты уже здесь?","Oh? <txt:bold,2><txt:color,orange>Sara</txt:color></txt:bold>, awak di sini.","Ơ? <txt:bold,2><txt:color,orange>Sara</txt:color></txt:bold> đến rồi à?","¿Eh? Has venido, <txt:bold,2><txt:color,orange>Sara</txt:color></txt:bold>.","Eh? <txt:bold,2><txt:color,orange>Sara</txt:color></txt:bold>, kamu telah datang ya?","อ้าว? <txt:bold,2><txt:color,orange>ซาร่า</txt:color></txt:bold> มาแล้วเหรอ?","Opa, <txt:bold,2><txt:color,orange>Sara</txt:color></txt:bold>?"
,,,서사라_유니폼,,-1_기본,,,"네, 좀 전에 도착했는데...<wrt:wait,30>혹시 방금 뛰쳐나간 사람은...?","Yeah, I just got here... <wrt:wait,30>Was that someone running out just now...?","はい、さっき着いたんですけど‥<wrt:wait,30>もしかして今飛び出していった人は‥？","嗯，刚到一会儿‥<wrt:wait,30>刚才跑掉的那个人是‥？","是啊，我剛到‥<wrt:wait,30>剛才跑出去的那個人是‥？","Да, только что приехала... <wrt:wait,30>А кто это сейчас выбежал отсюда?","Ya, saya baru sampai... <wrt:wait,30>Tadi ada orang lari keluar ke...?","Vâng, tôi vừa mới tới... <wrt:wait,30>người vừa chạy ra là...?","Sí, acabo de llegar...<wrt:wait,30>por casualidad, ¿la persona que salió corriendo hace un momento...?","Iya, saya baru saja sampai...<wrt:wait,30>Orang yang barusan keluar itu...?","ค่ะ เพิ่งมาถึงไม่นานเลย...<wrt:wait,30> คนที่วิ่งออกไปเมื่อกี้คือ...?","É, acabei de chegar... <wrt:wait,30>quem era aquela pessoa que saiu correndo?"
,,,켈리,,1_기본,,,별거 아니야. 손 좀 봐줬어.,It was nothing. Just taught him some manners.,大したことないわよ。ちょっとお仕置きしてあげただけ。,没什么。稍微教训了一下。,沒什麼。只是給他一點教訓而已。,Один негодяй. Но я проучила его.,Tiada apa-apa. Cuma ajar dia adab sikit.,Không có gì đâu. Tôi chỉ dạy cho hắn một bài học thôi.,No es nada. Solo le di una lección.,Bukan hal yang penting. Aku hanya beri sedikit pelajaran.,ไม่มีอะไรหรอก ฉันแค่ช่วยจัดการให้นิดหน่อยน่ะ,Não é nada não. Só dei uma lição no cara.
,,,켈리,,1_째릿,,angry,"<txt:bold,1><txt:color,red>어딜 건방지게, 우리 가게 알바생들한테 찝쩍거려.</txt:color></txt:bold>","<txt:bold,1><txt:color,red>Had the nerve to hit on my staff.</txt:color></txt:bold>","<txt:bold,1><txt:color,red>うちの店のバイトの子たちにちょっかい出すなんて、身の程知らずもいいところよ。</txt:color></txt:bold>","<txt:bold,1><txt:color,red>也不看看自己什么货色，敢来调戏我店里的店员。</txt:color></txt:bold>","<txt:bold,1><txt:color,red>敢在老娘的店裡對工讀生毛手毛腳，活得不耐煩了。</txt:color></txt:bold>","<txt:bold,1><txt:color,red>А то совсем обнаглел! Приставал к моим работникам!</txt:color></txt:bold>","<txt:bold,1><txt:color,red>Berani dia mengusik staf saya.</txt:color></txt:bold>","<txt:bold,1><txt:color,red>Dám động tay động chân với nhân viên quán của tôi.</txt:color></txt:bold>","<txt:bold,1><txt:color,red>Qué descaro, acosando al personal de mi tienda.</txt:color></txt:bold>","<txt:bold,1><txt:color,red>Berani-beraninya dia coba menggoda pegawai kita.</txt:color></txt:bold>","<txt:bold,1><txt:color,red>กล้าดียังไงถึงได้มายุ่มย่ามกับเด็กพาร์ตไทม์ร้านของฉัน</txt:color></txt:bold>","<txt:bold,1><txt:color,red>Quem ele pensa que é pra ficar mexendo com meus funcionários?</txt:color></txt:bold>"
,,,서사라_유니폼,,-1_기본,,,하하... 여전하시네요.,Haha... Some things never change.,あはは‥相変わらずですね。,哈哈‥您还是一点没变。,哈哈‥真是一點都沒變呢。,"Ха-ха, а ты совсем не изменилась.",Haha... biasalah.,Haha... cậu vẫn vậy nhỉ.,Jaja... Sigue siendo la misma de siempre.,Haha... Anda masih sama seperti dulu.,ฮะฮะ... ยังเหมือนเดิมเลยนะคะ,Hahaha... continua a mesma de sempre.
,,,켈리,,1_무표정,,,가끔 와. 자기 주제도 모르고 설치는 녀석들이.,You get one every now and then. Guys who don’t know their place.,たまにいるのよね。身の程をわきまえずに調子に乗る連中が。,偶尔会有那种不自量力的家伙来捣乱。,偶爾會有些搞不清楚狀況的傢伙過來撒野。,Иногда приходят... Всякие типы без тормозов.,Sekali-sekala ada juga. Lelaki yang tak sedar diri.,Thỉnh thoảng cũng có vài tên không biết thân biết phận tới gây chuyện.,Vienen de vez en cuando. Esos tipos que hacen alboroto sin conocer su lugar.,"Kadang-kadang datang, anak-anak yang tidak tahu diri.",บางครั้งก็จะมีเจ้าพวกที่ทำกร่างทั้งที่ไม่รู้จักประมาณตัวเองโผล่มาน่ะสิ,Sempre aparece alguém sem noção.
,,,켈리,,1_기본,,,"뭐, 뒤처리는 다른 손님들이 알아서 하겠지.","Eh, the other customers will handle the mess.",まあ、後始末は他のお客さんが勝手にやってくれるでしょ。,算了，剩下的自然有别的客人会处理。,算了，剩下的那些客人會自己處理的。,"Ладно, с остальным другие посетители разберутся.","Eh, pelanggan lain akan uruskan kekacauan itu.",Dù sao thì khách khác cũng sẽ dọn dẹp thôi.,"Bueno, los demás clientes se encargarán del resto.","Yah, sisanya biar pelanggan lain yang membereskannya.",ส่วนเรื่องเก็บกวาด เดี๋ยวลูกค้าคนอื่นก็คงจัดการกันเองแหละ,"Enfim, os outros clientes dão um jeito."
,,,켈리,,1_기본,wave,,"그나저나 오랜만이야, <txt:bold,2><txt:color,orange>사라</txt:color></txt:bold>!","Anyway, it’s been a while, <txt:bold,2><txt:color,orange>Sara</txt:color></txt:bold>!","それはそうと久しぶりね、<txt:bold,2><txt:color,orange>紗良</txt:color></txt:bold>！","说起来，好久不见了，<txt:bold,2><txt:color,orange>莎拉</txt:color></txt:bold>！","話說回來，好久不見了，<txt:bold,2><txt:color,orange>莎拉</txt:color></txt:bold>！","<txt:bold,2><txt:color,orange>Сара</txt:color></txt:bold>, как я рада тебя видеть!","Apapun, sudah lama, <txt:bold,2><txt:color,orange>Sara</txt:color></txt:bold>!","Mà lâu rồi không gặp, <txt:bold,2><txt:color,orange>Sara</txt:color></txt:bold>!!","Por cierto, ¡cuánto tiempo sin verte, <txt:bold,2><txt:color,orange>Sara</txt:color></txt:bold>!","Ngomong-ngomong lama tak jumpa, <txt:bold,2><txt:color,orange>Sara</txt:color></txt:bold>!","ว่าแต่ไม่ได้เจอกันนานเลยนะ <txt:bold,2><txt:color,orange>ซาร่า</txt:color></txt:bold>!","Mas então, faz tempo que não te vejo, <txt:bold,2><txt:color,orange>Sara</txt:color></txt:bold>!"
,,,켈리,,1_기본,wave,,"지난번 <txt:bold,2>발렌티아 스파이크스</txt:bold> 경기, 나도 봤어.","I caught your match against the <txt:bold,2>Valentia Spikes</txt:bold>.","この前の<txt:bold,2>バレンシアスパイクス</txt:bold>の試合、私も見たわよ。","上次<txt:bold,2>瓦伦蒂亚尖峰队</txt:bold>那场比赛，我也看了。","上次<txt:bold,2>瓦倫蒂亞尖峰隊</txt:bold>的比賽，我也看了。","Кстати, я смотрела твою игру против <txt:bold,2>«Валенсии Спайкс»</txt:bold>.","Saya sempat tengok perlawanan awak menentang <txt:bold,2>Valentia Spikes</txt:bold>.","Trận <txt:bold,2>Valentia Spikes</txt:bold> lần trước tôi cũng xem đấy.","Yo también vi tu último partido contra <txt:bold,2>Valentia Spikes</txt:bold>.","Aku telah nonton juga pertandingan <txt:bold,2>Valentia Spikes</txt:bold> terakhir ini.","การแข่งขันของ<txt:bold,2>วาเลนเทียสไปคส์</txt:bold>ครั้งก่อนน่ะ ฉันได้ดูด้วยนะ","Assisti sua partida contra o <txt:bold,2>Valentia Spikes</txt:bold>."
,,,켈리,,1_기본,wave,,"저번엔 지고 와서 여기서 펑펑 울었잖아. <txt:wave,1>이번에도 한탄하러 온 건 아니지?</txt:wave>","Last time you lost and came here bawling your eyes out. <txt:wave,1>Don’t tell me you’re here to cry again?</txt:wave>","前は負けちゃって、ここで大泣きしてたじゃない。<txt:wave,1>今回も愚痴りに来たわけじゃないでしょうね？</txt:wave>","上次输了比赛在这儿哭得稀里哗啦的，<txt:wave,1>这次总不是又来诉苦的吧？</txt:wave>","上次輸球之後妳還跑來這裡大哭一場。<txt:wave,1>這次該不會又是來訴苦的吧？</txt:wave>","Ты в прошлый раз проиграла и пришла сюда выплакаться. <txt:wave,1>Сейчас не за тем же?</txt:wave>","Dulu awak kalah dan datang ke sini menangis teresak-esak. <txt:wave,1>Awak nak datang untuk menangis lagi ke?</txt:wave>","Lần trước thua trận rồi còn khóc ầm lên ở đây, <txt:wave,1>lần này không phải tới than vãn đấy chứ?</txt:wave>","La última vez perdiste y viniste a llorar a mares aquí. <txt:wave,1>No habrás venido a lamentarte de nuevo, ¿verdad?</txt:wave>","Sebelumnya kamu datang kesini dan nangis seharian setelah kalah kan. <txt:wave,1>Jangan bilang kamu datang untuk mengulangnya lagi?</txt:wave>","ครั้งก่อนเธอแพ้แล้วก็มาร้องไห้โฮที่นี่เลย <txt:wave,1>ครั้งนี้คงไม่ได้มาเศร้าโศกเสียใจอีกหรอกนะ?</txt:wave>","Da outra vez você perdeu e veio chorar aqui que foi uma coisa. <txt:wave,1>Não veio chorar de novo, né?</txt:wave>"
,,,서사라_유니폼,,-1_화남,,,"<txt:shake,1>정말...!</txt:shake> 언제까지 그 얘기를 하실 거예요!","<txt:shake,1>Come on...!</txt:shake> Are you ever going to let that go?!","<txt:shake,1>もう‥！</txt:shake>いつまでその話をするつもりですか！","<txt:shake,1>真是的‥！</txt:shake>您还要提那件事到什么时候啊！","<txt:shake,1>真是的‥！</txt:shake>那件事您還要提多久啊！","<txt:shake,1>Да хватит уже!</txt:shake> Ты мне всю жизнь это припоминать будешь?","<txt:shake,1>Sudahlah...!</txt:shake> Boleh tak lupakan perkara itu?!","<txt:shake,1>Thật là...!</txt:shake> Cậu định nhắc chuyện đó đến bao giờ vậy!","<txt:shake,1>¡De verdad...!</txt:shake> ¡Hasta cuándo va a seguir hablando de eso!","<txt:shake,1>Aduh...!</txt:shake> Sampai kapan Anda akan membicarakan kejadian itu?!","<txt:shake,1>จริงๆ เลยนะ...!</txt:shake> จะพูดถึงเรื่องนั้นไปถึงเมื่อไหร่คะเนี่ย!","<txt:shake,1>Gente!</txt:shake> Até quando vai ficar jogando isso na minha cara?!"
,,,켈리,,1_기본,wave,,"하하하. 참, 내 정신 좀 봐. 앉아. 최근에 좋은 찻잎을 구했거든.","Haha. Oh, where are my manners. Have a seat. I just got some great tea leaves in.",あはは。あらやだ、座って。最近いい茶葉が手に入ったのよ。,哈哈哈。瞧我这记性。坐吧。最近刚弄到了不错的茶叶。,哈哈哈。哎呀，妳看我這記性。坐吧，我最近剛好弄到不錯的茶葉。,"Ха-ха. Ой, что это я. Ты садись. Я тут отличный чай достала.","Haha. Oh, lupa adab saya. Sila duduk. Saya baru sahaja dapat daun teh baru yang sedap.","Hahaha. Ôi trời, xem đầu óc tôi kìa. Ngồi đi. Gần đây tôi kiếm được loại trà ngon lắm.","Jajaja. Ay, qué cabeza la mía. Siéntate. Hace poco conseguí unas buenas hojas de té.","Hahaha. Aduh, lihat aku ini. Duduklah. Akhir-akhir ini aku telah dapat daun teh yang bagus.",ฮ่าฮ่าฮ่า อ้อ ให้ตายเถอะฉัน นั่งก่อนสิ ล่าสุดฉันเพิ่งได้ใบชาดีๆ มาล่ะ,"Hahaha. Que foi! Senta, vai. Consegui um chá incrível esses dias."
,,,서사라_유니폼,,-1_자책1,,,"...<wrt:wait,30><txt:bold,2><txt:color,orange>켈리</txt:color></txt:bold> 씨, 사실 오늘은 오래 앉아서 얘기 나눌 수가 없어요.","...<wrt:wait,30><txt:bold,2><txt:color,orange>Kelly</txt:color></txt:bold>, I actually can’t stay long today.","‥<wrt:wait,30><txt:bold,2><txt:color,orange>ケリー</txt:color></txt:bold>姉さま、今はゆっくりお話しする時間がないんです。","‥<wrt:wait,30><txt:bold,2><txt:color,orange>凯莉</txt:color></txt:bold>小姐，其实今天我没法久坐。","‥<wrt:wait,30><txt:bold,2><txt:color,orange>凱莉</txt:color></txt:bold>前輩，其實我今天沒辦法坐下來跟您慢慢聊。","...<wrt:wait,30><txt:bold,2><txt:color,orange>Келли</txt:color></txt:bold>, прости, но сегодня я ненадолго.","...<wrt:wait,30><txt:bold,2><txt:color,orange>Kelly</txt:color></txt:bold>, sebenarnya saya tak boleh duduk lama hari ini.","...<wrt:wait,30><txt:bold,2><txt:color,orange>Kelly</txt:color></txt:bold>, thật ra hôm nay tôi không thể ngồi lâu nói chuyện được.","...<wrt:wait,30><txt:bold,2><txt:color,orange>Kelly</txt:color></txt:bold>, la verdad es que hoy no puedo quedarme sentada a charlar por mucho tiempo.","...<wrt:wait,30><txt:bold,2><txt:color,orange>Kelly</txt:color></txt:bold>, sebenarnya hari ini aku tidak bisa duduk lama untuk berbicara.","...<wrt:wait,30>คุณ<txt:bold,2><txt:color,orange>เคลลี่</txt:color></txt:bold>คะ ที่จริงวันนี้ฉันมานั่งคุยนานๆ ไม่ได้หรอกค่ะ","Hum...<wrt:wait,30> <txt:bold,2><txt:color,orange>Kelly</txt:color></txt:bold>, hoje não posso ficar muito tempo."
,,,서사라_유니폼,,-1_무표정,,,"오늘은 <wrt:wait,30>부탁드릴 게 있어서 찾아왔어요.","I came <wrt:wait,30>because I need a favor.","今日は<wrt:wait,30>お願いがあって来たんです。","我今天来，<wrt:wait,30>是有事想请您帮忙。","我今天來，是<wrt:wait,30>有件事想拜託您。","Я пришла <wrt:wait,30>кое о чем спросить.","Saya datang <wrt:wait,30>sebab nak minta tolong.","Hôm nay <wrt:wait,30>tôi tới là vì có chuyện muốn nhờ.","Hoy he venido <wrt:wait,30>porque tengo un favor que pedirle.","Hari ini saya datang <wrt:wait,30>karena ingin meminta bantuan.","วันนี้<wrt:wait,30>ฉันมาเพราะมีเรื่องจะรบกวนค่ะ","Vim porque <wrt:wait,30>tenho um pedido pra te fazer."
,,,TAG,,,,,"<sys:quiet,600>","<sys:quiet,600>","<sys:quiet,600>","<sys:quiet,600>","<sys:quiet,600>","<sys:quiet,600>","<sys:quiet,600>","<sys:quiet,600>","<sys:quiet,600>","<sys:quiet,600>","<sys:quiet,600>","<sys:quiet,600>"
,,,켈리,,1_기본,pause,,"...<txt:bold,2>팬텀 리그</txt:bold> 말이지?","The <txt:bold,2>Phantom League</txt:bold>, right?","‥<txt:bold,2>ファントムリーグ</txt:bold>のことね？","‥<txt:bold,2>是因为幻影联赛</txt:bold>的事吧？","‥<txt:bold,2>是幻影聯賽</txt:bold>的事吧？","О <txt:bold,2>«Фантом-лиге»</txt:bold>, верно?","<txt:bold,2>Liga Phantom</txt:bold>, kan?","...<txt:bold,2>Phantom League</txt:bold> đúng không?","...Te refieres a la <txt:bold,2>Liga Fantasma</txt:bold>, ¿no?","...Soal <txt:bold,2>Liga Phantom</txt:bold>, kan?","...<txt:bold,2>แฟนธอมลีก</txt:bold>สินะ?","É sobre a <txt:bold,2>Liga Phantom</txt:bold>, né?"
,,,서사라_유니폼,,-1_당황,,exclam,...!!,...!,‥！！,‥！！,‥！！,!..,...!,...!!,¡...!!,...!!,...!!,!!!
,,,TAG,,,,,"<sys:bgm,BGM_SAVIOR_SEO_SARA,600>","<sys:bgm,BGM_SAVIOR_SEO_SARA,600>","<sys:bgm,BGM_SAVIOR_SEO_SARA,600>","<sys:bgm,BGM_SAVIOR_SEO_SARA,600>","<sys:bgm,BGM_SAVIOR_SEO_SARA,600>","<sys:bgm,BGM_SAVIOR_SEO_SARA,600>","<sys:bgm,BGM_SAVIOR_SEO_SARA,600>","<sys:bgm,BGM_SAVIOR_SEO_SARA,600>","<sys:bgm,BGM_SAVIOR_SEO_SARA,600>","<sys:bgm,BGM_SAVIOR_SEO_SARA,600>","<sys:bgm,BGM_SAVIOR_SEO_SARA,600>","<sys:bgm,BGM_SAVIOR_SEO_SARA,600>"
,,,켈리,,1_무표정,,,가게를 하다 보면 이런저런 소문이 귀에 들어오거든.,You hear all kinds of things running a shop like this.,お店やってると、色んな噂が耳に入ってくるのよ。,开店的总能听到各种传闻。,開店久了，總是會聽到一些風聲。,"Когда держишь чайную, то всякие слухи доходят.","Buka kedai seperti ini, macam-macam boleh dengar.",Làm quán thế này thì mấy tin đồn cũng lọt vào tai.,"Cuando tienes una tienda, te llegan toda clase de rumores.","Kalau menjalankan toko seperti ini, selalu terdengar berbagai macam rumor.",พอทำร้านไปเรื่อยๆ ข่าวลือต่างๆ ก็มักจะลอยมาเข้าหูน่ะ,"Trabalhando num lugar assim, a gente acaba ouvindo todo tipo de boato."
,,,켈리,,1_기본,,,안에 들어간 아이들이 걱정돼서 나도 좀 알아보던 참이었고.,I was already looking into it myself. Worried about the kids stuck in there.,中にいる子たちが心配で、私もちょっと調べてたところだったし。,我正担心陷进去的那些孩子，刚好也在调查。,我也正擔心在那邊的孩子們，想打聽一下情況呢。,"Я переживаю за ребят внутри, вот и разузнала кое-что.",Saya sudah pun menyiasatnya sendiri. Risau tentang budak-budak yang terperangkap di sana.,Tôi cũng đang tìm hiểu vì lo cho mấy đứa ở trong đó.,Yo también estaba investigando un poco porque me preocupaban los chicos que entraron.,Aku juga sedang mencari tahu karena khawatir dengan anak-anak yang berada di sana.,ฉันเองก็กำลังหาข้อมูลอยู่เหมือนกัน เพราะเป็นห่วงเด็กๆ ที่เข้าไปข้างใน,"Eu também tava tentando saber mais, preocupada com o pessoal que entrou naquele lugar."
,,,켈리,,1_멋진 미소,,,"그 <txt:bold,1>백발에 덩치 큰 친구</txt:bold>를 찾으러 온 거지?","You’re here for <txt:bold,1>the big guy with white hair</txt:bold>, aren’t you?","その<txt:bold,1>白髪で体格の良い子</txt:bold>を探しに来たんでしょ？","你是来找那个<txt:bold,1>白头发的大个子朋友</txt:bold>的吧？","妳是來找那個<txt:bold,1>白頭髮的大個子朋友</txt:bold>的吧？","Ты пришла за <txt:bold,1>высоким парнем со светлыми волосами</txt:bold>, да?","Awak datang untuk <txt:bold,1>lelaki besar berambut putih</txt:bold> itu, bukan?","Cậu đến tìm <txt:bold,1>anh chàng tóc bạc to cao</txt:bold> kia đúng không?","Has venido a buscar a ese <txt:bold,1>amigo tuyo grandullón de pelo blanco</txt:bold>, ¿verdad?","Kamu datang untuk mencari anak <txt:bold,1>berambut putih yang bertubuh besar</txt:bold> itu, kan?","เธอมาตามหา<txt:bold,1>เพื่อนตัวใหญ่ๆ ผมสีขาว</txt:bold>คนนั้นสินะ?","Você veio atrás daquele <txt:bold,1>grandalhão de cabelo branco</txt:bold>, né?"
,,,서사라_유니폼,,-1_기본,nervous,,"맞아요! 실은 부탁을 받고 왔는데, 경기장 문이 전부 닫혀 있어서...!","Yes! Someone asked me to come, but every entrance to the arena is sealed off...!",そうなんです！実はお願いされて来たんですけど、競技場の入口が全部閉まってて‥！,没错！其实我是受人之托，但赛场门全都被锁上了‥！,沒錯！其實我是受人之託過來的，但比賽會場的門全都鎖住了‥！,"Именно. Мне надо его найти, но все входы закрыты!","Ya! Ada orang suruh saya datang, tetapi setiap pintu masuk ke arena ditutup...!","Đúng vậy! Thật ra tôi nhận lời nhờ vả tới đây, nhưng cổng sân đấu đều bị đóng lại...!","¡Así es! De hecho vine porque me lo pidieron, ¡pero todas las puertas de la cancha están cerradas...!","Iya benar! Sebenarnya saya datang karena diminta, tapi karena semua pintu stadion tertutup...!",ใช่ค่ะ! ที่จริงฉันมาเพราะมีคนขอให้ช่วย แต่ประตูสนามแข่งมันปิดหมดเลย...!,"Isso! Na verdade, me pediram ajuda, mas todas as entradas da quadra tão fechadas..."
,,,켈리,,1_기본,puase,,"<txt:bold,1>잠깐.</txt:bold>","<txt:bold,1>Hold on.</txt:bold>","<txt:bold,1>ちょっと待って。</txt:bold>","<txt:bold,1>等下。</txt:bold>","<txt:bold,1>等等。</txt:bold>","<txt:bold,1>Подожди.</txt:bold>","<txt:bold,1>Tunggu sebentar.</txt:bold>","<txt:bold,1>Khoan đã.</txt:bold>","<txt:bold,1>Espera.</txt:bold>","<txt:bold,1>Bentar.</txt:bold>","<txt:bold,1>เดี๋ยวก่อน</txt:bold>","<txt:bold,1>Calma.</txt:bold>"
,,,켈리,,1_무표정,puase,,"<txt:bold,2><txt:color,orange>사라</txt:color></txt:bold>, 모든 일에는 순서라는 게 있어.","<txt:bold,2><txt:color,orange>Sara</txt:color></txt:bold>, there’s an order to these things.","<txt:bold,2><txt:color,orange>紗良</txt:color></txt:bold>、何事にも順序ってものがあるの。","<txt:bold,2><txt:color,orange>莎拉</txt:color></txt:bold>，凡事都要有个先后。","<txt:bold,2><txt:color,orange>莎拉</txt:color></txt:bold>，凡事都要有個先後順序。","<txt:bold,2><txt:color,orange>Сара</txt:color></txt:bold>, всему свое время.","<txt:bold,2><txt:color,orange>Sara</txt:color></txt:bold>, benda ini ada susunannya.","<txt:bold,2><txt:color,orange>Sara</txt:color></txt:bold>, chuyện gì cũng phải có trình tự.","<txt:bold,2><txt:color,orange>Sara</txt:color></txt:bold>, todo tiene su momento y su orden.","<txt:bold,2><txt:color,orange>Sara</txt:color></txt:bold>, segala sesuatu itu ada urutannya.","<txt:bold,2><txt:color,orange>ซาร่า</txt:color></txt:bold> ทุกเรื่องย่อมมีลำดับขั้นตอน","<txt:bold,2><txt:color,orange>Sara</txt:color></txt:bold>, tem um jeito certo de fazer as coisas."
,,,켈리,,1_기본,wave,,"여기까지 온 걸 보면 <txt:bold,2>팬텀 리그</txt:bold>에 대해서도 어느 정도 들었겠지?","If you came all this way, you must know a bit about the <txt:bold,2>Phantom League</txt:bold> by now.","ここまで来たってことは、<txt:bold,2>ファントムリーグ</txt:bold>についてもある程度聞いてるんでしょ？","既然能找到这里，说明你对<txt:bold,2>幻影联赛</txt:bold>也有所了解了吧？","既然妳都找到這來了，想必也對<txt:bold,2>幻影聯賽</txt:bold>略知一二了吧？","Раз ты приехала сюда, значит и сама слышала о <txt:bold,2>«Фантом-лиге»</txt:bold>.","Jika awak datang sejauh ini, awak mesti dah tahu sedikit tentang <txt:bold,2>Liga Phantom</txt:bold>.","Nếu cậu đã tới đây thì chắc cũng đã nghe sơ qua về <txt:bold,2>Phantom League</txt:bold> rồi chứ?","Viendo que has llegado hasta aquí, asumo que ya has escuchado algo sobre la <txt:bold,2>Liga Fantasma</txt:bold>, ¿verdad?","Kalau kamu sudah sampai sejauh ini, pasti sudah mendengar sedikit tentang <txt:bold,2>Liga Phantom</txt:bold>, kan?","ดูจากที่เธอมาถึงที่นี่ เธอคงได้ยินเกี่ยวกับ<txt:bold,2>แฟนธอมลีก</txt:bold>มาพอประมาณแล้วใช่ไหม?","Se você chegou até aqui, imagino que já sabe alguma coisa sobre a <txt:bold,2>Liga Phantom</txt:bold>, né?"
,,,켈리,,1_기본,wave,,"누가 연락했어? 역시 <txt:bold,2><txt:color,orange>제로</txt:color></txt:bold>, 아니 <txt:bold,2><txt:color,orange>상현</txt:color></txt:bold>인가? <wrt:break>그 애는 꽤 뻔뻔한 구석이 있으니까.","Who contacted you? Was it <txt:bold,2><txt:color,orange>Zero</txt:color></txt:bold>, I mean, <txt:bold,2><txt:color,orange>Sanghyeon</txt:color></txt:bold>? <wrt:break>That kid’s got some nerve.","誰が連絡したの？やっぱり<txt:bold,2><txt:color,orange>ゼロ</txt:color></txt:bold>‥いや、<txt:bold,2><txt:color,orange>優翔</txt:color></txt:bold>かしら？<wrt:break>あの子はけっこう図々しいところがあるからね。","是谁联系你的？八成是<txt:bold,2><txt:color,orange>零</txt:color></txt:bold>，也就是那个<txt:bold,2><txt:color,orange>尚贤</txt:color></txt:bold>吧？<wrt:break>那小子脸皮可厚着呢。","是誰聯絡妳的？難道是<txt:bold,2><txt:color,orange>零</txt:color></txt:bold>，不對，是叫<txt:bold,2><txt:color,orange>尚賢</txt:color></txt:bold>嗎？<wrt:break>那孩子臉皮倒是挺厚的。","Кто с тобой связался? <txt:bold,2><txt:color,orange>Зеро</txt:color></txt:bold>? То есть <txt:bold,2><txt:color,orange>Санхён</txt:color></txt:bold>? <wrt:break>Этот парень совсем без тормозов.","Siapa yang menghubungi awak? <txt:bold,2><txt:color,orange>Zero</txt:color></txt:bold> ke, maksud saya, <txt:bold,2><txt:color,orange>Sanghyeon</txt:color></txt:bold>? <wrt:break>Budak itu memang berani.","Ai liên lạc với cậu? <txt:bold,2><txt:color,orange>Zero</txt:color></txt:bold> à, hay <txt:bold,2><txt:color,orange>Sanghyeon</txt:color></txt:bold>? <wrt:break>Cậu ta cũng khá trơ trẽn mà.","¿Quién te contactó? Como pensaba, ¿fue <txt:bold,2><txt:color,orange>Zero</txt:color></txt:bold>, o mejor dicho, <txt:bold,2><txt:color,orange>Sanghyeon</txt:color></txt:bold>? <wrt:break>Ese chico tiene su lado descarado.","Siapa yang menghubungimu? <txt:bold,2><txt:color,orange>Zero</txt:color></txt:bold>, atau itu <txt:bold,2><txt:color,orange>Sanghyeon</txt:color></txt:bold>? <wrt:break>Anak itu memang agak tidak tahu malu.","ใครติดต่อเธอไปเหรอ? ใช่<txt:bold,2><txt:color,orange>ซีโร่</txt:color></txt:bold> ไม่สิ <txt:bold,2><txt:color,orange>ซังฮยอน</txt:color></txt:bold>รึเปล่า? <wrt:break>เพราะหมอนั่นก็ออกจะหน้าหนาอยู่พอสมควรเลย","Quem falou com você? Foi o <txt:bold,2><txt:color,orange>Zero</txt:color></txt:bold>... ou o <txt:bold,2><txt:color,orange>Sanghyeon</txt:color></txt:bold>? <wrt:break>Esse cara não tem vergonha mesmo."
,,,켈리,,1_기본,wave,,"뭐라고 했어? 네 친구와 <txt:bold,2>팬텀 리그</txt:bold> 선수들을 구해달라 했나?","What did they say? Asked you to save your friend and the <txt:bold,2>Phantom League</txt:bold> players?","何て言われたの？あなたの友達と<txt:bold,2>ファントムリーグ</txt:bold>の選手たちを助けてほしいって？","他怎么跟你说的？是让你去救你的朋友和<txt:bold,2>幻影联赛</txt:bold>的选手吗？","他怎麼跟妳說的？是要妳去救妳朋友跟<txt:bold,2>幻影聯賽</txt:bold>的選手嗎？","Что он сказал? Попросил спасти твоего друга и игроков <txt:bold,2>«Фантом-лиги»</txt:bold>?","Apa yang mereka cakap? Minta awak menyelamatkan kawan awak dan pemain <txt:bold,2>Liga Phantom</txt:bold>?","Cậu ta nói gì? Bảo cậu cứu bạn cậu và các tuyển thủ <txt:bold,2>Phantom League</txt:bold> à?","¿Qué te dijo? ¿Que salvaras a tu amigo y a los jugadores de la <txt:bold,2>Liga Fantasma</txt:bold>?","Apa yang dia bilang? Apa dia minta kamu menyelamatkan temanmu dan para atlet di <txt:bold,2>Liga Phantom</txt:bold>?","เขาบอกว่ายังไงล่ะ? ขอให้ช่วยเพื่อนของเธอกับพวกนักกีฬา<txt:bold,2>แฟนธอมลีก</txt:bold>เหรอ?","E o que ele disse? Pra você salvar seu amigo e uns jogadores da <txt:bold,2>Liga Phantom</txt:bold>?"
,,,서사라_유니폼,,-1_무표정,,,...네.,Yes...,‥はい。,‥是的。,‥是的。,Да...,Ya...,...Vâng.,...Sí.,...Iya.,...ค่ะ,É...
,,,켈리,,1_무표정,,,역시나. 그래서 여기까지 온 거로군.,Figures. So that’s what brought you here.,やっぱりね。それでここまで来たってわけか。,果不其然。所以你才找到这儿来了。,難怪，所以妳才大老遠跑到這來啊。,Так я и думала. Вот почему ты здесь.,Dah agak. Sebab itu awak ke sini ya.,Quả nhiên. Nên cậu mới tới tận đây.,Tal como pensé. Así que por eso has llegado hasta aquí.,Jadi begitu. Dan karena itu kamu datang sampai ke sini.,คิดไว้ไม่มีผิด เธอก็เลยมาถึงที่นี่สินะ,Sabia. Então foi por isso que veio aqui.
,,,켈리,,1_멋진 미소,,,"훌륭하구나, <txt:bold,2><txt:color,orange>사라</txt:color></txt:bold>.","You’re a brave girl, <txt:bold,2><txt:color,orange>Sara</txt:color></txt:bold>.","ご立派ね、<txt:bold,2><txt:color,orange>紗良</txt:color></txt:bold>。","真是了不起啊，<txt:bold,2><txt:color,orange>莎拉</txt:color></txt:bold>。","妳真的很了不起，<txt:bold,2><txt:color,orange>莎拉</txt:color></txt:bold>。","Смело, <txt:bold,2><txt:color,orange>Сара</txt:color></txt:bold>.","Awak perempuan yang berani, <txt:bold,2><txt:color,orange>Sara</txt:color></txt:bold>.","Tốt lắm, <txt:bold,2><txt:color,orange>Sara</txt:color></txt:bold>.","Eres increíble, <txt:bold,2><txt:color,orange>Sara</txt:color></txt:bold>.","Kamu itu memang orang yang luar biasa, <txt:bold,2><txt:color,orange>Sara</txt:color></txt:bold>.","เธอยอดเยี่ยมมาก <txt:bold,2><txt:color,orange>ซาร่า</txt:color></txt:bold>","Impressionante, <txt:bold,2><txt:color,orange>Sara</txt:color></txt:bold>."
,,,켈리,,1_기본,,,"하지만, <txt:bold,2><txt:color,orange>상현</txt:color></txt:bold>이 네게 설명했어?","But did <txt:bold,2><txt:color,orange>Sanghyeon</txt:color></txt:bold> explain what’s at stake?","でも、<txt:bold,2><txt:color,orange>優翔</txt:color></txt:bold>はあなたに説明した？","但是，<txt:bold,2><txt:color,orange>尚贤</txt:color></txt:bold>有没有告诉你？","但是，<txt:bold,2><txt:color,orange>尚賢</txt:color></txt:bold>有跟妳說明清楚嗎？","Но <txt:bold,2><txt:color,orange>Санхён</txt:color></txt:bold> тебе объяснил?","Tetapi ada tak <txt:bold,2><txt:color,orange>Sanghyeon</txt:color></txt:bold> menjelaskan apa yang dipertaruhkan?","Nhưng <txt:bold,2><txt:color,orange>Sanghyeon</txt:color></txt:bold> có nói với cậu không?","Sin embargo, ¿te explicó <txt:bold,2><txt:color,orange>Sanghyeon</txt:color></txt:bold>?","Tapi, apa <txt:bold,2><txt:color,orange>Sanghyeon</txt:color></txt:bold> juga menjelaskan hal itu?","แต่<txt:bold,2><txt:color,orange>ซังฮยอน</txt:color></txt:bold>ได้อธิบายให้เธอฟังรึเปล่า?","Mas o <txt:bold,2><txt:color,orange>Sanghyeon</txt:color></txt:bold> te avisou?"
,,,켈리,,1_기본,,,"<txt:bold,1>그곳에 가면 네 선수 생활이 끝날지도 모른다는 걸.</txt:bold>","<txt:bold,1>That going in there could end your career as a player.</txt:bold>","<txt:bold,1>あそこに行けば、あなたの選手生命が終わるかもしれないってことを。</txt:bold>","<txt:bold,1>去那种地方，你的职业生涯可能会就此终结。</txt:bold>","<txt:bold,1>一旦去了那裡，妳的選手生涯可能就此結束了。</txt:bold>","<txt:bold,1>Что если ты туда зайдешь, твоя карьера может закончиться.</txt:bold>","<txt:bold,1>Masuk ke sana, mungkin tamat kerjaya awak sebagai pemain.</txt:bold>","<txt:bold,1>Nếu cậu vào đó, sự nghiệp thi đấu của cậu có thể kết thúc đấy.</txt:bold>","<txt:bold,1>Que si vas allí, tu carrera como jugadora podría terminar.</txt:bold>","<txt:bold,1>Kalau kamu pergi ke sana, maka kariermu sebagai atlet bisa saja berakhir.</txt:bold>","<txt:bold,1>ว่าถ้าเธอไปที่นั่น ชีวิตนักกีฬาของเธออาจจะต้องจบลงเลยก็ได้</txt:bold>","<txt:bold,1>Que ir pra lá pode acabar com sua carreira?</txt:bold>"
,,,서사라_유니폼,,-1_무표정,,,...,...,‥,‥,‥,...,...,...,...,...,...,...
,,,켈리,,1_무표정,,,"위험한 곳이야. 그 <txt:bold,2><txt:color,orange>정인호</txt:color></txt:bold>조차 딸만 간신히 데리고 나왔어.","It’s a dangerous place. Even <txt:bold,2><txt:color,orange>Inho Jung</txt:color></txt:bold> barely got out with just his daughter.","危険な場所よ。あの<txt:bold,2><txt:color,orange>飛鳥隼人コーチ</txt:color></txt:bold>でさえ、娘だけをやっと連れ出せたの。","那是个危险的地方。连那个<txt:bold,2><txt:color,orange>郑仁浩</txt:color></txt:bold>也只是勉强把自己女儿带出来。","那是個很危險的地方。連那個<txt:bold,2><txt:color,orange>鄭仁浩</txt:color></txt:bold>都只能勉強把女兒帶出來而已。","Там очень опасно. Даже <txt:bold,2><txt:color,orange>Чон Инхо</txt:color></txt:bold> с трудом вытащил оттуда свою дочь.","Tempatnya berbahaya. Malah <txt:bold,2><txt:color,orange>Inho Jung</txt:color></txt:bold> pun hampir tak berjaya keluar dengan hanya anak perempuannya seorang.","Đó là nơi rất nguy hiểm. Ngay cả <txt:bold,2><txt:color,orange>Jeong Inho</txt:color></txt:bold> cũng khó khăn lắm mới đưa được con gái mình ra ngoài.","Es un lugar peligroso. Incluso <txt:bold,2><txt:color,orange>Inho Jeong</txt:color></txt:bold> apenas pudo sacar a su hija de allí.","Tempat itu berbahaya. Bahkan orang seperti <txt:bold,2><txt:color,orange>Inho Jung</txt:color></txt:bold> pun hanya berhasil membawa putrinya keluar dengan susah payah.","ที่นั่นเป็นสถานที่อันตราย ขนาด<txt:bold,2><txt:color,orange>จองอินโฮ</txt:color></txt:bold>ยังพาแค่ลูกสาวออกมาได้อย่างยากลำบากเลย","É um lugar perigoso. Até o treinador <txt:bold,2><txt:color,orange>Inho Jung</txt:color></txt:bold> saiu de lá por um triz com a filha."
,,,켈리,,1_기본,,,"특히 그곳의 협회장. <txt:bold,1><txt:color,red>그 여자는 상당히 성가신 여자지.</txt:color></txt:bold>","And the woman who runs it. <txt:bold,1><txt:color,red>She’s a real piece of work.</txt:color></txt:bold>","特にあそこの協会長。<txt:bold,1><txt:color,red>あの女はかなり厄介よ。</txt:color></txt:bold>","尤其是那里的协会主席。<txt:bold,1><txt:color,red>那个女人可是相当难缠的。</txt:color></txt:bold>","特別是那裡的協會會長。<txt:bold,1><txt:color,red>那女人可不是個好對付的角色。</txt:color></txt:bold>","Особенно их управляющая. <txt:bold,1><txt:color,red>С ней лучше не связываться.</txt:color></txt:bold>","Dan perempuan yang mengurusnya. <txt:bold,1><txt:color,red>Dia bukan main liciknya.</txt:color></txt:bold>","Đặc biệt là chủ tịch liên đoàn ở đó. <txt:bold,1><txt:color,red>Cô ta rất phiền phức.</txt:color></txt:bold>","Especialmente la presidenta de la asociación allí. <txt:bold,1><txt:color,red>Esa mujer es un verdadero dolor de cabeza.</txt:color></txt:bold>","Terutama pemimpin asosiasi di sana. <txt:bold,1><txt:color,red>Perempuan itu sangat merepotkan.</txt:color></txt:bold>","โดยเฉพาะนายกสมาคมของที่นั่น <txt:bold,1><txt:color,red>ผู้หญิงคนนั้นค่อนข้างก่อความยุ่งยากพอสมควรเลยล่ะ</txt:color></txt:bold>","E a presidente da liga... <txt:bold,1><txt:color,red>aquela mulher é um problema sério.</txt:color></txt:bold>"
,,,켈리,,1_기본,,,"<txt:bold,1>네가 여기까지 오게 된 것도 분명 그 여자의 계산 안에 있을 거야.</txt:bold>","<txt:bold,1>The fact that you made it here is probably already part of her plan.</txt:bold>","<txt:bold,1>あなたがここまで来ることになったのも、きっとあの女の計算の内でしょうね。</txt:bold>","<txt:bold,1>你能找到这里，恐怕也在那个女人的算计之中。</txt:bold>","<txt:bold,1>妳會來到這裡，想必也在那女人的預料之中。</txt:bold>","<txt:bold,1>Готова поспорить, она уже знает, что ты здесь. И это часть ее плана.</txt:bold>","<txt:bold,1>Awak dah sampai di sini pun mungkin dia sudah lama merancang.</txt:bold>","<txt:bold,1>Việc cậu tới tận đây chắc chắn cũng nằm trong tính toán của cô ta.</txt:bold>","<txt:bold,1>Incluso el hecho de que hayas llegado hasta aquí seguramente esté dentro de los cálculos de esa mujer.</txt:bold>","<txt:bold,1>Kedatanganmu ke sini pun pasti sudah termasuk dalam perhitungannya.</txt:bold>","<txt:bold,1>การที่เธอมาถึงที่นี่ก็คงอยู่ในการคาดการณ์ของผู้หญิงคนนั้นด้วยแน่นอน</txt:bold>","<txt:bold,1>Pode ter certeza que sua vinda aqui já tava dentro dos planos dela.</txt:bold>"
,,,켈리,,1_무표정,,,"<txt:bold,2><txt:color,orange>사라</txt:color></txt:bold>, 그들이 정정당당하게 승부할 거라고 생각해?","<txt:bold,2><txt:color,orange>Sara</txt:color></txt:bold>, do you really think they’ll play fair?","<txt:bold,2><txt:color,orange>紗良</txt:color></txt:bold>、あの人たちが正々堂々と勝負すると思う？","<txt:bold,2><txt:color,orange>莎拉</txt:color></txt:bold>，你觉得他们会和你堂堂正正地比赛吗？","<txt:bold,2><txt:color,orange>莎拉</txt:color></txt:bold>，妳覺得他們會跟妳光明正大地較量嗎？","<txt:bold,2><txt:color,orange>Сара</txt:color></txt:bold>, ты же не ждешь от них честной игры?","<txt:bold,2><txt:color,orange>Sara</txt:color></txt:bold>, takkan awak ingat mereka akan bermain dengan adil?","<txt:bold,2><txt:color,orange>Sara</txt:color></txt:bold>, cậu nghĩ họ sẽ thi đấu công bằng sao?","<txt:bold,2><txt:color,orange>Sara</txt:color></txt:bold>, ¿crees que ellos jugarán limpio?","<txt:bold,2><txt:color,orange>Sara</txt:color></txt:bold>, menurutmu mereka akan bertanding secara jujur?","<txt:bold,2><txt:color,orange>ซาร่า</txt:color></txt:bold> เธอคิดว่าพวกนั้นจะแข่งขันกันแบบแฟร์ๆ เหรอ?","<txt:bold,2><txt:color,orange>Sara</txt:color></txt:bold>, você acha mesmo que eles vão jogar limpo?"
,,,켈리,,1_기본,pause,,"<txt:bold,2>넌 애슈빌 위즐스의 에이스야.</txt:bold>","<txt:bold,2>You’re the ace of Asheville Weasels.</txt:bold>","<txt:bold,2>あなたはアッシュビルウィーズルズのエースなの。</txt:bold>","<txt:bold,2>你可是阿什维尔黄鼠狼队的王牌。</txt:bold>","<txt:bold,2>妳可是阿什維爾鼬鼠隊的王牌。</txt:bold>","<txt:bold,2>Ты основной игрок «Ашвилл Визлс».</txt:bold>","<txt:bold,2>Awaklah pemain bintang Asheville Weasels.</txt:bold>","<txt:bold,2>Cậu là át chủ bài của Asheville Weasels.</txt:bold>","<txt:bold,2>Tú eres la as de los Asheville Weasels.</txt:bold>","<txt:bold,2>Kamu itu adalah Ace di Asheville Weasels.</txt:bold>","<txt:bold,2>เธอคือเอซของแอชวิลล์วิซเซิลนะ</txt:bold>","<txt:bold,2>Você é a estrela do Asheville Weasels.</txt:bold>"
,,,켈리,,1_기본,pause,,네 두 어깨에 얼마나 많은 기대가 걸려 있는지 충분히 알고 있을 텐데.,You know how many people are counting on you.,あなたにどれだけ多くの期待がかかってるか、十分わかってるはずよ。,你应该清楚，你的肩膀上承载了多少人的期待。,妳應該很清楚，妳的雙肩上背負著多少人的期待。,Ты важна для многих людей.,Awak tahu berapa ramai yang bergantung pada awak.,Cậu hẳn phải biết có bao nhiêu kỳ vọng đang đặt lên vai mình.,Deberías saber perfectamente cuántas expectativas recaen sobre tus dos hombros.,Kamu pasti tahu betapa banyak harapan yang bertumpu di kedua bahumu.,เธอก็น่าจะรู้ดีอยู่แล้วว่ามีผู้คนคาดหวังในตัวเธอมากแค่ไหน,"A pressão em cima de você não é pouca, e você sabe disso."
,,,서사라_유니폼,,-1_기본,pause,,...많은 분들이 저를 지켜보고 있다는 건 잘 알고 있어요.,I know people are watching me...,‥多くの人が私を見守ってくださってることは、よくわかってます。,‥我很清楚有很多人在看着我。,‥我很清楚有很多人在關注我。,"Знаю, что многие на меня полагаются.",Saya tahu ramai yang mengikuti saya...,...Tôi biết có rất nhiều người đang dõi theo tôi.,...Soy muy consciente de que mucha gente me está observando.,...Saya tahu banyak orang yang sedang memperhatikan saya.,...ฉันรู้ดีค่ะว่ามีผู้คนมากมายคอยเฝ้ามองฉันอยู่,Eu sei que muita gente tá de olho em mim.
,,,서사라_유니폼,,-1_미소1,pause,,"제가 지거나, 혹시 다치기라도 한다면 얼마나 슬퍼하실지도 알아요.","I know how many hearts would break if I lost, or got hurt.",私が負けたり、万が一怪我でもしたら、どれだけ多くの人が悲しむかもわかってます。,我也知道如果我输了，或是受伤了，会有多少人为此伤心。,我也知道如果我輸了，甚至受傷了，會有多少人為我難過。,"И понимаю, сколько людей будет переживать, если со мной что-то случится.","Saya tahu ramai hati yang akan patah jika saya kalah, atau cedera.","Tôi cũng biết nếu tôi thua, hay nếu tôi bị thương, sẽ có bao nhiêu người buồn.",También sé cuánta gente se entristecería si pierdo o me lesiono.,"Saya juga paham kalau saya kalah, atau bahkan terluka, akan ada banyak orang yang bersedih.",ฉันรู้ว่าถ้าฉันแพ้หรือบาดเจ็บขึ้นมา ผู้คนมากมายจะต้องเสียใจแค่ไหน,E sei que muita gente ficaria mal se eu perdesse ou me machucasse.
,,,서사라_유니폼,,-1_기본,,,...하지만.,But...,‥でも。,‥但是。,‥但是。,Но...,Tetapi...,...Nhưng.,...Sin embargo.,...Meski begitu.,...แต่ว่า,Mas...
,,,서사라_유니폼,,-1_미소2,,,"<txt:bold,1>그 기대에 휘둘리고 싶지 않아요.</txt:bold>","<txt:bold,1>I don’t want to be ruled by those expectations.</txt:bold>","<txt:bold,1>その期待に振り回されたくないんです。</txt:bold>","<txt:bold,1>我不想被那些期待所束缚。</txt:bold>","<txt:bold,1>我不想被那些期待所束縛。</txt:bold>","<txt:bold,1>Не хочу, чтобы чужие ожидания управляли мной.</txt:bold>","<txt:bold,1>Saya tidak mahu dikawal oleh jangkaan itu.</txt:bold>","<txt:bold,1>Tôi không muốn bị những kỳ vọng đó chi phối.</txt:bold>","<txt:bold,1>No quiero dejarme llevar por esas expectativas.</txt:bold>","<txt:bold,1>Saya tidak ingin dikendalikan oleh harapan itu.</txt:bold>","<txt:bold,1>ฉันไม่อยากให้ความคาดหวังนั้นมาครอบงำตัวเอง</txt:bold>","<txt:bold,1>Não quero viver presa a essas expectativas.</txt:bold>"
,,,서사라_유니폼,,-1_미소2,,,"<txt:bold,1>제가 할 일은 휘둘리는 게 아니라, 모두의 마음에 불을 지피는 거니까요.</txt:bold>","<txt:bold,1>My job isn’t to be held back by them. It’s to light a fire in people’s hearts.</txt:bold>","<txt:bold,1>私がやるべきことは振り回されることじゃなくて、みんなの心に火をつけることですから。</txt:bold>","<txt:bold,1>我要做的不是顺从，而是去点燃大家心中的火。</txt:bold>","<txt:bold,1>我該做的不是被動地接受期待，而是點燃大家心中的熱情。</txt:bold>","<txt:bold,1>Моя задача — вдохновлять людей вокруг, а не сидеть и сомневаться.</txt:bold>","<txt:bold,1>Tugas saya bukan untuk dihalang oleh mereka. Tapi untuk menyalakan semangat dalam hati orang.</txt:bold>","<txt:bold,1>Việc của tôi không phải là bị cuốn theo, mà là thắp lên ngọn lửa trong lòng mọi người.</txt:bold>","<txt:bold,1>Porque mi trabajo no es dejarme llevar, sino encender el fuego en los corazones de todos.</txt:bold>","<txt:bold,1>Tugas saya itu tidak untuk dipengaruhi oleh mereka, tapi menyalakan semangat di hati semua orang.</txt:bold>","<txt:bold,1>สิ่งที่ฉันควรทำ ไม่ใช่การถูกครอบงำ แต่คือการจุดไฟในหัวใจของทุกคนต่างหาก</txt:bold>","<txt:bold,1>O que eu tenho que fazer não é me deixar levar, mas inspirar todo mundo.</txt:bold>"
,,,서사라_유니폼,,-1_기본,,,"<txt:bold,2><txt:color,orange>켈리</txt:color></txt:bold> 씨, 전 지금 두렵기보다는 설레요.","<txt:bold,2><txt:color,orange>Kelly</txt:color></txt:bold>, right now I’m not scared. I’m excited.","<txt:bold,2><txt:color,orange>ケリー</txt:color></txt:bold>姉さま。私は今、怖いというよりワクワクしてます。","<txt:bold,2><txt:color,orange>凯莉</txt:color></txt:bold>小姐，我现在比起恐惧，更多的是兴奋。","<txt:bold,2><txt:color,orange>凱莉</txt:color></txt:bold>前輩，我現在比起恐懼，更是感到興奮。","<txt:bold,2><txt:color,orange>Келли</txt:color></txt:bold>, я больше взволнована, чем напугана.","<txt:bold,2><txt:color,orange>Kelly</txt:color></txt:bold>, saya tak takut sekarang. Saya teruja.","<txt:bold,2><txt:color,orange>Kelly</txt:color></txt:bold>, lúc này tôi không thấy sợ... mà thấy phấn khích.","<txt:bold,2><txt:color,orange>Kelly</txt:color></txt:bold>, en este momento estoy más emocionada que asustada.","<txt:bold,2><txt:color,orange>Kelly</txt:color></txt:bold>, saat ini saya tidak merasa takut tapi malah sedang berdebar-debar.","คุณ<txt:bold,2><txt:color,orange>เคลลี่</txt:color></txt:bold>คะ ตอนนี้ฉันตื่นเต้นมากกว่าจะหวาดกลัวอีกค่ะ","<txt:bold,2><txt:color,orange>Kelly</txt:color></txt:bold>, não tô com medo, tô animada."
,,,서사라_유니폼,,-1_미소1,,,"시우와 <txt:bold,2><txt:color,orange>제니</txt:color></txt:bold>에게 도움이 될 수 있잖아요.","I get to help Siwoo and <txt:bold,2><txt:color,orange>Jenny</txt:color></txt:bold>.","新と<txt:bold,2><txt:color,orange>ジェニー</txt:color></txt:bold>の力になれるじゃないですか。","因为我可以帮到时宇和<txt:bold,2><txt:color,orange>珍妮</txt:color></txt:bold>。","因為我能幫上時宇跟<txt:bold,2><txt:color,orange>珍妮</txt:color></txt:bold>的忙。","Это шанс помочь Шиу и <txt:bold,2><txt:color,orange>Дженни</txt:color></txt:bold>.","Saya dapat membantu Siwoo dan <txt:bold,2><txt:color,orange>Jenny</txt:color></txt:bold>.","Tôi có thể giúp Siwoo và <txt:bold,2><txt:color,orange>Jenny</txt:color></txt:bold>.","Porque puedo ayudar a <txt:bold,2><txt:color,orange>Siwoo</txt:color></txt:bold> y a <txt:bold,2><txt:color,orange>Jenny</txt:color></txt:bold>.","Karena saya dapat membantu Siwoo dan juga <txt:bold,2><txt:color,orange>Jenny</txt:color></txt:bold>.","เพราะฉันสามารถเป็นประโยชน์กับชีอูแล้วก็<txt:bold,2><txt:color,orange>เจนนี่</txt:color></txt:bold>ได้","Posso ajudar o Siwoo e a <txt:bold,2><txt:color,orange>Jenny</txt:color></txt:bold>."
,,,서사라_유니폼,,-1_미소2,,,"그리고 제가 동경하던 <txt:bold,2><txt:color,orange>라울</txt:color></txt:bold> 씨와 경기할 수도 있고요.","And I might get to play against <txt:bold,2><txt:color,orange>Raul</txt:color></txt:bold>, someone I’ve always admired.","それに私が憧れてた<txt:bold,2><txt:color,orange>ラウル</txt:color></txt:bold>さんと試合できるかもしれないし。","还能和我一直崇拜的<txt:bold,2><txt:color,orange>拉乌尔</txt:color></txt:bold>先生交手。","而且我還能跟我一直很崇拜的<txt:bold,2><txt:color,orange>拉烏爾</txt:color></txt:bold>選手交手。","И сыграть с <txt:bold,2><txt:color,orange>Раулем</txt:color></txt:bold>, которым я когда-то восхищалась.","Dan saya mungkin dapat bermain menentang <txt:bold,2><txt:color,orange>Raul</txt:color></txt:bold>, yang saya sentiasa kagumi.","Và tôi cũng có thể thi đấu với <txt:bold,2><txt:color,orange>Raul</txt:color></txt:bold>, người mà tôi luôn ngưỡng mộ.","Y también puedo jugar contra <txt:bold,2><txt:color,orange>Raúl</txt:color></txt:bold>, a quien siempre he admirado.","Dan saya juga mungkin bisa bertanding melawan <txt:bold,2><txt:color,orange>Raul</txt:color></txt:bold>, yang selama ini saya kagumi.","แล้วฉันก็จะได้แข่งกับคุณ<txt:bold,2><txt:color,orange>ราอุล</txt:color></txt:bold>ที่ฉันชื่นชมด้วย","E quem sabe até jogo contra o <txt:bold,2><txt:color,orange>Raul</txt:color></txt:bold>, que eu sempre admirei."
,,,서사라_유니폼,,-1_기본,,,"얼마 전 경기에서 <txt:bold,2><txt:color,orange>니시카와</txt:color></txt:bold> 씨도 그러셨는걸요. 설레는 경기는 절대 놓치지 말라고.","<txt:bold,2><txt:color,orange>Nishikawa</txt:color></txt:bold> told me the same thing not long ago. Never let go of a match that gets your blood pumping.","この前の試合で<txt:bold,2><txt:color,orange>西川</txt:color></txt:bold>さんもおっしゃってました。ワクワクする試合は絶対に逃すなって。","前不久的比赛中，<txt:bold,2><txt:color,orange>西川</txt:color></txt:bold>先生也对我说过。千万不要错过让人心动的比赛。","前陣子在比賽中，<txt:bold,2><txt:color,orange>西川</txt:color></txt:bold>前輩也跟我說過。遇到了心動的比賽，絕對不能放手。","<txt:bold,2><txt:color,orange>Нисикава</txt:color></txt:bold> так мне и сказал в последней игре. Не упускать матчей, от которых сердце бьется быстрее.","<txt:bold,2><txt:color,orange>Nishikawa</txt:color></txt:bold> pernah cakap perkara yang sama tidak lama dahulu. Jangan lepaskan perlawanan yang membuat jantung awak berdebar.","Trong trận đấu gần đây, <txt:bold,2><txt:color,orange>Nishikawa</txt:color></txt:bold> cũng nói vậy. Đừng bao giờ bỏ lỡ trận đấu khiến tim rung động.","<txt:bold,2><txt:color,orange>Nishikawa</txt:color></txt:bold> también me lo dijo en un partido hace poco. Que nunca deje escapar un partido que me emocione.","Di pertandingan beberapa waktu lalu <txt:bold,2><txt:color,orange>Nishikawa</txt:color></txt:bold> juga berkata seperti ini. Kalau ada pertandingan yang membuat jantung berdebar, jangan pernah melewatkannya.","ในการแข่งขันเมื่อไม่นานมานี้ คุณ<txt:bold,2><txt:color,orange>นิชิกาวะ</txt:color></txt:bold>ก็เคยบอกไว้ค่ะ ว่าอย่าพลาดการแข่งขันที่น่าตื่นเต้นเด็ดขาด","O <txt:bold,2><txt:color,orange>Nishikawa</txt:color></txt:bold> falou outro dia pra nunca deixar escapar um jogo que faça o coração disparar."
,,,서사라_유니폼,,-1_기본,,,"걱정하지 마요. <txt:bold,2><txt:color,orange>켈리</txt:color></txt:bold> 씨.","Don’t worry, <txt:bold,2><txt:color,orange>Kelly</txt:color></txt:bold>.","心配しないでください、<txt:bold,2><txt:color,orange>ケリー</txt:color></txt:bold>姉さま。","别担心，<txt:bold,2><txt:color,orange>凯莉</txt:color></txt:bold>小姐。","別擔心我，<txt:bold,2><txt:color,orange>凱莉</txt:color></txt:bold>前輩。","Все будет нормально, <txt:bold,2><txt:color,orange>Келли</txt:color></txt:bold>.","Jangan risau, <txt:bold,2><txt:color,orange>Kelly</txt:color></txt:bold>.","Đừng lo. <txt:bold,2><txt:color,orange>Kelly</txt:color></txt:bold>.","No se preocupe. <txt:bold,2><txt:color,orange>Kelly</txt:color></txt:bold>.","Tidak perlu khawatir. <txt:bold,2><txt:color,orange>Kelly</txt:color></txt:bold>.","ไม่ต้องห่วงนะคะ คุณ<txt:bold,2><txt:color,orange>เคลลี่</txt:color></txt:bold>","Não se preocupa, <txt:bold,2><txt:color,orange>Kelly</txt:color></txt:bold>."
,,,서사라_유니폼,,-1_미소2,pause,,저는 이겨요.,I’m going to win.,私は勝ちます。,我会赢的。,我會贏的。,Я выиграю.,Saya akan menang.,Tôi sẽ thắng.,Yo ganaré.,Saya akan menang.,ฉันจะชนะค่ะ,Eu vou ganhar.
,,,서사라_유니폼,,-1_미소2,pause,,"<txt:bold,1>특히 지금의 <txt:color,orange>라울</txt:color> 씨라면 어떤 수를 쓰더라도.</txt:bold>","<txt:bold,1>Especially against the <txt:color,orange>Raul</txt:color> of today, no matter what he throws at me.</txt:bold>","<txt:bold,1>特に今の<txt:color,orange>ラウル</txt:color>さんなら、どんな手を使ってでも。</txt:bold>","<txt:bold,1>尤其是面对现在的<txt:color,orange>拉乌尔</txt:color>先生，无论用什么手段。</txt:bold>","<txt:bold,1>尤其是對上現在的<txt:color,orange>拉烏爾</txt:color>選手，不論要使出什麼手段。</txt:bold>","<txt:bold,1>Особенно у нынешнего <txt:color,orange>Рауля</txt:color>, какие бы уловки он ни применял.</txt:bold>","<txt:bold,1>Terutama sekali terhadap <txt:color,orange>Raul</txt:color> hari ini, tak kira apa yang dia lemparkan kepada saya.</txt:bold>","<txt:bold,1>Đặc biệt nếu là <txt:color,orange>Raul</txt:color> lúc này, dù anh ấy có giở trò gì đi nữa.</txt:bold>","<txt:bold,1>Especialmente contra el <txt:color,orange>Raúl</txt:color> de ahora, sin importar los medios que use.</txt:bold>","<txt:bold,1>Terutama kalau lawannya <txt:color,orange>Raul</txt:color> yang sekarang, dan dengan cara apa pun.</txt:bold>","<txt:bold,1>โดยเฉพาะถ้าเป็นคุณ<txt:color,orange>ราอุล</txt:color> ในตอนนี้ล่ะก็ ฉันจะชนะให้ได้ไม่ว่าจะด้วยวิธีไหน</txt:bold>","<txt:bold,1>Especialmente contra o <txt:color,orange>Raul</txt:color> de hoje, custe o que custar.</txt:bold>"
,,,켈리,,1_기본,,,"...<wrt:wait,30>진짜 고집불통이네.","...<wrt:wait,30>Stubborn as a mule, aren’t you?","‥<wrt:wait,30>ホントに頑固ね。","‥<wrt:wait,30>真是个倔脾气。","‥<wrt:wait,30>還真是個死腦筋。","...<wrt:wait,30>Вот же упрямая.","...<wrt:wait,30>Degil macam keldai, ya?","...<wrt:wait,30>Cứng đầu thật đấy.","...<wrt:wait,30>Sí que eres terca.","...<wrt:wait,30>Kamu itu benar-benar keras kepala.","...<wrt:wait,30>ดื้อจริงๆ เลยแฮะ","Nossa... <wrt:wait,30>você não desiste nunca, hein?"
,,,켈리,,1_기본,,,"<txt:bold,2><txt:color,orange>아이리스</txt:color></txt:bold>랑 죽이 잘 맞는 이유를 알겠어.","Now I see why you and <txt:bold,2><txt:color,orange>Iris</txt:color></txt:bold> get along.","<txt:bold,2><txt:color,orange>アイリス</txt:color></txt:bold>と気が合う理由がわかったわ。","我算是明白你为什么能和<txt:bold,2><txt:color,orange>爱丽丝</txt:color></txt:bold>一拍即合了。","我總算知道妳為什麼跟<txt:bold,2><txt:color,orange>愛麗絲</txt:color></txt:bold>這麼合得來了。","Теперь ясно, почему вы с <txt:bold,2><txt:color,orange>Айрис</txt:color></txt:bold> так хорошо ладите.","Saya faham sekarang kenapa awak dan <txt:bold,2><txt:color,orange>Iris</txt:color></txt:bold> serasi.","Tôi hiểu vì sao cậu hợp với <txt:bold,2><txt:color,orange>Iris</txt:color></txt:bold> rồi.","Ya veo por qué te llevas tan bien con <txt:bold,2><txt:color,orange>Iris</txt:color></txt:bold>.","Sekarang aku mengerti kenapa kamu cocok sekali dengan <txt:bold,2><txt:color,orange>Iris</txt:color></txt:bold>.","ฉันพอเข้าใจแล้วว่าทำไมเธอถึงเข้ากับ<txt:bold,2><txt:color,orange>ไอริส</txt:color></txt:bold>ได้ดีขนาดนั้น","Dá pra ver por que você e a <txt:bold,2><txt:color,orange>Iris</txt:color></txt:bold> são dupla perfeita."
,,,켈리,,1_무표정,,,"<txt:shake,1>정말 말을 잘 듣는 후배가 없다니까...</txt:shake>","<txt:shake,1>I swear, not a single one of my juniors ever listens...</txt:shake>","<txt:shake,1>ホント、言うこと聞く後輩がいないんだから‥</txt:shake>","<txt:shake,1>真是一个听话的后辈都没有啊‥</txt:shake>","<txt:shake,1>真是的，就沒一個聽話的後輩‥</txt:shake>","<txt:shake,1>Никто из вас меня не слушает...</txt:shake>","<txt:shake,1>Sumpah, junior saya seorang pun tak pernah dengar cakap...</txt:shake>","<txt:shake,1>Đúng là chẳng có đàn em nào chịu nghe lời cả...!</txt:shake>","<txt:shake,1>De verdad, no hay manera de que estos jóvenes me hagan caso...</txt:shake>","<txt:shake,1>Memang tidak ada junior yang mematuhiku...</txt:shake>","<txt:shake,1>ไม่มีรุ่นน้องที่ว่านอนสอนง่ายเลยจริงๆ...</txt:shake>","<txt:shake,1>Não existe novata que me dê ouvidos, viu.</txt:shake>"
,,,켈리,,1_무표정,,,"휴, 좋아, 길을 알려줄게.","Sigh, fine. I’ll show you the way in.",はぁ、わかった。ルートを教えてあげる。,唉，好吧，我告诉你路怎么走。,唉，好啦，我告訴妳路怎麼走。,"Ладно, я расскажу тебе, как пройти.","Haih, baiklah. Saya akan tunjukkan jalan masuk.","Haiz, được rồi. Tôi sẽ chỉ đường cho cậu.","Uf, de acuerdo, te indicaré el camino.","Hyuh, baiklah, aku akan beritahu jalannya.",ฮู้ว โอเค ฉันจะบอกทางให้,"Ai... tá bom, vou te dizer por onde ir."
,,,서사라_유니폼,,-1_기본,,exclam,예? 정말요?!,Huh? Really?!,え？本当ですか！？,诶？真的吗？！,真的嗎？！太感謝您了！,Правда?!,Hah? Betul?!,Hả? Thật sao?!,¿Eh? ¡¿De verdad?!,Eh? Apa benar?!,คะ? จริงเหรอคะ?!,Hã? Tá falando sério?!
,,,켈리,,1_기본,,,"<txt:bold,1>안 알려주면, 무슨 수를 써서라도 들어갈 거잖아.</txt:bold>","<txt:bold,1>Even if I don’t, you’ll find a way in yourself anyway.</txt:bold>","<txt:bold,1>教えなかったら、どんな手を使ってでも入るつもりでしょ。</txt:bold>","<txt:bold,1>要是不告诉你，你肯定也会想尽办法闯进去的。</txt:bold>","<txt:bold,1>要是不告訴妳，妳肯定也會想盡辦法闖進去吧。</txt:bold>","<txt:bold,1>Если не скажу, ты все равно найдешь, как туда попасть.</txt:bold>","<txt:bold,1>Kalau tak, awak tetap akan cari jalan masuk sendiri.</txt:bold>","<txt:bold,1>Nếu tôi không chỉ thì cậu cũng sẽ tìm mọi cách để vào thôi.</txt:bold>","<txt:bold,1>Si no te lo digo, vas a entrar de todos modos, cueste lo que cueste, ¿no?</txt:bold>","<txt:bold,1>Meski tidak diberitahu pun, kamu pasti akan tetap masuk dengan cara apa pun, kan?</txt:bold>","<txt:bold,1>ถ้าฉันไม่บอก เธอก็คงจะเข้าไปให้ได้ไม่ว่าจะด้วยวิธีไหนอยู่ดีนี่นา</txt:bold>","<txt:bold,1>Se eu não disser, você vai se virar pra entrar de qualquer jeito.</txt:bold>"
,,,켈리,,1_기본,,,그러느니 차라리 안전한 길을 알려주는 게 낫지.,Better I point you to a safe route.,それなら安全なルートを教えたほうがマシよ。,与其那样，还不如告诉你一条安全的路。,那與其這樣，還不如告訴妳一條安全的路。,Так что лучше я покажу тебе безопасный путь.,Lebih baik saya tunjukkan laluan yang selamat.,Vậy thì thà chỉ cho cậu con đường an toàn còn hơn.,"Siendo así, es mejor indicarte un camino seguro.","Daripada begitu, lebih baik aku tunjukkan jalan yang aman.",เพราะฉะนั้น ฉันบอกทางที่ปลอดภัยให้เธอซะดีกว่า,Então é melhor te mostrar um caminho seguro do que deixar você se arriscar.
,,,서사라_유니폼,,-1_기본,,,"감사해요! <txt:bold,2><txt:color,orange>켈리</txt:color></txt:bold> 씨라면 도와주실 줄 알았어요!","Thank you! I knew you’d help, <txt:bold,2><txt:color,orange>Kelly</txt:color></txt:bold>!","ありがとうございます！<txt:bold,2><txt:color,orange>ケリー</txt:color></txt:bold>姉さまなら助けてくださると思ってました！","谢谢您！我就知道<txt:bold,2><txt:color,orange>凯莉</txt:color></txt:bold>小姐一定会帮我的！","謝謝您！我就知道<txt:bold,2><txt:color,orange>前輩</txt:color></txt:bold>一定會幫我的！","Спасибо, <txt:bold,2><txt:color,orange>Келли</txt:color></txt:bold>! Я знала, что ты поможешь.","Terima kasih! Saya dah tahu awak akan tolong, <txt:bold,2><txt:color,orange>Kelly</txt:color></txt:bold>!","Cảm ơn nhé! Tôi biết <txt:bold,2><txt:color,orange>Kelly</txt:color></txt:bold> nhất định sẽ giúp mà!","¡Gracias! ¡Sabía que usted me ayudaría, <txt:bold,2><txt:color,orange>Kelly</txt:color></txt:bold>!","Terima kasih banyak! Saya tahu bahwa <txt:bold,2><txt:color,orange>Kelly</txt:color></txt:bold> pasti akan membantu saya!","ขอบคุณนะคะ! ฉันรู้อยู่แล้วว่าคุณ<txt:bold,2><txt:color,orange>เคลลี่</txt:color></txt:bold>จะต้องช่วย!","Obrigada! Sabia que podia contar com você, <txt:bold,2><txt:color,orange>Kelly</txt:color></txt:bold>!"
,,,서사라_유니폼,,-1_자책1,,,"...하지만, 저를 도와주시는 바람에 혹시 <txt:bold,2><txt:color,orange>켈리</txt:color></txt:bold> 씨가 위험해지시진 않겠죠? ","But, are you sure this won’t put you in danger...?","‥でも、私を助けたせいで、もしかして<txt:bold,2><txt:color,orange>ケリー</txt:color></txt:bold>姉さまが危ない目に遭ったりしませんよね？","‥但是，不会因为帮了我，<txt:bold,2><txt:color,orange>凯莉</txt:color></txt:bold>遇到危险吧？","‥可是，這樣幫我的話，會不會讓<txt:bold,2><txt:color,orange>凱莉</txt:color></txt:bold>前輩也陷入危險？","<txt:bold,2><txt:color,orange>Келли</txt:color></txt:bold>, а помогая мне, ты не будешь в опасности?","Tetapi, pastikah ini tidak akan membahayakan awak...?","...Nhưng vì giúp tôi mà <txt:bold,2><txt:color,orange>Kelly</txt:color></txt:bold> sẽ không gặp nguy hiểm chứ?","Pero, <txt:bold,2><txt:color,orange>Kelly</txt:color></txt:bold>... por ayudarme, ¿no se pondrá en peligro, verdad?","...Tapi, karena membantu saya seperti ini, <txt:bold,2><txt:color,orange>Kelly</txt:color></txt:bold> tidak akan berada dalam bahaya, kan?","...แต่ว่าคุณ<txt:bold,2><txt:color,orange>เคลลี่</txt:color></txt:bold>คงจะไม่ตกอยู่ในอันตรายไปด้วยเพราะช่วยฉันหรอกใช่ไหมคะ?","Mas <txt:bold,2><txt:color,orange>Kelly</txt:color></txt:bold>, você não vai acabar se metendo em perigo por estar me ajudando, né?"
,,,서사라_유니폼,,-1_무표정,,,그런 거라면 저는...,"If it does, then I...",それなら私は‥,要是那样的话，我‥,如果是那樣的話，我‥,Тогда я не смогу...,"Kalau ya, saya...",Nếu vậy thì tôi...,"Si eso pasa, yo...",Kalau begitu maka...,ถ้าเป็นแบบนั้น ฉัน...,"Se for assim, eu..."
,,,켈리,,1_기본,,,"<wrt:delay,5><txt:bold,1>누가 위험해진다고?</txt:bold></wrt:delay>","<wrt:delay,5><txt:bold,1>Who’s in danger?</txt:bold></wrt:delay>","<wrt:delay,5><txt:bold,1>誰が危ない目に遭うって？</txt:bold></wrt:delay>","<wrt:delay,5><txt:bold,1>谁会遇到危险？</txt:bold></wrt:delay>","<wrt:delay,5><txt:bold,1>妳說誰會陷入危險？</txt:bold></wrt:delay>","<wrt:delay,5><txt:bold,1>Это кто будет в опасности?!</txt:bold></wrt:delay>","<wrt:delay,5><txt:bold,1>Siapa yang dalam bahaya?</txt:bold></wrt:delay>","<wrt:delay,5><txt:bold,1>Ai gặp nguy hiểm cơ?</txt:bold></wrt:delay>","<wrt:delay,5><txt:bold,1>¿Quién se pondrá en peligro?</txt:bold></wrt:delay>","<wrt:delay,5><txt:bold,1>Siapa yang akan berada dalam bahaya?</txt:bold></wrt:delay>","<wrt:delay,5><txt:bold,1>ใครจะตกอยู่ในอันตรายนะ?</txt:bold></wrt:delay>","<wrt:delay,5><txt:bold,1>Quem é que vai ficar em perigo?</txt:bold></wrt:delay>"
,,,켈리,,1_멋진 미소,,,"<wrt:delay,8><txt:bold,1>감히, 누가 날? </txt:bold></wrt:delay>","<wrt:delay,8><txt:bold,1>You think anyone would dare mess with me?</txt:bold></wrt:delay>","<wrt:delay,8><txt:bold,1>よりによって、この私が？</txt:bold></wrt:delay>","<wrt:delay,8><txt:bold,1>这世上还有谁敢动我？</txt:bold></wrt:delay>","<wrt:delay,8><txt:bold,1>這世上，有誰敢動我？</txt:bold></wrt:delay>","<wrt:delay,8><txt:bold,1>Я им покажу опасности!</txt:bold></wrt:delay>","<wrt:delay,8><txt:bold,1>Ingat ada sesiapa yang berani kacau saya?</txt:bold></wrt:delay>","<wrt:delay,8><txt:bold,1>Ai dám?</txt:bold></wrt:delay>","<wrt:delay,8><txt:bold,1>¿Quién se atrevería a hacerme algo?</txt:bold></wrt:delay>","<wrt:delay,8><txt:bold,1>Siapa yang berani? </txt:bold></wrt:delay>","<wrt:delay,8><txt:bold,1>ใครจะกล้ากับฉันเหรอ? </txt:bold></wrt:delay>","<wrt:delay,8><txt:bold,1>Quem teria coragem de mexer comigo?</txt:bold></wrt:delay>"
,,,서사라_유니폼,,-1_기본,,,"아, 아녜요...!","N-No, of course not...!",い、いえ‥！,啊，没有，是我多虑了‥！,啊，也是啦‥！,"П-покажешь, да...","T-Tidak, sudah tentu tidak...!","À, không phải...!","A-ah, ¡no es eso...!",T-tidak maksud saya...!,ปะ เปล่าค่ะ...!,"N-não, não é isso..."
,,,켈리,,1_멋진 미소,wave,,"걱정도 팔자다. <txt:bold,1>너나 가서 남자친구 잘 챙겨.</txt:bold>","Worry about yourself. <txt:bold,1>Go take care of your boyfriend.</txt:bold>","心配性ね。<txt:bold,1>あなたこそ早く行って、彼氏のことを気にかけなさい。</txt:bold>","真是咸吃萝卜淡操心。<txt:bold,1>你还是赶紧去把你那小男朋友看好吧。</txt:bold>","妳還真愛操心。<txt:bold,1>妳還是快去照顧妳那個小男朋友吧。</txt:bold>","Не думай обо мне. <txt:bold,1>Иди лучше своего парня спасай.</txt:bold>","Risaukan diri awak sajalah. <txt:bold,1>Pergi jaga teman lelaki awak.</txt:bold>","Lo chuyện không đâu. <txt:bold,1>Mau đi chăm sóc bạn trai cậu đi.</txt:bold>","Te preocupas demasiado. <txt:bold,1>Mejor ve a cuidar bien de tu novio.</txt:bold>","Kamu ini terlalu khawatir. <txt:bold,1>Sana urus saja pacarmu dengan baik.</txt:bold>","ชอบตีตนไปก่อนไข้จริงๆ <txt:bold,1>เธอน่ะไปช่วยแฟนซะเถอะ</txt:bold>","Menos drama. <txt:bold,1>Vai cuidar do seu namorado.</txt:bold>"
,,,서사라_유니폼,,-1_아쉬움,,shy,"시, <txt:bold,2><txt:color,orange>시우</txt:color></txt:bold>와는 그런 관계가 아니에요!","S-<txt:bold,2><txt:color,orange>Siwoo</txt:color></txt:bold> and I aren’t like that!","あ、<txt:bold,2><txt:color,orange>新</txt:color></txt:bold>とはそういう仲じゃありません！","时、<txt:bold,2><txt:color,orange>时宇</txt:color></txt:bold>和我才不是那种关系呢！","時、<txt:bold,2><txt:color,orange>時宇</txt:color></txt:bold>跟我才不是那種關係呢！","Ш-<txt:bold,2><txt:color,orange>Шиу</txt:color></txt:bold> не мой парень!","S-<cha:pop,서사라_유니폼><txt:bold,2><txt:color,orange>Siwoo</txt:color></txt:bold> dan saya bukan macam itu!","Tô... tôi với <txt:bold,2><txt:color,orange>Siwoo</txt:color></txt:bold> không phải quan hệ đó!","¡S-Si, <txt:bold,2><txt:color,orange>Siwoo</txt:color></txt:bold> y yo no tenemos ese tipo de relación!","Hubungan saya dengan S-<txt:bold,2><txt:color,orange>Siwoo</txt:color></txt:bold> itu bukan seperti itu!","ฉะ ฉันกับ<txt:bold,2><txt:color,orange>ชีอู</txt:color></txt:bold>ไม่ได้เป็นอะไรแบบนั้นกันนะคะ!","E-eu e o <txt:bold,2><txt:color,orange>Siwoo</txt:color></txt:bold> não temos esse tipo de relação!"
,,,켈리,,1_기본,,,"그래? 뭐, 아무튼 좋아, 잠깐 연락 좀 돌릴 테니 기다리고 있어.","Yeah, sure. Anyway, let me make a few calls. Hang tight.",そう？まあ何でもいいわ、ちょっと連絡するから待ってて。,是吗？行吧，随便你。你先在这儿等着，我去打几个电话。,是嗎？好啦，都行。我先去打個電話，妳留在這邊等我。,"Да? Ну ладно. Я отойду позвонить, подожди тут.","Yalah tu. Dah, saya nak buat beberapa panggilan. Tunggu sebentar.","Vậy à? Dù sao thì chờ chút, tôi đi liên lạc vài người.","¿Ah, sí? Bueno, como sea, haré un par de llamadas, así que espera.","Oh ya? Baiklah, terserah. Tunggu sebentar, aku akan menghubungi beberapa orang.",งั้นเหรอ? ยังไงก็เถอะ เดี๋ยวฉันจะติดต่อหาใครสักหน่อย เธอรอก่อนนะ,"É mesmo? Enfim, vou falar com o pessoal, só um minutinho."
,,,켈리,,1_무표정,,,기다리는 동안 여기 애들이랑 몸이나 풀래?,"While you wait, want to warm up with the crew here?",待ってる間、ここの子たちとウォーミングアップでもする？,等人的时候，要不要跟这里的孩子们活动下筋骨？,趁著在等的時候，要不要跟這裡的孩子們活動一下筋骨？,"А пока ждешь, сыграешь с местными ребятами?","Sementara awak menunggu, mahu panaskan badan dengan kru di sini?","Trong lúc chờ, cậu muốn khởi động với mấy đứa ở đây không?","Mientras esperas, ¿quieres calentar con los chicos de aquí?","Selama menunggu, mau pemanasan dengan anak-anak di sini?",ระหว่างที่รอ เธออยากวอร์มร่างกายกับเด็กๆ ที่นี่ไหมล่ะ?,"Enquanto espera, quer aquecer com a galera daqui?"
,,,켈리,,1_기본,,,내 친구들이 너랑 한 번쯤은 경기하고 싶다더라.,My friends have been dying to play you.,私の友人が、あなたと一度は試合したいって言ってたわ。,我的朋友们可是念叨好久了，想跟你打一场呢。,我那群朋友說，很想跟妳打一場球看看呢。,"Они говорили, что давно хотят сыграть с тобой.",Kawan-kawan saya dah lama nak main dengan awak.,Đám bạn tôi nói muốn đấu với cậu một trận.,Mis amigos dicen que les gustaría jugar contigo al menos una vez.,Teman-temanku bilang mereka ingin sekali bertanding denganmu.,เพื่อนๆ ของฉันอยากลองแข่งกับเธอดูสักครั้งน่ะ,Meus amigos falaram que queriam jogar com você pelo menos uma vez.
,,,서사라_유니폼,,-1_기본,,,으음... 네! 알겠어요.,Mm... Sure! Sounds good.,うーん‥はい！わかりました。,嗯‥好的！没问题。,唔‥好啊！沒問題。,Давай... Я не против.,Mm... Boleh juga!,Ừm... Được! Tốt thôi.,Mmm... ¡Sí! Entendido.,Ehem... Iya! Baiklah.,อืม... ค่ะ! ได้เลย,Hum... Tá bom.
,경기 승리,#,MAP,,,,,라울의 방,라울의 방,라울의 방,라울의 방,라울의 방,라울의 방,라울의 방,라울의 방,라울의 방,라울의 방,라울의 방,라울의 방
,,#,BGM,,,,,BGM_UNDERGROUND_JUNGLE,BGM_UNDERGROUND_JUNGLE,BGM_UNDERGROUND_JUNGLE,BGM_UNDERGROUND_JUNGLE,BGM_UNDERGROUND_JUNGLE,BGM_UNDERGROUND_JUNGLE,BGM_UNDERGROUND_JUNGLE,BGM_UNDERGROUND_JUNGLE,BGM_UNDERGROUND_JUNGLE,BGM_UNDERGROUND_JUNGLE,BGM_UNDERGROUND_JUNGLE,BGM_UNDERGROUND_JUNGLE
,,#,마윤석,0,1_당황,,,,,,,,,,,,,,
,,#,제니_자켓,4,1_새침,,,,,,,,,,,,,,
,,#,엘리오,4,1_진지,,,,,,,,,,,,,,
,,,마윤석,,1_당황,nervous,,"<txt:shake,1>아... 아무도 없지...?</txt:shake>","<txt:shake,1>Nobody’s here, right...?</txt:shake>","<txt:shake,1>だ‥誰もいないよな‥？</txt:shake>","<txt:shake,1>啊‥应该没人在吧‥？</txt:shake>","<txt:shake,1>啊‥沒人在吧‥？</txt:shake>","<txt:shake,1>Так, вроде никого...</txt:shake>","<txt:shake,1>Tiada sesiapa di sini, kan...</txt:shake>","<txt:shake,1>A... không có ai chứ...?</txt:shake>","<txt:shake,1>Ah... no hay nadie... ¿verdad?</txt:shake>","<txt:shake,1>Ti... Tidak ada siapa-siapa, kan...?</txt:shake>","<txt:shake,1>มะ... ไม่มีใครใช่ไหมนะ...?</txt:shake>","<txt:shake,1>Ah... não tem ninguém, né?</txt:shake>"
,,,마윤석,,-1_당황,nervous,,"<txt:shake,1>...어쩌다 이런 걸 찾아버린 거야.</txt:shake>","<txt:shake,1>How did I even stumble onto this thing?</txt:shake>","<txt:shake,1>‥なんでこんなの見つけちゃったんだよ。</txt:shake>","<txt:shake,1>‥怎么偏偏让我撞见了这种东西。</txt:shake>","<txt:shake,1>‥怎麼偏偏讓我找到了這種東西啊。</txt:shake>","<txt:shake,1>Что это я нашел? Непонятно...</txt:shake>","<txt:shake,1>Bagaimana saya boleh terjumpa benda ini?</txt:shake>","<txt:shake,1>...Sao mình lại tìm thấy thứ này chứ...</txt:shake>","<txt:shake,1>...Cómo terminé encontrando esto.</txt:shake>","<txt:shake,1>...Bagaimana bisa aku sampai bisa menemukan hal seperti ini?</txt:shake>","<txt:shake,1>...ดันมาเจอของแบบนี้ซะได้</txt:shake>","<txt:shake,1>Como fui parar com uma coisa dessas?</txt:shake>"
,,,마윤석,,1_당황,nervous,,"일단... <wrt:wait,30>나가야 하나?","Should I... <wrt:wait,30>get out of here?","とりあえず‥<wrt:wait,30>出たほうがいいだろうか。","首先‥<wrt:wait,30>我是不是该溜了？","先‥<wrt:wait,30>離開這再說嗎？","Пора бы...<wrt:wait,30>Побыстрее уходить?","Patutkah saya... <wrt:wait,30>keluar dari sini?","Trước hết... <wrt:wait,30>mình nên ra ngoài không nhỉ?","Por ahora... <wrt:wait,30>¿debería salir?","Pertama-tama... <wrt:wait,30>Apa aku harus keluar?","ก่อนอื่น... <wrt:wait,30>ควรออกไปไหมนะ?","Primeiro... <wrt:wait,30>preciso sair daqui."
,,,???,,,,,"<txt:bold,1><txt:size,2>여기야!</txt:size></txt:bold>","<txt:bold,1><txt:size,2>Over here!</txt:size></txt:bold>","<txt:bold,1><txt:size,2>こっちだ！</txt:size></txt:bold>","<txt:bold,1><txt:size,2>在这里！</txt:size></txt:bold>","<txt:bold,1><txt:size,2>就在這裡！</txt:size></txt:bold>","<txt:bold,1><txt:size,2>Сюда!</txt:size></txt:bold>","<txt:bold,1><txt:size,2>Di sini!</txt:size></txt:bold>","<txt:bold,1><txt:size,2>Ở đây!</txt:size></txt:bold>","<txt:bold,1><txt:size,2>¡Es aquí!</txt:size></txt:bold>","<txt:bold,1><txt:size,2>Di sini!</txt:size></txt:bold>","<txt:bold,1><txt:size,2>ตรงนี้!</txt:size></txt:bold>","<txt:bold,1><txt:size,2>É por aqui!</txt:size></txt:bold>"
,,,마윤석,,1_당황,nervous,exclam ,"<cha:pop,마윤석>누, 누구?!","<cha:pop,마윤석>Wh-Who?!","<cha:pop,마윤석>だ、誰だ！？","<cha:pop,마윤석>谁，谁在那儿？！","<cha:pop,마윤석>誰、誰在那裡？！","<cha:pop,마윤석>К-кто это?!","<cha:pop,마윤석>S-Siapa?!","<cha:pop,마윤석>Ai, ai vậy?!","<cha:pop,마윤석>¡¿Q-quién es?!","<cha:pop,마윤석>S-Siapa?!","<cha:pop,마윤석>คะ ใครน่ะ?!","<cha:pop,마윤석>Q-quem?!"
,,,마윤석,,-1_당황,nervous,,"<wrt:delay,1>헉, 어, 어쩌지...! 어디 숨을 데 없나? 이, 일단 급한 대로...!</wrt:delay>","<wrt:delay,1>Oh god, wh-what do I do...?! I need to hide. Quick...!</wrt:delay>","<wrt:delay,1>ひいっ。ど、どうしよう‥！どこか隠れる場所はないか？と、とりあえず急いで‥！</wrt:delay>","<wrt:delay,1>糟了，怎么办‥！没地方躲吗？先、先凑合一下‥！</wrt:delay>","<wrt:delay,1>哇，怎、怎麼辦‥！有沒有地方可以躲？先、先隨便找個地方‥！</wrt:delay>","<wrt:delay,1>Ч-что делать? Спрятаться! Вот тут есть место...</wrt:delay>","<wrt:delay,1>Alamak, a-apa nak buat...?! Saya perlu sembunyi. Cepat...!</wrt:delay>","<wrt:delay,1>Hả, phải làm sao...! Có chỗ nào trốn không? T, tạm thời...!</wrt:delay>","<wrt:delay,1>¡Uy, e-eh, qué hago...! ¿No hay dónde esconderse? ¡P-por ahora, lo primero que encuentre...!</wrt:delay>","<wrt:delay,1>Aduh, G-gimana ini...! Apa tidak ada tempat untuk bersembunyi? Sepertinya tidak ada jalan lain...!</wrt:delay>","<wrt:delay,1>เฮือก ทะ ทำยังไงดีล่ะ...! มีตรงไหนให้ซ่อนบ้างไหมเนี่ย? อะ เอาแบบเร่งด่วนก่อนแล้วกัน...!</wrt:delay>","<wrt:delay,1>Ai! E-e agora! Onde eu me escondo? Bom.. vai ter que ser aqui...</wrt:delay>"
,,,제니_자켓,,,,,...정말 여기 맞아?,You sure this is the place...?,‥本当にここで合ってるの？,‥确定是这儿吗？,‥真的在裡面嗎？,Это точно здесь?,Awak pasti ini tempatnya...?,...Đúng là chỗ này à?,...¿Seguro que es aquí?,...Apa benar di sini?,...ใช่ตรงนี้แน่เหรอ?,Tem certeza que é aqui?
,,,엘리오,,-,,,쉿. 조용히 해.,Shh. Keep it down.,しーっ。静かに。,嘘，小声点。,噓，安靜點。,Тс-с. Тише.,Shh. Senyap sikit.,Suỵt. Nhỏ tiếng thôi.,Shh. Cállate.,Sssttt. Kecilkan suaramu.,ชู่ว เงียบๆ สิ,Psiu. Silêncio.
,,,엘리오,,-,,,그 여자는 함부로 다른 사람을 믿지 않아.,That woman doesn’t trust anyone easily.,あの女は簡単に他人を信用しない。,那个女人从不轻易相信别人。,那個女人從不輕易相信別人。,"Она не из тех, кто доверяет людям.",Perempuan itu tidak mudah mempercayai sesiapa.,Cô ta không dễ tin người khác đâu.,Esa mujer no confía en cualquiera.,Wanita itu tidak mempercayai orang-orang lain secara begitu saja.,ผู้หญิงคนนั้นไม่เชื่อคนอื่นสะเปะสะปะหรอก,Aquela mulher não confia em ninguém fácil.
,,,엘리오,,-,,,약점이 될 만한 걸 남한테 맡겼을 리 없어.,No way she’d hand something this sensitive off to somebody else.,弱みになるようなものを他人に預けるはずがない。,这种能成为把柄的东西，她绝不会交给外人保管。,只要是足以成為弱點的東西，她絕不會交給別人保管。,Карла не передала бы посторонним компромат на себя.,Tak mungkin dia akan menyerahkan benda sensitif ini kepada orang lain.,Cô ta sẽ không giao thứ có thể trở thành điểm yếu cho người khác giữ.,No le habría confiado a otra persona algo que pudiera ser su debilidad.,Tidak mungkin dia memberikan sesuatu yang bisa menjadi titik lemahnya pada orang lain.,ไม่มีทางที่จะเอาสิ่งที่อาจเป็นจุดอ่อนได้ไปฝากไว้กับคนอื่น,Não deixaria algo que pudesse virar fraqueza nas mãos de outra pessoa.
,,,엘리오,,-,,,계약서는 아직 분명히 경기장 안에 있어. 그렇다면 후보는 몇 군데 안 되지.,The contracts are still somewhere in the arena. That narrows it down.,契約書は間違いなくまだ会場内にある。そうなると候補は数箇所だけだ。,合同肯定还留在赛场里。那么，能藏东西的地方就那么几个。,合約書肯定還在比賽會場內，那可能藏匿的地方就那幾個。,Контракты точно в пределах арены. А тут мест немного.,Kontrak-kontrak itu pasti masih di dalam arena. Jadi cuma ada beberapa tempat yang mungkin menjadi tempat simpanannya.,Bản hợp đồng chắc chắn vẫn còn trong sân đấu. Vậy thì chỉ còn vài nơi khả nghi thôi.,"El contrato seguramente todavía está dentro del recinto. Si es así, no hay muchas opciones.","Aku yakin kontrak pasti masih ada di dalam stadion. Dengan begitu, hanya ada beberapa tempat yang dimungkinkan.",สัญญาต้องยังอยู่ในสนามแข่งแน่นอน ซึ่งถ้าเป็นแบบนั้น ก็มีตัวเลือกแค่ไม่กี่แห่ง,"O contrato ainda tá no estádio, com certeza. Então as opções são poucas."
,,,엘리오,,-,,,"<txt:bold,2><txt:color,orange>제니</txt:color></txt:bold>, 내가 들어갈게. 넌 망 좀 봐...","<txt:bold,2><txt:color,orange>Jenny</txt:color></txt:bold>, I’ll go in. You keep watch...","<txt:bold,2><txt:color,orange>ジェニー</txt:color></txt:bold>、僕が入る。君は見張りを‥","<txt:bold,2><txt:color,orange>珍妮</txt:color></txt:bold>，我进去。你在外面帮我放哨‥","<txt:bold,2><txt:color,orange>珍妮</txt:color></txt:bold>，我進去拿。妳負責把風‥","<txt:bold,2><txt:color,orange>Дженни</txt:color></txt:bold>, я проверю внутри. Прикроешь?","<txt:bold,2><txt:color,orange>Jenny</txt:color></txt:bold>, saya akan masuk. Awak berjaga...","<txt:bold,2><txt:color,orange>Jenny</txt:color></txt:bold>, để tôi vào. Cậu canh chừng...","<txt:bold,2><txt:color,orange>Jenny</txt:color></txt:bold>, yo entraré. Tú vigila...","<txt:bold,2><txt:color,orange>Jenny</txt:color></txt:bold>, aku yang akan masuk. Kamu coba jaga diluar...","<txt:bold,2><txt:color,orange>เจนนี่</txt:color></txt:bold> เดี๋ยวฉันเข้าไปเอง เธอคอยดูลาดเลา...","<txt:bold,2><txt:color,orange>Jenny</txt:color></txt:bold>, eu entro lá. Você fica de vigia."
,,,제니_자켓,,,,,...잠깐. 누구 마음대로 역할을 나눠?,Hang on... Who said you get to call the shots?,‥ちょっと待って。なんで勝手に役割決めてんの？,‥等下。谁让你自作主张分配任务了？,‥等一下，誰准你擅自分工啊？,"Эй, кто тебя сделал главным?",Tunggu... Bila masa awak yang buat keputusan?,...Khoan. Ai cho cậu tự ý chia vai trò vậy?,...Espera. ¿Quién decidió dividir los roles?,...Bentar. Kenapa kamu membagi peran semaumu saja?,...เดี๋ยวนะ ใครให้นายแบ่งบทบาทตามใจกัน?,Espera aí. Desde quando você divide as tarefas sem me perguntar?
,,,제니_자켓,,,,,"<txt:bold,1>내가 들어갈 거야.</txt:bold>","<txt:bold,1>I’m going in.</txt:bold>","<txt:bold,1>あたしが入るから。</txt:bold>","<txt:bold,1>我要进去。</txt:bold>","<txt:bold,1>要進去也是我去。</txt:bold>","<txt:bold,1>Пойду я.</txt:bold>","<txt:bold,1>Saya akan masuk.</txt:bold>","<txt:bold,1>Tôi sẽ vào.</txt:bold>","<txt:bold,1>Yo entraré.</txt:bold>","<txt:bold,1>Akulah yang akan masuk.</txt:bold>","<txt:bold,1>ฉันจะเข้าไปเอง</txt:bold>","<txt:bold,1>Eu é que vou entrar.</txt:bold>"
,,,엘리오,,-,,,"<txt:wave,1>하하. <txt:bold,2><txt:color,orange>제니</txt:color></txt:bold>, 많이 강해졌네.</txt:wave>","<txt:wave,1>Haha. Look at you, <txt:bold,2><txt:color,orange>Jenny</txt:color></txt:bold>. You’ve gotten tough.</txt:wave>","<txt:wave,1>ハハ。<txt:bold,2><txt:color,orange>ジェニー</txt:color></txt:bold>、だいぶたくましくなったな。</txt:wave>","<txt:wave,1>哈哈。<txt:bold,2><txt:color,orange>珍妮</txt:color></txt:bold>，你变强了不少嘛。</txt:wave>","<txt:wave,1>哈哈。<txt:bold,2><txt:color,orange>珍妮</txt:color></txt:bold>，妳變強很多嘛。</txt:wave>","<txt:wave,1>Ха-ха. <txt:bold,2><txt:color,orange>Дженни</txt:color></txt:bold>, а ты стала смелее.</txt:wave>","<txt:wave,1>Haha. Tengoklah awak, <txt:bold,2><txt:color,orange>Jenny</txt:color></txt:bold>. Awak dah tabah.</txt:wave>","<txt:wave,1>Haha. <txt:bold,2><txt:color,orange>Jenny</txt:color></txt:bold> mạnh mẽ hơn rồi nhỉ.</txt:wave>","<txt:wave,1>Jaja. Te has vuelto muy fuerte, <txt:bold,2><txt:color,orange>Jenny</txt:color></txt:bold>.</txt:wave>","<txt:wave,1>Haha. <txt:bold,2><txt:color,orange>Jenny</txt:color></txt:bold>, kamu jadi lebih tangguh.</txt:wave>","<txt:wave,1>ฮ่าฮ่า <txt:bold,2><txt:color,orange>เจนนี่</txt:color></txt:bold> เธอแข็งแกร่งขึ้นเยอะเลยแฮะ</txt:wave>","<txt:wave,1>Haha. Olha só, <txt:bold,2><txt:color,orange>Jenny</txt:color></txt:bold> ficou corajosa.</txt:wave>"
,,,제니_자켓,,,,,시끄럽거든.,Shut it.,うるさいんだけど。,闭嘴。,吵死了啦。,Отстань.,Diam.,Im đi.,Cállate.,Berisik.,หนวกหูน่า,Fica quieto.
,,,마윤석,,1_당황,nervous,,"<txt:color,grey>(으, 으아...! 저 둘이 왜 여기에?!)</txt:color>","<txt:color,grey>(Oh no...! Why are those two here?!)</txt:color>","<txt:color,grey>(う、うわ‥！あの二人がなんでここに！？)</txt:color>","<txt:color,grey>（呃、呃啊‥！这两个人怎么会在这儿？！）</txt:color>","<txt:color,grey>（呃、呃啊‥！這兩個人怎麼會在這裡？！）</txt:color>","<txt:color,grey>(Э-э-э?! Что эти двое тут делают?)</txt:color>","<txt:color,grey>(Alamak...! Kenapa mereka berdua ada di sini?!)</txt:color>","<txt:color,grey>(Ôi trời... Sao hai người đó lại ở đây!?)</txt:color>","<txt:color,grey>(¡A-aaah...! ¡¿Por qué están esos dos aquí?!)</txt:color>","<txt:color,grey>(A-aduh...! Kenapa mereka berdua di sini?!)</txt:color>","<txt:color,grey>(อ๊าก...! ทำไมสองคนนั้นถึงมาอยู่ที่นี่เนี่ย?!)</txt:color>","<txt:color,grey>(M-meu Deus! O que esses dois estão fazendo aqui?!)</txt:color>"
,,,마윤석,,-1_당황,nervous,,"<txt:color,grey>(그, 그래도... 이 몸이 그렇게 쉽게 들킬 리 없을 테니까...!)</txt:color>","<txt:color,grey>(S-Still... there’s no way the great Yoonseok Ma gets spotted that easily...!)</txt:color>","<txt:color,grey>(で、でも‥そう簡単に見つからないはず‥！)</txt:color>","<txt:color,grey>（不、不过‥本大爷完美的隐身术应该不会这么容易被发现吧‥！）</txt:color>","<txt:color,grey>（不、不過‥本大爺完美的隱身術，應該沒那麼容易被識破才對‥！）</txt:color>","<txt:color,grey>(Х-хорошо, что меня не видно...)</txt:color>","<txt:color,grey>(N-Namun... takkan Yoonseok Ma yang hebat akan kena tangkap dengan mudah...!)</txt:color>","<txt:color,grey>(Nhưng... mình đâu dễ bị phát hiện như vậy...!)</txt:color>","<txt:color,grey>(P-pero... ¡No pueden descubrirme tan fácilmente...!)</txt:color>","<txt:color,grey>(M-meski begitu... Aku ini tidak akan ketahuan dengan mudah...!)</txt:color>","<txt:color,grey>(ตะ แต่ถึงอย่างนั้น... ฉันผู้นี้ก็ไม่มีทางโดนจับได้ง่ายๆ หรอก...!)</txt:color>","<txt:color,grey>(Eu... não vou ser pego tão fácil...)</txt:color>"
,,,TAG,,,,,"<sys:quiet,600>","<sys:quiet,600>","<sys:quiet,600>","<sys:quiet,600>","<sys:quiet,600>","<sys:quiet,600>","<sys:quiet,600>","<sys:quiet,600>","<sys:quiet,600>","<sys:quiet,600>","<sys:quiet,600>","<sys:quiet,600>"
,,,-,,,,,"<txt:color,grey>(벌컥)</txt:color>","<txt:color,grey>(door swings open)</txt:color>","<txt:color,grey>(ガバッ)</txt:color>","<txt:color,grey>（开门声）</txt:color>","<txt:color,grey>（喀嚓）</txt:color>","<txt:color,grey>(Бум)</txt:color>","<txt:color,grey>(pintu terbuka)</txt:color>","<txt:color,grey>*Rầm*</txt:color>","<txt:color,grey>(Sonido de puerta abriéndose)</txt:color>","<txt:color,grey>(Brak!)</txt:color>","<txt:color,grey>(แกร๊ก)</txt:color>","<txt:color,grey>(Clac)</txt:color>"
,,,TAG,,,,,"<cha:pos,제니_자켓,0><cha:pos,엘리오,2><cha:pos,마윤석,-3>","<cha:pos,제니_자켓,0><cha:pos,엘리오,2><cha:pos,마윤석,-3>","<cha:pos,제니_자켓,0><cha:pos,엘리오,2><cha:pos,마윤석,-3>","<cha:pos,제니_자켓,0><cha:pos,엘리오,2><cha:pos,마윤석,-3>","<cha:pos,제니_자켓,0><cha:pos,엘리오,2><cha:pos,마윤석,-3>","<cha:pos,제니_자켓,0><cha:pos,엘리오,2><cha:pos,마윤석,-3>","<cha:pos,제니_자켓,0><cha:pos,엘리오,2><cha:pos,마윤석,-3>","<cha:pos,제니_자켓,0><cha:pos,엘리오,2><cha:pos,마윤석,-3>","<cha:pos,제니_자켓,0><cha:pos,엘리오,2><cha:pos,마윤석,-3>","<cha:pos,제니_자켓,0><cha:pos,엘리오,2><cha:pos,마윤석,-3>","<cha:pos,제니_자켓,0><cha:pos,엘리오,2><cha:pos,마윤석,-3>","<cha:pos,제니_자켓,0><cha:pos,엘리오,2><cha:pos,마윤석,-3>"
,,,제니_자켓,,1_새침,,,...,...,‥,‥,‥,...,...,...,...,...,...,...
,,,마윤석,,-1_당황,,,...,...,‥,‥,‥,...,...,...,...,...,...,...
,,,제니_자켓,,1_새침,,,다 보이는데.,I can see you.,丸見えなんだけど。,别躲了，都看见了。,都看到了。,Тебя отлично видно.,Saya nampak awak.,Thấy hết rồi.,Puedo verte.,Aku bisa melihatmu.,เห็นหมดแหละ,"Tô te vendo, sabia?"
,,,엘리오,,1_진지,,,나와.,Come out.,出てきなよ。,出来。,出來吧。,Выходи.,Keluar.,Ra đây đi.,Sal.,Keluarlah.,ออกมา,Sai daí.
,,,마윤석,,-1_당황,,,...,...,‥,‥,‥,...,...,...,...,...,...,...
,,,제니_자켓,,1_외침,,,"셋 센다. <txt:shake,1>셋— 둘—</txt:shake><cha:pos,제니_자켓,-1>","I’m gonna count down from three. <txt:shake,1>Three... two...</txt:shake><cha:pos,제니_자켓,-1>","3つ数えるうちに出てきて。<txt:shake,1>さん‥に‥</txt:shake><cha:pos,제니_자켓,-1>","我数到三。<txt:shake,1>一——二——</txt:shake><cha:pos,제니_자켓,-1>","我數到三。<txt:shake,1>三～二～</txt:shake><cha:pos,제니_자켓,-1>","Считаю до трех. <txt:shake,1>Три, два...</txt:shake><cha:pos,제니_자켓,-1>","Saya akan mengira dari tiga. <txt:shake,1>Tiga... dua...</txt:shake><cha:pos,제니_자켓,-1>","Tôi đếm ngược từ ba nhé. <txt:shake,1>3... 2...</txt:shake><cha:pos,제니_자켓,-1>","Voy a contar hacia atrás. <txt:shake,1>Tres— Dos—</txt:shake><cha:pos,제니_자켓,-1>","Aku hitung sampai tiga. <txt:shake,1>Tiga— dua—</txt:shake><cha:pos,제니_자켓,-1>","จะนับถอยหลังแล้วนะ <txt:shake,1>สาม— สอง—</txt:shake><cha:pos,제니_자켓,-1>","Vou contar até três. <txt:shake,1>Um, dois...</txt:shake><cha:pos,제니_자켓,-1>"
,,,마윤석,,-1_당황,,,"<txt:bold,1><txt:size,2>자, 잠깐!! 잠깐만!!!</txt:size></txt:bold><cha:pos,제니_자켓,0><cha:pos,마윤석,-1>","<txt:bold,1><txt:size,2>W-Wait! Wait!</txt:size></txt:bold><cha:pos,제니_자켓,0><cha:pos,마윤석,-1>","<txt:bold,1><txt:size,2>ま、待った！！ターイム！！！</txt:size></txt:bold><cha:pos,제니_자켓,0><cha:pos,마윤석,-1>","<txt:bold,1><txt:size,2>等、等下！！等一下！！！</txt:size></txt:bold><cha:pos,제니_자켓,0><cha:pos,마윤석,-1>","<txt:bold,1><txt:size,2>等、等一下！！等一下啦！！！</txt:size></txt:bold><cha:pos,제니_자켓,0><cha:pos,마윤석,-1>","<txt:bold,1><txt:size,2>С-стойте! Не надо!</txt:size></txt:bold><cha:pos,제니_자켓,0><cha:pos,마윤석,-1>","<txt:bold,1><txt:size,2>T-Tunggu! Tunggu!</txt:size></txt:bold><cha:pos,제니_자켓,0><cha:pos,마윤석,-1>","<txt:bold,1><txt:size,2>Khoan... khoan đã!</txt:size></txt:bold><cha:pos,제니_자켓,0><cha:pos,마윤석,-1>","<txt:bold,1><txt:size,2>¡E-espera!! ¡¡Espera un momento!!!</txt:size></txt:bold><cha:pos,제니_자켓,0><cha:pos,마윤석,-1>","<txt:bold,1><txt:size,2>B-bentar!! Sebentar!!!</txt:size></txt:bold><cha:pos,제니_자켓,0><cha:pos,마윤석,-1>","<txt:bold,1><txt:size,2>ดะ เดี๋ยวสิ!! เดี๋ยวก่อน!!!</txt:size></txt:bold><cha:pos,제니_자켓,0><cha:pos,마윤석,-1>","<txt:bold,1><txt:size,2>E-espera! Pera aí!</txt:size></txt:bold><cha:pos,제니_자켓,0><cha:pos,마윤석,-1>"
,,,마윤석,,-1_우쭐,shake,,"우, 우훗...! <wrt:wait,30>잘도 내 완벽한 은신술을 간파했군.","H-Heh...! <wrt:wait,30>Not bad, seeing through my flawless hiding technique.","ふ‥ふっふっ‥！<wrt:wait,30>よくぞ完璧な隠れ身の術を見破ってくれた。","哼、哼哼‥！<wrt:wait,30>居然能识破我完美的隐身术，算你们厉害。","唔、唔哼‥！<wrt:wait,30>竟然能識破我完美的隱身術。","Хм-м... <wrt:wait,30>Неплохо вы рассекретили мою идеальную маскировку.","H-Heh...! <wrt:wait,30>Pandai juga, dapat menyingkap teknik penyembunyian hebat saya.","Ưm, ơm...! <wrt:wait,30>Không ngờ các cậu lại nhìn thấu tuyệt kỹ ẩn thân hoàn hảo của tôi.","¡U-uhuhu...! <wrt:wait,30>Pudieron ver a través de mi camuflaje perfecto.","U-uhuk...! <wrt:wait,30>Kamu itu cukup hebat dapat menyadari jurus persembunyianku yang sempurna.","อะ อะแฮ่ม...! <wrt:wait,30>มองทะลุวิชาซ่อนตัวอันสมบูรณ์แบบของฉันได้ด้วยแฮะ","H-hehe! <wrt:wait,30>Então vocês conseguiram furar minha técnica perfeita de camuflagem."
,,,마윤석,-2,1_무표정,,,"<wrt:delay,1>좋아. 너희 마음에 들었어. 오늘은 특별히 넘어가 줄 테니까, 볼일 봐. 난 이만...!</wrt:delay>","<wrt:delay,1>Fine. I like you two. I’ll let this slide today, so do your thing. I’ll just be on my...!</wrt:delay>","<wrt:delay,1>いいだろう。気に入ったよ。今日は特別に見逃してやるから、さっさと用を済ませてくれ。じゃあ、俺はこれで‥！</wrt:delay>","<wrt:delay,1>行吧，本大爷看你们挺顺眼的，今天就放过你们，忙你们的吧。我先撤了‥！</wrt:delay>","<wrt:delay,1>好啦，我看你們挺順眼的。今天就特別放過你們，快去辦正事吧。本大爺要先走‥！</wrt:delay>","<wrt:delay,1>Ладно, я вас не трону. Идите своей дорогой, а я пойду своей.</wrt:delay>","<wrt:delay,1>Baiklah. Saya suka awak berdua. Saya akan biarkan kali ini, jadi buatlah kerja awak. Saya akan pergi...!</wrt:delay>","<wrt:delay,1>Được rồi. Tôi thích các cậu đấy. Hôm nay đặc biệt bỏ qua cho, lo việc của mình đi. Tôi đi trước...!</wrt:delay>","<wrt:delay,1>Bien. Me caen bien. Se las dejaré pasar por hoy, así que hagan lo suyo. ¡Yo me voy...!</wrt:delay>","<wrt:delay,1>Baiklah. Aku suka dengan kalian berdua. Untuk hari ini saja aku akan memaafkan kalian, lanjutkan urusan kalian. Selamat tinggal...!</wrt:delay>","<wrt:delay,1>ดีเลย ฉันถูกใจพวกเธอ วันนี้ฉันจะยอมปล่อยไปเป็นกรณีพิเศษแล้วกัน เชิญทำธุระต่อเถอะ ฉันขอตัว...!</wrt:delay>","<wrt:delay,1>Beleza, vocês me impressionaram. Hoje tô de bom humor, façam o que quiserem, eu já vou indo!</wrt:delay>"
,,,제니_자켓,,1_외침,,,거기 서.,Stay right there.,ストップ。,站住。,站住。,Стоять.,Jangan bergerak.,Đứng lại đó.,Quédate ahí.,Berhenti disana.,หยุดอยู่ตรงนั้นเลย,"Ei, fique parado!"
,,,TAG,,,,,"<sys:bgm,BGM_INTO_THE_UNDERGROUND,600>","<sys:bgm,BGM_INTO_THE_UNDERGROUND,600>","<sys:bgm,BGM_INTO_THE_UNDERGROUND,600>","<sys:bgm,BGM_INTO_THE_UNDERGROUND,600>","<sys:bgm,BGM_INTO_THE_UNDERGROUND,600>","<sys:bgm,BGM_INTO_THE_UNDERGROUND,600>","<sys:bgm,BGM_INTO_THE_UNDERGROUND,600>","<sys:bgm,BGM_INTO_THE_UNDERGROUND,600>","<sys:bgm,BGM_INTO_THE_UNDERGROUND,600>","<sys:bgm,BGM_INTO_THE_UNDERGROUND,600>","<sys:bgm,BGM_INTO_THE_UNDERGROUND,600>","<sys:bgm,BGM_INTO_THE_UNDERGROUND,600>"
,,,제니_자켓,,1_외침,,,"<cha:pos,제니_자켓,-1>일단 너 손에 든 거, 이리 내.","<cha:pos,제니_자켓,-1>First, hand over what you’re holding.","<cha:pos,제니_자켓,-1>とりあえずあんたの手に持ってるそれ、こっちによこしなさい。","<cha:pos,제니_자켓,-1>把你手里拿的东西，先交出来。","<cha:pos,제니_자켓,-1>先把你手上的東西交出來。","<cha:pos,제니_자켓,-1>Сначала отдай то, что держишь.","<cha:pos,제니_자켓,-1>Pertama, serahkan apa yang awak pegang.","<cha:pos,제니_자켓,-1>Trước hết đưa thứ cậu đang cầm đây.","<cha:pos,제니_자켓,-1>Primero, dame lo que tienes en la mano.","<cha:pos,제니_자켓,-1>Pertama-tama berikan padaku hal yang sedang kamu pegang itu.","<cha:pos,제니_자켓,-1>ก่อนอื่น ส่งสิ่งที่อยู่ในมือนายมาซะ","<cha:pos,제니_자켓,-1>Primeiro, me dá isso que tá na sua mão."
,,,마윤석,,-1_분노,,,"아, 도, 돌려줘...!<cha:pos,제니_자켓,0>","H-Hey, give that back...!<cha:pos,제니_자켓,0>","あっ。か、返せよ‥！<cha:pos,제니_자켓,0>","啊，还、还给我‥！<cha:pos,제니_자켓,0>","啊，還、還給我‥！<cha:pos,제니_자켓,0>","Э-эй, верни!<cha:pos,제니_자켓,0>","H-Hei, bagi balik...!<cha:pos,제니_자켓,0>","A, tr, trả lại đi...!<cha:pos,제니_자켓,0>","Ah, ¡d-devuélvemelo...!<cha:pos,제니_자켓,0>","Ahhh, k-kembalikan padaku...!<cha:pos,제니_자켓,0>","โอ๊ะ อะ เอาคืนมานะ...!<cha:pos,제니_자켓,0>","Aah, devolve!<cha:pos,제니_자켓,0>"
,,,제니_자켓,,1_외침,,exclam,"먼저 설명부터 해 봐. 여기서 뭐 하고 있었는지... <wrt:wait,30>이건?!","Start talking. What were you doing here... <wrt:wait,30>Wait, is this?!","説明からしてもらうよ。ここで何してたのか‥<wrt:wait,30>これは！？","先解释一下，你在这里干什么‥<wrt:wait,30>这是？！","先交代清楚。你在這裡幹嘛‥<wrt:wait,30>這是什麼？！","Сначала объясни. Что ты здесь делал и...<wrt:wait,30>Это?!","Cakap. Apa awak buat di sini... <wrt:wait,30>Nanti, adakah ini?!","Trước hết giải thích xem. Cậu đang làm gì ở đây... <wrt:wait,30>Cái này là?!","Primero explícame qué estabas haciendo aquí... <wrt:wait,30>¡¿Esto es?!","Coba jelaskan. Apa yang sedang kamu lakukan disini... <wrt:wait,30>Ini kan?!","ลองอธิบายมาก่อนสิ ว่านายมาทำอะไรอยู่ที่นี่... <wrt:wait,30>นี่มัน?!","Vamos lá. O que você tava fazendo... Espera... <wrt:wait,30>isso..."
,,,제니_자켓,,1_당황,pause,,"<txt:bold,1>너, 이걸 어떻게 네가 갖고 있어?!</txt:bold>","<txt:bold,1>How do you have this?!</txt:bold>","<txt:bold,1>なんであんたがこれ持ってんの！？</txt:bold>","<txt:bold,1>喂，这东西怎么会在你手里？！</txt:bold>","<txt:bold,1>這東西怎麼會在你手上？！</txt:bold>","<txt:bold,1>Откуда это у тебя?!</txt:bold>","<txt:bold,1>Bagaimana awak dapat benda ini?!</txt:bold>","<txt:bold,1>Cái này sao lại ở trong tay cậu?!</txt:bold>","<txt:bold,1>Tú, ¡¿cómo es que tienes esto?!</txt:bold>","<txt:bold,1>Kamu itu, kenapa ini berada di tanganmu?!</txt:bold>","<txt:bold,1>นายมีสิ่งนี้อยู่ได้ยังไงกัน?!</txt:bold>","<txt:bold,1>Como isso foi parar nas suas mãos?!</txt:bold>"
,,,마윤석,,-1_기본,,,"<txt:wave,1>우, 우훗...! 순순히 얘기해 줄 순...</txt:wave>","<txt:wave,1>H-Heh...! I’m afraid I can’t just...</txt:wave>","<txt:wave,1>ふ、ふっふっ‥！そうやすやすと話すわけ‥</txt:wave>","<txt:wave,1>哼、哼哼‥！哪能这么轻易就告诉‥</txt:wave>","<txt:wave,1>唔、唔哼‥！怎麼可能就這樣輕易告訴‥</txt:wave>","<txt:wave,1>Хе-хе! Думаешь, я все легко выложу?</txt:wave>","<txt:wave,1>H-Heh...! Takkan saya nak beritahu begitu saja...</txt:wave>","<txt:wave,1>Ưm, hưm...! Chuyện đó tôi không thể dễ dàng nói...</txt:wave>","<txt:wave,1>¡U-uhuhu...! No puedo decírselo así de fácil...</txt:wave>","<txt:wave,1>U-uhuk...! Apa kau pikir aku akan mengatakannya begitu...</txt:wave>","<txt:wave,1>อะ อะแฮ่ม...! ฉันไม่ยอมบอกง่ายๆ...</txt:wave>","<txt:wave,1>H-haha! Não é bem assim que funciona...</txt:wave>"
,,,제니_자켓,,1_외침,,,"<txt:size,2>빨리 말 안 해?!</txt:size><cha:pop,마윤석>","<txt:size,2>Talk. Now!</txt:size><cha:pop,마윤석>","<txt:size,2>さっさと言いなさい！</txt:size><cha:pop,마윤석>","<txt:size,2>还不快说？！</txt:size><cha:pop,마윤석>","<txt:size,2>還不快說？！</txt:size><cha:pop,마윤석>","<txt:size,2>Живо все рассказал!</txt:size><cha:pop,마윤석>","<txt:size,2>Cakap. Sekarang!</txt:size><cha:pop,마윤석>","<txt:size,2>Nói mau!!!</txt:size><cha:pop,마윤석>","<txt:size,2>¡¿Vas a hablar rápido?!</txt:size><cha:pop,마윤석>","<txt:size,2>Cepat bicara!</txt:size><cha:pop,마윤석>","<txt:size,2>ยังไม่รีบตอบมาอีก?!</txt:size><cha:pop,마윤석>","<txt:size,2>Fala logo!</txt:size><cha:pop,마윤석>"
,,,마윤석,,-1_당황,nervous,,"<wrt:delay,1>그, 그게 나도 찾으려고 한 건 아니고...!</wrt:delay>","<wrt:delay,1>I-I wasn’t even looking for it...!</wrt:delay>","<wrt:delay,1>そ、それは俺も見つけようとしたわけじゃなくて‥！</wrt:delay>","<wrt:delay,1>那、那个，我也不是故意要找这东西的‥！</wrt:delay>","<wrt:delay,1>那、 那個我也不是故意要找的‥！</wrt:delay>","<wrt:delay,1>Я-я не специально это нашел.</wrt:delay>","<wrt:delay,1>S-Saya bukan cari benda ni pun...!</wrt:delay>","<wrt:delay,1>Thậ... thật ra tôi cũng không định tìm nó...!</wrt:delay>","<wrt:delay,1>¡E-eso, no es que yo estuviera buscándolo tampoco...!</wrt:delay>","<wrt:delay,1>J-jadi itu bukan niat aku untuk mencarinya tapi...!</wrt:delay>","<wrt:delay,1>นะ นั่นไม่ใช่สิ่งที่ฉันตั้งใจจะตามหาหรอกนะ...!</wrt:delay>","<wrt:delay,1>Eu não tava atrás disso especificamente...</wrt:delay>"
,,,마윤석,,-1_당황,nervous,,"그게... <wrt:wait,30><txt:bold,1>친구를 찾다가 우연히 발견한 것뿐이야.</txt:bold>","I was... <wrt:wait,30><txt:bold,1>trying to find my friend and stumbled onto it by accident.</txt:bold>","その‥<wrt:wait,30><txt:bold,1>友達を探してたら、偶然見つけただけだよ。</txt:bold>","其实‥<wrt:wait,30><txt:bold,1>我只是在找朋友的时候，偶然发现的。</txt:bold>","就是‥<wrt:wait,30><txt:bold,1>我在找朋友的時候，偶然發現的。</txt:bold>","Я... <wrt:wait,30><txt:bold,1>Подругу искал, и оно само.</txt:bold>","Saya... <wrt:wait,30><txt:bold,1>nak cari kawan saya dan terjumpa secara tak sengaja.</txt:bold>","Chuyện là... <wrt:wait,30><txt:bold,1>trong lúc tìm bạn thì vô tình phát hiện ra.</txt:bold>","Es que... <wrt:wait,30><txt:bold,1>lo encontré por casualidad mientras buscaba a una amiga.</txt:bold>","Jadi... <wrt:wait,30><txt:bold,1>Aku menemukannya secara tidak sengaja saat sedang mencari temanku.</txt:bold>","คือว่า... <wrt:wait,30><txt:bold,1>ฉันแค่เจอโดยบังเอิญตอนตามหาเพื่อนน่ะ</txt:bold>","Eu... <wrt:wait,30><txt:bold,1>achei isso por acaso enquanto procurava uma amiga.</txt:bold>"
,,,마윤석,,-1_당황,nervous,,"<txt:bold,1>닥치는 대로 뒤지다 보니 그만...</txt:bold>","<txt:bold,1>I was just searching everywhere I could and it turned up...</txt:bold>","<txt:bold,1>手当たり次第に漁ってたら、つい‥</txt:bold>","<txt:bold,1>我正翻得起劲，结果就‥</txt:bold>","<txt:bold,1>我就隨便翻了翻，結果就‥</txt:bold>","<txt:bold,1>Смотрел по углам, и вот.</txt:bold>","<txt:bold,1>Saya hanya mencari di semua tempat dan benda ini muncul...</txt:bold>","<txt:bold,1>Tôi lục tung mọi thứ lên thì...</txt:bold>","<txt:bold,1>Estaba buscando por todas partes y...</txt:bold>","<txt:bold,1>Aku sedang mencarinya kemana-mana dan...</txt:bold>","<txt:bold,1>พอค้นทุกอย่างที่ขวางหน้าไปมั่วๆ ก็เลย...</txt:bold>","<txt:bold,1>Fui revirando tudo e... aconteceu.</txt:bold>"
,,,마윤석,,-1_당황,nervous,,"중요한 서류 같아서 <txt:size,-1>일단 챙겨 본 건데... </txt:size><txt:size,-2>요.</txt:size>","It looked important <txt:size,-1>so I grabbed it... </txt:size><txt:size,-2>That’s all.</txt:size>","大事な書類っぽかったから<txt:size,-1>とりあえず持っておいたんだ‥</txt:size><txt:size,-2>です。</txt:size>","看着像是很重要的文件，<txt:size,-1>就先拿上了‥</txt:size><txt:size,-2>而已。</txt:size>","我看這好像是很重要的文件，<txt:size,-1>所以就先收著了‥</txt:size><txt:size,-2>而已。</txt:size>","Выглядит важным, <txt:size,-1>поэтому я и прихватил. </txt:size><txt:size,-2>Вот.</txt:size>","Ia nampak penting <txt:size,-1>jadi saya ambil... </txt:size><txt:size,-2>Itu sahaja.</txt:size>","Trông giống tài liệu quan trọng nên <txt:size,-1>tạm giữ thôi... </txt:size><txt:size,-2>mà.</txt:size>","Parecía un documento importante, así que <txt:size,-1>lo guardé por ahora...</txt:size> <txt:size,-2>eso es.</txt:size>","Karena itu terlihat seperti dokumen penting, <txt:size,-1>maka aku mengambilnya... </txt:size><txt:size,-2>ya.</txt:size>","มันเหมือนเป็นเอกสารสำคัญ <txt:size,-1>ก็เลยเก็บไว้ก่อนน่ะ... </txt:size><txt:size,-2>ครับ</txt:size>","Parecia importante... aí <txt:size,-1>eu peguei</txt:size><txt:size,-2>.</txt:size>"
,,,엘리오,,1_진지,,,"<txt:bold,1>...닥치는 대로 뒤지고 있었다고?</txt:bold>","<txt:bold,1>You were just rummaging through everything...?</txt:bold>","<txt:bold,1>‥手当たり次第に漁ってたって？</txt:bold>","<txt:bold,1>‥你是说你一直在那儿乱翻？</txt:bold>","<txt:bold,1>‥你說你隨便翻了翻？</txt:bold>","<txt:bold,1>Хочешь сказать, ты тут все перерыл?</txt:bold>","<txt:bold,1>Awak menggeledah semuanya...?</txt:bold>","<txt:bold,1>...Lục tung mọi thứ lên sao?</txt:bold>","<txt:bold,1>...¿Buscando por todas partes?</txt:bold>","<txt:bold,1>...Kamu mencari kemana-mana?</txt:bold>","<txt:bold,1>...ค้นทุกอย่างที่ขวางหน้าไปมั่วๆ งั้นเหรอ?</txt:bold>","<txt:bold,1>Você foi revirando tudo?</txt:bold>"
,,,TAG,,,,,"<sys:bgm,BGM_SIWOO_AND_PHANTOM_LEAGUE,600>","<sys:bgm,BGM_SIWOO_AND_PHANTOM_LEAGUE,600>","<sys:bgm,BGM_SIWOO_AND_PHANTOM_LEAGUE,600>","<sys:bgm,BGM_SIWOO_AND_PHANTOM_LEAGUE,600>","<sys:bgm,BGM_SIWOO_AND_PHANTOM_LEAGUE,600>","<sys:bgm,BGM_SIWOO_AND_PHANTOM_LEAGUE,600>","<sys:bgm,BGM_SIWOO_AND_PHANTOM_LEAGUE,600>","<sys:bgm,BGM_SIWOO_AND_PHANTOM_LEAGUE,600>","<sys:bgm,BGM_SIWOO_AND_PHANTOM_LEAGUE,600>","<sys:bgm,BGM_SIWOO_AND_PHANTOM_LEAGUE,600>","<sys:bgm,BGM_SIWOO_AND_PHANTOM_LEAGUE,600>","<sys:bgm,BGM_SIWOO_AND_PHANTOM_LEAGUE,600>"
,,,-,,,,,"<txt:bold,1><txt:size,2><txt:color,grey>(위잉— 위잉—)</txt:color></txt:size></txt:bold><sys:sfx,비상_알림>","<txt:bold,1><txt:size,2><txt:color,grey>(bzzt... bzzt...)</txt:color></txt:size></txt:bold><sys:sfx,비상_알림>","<txt:bold,1><txt:size,2><txt:color,grey>(ブー、ブー)</txt:color></txt:size></txt:bold><sys:sfx,비상_알림>","<txt:bold,1><txt:size,2><txt:color,grey>（警报声响起）</txt:color></txt:size></txt:bold><sys:sfx,비상_알림>","<txt:bold,1><txt:size,2><txt:color,grey>（嗚——嗚——）</txt:color></txt:size></txt:bold><sys:sfx,비상_알림>","<txt:bold,1><txt:size,2><txt:color,grey>(Пи-и— Пи-и—)</txt:color></txt:size></txt:bold><sys:sfx,비상_알림>","<txt:bold,1><txt:size,2><txt:color,grey>(bzzt... bzzt...)</txt:color></txt:size></txt:bold><sys:sfx,비상_알림>","<txt:bold,1><txt:size,2><txt:color,grey>*Vù... Vù...*</txt:color></txt:size></txt:bold><sys:sfx,비상_알림>","<txt:bold,1><txt:size,2><txt:color,grey>(¡Piii— Piii—!)</txt:color></txt:size></txt:bold><sys:sfx,비상_알림>","<txt:bold,1><txt:size,2><txt:color,grey>(Bzzz— Bzzz—)</txt:color></txt:size></txt:bold><sys:sfx,비상_알림>","<txt:bold,1><txt:size,2><txt:color,grey>(วิ้ง— วิ้ง—)</txt:color></txt:size></txt:bold><sys:sfx,비상_알림>","<txt:bold,1><txt:size,2><txt:color,grey>(Bip, Bip!)</txt:color></txt:size></txt:bold><sys:sfx,비상_알림>"
,,,마윤석,,1_당황,,exclam,"<txt:shake,1>히, 히익?!</txt:shake>","<txt:shake,1>Eek?!</txt:shake>","<txt:shake,1>ひ、ひぃっ！？</txt:shake>","<txt:shake,1>妈、妈呀？！</txt:shake>","<txt:shake,1>呃、呃啊？！</txt:shake>","<txt:shake,1>Э-э?!</txt:shake>","<txt:shake,1>Eek?!</txt:shake>","<txt:shake,1>Hi, híc?!</txt:shake>","<txt:shake,1>¡¿H-hiik?!</txt:shake>","<txt:shake,1>Urghhh?!</txt:shake>","<txt:shake,1>ฮะ เฮือก?!</txt:shake>","<txt:shake,1>A-ahh?!</txt:shake>"
,,,엘리오,,1_진지,,,"...아, <wrt:wait,30>정말... <wrt:wait,30>운도 없지.","...<wrt:wait,30>Great... <wrt:wait,30>Just our luck.","‥あー、<wrt:wait,30>本当に‥<wrt:wait,30>ツイてないな。","‥呵，<wrt:wait,30>真是‥<wrt:wait,30>倒霉透了。","‥唉，<wrt:wait,30>真是‥<wrt:wait,30>倒楣透頂。","...Да уж.<wrt:wait,30> Вот ведь... <wrt:wait,30>Не повезло.","...<wrt:wait,30>Bagus... <wrt:wait,30>Nasib kita.","...Ôi trời... <wrt:wait,30>Đúng là... <wrt:wait,30>xui xẻo.","...Ah, <wrt:wait,30>de verdad... <wrt:wait,30>qué mala suerte.","...Aduh, <wrt:wait,30>benar-benar... <wrt:wait,30>Sial.","...อ่า <wrt:wait,30>จริงๆ เลยนะ... <wrt:wait,30>ดวงซวยชะมัด","Ah... <wrt:wait,30>não... <wrt:wait,30>que azar."
,,,엘리오,,1_진지,,,"<txt:bold,1>이 녀석, 감시가 붙어 있었나.</txt:bold>","<txt:bold,1>This guy was being watched.</txt:bold>","<txt:bold,1>こいつ、監視がついてたのか。</txt:bold>","<txt:bold,1>看来这小子被人监视了啊。</txt:bold>","<txt:bold,1>這傢伙，難道被盯上了嗎？</txt:bold>","<txt:bold,1>Похоже, за ним следили.</txt:bold>","<txt:bold,1>Rupanya budak ini sedang diawasi.</txt:bold>","<txt:bold,1>Tên này bị theo dõi sao.</txt:bold>","<txt:bold,1>Este sujeto estaba siendo vigilado.</txt:bold>","<txt:bold,1>Anak ini... jadi dia sedang diawasi.</txt:bold>","<txt:bold,1>หมอนี่ถูกเฝ้าระวังอยู่งั้นเหรอ</txt:bold>","<txt:bold,1>Parece que esse cara... tava sendo monitorado.</txt:bold>"
,,,마윤석,,-1_당황,,,"가, 감시?! <cha:pop,마윤석>무, 무슨 소리야! 뭐야, 나 그럼 나 어떻게 되는 거야?!","W-Watched?! <cha:pop,마윤석>Wh-What does that mean?! What’s gonna happen to me?!","か、監視！？<cha:pop,마윤석>な、何を言ってる！なんだよ、俺はどうなるんだ！？","监、监视？！<cha:pop,마윤석>什么意思！喂，那我接下来会怎么样？！","盯、盯上？！<cha:pop,마윤석>你在說什麼啦！那我、那我會怎麼樣啊？！","С-следили?! <cha:pop,마윤석>Что теперь со мной будет?!","D-diawasi?! <cha:pop,마윤석>A-Apa maksudnya?! Apa yang akan terjadi pada saya?!","Theo dõi?! <cha:pop,마윤석>Cậu... cậu nói gì vậy! Vậy giờ tôi sẽ ra sao?!","¡¿V-vigilado?! <cha:pop,마윤석>¡Q-qué estás diciendo! ¡¿Y ahora qué va a pasar conmigo?!","D-diawasi?! <cha:pop,마윤석>A-apa maksudmu! Jadi... apa yang akan terjadi padaku?!","ฝะ เฝ้าระวัง?! <cha:pop,마윤석>มะ หมายความว่ายังไงน่ะ! อะไรกัน แล้วฉันจะเป็นยังไงต่อล่ะ?!","Monitorado?! <cha:pop,마윤석>Espera, o que isso quer dizer? O que vai acontecer comigo?!"
,,,마윤석,,-1_당황,shake,,"이런 곳에서 마감하기엔 이 <txt:bold,2><txt:color,orange>마윤석</txt:color></txt:bold> 님의 미래가 너무 창창한데—!","The great <txt:bold,2><txt:color,orange>Yoonseok Ma</txt:color></txt:bold> can’t possibly meet his end in a place like this!","こんなところで終わるわけにはいかないんだ、この<txt:bold,2><txt:color,orange>伊藤忠英</txt:color></txt:bold>様の未来は希望に満ちているのに～！","像我<txt:bold,2><txt:color,orange>马允硕</txt:color></txt:bold>这种前途无量的天才，怎么能交待在这种地方——！","我<txt:bold,2><txt:color,orange>馬允碩</txt:color></txt:bold>的前途還一片光明，怎麼能交待在這種地方——！","Вот и конец блестящего будущего <txt:bold,2><txt:color,orange>Ма Юнсока</txt:color></txt:bold>!","Tak mungkin <txt:bold,2><txt:color,orange>Yoonseok Ma</txt:color></txt:bold> menemui ajal di tempat seperti ini!","Tương lai của <txt:bold,2><txt:color,orange>Ma Yoonseok</txt:color></txt:bold> tôi còn tươi sáng lắm, không thể kết thúc ở đây được...!","¡Para terminar así en un lugar como este, el futuro del gran <txt:bold,2><txt:color,orange>Yunseok Ma</txt:color></txt:bold> es demasiado brillante!","Masa depan <txt:bold,2><txt:color,orange>Yunseok Ma</txt:color></txt:bold> ini terlalu cerah untuk berakhir di tempat seperti ini—!","อนาคตของท่าน<txt:bold,2><txt:color,orange>มายุนซอก</txt:color></txt:bold>ผู้นี้สดใสเกินกว่าจะมาจบลงในที่แบบนี้นะ—!","Eu, <txt:bold,2><txt:color,orange>Yunseok Ma</txt:color></txt:bold>, tenho um futuro brilhante pela frente, não posso acabar num lugar desses!"
,,,제니_자켓,,1_외침,,exclam,"<txt:bold,1><txt:size,2>조용히 좀 해!</txt:size></txt:bold><cha:pop,마윤석>","<txt:bold,1><txt:size,2>Will you shut up?!</txt:size></txt:bold><cha:pop,마윤석>","<txt:bold,1><txt:size,2>ちょっと黙っててよ！</txt:size></txt:bold><cha:pop,마윤석>","<txt:bold,1><txt:size,2>给我闭嘴！</txt:size></txt:bold><cha:pop,마윤석>","<txt:bold,1><txt:size,2>給我安靜點！</txt:size></txt:bold><cha:pop,마윤석>","<txt:bold,1><txt:size,2>Тихо!</txt:size></txt:bold><cha:pop,마윤석>","<txt:bold,1><txt:size,2>Diam boleh tak?!</txt:size></txt:bold><cha:pop,마윤석>","<txt:bold,1><txt:size,2>Im lặng đi!</txt:size></txt:bold><cha:pop,마윤석>","<txt:bold,1><txt:size,2>¡Cállate un poco!</txt:size></txt:bold><cha:pop,마윤석>","<txt:bold,1><txt:size,2>Kamu itu terlalu berisik!</txt:size></txt:bold><cha:pop,마윤석>","<txt:bold,1><txt:size,2>เงียบนะ!</txt:size></txt:bold><cha:pop,마윤석>","<txt:bold,1><txt:size,2>Para de gritar!</txt:size></txt:bold><cha:pop,마윤석>"
,,,제니_자켓,,1_새침,,,"...<txt:bold,2><txt:color,orange>엘리오</txt:color></txt:bold>. <wrt:wait,30>그곳으로 가자.","...<txt:bold,2><txt:color,orange>Ellio</txt:color></txt:bold>. <wrt:wait,30>Let’s head that way.","‥<txt:bold,2><txt:color,orange>エリオ</txt:color></txt:bold>。<wrt:wait,30>そこへ行こう。","‥<txt:bold,2><txt:color,orange>埃利奥</txt:color></txt:bold>。<wrt:wait,30>带他去那儿。","‥<txt:bold,2><txt:color,orange>埃利奧</txt:color></txt:bold>。<wrt:wait,30>我們去那裡吧。","...<txt:bold,2><txt:color,orange>Эллио</txt:color></txt:bold>. <wrt:wait,30> Пошли туда.","...<txt:bold,2><txt:color,orange>Ellio</txt:color></txt:bold>. <wrt:wait,30>Jom kita ikut sana.","...<txt:bold,2><txt:color,orange>Ellio</txt:color></txt:bold>. <wrt:wait,30>Đi đến chỗ đó đi.","...<txt:bold,2><txt:color,orange>Ellio</txt:color></txt:bold>. <wrt:wait,30>Vayamos a ese lugar.","...<txt:bold,2><txt:color,orange>Ellio</txt:color></txt:bold>. <wrt:wait,30>Ayo kita pergi ke tempat itu.","...<txt:bold,2><txt:color,orange>เอลิโอ</txt:color></txt:bold> <wrt:wait,30>ไปที่นั่นกันเถอะ","Hum... <txt:bold,2><txt:color,orange>Ellio</txt:color></txt:bold>... <wrt:wait,30>vamos pra lá."
,,,엘리오,,1_기본,,,"<txt:wave,1>휴, 어쩔 수 없네~</txt:wave>","<txt:wave,1>Sigh, no choice then.</txt:wave>","<txt:wave,1>ふぅ、しょうがないな～。</txt:wave>","<txt:wave,1>唉，真拿你没办法～</txt:wave>","<txt:wave,1>唉，真是沒轍～</txt:wave>","<txt:wave,1>Эх, выбора нет.</txt:wave>","<txt:wave,1>Haih, dah tiada pilihan lain.</txt:wave>","<txt:wave,1>Haiz, hết cách rồi.</txt:wave>","<txt:wave,1>Uf, no hay de otra~</txt:wave>","<txt:wave,1>Hyuhh, sepertinya tidak ada cara lain~</txt:wave>","<txt:wave,1>ฮู้ว ช่วยไม่ได้แฮะ~</txt:wave>","<txt:wave,1>Aff... tá, vamos nessa!</txt:wave>"
,,,마윤석,,-1_당황,,,"무, 무슨 소리야...!",Wh-What are you talking about...?!,な、何を‥！,喂，你们要带我去哪儿啊‥！,妳、妳在說什麼啦‥！,Ч-что вы задумали?!,A-apa yang awak cakapkan ni?!,"C, cậu nói gì vậy...!",¡Q-qué estás diciendo...!,A-apa maksudmu...!,มะ หมายความว่ายังไงน่ะ...!,Do que vocês tão falando?!
,,,제니_자켓,,1_외침,,,"<txt:bold,1>입 다물고, 살고 싶으면 따라와!!</txt:bold>","<txt:bold,1>Zip it and follow us if you want to live!</txt:bold>","<txt:bold,1>助かりたいなら黙ってついてきなさい！！</txt:bold>","<txt:bold,1>想活命就闭上嘴，跟我们走！！</txt:bold>","<txt:bold,1>想活命的話就閉上嘴跟過來！！</txt:bold>","<txt:bold,1>Молчи и иди за нами, если жить хочешь!</txt:bold>","<txt:bold,1>Diam dan ikut kami kalau nak hidup!</txt:bold>","<txt:bold,1>Ngậm miệng lại, muốn sống thì đi theo bọn tôi!!</txt:bold>","<txt:bold,1>¡Cierra la boca y síguenos si quieres vivir!</txt:bold>","<txt:bold,1>Tutup mulutmu, dan ikuti aku kalau kamu mau selamat!!</txt:bold>","<txt:bold,1>เงียบซะ ถ้าอยากมีชีวิตอยู่ล่ะก็ตามมา!!</txt:bold>","<txt:bold,1>Fecha a boca e segue a gente se quiser sair daqui vivo!</txt:bold>"
,,,TAG,,,,,"<eff:black,3>","<eff:black,3>","<eff:black,3>","<eff:black,3>","<eff:black,3>","<eff:black,3>","<eff:black,3>","<eff:black,3>","<eff:black,3>","<eff:black,3>","<eff:black,3>","<eff:black,3>"
,,,TAG,,,,,"<sys:qmap,훈련장 복도>","<sys:qmap,훈련장 복도>","<sys:qmap,훈련장 복도>","<sys:qmap,훈련장 복도>","<sys:qmap,훈련장 복도>","<sys:qmap,훈련장 복도>","<sys:qmap,훈련장 복도>","<sys:qmap,훈련장 복도>","<sys:qmap,훈련장 복도>","<sys:qmap,훈련장 복도>","<sys:qmap,훈련장 복도>","<sys:qmap,훈련장 복도>"
,,,마윤석,,-1_당황,,,"<txt:wave,1>같이 가~! 우욱, 대체 언제까지 달려야...!</txt:wave>","<txt:wave,1>Wait for me! Urgh, how much longer do we have to run...?!</txt:wave>","<txt:wave,1>置いていかないでくれ～！うぅっ、一体いつまで走れば‥！</txt:wave>","<txt:wave,1>等等我啊～！呜呜，到底要跑到什么时候‥！</txt:wave>","<txt:wave,1>等等我啦～！嗚嗚，到底還要跑多久‥！</txt:wave>","<txt:wave,1>Подождите меня! Ух, сколько еще бежать?</txt:wave>","<txt:wave,1>Tunggu saya! Urgh, berapa lama lagi kita perlu lari...?!</txt:wave>","<txt:wave,1>Đi cùng đi! Ủa, rốt cuộc còn phải chạy đến bao giờ nữa...!</txt:wave>","<txt:wave,1>¡Espérenme! Ugh, ¡¿hasta cuándo tenemos que correr?!</txt:wave>","<txt:wave,1>Tunggu aku~! Argghhh, sampai kapan kita harus berlari...!</txt:wave>","<txt:wave,1>รอด้วยสิ~! โอย ต้องวิ่งไปจนถึงเมื่อไหร่เนี่ย...!</txt:wave>","<txt:wave,1>Me esperem! Gente, até quando a gente vai ter que correr?!</txt:wave>"
,,,제니_자켓,,1_외침,,,"다 왔으니까 제발 그만 징징거려! <wrt:wait,30>...자, 여기야!","We’re here, so quit whining already! <wrt:wait,30>Here, this way!","着いたんだからグチグチ言うな！<wrt:wait,30>‥ほら、ここだよ！","已经到了，别在这儿哼唧了！<wrt:wait,30>‥喏，就是这儿！","已經到了，別再碎碎念了！<wrt:wait,30>‥看，就是這裡！","Почти пришли, хватит ныть! <wrt:wait,30>Нам сюда!","Kita dah sampai, jangan merungut lagi! <wrt:wait,30>Sini, ikut sini!","Tới rồi nên làm ơn đừng than vãn nữa! <wrt:wait,30>...Này, ở đây!","¡Ya llegamos, así que deja de lloriquear por favor! <wrt:wait,30>...¡Bien, es aquí!","Berhenti mengeluh karena kita sudah dekat! <wrt:wait,30>...Ini dia!","มาถึงแล้ว หยุดคร่ำครวญสักทีเถอะ! <wrt:wait,30>...เอาล่ะ ที่นี่แหละ!","Já chegamos, então chega de choramingo! <wrt:wait,30>Pronto, é aqui!"
,,,마윤석,,-1_당황,,quest,"헉, 헉, ...이 통로는...?","Hah, hah... oh, a passage...?",はぁ、はぁ‥この通路は‥？,呼、呼‥这条通道是‥？,呼、呼‥這條通道是‥？,Это что за дорога?,"Hah, hah... oh, ada laluan...?","*Hộc, hộc*... Lối đi này là...?","Ah, ah... ¿y este pasaje es...?","Hughh, huughh, ...Lorong ini...?",แฮ่ก แฮ่ก ...ทางเดินนี้คือ...?,Uff... que passagem é essa?
,,,마윤석,,-1_무표정 ,,,"<txt:bold,1>뭐야, 이런 샛길이 있었어?</txt:bold>","<txt:bold,1>There was a shortcut?</txt:bold>","<txt:bold,1>何だよ、こんな抜け道があったのか？</txt:bold>","<txt:bold,1>什么，居然还有这种小路？</txt:bold>","<txt:bold,1>什麼啊，居然還有這種小路？</txt:bold>","<txt:bold,1>Ничего себе, тут есть тайный ход?</txt:bold>","<txt:bold,1>Ada jalan pintas?</txt:bold>","<txt:bold,1>Gì vậy, còn có cả đường tắt kiểu này sao?</txt:bold>","<txt:bold,1>¿Había un atajo como este?</txt:bold>","<txt:bold,1>Sejak kapan ada jalan kecil di sini?</txt:bold>","<txt:bold,1>อะไรกัน มีทางแยกเล็กๆ แบบนี้อยู่ด้วยเหรอ?</txt:bold>","<txt:bold,1>Como assim existia um caminho desses?!</txt:bold>"
,,,제니_자켓,,1_외침,,,여기로 나가. 여긴 다른 곳보다 경비가 허술해.,Go through here. Security’s lighter on this side.,ここから出なさい。ここは他の場所より警備が手薄なの。,从这里出去。这里的防守比别处松。,從這裡出去。這裡的戒備比其他地方鬆很多。,Выходи отсюда. Там меньше охраны.,Lalu sini. Sekuriti lebih ringan di sebelah sini.,Ra ngoài theo lối này. Ở đây canh gác lỏng lẻo hơn chỗ khác.,Sal por aquí. La seguridad aquí es más débil que en otros lados.,Keluar dari sini. Penjagaan di sini jauh lebih longgar daripada tempat lain.,ออกไปทางนี้ซะ ทางนี้มีการเฝ้ายามหละหลวมกว่าที่อื่น,Sai por aqui. A vigilância é menor nesse lado.
,,,엘리오,,1_기본,wave,,옛날에 쇼 연출용으로 만들어 둔 통로라더라구~,Apparently it’s an old tunnel built for stage shows.,昔、ショーの演出用に作られた通路らしいぞ～,听说以前是用来准备舞台特效的通道～,聽說以前是為了表演效果才留下的秘密通道～,Это старый служебный ход для выступлений.,Rupanya ini terowong lama yang dibina untuk pertunjukan pentas.,Nghe nói đây là lối đi trước kia làm để dàn dựng biểu diễn.,Dicen que es un pasaje que se construyó para espectáculos hace mucho tiempo~,Ini adalah lorong yang dibuat dulu untuk pertunjukan~,เห็นว่าเป็นทางเดินที่สร้างไว้สำหรับจัดฉากโชว์เมื่อก่อนน่ะ~,"Dizem que esse corredor foi construído pra ser usado nos shows, antigamente."
,,,제니_자켓,,1_새침,,,"<txt:bold,1>...재작년쯤 나도 여기로 나갔다 온 적 있어. </txt:bold>","<txt:bold,1>I used it myself a couple years back to sneak out...</txt:bold>","<txt:bold,1>‥一昨年くらいに、あたしもここから出たことがある。</txt:bold>","<txt:bold,1>‥前年我也从这里偷偷出去过。</txt:bold>","<txt:bold,1>‥前年我也曾從這裡溜出去過。</txt:bold>","<txt:bold,1>...Я уже пользовалась им раньше.</txt:bold>","<txt:bold,1>Saya pun pernah menggunakannya beberapa tahun lalu untuk curi-curi keluar...</txt:bold>","<txt:bold,1>...Khoảng hai năm trước tôi cũng từng ra ngoài bằng lối này.</txt:bold>","<txt:bold,1>...Yo también salí por aquí hace unos dos años.</txt:bold>","<txt:bold,1>...Aku juga melewati tempat ini sekitar dua tahun lalu. </txt:bold>","<txt:bold,1>...ประมาณสองปีก่อนฉันก็เคยเข้าออกด้วยทางนี้ </txt:bold>","<txt:bold,1>Uns dois anos atrás eu também saí por aqui.</txt:bold>"
,,,마윤석,,-1_당황,,,"으, 으...! 믿어도 되는 거지? <wrt:wait,30><txt:size,-2>...아, 아니야!!</txt:size>","C-Can I trust you guys? <wrt:wait,30><txt:size,-2>N-No, forget that!</txt:size>","う、うう‥！信じていいんだよな？<wrt:wait,30><txt:size,-2>‥い、いや！！</txt:size>","呃、呃‥真的可以相信你们吗？<wrt:wait,30><txt:size,-2>‥不对！！</txt:size>","唔、唔‥真的可以相信你們嗎？<wrt:wait,30><txt:size,-2>‥不、不對！！</txt:size>","Э-э, а это безопасно? <wrt:wait,30><txt:size,-2>...Н-неважно.</txt:size>","B-Boleh ke saya percayakan awak? <wrt:wait,30><txt:size,-2>T-Tidak, lupakan itu!</txt:size>","Ư, ư...! Tin được chứ? <wrt:wait,30><txt:size,-2>...À, không đúng!!</txt:size>","¡U-uh...! ¿Puedo confiar en ustedes? <wrt:wait,30><txt:size,-2>...¡¡A-ah, olvídalo!!</txt:size>","U-urghhh...! Kalian tidak bohong, kan? <wrt:wait,30><txt:size,-2>...T-tidak!!</txt:size>","อึ๋ย...! เชื่อได้แน่ใช่ไหม? <wrt:wait,30><txt:size,-2>...มะ ไม่สิ!!</txt:size>","E-eu posso mesmo confiar, né? <wrt:wait,30><txt:size,-2>N-não, esquece!</txt:size>"
,,,마윤석,,1_분노,,,"우훗...! 이 <txt:bold,2><txt:color,orange>마윤석</txt:color></txt:bold>이 앞장설 테니까 걱정하지 말고 따라와!","Heh...! The great <txt:bold,2><txt:color,orange>Yoonseok Ma</txt:color></txt:bold> will take point, so just follow my lead!","ふっふっ‥！この<txt:bold,2><txt:color,orange>伊藤忠英</txt:color></txt:bold>が先頭に立ってやろう、心配しないでついてこい！","哼哼‥！看在你们诚心诚意的份上，我<txt:bold,2><txt:color,orange>马允硕</txt:color></txt:bold>来打头阵，跟紧我！","哼哼‥！就由我<txt:bold,2><txt:color,orange>馬允碩</txt:color></txt:bold>走在前頭開路，你們放心地跟上來吧！","Та-ак! Великий <txt:bold,2><txt:color,orange>Ма Юнсок</txt:color></txt:bold> проложит вам путь. За мной!","Heh...! <txt:bold,2><txt:color,orange>Yoonseok Ma</txt:color></txt:bold> yang hebat akan mengetuai barisan, jadi ikut saya!","Úi...! <txt:bold,2><txt:color,orange>Ma Yoonseok</txt:color></txt:bold> này sẽ đi đầu, cứ yên tâm mà theo sau!","¡Uhuhu...! ¡El gran <txt:bold,2><txt:color,orange>Yunseok Ma</txt:color></txt:bold> irá al frente, así que no se preocupen y síganme!","Uhuk...! <txt:bold,2><txt:color,orange>Yunseok Ma</txt:color></txt:bold> ini akan memimpin jalan jadi jangan takut dan ikuti aku!","อะแฮ่ม...! <txt:bold,2><txt:color,orange>มายุนซอก</txt:color></txt:bold>ผู้นี้จะนำหน้าเอง ไม่ต้องกังวลแล้วก็ตามมาซะ!","Hehe! Eu, <txt:bold,2><txt:color,orange>Yunseok Ma</txt:color></txt:bold>, vou na frente, é só me seguir!"
,,,제니_자켓,,1_새침,,,"잠깐, 기다려.",Wait. Hold on.,ちょっと待って。,等下，站住。,等等，站住。,Подожди.,Tunggu. Tunggu sebentar.,"Khoan đã, đợi chút.","Espera, detente.",Tunggu bentar.,เดี๋ยว รอก่อน,"Calma, segura aí."
,,,마윤석,,-1_기본,,,"으, 응?",H-Huh?,え、えっ？,诶，嗯？,呃，嗯？,Что?,H-Hah?,"Ơ, sao?",¿E-eh?,E-eh?,หะ หืม?,Hã?
,,,제니_자켓,,1_새침,,,잘 들어. 이 길을 따라 계속 달리는 거야.,Listen carefully. Follow this path and keep running.,よく聞いて。この道をひたすら走るの。,听好了，顺着这条路一直跑。,聽好了。沿著這條路一直跑就對了。,Запомни. Просто беги по этой дороге.,Dengar baik-baik. Ikut laluan ini dan terus berlari.,Nghe cho kỹ đây. Cứ chạy thẳng theo con đường này.,Escucha bien. Corre todo recto por este camino.,Dengarkan baik-baik. Terus berlari mengikuti jalan ini.,ฟังให้ดีนะ นายต้องวิ่งไปเรื่อยๆ ตามทางนี้,"Presta atenção. Continua correndo por aqui, sem parar."
,,,제니_자켓,,1_외침,,,밖에 나가면 널 도와줄 사람들이 기다리고 있을 거야.,There will be people waiting outside to help you.,外に出たら、あんたを助けてくれる人たちが待ってるはず。,出去之后会有人接应你的。,到了外面，自然會有人接應你。,"Как выйдешь, тебя встретят и помогут.",Di luar ada orang menunggu untuk membantu awak.,Ra ngoài sẽ có người đang chờ giúp cậu.,"Cuando salgas, habrá personas esperándote para ayudarte.",Di ujung jalan ini akan ada orang yang akan membantumu.,พอออกไปข้างนอกแล้ว จะมีผู้คนที่จะช่วยนายรออยู่,"Quando sair, vai ter gente te esperando pra te ajudar."
,,,제니_자켓,,1_새침,,,"<txt:bold,1>절대 멈추지 마. 뒤돌아보지 말고.</txt:bold>","<txt:bold,1>Don’t stop. Don’t look back.</txt:bold>","<txt:bold,1>絶対に止まらず、振り返らないで。</txt:bold>","<txt:bold,1>绝对不要停下，也不要回头。</txt:bold>","<txt:bold,1>絕對不要停下來，也不要回頭。</txt:bold>","<txt:bold,1>Не останавливайся. И не оглядывайся.</txt:bold>","<txt:bold,1>Jangan berhenti. Jangan pandang belakang.</txt:bold>","<txt:bold,1>Tuyệt đối đừng dừng lại. Đừng quay đầu nhìn lại.</txt:bold>","<txt:bold,1>No te detengas bajo ninguna circunstancia. Y no mires atrás.</txt:bold>","<txt:bold,1>Jadi jangan berhenti. Dan jangan lihat kebelakang.</txt:bold>","<txt:bold,1>ห้ามหยุดเด็ดขาด แล้วก็ห้ามมองกลับมาด้วย</txt:bold>","<txt:bold,1>Não para por nada e não olha pra trás.</txt:bold>"
,,,마윤석,,1_기본,,,...응? 그래! 나만 믿어! ,Oh...? Got it! You can count on me!,‥うん？ああ！俺に任せろ！,‥啊？哦！交给我吧！,‥嗯？好啦！交給我吧！,Понял! Так и сделаю.,Oh...? Faham! Saya akan bereskan!,...Hả? Được! Cứ tin ở tôi!,...¿Eh? ¡Bien! ¡Confíen en mí!,...I-iya? Tentu saja! Percayalah padaku!,...หืม? โอเค! เชื่อฉันได้เลย!,Hã? Beleza! Pode deixar!
,,,TAG,,,,,"<cha:pos,마윤석,-3>","<cha:pos,마윤석,-3>","<cha:pos,마윤석,-3>","<cha:pos,마윤석,-3>","<cha:pos,마윤석,-3>","<cha:pos,마윤석,-3>","<cha:pos,마윤석,-3>","<cha:pos,마윤석,-3>","<cha:pos,마윤석,-3>","<cha:pos,마윤석,-3>","<cha:pos,마윤석,-3>","<cha:pos,마윤석,-3>"
,,,제니_자켓,,1_새침,,,...,...,‥,‥,‥,...,...,...,...,...,...,...
,,,-,,,,,"<eff:shake,2><txt:bold,2><txt:size,2><txt:color,grey>(쾅! ...철컥)</txt:color></txt:size></txt:bold><sys:sfx,쿵>","<eff:shake,2><txt:bold,2><txt:size,2><txt:color,grey>(Slam! click.)</txt:color></txt:size></txt:bold><sys:sfx,쿵>","<eff:shake,2><txt:bold,2><txt:size,2><txt:color,grey>(バン！‥ガチャッ)</txt:color></txt:size></txt:bold><sys:sfx,쿵>","<eff:shake,2><txt:bold,2><txt:size,2><txt:color,grey>（哐！‥咔哒锁门声）</txt:color></txt:size></txt:bold><sys:sfx,쿵>","<eff:shake,2><txt:bold,2><txt:size,2><txt:color,grey>（哐！‥喀噠）</txt:color></txt:size></txt:bold><sys:sfx,쿵>","<eff:shake,2><txt:bold,2><txt:size,2><txt:color,grey>(Бам! ...Щелк)</txt:color></txt:size></txt:bold><sys:sfx,쿵>","<eff:shake,2><txt:bold,2><txt:size,2><txt:color,grey>(Dentum! klik.)</txt:color></txt:size></txt:bold><sys:sfx,쿵>","<eff:shake,2><txt:bold,2><txt:size,2><txt:color,grey>*Rầm! ...Cạch*</txt:color></txt:size></txt:bold><sys:sfx,쿵>","<eff:shake,2><txt:bold,2><txt:size,2><txt:color,grey>(¡Pum! ...Clack)</txt:color></txt:size></txt:bold><sys:sfx,쿵>","<eff:shake,2><txt:bold,2><txt:size,2><txt:color,grey>(Duar! ...Ceklek)</txt:color></txt:size></txt:bold><sys:sfx,쿵>","<eff:shake,2><txt:bold,2><txt:size,2><txt:color,grey>(ปึ้ง! ...แกร๊ก)</txt:color></txt:size></txt:bold><sys:sfx,쿵>","<eff:shake,2><txt:bold,2><txt:size,2><txt:color,grey>(Bam! Clac!)</txt:color></txt:size></txt:bold><sys:sfx,쿵>"
,,,TAG,,,,,"<cha:pos,마윤석,-2>","<cha:pos,마윤석,-2>","<cha:pos,마윤석,-2>","<cha:pos,마윤석,-2>","<cha:pos,마윤석,-2>","<cha:pos,마윤석,-2>","<cha:pos,마윤석,-2>","<cha:pos,마윤석,-2>","<cha:pos,마윤석,-2>","<cha:pos,마윤석,-2>","<cha:pos,마윤석,-2>","<cha:pos,마윤석,-2>"
,,,마윤석,,-1_당황,,,"<wrt:delay,1>자, 잠깐?! 야, 야!! 뭐야, 왜 문을 잠가!! 야!!</wrt:delay>","<wrt:delay,1>W-Wait?! Hey, hey! Why’d you lock the door?! Hey!</wrt:delay>","<wrt:delay,1>ちょ、ちょっと！？おいおい！！何だよ、なんで扉閉めんだよ！！おい！！</wrt:delay>","<wrt:delay,1>喂、喂！！等下！！你们干嘛把门锁了！！喂！！</wrt:delay>","<wrt:delay,1>等、等一下？！喂、喂！！為什麼把門鎖起來！！喂！！</wrt:delay>","<wrt:delay,1>Эй! Вы зачем дверь закрыли?! Ау!</wrt:delay>","<wrt:delay,1>T-Tunggu?! Hei, hei! Kenapa awak kunci pintu?! Hei!</wrt:delay>","<wrt:delay,1>Kho, khoan đã?! Này, này!! Gì vậy, sao lại khóa cửa!! Này!!</wrt:delay>","<wrt:delay,1>¡¿E-espera?! ¡¡Oye, oye!! ¡¡Qué, por qué cierran la puerta!! ¡¡Oigan!!</wrt:delay>","<wrt:delay,1>B-bentar?! O-oi!! Apa ini, kenapa pintu dikunci? Oi!!</wrt:delay>","<wrt:delay,1>ดะ เดี๋ยวนะ?! เฮ้ย นี่!! อะไรกัน ล็อกประตูทำไมเนี่ย!! เฮ้!!</wrt:delay>","<wrt:delay,1>E-ei, pera aí! Quê?! Por que trancou a porta? Ei!</wrt:delay>"
,,,제니_자켓,,1_외침,,exclam,"<txt:bold,1><txt:size,2>가, 이 멍청아!!</txt:size></txt:bold>","<txt:bold,1><txt:size,2>Go, you idiot!</txt:size></txt:bold>","<txt:bold,1><txt:size,2>行きなさい、このバカ！！</txt:size></txt:bold>","<txt:bold,1><txt:size,2>快跑吧，你这个白痴！！</txt:size></txt:bold>","<txt:bold,1><txt:size,2>快跑啦，你這笨蛋！！</txt:size></txt:bold>","<txt:bold,1><txt:size,2>Беги, дуралей!</txt:size></txt:bold>","<txt:bold,1><txt:size,2>Pergilah, bodoh!</txt:size></txt:bold>","<txt:bold,1><txt:size,2>Đi đi, đồ ngốc!!</txt:size></txt:bold>","<txt:bold,1><txt:size,2>¡¡Vete, idiota!!</txt:size></txt:bold>","<txt:bold,1><txt:size,2>Cepat pergi, bodoh!!</txt:size></txt:bold>","<txt:bold,1><txt:size,2>ไปซะ เจ้าโง่!!</txt:size></txt:bold>","<txt:bold,1><txt:size,2>Vai logo, seu bobo!</txt:size></txt:bold>"
,,,???,,,,,"<txt:bold,1><txt:size,2>저기다!! 쫓아!!</txt:size></txt:bold>","<txt:bold,1><txt:size,2>There they are! After them!</txt:size></txt:bold>","<txt:bold,1><txt:size,2>あそこだ！！追え！！</txt:size></txt:bold>","<txt:bold,1><txt:size,2>在那边！！快追！！</txt:size></txt:bold>","<txt:bold,1><txt:size,2>在那邊！！給我追！！</txt:size></txt:bold>","<txt:bold,1><txt:size,2>Там! Догоняйте!</txt:size></txt:bold>","<txt:bold,1><txt:size,2>Itu mereka! Kejar!</txt:size></txt:bold>","<txt:bold,1><txt:size,2>Ở đằng kia!! Đuổi theo!!</txt:size></txt:bold>","<txt:bold,1><txt:size,2>¡¡Allá están!! ¡¡Atrápenlos!!</txt:size></txt:bold>","<txt:bold,1><txt:size,2>Itu di sana!! Cepat kejar!!</txt:size></txt:bold>","<txt:bold,1><txt:size,2>ตรงโน้น!! ตามไป!!</txt:size></txt:bold>","<txt:bold,1><txt:size,2>Ali! Pega ele!</txt:size></txt:bold>"
,,,제니_자켓,,1_외침,,,우린 다른 쪽으로 갈 거야!! 아까 얘기한 거 잊으면 안 돼!,We’re taking a different route! Don’t forget what I told you!,あたしたちは別の道で行く！！さっき言ったこと忘れないでよ！,我们走另一边！！别忘了我刚才交代你的话！,我們走另一邊！！剛才交待的事別忘了！,"Мы пойдем другим путем. Не забудь, что я сказала.",Kami akan ikut laluan lain! Jangan lupa apa saya cakap!,Bọn tôi sẽ đi hướng khác!! Đừng quên chuyện lúc nãy tôi nói!,¡¡Nosotros iremos por el otro lado!! ¡No olvides lo que te acabo de decir!,Kami akan pergi lewat jalan lain!! Jangan lupa apa yang barusan aku katakan!,พวกเราจะไปทางอื่น!! ห้ามลืมที่ฉันบอกเมื่อกี้ล่ะ!,A gente vai pelo outro lado! Não esquece o que eu falei!
,,,마윤석,,-1_당황,,,"뭐야, 다른 길도 있어? <wrt:wait,30>...말도 안 돼, <txt:size,2>그럴 리가 없잖아!</txt:size>","What, there’s another way? <wrt:wait,30>No way... <txt:size,2>That can’t be right!</txt:size>","何だよ、別の道もあるのか？<wrt:wait,30>‥って<txt:size,2>あるわけないだろ！</txt:size>","什么，还有别的路？<wrt:wait,30>‥不可能啊，<txt:size,2>这儿明明没路了！</txt:size>","什麼，還有別條路？<wrt:wait,30>‥這，<txt:size,2>怎麼可能！</txt:size>","Что? <wrt:wait,30>...Есть еще один путь? <txt:size,2>Быть не может!</txt:size>","Apa, ada jalan lain? <wrt:wait,30>Tidak... <txt:size,2>Tak mungkin!</txt:size>","Gì cơ, còn có đường khác nữa sao? <wrt:wait,30>...Không thể nào, <txt:size,2>chuyện đó không thể xảy ra!</txt:size>","¿Qué, hay otro camino? <wrt:wait,30>...No puede ser, <txt:size,2>¡eso es imposible!</txt:size>","Eh, ada jalan lain juga? <wrt:wait,30>...Mustahil, <txt:size,2>itu tidak mungkin!</txt:size>","อะไรกัน มีทางอื่นด้วยเหรอ? <wrt:wait,30>...เป็นไปไม่ได้ <txt:size,2>จะไปมีได้ยังไงกันล่ะ!</txt:size>","Quê? Tem outra saída? <wrt:wait,30>Impossível... <txt:size,2>não faz sentido!</txt:size>"
,,,제니_자켓,,1_외침,,exclam,됐으니까 가라고!! 잡히면 가만 안 둬!!,"Just go! If they catch you, I swear I’ll make you regret it!",いいから行って！！捕まったらタダじゃおかないからね！！,叫你跑就赶紧跑！！要是被抓住了我可饶不了你！！,叫你走就快走！！要是被抓到我絕不饒你！！,Не спорь и беги. Попадешься — тебе конец!,"Pergi! Kalau awak kena tangkap, saya sumpah saya akan buat awak menyesal!",Đã bảo cứ đi đi!! Bị bắt thì tôi không tha cho đâu!!,"¡¡Que te vayas te digo!! ¡¡Si te atrapan, no te lo perdonaré!!","Sudah, cepat pergilah!! Aku tidak akan membiarkanmu kalau kamu tertangkap!!",ช่างเถอะน่า ไปซะ!! ถ้านายถูกจับล่ะก็ ฉันไม่ปล่อยไว้แน่!!,"Chega, vai logo! Se te pegarem, juro que te quebro!"
,,,마윤석,,-1_당황,,,"너, 너희들... <wrt:wait,30>큿... <wrt:wait,30>알았어!!","You... you guys... <wrt:wait,30>Grr... <wrt:wait,30>Fine!","み、みんな‥<wrt:wait,30>くっ‥<wrt:wait,30>分かったよ！！","你们这群家伙‥<wrt:wait,30>可恶‥<wrt:wait,30>我知道了！！","你、你們幾個‥<wrt:wait,30>可惡‥<wrt:wait,30>知道了啦！！","В-вы... <wrt:wait,30>Блин... <wrt:wait,30>Ладно!","Awak... awak semua... <wrt:wait,30>Grr... <wrt:wait,30>Baiklah!","Cá, các cậu... <wrt:wait,30>Khực... <wrt:wait,30>Thôi được rồi!!","U-ustedes... <wrt:wait,30>Kugh... <wrt:wait,30>¡¡Entendido!!","K-kalian... <wrt:wait,30>Chh... <wrt:wait,30>Baiklah!!","พะ พวกเธอ... <wrt:wait,30>อึก... <wrt:wait,30>เข้าใจแล้ว!!","V-vocês dois... <wrt:wait,30>aff... <wrt:wait,30>tá bom!"
,,,TAG,,,,,"<cha:pos,마윤석,-4>","<cha:pos,마윤석,-4>","<cha:pos,마윤석,-4>","<cha:pos,마윤석,-4>","<cha:pos,마윤석,-4>","<cha:pos,마윤석,-4>","<cha:pos,마윤석,-4>","<cha:pos,마윤석,-4>","<cha:pos,마윤석,-4>","<cha:pos,마윤석,-4>","<cha:pos,마윤석,-4>","<cha:pos,마윤석,-4>"
,,,제니_자켓,,1_통증,,,"...읏!<cha:pop,제니>","Ngh...!<cha:pop,제니>","‥うっ！<cha:pop,제니>","‥唔！<cha:pop,제니>","‥唔！<cha:pop,제니>","...Ай!<cha:pop,제니>","Ngh...!<cha:pop,제니>","...Hự!<cha:pop,제니>","...¡Ugh!<cha:pop,제니>","...Ugh!<cha:pop,제니>","...อึก!<cha:pop,제니>","Ugh!<cha:pop,제니>"
,,,TAG,,,,,"<cha:pos,엘리오,1><cha:pos,제니_자켓,-1>","<cha:pos,엘리오,1><cha:pos,제니_자켓,-1>","<cha:pos,엘리오,1><cha:pos,제니_자켓,-1>","<cha:pos,엘리오,1><cha:pos,제니_자켓,-1>","<cha:pos,엘리오,1><cha:pos,제니_자켓,-1>","<cha:pos,엘리오,1><cha:pos,제니_자켓,-1>","<cha:pos,엘리오,1><cha:pos,제니_자켓,-1>","<cha:pos,엘리오,1><cha:pos,제니_자켓,-1>","<cha:pos,엘리오,1><cha:pos,제니_자켓,-1>","<cha:pos,엘리오,1><cha:pos,제니_자켓,-1>","<cha:pos,엘리오,1><cha:pos,제니_자켓,-1>","<cha:pos,엘리오,1><cha:pos,제니_자켓,-1>"
,,,엘리오,,1_진지,,,...잡아. 내가 부축해 줄게.,Here... Lean on me.,‥掴まって。僕が支えるから。,‥抓住我。我扶着你。,‥抓著，我來扶妳。,Давай руку. Я помогу.,Sini... Bersandar pada saya.,...Bám vào đi. Tôi đỡ cậu.,...Agárrate. Te ayudaré a caminar.,...Pegang ini. Aku akan memapahmu.,...จับไว้สิ ฉันจะช่วยประคองเอง,Apoia aqui. Eu te ajudo.
,,,제니_자켓,,1_새침,,,"혼자서 할 수 있... <wrt:wait,30>아니, 고마워.","I don’t need help... <wrt:wait,30>Ugh, maybe I do.","一人ででき‥<wrt:wait,30>ううん、ありがと。","我自己能‥<wrt:wait,30>不，谢谢了。","我自己可以‥<wrt:wait,30>不，謝謝。","Я сама могу... <wrt:wait,30>Ладно, спасибо.","Saya tak perlukan bantuan... <wrt:wait,30>Ugh, mungkin ya.","Tôi tự làm đượ... <wrt:wait,30>à không, cảm ơn nhé.","Puedo hacerlo sola... <wrt:wait,30>Bueno, no. Gracias.","Aku bisa sendi... <wrt:wait,30>Tidak, terima kasih.","ฉันทำคนเดียวได้... <wrt:wait,30>ไม่สิ ขอบใจนะ","Eu consigo sozinha... <wrt:wait,30>não, espera... obrigada."
,,,제니_자켓,,1_기본,,,지금은 어깨를 빌릴게.,I’ll lean on you for now. Thanks.,今は肩を借りるね。,借你的肩膀用用。,借你的肩膀用用。,Немного на тебя облокочусь.,Saya akan bersandar pada kamu seketika. Terima kasih.,Giờ thì tôi mượn vai cậu một chút.,Me apoyaré en tu hombro por ahora.,Untuk saat ini aku pinjam bahumu.,ตอนนี้ฉันขอยืมไหล่นายแล้วกัน,Vou me apoiar no seu ombro.
,,,엘리오,,1_미소,,,"<txt:wave,1>그래, 그래, 순순히 따르니 얼마나 보기 좋니.</txt:wave>","<txt:wave,1>There you go. See how nice it is when you just let someone help?</txt:wave>","<txt:wave,1>よしよし、良い子だ。</txt:wave>","<txt:wave,1>这就对了，乖乖听话多可爱。</txt:wave>","<txt:wave,1>這就對了嘛，乖乖聽話多討喜啊。</txt:wave>","<txt:wave,1>Ну вот, так гораздо лучше.</txt:wave>","<txt:wave,1>Tu dia. Kan baik bila ada orang tolong awak?</txt:wave>","<txt:wave,1>Đúng rồi, đúng rồi, chịu nghe lời thế này có phải tốt hơn không.</txt:wave>","<txt:wave,1>Sí, sí, qué lindo es verte tan obediente.</txt:wave>","<txt:wave,1>Nah, begitu dong, senang sekali melihatmu menuruti kataku.</txt:wave>","<txt:wave,1>อืมๆ เชื่อฟังกันดีๆ แบบนี้น่ะดูดีออกจะตายไป</txt:wave>","<txt:wave,1>Isso, é bom te ver sendo boazinha assim.</txt:wave>"
,,,제니_자켓,,1_외침,,,됐거든.,"Oh, save it.",うるさい。,谁要你夸了。,少噁心了。,Не начинай.,"Oh, sudahlah.",Thôi đi.,Basta.,Kamu banyak ngomong.,ช่างเถอะน่า,"Tá, tá."
,,,???,,,,,"<txt:bold,1><txt:size,2>저기다!! 놓치지 마!!</txt:size></txt:bold>","<txt:bold,1><txt:size,2>There! Don’t let them get away!</txt:size></txt:bold>","<txt:bold,1><txt:size,2>あそこだ！！逃がすな！！</txt:size></txt:bold>","<txt:bold,1><txt:size,2>在那儿！！别让他们跑了！！</txt:size></txt:bold>","<txt:bold,1><txt:size,2>在那裡！！別讓他們跑了！！</txt:size></txt:bold>","<txt:bold,1><txt:size,2>Они там! Не дайте им уйти!</txt:size></txt:bold>","<txt:bold,1><txt:size,2>Di sana! Jangan biar mereka terlepas!</txt:size></txt:bold>","<txt:bold,1><txt:size,2>Ở đằng kia!! Đừng để chúng chạy mất!!</txt:size></txt:bold>","<txt:bold,1><txt:size,2>¡¡Allá están!! ¡¡No los dejen escapar!!</txt:size></txt:bold>","<txt:bold,1><txt:size,2>Itu di sana!! Jangan biarkan mereka!!</txt:size></txt:bold>","<txt:bold,1><txt:size,2>ตรงโน้น!! อย่าให้หนีไปได้!!</txt:size></txt:bold>","<txt:bold,1><txt:size,2>Ali!! Não deixa eles fugirem!</txt:size></txt:bold>"
,,,엘리오,,1_기본,,,"하하, 그럼 이제 본격적으로 도망쳐볼까?","Haha, well then, shall we run for real?",ハハ、じゃあそろそろ本気で逃げようか？,哈哈，那我们就正式开始大逃杀吧？,哈哈，那我們就正式開始逃亡吧？,"Ну что, теперь по-настоящему убегаем?","Haha, baiklah, jom kita lari betul-betul?","Haha, vậy giờ bắt đầu chạy trốn thật sự nhé?","Jaja, entonces, ¿empezamos a huir en serio?","Haha, sepertinya ini saatnya kita coba kabur beneran!",ฮ่าฮ่า ถ้างั้นตอนนี้ก็มาหนีแบบเอาจริงกันเลยไหม?,Hehe! Agora sim começa a fuga de verdade!
,,,엘리오,,1_기본,,,잡히지만 않으면 우리가 이기는 거야.,"As long as they don’t catch us, we win.",捕まりさえしなければ、僕たちの勝ちだ。,只要不被抓到，就是我们赢了。,只要沒被抓到，就是我們贏了。,"Если не попадемся, то наша взяла.","Selagi mereka tak tangkap kita, kita menang.",Chỉ cần không bị bắt thì chúng ta thắng.,"Mientras no nos atrapen, nosotros ganamos.",Kita hanya perlu tidak tertangkap untuk bisa menang.,ถ้าไม่ถูกจับ ถือว่าเราชนะ,"Se a gente não for pego, a vitória é nossa."
6,경기 전,#,MAP,,,,,찻집,찻집,찻집,찻집,찻집,찻집,찻집,찻집,찻집,찻집,찻집,찻집
,,#,BGM,,,,,BGM_MEET_IRIS,BGM_MEET_IRIS,BGM_MEET_IRIS,BGM_MEET_IRIS,BGM_MEET_IRIS,BGM_MEET_IRIS,BGM_MEET_IRIS,BGM_MEET_IRIS,BGM_MEET_IRIS,BGM_MEET_IRIS,BGM_MEET_IRIS,BGM_MEET_IRIS
,,#,켈리,2,1_무표정,,,,,,,,,,,,,,
,,#,아이리스,-2,1_기본,,,,,,,,,,,,,,
,,,-,,,,,"<txt:bold,3><txt:color,grey>~사라가 떠난 뒤~</txt:color></txt:bold>","<txt:bold,3><txt:color,grey>After Sara left</txt:color></txt:bold>","<txt:bold,3><txt:color,grey>～紗良が去ったあと～</txt:color></txt:bold>","<txt:bold,3><txt:color,grey>～莎拉离开后～</txt:color></txt:bold>","<txt:bold,3><txt:color,grey>～莎拉離開後～</txt:color></txt:bold>","<txt:bold,3><txt:color,grey>После ухода Сары</txt:color></txt:bold>","<txt:bold,3><txt:color,grey>Selepas Sara pergi</txt:color></txt:bold>","<txt:bold,3><txt:color,grey>~ Sau khi Sara rời đi ~</txt:color></txt:bold>","<txt:bold,3><txt:color,grey>Después de que Sara se fuera</txt:color></txt:bold>","<txt:bold,3><txt:color,grey>~Setelah Sara pergi~</txt:color></txt:bold>","<txt:bold,3><txt:color,grey>~หลังจากที่ซาร่าจากไป~</txt:color></txt:bold>","<txt:bold,3><txt:color,grey>#Depois que Sara Foi Embora</txt:color></txt:bold>"
,,,-,,,,,"<txt:color,grey>(딸랑!)</txt:color><sys:sfx,현관문_차임벨>","<txt:color,grey>(Jingle!)</txt:color><sys:sfx,현관문_차임벨>","<txt:color,grey>(カラン！)</txt:color><sys:sfx,현관문_차임벨>","<txt:color,grey>（叮铃！）</txt:color><sys:sfx,현관문_차임벨>","<txt:color,grey>（噹啷！）</txt:color><sys:sfx,현관문_차임벨>","<txt:color,grey>(Дзинь!)</txt:color><sys:sfx,현관문_차임벨>","<txt:color,grey>(Gerincing!)</txt:color><sys:sfx,현관문_차임벨>","<txt:color,grey>*Leng reng*</txt:color><sys:sfx,현관문_차임벨>","<txt:color,grey>(¡Ding dong!)</txt:color><sys:sfx,현관문_차임벨>","<txt:color,grey>(Kring!)</txt:color><sys:sfx,현관문_차임벨>","<txt:color,grey>(กรุ๊งกริ๊ง!)</txt:color><sys:sfx,현관문_차임벨>","<txt:color,grey>(Tlín!)</txt:color><sys:sfx,현관문_차임벨>"
,,,아이리스,,1_기본,,,여기... 한 잔 부탁드려도 될까요?,"Could I... get a cup, please?",ここで‥一杯いただいてもいいですか？,那个‥请问能给我一杯茶吗？,請問‥可以給我一杯茶嗎？,Можно мне чашку чая?,Tolong... minta secawan?,Pha cho tôi... một tách được không?,Disculpe... ¿podría darme una taza?,Halo... apa saya bisa pesan satu gelas teh?,เอ่อ... ขอสั่งเครื่องดื่มสักแก้วได้ไหมคะ?,Será que... posso fazer um pedido?
,,,켈리,,1_무표정,,silent,...,...,‥,‥,‥,...,...,...,...,...,...,...
,,,아이리스,,1_의문,,,으음... 이상하네. 오늘은 영업 끝난 건가요?,Hm... Strange. Are you closed for the day?,うーん‥おかしいな。今日はもう店終いですか？,嗯‥好奇怪。今天已经打烊了吗？,唔‥奇怪。今天已經打烊了嗎？,Cтранно... Уже закрыто?,Hm... Pelik. Dah tutup untuk hari ini ke?,Ừm... lạ thật. Hôm nay quán đóng cửa rồi sao?,Mmm... Qué extraño. ¿Ya cerró por hoy?,Ehmmm... Aneh. Apakah toko ini sudah selesai jam kerjanya?,อืม... แปลกจัง วันนี้ปิดร้านแล้วเหรอคะ?,Hum... estranho. Já fechou?
,,,켈리,,1_기본,,,찻잎 어디 있는지 알잖아. 적당히 찾아서 타서 마셔.,You know where the tea leaves are. Find something and make it yourself.,茶葉はどこにあるか分かるでしょ。適当に淹れて飲んでちょうだい。,既然知道茶叶在哪，就自己泡着喝。,妳又不是不知道茶葉放在哪，自己去泡來喝。,"Ты же знаешь, где чай. Завари сама.",Awak tahu daun teh di mana. Cari dan buat sendiri.,Cậu biết trà ở đâu mà. Tự tìm rồi pha uống đi.,Ya sabes dónde están las hojas de té. Búscalas y prepárate una tú misma.,Kamu tahu kan dimana teh berada? Coba cari dan buat sendiri.,ก็รู้นี่นาว่าใบชาอยู่ตรงไหน หาแล้วก็เอาไปชงดื่มเองซะ,Você já sabe onde fica o chá. É só pegar e fazer.
,,,아이리스,,1_무표정,,,"네? 그래도 오랜만에 <txt:bold,2><txt:color,orange>켈리</txt:color></txt:bold>가 타 준 차를 마셔보고 싶은데요.","Huh? But I came all this way to try your tea, <txt:bold,2><txt:color,orange>Kelly</txt:color></txt:bold>.","え？でも、久しぶりに<txt:bold,2><txt:color,orange>ケリー</txt:color></txt:bold>が淹れてくれたお茶を飲んでみたいんですけど。","诶？可我想喝<txt:bold,2><txt:color,orange>凯莉</txt:color></txt:bold>亲手泡的茶啊。","咦？可是難得見面，我想喝<txt:bold,2><txt:color,orange>凱莉</txt:color></txt:bold>泡的茶嘛。","Все-таки хочется попробовать твой чай, <txt:bold,2><txt:color,orange>Келли</txt:color></txt:bold>.","Hah? Tetapi saya datang dari jauh untuk mencuba teh awak, <txt:bold,2><txt:color,orange>Kelly</txt:color></txt:bold>.","Hả? Nhưng lâu rồi tôi mới muốn uống trà do <txt:bold,2><txt:color,orange>Kelly</txt:color></txt:bold> pha mà.","¿Eh? Pero, <txt:bold,2><txt:color,orange>Kelly</txt:color></txt:bold>, me gustaría volver a probar un té preparado por ti después de tanto tiempo.","Apa? Tapi sudah lama saya tidak minum teh yang dibuatkan oleh <txt:bold,2><txt:color,orange>Kelly</txt:color></txt:bold>.","คะ? แต่นานๆ ทีฉันก็อยากดื่มชาที่<txt:bold,2><txt:color,orange>เคลลี่</txt:color></txt:bold>ชงให้นี่คะ","Hein? Mas eu queria provar o chá que você faz, <txt:bold,2><txt:color,orange>Kelly</txt:color></txt:bold>. Faz tanto tempo..."
,,,아이리스,,1_기본,,,몇 년 만에 보는 거잖아요. 한 잔 부탁드리면 안 될까요?,It’s been years. Can’t you make me just one cup?,会うのは数年ぶりじゃないですか。一杯だけお願いできませんか？,我们都好几年没见了。就不能麻烦您泡一杯吗？,我們都幾年沒見了。幫我泡一杯不行嗎？,Мы же столько лет не виделись. Завари мне чашечку?,Sudah bertahun-tahun. Tak boleh ke buatkan saya secawan saja?,Mấy năm rồi mới gặp còn gì. Không thể pha cho tôi một tách sao?,"Hace años que no nos veíamos. ¿No podrías prepararme una taza, por favor?",Kita kan sudah bertahun-tahun tidak bertemu. Apa Anda tidak bisa buatkan saya segelas teh?,เราไม่ได้เจอกันตั้งหลายปี ช่วยทำให้ฉันสักแก้วไม่ได้เหรอคะ?,Faz anos que não te vejo. Não dá pra fazer só um?
,,,켈리,,1_기본,,,"...알았다, 알았어. <wrt:wait,30>...자.","Fine, fine... <wrt:wait,30>Here...","‥はいはい、分かったわよ。<wrt:wait,30>‥ほら。","‥行了行了，败给你了。<wrt:wait,30>‥喏。","‥好啦，知道了。<wrt:wait,30>‥拿去。","Ладно. <wrt:wait,30>...Вот, держи.","Baiklah, baiklah... <wrt:wait,30>Nah...","...Biết rồi, được rồi. <wrt:wait,30>...Đây này.","...Entendido, entendido. <wrt:wait,30>...Aquí tienes.","...Iya-iya baiklah. <wrt:wait,30>...Ini.","...โอเคๆ <wrt:wait,30>...เอ้า","Tá bom. <wrt:wait,30>Toma."
,,,아이리스,,1_미소,wave,,"<txt:wave,1>아... <wrt:wait,30>역시 맛있네요.</txt:wave>","<txt:wave,1>Ah... <wrt:wait,30>so good.</txt:wave>","<txt:wave,1>あぁ‥<wrt:wait,30>やっぱりおいしいですね。</txt:wave>","<txt:wave,1>啊‥<wrt:wait,30>果然还是这个味道好喝。</txt:wave>","<txt:wave,1>啊‥<wrt:wait,30>果然好喝。</txt:wave>","<txt:wave,1>Ах... <wrt:wait,30>Все такой же ароматный.</txt:wave>","<txt:wave,1>Ah... <wrt:wait,30>sungguh sedap.</txt:wave>","<txt:wave,1>A... <wrt:wait,30>Quả nhiên ngon thật.</txt:wave>","<txt:wave,1>Ah... <wrt:wait,30>sabe delicioso, como siempre.</txt:wave>","<txt:wave,1>Wah... <wrt:wait,30>Enak sekali.</txt:wave>","<txt:wave,1>อา... <wrt:wait,30>อร่อยจริงๆ เลยนะคะ</txt:wave>","<txt:wave,1>Ah... <wrt:wait,30>perfeito como sempre.</txt:wave>"
,,,켈리,,1_기본,,,새삼스럽게. 옛날부터 이런 취향만큼은 잘 맞았잖아.,Don’t act so surprised. Our taste in tea was always the one thing we agreed on.,今さらね。昔からこういう好みだけは合ってたじゃない。,少在那儿套近乎。也就只有喝茶的品味跟我能对得上。,妳現在才在說這什麼廢話。只有這方面的品味，我們倒是一直挺合的。,В этом вкусы у нас всегда совпадали.,Jangan hairan sangat. Citarasa teh kita satu-satunya perkara yang kita setuju.,Giờ mới nói. Từ xưa gu của chúng ta chỉ hợp mỗi chuyện này thôi mà.,Qué sorpresa. Desde hace tiempo teníamos los mismos gustos en esto.,Kau bertindak seperti pertama kali meminumnya. Dari dulu selera kita soal seperti ini memang cocok.,ทำเหมือนเป็นเรื่องใหม่ไปได้ รสนิยมแบบนี้เราก็เข้ากันได้ดีมาตั้งแต่เมื่อก่อนแล้วนี่นา,"Ah, para. A gente sempre teve o mesmo gosto pra chá."
,,,켈리,,1_무표정,,,다른 건 하나도 안 맞았지만.,"Everything else, not so much.",他は何一つ合わなかったけど。,别的地方可是一点都不合拍。,除此之外，沒一個合得來就是了。,В остальном — ни капли.,"Yang lain, tak.",Mấy chuyện khác thì chẳng hợp cái nào.,Aunque en todo lo demás éramos completamente distintas.,Meski yang lainnya tidak cocok sama sekali.,ถึงเรื่องอื่นจะไม่เข้ากันเลยสักอย่างก็เถอะ,"Fora isso, não combinávamos em nada."
,,,아이리스,,1_기본,wave,,"휴, <txt:bold,2><txt:color,orange>켈리</txt:color></txt:bold>랑 뛸 때는 정말 힘들었죠.","Phew, playing with you really was exhausting.","ふぅ、<txt:bold,2><txt:color,orange>ケリー</txt:color></txt:bold>と組んでた時は、本当に大変でしたよね。","哎呀，跟<txt:bold,2><txt:color,orange>凯莉</txt:color></txt:bold>搭档的时候真的很辛苦呢。","呼，以前跟<txt:bold,2><txt:color,orange>妳</txt:color></txt:bold>搭檔的時候真的很辛苦呢。","Да, с тобой на корте было нелегко.","Fuh, bermain dengan awak memang meletihkan.","Haizz, hồi thi đấu cùng <txt:bold,2><txt:color,orange>Kelly</txt:color></txt:bold> đúng là vất vả thật.","Uf, qué difícil era jugar contigo, <txt:bold,2><txt:color,orange>Kelly</txt:color></txt:bold>.","Hyuh, saya memang sangat kesulitan saat bermain bersama <txt:bold,2><txt:color,orange>Kelly</txt:color></txt:bold>.","ฮู้ว ตอนที่เล่นวอลเลย์บอลกับ<txt:bold,2><txt:color,orange>เคลลี่</txt:color></txt:bold>น่ะเหนื่อยมากเลยค่ะ","Poxa... era difícil jogar com você, <txt:bold,2><txt:color,orange>Kelly</txt:color></txt:bold>."
,,,아이리스,,1_미소,wave,,"<txt:wave,1>그래도 더 늦기 전에 <txt:bold,2><txt:color,orange>사라</txt:color></txt:bold>랑 팀을 짤 수 있어서 다행이에요~</txt:wave>","<txt:wave,1>Still, I’m glad I got to team up with <txt:bold,2><txt:color,orange>Sara</txt:color></txt:bold> before it was too late.</txt:wave>","<txt:wave,1>それでも手遅れになる前に<txt:bold,2><txt:color,orange>紗良</txt:color></txt:bold>とチームを組めてよかったです～。</txt:wave>","<txt:wave,1>不过，能赶在退役前跟<txt:bold,2><txt:color,orange>莎拉</txt:color></txt:bold>组队，真是太好了～</txt:wave>","<txt:wave,1>不過幸好還來得及跟<txt:bold,2><txt:color,orange>莎拉</txt:color></txt:bold>組隊～</txt:wave>","<txt:wave,1>Но я рада, что смогла поиграть с <txt:bold,2><txt:color,orange>Сарой</txt:color></txt:bold> в одной команде.</txt:wave>","<txt:wave,1>Namun, saya gembira dapat berpasukan dengan <txt:bold,2><txt:color,orange>Sara</txt:color></txt:bold> sebelum terlambat.</txt:wave>","<txt:wave,1>Dù vậy, may mà trước khi quá muộn tôi vẫn có thể lập đội cùng <txt:bold,2><txt:color,orange>Sara</txt:color></txt:bold>.</txt:wave>","<txt:wave,1>Aun así, me alegra haber podido formar equipo con <txt:bold,2><txt:color,orange>Sara</txt:color></txt:bold> antes de que fuera demasiado tarde~</txt:wave>","<txt:wave,1>Tapi untungnya saya dapat menjadi satu tim dengan <txt:bold,2><txt:color,orange>Sara</txt:color></txt:bold> sebelum lebih terlambat~</txt:wave>","<txt:wave,1>แต่ก็ค่อยยังชั่วนะคะ ที่ได้จับทีมกับ<txt:bold,2><txt:color,orange>ซาร่า</txt:color></txt:bold>ก่อนจะสายเกินไป~</txt:wave>","<txt:wave,1>Mas ainda bem que consegui montar um time com a <txt:bold,2><txt:color,orange>Sara</txt:color></txt:bold>.</txt:wave>"
,,,켈리,,1_기본,,,"내가 할 소리거든. <txt:bold,2><txt:color,orange>사라</txt:color></txt:bold>나 되니까 네 플레이에 맞춰 주는 거야.","That’s my line. <txt:bold,2><txt:color,orange>Sara</txt:color></txt:bold>’s the only one good enough to keep up with your play.","それはこっちのセリフだわ。<txt:bold,2><txt:color,orange>紗良</txt:color></txt:bold>だから、あなたのプレーに合わせられるのよ。","这话该我来说吧。也就只有<txt:bold,2><txt:color,orange>莎拉</txt:color></txt:bold>那样的选手才能配合得上你的打法。","這是我才想說的話。也只有<txt:bold,2><txt:color,orange>莎拉</txt:color></txt:bold>，才有本事配合妳的打法。","Только <txt:bold,2><txt:color,orange>Сара</txt:color></txt:bold> и может с тобой играть.","Itu saya yang cakap. <txt:bold,2><txt:color,orange>Sara</txt:color></txt:bold> seorang saja yang cukup handal untuk mengikut rentak permainan awak.","Câu đó phải để tôi nói mới đúng. Cũng chỉ có <txt:bold,2><txt:color,orange>Sara</txt:color></txt:bold> mới theo nổi lối chơi của cậu thôi.","Eso lo digo yo. Ella se adapta a tu estilo de juego solo porque es <txt:bold,2><txt:color,orange>Sara</txt:color></txt:bold>.","Justru itu yang ingin kubilang. Hanya pemain seperti <txt:bold,2><txt:color,orange>Sara</txt:color></txt:bold> yang bisa menyesuaikan diri dengan caramu bermain.","คำนั้นฉันต้องเป็นคนพูดต่างหาก เพราะเป็น<txt:bold,2><txt:color,orange>ซาร่า</txt:color></txt:bold>หรอกนะ ถึงได้ยอมปรับให้เข้ากับการเล่นของเธอ","Devia ser eu falando isso. A <txt:bold,2><txt:color,orange>Sara</txt:color></txt:bold> é a única que aguenta seu jeito."
,,,켈리,,1_째릿,,,몇 번이나 말했지.,How many times have I told you?,何度も言ったでしょ。,我说过多少次了。,我說過幾次了。,Сто раз тебе говорила.,Berapa kali saya sudah cakap?,Tôi đã nói bao nhiêu lần rồi.,Te lo he dicho un montón de veces.,Bukankah sudah kubilang berkali kali?,ฉันบอกหลายรอบแล้วใช่ไหม,Já falei isso mil vezes.
,,,켈리,,1_기본,,,"세터는 팀원들의 능력을 최대한 끌어내는 자리지, 자기가 하고 싶은 플레이를 강요하는 자리가 아니라고.","A setter’s job is to bring out the best in her teammates, not force them into her own style.",セッターはチームメイトの能力を最大限に引き出すポジションであって、自分のやりたいプレーを押し付けるものじゃないって。,二传手的位置是为了最大限度发挥队友的能力，而不是强迫别人配合你想打的球。,二傳手是要把隊員的能力發揮到極致的人，而不是強迫隊友配合自己的人。,"Связующий должен раскрывать игроков, а не навязывать свой стиль.","Tugas pengumpan adalah untuk menyerlahkan kebolehan rakan sepasukan, bukan memaksa mereka mengikut gayanya sendiri.","Chuyền hai là vị trí phải kéo được tối đa năng lực của đồng đội, chứ không phải ép người khác chơi theo ý mình.","La colocadora es la que saca el máximo potencial de sus compañeros de equipo, no alguien que impone el estilo de juego que quiere.","Setter itu posisi untuk memaksimalkan kemampuan rekan tim, dan bukan untuk memaksakan permainan yang kamu inginkan.",ว่าตัวเซ็ตคือตำแหน่งที่คอยดึงศักยภาพของสมาชิกทีมออกมาให้ได้มากที่สุด ไม่ใช่ตำแหน่งที่เอาแต่บังคับให้เล่นในแบบที่ตัวเองต้องการ,"O papel do levantador é tirar o melhor dos outros, não impor o próprio estilo."
,,,켈리,,1_기본,,,"적어도 <txt:bold,2>애슈빌 위즐스</txt:bold>는 그런 팀이 아니야.","At least the <txt:bold,2>Asheville Weasels</txt:bold> aren’t that kind of team.","少なくとも<txt:bold,2>アッシュビルウィーズルズ</txt:bold>はそういうチームじゃないの。","至少<txt:bold,2>阿什维尔黄鼠狼队</txt:bold>不该是那样的队伍。","至少<txt:bold,2>阿什維爾鼬鼠隊</txt:bold>不是那樣的隊伍。","В <txt:bold,2>«Ашвилл Визлс»</txt:bold> так не играют.","Sekurang-kurangnya <txt:bold,2>Asheville Weasels</txt:bold> bukan jenis pasukan seperti itu.","Ít nhất thì <txt:bold,2>Asheville Weasels</txt:bold> không phải đội như vậy.","Al menos los <txt:bold,2>Asheville Weasels</txt:bold> no son un equipo así.","Setidaknya <txt:bold,2>Asheville Weasels</txt:bold> bukan tim seperti itu.","อย่างน้อย<txt:bold,2>แอชวิลล์วิซเซิล</txt:bold>ก็ไม่ใช่ทีมแบบนั้น","Pelo menos no <txt:bold,2>Asheville Weasels</txt:bold> a gente não joga assim."
,,,아이리스,,1_기본,wave,,저는 저만의 방법이 있어요.,I have my own way of doing things.,私には私のやり方があるんです。,我也有我自己的方式嘛。,我有我自己的方式啊。,У меня своя система.,Saya ada cara saya sendiri.,Tôi có cách của riêng mình.,Yo tengo mis propios métodos.,Saya punya cara saya sendiri.,ฉันมีวิธีในแบบของฉันค่ะ,Eu tenho meu jeito.
,,,아이리스,,1_기본,wave,,"나름대로 팀원들을 챙기려고, 노력하고 있는걸요.","I am trying to look out for my teammates, in my own way.",それなりにチームメイトのこと、気にかけようと努力してるんですよ。,我也是为了照顾队友，一直在努力呢。,我也是很努力想照顧隊員們的。,Я по-своему забочусь о команде,"Saya sedang menjaga rakan sepasukan saya, dengan cara saya sendiri.",Tôi cũng đang cố gắng chăm lo cho đồng đội theo cách của tôi mà.,Y me esfuerzo a mi manera por cuidar a mis compañeras de equipo.,Saya juga berusaha memperhatikan anggota tim dengan cara saya sendiri.,ฉันก็กำลังพยายามดูแลสมาชิกทีมในแบบของฉันอยู่,Faço o que posso pelo time.
,,,켈리,,1_기본,,,"<txt:bold,2><txt:color,orange>사라</txt:color></txt:bold>한테만 계속 빠른 볼 올리는 거, 그거 말이야?","You mean spamming fast sets at <txt:bold,2><txt:color,orange>Sara</txt:color></txt:bold>?","<txt:bold,2><txt:color,orange>紗良</txt:color></txt:bold>にばっかり速いボールを上げてること、でしょ？","你是说只给<txt:bold,2><txt:color,orange>莎拉</txt:color></txt:bold>传那种超快球的事吗？","妳是指老是對<txt:bold,2><txt:color,orange>莎拉</txt:color></txt:bold>傳那種快球嗎？","Ты про быстрые пасы, которые даешь только <txt:bold,2><txt:color,orange>Саре</txt:color></txt:bold>?","Seperti menghantar set laju bertubi-tubi kepada <txt:bold,2><txt:color,orange>Sara</txt:color></txt:bold>?","Ý cậu là chuyện cứ liên tục chuyền bóng nhanh cho <txt:bold,2><txt:color,orange>Sara</txt:color></txt:bold> đấy à?","¿Te refieres a ponerle solo balones rápidos a <txt:bold,2><txt:color,orange>Sara</txt:color></txt:bold>?","Maksudmu dengan terus memberi bola cepat hanya pada <txt:bold,2><txt:color,orange>Sara</txt:color></txt:bold>, itu caramu?","หมายถึงการที่เอาแต่เซ็ตลูกเร็วให้<txt:bold,2><txt:color,orange>ซาร่า</txt:color></txt:bold>คนเดียวน่ะเหรอ?","Ah, tipo mandar bola rápida só pra <txt:bold,2><txt:color,orange>Sara</txt:color></txt:bold>?"
,,,아이리스,,1_의문,pause,quest,"어, <wrt:wait,30>눈치채셨군요?","Oh, <wrt:wait,30>you noticed?","あら、<wrt:wait,30>気づいてたんですね？","诶，<wrt:wait,30>被您发现了？","喔，<wrt:wait,30>被妳發現啦？","О, <wrt:wait,30>ты заметила?","Oh, <wrt:wait,30>awak perasan?","Ơ, <wrt:wait,30>cậu nhận ra rồi sao?","Ah, <wrt:wait,30>¿te diste cuenta?","Eh, <wrt:wait,30>Anda telah menyadarinya juga ya?","โอ๊ะ <wrt:wait,30>คุณดูออกเหรอคะ?","Ah... <wrt:wait,30>então você notou?"
,,,켈리,,1_기본,,,"당연하지. 언제나 그랬잖아, 너.",Obviously. It’s always been your thing.,当たり前でしょ。あなたはいつもそうだったじゃない。,废话，你那点心思我还不知道。,那當然，妳這傢伙從以前就這副德性。,Конечно. Ты всегда так делала.,Sudah tentu. Itu memang gaya awak.,Tất nhiên rồi. Từ xưa giờ cậu vẫn thế mà.,Por supuesto. Siempre has sido así.,Tentu saja. Kamu memang selalu begitu.,แหงสิ ก็เธอเป็นแบบนั้นมาตลอดนี่นา,"Óbvio, você sempre foi assim."
,,,켈리,,1_기본,,,"주장으로서 이것저것 생각하는 건 알겠는데, 늘 방법이 똑같잖아.","I get that you’re overthinking it as captain, but it’s always the same approach.",キャプテンとしていろいろ考えてるのは分かるけど、いつもやり方が同じなのよ。,我知道你作为队长考虑了很多，但你的手段总是这一套。,我知道妳身為隊長想了很多，但方法每次都一模一樣。,Ты стараешься вести команду. Но методы у тебя одни и те же.,"Saya faham awak terlalu memikirkannya sebagai kapten, tetapi dah basi asyik buat benda sama.","Tôi biết với tư cách đội trưởng cậu nghĩ ngợi đủ thứ, nhưng cách làm lúc nào cũng giống nhau.","Entiendo que pienses en todo tipo de cosas como capitana, pero siempre usas el mismo método.","Aku paham kamu banyak memikirkan berbagai hal sebagai kapten, tapi caramu selalu sama.",ฉันเข้าใจนะที่เธอคิดอะไรหลายๆ อย่างในฐานะกัปตัน แต่วิธีมันก็เหมือนเดิมตลอด,"Sei que você pensa em tudo como capitã, mas sempre usa a mesma saída."
,,,켈리,,1_무표정,,,다른 방법도 좀 생각해 봐.,Try something different for once.,他のやり方も少しは考えてみなさい。,你也该换换脑子，想点别的办法了。,妳也該換個方式思考吧。,Придумай что-нибудь новое.,Cubalah sesuatu yang berbeza.,Thử nghĩ thêm cách khác đi.,Piensa en otros métodos también.,Coba pikirkan cara lain juga.,ลองคิดวิธีอื่นบ้างสิ,Muda um pouco a estratégia.
,,,켈리,,1_기본,,,"나한테 통했던 방법이 <txt:bold,2><txt:color,orange>사라</txt:color></txt:bold>한테도 통하라는 법은 없으니까.","What worked on me doesn’t mean it’ll work on <txt:bold,2><txt:color,orange>Sara</txt:color></txt:bold>.","私に通用したやり方が<txt:bold,2><txt:color,orange>紗良</txt:color></txt:bold>にも通用するとは限らないからね。","对我有用的法子，对<txt:bold,2><txt:color,orange>莎拉</txt:color></txt:bold>可不见得管用。","對我有用的方法，不代表對<txt:bold,2><txt:color,orange>莎拉</txt:color></txt:bold>也會管用。","То, что работало со мной, не обязано работать с <txt:bold,2><txt:color,orange>Сарой</txt:color></txt:bold>.","Taktik yang berkesan pada saya tidak bermakna ia akan berkesan pada <txt:bold,2><txt:color,orange>Sara</txt:color></txt:bold>.","Cách từng có tác dụng với tôi chưa chắc đã có tác dụng với <txt:bold,2><txt:color,orange>Sara</txt:color></txt:bold>.","El método que funcionó conmigo no tiene por qué funcionar con <txt:bold,2><txt:color,orange>Sara</txt:color></txt:bold>.","Cara yang mempan padaku belum tentu berhasil pada <txt:bold,2><txt:color,orange>Sara</txt:color></txt:bold>.","เพราะวิธีที่เคยได้ผลกับฉันไม่ได้หมายความว่าจะได้ผลกับ<txt:bold,2><txt:color,orange>ซาร่า</txt:color></txt:bold>ด้วยนะ","Só porque funcionava comigo não quer dizer que funciona com a <txt:bold,2><txt:color,orange>Sara</txt:color></txt:bold>."
,,,아이리스,,1_기본,,silent,"<wrt:delay,5>...으, 으음...<wrt:wait,30> 어렵네요.</wrt:delay>","<wrt:delay,5>Mm...<wrt:wait,30> That’s hard.</wrt:delay>","<wrt:delay,5>‥う、うーん‥<wrt:wait,30>難しいですね。</wrt:delay>","<wrt:delay,5>‥唔，嗯‥<wrt:wait,30>好难啊。</wrt:delay>","<wrt:delay,5>‥唔、唔嗯‥<wrt:wait,30>真難。</wrt:delay>","<wrt:delay,5>Хм-м...<wrt:wait,30> Сложная задача.</wrt:delay>","<wrt:delay,5>Mm...<wrt:wait,30> Itu susah.</wrt:delay>","<wrt:delay,5>...Ư, ừm...<wrt:wait,30> khó thật đấy.</wrt:delay>","<wrt:delay,5>...E-em...<wrt:wait,30> qué difícil.</wrt:delay>","<wrt:delay,5>...Ehmm, Hmm...<wrt:wait,30> Sepertinya tidak mudah.</wrt:delay>","<wrt:delay,5>...อืม...<wrt:wait,30> ยากจังค่ะ</wrt:delay>","<wrt:delay,5>Ugh... <wrt:wait,30>complicado.</wrt:delay>"
,,,아이리스,,1_미소,pause,,"완장, <wrt:wait,30>다시 가져가실래요?","Do you... <wrt:wait,30>want the captain role back?","腕章、<wrt:wait,30>またつけませんか？","要不，<wrt:wait,30>队长袖标还给您？","隊長臂章，<wrt:wait,30>妳要拿回去戴嗎？","Может <wrt:wait,30>ты снова станешь капитаном?","Awak... <wrt:wait,30>nak jadi kapten kembali ke?","Hay là <wrt:wait,30>cậu lấy lại băng đội trưởng đi?","¿Quieres <wrt:wait,30>volver a llevar el brazalete de capitana?","Ban kapten, <wrt:wait,30>Apa Anda mau mengambilnya kembali?","คุณอยากเอาปลอกแขน<wrt:wait,30>กลับคืนไปไหมคะ?","Quer pegar <wrt:wait,30>sua braçadeira de volta?"
,,,켈리,,1_째릿,,,말이 되는 소리를 해. 은퇴한 지 언제인데.,Don’t be ridiculous. How long has it been since I retired?,馬鹿なこと言わないで。引退してからどれだけ経ったと思ってるの。,净说些胡话。我都退役多久了。,妳在瞎說什麼，我都引退多久了。,Не неси чепуху. Я уже давно не играю.,Jangan mengarut. Dah berapa lama saya bersara?,Nói cái gì nghe được đi. Tôi giải nghệ từ đời nào rồi.,Di cosas que tengan sentido. Hace cuánto tiempo que me retiré.,Ngomong yang masuk akal. Sudah berapa lama sejak aku pensiun.,พูดอะไรที่มันเข้าท่าหน่อยเถอะ ฉันวางมือมานานแค่ไหนแล้ว,Fala sério. Já me aposentei faz tempo.
,,,켈리,,1_무표정,,,"그보다 역시 <txt:bold,2><txt:color,orange>사라</txt:color></txt:bold>를 뒤쫓아 온 거지?","Anyway, you came chasing after <txt:bold,2><txt:color,orange>Sara</txt:color></txt:bold>, didn’t you?","それはそうと、やっぱり<txt:bold,2><txt:color,orange>紗良</txt:color></txt:bold>を追いかけてきたんでしょ？","话说回来，你果然是偷偷跟着<txt:bold,2><txt:color,orange>莎拉</txt:color></txt:bold>来的吧？","話說回來，妳是跟著<txt:bold,2><txt:color,orange>莎拉</txt:color></txt:bold>過來的吧？","Ты сюда за <txt:bold,2><txt:color,orange>Сарой</txt:color></txt:bold> пришла?","Bagaimanapun, awak datang mengejar <txt:bold,2><txt:color,orange>Sara</txt:color></txt:bold>, bukan?","Mà cậu cũng đuổi theo <txt:bold,2><txt:color,orange>Sara</txt:color></txt:bold> tới đây đúng không?","Por cierto, como me lo imaginaba, viniste persiguiendo a <txt:bold,2><txt:color,orange>Sara</txt:color></txt:bold>, ¿verdad?","Daripada itu, kamu sedang mengikuti <txt:bold,2><txt:color,orange>Sara</txt:color></txt:bold>, kan?","ยิ่งไปกว่านั้น เธอตาม<txt:bold,2><txt:color,orange>ซาร่า</txt:color></txt:bold>มาใช่ไหมล่ะ?","Aliás... você veio atrás da <txt:bold,2><txt:color,orange>Sara</txt:color></txt:bold>, né?"
,,,켈리,,1_기본,,,언제까지 그렇게 음흉하게 따라다닐래?,How long are you going to keep tailing her like a stalker?,いつまでそうやってこっそり付きまとうつもり？,你打算像个跟踪狂一样跟到什么时候？,妳還要這樣偷偷摸摸跟到什麼時候？,Долго еще будешь следить за ней?,Berapa lama awak nak mengekori dia seperti penguntit?,Cậu định âm thầm bám theo như thế đến bao giờ?,¿Hasta cuándo la vas a seguir tan disimuladamente?,Sampai kapan kamu mau terus mengikutinya diam-diam seperti itu?,เธอจะตามติดแบบลับๆ ล่อๆ อย่างนั้นไปถึงเมื่อไหร่กัน?,Até quando vai ficar rondando ela desse jeito suspeito?
,,,아이리스,,1_기본,,,누가 들으면 오해하겠네요.,"Hey, that sounds really bad out of context.",誰かに聞かれたら誤解されますよ。,别说得那么难听，会被人误会的。,被妳講得好像我有什麼意圖一樣。,Тише... А то еще поймут неверно.,"Hey, tak baik cakap macam tu di luar konteks.",Nghe thấy chắc sẽ hiểu lầm mất.,"Si alguien más te escucha, podría malinterpretarlo.","Kalau orang lain dengar, mereka bisa salah paham.",ถ้าใครมาได้ยินคงเข้าใจผิดกันพอดีนะคะ,Não fala assim! O pessoal vai acabar entendendo errado!
,,,아이리스,,1_기본,,,"<txt:bold,2><txt:color,orange>사라</txt:color></txt:bold>가 예전에 파파라치 때문에 다친 적이 있어서... 그래서 따라다니는 거란 말이에요.","<txt:bold,2><txt:color,orange>Sara</txt:color></txt:bold> got hurt by paparazzi once... so I stick close to her now.","<txt:bold,2><txt:color,orange>紗良</txt:color></txt:bold>が前にパパラッチのせいで怪我したことがあって‥それで、ついて回ってるんですってば。","我只是因为<txt:bold,2><txt:color,orange>莎拉</txt:color></txt:bold>以前被狗仔队伤害过‥所以才保护她的。","我是因為<txt:bold,2><txt:color,orange>莎拉</txt:color></txt:bold>以前曾因為狗仔受傷過，所以才跟著她的好嗎。","У <txt:bold,2><txt:color,orange>Сары</txt:color></txt:bold> раньше были проблемы из-за папарацци. Вот я и приглядываю за ней.","<txt:bold,2><txt:color,orange>Sara</txt:color></txt:bold> pernah cedera kerana paparazi... sebab itulah saya mengekorinya.","Vì trước đây <txt:bold,2><txt:color,orange>Sara</txt:color></txt:bold> từng bị thương do paparazzi... nên tôi mới đi theo thôi mà.","<txt:bold,2><txt:color,orange>Sara</txt:color></txt:bold> resultó herida hace un tiempo por culpa de los paparazzi... Es por eso que la sigo.","Dulu <txt:bold,2><txt:color,orange>Sara</txt:color></txt:bold> pernah terluka karena paparazi... itulah alasan aku mengikutinya.","เมื่อก่อน<txt:bold,2><txt:color,orange>ซาร่า</txt:color></txt:bold>เคยบาดเจ็บเพราะปาปารัสซี... ฉันก็เลยคอยตามดูแลต่างหาก","A <txt:bold,2><txt:color,orange>Sara</txt:color></txt:bold> já se machucou por causa de paparazzi antes... então eu fico de olho por segurança."
,,,켈리,,1_기본,,,사심이 전혀 없는 건 아니잖아.,"It’s not like you have zero ulterior motives, though.",下心がまったくないわけじゃないでしょ。,敢说你一点私心都没有？,但也不是完全沒有私心吧。,"Ага, так и поверила.",Awak pun ada motif tersembunyi sebenarnya.,Nhưng đâu phải hoàn toàn không có tư tâm.,Tampoco es que no tengas ningún interés personal.,"Tapi bukan berarti kamu sama sekali tidak punya niat pribadi, kan?",แต่ก็ไม่ได้ไม่มีความรู้สึกส่วนตัวเลยนี่นา,"Não dá pra dizer que você não tem nenhuma intenção por trás, né?"
,,,아이리스,,1_안절부절,,,"...아, <wrt:wait,30>아무튼 전 그 애를 도우러 왔어요.","A-Anyway, <wrt:wait,30>I came here to help her.","‥と、<wrt:wait,30>とにかく私はあの子を助けに来たんです。","‥啊，<wrt:wait,30>总之我是来帮她的。","‥啊，<wrt:wait,30>反正我是來幫她的。","В любом случае. <wrt:wait,30>Я пришла помочь Саре.","A-Apapun, <wrt:wait,30>saya datang ke sini untuk membantunya.","...A, <wrt:wait,30>dù sao thì tôi đến để giúp cậu ấy.","...A-ah, <wrt:wait,30>como sea, vine a ayudarla.","...Pokoknya, <wrt:wait,30>Saya datang untuk membantunya.","...เอ่อ <wrt:wait,30>ยังไงก็เถอะ ฉันมาเพื่อช่วยเด็กคนนั้นค่ะ","Ah... <wrt:wait,30>Enfim, eu vim aqui pra ajudar ela."
,,,아이리스,,1_기본,,,위험한 곳으로 갔다는 것도 알고 있고요.,I know she went somewhere dangerous.,危ない所に行ったことも知ってますし。,我也知道她去了个很危险的地方。,我也知道她去了個很危險的地方。,"И я знаю, что это опасно.",Saya tahu dia pergi ke tempat yang berbahaya.,Tôi cũng biết cậu ấy đã đến nơi nguy hiểm.,Y también sé que fue a un lugar peligroso.,Saya juga tahu dia pergi ke tempat berbahaya.,แล้วฉันก็รู้ด้วยว่าเธอไปยังสถานที่อันตราย,Eu sei que ela foi pra um lugar perigoso.
,,,아이리스,,1_기본,,,누군가는 그 애를 따라가야 해요.,Someone needs to go after her.,誰かがあの子についていかないと。,总得有人跟着她才行。,總得有人跟著她才行。,Но кто-то должен быть с ней рядом.,Dia perlukan pertolongan.,Phải có ai đó đi theo cậu ấy.,Alguien tiene que seguirla.,Seseorang harus mengikutinya.,ต้องมีใครสักคนตามเธอไปค่ะ,Alguém precisa ir atrás dela.
,,,켈리,,1_무표정,,,"뭐, 틀린 말은 아니지.","Well, you’re not wrong.",まあ、間違ってはないわね。,嘛，这倒也是。,嗯，這話倒也沒錯。,Не поспоришь.,Tak salah juga.,"Ừ thì, cậu nói cũng không sai.","Bueno, tampoco te equivocas.","Yah, tidak salah juga.",เธอก็พูดถูกแหละ,"Bom, você não tá errada."
,,,켈리,,1_기본,,,"내가 <txt:bold,2><txt:color,orange>사라</txt:color></txt:bold>를 따라가지 않은 것도 네가 올 거라고 생각해서였으니까.","The only reason I didn’t follow <txt:bold,2><txt:color,orange>Sara</txt:color></txt:bold> myself was because I figured you’d show up.","私が<txt:bold,2><txt:color,orange>紗良</txt:color></txt:bold>についていかなかったのも、あなたが来ると思ったからだし。","我之所以没跟上<txt:bold,2><txt:color,orange>莎拉</txt:color></txt:bold>，也是因为猜到你会来。","我之所以沒跟著<txt:bold,2><txt:color,orange>莎拉</txt:color></txt:bold>，就是料到妳一定會過來。","Я не пошла с <txt:bold,2><txt:color,orange>Сарой</txt:color></txt:bold>, так как знала, что ты придешь.","Satu-satunya sebab saya tak ikut <txt:bold,2><txt:color,orange>Sara</txt:color></txt:bold> sendiri ialah saya fikir awak akan datang.","Sở dĩ tôi không đi theo <txt:bold,2><txt:color,orange>Sara</txt:color></txt:bold> cũng là vì nghĩ cậu sẽ đến.","La razón por la que no seguí a <txt:bold,2><txt:color,orange>Sara</txt:color></txt:bold> fue porque pensé que tú vendrías.","Alasan aku tidak mengikuti <txt:bold,2><txt:color,orange>Sara</txt:color></txt:bold> itu karena kupikir kamu akan datang kesini.","ที่ฉันไม่ตาม<txt:bold,2><txt:color,orange>ซาร่า</txt:color></txt:bold>ไป ก็เพราะรู้ว่าเธอจะมา","Eu mesma não fui atrás da <txt:bold,2><txt:color,orange>Sara</txt:color></txt:bold> porque imaginei que você viria."
,,,아이리스,,1_기본,,,그럼 길을 알려 주실래요?,Then will you tell me how to get there?,じゃあ、道を教えてもらえますか？,那您能告诉我去那里的路吗？,那妳可以告訴我要怎麼去嗎？,Тогда покажешь дорогу?,"Jadi, awak akan beritahu saya bagaimana untuk ke sana?",Vậy cậu có thể chỉ đường cho tôi không?,"Entonces, ¿me indicarás el camino?","Kalau begitu, bisa beritahu jalannya?",ถ้างั้นคุณช่วยบอกทางให้หน่อยได้ไหมคะ?,Então... pode me dizer por onde ir?
,,,켈리,,1_기본,,,"으음, 그럴 생각이긴 했는데...","Mm, I was going to, but...",んー、そのつもりだったんだけど‥,唔，我本来是打算告诉你的，但是‥,唔，我本來是打算告訴妳的啦‥,Я бы хотела...,"Mm, mula-mula ya, tetapi...","Ừm, đúng là tôi cũng định vậy, nhưng...","Mmm, tenía la intención de hacerlo, pero...","Hmm, sebenarnya aku memang berniat begitu...",อืม ตอนแรกฉันก็คิดจะบอกแหละนะ...,"Hum... tava pensando em fazer isso, mas..."
,,,켈리,,1_째릿,,,"<txt:bold,1>역시 알려줄 수 없어.</txt:bold>","<txt:bold,1>I can’t.</txt:bold>","<txt:bold,1>やっぱり教えられないわ。</txt:bold>","<txt:bold,1>果然还是不能告诉你。</txt:bold>","<txt:bold,1>但現在我決定不說了。</txt:bold>","<txt:bold,1>Но не могу.</txt:bold>","<txt:bold,1>Saya tak boleh.</txt:bold>","<txt:bold,1>Quả nhiên vẫn không thể chỉ được.</txt:bold>","<txt:bold,1>Mejor no te lo diré.</txt:bold>","<txt:bold,1>Tapi sepertinya aku tidak bisa.</txt:bold>","<txt:bold,1>แต่ว่าคงบอกไม่ได้จริงๆ</txt:bold>","<txt:bold,1>Pensando bem... não posso te contar.</txt:bold>"
,,,아이리스,,1_의문,,exclam,"...예? 왜, 왜죠?",Huh...? Wh-Why not?,‥え？な、なんでですか？,‥诶？为、为什么呀？,‥欸？為什麼？,Что? П-почему?,Hah...? Kenapa tidak?,"...Hả? Tại, tại sao chứ?",...¿Qué? ¿P-por qué?,...Eh? K-kenapa?,...คะ? ทะ ทำไมล่ะคะ?,Hã? P-por quê?
,,,켈리,,1_째릿,,,"똑같은 이유야, 바보야. 위험해.","Same reason, dummy. It’s dangerous.",同じ理由よ、バカね。危ないの。,理由还是一样，笨蛋。太危险了。,一樣的理由啊，妳這笨蛋。那裡很危險。,Все потому же. Это опасно.,"Sebab yang sama, bodoh. Bahaya.","Vẫn cùng một lý do thôi, đồ ngốc. Nguy hiểm lắm.","Por la misma razón, idiota. Es peligroso.","Bodoh, alasan yang sama, karena itu berbahaya.",ก็เหตุผลเดียวกันนั่นแหละยัยบื้อ มันอันตราย,"Pelo mesmo motivo, sua boba. É perigoso."
,,,아이리스,,1_의문,,,저는 괜찮아요.,I’m fine.,私は大丈夫です。,我没问题。,我沒問題。,Я в порядке.,Saya tak apa.,Tôi không sao đâu.,Estoy bien.,Saya baik-baik saja.,ฉันไม่เป็นไรค่ะ,Tô bem.
,,,켈리,,1_째릿,,,거짓말.,Liar.,ウソつかないで。,撒谎。,騙人。,Неправда.,Tipu.,Nói dối.,Mentira.,Kau berbohong.,โกหก,Mentira.
,,,켈리,,1_무표정,,,"<txt:bold,1>그 무릎 보호대.</txt:bold>","<txt:bold,1>That knee brace.</txt:bold>","<txt:bold,1>その膝当て。</txt:bold>","<txt:bold,1>那个护膝。</txt:bold>","<txt:bold,1>那個護膝。</txt:bold>","<txt:bold,1>Твой наколенник.</txt:bold>","<txt:bold,1>Pendakap lutut itu.</txt:bold>","<txt:bold,1>Cái đai bảo vệ đầu gối đó.</txt:bold>","<txt:bold,1>Esa rodillera.</txt:bold>","<txt:bold,1>Pelindung lututmu itu.</txt:bold>","<txt:bold,1>สนับเข่านั่น</txt:bold>","<txt:bold,1>Essa joelheira aí.</txt:bold>"
,,,켈리,,1_째릿,,,"<txt:bold,1>너, 무릎이 불안할 때만 차잖아.</txt:bold>","<txt:bold,1>You only wear it when your knee’s acting up.</txt:bold>","<txt:bold,1>あなた、膝が不安なときだけつけるじゃない。</txt:bold>","<txt:bold,1>你只有在膝盖不舒服的时候才会戴吧。</txt:bold>","<txt:bold,1>妳只有在膝蓋不舒服的時候才會戴它吧。</txt:bold>","<txt:bold,1>Ты надеваешь его, когда с коленом совсем все плохо.</txt:bold>","<txt:bold,1>Awak hanya memakainya bila lutut awak bermasalah.</txt:bold>","<txt:bold,1>Cậu chỉ đeo khi đầu gối có vấn đề thôi mà.</txt:bold>","<txt:bold,1>Solo te la pones cuando tu rodilla está inestable.</txt:bold>","<txt:bold,1>Itu kan hanya kamu gunakan saat kamu merasa kondisi lututmu tidak baik.</txt:bold>","<txt:bold,1>เธอจะใส่แค่ตอนที่รู้สึกว่าเข่าไม่โอเคนี่นา</txt:bold>","<txt:bold,1> Você só usa quando o joelho tá ruim.</txt:bold>"
,,,켈리,,1_째릿,,,"요새 경기에 나올 때마다 보호대를 차고 있으면서, 무슨.","And you’ve had it on every match lately, so don’t give me that.",最近は試合に出るたびに膝当てをつけてるくせに、何言ってるの。,最近你每次上场都戴着，还想骗我？,最近每次看妳上場都戴著，還想狡辯。,А сейчас ты без него вообще не играешь.,"Dan awak memakainya setiap perlawanan baru-baru ini, jadi jangan beri alasan itu.","Dạo này lần nào ra sân cậu cũng đeo, còn nói gì nữa.","Últimamente usas esa rodillera en cada partido, qué dices.",Akhir-akhir ini kulihat kamu terus mengenakannya untuk tiap pertandingan.,ช่วงนี้เธอใส่สนับเข่าทุกครั้งที่ลงแข่งเลยแท้ๆ,Ultimamente você usa em todas as partidas.
,,,아이리스,,1_의문,,,"...으, 으음... 하긴... <txt:bold,2><txt:color,orange>켈리</txt:color></txt:bold>는 묘하게 사소한 거에 집착했었죠...","Mm... Well... You always did obsess over the weirdest details, <txt:bold,2><txt:color,orange>Kelly</txt:color></txt:bold>...","‥う、うーん‥まあ‥<txt:bold,2><txt:color,orange>ケリー</txt:color></txt:bold>は妙に細かいことにこだわってましたよね‥","‥唔，嗯‥说得也是‥<txt:bold,2><txt:color,orange>凯莉</txt:color></txt:bold>在这些奇怪的小细节上总是特别执着呢‥","‥唔、唔嗯‥也是啦‥<txt:bold,2><txt:color,orange>凱莉</txt:color></txt:bold>妳就是會莫名的執著在一些小事上‥","Н-ну да... <txt:bold,2><txt:color,orange>Келли</txt:color></txt:bold>, ты всегда придиралась к мелочам.","Mm... Baiklah... Awak selalu obses dengan perkara-perkara pelik, <txt:bold,2><txt:color,orange>Kelly</txt:color></txt:bold>...","...Ừm... nghĩ lại thì... <txt:bold,2><txt:color,orange>Kelly</txt:color></txt:bold> đúng là hay để ý mấy chuyện nhỏ nhặt thật...","...E-em... Ahora que lo dices... <txt:bold,2><txt:color,orange>Kelly</txt:color></txt:bold>, siempre te has obsesionado con cosas triviales...","...Ehm, hmm... Memang dari dulu... <txt:bold,2><txt:color,orange>Kelly</txt:color></txt:bold> selalu terobsesi dengan hal-hal kecil...","...เอ่อ อืม... ก็... <txt:bold,2><txt:color,orange>เคลลี่</txt:color></txt:bold>น่ะชอบหมกมุ่นกับเรื่องเล็กน้อยอย่างน่าประหลาดอยู่นะคะ...","A-ah... é... <txt:bold,2><txt:color,orange>Kelly</txt:color></txt:bold>, você sempre deu atenção às coisas mais bobas..."
,,,아이리스,,1_기본,,,"<txt:bold,1>음료 취향</txt:bold> 같은 거로 남편이랑 별거까지 했고...","You even went as far as separating from your husband over something like <txt:bold,1>drink preferences</txt:bold>...","<txt:bold,1>飲み物の好み</txt:bold>の違いとかで旦那さんと別居までしたり‥","<txt:bold,1>连喝东西的口味</txt:bold>这种小事，都能跟老公闹到分居‥","就像當初為了<txt:bold,1>飲料口味</txt:bold>跟老公鬧到分居一樣‥","Даже с мужем разошлась из-за <txt:bold,1>вкусов в напитках</txt:bold>.","Malah sanggup berpisah dengan suami awak kerana <txt:bold,1>citarasa minuman</txt:bold>...","Đến mức chỉ vì <txt:bold,1>gu đồ uống</txt:bold> mà còn sống riêng với chồng nữa...","Incluso llegaste a separarte de tu esposo por <txt:bold,1>sus gustos en bebidas</txt:bold>...","Sampai berpisah dengan suami Anda hanya karena perbedaan <txt:bold,1>selera minum</txt:bold>...","ถึงขั้นแยกกันอยู่กับสามีเพราะเรื่อง<txt:bold,1>รสนิยมเครื่องดื่ม</txt:bold>ด้วย...","Até se separou do seu marido por causa de <txt:bold,1>gosto de bebida</txt:bold>..."
,,,켈리,,1_째릿,,,"야, <txt:bold,2><txt:color,orange>아이리스</txt:color></txt:bold>. <cha:pop,켈리><txt:bold,1>그건 아직도 <txt:rainbow,1>초코우유</txt:rainbow>만 고집하는 그 인간이 문제라니까?</txt:bold>","Hey, <txt:bold,2><txt:color,orange>Iris</txt:color></txt:bold>. <cha:pop,켈리><txt:bold,1>That man and his stupid <txt:rainbow,1>chocolate milk obsession</txt:rainbow> is the problem, okay?</txt:bold>","ちょっと、<txt:bold,2><txt:color,orange>アイリス</txt:color></txt:bold>。<cha:pop,켈리><txt:bold,1>それはいまだに<txt:rainbow,1>チョコミルク</txt:rainbow>しか飲まないあの人が悪いのよ？</txt:bold>","喂，<txt:bold,2><txt:color,orange>爱丽丝</txt:color></txt:bold>。<cha:pop,켈리><txt:bold,1>那是因为那个人到现在还只喝<txt:rainbow,1>巧克力牛奶</txt:rainbow>的死脑筋有问题好吗？</txt:bold>","喂，<txt:bold,2><txt:color,orange>愛麗絲</txt:color></txt:bold>。<cha:pop,켈리><txt:bold,1>那是因為那個死活都要喝<txt:rainbow,1>巧克力牛奶</txt:rainbow>的傢伙有問題好嗎？</txt:bold>","<txt:bold,2><txt:color,orange>Айрис</txt:color></txt:bold>, <cha:pop,켈리><txt:bold,1>да этот человек до сих пор пьет только <txt:rainbow,1>шоколадное молоко</txt:rainbow>!</txt:bold>","Hei, <txt:bold,2><txt:color,orange>Iris</txt:color></txt:bold>. <cha:pop,켈리><txt:bold,1>Si pentaksub <txt:rainbow,1>susu coklat</txt:rainbow> tu yang salah, okay?</txt:bold>","Này, <txt:bold,2><txt:color,orange>Iris</txt:color></txt:bold>. <cha:pop,켈리><txt:bold,1>Vấn đề là nằm ở cái người vẫn khăng khăng chỉ uống sữa <txt:rainbow,1>socola</txt:rainbow> ấy chứ?</txt:bold>","Oye, <txt:bold,2><txt:color,orange>Iris</txt:color></txt:bold>. <cha:pop,켈리><txt:bold,1>¡Te digo que el problema sigue siendo ese hombre que se aferra a la <txt:rainbow,1>leche con chocolate</txt:rainbow>!</txt:bold>","Oi, <txt:bold,2><txt:color,orange>Iris</txt:color></txt:bold>. <cha:pop,켈리><txt:bold,1>Sudah kubilang itu salahnya orang keras kepala itu yang cuma mau minum <txt:rainbow,1>susu cokelat</txt:rainbow>!</txt:bold>","นี่ <txt:bold,2><txt:color,orange>ไอริส</txt:color></txt:bold> <cha:pop,켈리><txt:bold,1>เรื่องนั้นน่ะปัญหาคือนายคนนั้นที่ยึดติดอยู่แต่กับ<txt:rainbow,1>นมช็อกโก้</txt:rainbow>ต่างหากล่ะ</txt:bold>","Ei, <txt:bold,2><txt:color,orange>Iris</txt:color></txt:bold>. <cha:pop,켈리><txt:bold,1>O problema é aquele homem que toma leite com <txt:rainbow,1>chocolate</txt:rainbow> até hoje!</txt:bold>"
,,,켈리,,1_째릿,,,"<txt:bold,1>그리고 그 일, 고작 음료 취향 때문만은 아니거든?</txt:bold>","<txt:bold,1>And it wasn’t just about drinks, for the record.</txt:bold>","<txt:bold,1>それに、それは飲み物の好みだけが理由じゃないからね？</txt:bold>","<txt:bold,1>而且那件事，可不单纯是口味问题。</txt:bold>","<txt:bold,1>而且那件事，才不只是因為飲料口味的問題好嗎？</txt:bold>","<txt:bold,1>И не только в напитках было дело.</txt:bold>","<txt:bold,1>Dan bukan hanya minuman yang menjadi masalah, untuk pengetahuan awak.</txt:bold>","<txt:bold,1>Với lại chuyện đó đâu chỉ vì mỗi gu đồ uống.</txt:bold>","<txt:bold,1>Además, eso no fue solo por sus gustos en bebidas, ¿sabes?</txt:bold>","<txt:bold,1>Dan juga hal itu, bukan hanya karena sekadar perbedaan selera minuman!</txt:bold>","<txt:bold,1>แล้วก็เรื่องนั้น ไม่ใช่แค่เพราะรสนิยมเครื่องดื่มสักหน่อย</txt:bold>","<txt:bold,1>E aquilo não foi só por causa disso, tá?</txt:bold>"
,,,아이리스,,1_의문,,quest,"아, <wrt:wait,30>그랬던가요...?","Oh, <wrt:wait,30>was it not...?","ああ、<wrt:wait,30>そうでしたっけ‥？","啊，<wrt:wait,30>是那样吗‥？","啊，<wrt:wait,30>是那樣嗎‥？","А... <wrt:wait,30>Вот как?","Oh, <wrt:wait,30>bukan ke...?","À, <wrt:wait,30>là vậy sao...?","Ah, <wrt:wait,30>¿así fue...?","Ah, <wrt:wait,30>Jadi begitu ya...?","อ๋อ <wrt:wait,30>งั้นเหรอคะ...?","Ah... <wrt:wait,30>é mesmo?"
,,,아이리스,,1_기본,,,그래도 좀 유치하긴 하잖아요.,"It’s still pretty childish, though.",それでもちょっと子供っぽいじゃないですか。,但听起来确实挺幼稚的。,但聽起來還是很幼稚啊。,Но все равно глупый повод.,Tapi ia tetap benda remeh lah.,Dù thế thì vẫn hơi trẻ con mà.,"Aun así, sigue siendo un poco infantil.",Tapi tetap saja agak kekanak-kanakan.,แต่ถึงยังไงมันก็แอบดูเหมือนเด็กเลยนี่คะ,"Mesmo assim... é meio infantil, vai."
,,,켈리,,1_무표정,,,"...<wrt:wait,30>말을 말자.","...<wrt:wait,30>Forget it.","‥<wrt:wait,30>好きに言ってなさい。","‥<wrt:wait,30>算了，不提也罢。","‥<wrt:wait,30>我懶得跟妳爭。","...<wrt:wait,30>Все, закрыли тему.","...<wrt:wait,30>Lupakan saja.","...<wrt:wait,30>Thôi khỏi nói nữa.","...<wrt:wait,30>Mejor dejémoslo ahí.","...<wrt:wait,30>Sudahlah capek mulutku.","...<wrt:wait,30>เลิกพูดเถอะ","Aff... <wrt:wait,30>Deixa pra lá."
,,,아이리스,,1_기본,,,그런 게 아니라면 너무 신경 쓰지 마세요.,"If it’s not serious, don’t worry about it.",そういうことじゃないなら、あまり気にしないでください。,既然不是那么回事，就别太在意了。,既然不是那樣，就別太擔心了。,"Если дело не в этом, то не переживай так.","Jika ia tidak serius, jangan risau.",Nếu không phải vậy thì cậu đừng lo quá.,"Si no es por eso, entonces no te preocupes demasiado.","Kalau bukan itu, tidak usah terlalu dipikirkan.",ถ้าไม่ใช่อะไรแบบนั้นก็ไม่ต้องใส่ใจมากเกินไปหรอกค่ะ,"Mas enfim, não se preocupa tanto com isso."
,,,아이리스,,1_기본,,,길을 알려 주세요.,Just tell me the way.,道を教えてください。,快告诉我路在哪儿。,快告訴我要怎麼去吧。,Покажи дорогу.,Beritahu saya jalannya.,Hãy chỉ đường cho tôi đi.,"Por favor, indícame el camino.",Jadi bisa beritahu jalannya?,ช่วยบอกทางให้ฉันหน่อยนะคะ,"Me mostra o caminho, por favor."
,,,켈리,,1_무표정,,,...,...,‥,‥,‥,...,...,...,...,...,...,...
,,,아이리스,,1_기본,,,"그리고 <txt:bold,2><txt:color,orange>켈리</txt:color></txt:bold>도 알고 있잖아요.","And you know it too, <txt:bold,2><txt:color,orange>Kelly</txt:color></txt:bold>.","それに、<txt:bold,2><txt:color,orange>ケリー</txt:color></txt:bold>も知ってますよね。","而且<txt:bold,2><txt:color,orange>凯莉</txt:color></txt:bold>心里也明白的吧。","再說，<txt:bold,2><txt:color,orange>妳</txt:color></txt:bold>心裡也很清楚吧。","<txt:bold,2><txt:color,orange>Келли</txt:color></txt:bold>, ты же понимаешь.","Dan awak tahu juga, <txt:bold,2><txt:color,orange>Kelly</txt:color></txt:bold>.","Và <txt:bold,2><txt:color,orange>Kelly</txt:color></txt:bold> cũng biết mà.","Y tú también lo sabes, <txt:bold,2><txt:color,orange>Kelly</txt:color></txt:bold>.","Dan <txt:bold,2><txt:color,orange>Kelly</txt:color></txt:bold> juga pasti tahu soal itu.","แล้ว<txt:bold,2><txt:color,orange>เคลลี่</txt:color></txt:bold>ก็รู้นี่คะ","E você também sabe disso, <txt:bold,2><txt:color,orange>Kelly</txt:color></txt:bold>."
,,,아이리스,,1_기본,,,"<txt:bold,1>현시점에서 저보다 그 애의 플레이를 잘 도울 수 있는 사람은 없다는 걸.</txt:bold>","<txt:bold,1>Right now, no one’s better suited than me to support her on the court.</txt:bold>","<txt:bold,1>現時点で私よりあの子のプレーをうまくサポートできる人はいないってこと。</txt:bold>","<txt:bold,1>现阶段，没有人能比我更好地辅助她打球了。</txt:bold>","<txt:bold,1>就現階段而言，沒有人比我更能輔助那孩子的發揮了。</txt:bold>","<txt:bold,1>Я лучше всех смогу помочь ей на площадке.</txt:bold>","<txt:bold,1>Sekarang, tiada siapa yang lebih sesuai daripada saya untuk menyokongnya di gelanggang.</txt:bold>","<txt:bold,1>Ở thời điểm này, không ai có thể giúp cho lối chơi của cậu ấy tốt hơn tôi đâu.</txt:bold>","<txt:bold,1>Que en este momento, no hay nadie que pueda ayudarla mejor en la cancha que yo.</txt:bold>","<txt:bold,1>Saat ini, tidak ada yang bisa mendukung permainannya sebaik saya.</txt:bold>","<txt:bold,1>ว่าในตอนนี้ไม่มีใครจะช่วยฟอร์มการเล่นของเด็กคนนั้นได้ดีไปกว่าฉันแล้ว</txt:bold>","<txt:bold,1>Que agora, não tem ninguém que possa ajudar ela melhor do que eu.</txt:bold>"
,,,아이리스,,1_미소,,,정 불안하시면 제가 아직 얼마나 잘 뛰는지 보여드릴게요.,"If you’re still worried, I’ll prove I can still keep up.",どうしても不安なら、私がまだどれだけ動けるか見せてあげますよ。,您要是实在不放心，我就证明给您看，我现在还能打。,要是妳還不放心，我就證明給妳看，我現在能打出什麼水準。,"Если сомневаешься, я покажу тебе, на что еще способна.","Jika awak masih risau, saya akan buktikan saya masih boleh bersaing.",Nếu vẫn còn lo thì tôi sẽ cho cậu thấy tôi vẫn thi đấu tốt đến mức nào.,"Si tanto te preocupa, te demostraré lo bien que aún puedo jugar.","Jika Anda masih ragu, maka saya bisa memperlihatkan kemampuan saya saat ini.",ถ้าไม่สบายใจจริงๆ ฉันโชว์ให้ดูก็ได้นะคะว่าฉันยังเล่นได้ดีแค่ไหน,"Se ainda tiver na dúvida, posso provar que ainda tô em ótima forma."
,,,아이리스,,1_기본,,,"오랜만에 <txt:bold,2>콜로세움</txt:bold> 선수들이랑 한 번 붙어 보죠...?","How about a match against the <txt:bold,2>Colosseum</txt:bold> players, for old times’ sake...?","久しぶりに<txt:bold,2>コロッセオ</txt:bold>の選手たちと一度試合してみましょうか‥？","让我们跟久违的<txt:bold,2>竞技场</txt:bold>选手们练一场如何‥？","乾脆跟好久沒切磋的<txt:bold,2>競技場</txt:bold>選手們打一場‥？","Сыграем с ребятами из <txt:bold,2>Колизея</txt:bold>, как раньше?","Apa kata dengan perlawanan menentang pemain <txt:bold,2>Colosseum</txt:bold>, untuk kenangan lama...?","Lâu rồi đấu với các tuyển thủ <txt:bold,2>Đấu Trường</txt:bold> một trận nhé...?","¿Qué tal si jugamos un partido contra los jugadores del <txt:bold,2>Coliseo</txt:bold> después de tanto tiempo...?","Bagaimana kalau kita coba bertanding bersama lagi dengan atlet di <txt:bold,2>Colosseum</txt:bold>?","นานๆ ทีแล้วมาลองแข่งกับนักกีฬา<txt:bold,2>โคลอสเซียม</txt:bold> สักครั้งไหมคะ...?","Que tal uma partida contra os jogadores do <txt:bold,2>Coliseu</txt:bold>, como nos velhos tempos?"
,,,켈리,,1_무표정,,,"...그래, 알겠다, 알겠어.","Okay, fine.",‥ああ。はいはい、分かったわよ。,‥行吧，败给你了。,‥好啦，服了妳了。,"Ладно, убедила.","Baiklah, baiklah.","...Ừ, được rồi, được rồi.","...Bien, lo entiendo, lo entiendo.","...Ya sudah, baiklah.",...โอเค ก็ได้ๆ,"Tá bom, já entendi."
,,,켈리,,1_째릿,,,정말 말을 잘 듣는 후배가 없다니까...!,"I swear, none of my juniors ever listen...!",本当に言うこと聞かない後輩しかいないんだから‥！,真是的，一个听话的后辈都没有‥！,真是的，就沒一個聽話的後輩‥,Никто меня не слушает.,"Sumpah, junior saya seorang pun tak pernah dengar cakap...!",Đúng là chẳng có đàn em nào chịu nghe lời cả...!,"¡De verdad, no hay manera de que estos jóvenes me hagan caso...!",Memang tidak ada junior yang mematuhiku...!,ไม่มีรุ่นน้องที่ว่านอนสอนง่ายเลยจริงๆ...!,Que difícil achar uma novata que me dê ouvidos de verdade...
,,,켈리,,1_째릿,,,대신 무리인 것 같으면 절대 못 들어가. 알았지?,"But the second it looks like too much, you’re not going in. Got it?",その代わり、無理そうだったら絶対入れないからね。分かった？,先说好，要是表现得太勉强，我绝对不让你去。记住了？,先說好，要是我覺得太勉強，妳就絕對不准去。知道嗎？,"Но если будет тяжело, то сразу назад. Договорились?","Tetapi sebaik sahaja nampak sakit, awak takkan masuk. Faham?",Nhưng nếu thấy không ổn thì tuyệt đối không được vào đâu. Hiểu chưa?,"Pero si veo que te estás forzando demasiado, no entrarás bajo ninguna circunstancia. ¿Entendido?",Tapi kalau menurutku kondisimu tidak memungkinkan maka aku tidak akan membiarkanmu pergi. Mengerti?,แต่ถ้าเธอดูเหมือนจะไม่ไหว ฉันจะไม่ให้เธอเข้าไปเด็ดขาด เข้าใจไหม?,"Mas se for demais pra você, tá proibida de entrar. Entendeu?"
,경기 승리,#,MAP,,,,,찻집,찻집,찻집,찻집,찻집,찻집,찻집,찻집,찻집,찻집,찻집,찻집
,,#,BGM,,,,,BGM_MEET_IRIS,BGM_MEET_IRIS,BGM_MEET_IRIS,BGM_MEET_IRIS,BGM_MEET_IRIS,BGM_MEET_IRIS,BGM_MEET_IRIS,BGM_MEET_IRIS,BGM_MEET_IRIS,BGM_MEET_IRIS,BGM_MEET_IRIS,BGM_MEET_IRIS
,,#,켈리,2,1_기본,,,,,,,,,,,,,,
,,#,아이리스,-2,1_기본,,,,,,,,,,,,,,
,,#,정다희,4,1_외침,,,,,,,,,,,,,,
,,,켈리,,1_기본,,,"거봐, <txt:bold,2><txt:color,orange>아이리스</txt:color></txt:bold>. 내가 말했지.","See, <txt:bold,2><txt:color,orange>Iris</txt:color></txt:bold>? What did I tell you.","ほらね、<txt:bold,2><txt:color,orange>アイリス</txt:color></txt:bold>。言ったでしょ。","看吧，<txt:bold,2><txt:color,orange>爱丽丝</txt:color></txt:bold>。我早说过了。","<txt:bold,2><txt:color,orange>愛麗絲</txt:color></txt:bold>，我就說吧。","<txt:bold,2><txt:color,orange>Айрис</txt:color></txt:bold>, я же говорила.","Tengok, <txt:bold,2><txt:color,orange>Iris</txt:color></txt:bold>? Kan saya dah cakap.","Thấy chưa, <txt:bold,2><txt:color,orange>Iris</txt:color></txt:bold>. Tôi đã nói rồi mà.","Ves, <txt:bold,2><txt:color,orange>Iris</txt:color></txt:bold>. Te lo dije.","Coba lihat ini, <txt:bold,2><txt:color,orange>Iris</txt:color></txt:bold>. Sudah kubilang kan?","เห็นไหม <txt:bold,2><txt:color,orange>ไอริส</txt:color></txt:bold> ฉันบอกแล้ว","Tá vendo, <txt:bold,2><txt:color,orange>Iris</txt:color></txt:bold>? Eu avisei."
,,,켈리,,1_기본,,,"<txt:bold,2><txt:color,orange>사라</txt:color></txt:bold>나 되니까 네 공에 맞추는 거라고.","<txt:bold,2><txt:color,orange>Sara</txt:color></txt:bold>’s the only one who can handle your sets.","<txt:bold,2><txt:color,orange>紗良</txt:color></txt:bold>だからあなたの球に合わせられるんだって。","<txt:bold,2><txt:color,orange>也就莎拉</txt:color></txt:bold>能跟上你那种球。","正是因為是<txt:bold,2><txt:color,orange>莎拉</txt:color></txt:bold>，才跟得上妳那種球。","Что только <txt:bold,2><txt:color,orange>Сара</txt:color></txt:bold> выдерживает твои пасы.","<txt:bold,2><txt:color,orange>Sara</txt:color></txt:bold> seorang saja yang boleh tangani set awak.","Cũng chỉ có <txt:bold,2><txt:color,orange>Sara</txt:color></txt:bold> mới theo nổi những đường bóng của cậu thôi.","Ella se adapta a tus balones solo porque es <txt:bold,2><txt:color,orange>Sara</txt:color></txt:bold>.","Hanya pemain seperti <txt:bold,2><txt:color,orange>Sara</txt:color></txt:bold> yang bisa menyesuaikan diri dengan umpanmu.","ว่าเพราะเป็น<txt:bold,2><txt:color,orange>ซาร่า</txt:color></txt:bold> ถึงได้ยอมปรับให้เข้ากับบอลของเธอ","A <txt:bold,2><txt:color,orange>Sara</txt:color></txt:bold> consegue acompanhar suas bolas porque é a <txt:bold,2><txt:color,orange>Sara</txt:color></txt:bold>."
,,,켈리,,1_무표정,,,그렇게 시도 때도 없이 속공을 밀어 넣으면 어떡해.,You can’t just force quick attacks left and right like that.,そうやってところ構わずクイック攻撃を押し込んでどうするの。,你这种动不动就乱塞快攻的毛病真得改改。,哪有人像妳這樣動不動就一直塞速攻的。,Нельзя же без конца навязывать быстрые атаки.,Awak tak boleh paksa serangan pantas kiri dan kanan seperti itu.,Cứ nhồi bóng nhanh mọi lúc mọi nơi như vậy thì sao được.,¿Qué vas a hacer si sigues forzando ataques rápidos a cada momento así?,Kenapa kamu terus memaksakan serangan cepat seperti ini?,ส่งลูกเร็วแบบไม่ดูจังหวะเลยแบบนั้นได้ยังไงกัน,Você não pode ficar enfiando bola rápida o tempo todo desse jeito!
,,,아이리스,,1_기본,,,"...하지만, 그게 재밌는걸요.",But it’s fun...,‥でも、それが楽しいんですよ。,‥可我觉得很有意思呀。,‥可是，那樣比較有趣嘛。,Но так веселее.,Tapi macam tu seronok...,...Nhưng mà như thế vui lắm.,"...Pero, eso es lo divertido.","...Mau bagaimana lagi, saya senang melakukannya.",...แต่มันสนุกดีนี่คะ,Mas eu gosto de jogar assim.
,,,켈리,,1_무표정,,,"애를 다 버려뒀네. 다음에 <txt:bold,2><txt:color,orange>사라</txt:color></txt:bold>한테 한마디 해 둬야겠어.","Hopeless. I need to have a word with <txt:bold,2><txt:color,orange>Sara</txt:color></txt:bold> later.","どうしたことかしら。今度<txt:bold,2><txt:color,orange>紗良</txt:color></txt:bold>に一言いっとかないと。","你这孩子都被惯坏了。下次我得跟<txt:bold,2><txt:color,orange>莎拉</txt:color></txt:bold>谈谈。","真的是把妳慣壞了，下次見到<txt:bold,2><txt:color,orange>莎拉</txt:color></txt:bold>得跟她談談。","<txt:bold,2><txt:color,orange>Сара совсем тебя разбаловала</txt:color></txt:bold>. Я потом все ей выскажу.","Awak dah terlalu dimanjakan. Saya perlu bercakap dengan <txt:bold,2><txt:color,orange>Sara</txt:color></txt:bold> nanti.","Đúng là dạy hư mất rồi. Lần sau tôi phải nói với <txt:bold,2><txt:color,orange>Sara</txt:color></txt:bold> mới được.","Han echado a perder a esta chica. Tendré que decirle unas palabras a <txt:bold,2><txt:color,orange>Sara</txt:color></txt:bold> la próxima vez.","Kamu benar-benar sudah dimanjakan. Nanti aku harus coba berbicara dengan <txt:bold,2><txt:color,orange>Sara</txt:color></txt:bold>.","ตามใจกันจนเสียคนหมดแล้วแฮะ ครั้งหน้าฉันต้องบอก<txt:bold,2><txt:color,orange>ซาร่า</txt:color></txt:bold>ไว้ซะแล้ว","Ela te mimou demais. Vou ter que falar com a <txt:bold,2><txt:color,orange>Sara</txt:color></txt:bold> depois."
,,,켈리,,1_기본,,,너무 맞춰 주지 말라고.,Tell her to stop indulging you so much.,合わせすぎないようにって。,别总在那儿由着你性子来。,叫她別太配合妳。,Пусть не подстраивается под тебя.,Suruh dia jangan selalu mengikut telunjuk awak.,Bảo cậu ấy đừng chiều cậu quá.,Que no se adapte tanto a ti.,Untuk tidak terus menyesuaikan dirinya denganmu.,ว่าอย่ายอมปรับให้มากเกินไป,Pra ela não ceder tanto às suas vontades.
,,,아이리스,,1_의문,,quest,"사라에게 부담...<wrt:wait,30>이었으려나요? 으음... <wrt:wait,30>사라는 분명히 제 공을 좋아할 텐데...","Was it <wrt:wait,30>too much for her, though? Hmm... <wrt:wait,30>I’m sure she likes my sets...","紗良に迷惑‥<wrt:wait,30>がかかってたんでしょうか？うーん‥<wrt:wait,30>紗良はきっと私のトスを気に入ってるはずなのに‥","给莎拉增加了负担‥<wrt:wait,30>是这样吗？唔‥<wrt:wait,30>但我相信莎拉肯定很喜欢我的传球‥","對莎拉來說‥<wrt:wait,30>會是負擔嗎？唔嗯‥<wrt:wait,30>可是莎拉明明就很喜歡我傳的球啊‥","Думаешь, <wrt:wait,30>Саре из-за меня тяжело? <wrt:wait,30>Ей вроде нравятся мои передачи...","Adakah itu <wrt:wait,30>terlalu berat untuk dia? Hmm... <wrt:wait,30>Takkan dia tak suka set saya...","Có phải... <wrt:wait,30>tôi đã khiến Sara thấy áp lực không nhỉ? Ừm... <wrt:wait,30>chắc chắn Sara sẽ thích bóng của tôi mà...","¿Acaso...<wrt:wait,30>fue una carga para <txt:bold,2><txt:color,orange>Sara</txt:color></txt:bold>? Mmm... <wrt:wait,30>estoy segura de que a <txt:bold,2><txt:color,orange>Sara</txt:color></txt:bold> le gustan mis balones...","Apa ini telah menjadi...<wrt:wait,30>beban bagi Sara? Hmm... <wrt:wait,30>Tapi saya yakin Sara menyukai bola dariku...","ซาร่าจะรู้สึกลำบากใจ...<wrt:wait,30>รึเปล่าคะ? อืม... <wrt:wait,30>ฉันมั่นใจว่าซาร่าน่าจะชอบบอลของฉันนะ...","Será que deixei... <wrt:wait,30>a <txt:bold,2><txt:color,orange>Sara</txt:color></txt:bold> sobrecarregada? <wrt:wait,30>Mas eu sei que ela curte meus passes..."
,,,켈리,,1_무표정,,sweat,"...<wrt:wait,30>됐다, 됐어.","...<wrt:wait,30>Enough already.","‥<wrt:wait,30>はいはい、もういいわ。","‥<wrt:wait,30>行了行了，随你便。","‥<wrt:wait,30>算了、算了。","...<wrt:wait,30>Ой, проехали.","...<wrt:wait,30>Cukup sudah.","...<wrt:wait,30>Được rồi, thôi đi.","...<wrt:wait,30>Ya, ya.","...<wrt:wait,30>Ya sudahlah.","...<wrt:wait,30>ช่างเถอะๆ","Aff... <wrt:wait,30>Chega, já deu."
,,,켈리,,1_기본,,,"후, 그래도 적어도 실력은 확실히 늘었네.","Sigh... Well, you’ve definitely improved. I’ll give you that.",ふう、少なくとも腕は確かに上がったわね。,呼，不过实力确实提升了不少。,呼，不過實力確實提升不少。,Зато техника у тебя сильно улучшилась!,"Haih... Baiklah, prestasi awak memang meningkat. Saya mengaku.","Phù, nhưng ít ra thực lực của cậu đúng là tiến bộ rõ rệt.","Uf, pero al menos tu habilidad definitivamente ha mejorado.",Setidaknya kemampuanmu memang meningkat.,ฮู้ว แต่อย่างน้อยฝีมือเธอก็ดีขึ้นอย่างชัดเจน,Mas... pelo menos você melhorou muito.
,,,켈리,,1_멋진미소,,,"<wrt:delay,5>...열심히 했구나, <txt:bold,2><txt:color,orange>아이리스</txt:color></txt:bold>.</wrt:delay>","<wrt:delay,5>You’ve been working hard, <txt:bold,2><txt:color,orange>Iris</txt:color></txt:bold>...</wrt:delay>","<wrt:delay,5>‥頑張ったわね、<txt:bold,2><txt:color,orange>アイリス</txt:color></txt:bold>。</wrt:delay>","<wrt:delay,5>‥看来你真的有在努力啊，<txt:bold,2><txt:color,orange>爱丽丝</txt:color></txt:bold>。</wrt:delay>","<wrt:delay,5>‥這段時間妳真的有在很努力啊，<txt:bold,2><txt:color,orange>愛麗絲</txt:color></txt:bold>。</wrt:delay>","<wrt:delay,5>Ты молодец, <txt:bold,2><txt:color,orange>Айрис</txt:color></txt:bold>.</wrt:delay>","<wrt:delay,5>Awak telah bekerja keras, <txt:bold,2><txt:color,orange>Iris</txt:color></txt:bold>...</wrt:delay>","<wrt:delay,5>...Cậu đã rất cố gắng rồi, <txt:bold,2><txt:color,orange>Iris</txt:color></txt:bold>.</wrt:delay>","<wrt:delay,5>...Te has esforzado mucho, <txt:bold,2><txt:color,orange>Iris</txt:color></txt:bold>.</wrt:delay>","<wrt:delay,5>...Kamu telah berusaha keras, <txt:bold,2><txt:color,orange>Iris</txt:color></txt:bold>.</wrt:delay>","<wrt:delay,5>...เธอตั้งใจทำเต็มที่เลยนะ <txt:bold,2><txt:color,orange>ไอริส</txt:color></txt:bold></wrt:delay>","<wrt:delay,5>Dá pra ver que você se dedicou de verdade, <txt:bold,2><txt:color,orange>Iris</txt:color></txt:bold>.</wrt:delay>"
,,,켈리,,1_기본,,,하지만! 아무튼 약속은 약속이야.,But! A deal’s a deal.,でも！とにかく約束は約束よ。,但是！规矩就是规矩。,不過！一碼歸一碼。,Но уговор есть уговор.,Tetapi! Janji tetap janji.,Nhưng mà! Dù sao thì lời hứa vẫn là lời hứa.,¡Sin embargo! Una promesa es una promesa de todos modos.,"Tapi! Bagaimanapun, kita telah berjanji.",แต่ว่า! สัญญาก็ต้องเป็นสัญญา,Mas combinado é combinado.
,,,켈리,,1_기본,,,네게 길을 알려줄 순 없어.,I can’t tell you the way in.,あなたに道を教えることはできないわ。,我还是不能告诉你那条路。,我還是不能告訴妳要怎麼去。,Дорогу я тебе не покажу.,Saya tak boleh beritahu awak jalan masuk.,Tôi không thể chỉ đường cho cậu.,No puedo indicarte el camino.,Aku tidak bisa memberitahumu jalannya.,ฉันบอกทางให้เธอไม่ได้,Não posso te mostrar o caminho.
,,,켈리,,1_멋진 미소,,,걱정하지 마. 내가 누구야.,Don’t worry. You know who I am.,心配しないで。私を誰だと思ってるの。,别担心。也不看看我是谁。,也別太擔心了，想想我是誰。,Не переживай. Ты же меня знаешь.,Jangan risau. Awak tahu siapa saya.,Đừng lo. Tôi là ai cơ chứ.,No te preocupes. Quién crees que soy.,Tenang saja. Siapa aku ini?,แต่ไม่ต้องห่วงหรอกนะ ฉันเป็นใครกันล่ะ,Mas não se preocupa. Eu dou um jeito.
,,,켈리,,1_멋진 미소,,,"<txt:bold,2><txt:color,orange>사라</txt:color></txt:bold>를 도울 방법은 내가 달리 알아볼게.","I’ll find another way to help <txt:bold,2><txt:color,orange>Sara</txt:color></txt:bold>.","<txt:bold,2><txt:color,orange>紗良</txt:color></txt:bold>を助ける方法は、私が別に探してみるから。","帮<txt:bold,2><txt:color,orange>莎拉</txt:color></txt:bold>的办法我会再想的。","我會用我自己的方式幫<txt:bold,2><txt:color,orange>莎拉</txt:color></txt:bold>的。","Мы придумаем другой способ помочь <txt:bold,2><txt:color,orange>Саре</txt:color></txt:bold>.","Saya akan cari cara lain untuk membantu <txt:bold,2><txt:color,orange>Sara</txt:color></txt:bold>.","Tôi sẽ tìm cách khác để giúp <txt:bold,2><txt:color,orange>Sara</txt:color></txt:bold>.","Buscaré otra forma de ayudar a <txt:bold,2><txt:color,orange>Sara</txt:color></txt:bold>.","Aku akan cari cara lain untuk membantu <txt:bold,2><txt:color,orange>Sara</txt:color></txt:bold>.","ฉันจะลองหาวิธีช่วย<txt:bold,2><txt:color,orange>ซาร่า</txt:color></txt:bold>แบบอื่นเอง","Vou achar outra forma de ajudar a <txt:bold,2><txt:color,orange>Sara</txt:color></txt:bold>."
,,,켈리,,1_기본,,,마침 괜찮은 찻잎을 하나 구했거든. 가서 차나 한잔하자.,"I actually just got my hands on some nice tea leaves. Come on, let’s go have a cup.",ちょうどいい茶葉を一つ手に入れたの。お茶でも一杯飲みましょう。,刚好弄到了不错的茶叶。走，先去喝杯茶。,剛好我弄到不錯的茶葉。走，去喝杯茶吧。,У меня как раз есть отличный чай. Давай заварим.,"Saya baru dapat daun teh yang bagus. Jom, mari kita minum secawan.",Vừa hay tôi kiếm được loại trà khá ổn. Đi uống một tách đi.,Justo conseguí unas buenas hojas de té. Vamos a tomar una taza.,Kebetulan aku dapat daun teh yang bagus. Ayo kita minum teh dulu.,ฉันได้ใบชาที่พอใช้ได้มาพอดี เราไปดื่มชากันสักแก้วเถอะ,Consegui um chá ótimo outro dia. Vamos tomar um pouco.
,,,아이리스,,1_안절부절,,,"으, 으음...",Mm...,う、うーん‥,唔，唔唔‥,唔、唔嗯‥,Э-э...,Mm...,"Ư, ừm...",E-em...,Ehmmm...,เอ่อ อืม...,Hum...
,,,TAG,,,,,"<sys:quiet,600>","<sys:quiet,600>","<sys:quiet,600>","<sys:quiet,600>","<sys:quiet,600>","<sys:quiet,600>","<sys:quiet,600>","<sys:quiet,600>","<sys:quiet,600>","<sys:quiet,600>","<sys:quiet,600>","<sys:quiet,600>"
,,,???,,,,,"자, 잠깐만요!!",W-Wait a moment!,ちょ、ちょっと待ってください！！,请、请等一下！！,等、等一下！！,С-секундочку!,T-Tunggu sebentar!,Khoa... khoan đã!!,¡U-un momento!!,S-sebentar!!,ดะ เดี๋ยวก่อนค่ะ!!,Só um segundo!
,,,TAG,,,,,"<cha:pos,정다희,2><cha:pos,켈리,0>","<cha:pos,정다희,2><cha:pos,켈리,0>","<cha:pos,정다희,2><cha:pos,켈리,0>","<cha:pos,정다희,2><cha:pos,켈리,0>","<cha:pos,정다희,2><cha:pos,켈리,0>","<cha:pos,정다희,2><cha:pos,켈리,0>","<cha:pos,정다희,2><cha:pos,켈리,0>","<cha:pos,정다희,2><cha:pos,켈리,0>","<cha:pos,정다희,2><cha:pos,켈리,0>","<cha:pos,정다희,2><cha:pos,켈리,0>","<cha:pos,정다희,2><cha:pos,켈리,0>","<cha:pos,정다희,2><cha:pos,켈리,0>"
,,,정다희,,1_외침,,exclam,"<txt:bold,2><txt:color,orange>아이리스</txt:color></txt:bold> 씨를 데려가시면 안 돼요!!","You can’t take <txt:bold,2><txt:color,orange>Iris</txt:color></txt:bold> away!","<txt:bold,2><txt:color,orange>アイリス</txt:color></txt:bold>さんを連れていっちゃダメです！！","<txt:bold,2><txt:color,orange>你们不能带走爱丽丝</txt:color></txt:bold>小姐！！","你們不能帶走<txt:bold,2><txt:color,orange>愛麗絲</txt:color></txt:bold>小姐！！","Не забирай <txt:bold,2><txt:color,orange>Айрис</txt:color></txt:bold>!","Awak tak boleh bawa <txt:bold,2><txt:color,orange>Iris</txt:color></txt:bold> pergi!","Không thể đưa <txt:bold,2><txt:color,orange>Iris</txt:color></txt:bold> đi được đâu!!","¡¡No puede llevarse a <txt:bold,2><txt:color,orange>Iris</txt:color></txt:bold>!!","Tolong jangan bawa <txt:bold,2><txt:color,orange>Iris</txt:color></txt:bold> pergi!!","จะพาคุณ<txt:bold,2><txt:color,orange>ไอริส</txt:color></txt:bold> ไปไม่ได้นะคะ!!","Por favor, não leva a <txt:bold,2><txt:color,orange>Iris</txt:color></txt:bold> embora!"
,,,TAG,,,,,"<sys:bgm,BGM_OVERDRIVE>","<sys:bgm,BGM_OVERDRIVE>","<sys:bgm,BGM_OVERDRIVE>","<sys:bgm,BGM_OVERDRIVE>","<sys:bgm,BGM_OVERDRIVE>","<sys:bgm,BGM_OVERDRIVE>","<sys:bgm,BGM_OVERDRIVE>","<sys:bgm,BGM_OVERDRIVE>","<sys:bgm,BGM_OVERDRIVE>","<sys:bgm,BGM_OVERDRIVE>","<sys:bgm,BGM_OVERDRIVE>","<sys:bgm,BGM_OVERDRIVE>"
,,,정다희,,1_외침,,,"지금 <txt:bold,2><txt:color,orange>사라</txt:color></txt:bold> 씨에겐 <txt:bold,2><txt:color,orange>아이리스</txt:color></txt:bold> 씨가 꼭 필요해요!!","<txt:bold,2><txt:color,orange>Sara</txt:color></txt:bold> needs <txt:bold,2><txt:color,orange>Iris</txt:color></txt:bold> right now!","今、<txt:bold,2><txt:color,orange>紗良</txt:color></txt:bold>さんには<txt:bold,2><txt:color,orange>アイリス</txt:color></txt:bold>さんがどうしても必要なんです！！","现在的<txt:bold,2><txt:color,orange>莎拉</txt:color></txt:bold>小姐，非常需要<txt:bold,2><txt:color,orange>爱丽丝</txt:color></txt:bold>小姐的帮助！！","現在的<txt:bold,2><txt:color,orange>莎拉</txt:color></txt:bold>非常需要<txt:bold,2><txt:color,orange>愛麗絲</txt:color></txt:bold>小姐！！","Она очень нужна <txt:bold,2><txt:color,orange>Саре</txt:color></txt:bold>!","<txt:bold,2><txt:color,orange>Sara</txt:color></txt:bold> perlukan <txt:bold,2><txt:color,orange>Iris</txt:color></txt:bold> sekarang!","Bây giờ <txt:bold,2><txt:color,orange>Sara</txt:color></txt:bold> nhất định cần <txt:bold,2><txt:color,orange>Iris</txt:color></txt:bold>!!","¡¡En este momento, <txt:bold,2><txt:color,orange>Sara</txt:color></txt:bold> necesita a <txt:bold,2><txt:color,orange>Iris</txt:color></txt:bold>!!","Sekarang, <txt:bold,2><txt:color,orange>Sara</txt:color></txt:bold> benar-benar membutuhkan <txt:bold,2><txt:color,orange>Iris</txt:color></txt:bold>!!","ตอนนี้คุณ<txt:bold,2><txt:color,orange>ซาร่า</txt:color></txt:bold> จำเป็นต้องมีคุณ<txt:bold,2><txt:color,orange>ไอริส</txt:color></txt:bold>ค่ะ!!","A <txt:bold,2><txt:color,orange>Sara</txt:color></txt:bold> precisa muito da <txt:bold,2><txt:color,orange>Iris</txt:color></txt:bold> agora!"
,,,켈리,,1_기본,,quest,넌... 누구니?,Who are you...?,あなたは‥誰？,你‥又是哪位？,妳是‥哪位？,Ты кто?,Awak siapa?,Cậu là... ai vậy?,¿Y tú... quién eres?,Kamu... Siapa kamu?,เธอ... เป็นใครน่ะ?,Quem... é você?
,,,켈리,,1_기본,,,"<txt:bold,2><txt:color,orange>아이리스</txt:color></txt:bold> 혹시 아는 애야? <wrt:break><txt:bold,1>이 아이, 땀투성이인 것 좀 봐.</txt:bold>","<txt:bold,2><txt:color,orange>Iris</txt:color></txt:bold>, do you know this kid? <wrt:break><txt:bold,1>She’s soaked in sweat.</txt:bold>","<txt:bold,2><txt:color,orange>アイリス</txt:color></txt:bold>、知り合い？<wrt:break><txt:bold,1>この子、すっかり汗だくよ。</txt:bold>","<txt:bold,2><txt:color,orange>爱丽丝</txt:color></txt:bold>，你认识这孩子吗？<wrt:break><txt:bold,1>瞧她这满头大汗的样子。</txt:bold>","<txt:bold,2><txt:color,orange>愛麗絲</txt:color></txt:bold>，妳認識這孩子嗎？<wrt:break><txt:bold,1>看她跑得滿頭大汗的。</txt:bold>","<txt:bold,2><txt:color,orange>Айрис</txt:color></txt:bold>, ты ее знаешь? <wrt:break><txt:bold,1>Девочка вся мокрая от пота.</txt:bold>","<txt:bold,2><txt:color,orange>Iris</txt:color></txt:bold>, awak kenal budak ini ke? <wrt:break><txt:bold,1>Dia berpeluh-peluh.</txt:bold>","<txt:bold,2><txt:color,orange>Iris</txt:color></txt:bold>, là người quen của cậu à? <wrt:break><txt:bold,1>Nhìn đứa trẻ này mồ hôi nhễ nhại kìa.</txt:bold>","¿Es alguien que conoces, <txt:bold,2><txt:color,orange>Iris</txt:color></txt:bold>? <wrt:break><txt:bold,1>Mira a esta chica, está cubierta de sudor.</txt:bold>","<txt:bold,2><txt:color,orange>Iris</txt:color></txt:bold>, kamu kenal anak ini? <wrt:break><txt:bold,1>Lihat dia sampai berkeringat seperti itu.</txt:bold>","<txt:bold,2><txt:color,orange>ไอริส</txt:color></txt:bold> เธอรู้จักรึเปล่า? <wrt:break><txt:bold,1>ดูสิ เด็กนี่เหงื่อโชกเลย</txt:bold>","<txt:bold,2><txt:color,orange>Iris</txt:color></txt:bold>, você conhece essa menina? <wrt:break><txt:bold,1>Olha só, ela tá encharcada de suor.</txt:bold>"
,,,아이리스,,1_의문,pause,,"아뇨, 저도 잘...",No... I’m not really sure...,いえ、私もよく‥,不认识，我也是第一次见‥,不認識耶，我也沒見過‥,Я ее не знаю...,Tidak... Saya tak pasti...,"Không, tôi cũng không...","No, yo tampoco la co...","Tidak, saya juga tidak...",ไม่นะคะ ฉันก็ไม่...,"Não, eu não..."
,,,정다희,,1_언짢,,,"역시 <txt:bold,2><txt:color,orange>아이리스</txt:color></txt:bold> 씨군요! 다행이다!","I knew it, you’re <txt:bold,2><txt:color,orange>Iris</txt:color></txt:bold>! Thank goodness!","やっぱり<txt:bold,2><txt:color,orange>アイリス</txt:color></txt:bold>さんですね！よかった！","果然是<txt:bold,2><txt:color,orange>爱丽丝</txt:color></txt:bold>小姐！太好了！","您果然就是<txt:bold,2><txt:color,orange>愛麗絲</txt:color></txt:bold>小姐！太好了！","Фух, <txt:bold,2><txt:color,orange>Айрис</txt:color></txt:bold>, я нашла тебя!","Dah agak, awaklah <txt:bold,2><txt:color,orange>Iris</txt:color></txt:bold>! Syukurlah!","Hóa ra là <txt:bold,2><txt:color,orange>Iris</txt:color></txt:bold>! Thật may quá!","¡Sí es <txt:bold,2><txt:color,orange>Iris</txt:color></txt:bold>! ¡Qué alivio!","Jadi Anda itu memang <txt:bold,2><txt:color,orange>Iris</txt:color></txt:bold> ya! Syukurlah!","คุณ<txt:bold,2><txt:color,orange>ไอริส</txt:color></txt:bold>จริงด้วยสินะคะ! ค่อยยังชั่ว!","Eu sabia que era você, <txt:bold,2><txt:color,orange>Iris</txt:color></txt:bold>! Que sorte!"
,,,정다희,,1_언짢,,,"갑작스럽게 얘기에 끼어들어서 죄송해요. 전 <txt:bold,2><txt:color,orange>다희</txt:color></txt:bold>라고 해요.","Sorry for interrupting... My name’s <txt:bold,2><txt:color,orange>Dahee</txt:color></txt:bold>.","急に話に割り込んですみません。私、<txt:bold,2><txt:color,orange>夏希</txt:color></txt:bold>といいます。","突然打断你们说话真的很抱歉。我叫<txt:bold,2><txt:color,orange>多熙</txt:color></txt:bold>。","抱歉突然插話。我叫<txt:bold,2><txt:color,orange>多熙</txt:color></txt:bold>。","Извиняюсь, что влезла в разговор. Я <txt:bold,2><txt:color,orange>Чон Дахи</txt:color></txt:bold>.","Maaf mengganggu... Nama saya <txt:bold,2><txt:color,orange>Dahee</txt:color></txt:bold>.","Xin lỗi vì đã đột ngột chen vào cuộc nói chuyện. Tôi là <txt:bold,2><txt:color,orange>Dahee</txt:color></txt:bold>.","Lamento entrometerme de repente en su conversación. Me llamo <txt:bold,2><txt:color,orange>Dahee</txt:color></txt:bold>.","Maaf tiba-tiba menyela. Nama saya <txt:bold,2><txt:color,orange>Dahee</txt:color></txt:bold>.","ขอโทษที่จู่ๆ ก็เข้ามาแทรกในบทสนทนาแบบนี้นะคะ ฉันชื่อ<txt:bold,2><txt:color,orange>ดาฮี</txt:color></txt:bold>ค่ะ","Desculpa me meter assim do nada. Meu nome é <txt:bold,2><txt:color,orange>Dahee</txt:color></txt:bold>."
,,,정다희,,1_쿨쿨,,,"여러 팀을 돌아다니며 도와달라고 했지만, 결국 모두 거절당해서 여기까지 오게 됐어요...","I went to team after team asking for help, but everyone turned me down, so I ended up here...",いろんなチームを回って助けを求めたんですけど、結局全部断られてここまで来たんです‥,我跑了好几个队伍去求助，但都被拒绝了，最后才找到这里来的‥,我跑遍了所有隊伍請求協助，但最後都被拒絕了，所以才找到這裡來‥,Ни одна команда не хочет мне помогать... Вот я и пришла сюда.,"Saya pergi ke setiap pasukan meminta bantuan, tetapi semua menolak saya, jadi saya sampai di sini...","Tôi đã đi khắp nơi để nhờ giúp đỡ, nhưng cuối cùng ai cũng từ chối nên mới tới tận đây...","Fui a varios equipos a pedir ayuda, pero al final todos me rechazaron y terminé llegando hasta aquí...","Saya sudah mencoba meminta bantuan ke berbagai tim, tapi semuanya menolak... jadi saya sampai ke sini...",ฉันไปขอความช่วยเหลือจากหลายทีมมาแล้ว แต่สุดท้ายก็ถูกปฏิเสธหมด จนมาถึงที่นี่แหละค่ะ...,"Fui em vários times pedir ajuda, mas todo mundo recusou... aí acabei vindo aqui..."
,,,정다희,,1_언짢,,,제가 지금부터 상황을 설명해 드릴게요.,Let me explain what’s going on.,私が今から状況を説明します。,我现在就把具体情况告诉你们。,請讓我向兩位說明現在的情況。,Сейчас обо всем расскажу.,Biar saya jelaskan apa yang berlaku.,Bây giờ tôi sẽ giải thích tình hình cho mọi người.,Les explicaré la situación a partir de ahora.,Sekarang akan saya jelaskan situasinya.,จากนี้ฉันจะอธิบายสถานการณ์ให้ฟังค่ะ,Vou contar tudo o que tá acontecendo.
,,,정다희,,1_외침,pause,exclam,"제발... <txt:bold,2><txt:color,orange>사라</txt:color></txt:bold> 씨를... 제 친구들을 도와주세요!!","Please... help <txt:bold,2><txt:color,orange>Sara</txt:color></txt:bold>. Help my friends!","お願いします‥<txt:bold,2><txt:color,orange>紗良</txt:color></txt:bold>さんを‥私の友達を助けてください！！","拜托了‥请救救<txt:bold,2><txt:color,orange>莎拉</txt:color></txt:bold>小姐‥救救我的朋友们吧！！","拜託了‥請兩位幫幫<txt:bold,2><txt:color,orange>莎拉</txt:color></txt:bold>‥還有我的朋友們！！","Только, пожалуйста, помогите <txt:bold,2><txt:color,orange>Саре</txt:color></txt:bold>!","Tolonglah... bantu <txt:bold,2><txt:color,orange>Sara</txt:color></txt:bold>. Bantu kawan-kawan saya!","Làm ơn... hãy giúp <txt:bold,2><txt:color,orange>Sara</txt:color></txt:bold>... giúp các bạn của tôi!!","Por favor... ¡¡ayuden a <txt:bold,2><txt:color,orange>Sara</txt:color></txt:bold>... y a mis amigos!!","Tolong... <txt:bold,2><txt:color,orange>Sara</txt:color></txt:bold>... dan juga teman-teman saya!!","ได้โปรด... ช่วยคุณ<txt:bold,2><txt:color,orange>ซาร่า</txt:color></txt:bold>... กับเพื่อนๆ ของฉันด้วยนะคะ!!","Por favor... ajudem a <txt:bold,2><txt:color,orange>Sara</txt:color></txt:bold>... e meus amigos!"
7,경기 전,#,MAP,,,,,애슈빌위즐스홈구장,애슈빌위즐스홈구장,애슈빌위즐스홈구장,애슈빌위즐스홈구장,애슈빌위즐스홈구장,애슈빌위즐스홈구장,애슈빌위즐스홈구장,애슈빌위즐스홈구장,애슈빌위즐스홈구장,애슈빌위즐스홈구장,애슈빌위즐스홈구장,애슈빌위즐스홈구장
,,#,BGM,,,,,BGM_IRREVERSIBLE2,BGM_IRREVERSIBLE2,BGM_IRREVERSIBLE2,BGM_IRREVERSIBLE2,BGM_IRREVERSIBLE2,BGM_IRREVERSIBLE2,BGM_IRREVERSIBLE2,BGM_IRREVERSIBLE2,BGM_IRREVERSIBLE2,BGM_IRREVERSIBLE2,BGM_IRREVERSIBLE2,BGM_IRREVERSIBLE2
,,#,라울,2,1_기본,,,,,,,,,,,,,,
,,#,어린 사라,-2,-1_미소,,,,,,,,,,,,,,
,,#,백시우_심연,-4,2_기본,,,,,,,,,,,,,,
,,#,서사라_유니폼,4,1_기본,,,,,,,,,,,,,,
,,,-,,,,,"<txt:bold,3><txt:color,grey>~7년 전, 애슈빌 위즐스와의 친선 경기 후~</txt:color></txt:bold>","<txt:bold,3><txt:color,grey>Seven years ago, after a friendly match against the Asheville Weasels</txt:color></txt:bold>","<txt:bold,3><txt:color,grey>～7年前、アッシュビルウィーズルズとの親善試合後～</txt:color></txt:bold>","<txt:bold,3><txt:color,grey>～7年前，与阿什维尔黄鼠狼队的友谊赛结束后～</txt:color></txt:bold>","<txt:bold,3><txt:color,grey>～7年前，與阿什維爾鼬鼠隊的友誼賽後～</txt:color></txt:bold>","<txt:bold,3><txt:color,grey>7 лет назад, после товарищеского матча с «Ашвилл Визлс»</txt:color></txt:bold>","<txt:bold,3><txt:color,grey>Tujuh tahun lalu, selepas perlawanan persahabatan menentang Asheville Weasels</txt:color></txt:bold>","<txt:bold,3><txt:color,grey>~ 7 năm trước, sau trận giao hữu với Asheville Weasels ~</txt:color></txt:bold>","<txt:bold,3><txt:color,grey>Hace 7 años, después del partido amistoso contra Asheville Weasels</txt:color></txt:bold>","<txt:bold,3><txt:color,grey>~7 tahun lalu, setelah Pertandingan persahabatan dengan Asheville Weasels~</txt:color></txt:bold>","<txt:bold,3><txt:color,grey>~7 ปีก่อน, หลังจากแมตช์กระชับมิตรกับแอชวิลล์วิซเซิล~</txt:color></txt:bold>","<txt:bold,3><txt:color,grey>7 anos atrás... #Após o Amistoso contra o Asheville Weasels</txt:color></txt:bold>"
,,,???,,,,,이거... 선물인데요. 받아주세요!,This is... a gift! Please take it!,これ‥プレゼントです。受け取ってください！,那个‥这是送给您的礼物。请收下吧！,這個‥是送給您的禮物。請收下！,Это вам... Подарок!,Ini... hadiah! Tolong ambil!,Em có... món quà nho nhỏ. Xin hãy nhận lấy!,Esto... es un regalo. ¡Por favor acéptelo!,Ini... hadiah untuk Anda. Mohon diterima!,นี่คือ... ของขวัญค่ะ ช่วยรับไว้ทีนะคะ!,"Aqui... é um presente. Por favor, aceita!"
,,,???,,,,,"<txt:bold,2><txt:color,orange>라울</txt:color></txt:bold> 선수! 사인 한 번만 해주세요!","<txt:bold,2><txt:color,orange>Raul</txt:color></txt:bold>! Can I have your autograph, please?","<txt:bold,2><txt:color,orange>ラウル</txt:color></txt:bold>選手！どうかサインお願いします！","<txt:bold,2><txt:color,orange>拉乌尔</txt:color></txt:bold>选手！请帮我签个名吧！","<txt:bold,2><txt:color,orange>拉烏爾</txt:color></txt:bold>選手！請幫我簽個名！","<txt:bold,2><txt:color,orange>Рауль</txt:color></txt:bold>! Можно автограф, пожалуйста!","<txt:bold,2><txt:color,orange>Raul</txt:color></txt:bold>! Nak autograf, boleh?","Tuyển thủ <txt:bold,2><txt:color,orange>Raul</txt:color></txt:bold> ơi! Ký tên cho em với!","¡<txt:bold,2><txt:color,orange>Raúl</txt:color></txt:bold>! ¡Por favor, deme un autógrafo!","Atlet <txt:bold,2><txt:color,orange>Raul</txt:color></txt:bold>! Apa boleh saya minta tanda tangan?","นักกีฬา<txt:bold,2><txt:color,orange>ราอุล</txt:color></txt:bold>! ขอลายเซ็นหน่อยค่ะ!","<txt:bold,2><txt:color,orange>Raul</txt:color></txt:bold>! Me dá um autógrafo, por favor!"
,,,라울,,1_무표정,,,줘.,Give it.,よこせ。,拿来。,拿來。,Давай.,Berikan.,Đưa đây.,Dámelo.,Dimana.,ส่งมา,Passa aqui.
,,,???,,,,,"가, 감사합니다...!",Th-Thank you...!,あ、ありがとうございます‥！,谢、谢谢您‥！,謝、謝謝‥！,С-спасибо!,Te-Terima kasih...!,Cảm ơn ạ...!,¡M-muchas gracias...!,T-terima kasih...!,ขะ ขอบคุณค่ะ...!,Valeu!
,,,라울,,1_무표정,,,다음.,Next.,次。,下一个。,下一個。,Следующий.,Lagi.,Người tiếp theo.,Siguiente.,Berikutnya.,ต่อไป,Próximo.
,,,라울,,1_짜증,,,...다음.,Next...,‥次。,‥下一个。,‥下一個。,Дальше кто?,Lagi...,...Tiếp theo.,...Siguiente.,...Berikutnya.,...ต่อไป,Próximo...
,,,어린 사라,,-1_미소,,,전 여기에 사인해 주세요!,"Could you sign mine here, please?",私はここにサインしてください！,请帮我签在这里！,請幫我簽在這裡！,"Подпишите здесь, пожалуйста.",Tolong tandatangan di sini?,Ký vào đây cho em với!,"¡A mí fírmeme aquí, por favor!",Tolong tanda tangan disini!,ช่วยเซ็นให้ฉันตรงนี้หน่อยนะคะ!,"Por favor, assina aqui pra mim!"
,,,???,,,,,"...어? 잠깐만, 그거 <txt:bold,2>애슈빌 위즐스</txt:bold> 유니폼이잖아.","Huh...? Hold on, that’s an <txt:bold,2>Asheville Weasels</txt:bold> jersey.","‥え？ちょっと待って、それ<txt:bold,2>アッシュビルウィーズルズ</txt:bold>のユニフォームじゃないか。","‥嗯？等一下，这可是<txt:bold,2>阿什维尔黄鼠狼队</txt:bold>的队服啊。","‥咦？等等，那不是<txt:bold,2>阿什維爾鼬鼠隊</txt:bold>的球衣嗎。","Э? Это же форма <txt:bold,2>«Визлс»</txt:bold>.","Hah...? Tunggu, itu jersi <txt:bold,2>Asheville Weasels</txt:bold>.","...Ơ? Chờ chút, đó là đồng phục <txt:bold,2>Asheville Weasels</txt:bold> mà.","...¿Eh? Un momento, ese es el uniforme de <txt:bold,2>Asheville Weasels</txt:bold>.","...Eh? Sebentar, itu kan seragam <txt:bold,2>Asheville Weasels</txt:bold>.","...โอ๊ะ? เดี๋ยวนะ นั่นมันยูนิฟอร์ม<txt:bold,2>แอชวิลล์วิซเซิล</txt:bold>นี่นา","Hã? Espera, essa é a camisa do <txt:bold,2>Asheville Weasels</txt:bold>."
,,,선수 A,,,,,"하하, 헷갈렸나 보네? 우리 팀 유니폼에 받는 게 좋지 않겠니?","Haha, you must be confused? Wouldn’t you rather get it on our team’s jersey?",ハハ、間違えたんじゃないかな？うちのチームのユニフォームにもらったほうがいいんじゃない？,哈哈，你是搞错了吧？签在我们队的队服上不是更好吗？,哈哈，妳搞錯了吧？要不要簽在我們隊的球衣上呀？,"Ха-ха, перепутала? Давай лучше распишусь на форме нашей команды.","Haha, awak silap ke? Tak nak ke dapatkan tandatangan pada jersi pasukan kami?","Haha, chắc em nhầm rồi? Nhận chữ ký trên áo đấu của đội chúng tôi thì hơn chứ?","Jaja, ¿parece que te confundiste? ¿No sería mejor que te firme en el uniforme de nuestro equipo?","Haha, sepertinya kamu salah membawa. Tidakkah lebih baik jika tanda tangan di Seragam kita?",ฮะฮะ สงสัยจะสับสนแฮะ? เซ็นบนยูนิฟอร์มของทีมเราไม่ดีกว่าเหรอ?,"Haha, acho que você se confundiu. Não seria melhor pedir o autógrafo na camisa do nosso time?"
,,,어린 사라,,-1_놀람,,quest,네? 아니에요!,Sorry? No.,え？違いますよ！,诶？才没有呢！,咦？不是的！,Нет!,Maaf? Tidak.,Dạ? Không ạ!,¿Eh? ¡No!,Eh? Bukan!,คะ? ไม่ค่ะ!,Hein? Não!
,,,어린 사라,,-1_흥,pause,,일부러 여기에 부탁드린 거예요.,I asked for it here on purpose.,わざとここにお願いしたんです。,我就是特意请他签在这里的。,我是特意請他簽在這裡的。,Я хочу именно тут.,Saya sengaja minta begini.,Em cố ý xin ký vào đây mà.,Le pedí que me firme aquí a propósito.,Saya sengaja meminta tanda tangan di sini.,ฉันตั้งใจให้เซ็นบนนี้แหละค่ะ,Pedi o autógrafo aqui de propósito.
,,,라울,,1_무표정,pause,,일부러?,On purpose?,わざと？,特意？,特意？,Вот как?,Sengaja?,Cố ý?,¿A propósito?,Sengaja?,ตั้งใจ?,De propósito?
,,,어린 사라,,-1_기본,,,"<txt:bold,2>애슈빌 위즐스와 경기할 때, <txt:color,orange>라울</txt:color> 씨가 무지 즐거워 보이거든요!</txt:bold>","<txt:bold,2>When you play against the Asheville Weasels, you look like you’re having so much fun, <txt:color,orange>Raul</txt:color>!</txt:bold>","<txt:bold,2>アッシュビルウィーズルズと試合するとき、<txt:color,orange>ラウル</txt:color>さんがすごく楽しそうなんです！</txt:bold>","因为<txt:bold,2>和阿什维尔黄鼠狼队比赛时，<txt:color,orange>拉乌尔</txt:color>先生看起来特别开心！</txt:bold>","<txt:bold,2>因為我覺得在跟阿什維爾鼬鼠隊比賽的時候，<txt:color,orange>拉烏爾</txt:color>選手看起來最開心了！</txt:bold>","<txt:bold,2>В матчах против «Ашвилл Визлс» вы выглядите очень счастливым!</txt:bold>","<txt:bold,2>Bila awak bermain menentang Asheville Weasels, awak nampak sangat seronok, <txt:color,orange>Raul</txt:color>!</txt:bold>","<txt:bold,2>Khi đấu với Asheville Weasels, tuyển thủ <txt:color,orange>Raul</txt:color> trông vui lắm!</txt:bold>","<txt:bold,2>¡Cuando juega contra Asheville Weasels, <txt:color,orange>Raúl</txt:color>, se ve muy feliz!</txt:bold>","<txt:bold,2>Karena saya melihat <txt:color,orange>Raul</txt:color> sangat menikmati saat bertanding melawan Asheville Weasels!</txt:bold>","<txt:bold,2>เพราะตอนที่แข่งกับแอชวิลล์วิซเซิล คุณ<txt:color,orange>ราอุล</txt:color>ดูสนุกมากเลยน่ะค่ะ!</txt:bold>","<txt:bold,2>Nas partidas contra o Asheville Weasels, <txt:color,orange>Raul</txt:color>, você fica superanimado!</txt:bold>"
,,,어린 사라,,-1_미소,,,진짜로요. 눈이 반짝반짝해요!,For real. Your eyes light up!,本当ですよ。目がキラキラしてるんです！,真的，眼睛都在闪闪发光！,是真的，眼睛都在閃閃發光呢！,Честно! Аж глаза светятся!,Betul. Mata awak bersinar!,Thật đó ạ. Mắt anh ấy sáng lấp lánh luôn!,De verdad. ¡Le brillan los ojos!,Benaran. Matanya sampai berkilap-kilap!,จริงๆ นะคะ ตาคุณเป็นประกายเลย!,Sério! Seus olhos chegam a brilhar!
,,,어린 사라,,-1_미소,,,그래서 여기에 받고 싶었어요.,That’s why I wanted your autograph here.,だから、ここにサインしてもらいたかったんです。,所以我想签在这里。,所以我才想簽在這件上面。,Поэтому я хочу автограф на этой форме.,Sebab itu saya nak autograf awak di sini.,Nên em muốn nhận trên đây.,Por eso quería que me firmara aquí.,Oleh karena itu saya meminta tanda tangan di sini.,ฉันก็เลยอยากให้เซ็นบนนี้ค่ะ,Por isso eu queria o autógrafo exatamente aqui.
,,,어린 사라,,-1_기본,,,"아, 맞다! 제 이름은 <txt:bold,2><txt:color,orange>서사라</txt:color></txt:bold>예요!","Oh, right! My name’s <txt:bold,2><txt:color,orange>Sara Seo</txt:color></txt:bold>!","あ、そうだ！私の名前は<txt:bold,2><txt:color,orange>有田紗良</txt:color></txt:bold>です！","啊，对了！我的名字叫<txt:bold,2><txt:color,orange>徐莎拉</txt:color></txt:bold>！","啊，對了！我叫<txt:bold,2><txt:color,orange>徐莎拉</txt:color></txt:bold>！","Меня зовут <txt:bold,2><txt:color,orange>Со Сара</txt:color></txt:bold>.","Oh, ya! Nama saya <txt:bold,2><txt:color,orange>Sara Seo</txt:color></txt:bold>!","A, đúng rồi! Em tên là <txt:bold,2><txt:color,orange>Seo Sara</txt:color></txt:bold>!","¡Ah, es cierto! ¡Mi nombre es <txt:bold,2><txt:color,orange>Sara</txt:color></txt:bold>!","Oh, ya! Nama saya adalah <txt:bold,2><txt:color,orange>Sara Seo</txt:color></txt:bold>!","อ้อ จริงสิ! ฉันชื่อ<txt:bold,2><txt:color,orange>ซอซาร่า</txt:color></txt:bold>ค่ะ!","Ah, é verdade! Meu nome é <txt:bold,2><txt:color,orange>Sara Seo</txt:color></txt:bold>!"
,,,어린 사라,,-1_미소,,,"저는 언젠가 <txt:bold,2><txt:color,orange>켈리</txt:color></txt:bold> 씨보다 더 강하고 재밌는 선수가 될 거예요.","I’m going to be an even stronger and more exciting player than <txt:bold,2><txt:color,orange>Kelly</txt:color></txt:bold> someday.","私はいつか<txt:bold,2><txt:color,orange>ケリー</txt:color></txt:bold>さんより強くて、戦っていて楽しい選手になるのが夢なんです。","总有一天，我会成为比<txt:bold,2><txt:color,orange>凯莉</txt:color></txt:bold>小姐更强、更有趣的选手。","我總有一天，會成為比<txt:bold,2><txt:color,orange>凱莉</txt:color></txt:bold>更強、更有趣的選手。","Когда-нибудь я буду играть даже лучше <txt:bold,2><txt:color,orange>Келли</txt:color></txt:bold>!","Saya akan menjadi pemain yang lebih kuat dan hebat daripada <txt:bold,2><txt:color,orange>Kelly</txt:color></txt:bold> suatu hari nanti.","Một ngày nào đó em sẽ trở thành tuyển thủ mạnh hơn và thú vị hơn cả <txt:bold,2><txt:color,orange>Kelly</txt:color></txt:bold>.","Algún día me convertiré en una jugadora más fuerte y divertida que <txt:bold,2><txt:color,orange>Kelly</txt:color></txt:bold>.","Suatu saat nanti saya akan menjadi atlet yang lebih hebat dan menarik daripada <txt:bold,2><txt:color,orange>Kelly</txt:color></txt:bold>.","สักวันหนึ่งฉันจะเป็นนักกีฬาที่แข็งแกร่งและน่าสนใจกว่าคุณ<txt:bold,2><txt:color,orange>เคลลี่</txt:color></txt:bold>","Um dia, quero ser uma jogadora mais forte e mais legal que a <txt:bold,2><txt:color,orange>Kelly</txt:color></txt:bold>."
,,,어린 사라,,-1_미소,,,"그리고 <txt:bold,2><txt:color,orange>라울</txt:color></txt:bold> 씨, <wrt:wait,30>당신을 꼭 이길 거예요.","And <txt:bold,2><txt:color,orange>Raul</txt:color></txt:bold>, <wrt:wait,30>I’m going to beat you.","そして<txt:bold,2><txt:color,orange>ラウル</txt:color></txt:bold>さん、<wrt:wait,30>あなたに絶対勝ちます。","还有<txt:bold,2><txt:color,orange>拉乌尔</txt:color></txt:bold>先生，<wrt:wait,30>我一定会打败你的。","而且<wrt:wait,30>一定會打敗你的，<txt:bold,2><txt:color,orange>拉烏爾</txt:color></txt:bold>。","И вас... <wrt:wait,30>Обыграю.","Dan <txt:bold,2><txt:color,orange>Raul</txt:color></txt:bold>, <wrt:wait,30>saya akan kalahkan awak.","Anh <txt:bold,2><txt:color,orange>Raul</txt:color></txt:bold>, <wrt:wait,30>em nhất định sẽ thắng anh.","Y <txt:bold,2><txt:color,orange>Raúl</txt:color></txt:bold>, <wrt:wait,30>definitivamente lo venceré.","Dan <txt:bold,2><txt:color,orange>Raul</txt:color></txt:bold>, <wrt:wait,30>saya juga akan mengalahkan Anda.","แล้วก็คุณ<txt:bold,2><txt:color,orange>ราอุล</txt:color></txt:bold> <wrt:wait,30>ฉันจะเอาชนะคุณให้ได้เลยค่ะ","E vou <wrt:wait,30>te derrotar, <txt:bold,2><txt:color,orange>Raul</txt:color></txt:bold>."
,,,라울,,1_짜증,,,"...<wrt:wait,30>훗, 그런 소리 하는 선수들은 한 트럭쯤 있어. ","...<wrt:wait,30>Heh, I’ve heard that from a truckload of players.","‥<wrt:wait,30>フッ、そんなこと言う選手は山ほどいるぞ。","‥<wrt:wait,30>哼，说这种大话的选手我见得多了。","‥<wrt:wait,30>哼，說這種話的選手我聽多了。","...<wrt:wait,30>Ну таких заявлений я слышал сотни.","...<wrt:wait,30>Heh, melambak pemain lain yang pernah cakap begitu.","...<wrt:wait,30>Ha, những tuyển thủ nói như vậy nhiều vô kể.","...<wrt:wait,30>Je, hay un montón de jugadores que dicen ese tipo de cosas.","...<wrt:wait,30>Hah, aku telah berkali-kali mendengar atlet lain berbicara seperti itu.","...<wrt:wait,30>หึ นักกีฬาที่พูดแบบนั้นน่ะมีเพียบเลยล่ะ","Humpf... <wrt:wait,30>tem um monte de jogador que fala isso."
,,,라울,,1_짜증,,,나를 따라잡으려 하지 마. 실망하게 될 테니까.,Don’t try to chase me. You’ll only be disappointed.,俺に追いつこうとするな。失望するだけだ。,别妄想追赶我，你会失望的。,妳還是別白費力氣想追上我了，會失望的。,Не пытайся меня догнать. Разочаруешься.,Jangan cuba kejar saya. Awak hanya akan kecewa.,Đừng cố đuổi theo ta. Nhóc sẽ chỉ thất vọng thôi.,No intentes alcanzarme. Porque terminarás decepcionada.,Jangan terlalu mencoba untuk mengejarku. Karena itu akan membuatmu kecewa.,อย่าพยายามจะตามฉันให้ทันเลยดีกว่า เพราะเธอจะต้องผิดหวังแน่นอน,"Nem tenta chegar no meu nível, só vai se frustrar."
,,,TAG,,,,,"<sys:quiet,3000>","<sys:quiet,3000>","<sys:quiet,3000>","<sys:quiet,3000>","<sys:quiet,3000>","<sys:quiet,3000>","<sys:quiet,3000>","<sys:quiet,3000>","<sys:quiet,3000>","<sys:quiet,3000>","<sys:quiet,3000>","<sys:quiet,3000>"
,,,어린 사라,,-1_놀람,,,왜요? 오히려 그런 상대가 있는 게 더 재밌지 않아요?,Why? Isn’t it more fun to have someone to chase?,なんでですか？むしろ、そういう相手がいたほうが楽しくないですか？,为什么？有这样的对手不是更有趣吗？,為什麼？有那樣的對手不是比較有趣嗎？,Почему? Так даже интереснее!,Kenapa? Bukankah lebih seronok ada orang untuk dikejar?,Tại sao ạ? Có đối thủ như vậy chẳng phải càng thú vị hơn sao?,"¿Por qué? Al contrario, ¿no es más divertido tener un rival así?",Kenapa? Bukankah lebih menarik jika ada lawan seperti itu?,ทำไมล่ะคะ? การมีคู่แข่งแบบนั้นไม่น่าสนุกกว่าเหรอคะ?,Por quê? Não é mais legal ter um rival assim?
,,,어린 사라,,-1_기본,,,"졌다면, 또 훈련하면 되죠.","If you lose, you just train harder.",負けたら、また練習すればいいじゃないですか。,如果输了，再训练就好了呀。,如果輸了，再練習不就好了。,"Если проиграю, то просто стану тренироваться больше.","Kalau kalah, hanya perlu berlatih lebih keras.",Nếu thua thì luyện tập tiếp là được mà.,"Si pierdo, solo tengo que volver a entrenar.","Kalau saya kalah, maka tinggal latihan lagi.",ถ้าแพ้ แค่ฝึกซ้อมอีกก็ได้,"E se perder, é só treinar mais."
,,,어린 사라,,-1_미소,,,"또 하고, 또 하고, 또 하면 되잖아요.","And again, and again, and again.",また練習して、また練習して、また練習すればいいんです。,练一次，两次，三次，直到赢为止。,練一次、兩次，一直到贏了為止。,Снова и снова. Пока не получится.,"Dan lagi, dan lagi, dan lagi.","Cứ tiếp tục, tiếp tục, rồi tiếp tục nữa là được chứ gì.","Solo tengo que hacerlo una, y otra, y otra vez.","Lagi, lagi, dan lagi.","แล้วก็ฝึกซ้อมอีกครั้ง, อีกครั้ง และอีกครั้งไปเรื่อยๆ","Treinar mais, e mais, e mais."
,,,어린 사라,,-1_미소,,,"<txt:bold,2><txt:color,orange>라울</txt:color></txt:bold> 씨도 처음부터 <txt:bold,1>'최강'</txt:bold>이었던 건 아니잖아요.","You weren’t <txt:bold,1>the strongest</txt:bold> from the start either, <txt:bold,2><txt:color,orange>Raul</txt:color></txt:bold>.","<txt:bold,2><txt:color,orange>ラウル</txt:color></txt:bold>さんだって、最初から<txt:bold,1>「最強」</txt:bold>だったわけじゃないですよね。","<txt:bold,2><txt:color,orange>拉乌尔</txt:color></txt:bold>先生也不是从一开始就是<txt:bold,1>'最强'</txt:bold>的吧。","<txt:bold,2><txt:color,orange>拉烏爾</txt:color></txt:bold>選手也不是一開始就是<txt:bold,1>「最強」</txt:bold>的吧。","Вы же не родились сразу <txt:bold,1>чемпионом</txt:bold>.","Awak pun bukan <txt:bold,1>yang paling kuat</txt:bold> dari awal, <txt:bold,2><txt:color,orange>Raul</txt:color></txt:bold>.","Anh <txt:bold,2><txt:color,orange>Raul</txt:color></txt:bold> cũng đâu phải từ đầu đã là <txt:bold,1>mạnh nhất</txt:bold>.","<txt:bold,2><txt:color,orange>Raúl</txt:color></txt:bold>, usted tampoco fue el <txt:bold,1>'más fuerte'</txt:bold> desde el principio.","<txt:bold,2><txt:color,orange>Raul</txt:color></txt:bold> juga tidak langsung jadi yang <txt:bold,1>terkuat</txt:bold> sejak awal, kan.","คุณ<txt:bold,2><txt:color,orange>ราอุล</txt:color></txt:bold>ก็ไม่ได้ <txt:bold,1>'แข็งแกร่งที่สุด'</txt:bold> มาตั้งแต่แรกนี่คะ","<txt:bold,2><txt:color,orange>Raul</txt:color></txt:bold>, você também não foi o <txt:bold,1>«mais forte»</txt:bold> desde sempre, né?"
,,,선수 B,,,,,"<txt:shake,1>...어, <txt:bold,2><txt:color,orange>라울</txt:color></txt:bold> 씨, 애가 무슨 뜻이 있어서 그런 건 아니고, 아직 어려서 장난을...</txt:shake>","<txt:shake,1>Uh... She didn’t mean anything by it, <txt:bold,2><txt:color,orange>Raul</txt:color></txt:bold>. She’s just a kid messing aro...</txt:shake>","<txt:shake,1>‥あの、<txt:bold,2><txt:color,orange>ラウル</txt:color></txt:bold>さん。この子は悪気があるわけじゃなくて、まだ幼いからふざけて‥</txt:shake>","<txt:shake,1>‥呃，<txt:bold,2><txt:color,orange>拉乌尔</txt:color></txt:bold>先生，这孩子没什么恶意，还小不懂事，开玩笑的‥</txt:shake>","<txt:shake,1>‥呃，<txt:bold,2><txt:color,orange>拉烏爾</txt:color></txt:bold>選手，這孩子沒別的意思，年紀還小愛開玩笑而已‥</txt:shake>","<txt:shake,1>Ох... <txt:bold,2><txt:color,orange>Рауль</txt:color></txt:bold>, не воспринимайте всерьез, она еще маленькая.</txt:shake>","<txt:shake,1>Uh... Dia cakap mengarut, <txt:bold,2><txt:color,orange>Raul</txt:color></txt:bold>. Dia cuma budak yang main-main...</txt:shake>","<txt:shake,1>...Ơ, <txt:bold,2><txt:color,orange>Raul</txt:color></txt:bold>, đứa bé này không có ý gì đâu, chỉ là còn nhỏ nên đùa thôi...</txt:shake>","<txt:shake,1>...<txt:bold,2><txt:color,orange>Raúl</txt:color></txt:bold>, la niña no lo dice con mala intención, todavía es joven y solo está bromeando...</txt:shake>","<txt:shake,1>...Eh, <txt:bold,2><txt:color,orange>Raul</txt:color></txt:bold>, anak ini tidak punya niat jahat, mungkin karena dia masih muda...</txt:shake>","<txt:shake,1>...เอ่อ คุณ<txt:bold,2><txt:color,orange>ราอุล</txt:color></txt:bold> เธอไม่ได้จะพูดสื่อถึงอะไรหรอกนะ เธอแค่ยังเด็กก็เลย...</txt:shake>","<txt:shake,1>Ah, <txt:bold,2><txt:color,orange>Raul</txt:color></txt:bold>, ela não quis ofender... ainda é criança...</txt:shake>"
,,,TAG,,,,,"<sys:bgm,BGM_SAVIOR_SEO_SARA,2000>","<sys:bgm,BGM_SAVIOR_SEO_SARA,2000>","<sys:bgm,BGM_SAVIOR_SEO_SARA,2000>","<sys:bgm,BGM_SAVIOR_SEO_SARA,2000>","<sys:bgm,BGM_SAVIOR_SEO_SARA,2000>","<sys:bgm,BGM_SAVIOR_SEO_SARA,2000>","<sys:bgm,BGM_SAVIOR_SEO_SARA,2000>","<sys:bgm,BGM_SAVIOR_SEO_SARA,2000>","<sys:bgm,BGM_SAVIOR_SEO_SARA,2000>","<sys:bgm,BGM_SAVIOR_SEO_SARA,2000>","<sys:bgm,BGM_SAVIOR_SEO_SARA,2000>","<sys:bgm,BGM_SAVIOR_SEO_SARA,2000>"
,,,-,,,,,"<cha:highlight,라울><cha:face,라울,1_기본><txt:color,grey>(씨익)</txt:color>","<cha:highlight,라울><cha:face,라울,1_기본><txt:color,grey>(smirk)</txt:color>","<cha:highlight,라울><cha:face,라울,1_기본><txt:color,grey>(ニヤリ)</txt:color>","<cha:highlight,라울><cha:face,라울,1_기본><txt:color,grey>（坏笑）</txt:color>","<cha:highlight,라울><cha:face,라울,1_기본><txt:color,grey>（咧嘴一笑）</txt:color>","<cha:highlight,라울><cha:face,라울,1_기본><txt:color,grey>(Хе-хе)</txt:color>","<cha:highlight,라울><cha:face,라울,1_기본><txt:color,grey>(sengih)</txt:color>","<cha:highlight,라울><cha:face,라울,1_기본><txt:color,grey>*Cười nhếch*</txt:color>","<cha:highlight,라울><cha:face,라울,1_기본><txt:color,grey>(Sonríe)</txt:color>","<cha:highlight,라울><cha:face,라울,1_기본><txt:color,grey>(Heh)</txt:color>","<cha:highlight,라울><cha:face,라울,1_기본><txt:color,grey>(แสยะ)</txt:color>","<cha:highlight,라울><cha:face,라울,1_기본><txt:color,grey>(sorrisinho)</txt:color>"
,,,라울,,1_기본,pause,,재밌네. 멋대로 해.,"Not bad, kid. Do whatever you want.",面白い。好きにしろ。,有意思。随你便吧。,有點意思。隨妳便吧。,"Любопытно. Делай, как хочешь.",Ya tak ya juga. Suka hati awaklah.,Thú vị đấy. Cứ tùy ý đi.,Qué divertido. Haz lo que quieras.,Menarik sekali. Terserahlah.,น่าสนุกแฮะ ตามใจเถอะ,Interessante. Faz o que quiser.
,,,TAG,,,,,"<cha:pos,라울,4><cha:pos,어린 사라,0>","<cha:pos,라울,4><cha:pos,어린 사라,0>","<cha:pos,라울,4><cha:pos,어린 사라,0>","<cha:pos,라울,4><cha:pos,어린 사라,0>","<cha:pos,라울,4><cha:pos,어린 사라,0>","<cha:pos,라울,4><cha:pos,어린 사라,0>","<cha:pos,라울,4><cha:pos,어린 사라,0>","<cha:pos,라울,4><cha:pos,어린 사라,0>","<cha:pos,라울,4><cha:pos,어린 사라,0>","<cha:pos,라울,4><cha:pos,어린 사라,0>","<cha:pos,라울,4><cha:pos,어린 사라,0>","<cha:pos,라울,4><cha:pos,어린 사라,0>"
,,,어린 사라,,-1_미소,,,"...<wrt:wait,30>우와! <cha:pop,어린 사라>정말 받았어, <txt:size,2><txt:bold,2><txt:color,orange>라울</txt:color></txt:bold> 씨의 사인을 받았어!!</txt:size>","...<wrt:wait,30>Whoa! <cha:pop,어린 사라>I got it! I actually got <txt:size,2><txt:bold,2><txt:color,orange>Raul</txt:color></txt:bold>’s autograph!</txt:size>","‥<wrt:wait,30>わあ！<cha:pop,어린 사라>本当にもらえた、<txt:size,2><txt:bold,2><txt:color,orange>ラウル</txt:color></txt:bold>さんのサインもらえた！！</txt:size>","‥<wrt:wait,30>哇！<cha:pop,어린 사라>真的签了，<txt:size,2><txt:bold,2><txt:color,orange>拉乌尔</txt:color></txt:bold>先生真的给我签名了！！</txt:size>","‥<wrt:wait,30>哇！<cha:pop,어린 사라>我真的拿到了，<txt:size,2><txt:bold,2><txt:color,orange>拉烏爾</txt:color></txt:bold>選手的簽名！！</txt:size>","...<wrt:wait,30>Ух ты! <cha:pop,어린 사라>У меня есть <txt:size,2>автограф <txt:bold,2><txt:color,orange>Рауля</txt:color></txt:bold>!</txt:size>","...<wrt:wait,30>Whoa! <cha:pop,어린 사라>Saya dapat! Saya betul-betul dapat autograf <txt:size,2><txt:bold,2><txt:color,orange>Raul</txt:color></txt:bold>!</txt:size>","...<wrt:wait,30>Wow! <cha:pop,어린 사라>Em có được rồi, chữ ký của anh <txt:size,2><txt:bold,2><txt:color,orange>Raul</txt:color></txt:bold>!!</txt:size>","...<wrt:wait,30>¡Guau! <cha:pop,어린 사라>¡De verdad lo recibí! <txt:size,2>¡Recibí el autógrafo de <txt:bold,2><txt:color,orange>Raúl</txt:color></txt:bold>!</txt:size>","...<wrt:wait,30>Wah! <cha:pop,어린 사라>Aku telah memperolehnya, <txt:size,2>tanda tangan langsung dari <txt:bold,2><txt:color,orange>Raul</txt:color></txt:bold>!!</txt:size>","...<wrt:wait,30>ว้าว! <cha:pop,어린 사라>ได้รับมาจริงๆ <txt:size,2>ฉันได้รับลายเซ็นของคุณ<txt:bold,2><txt:color,orange>ราอุล</txt:color></txt:bold>แล้ว!!</txt:size>","Ah! <wrt:wait,30>Gente! <cha:pop,어린 사라>Consegui! <txt:size,2>Consegui o autógrafo do <txt:bold,2><txt:color,orange>Raul!</txt:color></txt:bold></txt:size>"
,,,어린 사라,,-1_미소,,,"헤헤, 꼭 그렇게 할게요!","Hehe, I will!",えへへ、頑張りますね！,嘿嘿，我一定会做到的！,嘿嘿，我一定會說到做到的！,"Хе-хе, у меня все получится!",Hehe... baiklah!,"Hehe, nhất định em sẽ làm vậy!","Jeje, ¡definitivamente lo haré!","Hehe, iya saya akan pasti melakukannya!",ฮิฮิ ฉันจะทำแบบนั้นให้ได้เลยค่ะ!,"Hehe, e eu vou conseguir mesmo!"
,,,어린 사라,,-1_미소,,,"<txt:size,2>기대해 주세요!</txt:size>","<txt:size,2>Just you wait!</txt:size>","<txt:size,2>楽しみにしててください！</txt:size>","<txt:size,2>请拭目以待吧！</txt:size>","<txt:size,2>拭目以待吧！</txt:size>","<txt:size,2>Вот увидите!</txt:size>","<txt:size,2>Tunggulah nanti!</txt:size>","<txt:size,2>Hãy chờ em nhé!</txt:size>","<txt:size,2>¡Espérelo con ansias!</txt:size>","<txt:size,2>Nantikan saya ya!</txt:size>","<txt:size,2>ช่วยตั้งตารอด้วยนะคะ!</txt:size>","<txt:size,2> Fica de olho!</txt:size>"
,,,TAG,,,,,"<eff:black,3>","<eff:black,3>","<eff:black,3>","<eff:black,3>","<eff:black,3>","<eff:black,3>","<eff:black,3>","<eff:black,3>","<eff:black,3>","<eff:black,3>","<eff:black,3>","<eff:black,3>"
,,,TAG,,,,,"<cha:qpos,라울,4><cha:qpos,어린 사라,-4><sys:qmap,팬텀리그_경기장><cha:qpos,서사라_유니폼,2><cha:qpos,백시우_심연,-2>","<cha:qpos,라울,4><cha:qpos,어린 사라,-4><sys:qmap,팬텀리그_경기장><cha:qpos,서사라_유니폼,2><cha:qpos,백시우_심연,-2>","<cha:qpos,라울,4><cha:qpos,어린 사라,-4><sys:qmap,팬텀리그_경기장><cha:qpos,서사라_유니폼,2><cha:qpos,백시우_심연,-2>","<cha:qpos,라울,4><cha:qpos,어린 사라,-4><sys:qmap,팬텀리그_경기장><cha:qpos,서사라_유니폼,2><cha:qpos,백시우_심연,-2>","<cha:qpos,라울,4><cha:qpos,어린 사라,-4><sys:qmap,팬텀리그_경기장><cha:qpos,서사라_유니폼,2><cha:qpos,백시우_심연,-2>","<cha:qpos,라울,4><cha:qpos,어린 사라,-4><sys:qmap,팬텀리그_경기장><cha:qpos,서사라_유니폼,2><cha:qpos,백시우_심연,-2>","<cha:qpos,라울,4><cha:qpos,어린 사라,-4><sys:qmap,팬텀리그_경기장><cha:qpos,서사라_유니폼,2><cha:qpos,백시우_심연,-2>","<cha:qpos,라울,4><cha:qpos,어린 사라,-4><sys:qmap,팬텀리그_경기장><cha:qpos,서사라_유니폼,2><cha:qpos,백시우_심연,-2>","<cha:qpos,라울,4><cha:qpos,어린 사라,-4><sys:qmap,팬텀리그_경기장><cha:qpos,서사라_유니폼,2><cha:qpos,백시우_심연,-2>","<cha:qpos,라울,4><cha:qpos,어린 사라,-4><sys:qmap,팬텀리그_경기장><cha:qpos,서사라_유니폼,2><cha:qpos,백시우_심연,-2>","<cha:qpos,라울,4><cha:qpos,어린 사라,-4><sys:qmap,팬텀리그_경기장><cha:qpos,서사라_유니폼,2><cha:qpos,백시우_심연,-2>","<cha:qpos,라울,4><cha:qpos,어린 사라,-4><sys:qmap,팬텀리그_경기장><cha:qpos,서사라_유니폼,2><cha:qpos,백시우_심연,-2>"
,,,-,,,,,"<txt:bold,3><txt:color,grey>~팬텀 리그 주 경기장. 1세트 경기 종료~</txt:color></txt:bold>","<txt:bold,3><txt:color,grey>Phantom League main arena. End of Set 1</txt:color></txt:bold>","<txt:bold,3><txt:color,grey>～ファントムリーグのメインスタジアム、第1セット終了～</txt:color></txt:bold>","<txt:bold,3><txt:color,grey>～幻影联赛主赛场。第一局比赛结束～</txt:color></txt:bold>","<txt:bold,3><txt:color,grey>～幻影聯賽主球場。第一局結束～</txt:color></txt:bold>","<txt:bold,3><txt:color,grey>Главный корт «Фантом-лиги». Конец 1-го сета</txt:color></txt:bold>","<txt:bold,3><txt:color,grey>Arena utama Liga Phantom. Tamat Set 1</txt:color></txt:bold>","<txt:bold,3><txt:color,grey>~ Sân đấu chính Phantom League. Kết thúc Set 1 ~</txt:color></txt:bold>","<txt:bold,3><txt:color,grey>Cancha principal de la Liga Fantasma. Fin del 1er set</txt:color></txt:bold>","<txt:bold,3><txt:color,grey>~Lapangan pertandingan utama Liga Phantom. Akhir Set 1~</txt:color></txt:bold>","<txt:bold,3><txt:color,grey>~สนามแข่งหลักของแฟนธอมลีก สิ้นสุดการแข่งขันเซ็ต 1~</txt:color></txt:bold>","<txt:bold,3><txt:color,grey>Fim do 1º set #Quadra Principal da Liga Phantom</txt:color></txt:bold>"
,,,백시우_심연,,2_기본,,,"헉, 헉... <txt:bold,2><txt:color,orange>사라</txt:color></txt:bold>야...?","Hah, hah... <txt:bold,2><txt:color,orange>Sara</txt:color></txt:bold>...?","はぁ、はぁ‥<txt:bold,2><txt:color,orange>紗良</txt:color></txt:bold>‥？","哈啊，哈啊‥<txt:bold,2><txt:color,orange>莎拉</txt:color></txt:bold>‥？","呼、呼‥<txt:bold,2><txt:color,orange>莎拉</txt:color></txt:bold>‥？","Ха... Ха... <txt:bold,2><txt:color,orange>Са-сара</txt:color></txt:bold>, это ты?","Hah, hah... <txt:bold,2><txt:color,orange>Sara</txt:color></txt:bold>...?","*Hộc, hộc* <txt:bold,2><txt:color,orange>Sara</txt:color></txt:bold> hả...?","Ah, ah... ¿<txt:bold,2><txt:color,orange>Sara</txt:color></txt:bold>...?","Hughh, huughh... <txt:bold,2><txt:color,orange>Sara</txt:color></txt:bold>...?","แฮ่ก แฮ่ก... <txt:bold,2><txt:color,orange>ซาร่า</txt:color></txt:bold>...?","Uff... uff... <txt:bold,2><txt:color,orange>Sara</txt:color></txt:bold>?"
,,,백시우_심연,,2_기본,,,"어떻게, 네가 여기에...",How... how are you here...?,どうしてお前がここに‥,你怎么会在这里‥,妳怎麼‥會在這裡‥,Как ты сюда попала?,Bagaimana... bagaimana awak ada di sini...?,Sao cậu lại ở đây...,Cómo es que tú estás aquí...,Bagaimana kamu bisa di...,เธอมาที่นี่ได้ยังไง...,Como... você tá aqui?
,,,서사라_유니폼,,1_기본,,,"다 방법이 있지~ 그동안 많이 힘들었지. <txt:bold,2><txt:color,orange>시우</txt:color></txt:bold>야?","I have my ways. It’s been rough, hasn’t it, <txt:bold,2><txt:color,orange>Siwoo</txt:color></txt:bold>?","方法はあるのよ～ずっと大変だったでしょ、<txt:bold,2><txt:color,orange>新</txt:color></txt:bold>。","自然有我的办法呀～这段时间辛苦你了，<txt:bold,2><txt:color,orange>时宇</txt:color></txt:bold>。","當然是想辦法進來的呀～這陣子辛苦你了，<txt:bold,2><txt:color,orange>時宇</txt:color></txt:bold>。","Нашла способ. Нелегко тебе пришлось, <txt:bold,2><txt:color,orange>Шиу</txt:color></txt:bold>?","Saya ada cara saya. Memang susah, kan, <txt:bold,2><txt:color,orange>Siwoo</txt:color></txt:bold>?","Tôi có cách mà. Suốt thời gian qua cậu đã vất vả rồi, <txt:bold,2><txt:color,orange>Siwoo</txt:color></txt:bold> nhỉ?","Tengo mis métodos. Has pasado por mucho, ¿verdad, <txt:bold,2><txt:color,orange>Siwoo</txt:color></txt:bold>?","Semua ada caranya~ Kamu telah berusaha keras selama ini. <txt:bold,2><txt:color,orange>Siwoo</txt:color></txt:bold>!","ทุกอย่างก็มีวิธีทั้งนั้นแหละ~ ที่ผ่านมานายคงเหนื่อยมากเลยใช่ไหม <txt:bold,2><txt:color,orange>ชีอู</txt:color></txt:bold>?","Eu dei um jeito. Você passou por muita coisa, né, <txt:bold,2><txt:color,orange>Siwoo</txt:color></txt:bold>?"
,,,서사라_유니폼,,1_미소2,,,잠깐 쉬고 있어. 이제 괜찮아. ,Take a breather. I’ve got this.,ちょっと休んでて。もう大丈夫だから。,先休息一会儿吧。接下来交给我。,有我在，你先休息一下吧。,Теперь все хорошо. Можешь отдохнуть.,Rehatlah sekejap. Biar saya uruskan.,Nghỉ một chút đi. Giờ ổn rồi.,Descansa un poco. Ahora todo estará bien.,Istirahatlah sebentar. Sekarang semua akan baik-baik saja.,พักสักหน่อยเถอะ ตอนนี้ไม่เป็นไรแล้ว,Descansa um pouco. Agora vai ficar tudo bem.
,,,TAG,,,,,"<cha:pos,백시우_심연,-4><cha:pos,서사라_유니폼,-2><cha:pos,라울,2>","<cha:pos,백시우_심연,-4><cha:pos,서사라_유니폼,-2><cha:pos,라울,2>","<cha:pos,백시우_심연,-4><cha:pos,서사라_유니폼,-2><cha:pos,라울,2>","<cha:pos,백시우_심연,-4><cha:pos,서사라_유니폼,-2><cha:pos,라울,2>","<cha:pos,백시우_심연,-4><cha:pos,서사라_유니폼,-2><cha:pos,라울,2>","<cha:pos,백시우_심연,-4><cha:pos,서사라_유니폼,-2><cha:pos,라울,2>","<cha:pos,백시우_심연,-4><cha:pos,서사라_유니폼,-2><cha:pos,라울,2>","<cha:pos,백시우_심연,-4><cha:pos,서사라_유니폼,-2><cha:pos,라울,2>","<cha:pos,백시우_심연,-4><cha:pos,서사라_유니폼,-2><cha:pos,라울,2>","<cha:pos,백시우_심연,-4><cha:pos,서사라_유니폼,-2><cha:pos,라울,2>","<cha:pos,백시우_심연,-4><cha:pos,서사라_유니폼,-2><cha:pos,라울,2>","<cha:pos,백시우_심연,-4><cha:pos,서사라_유니폼,-2><cha:pos,라울,2>"
,,,라울,,1_짜증,,,차례차례 기어 나오는군. 팬 서비스라도 하는 거냐?,"One after another, crawling out of the woodwork. Putting on a show for the crowd?",次から次へと湧いてくるな。ファンサービスでもしてるのか？,一个接一个地冒出来啊。这是在搞什么粉丝见面会吗？,一個接著一個冒出來啊。是在搞什麼粉絲見面會嗎？,"Ну надо же, лезут по очереди. Для зрителей стараетесь?","Satu demi satu, keluar dari persembunyian. Buat pertunjukan untuk penonton?",Lần lượt bò ra hết nhỉ. Định làm fan service hay sao?,Siguen arrastrándose uno por uno. ¿Acaso esto es un servicio para los fans?,Kalian terus menerus datang bergiliran. Apa kalian sedang melakukan Fan Service?,ค่อยๆ โผล่กันออกมาทีละคนเลยนะ จะทำแฟนเซอร์วิสรึไง?,Estão aparecendo um por um... é algum tipo de showzinho pros fãs?
,,,서사라_유니폼,,-1_미소2,,,"<txt:bold,2><txt:color,orange>라울</txt:color></txt:bold> 씨. <txt:bold,2><txt:color,orange>5대 스파이커</txt:color></txt:bold>가 된 뒤로는 처음 뵙네요. 오랜만이에요.","<txt:bold,2><txt:color,orange>Raul</txt:color></txt:bold>. This is our first time meeting since I joined the <txt:bold,2><txt:color,orange>Big Five</txt:color></txt:bold>. It’s been a while.","<txt:bold,2><txt:color,orange>ラウル</txt:color></txt:bold>さん。<txt:bold,2><txt:color,orange>5大スパイカー</txt:color></txt:bold>になってからは初めてお会いしますね。お久しぶりです。","<txt:bold,2><txt:color,orange>拉乌尔</txt:color></txt:bold>先生。自从我成为<txt:bold,2><txt:color,orange>五大主攻手</txt:color></txt:bold>之后，这还是我们第一次见面呢。好久不见。","<txt:bold,2><txt:color,orange>拉烏爾</txt:color></txt:bold>選手，這還是我成為<txt:bold,2><txt:color,orange>五大主攻手</txt:color></txt:bold>後第一次見到你呢，好久不見了。","<txt:bold,2><txt:color,orange>Рауль</txt:color></txt:bold>. Мы не виделись с тех пор, как я стала одной из <txt:bold,2><txt:color,orange>пятерки нападающих</txt:color></txt:bold>.","<txt:bold,2><txt:color,orange>Raul</txt:color></txt:bold>. Ini kali pertama kita bertemu sejak saya menjadi salah seorang daripada <txt:bold,2><txt:color,orange>lima perejam terbaik dunia</txt:color></txt:bold>. Lama tak jumpa.","<txt:bold,2><txt:color,orange>Raul</txt:color></txt:bold>. Từ sau khi trở thành một trong <txt:bold,2><txt:color,orange>Top 5 Tay Đập</txt:color></txt:bold> thì đây là lần đầu tôi gặp lại anh. Lâu rồi không gặp.","<txt:bold,2><txt:color,orange>Raúl</txt:color></txt:bold>. Es la primera vez que lo veo desde que pasé a formar parte de los <txt:bold,2><txt:color,orange>cinco mejores rematadores</txt:color></txt:bold>. Ha pasado mucho tiempo.","<txt:bold,2><txt:color,orange>Raul</txt:color></txt:bold>. Ini pertama kalinya kita bertemu sejak saya menjadi <txt:bold,2><txt:color,orange>5 Spiker Terbaik</txt:color></txt:bold>. Lama tak jumpa.","คุณ<txt:bold,2><txt:color,orange>ราอุล</txt:color></txt:bold> หลังจากได้เป็น<txt:bold,2><txt:color,orange>ตัวตบท็อป 5</txt:color></txt:bold> นี่ก็เป็นครั้งแรกที่เราเจอกันเลยนะคะ นานมากแล้วจริงๆ","<txt:bold,2><txt:color,orange>Raul</txt:color></txt:bold>, é a primeira vez que a gente se encontra depois que virei uma das <txt:bold,2><txt:color,orange>5 Melhores Atacantes</txt:color></txt:bold>. Quanto tempo, hein?"
,,,라울,,1_무표정,pause,,"뭐가 <txt:bold,2><txt:color,orange>5대 스파이커</txt:color></txt:bold>냐. ","<txt:bold,2><txt:color,orange>Big Five</txt:color></txt:bold>, my ass.","何が<txt:bold,2><txt:color,orange>5大スパイカー</txt:color></txt:bold>だ。","别跟我提什么<txt:bold,2><txt:color,orange>五大主攻手</txt:color></txt:bold>。","什麼<txt:bold,2><txt:color,orange>五大主攻手</txt:color></txt:bold>。","Какая <txt:bold,2><txt:color,orange>пятерка</txt:color></txt:bold>...","<txt:bold,2><txt:color,orange>Lima perejam terbaik dunia</txt:color></txt:bold>, merepeklah.","<txt:bold,2><txt:color,orange>Top 5 Tay Đập</txt:color></txt:bold> cái gì chứ.","Qué <txt:bold,2><txt:color,orange>cinco mejores rematadores</txt:color></txt:bold> ni qué nada.","<txt:bold,2><txt:color,orange>5 Spiker Terbaik</txt:color></txt:bold>, kau bilang.","<txt:bold,2><txt:color,orange>ตัวตบท็อป 5</txt:color></txt:bold> อะไรกัน","Que <txt:bold,2><txt:color,orange>5 Melhores Atacantes</txt:color></txt:bold>, o quê."
,,,라울,,1_짜증,pause,,너 같은 애송이랑 동급으로 묶이다니. 참을 수가 없군.,Being lumped in with some rookie like you. Makes my skin crawl.,お前みたいな小娘と同格扱いされるなんてな。聞き捨てならねぇ。,居然和你这种毛头小孩并列，真是让我忍无可忍。,居然把我和妳這種小鬼相提並論，簡直是奇恥大辱。,Это же бред. У нас разный уровень.,Digolong bersama budak mentah macam awak. Menyampah saya.,"Bị xếp ngang hàng với nhóc con như cô, đúng là không chịu nổi.",Ser puesto al mismo nivel que una novata como tú. Es insoportable.,Diberi julukan yang sama dengan anak bocah sepertimu. Aku tidak bisa terima hal itu.,ถูกจัดให้อยู่ระดับเดียวกับมือใหม่อย่างเธอ ฉันรับไม่ได้จริงๆ,Ser comparado a uma pirralha como você? Ridículo.
,,,서사라_유니폼,,-1_미소2,,,동감이에요. ,I feel the same way.,同感です。,我也有同感。,我也有同感。,Согласна.,Saya pun rasa begitu.,Tôi cũng đồng ý.,Estoy de acuerdo.,Begitu juga dengan saya.,เห็นด้วยค่ะ,Concordo.
,,,서사라_유니폼,,-1_미소1,,,"왜냐하면 <txt:bold,2><txt:color,orange>라울</txt:color></txt:bold> 씨, 배구 정말 못하잖아요.","Because honestly <txt:bold,2><txt:color,orange>Raul</txt:color></txt:bold>, you’re terrible at volleyball.","だって、<txt:bold,2><txt:color,orange>ラウル</txt:color></txt:bold>さん、バレー下手じゃないですか。","因为<txt:bold,2><txt:color,orange>拉乌尔</txt:color></txt:bold>先生，你的排球打得真的很烂。","因為<txt:bold,2><txt:color,orange>拉烏爾</txt:color></txt:bold>選手，排球打得真的很爛耶。","Ты ужасно играешь, <txt:bold,2><txt:color,orange>Рауль</txt:color></txt:bold>.","Sebab sebenarnya <txt:bold,2><txt:color,orange>Raul</txt:color></txt:bold>, awak teruk dalam bola tampar.","Vì <txt:bold,2><txt:color,orange>Raul</txt:color></txt:bold> này, anh chơi bóng chuyền dở thật đấy.","Porque, <txt:bold,2><txt:color,orange>Raúl</txt:color></txt:bold>, no sabe jugar voleibol.","Apalagi karena <txt:bold,2><txt:color,orange>Raul</txt:color></txt:bold>, tidak tahu cara main bola voli.","เพราะคุณ<txt:bold,2><txt:color,orange>ราอุล</txt:color></txt:bold>เล่นวอลเลย์บอลไม่ได้เรื่องเลยนี่คะ","Afinal, <txt:bold,2><txt:color,orange>Raul</txt:color></txt:bold>, você tá jogando muito mal."
,,,라울,,1_짜증,pause,,...뭐?,What...?,‥何だと？,‥你说什么？,‥什麼？,Чего?,Apa...?,...Cái gì?,...¿Qué?,...Apa?,...ว่าไงนะ?,O quê?
,,,서사라_유니폼,,-1_기본,,,"예전의 <txt:bold,2><txt:color,orange>라울</txt:color></txt:bold> 씨는 힘과 기술을 두루 갖춘 선수였죠.",You used to have both power and technique. The total package.,"昔の<txt:bold,2><txt:color,orange>ラウル</txt:color></txt:bold>さんは力と技術を兼ね備えた選手でしたよね。","以前的<txt:bold,2><txt:color,orange>拉乌尔</txt:color></txt:bold>先生，是兼具力量与技术的选手。","以前的<txt:bold,2><txt:color,orange>拉烏爾</txt:color></txt:bold>，可是個兼具力量與技術的選手。",Когда-то ты был сильным и с хорошей техникой.,Dulu awak ada kuasa dan teknik. Pakej lengkap.,"Trước đây <txt:bold,2><txt:color,orange>Raul</txt:color></txt:bold> là tuyển thủ hội đủ cả sức mạnh lẫn kỹ thuật.","Antes, <txt:bold,2><txt:color,orange>Raúl</txt:color></txt:bold>, usted era un jugador que combinaba fuerza y técnica.","Dulu <txt:bold,2><txt:color,orange>Raul</txt:color></txt:bold>, Anda adalah atlet yang memiliki kedua teknik dan kemampuan.","เมื่อก่อนคุณ<txt:bold,2><txt:color,orange>ราอุล</txt:color></txt:bold>เคยเป็นนักกีฬาที่มีครบทั้งพละกำลังแล้วก็ฝีมือ","Antes, <txt:bold,2><txt:color,orange>Raul</txt:color></txt:bold>, você tinha tanto força quanto técnica."
,,,서사라_유니폼,,-1_미소2,,,"누군가는 <txt:bold,2><txt:color,orange>빅토르</txt:color></txt:bold>가 최고라고 말하겠지만, 제가 본 최고의 공격수는 당신이었어요.","Some people would say <txt:bold,2><txt:color,orange>Victor</txt:color></txt:bold>’s the best, but the greatest attacker I ever saw was you.","ある人は<txt:bold,2><txt:color,orange>ビクトル</txt:color></txt:bold>が最高だって言うかもしれませんけど、私の中では、最高のアタッカーはあなたでした。","虽然有人说<txt:bold,2><txt:color,orange>维克托</txt:color></txt:bold>才是最强的，但在我眼中，最顶尖的攻击手是你。","雖然有人說<txt:bold,2><txt:color,orange>維克托</txt:color></txt:bold>是最強的，但在我看來，最好的攻擊手一直是你。","Даже лучше <txt:bold,2><txt:color,orange>Виктора</txt:color></txt:bold>. Хотя многие так и не думают.","Ada orang kata <txt:bold,2><txt:color,orange>Victor</txt:color></txt:bold> yang terbaik, tetapi penyerang paling hebat pernah saya lihat ialah awak.","Có người sẽ nói <txt:bold,2><txt:color,orange>Victor</txt:color></txt:bold> mới là số một, nhưng tay công xuất sắc nhất mà tôi từng thấy chính là anh.","Algunos dirán que <txt:bold,2><txt:color,orange>Victor</txt:color></txt:bold> es el mejor, pero el mejor atacante que yo he visto era usted.","Orang lain menyebut <txt:bold,2><txt:color,orange>Victor</txt:color></txt:bold> sebagai yang terhebat, tapi Andalah penyerang terbaik yang pernah saya lihat.","บางคนอาจจะบอกว่า<txt:bold,2><txt:color,orange>วิกเตอร์</txt:color></txt:bold>คือสุดยอด แต่สำหรับฉัน คุณคือนักบุกที่ยอดเยี่ยมที่สุดเลย","Muita gente acha que o <txt:bold,2><txt:color,orange>Victor</txt:color></txt:bold> é o número um, mas pra mim o melhor atacante sempre foi você."
,,,서사라_유니폼,,-1_미소1,,,그런데 지금은 힘에만 의존하는 단순한 공격뿐이잖아요.,Now all you do is rely on brute force. One-dimensional.,でも、今は力に頼るだけの単純な攻撃ばかりじゃないですか。,可现在的你，只是个只会依赖蛮力的单纯攻击手罢了。,可是現在的你，只會依賴蠻力進行單調的攻擊。,Но сейчас ты полагаешься только на силу. Слишком просто.,Sekarang awak hanya menggunakan kekerasan. Satu dimensi.,"Nhưng giờ thì anh chỉ còn là kiểu tấn công đơn điệu, chỉ biết dựa vào sức mạnh thôi.",Pero ahora sus ataques son simples y solo dependen de la fuerza.,"Tapi coba lihat Anda sekarang, hanya mengandalkan kekuatan untuk menyerang.",แต่ตอนนี้คุณแค่บุกโดยอาศัยพละกำลังล้วนๆ,"Mas agora você só faz ataques simples, baseados só em força."
,,,서사라_유니폼,,-1_무표정,,,"솔직히, <wrt:wait,30><txt:bold,1>실망이에요.</txt:bold>","Honestly, <wrt:wait,30><txt:bold,1>I’m disappointed</txt:bold>.","正直、<wrt:wait,30><txt:bold,1>がっかりです。</txt:bold>","说实话，<wrt:wait,30><txt:bold,1>我挺失望的。</txt:bold>","坦白說，<wrt:wait,30><txt:bold,1>我很失望。</txt:bold>","Если честно, <wrt:wait,30><txt:bold,1>я разочарована.</txt:bold>","Sejujurnya, <wrt:wait,30><txt:bold,1>saya kecewa</txt:bold>.","Thành thật mà nói, tôi <wrt:wait,30><txt:bold,1>thất vọng</txt:bold> lắm.","Sinceramente, <wrt:wait,30><txt:bold,1>me decepciona.</txt:bold>","Kalau saya boleh jujur, <wrt:wait,30><txt:bold,1>saya agak kecewa.</txt:bold>","พูดกันตามตรง <wrt:wait,30><txt:bold,1>มันน่าผิดหวังนะคะ</txt:bold>","Sinceramente, <wrt:wait,30><txt:bold,1>tô decepcionada</txt:bold>."
,,,라울,,1_기본,,,"...하, 웃음이 다 나오는군. ","Ha, that’s a good one.",‥はっ、笑わせるな。,‥哈，真是笑掉大牙了。,‥哈，真虧妳說得出口。,Ну насмешила.,"Ha, baguslah tu.","...Ha, đúng là buồn cười thật.","...Ja, me da hasta risa.","...Hah, lucu sekali kamu itu.",...เฮอะ น่าขำชะมัด,Rá! Só pode ser piada.
,,,라울,,1_기본,,,삼류 스포츠 기자라도 흉내 내는 건가.,"What is this, third-rate sports journalism now?",三流スポーツ記者の真似のつもりか？,什么时候轮到你来客串三流体育记者了？,妳是在模仿什麼三流體育記者嗎？,Что за дешевая аналитика?,"Apa ini, ulasan sukan kadar rendah?",Cô đang bắt chước phóng viên thể thao ba xu đấy à.,¿Estás imitando a un reportero deportivo de tercera?,Mau sok jadi jurnalis olahraga amatiran?,เธอกำลังทำตัวเป็นนักข่าวกีฬากระจอกๆ อยู่รึไง,Tá fingindo ser alguma repórterzinha barata?
,,,라울,,1_기본,,,그런 분석에 매달릴 거면 코트에 설 필요도 없지 않나?,"If you’re so hung up on analysis, maybe you don’t belong on the court.",そんな分析に頼るなら、コートに立つ必要もないんじゃないか？,既然这么喜欢分析，还回球场干什么？,既然要沉溺於那種無聊的分析，那妳根本沒必要站在球場上吧？,"Если любишь поболтать, то садись на скамейку к журналистам.","Kalau awak minat sangat dengan analisis, mungkin awak tidak patut berada di gelanggang.",Nếu định bám vào mấy kiểu phân tích đó thì cũng chẳng cần đứng trên sân nữa đâu nhỉ?,"Si vas a aferrarte a ese tipo de análisis, ¿no deberías mejor no pararte en la cancha?",Apa kamu disini untuk main atau terus terpaku dengan analisis seperti itu?,ถ้าจะเอาแต่ยึดติดกับการวิเคราะห์แบบนั้น ก็ไม่เห็นต้องมายืนบนสนามเลยนะ?,"Se é pra falar com base nessas análises, nem devia estar na quadra."
,,,서사라_유니폼,,-1_무표정,,,이렇게까지 말해도 아직 와닿지 않나 보군요.,"You still don’t get it, even when I’m spelling it out.",ここまで言っても、まだピンとこないみたいですね。,看来无论我怎么说，你还是没意识到啊。,話都說到這個份上了，看來還是白費口舌。,Ты так и не понял.,"Awak masih tidak faham, walaupun saya sudah jelaskan.",Nói tới mức này mà anh vẫn chưa cảm nhận được sao.,"Parece que incluso diciendo todo esto, aún no lo entiende.","Saya sudah mengatakan dengan cukup jelas, tapi sepertinya Anda masih tidak paham.",ฉันพูดถึงขนาดนี้แล้ว คุณก็ยังไม่เข้าใจสินะคะ,"Mesmo falando tudo isso, você ainda não entendeu, né?"
,,,서사라_유니폼,,-1_화남,,,이런 곳에서 왕처럼 군림하며 다른 선수들을 짓밟는 사이 감이 무뎌졌나 봐요.,"Sitting in this place like a king, crushing other players... I guess it has dulled your senses.",こんなところで王様みたいに君臨して他の選手を踏みにじってる間に、感覚が鈍ったんでしょうね。,在这种地方像土皇帝一样蹂躏其他选手，让你的感觉都变迟钝了吧。,想必是在這種地方稱霸久了，習慣將其他選手踩在腳下，現在連感覺都變遲鈍了。,"Видимо, играя тут в короля, ты растерял форму.","Duduk di tempat ini seperti raja, menghancurkan pemain lain... Saya rasa ia telah menumpulkan kebolehan awak.","Có lẽ vì anh ngự trị như vua ở cái nơi này, chà đạp những tuyển thủ khác quá lâu nên cảm giác cũng chai lì rồi.",Parece que ha perdido su instinto mientras reinaba como un rey en este lugar pisoteando a otros jugadores.,Terlalu lama jadi 'raja' di tempat seperti ini dan terbiasa menginjak-injak atlet lain. Makanya jadi tumpul.,สงสัยสัญชาตญาณของคุณคงจะเสื่อมลง ระหว่างที่ใช้ชีวิตเหมือนราชาพร้อมกับเหยียบย่ำนักกีฬาคนอื่นอยู่ในที่แบบนี้,Imagino que dominar esse lugar e esmagar os jogadores te deixou enferrujado.
,,,라울,,1_짜증,,,더 얘기할 거 없어.,We’re done talking.,もう話すことはない。,没必要废话了。,廢話就免了。,Хватит болтать.,Cukuplah bercakap.,Không cần nói thêm nữa.,No hay nada más que hablar.,Tidak ada lagi yang perlu dibicarakan.,ฉันไม่มีอะไรจะคุยด้วยแล้ว,Não tenho mais nada a dizer.
,,,라울,,1_기본,,,마음에 안 들면 더 배구를 잘하면 돼.,"If you don’t like it, play better.",気に入らないなら、もっとバレーの腕を上げろ。,如果看我不爽，就用实力说话。,既然妳看不順眼，就在球場上拿出妳的本事。,"Лучше покажи, на что способна.","Kalau tak suka, bermainlah dengan lebih baik.",Không vừa ý thì cứ chơi bóng chuyền giỏi hơn đi.,"Si no te gusta, solo tienes que jugar mejor al voleibol.","Kalau tidak suka, tinggal jadi lebih jago.",ถ้าไม่ถูกใจ ก็แค่เล่นวอลเลย์บอลให้เก่งขึ้น,"Se te incomoda, jogue melhor."
,,,라울,,1_기본,,,그리고 승리를 가져오면 된다. 그게 선수가 할 일이지.,Win. That’s what a player’s supposed to do.,そして勝利をもぎ取ればいい。それが選手としてやるべきことだ。,赢下比赛，这才是选手该做的事。,然後贏下這場比賽。這才是選手該做的事。,Игрок должен побеждать. Все просто.,Menang. Itulah tugas seorang pemain.,Rồi mang chiến thắng về. Đó là việc tuyển thủ phải làm.,Y llevarte la victoria. Eso es lo que debe hacer un jugador.,Dan bawa pulang kemenangan. Itu tugas seorang atlet.,แล้วก็คว้าชัยชนะมา นั่นแหละคือสิ่งที่นักกีฬาต้องทำ,E traga a vitória. É isso que um jogador tem que fazer.
,,,서사라_유니폼,,-1_미소1,,,...좋아요.,...Fine.,‥いいです。,‥好啊。,‥好啊。,...Тут я согласна.,Baiklah. Hal itu kita setuju.,...Được thôi.,...De acuerdo.,...Bagus.,...ดีเลยค่ะ,...Ótimo.
,,,서사라_유니폼,,-1_화남,,,"<txt:bold,1>반드시 이기겠어요. 절대 지지 않을 거예요.</txt:bold>","<txt:bold,1>I will win. I won’t lose to you.</txt:bold>","<txt:bold,1>必ず勝ちます。絶対に負けません。</txt:bold>","<txt:bold,1>我一定会赢的。绝对不会输给你。</txt:bold>","<txt:bold,1>我一定會贏的，絕對不會輸給你。</txt:bold>","<txt:bold,1>Я выиграю. У тебя нет шансов.</txt:bold>","<txt:bold,1>Saya akan menang. Saya takkan kalah kepada awak.</txt:bold>","<txt:bold,1>Tôi nhất định sẽ thắng. Tôi tuyệt đối sẽ không thua đâu.</txt:bold>","<txt:bold,1>Definitivamente ganaré. No perderé bajo ninguna circunstancia.</txt:bold>","<txt:bold,1>Saya pasti menang. Saya tidak akan kalah.</txt:bold>","<txt:bold,1>ฉันจะชนะให้ได้ ฉันจะไม่แพ้เด็ดขาด</txt:bold>","<txt:bold,1>Eu vou ganhar. Não vou ser derrotada.</txt:bold>"
,,,라울,,1_기본,,,"<txt:bold,1>우연이군. 이쪽도 질 생각이 조금도 없거든.</txt:bold>","<txt:bold,1>What a coincidence. I don’t plan on losing either.</txt:bold>","<txt:bold,1>奇遇だな。こっちだって、負ける気は微塵もないぞ。</txt:bold>","<txt:bold,1>巧了。我也根本没打算输。</txt:bold>","<txt:bold,1>真巧，我也完全沒有輸的打算。</txt:bold>","<txt:bold,1>Забавно. Я ведь тоже не проиграю.</txt:bold>","<txt:bold,1>Iya ke? Saya pun tak nak kalah.</txt:bold>","<txt:bold,1>Trùng hợp thật. Tôi đây cũng không có ý định thua dù chỉ một chút.</txt:bold>","<txt:bold,1>Qué coincidencia. Yo tampoco tengo la más mínima intención de perder.</txt:bold>","<txt:bold,1>Kebetulan. Aku juga sama sekali tidak berniat kalah.</txt:bold>","<txt:bold,1>บังเอิญจังแฮะ เพราะฉันก็ไม่คิดจะแพ้เลยเหมือนกัน</txt:bold>","<txt:bold,1>Que coincidência. Eu também não tenho a menor intenção de perder.</txt:bold>"
,경기 승리,#,MAP,,,,,,,,,,,,,,,,
,,#,BGM,,,,,BGM_REUNITED,BGM_REUNITED,BGM_REUNITED,BGM_REUNITED,BGM_REUNITED,BGM_REUNITED,BGM_REUNITED,BGM_REUNITED,BGM_REUNITED,BGM_REUNITED,BGM_REUNITED,BGM_REUNITED
,,#,백시우_심연,4,2_기본,,,,,,,,,,,,,,
,,#,서사라_유니폼,4,1_미소2,,,,,,,,,,,,,,
,,#,상현,4,1_실눈,,,,,,,,,,,,,,
,,#,이사벨,4,1_기본,,,,,,,,,,,,,,
,,#,오아시스_유니폼,4,1_찡그림,,,,,,,,,,,,,,
,,#,코치 콜먼,4,1_기본,,,,,,,,,,,,,,
,,#,정다희,4,1_당황,,,,,,,,,,,,,,
,,#,아이리스,4,1_기본,,,,,,,,,,,,,,
,,#,이사벨,4,1_기본,,,,,,,,,,,,,,
,,#,마윤석,4,1_기본,,,,,,,,,,,,,,
,,,TAG,,,,,"<sys:nogui,리모컨><scr:timer,20><scr:noskip>","<sys:nogui,리모컨><scr:timer,20><scr:noskip>","<sys:nogui,리모컨><scr:timer,20><scr:noskip>","<sys:nogui,리모컨><scr:timer,20><scr:noskip>","<sys:nogui,리모컨><scr:timer,20><scr:noskip>","<sys:nogui,리모컨><scr:timer,20><scr:noskip>","<sys:nogui,리모컨><scr:timer,20><scr:noskip>","<sys:nogui,리모컨><scr:timer,20><scr:noskip>","<sys:nogui,리모컨><scr:timer,20><scr:noskip>","<sys:nogui,리모컨><scr:timer,20><scr:noskip>","<sys:nogui,리모컨><scr:timer,20><scr:noskip>","<sys:nogui,리모컨><scr:timer,20><scr:noskip>"
,,,TAG,,,,,"<eff:shake,2><sys:scene,사라_경기>","<eff:shake,2><sys:scene,사라_경기>","<eff:shake,2><sys:scene,사라_경기>","<eff:shake,2><sys:scene,사라_경기>","<eff:shake,2><sys:scene,사라_경기>","<eff:shake,2><sys:scene,사라_경기>","<eff:shake,2><sys:scene,사라_경기>","<eff:shake,2><sys:scene,사라_경기>","<eff:shake,2><sys:scene,사라_경기>","<eff:shake,2><sys:scene,사라_경기>","<eff:shake,2><sys:scene,사라_경기>","<eff:shake,2><sys:scene,사라_경기>"
,,,이사벨,,-,,,"<scr:noskip>후훗, 듣던 대로 대단한걸! 이렇게 빨리 팀에 녹아들 줄이야!","<scr:noskip>Hehe, impressive! Didn’t think you’d gel with the team this fast!",<scr:noskip>ふふっ、噂通り凄いわね！こんなに早くチームに溶け込むなんて！,<scr:noskip>呵呵，果然名不虚传！这么快就能融入团队！,<scr:noskip>呵呵，果然名不虛傳！竟然能這麼快就融入團隊！,"<scr:noskip>Ха-ха, кто же знал, что ты так быстро вольешься в команду?","<scr:noskip>Hehe, hebatnya! Tak sangka awak akan serasi dengan pasukan secepat ini!","<scr:noskip>Kaka, đúng như lời đồn, cậu giỏi thật đấy! Không ngờ lại hòa nhập với đội nhanh đến vậy!","<scr:noskip>Jeje, ¡es tan increíble como había escuchado! ¡No imaginaba que se integraría al equipo tan rápido!","<scr:noskip>Huhu, luar biasa seperti yang kudengar! Cepat sekali bisa menyesuaikan diri dengan tim!",<scr:noskip>ฮิฮิ ยอดเยี่ยมเหมือนที่ได้ยินมาเลยแฮะ! ไม่คิดเลยว่าจะปรับตัวเข้ากับทีมได้เร็วขนาดนี้!,"<scr:noskip>Hehe, ela é incrível mesmo, igualzinha ao que falavam! Não achei que ela ia se encaixar no time tão rápido!"
,,,백시우_심연,,-,,,"<scr:noskip>뭐야, 정말... 대단해. 직전까지 우리가 완전히 밀리고 있었는데...","<scr:noskip>Man, seriously... amazing. We were getting completely shut down until just now...",<scr:noskip>なんだよ、マジで‥凄いな。さっきまで俺たちが完全に押されてたのに‥,<scr:noskip>太惊人了‥真的。刚才我们还被完全压制着呢‥,<scr:noskip>真的‥太驚人了，就在剛才我們還位居下風‥,"<scr:noskip>Как круто! А ведь еще чуть-чуть, и мы бы проиграли...","<scr:noskip>Wah, serius... menakjubkan. Kami tewas sepenuhnya sehingga sekarang...","<scr:noskip>Gì vậy chứ, đúng là... ghê thật. Ngay trước đó bọn mình còn bị ép hoàn toàn cơ mà...","<scr:noskip>Vaya, de verdad... es increíble. Hasta hace un momento estábamos siendo totalmente superados...","<scr:noskip>Apa ini, benar-benar... hebat. Padahal sebelumnya kita benar-benar tertinggal jauh...",<scr:noskip>อะไรกันเนี่ย... สุดยอด จนถึงเมื่อกี้พวกเรายังเสียเปรียบอย่างหนักเลยแท้ๆ...,<scr:noskip>Incrível... de verdade. A gente tava perdendo feio até agora...
,,,상현,,-,,,"<scr:noskip>...하하, 이런 경기를 눈앞에서 보다니.","<scr:noskip>Haha, seeing a match like this up close...",<scr:noskip>‥ハハ、こんな試合を目の前で見られるなんて。,<scr:noskip>‥哈哈，居然能亲眼目睹这种级别的比赛。,<scr:noskip>‥哈哈，沒想到能親眼目睹這種比賽。,<scr:noskip>Вау... Увидеть такую игру своими глазами...,"<scr:noskip>Haha, melihat perlawanan seperti ini dari dekat...","<scr:noskip>...Haha, được tận mắt xem một trận thế này...","<scr:noskip>...Jaja, pensar que vería un partido así frente a mis ojos.","<scr:noskip>...Haha, aku tidak menyangka dapat melihat langsung pertandingan seperti ini.",<scr:noskip>...ฮ่าฮ่า ไม่คิดเลยว่าจะได้ดูการแข่งขันแบบนี้กับตา,<scr:noskip>Haha... não acredito que tô vendo uma partida dessas ao vivo.
,,,상현,,-,,,"<scr:noskip>이게 <txt:bold,2><txt:color,orange>5대 스파이커</txt:color></txt:bold>가 뛰는 팀들의 경기구나. 전략이 너무 고단수잖아~★","<scr:noskip>So this is what it’s like when <txt:bold,2><txt:color,orange>Big Five</txt:color></txt:bold> players are on the court. The strategies are on another level ★","<scr:noskip>これが<txt:bold,2><txt:color,orange>5大スパイカー</txt:color></txt:bold>がいるチーム同士の試合なんだね。戦略がハイレベルすぎるよ～★","<scr:noskip>这就是拥有<txt:bold,2><txt:color,orange>五大主攻手</txt:color></txt:bold>的队伍之间的较量吗。战术也太高明了～★","<scr:noskip>這就是由<txt:bold,2><txt:color,orange>五大主攻手</txt:color></txt:bold>帶隊的比賽啊。這戰術層級也太高了吧～★","<scr:noskip>Это игра <txt:bold,2><txt:color,orange>пятерки нападающих</txt:color></txt:bold>! Настоящие профессионалы! ★","<scr:noskip>Jadi beginilah perlawanan antara pasukan yang dianggotai oleh <txt:bold,2><txt:color,orange>lima perejam terbaik dunia</txt:color></txt:bold>. Strategi mereka memang bertaraf tinggi~★","<scr:noskip>Đây chính là trận đấu của những đội có <txt:bold,2><txt:color,orange>Top 5 Tay Đập</txt:color></txt:bold> sao. Chiến thuật cao tay quá mức rồi còn gì ★","<scr:noskip>Así son los partidos de los equipos donde juegan los <txt:bold,2><txt:color,orange>cinco mejores rematadores</txt:color></txt:bold>. La estrategia es de un nivel muy alto★","<scr:noskip>Jadi beginilah pertandingan tim antar <txt:bold,2><txt:color,orange>5 Spiker Terbaik</txt:color></txt:bold>. Strateginya benar-benar tingkat tinggi~★","<scr:noskip>นี่คือการแข่งขันของทีมที่มี<txt:bold,2><txt:color,orange>ตัวตบท็อป 5</txt:color></txt:bold> อยู่ด้วยสินะ ชั้นเชิงระดับเทพเลย~★","<scr:noskip>Então é assim que jogam os times com os <txt:bold,2><txt:color,orange>5 Melhores Atacantes</txt:color></txt:bold>... estratégia de outro nível! ★"
,,,상현,,-,,,"<scr:noskip>...<txt:bold,2><txt:color,orange>오아시스</txt:color></txt:bold>가 운이 조금 더 좋았어도 이렇게 성장할 수 있었을까?","<scr:noskip>If... <txt:bold,2><txt:color,orange>Oasis</txt:color></txt:bold> had a little more luck, could he have grown into something like this too?","<scr:noskip>‥<txt:bold,2><txt:color,orange>オアシス</txt:color></txt:bold>の運がもう少し良かったら、ここまで成長できたのかな？","<scr:noskip>‥要是<txt:bold,2><txt:color,orange>绿洲</txt:color></txt:bold>以前运气能再好一点，是不是也能成长到这种地步？","<scr:noskip>‥如果<txt:bold,2><txt:color,orange>綠洲</txt:color></txt:bold>當初運氣好一點，是不是也能成長到這種地步呢？","<scr:noskip>...Смог бы <txt:bold,2><txt:color,orange>Оазис</txt:color></txt:bold> так вырасти, если бы был чуть удачливее?","<scr:noskip>Jika... <txt:bold,2><txt:color,orange>Oasis</txt:color></txt:bold> bernasib lebih baik, apakah dia boleh meningkat ke tahap ini juga?","<scr:noskip>...Nếu <txt:bold,2><txt:color,orange>Oasis</txt:color></txt:bold> may mắn hơn một chút, liệu cậu ấy cũng có thể trưởng thành đến mức này không?","<scr:noskip>...¿<txt:bold,2><txt:color,orange>Oasis</txt:color></txt:bold> hubiera podido crecer así si hubiera tenido un poco más de suerte?","<scr:noskip>...kalau saja <txt:bold,2><txt:color,orange>Oasis</txt:color></txt:bold> sedikit lebih beruntung, apakah dia bisa jadi seperti ini juga?","<scr:noskip>...ถ้า<txt:bold,2><txt:color,orange>โอเอซิส</txt:color></txt:bold>โชคดีกว่านี้สักหน่อย จะพัฒนาได้แบบนี้รึเปล่านะ?","<scr:noskip>Hum... Será que o <txt:bold,2><txt:color,orange>Oásis</txt:color></txt:bold> teria evoluído tanto se tivesse tido um pouco mais de sorte?"
,,,TAG,,,,,"<scr:timer,150>","<scr:timer,150>","<scr:timer,150>","<scr:timer,150>","<scr:timer,150>","<scr:timer,150>","<scr:timer,150>","<scr:timer,150>","<scr:timer,150>","<scr:timer,150>","<scr:timer,150>","<scr:timer,150>"
,,,TAG,,,,,</sys:scene>,</sys:scene>,</sys:scene>,</sys:scene>,</sys:scene>,</sys:scene>,</sys:scene>,</sys:scene>,</sys:scene>,</sys:scene>,</sys:scene>,</sys:scene>
,,,TAG,,,,,"<eff:black,4>","<eff:black,4>","<eff:black,4>","<eff:black,4>","<eff:black,4>","<eff:black,4>","<eff:black,4>","<eff:black,4>","<eff:black,4>","<eff:black,4>","<eff:black,4>","<eff:black,4>"
,,,TAG,,,,,"<sys:qmap,팬텀리그_경기장><cha:qpos,이사벨,-2><cha:qpos,백시우_심연,1><cha:qpos,서사라_유니폼,-1><cha:qpos,상현,2>","<sys:qmap,팬텀리그_경기장><cha:qpos,이사벨,-2><cha:qpos,백시우_심연,1><cha:qpos,서사라_유니폼,-1><cha:qpos,상현,2>","<sys:qmap,팬텀리그_경기장><cha:qpos,이사벨,-2><cha:qpos,백시우_심연,1><cha:qpos,서사라_유니폼,-1><cha:qpos,상현,2>","<sys:qmap,팬텀리그_경기장><cha:qpos,이사벨,-2><cha:qpos,백시우_심연,1><cha:qpos,서사라_유니폼,-1><cha:qpos,상현,2>","<sys:qmap,팬텀리그_경기장><cha:qpos,이사벨,-2><cha:qpos,백시우_심연,1><cha:qpos,서사라_유니폼,-1><cha:qpos,상현,2>","<sys:qmap,팬텀리그_경기장><cha:qpos,이사벨,-2><cha:qpos,백시우_심연,1><cha:qpos,서사라_유니폼,-1><cha:qpos,상현,2>","<sys:qmap,팬텀리그_경기장><cha:qpos,이사벨,-2><cha:qpos,백시우_심연,1><cha:qpos,서사라_유니폼,-1><cha:qpos,상현,2>","<sys:qmap,팬텀리그_경기장><cha:qpos,이사벨,-2><cha:qpos,백시우_심연,1><cha:qpos,서사라_유니폼,-1><cha:qpos,상현,2>","<sys:qmap,팬텀리그_경기장><cha:qpos,이사벨,-2><cha:qpos,백시우_심연,1><cha:qpos,서사라_유니폼,-1><cha:qpos,상현,2>","<sys:qmap,팬텀리그_경기장><cha:qpos,이사벨,-2><cha:qpos,백시우_심연,1><cha:qpos,서사라_유니폼,-1><cha:qpos,상현,2>","<sys:qmap,팬텀리그_경기장><cha:qpos,이사벨,-2><cha:qpos,백시우_심연,1><cha:qpos,서사라_유니폼,-1><cha:qpos,상현,2>","<sys:qmap,팬텀리그_경기장><cha:qpos,이사벨,-2><cha:qpos,백시우_심연,1><cha:qpos,서사라_유니폼,-1><cha:qpos,상현,2>"
,,,서사라_유니폼,,1_미소2,,,"<scr:noskip><txt:bold,2><txt:color,orange>시우</txt:color></txt:bold>야, 말했지? 걱정하지 말라고.","<scr:noskip>Told you, <txt:bold,2><txt:color,orange>Siwoo</txt:color></txt:bold>. Don’t worry.","<scr:noskip><txt:bold,2><txt:color,orange>新</txt:color></txt:bold>、言ったでしょ？心配しないでって。","<scr:noskip><txt:bold,2><txt:color,orange>时宇</txt:color></txt:bold>，我说过吧？别担心。","<scr:noskip><txt:bold,2><txt:color,orange>時宇</txt:color></txt:bold>，我就說吧？叫你別擔心了。","<scr:noskip><txt:bold,2><txt:color,orange>Шиу</txt:color></txt:bold>, я же тебе говорила, что можно не переживать.","<scr:noskip>Dah cakap, <txt:bold,2><txt:color,orange>Siwoo</txt:color></txt:bold>. Jangan risau.","<scr:noskip><txt:bold,2><txt:color,orange>Siwoo</txt:color></txt:bold>, tôi đã nói rồi mà? Đừng lo.","<scr:noskip>Te lo dije, ¿verdad, <txt:bold,2><txt:color,orange>Siwoo</txt:color></txt:bold>? Que no te preocuparas.","<scr:noskip><txt:bold,2><txt:color,orange>Siwoo</txt:color></txt:bold>, sudah kubilang, kan? Tidak perlu khawatir.","<scr:noskip><txt:bold,2><txt:color,orange>ชีอู</txt:color></txt:bold> ฉันบอกแล้วใช่ไหมล่ะ? ว่าไม่ต้องกังวล","<scr:noskip><txt:bold,2><txt:color,orange>Siwoo</txt:color></txt:bold>, eu avisei que não precisava se preocupar."
,,,이사벨,,1_기본,,,"<txt:bold,2><txt:color,orange>사라</txt:color></txt:bold>야! 정말 멋지다~! 과연 기대대로인걸! 흐흐, 너와 더 많은 이야기를... 나눠보고 싶어...!","<txt:bold,2><txt:color,orange>Sara</txt:color></txt:bold>! You were incredible! Just like I expected! Hehe, I’d love to talk more... get to know you better...!","<txt:bold,2><txt:color,orange>紗良</txt:color></txt:bold>！本当に素敵～！さすが期待通りね！ふふ、あなたともっとたくさんお話が‥したいわ‥！","<txt:bold,2><txt:color,orange>莎拉</txt:color></txt:bold>！你太帅了！果然没让我失望！嘿嘿，真想和你再多‥聊一聊啊‥！","<txt:bold,2><txt:color,orange>莎拉</txt:color></txt:bold>！妳真的太帥了～！果然沒讓我失望！嘿嘿，我有好多話‥想跟妳聊喔‥！","<txt:bold,2><txt:color,orange>Сара</txt:color></txt:bold>! Крутышка! Все так удачно сложилось, как мы и хотели! Столько всего надо обсудить с тобой.","<txt:bold,2><txt:color,orange>Sara</txt:color></txt:bold>! Awak memang hebat! Seperti yang saya jangka! Hehe, saya nak berbual lebih... nak kenal awak lebih baik...!","<txt:bold,2><txt:color,orange>Sara</txt:color></txt:bold>! Cậu thật sự tuyệt lắm! Quả nhiên đúng như tôi kỳ vọng! Hừ hừ, tôi muốn... trò chuyện với cậu nhiều hơn nữa...!","¡<txt:bold,2><txt:color,orange>Sara</txt:color></txt:bold>! ¡Eres realmente increíble! ¡Tal como esperaba! Jeje, me gustaría... ¡conversar más contigo...!","<txt:bold,2><txt:color,orange>Sara</txt:color></txt:bold>! Luar biasa sekali~! Sesuai yang aku harapkan! Hehe, aku ingin... berbincang lebih banyak denganmu...!","<txt:bold,2><txt:color,orange>ซาร่า</txt:color></txt:bold>! เธอเท่มาก~! สมกับที่คาดหวังไว้เลย! ฮิฮิ ฉันอยากคุยกับเธอ... ให้มากกว่านี้จัง...!","<txt:bold,2><txt:color,orange>Sara</txt:color></txt:bold>! Você foi incrível! Bem do jeitinho que eu esperava! Hehe... queria bater mais papo com você!"
,,,서사라_유니폼,,1_기본,pause,,"감사해요, 하지만, 시간이 얼마 없으니까... 조금만 미루죠.","Thank you, but we’re short on time... let’s save it for later.",ありがとうございます。でも、時間があまりないので‥少し後にしましょう。,谢谢夸奖。不过时间不多了‥叙旧就先往后放放吧。,謝謝誇獎，但是現在時間不多‥我們待會再聊吧。,"Спасибо, но со временем беда. Кажется, придется отложить...","Terima kasih, tapi kita kekurangan masa... kita simpan untuk kemudian.","Cảm ơn nhé, nhưng thời gian không còn nhiều nên... để lát nữa nhé.","Gracias, pero, como no tenemos mucho tiempo... dejémoslo para más tarde.","Terima kasih, tapi karena waktu saat ini terbatas... mari kita tunda sebentar ya.",ขอบคุณนะคะ แต่ว่าฉันมีเวลาไม่มาก... ขอเลื่อนไปก่อนแล้วกันค่ะ,"Obrigada, mas... não temos muito tempo. Vamos deixar pra depois."
,,,서사라_유니폼,,1_미소2,pause,,경기는 아직 끝나지 않았으니까요.,The match isn’t over yet.,試合はまだ終わってませんから。,比赛还没结束呢。,比賽還沒結束呢。,Ведь матч еще не закончился.,Perlawanan belum tamat lagi.,Vì trận đấu vẫn chưa kết thúc mà.,Porque el partido aún no ha terminado.,Karena pertandingan belum berakhir.,เพราะการแข่งขันยังไม่จบ,O jogo ainda não acabou.
,,,상현,,1_실눈,,,"음음, 든든한 걸! 3세트도 쉽진 않겠지만, 그래도 이제 이기는 게 꿈이 아니야.","Mm-hm, good to have you on board! Set 3 won’t be easy, but winning’s not a pipe dream anymore.",うんうん、頼もしいや！3セット目も楽じゃないだろうけど、それでも勝つのはもう夢じゃないよ。,嗯，真是太可靠了！第三局虽然也不容易，但现在胜利已不再是梦想了。,嗯嗯，真是太可靠了！雖然第三局也不好打，但現在勝利已經不再是夢想了。,"С вами как за каменной стеной! Конечно, третий сет легким не будет, но у нас все шансы победить.","Mm-hm, bagus awak ada bersama! Set 3 takkan mudah, tapi menang bukan lagi angan-angan.","Ừm ừm, đáng tin thật đấy! Set 3 chắc chắn cũng không dễ, nhưng giờ thì chiến thắng không còn là giấc mơ nữa rồi.","¡Mmm, qué tranquilizador! El 3er set tampoco será fácil, pero ahora ganar ya no es solo un sueño.","Hmhm, aku jadi tenang! Meski Set 3 tidak akan mudah, tapi sekarang ada kemungkinan untuk menang.",อื้ม รู้สึกอุ่นใจจริงๆ! ถึงเซ็ต 3 ก็คงจะไม่ง่าย แต่ตอนนี้ชัยชนะไม่ได้เป็นแค่ความฝันแล้วล่ะ,"Hehe, ótimo! O terceiro set não vai ser moleza, mas ganhar já não é mais um sonho."
,,,상현,,1_기본,,,"있잖아, <txt:bold,2><txt:color,orange>오아시스</txt:color></txt:bold>. 내가 다음 경기 전략을 생각해 봤는데... <wrt:wait,30><txt:bold,2><txt:color,orange>오아시스</txt:color></txt:bold>?","Hey, <txt:bold,2><txt:color,orange>Oasis</txt:color></txt:bold>. I was thinking about our strategy for the next set... <wrt:wait,30><txt:bold,2><txt:color,orange>Oasis</txt:color></txt:bold>?","あのさ、<txt:bold,2><txt:color,orange>オアシス</txt:color></txt:bold>。次の試合の戦略を考えてみたんだけど‥<wrt:wait,30><txt:bold,2><txt:color,orange>オアシス</txt:color></txt:bold>？","对了，<txt:bold,2><txt:color,orange>绿洲</txt:color></txt:bold>。我刚才想了个接下来的战术‥<wrt:wait,30><txt:bold,2><txt:color,orange>绿洲</txt:color></txt:bold>？","欸，<txt:bold,2><txt:color,orange>綠洲</txt:color></txt:bold>。我想到下一局的戰術了‥<wrt:wait,30><txt:bold,2><txt:color,orange>綠洲</txt:color></txt:bold>？","Кстати, <txt:bold,2><txt:color,orange>Оазис</txt:color></txt:bold>, я тут подумал по поводу стратегии для следующего сета... <wrt:wait,30><txt:bold,2><txt:color,orange>Оазис</txt:color></txt:bold>?","Hei, <txt:bold,2><txt:color,orange>Oasis</txt:color></txt:bold>. Saya terfikir strategi kita untuk set seterusnya... <wrt:wait,30><txt:bold,2><txt:color,orange>Oasis</txt:color></txt:bold>?","Này, <txt:bold,2><txt:color,orange>Oasis</txt:color></txt:bold>. Tôi vừa nghĩ ra chiến thuật cho trận tiếp theo... <wrt:wait,30><txt:bold,2><txt:color,orange>Oasis</txt:color></txt:bold>??","Oye, <txt:bold,2><txt:color,orange>Oasis</txt:color></txt:bold>. He estado pensando en una estrategia para el próximo set... <wrt:wait,30>¿<txt:bold,2><txt:color,orange>Oasis</txt:color></txt:bold>?","Oh ya, <txt:bold,2><txt:color,orange>Oasis</txt:color></txt:bold>. Aku sudah memikirkan strategi untuk pertandingan berikutnya... <wrt:wait,30><txt:bold,2><txt:color,orange>Oasis</txt:color></txt:bold>?","นี่ <txt:bold,2><txt:color,orange>โอเอซิส</txt:color></txt:bold> ฉันลองคิดกลยุทธ์การแข่งขันรอบต่อไปดูแล้ว... <wrt:wait,30><txt:bold,2><txt:color,orange>โอเอซิส</txt:color></txt:bold>?","Sabe, <txt:bold,2><txt:color,orange>Oásis</txt:color></txt:bold>... <wrt:wait,30>eu tava pensando num plano pro próximo jogo... <txt:bold,2><txt:color,orange>Oásis</txt:color></txt:bold>?"
,,,TAG,,,,,"<cha:pos,오아시스_유니폼,2><cha:pos,상현,0><cha:pos,백시우_심연,-2><cha:pos,서사라_유니폼,-4><cha:pos,이사벨,-4>","<cha:pos,오아시스_유니폼,2><cha:pos,상현,0><cha:pos,백시우_심연,-2><cha:pos,서사라_유니폼,-4><cha:pos,이사벨,-4>","<cha:pos,오아시스_유니폼,2><cha:pos,상현,0><cha:pos,백시우_심연,-2><cha:pos,서사라_유니폼,-4><cha:pos,이사벨,-4>","<cha:pos,오아시스_유니폼,2><cha:pos,상현,0><cha:pos,백시우_심연,-2><cha:pos,서사라_유니폼,-4><cha:pos,이사벨,-4>","<cha:pos,오아시스_유니폼,2><cha:pos,상현,0><cha:pos,백시우_심연,-2><cha:pos,서사라_유니폼,-4><cha:pos,이사벨,-4>","<cha:pos,오아시스_유니폼,2><cha:pos,상현,0><cha:pos,백시우_심연,-2><cha:pos,서사라_유니폼,-4><cha:pos,이사벨,-4>","<cha:pos,오아시스_유니폼,2><cha:pos,상현,0><cha:pos,백시우_심연,-2><cha:pos,서사라_유니폼,-4><cha:pos,이사벨,-4>","<cha:pos,오아시스_유니폼,2><cha:pos,상현,0><cha:pos,백시우_심연,-2><cha:pos,서사라_유니폼,-4><cha:pos,이사벨,-4>","<cha:pos,오아시스_유니폼,2><cha:pos,상현,0><cha:pos,백시우_심연,-2><cha:pos,서사라_유니폼,-4><cha:pos,이사벨,-4>","<cha:pos,오아시스_유니폼,2><cha:pos,상현,0><cha:pos,백시우_심연,-2><cha:pos,서사라_유니폼,-4><cha:pos,이사벨,-4>","<cha:pos,오아시스_유니폼,2><cha:pos,상현,0><cha:pos,백시우_심연,-2><cha:pos,서사라_유니폼,-4><cha:pos,이사벨,-4>","<cha:pos,오아시스_유니폼,2><cha:pos,상현,0><cha:pos,백시우_심연,-2><cha:pos,서사라_유니폼,-4><cha:pos,이사벨,-4>"
,,,TAG,,,,,"<sys:quiet,600>","<sys:quiet,600>","<sys:quiet,600>","<sys:quiet,600>","<sys:quiet,600>","<sys:quiet,600>","<sys:quiet,600>","<sys:quiet,600>","<sys:quiet,600>","<sys:quiet,600>","<sys:quiet,600>","<sys:quiet,600>"
,,,오아시스_유니폼,,1_찡그림,,,"<txt:shake,1><wrt:delay,10>...읏...</wrt:delay></txt:shake>","<txt:shake,1><wrt:delay,10>Ngh...</wrt:delay></txt:shake>","<txt:shake,1><wrt:delay,10>‥うっ‥</wrt:delay></txt:shake>","<txt:shake,1><wrt:delay,10>‥唔‥</wrt:delay></txt:shake>","<txt:shake,1><wrt:delay,10>‥唔‥</wrt:delay></txt:shake>","<txt:shake,1><wrt:delay,10>Уф...</wrt:delay></txt:shake>","<txt:shake,1><wrt:delay,10>Ngh...</wrt:delay></txt:shake>","<txt:shake,1><wrt:delay,10>...Ư...</wrt:delay></txt:shake>","<txt:shake,1><wrt:delay,10>...Ugh...</wrt:delay></txt:shake>","<txt:shake,1><wrt:delay,10>...Ughh...</wrt:delay></txt:shake>","<txt:shake,1><wrt:delay,10>...อึก...</wrt:delay></txt:shake>","<txt:shake,1><wrt:delay,10>Ugh...</wrt:delay></txt:shake>"
,,,상현,,1_정색,pause,exclam,"<wrt:delay,10><txt:bold,2><txt:color,orange>오아시스</txt:color></txt:bold>, 너...</wrt:delay>","<wrt:delay,10><txt:bold,2><txt:color,orange>Oasis</txt:color></txt:bold>, you...</wrt:delay>","<wrt:delay,10><txt:bold,2><txt:color,orange>オアシス</txt:color></txt:bold>、君‥</wrt:delay>","<wrt:delay,10><txt:bold,2><txt:color,orange>绿洲</txt:color></txt:bold>，你‥</wrt:delay>","<wrt:delay,10><txt:bold,2><txt:color,orange>綠洲</txt:color></txt:bold>，你‥</wrt:delay>","<wrt:delay,10><txt:bold,2><txt:color,orange>Оазис</txt:color></txt:bold>, с тобой...</wrt:delay>","<wrt:delay,10><txt:bold,2><txt:color,orange>Oasis</txt:color></txt:bold>, awak...</wrt:delay>","<wrt:delay,10><txt:bold,2><txt:color,orange>Oasis</txt:color></txt:bold>, cậu...</wrt:delay>","<wrt:delay,10><txt:bold,2><txt:color,orange>Oasis</txt:color></txt:bold>, tú...</wrt:delay>","<wrt:delay,10><txt:bold,2><txt:color,orange>Oasis</txt:color></txt:bold>, kamu...</wrt:delay>","<wrt:delay,10><txt:bold,2><txt:color,orange>โอเอซิส</txt:color></txt:bold> นาย...</wrt:delay>","<wrt:delay,10><txt:bold,2><txt:color,orange>Oásis</txt:color></txt:bold>, você...</wrt:delay>"
,,,TAG,,,,,"<sys:bgm,BGM_NISHIKAWA_DIALOUGE_4>","<sys:bgm,BGM_NISHIKAWA_DIALOUGE_4>","<sys:bgm,BGM_NISHIKAWA_DIALOUGE_4>","<sys:bgm,BGM_NISHIKAWA_DIALOUGE_4>","<sys:bgm,BGM_NISHIKAWA_DIALOUGE_4>","<sys:bgm,BGM_NISHIKAWA_DIALOUGE_4>","<sys:bgm,BGM_NISHIKAWA_DIALOUGE_4>","<sys:bgm,BGM_NISHIKAWA_DIALOUGE_4>","<sys:bgm,BGM_NISHIKAWA_DIALOUGE_4>","<sys:bgm,BGM_NISHIKAWA_DIALOUGE_4>","<sys:bgm,BGM_NISHIKAWA_DIALOUGE_4>","<sys:bgm,BGM_NISHIKAWA_DIALOUGE_4>"
,,,백시우_심연,,2_기본,,,...!,...!,‥！,‥！,‥！,!..,...!,...!,¡...!,...!,...!,!!!
,,,오아시스_유니폼,,1_무표정,,,"...하하, 괜찮아,<wrt:wait,30> 아무것도 아니야. 아직 더 뛸 수 있어.","Haha, I’m fine...<wrt:wait,30> It’s nothing. I can still play.","‥ハハ、平気だよ。<wrt:wait,30>なんでもない。まだまだプレーできるさ。","‥哈哈，没事。<wrt:wait,30>没什么大不了的。我还能打。","‥哈哈，沒事，<wrt:wait,30>沒什麼大不了的，我還能繼續打。","Ха-ха, все в порядке...<wrt:wait,30> Ничего, я могу играть.","Haha, saya okay...<wrt:wait,30> Tak ada apa-apa. Saya masih boleh bermain.","...Haha, tôi không sao,<wrt:wait,30> không có gì đâu. Tôi vẫn còn thi đấu được.","...Jaja, estoy bien,<wrt:wait,30> no es nada. Aún puedo seguir jugando.","...Haha, tidak apa-apa,<wrt:wait,30> Ini bukan apa-apa. Aku masih bisa bermain lagi.","...ฮ่าฮ่า ไม่เป็นไร<wrt:wait,30> ไม่มีอะไรหรอก ฉันยังเล่นต่อได้","Haha, tá tudo bem. <wrt:wait,30>Não é nada. Eu ainda consigo jogar."
,,,상현,,1_정색+,pause,,"...<wrt:wait,30>이러다가는 또...","...<wrt:wait,30>At this rate, it’ll happen again...","‥<wrt:wait,30>このままじゃまた‥","‥<wrt:wait,30>要是再勉强下去的话，旧伤又会‥","‥<wrt:wait,30>再這樣下去會‥","...<wrt:wait,30>Ты так опять...","...<wrt:wait,30>Macam ni, ia akan berlaku lagi...","...<wrt:wait,30>Cứ thế này thì lại...","...<wrt:wait,30>Si sigues así, volverás a...","...<wrt:wait,30>Kalau terus begini maka kamu bisa lagi...","...<wrt:wait,30>ขืนเป็นแบบนี้ต่อไปล่ะก็...","Aff... <wrt:wait,30>Do jeito que tá, você vai de novo..."
,,,오아시스_유니폼,,1_찡그림,,exclam,"<txt:bold,2><txt:color,orange>제로</txt:color></txt:bold>.","<txt:bold,2><txt:color,orange>Zero</txt:color></txt:bold>.","<txt:bold,2><txt:color,orange>ゼロ</txt:color></txt:bold>。","<txt:bold,2><txt:color,orange>零</txt:color></txt:bold>。","<txt:bold,2><txt:color,orange>零</txt:color></txt:bold>。","<txt:bold,2><txt:color,orange>Зеро</txt:color></txt:bold>.","...<txt:bold,2><txt:color,orange>Zero</txt:color></txt:bold>.","<txt:bold,2><txt:color,orange>Zero</txt:color></txt:bold>.","<txt:bold,2><txt:color,orange>Zero</txt:color></txt:bold>.","<txt:bold,2><txt:color,orange>Zero</txt:color></txt:bold>.","<txt:bold,2><txt:color,orange>ซีโร่</txt:color></txt:bold>","<txt:bold,2><txt:color,orange>Zero</txt:color></txt:bold>."
,,,상현,,1_정색,,,"...아하하, <wrt:wait,30><txt:wave,1>알았어~</txt:wave>","Haha, <wrt:wait,30><txt:wave,1>got it.</txt:wave>","‥アハハ、<wrt:wait,30><txt:wave,1>分かったよ～。</txt:wave>","‥啊哈哈，<wrt:wait,30><txt:wave,1>知道了啦～</txt:wave>","‥啊哈哈，<wrt:wait,30><txt:wave,1>我知道了啦～</txt:wave>","Ха-ха-ха! <wrt:wait,30><txt:wave,1>Ну хорошо!</txt:wave>","Haha, <wrt:wait,30><txt:wave,1>faham.</txt:wave>","...Haha, <wrt:wait,30><txt:wave,1>tôi biết rồi~</txt:wave>","...Jajaja, <wrt:wait,30><txt:wave,1>entendido</txt:wave>","...Hahaha, <wrt:wait,30><txt:wave,1>Baiklah~</txt:wave>","...อะฮ่าฮ่า <wrt:wait,30><txt:wave,1>เข้าใจแล้ว~</txt:wave>","Hahaha, <wrt:wait,30><txt:wave,1>já entendi.</txt:wave>"
,,,상현,,1_정색,,,내가 어떻게든 할게. 그게 감독이잖아?,"I’ll figure something out. That’s what a coach is for, right?",ボクがなんとかするよ。それが監督の役目だからね！,我会想办法搞定的。这就是教练的职责嘛。,我會看著辦的，這不就是教練的職責嗎？,"Я сделаю все, что в моих силах. Я же тренер.","Saya akan cari jalan. Itulah tugas jurulatih, kan?","Tôi sẽ tìm cách. Thế mới là huấn luyện viên, đúng không?","Yo me encargaré de todo. ¿Para eso soy el entrenador, no?",Aku akan lakukan sesuatu. Bukankah itu tugas Coach?,เดี๋ยวฉันหาทางจัดการเอง ก็มันเป็นหน้าที่ของโค้ชนี่นา,"Pode deixar comigo. É pra isso que serve um técnico, né?"
,,,상현,,1_실눈_,,,"<txt:bold,2><txt:color,orange>오아시스</txt:color></txt:bold>, 넌 일단 잠시라도 쉬고 있어. 너 없이 전략을 짜볼게.","<txt:bold,2><txt:color,orange>Oasis</txt:color></txt:bold>, just rest for now. I’ll work out a strategy without you.","<txt:bold,2><txt:color,orange>オアシス</txt:color></txt:bold>、とりあえず君は少しでも休んでて。君抜きで戦略を立ててみるから。","<txt:bold,2><txt:color,orange>绿洲</txt:color></txt:bold>，你先稍微休息一下。我来制定一个不需要你上场的战术。","<txt:bold,2><txt:color,orange>綠洲</txt:color></txt:bold>，你先稍微休息一下。我來擬定一套可以不用安排你上場的戰術。","<txt:bold,2><txt:color,orange>Оазис</txt:color></txt:bold>, ты пока отдохни. Я составлю стратегию без тебя.","<txt:bold,2><txt:color,orange>Oasis</txt:color></txt:bold>, rehat dulu. Saya akan cari strategi tanpa awak.","<txt:bold,2><txt:color,orange>Oasis</txt:color></txt:bold>, trước mắt cậu nghỉ một lát đi. Tôi sẽ lên chiến thuật mà không có cậu.","<txt:bold,2><txt:color,orange>Oasis</txt:color></txt:bold>, tú descansa aunque sea un momento. Idearé una estrategia sin ti.","<txt:bold,2><txt:color,orange>Oasis</txt:color></txt:bold>, kamu coba beristirahat sebentar. Aku akan coba buat strategi tanpamu.","<txt:bold,2><txt:color,orange>โอเอซิส</txt:color></txt:bold> นายพักสักหน่อยเถอะ ฉันจะลองวางกลยุทธ์โดยไม่มีนายเอง","<txt:bold,2><txt:color,orange>Oásis</txt:color></txt:bold>, descansa um pouco. A gente monta a estratégia sem você."
,,,상현,,1_실눈,pause,,"<txt:bold,2><txt:color,orange>시우</txt:color></txt:bold>야, 너도 너무 걱정하지 마. 알았지?","<txt:bold,2><txt:color,orange>Siwoo</txt:color></txt:bold>, don’t worry too much either. Okay?","<txt:bold,2><txt:color,orange>新</txt:color></txt:bold>も、あんまり心配しないで。いいね？","<txt:bold,2><txt:color,orange>时宇</txt:color></txt:bold>，你也别太担心。听到了吗？","<txt:bold,2><txt:color,orange>時宇</txt:color></txt:bold>，你也別太擔心。知道嗎？","<txt:bold,2><txt:color,orange>Шиу</txt:color></txt:bold>, ты тоже особо не переживай, ладно?","<txt:bold,2><txt:color,orange>Siwoo</txt:color></txt:bold>, awak pun jangan risau sangat. Okay?","<txt:bold,2><txt:color,orange>Siwoo</txt:color></txt:bold>, cậu cũng đừng lo quá. Biết chưa?","<txt:bold,2><txt:color,orange>Siwoo</txt:color></txt:bold>, tú tampoco te preocupes demasiado. ¿De acuerdo?","<txt:bold,2><txt:color,orange>Siwoo</txt:color></txt:bold>, kamu juga jangan terlalu mengkhawatirkannya. Apa kamu mengerti?","<txt:bold,2><txt:color,orange>ชีอู</txt:color></txt:bold> นายก็ไม่ต้องกังวลมากไปหรอกนะ เข้าใจไหม?","<txt:bold,2><txt:color,orange>Siwoo</txt:color></txt:bold>, você também não precisa ficar tão preocupado, tá?"
,,,백시우_심연,,2_기본,,,...알고 있어요. ,I know...,‥分かってます。,‥我知道了。,‥我知道了。,Хорошо...,Saya tahu.,...Tôi biết mà.,...Lo sé.,...Saya paham.,...ผมรู้ครับ,Tá bom.
,,,백시우_심연,,-2_기본,,,"그, 그렇지. 물, <wrt:wait,30>물이라도... <wrt:wait,30>마실 걸 더 가져올게요.<cha:pos,백시우_심연,-4>","R-Right. <wrt:wait,30>Let me at least... <wrt:wait,30>go grab some water or something.<cha:pos,백시우_심연,-4>","そ、そうだ。水、<wrt:wait,30>水でも‥<wrt:wait,30>飲み物をもっと持ってきますね。<cha:pos,백시우_심연,-4>","对、对了。水，<wrt:wait,30>我去‥<wrt:wait,30>再去多拿点喝的过来。<cha:pos,백시우_심연,-4>","對、對了。水‥<wrt:wait,30>我去拿點‥<wrt:wait,30>喝的過來。<cha:pos,백시우_심연,-4>","Я пока... Воды <wrt:wait,30>принесу... <wrt:wait,30>Что-нибудь попить.<cha:pos,백시우_심연,-4>","B-Betul. <wrt:wait,30>Paling tak saya... <wrt:wait,30>pergi ambil air ke apa-apa.<cha:pos,백시우_심연,-4>","Ừ, ừm. Nước, <wrt:wait,30>hay gì đó... <wrt:wait,30>tôi sẽ lấy thêm đồ uống.<cha:pos,백시우_심연,-4>","C-cierto. Agua, <wrt:wait,30>aunque sea agua... <wrt:wait,30>Traeré más para beber.<cha:pos,백시우_심연,-4>","O-oh ya. Air, <wrt:wait,30>Saya akan pergi... <wrt:wait,30>untuk mengambil air minum.<cha:pos,백시우_심연,-4>","ชะ ใช่ไหมล่ะ ดะ <wrt:wait,30>เดี๋ยวผมไปหาน้ำ... <wrt:wait,30>หรืออะไรให้ดื่มมาเพิ่มนะครับ<cha:pos,백시우_심연,-4>","Bom... <wrt:wait,30>eu vou... <wrt:wait,30>pegar mais água pra todo mundo.<cha:pos,백시우_심연,-4>"
,,,TAG,,,,,"<eff:black,3>","<eff:black,3>","<eff:black,3>","<eff:black,3>","<eff:black,3>","<eff:black,3>","<eff:black,3>","<eff:black,3>","<eff:black,3>","<eff:black,3>","<eff:black,3>","<eff:black,3>"
,,,TAG,,,,,"<sys:qmap,팬텀리그_소등><cha:qpos,상현,4><cha:qpos,백시우_심연,0><cha:qpos,오아시스_유니폼,4><cha:black,코치 콜먼><sys:bgm,BGM_THE_WORST_CHRISTMAS,600>","<sys:qmap,팬텀리그_소등><cha:qpos,상현,4><cha:qpos,백시우_심연,0><cha:qpos,오아시스_유니폼,4><cha:black,코치 콜먼><sys:bgm,BGM_THE_WORST_CHRISTMAS,600>","<sys:qmap,팬텀리그_소등><cha:qpos,상현,4><cha:qpos,백시우_심연,0><cha:qpos,오아시스_유니폼,4><cha:black,코치 콜먼><sys:bgm,BGM_THE_WORST_CHRISTMAS,600>","<sys:qmap,팬텀리그_소등><cha:qpos,상현,4><cha:qpos,백시우_심연,0><cha:qpos,오아시스_유니폼,4><cha:black,코치 콜먼><sys:bgm,BGM_THE_WORST_CHRISTMAS,600>","<sys:qmap,팬텀리그_소등><cha:qpos,상현,4><cha:qpos,백시우_심연,0><cha:qpos,오아시스_유니폼,4><cha:black,코치 콜먼><sys:bgm,BGM_THE_WORST_CHRISTMAS,600>","<sys:qmap,팬텀리그_소등><cha:qpos,상현,4><cha:qpos,백시우_심연,0><cha:qpos,오아시스_유니폼,4><cha:black,코치 콜먼><sys:bgm,BGM_THE_WORST_CHRISTMAS,600>","<sys:qmap,팬텀리그_소등><cha:qpos,상현,4><cha:qpos,백시우_심연,0><cha:qpos,오아시스_유니폼,4><cha:black,코치 콜먼><sys:bgm,BGM_THE_WORST_CHRISTMAS,600>","<sys:qmap,팬텀리그_소등><cha:qpos,상현,4><cha:qpos,백시우_심연,0><cha:qpos,오아시스_유니폼,4><cha:black,코치 콜먼><sys:bgm,BGM_THE_WORST_CHRISTMAS,600>","<sys:qmap,팬텀리그_소등><cha:qpos,상현,4><cha:qpos,백시우_심연,0><cha:qpos,오아시스_유니폼,4><cha:black,코치 콜먼><sys:bgm,BGM_THE_WORST_CHRISTMAS,600>","<sys:qmap,팬텀리그_소등><cha:qpos,상현,4><cha:qpos,백시우_심연,0><cha:qpos,오아시스_유니폼,4><cha:black,코치 콜먼><sys:bgm,BGM_THE_WORST_CHRISTMAS,600>","<sys:qmap,팬텀리그_소등><cha:qpos,상현,4><cha:qpos,백시우_심연,0><cha:qpos,오아시스_유니폼,4><cha:black,코치 콜먼><sys:bgm,BGM_THE_WORST_CHRISTMAS,600>","<sys:qmap,팬텀리그_소등><cha:qpos,상현,4><cha:qpos,백시우_심연,0><cha:qpos,오아시스_유니폼,4><cha:black,코치 콜먼><sys:bgm,BGM_THE_WORST_CHRISTMAS,600>"
,,,백시우_심연,,2_기본,nervous,,분명히... 괜찮을 거야.,It’ll be fine... I’m sure.,きっと‥大丈夫だ。,一定‥会没事的。,一定‥會沒事的。,Все непременно... получится.,Segalanya akan baik... Saya pasti.,Chắc chắn... sẽ ổn thôi.,Seguro... que todo estará bien.,Semuanya... Akan baik-baik saja.,ทุกอย่างจะต้อง... ไม่เป็นไร,Com certeza... vai dar certo.
,,,백시우_심연,,2_차분,nervous,,"그래, <wrt:wait,30><txt:bold,2><txt:color,orange>사라</txt:color></txt:bold>도 와줬잖아. <txt:bold,2><txt:color,orange>오아시스</txt:color></txt:bold> 씨도 금방 회복할 거야. <txt:bold,2><txt:color,orange>이사벨</txt:color></txt:bold> 씨도 있고.","Yeah, <wrt:wait,30><txt:bold,2><txt:color,orange>Sara</txt:color></txt:bold>’s here now. <txt:bold,2><txt:color,orange>Oasis</txt:color></txt:bold> will bounce back soon. <txt:bold,2><txt:color,orange>Isabel</txt:color></txt:bold>’s here too.","そうだ、<wrt:wait,30><txt:bold,2><txt:color,orange>紗良</txt:color></txt:bold>も来てくれたじゃないか。<txt:bold,2><txt:color,orange>オアシス</txt:color></txt:bold>さんもすぐ回復するはずだ。<txt:bold,2><txt:color,orange>イザベル</txt:color></txt:bold>さんもいるし。","是啊，<wrt:wait,30><txt:bold,2><txt:color,orange>莎拉</txt:color></txt:bold>都来帮忙了。<txt:bold,2><txt:color,orange>绿洲</txt:color></txt:bold>先生也很快会恢复的。还有<txt:bold,2><txt:color,orange>伊莎贝尔</txt:color></txt:bold>小姐在。","是啊，<wrt:wait,30><txt:bold,2><txt:color,orange>莎拉</txt:color></txt:bold>也趕來了。<txt:bold,2><txt:color,orange>前輩</txt:color></txt:bold>也很快就會恢復的。還有<txt:bold,2><txt:color,orange>伊莎貝爾</txt:color></txt:bold>前輩也在。","Да, <wrt:wait,30><txt:bold,2><txt:color,orange>Сара</txt:color></txt:bold> здесь, <txt:bold,2><txt:color,orange>Оазис</txt:color></txt:bold> быстро поправится, <txt:bold,2><txt:color,orange>Изабель</txt:color></txt:bold> тоже тут.","Ya, <wrt:wait,30><txt:bold,2><txt:color,orange>Sara</txt:color></txt:bold> ada sekarang. <txt:bold,2><txt:color,orange>Oasis</txt:color></txt:bold> akan bangkit semula tak lama lagi. <txt:bold,2><txt:color,orange>Isabel</txt:color></txt:bold> pun ada.","Đúng rồi, <wrt:wait,30><txt:bold,2><txt:color,orange>Sara</txt:color></txt:bold> cũng đến rồi mà. <txt:bold,2><txt:color,orange>Oasis</txt:color></txt:bold> cũng sẽ sớm hồi phục thôi. Còn có cả <txt:bold,2><txt:color,orange>Isabel</txt:color></txt:bold> nữa.","Claro, <wrt:wait,30><txt:bold,2><txt:color,orange>Sara</txt:color></txt:bold> también vino. <txt:bold,2><txt:color,orange>Oasis</txt:color></txt:bold> se recuperará pronto. Y <txt:bold,2><txt:color,orange>Isabel</txt:color></txt:bold> también está aquí.","Iya, <wrt:wait,30><txt:bold,2><txt:color,orange>Sara</txt:color></txt:bold> juga telah datang. <txt:bold,2><txt:color,orange>Oasis</txt:color></txt:bold> juga akan segera pulih. Dan ada <txt:bold,2><txt:color,orange>Isabel</txt:color></txt:bold> juga.","ใช่แล้ว <wrt:wait,30><txt:bold,2><txt:color,orange>ซาร่า</txt:color></txt:bold>ก็มาแล้วนี่นา ส่วนคุณ<txt:bold,2><txt:color,orange>โอเอซิส</txt:color></txt:bold>เดี๋ยวก็ฟื้นตัวในไม่ช้า แถมยังมีคุณ<txt:bold,2><txt:color,orange>อิซาเบล</txt:color></txt:bold>ด้วย","É... a <wrt:wait,30><txt:bold,2><txt:color,orange>Sara</txt:color></txt:bold> tá aqui, o <txt:bold,2><txt:color,orange>Oásis</txt:color></txt:bold> vai se recuperar logo, e ainda tem a <txt:bold,2><txt:color,orange>Isabel</txt:color></txt:bold>."
,,,백시우_심연,,2_차분,nervous,,분명 방법이 있을 거야. 내가 어떻게든 해야겠단 생각은 버려.,There’s gotta be a way. Stop thinking it’s all on you.,きっと方法があるはず。俺がなんとかしなきゃって考えは捨てるんだ。,肯定有办法的。我不能总想着一个人扛。,一定會有辦法的，別老是想著要自己解決這一切。,"Выход обязательно есть. Не надо думать, что все только на мне.",Mesti ada caranya. Jangan ingat semuanya bergantung pada awak.,Chắc chắn sẽ có cách thôi. Đừng nghĩ rằng mình phải làm gì đó bằng mọi giá nữa.,Seguro que hay una forma. No tengo que solucionarlo todo yo solo.,Pasti akan ada caranya. Aku harus berhenti mencoba menangani masalah sendiri.,มันต้องมีวิธีแน่นอน เลิกคิดว่าจะต้องแบกรับทุกอย่างคนเดียวได้แล้ว,Tem que ter um jeito. Não precisa carregar tudo sozinho.
,,,백시우_심연,,2_기본,nervous,,"...<wrt:wait,30>우선 다시 경기가 시작하기 전에 어서 돌아가자.","...<wrt:wait,30>I need to head back before the next set starts.","‥<wrt:wait,30>まずは試合が再開する前に早く戻ろう。","‥<wrt:wait,30>在比赛重新开始前，赶紧回去吧。","‥<wrt:wait,30>總之，趁比賽還沒開始，快點回去吧。","...<wrt:wait,30>Лучше вернуться до начала матча.","...<wrt:wait,30>Saya perlu balik sebelum set seterusnya bermula.","...<wrt:wait,30>Trước mắt, mau quay về trước khi trận đấu bắt đầu lại đã.","...<wrt:wait,30>Primero, tengo que regresar rápido antes de que el partido comience de nuevo.","...<wrt:wait,30>Untuk sekarang aku harus masuk sebelum pertandingan dimulai.","...<wrt:wait,30>รีบกลับไปก่อนที่การแข่งขันจะเริ่มอีกครั้งดีกว่า","Primeiro... <wrt:wait,30>vamos voltar antes do jogo recomeçar."
,,,TAG,,,,,"<sys:quiet,600>","<sys:quiet,600>","<sys:quiet,600>","<sys:quiet,600>","<sys:quiet,600>","<sys:quiet,600>","<sys:quiet,600>","<sys:quiet,600>","<sys:quiet,600>","<sys:quiet,600>","<sys:quiet,600>","<sys:quiet,600>"
,,,-,,,,,"<txt:bold,2><txt:size,2>(퍽!)</txt:size></txt:bold><cha:pop,백시우_심연>","<txt:bold,2><txt:size,2>(Thud!)</txt:size></txt:bold><cha:pop,백시우_심연>","<txt:bold,2><txt:size,2>(ドンッ！)</txt:size></txt:bold><cha:pop,백시우_심연>","<txt:bold,2><txt:size,2>（砰！）</txt:size></txt:bold><cha:pop,백시우_심연>","<txt:bold,2><txt:size,2>（砰！）</txt:size></txt:bold><cha:pop,백시우_심연>","<txt:bold,2><txt:size,2>(Туф!)</txt:size></txt:bold><cha:pop,백시우_심연>","<txt:bold,2><txt:size,2>(Dumm!)</txt:size></txt:bold><cha:pop,백시우_심연>","<txt:bold,2><txt:size,2>*Bốp*</txt:size></txt:bold><cha:pop,백시우_심연>","<txt:bold,2><txt:size,2>(¡Pum!)</txt:size></txt:bold><cha:pop,백시우_심연>","<txt:bold,2><txt:size,2>(Bruk!)</txt:size></txt:bold><cha:pop,백시우_심연>","<txt:bold,2><txt:size,2>(พลั่ก!)</txt:size></txt:bold><cha:pop,백시우_심연>","<txt:bold,2><txt:size,2>(Pac!)</txt:size></txt:bold><cha:pop,백시우_심연>"
,,,백시우_심연,,2_기본,,,"<cha:pos,백시우_심연,-2><cha:pos,코치 콜먼,2>죄, 죄송합니다. 제가 서두르느라...! 이런 물병이...! 얼른 주워 담아야겠다...","<cha:pos,백시우_심연,-2><cha:pos,코치 콜먼,2>S-Sorry! I was in a hurry and...! These water bottles...! Let me pick them up...","<cha:pos,백시우_심연,-2><cha:pos,코치 콜먼,2>す、すみません。急いでたもので‥！あっ、水筒が‥！早く拾わないと‥","<cha:pos,백시우_심연,-2><cha:pos,코치 콜먼,2>对、对不起。我走太急了‥！水瓶都倒了‥得赶紧捡起来‥","<cha:pos,백시우_심연,-2><cha:pos,코치 콜먼,2>對、對不起。我太急了‥！水瓶都‥！得趕快撿起來才行‥","<cha:pos,백시우_심연,-2><cha:pos,코치 콜먼,2>И-извините! Я в спешке все бутылки... Сейчас соберу...","<cha:pos,백시우_심연,-2><cha:pos,코치 콜먼,2>M-Maaf! Saya tergesa-gesa dan...! Botol-botol air ini...! Biar saya kutip...","<cha:pos,백시우_심연,-2><cha:pos,코치 콜먼,2>Xin, xin lỗi. Tại tôi vội quá...! Cả chai nước nữa...! Mau nhặt lại mới được...","<cha:pos,백시우_심연,-2><cha:pos,코치 콜먼,2>¡L-lo siento mucho. Es que iba con prisa...! ¡Las botellas de agua...! Tengo que recogerlas rápido...","<cha:pos,백시우_심연,-2><cha:pos,코치 콜먼,2>M-maafkan saya. Ini karena saya sedang terburu-buru...! Aduh botol minumnya...! Aku harus cepat memungutnya...","<cha:pos,백시우_심연,-2><cha:pos,코치 콜먼,2>ขะ ขอโทษครับ พอดีผมรีบไปหน่อย...! โอ๊ะ ขวดน้ำ...! ต้องรีบเก็บใส่ซะแล้ว...","<cha:pos,백시우_심연,-2><cha:pos,코치 콜먼,2>D-desculpa! Tava com pressa... as garrafas... já pego tudo agora!"
,,,???,,,,,"됐어. 무릎 털고, 일어나, <txt:bold,2><txt:color,orange>백시우</txt:color></txt:bold>.","That’s enough. Dust off your knees and stand up, <txt:bold,2><txt:color,orange>Siwoo Baek</txt:color></txt:bold>.","構わん。膝を払って立つんだ、<txt:bold,2><txt:color,orange>白井新</txt:color></txt:bold>","行了。拍拍膝盖，站起来，<txt:bold,2><txt:color,orange>白时宇</txt:color></txt:bold>。","行了。把膝蓋拍乾淨站起來吧，<txt:bold,2><txt:color,orange>白時宇</txt:color></txt:bold>。","Брось. Отряхнись и вставай, <txt:bold,2><txt:color,orange>Бэк Шиу</txt:color></txt:bold>.","Sudah. Bersihkan diri dan bangun, <txt:bold,2><txt:color,orange>Siwoo Baek</txt:color></txt:bold>.","Được rồi. Phủi đầu gối rồi đứng dậy đi, <txt:bold,2><txt:color,orange>Baek Siwoo</txt:color></txt:bold>.","Basta. Límpiate las rodillas y levántate, <txt:bold,2><txt:color,orange>Siwoo Baek</txt:color></txt:bold>.","Tidak apa-apa. Bersihkan bagian lututmu, dan bangunlah, <txt:bold,2><txt:color,orange>Siwoo Baek</txt:color></txt:bold>.","ช่างเถอะ ปัดเข่าแล้วลุกขึ้นซะ <txt:bold,2><txt:color,orange>แบคชีอู</txt:color></txt:bold>","Chega. Limpa o joelho e levanta, <txt:bold,2><txt:color,orange>Siwoo Baek</txt:color></txt:bold>."
,,,백시우_심연,,2_기본,,exclam,"...네? <wrt:wait,30>누구...? <wrt:wait,30>...당신은!!","Huh...? <wrt:wait,30>Wait... <wrt:wait,30>I know you!","‥え？<wrt:wait,30>どちらさま‥？<wrt:wait,30>‥あなたは！！","‥诶？<wrt:wait,30>是谁‥？<wrt:wait,30>‥你是！！","‥咦？<wrt:wait,30>誰‥？<wrt:wait,30>‥是你！！","Что? <wrt:wait,30>А вы?.. <wrt:wait,30>Это же!..","Hah...? <wrt:wait,30>Tunggu... <wrt:wait,30>Saya kenal awak!","...Vâng? <wrt:wait,30>Ai cơ...? <wrt:wait,30>...Cậu là!!","...¿Eh? <wrt:wait,30>¿Quién...? <wrt:wait,30>¡Usted es...!","...Iya? <wrt:wait,30>Siapa...? <wrt:wait,30>...Anda kan!!","...ครับ? <wrt:wait,30>ใครกัน...? <wrt:wait,30>...คุณคือ!!","Hã? <wrt:wait,30>Quem é... <wrt:wait,30>Você!"
,,,백시우_심연,,2_기본,,,"</cha:black,코치 콜먼><cha:highlight,코치 콜먼>...<txt:bold,2><txt:color,orange>콜먼</txt:color></txt:bold>... <wrt:wait,30>코치, <txt:bold,2><txt:color,orange>콜먼</txt:color></txt:bold>.","</cha:black,코치 콜먼><cha:highlight,코치 콜먼>...<txt:bold,2><txt:color,orange>Coleman</txt:color></txt:bold>... <wrt:wait,30>Coach <txt:bold,2><txt:color,orange>Coleman</txt:color></txt:bold>.","</cha:black,코치 콜먼><cha:highlight,코치 콜먼>‥<txt:bold,2><txt:color,orange>コルメン</txt:color></txt:bold>‥<wrt:wait,30>コーチ・<txt:bold,2><txt:color,orange>コルメン</txt:color></txt:bold>だ。","</cha:black,코치 콜먼><cha:highlight,코치 콜먼>‥<txt:bold,2><txt:color,orange>科尔曼</txt:color></txt:bold>‥<wrt:wait,30>教练，<txt:bold,2><txt:color,orange>科尔曼</txt:color></txt:bold>。","</cha:black,코치 콜먼><cha:highlight,코치 콜먼>‥<txt:bold,2><txt:color,orange>科爾曼</txt:color></txt:bold>‥<wrt:wait,30>教練‥<txt:bold,2><txt:color,orange>科爾曼</txt:color></txt:bold>。","</cha:black,코치 콜먼><cha:highlight,코치 콜먼>...<txt:bold,2><txt:color,orange>Колман</txt:color></txt:bold>... <wrt:wait,30>Тренер <txt:bold,2><txt:color,orange>Колман</txt:color></txt:bold>.","</cha:black,코치 콜먼><cha:highlight,코치 콜먼>...<txt:bold,2><txt:color,orange>Coleman</txt:color></txt:bold>... <wrt:wait,30>Jurulatih <txt:bold,2><txt:color,orange>Coleman</txt:color></txt:bold>.","</cha:black,코치 콜먼><cha:highlight,코치 콜먼>... <txt:bold,2><txt:color,orange>Coleman</txt:color></txt:bold>... <wrt:wait,30>Huấn luyện viên, <txt:bold,2><txt:color,orange>Coleman</txt:color></txt:bold>","</cha:black,코치 콜먼><cha:highlight,코치 콜먼>...<txt:bold,2><txt:color,orange>Coleman</txt:color></txt:bold>... <wrt:wait,30>el entrenador <txt:bold,2><txt:color,orange>Coleman</txt:color></txt:bold>.","</cha:black,코치 콜먼><cha:highlight,코치 콜먼>...<txt:bold,2><txt:color,orange>Coleman</txt:color></txt:bold>... <wrt:wait,30>Coach, <txt:bold,2><txt:color,orange>Coleman</txt:color></txt:bold>.","</cha:black,코치 콜먼><cha:highlight,코치 콜먼>...<txt:bold,2><txt:color,orange>โคลแมน</txt:color></txt:bold>... <wrt:wait,30>โค้ช<txt:bold,2><txt:color,orange>โคลแมน</txt:color></txt:bold>","</cha:black,코치 콜먼><cha:highlight,코치 콜먼>Aah... <txt:bold,2><txt:color,orange>Coleman</txt:color></txt:bold>... <wrt:wait,30>treinador <txt:bold,2><txt:color,orange>Coleman</txt:color></txt:bold>."
,,,TAG,,,,,"<sys:bgm,BGM_UNDERGROUND_JUNGLE>","<sys:bgm,BGM_UNDERGROUND_JUNGLE>","<sys:bgm,BGM_UNDERGROUND_JUNGLE>","<sys:bgm,BGM_UNDERGROUND_JUNGLE>","<sys:bgm,BGM_UNDERGROUND_JUNGLE>","<sys:bgm,BGM_UNDERGROUND_JUNGLE>","<sys:bgm,BGM_UNDERGROUND_JUNGLE>","<sys:bgm,BGM_UNDERGROUND_JUNGLE>","<sys:bgm,BGM_UNDERGROUND_JUNGLE>","<sys:bgm,BGM_UNDERGROUND_JUNGLE>","<sys:bgm,BGM_UNDERGROUND_JUNGLE>","<sys:bgm,BGM_UNDERGROUND_JUNGLE>"
,,,코치 콜먼,,1_기본,,,"...하. <txt:bold,2><txt:color,orange>콜먼</txt:color></txt:bold>?","Ha... <txt:bold,2><txt:color,orange>'Coleman'</txt:color></txt:bold>?","‥ハッ。<txt:bold,2><txt:color,orange>コルメン</txt:color></txt:bold>？","‥哈。<txt:bold,2><txt:color,orange>科尔曼</txt:color></txt:bold>？","‥呵。<txt:bold,2><txt:color,orange>科爾曼</txt:color></txt:bold>？","Ух... <txt:bold,2><txt:color,orange>Колман</txt:color></txt:bold>?","Ha... <txt:bold,2><txt:color,orange>Coleman</txt:color></txt:bold>?","... Ha. <txt:bold,2><txt:color,orange>Coleman</txt:color></txt:bold>?","...Ja. ¿<txt:bold,2><txt:color,orange>Coleman</txt:color></txt:bold>?","...Apa. <txt:bold,2><txt:color,orange>Coleman</txt:color></txt:bold>?","...เฮอะ <txt:bold,2><txt:color,orange>โคลแมน</txt:color></txt:bold>?","Aff... <txt:bold,2><txt:color,orange>Coleman</txt:color></txt:bold>?"
,,,코치 콜먼,,1_분노,,,"<eff:shake,2><txt:size,2><txt:bold,2><txt:color,orange>백시우</txt:color>!!!</txt:bold></txt:size>","<eff:shake,2><txt:size,2><txt:bold,2><txt:color,orange>Siwoo Baek</txt:color>!</txt:bold></txt:size>","<eff:shake,2><txt:size,2><txt:bold,2><txt:color,orange>白井新</txt:color>！！！</txt:bold></txt:size>","<eff:shake,2><txt:size,2><txt:bold,2><txt:color,orange>白时宇</txt:color>！！！</txt:bold></txt:size>","<eff:shake,2><txt:size,2><txt:bold,2><txt:color,orange>白時宇</txt:color>！！！</txt:size></txt:bold>","<eff:shake,2><txt:size,2><txt:bold,2><txt:color,orange>Бэк Шиу</txt:color>!</txt:bold></txt:size>","<eff:shake,2><txt:size,2><txt:bold,2><txt:color,orange>Siwoo Baek</txt:color>!</txt:bold></txt:size>","<eff:shake,2><txt:size,2><txt:bold,2><txt:color,orange>Baek Siwoo...</txt:color>!!!</txt:bold></txt:size>","<eff:shake,2><txt:size,2><txt:bold,2><txt:color,orange>Siwoo Baek</txt:color>!!!</txt:bold></txt:size>","<eff:shake,2><txt:size,2><txt:bold,2><txt:color,orange>Siwoo Baek</txt:color>!!!</txt:bold></txt:size>","<eff:shake,2><txt:size,2><txt:bold,2><txt:color,orange>แบคชีอู</txt:color>!!!</txt:bold></txt:size>","<eff:shake,2><txt:size,2><txt:bold,2><txt:color,orange>Siwoo Baek</txt:color>!!!</txt:bold></txt:size>"
,,,백시우_심연,,,pause,,...!,...!,‥！,‥！,‥！,!..,...!,...!,¡...!,...!,...!,!!!
,,,코치 콜먼,,1_분노,,,누가 코치 이름을 막 불러도 된다고 했지?,Who told you it was okay to call your coach by name?,誰がコーチの名前を呼び捨てにしていいと言った？,谁允许你直呼教练名字的？,誰准你直呼教練名字的？,"Совсем что ли, вот так тренера по имени называть?",Siapa kata awak boleh panggil jurulatih awak dengan namanya?,Ai cho cậu gọi thẳng tên huấn luyện viên như thế hả?,¿Quién te dijo que podías llamar al entrenador por su nombre así como así?,Siapa yang mengajarimu untuk sembarangan memanggil nama Coach?,ใครบอกให้นายเรียกชื่อโค้ชตามใจแบบนั้นน่ะ?,Quem disse que pode sair berrando meu nome desse jeito?
,,,코치 콜먼,,1_기본,,,"<txt:bold,2>록웰</txt:bold> 캠프에서 몇 번을 말했었지.","How many times did I say it at <txt:bold,2>Rockwell</txt:bold> Camp?","<txt:bold,2>ロックウェル</txt:bold>キャンプで何度言ったと思ってるんだ。","在<txt:bold,2>洛克威尔</txt:bold>训练营的时候，我说过多少遍了。","我在<txt:bold,2>洛克威爾</txt:bold>訓練營跟你說過多少次了。","Я вроде бы не раз говорил тебе в лагере <txt:bold,2>«Роквелл»</txt:bold>.","Berapa kali saya cakap semasa di Kem <txt:bold,2>Rockwell</txt:bold>?","Ở Khu Trại <txt:bold,2>Rockwell</txt:bold> tôi đã nói bao nhiêu lần rồi.","Te lo dije un montón de veces en el campamento <txt:bold,2>Rockwell</txt:bold>.","Bukankah sudah kubilang berkali-kali di Kamp <txt:bold,2>Rockwell</txt:bold>?","ฉันบอกหลายรอบแล้วใช่ไหมที่ค่าย<txt:bold,2>ร็อกเวล</txt:bold>","Quantas vezes eu falei no <txt:bold,2>Acampamento Rockwell</txt:bold>..."
,,,코치 콜먼,,1_기본,,,코치를 만나면 인사부터 하라고.,"When you see your coach, you greet him first.",コーチに会ったらまず挨拶しろと。,见到教练，首先要打招呼。,見到教練，第一件事就是要問好。,"Если встретишь тренера, первым делом как следует поздоровайся.","Bila jumpa jurulatih, beri salam dahulu.",Gặp huấn luyện viên thì phải chào trước.,Que debes saludar primero cuando te encuentres con un entrenador.,Kamu harus langsung menyapa saat bertemu Coach.,ว่าถ้าเจอโค้ช ให้เริ่มจากกล่าวทักทายก่อน,Que você tem que me cumprimentar primeiro?
,,,백시우_심연,,2_기본,nervous,,"<wrt:delay,10>...<wrt:wait,30>죄송합니다.</wrt:delay>","<wrt:delay,10>...<wrt:wait,30>I’m sorry.</wrt:delay>","<wrt:delay,10>‥<wrt:wait,30>すみません。</wrt:delay>","<wrt:delay,10>‥<wrt:wait,30>对不起。</wrt:delay>","<wrt:delay,10>‥<wrt:wait,30>對不起。</wrt:delay>","<wrt:delay,10>...<wrt:wait,30>Прошу прощения.</wrt:delay>","<wrt:delay,10>...<wrt:wait,30>Maafkan saya.</wrt:delay>","<wrt:delay,10>...<wrt:wait,30>Tôi xin lỗi.</wrt:delay>","<wrt:delay,10>...<wrt:wait,30>Lo siento mucho.</wrt:delay>","<wrt:delay,10>...<wrt:wait,30>Maafkan saya.</wrt:delay>","<wrt:delay,10>...<wrt:wait,30>ขอโทษครับ</wrt:delay>","<wrt:delay,10>Ah... <wrt:wait,30>Perdão.</wrt:delay>"
,,,코치 콜먼,,1_기본,,,그 말이 제일 먼저 나오는 걸 보니 아직도 상황 파악이 안 된 모양이군.,The fact that 'sorry' is the first thing out of your mouth tells me you still don't get it.,その言葉が真っ先に出てくるってことは、まだ状況が分かってないみたいだな。,第一反应居然是道歉，看来你还是没搞清楚状况。,居然還是先道歉，看來你還是搞不清楚狀況啊。,"Но раз у тебя такая реакция, кажется, ты еще не понимаешь всей ситуации.",Awak cakap 'maaf' terlebih dahulu menunjukkan awak masih belum faham.,"Lời đầu tiên thốt ra lại là câu đó, xem ra cậu vẫn chưa hiểu tình hình nhỉ.","Viendo que esas son las primeras palabras que salen de tu boca, parece que aún no entiendes la situación.","Melihat kata-kata itu yang keluar lebih dulu, sepertinya kamu masih belum paham situasinya.",ดูจากที่คำพูดนั้นหลุดออกมาเป็นอย่างแรก ก็แสดงว่านายยังไม่เข้าใจสถานการณ์สินะ,Essa resposta já mostra que você ainda não entendeu nada sobre a situação.
,,,코치 콜먼,,1_기본,,,다시 배구를 시작했다는 말에 조금은 기대했던 내가 바보였어.,I was foolish to get my hopes up when I heard you’d started playing again.,またバレーを始めたと聞いて、少しは期待した私がバカだった。,听说你重新开始打排球了，我还抱有一点期待，真是我瞎了眼。,聽說你又回去打排球了，我本來還抱著一點期待，看來是我太傻了。,"А я был дураком, когда обрадовался, услышав, что ты готов снова играть в волейбол.",Sia-sia saya berharap bila saya dengar awak mula bermain semula.,Chỉ có tôi ngốc mới đi trông đợi khi nghe nói cậu bắt đầu chơi bóng chuyền lại.,Fui un tonto por haber tenido algo de esperanza al escuchar que habías empezado a jugar voleibol de nuevo.,"Bodoh sekali aku, sempat sedikit berharap ketika kudengar kamu mulai bermain voli lagi.",ฉันโง่เองแหละที่แอบคาดหวังกับคำพูดที่ว่านายเริ่มเล่นวอลเลย์บอลอีกครั้ง,Fui idiota em achar que você teria mudado só porque voltou pro vôlei.
,,,코치 콜먼,,1_분노,,,그래도 한 번 바닥을 친 놈이면 뭐라도 달라졌을 거라고 기대했는데.,I figured a guy who’d already hit rock bottom might’ve changed.,それでも一度どん底を味わった奴なら、何か変わってるかと思ったんだがな。,我本来还以为，经历过低谷的人多少会有点长进呢。,我還以為跌落谷底的人，多少會有些改變。,"Надеялся, что, побывав на самом дне, ты хоть немного изменился.",Ingat orang yang sudah jatuh ke tahap terendah mungkin sudah berubah.,Tôi đã nghĩ rằng một thằng từng chạm đáy như cậu thì ít nhiều cũng sẽ thay đổi.,Pensé que alguien que ya había tocado fondo habría cambiado en algo.,"Kupikir, kalau seseorang sudah jatuh ke titik terendah, pasti ada setidaknya sedikit perubahan.",แต่ฉันก็อุตส่าห์คาดหวังว่าเจ้าคนที่เคยตกต่ำจนถึงขีดสุด น่าจะเปลี่ยนแปลงไปบ้าง,Pensei que alguém que já bateu no fundo tivesse mudado de verdade.
,,,백시우_심연,,2_차분,nervous,,...,...,‥,‥,‥,...,...,...,...,...,...,...
,,,코치 콜먼,,1_기본,,,경기도 봤다. 눈 뜨고 봐줄 수가 없더군.,I watched your match too. It was painful to watch.,試合も見たが、見るに堪えなかったぞ。,刚才的比赛我也看了。简直惨不忍睹。,你的比賽我也看了，可以說是慘不忍睹。,Видел ваш матч. Без боли смотреть не получалось.,Saya menonton perlawanan awak juga. Tak sanggup nak buka mata.,Tôi xem trận đấu rồi. Đúng là không thể mở mắt ra mà nhìn nổi.,También vi el partido. Fue un espectáculo lamentable.,Aku juga sudah menonton pertandingannya. Aku tidak sanggup melihatnya dengan mata terbuka.,ฉันได้เห็นการแข่งขันแล้วด้วย ทนดูไม่ได้เชียวล่ะ,Assisti sua partida. Foi sofrido de ver.
,,,코치 콜먼,,1_기본,,,그게 뭐야? 겁쟁이처럼 플레이하다니.,What was that? Playing like a coward.,あれは何だ？ヘタレみたいなプレーをして。,那算什么？打得像个胆小鬼一样。,怎麼會打成那樣？跟個膽小鬼一樣。,Что за трусливая игра?,Apa itu? Main macam pengecut.,Cái kiểu gì vậy? Chơi như một kẻ hèn nhát.,¿Qué fue eso? Jugando como un cobarde.,Tapi apa-apaan itu? Kamu main seperti pengecut.,นั่นมันอะไรกัน? เล่นอย่างกับคนขี้ขลาดไปได้,Mas que jogo foi aquele? Parecia um medroso em quadra.
,,,코치 콜먼,,1_분노,,,누가 그렇게 가르쳤지?,Who taught you to play like that?,誰からそう教わったんだ？,谁教你这么打球的？,是誰教你那樣打球的？,Кто тебя учил?,Siapa yang ajar awak main macam tu?,Ai dạy cậu như thế hả?,¿Quién te enseñó a jugar así?,Siapa yang mengajarimu seperti itu?,ใครสอนนายแบบนั้นเหรอ?,Quem te ensinou a jogar assim?
,,,코치 콜먼,,1_기본,,,"그러게, 내 밑에 있었어야지.","See, you should’ve stayed under me.",だから言っただろう、私の下にいるべきだったと。,所以说，你当初就该老老实实待在我的手下。,所以我就說，你當初就該待在我身邊的。,Надо было тренироваться под моим началом.,"Kan, awak sepatutnya kekal di bawah bimbingan saya.","Bảo rồi, đáng lẽ cậu phải ở dưới trướng tôi.",Por eso mismo debiste haberte quedado bajo mis órdenes.,"Iya, seharusnya kamu terus berlatih di bawah bimbinganku.",ใช่สินะ นายควรจะมาอยู่ภายใต้การดูแลของฉันแท้ๆ,Era melhor você ter treinado comigo.
,,,코치 콜먼,,1_기본,,,"<txt:bold,1>나라면 네가 지금 같은 한심한 꼴이 되도록 절대 내버려 두지 않았을 텐데.</txt:bold>","<txt:bold,1>I would never have let you turn into this pathetic mess.</txt:bold>","<txt:bold,1>私なら君がこんな情けない姿になるまで、放っておくことなんてなかったのにな。</txt:bold>","<txt:bold,1>换做是我，绝对不会让你沦落到这种可怜巴巴的境地。</txt:bold>","<txt:bold,1>換作是我，絕對不可能眼睜睜看著你變成現在這副德行。</txt:bold>","<txt:bold,1>Я бы не позволил тебе так жалко выглядеть сейчас.</txt:bold>","<txt:bold,1>Saya takkan biarkan awak jadi kucar-kacir macam ni.</txt:bold>","<txt:bold,1>Nếu là tôi, tôi tuyệt đối sẽ không để cậu trở nên thảm hại như bây giờ đâu.</txt:bold>","<txt:bold,1>Si hubiera sido yo, jamás habría permitido que terminaras en un estado tan patético como el de ahora.</txt:bold>","<txt:bold,1>Karena aku tidak akan pernah membiarkanmu terlihat menyedihkan seperti ini sekarang.</txt:bold>","<txt:bold,1>ถ้าเป็นฉัน จะไม่มีทางปล่อยให้นายกลายเป็นสภาพน่าสมเพชแบบตอนนี้เลย</txt:bold>","<txt:bold,1>Eu nunca teria deixado você virar esse desastre.</txt:bold>"
,,,TAG,,,,,"<eff:black,4>","<eff:black,4>","<eff:black,4>","<eff:black,4>","<eff:black,4>","<eff:black,4>","<eff:black,4>","<eff:black,4>","<eff:black,4>","<eff:black,4>","<eff:black,4>","<eff:black,4>"
,,,TAG,,,,,"<sys:qmap,훈련장 복도><cha:qpos,백시우_심연,4><cha:qpos,코치 콜먼,4><cha:qpos,마윤석,0><sys:bgm,BGM_INTO_THE_UNDERGROUND,600>","<sys:qmap,훈련장 복도><cha:qpos,백시우_심연,4><cha:qpos,코치 콜먼,4><cha:qpos,마윤석,0><sys:bgm,BGM_INTO_THE_UNDERGROUND,600>","<sys:qmap,훈련장 복도><cha:qpos,백시우_심연,4><cha:qpos,코치 콜먼,4><cha:qpos,마윤석,0><sys:bgm,BGM_INTO_THE_UNDERGROUND,600>","<sys:qmap,훈련장 복도><cha:qpos,백시우_심연,4><cha:qpos,코치 콜먼,4><cha:qpos,마윤석,0><sys:bgm,BGM_INTO_THE_UNDERGROUND,600>","<sys:qmap,훈련장 복도><cha:qpos,백시우_심연,4><cha:qpos,코치 콜먼,4><cha:qpos,마윤석,0><sys:bgm,BGM_INTO_THE_UNDERGROUND,600>","<sys:qmap,훈련장 복도><cha:qpos,백시우_심연,4><cha:qpos,코치 콜먼,4><cha:qpos,마윤석,0><sys:bgm,BGM_INTO_THE_UNDERGROUND,600>","<sys:qmap,훈련장 복도><cha:qpos,백시우_심연,4><cha:qpos,코치 콜먼,4><cha:qpos,마윤석,0><sys:bgm,BGM_INTO_THE_UNDERGROUND,600>","<sys:qmap,훈련장 복도><cha:qpos,백시우_심연,4><cha:qpos,코치 콜먼,4><cha:qpos,마윤석,0><sys:bgm,BGM_INTO_THE_UNDERGROUND,600>","<sys:qmap,훈련장 복도><cha:qpos,백시우_심연,4><cha:qpos,코치 콜먼,4><cha:qpos,마윤석,0><sys:bgm,BGM_INTO_THE_UNDERGROUND,600>","<sys:qmap,훈련장 복도><cha:qpos,백시우_심연,4><cha:qpos,코치 콜먼,4><cha:qpos,마윤석,0><sys:bgm,BGM_INTO_THE_UNDERGROUND,600>","<sys:qmap,훈련장 복도><cha:qpos,백시우_심연,4><cha:qpos,코치 콜먼,4><cha:qpos,마윤석,0><sys:bgm,BGM_INTO_THE_UNDERGROUND,600>","<sys:qmap,훈련장 복도><cha:qpos,백시우_심연,4><cha:qpos,코치 콜먼,4><cha:qpos,마윤석,0><sys:bgm,BGM_INTO_THE_UNDERGROUND,600>"
,,,마윤석,,1_당황,,,"<txt:shake,1>뭐, 뭐야!! 이리로 쭉 가면 되는 거 아니었어??</txt:shake>","<txt:shake,1>Wh-What?! I thought I just had to go straight this way!</txt:shake>","<txt:shake,1>ど、どういうことだ！！まっすぐ行けばいいんじゃなかったのか？？</txt:shake>","<txt:shake,1>搞什么鬼！！不是说一直往前走就行了吗？？</txt:shake>","<txt:shake,1>搞、搞什麼啊！！不是說一直往這邊走就能出去了嗎？？</txt:shake>","<txt:shake,1>Это еще что? Разве не сюда?</txt:shake>","<txt:shake,1>A-Apa?! Ingat saya cuma perlu jalan terus sini!</txt:shake>","<txt:shake,1>Gì, gì vậy!! Chẳng phải cứ đi thẳng đường này là được sao??</txt:shake>","<txt:shake,1>¡¡Q-qué!! ¿¿No se suponía que solo tenía que ir todo recto por aquí??</txt:shake>","<txt:shake,1>A-apa ini!! Bukankah dia bilang tinggal terus jalan ke arah sini??</txt:shake>","<txt:shake,1>อะ อะไรเนี่ย!! ไม่ใช่แค่ตรงไปตามทางเรื่อยๆ หรอกเหรอ??</txt:shake>","<txt:shake,1>Ué? Não era só seguir reto?</txt:shake>"
,,,마윤석,,1_분노,,,"<cha:pop,마윤석>여기 길이 왜 이렇게 복잡해?!","<cha:pop,마윤석>This place is a maze!","<cha:pop,마윤석>ここの道、なんでこんなに入り組んでるんだ！？","<cha:pop,마윤석>这地方的路怎么这么复杂？！","<cha:pop,마윤석>這裡的路怎麼這麼複雜啊？！","<cha:pop,마윤석>Какая запутанная дорога!","<cha:pop,마윤석>Kenapa laluan di sini bersimpang-siur sangat?!","<cha:pop,마윤석>Sao đường ở đây lại rắc rối thế này?!","<cha:pop,마윤석>¡¿Por qué el camino aquí es tan complicado?!","<cha:pop,마윤석>Kenapa jalannya ribet sekali?!","<cha:pop,마윤석>ทำไมทางตรงนี้มันซับซ้อนขนาดนี้ล่ะ?!","<cha:pop,마윤석>Por que esse lugar é tão confuso?!"
,,,마윤석,,1_무표정,,,"으으... <wrt:wait,30>조금만 더 가면 될 것 같은데 분명.","Ugh... <wrt:wait,30>I feel like I’m almost there, though...","うう‥<wrt:wait,30>もう少し行けば着くはずなんだけど。","唔唔‥<wrt:wait,30>明明感觉只要再走一点点就到了。","嗚嗚‥<wrt:wait,30>明明覺得再走一下就到了。","Уф... <wrt:wait,30>Еще чуть-чуть как будто.","Ugh... <wrt:wait,30>Rasa macam hampir sampai, tapi...","Ưư... <wrt:wait,30>chắc là chỉ cần đi thêm một chút nữa thôi.","Ugh... <wrt:wait,30>Seguro que solo tengo que caminar un poco más.","Urgghh... <wrt:wait,30>Padahal aku yakin aku sudah dekat.","ฮึ่ย... <wrt:wait,30>ไปอีกนิดก็น่าจะถึงแล้วแท้ๆ","Aff... <wrt:wait,30>tenho certeza que só preciso ir mais um pouquinho..."
,,,마윤석,,1_당황,shake,,"무, 무서워...! <wrt:wait,30><txt:size,-1>내가 어쩌다 이렇게 된 거야.</txt:size> <txt:size,-2><wrt:delay,5>이제 그만 집으로 돌아가고 싶어...</wrt:delay></txt:size>","I-I’m scared...! <wrt:wait,30><txt:size,-1>How’d I end up like this?</txt:size> <txt:size,-2><wrt:delay,5>I just wanna go home...</wrt:delay></txt:size>","こ、怖い‥！<wrt:wait,30><txt:size,-1>俺、なんでこんなことになってんだ。</txt:size><txt:size,-2><wrt:delay,5>もうお家に帰りたい‥</wrt:delay></txt:size>","妈呀，好可怕‥！<wrt:wait,30><txt:size,-1>我怎么会落到这种地步。</txt:size><txt:size,-2><wrt:delay,5>好想回家啊‥</wrt:delay></txt:size>","怎、怎麼那麼可怕‥！<wrt:wait,30><txt:size,-1>我怎麼會淪落到這種地步啊。</txt:size><txt:size,-2><wrt:delay,5>我好想回家喔‥</wrt:delay></txt:size>","Страх какой!.. <wrt:wait,30><txt:size,-1>И как так вышло?</txt:size> <txt:size,-2><wrt:delay,5>Домой хочу...</wrt:delay></txt:size>","S-Saya takut...! <wrt:wait,30><txt:size,-1>Macam mana saya boleh jadi macam ni?</txt:size> <txt:size,-2><wrt:delay,5>Saya cuma nak balik rumah...</wrt:delay></txt:size>","Sợ, sợ quá...! <wrt:wait,30><txt:size,-1>Sao tôi lại ra nông nỗi này chứ.</txt:size> <txt:size,-2><wrt:delay,5>Giờ tôi chỉ muốn về nhà thôi...</wrt:delay></txt:size>","¡Q-qué miedo...! <wrt:wait,30><txt:size,-1>Cómo fue que terminé así.</txt:size> <txt:size,-2><wrt:delay,5>Ya solo quiero volver a casa...</wrt:delay></txt:size>","Aku t-takut...! <wrt:wait,30><txt:size,-1>Kenapa aku berakhir dalam situasi seperti ini?</txt:size> <txt:size,-2><wrt:delay,5>Aku ingin sekali pulang...</wrt:delay></txt:size>","นะ น่ากลัวชะมัด...! <wrt:wait,30><txt:size,-1>ทำไมชีวิตฉันถึงกลายมาเป็นแบบนี้ได้เนี่ย</txt:size> <txt:size,-2><wrt:delay,5>อยากกลับบ้านจังเลย...</wrt:delay></txt:size>","T-tô com medo... <wrt:wait,30><txt:size,-1>Por que isso tá acontecendo comigo? </txt:size><txt:size,-2><wrt:delay,5>Quero ir pra casa...</wrt:delay></txt:size>"
,,,-,,,,,"<eff:shake,2><txt:bold,2><txt:size,2><txt:shake,2>(꺄아아아아악-!)</txt:shake></txt:size></txt:bold>","<eff:shake,2><txt:bold,2><txt:size,2><txt:shake,2>(Kyaaaah!)</txt:shake></txt:size></txt:bold>","<eff:shake,2><txt:bold,2><txt:size,2><txt:shake,2>(きゃああああああー！)</txt:shake></txt:size></txt:bold>","<eff:shake,2><txt:bold,2><txt:size,2><txt:shake,2>（呀啊啊啊啊啊——！）</txt:shake></txt:size></txt:bold>","<eff:shake,2><txt:bold,2><txt:size,2><txt:shake,2>（哇啊啊啊啊啊——！）</txt:shake></txt:size></txt:bold>","<eff:shake,2><txt:bold,2><txt:size,2><txt:shake,2>(А-а-а-а-а-а-а-а!)</txt:shake></txt:size></txt:bold>","<eff:shake,2><txt:bold,2><txt:size,2><txt:shake,2>(Kyaaaah!)</txt:shake></txt:size></txt:bold>","<eff:shake,2><txt:bold,2><txt:size,2><txt:shake,2>Áááááá!</txt:shake></txt:size></txt:bold>","<eff:shake,2><txt:bold,2><txt:size,2><txt:shake,2>(¡¡Kyaaaaah!!)</txt:shake></txt:size></txt:bold>","<eff:shake,2><txt:bold,2><txt:size,2><txt:shake,2>(Kyahhhhh-!)</txt:shake></txt:size></txt:bold>","<eff:shake,2><txt:bold,2><txt:size,2><txt:shake,2>(กรี๊ดดดด-!)</txt:shake></txt:size></txt:bold>","<eff:shake,2><txt:bold,2><txt:size,2><txt:shake,2>(Aaaaah!)</txt:shake></txt:size></txt:bold>"
,,,마윤석,,-1_당황,,,"히, 히익?! <wrt:wait,30><cha:pop,마윤석>무, 무슨 소리야, 이건...!","Eek?! <wrt:wait,30><cha:pop,마윤석>Wh-What was that...?!","ひ、ひいっ！？<wrt:wait,30><cha:pop,마윤석>な、なんだよ、この声‥！","噫，妈呀？！<wrt:wait,30><cha:pop,마윤석>这是什么声音‥！","呃、呃啊？！<wrt:wait,30><cha:pop,마윤석>這、這是什麼聲音‥！","Ой! <wrt:wait,30><cha:pop,마윤석>Ч-что это за звук?..","Eek?! <wrt:wait,30><cha:pop,마윤석>A-Apa itu...?!","Hơ?! <wrt:wait,30><cha:pop,마윤석>Tiếng gì vậy...!","¡¿H-hiik?! <wrt:wait,30><cha:pop,마윤석>¡Q-qué fue ese sonido...!","Ehhhhh?! <wrt:wait,30><cha:pop,마윤석>S-suara apa ini...!","ฮะ เฮือก?! <wrt:wait,30><cha:pop,마윤석>นะ นี่มันเสียงอะไรน่ะ...!","H-hã?! <wrt:wait,30><cha:pop,마윤석>Q-que barulho foi esse?!"
,,,마윤석,,-1_당황,,quest,"<wrt:delay,5>...<wrt:wait,30>잠깐, 이 목소리는...?</wrt:delay> <wrt:wait,30>설마...! <txt:size,2><txt:bold,2><txt:color,orange>다희</txt:color></txt:bold>?!</txt:size>","<wrt:delay,5>...<wrt:wait,30>Wait, that voice...?</wrt:delay> <wrt:wait,30>Is that...?! <txt:size,2><txt:bold,2><txt:color,orange>Dahee</txt:color></txt:bold>?!</txt:size>","<wrt:delay,5>‥<wrt:wait,30>ちょっと待て、この声って‥？</wrt:delay><wrt:wait,30>まさか‥！<txt:size,2><txt:bold,2><txt:color,orange>夏希</txt:color></txt:bold>！？</txt:size>","<wrt:delay,5>‥<wrt:wait,30>等等，这声音是‥？</wrt:delay><wrt:wait,30>难道‥！<txt:size,2><txt:bold,2><txt:color,orange>多熙</txt:color></txt:bold>？！</txt:size>","<wrt:delay,5>‥<wrt:wait,30>等等，這聲音是‥？</wrt:delay><wrt:wait,30>該不會是‥！<txt:size,2><txt:bold,2><txt:color,orange>多熙</txt:color></txt:bold>？！</txt:size>","<wrt:delay,5>...<wrt:wait,30>Погодите, это же...</wrt:delay> <wrt:wait,30>Голос... <txt:size,2><txt:bold,2><txt:color,orange>Дахи</txt:color></txt:bold>?!</txt:size>","<wrt:delay,5>...<wrt:wait,30>Tunggu, suara itu...?</wrt:delay> <wrt:wait,30>Adakah itu...?! <txt:size,2><txt:bold,2><txt:color,orange>Dahee</txt:color></txt:bold>?!</txt:size>","<wrt:delay,5>...<wrt:wait,30>Khoan đã, giọng này là...?</wrt:delay> <wrt:wait,30>Chẳng lẽ...! <txt:size,2><txt:bold,2><txt:color,orange>Dahee</txt:color></txt:bold>?!?!</txt:size>","<wrt:delay,5>...<wrt:wait,30>Un momento, ¿esta voz es...?</wrt:delay> <wrt:wait,30>¡No me digas que...! <txt:size,2>¡¿<txt:bold,2><txt:color,orange>Dahee</txt:color></txt:bold>?!</txt:size>","<wrt:delay,5>...<wrt:wait,30>Bentar, suara ini kan...?</wrt:delay> <wrt:wait,30>Jangan-jangan...! <txt:size,2><txt:bold,2><txt:color,orange>Dahee</txt:color></txt:bold>?!</txt:size>","<wrt:delay,5>...<wrt:wait,30>เดี๋ยวนะ เสียงนี้มัน...?</wrt:delay> <wrt:wait,30>หรือว่า...! <txt:size,2><txt:bold,2><txt:color,orange>ดาฮี</txt:color></txt:bold>?!</txt:size>","<wrt:delay,5>Calma... <wrt:wait,30>essa voz... </wrt:delay><wrt:wait,30>Não pode ser... <txt:size,2><txt:bold,2><txt:color,orange>Dahee</txt:color></txt:bold>?!</txt:size>"
,,,마윤석,,-1_무표정,,,"자, 잠깐만... <wrt:wait,30>훔쳐볼까?","H-Hold on... <wrt:wait,30>should I take a peek?","ちょ、ちょっと‥<wrt:wait,30>覗いてみるか？","等、等一下‥<wrt:wait,30>要不要偷偷看一下？","等、等一下‥<wrt:wait,30>偷瞄一下好了？","Я только... <wrt:wait,30>одним глазком...","T-Tunggu... <wrt:wait,30>patutkah saya intai?","Chờ, chờ đã nào... <wrt:wait,30>hay là lén nhìn thử nhỉ?","E-espera un momento... <wrt:wait,30>¿debería echar un vistazo?","G-gimana... <wrt:wait,30>Kalau aku coba lihat sedikit?","ดะ เดี๋ยวก่อน... <wrt:wait,30>ลองแอบดูดีไหมนะ?","Espera... <wrt:wait,30>vou dar uma espiada."
,,,TAG,,,,,"<cha:pos,마윤석,-2><cha:pos,정다희,1><cha:pos,아이리스,2>","<cha:pos,마윤석,-2><cha:pos,정다희,1><cha:pos,아이리스,2>","<cha:pos,마윤석,-2><cha:pos,정다희,1><cha:pos,아이리스,2>","<cha:pos,마윤석,-2><cha:pos,정다희,1><cha:pos,아이리스,2>","<cha:pos,마윤석,-2><cha:pos,정다희,1><cha:pos,아이리스,2>","<cha:pos,마윤석,-2><cha:pos,정다희,1><cha:pos,아이리스,2>","<cha:pos,마윤석,-2><cha:pos,정다희,1><cha:pos,아이리스,2>","<cha:pos,마윤석,-2><cha:pos,정다희,1><cha:pos,아이리스,2>","<cha:pos,마윤석,-2><cha:pos,정다희,1><cha:pos,아이리스,2>","<cha:pos,마윤석,-2><cha:pos,정다희,1><cha:pos,아이리스,2>","<cha:pos,마윤석,-2><cha:pos,정다희,1><cha:pos,아이리스,2>","<cha:pos,마윤석,-2><cha:pos,정다희,1><cha:pos,아이리스,2>"
,,,마윤석,,-1_당황,,,"저건... <txt:bold,2><txt:color,orange>다희</txt:color></txt:bold>잖아...?! 가드들한테 쫓기고 있어?!","That’s... <txt:bold,2><txt:color,orange>Dahee</txt:color></txt:bold>?! She’s being chased by guards?!","あれは‥<txt:bold,2><txt:color,orange>夏希</txt:color></txt:bold>じゃないか‥！？ガードマンに追われてる！？","那不是‥<txt:bold,2><txt:color,orange>多熙</txt:color></txt:bold>吗‥？！她正在被保安追？！","那不就是‥<txt:bold,2><txt:color,orange>多熙</txt:color></txt:bold>嗎‥？！她正在被警衛追？！","Это же... <txt:bold,2><txt:color,orange>Дахи</txt:color></txt:bold>? А за ней охрана?","Itu... <txt:bold,2><txt:color,orange>Dahee</txt:color></txt:bold>?! Dia sedang dikejar oleh pengawal?!","Đó chẳng phải... <txt:bold,2><txt:color,orange>Dahee</txt:color></txt:bold> sao...?! Cậu ấy đang bị đám bảo vệ đuổi theo à?!","Esa es... ¡¿<txt:bold,2><txt:color,orange>Dahee</txt:color></txt:bold>...?! ¡¿La están persiguiendo los guardias?!","Itu kan... benar <txt:bold,2><txt:color,orange>Dahee</txt:color></txt:bold>...?! Dia sedang dikejar oleh sekuritas?!","นั่นมัน... <txt:bold,2><txt:color,orange>ดาฮี</txt:color></txt:bold>นี่นา...?! กำลังถูกพวกการ์ดไล่ตามอยู่เหรอ?!","Aquela... não é a <txt:bold,2><txt:color,orange>Dahee</txt:color></txt:bold>?! Ela tá sendo caçada pelos guardas?"
,,,마윤석,,-1_당황,,,"...다, <txt:bold,2><txt:color,orange>다희</txt:color></txt:bold>가 어떻게 여기에?! <txt:size,2>뭐야, 뭐가 어떻게 된 상황이야?!</txt:size>","H-How is <txt:bold,2><txt:color,orange>Dahee</txt:color></txt:bold> even here...?! <txt:size,2>What is going on?!</txt:size>","‥な、<txt:bold,2><txt:color,orange>夏希</txt:color></txt:bold>がなんでここに！？<txt:size,2>なんだよ、どういう状況だ！？</txt:size>","‥多、<txt:bold,2><txt:color,orange>多熙</txt:color></txt:bold>怎么会在这儿？！<txt:size,2>到底发生什么事了？！</txt:size>","‥多、<txt:bold,2><txt:color,orange>多熙</txt:color></txt:bold>怎麼會在這裡？！<txt:size,2>這、這到底是怎麼回事？！</txt:size>","...Д-<txt:bold,2><txt:color,orange>Дахи</txt:color></txt:bold>, ты как тут оказалась? <txt:size,2>Что тут происходит?</txt:size>","B-Bagaimana <txt:bold,2><txt:color,orange>Dahee</txt:color></txt:bold> ada di sini...?! <txt:size,2>Apa yang sedang berlaku?!</txt:size>","...Da, <txt:bold,2><txt:color,orange>Dahee</txt:color></txt:bold> sao lại ở đây?! <txt:size,2>Rốt cuộc đây là tình huống gì vậy?!</txt:size>","...¡¿C-cómo es que <txt:bold,2><txt:color,orange>Dahee</txt:color></txt:bold> está aquí?! <txt:size,2>¡¿Qué, qué está pasando aquí?!</txt:size>","...Da, <txt:bold,2><txt:color,orange>Dahee</txt:color></txt:bold>, kenapa dia ada disini?! <txt:size,2>Apa yang sebenarnya sedang terjadi disini?!</txt:size>","...ทะ ทำไม<txt:bold,2><txt:color,orange>ดาฮี</txt:color></txt:bold>ถึงมาอยู่ที่นี่ได้?! <txt:size,2>อะไรกันเนี่ย มันเกิดอะไรขึ้น?!</txt:size>","Como a <txt:bold,2><txt:color,orange>Dahee</txt:color></txt:bold> veio parar nesse lugar?! <txt:size,2>O que tá acontecendo?</txt:size>"
,,,마윤석,,-1_당황,,,"으으, 뭐야, 그렇게 찾을 땐 안 보이더니 왜 제일 만나고 싶지 않을 때 만난 거냐구.","Ugh, of course. I couldn’t find her no matter how hard I tried, and now she shows up at the worst possible time.",うう、なんだよ、あんなに探してたときは見つからなかったのに、なんで一番会いたくないときにいるんだよ。,呜呜，搞什么嘛，找她的时候不见人影，偏偏在最不想撞见的时候遇到了。,嗚嗚，真是的。找她的時候沒看到半個人影，偏偏在最不想見面的時候碰上。,"Ну почему, когда надо, ее не доискаться, а когда не надо — обязательно попадается под руку?","Ugh, sudah tentu. Susah-susah saya cari dia tak dapat, dan sekarang dia muncul pada masa yang paling teruk.","Ưư, cái gì vậy chứ, lúc tìm thì không thấy đâu, sao lại cứ gặp đúng lúc không muốn gặp nhất thế này.","Ugh, qué pasa, cuando la buscaba tanto no aparecía y por qué me la encuentro cuando menos quiero verla.","Urgghh, apa ini, dia sama sekali tidak terlihat saat aku mencarinya, tapi malah muncul di satu saat dimana aku benar-benar tidak ingin bertemu.",ฮึ่ย ตอนพลิกแผ่นดินตามหาก็ไม่เจอ ทำไมต้องมาเจอตอนที่ไม่อยากเจอที่สุดด้วย,Aff... Procurei tanto e ela não aparecia. Por que fui encontrar ela justo na pior hora possível?
,,,마윤석,,1_당황,,,"<txt:shake,1>모, 몰라. 무서워, 내가 어떻게 할 수 있는 게 아니잖아.</txt:shake>","<txt:shake,1>I-I don’t know. I’m scared. There’s nothing I can do.</txt:shake>","<txt:shake,1>し、知らないぞ。怖いし、俺にどうにかできることじゃないだろ。</txt:shake>","<txt:shake,1>不、不管了。太可怕了，这不是我能管得了的事啊。</txt:shake>","<txt:shake,1>我、我不管啦。太恐怖了，這又不是我能應付的狀況。</txt:shake>","<txt:shake,1>Это не мое дело. Я тут ничем помочь не могу. Слишком пугает.</txt:shake>","<txt:shake,1>S-Saya tak tahu. Saya takut. Saya tak boleh buat apa-apa.</txt:shake>","<txt:shake,1>Kh, không biết nữa. Sợ quá, đây đâu phải chuyện tôi có thể làm được gì.</txt:shake>","<txt:shake,1>N-no lo sé. Tengo miedo, no es como si pudiera hacer algo al respecto.</txt:shake>","<txt:shake,1>B-bodo amatlah. Aku takut, lagipula tidak ada yang bisa aku lakukan juga.</txt:shake>","<txt:shake,1>มะ ไม่รู้ล่ะ น่ากลัวออก ฉันก็ไม่ใช่ว่าจะทำอะไรได้สักหน่อย</txt:shake>","<txt:shake,1>Ah, sei lá! Não tem nada que eu possa fazer.</txt:shake>"
,,,마윤석,,1_당황,,,"<txt:shake,1>내, 내가 뭘 할 수 있는데. 난 잘못한 것도 없고...</txt:shake>","<txt:shake,1>Wh-What was I supposed to do? I didn’t do anything wrong...</txt:shake>","<txt:shake,1>お、俺に何ができるってんだ。何も悪いことしてないし‥</txt:shake>","<txt:shake,1>我又能做什么呢。我又没做错什么‥</txt:shake>","<txt:shake,1>我、我能有什麼辦法，況且我又沒做錯什麼‥</txt:shake>","<txt:shake,1>Ничего не поделаешь, и я ни в чем не виноват...</txt:shake>","<txt:shake,1>A-Apa yang sepatutnya saya buat? Saya tak buat salah...</txt:shake>","<txt:shake,1>Tôi thì làm được gì chứ. Tôi cũng đâu có làm sai gì...</txt:shake>","<txt:shake,1>Q-qué puedo hacer yo. Yo no he hecho nada malo y...</txt:shake>","<txt:shake,1>A-apa yang bisa aku lakukan. Ini bukan salahku juga...</txt:shake>","<txt:shake,1>ฉะ ฉันจะไปทำอะไรได้ แล้วฉันก็ไม่ได้ทำอะไรผิดด้วย...</txt:shake>","<txt:shake,1>Não posso fazer nada e eu não fiz nada de errado...</txt:shake>"
,,,TAG,,,,,"<eff:black,3>","<eff:black,3>","<eff:black,3>","<eff:black,3>","<eff:black,3>","<eff:black,3>","<eff:black,3>","<eff:black,3>","<eff:black,3>","<eff:black,3>","<eff:black,3>","<eff:black,3>"
,,,TAG,,,,,"<cha:qhide,마윤석><sys:quiet,600><cha:qhide,아이리스>","<cha:qhide,마윤석><sys:quiet,600><cha:qhide,아이리스>","<cha:qhide,마윤석><sys:quiet,600><cha:qhide,아이리스>","<cha:qhide,마윤석><sys:quiet,600><cha:qhide,아이리스>","<cha:qhide,마윤석><sys:quiet,600><cha:qhide,아이리스>","<cha:qhide,마윤석><sys:quiet,600><cha:qhide,아이리스>","<cha:qhide,마윤석><sys:quiet,600><cha:qhide,아이리스>","<cha:qhide,마윤석><sys:quiet,600><cha:qhide,아이리스>","<cha:qhide,마윤석><sys:quiet,600><cha:qhide,아이리스>","<cha:qhide,마윤석><sys:quiet,600><cha:qhide,아이리스>","<cha:qhide,마윤석><sys:quiet,600><cha:qhide,아이리스>","<cha:qhide,마윤석><sys:quiet,600><cha:qhide,아이리스>"
,,,TAG,,,,,"<sys:qmap,동아리방><cha:qpos,정다희,0><cha:qhide,마윤석><cha:qhide,아이리스>","<sys:qmap,동아리방><cha:qpos,정다희,0><cha:qhide,마윤석><cha:qhide,아이리스>","<sys:qmap,동아리방><cha:qpos,정다희,0><cha:qhide,마윤석><cha:qhide,아이리스>","<sys:qmap,동아리방><cha:qpos,정다희,0><cha:qhide,마윤석><cha:qhide,아이리스>","<sys:qmap,동아리방><cha:qpos,정다희,0><cha:qhide,마윤석><cha:qhide,아이리스>","<sys:qmap,동아리방><cha:qpos,정다희,0><cha:qhide,마윤석><cha:qhide,아이리스>","<sys:qmap,동아리방><cha:qpos,정다희,0><cha:qhide,마윤석><cha:qhide,아이리스>","<sys:qmap,동아리방><cha:qpos,정다희,0><cha:qhide,마윤석><cha:qhide,아이리스>","<sys:qmap,동아리방><cha:qpos,정다희,0><cha:qhide,마윤석><cha:qhide,아이리스>","<sys:qmap,동아리방><cha:qpos,정다희,0><cha:qhide,마윤석><cha:qhide,아이리스>","<sys:qmap,동아리방><cha:qpos,정다희,0><cha:qhide,마윤석><cha:qhide,아이리스>","<sys:qmap,동아리방><cha:qpos,정다희,0><cha:qhide,마윤석><cha:qhide,아이리스>"
,,,정다희,,1_기본,,,"<scr:noskip>...헤헤, <txt:bold,2><txt:color,orange>마윤석</txt:color></txt:bold>, 방금 서브 무지 좋았어!","<scr:noskip>Hehe, that serve was incredible, <txt:bold,2><txt:color,orange>Yoonseok</txt:color></txt:bold>!","<scr:noskip>‥えへへ、<txt:bold,2><txt:color,orange>忠英</txt:color></txt:bold>、さっきのサーブすっごくよかったよ！","<scr:noskip>‥嘿嘿，<txt:bold,2><txt:color,orange>马允硕</txt:color></txt:bold>，刚才的发球真帅！","<scr:noskip>‥嘿嘿，<txt:bold,2><txt:color,orange>馬允碩</txt:color></txt:bold>，剛才那記發球好帥喔！","<scr:noskip>Ха-ха, <txt:bold,2><txt:color,orange>Ма Юнсок</txt:color></txt:bold>, отличная подача!","<scr:noskip>Hehe, servis itu memang hebat, <txt:bold,2><txt:color,orange>Yoonseok</txt:color></txt:bold>!","<scr:noskip>...Hehe, <txt:bold,2><txt:color,orange>Ma Yoonseok</txt:color></txt:bold>, quả giao bóng lúc nãy tuyệt đấy!","<scr:noskip>...Jeje, ¡<txt:bold,2><txt:color,orange>Yunseok Ma</txt:color></txt:bold>, ese saque de hace un rato estuvo increíble!","<scr:noskip>...Hehe, <txt:bold,2><txt:color,orange>Yunseok Ma</txt:color></txt:bold>, Serve barusan sangat bagus sekali!","<scr:noskip>...ฮิฮิ <txt:bold,2><txt:color,orange>มายุนซอก</txt:color></txt:bold> การเสิร์ฟเมื่อกี้เยี่ยมมากเลย!","<scr:noskip>Hehe... <txt:bold,2><txt:color,orange>Yunseok Ma</txt:color></txt:bold>, seu saque agora há pouco foi muito bom!"
,,,정다희,,2_헤헤,,shy,"<scr:noskip><txt:bold,2><txt:color,orange>마윤석</txt:color></txt:bold>! 멋지다. 제법... 남자다운데?","<scr:noskip><txt:bold,2><txt:color,orange>Yoonseok</txt:color></txt:bold>! That was impressive. You’re actually... pretty tough.","<scr:noskip><txt:bold,2><txt:color,orange>忠英</txt:color></txt:bold>！カッコいい。なかなか‥男らしいじゃん？","<scr:noskip><txt:bold,2><txt:color,orange>马允硕</txt:color></txt:bold>！太棒了。真有‥男子汉气概呢。","<scr:noskip><txt:bold,2><txt:color,orange>馬允碩</txt:color></txt:bold>！太帥了。還挺‥有男人味的嘛？","<scr:noskip><txt:bold,2><txt:color,orange>Ма Юнсок</txt:color></txt:bold>! Какой же ты крутой! Настоящий мужчина.","<scr:noskip><txt:bold,2><txt:color,orange>Yoonseok</txt:color></txt:bold>! Bagus tadi. Awak sebenarnya... nampak macam lelaki sejati.","<scr:noskip><txt:bold,2><txt:color,orange>Ma Yoonseok</txt:color></txt:bold>! Ngầu thật đấy. Cũng ra dáng... đàn ông phết nhỉ?!","<scr:noskip>¡<txt:bold,2><txt:color,orange>Yunseok Ma</txt:color></txt:bold>! Qué genial. Bastante... ¿varonil?","<scr:noskip><txt:bold,2><txt:color,orange>Yunseok Ma</txt:color></txt:bold>! Kamu keren sekali. Kamu... lumayan gagah.","<scr:noskip><txt:bold,2><txt:color,orange>มายุนซอก</txt:color></txt:bold>! เท่จัง นาย... แมนมากเลยนะเนี่ย?","<scr:noskip><txt:bold,2><txt:color,orange>Yunseok Ma</txt:color></txt:bold>, arrasou! Você tá até parecendo um homem de verdade, hein?"
,,,정다희,,1_웃음,,,"<scr:noskip><txt:bold,2><txt:color,orange>마<wrt:wait,30>윤<wrt:wait,30>석</txt:color><sys:sfx,샤라랑></txt:bold><wrt:wait,30>♥<wrt:break><txt:color,grey>(<txt:bold,2>마윤석</txt:bold>의 머릿속에서 각색된 다희와의 추억입니다.)</txt:color>","<scr:noskip><txt:bold,2><txt:color,orange>Yoon<wrt:wait,30>seok<wrt:wait,30> Ma</txt:color><sys:sfx,샤라랑></txt:bold><wrt:wait,30>♥<wrt:break><txt:color,grey>(A memory of Dahee reimagined by <txt:bold,2>Yoonseok</txt:bold>.)</txt:color>","<scr:noskip><txt:bold,2><txt:color,orange>た<wrt:wait,30>だ<wrt:wait,30>ひ<wrt:wait,30>で</txt:color><sys:sfx,샤라랑></txt:bold><wrt:wait,30>♥<wrt:break><txt:color,grey>(<txt:bold,2>伊藤忠英</txt:bold>の頭の中で脚色された夏希との思い出です。)</txt:color>","<scr:noskip><txt:bold,2><txt:color,orange>马<wrt:wait,30>允<wrt:wait,30>硕</txt:color><sys:sfx,샤라랑></txt:bold><wrt:wait,30>♥<wrt:break><txt:color,grey>（此为<txt:bold,2>马允硕</txt:bold>脑内美化后的多熙回忆。）</txt:color>","<scr:noskip><txt:bold,2><txt:color,orange>馬<wrt:wait,30>允<wrt:wait,30>碩</txt:color><sys:sfx,샤라랑></txt:bold><wrt:wait,30>♥<wrt:break><txt:color,grey>（這是<txt:bold,2>馬允碩</txt:bold>腦海中，那段經美化後的與多熙共同回憶。）</txt:color>","<scr:noskip><txt:bold,2><txt:color,orange>Ма<wrt:wait,30>Юн<wrt:wait,30>Сок</txt:color><sys:sfx,샤라랑></txt:bold><wrt:wait,30>♥<wrt:break><txt:color,grey>(Воспоминания о Дахи в воображении <txt:bold,2>Ма Юнсока</txt:bold>.)</txt:color>","<scr:noskip><txt:bold,2><txt:color,orange>Yoon<wrt:wait,30>seok<wrt:wait,30> Ma</txt:color><sys:sfx,샤라랑></txt:bold><wrt:wait,30>♥<wrt:break><txt:color,grey>(Suatu kenangan Dahee yang dibayangkan semula oleh <txt:bold,2>Yoonseok</txt:bold>.)</txt:color>","<scr:noskip><txt:bold,2><txt:color,orange>Ma <wrt:wait,30>Yoon<wrt:wait,30>seok</txt:color><sys:sfx,샤라랑></txt:bold><wrt:wait,30>♥<wrt:break><txt:color,grey>(Đây là hồi ức với Dahee đã được tự biên tự diễn trong đầu <txt:bold,2>Ma Yoonseok</txt:bold>.)</txt:color>","<scr:noskip><txt:bold,2><txt:color,orange>Yun<wrt:wait,30>seok <wrt:wait,30>Ma</txt:color><sys:sfx,샤라랑></txt:bold><wrt:wait,30>♥<wrt:break><txt:color,grey>(Un recuerdo con Dahee dramatizado en la mente de Yunseok Ma).</txt:color>","<scr:noskip><txt:bold,2><txt:color,orange>Yun<wrt:wait,30>seok <wrt:wait,30>Ma</txt:color><sys:sfx,샤라랑></txt:bold><wrt:wait,30>♥<wrt:break><txt:color,grey>(Ini adalah kenangan Dahee yang dibayangkan dan diubah dalam pikiran <txt:bold,2>Yunseok Ma</txt:bold>.)</txt:color>","<scr:noskip><txt:bold,2><txt:color,orange>มา<wrt:wait,30>ยุน<wrt:wait,30>ซอก</txt:color><sys:sfx,샤라랑></txt:bold><wrt:wait,30>♥<wrt:break><txt:color,grey> (ความทรงจำกับดาฮีที่ถูกแต่งเติมใส่สีตีไข่ในหัวของ<txt:bold,2>มายุนซอก</txt:bold>)</txt:color>","<scr:noskip><txt:bold,2><txt:color,orange>Yun<wrt:wait,30>seok <wrt:wait,30>Ma</txt:color><sys:sfx,샤라랑></txt:bold><wrt:wait,30>♥<wrt:break> <txt:color,grey>(lembrança exagerada criada só na cabeça do <txt:bold,2>Yunseok Ma</txt:bold>.)</txt:color>"
,,,TAG,,,,,"<eff:black,3>","<eff:black,2>","<eff:black,2>","<eff:black,2>","<eff:black,2>","<eff:black,2>","<eff:black,2>","<eff:black,2>","<eff:black,2>","<eff:black,2>","<eff:black,2>","<eff:black,2>"
,,,TAG,,,,,"<sys:qmap,훈련장 복도><cha:qpos,마윤석,0></cha:qhide,마윤석><cha:qpos,정다희,4>","<sys:qmap,훈련장 복도><cha:qpos,마윤석,0></cha:qhide,마윤석><cha:qpos,정다희,4>","<sys:qmap,훈련장 복도><cha:qpos,마윤석,0></cha:qhide,마윤석><cha:qpos,정다희,4>","<sys:qmap,훈련장 복도><cha:qpos,마윤석,0></cha:qhide,마윤석><cha:qpos,정다희,4>","<sys:qmap,훈련장 복도><cha:qpos,마윤석,0></cha:qhide,마윤석><cha:qpos,정다희,4>","<sys:qmap,훈련장 복도><cha:qpos,마윤석,0></cha:qhide,마윤석><cha:qpos,정다희,4>","<sys:qmap,훈련장 복도><cha:qpos,마윤석,0></cha:qhide,마윤석><cha:qpos,정다희,4>","<sys:qmap,훈련장 복도><cha:qpos,마윤석,0></cha:qhide,마윤석><cha:qpos,정다희,4>","<sys:qmap,훈련장 복도><cha:qpos,마윤석,0></cha:qhide,마윤석><cha:qpos,정다희,4>","<sys:qmap,훈련장 복도><cha:qpos,마윤석,0></cha:qhide,마윤석><cha:qpos,정다희,4>","<sys:qmap,훈련장 복도><cha:qpos,마윤석,0></cha:qhide,마윤석><cha:qpos,정다희,4>","<sys:qmap,훈련장 복도><cha:qpos,마윤석,0></cha:qhide,마윤석><cha:qpos,정다희,4>"
,,,마윤석,,1_무표정,nervous,,...,...,‥,‥,‥,...,...,...,...,...,...,...
,,,TAG,,,,,"<sys:bgm,BGM_PROPOSAL,600>","<sys:bgm,BGM_PROPOSAL,600>","<sys:bgm,BGM_PROPOSAL,600>","<sys:bgm,BGM_PROPOSAL,600>","<sys:bgm,BGM_PROPOSAL,600>","<sys:bgm,BGM_PROPOSAL,600>","<sys:bgm,BGM_PROPOSAL,600>","<sys:bgm,BGM_PROPOSAL,600>","<sys:bgm,BGM_PROPOSAL,600>","<sys:bgm,BGM_PROPOSAL,600>","<sys:bgm,BGM_PROPOSAL,600>","<sys:bgm,BGM_PROPOSAL,600>"
,,,마윤석,,-1_분노,nervous,,"...아, 정말!!! 다, <txt:bold,2><txt:color,orange>다희</txt:color></txt:bold> 정말 넌 내가 없으면 안 된다니까!","Ugh, seriously...! D-<txt:bold,2><txt:color,orange>Dahee</txt:color></txt:bold>, you really can’t survive without me!","‥ああもう！！！な、<txt:bold,2><txt:color,orange>夏希</txt:color></txt:bold>は、俺がいないとホントにダメだな！","‥啊，真是的！！！多、<txt:bold,2><txt:color,orange>多熙</txt:color></txt:bold>，看来你果然还是没我不行啊！","‥吼，真是的！！！多、<txt:bold,2><txt:color,orange>多熙</txt:color></txt:bold>，妳果然不能沒有我耶！","Ну правда! Д-<txt:bold,2><txt:color,orange>Дахи</txt:color></txt:bold>, ты без меня не справишься!","Ugh, seriuslah...! D-<txt:bold,2><txt:color,orange>Dahee</txt:color></txt:bold>, awak memang tak boleh hidup tanpa saya!","...A, thật tình!!! Da, <txt:bold,2><txt:color,orange>Dahee</txt:color></txt:bold>, đúng là cậu không thể thiếu tôi mà!","...¡¡Ah, de verdad!!! ¡D-definitivamente tú no puedes estar sin mí, <txt:bold,2><txt:color,orange>Dahee</txt:color></txt:bold>!","...Ahhh, dasar!!! Da, <txt:bold,2><txt:color,orange>Dahee</txt:color></txt:bold>, kamu itu memang tidak bisa hidup tanpa diriku ini!","...โอ๊ย ให้ตายเถอะ!!! ดะ <txt:bold,2><txt:color,orange>ดาฮี</txt:color></txt:bold> เธอน่ะขาดฉันไปไม่ได้จริงๆ เลย!","Ah, sério! <txt:bold,2><txt:color,orange>Dahee</txt:color></txt:bold>, você simplesmente precisa de mim!"
,,,마윤석,,-1_분노,nervous,exclam,"어, 어쩔 수 없지. 진정한 상남자가 나서는 수밖에!!",C-Can’t be helped. Time for a real man to step up!,し、しょうがない。真の漢が出るしか！！,没办法了。看来只能由我这个真正的硬汉出马了！！,沒、沒辦法了，看來只能由我這個真正的男子漢出馬了！！,Ничего не поделаешь. За дело должен взяться настоящий мужчина!,T-Tak boleh dielakkan. Masa untuk lelaki sejati tampil ke hadapan!,Cũng đành rồi. Chỉ có thể để người đàn ông đích thực này ra tay thôi!!,N-no hay de otra. ¡¡Es hora de que entre en acción un hombre de verdad!!,"Mau bagaimana lagi. Sebagai pria sejati, aku harus turun tangan!!",ชะ ช่วยไม่ได้ คนแมนที่แท้จริงต้องออกโรงซะแล้ว!!,Fazer o quê... Só um homem de verdade resolve isso!
,,,TAG,,,,,"<eff:black,3>","<eff:black,3>","<eff:black,3>","<eff:black,3>","<eff:black,3>","<eff:black,3>","<eff:black,3>","<eff:black,3>","<eff:black,3>","<eff:black,3>","<eff:black,3>","<eff:black,3>"
,,,마윤석,,1_폭풍눈물1,,,"<eff:shake,2><txt:bold,2><txt:size,2>여, 여기에 너희들이 찾던 선수 계약서가 있다!</txt:size></txt:bold>","<eff:shake,2><txt:bold,2><txt:size,2>Th-The player contracts you’re looking for are right here!</txt:size></txt:bold>","<eff:shake,2><txt:bold,2><txt:size,2>こ、ここにお前らが探してた選手契約書があるぞ！</txt:size></txt:bold>","<eff:shake,2><txt:bold,2><txt:size,2>喂！你们要找的球员合同就在我这儿！</txt:size></txt:bold>","<eff:shake,2><txt:bold,2><txt:size,2>你、你們要找的選手合約就在這裡！</txt:size></txt:bold>","<eff:shake,2><txt:bold,2><txt:size,2>З-здесь контракты игроков, которые вы искали!</txt:size></txt:bold>","<eff:shake,2><txt:bold,2><txt:size,2>K-Kontrak pemain yang awak cari ada di sini!</txt:size></txt:bold>","<eff:shake,2><txt:bold,2><txt:size,2>Hợp đồng tuyển thủ mà các người đang tìm ở đây này!</txt:size></txt:bold>","<eff:shake,2><txt:bold,2><txt:size,2>¡A-aquí está el contrato de los jugadores que estaban buscando!</txt:size></txt:bold>","<eff:shake,2><txt:bold,2><txt:size,2>D-disini ada kontrak yang sedang kalian cari loh!</txt:size></txt:bold>","<eff:shake,2><txt:bold,2><txt:size,2>สะ สัญญานักกีฬาที่พวกแกตามหาอยู่นี่แล้ว!</txt:size></txt:bold>","<eff:shake,2><txt:bold,2><txt:size,2>E-ei! Aqui estão os contratos dos jogadores que vocês tavam procurando!</txt:size></txt:bold>"
,,,마윤석,,1_폭풍눈물1,,,"거, 거긴 놔두고 이리 와야 할 걸????","Y-You might wanna come get them, don’t you think?!",こ、こっちに取りに来るべきじゃないか？？？,你们最好别在那儿磨蹭，有种就来抓我啊？？？？,想要的話就過來拿啊～～～！！,"Кажется, придется отпустить вашу жертву, если хотите поймать меня.","M-Mungkin awak nak datang ambil, bukan?!",Đừng ở chỗ đó nữa mà qua đây đi được không????,¡¡¡¡D-deberían dejar eso y venir hacia acá!!!!,K-kalian sebaiknya cepat-cepat kesini ya????,ปะ ปล่อยทางนั้นแล้วมาทางนี้ดีกว่าไหม????,M-melhor vocês virem até aqui.
,,,???,,,,,"...뭐야, 이거 진짜잖아?! 저 놈 잡아!!!",Wait... These are real?! Get him!,‥なんだ、これ本物じゃないか！？あいつを捕まえろ！！！,‥什么，这居然是真的？！给我抓住他！！！,‥什麼，居然是真的？！抓住那傢伙！！！,Что? Правда что ли? Лови его!,Tunggu... Ini kontrak betul?! Tangkap dia!,"...Gì vậy, cái này là thật à?! Bắt thằng đó lại!!!","...¡¿Qué, es el verdadero?! ¡¡Atrápenlo!!!","...Apa, itu kan kontrak asli?! Cepat tangkap dia!!!",...อะไรกัน นี่มันของจริงนี่นา?! จับเจ้านั่นไว้!!!,O quê? Sério? Peguem ele!
,,,마윤석,,1_폭풍눈물2,,,"<eff:shake,2><txt:bold,2><txt:size,2>우, 우하하하! 난 안 무섭다, 난 안 무섭다!! 여기다!! 여기라구!!</txt:size></txt:bold>","<eff:shake,2><txt:bold,2><txt:size,2>H-Hahaha! I’m not scared. I’m not scared! Over here! Right here!</txt:size></txt:bold>","<eff:shake,2><txt:bold,2><txt:size,2>う、うはははは！怖くない、怖くないぞ！！ほら、こっちだ！！こっちだって！！</txt:size></txt:bold>","<eff:shake,2><txt:bold,2><txt:size,2>呜、哇哈哈哈！我一点都不怕！我一点都不怕！！我就在这儿！！来抓我啊！！</txt:size></txt:bold>","<eff:shake,2><txt:bold,2><txt:size,2>嗚、哇哈哈！本大爺才不怕你們呢，才不怕呢！！來啊！！來這邊啊！！</txt:size></txt:bold>","<eff:shake,2><txt:bold,2><txt:size,2>Муа-ха-ха! А мне не страшно! Вот он я! Вот!</txt:size></txt:bold>","<eff:shake,2><txt:bold,2><txt:size,2>H-Hahaha! Saya tak takut. Saya tak takut! Di sini! Di sini!</txt:size></txt:bold>","<eff:shake,2><txt:bold,2><txt:size,2>U, uhahaha! Tôi không sợ đâu, tôi không sợ!! Ở đây này!! Ở đây cơ mà!!</txt:size></txt:bold>","<eff:shake,2><txt:bold,2><txt:size,2>¡U-uhahaha! ¡¡No tengo miedo, no tengo miedo!! ¡¡Por aquí!! ¡¡Les digo que es por aquí!!</txt:size></txt:bold>","<eff:shake,2><txt:bold,2><txt:size,2>Uha, uhahahaha! Aku sama sekali tak takut, tidak takut!! Aku disini!! Disini loh!!</txt:size></txt:bold>","<eff:shake,2><txt:bold,2><txt:size,2>อะ.. อุวะฮ่าฮ่าฮ่า! ฉันไม่กลัวหรอกนะ ไม่กลัวเลย!! ฉันอยู่นี่!! อยู่นี่ไงล่ะ!!</txt:size></txt:bold>","<eff:shake,2><txt:bold,2><txt:size,2>Haha! E-eu não tô com medo! Aqui ó! Aqui!</txt:size></txt:bold>"
,,,TAG,,,,,"<eff:black,3>","<eff:black,3>","<eff:black,3>","<eff:black,3>","<eff:black,3>","<eff:black,3>","<eff:black,3>","<eff:black,3>","<eff:black,3>","<eff:black,3>","<eff:black,3>","<eff:black,3>"
,,,TAG,,,,,"<sys:qmap,훈련장 복도></cha:qhide>","<sys:qmap,훈련장 복도></cha:qhide>","<sys:qmap,훈련장 복도></cha:qhide>","<sys:qmap,훈련장 복도></cha:qhide>","<sys:qmap,훈련장 복도></cha:qhide>","<sys:qmap,훈련장 복도></cha:qhide>","<sys:qmap,훈련장 복도></cha:qhide>","<sys:qmap,훈련장 복도></cha:qhide>","<sys:qmap,훈련장 복도></cha:qhide>","<sys:qmap,훈련장 복도></cha:qhide>","<sys:qmap,훈련장 복도></cha:qhide>","<sys:qmap,훈련장 복도></cha:qhide>"
,,,TAG,,,,,"<cha:qpos,마윤석,2><cha:qpos,정다희,-2><cha:qblack,마윤석><cha:qpos,아이리스,-1>","<cha:qpos,마윤석,2><cha:qpos,정다희,-2><cha:qblack,마윤석><cha:qpos,아이리스,-1>","<cha:qpos,마윤석,2><cha:qpos,정다희,-2><cha:qblack,마윤석><cha:qpos,아이리스,-1>","<cha:qpos,마윤석,2><cha:qpos,정다희,-2><cha:qblack,마윤석><cha:qpos,아이리스,-1>","<cha:qpos,마윤석,2><cha:qpos,정다희,-2><cha:qblack,마윤석><cha:qpos,아이리스,-1>","<cha:qpos,마윤석,2><cha:qpos,정다희,-2><cha:qblack,마윤석><cha:qpos,아이리스,-1>","<cha:qpos,마윤석,2><cha:qpos,정다희,-2><cha:qblack,마윤석><cha:qpos,아이리스,-1>","<cha:qpos,마윤석,2><cha:qpos,정다희,-2><cha:qblack,마윤석><cha:qpos,아이리스,-1>","<cha:qpos,마윤석,2><cha:qpos,정다희,-2><cha:qblack,마윤석><cha:qpos,아이리스,-1>","<cha:qpos,마윤석,2><cha:qpos,정다희,-2><cha:qblack,마윤석><cha:qpos,아이리스,-1>","<cha:qpos,마윤석,2><cha:qpos,정다희,-2><cha:qblack,마윤석><cha:qpos,아이리스,-1>","<cha:qpos,마윤석,2><cha:qpos,정다희,-2><cha:qblack,마윤석><cha:qpos,아이리스,-1>"
,,,정다희,,1_당황,,quest,"...누, 누구지? 잘 안 보여...!",Wh-Who is that? I can’t see...!,‥だ、誰？よく見えない‥！,‥那是谁？看不清‥！,‥那、那是誰啊？看不清楚‥！,К-кто это был? Ничего не видно...,Si-Siapa itu? Saya tak dapat lihat...!,...Ai vậy nhỉ? Nhìn không rõ lắm...!,...¿Q-quién fue? ¡No puedo ver bien...!,...S-siapa itu? Aku tidak bisa melihatnya dengan jelas...!,...คะ ใครน่ะ? มองเห็นไม่ชัดเลย...!,Q-quem é? Não consigo ver...
,,,정다희,,1_당황,,,"<txt:bold,2><txt:color,orange>마윤석</txt:color></txt:bold>...? 일 리는 없지.","Is that <txt:bold,2><txt:color,orange>Yoonseok</txt:color></txt:bold>...? No way.","<txt:bold,2><txt:color,orange>伊藤忠英</txt:color></txt:bold>‥？なわけないか。","<txt:bold,2><txt:color,orange>马允硕</txt:color></txt:bold>‥？不可能吧。","是<txt:bold,2><txt:color,orange>馬允碩</txt:color></txt:bold>‥？怎麼可能。","Уж точно не <txt:bold,2><txt:color,orange>Ма Юнсок</txt:color></txt:bold>...","Itu <txt:bold,2><txt:color,orange>Yoonseok</txt:color></txt:bold> ke...? Tak mungkin.","<txt:bold,2><txt:color,orange>Ma Yoonseok</txt:color></txt:bold>...? Không thể nào đâu nhỉ...?","¿<txt:bold,2><txt:color,orange>Yunseok Ma</txt:color></txt:bold>...? Es imposible que sea él.","<txt:bold,2><txt:color,orange>Yunseok Ma</txt:color></txt:bold>...? Tidak mungkin.","<txt:bold,2><txt:color,orange>มายุนซอก</txt:color></txt:bold>...? เป็นไปไม่ได้น่า","<txt:bold,2><txt:color,orange>Yunseok Ma</txt:color></txt:bold>? Não, impossível."
,,,정다희,,1_외침,,,"일단 <txt:bold,2><txt:color,orange>아이리스</txt:color></txt:bold> 씨, 달려요!!! ","<txt:bold,2><txt:color,orange>Iris</txt:color></txt:bold>, let’s go! Run!","ひとまず<txt:bold,2><txt:color,orange>アイリス</txt:color></txt:bold>さん、走って！！！","不管了，<txt:bold,2><txt:color,orange>爱丽丝</txt:color></txt:bold>小姐，快跑！！！","總之<txt:bold,2><txt:color,orange>愛麗絲</txt:color></txt:bold>小姐，我們快跑！！！","<txt:bold,2><txt:color,orange>Айрис</txt:color></txt:bold>, беги!","<txt:bold,2><txt:color,orange>Iris</txt:color></txt:bold>, mari kita pergi! Lari!","Trước mắt thì, <txt:bold,2><txt:color,orange>Iris</txt:color></txt:bold>, chạy đi!!!","¡¡¡Por ahora, <txt:bold,2><txt:color,orange>Iris</txt:color></txt:bold>, corra!!!","Untuk sekarang <txt:bold,2><txt:color,orange>Iris</txt:color></txt:bold>, ayo kita lari!!!","ก่อนอื่น คุณ<txt:bold,2><txt:color,orange>ไอริส</txt:color></txt:bold>คะ วิ่งเลยค่ะ!!!","<txt:bold,2><txt:color,orange>Iris</txt:color></txt:bold>, corre!"
,,,아이리스,,1_기본,,,"아, 알겠어요...!<cha:pos,정다희,-4><cha:pos,아이리스,-4><cha:pos,마윤석,0>","O-Okay...!<cha:pos,정다희,-4><cha:pos,아이리스,-4><cha:pos,마윤석,0>","わ、分かりました‥！<cha:pos,정다희,-4><cha:pos,아이리스,-4><cha:pos,마윤석,0>","好、好的‥！<cha:pos,정다희,-4><cha:pos,아이리스,-4><cha:pos,마윤석,0>","好、好的‥！<cha:pos,정다희,-4><cha:pos,아이리스,-4><cha:pos,마윤석,0>","Л-ладно!<cha:pos,정다희,-4><cha:pos,아이리스,-4><cha:pos,마윤석,0>","O-Okey...!<cha:pos,정다희,-4><cha:pos,아이리스,-4><cha:pos,마윤석,0>","Biết rồi...!<cha:pos,정다희,-4><cha:pos,아이리스,-4><cha:pos,마윤석,0>","¡A-ah, entendido...!<cha:pos,정다희,-4><cha:pos,아이리스,-4><cha:pos,마윤석,0>","I-iya...!<cha:pos,정다희,-4><cha:pos,아이리스,-4><cha:pos,마윤석,0>","ขะ เข้าใจแล้วค่ะ...!<cha:pos,정다희,-4><cha:pos,아이리스,-4><cha:pos,마윤석,0>","T-tá bom!<cha:pos,정다희,-4><cha:pos,아이리스,-4><cha:pos,마윤석,0>"
,,,마윤석,,1_폭풍눈물1,,,"</cha:black,마윤석><txt:color,grey>(방금 <txt:bold,2>다희</txt:bold>가 날 보고 웃어주고 간 거 같은데...?!)</txt:color>","</cha:black,마윤석><txt:color,grey>(Did <txt:bold,2>Dahee</txt:bold> just... smile at me on her way past...?!)</txt:color>","</cha:black,마윤석><txt:color,grey>(さっき、<txt:bold,2>夏希</txt:bold>が俺を見て笑ってくれた‥ような！？)</txt:color>","</cha:black,마윤석><txt:color,grey>（刚才<txt:bold,2>多熙</txt:bold>是不是看着我笑了‥？！）</txt:color>","</cha:black,마윤석><txt:color,grey>（剛才<txt:bold,2>多熙</txt:bold>是不是對我笑了‥？！）</txt:color>","</cha:black,마윤석><txt:color,grey>(Кажется, <txt:bold,2>Дахи</txt:bold> только что мне улыбнулась?!)</txt:color>","</cha:black,마윤석><txt:color,grey>(Adakah <txt:bold,2>Dahee</txt:bold>... senyum kepada saya semasa dia lalu...?!)</txt:color>","</cha:black,마윤석><txt:color,grey>(Hình như lúc nãy <txt:bold,2>Dahee</txt:bold> nhìn mình rồi còn cười với mình nữa...?!)</txt:color>","</cha:black,마윤석><txt:color,grey>(¡¿Creo que <txt:bold,2>Dahee</txt:bold> me sonrió antes de irse...?!)</txt:color>","</cha:black,마윤석><txt:color,grey>(Sepertinya barusan <txt:bold,2>Dahee</txt:bold> memberikan senyuman ke arah sini...?!)</txt:color>","</cha:black,마윤석><txt:color,grey>(เหมือนเมื่อกี้<txt:bold,2>ดาฮี</txt:bold>จะมองฉันแล้วก็ยิ้มให้เลยแฮะ...?!)</txt:color>","</cha:black,마윤석><txt:color,grey>(Acho que a <txt:bold,2>Dahee</txt:bold> acabou de sorrir pra mim!)</txt:color>"
,,,마윤석,,1_폭풍눈물2,,,"<txt:shake,1>크, 크흐으읍... 다, <txt:bold,2><txt:color,orange>다희</txt:color></txt:bold>야, 꼭 살아야 돼...!</txt:shake>","<txt:shake,1>Snf... D-<txt:bold,2><txt:color,orange>Dahee</txt:color></txt:bold>, you’d better make it out alive...!</txt:shake>","<txt:shake,1>く、くうぅっ‥な、<txt:bold,2><txt:color,orange>夏希</txt:color></txt:bold>、絶対に生き延びるんだぞ‥！</txt:shake>","<txt:shake,1>呜、呜呜呜‥多、<txt:bold,2><txt:color,orange>多熙</txt:color></txt:bold>，一定要平安活下去啊‥！</txt:shake>","<txt:shake,1>嗚、嗚嗚嗚‥多、<txt:bold,2><txt:color,orange>多熙</txt:color></txt:bold>，妳一定要活下去啊‥！</txt:shake>","<txt:shake,1>Ха... <txt:bold,2><txt:color,orange>Дахи</txt:color></txt:bold>, ты обязана выжить!..</txt:shake>","<txt:shake,1>Snf... D-<txt:bold,2><txt:color,orange>Dahee</txt:color></txt:bold>, baik awak keluar dengan selamat...!</txt:shake>","<txt:shake,1>Híiii... Da, <txt:bold,2><txt:color,orange>Dahee</txt:color></txt:bold> à, cậu nhất định phải sống đấy...!</txt:shake>","<txt:shake,1>Ku, kuhuup... ¡D-<txt:bold,2><txt:color,orange>Dahee</txt:color></txt:bold>, tienes que sobrevivir...!</txt:shake>","<txt:shake,1>Khhhhmm... Da, <txt:bold,2><txt:color,orange>Dahee</txt:color></txt:bold>, kamu harus selamat ya...!</txt:shake>","<txt:shake,1>คึ.. คึก... ดะ <txt:bold,2><txt:color,orange>ดาฮี</txt:color></txt:bold> เธอต้องรอดไปให้ได้นะ...!</txt:shake>","<txt:shake,1>Urgh... D-<txt:bold,2><txt:color,orange>Dahee</txt:color></txt:bold>... você tem que sair viva!</txt:shake>"
,,,마윤석,,1_폭풍눈물1,,,"<txt:color,grey>(우훗, 이런 게 상남자의 순정이지.)</txt:color>","<txt:color,grey>(Hehe... now that’s a real man’s devotion.)</txt:color>","<txt:color,grey>(ふっふっ、これが漢の純情ってやつだ)</txt:color>","<txt:color,grey>（哼哼，这就是硬汉的纯情啊。）</txt:color>","<txt:color,grey>（哼哼，這就是真男人的純情啊。）</txt:color>","<txt:color,grey>(Вот она истинная любовь настоящего мужчины!)</txt:color>","<txt:color,grey>(Hehe... itulah kesetiaan seorang lelaki sejati.)</txt:color>","<txt:color,grey>(Kaka, đây mới là tấm chân tình của người đàn ông đích thực.)</txt:color>","<txt:color,grey>(Uhuhu, esto es a lo que llamo el corazón puro de un hombre de verdad).</txt:color>","<txt:color,grey>(Hehe, inilah sifat seorang pria sejati.)</txt:color>","<txt:color,grey>(อะแฮ่ม อะไรแบบนี้แหละคือความรักแสนบริสุทธิ์ของคนแมน)</txt:color>","<txt:color,grey>(Hehe... isso sim é amor de um homem de verdade.)</txt:color>"
,,,마윤석,,1_폭풍눈물1,,,"<txt:color,grey>(이런 시련 정돈 견뎌내는 거다, <txt:bold,2>마윤석</txt:bold>!)</txt:color>","<txt:color,grey>(A real man can handle a little hardship, <txt:bold,2>Yoonseok Ma</txt:bold>!)</txt:color>","<txt:color,grey>(この程度の試練なんてどうってことないぞ、<txt:bold,2>伊藤忠英</txt:bold>！)</txt:color>","<txt:color,grey>（这种程度的考验，咬牙撑过去吧，<txt:bold,2>马允硕</txt:bold>！）</txt:color>","<txt:color,grey>這點小事，<txt:bold,2>馬允碩</txt:bold>我一定撐得過去的！</txt:color>","<txt:color,grey>(Трудности нужны, чтобы их преодолевать, <txt:bold,2>Ма Юнсок</txt:bold>!)</txt:color>","<txt:color,grey>(Lelaki sejati boleh tahan sedikit kesusahan, <txt:bold,2>Yoonseok Ma</txt:bold>!)</txt:color>","<txt:color,grey>(<txt:bold,2>Ma Yoonseok</txt:bold>, chút thử thách này thì phải chịu đựng được chứ!)</txt:color>","<txt:color,grey>(¡Tienes que soportar este tipo de pruebas, <txt:bold,2>Yunseok Ma</txt:bold>!)</txt:color>","<txt:color,grey>(Kau akan selamat dari semua cobaan ini, <txt:bold,2>Yunseok Ma</txt:bold>!)</txt:color>","<txt:color,grey>(อุปสรรคแค่นี้ต้องผ่านมันไปให้ได้ <txt:bold,2>มายุนซอก</txt:bold>!)</txt:color>","<txt:color,grey>(Aguenta, <txt:bold,2>Yunseok Ma</txt:bold>! Isso não é nada!)</txt:color>"
,,,TAG,,,,,"<eff:black,3>","<eff:black,3>","<eff:black,3>","<eff:black,3>","<eff:black,3>","<eff:black,3>","<eff:black,3>","<eff:black,3>","<eff:black,3>","<eff:black,3>","<eff:black,3>","<eff:black,3>"
,,,TAG,,,,,"<sys:quiet,600>","<sys:quiet,600>","<sys:quiet,600>","<sys:quiet,600>","<sys:quiet,600>","<sys:quiet,600>","<sys:quiet,600>","<sys:quiet,600>","<sys:quiet,600>","<sys:quiet,600>","<sys:quiet,600>","<sys:quiet,600>"
,,,???,,,,,"...<cha:pop,마윤석>잡았다...! 끌고 가!! <wrt:wait,30><txt:size,2>...으악?!</txt:size>","...<cha:pop,마윤석>Got him...! Take him away! <wrt:wait,30><txt:size,2>Ack?!</txt:size>","‥<cha:pop,마윤석>捕まえた‥！連れていけ！！<wrt:wait,30><txt:size,2>‥うわっ！？</txt:size>","‥<cha:pop,마윤석>抓住了‥！带走！！<wrt:wait,30><txt:size,2>‥哎呀？！</txt:size>","‥<cha:pop,마윤석>抓到了‥！帶走！！<wrt:wait,30><txt:size,2>‥呃啊？！</txt:size>","...<cha:pop,마윤석>Поймал! Веди его сюда! <wrt:wait,30><txt:size,2>...Ой?!</txt:size>","...<cha:pop,마윤석>Dapat dia...! Bawa dia pergi! <wrt:wait,30><txt:size,2>Ack?!</txt:size>","...<cha:pop,마윤석>Bắt được rồi...! Lôi đi!! <wrt:wait,30><txt:size,2>...Á?!</txt:size>","...<cha:pop,마윤석>¡Te atrapé...! ¡¡Llévenselo!! <wrt:wait,30><txt:size,2>¡¿...Ugh?!</txt:size>","...<cha:pop,마윤석>Dia telah ditangkap...! Cepat seret dia!! <wrt:wait,30><txt:size,2>...Urghhh?!</txt:size>","...<cha:pop,마윤석>จับได้แล้ว...! ลากตัวไปซะ!! <wrt:wait,30><txt:size,2>...อั้ก?!</txt:size>","Ugh... <cha:pop,마윤석>Peguei! Levem ele! <wrt:wait,30><txt:size,2>Uaaagh!</txt:size>"
,,,-,,,,,"<txt:color,grey>(덥썩!)<cha:pop,마윤석>","<txt:color,grey>(Grab!)<cha:pop,마윤석>","<txt:color,grey>(ガシッ！)<cha:pop,마윤석>","<txt:color,grey>（猛地抓住！）<cha:pop,마윤석>","<txt:color,grey>（一把抓住！）<cha:pop,마윤석>","<txt:color,grey>(Хвать!)<cha:pop,마윤석>","<txt:color,grey>(Tangkap!)<cha:pop,마윤석>","<txt:color,grey>*Chộp*<cha:pop,마윤석>","<txt:color,grey>(¡Agarra!)<cha:pop,마윤석>","<txt:color,grey>(Ceklek!)<cha:pop,마윤석>","<txt:color,grey>(หมับ!)<cha:pop,마윤석>","<txt:color,grey>(Tcha!)<cha:pop,마윤석>"
,,,???,,,,,"여기는 투입조. 목표를 소탕하고, 무사히 인질을 구출했다. ...으음, 그런데, 누구지 이 소년은?","This is the strike team. Target neutralized, hostage rescued safely. Hm, who is this kid, though?",こちら突入班。ターゲットを制圧し、無事に人質を救出した。‥ふむ、ところでこの少年は誰だ？,这里是突入小组。目标已清除，人质已安全救出。‥嗯，不过，这少年是谁？,這裡是突擊小組。目標已清除，並平安救出了人質。‥嗯，不過，這少年是誰？,"Говорит боевой отряд. Цель ликвидирована, заложник освобожден. А ты кто такой, парень?","Ini pasukan serangan. Sasaran dineutralkan, tebusan diselamatkan. Hm, siapa budak ini, ya?","Đây là tổ xung kích. Đã khống chế mục tiêu và giải cứu con tin an toàn. ...Ừm, mà cậu bé này là ai vậy?","Aquí el equipo de asalto. Hemos despejado el objetivo y rescatado al rehén a salvo. ...Mmm, por cierto, ¿quién es este chico?","Di sini tim penyerbu. Target sudah dilumpuhkan, sandera berhasil diselamatkan dengan selamat. ...Hmm, tapi, siapa anak ini?",รายงานจากหน่วยปฏิบัติการ กวาดล้างเป้าหมายและช่วยตัวประกันได้อย่างปลอดภัยแล้ว ...หืม ว่าแต่หนุ่มน้อยคนนี้ใครเนี่ย?,"Aqui é a unidade tática. Alvo neutralizado, refém resgatado com sucesso. Hã? Mas quem é esse garoto?"
,,,마윤석,,1_폭풍눈물2,,,"...겨, 경찰? <wrt:wait,60><txt:shake,1>우아아앙, 살았다...!!!</txt:shake>","P-Police? <wrt:wait,60><txt:shake,1>Waaah, I’m saved...!</txt:shake>","‥け、警察？<wrt:wait,60><txt:shake,1>うわああん、助かったぁ‥！！！</txt:shake>","‥警、警察？<wrt:wait,60><txt:shake,1>呜哇啊啊，得救了‥！！！</txt:shake>","‥警、警察？<wrt:wait,60><txt:shake,1>嗚哇啊啊，得救了‥！！！</txt:shake>","...П-полиция? <wrt:wait,60><txt:shake,1>Ох, слава небесам!</txt:shake>","P-Polis? <wrt:wait,60><txt:shake,1>Waaah, saya selamat...!</txt:shake>","...Cả, cảnh sát? <wrt:wait,60><txt:shake,1>Waaaa, được cứu rồi...!!!</txt:shake>","...¿P-policía? <wrt:wait,60><txt:shake,1>¡¡¡Uaaaah, me salvé...!!!</txt:shake>","...P-polisi? <wrt:wait,60><txt:shake,1>Wahhh, aku telah selamat...!!!</txt:shake>","...ตะ ตำรวจ? <wrt:wait,60><txt:shake,1>แง้ รอดแล้ว...!!!</txt:shake>","P-polícia? <wrt:wait,60><txt:shake,1>Aêêê! Tô salvo!</txt:shake>"
8,경기 전,#,MAP,,,,,팬텀리그_경기장,팬텀리그_경기장,팬텀리그_경기장,팬텀리그_경기장,팬텀리그_경기장,팬텀리그_경기장,팬텀리그_경기장,팬텀리그_경기장,팬텀리그_경기장,팬텀리그_경기장,팬텀리그_경기장,팬텀리그_경기장
,,#,BGM,,,,,BGM_AT_THE_ARENA,BGM_AT_THE_ARENA,BGM_AT_THE_ARENA,BGM_AT_THE_ARENA,BGM_AT_THE_ARENA,BGM_AT_THE_ARENA,BGM_AT_THE_ARENA,BGM_AT_THE_ARENA,BGM_AT_THE_ARENA,BGM_AT_THE_ARENA,BGM_AT_THE_ARENA,BGM_AT_THE_ARENA
,,#,서사라_유니폼,2,1_기본,,,,,,,,,,,,,,
,,#,상현,-2,1_정색,,,,,,,,,,,,,,
,,#,오아시스_유니폼,0,1_기본,,,,,,,,,,,,,,
,,#,정다희,-4,1_외침,,,,,,,,,,,,,,
,,#,아이리스,-4,1_미소,,,,,,,,,,,,,,
,,#,카를라,4,1_기본,,,,,,,,,,,,,,
,,#,라울,4,1_짜증,,,,,,,,,,,,,,
,,,상현,,1_정색,pause,,이제 더는 미룰 수 없어.,We can’t put this off any longer.,もうこれ以上先延ばしにできないよ。,已经不能再拖了。,現在不能再拖下去了。,Больше нельзя откладывать.,Kita tak boleh tangguh lagi.,Không thể trì hoãn thêm nữa.,Ya no podemos posponerlo más.,Sudah tak bisa diundurkan lagi.,ตอนนี้จะเลื่อนออกไปอีกไม่ได้แล้ว,Não dá mais pra enrolar.
,,,상현,,1_정색+,,silent,컨디션은 어때?,How are you feeling?,コンディションはどうかな？,你的状态怎么样？,狀態如何？,Как самочувствие?,Bagaimana perasaan anda?,Tình trạng cậu thế nào?,¿Cómo está tu condición?,Bagaimana kondisimu sekarang?,สภาพนายเป็นยังไงบ้าง?,Como você tá se sentindo?
,,,오아시스_유니폼,,1_기본,,,...뭐라고 대답할지 알고 있잖아?,"You already know the answer, don’t you...?",‥なんて答えるか分かってるんだろ？,‥你知道我会怎么回答的吧？,‥你應該知道我會怎麼回答吧？,"Ты же знаешь, что я отвечу.","Awak sudah tahu jawapannya, kan...?",...Cậu biết tôi sẽ trả lời thế nào mà?,"...¿Sabes lo que te voy a responder, verdad?","...Kamu sudah tahu jawabanku, kan?",...นายก็รู้นี่นาว่าฉันจะตอบว่าอะไร?,"Você já sabe o que eu vou responder, né?"
,,,상현,,1_정색,pause,,...그래.,Yeah...,‥そうだね。,‥嗯。,‥也對。,Да...,Ya...,...Ừ.,...Sí.,...Baiklah.,...ใช่,"É, já sei..."
,,,상현,,1_실눈,nerovus,,이번엔 말리지 않을게.,I won’t hold you back this time.,今回は止めないよ。,这次我不拦你。,這次我不攔你了。,На этот раз не буду останавливать тебя.,Saya takkan menghalang awak kali ini.,Lần này tôi sẽ không cản cậu nữa.,Esta vez no te detendré.,Kali ini aku tidak akan menghalangimu.,ครั้งนี้ฉันจะไม่ห้ามนายหรอก,"Dessa vez, não vou te impedir."
,,,상현,,1_실눈_,nerovus,,"부탁해. <txt:bold,2><txt:color,orange>오아시스</txt:color></txt:bold>.","I’m counting on you, <txt:bold,2><txt:color,orange>Oasis</txt:color></txt:bold>.","頼んだよ。<txt:bold,2><txt:color,orange>オアシス</txt:color></txt:bold>。","拜托了，<txt:bold,2><txt:color,orange>绿洲</txt:color></txt:bold>。","拜託了。<txt:bold,2><txt:color,orange>綠洲</txt:color></txt:bold>。","Полагаюсь на тебя, <txt:bold,2><txt:color,orange>Оазис</txt:color></txt:bold>.","Saya mengharapkan awak, <txt:bold,2><txt:color,orange>Oasis</txt:color></txt:bold>.","Làm ơn đấy, <txt:bold,2><txt:color,orange>Oasis</txt:color></txt:bold>.","Te lo encargo. <txt:bold,2><txt:color,orange>Oasis</txt:color></txt:bold>.","Mohon bantuanmu, <txt:bold,2><txt:color,orange>Oasis</txt:color></txt:bold>.","ฝากด้วยนะ <txt:bold,2><txt:color,orange>โอเอซิส</txt:color></txt:bold>","Por favor, <txt:bold,2><txt:color,orange>Oásis</txt:color></txt:bold>."
,,,상현,,1_기본,nerovus,,"마지막 경기라고 생각하고, <wrt:wait,30><txt:bold,1>최선을 다해 뛰어 줘.</txt:bold>","Treat it like your last match <wrt:wait,30><txt:bold,1>and give it everything.</txt:bold>","最後の試合だと思って、<wrt:wait,30><txt:bold,1>全力で戦ってくれ。</txt:bold>","把这当成最后一场比赛，<wrt:wait,30><txt:bold,1>拼尽全力去打吧。</txt:bold>","把這當作最後一場比賽，<wrt:wait,30><txt:bold,1>拚盡全力上吧。</txt:bold>","Представь, что это последняя игра. <wrt:wait,30><txt:bold,1>И выложись на полную.</txt:bold>","Anggap seperti perlawanan terakhir awak <wrt:wait,30><txt:bold,1>dan bermainlah sepenuh hati.</txt:bold>","Hãy coi đây là trận cuối cùng, <wrt:wait,30><txt:bold,1>rồi dốc hết sức mà chơi.</txt:bold>","Juega como si fuera tu último partido y <wrt:wait,30><txt:bold,1>da lo mejor de ti.</txt:bold>","Anggap ini sebagai pertandingan terakhirmu, <wrt:wait,30><txt:bold,1>dan coba bertanding sebaik mungkin.</txt:bold>","ช่วยคิดว่าเป็นการแข่งขันสุดท้าย <wrt:wait,30><txt:bold,1>แล้วก็เล่นให้เต็มที่ทีนะ</txt:bold>","Joga como se fosse sua última partida e <wrt:wait,30><txt:bold,1>dá tudo de si</txt:bold>."
,,,오아시스_유니폼,,1_웃음,,joy,"<wrt:wait,30>하하, 이제야 믿어주네.","<wrt:wait,30>Haha, so you finally trust me now.","<wrt:wait,30>ハハ、やっと信じてくれたな。","<wrt:wait,30>哈哈，你终于肯相信我了。","<wrt:wait,30>哈哈，你終於肯相信我啦。","<wrt:wait,30>Ха-ха, наконец-то поверил в меня хоть сейчас...","<wrt:wait,30>Haha, jadi akhirnya awak percayakan saya.","<wrt:wait,30>Haha, cuối cùng cũng tin tôi rồi nhỉ.","<wrt:wait,30>Jaja, por fin confías en mí.","<wrt:wait,30>Haha, akhirnya kamu mempercayaiku.","<wrt:wait,30>ฮะฮะ กว่าจะยอมเชื่อใจกันได้","<wrt:wait,30>Haha, finalmente confiou em mim."
,,,오아시스_유니폼,,1_기본,,,"<txt:bold,1>그 말을 기다리고 있었어! 맡겨 줘!</txt:bold>","<txt:bold,1>That’s what I was waiting to hear! Leave it to me!</txt:bold>","<txt:bold,1>その言葉を待ってたんだ！任せてくれ！</txt:bold>","<txt:bold,1>我就是在等你这句话！交给我吧！</txt:bold>","<txt:bold,1>我就是在等這句話！交給我吧！</txt:bold>","<txt:bold,1>Я так ждал этих слов! Положись на меня!</txt:bold>","<txt:bold,1>Itulah yang saya nak dengar! Serahkan kepada saya!</txt:bold>","<txt:bold,1>Tôi đã chờ câu đó đấy! Cứ giao cho tôi!</txt:bold>","<txt:bold,1>¡Estaba esperando esas palabras! ¡Déjamelo a mí!</txt:bold>","<txt:bold,1>Sudah lama aku menunggu kata itu! Serahkan saja padaku!</txt:bold>","<txt:bold,1>ฉันรอคำพูดนั้นอยู่เลย! ไว้ใจฉันเถอะ!</txt:bold>","<txt:bold,1>Era exatamente isso que eu queria ouvir! Pode deixar comigo!</txt:bold>"
,,,서사라_유니폼,,1_화남,,,"...잠깐, 너무 위험해요. 차라리 제가 세터를 볼게요. <txt:bold,2><txt:color,orange>상현</txt:color></txt:bold> 씨가 들어오고...","Wait... That’s too risky. Let me set instead. <txt:bold,2><txt:color,orange>Sanghyeon</txt:color></txt:bold> can step in and...","‥ちょっと待って、危険すぎます。私がセッターをやりますから。<txt:bold,2><txt:color,orange>優翔</txt:color></txt:bold>さんが入って‥","‥等一下，太危险了。还是让我来当二传手吧。让<txt:bold,2><txt:color,orange>尚贤</txt:color></txt:bold>上场‥","‥等等，這太危險了。不如由我來擔任二傳手，換<txt:bold,2><txt:color,orange>尚賢</txt:color></txt:bold>前輩上場‥","Не слишком ли опасно? Может, лучше я буду связующим? <txt:bold,2><txt:color,orange>Санхён</txt:color></txt:bold> тоже в игру...","Tunggu... Itu terlalu bahaya. Biar saya jadi pengumpan. <txt:bold,2><txt:color,orange>Sanghyeon</txt:color></txt:bold> boleh masuk dan...","...Khoan, nguy hiểm quá. Thà để tôi làm chuyền hai còn hơn. <txt:bold,2><txt:color,orange>Sanghyeon</txt:color></txt:bold> vào thay...","...Espera, es demasiado peligroso. Mejor yo jugaré como colocadora. Que entre <txt:bold,2><txt:color,orange>Sanghyeon</txt:color></txt:bold> y...","...Sebentar, ini terlalu berbahaya. Bagaimana kalau saya yang bermain di posisi Setter? <txt:bold,2><txt:color,orange>Sanghyeon</txt:color></txt:bold> juga masuk mengganti...","...เดี๋ยวค่ะ มันอันตรายเกินไปนะคะ ให้ฉันเล่นเป็นตัวเซ็ตดีกว่า แล้วคุณ<txt:bold,2><txt:color,orange>ซังฮยอน</txt:color></txt:bold>ก็เข้ามาเล่นด้วย...","Calma, isso é arriscado demais. Eu jogo de levantadora, e o <txt:bold,2><txt:color,orange>Sanghyeon</txt:color></txt:bold> entra..."
,,,서사라_유니폼,,1_화남,,,선수 생명을 이렇게 내버릴 수 없어요. 분명히 방법이...,We can’t just throw away a player’s career like this. There has to be another way...,こんなところで選手生命を潰すわけにはいきませんよ。きっと方法が‥,不能就这样断送选手的职业生涯。肯定还有办法的‥,不能就這樣葬送選手生涯啊。一定還有辦法的‥,Нельзя так рисковать спортивной карьерой. Должен быть какой-то способ...,Kita tidak boleh membuang kerjaya seorang pemain begitu sahaja. Mesti ada cara lain...,Tôi không thể trơ mắt nhìn sự nghiệp của một tuyển thủ bị hủy hoại như thế này. Chắc chắn phải có cách nào đó...,No podemos desperdiciar la carrera de un jugador de esta manera. Seguro que hay una forma...,Saya tidak bisa membiarkan karier seorang atlet berakhir begitu saja. Pasti ada cara...,ฉันปล่อยให้ชีวิตนักกีฬาของคุณจบลงแบบนี้ไม่ได้หรอกค่ะ มันจะต้องมีวิธี...,Não posso deixar a carreira dele acabar assim. Tem que ter um jeito...
,,,TAG,,,,,"<sys:quiet,600>","<sys:quiet,600>","<sys:quiet,600>","<sys:quiet,600>","<sys:quiet,600>","<sys:quiet,600>","<sys:quiet,600>","<sys:quiet,600>","<sys:quiet,600>","<sys:quiet,600>","<sys:quiet,600>","<sys:quiet,600>"
,,,???,,,,,"<cha:highlight,아이리스><txt:bold,1><txt:size,2><txt:color,orange>사라</txt:color>~~~!!</txt:size></txt:bold>","<cha:highlight,아이리스><txt:bold,1><txt:size,2><txt:color,orange>Sara</txt:color>!</txt:size></txt:bold>","<cha:highlight,아이리스><txt:bold,1><txt:size,2><txt:color,orange>紗良</txt:color>～！！</txt:size></txt:bold>","<cha:highlight,아이리스><txt:bold,1><txt:size,2><txt:color,orange>莎拉</txt:color>～～～！！</txt:size></txt:bold>","<cha:highlight,아이리스><txt:bold,1><txt:size,2><txt:color,orange>莎拉</txt:color>～～～！！</txt:size></txt:bold>","<cha:highlight,아이리스><txt:bold,1><txt:size,2><txt:color,orange>Сара</txt:color>!</txt:size></txt:bold>","<cha:highlight,아이리스><txt:bold,1><txt:size,2><txt:color,orange>Sara</txt:color>!</txt:size></txt:bold>","<cha:highlight,아이리스><txt:bold,1><txt:size,2><txt:color,orange>Sara</txt:color> ơi!!!</txt:size></txt:bold>","<cha:highlight,아이리스><txt:bold,1><txt:size,2>¡¡~~~<txt:color,orange>Sara</txt:color>!!</txt:size></txt:bold>","<cha:highlight,아이리스><txt:bold,1><txt:size,2><txt:color,orange>Sara</txt:color>~~~!!</txt:size></txt:bold>","<cha:highlight,아이리스><txt:bold,1><txt:size,2><txt:color,orange>ซาร่า</txt:color>~~~!!</txt:size></txt:bold>","<cha:highlight,아이리스><txt:bold,1><txt:size,2><txt:color,orange>Saraaa</txt:color>!</txt:size></txt:bold>"
,,,TAG,,,,,"<sys:bgm,BGM_ADVANCE1>","<sys:bgm,BGM_ADVANCE1>","<sys:bgm,BGM_ADVANCE1>","<sys:bgm,BGM_ADVANCE1>","<sys:bgm,BGM_ADVANCE1>","<sys:bgm,BGM_ADVANCE1>","<sys:bgm,BGM_ADVANCE1>","<sys:bgm,BGM_ADVANCE1>","<sys:bgm,BGM_ADVANCE1>","<sys:bgm,BGM_ADVANCE1>","<sys:bgm,BGM_ADVANCE1>","<sys:bgm,BGM_ADVANCE1>"
,,,서사라_유니폼,,1_당황,pause,,"<cha:highlight,아이리스>...이 목소리는...?? <cha:pos,아이리스,1><cha:pop,서사라_유니폼><txt:size,2>꺅?!</txt:size>","<cha:highlight,아이리스>That voice...?? <cha:pos,아이리스,1><cha:pop,서사라_유니폼><txt:size,2>Eek?!</txt:size>","<cha:highlight,아이리스>‥この声は‥？？<cha:pos,아이리스,1><cha:pop,서사라_유니폼><txt:size,2>きゃっ！？</txt:size>","<cha:highlight,아이리스>‥这个声音是‥？？<cha:pos,아이리스,1><cha:pop,서사라_유니폼><txt:size,2>呀？！</txt:size>","<cha:highlight,아이리스>‥這聲音是‥？？<cha:pos,아이리스,1><cha:pop,서사라_유니폼><txt:size,2>哇啊？！</txt:size>","<cha:highlight,아이리스>Это же голос... <cha:pos,아이리스,1><cha:pop,서사라_유니폼><txt:size,2>Ой!</txt:size>","<cha:highlight,아이리스>Suara itu...?? <cha:pos,아이리스,1><cha:pop,서사라_유니폼><txt:size,2>Eek?!</txt:size>","<cha:highlight,아이리스>...Giọng nói này...? <cha:pos,아이리스,1><cha:pop,서사라_유니폼><txt:size,2>Oái?!</txt:size>","<cha:highlight,아이리스>...¿Esta voz es...?? <cha:pos,아이리스,1><cha:pop,서사라_유니폼><txt:size,2>¡¿Kya?!</txt:size>","<cha:highlight,아이리스>...Suara ini kan...?? <cha:pos,아이리스,1><cha:pop,서사라_유니폼><txt:size,2>Kyaaa?!</txt:size>","<cha:highlight,아이리스>...เสียงนี้มัน...?? <cha:pos,아이리스,1><cha:pop,서사라_유니폼><txt:size,2>กรี๊ด?!</txt:size>","<cha:highlight,아이리스>Essa voz é... <cha:pos,아이리스,1><cha:pop,서사라_유니폼><txt:size,2>Hã?!</txt:size>"
,,,아이리스,,1_미소,,,"<txt:bold,2><txt:color,orange>사라</txt:color></txt:bold>... 어디 다친 덴 없죠? 왜 멋대로 행동한 건가요. <wrt:break>제게 상담을 했다면 얼마든지...!","<txt:bold,2><txt:color,orange>Sara</txt:color></txt:bold>... you’re not hurt, are you? Why did you run off on your own? <wrt:break>If you’d talked to me, I could’ve...","<txt:bold,2><txt:color,orange>紗良</txt:color></txt:bold>‥怪我はないですか？なんで勝手に行動したんですか。<wrt:break>私に相談してくれたら、いくらでも‥！","<txt:bold,2><txt:color,orange>莎拉</txt:color></txt:bold>‥你没受伤吧？为什么乱跑。<wrt:break>要是先跟我商量的话，无论什么我都会‥！","<txt:bold,2><txt:color,orange>莎拉</txt:color></txt:bold>‥妳沒受傷吧？為什麼要擅自行動。 <wrt:break>如果妳找我商量的話，明明‥！","<txt:bold,2><txt:color,orange>Сара</txt:color></txt:bold>, нигде не поранилась? Что за выходки? <wrt:break>Если бы ты посоветовалась со мной...","<txt:bold,2><txt:color,orange>Sara</txt:color></txt:bold>... awak tak cedera, kan? Kenapa awak lari? <wrt:break>Kalau awak bercakap dengan saya, saya boleh...","<txt:bold,2><txt:color,orange>Sara</txt:color></txt:bold>... Cậu không bị thương ở đâu chứ? Sao lại tự tiện hành động như vậy. <wrt:break>Nếu bàn với tôi thì tôi đã có thể...!","<txt:bold,2><txt:color,orange>Sara</txt:color></txt:bold>... ¿No estás lastimada en ningún lado? Por qué actuaste por tu cuenta. <wrt:break>¡Si me hubieras consultado, yo te habría...!","<txt:bold,2><txt:color,orange>Sara</txt:color></txt:bold>... apa Anda terluka? Kenapa Anda melakukan hal berbahaya seperti ini? <wrt:break>Kenapa tidak dibicarakan dulu dengan saya...!","<txt:bold,2><txt:color,orange>ซาร่า</txt:color></txt:bold>... ไม่ได้รับบาดเจ็บตรงไหนใช่ไหมคะ? ทำไมถึงทำอะไรตามใจแบบนี้ล่ะคะ <wrt:break>ถ้ามาปรึกษาฉันล่ะก็ ฉันพร้อมจะ...!","<txt:bold,2><txt:color,orange>Sara</txt:color></txt:bold>... você tá bem? Por que agiu por conta própria? <wrt:break>Se tivesse falado comigo..."
,,,서사라_유니폼,,1_당황,,,"<txt:bold,2><txt:color,orange>아이리스</txt:color></txt:bold> 씨?! 잠깐, 어떻게...?","<txt:bold,2><txt:color,orange>Iris</txt:color></txt:bold>?! Hold on, how did you...?","<txt:bold,2><txt:color,orange>アイリス</txt:color></txt:bold>さん！？ちょっと待って、どうやって‥？","<txt:bold,2><txt:color,orange>爱丽丝</txt:color></txt:bold>小姐？！等等，你怎么会‥？","<txt:bold,2><txt:color,orange>愛麗絲</txt:color></txt:bold>前輩？！等一下，您怎麼‥？","<txt:bold,2><txt:color,orange>Айрис</txt:color></txt:bold>?! Но как ты тут...","<txt:bold,2><txt:color,orange>Iris</txt:color></txt:bold>?! Tunggu, bagaimana awak...?","<txt:bold,2><txt:color,orange>Iris</txt:color></txt:bold>?! Khoan, sao cậu lại...?","¡¿<txt:bold,2><txt:color,orange>Iris</txt:color></txt:bold>?! Un momento, ¿cómo...?","<txt:bold,2><txt:color,orange> Iris </txt:color></txt:bold>?! Kenapa Anda berada...?","คุณ<txt:bold,2><txt:color,orange>ไอริส</txt:color></txt:bold>?! เดี๋ยวนะ ทำไม...?","<txt:bold,2><txt:color,orange>Iris</txt:color></txt:bold>?! Espera, como..."
,,,정다희,,1_외침,,exclam,"<cha:pos,정다희,-2><cha:pos,상현,-1><txt:shake,1>헉, 헉, <txt:bold,2><txt:color,orange>아이리스</txt:color></txt:bold> 씨, 같이 가요!!</txt:shake>","<cha:pos,정다희,-2><cha:pos,상현,-1><txt:shake,1>Hah, hah, <txt:bold,2><txt:color,orange>Iris</txt:color></txt:bold>, wait for me!</txt:shake>","<cha:pos,정다희,-2><cha:pos,상현,-1><txt:shake,1>はぁ、はぁ。<txt:bold,2><txt:color,orange>アイリス</txt:color></txt:bold>さん、置いていかないでください！</txt:shake>","<cha:pos,정다희,-2><cha:pos,상현,-1><txt:shake,1>呼，呼，<txt:bold,2><txt:color,orange>爱丽丝</txt:color></txt:bold>小姐，等等我！！</txt:shake>","<cha:pos,정다희,-2><cha:pos,상현,-1><txt:shake,1>呼、呼，<txt:bold,2><txt:color,orange>愛麗絲</txt:color></txt:bold>小姐，等等我！！</txt:shake>","<cha:pos,정다희,-2><cha:pos,상현,-1><txt:shake,1>Уф, уф, <txt:bold,2><txt:color,orange>Айрис</txt:color></txt:bold>, подожди меня!</txt:shake>","<cha:pos,정다희,-2><cha:pos,상현,-1><txt:shake,1>Hah, hah, <txt:bold,2><txt:color,orange>Iris</txt:color></txt:bold>, tunggu saya!</txt:shake>","<cha:pos,정다희,-2><cha:pos,상현,-1><txt:shake,1>*Hộc, hộc* <txt:bold,2><txt:color,orange>Iris</txt:color></txt:bold>, chờ với!</txt:shake>","<cha:pos,정다희,-2><cha:pos,상현,-1><txt:shake,1>Ah, ah, <txt:bold,2><txt:color,orange>Iris</txt:color></txt:bold>, ¡¡espéreme!!</txt:shake>","<cha:pos,정다희,-2><cha:pos,상현,-1><txt:shake,1>Hughh, huughh, <txt:bold,2><txt:color,orange>Iris</txt:color></txt:bold>, tunggu saya!!</txt:shake>","<cha:pos,정다희,-2><cha:pos,상현,-1><txt:shake,1>แฮ่ก แฮ่ก คุณ<txt:bold,2><txt:color,orange>ไอริส</txt:color></txt:bold> รอด้วยสิคะ!!</txt:shake>","<cha:pos,정다희,-2><cha:pos,상현,-1><txt:shake,1>Uff, uff, <txt:bold,2><txt:color,orange>Iris</txt:color></txt:bold>, vamos juntas!</txt:shake>"
,,,정다희,,2_당황,,,"분명히 내가 먼저 달리고 있었는데, <txt:bold,2><txt:color,orange>사라</txt:color></txt:bold> 씨가 보이자마자 엄청나게 빨라져서...!","I was ahead of her the whole time, but the second she saw <txt:bold,2><txt:color,orange>Sara</txt:color></txt:bold>, she just took off...!","間違いなく私が先を走ってたのに、<txt:bold,2><txt:color,orange>紗良</txt:color></txt:bold>さんが見えた途端、ものすごく速くなって‥！","本来是我跑在前面的，可她一看到<txt:bold,2><txt:color,orange>莎拉</txt:color></txt:bold>小姐，速度突然变得好快‥！","明明是我先跑的，結果她一看到<txt:bold,2><txt:color,orange>莎拉</txt:color></txt:bold>，速度就變超快‥！","Я точно бежала первой, но как только Айрис заметила <txt:bold,2><txt:color,orange>Сару</txt:color></txt:bold>, она понеслась сломя голову!","Saya berada di hadapannya, tetapi sebaik sahaja dia melihat <txt:bold,2><txt:color,orange>Sara</txt:color></txt:bold>, dia terus lari...!","Rõ ràng ban nãy tôi còn chạy trước, thế mà vừa thấy <txt:bold,2><txt:color,orange>Sara</txt:color></txt:bold> là cậu ấy tăng tốc khủng khiếp luôn...!","Estoy segura de que yo estaba corriendo adelante, pero en cuanto vio a la señorita <txt:bold,2><txt:color,orange>Sara</txt:color></txt:bold>, ¡se volvió increíblemente rápida...!","Padahal saya yang lari duluan tapi begitu melihat <txt:bold,2><txt:color,orange>Sara</txt:color></txt:bold>, Anda tiba-tiba berlari sangat cepat...!","ฉันวิ่งนำหน้าอยู่ก่อนแท้ๆ แต่พอเห็นคุณ<txt:bold,2><txt:color,orange>ซาร่า</txt:color></txt:bold> ก็วิ่งเร็วขึ้นแบบติดสปีดซะงั้น...!","Eu tava na frente, mas assim que viu a <txt:bold,2><txt:color,orange>Sara</txt:color></txt:bold> ela disparou..."
,,,서사라_유니폼,,1_미소2,,,"...<txt:bold,2><txt:color,orange>다희</txt:color></txt:bold> 씨...! 역시...!","...<txt:bold,2><txt:color,orange>Dahee</txt:color></txt:bold>...! I knew it...!","‥<txt:bold,2><txt:color,orange>夏希</txt:color></txt:bold>さん‥！やっぱり‥！","‥<txt:bold,2><txt:color,orange>多熙</txt:color></txt:bold>‥！果然‥！","‥<txt:bold,2><txt:color,orange>多熙</txt:color></txt:bold>‥！果然‥！","...<txt:bold,2><txt:color,orange>Дахи</txt:color></txt:bold>...! Я так и знала...!","...<txt:bold,2><txt:color,orange>Dahee</txt:color></txt:bold>...! Seperti yang dijangka...!","...<txt:bold,2><txt:color,orange>Dahee</txt:color></txt:bold>...! Tôi biết mà...!","...<txt:bold,2><txt:color,orange>Dahee</txt:color></txt:bold>...! Ya lo sabía...!","...<txt:bold,2><txt:color,orange>Dahee</txt:color></txt:bold>...! Aku tahu...!","...<txt:bold,2><txt:color,orange>ดาฮี</txt:color></txt:bold>...! ฉันรู้อยู่แล้ว...!","...<txt:bold,2><txt:color,orange>Dahee</txt:color></txt:bold>...! Eu sabia...!"
,,,상현,,1_기본+,,,"<txt:bold,2><txt:color,orange>다희</txt:color></txt:bold>야?!","<txt:bold,2><txt:color,orange>Dahee</txt:color></txt:bold>?!","<txt:bold,2><txt:color,orange>夏希</txt:color></txt:bold>！？","<txt:bold,2><txt:color,orange>多熙</txt:color></txt:bold>？！","<txt:bold,2><txt:color,orange>多熙</txt:color></txt:bold>？！","<txt:bold,2><txt:color,orange>Дахи</txt:color></txt:bold>?!","...<txt:bold,2><txt:color,orange>Dahee</txt:color></txt:bold>?","<txt:bold,2><txt:color,orange>Dahee</txt:color></txt:bold>?!","¡¿<txt:bold,2><txt:color,orange>Dahee</txt:color></txt:bold>?!","<txt:bold,2><txt:color,orange>Dahee</txt:color></txt:bold>?!","<txt:bold,2><txt:color,orange>ดาฮี</txt:color></txt:bold>?!","<txt:bold,2><txt:color,orange>Dahee</txt:color></txt:bold>?!"
,,,정다희,,1_기본,,,"...죄송해요, 제가 많이 늦었죠.",Sorry... I know I’m late.,‥ごめんなさい、だいぶ遅れちゃいましたよね。,‥对不起，我来晚了。,‥抱歉，我來晚了。,Простите за опоздание.,Maaf... Saya tahu saya lambat.,"...Xin lỗi, tôi đến muộn quá đúng không.","...Lo siento, llegué muy tarde, ¿verdad?","...Maafkan saya, saya agak terlambat ya.",...ขอโทษค่ะ ฉันมาช้ามากเลยใช่ไหมคะ,"Desculpa, cheguei tarde demais, né?"
,,,정다희,,1_기본,,,"경험상 이때쯤 <txt:bold,2><txt:color,orange>오아시스</txt:color></txt:bold> 선수가 무리가 올 것 같아서...","I had a feeling <txt:bold,2><txt:color,orange>Oasis</txt:color></txt:bold> would be hitting his limit around now...","経験上、このくらいになると<txt:bold,2><txt:color,orange>オアシス</txt:color></txt:bold>選手の体に無理がくると思ったので‥","根据经验，我觉得这时候<txt:bold,2><txt:color,orange>绿洲</txt:color></txt:bold>选手应该快到极限了‥","根據我的經驗，我覺得<txt:bold,2><txt:color,orange>綠洲</txt:color></txt:bold>選手這時候應該快到極限了‥","По опыту знаю, что <txt:bold,2><txt:color,orange>Оазис</txt:color></txt:bold> мог сильно устать.","Saya dapat agak <txt:bold,2><txt:color,orange>Oasis</txt:color></txt:bold> akan kehabisan tenaganya sekejap lagi...","Theo kinh nghiệm của tôi thì tầm này tuyển thủ <txt:bold,2><txt:color,orange>Oasis</txt:color></txt:bold> chắc sẽ bắt đầu quá sức...","Por mi experiencia, pensé que a estas alturas <txt:bold,2><txt:color,orange>Oasis</txt:color></txt:bold> estaría forzándose demasiado, así que...","Dari yang saya lihat sekitar waktu ini atlet <txt:bold,2><txt:color,orange>Oasis</txt:color></txt:bold> akan mulai memaksakan diri...","จากประสบการณ์ที่ผ่านมา ตอนนี้นักกีฬา<txt:bold,2><txt:color,orange>โอเอซิส</txt:color></txt:bold>น่าจะเริ่มเกินกำลังแล้ว...","Pela minha experiência, achei que o <txt:bold,2><txt:color,orange>Oásis</txt:color></txt:bold> estaria chegando no limite agora..."
,,,정다희,,1_웃음,,,하루 종일 여러 팀을 돌아다니면서 적합한 세터를 찾아다녔어요.,I spent the whole day going from team to team looking for a setter who’d be a good fit.,一日中いろんなチームを回って、適任のセッターを探してたんです。,所以我花了一整天时间，跑遍了各个队伍去寻找合适的二传手。,所以我花了一整天的時間，跑遍各隊去尋找適合的二傳手。,Поэтому я весь день разыскивала подходящего связующего из других команд.,Saya dah sepanjang hari jumpa setiap pasukan mencari pengumpan yang sesuai.,Tôi đã chạy khắp các đội suốt cả ngày để tìm một chuyền hai phù hợp.,Estuve buscando a alguien adecuado para el puesto de colocador por varios equipos todo el día.,Oleh karena itu seharian ini saya terus mencoba mencari Setter yang tepat dari berbagai tim.,ฉันก็เลยตระเวนไปหาหลายทีมทั้งวัน เพื่อตามหาตัวเซ็ตที่เหมาะสมค่ะ,Passei o dia inteiro indo de time em time procurando um levantador adequado.
,,,정다희,,1_웃음,,,이렇게까지 적합한 분을 만날지는 몰랐지만...!,"I didn’t expect to find someone this perfect, though...!",こんなにぴったりな方に会えるとは思わなかったんですけどね‥！,没想到会遇到这么合适的人选‥！,雖然沒想到會遇到這麼合適的人選‥！,"И кто же знал, что найдется настолько подходящий игрок!",Tapi saya tidak sangka akan menemui seseorang yang begitu sempurna!,Dù tôi cũng không ngờ lại tìm được người phù hợp đến mức này...!,¡Aunque no imaginé que me encontraría con alguien tan perfecta para el puesto...!,Meski saya tidak menyangka dapat menemukan orang yang sangat tepat...!,ถึงจะไม่รู้ก็เถอะว่าจะได้เจอคนที่เหมาะสมขนาดนี้...!,Não esperava achar alguém tão compatível assim...
,,,정다희,,1_기본,,,"아직 <txt:bold,2>'내기'</txt:bold>가 끝나진 않은 거죠?","The <txt:bold,2>'wager'</txt:bold> isn't over yet, right?","まだ<txt:bold,2>「賭け」は</txt:bold>終わってませんよね？","那个<txt:bold,2>'赌局'</txt:bold>还没结束吧？","<txt:bold,2>「賭局」</txt:bold>還沒結束吧？","<txt:bold,2>«Игра со ставкой»</txt:bold> еще не закончилась?","<txt:bold,2>'Pertaruhan'</txt:bold> belum berakhir lagi, kan?","<txt:bold,2>Kèo cược</txt:bold> vẫn chưa kết thúc đâu đúng không?","La <txt:bold,2>'apuesta'</txt:bold> aún no ha terminado, ¿verdad?","<txt:bold,2>'Taruhan'</txt:bold>nya belum berakhir, kan?","<txt:bold,2>'เดิมพัน'</txt:bold> ยังไม่จบใช่ไหมคะ?","A <txt:bold,2>«aposta»</txt:bold> ainda não acabou, né?"
,,,상현,,1_기본,pause,,"...어우, 딱 맞춰 왔어~★",Ooh... Just in time ★,‥おお、ちょうどいいところに来たね～★,‥喔，来得正是时候～★,‥喔，來得正是時候～★,В самый раз пришли! ★,Ooh... Tepat pada masanya ★,"...Ôi chà, đến đúng lúc thật đấy! ★","...Oh, llegaste justo a tiempo★","...Aduh, kamu datang di waktu yang sangat tepat~★",...โอ้ว เธอมาได้พอดีเป๊ะเลยล่ะ~★,"Nossa, chegou bem na hora! ★"
,,,상현,,1_기본+,wave,,이제 마지막 세트가 시작하려던 참이었거든.,The final set was about to start.,今まさに最終セットが始まるところだったんだ。,最后一局正要开始呢。,最後一局正要開始呢。,Скоро начнется последний сет.,Set terakhir dah nak bermula.,Vì đúng lúc chuẩn bị bắt đầu set cuối rồi.,El último set estaba a punto de comenzar.,Sebentar lagi Set terakhir akan dimulai.,ตอนนี้กำลังจะเริ่มเซ็ตสุดท้ายเลย,O último set tava prestes a começar.
,,,상현,,1_실눈,wave,,"<txt:bold,2><txt:color,orange>사라</txt:color></txt:bold>~ <txt:bold,2><txt:color,orange>아이리스</txt:color></txt:bold>라면 문제없지?","<txt:bold,2><txt:color,orange>Sara</txt:color></txt:bold>, <txt:bold,2><txt:color,orange>Iris</txt:color></txt:bold> works for you, right?","<txt:bold,2><txt:color,orange>紗良</txt:color></txt:bold>～<txt:bold,2><txt:color,orange>アイリス</txt:color></txt:bold>さんなら問題ないよね？","<txt:bold,2><txt:color,orange>莎拉</txt:color></txt:bold>～如果有<txt:bold,2><txt:color,orange>爱丽丝</txt:color></txt:bold>在，就没问题了吧？","<txt:bold,2><txt:color,orange>莎拉</txt:color></txt:bold>～如果有<txt:bold,2><txt:color,orange>愛麗絲</txt:color></txt:bold>在，就沒問題了吧？","<txt:bold,2><txt:color,orange>Сара</txt:color></txt:bold>, <txt:bold,2><txt:color,orange>Айрис</txt:color></txt:bold> же подходит?","<txt:bold,2><txt:color,orange>Sara</txt:color></txt:bold>, awak okey dengan <txt:bold,2><txt:color,orange>Iris</txt:color></txt:bold>, kan?","<txt:bold,2><txt:color,orange>Sara</txt:color></txt:bold>! <txt:bold,2><txt:color,orange>Iris</txt:color></txt:bold> thì không vấn đề gì đâu nhỉ?","<txt:bold,2><txt:color,orange>Sara</txt:color></txt:bold>. Si es <txt:bold,2><txt:color,orange>Iris</txt:color></txt:bold>, ¿no hay problema, verdad?","<txt:bold,2><txt:color,orange>Sara</txt:color></txt:bold>~ Kamu oke kan dengan <txt:bold,2><txt:color,orange>Iris</txt:color></txt:bold>?","<txt:bold,2><txt:color,orange>ซาร่า</txt:color></txt:bold>~ ถ้าเป็น<txt:bold,2><txt:color,orange>ไอริส</txt:color></txt:bold>ก็ไม่มีปัญหาใช่ไหม?","<txt:bold,2><txt:color,orange>Sara</txt:color></txt:bold>, se for a <txt:bold,2><txt:color,orange>Iris</txt:color></txt:bold>, tá tudo certo, né?"
,,,서사라_유니폼,,1_미소2,,,네! 더할 나위 없죠!,Yes! Couldn’t ask for anyone better!,はい！問題ないです！,嗯！那真是再好不过了！,是的！那是再好不過了！,Ну конечно!,Ya! Tak ada sesiapa yang lebih baik!,Vâng! Không chỗ nào chê!,¡Sí! ¡No podría ser mejor!,Iya! Tidak bisa lebih baik dari ini!,ค่ะ! เพอร์เฟกต์ที่สุดเลย!,Sim! Não podia ser melhor!
,,,상현,,1_실눈+,,,"<txt:bold,2><txt:color,orange>아이리스</txt:color></txt:bold> 씨도 혹시 얘기를 들었나요? 상대 팀엔 <txt:bold,2><txt:color,orange>라울</txt:color></txt:bold>도 있는데, 괜찮겠어요?","<txt:bold,2><txt:color,orange>Iris</txt:color></txt:bold>, have you heard what’s going on? <txt:bold,2><txt:color,orange>Raul</txt:color></txt:bold>’s on the other team. Are you okay with that?","<txt:bold,2><txt:color,orange>アイリス</txt:color></txt:bold>さんも話は聞きましたよね？相手チームには<txt:bold,2><txt:color,orange>ラウル</txt:color></txt:bold>もいるんですけど、大丈夫ですか？","<txt:bold,2><txt:color,orange>爱丽丝</txt:color></txt:bold>小姐，情况您听说了吗？对方可是有<txt:bold,2><txt:color,orange>拉乌尔</txt:color></txt:bold>在，没问题吗？","<txt:bold,2><txt:color,orange>愛麗絲</txt:color></txt:bold>前輩有聽說了嗎？對方可是有<txt:bold,2><txt:color,orange>拉烏爾</txt:color></txt:bold>在喔，沒問題吧？","<txt:bold,2><txt:color,orange>Айрис</txt:color></txt:bold>, ты слышала? В команде соперников <txt:bold,2><txt:color,orange>Рауль</txt:color></txt:bold>. Справишься?","<txt:bold,2><txt:color,orange>Iris</txt:color></txt:bold>, awak dengar tak apa yang berlaku? <txt:bold,2><txt:color,orange>Raul</txt:color></txt:bold> ada di pasukan lawan. Awak okey ke?","<txt:bold,2><txt:color,orange>Iris</txt:color></txt:bold> cũng đã nghe chuyện rồi đúng không? Bên đội đối phương còn có cả <txt:bold,2><txt:color,orange>Raul</txt:color></txt:bold> đấy, sẽ ổn chứ?","<txt:bold,2><txt:color,orange>Iris</txt:color></txt:bold>, ¿por casualidad escuchó algo? En el equipo contrario también está <txt:bold,2><txt:color,orange>Raúl</txt:color></txt:bold>, ¿estará bien?","<txt:bold,2><txt:color,orange>Iris</txt:color></txt:bold>, apa Anda sudah dengar juga? Kita harus melawan <txt:bold,2><txt:color,orange>Raul</txt:color></txt:bold>, apa itu tidak jadi masalah?","คุณ<txt:bold,2><txt:color,orange>ไอริส</txt:color></txt:bold>ก็ได้ฟังเรื่องราวมาแล้วรึเปล่าครับ? ว่าทีมคู่แข่งมี<txt:bold,2><txt:color,orange>ราอุล</txt:color></txt:bold>ด้วย คุณโอเคไหมครับ?","<txt:bold,2><txt:color,orange>Iris</txt:color></txt:bold>, você já sabe, né? O <txt:bold,2><txt:color,orange>Raul</txt:color></txt:bold> tá no time adversário... tudo bem pra você?"
,,,아이리스,,1_의문,,quest,"<txt:color,grey><txt:shake,1>(꼬오옥-!)</txt:shake></txt:color> 예?","<txt:color,grey><txt:shake,1>(Squeeze!)</txt:shake></txt:color> Huh?","<txt:color,grey><txt:shake,1>(ぎゅうっ‥！)</txt:shake></txt:color>え？","<txt:color,grey><txt:shake,1>（紧紧抱住）</txt:shake></txt:color>诶？","<txt:color,grey><txt:shake,1>（緊緊抱住！）</txt:shake></txt:color> 什麼？","<txt:color,grey><txt:shake,1>(Ту-дум!)</txt:shake></txt:color> Что?","<txt:color,grey><txt:shake,1>(Memeluk erat!)</txt:shake></txt:color> Hah?","<txt:color,grey><txt:shake,1>*Nắm chặt*</txt:shake></txt:color> Gì cơ?","<txt:color,grey><txt:shake,1>(¡Aprieta!)</txt:shake></txt:color> ¿Eh?","<txt:color,grey><txt:shake,1>(Kkoook-!)</txt:shake></txt:color> Apa?","<txt:color,grey><txt:shake,1>(หมับ-!)</txt:shake></txt:color> คะ?","<txt:color,grey><txt:shake,1>(Tcha!)</txt:shake></txt:color> O quê?"
,,,아이리스,,1_의문,,,"그 <txt:bold,2><txt:color,orange>라울</txt:color></txt:bold> 선수요...?!","That <txt:bold,2><txt:color,orange>Raul</txt:color></txt:bold>...?!","あの<txt:bold,2><txt:color,orange>ラウル</txt:color></txt:bold>選手が‥！？","您是说那位<txt:bold,2><txt:color,orange>拉乌尔</txt:color></txt:bold>选手吗‥？！","你是說那位<txt:bold,2><txt:color,orange>拉烏爾</txt:color></txt:bold>選手嗎‥？！","Тот самый <txt:bold,2><txt:color,orange>Рауль</txt:color></txt:bold>?","<txt:bold,2><txt:color,orange>Raul</txt:color></txt:bold>...?!","Tuyển thủ <txt:bold,2><txt:color,orange>Raul</txt:color></txt:bold> á...?!","¡¿Ese jugador <txt:bold,2><txt:color,orange>Raúl</txt:color></txt:bold>...?!","Atlet <txt:bold,2><txt:color,orange>Raul</txt:color></txt:bold> itu...?!","นักกีฬา<txt:bold,2><txt:color,orange>ราอุล</txt:color></txt:bold>คนนั้นน่ะเหรอคะ...?!","O <txt:bold,2><txt:color,orange>Raul</txt:color></txt:bold>?"
,,,아이리스,,1_기본,,,"...으음, <wrt:wait,30>그래도 괜찮지 않을까요?","Mm... <wrt:wait,30>I think we’ll be fine.","‥うーん、<wrt:wait,30>大丈夫じゃないですか？","‥唔，<wrt:wait,30>应该没问题吧？","‥唔，<wrt:wait,30>應該沒問題吧？","Ну...<wrt:wait,30> Думаю, все будет в порядке.","Mm... <wrt:wait,30>Saya rasa tak apa.","...Ừm, <wrt:wait,30>nhưng chắc là vẫn ổn thôi nhỉ?","...Mmm, <wrt:wait,30>¿aun así estaremos bien, verdad?","...Hmm, <wrt:wait,30>Meski begitu sepertinya tidak akan jadi masalah.","...อืม <wrt:wait,30>แต่ถึงยังไงก็น่าจะโอเคไหมคะ?","Hum... <wrt:wait,30>acho que não vai ter problema."
,,,아이리스,,1_개안,,,"<txt:bold,1>저희는 <txt:color,orange>사라</txt:color>가 함께 뛰는데.</txt:bold>","<txt:bold,1>We have <txt:color,orange>Sara</txt:color> on our side.</txt:bold>","<txt:bold,1>私たちには<txt:color,orange>紗良</txt:color>がいますから。</txt:bold>","<txt:bold,1>毕竟我们队里可是有<txt:color,orange>莎拉</txt:color>在呀。</txt:bold>","<txt:bold,1>畢竟我們這隊還有<txt:color,orange>莎拉</txt:color>在呢。</txt:bold>","<txt:bold,1>Ведь с нами <txt:color,orange>Сара</txt:color>.</txt:bold>","<txt:bold,1>Kita ada <txt:color,orange>Sara</txt:color>.</txt:bold>","<txt:bold,1>Chúng ta thì có <txt:color,orange>Sara</txt:color> cùng thi đấu mà.</txt:bold>","<txt:bold,1>Tenemos a <txt:color,orange>Sara</txt:color> en nuestro equipo.</txt:bold>","<txt:bold,1>Apalagi karena kita mempunyai <txt:color,orange>Sara</txt:color>.</txt:bold>","<txt:bold,1>เพราะพวกเรามี<txt:color,orange>ซาร่า</txt:color>ลงเล่นด้วยกัน</txt:bold>","<txt:bold,1>A gente tem a <txt:color,orange>Sara</txt:color> no time.</txt:bold>"
,,,상현,,1_미소,,joy,"...아하하, 굳이 확인할 필요도 없었네~",Haha... Guess I didn’t need to ask.,‥あはは、わざわざ確認する必要もなかったね～。,‥啊哈哈，看来根本没必要确认呢～,‥啊哈哈，看來是我多問了～,"Ха-ха-ха, и зачем я такой глупый вопрос задал вообще?",Haha... Nampaknya saya tak perlu bertanya.,"...Ahaha, hóa ra cũng chẳng cần xác nhận làm gì.","...Jajaja, no hacía falta ni confirmarlo.","...Hahaha, sepertinya tidak ada lagi yang perlu dicek~",...อะฮ่าฮ่า ไม่จำเป็นต้องเช็กให้เสียเวลาเลยแฮะ~,"Haha, acho que nem precisava perguntar!"
,,,상현,,1_기본,,,"<txt:bold,2><txt:color,orange>다희</txt:color></txt:bold>야, 이번에 진짜 너무 잘해줬어~!","<txt:bold,2><txt:color,orange>Dahee</txt:color></txt:bold>, you really came through this time!","<txt:bold,2><txt:color,orange>夏希</txt:color></txt:bold>、今回は本当によくやってくれたね～！","<txt:bold,2><txt:color,orange>多熙</txt:color></txt:bold>，这次你做得太棒了～！","<txt:bold,2><txt:color,orange>多熙</txt:color></txt:bold>，妳這次真的立了大功喔～！","<txt:bold,2><txt:color,orange>Дахи</txt:color></txt:bold>, ты молодец и в этот раз!","<txt:bold,2><txt:color,orange>Dahee</txt:color></txt:bold>, cemerlang awak kali ini!","<txt:bold,2><txt:color,orange>Dahee</txt:color></txt:bold>, lần này làm tốt thật đấy!","<txt:bold,2><txt:color,orange>Dahee</txt:color></txt:bold>, ¡esta vez de verdad lo hiciste muy bien!","<txt:bold,2><txt:color,orange>Dahee</txt:color></txt:bold>, kali ini kamu telah sangat membantu~!","<txt:bold,2><txt:color,orange>ดาฮี</txt:color></txt:bold> ครั้งนี้เธอทำได้ดีมากเลย~!","<txt:bold,2><txt:color,orange>Dahee</txt:color></txt:bold>, você arrasou dessa vez!"
,,,정다희,,1_웃음,,,"헤헤, 선수들에게 필요한 상황을 만드는 게 '코치'의 역할이잖아요.","Hehe, setting up what the players need is what a coach does, right?",えへへ、選手たちに必要な状況を作るのが「コーチ」の役割ですから。,嘿嘿，为选手创造必要的环境，不就是'教练'的职责嘛。,嘿嘿，創造選手們所需要的局面，本來就是「教練」的職責嘛。,"Хе-хе, задача тренера — создавать все удобства для своей команды!","Hehe, tugas jurulatih kan memberi apa yang pemain perlukan?","Hehe, tạo điều kiện cần thiết cho các tuyển thủ là vai trò của huấn luyện viên mà.","Jeje, el papel de un 'entrenador' es crear las situaciones que los jugadores necesitan, ¿no?","Hehe, sudah menjadi tugas 'Coach' untuk memenuhi hal-hal yang diperlukan oleh atlet.",ฮิฮิ ก็การสร้างสถานการณ์ที่จำเป็นสำหรับนักกีฬาเป็นหน้าที่ของ 'โค้ช' นี่คะ,"Hehe, o trabalho de um «treinador» é criar as condições pra os jogadores brilharem."
,,,오아시스_유니폼,,1_웃음,,,"하하... <wrt:wait,30>이런! <wrt:wait,30>내가 활약할 자리를 빼앗기게 된 건가?","Haha... <wrt:wait,30>well, well! <wrt:wait,30>Looks like my spot’s been taken?","ハハ‥<wrt:wait,30>まったく！<wrt:wait,30>俺の活躍する場を奪われちゃったな。","哈哈‥<wrt:wait,30>哎呀！<wrt:wait,30>看来我要大显身手的机会被抢走了啊？","哈哈‥<wrt:wait,30>哎呀！<wrt:wait,30>看來我大顯身手的機會要被搶走了呢？","Ха... <wrt:wait,30>Вот блин! <wrt:wait,30>Значит, мое место уже занято?","Haha... <wrt:wait,30>begini ya! <wrt:wait,30>Nampaknya tempat saya sudah diambil orang?","Haha... <wrt:wait,30>Chà chà! <wrt:wait,30>Vậy là sân diễn của tôi bị cướp mất rồi sao?","Jaja... <wrt:wait,30>¡Vaya! <wrt:wait,30>¿Parece que me han quitado mi lugar para lucirme?","Haha... <wrt:wait,30>Aduh! <wrt:wait,30>Kamu ingin merebut sorotan yang seharusnya jadi milikku?","ฮ่าฮ่า... <wrt:wait,30>โธ่เอ๊ย! <wrt:wait,30>นี่ฉันโดนแย่งพื้นที่โชว์ฝีมือแล้วเหรอเนี่ย?","Haha... <wrt:wait,30>poxa, <wrt:wait,30>roubaram minha chance de brilhar!"
,,,오아시스_유니폼,,1_훗,,,"내 무대를 양보하는 건 달갑지 않지만, 여기까지 달려온 <txt:bold,2><txt:color,orange>다희</txt:color></txt:bold>를 봐서 이번엔 교체해 줄까.","I’m not thrilled about giving up the stage, but after seeing how far <txt:bold,2><txt:color,orange>Dahee</txt:color></txt:bold> ran to get here... I’ll step out this once.","俺の出番を譲るのは気が進まないけど、ここまで駆けつけてくれた<txt:bold,2><txt:color,orange>夏希</txt:color></txt:bold>に免じて今回は交代してあげるよ。","虽然不甘心让出舞台，但既然<txt:bold,2><txt:color,orange>多熙</txt:color></txt:bold>这么辛苦地赶过来，这次就换人吧。","雖然把我的舞台讓出去有點不甘心，但看在<txt:bold,2><txt:color,orange>多熙</txt:color></txt:bold>大老遠趕來的份上，這次就讓給妳吧。","Не самое приятное дело — отдавать место под солнцем. Но раз уж <txt:bold,2><txt:color,orange>Дахи</txt:color></txt:bold> так старалась, кажется, нужно уступить.","Saya tak suka sangat duduk bangku, tetapi melihat sejauh mana <txt:bold,2><txt:color,orange>Dahee</txt:color></txt:bold> berlari untuk sampai ke sini... Saya akan berundur kali ini.","Dù tôi không vui lắm khi phải nhường sân khấu của mình, nhưng thấy <txt:bold,2><txt:color,orange>Dahee</txt:color></txt:bold> đã chạy đến tận đây, lần này tôi sẽ đổi ra vậy.","No me agrada ceder mi escenario, pero viendo que <txt:bold,2><txt:color,orange>Dahee</txt:color></txt:bold> ha corrido hasta aquí, dejaré que me reemplacen esta vez.","Aku tidak senang menyerahkan panggungku, tapi demi <txt:bold,2><txt:color,orange>Dahee</txt:color></txt:bold> yang datang berlari sampai kesini, mungkin kali ini saja aku bersedia diganti.","ถึงจะไม่ค่อยอยากสละเวทีให้สักเท่าไหร่ แต่เห็น<txt:bold,2><txt:color,orange>ดาฮี</txt:color></txt:bold>วิ่งมาถึงที่นี่แล้ว ครั้งนี้จะยอมเปลี่ยนตัวให้แล้วกัน","Não é do meu feitio ceder meu lugar, mas pelo esforço da <txt:bold,2><txt:color,orange>Dahee</txt:color></txt:bold>, eu saio dessa vez."
,,,상현,,1_기본+,wave,,"후후, 아쉽겠네, <txt:bold,2><txt:color,orange>오아시스</txt:color></txt:bold>?","Hehe, feeling bummed, <txt:bold,2><txt:color,orange>Oasis</txt:color></txt:bold>?","ふふ。残念だったね、<txt:bold,2><txt:color,orange>オアシス</txt:color></txt:bold>。","呵呵，是不是很不甘心呀，<txt:bold,2><txt:color,orange>绿洲</txt:color></txt:bold>？","呵呵，不甘心嗎，<txt:bold,2><txt:color,orange>綠洲</txt:color></txt:bold>？","Эх, жаль, что так вышло, <txt:bold,2><txt:color,orange>Оазис</txt:color></txt:bold>.","Hehe, kecewa ke, <txt:bold,2><txt:color,orange>Oasis</txt:color></txt:bold>?","Hừ hừ, tiếc lắm nhỉ, <txt:bold,2><txt:color,orange>Oasis</txt:color></txt:bold>?","Jeje, ¿será una pena, <txt:bold,2><txt:color,orange>Oasis</txt:color></txt:bold>?","Huhu, sayang sekali ya, <txt:bold,2><txt:color,orange>Oasis</txt:color></txt:bold>!","หึหึ น่าเสียดายจังเนอะ <txt:bold,2><txt:color,orange>โอเอซิส</txt:color></txt:bold>?","Hehe, que pena, <txt:bold,2><txt:color,orange>Oásis</txt:color></txt:bold>, né?"
,,,상현,,1_미소,wave,,자~! 마지막 한 세트야! 모두가 힘을 합쳐서 겨우 여기까지 왔어.,Alright! One last set! Everyone pulled together to get us this far.,さあ！最後の1セットだよ！みんなで力を合わせて、やっとここまで来たんだ。,好了～！最后一局了！大家齐心协力才终于走到这一步。,好啦～！最後一局了！大家齊心協力，總算走到了這一步。,"Ну что, это последний сет! Мы все приложили немало усилий, чтобы дойти так далеко.",Baiklah! Set terakhir! Semua orang dah berganding bahu untuk membawa kita sejauh ini.,Nào! Còn một set cuối thôi! Tất cả mọi người hợp sức mới đi được đến đây.,¡Bien! ¡Es el último set! Apenas logramos llegar hasta aquí uniendo nuestras fuerzas.,Kalau begitu~! Ini adalah Set terakhir! Kita telah sampai sejauh ini berkat kerja sama semua orang.,เอาล่ะ~! เซ็ตสุดท้ายแล้ว! ทุกคนต่างก็รวมพลังกันจนมาถึงตรงนี้ได้อย่างยากลำบาก,Bora! Último set! Todo mundo lutou junto pra chegar até aqui.
,,,상현,,1_기본,wave,,더 이상 물러날 곳은 없어.,There’s nowhere left to retreat.,もう後には引けない。,我们已经没有退路了。,我們已經沒有退路了。,Отступать некуда.,Tiada pilihan lagi untuk berundur.,Không còn chỗ để lùi nữa rồi.,Ya no hay lugar para retroceder.,Tak ada lagi tempat untuk mundur.,เราถอยไม่ได้อีกต่อไปแล้ว,Não tem mais pra onde recuar.
,,,상현,,1_기본,wave,exclam,"<txt:bold,1>후회하지 않게, 여기서 전부 쏟아내자!</txt:bold>","<txt:bold,1>No regrets. Leave everything out there!</txt:bold>","<txt:bold,1>悔いが残らないように、ここで全部出し切ろう！</txt:bold>","<txt:bold,1>为了不留遗憾，就在这里燃尽一切吧！</txt:bold>","<txt:bold,1>為了不留遺憾，在這裡燃燒殆盡吧！</txt:bold>","<txt:bold,1>Выложимся на все сто и не оставим сожалений!</txt:bold>","<txt:bold,1>Tiada penyesalan. Berikan segalanya di sana!</txt:bold>","<txt:bold,1>Để không phải hối hận, hãy trút hết tất cả ở đây đi!</txt:bold>","<txt:bold,1>¡Para no arrepentirnos, dejémoslo todo aquí!</txt:bold>","<txt:bold,1>Mari kita curahkan semuanya di sini agar tak ada penyesalan!</txt:bold>","<txt:bold,1>มาทุ่มให้หมดหน้าตักที่นี่ เพื่อไม่ให้มาเสียใจทีหลังกันเถอะ!</txt:bold>","<txt:bold,1>Vamos dar tudo pra não se arrepender!</txt:bold>"
,,,TAG,,,,,"<sys:nogui,리모컨><eff:black,4>","<sys:nogui,리모컨><eff:black,4>","<sys:nogui,리모컨><eff:black,4>","<sys:nogui,리모컨><eff:black,4>","<sys:nogui,리모컨><eff:black,4>","<sys:nogui,리모컨><eff:black,4>","<sys:nogui,리모컨><eff:black,4>","<sys:nogui,리모컨><eff:black,4>","<sys:nogui,리모컨><eff:black,4>","<sys:nogui,리모컨><eff:black,4>","<sys:nogui,리모컨><eff:black,4>","<sys:nogui,리모컨><eff:black,4>"
,,,TAG,,,,,"<sys:qmap,팬텀리그_경기장><cha:qpos,상현,4><cha:qpos,서사라_유니폼,4><cha:qpos,아이리스,4><cha:qpos,정다희,4><cha:qpos,오아시스_유니폼,4>","<sys:qmap,팬텀리그_경기장><cha:qpos,상현,4><cha:qpos,서사라_유니폼,4><cha:qpos,아이리스,4><cha:qpos,정다희,4><cha:qpos,오아시스_유니폼,4>","<sys:qmap,팬텀리그_경기장><cha:qpos,상현,4><cha:qpos,서사라_유니폼,4><cha:qpos,아이리스,4><cha:qpos,정다희,4><cha:qpos,오아시스_유니폼,4>","<sys:qmap,팬텀리그_경기장><cha:qpos,상현,4><cha:qpos,서사라_유니폼,4><cha:qpos,아이리스,4><cha:qpos,정다희,4><cha:qpos,오아시스_유니폼,4>","<sys:qmap,팬텀리그_경기장><cha:qpos,상현,4><cha:qpos,서사라_유니폼,4><cha:qpos,아이리스,4><cha:qpos,정다희,4><cha:qpos,오아시스_유니폼,4>","<sys:qmap,팬텀리그_경기장><cha:qpos,상현,4><cha:qpos,서사라_유니폼,4><cha:qpos,아이리스,4><cha:qpos,정다희,4><cha:qpos,오아시스_유니폼,4>","<sys:qmap,팬텀리그_경기장><cha:qpos,상현,4><cha:qpos,서사라_유니폼,4><cha:qpos,아이리스,4><cha:qpos,정다희,4><cha:qpos,오아시스_유니폼,4>","<sys:qmap,팬텀리그_경기장><cha:qpos,상현,4><cha:qpos,서사라_유니폼,4><cha:qpos,아이리스,4><cha:qpos,정다희,4><cha:qpos,오아시스_유니폼,4>","<sys:qmap,팬텀리그_경기장><cha:qpos,상현,4><cha:qpos,서사라_유니폼,4><cha:qpos,아이리스,4><cha:qpos,정다희,4><cha:qpos,오아시스_유니폼,4>","<sys:qmap,팬텀리그_경기장><cha:qpos,상현,4><cha:qpos,서사라_유니폼,4><cha:qpos,아이리스,4><cha:qpos,정다희,4><cha:qpos,오아시스_유니폼,4>","<sys:qmap,팬텀리그_경기장><cha:qpos,상현,4><cha:qpos,서사라_유니폼,4><cha:qpos,아이리스,4><cha:qpos,정다희,4><cha:qpos,오아시스_유니폼,4>","<sys:qmap,팬텀리그_경기장><cha:qpos,상현,4><cha:qpos,서사라_유니폼,4><cha:qpos,아이리스,4><cha:qpos,정다희,4><cha:qpos,오아시스_유니폼,4>"
,,,TAG,,,,,"<sys:quiet,600>","<sys:quiet,600>","<sys:quiet,600>","<sys:quiet,600>","<sys:quiet,600>","<sys:quiet,600>","<sys:quiet,600>","<sys:quiet,600>","<sys:quiet,600>","<sys:quiet,600>","<sys:quiet,600>","<sys:quiet,600>"
,,,TAG,,,,,"<sys:scene,병실,150><cha:qhide>","<sys:scene,병실,150><cha:qhide>","<sys:scene,병실,150><cha:qhide>","<sys:scene,병실,150><cha:qhide>","<sys:scene,병실,150><cha:qhide>","<sys:scene,병실,150><cha:qhide>","<sys:scene,병실,150><cha:qhide>","<sys:scene,병실,150><cha:qhide>","<sys:scene,병실,150><cha:qhide>","<sys:scene,병실,150><cha:qhide>","<sys:scene,병실,150><cha:qhide>","<sys:scene,병실,150><cha:qhide>"
,,,카를라,,-,,,"<sys:bgm,BGM_THE_DE_LUCA_OATH><txt:color,grey>(...흰 천을 걷으니 <txt:bold,2>마르코</txt:bold> 네가 누워 있었지.)</txt:color>","<sys:bgm,BGM_THE_DE_LUCA_OATH><txt:color,grey>(When they pulled back the white sheet, there you were, <txt:bold,2>Marco</txt:bold>...)</txt:color>","<sys:bgm,BGM_THE_DE_LUCA_OATH><txt:color,grey>(‥白い布をめくると、<txt:bold,2>マルコ</txt:bold>、あなたが横たわっていた)</txt:color>","<sys:bgm,BGM_THE_DE_LUCA_OATH><txt:color,grey>（‥掀开白布，我看到了躺在那里的<txt:bold,2>马可</txt:bold>。）</txt:color>","<sys:bgm,BGM_THE_DE_LUCA_OATH><txt:color,grey>（‥掀開白布，我看見<txt:bold,2>馬可</txt:bold>你就靜靜地躺在那裡。）</txt:color>","<sys:bgm,BGM_THE_DE_LUCA_OATH><txt:color,grey>(За белой тканью показалось твое лицо, <txt:bold,2>Марко</txt:bold>.)</txt:color>","<sys:bgm,BGM_THE_DE_LUCA_OATH><txt:color,grey>(Apabila kain putih ditarik balik, di situlah awak, <txt:bold,2>Marco</txt:bold>...)</txt:color>","<sys:bgm,BGM_THE_DE_LUCA_OATH><txt:color,grey>(Khi vén tấm vải trắng lên, <txt:bold,2>Marco</txt:bold> đang nằm đó.)</txt:color>","<sys:bgm,BGM_THE_DE_LUCA_OATH><txt:color,grey>(...Al levantar la sábana blanca, allí yacías tú, <txt:bold,2>Marco</txt:bold>.)</txt:color>","<sys:bgm,BGM_THE_DE_LUCA_OATH><txt:color,grey>(...Saat kain putih diangkat, <txt:bold,2>Marco</txt:bold>, kau berbaring di sana..)</txt:color>","<sys:bgm,BGM_THE_DE_LUCA_OATH><txt:color,grey>(...พอเปิดผ้าขาวออก ก็พบ<txt:bold,2>มาร์โก</txt:bold>นอนอยู่)</txt:color>","<sys:bgm,BGM_THE_DE_LUCA_OATH><txt:color,grey>(Quando levantaram o lençol branco, você tava deitado ali, <txt:bold,2>Marco</txt:bold>.)</txt:color>"
,,,카를라,,-,,,"<txt:color,grey>(<txt:bold,2>마르코</txt:bold>, 넌 우리에게 꿈을 보여줬어.)</txt:color>","<txt:color,grey>(<txt:bold,2>Marco</txt:bold>, you showed us a dream.)</txt:color>","<txt:color,grey>(<txt:bold,2>マルコ</txt:bold>、あなたは私たちに夢を見せてくれた)</txt:color>","<txt:color,grey>（<txt:bold,2>马可</txt:bold>，是你给了我们梦想。）</txt:color>","<txt:color,grey>（<txt:bold,2>馬可</txt:bold>，你曾帶給我們無盡的夢想。）</txt:color>","<txt:color,grey>(<txt:bold,2>Марко</txt:bold>, ты показал нам, к чему стремиться.)</txt:color>","<txt:color,grey>(<txt:bold,2>Marco</txt:bold>, awak menunjukkan kami satu impian.)</txt:color>","<txt:color,grey>(<txt:bold,2>Marco</txt:bold>, cậu đã cho bọn tôi thấy một giấc mơ.)</txt:color>","<txt:color,grey>(<txt:bold,2>Marco</txt:bold>, tú nos mostraste un sueño.)</txt:color>","<txt:color,grey>(<txt:bold,2>Marco</txt:bold>, kau telah menunjukkan mimpi kepada kami.)</txt:color>","<txt:color,grey>(<txt:bold,2>มาร์โก</txt:bold> นายทำให้พวกเราเห็นความฝัน)</txt:color>","<txt:color,grey>(<txt:bold,2>Marco</txt:bold>, foi você quem nos mostrou um sonho.)</txt:color>"
,,,카를라,,-,,,"<txt:color,grey>(네 꿈은 반짝반짝 빛나고, 아름다워서 눈이 부셨어.)</txt:color>","<txt:color,grey>(Your dream sparkled and shone so bright that it hurt to look at.)</txt:color>","<txt:color,grey>(あなたの夢はキラキラと輝いていて、美しく眩しかった)</txt:color>","<txt:color,grey>（你的梦想闪闪发光，美得让人眩晕。）</txt:color>","<txt:color,grey>（你的夢想閃閃發光，美得讓人睜不開眼。）</txt:color>","<txt:color,grey>(И мечта твоя горела так ярко, что было трудно привыкнуть к этому свету.)</txt:color>","<txt:color,grey>(Impian awak bersinar dan berkilau terang sehingga silau mata melihatnya.)</txt:color>","<txt:color,grey>(Giấc mơ của cậu lấp lánh, đẹp đến chói mắt.)</txt:color>","<txt:color,grey>(Tu sueño brillaba intensamente y era tan hermoso que me deslumbraba.)</txt:color>","<txt:color,grey>(Mimpimu bersinar, begitu indah sampai menyilaukan mata.)</txt:color>","<txt:color,grey>(ความฝันของนายส่องแสงเป็นประกาย แล้วก็งดงามจนแสบตา)</txt:color>","<txt:color,grey>(Seu sonho era tão bonito e brilhante que chegava a cegar.)</txt:color>"
,,,카를라,,-,,,"<txt:color,grey>(우리는 네 꿈에 이끌렸지.)</txt:color>","<txt:color,grey>(We were drawn to it.)</txt:color>","<txt:color,grey>(私たちはあなたの夢に惹かれたの)</txt:color>","<txt:color,grey>（我们都被你的梦想吸引了。）</txt:color>","<txt:color,grey>（我們都不自覺地被你的夢想吸引。）</txt:color>","<txt:color,grey>(Мы следовали за твоей мечтой.)</txt:color>","<txt:color,grey>(Kami tertarik kepadanya.)</txt:color>","<txt:color,grey>(Bọn tôi đã bị giấc mơ của cậu dẫn lối.)</txt:color>","<txt:color,grey>(Nosotros fuimos atraídos por tu sueño.)</txt:color>","<txt:color,grey>(Kita semua terpikat oleh mimpimu.)</txt:color>","<txt:color,grey>(พวกเราถูกดึงดูดด้วยความฝันของนาย)</txt:color>","<txt:color,grey>(A gente acabou sendo levado por ele.)</txt:color>"
,,,카를라,,-,,,"<txt:color,grey>(후후, 안타깝게도 <txt:bold,2>빅토르</txt:bold>에게 닿을 만한 재능을 가진 건 <txt:bold,2>라울</txt:bold>뿐이었지만.)</txt:color>","<txt:color,grey>(Hehe, sadly, <txt:bold,2>Raul</txt:bold> was the only one with the talent to ever reach <txt:bold,2>Victor</txt:bold>.)</txt:color>","<txt:color,grey>(ふふ、残念ながら<txt:bold,2>ビクトル</txt:bold>に届くほどの才能を持っていたのは<txt:bold,2>ラウル</txt:bold>だけだったけれど)</txt:color>","<txt:color,grey>（呵呵，遗憾的是，拥有足以触及<txt:bold,2>维克托</txt:bold>天赋的人，只有<txt:bold,2>拉乌尔</txt:bold>。）</txt:color>","<txt:color,grey>（呵呵，可惜具備足以觸及<txt:bold,2>維克托</txt:bold>那天賦的人，終究只有<txt:bold,2>拉烏爾</txt:bold>一個。）</txt:color>","<txt:color,grey>(К сожалению, <txt:bold,2>Рауль</txt:bold> был единственным, кто мог противостоять <txt:bold,2>Виктору</txt:bold>.)</txt:color>","<txt:color,grey>(Hehe, malangnya, <txt:bold,2>Raul</txt:bold> seorang saja yang berbakat untuk mencapai tahap <txt:bold,2>Victor</txt:bold>.)</txt:color>","<txt:color,grey>(Hừ hừ, đáng tiếc là người duy nhất có đủ tài năng để chạm tới <txt:bold,2>Victor</txt:bold> lại chỉ có <txt:bold,2>Raul</txt:bold>.)</txt:color>","<txt:color,grey>(Jeje, aunque lamentablemente, solo <txt:bold,2>Raúl</txt:bold> tenía el talento suficiente para alcanzar a <txt:bold,2>Victor</txt:bold>.)</txt:color>","<txt:color,grey>(Huhu, sayangnya, satu-satunya yang punya bakat untuk menghadapi <txt:bold,2>Victor</txt:bold> hanyalah <txt:bold,2>Raul</txt:bold>.)</txt:color>","<txt:color,grey>(ฮิฮิ ถึงจะน่าเสียดายที่คนที่มีพรสวรรค์พอจะเทียบกับ<txt:bold,2>วิกเตอร์</txt:bold>ได้ ก็มีแต่<txt:bold,2>ราอุล</txt:bold>เท่านั้น)</txt:color>","<txt:color,grey>(Hehe... mas, infelizmente, só o <txt:bold,2>Raul</txt:bold> tinha talento pra chegar ao nível do <txt:bold,2>Victor</txt:bold>.)</txt:color>"
,,,카를라,,-,,,"<txt:color,grey>(당연한 일이려나? 난 <txt:bold,2>라울</txt:bold>이 배구를 사랑하는 만큼 배구를 사랑했던 건 아니었으니까.)</txt:color>","<txt:color,grey>(I suppose that’s only natural. I never loved volleyball the way <txt:bold,2>Raul</txt:bold> did.)</txt:color>","<txt:color,grey>(当然のことかしら？私は<txt:bold,2>ラウル</txt:bold>みたいにバレーを愛していたわけじゃなかったから)</txt:color>","<txt:color,grey>（这也是理所当然的吧？毕竟我并没有像<txt:bold,2>拉乌尔</txt:bold>那样深爱排球。）</txt:color>","<txt:color,grey>（這也是理所當然的吧？因為我對排球的熱愛，並不像<txt:bold,2>拉烏爾</txt:bold>那樣強烈。）</txt:color>","<txt:color,grey>(Как и ожидалось, я не смогла полюбить волейбол так сильно, как <txt:bold,2>Рауль</txt:bold>.)</txt:color>","<txt:color,grey>(Saya rasa itulah hakikatnya. Saya tidak pernah mencintai bola tampar seperti <txt:bold,2>Raul</txt:bold>.)</txt:color>","<txt:color,grey>(Chắc cũng là điều đương nhiên thôi nhỉ? Vì tôi đâu có yêu bóng chuyền nhiều như <txt:bold,2>Raul</txt:bold>.)</txt:color>","<txt:color,grey>(¿Será que era algo natural? Porque yo no amaba el voleibol tanto como lo amaba <txt:bold,2>Raúl</txt:bold>.)</txt:color>","<txt:color,grey>(Mungkin itu sudah sewajarnya? Karena aku tidak mencintai bola voli sebesar <txt:bold,2>Raul</txt:bold>.)</txt:color>","<txt:color,grey>(แต่มันก็เป็นเรื่องแน่นอนอยู่แล้วรึเปล่านะ? เพราะฉันไม่ได้รักวอลเลย์บอลมากเท่ากับที่<txt:bold,2>ราอุล</txt:bold>รักวอลเลย์บอล)</txt:color>","<txt:color,grey>(Talvez fosse inevitável... Eu nunca amei o vôlei do jeito que o <txt:bold,2>Raul</txt:bold> amava.)</txt:color>"
,,,카를라,,-,,,"<txt:color,grey>(나는 너희를 지켜보는 게 더 좋았거든.)</txt:color>","<txt:color,grey>(I loved watching all of you more.)</txt:color>","<txt:color,grey>(私はあなたたちを見守るほうが好きだったの)</txt:color>","<txt:color,grey>（我只是更喜欢注视着你们。）</txt:color>","<txt:color,grey>（比起打球，我更享受在一旁看著你們。）</txt:color>","<txt:color,grey>(Мне больше нравилось просто наблюдать за вами.)</txt:color>","<txt:color,grey>(Saya lebih menggemar menonton kamu semua.)</txt:color>","<txt:color,grey>(Tôi thích dõi theo các cậu hơn.)</txt:color>","<txt:color,grey>(A mí me gustaba más observarlos a ustedes.)</txt:color>","<txt:color,grey>(Dan lagi aku lebih senang melihat kalian.)</txt:color>","<txt:color,grey>(ฉันชอบการได้เฝ้าดูพวกนายมากกว่า)</txt:color>","<txt:color,grey>(Eu gostava mesmo era de ficar observando vocês.)</txt:color>"
,,,카를라,,-,,,"<txt:color,grey>(모든 게 잘 풀릴 것만 같았어.)</txt:color>","<txt:color,grey>(It seemed like everything was going to work out.)</txt:color>","<txt:color,grey>(すべてがうまくいくような気がしてた)</txt:color>","<txt:color,grey>（我曾以为一切都会顺利进行。）</txt:color>","<txt:color,grey>（我曾以為一切都會很順利。）</txt:color>","<txt:color,grey>(Казалось, что все будет, как надо.)</txt:color>","<txt:color,grey>(Mulanya, semuanya berjalan lancar.)</txt:color>","<txt:color,grey>(Tôi đã tưởng mọi chuyện rồi sẽ ổn cả.)</txt:color>","<txt:color,grey>(Parecía que todo iba a salir bien.)</txt:color>","<txt:color,grey>(Terasa semuanya seperti akan berjalan lancar.)</txt:color>","<txt:color,grey>(ตอนนั้นรู้สึกเหมือนทุกอย่างจะราบรื่นไปหมด)</txt:color>","<txt:color,grey>(E, por um tempo, parecia que tudo estava indo bem.)</txt:color>"
,,,카를라,,-,,,"<txt:color,grey>(단지 어린 시절의 꿈을 계속 뒤쫓고 있단 것만으로도 말이야.)</txt:color>","<txt:color,grey>(Just chasing a childhood dream together was enough.)</txt:color>","<txt:color,grey>(ただ幼い頃の夢を追い続けてるというだけで)</txt:color>","<txt:color,grey>（只要能一直追逐儿时的梦想就好。）</txt:color>","<txt:color,grey>（僅僅是我們還在堅持著兒時的夢想。）</txt:color>","<txt:color,grey>(Казалось, можно просто гнаться за мечтой из детства.)</txt:color>","<txt:color,grey>(Mengejar impian zaman kanak-kanak bersama sudah memadai.)</txt:color>","<txt:color,grey>(Chỉ cần tiếp tục theo đuổi giấc mơ thời thơ ấu thôi cũng đủ rồi.)</txt:color>","<txt:color,grey>(Con solo seguir persiguiendo nuestros sueños de la infancia.)</txt:color>","<txt:color,grey>(Meski yang kita lakukan itu hanya mengejar mimpi kita dari masa kecil.)</txt:color>","<txt:color,grey>(แค่เพียงไล่ตามความฝันในวัยเด็กไปเรื่อยๆ ก็พอ)</txt:color>","<txt:color,grey>(A gente só continuava correndo atrás daquele sonho de infância.)</txt:color>"
,,,카를라,,-,,,"<txt:color,grey>(<txt:bold,2>마르코</txt:bold>, 지금도 생각해.)</txt:color>","<txt:color,grey>(<txt:bold,2>Marco</txt:bold>, I still think about it.)</txt:color>","<txt:color,grey>(ねぇ、<txt:bold,2>マルコ</txt:bold>、今でも思うの)</txt:color>","<txt:color,grey>（<txt:bold,2>马可</txt:bold>，我现在还在想。）</txt:color>","<txt:color,grey>（<txt:bold,2>馬可</txt:bold>，我至今仍時常在想。）</txt:color>","<txt:color,grey>(<txt:bold,2>Марко</txt:bold>, я до сих пор думаю об этом.)</txt:color>","<txt:color,grey>(<txt:bold,2>Marco</txt:bold>, saya masih memikirkannya.)</txt:color>","<txt:color,grey>(<txt:bold,2>Marco</txt:bold>, đến giờ tôi vẫn nghĩ.)</txt:color>","<txt:color,grey>(<txt:bold,2>Marco</txt:bold>, incluso ahora sigo pensándolo.)</txt:color>","<txt:color,grey>(<txt:bold,2>Marco</txt:bold>, aku masih memikirkannya.)</txt:color>","<txt:color,grey>(<txt:bold,2>มาร์โก</txt:bold> ตอนนี้ฉันก็ยังคิดนะ)</txt:color>","<txt:color,grey>(<txt:bold,2>Marco</txt:bold>... até hoje eu penso naquele dia.)</txt:color>"
,,,카를라,,-,,,"<txt:color,grey>(<txt:bold,2>블랙 라이온즈</txt:bold>의 보드진이 우리에게 접촉해 왔잖아.)</txt:color>","<txt:color,grey>(When the <txt:bold,2>Black Lions</txt:bold>’ board reached out to us.)</txt:color>","<txt:color,grey>(<txt:bold,2>ブラックライオンズ</txt:bold>の経営陣が私たちに接触してきたでしょう)</txt:color>","<txt:color,grey>（当时<txt:bold,2>黑狮队</txt:bold>的管理层来接触我们。）</txt:color>","<txt:color,grey>（當<txt:bold,2>黑獅隊</txt:bold>的高層找上我們的時候。）</txt:color>","<txt:color,grey>(С нами уже связалось руководство <txt:bold,2>«Блэк лайонс»</txt:bold>.)</txt:color>","<txt:color,grey>(Bila lembaga <txt:bold,2>Black Lions</txt:bold> menghubungi kami.)</txt:color>","<txt:color,grey>(Ban lãnh đạo của <txt:bold,2>Black Lions</txt:bold> đã tiếp cận chúng ta.)</txt:color>","<txt:color,grey>(La junta directiva de los <txt:bold,2>Black Lions</txt:bold> nos contactó.)</txt:color>","<txt:color,grey>(Waktu tim pengurus <txt:bold,2>Black Lions</txt:bold> menghubungi kita.)</txt:color>","<txt:color,grey>(ที่บอร์ดบริหารของ<txt:bold,2>แบล็กไลออนส์</txt:bold>ติดต่อพวกเรามาน่ะ)</txt:color>","<txt:color,grey>(Quando a diretoria do <txt:bold,2>Black Lions</txt:bold> entrou em contato com a gente...)</txt:color>"
,,,카를라,,-,,,"<txt:color,grey>(그때, 우리가 경기 조작에 협력하면 네 치료비를 전액 대주겠다고 했을 때.)</txt:color>","<txt:color,grey>(They offered to cover all your medical bills in exchange for us fixing the match.)</txt:color>","<txt:color,grey>(私たちが八百長に協力すればあなたの治療費を全額出す、と言われたとき)</txt:color>","<txt:color,grey>（当时他们说，只要我们配合打假球，就会全额承担你的治疗费。）</txt:color>","<txt:color,grey>（當他們說只要我們配合打假球，就願意全額支付你的醫療費時。）</txt:color>","<txt:color,grey>(Они пообещали оплатить твое лечение, если мы согласимся на договорной матч.)</txt:color>","<txt:color,grey>(Mereka menawarkan untuk menanggung semua bil perubatan awak untuk kami mengatur perlawanan.)</txt:color>","<txt:color,grey>(Khi đó, họ nói rằng nếu chúng ta hợp tác dàn xếp trận đấu, họ sẽ chi trả toàn bộ viện phí cho cậu.)</txt:color>","<txt:color,grey>(En aquel entonces, cuando nos dijeron que si colaborábamos arreglando partidos, pagarían todos tus gastos médicos.)</txt:color>","<txt:color,grey>(Saat dimana mereka menawarkan untuk menanggung biaya pengobatanmu jika kita bekerja sama dalam pengaturan pertandingan.)</txt:color>","<txt:color,grey>(ตอนนั้นที่พวกเขาเสนอว่าจะจ่ายค่ารักษาของนายให้ทั้งหมด ถ้าพวกเราร่วมมือในการจัดฉากผลการแข่งขัน)</txt:color>","<txt:color,grey>(Dizendo que pagariam todo o seu tratamento, se a gente colaborasse com a manipulação da partida...)</txt:color>"
,,,카를라,,-,,,"<txt:color,grey>(차라리 그 제안을 받아들였으면 어땠을까, 하고.)</txt:color>","<txt:color,grey>(What if we’d taken that deal?)</txt:color>","<txt:color,grey>(いっそあの提案を受け入れていたらどうなってたか、って)</txt:color>","<txt:color,grey>（如果我当时接受了那个提议，会怎么样呢。）</txt:color>","<txt:color,grey>（如果那時候，我選擇接受提議，結果會不會不一樣？）</txt:color>","<txt:color,grey>(Может, стоило принять их предложение?)</txt:color>","<txt:color,grey>(Bagaimana jika kita terima tawaran itu?)</txt:color>","<txt:color,grey>(Nếu chúng ta chấp nhận lời đề nghị đó thì giờ sẽ như thế nào.)</txt:color>","<txt:color,grey>(Pienso, ¿qué hubiera pasado si hubiéramos aceptado esa oferta?)</txt:color>","<txt:color,grey>(Bagaimana kalau kita menerima tawaran itu.)</txt:color>","<txt:color,grey>(ฉันคิดว่ามันจะเป็นยังไงนะถ้ายอมรับข้อเสนอนั้น)</txt:color>","<txt:color,grey>(Às vezes eu fico pensando... Será que não teria sido melhor aceitar aquela proposta?)</txt:color>"
,,,카를라,,-,,,"<txt:color,grey>(그랬다면 적어도 넌 살았을지도 몰라.)</txt:color>","<txt:color,grey>(Maybe you’d still be alive.)</txt:color>","<txt:color,grey>(そうしてたら、少なくともあなたは生きてたかもしれない)</txt:color>","<txt:color,grey>（那样的话，至少你也许还能活着。）</txt:color>","<txt:color,grey>（那樣的話，至少你也許還能活著。）</txt:color>","<txt:color,grey>(Тебя бы спасли.)</txt:color>","<txt:color,grey>(Mungkin awak masih hidup.)</txt:color>","<txt:color,grey>(Ít ra như thế cậu có lẽ đã sống rồi.)</txt:color>","<txt:color,grey>(Si lo hubiéramos hecho, al menos tú podrías haber sobrevivido.)</txt:color>","<txt:color,grey>(Jika begitu, mungkin saat ini kau masih hidup.)</txt:color>","<txt:color,grey>(ถ้าทำแบบนั้น อย่างน้อยนายอาจจะรอดก็ได้)</txt:color>","<txt:color,grey>(Talvez assim você ainda estivesse vivo.)</txt:color>"
,,,카를라,,-,,,"<txt:color,grey>(...<txt:bold,2>마르코</txt:bold>. 네 말을 듣지 말 걸 그랬어.)</txt:color>","<txt:color,grey>(<txt:bold,2>Marco</txt:bold>. I should never have listened to you...)</txt:color>","<txt:color,grey>(‥<txt:bold,2>マルコ</txt:bold>。あなたの言うことを聞かなければよかった)</txt:color>","<txt:color,grey>（‥<txt:bold,2>马可</txt:bold>。早知道当初就不听你的话了。）</txt:color>","<txt:color,grey>（‥<txt:bold,2>馬可</txt:bold>，我當初真不該聽你的話。）</txt:color>","<txt:color,grey>(<txt:bold,2>Марко</txt:bold>, мне не стоило слушать тебя.)</txt:color>","<txt:color,grey>(<txt:bold,2>Marco</txt:bold>. Saya sepatutnya tidak mendengar cakap awak...)</txt:color>","<txt:color,grey>(...<txt:bold,2>Marco</txt:bold>. Giá mà tôi đừng nghe lời cậu.)</txt:color>","<txt:color,grey>(...<txt:bold,2>Marco</txt:bold>. No debimos haberte escuchado.)</txt:color>","<txt:color,grey>(...<txt:bold,2>Marco</txt:bold>. Seharusnya aku tidak mendengarkanmu.)</txt:color>","<txt:color,grey>(...<txt:bold,2>มาร์โก</txt:bold> ฉันไม่ควรฟังคำพูดของนายเลย)</txt:color>","<txt:color,grey>(<txt:bold,2>Marco</txt:bold>... Eu não devia ter te escutado.)</txt:color>"
,,,TAG,,,,,"<scr:timer,150>","<scr:timer,150>","<scr:timer,150>","<scr:timer,150>","<scr:timer,150>","<scr:timer,150>","<scr:timer,150>","<scr:timer,150>","<scr:timer,150>","<scr:timer,150>","<scr:timer,150>","<scr:timer,150>"
,,,TAG,,,,,"<eff:black,3></sys:scene></cha:qhide>","<eff:black,3></sys:scene></cha:qhide>","<eff:black,3></sys:scene></cha:qhide>","<eff:black,3></sys:scene></cha:qhide>","<eff:black,3></sys:scene></cha:qhide>","<eff:black,3></sys:scene></cha:qhide>","<eff:black,3></sys:scene></cha:qhide>","<eff:black,3></sys:scene></cha:qhide>","<eff:black,3></sys:scene></cha:qhide>","<eff:black,3></sys:scene></cha:qhide>","<eff:black,3></sys:scene></cha:qhide>","<eff:black,3></sys:scene></cha:qhide>"
,,,TAG,,,,,"<cha:qpos,카를라,-2><cha:qpos,라울,2>","<cha:qpos,카를라,-2><cha:qpos,라울,2>","<cha:qpos,카를라,-2><cha:qpos,라울,2>","<cha:qpos,카를라,-2><cha:qpos,라울,2>","<cha:qpos,카를라,-2><cha:qpos,라울,2>","<cha:qpos,카를라,-2><cha:qpos,라울,2>","<cha:qpos,카를라,2><cha:qpos,라울,-2>","<cha:qpos,카를라,-2><cha:qpos,라울,2>","<cha:qpos,카를라,-2><cha:qpos,라울,2>","<cha:qpos,카를라,-2><cha:qpos,라울,2>","<cha:qpos,카를라,-2><cha:qpos,라울,2>","<cha:qpos,카를라,-2><cha:qpos,라울,2>"
,,,라울,,1_짜증,,,무슨 생각을 하고 있어?,What are you thinking about?,何を考えてる？,在想什么呢？,妳在想什麼？,О чем думаешь?,Apa yang awak fikirkan?,Đang nghĩ gì vậy?,¿En qué estás pensando?,Apa yang sedang kamu pikirkan?,กำลังคิดอะไรอยู่น่ะ?,No que você tá pensando?
,,,카를라,,1_기본,,,옛날 생각.,The old days.,昔のことよ。,以前的事。,想起了一些往事。,О старом.,Kenangan lama.,Chuyện cũ thôi.,Recordando el pasado.,Masa lalu.,ก็คิดเรื่องเก่าๆ,Nos velhos tempos.
,,,라울,,1_짜증,,,그런 걸 왜.,Why bother?,なぜ昔のことを。,怎么突然想起那些了。,沒事想那些幹嘛。,Зачем?,Kenapa pula?,Sao lại nghĩ tới nó?,¿Por qué piensas en eso ahora?,Kenapa kamu memikirkan hal seperti itu?,คิดทำไมกัน,Do nada?
,,,카를라,,1_미소,,,글쎄.,Who knows...,さあね。,谁知道呢。,誰知道呢。,Кто знает...,Entahlah...,Không biết nữa.,Quién sabe.,Entahlah.,ไม่รู้สิ,Boa pergunta.
,,,카를라,,1_기본,,,"우리가 이렇게까지 경기에서 고전했던 거, 오랜만이잖아.",It’s been a while since we struggled this much in a match.,私たちが試合でここまで苦戦を強いられるなんて、久しぶりじゃない？,只是觉得，我们很久没在比赛中打得这么艰苦了。,我們好像很久沒打得這麼吃力了。,Когда мы в последний раз так выбивались из сил на матче?,Dah lama kita tak kesusahan sebegini dalam perlawanan.,"Đã lâu rồi chúng ta mới chật vật đến vậy trong một trận đấu, đúng không?",Hacía mucho tiempo que no la pasábamos tan mal en un partido.,Mungkin karena sudah lama kita tidak menghadapi pertandingan yang sulit seperti ini.,นานมากแล้วนะที่เราไม่ได้แข่งแบบทรหดขนาดนี้ในการแข่งขัน,Faz tempo que a gente não sofre assim numa partida.
,,,라울,,1_짜증,,,겨우 한 세트 뺏겼을 뿐이야.,They only took one set.,たった1セット取られただけだ。,只是丢了一局而已。,只不過是丟了一局而已。,"Да ладно, всего один сет продули.",Mereka hanya mengambil satu set.,Mới chỉ bị cướp mất một set thôi.,Solo nos han arrebatado un set.,Mereka hanya mengambil 1 set saja.,ก็แค่โดนแย่งไปเซ็ตเดียวแบบฉิวเฉียดเท่านั้นแหละ,A gente só perdeu um set.
,,,라울,,1_짜증,,,절대 안 져.,We’re never going to lose.,絶対に負けねえ。,我绝对不会输。,我絕對不會輸。,Мы ни за что не проиграем.,Kami tidak akan kalah.,Tuyệt đối sẽ không thua.,No perderemos bajo ninguna circunstancia.,Aku tidak akan kalah.,ฉันไม่มีทางแพ้เด็ดขาด,Não vamos perder.
,,,카를라,,1_기본,,,...그렇지. 맞아.,Yeah...,‥そうね。そのとおりよ。,‥也是。没错。,‥也是，你說的沒錯。,Да... Ты прав.,Ya...,...Ừ. Đúng vậy.,...Es cierto. Tienes razón.,...Iya. Benar katamu.,...นั่นสินะ ใช่แหละ,É... você tem razão.
,,,카를라,,1_미소,,,우린 절대 질 수 없지.,We can’t afford to lose.,私たちは何が何でも負けられない。,我们确实不能输。,我們絕對不能輸。,Нам нельзя проиграть.,Kami takkan kalah.,Chúng ta tuyệt đối không thể thua.,Nosotros no podemos perder de ninguna manera.,Kita tidak boleh kalah.,เราไม่มีทางแพ้อยู่แล้ว,A gente não pode perder.
,,,카를라,,1_미소,pause,,...라울.,Raul...,‥ラウル。,‥拉乌尔。,‥拉烏爾。,Рауль...,Raul...,...Raul.,...Raúl.,...Raul.,...ราอุล,Raul...
,,,TAG,,,,,"<eff:black,4>","<eff:black,4>","<eff:black,4>","<eff:black,4>","<eff:black,4>","<eff:black,4>","<eff:black,4>","<eff:black,4>","<eff:black,4>","<eff:black,4>","<eff:black,4>","<eff:black,4>"
,,,TAG,,,,,"<sys:scene,라울_폭력,100><sys:scenezoom,1.5,0.8>","<sys:scene,라울_폭력,100><sys:scenezoom,1.5,0.8>","<sys:scene,라울_폭력,100><sys:scenezoom,1.5,0.8>","<sys:scene,라울_폭력,100><sys:scenezoom,1.5,0.8>","<sys:scene,라울_폭력,100><sys:scenezoom,1.5,0.8>","<sys:scene,라울_폭력,100><sys:scenezoom,1.5,0.8>","<sys:scene,라울_폭력,100><sys:scenezoom,1.5,0.8>","<sys:scene,라울_폭력,100><sys:scenezoom,1.5,0.8>","<sys:scene,라울_폭력,100><sys:scenezoom,1.5,0.8>","<sys:scene,라울_폭력,100><sys:scenezoom,1.5,0.8>","<sys:scene,라울_폭력,100><sys:scenezoom,1.5,0.8>","<sys:scene,라울_폭력,100><sys:scenezoom,1.5,0.8>"
,,,카를라,,-,,,지금도 가끔 떠올려.,I still think about it sometimes.,"<txt:bold,2><txt:color,orange>ラウル</txt:color></txt:bold>、覚えてる？",至今我也偶尔会想起。,到現在，我還是會偶爾想起。,Я иногда вспоминаю тот день.,Kadangkala saya masih memikirkannya.,Đến bây giờ thỉnh thoảng tôi vẫn nhớ lại.,Aún lo recuerdo a veces.,Terkadang aku masih mengingatnya.,ตอนนี้บางครั้งฉันก็ยังนึกถึง,"Ainda hoje, às vezes eu lembro daquele dia."
,,,카를라,,-,,,그날따라 심장이 유달리 뛰었거든.,My heart was pounding harder than usual that day.,"<txt:bold,2>マルコ</txt:bold>にこっぴどく叱られてから。",偏偏那天，我的心跳得格外厉害。,那天我的心跳，跳得格外劇烈。,Сердце тогда билось как-то по-другому.,Jantung saya berdegup begitu kencang hari itu.,Tim mình hôm đó đập dữ dội một cách khác thường.,Ese día mi corazón latía inusualmente rápido.,Hari itu entah kenapa jantungku berdebar lebih cepat dari biasanya.,วันนั้นหัวใจมันเต้นแรงผิดปกติเลยล่ะ,"Naquele dia, meu coração batia mais rápido do que o normal."
,,,카를라,,-,,,발이 더 빨랐으면 좋았을걸.,I wish I’d been faster on my feet.,二度と人を殴らないって言ったわよね。,要是我当时能跑得再快点就好了。,如果當初我的腳程能再快一點就好了。,Была бы я хоть чуточку быстрее.,Kalaulah saya lebih pantas bergerak.,Giá mà khi đó tôi chạy nhanh hơn một chút.,Hubiera sido mejor si hubiera sido más rápida.,Seandainya aku bisa berlari lebih cepat.,ถ้าฉันวิ่งได้เร็วกว่านี้ก็คงจะดี,Eu devia ter chegado mais cedo.
,,,카를라,,-,,,"<txt:bold,2><txt:color,orange>라울</txt:color></txt:bold>, 기억해?","<txt:bold,2><txt:color,orange>Raul</txt:color></txt:bold>, remember?",あなたはその約束を守った。,"<txt:bold,2><txt:color,orange>拉乌尔</txt:color></txt:bold>，还记得吗？","<txt:bold,2><txt:color,orange>拉烏爾</txt:color></txt:bold>，你還記得嗎？","<txt:bold,2><txt:color,orange>Рауль</txt:color></txt:bold>, ты помнишь?","Ingat tak, <txt:bold,2><txt:color,orange>Raul</txt:color></txt:bold>?","<txt:bold,2><txt:color,orange>Raul</txt:color></txt:bold>, cậu còn nhớ không?","<txt:bold,2><txt:color,orange>Raúl</txt:color></txt:bold>, ¿lo recuerdas?","<txt:bold,2><txt:color,orange>Raul</txt:color></txt:bold>, apa kamu masih ingat?","<txt:bold,2><txt:color,orange>ราอุล</txt:color></txt:bold> นายจำได้ไหม?","<txt:bold,2><txt:color,orange>Raul</txt:color></txt:bold>, você lembra?"
,,,카를라,,-,,,"<txt:bold,2>마르코</txt:bold>에게 크게 혼나고 나서.","After <txt:bold,2>Marco</txt:bold> chewed you out.",‥あの日までは。,"在被<txt:bold,2>马可</txt:bold>狠狠教训了一顿之后。","在被<txt:bold,2>馬可</txt:bold>狠狠訓了一頓之後。","После того, как <txt:bold,2>Марко</txt:bold> разозлился...","Selepas <txt:bold,2>Marco</txt:bold> memarahi awak.","Sau khi bị <txt:bold,2>Marco</txt:bold> mắng một trận thật lớn.","Después de que <txt:bold,2>Marco</txt:bold> te regañara fuertemente.","Setelah dimarahi oleh <txt:bold,2>Marco</txt:bold>.","หลังจากที่นายโดน<txt:bold,2>มาร์โก</txt:bold>ดุซะยกใหญ่","Depois que o <txt:bold,2>Marco</txt:bold> te deu aquela bronca..."
,,,카를라,,-,,,다시는 사람을 때리지 않겠다고 했잖아.,You swore you’d never hit anyone again.,今でもたまに思い出すの。,你曾发誓再也不动手打人了。,你答應過再也不對人動手的。,Ты обещал больше никогда никого не бить.,Awak sumpah takkan memukul orang lagi.,Cậu đã nói rằng từ nay về sau sẽ không đánh người nữa.,Prometiste que nunca volverías a golpear a nadie.,Kamu kan telah berjanji untuk tidak memukul orang lagi.,นายสัญญาว่าจะไม่ต่อยตีคนอีกนี่นา,Você disse que nunca mais ia bater em ninguém.
,,,카를라,,-,,,넌 그 약속을 지켰지.,And you kept that promise.,あの日だけやけに心臓が高鳴ってたから。,你一直遵守着那个约定。,而你也確實遵守了約定。,И ты сдержал свое обещание.,Dan awak menepati janji itu.,Cậu đã giữ lời hứa đó.,Cumpliste esa promesa.,Dan kamu terus menepati janji itu.,แล้วนายก็รักษาสัญญานั้น,E você cumpriu essa promessa.
,,,카를라,,-,,,...그날 전까지.,Until that day...,足がもっと速ければよかったのに。,‥直到那一天。,‥直到那天為止。,До того самого дня...,Sehingga hari itu...,...Cho đến trước ngày hôm đó.,...Hasta ese día.,...Sampai hari itu.,...จนกระทั่งวันนั้น,Até aquele dia.
,,,카를라,,,,,참 얄궂은 일이야.,Funny how things work out.,まったく皮肉な話だ。,真是讽刺。,真是諷刺。,Какая ирония.,Sungguh ironi.,Thật trớ trêu.,Qué ironía.,Sungguh ironis.,ช่างน่าประหลาดใจจริง ๆ,Que ironia.
,,,카를라,,,,,"네가 그렇게 아끼던 <txt:bold,2>레드 스파이더스</txt:bold>의 팀원들, 그 녀석들이 꼬임에 넘어갔을 줄이야.","Your precious <txt:bold,2>Red Spiders</txt:bold>... to think they’d sell out so easily.","あなたがあれほど大事にしていた<txt:bold,2>レッドスパイダーズ</txt:bold>のチームメイトたちが、あんな誘いに乗るなんて。","你那么珍视的<txt:bold,2>红蜘蛛队</txt:bold>队友们，竟然会中了那种圈套。","你那麼珍視的<txt:bold,2>紅蜘蛛隊</txt:bold>隊友們，竟然會中了那種圈套。","Те самые товарищи по команде из «<txt:bold,2>Red Spiders</txt:bold>», которых ты так ценил... кто бы мог подумать, что они попадутся на такую уловку.","Rakan sepasukan <txt:bold,2>Red Spiders</txt:bold> yang begitu kau hargai... siapa sangka mereka akan termakan pujukan seperti itu.","Những đồng đội ở <txt:bold,2>Red Spiders</txt:bold> mà cậu luôn trân trọng... vậy mà lại sa vào cái bẫy đó.","Esos compañeros de los <txt:bold,2>Red Spiders</txt:bold> a los que tanto apreciabas... quién diría que caerían en algo así.","Rekan satu tim <txt:bold,2>Red Spiders</txt:bold> yang begitu kau hargai... siapa sangka mereka akan jatuh pada bujukan seperti itu.","เพื่อนร่วมทีมของ <txt:bold,2>Red Spiders</txt:bold> ที่นายหวงแหนนักหนา... ไม่นึกเลยว่าจะหลงกลแบบนั้น","Companheiros dos <txt:bold,2>Red Spiders</txt:bold> que você tanto prezava... quem diria que cairiam em algo assim."
,,,카를라,,-,,,...내가 도착했을 때는 이미 모든 게 끝나버린 뒤였지.,"By the time I got there, it was already over.",私が着いたときには、もうすべてが終わったあとだった。,当我赶到现场时，一切都已经无法挽回了。,當我趕到現場時，一切都已經結束了。,"Когда я пришла, все уже закончилось.","Bila saya sampai di sana, semuanya sudah berakhir.",Khi tôi đến nơi thì mọi chuyện đã kết thúc cả rồi.,"Cuando llegué, ya todo había terminado.","Saat aku sampai, semuanya telah berakhir.",ตอนที่ฉันไปถึง ทุกอย่างก็จบสิ้นลงไปแล้ว,"Quando eu cheguei lá, já era tarde demais."
,,,카를라,,-,,,"바닥에 쓰러져 있는 선수들, 뒤집힌 벤치, 피가 묻어 있던 네 손.","Players on the ground, benches flipped, blood on your hands.",床に倒れている選手たち、ひっくり返ったベンチ、血がついてたあなたの手。,倒了一地的球员，被掀翻的替补席，还有你那沾满鲜血的手。,倒在地上的選手、翻倒的椅凳，還有你沾滿鮮血的手。,"Игроки на полу, перевернутая мебель и кровь на твоих руках.","Pemain di atas tanah, bangku terbalik, darah di tangan awak.","Những tuyển thủ ngã gục trên sàn, chiếc ghế băng bị lật úp, bàn tay cậu dính máu.","Los jugadores tirados en el suelo, las bancas volcadas, tus manos manchadas de sangre.","Atlet tergeletak di lantai, bangku terbalik, dan tanganmu yang berlumuran darah.","บรรดานักกีฬาที่กองอยู่ที่พื้น, ม้านั่งที่พลิกคว่ำ, มือของนายที่เปื้อนเลือด","Os jogadores estavam caídos no chão, o banco virado... E suas mãos, cobertas de sangue."
,,,카를라,,-,,,그 손.,Those hands.,その手。,那双手。,那雙手。,А твоя рука...,Tangan itu.,Bàn tay đó.,Esas manos.,Tanganmu itu.,มือนั้นน่ะ,Suas mãos...
,,,카를라,,-,,,"네가 꽉 움켜쥐고 있던 그 주먹, 아직도 기억해.",I remember the fists you were clenching.,あなたが握りしめてた拳を今でも覚えてるわ。,我至今还记得你当时紧握的拳头。,我還記得你緊握著的拳頭。,"Я помню, как она была сжата в кулак.",Saya ingat genggaman tangan awak.,Tôi vẫn nhớ nắm đấm mà cậu đã siết chặt.,Recuerdo los puños que tenías apretados.,Aku masih ingat kepalan tangan.,ฉันยังจำได้ว่านายกำหมัดแน่นแค่ไหน,Eu ainda lembro do seu punho fechado.
,,,카를라,,-,,,널 나무랄 수 없었어.,I couldn’t blame you.,あなたを責めることはできなかった。,我没法责备你。,我甚至沒辦法責備你。,Я не упрекаю тебя.,Saya tak boleh menyalahkan awak.,Tôi không thể trách cậu được.,No pude reprochártelo.,Aku tidak dapat menegurmu.,ฉันไม่สามารถต่อว่านายได้เลย,Eu não conseguia te culpar.
,,,카를라,,-,,,어떻게 그럴 수 있겠어.,How could I...?,そんなこと、できるわけない。,换做谁也没法责备你吧。,任誰都沒辦法吧。,Как бы я посмела.,Takkan saya...?,Làm sao mà có thể chứ.,Cómo iba a hacerlo.,Bagaimana bisa aku begitu.,ฉันจะทำแบบนั้นได้ยังไงกัน,Como eu poderia?
,,,카를라,,-,,,대체 왜일까.,Just... why?,一体どうしてかしら。,这一切到底是为什么。,到底是為什麼。,Зачем?,...Kenapa?,Rốt cuộc là vì sao.,Por qué habrá sido.,Apa alasannya.,ว่าทำไมกันนะ,Por que isso aconteceu?
,,,카를라,,-,,,"<txt:bold,2>마르코</txt:bold>는 죽음을 앞두고 최악의 경기를 봐야 했고.","<txt:bold,2>Marco</txt:bold> had to watch the worst match of his life right before the end.","<txt:bold,2>マルコ</txt:bold>は死を前にして、最悪の試合を見なければならなかった。","<txt:bold,2>马可</txt:bold>在临终前，不得不目睹了那样一场糟糕的比赛。","為什麼<txt:bold,2>馬可</txt:bold>在臨死前，看到的卻是那場最糟糕的比賽。","<txt:bold,2>Марко</txt:bold> перед смертью пришлось смотреть худший матч.","<txt:bold,2>Marco</txt:bold> menonton perlawanan paling teruk dalam hidupnya sebelum titik akhir.","<txt:bold,2>Marco</txt:bold> lại phải chứng kiến trận đấu tồi tệ nhất ngay trước khi mất.","<txt:bold,2>Marco</txt:bold> tuvo que presenciar el peor partido antes de morir.","<txt:bold,2>Marco</txt:bold> harus melihat pertandingan terburuk di ujung kematiannya.","<txt:bold,2>มาร์โก</txt:bold>ต้องเห็นการแข่งขันที่แย่ที่สุดในตอนที่เผชิญหน้ากับความตาย","O <txt:bold,2>Marco</txt:bold> teve que assistir ao pior jogo da vida dele antes de morrer."
,,,카를라,,-,,,"<txt:bold,2><txt:color,orange>라울</txt:color></txt:bold>, 너는 네 손으로 꿈을 꺾어버렸어야 했는데.","And <txt:bold,2><txt:color,orange>Raul</txt:color></txt:bold>, you had to crush your own dream with your bare hands.","<txt:bold,2><txt:color,orange>ラウル</txt:color></txt:bold>、あなたは自分の手で夢を壊さなければならなかった。","而你，<txt:bold,2><txt:color,orange>拉乌尔</txt:color></txt:bold>，却不得不亲手葬送了自己的梦想。","而<txt:bold,2><txt:color,orange>你</txt:color></txt:bold>，又為何非得要親手毀掉自己的夢想不可。","А ты, <txt:bold,2><txt:color,orange>Рауль</txt:color></txt:bold>, потерял всю веру в свою мечту.","Dan <txt:bold,2><txt:color,orange>Raul</txt:color></txt:bold>, awak terpaksa menghancurkan impian sendiri dengan tangan sendiri.","Còn <txt:bold,2><txt:color,orange>Raul</txt:color></txt:bold>, cậu lại phải tự tay bẻ gãy giấc mơ của mình.","Y <txt:bold,2><txt:color,orange>Raúl</txt:color></txt:bold>, tú tuviste que destruir tu propio sueño con tus propias manos.","<txt:bold,2><txt:color,orange>Raul</txt:color></txt:bold>, kamu harus menghancurkan mimpimu dengan tanganmu sendiri.","<txt:bold,2><txt:color,orange>ราอุล</txt:color></txt:bold> ส่วนนายก็จำต้องทำลายความฝันด้วยมือของตัวเอง","E você, <txt:bold,2><txt:color,orange>Raul</txt:color></txt:bold>, teve que destruir aquele sonho com as próprias mãos."
,,,카를라,,-,,,이 모든 일을 꾸민 녀석들은 왜.,So why do the people who set all of this in motion...,このすべてを仕組んだ連中はどうして。,为什么那些幕后黑手们，,為什麼策劃這一切的傢伙。,"Но почему те, кто это устроил...",Jadi mengapa orang yang mengakibatkan semua ini...,Vậy mà tại sao những kẻ đã dàn dựng ra tất cả chuyện này...,Por qué los sujetos que planearon todo esto.,Tapi kenapa yang merencanakan semua ini.,ทำไมเจ้าพวกนั้นที่สร้างเรื่องทั้งหมดนี้ขึ้นมา,E os responsáveis por tudo isso...
,,,카를라,,-,,,"<txt:color,red>아무 일 없다는 듯.</txt:color>","<txt:color,red>...get to walk around like nothing happened?</txt:color>","<txt:color,red>何事もなかったかのように。</txt:color>","<txt:color,red>却能像没事人一样，</txt:color>","<txt:color,red>卻能像沒事一樣。</txt:color>","<txt:color,red>Как ни в чем не бывало...</txt:color>",... boleh hidup biasa seperti tiada apa yang berlaku?,"<txt:color,red>Lại cứ như không có chuyện gì.</txt:color>","<txt:color,red>Como si nada hubiera pasado.</txt:color>","<txt:color,red>Seolah tak terjadi apa-apa.</txt:color>","<txt:color,red>กลับใช้ชีวิตดีแบบนั้น</txt:color>","<txt:color,red>Estão aí, vivendo como se nada tivesse acontecido.</txt:color>"
,,,카를라,,-,,,"<txt:color,red>그렇게 잘 지내고 있는 걸까.</txt:color>","<txt:color,red>Like everything’s fine?</txt:color>","<txt:color,red>元気に過ごしてるのかしら。</txt:color>","<txt:color,red>依然活得那么风生水起。</txt:color>","<txt:color,red>活得那麼逍遙自在呢。</txt:color>","<txt:color,red>Живут себе припеваючи?</txt:color>",Seperti semuanya baik-baik saja?,"<txt:color,red>Sống tốt đến thế được nhỉ.</txt:color>","<txt:color,red>¿Estarán viviendo sus vidas tan bien?</txt:color>","<txt:color,red>Masih dapat hidup dengan baik-baik saja. Kenapa?</txt:color>","<txt:color,red>เหมือนกับไม่เคยมีอะไรเกิดขึ้น</txt:color>","<txt:color,red>Como conseguem seguir a vida normalmente?</txt:color>"
,,,카를라,,,,,"...얼마 뒤, 넌 결국 제명당했지.","...And just like that, you were banned.",‥しばらくして、あなたは結局追放された。,‥‥没过多久，你最终还是被除名了。,‥‥沒過多久，你最終還是被除名了。,...Вскоре тебя в итоге исключили.,"...Dan begitu saja, kamu pun diharamkan daripada bertanding.","...Không lâu sau đó, cuối cùng cậu cũng bị khai trừ.",...No pasó mucho tiempo antes de que terminaras siendo expulsado.,"...Tak lama kemudian, kau akhirnya dikeluarkan.",...ไม่นานหลังจากนั้น สุดท้ายนายก็ถูกขับออกไป.,"...Pouco tempo depois, você acabou sendo expulso."
,,,카를라,,,,,우리를 매수하려 했던 자들은 마치 기다렸다는 듯 네 복귀길까지 막아버렸고.,The ones who tried to buy us off didn't waste a second. They made absolutely sure you could never step foot on the court again.,私たちを買収しようとしていた連中は、まるで待っていたかのように動き出して、あなたの復帰の道まで塞いだの。,那些试图收买我们的人仿佛早就等着这一刻，连你的复出之路都一并封死了。,那些試圖收買我們的人彷彿早就等著這一刻，連你的復出之路都一併封死了。,"Те, кто пытался подкупить нас, будто только этого и ждали — они перекрыли тебе даже путь к возвращению.",Mereka yang cuba menyogok kami langsung tidak membuang masa. Mereka memastikan kamu tidak akan dapat menjejakkan kaki ke gelanggang lagi.,"Những kẻ từng định mua chuộc chúng ta dường như đã chờ sẵn, thậm chí còn chặn luôn con đường trở lại của cậu.","Los que intentaron comprarnos parecían haber estado esperando ese momento, y hasta bloquearon tu camino de regreso.","Mereka yang mencoba menyuap kami seolah sudah menunggu saat itu, bahkan menutup jalan kembalimu.",พวกที่พยายามติดสินบนพวกเราเหมือนรอจังหวะนั้นอยู่แล้ว และยังปิดกั้นทางกลับมาของนายอีกด้วย.,Aqueles que tentaram nos subornar agiram como se estivessem esperando por isso e até bloquearam seu caminho de volta.
,,,카를라,,-,,,있잖아. 만약 우리가 진실을 알지 못했다면 좀 달랐을까?,"Tell me something... if we had just stayed blind to the truth, would any of this be different?",ねえ。もし私たちが真実を知らなかったら、少しは違ってたと思う？,你说，如果我们当初没有发现真相，一切会不会有所不同？,你說，如果我們不知道真相的話，結果會不會有所不同？,"Знаешь, а что если мы так и не узнали бы правду? Чувствовалось ли бы все по-другому?","Beritahu aku sesuatu... kalau kita terus tidak mengetahui kebenarannya, adakah semua ini akan jadi berbeza?","Nếu như... chúng ta không biết được sự thật, liệu mọi chuyện có khác đi không?","Oye. Si no hubiéramos sabido la verdad, ¿habría sido diferente?","Jika saja kalau kita tak mengetahui kebenarannya, mungkinkah semuanya berbeda?",นี่ ถ้าสมมติว่าเราไม่ได้รับรู้ความจริง เรื่องราวมันจะเปลี่ยนไปบ้างไหมนะ?,"Me diz... Se a gente nunca tivesse descoberto a verdade, você acha que tudo teria sido diferente?"
,,,TAG,,,,,"<scr:timer,150>","<scr:timer,150>","<scr:timer,150>","<scr:timer,150>","<scr:timer,150>","<scr:timer,150>","<scr:timer,150>","<scr:timer,150>","<scr:timer,150>","<scr:timer,150>","<scr:timer,150>","<scr:timer,150>"
,,,TAG,,,,,</sys:scene>,</sys:scene>,</sys:scene>,</sys:scene>,</sys:scene>,</sys:scene>,</sys:scene>,</sys:scene>,</sys:scene>,</sys:scene>,</sys:scene>,</sys:scene>
,,,TAG,,,,,"<eff:black,3>","<eff:black,3>","<eff:black,3>","<eff:black,3>","<eff:black,3>","<eff:black,3>","<eff:black,3>","<eff:black,3>","<eff:black,3>","<eff:black,3>","<eff:black,3>","<eff:black,3>"
,,,TAG,,,,,"<sys:qmap,팬텀리그_경기장></cha:qhide></sys:nogui>","<sys:qmap,팬텀리그_경기장></cha:qhide></sys:nogui>","<sys:qmap,팬텀리그_경기장></cha:qhide></sys:nogui>","<sys:qmap,팬텀리그_경기장></cha:qhide></sys:nogui>","<sys:qmap,팬텀리그_경기장></cha:qhide></sys:nogui>","<sys:qmap,팬텀리그_경기장></cha:qhide></sys:nogui>","<sys:qmap,팬텀리그_경기장></cha:qhide></sys:nogui>","<sys:qmap,팬텀리그_경기장></cha:qhide></sys:nogui>","<sys:qmap,팬텀리그_경기장></cha:qhide></sys:nogui>","<sys:qmap,팬텀리그_경기장></cha:qhide></sys:nogui>","<sys:qmap,팬텀리그_경기장></cha:qhide></sys:nogui>","<sys:qmap,팬텀리그_경기장></cha:qhide></sys:nogui>"
,,,라울,,1_짜증,,,...바보같은 소리.,Don’t be stupid...,‥バカなことを言うな。,‥别说这种傻话了。,‥少說這種傻話。,Что за чушь?,Jangan jadi bodoh...,...Toàn nói linh tinh.,...Qué tontería.,...Ucapan yang bodoh sekali.,...พูดอะไรโง่ๆ,Que bobagem.
,,,라울,,1_짜증,,,바뀌는 건 아무것도 없어.,Nothing would’ve changed.,何も変わらねえ。,发生了的事没法改变。,什麼都不會改變。,Ничего бы не изменилось.,Tiada apa yang akan berubah.,Chẳng có gì thay đổi cả.,No cambiaría nada.,Tak ada yang berubah.,ไม่มีอะไรเปลี่ยนไปทั้งนั้น,Nada vai mudar.
,,,라울,,1_짜증,,,"쓸데없는 생각은 집어치우고, 경기에나 집중해.",Enough with the what-ifs. Focus on the match.,くだらねえ仮説はやめて、試合に集中しろ。,收起你那些没用的假设，专心看比赛吧。,別在那邊做無謂的假設，專心比賽。,Хватит беспокоиться из-за ненужных вещей. Сфокусируйся на игре.,Sudahlah berandai-andai. Fokus pada perlawanan.,Bỏ mấy giả định vô nghĩa đó mà tập trung vào trận đấu đi.,Deja de hacer suposiciones inútiles y concéntrate en el partido.,"Berhenti spekulasi tentang hal yang tidak penting, dan fokuslah pada pertandingan.",เลิกคิดเรื่องสมมติไร้สาระแล้วก็จดจ่อกับการแข่งขันซะ,Para de imaginar essas coisas e foca no jogo.
,,,라울,,1_기본,,,어차피 내가 이길 테지만.,I’m going to win anyway.,どうせ俺が勝つけどな。,反正赢的人最后一定是我。,反正贏的人會是我。,Я собираюсь победить в любом случае.,Saya akan menang juga.,Dù sao thì người thắng cũng sẽ là tôi.,"De todos modos, yo seré quien gane.",Meski bagaimanapun juga aku yang akan menang.,ถึงยังไงฉันจะชนะอยู่ดีก็เถอะ,"De qualquer jeito, eu vou ganhar."
,,,카를라,,1_기본,,,"후후, <wrt:wait,30>여유가 넘치는걸? 승리를 믿어도 될까?","Hehe... <wrt:wait,30>You look pretty relaxed. Think I can trust you to win this?","ふふ、<wrt:wait,30>自信満々ね？勝つと信じてもいいかしら？","呵呵，<wrt:wait,30>你倒是挺有自信。那我就相信你会赢咯？","呵呵，<wrt:wait,30>挺有信心的嘛？那我就信你會贏囉？","Хе-хе, <wrt:wait,30>откуда столько уверенности? Тогда, победа за тобой?","Hehe... <wrt:wait,30>Awak nampak santai. Boleh ke saya harapkan awak untuk menang?","Hừ hừ, <wrt:wait,30>tự tin quá nhỉ? Có thể tin vào chiến thắng được chứ?","Jeje, <wrt:wait,30>¿te sobra confianza? ¿Puedo confiar en tu victoria?","Huhu, <wrt:wait,30>Kamu santai sekali. Apa aku boleh mempercayai kemenanganmu?","ฮิฮิ <wrt:wait,30>ชิลมากเลยนะ? ฉันเชื่อในชัยชนะได้ใช่ไหม?","Hehe, <wrt:wait,30>quanta confiança. Posso contar com a vitória?"
,,,라울,,1_기본,,,당연하지.,Of course.,当然だ。,那当然。,那還用說。,Ну конечно.,Sudah tentu.,Đương nhiên rồi.,Por supuesto.,Tentu saja.,แน่นอนสิ,Claro.
,,,라울,,1_기본,,,짓밟아 주겠어.,I’ll crush them.,叩き潰してやる。,我会彻底碾碎他们。,我會把他們通通踩在腳下。,Раздавлю каждого.,Saya akan hancurkan mereka.,Tôi sẽ nghiền nát hết.,Los pisotearé.,Aku akan injak-injak.,ฉันจะเหยียบให้จมดินเลย,Vou acabar com eles.
,,,라울,,1_기본,,,저런 애송이에게 질 수 없지.,No way I’m losing to some kid.,あんなガキに負けるわけがねえ。,我绝不会输给那种毛头小子。,我絕對不會輸給那種小鬼。,Я не проиграю этим малявкам.,Tak mungkin saya kalah kepada budak mentah.,Tôi không thể thua mấy đứa nhóc đó được.,No puedo perder ante una novata así.,Kita tidak bisa kalah melawan bocah-bocah itu.,ฉันไม่มีทางแพ้มือใหม่แบบนั้น,Não posso perder pra um pirralho desses.
,,,카를라,,1_미소,pause,,맹세했으니까?,Because you swore you would?,誓ったから？,因为你发过誓？,因為你發過誓了？,Потому что дал слово?,Kerana awak dah bersumpah?,Vì đã thề sao?,¿Porque lo juraste?,Karena kamu telah bersumpah?,เพราะนายสาบานไว้แล้วงั้นเหรอ?,Porque você prometeu?
,,,라울,,1_기본,pause,,"그래, 맹세했으니까.",Yeah. Because I swore I would.,ああ、そうだ。,对，因为我发过誓。,對，因為我發過誓了。,Именно.,Ya. Kerana saya dah bersumpah.,"Ừ, vì đã thề rồi.","Sí, porque lo juré.","Iya, karena aku telah bersumpah.",ใช่ เพราะฉันสาบานไว้แล้ว,"Sim, porque eu prometi."
,경기 승리,#,MAP,,,,,팬텀리그_경기장,팬텀리그_경기장,팬텀리그_경기장,팬텀리그_경기장,팬텀리그_경기장,팬텀리그_경기장,팬텀리그_경기장,팬텀리그_경기장,팬텀리그_경기장,팬텀리그_경기장,팬텀리그_경기장,팬텀리그_경기장
,,#,BGM,,,,,BGM_IRREVERSIBLE2,BGM_IRREVERSIBLE2,BGM_IRREVERSIBLE2,BGM_IRREVERSIBLE2,BGM_IRREVERSIBLE2,BGM_IRREVERSIBLE2,BGM_IRREVERSIBLE2,BGM_IRREVERSIBLE2,BGM_IRREVERSIBLE2,BGM_IRREVERSIBLE2,BGM_IRREVERSIBLE2,BGM_IRREVERSIBLE2
,,#,백시우_심연,-4,1_기본,,,,,,,,,,,,,,
,,#,서사라_유니폼,2,1_기본,,,,,,,,,,,,,,
,,#,상현,-1,1_미소,,,,,,,,,,,,,,
,,#,오아시스_유니폼,1,1_웃음,,,,,,,,,,,,,,
,,#,정다희,-2,1_기본,,,,,,,,,,,,,,
,,#,카를라,-4,1_기본,,,,,,,,,,,,,,
,,#,제니_자켓,4,1_기본,,,,,,,,,,,,,,
,,#,엘리오,4,1_진지,,,,,,,,,,,,,,
,,#,라울,4,1_기본,,,,,,,,,,,,,,
,,#,마윤석,4,1_기본,,,,,,,,,,,,,,
,,#,남재현,4,1_기본,,,,,,,,,,,,,,
,,#,코치 콜먼,4,1_기본,,,,,,,,,,,,,,
,,,상현,,1_미소,wave,,우리가 이겼어! 이겼다고~✮,We won! We actually won! ✮,ボクたちの勝ちだ！勝ったんだよ～✮,我们赢了！真的赢了～✮,我們贏了！贏了耶～✮,Наша взяла! Мы победили! ✮,Kita menang! Kita betul-betul menang! ✮,Chúng ta thắng rồi! Thắng rồi ✮,¡Ganamos! ¡¡Ganamos✮!!,Kita telah menang! Menang~✮,พวกเราชนะแล้ว! พวกเราชนะ~✮,Conseguimos! A gente venceu! ✮
,,,상현,,1_미소,wave,exclam,음음~ 시나리오가 이렇게까지 완벽하게 맞아떨어질 줄이야~!!,"Mm-mm, never thought the plan would come together this perfectly!",うんうん～こんなシナリオ通りにいくなんて～！！,唔唔～ 剧本居然能进行得这么完美～！！,嗯嗯～沒想到劇本居然會發展得這麼完美～！！,"Вау! Кто же знал, что все пойдет по нашей задумке?","Mm-mm, tak sangka rancangan kita akan berjaya dengan sempurna!","Ừm ưm, không ngờ kịch bản lại khớp hoàn hảo đến thế này!!",Mmm mmm. ¡¡No pensé que todo saldría tan perfectamente según el plan!!,Hmm~ Aku tidak menyangka skenario ini akan berjalan begitu sempurna~!!,อืม~ ไม่คิดเลยว่าเรื่องราวจะลงล็อกได้แบบเพอร์เฟกต์ขนาดนี้~!!,Aê! Quem diria que tudo ia dar tão certo assim!
,,,오아시스_유니폼,,1_웃음,,,"하하, 다 고생 많았어. 정말 잘해줬어!!","Haha, great job, everyone. You all killed it!",ははっ、みんなお疲れさん。本当によくやってくれた！！,哈哈，大家辛苦了。打得真漂亮！！,哈哈，大家辛苦了。打得真棒！！,"Ха-ха, все молодцы! Блестящая работа!","Haha, syabas, semua. Kamu semua bermain dengan hebat!","Haha, mọi người vất vả rồi. Làm tốt lắm!!","Jaja, todos han trabajado muy duro. ¡¡Lo hicieron realmente bien!!","Haha, kerja bagus. Kalian telah berusaha dengan keras!!",ฮ่าฮ่า ทุกคนทำได้ดีมาก เก่งมากเลยจริงๆ!!,"Haha, bom trabalho, pessoal. Vocês mandaram muito bem!"
,,,-,,,,,"<txt:color,grey>(뚜루루!)</txt:color>","<txt:color,grey>(Ring ring!)</txt:color>","<txt:color,grey>(トゥルルッ！)</txt:color>","<txt:color,grey>（手机铃响）</txt:color>","<txt:color,grey>（嘟——嘟——！）</txt:color>","<txt:color,grey>(Дзынь!)</txt:color>","<txt:color,grey>(Dering dering!)</txt:color>","<txt:color,grey>*Reng reng*</txt:color>","<txt:color,grey>(¡Ring, ring!)</txt:color>","<txt:color,grey>(Dururu!)</txt:color>","<txt:color,grey>(ตรู๊ดด!)</txt:color>","<txt:color,grey>(Trimmm!)</txt:color>"
,,,오아시스_유니폼,,1_기본,,,"음? 잠깐만! 아, 응. 나야.","Hm? Hold on! Oh, hey. It’s me.",ん？ちょっと待って！もしもし。うん、俺だよ。,嗯？等一下！啊，是我。,嗯？等一下！啊，喂。是我。,"Ой, минутку. А, да это я.","Hm? Tunggu sekejap! Oh, hei. Ini saya.","Ừm? Khoan đã! À, ừ. Là tôi đây.","¿Mmm? ¡Un momento! Ah, sí. Soy yo.","Hmm? Bentar! Oh, iya. Ini aku.",หืม? แป๊บนะ! อ้อ อืม ฉันเอง,"Alô? Só um segundo... Ah, sim, sou eu."
,,,오아시스_유니폼,,1_웃음,,,"이제야 들어오고 있다고? 뭐야, 이렇게 늦으면 어떡해~","You’re just getting in now? Come on, what took you so long?",今やっと着いたって？なんだよ、こんなに遅れちゃダメだろ～。,你们现在才进来？搞什么啊，这么晚才到～,你說你現在才要進來？搞什麼，怎麼這麼慢啦～,Только сейчас возвращаешься? Чего так поздно?,"Awak baru sampai? Alah, kenapa lambat sangat?","Giờ mới vào được à? Gì vậy, đến muộn thế này thì sao được!","¿Que apenas estás entrando? Qué, ¡cómo puedes llegar tan tarde!","Kamu baru mulai masuk sekarang? Aduh, kenapa kamu terlambat sekali~",เพิ่งจะกำลังเข้ามาเหรอ? อะไรกัน ช้าขนาดนี้ได้ยังไงเล่า~,Você só tá chegando agora? Que demora é essa!
,,,오아시스_유니폼,,1_훗,,,"뭐, 하지만, 나도 사과할 게 있어.","Well, I owe you an apology too.",まあ、俺も謝らなきゃいけないことがあるんだ。,算了，其实我也有事要道歉。,算了，我也有一件事要道歉。,"Хотя у меня тоже есть, в чем признаться.","Baiklah, saya pun minta maaf kepada awak.","À mà, nhưng tôi cũng có chuyện phải xin lỗi.","Bueno, pero, yo también tengo algo de qué disculparme.","Meski begitu, aku juga ingin meminta maaf.",แต่ว่านะ ฉันก็มีเรื่องจะขอโทษเหมือนกัน,"Bom, eu também preciso pedir desculpa."
,,,오아시스_유니폼,,1_기본,,,"미안, 실은 불법 계약서를 찾지 못했거든.","Sorry, we actually couldn’t find the illegal contracts.",悪い、実は不正契約書が見つからなくてさ。,抱歉，我没能找到那些非法合同。,抱歉，其實我沒找到非法合約。,Я не смог найти нелегальные контракты. Мне жаль.,"Maaf, kami tidak dapat menemui kontrak-kontrak haram.","Xin lỗi, thật ra tôi vẫn chưa tìm được hợp đồng bất hợp pháp.","Lo siento, la verdad es que no pudimos encontrar los contratos ilegales.","Maaf, sebenarnya aku tidak berhasil menemukan kontrak ilegal.",ขอโทษนะ ที่จริงแล้วฉันหาสัญญาผิดกฎหมายไม่เจอน่ะ,"Desculpa, de verdade. Eu não consegui encontrar o contrato ilegal."
,,,오아시스_유니폼,,1_무표정,,,"결정적인 증거를 찾는 게 우리 목표였는데... <wrt:wait,30>응? <wrt:wait,30>찾았다고?","That was our whole goal, finding hard evidence... <wrt:wait,30>Huh? <wrt:wait,30>You found them?","決定的な証拠を見つけるのが俺たちの目標だったのに‥<wrt:wait,30>ん？<wrt:wait,30>見つけたって？","本来我们的目标是找到关键证据的‥<wrt:wait,30>嗯？<wrt:wait,30>找到了？","雖然找出關鍵證據是我們的目標‥<wrt:wait,30>什麼？<wrt:wait,30>你說找到了？","Мы так хотели найти решающее доказательство... <wrt:wait,30>Что?<wrt:wait,30> Нашлось?","Itu lah matlamat kami, mencari bukti kukuh... <wrt:wait,30>Hah? <wrt:wait,30>Awak dah jumpa?","Mục tiêu của chúng ta là tìm bằng chứng mang tính quyết định... <wrt:wait,30>Hả? <wrt:wait,30>Tìm được rồi à?","Nuestro objetivo era encontrar la evidencia decisiva... <wrt:wait,30>¿Eh? <wrt:wait,30>¿Que los encontraron?","Padahal tujuan kita awalnya adalah untuk menemukan bukti konklusif... <wrt:wait,30>Eh? <wrt:wait,30>Kamu menemukannya?","เป้าหมายของเราคือการหาหลักฐานมัดตัวแท้ๆ... <wrt:wait,30>หืม? <wrt:wait,30>เจอแล้วงั้นเหรอ?","A gente precisava da prova definitiva... <wrt:wait,30>O quê? <wrt:wait,30>Vocês acharam?"
,,,오아시스_유니폼,,1_무표정,pause,quest,"<txt:bold,2><txt:color,orange>마<wrt:wait,30>윤석</txt:color></txt:bold>? <wrt:wait,30>음~ 낯선 이름인데?","<txt:bold,2><txt:color,orange>Yoonseok <wrt:wait,30>Ma</txt:color></txt:bold>? <wrt:wait,30>Hmm, doesn’t ring a bell.","<txt:bold,2><txt:color,orange>伊藤<wrt:wait,30>忠英</txt:color></txt:bold>？<wrt:wait,30>うーん、初めて聞く名前だな。","<txt:bold,2><txt:color,orange>马<wrt:wait,30>允硕</txt:color></txt:bold>？<wrt:wait,30>唔～ 从没听过的名字呢。","<txt:bold,2><txt:color,orange>馬<wrt:wait,30>允碩</txt:color></txt:bold>？<wrt:wait,30>唔～沒聽過呢。","<txt:bold,2><txt:color,orange>Ма<wrt:wait,30> Юнсок</txt:color></txt:bold>? <wrt:wait,30>Хм, не знаю такого.","<txt:bold,2><txt:color,orange>Yoonseok <wrt:wait,30>Ma</txt:color></txt:bold>? <wrt:wait,30>Hmm, tak pernah dengar.","<txt:bold,2><txt:color,orange>Ma <wrt:wait,30>Yoonseok</txt:color></txt:bold>? <wrt:wait,30>Ưm... cái tên nghe lạ quá?","¿<txt:bold,2><txt:color,orange>Yun<wrt:wait,30>seok Ma</txt:color></txt:bold>? <wrt:wait,30>Mmm. ¿Ese nombre no me suena?","<txt:bold,2><txt:color,orange>Yunseok<wrt:wait,30> Ma</txt:color></txt:bold>? <wrt:wait,30>Hmm~ Aku tidak pernah mendengarnya.","<txt:bold,2><txt:color,orange>มา<wrt:wait,30>ยุนซอก</txt:color></txt:bold>? <wrt:wait,30>อืม~ ชื่อไม่คุ้นเลยแฮะ?","<txt:bold,2><txt:color,orange>Yunseok<wrt:wait,30> </txt:color></txt:bold>Ma? <wrt:wait,30>Hum... não conheço esse nome."
,,,상현,,1_기본,,,"뭐야, 누가 거기에 있었대?",What? Who was there?,なになに、誰がそこにいたって？,什么情况，谁在那儿？,什麼，你說誰在那裡？,Там кто-то был?,Apa? Siapa yang ada di sana?,"Gì vậy, ở đó có ai à?","Qué, ¿quién dicen que estaba allí?",Apa? Katanya siapa yang ada di sana?,อะไรเหรอ มีใครอยู่ทางนั้นรึไง?,O quê? Disseram que tinha alguém lá?
,,,오아시스_유니폼,,1_기본,,,"그렇다네~ <txt:bold,2><txt:color,orange>마윤석</txt:color></txt:bold>이란 녀석이 우리가 찾던 계약서를 들고 있었다고 하는걸??","Apparently this <txt:bold,2><txt:color,orange>Yoonseok Ma</txt:color></txt:bold> guy had the papers we were looking for.","なるほど～<txt:bold,2><txt:color,orange>伊藤忠英</txt:color></txt:bold>って奴が、俺たちが探してた契約書を持ってたらしいぞ？？","听说是个叫<txt:bold,2><txt:color,orange>马允硕</txt:color></txt:bold>的家伙拿到了我们要找的合同？？","聽說是一個叫<txt:bold,2><txt:color,orange>馬允碩</txt:color></txt:bold>的傢伙，拿到了我們要找的合約？？","Ага! Какой-то <txt:bold,2><txt:color,orange>Ма Юнсок</txt:color></txt:bold> раздобыл контракты, которые мы искали.","Rupanya orang bernama <txt:bold,2><txt:color,orange>Yoonseok Ma</txt:color></txt:bold> ni mempunyai dokumen yang kami cari.","Họ nói có một tên là <txt:bold,2><txt:color,orange>Ma Yoonseok</txt:color></txt:bold> đang cầm bản hợp đồng mà chúng ta tìm đó??","Pues eso dicen. ¡¡Dicen que un tal <txt:bold,2><txt:color,orange>Yunseok Ma</txt:color></txt:bold> tenía el contrato que estábamos buscando!!","Katanya~ orang bernama <txt:bold,2><txt:color,orange>Yunseok Ma</txt:color></txt:bold> telah menemukan kontrak yang sedang kita cari!?","ใช่เลย~ เห็นว่าคนที่ชื่อ<txt:bold,2><txt:color,orange>มายุนซอก</txt:color></txt:bold>มีสัญญาที่เราตามหาอยู่ล่ะ","Então, falaram que um tal de <txt:bold,2><txt:color,orange>Yunseok Ma</txt:color></txt:bold> tava com o contrato que a gente procurava!"
,,,오아시스_유니폼,,1_기본,,,내가 예전에 연출용으로 만들어둔 비밀 통로 안에 있었다고 하더라고!,Says he was inside that old secret tunnel I built for the stage shows!,昔、演出用に作っておいた秘密通路の中にいたんだってさ！,他就躲在我以前做特效用的秘密通道里！,說他躲在我以前為了表演效果而留下的祕密通道裡耶！,"Он был в тайном проходе, который я сделал раньше для выступлений.",Kata dia ada di dalam terowong rahsia lama yang saya bina untuk pertunjukan pentas!,Nghe nói cậu ta ở trong đường hầm bí mật mà trước đây tôi làm để dàn dựng!,¡Dicen que estaba en el pasadizo secreto que hice para los espectáculos en el pasado!,Dan berada di dalam lorong yang dulu aku buat untuk pertunjukkan!,เขาอยู่ในทางเดินลับที่ฉันเคยสร้างไว้สำหรับจัดฉากเมื่อก่อนน่ะ!,Parece que ele estava naquela passagem secreta que eu tinha feito para os shows!
,,,정다희,,2_어머,,,"마, <txt:bold,2><txt:color,orange>마윤석</txt:color></txt:bold>이요?! 걔가 왜... 비밀 통로에??","Y-<txt:bold,2><txt:color,orange>Yoonseok</txt:color></txt:bold>?! Why would he be... in a secret tunnel?!","い、<txt:bold,2><txt:color,orange>伊藤忠英</txt:color></txt:bold>ですって！？あいつがなんで‥秘密通路に？？","马、<txt:bold,2><txt:color,orange>马允硕</txt:color></txt:bold>？！他为什么会躲在秘密通道里？？","馬、<txt:bold,2><txt:color,orange>馬允碩</txt:color></txt:bold>嗎？！他為什麼‥會在這種祕密通道裡？？","Кто-кто? <txt:bold,2><txt:color,orange>Ма Юнсок</txt:color></txt:bold>?! Что он забыл в тайном проходе?","Y-<txt:bold,2><txt:color,orange>Yoonseok</txt:color></txt:bold>?! Kenapa dia berada... dalam terowong rahsia?!","Ma, <txt:bold,2><txt:color,orange>Ma Yoonseok</txt:color></txt:bold> sao?! Sao cậu ta lại... ở trong đường hầm bí mật đó?","¡¿<txt:bold,2><txt:color,orange>Y-Yunseok Ma</txt:color></txt:bold>?! ¿Por qué él... estaría en un pasadizo secreto así?","Yunseok, <txt:bold,2><txt:color,orange>Yunseok Ma</txt:color></txt:bold>, Anda bilang?! Kenapa dia... bisa berada di lorong itu??","มะ <txt:bold,2><txt:color,orange>มายุนซอก</txt:color></txt:bold>เหรอคะ?! ทำไมหมอนั่น... ถึงอยู่ในทางเดินลับแบบนั้นล่ะ??","<txt:bold,2><txt:color,orange>Yunseok Ma</txt:color></txt:bold>? O que ele estaria fazendo numa passagem secreta?"
,,,오아시스_유니폼,,1_기본,,,"글쎄, 누가 도와준 걸지도 모르지.",Who knows. Someone might’ve helped him get there.,さあな、誰かが手を貸したのかも。,谁知道呢，说不定是有人帮了他。,誰知道呢，說不定是有誰幫了他。,"Без понятия. Может, кто-то помог.",Entah. Mungkin ada orang yang membawanya ke sana.,"Ai biết được, có khi có ai đó đã giúp cậu ta.","Quién sabe, tal vez alguien lo ayudó.","Entahlah, mungkin saja dia dibantu oleh seseorang.",ไม่รู้สินะ อาจมีใครช่วยเขาก็ได้,"Não sei, talvez alguém tenha ajudado ele."
,,,서사라_유니폼,,1_당황,pause,,"<wrt:delay,5>...잠깐.</wrt:delay>","<wrt:delay,5>Hold on...</wrt:delay>","<wrt:delay,5>‥ちょっと待って。</wrt:delay>","<wrt:delay,5>‥等下。</wrt:delay>","<wrt:delay,5>‥等一下。</wrt:delay>","<wrt:delay,5>Погодите-ка...</wrt:delay>","<wrt:delay,5>Tunggu sebentar...</wrt:delay>","<wrt:delay,5>...Khoan đã.</wrt:delay>","<wrt:delay,5>...Un momento.</wrt:delay>","<wrt:delay,5>...Bentar.</wrt:delay>","<wrt:delay,5>...เดี๋ยวนะ</wrt:delay>","<wrt:delay,5>Espera...</wrt:delay>"
,,,-,,,,,"<txt:color,grey>(두리번, 두리번)</txt:color>","<txt:color,grey>(looks around)</txt:color>","<txt:color,grey>(キョロキョロ)</txt:color>","<txt:color,grey>（东张西望）</txt:color>","<txt:color,grey>（東張西望）</txt:color>","<txt:color,grey>(Присматривается)</txt:color>","<txt:color,grey>(melihat sekeliling)</txt:color>","<txt:color,grey>*Đảo mắt nhìn quanh*</txt:color>","<txt:color,grey>(Mira a su alrededor)</txt:color>","<txt:color,grey>(Melirik ke sana sini)</txt:color>","<txt:color,grey>(หันซ้ายหันขวา)</txt:color>","<txt:color,grey>(Olha para os lados)</txt:color>"
,,,서사라_유니폼,,1_화남,shake,,"어쩌면...!<cha:pos,서사라_유니폼,4>","Could it be...!<cha:pos,서사라_유니폼,4>","もしかして‥！<cha:pos,서사라_유니폼,4>","难道‥！<cha:pos,서사라_유니폼,4>","難道‥！<cha:pos,서사라_유니폼,4>","Неужели?<cha:pos,서사라_유니폼,4>","Dah agak... <cha:pos,서사라_유니폼,4>","Có khi nào...!<cha:pos,서사라_유니폼,4>","¡Tal vez...!<cha:pos,서사라_유니폼,4>","Bisa saja...!<cha:pos,서사라_유니폼,4>","หรือว่า...!<cha:pos,서사라_유니폼,4>","Talvez...<cha:pos,서사라_유니폼,4>"
,,,정다희,,1_외침,,,"잠깐, <txt:bold,2><txt:color,orange>사라</txt:color></txt:bold> 씨!!<cha:pop,정다희> 어디 가는 거예요!!","Wait, <txt:bold,2><txt:color,orange>Sara</txt:color></txt:bold>!<cha:pop,정다희> Where are you going?!","ちょっと、<txt:bold,2><txt:color,orange>紗良</txt:color></txt:bold>さん！！<cha:pop,정다희>どこ行くんですか！！","等等，<txt:bold,2><txt:color,orange>莎拉</txt:color></txt:bold>小姐！！<cha:pop,정다희>你要去哪儿！！","等等，<txt:bold,2><txt:color,orange>莎拉</txt:color></txt:bold>！！<cha:pop,정다희>妳要去哪裡！！","Эй, <txt:bold,2></txt:bold><txt:color,orange>Сара</txt:color>!<cha:pop,정다희> Куда ты?","Tunggu, <txt:bold,2><txt:color,orange>Sara</txt:color></txt:bold>!<cha:pop,정다희> Ke mana awak pergi?!","Khoan đã, <txt:bold,2><txt:color,orange>Sara</txt:color></txt:bold>!!<cha:pop,정다희> Chị đi đâu vậy!!","¡Un momento, <txt:bold,2><txt:color,orange>Sara</txt:color></txt:bold>!!<cha:pop,정다희> ¡¡A dónde vas!!","Bentar, <txt:bold,2><txt:color,orange>Sara</txt:color></txt:bold>!!<cha:pop,정다희> Kemana Anda hendak pergi!?","เดี๋ยวค่ะ คุณ<txt:bold,2><txt:color,orange>ซาร่า</txt:color></txt:bold>!!<cha:pop,정다희> จะไปไหนคะ!!","Ei, <txt:bold,2><txt:color,orange>Sara</txt:color></txt:bold>! <cha:pop,정다희>Pra onde você tá indo?"
,,,TAG,,,,,"<eff:black,3>","<eff:black,3>","<eff:black,3>","<eff:black,3>","<eff:black,3>","<eff:black,3>","<eff:black,3>","<eff:black,3>","<eff:black,3>","<eff:black,3>","<eff:black,3>","<eff:black,3>"
,,,TAG,,,,,"<sys:qmap,훈련장 복도><cha:qpos,서사라_유니폼,4><cha:qpos,오아시스_유니폼,-4><cha:qpos,상현,4><cha:qpos,정다희,4><cha:qpos,제니_자켓,-2><cha:qpos,엘리오,2><sys:bgm,BGM_JENNY_S_REGRET,600>","<sys:qmap,훈련장 복도><cha:qpos,서사라_유니폼,4><cha:qpos,오아시스_유니폼,-4><cha:qpos,상현,4><cha:qpos,정다희,4><cha:qpos,제니_자켓,-2><cha:qpos,엘리오,2><sys:bgm,BGM_JENNY_S_REGRET,600>","<sys:qmap,훈련장 복도><cha:qpos,서사라_유니폼,4><cha:qpos,오아시스_유니폼,-4><cha:qpos,상현,4><cha:qpos,정다희,4><cha:qpos,제니_자켓,-2><cha:qpos,엘리오,2><sys:bgm,BGM_JENNY_S_REGRET,600>","<sys:qmap,훈련장 복도><cha:qpos,서사라_유니폼,4><cha:qpos,오아시스_유니폼,-4><cha:qpos,상현,4><cha:qpos,정다희,4><cha:qpos,제니_자켓,-2><cha:qpos,엘리오,2><sys:bgm,BGM_JENNY_S_REGRET,600>","<sys:qmap,훈련장 복도><cha:qpos,서사라_유니폼,4><cha:qpos,오아시스_유니폼,-4><cha:qpos,상현,4><cha:qpos,정다희,4><cha:qpos,제니_자켓,-2><cha:qpos,엘리오,2><sys:bgm,BGM_JENNY_S_REGRET,600>","<sys:qmap,훈련장 복도><cha:qpos,서사라_유니폼,4><cha:qpos,오아시스_유니폼,-4><cha:qpos,상현,4><cha:qpos,정다희,4><cha:qpos,제니_자켓,-2><cha:qpos,엘리오,2><sys:bgm,BGM_JENNY_S_REGRET,600>","<sys:qmap,훈련장 복도><cha:qpos,서사라_유니폼,4><cha:qpos,오아시스_유니폼,-4><cha:qpos,상현,4><cha:qpos,정다희,4><cha:qpos,제니_자켓,-2><cha:qpos,엘리오,2><sys:bgm,BGM_JENNY_S_REGRET,600>","<sys:qmap,훈련장 복도><cha:qpos,서사라_유니폼,4><cha:qpos,오아시스_유니폼,-4><cha:qpos,상현,4><cha:qpos,정다희,4><cha:qpos,제니_자켓,-2><cha:qpos,엘리오,2><sys:bgm,BGM_JENNY_S_REGRET,600>","<sys:qmap,훈련장 복도><cha:qpos,서사라_유니폼,4><cha:qpos,오아시스_유니폼,-4><cha:qpos,상현,4><cha:qpos,정다희,4><cha:qpos,제니_자켓,-2><cha:qpos,엘리오,2><sys:bgm,BGM_JENNY_S_REGRET,600>","<sys:qmap,훈련장 복도><cha:qpos,서사라_유니폼,4><cha:qpos,오아시스_유니폼,-4><cha:qpos,상현,4><cha:qpos,정다희,4><cha:qpos,제니_자켓,-2><cha:qpos,엘리오,2><sys:bgm,BGM_JENNY_S_REGRET,600>","<sys:qmap,훈련장 복도><cha:qpos,서사라_유니폼,4><cha:qpos,오아시스_유니폼,-4><cha:qpos,상현,4><cha:qpos,정다희,4><cha:qpos,제니_자켓,-2><cha:qpos,엘리오,2><sys:bgm,BGM_JENNY_S_REGRET,600>","<sys:qmap,훈련장 복도><cha:qpos,서사라_유니폼,4><cha:qpos,오아시스_유니폼,-4><cha:qpos,상현,4><cha:qpos,정다희,4><cha:qpos,제니_자켓,-2><cha:qpos,엘리오,2><sys:bgm,BGM_JENNY_S_REGRET,600>"
,,,제니_자켓,,1_외침,,,"<txt:shake,1>헉, 헉... 아, 정말!! 어디까지 쫓아오는 거야...!</txt:shake>","<txt:shake,1>Hah, hah... damn it! How far are they going to chase us...?!</txt:shake>","<txt:shake,1>はぁ、はぁ‥ああ、もう！！どこまで追いかけてくるの‥！</txt:shake>","<txt:shake,1>呼，呼‥啊，真是的！！到底要追到什么时候啊‥！</txt:shake>","<txt:shake,1>呼、呼‥啊，真是的！！到底要追到什麼時候啦‥！</txt:shake>","<txt:shake,1>Уф-уф... Ну сколько ты еще будешь преследовать меня?</txt:shake>","<txt:shake,1>Hah, hah... sial! Sejauh mana mereka nak kejar kita...?!</txt:shake>","<txt:shake,1>*Hộc, hộc*... A, thật tình!! Rốt cuộc bọn chúng định đuổi tới đâu nữa...!</txt:shake>","<txt:shake,1>Ah, ah... Ah, ¡de verdad! ¡¡Hasta dónde nos van a perseguir...!!</txt:shake>","<txt:shake,1>Hughh, huughh... Aduh, dasar!! Sampai kapan mereka akan mengejar...!</txt:shake>","<txt:shake,1>แฮ่ก แฮ่ก... โอ๊ย ให้ตายเถอะ!! จะตามมาจนถึงไหนเนี่ย...!</txt:shake>","<txt:shake,1>Uff... uff... ah, fala sério! Até quando eles vão continuar seguindo a gente?</txt:shake>"
,,,제니_자켓_자켓,,1_통증,,,"...윽!!<cha:pop,제니_자켓>","Ngh...!<cha:pop,제니_자켓>","‥くっ！！<cha:pop,제니_자켓>","‥唔！！<cha:pop,제니_자켓>","‥唔！！<cha:pop,제니_자켓>","Уф!<cha:pop,제니_자켓>","Ngh...!<cha:pop,제니_자켓>","...Ư!!<cha:pop,제니_자켓>","¡¡...Ugh!!<cha:pop,제니_자켓>","...Urghhh!!<cha:pop,제니_자켓>","...อึก!!<cha:pop,제니_자켓>","Ugh!<cha:pop,제니_자켓>"
,,,엘리오,,1_진지,,exclam,"<txt:bold,2><txt:color,orange>제니</txt:color></txt:bold>?! 괜찮아?!","<txt:bold,2><txt:color,orange>Jenny</txt:color></txt:bold>?! You okay?!","<txt:bold,2><txt:color,orange>ジェニー</txt:color></txt:bold>！？大丈夫か！？","<txt:bold,2><txt:color,orange>珍妮</txt:color></txt:bold>？！你没事吧？！","<txt:bold,2><txt:color,orange>珍妮</txt:color></txt:bold>？！妳還好嗎？！","<txt:bold,2><txt:color,orange>Дженни</txt:color></txt:bold>! Ты в порядке?","<txt:bold,2><txt:color,orange>Jenny</txt:color></txt:bold>?! Awak okey?","<txt:bold,2><txt:color,orange>Jenny</txt:color></txt:bold>?! Có sao không?","¡¿<txt:bold,2><txt:color,orange>Jenny</txt:color></txt:bold>?! ¡¿Estás bien?!","<txt:bold,2><txt:color,orange>Jenny</txt:color></txt:bold>?! Apa kamu baik-baik saja?!","<txt:bold,2><txt:color,orange>เจนนี่</txt:color></txt:bold>?! โอเคไหม?!","<txt:bold,2><txt:color,orange>Jenny</txt:color></txt:bold>?! Você tá bem?!"
,,,제니_자켓,,1_통증,,,응. 하지만...,Yeah. But...,うん。でも‥,没事。但是‥,嗯。但是‥,"Да, но...",Ya. Tapi...,Ừ. Nhưng mà...,Sí. Pero...,Iya. Tapi...,อืม แต่ว่า...,"Tô, mas..."
,,,제니_자켓,,1_통증,nervous,,"<txt:bold,1>발목이 더는 안 움직여.</txt:bold>","<txt:bold,1>My ankle’s done.</txt:bold>","<txt:bold,1>足首がもうダメ。</txt:bold>","<txt:bold,1>我的脚踝动不了了。</txt:bold>","<txt:bold,1>我的腳踝已經完全動不了。</txt:bold>","<txt:bold,1>Лодыжка не двигается.</txt:bold>","<txt:bold,1>Buku lali saya dah tewas.</txt:bold>","<txt:bold,1>Cổ chân tôi không cử động được nữa rồi.</txt:bold>","<txt:bold,1>Mi tobillo ya no se mueve.</txt:bold>","<txt:bold,1>Pergelangan kakiku sudah tidak bisa digerakkan lagi.</txt:bold>","<txt:bold,1>ข้อเท้ามันขยับไม่ได้แล้ว</txt:bold>","<txt:bold,1>Não consigo mexer o tornozelo.</txt:bold>"
,,,제니_자켓,,1_외침,nervous,,"흥, 그래도 이 정도면 시간은 꽤 벌었다. <wrt:wait,30>그치?","Heh, still. We bought plenty of time, <wrt:wait,30>right?","ふん、それでも時間はだいぶ稼げた。<wrt:wait,30>でしょ？","哼，不过争取到了不少时间吧。<wrt:wait,30>对吧？","哼，不過這樣一來時間也算拖得夠久了。<wrt:wait,30>對吧？","Но зато мы выиграли немного времени. <wrt:wait,30>Скажи?","Heh, tapi. Kita dah beli cukup masa, <wrt:wait,30>kan?","Hừ, nhưng thế này cũng kéo dài được kha khá thời gian rồi. <wrt:wait,30>Đúng không?","Hmph, de todos modos logramos ganar bastante tiempo con esto. <wrt:wait,30>¿Verdad?","Hmm, tapi sepertinya kita telah cukup mengulur waktu. <wrt:wait,30>Ya kan?","ฮึ่ย แต่ประมาณนี้ก็ถือว่ายื้อเวลาได้พอสมควรแหละ <wrt:wait,30>ใช่ไหมล่ะ?","Hum... pelo menos a gente ganhou um bom tempo, <wrt:wait,30>né?"
,,,엘리오,,1_미소,pause,silent,"...<wrt:wait,30>하하, 두말 하면 잔소리지~","...<wrt:wait,30>Haha, no kidding.","‥<wrt:wait,30>ははっ、言うまでもないさ～。","‥<wrt:wait,30>哈哈，那还用说嘛～","‥<wrt:wait,30>哈哈，那還用說。","...<wrt:wait,30>Ха-ха, точно.","...<wrt:wait,30>Haha, tak tipu.","...<wrt:wait,30>Haha, còn phải nói nữa sao.","...<wrt:wait,30>Jaja, ni que lo digas.","...<wrt:wait,30>Haha, iya benar katamu~","...<wrt:wait,30>ฮ่าฮ่า แหงอยู่แล้วล่ะ~","Haha... <wrt:wait,30>com certeza!"
,,,-,,,,,"<txt:color,grey>(털썩)</txt:color>","<txt:color,grey>(plop)</txt:color>","<txt:color,grey>(ドカッ)</txt:color>","<txt:color,grey>（瘫坐声）</txt:color>","<txt:color,grey>（癱坐）</txt:color>","<txt:color,grey>(Опускается)</txt:color>","<txt:color,grey>(pum)</txt:color>","<txt:color,grey>*Phịch*</txt:color>","<txt:color,grey>(Plaf)</txt:color>","<txt:color,grey>(Buk)</txt:color>","<txt:color,grey>(ตุบ)</txt:color>","<txt:color,grey>(Tomp!)</txt:color>"
,,,엘리오,,1_기본,,,"그 얼빵하게 생긴 녀석, 무사히 빠져나갔어야 할 텐데.",That goofy-looking guy better have made it out.,あの間抜け面のやつ、無事に抜け出せてるといいんだけどな。,那个长得傻乎乎的家伙，应该已经平安逃出去了吧。,那個長得一臉呆樣的傢伙，應該有平安逃出去吧。,"Как думаешь, тот глуповатый парень смог выбраться?",Harap si pelik tu dapat keluar.,Không biết cái tên mặt ngốc đó có thoát ra an toàn không nữa.,Espero que ese tipo con cara de tonto haya logrado escapar a salvo.,"Orang berwajah bodoh itu, semoga dia telah berhasil keluar dengan selamat.",หมอนั่นที่ดูทึ่มๆ น่ะ หวังว่าจะหนีออกไปได้อย่างปลอดภัยนะ,Espero que aquele cara meio atrapalhado tenha conseguido sair em segurança.
,,,제니_자켓,,1_새침,,,설마. 우리가 이렇게까지 해줬는데.,"Oh, come on. After everything we did for him?",まさか。あたしたちがここまでしてあげたんだから。,肯定的。我们都帮他到这份上了。,應該吧，我們都幫他到這個地步了。,"Не знаю, но мы ему и так сильно помогли.","Oh, mestilah. Kan dah banyak kita tolong dia?",Sao lại không. Chúng ta đã làm tới mức này rồi cơ mà.,Seguro que sí. Después de todo lo que hicimos por él.,Tentu saja. Kita telah melakukan hal sejauh ini untuknya.,คงงั้นแหละน่า เราอุตส่าห์ช่วยถึงขนาดนี้,Conseguiu sim. A gente fez tudo isso por ele.
,,,제니_자켓,,1_기본,,,"...후, <wrt:wait,30>언니는 경기가 끝났을까?","Sigh... <wrt:wait,30>I wonder if Sara’s match is over.","‥ふぅ、<wrt:wait,30>お姉ちゃんは試合終わったかな？","‥呼，<wrt:wait,30>姐姐那边的比赛结束了吗？","‥呼，<wrt:wait,30>姐姐那邊比賽結束了嗎？","Уф... <wrt:wait,30>Интересно, матч закончился?","Haih... <wrt:wait,30>Agaknya perlawanan Sara sudah tamat ke?","...Ha, <wrt:wait,30>không biết chị ấy đã kết thúc trận đấu chưa nhỉ?","...Uf, <wrt:wait,30>¿crees que <txt:bold,2><txt:color,orange>Sara</txt:color></txt:bold> ya terminó su partido?","...Huh, <wrt:wait,30>apa pertandingan kakak sudah selesai?","...ฮู้ว <wrt:wait,30>พี่จะแข่งเสร็จรึยังนะ?","Uff... <wrt:wait,30>será que a partida da <txt:bold,2><txt:color,orange>Sara</txt:color></txt:bold> já acabou?"
,,,엘리오,,1_기본,,,글쎄. 경기장 쪽이 조용해진 걸 보니 승패가 가려졌을 것 같네.,"Hard to say. The arena’s gone quiet, so it’s probably been decided.",さあね。競技場の方が静かになったみたいだから、勝負はついたんじゃないか。,谁知道呢。看赛场那边安静下来了，应该是分出胜负了吧。,我怎麼知道。但看球場那邊安靜下來，應該是分出勝負了吧。,"Хм, судя по тому, что на стадионе тихо, игра уже завершена.","Entah. Arena sudah senyap, jadi mungkin sudah selesai.","Không biết nữa. Thấy phía sân đấu yên tĩnh, chắc là đã phân thắng bại rồi.","Quién sabe. Viendo que el lado de la cancha se ha calmado, creo que ya se ha decidido el ganador.",Entahlah. Tapi kalau dilihat dari suara arah lapangan yang mengecil sepertinya hasilnya sudah ditentukan.,ไม่รู้สิ ดูจากที่ทางฝั่งสนามแข่งเงียบลง ก็น่าจะรู้ผลแพ้ชนะแล้วล่ะ,"Não sei... mas, pelo silêncio do estádio, parece que já terminou."
,,,제니_자켓,,1_기본,,,그러게.,Yeah.,そうね。,也是。,也是。,Ага.,Ya.,Đúng vậy.,Tienes razón.,Iya ya.,นั่นสินะ,Verdade.
,,,제니_자켓,,1_통증,,,...기다리기로 했는데.,I said I’d wait for her...,‥待つって決めたのに。,‥本来答应要等她的。,‥明明說好要等她的。,...Я ведь обещала подождать.,Saya kata saya akan tunggu dia...,...Tôi đã nói sẽ chờ.,...Había prometido esperar.,...Padahal aku bilang aku akan menunggu.,...อุตส่าห์ตกลงไว้ว่าจะรอแท้ๆ,Eu disse que ia esperar...
,,,엘리오,,1_기본,,,그 애랑 다시 보기로 했어?,You were going to see her again?,あの子とまた会う約束したのかい？,约好了待会儿再见吗？,妳們有約好再見一面？,Решила снова с ними встретиться?,Awak nak jumpa dia lagi?,Cậu hẹn sẽ gặp lại cô ấy à?,¿Quedaste en volver a verte con ella?,Kamu berniat untuk bertemu dengannya lagi?,ตกลงไว้ว่าจะเจอกันอีกเหรอ?,Você marcou de encontrar ela de novo?
,,,제니_자켓,,1_새침,,,"응, 이제는 어려워졌지만.","Yeah, but that’s not happening now.",うん、もう難しくなっちゃったけどね。,嗯，不过现在恐怕难了。,有是有，但現在看來是沒辦法了。,"Ага, хотя все стало сложнее.","Ya, tapi dah tak jadi sekarang.","Ừ, dù giờ thì khó rồi.","Sí, aunque ahora será difícil.","Iya, meski sepertinya akan sulit.",อื้ม ถึงตอนนี้จะยากแล้วก็เถอะ,Marquei... mas agora já era.
,,,제니_자켓,,1_새침,,,사과해 둘 수 있었으면 좋았을 걸.,Wish I could’ve at least apologized.,謝っておけたらよかったのに。,要是能先道个歉就好了。,要是能先跟她道歉就好了。,Надо хотя бы извиниться.,Kalaulah saya dapat minta maaf.,Giá mà tôi có thể xin lỗi chị ấy trước được.,Hubiera sido bueno poder disculparme antes.,Betapa baiknya jika aku bisa meminta maaf.,ถ้าได้ขอโทษไว้ก่อนก็คงจะดี,Queria pelo menos ter pedido desculpas.
,,,제니_자켓,,1_기본,,,...어쩔 수 없나.,Oh well...,‥しょうがないか。,‥这也是没办法的事吗。,‥也沒辦法吧。,"Ничего не поделаешь, да...",Tak apa lah...,...Đành chịu vậy.,...Supongo que no se puede evitar.,...Mau bagaimana lagi.,...ช่วยไม่ได้,Não posso fazer mais nada...
,,,제니_자켓,,1_기본,pause,,다시 만난 것만으로도 충분한 거지...,Just seeing her again should be enough...,また会えただけで十分だよね‥,能再次见到她，已经足够了‥,能再見到她，就已經心滿意足了‥,"Достаточно уже того, что мы снова встретились...",Cukuplah sekadar berjumpa semula dengan dia...,Chỉ cần được gặp lại thôi cũng đã đủ rồi...,Haberla vuelto a ver fue suficiente para mí...,Mungkin sudah cukup dengan bisa bertemu lagi dengannya...,แค่ได้เจอกันอีกครั้งก็มากพอแล้วล่ะ...,Só de ter encontrado ela de novo... já valeu a pena.
,,,제니_자켓,,1_새침,pause,,"언니도. ...<txt:bold,2><txt:color,orange>백시우</txt:color></txt:bold>도.","Seeing Sara... and <txt:bold,2><txt:color,orange>Siwoo Baek</txt:color></txt:bold>.","お姉ちゃんも‥<txt:bold,2><txt:color,orange>白井新</txt:color></txt:bold>も。","姐姐是这样。‥<txt:bold,2><txt:color,orange>白时宇</txt:color></txt:bold>也是。","不管是姐姐‥還是<txt:bold,2><txt:color,orange>白時宇</txt:color></txt:bold>。","С Сарой и...<txt:bold,2><txt:color,orange>Бэк Шиу</txt:color></txt:bold>.","Untuk dia. Dan... <scr:noskip>...<txt:bold,2><txt:color,orange>Siwoo Baek</txt:bold></txt:color>.","Chị ấy cũng vậy. ...<txt:bold,2><txt:color,orange>Baek Siwoo</txt:color></txt:bold> cũng vậy.","A <txt:bold,2><txt:color,orange>Sara</txt:color></txt:bold>. ...Y a <txt:bold,2><txt:color,orange>Siwoo Baek</txt:color></txt:bold>.","Kakak. ...Dan juga <txt:bold,2><txt:color,orange>Siwoo Baek</txt:color></txt:bold>.","ทั้งพี่ ...แล้วก็<txt:bold,2><txt:color,orange>แบคชีอู</txt:color></txt:bold>","A <txt:bold,2><txt:color,orange>Sara</txt:color></txt:bold>... e também o <txt:bold,2><txt:color,orange>Siwoo Baek</txt:color></txt:bold>..."
,,,TAG,,,,,"<eff:black,3>","<eff:black,3>","<eff:black,3>","<eff:black,3>","<eff:black,3>","<eff:black,3>","<eff:black,3>","<eff:black,3>","<eff:black,3>","<eff:black,3>","<eff:black,3>","<eff:black,3>"
,,,TAG,,,,,"<sys:qmap,암전><cha:qhide>","<sys:qmap,암전><cha:qhide>","<sys:qmap,암전><cha:qhide>","<sys:qmap,암전><cha:qhide>","<sys:qmap,암전><cha:qhide>","<sys:qmap,암전><cha:qhide>","<sys:qmap,암전><cha:qhide>","<sys:qmap,암전><cha:qhide>","<sys:qmap,암전><cha:qhide>","<sys:qmap,암전><cha:qhide>","<sys:qmap,암전><cha:qhide>","<sys:qmap,암전><cha:qhide>"
,,,???,,,,,"<wrt:wait,30><txt:bold,2><txt:size,2>아냐!!!</txt:size></txt:bold><cha:hide,서사라_유니폼>","<wrt:wait,30><txt:bold,2><txt:size,2>No!</txt:size></txt:bold><cha:hide,서사라_유니폼>","<wrt:wait,30><txt:bold,2><txt:size,2>違う！！！</txt:size></txt:bold><cha:hide,서사라_유니폼>","<wrt:wait,30><txt:bold,2><txt:size,2>才不够呢！！！</txt:size></txt:bold><cha:hide,서사라_유니폼>","<wrt:wait,30><txt:bold,2><txt:size,2>才不夠呢！！！</txt:size></txt:bold><cha:hide,서사라_유니폼>","<wrt:wait,30><txt:bold,2><txt:size,2>Нет!</txt:size></txt:bold><cha:hide,서사라_유니폼>","<wrt:wait,30><txt:bold,2><txt:size,2>Tidak!</txt:size></txt:bold><cha:hide,서사라_유니폼>","<wrt:wait,30><txt:bold,2><txt:size,2>Không đâu!!!</txt:size></txt:bold><cha:hide,서사라_유니폼>","<wrt:wait,30><txt:bold,2><txt:size,2>¡¡No!!</txt:size></txt:bold><cha:hide,서사라_유니폼>","<wrt:wait,30><txt:bold,2><txt:size,2>Tidak!!!</txt:size></txt:bold><cha:hide,서사라_유니폼>","<wrt:wait,30><txt:bold,2><txt:size,2>ไม่นะ!!!</txt:size></txt:bold><cha:hide,서사라_유니폼>","<wrt:wait,30><txt:bold,2><txt:size,2>Não!</txt:size></txt:bold><cha:hide,서사라_유니폼>"
,,,???,,,,,"<txt:size,2>경찰 아저씨들! 여기예요, 여기!!</txt:size>","<txt:size,2>Officers! Over here!</txt:size>","<txt:size,2>警察の人たち！ここです、ここ！！</txt:size>","<txt:size,2>警察叔叔！在这里，在这里！！</txt:size>","<txt:size,2>警察叔叔！在這裡，快來這裡！！</txt:size>","<txt:size,2>Полиция! Сюда, сюда!</txt:size>","<txt:size,2>Polis! Di sini!</txt:size>","<txt:size,2>Các chú cảnh sát ơi! Ở đây, ở đây!!</txt:size>","<txt:size,2>¡Señores policías! ¡¡Es aquí, aquí!!</txt:size>","<txt:size,2>Pak polisi! Di sini, ada di sini!!</txt:size>","<txt:size,2>คุณตำรวจคะ! ตรงนี้ค่ะ ตรงนี้!!</txt:size>","<txt:size,2>Senhores policiais! Aqui!</txt:size>"
,,,제니_자켓,,,,,"......<wrt:wait,30>언니?<sys:quiet,600>","...<wrt:wait,30><txt:bold,2><txt:color,orange>Sara</txt:color></txt:bold>?<sys:quiet,600>","‥<wrt:wait,30>お姉ちゃん？<sys:quiet,600>","‥<wrt:wait,30>姐姐？<sys:quiet,600>","‥<wrt:wait,30>姐姐？<sys:quiet,600>","......<wrt:wait,30>Сара?<sys:quiet,600>","...<wrt:wait,30>Sara?<sys:quiet,600>","...<wrt:wait,30>Chị ơi?<sys:quiet,600>","......<wrt:wait,30>¿<txt:bold,2><txt:color,orange>Sara</txt:color></txt:bold>?<sys:quiet,600>","......<wrt:wait,30>Kakak?<sys:quiet,600>","......<wrt:wait,30>พี่?<sys:quiet,600>","Hã? <wrt:wait,30>Sara?<sys:quiet,600>"
,,,TAG,,,,,"<eff:black,3>","<eff:black,3>","<eff:black,3>","<eff:black,3>","<eff:black,3>","<eff:black,3>","<eff:black,3>","<eff:black,3>","<eff:black,3>","<eff:black,3>","<eff:black,3>","<eff:black,3>"
,,,TAG,,,,,</cha:qhide>,</cha:qhide>,</cha:qhide>,</cha:qhide>,</cha:qhide>,</cha:qhide>,</cha:qhide>,</cha:qhide>,</cha:qhide>,</cha:qhide>,</cha:qhide>,</cha:qhide>
,,,TAG,,,,,"<sys:qmap,훈련장 복도><cha:qpos,엘리오,4><cha:qpos,서사라_유니폼,-2><cha:qpos,제니_자켓,2>","<sys:qmap,훈련장 복도><cha:qpos,엘리오,4><cha:qpos,서사라_유니폼,-2><cha:qpos,제니_자켓,2>","<sys:qmap,훈련장 복도><cha:qpos,엘리오,4><cha:qpos,서사라_유니폼,-2><cha:qpos,제니_자켓,2>","<sys:qmap,훈련장 복도><cha:qpos,엘리오,4><cha:qpos,서사라_유니폼,-2><cha:qpos,제니_자켓,2>","<sys:qmap,훈련장 복도><cha:qpos,엘리오,4><cha:qpos,서사라_유니폼,-2><cha:qpos,제니_자켓,2>","<sys:qmap,훈련장 복도><cha:qpos,엘리오,4><cha:qpos,서사라_유니폼,-2><cha:qpos,제니_자켓,2>","<sys:qmap,훈련장 복도><cha:qpos,엘리오,4><cha:qpos,서사라_유니폼,-2><cha:qpos,제니_자켓,2>","<sys:qmap,훈련장 복도><cha:qpos,엘리오,4><cha:qpos,서사라_유니폼,-2><cha:qpos,제니_자켓,2>","<sys:qmap,훈련장 복도><cha:qpos,엘리오,4><cha:qpos,서사라_유니폼,-2><cha:qpos,제니_자켓,2>","<sys:qmap,훈련장 복도><cha:qpos,엘리오,4><cha:qpos,서사라_유니폼,-2><cha:qpos,제니_자켓,2>","<sys:qmap,훈련장 복도><cha:qpos,엘리오,4><cha:qpos,서사라_유니폼,-2><cha:qpos,제니_자켓,2>","<sys:qmap,훈련장 복도><cha:qpos,엘리오,4><cha:qpos,서사라_유니폼,-2><cha:qpos,제니_자켓,2>"
,,,TAG,,,,,"<cha:face,제니_자켓,-1_기본>","<cha:face,제니_자켓,-1_기본>","<cha:face,제니_자켓,-1_기본>","<cha:face,제니_자켓,-1_기본>","<cha:face,제니_자켓,-1_기본>","<cha:face,제니_자켓,-1_기본>","<cha:face,제니_자켓,-1_기본>","<cha:face,제니_자켓,-1_기본>","<cha:face,제니_자켓,-1_기본>","<cha:face,제니_자켓,-1_기본>","<cha:face,제니_자켓,-1_기본>","<cha:face,제니_자켓,-1_기본>"
,,,서사라_유니폼,,-1_화남,,,"<sys:bgm,BGM_JENNY_AND_SARA,600>아냐, 그건 아냐.","<sys:bgm,BGM_JENNY_AND_SARA,600>No, that’s not true.","<sys:bgm,BGM_JENNY_AND_SARA,600>それは違うよ。","<sys:bgm,BGM_JENNY_AND_SARA,600>不是这样的，不是。","<sys:bgm,BGM_JENNY_AND_SARA,600>不夠，才不夠呢。","<sys:bgm,BGM_JENNY_AND_SARA,600>Неправильно это.","<sys:bgm,BGM_JENNY_AND_SARA,600>Salah.","<sys:bgm,BGM_JENNY_AND_SARA,600>Không, không phải vậy đâu.","<sys:bgm,BGM_JENNY_AND_SARA,600>No, eso no.","<sys:bgm,BGM_JENNY_AND_SARA,600>Tidak, tidak seperti itu.","<sys:bgm,BGM_JENNY_AND_SARA,600>ไม่นะ ไม่ใช่แบบนั้นสักหน่อย","<sys:bgm,BGM_JENNY_AND_SARA,600>Não... não fala isso."
,,,서사라_유니폼,,-1_화남,,,"무슨 말을 하는 거야, <txt:bold,2><txt:color,orange>제니</txt:color></txt:bold>.",What are you saying?,"何言ってるの、<txt:bold,2><txt:color,orange>ジェニー</txt:color></txt:bold>。","你在胡说什么呢，<txt:bold,2><txt:color,orange>珍妮</txt:color></txt:bold>。","妳在說什麼啊，<txt:bold,2><txt:color,orange>珍妮</txt:color></txt:bold>。","Ну что ты такое говоришь, <txt:bold,2><txt:color,orange>Дженни</txt:color></txt:bold>.",Apa yang awak cakap?,"Em đang nói gì vậy, <txt:bold,2><txt:color,orange>Jenny</txt:color></txt:bold>..","Qué estás diciendo, <txt:bold,2><txt:color,orange>Jenny</txt:color></txt:bold>.","Apa yang sedang kamu bicarakan, <txt:bold,2><txt:color,orange>Jenny</txt:color></txt:bold>.","พูดอะไรของเธอน่ะ <txt:bold,2><txt:color,orange>เจนนี่</txt:color></txt:bold>","Do que você tá falando, <txt:bold,2><txt:color,orange>Jenny</txt:color></txt:bold>?"
,,,서사라_유니폼,,-1_자책1,,,충분하지 않아. 부족해... 너무 짧았단 말이야...!,It’s not enough. Not even close... it was way too short...!,十分じゃない。足りない‥短すぎたよ‥！,一点都不够。太短暂了‥真的太短暂了‥！,這一點都不夠。完全不夠‥剛才的時間實在太短了‥！,Недостаточно. Не хватает... Слишком мало!..,Tak cukup. Jauh sekali... terlalu singkat...!,Không đủ đâu. Vẫn chưa đủ... Quá ngắn ngủi...!,No es suficiente. No me basta... ¡Fue demasiado breve...!,Tidak cukup. Sama sekali tidak cukup... Terlalu singkat...!,มันไม่มากพอเลย ไม่พอด้วยซ้ำ... มันสั้นมากเลยนะ...!,Não foi suficiente... foi pouco... aconteceu tudo rápido demais...
,,,제니_자켓,,-1_당황,,,"어, 어...?",Wh-What...?,え、え‥？,诶，诶‥？,咦、呃‥？,Ч-чего?..,A-Apa...?,"Ơ, ơ...?",¿E-eh...?,E-eh...?,อะ เอ๋...?,O-o quê?
,,,서사라_유니폼,,-1_화남,,,"다시 보자고 했는데, 이렇게 위험한 짓이나 하고...","I told you we’d see each other again, and then you go and do something this reckless...",また会おうって言ったのに、こんな危ないことして‥,明明说好要再见的，你却跑来干这么危险的事‥,明明說好要再見面的，妳卻跑去做這種危險的事‥,"Просила встретиться, а при этом такие опасные выходки устраиваешь?","Saya dah kata kita akan berjumpa lagi, kemudian awak buat sesuatu yang begitu bahaya...","Chị đã nói là sẽ gặp lại em, vậy mà em lại làm mấy chuyện nguy hiểm thế này...","Habíamos dicho que nos volveríamos a ver, y tú vas y haces algo tan peligroso...","Kita kan telah berjanji untuk bertemu lagi, tapi kamu malah melakukan hal berbahaya seperti ini...",ตกลงไว้ว่าจะเจอกันอีกแท้ๆ แต่กลับมาทำเรื่องอันตรายแบบนี้...,Você disse que a gente ia se ver de novo... e fez uma coisa tão perigosa...
,,,서사라_유니폼,,-1_자책1,,,...발목이 이렇게 퉁퉁 부어오를 때까지...,Your ankle is this swollen...,‥足首がこんなパンパンに腫れるまで‥,‥还弄得脚踝肿成这样‥,‥甚至連腳踝都腫成這樣了‥,"Ждешь, пока лодыжка совсем опухнет?..",Buku lali awak bengkak begini...,...Đến mức mắt cá chân sưng phồng thế này...,...Hasta que tu tobillo se hinchó de esta manera...,...Lihat kakimu sampai bengkak seperti ini...,...จนข้อเท้าบวมเป่งขนาดนี้...,"Olha o seu tornozelo, tá muito inchado..."
,,,제니_자켓,,-1_기본,,,"어, <wrt:wait,30>언니, <wrt:wait,30>그게 아니라...","S-<wrt:wait,30><txt:bold,2><txt:color,orange>Sara</txt:color></txt:bold>, <wrt:wait,30>that’s not what I...","お、<wrt:wait,30>お姉ちゃん。<wrt:wait,30>そうじゃなくて‥","呃，<wrt:wait,30>姐姐，<wrt:wait,30>不是那样的‥","姐、<wrt:wait,30>姐姐，<wrt:wait,30>不是那樣的啦‥","Ох, <wrt:wait,30>Сара, <wrt:wait,30>все не так...","S-<wrt:wait,30><txt:bold,2><txt:color,orange>Sara</txt:color></txt:bold> <wrt:wait,30>itu bukan apa yang saya...","Chị, <wrt:wait,30>chị ơi, <wrt:wait,30>không phải vậy đâu...","E-eh, <wrt:wait,30><txt:bold,2><txt:color,orange>Sara</txt:color></txt:bold>, <wrt:wait,30>es que...","K, <wrt:wait,30>kak, <wrt:wait,30>bukan, maksudku itu...","พะ <wrt:wait,30>พี่ <wrt:wait,30>มันไม่ใช่แบบนั้นนะ...","E-espera, <wrt:wait,30><txt:bold,2><txt:color,orange>Sara</txt:color></txt:bold>, <wrt:wait,30>não foi isso..."
,,,서사라_유니폼,,-1_자책1,,,네 말이 맞아.,You were right.,あなたの言う通りだった。,你说得对。,妳說得對。,Ты права.,Awak betul.,Em nói đúng.,Tienes razón.,Benar katamu.,เธอพูดถูก,Você tem razão.
,,,서사라_유니폼,,-1_자책2,,,난 항상 늦었어.,I was always late.,私はいつも遅かった。,我总是来迟一步。,我總是遲了一步。,Я всегда опаздываю.,Saya selalu lewat.,Chị lúc nào cũng đến muộn.,Siempre llegué tarde.,Aku selalu saja terlambat.,ฉันน่ะช้าเสมอเลย,Eu sempre estou atrasada.
,,,서사라_유니폼,,-1_자책1,,,"네가 힘든 시간을 보내고 있었는데도... <wrt:wait,30>널 결국 찾지 못했어.","You were going through such a hard time... <wrt:wait,30>and I never found you.","あなたがつらい時間を過ごしてたのに‥<wrt:wait,30>結局、見つけてあげられなかった。","在你最痛苦的时候‥<wrt:wait,30>我却没能找到你。","在妳最難熬的時候‥<wrt:wait,30>我終究還是沒能找到妳。","Тебе столько всего выпало, а я... <wrt:wait,30>Даже не смогла тебя найти.","Awak menghadapi kesusahan... <wrt:wait,30>dan saya tidak pernah jumpa awak.","Dù em đã trải qua khoảng thời gian khó khăn như vậy... <wrt:wait,30>cuối cùng chị vẫn không tìm được em.","Aunque estabas pasando por un momento difícil... <wrt:wait,30>al final no pude encontrarte.","Meski kamu sedang dalam masa-masa yang sulit... <wrt:wait,30>Aku gagal mencarimu.","ขนาดตอนที่เธอมีช่วงเวลาที่ยากลำบาก... <wrt:wait,30>แต่สุดท้ายฉันก็หาเธอไม่เจอ","Mesmo quando você tava passando por momentos difíceis... <wrt:wait,30>eu não consegui te encontrar."
,,,서사라_유니폼,,-1_자책1,,,"...<txt:bold,2><txt:color,orange>제니</txt:color></txt:bold>.","<txt:bold,2><txt:color,orange>Jenny</txt:color></txt:bold>...","‥<txt:bold,2><txt:color,orange>ジェニー</txt:color></txt:bold>。","‥<txt:bold,2><txt:color,orange>珍妮</txt:color></txt:bold>。","‥<txt:bold,2><txt:color,orange>珍妮</txt:color></txt:bold>。","...<txt:bold,2><txt:color,orange>Дженни</txt:color></txt:bold>.","...<txt:bold,2><txt:color,orange>Jenny</txt:color></txt:bold>?","...<txt:bold,2><txt:color,orange>Jenny</txt:color></txt:bold>.","...<txt:bold,2><txt:color,orange>Jenny</txt:color></txt:bold>.","...<txt:bold,2><txt:color,orange>Jenny</txt:color></txt:bold>.","...<txt:bold,2><txt:color,orange>เจนนี่</txt:color></txt:bold>","Ah... <txt:bold,2><txt:color,orange>Jenny</txt:color></txt:bold>."
,,,서사라_유니폼,,-1_자책2,,,미안해!,I’m sorry!,ごめんね！,对不起！,對不起！,Прости меня!,Maafkan saya!,Chị xin lỗi!,¡Lo siento!,Maafkan aku!,ขอโทษนะ!,Me desculpa!
,,,제니_자켓,,-1_당황,,,...!,...!,‥！,‥！,‥！,!..,...!,...!,¡...!,...!,...!,!!!
,,,서사라_유니폼,,-1_자책2,,,"하지만, <txt:bold,2><txt:color,orange>제니</txt:color></txt:bold>.","But... <txt:bold,2><txt:color,orange>Jenny</txt:color></txt:bold>.","でもね、<txt:bold,2><txt:color,orange>ジェニー</txt:color></txt:bold>。","但是，<txt:bold,2><txt:color,orange>珍妮</txt:color></txt:bold>。","但是，<txt:bold,2><txt:color,orange>珍妮</txt:color></txt:bold>。","Тем не менее, <txt:bold,2><txt:color,orange>Дженни</txt:color></txt:bold>!","Tapi...<txt:bold,2><txt:color,orange>Jenny</txt:color></txt:bold>.","Nhưng mà, <txt:bold,2><txt:color,orange>Jenny</txt:color></txt:bold>.","Sin embargo, <txt:bold,2><txt:color,orange>Jenny</txt:color></txt:bold>.","Meski begitu, <txt:bold,2><txt:color,orange>Jenny</txt:color></txt:bold>.","แต่ว่านะ <txt:bold,2><txt:color,orange>เจนนี่</txt:color></txt:bold>","Mas <txt:bold,2><txt:color,orange>Jenny</txt:color></txt:bold>..."
,,,서사라_유니폼,,-1_무표정,,,"<txt:bold,1>분명하게 말하고 싶어.</txt:bold>","<txt:bold,1>I need to say this.</txt:bold>","<txt:bold,1>はっきり言いたいの。</txt:bold>","<txt:bold,1>我一定要明明白白地告诉你。</txt:bold>","<txt:bold,1>我有件事非說不可。</txt:bold>","<txt:bold,1>Хочу, чтобы мои слова были кристально понятны.</txt:bold>","<txt:bold,1>Saya perlu katakan ini.</txt:bold>","<txt:bold,1>Chị muốn nói rõ ràng điều này.</txt:bold>","<txt:bold,1>Quiero decírtelo claramente.</txt:bold>","<txt:bold,1>Aku harus mengatakan hal ini.</txt:bold>","<txt:bold,1>ฉันอยากบอกเธอให้ชัดๆ</txt:bold>","<txt:bold,1>Eu preciso que você entenda uma coisa.</txt:bold>"
,,,서사라_유니폼,,-1_무표정,,,단 한 번도 널 부담스럽다고 생각한 적 없어.,"I never, not once, thought of you as a burden.",あなたを迷惑だなんて、一度も思ったことない。,我从来没有觉得你是个负担。,我從來不覺得妳是負擔。,Я никогда не считала тебя обузой.,"Saya tak pernah, walau sekalipun, anggap awak sebagai beban.",Chị chưa bao giờ nghĩ em là gánh nặng cả.,Ni una sola vez pensé que fueras una carga.,Aku tidak pernah merasa kamu merepotkan.,ว่าฉันไม่เคยคิดว่าเธอเป็นภาระเลยสักครั้งเดียว,"Nunca, nem por um segundo, eu achei que você fosse um peso."
,,,서사라_유니폼,,-1_미소1,,,네가 얼마나 소중한 동생인데.,You have no idea how precious you are to me.,あなたがどれだけ大切な妹か分かってる？,你可是我最珍视的妹妹啊。,妳對我來說是多麼重要的妹妹啊。,Ты мне как младшая сестра.,Awak tak tahu betapa berharganya awak kepada saya.,Em là cô em gái quý giá của chị.,"Eres como una hermanita para mí, y te quiero muchísimo.",Kamu adalah adik yang sangat berharga bagiku.,เธอเป็นน้องคนสำคัญของฉันนะ,Você é como uma irmãzinha pra mim.
,,,서사라_유니폼,,-1_미소2,,,"언젠가 함께 <txt:bold,2>애슈빌 위즐스</txt:bold>에서 뛰기로 약속했잖아, 우리.","We promised we’d play together on the <txt:bold,2>Asheville Weasels</txt:bold> someday, remember?","いつか一緒に<txt:bold,2>アッシュビルウィーズルズ</txt:bold>でプレーしようって約束したじゃない。","我们不是约好了，总有一天要一起在<txt:bold,2>阿什维尔黄鼠狼队</txt:bold>打球吗。","我們不是約好了，總有一天要一起在<txt:bold,2>阿什維爾鼬鼠隊</txt:bold>打球嗎？","Мы же пообещали вместе играть в <txt:bold,2>«Ашвилл Визлс»</txt:bold>.","Kita berjanji akan bermain bersama di <txt:bold,2>Asheville Weasels</txt:bold> suatu hari nanti, ingat?","Chúng ta đã hứa một ngày nào đó sẽ cùng thi đấu ở <txt:bold,2>Asheville Weasels</txt:bold> mà.","Prometimos que algún día jugaríamos juntas en los <txt:bold,2>Asheville Weasels</txt:bold>, nosotras dos.","Kita kan telah berjanji untuk bermain bersama di <txt:bold,2>Asheville Weasels</txt:bold> pada suatu hari nanti.","เราสัญญากันไว้นี่นาว่าสักวันหนึ่งจะเล่นใน<txt:bold,2>แอชวิลล์วิซเซิล</txt:bold>ด้วยกัน","Lembra? A gente prometeu jogar junto no <txt:bold,2>Asheville Weasels</txt:bold> um dia."
,,,제니_자켓,,-1_기본,,,"...기억하고 있었구나, 그 약속.",So you remembered that promise...,‥あの約束、覚えてたんだ。,‥原来你还记得，那个约定。,‥原來妳還記得那個約定。,Так ты помнила наше обещание...,Awak ingat janji itu...,...Chị vẫn nhớ lời hứa đó sao.,...Todavía recordabas esa promesa.,"...Kakak masih ingat ya, janji itu.",...พี่ยังจำสัญญานั้นได้อยู่สินะ,Você não esqueceu dessa promessa...
,,,서사라_유니폼,,-1_기본,,,당연하지. 늘 기대하고 있었는걸.,Of course. I’ve been looking forward to it all this time.,当たり前じゃない。ずっと楽しみにしてたんだから。,当然记得。我一直都在期待着那一天的到来。,那當然，我可是一直很期待那一天的到來。,Конечно! И всегда ждала этого!,Sudah tentu. Saya telah menantikannya selama ini.,Đương nhiên rồi. Chị luôn mong chờ mà.,Por supuesto. Siempre lo estaba esperando con ansias.,Tentu saja. Dan aku juga selalu menantikannya.,แน่นอนสิ ฉันตั้งตารอมาเสมอแหละ,"Claro que não, eu sempre esperei por esse dia."
,,,서사라_유니폼,,-1_미소1,,,"그러니까 <txt:bold,2><txt:color,orange>제니</txt:color></txt:bold>, 그동안 열심히 했니?","So tell me, <txt:bold,2><txt:color,orange>Jenny</txt:color></txt:bold>. Have you been working hard?","それで<txt:bold,2><txt:color,orange>ジェニー</txt:color></txt:bold>、今まで頑張ってた？","所以<txt:bold,2><txt:color,orange>珍妮</txt:color></txt:bold>，这段时间你有好好练习吗？","所以<txt:bold,2><txt:color,orange>珍妮</txt:color></txt:bold>，這段時間妳有努力練習嗎？","Так что, <txt:bold,2><txt:color,orange>Дженни</txt:color></txt:bold>, ты много работала все это время?","Jadi bagaimana, <txt:bold,2><txt:color,orange>Jenny</txt:color></txt:bold>? Awak berusaha keras?","Vậy nên Jenny, thời gian qua em đã cố gắng nhiều chứ?","Dime, Jenny, ¿te esforzaste mucho todo este tiempo?","Oleh karena itu Jenny, apa kamu telah berusaha keras?",เพราะฉะนั้น เจนนี่ ที่ผ่านมาเธอพยายามอย่างเต็มที่เลยใช่ไหม?,"Então, Jenny... você tem treinado direitinho?"
,,,서사라_유니폼,,-1_미소2,,,늘 팀원들에게 말했어. 내 동생이 곧 올 거라고.,I always told my teammates. My little sister’s coming soon.,いつもチームメイトに話してたの。私の妹がもうすぐ来るって。,我总跟队友们说，我的妹妹很快就要来了。,我常跟隊員們提起，說我妹妹很快就會過來了。,"Я все твердила команде, что ты скоро присоединишься.",Saya selalu beritahu rakan sepasukan saya. Adik perempuan saya akan datang nanti.,Chị luôn nói với các đồng đội rằng em gái chị sắp đến.,Siempre le decía a mis compañeras de equipo. Que pronto vendrías.,Aku telah menceritakan tentangmu kepada para rekan timku. Bahwa sebentar lagi adikku akan datang kesini.,ฉันน่ะบอกสมาชิกทีมตลอดเลย ว่าน้องของฉันใกล้จะมาแล้ว,Eu sempre falava pros meus colegas de time que você ia chegar em breve.
,,,서사라_유니폼,,-1_자책1,,,널 기다리기만 하느라 결국 늦어버렸지만...,"I kept waiting for you, and that’s why I ended up being late...",あなたを待ってばかりで結局遅くなっちゃったけど‥,结果我只是等着，最后还是来晚了‥,雖然我只顧著等妳，結果還是晚了一步‥,А сама только ждала... И в итоге чуть не опоздала.,"Saya sentiasa menunggu awak, dan itulah sebabnya saya lewat...",Chỉ vì cứ chờ em mãi mà cuối cùng lại muộn mất...,"Aunque por solo estar esperándote, terminé llegando tarde...",Meski akhirnya aku hanya menunggu dan datang terlambat seperti ini...,ถึงสุดท้ายจะสาย เพราะฉันเอาแต่รอเธออย่างเดียวก็เถอะ...,"Acabei demorando, porque tava esperando por você..."
,,,서사라_유니폼,,-1_자책2,,,"그래도... <wrt:wait,30>이번엔 늦지 않아서 다행이야.","But... <wrt:wait,30>I’m glad I wasn’t late this time.","それでも‥<wrt:wait,30>今回は間に合ってよかった。","不过‥<wrt:wait,30>幸好这次赶上了。","不過‥<wrt:wait,30>幸好這次沒遲到。","Но все же... <wrt:wait,30>Я рада, что еще не поздно.","Tetapi... <wrt:wait,30>mujurlah saya tak lewat kali ini.","Nhưng mà... <wrt:wait,30>lần này may mà chị không đến muộn.","Aun así... <wrt:wait,30>qué alivio que no llegué tarde esta vez.","Tapi... <wrt:wait,30>syukurlah sepertinya kali ini aku tidak terlambat.","แต่ถึงอย่างนั้น... <wrt:wait,30>ก็ค่อยยังชั่วนะที่ครั้งนี้ยังไม่สาย","Ainda bem que... <wrt:wait,30>dessa vez eu não me atrasei."
,,,서사라_유니폼,,-1_자책2,,,"이번만큼은 늦지 않아서... <wrt:wait,30>정말... <wrt:wait,30>정말 다행이야...","This time, at least... <wrt:wait,30>I made it... <wrt:wait,30>I really made it...","今回だけは遅れなくて‥<wrt:wait,30>本当に‥<wrt:wait,30>本当によかった‥","幸好这次没晚‥<wrt:wait,30>真的‥<wrt:wait,30>真的太好了‥","這次總算趕上了‥<wrt:wait,30>真的‥<wrt:wait,30>真的太好了‥","Очень рада... <wrt:wait,30>Правда... <wrt:wait,30>Что успела на этот раз...","Kali ini, akhirnya... <wrt:wait,30>saya berjaya... <wrt:wait,30>saya benar-benar berjaya...","Chỉ riêng lần này thôi, không đến muộn... <wrt:wait,30>thật sự... <wrt:wait,30>thật sự may quá...","Qué alivio... <wrt:wait,30>de verdad... <wrt:wait,30>que no llegué tarde al menos esta vez...","Untung saja karena untuk... <wrt:wait,30>kali ini aku... <wrt:wait,30>tidak terlambat...","ค่อยยังชั่วมาก... <wrt:wait,30>จริงๆ เลย... <wrt:wait,30>ที่ครั้งนี้ยังไม่สายเกินไป...","Sério... <wrt:wait,30>dessa vez eu cheguei a tempo... <wrt:wait,30>E isso já me deixa aliviada."
,,,제니_자켓,,-1_당황,,,"...<scr:timer,100>","...<scr:timer,100>","‥<scr:timer,100>","‥<scr:timer,100>","‥<scr:timer,100>","...<scr:timer,100>","...<scr:timer,100>","...<scr:timer,100>","...<scr:timer,100>","...<scr:timer,100>","...<scr:timer,100>","...<scr:timer,100>"
,,,제니_자켓,,-1_기본,,,"...<scr:timer,100>","...<scr:timer,100>","‥<scr:timer,100>","‥<scr:timer,100>","‥<scr:timer,100>","...<scr:timer,100>","...<scr:timer,100>","...<scr:timer,100>","...<scr:timer,100>","...<scr:timer,100>","...<scr:timer,100>","...<scr:timer,100>"
,,,제니_자켓,,-1_통증,,,"...<scr:timer,100>","...<scr:timer,100>","‥<scr:timer,100>","‥<scr:timer,100>","‥<scr:timer,100>","...<scr:timer,100>","...<scr:timer,100>","...<scr:timer,100>","...<scr:timer,100>","...<scr:timer,100>","...<scr:timer,100>","...<scr:timer,100>"
,,,TAG,,,,,"<cha:pos,제니_자켓,-1>","<cha:pos,제니_자켓,-1>","<cha:pos,제니_자켓,-1>","<cha:pos,제니_자켓,-1>","<cha:pos,제니_자켓,-1>","<cha:pos,제니_자켓,-1>","<cha:pos,제니_자켓,-1>","<cha:pos,제니_자켓,-1>","<cha:pos,제니_자켓,-1>","<cha:pos,제니_자켓,-1>","<cha:pos,제니_자켓,-1>","<cha:pos,제니_자켓,-1>"
,,,TAG,,,,,"<eff:black,3>","<eff:black,3>","<eff:black,3>","<eff:black,3>","<eff:black,3>","<eff:black,3>","<eff:black,3>","<eff:black,3>","<eff:black,3>","<eff:black,3>","<eff:black,3>","<eff:black,3>"
,,,TAG,,,,,"<sys:scene,재회,30><cha:qhide>","<sys:scene,재회,30><cha:qhide>","<sys:scene,재회,30><cha:qhide>","<sys:scene,재회,30><cha:qhide>","<sys:scene,재회,30><cha:qhide>","<sys:scene,재회,30><cha:qhide>","<sys:scene,재회,30><cha:qhide>","<sys:scene,재회,30><cha:qhide>","<sys:scene,재회,30><cha:qhide>","<sys:scene,재회,30><cha:qhide>","<sys:scene,재회,30><cha:qhide>","<sys:scene,재회,30><cha:qhide>"
,,,제니_자켓,,-,,,"아냐, 언니.","No, <txt:bold,2><txt:color,orange>Sara</txt:color></txt:bold>.",違うよ、お姉ちゃん。,不，姐姐。,不，姐姐。,Вовсе нет.,"Tidak, <txt:bold,2><txt:color,orange>Sara</txt:color></txt:bold>.","Không, chị à.","No, <txt:bold,2><txt:color,orange>Sara</txt:color></txt:bold>.",Bukan kakak.,ไม่หรอก พี่,"Não, <txt:bold,2><txt:color,orange>Sara</txt:color></txt:bold>."
,,,제니_자켓,,-,,,사과해야 할 사람은 나야.,I’m the one who should apologize.,謝らなきゃいけないのは、あたしのほう。,该道歉的人是我才对。,該道歉的人是我。,Это я должна извиниться.,Saya yang patut minta maaf.,Người phải xin lỗi là em.,Soy yo quien debería disculparse.,Aku yang harus meminta maaf.,คนที่ต้องขอโทษคือฉันต่างหาก,Eu que devia pedir desculpa.
,,,제니_자켓,,-,,,언니한테 심한 말도 했고.,I said awful things to you.,お姉ちゃんにひどいこと言っちゃったし。,我对姐姐说了那么过分的话。,我對姐姐說了很過分的話。,Я сказала слишком много колкостей тебе.,Saya bercakap kata-kata kasar kepada awak.,Em đã nói những lời nặng nề với chị.,Te dije cosas horribles.,Aku telah mengatakan hal yang tidak pantas.,ฉันพูดแรงๆ ใส่พี่,Eu falei coisas que não devia.
,,,제니_자켓,,-,,,"<txt:bold,2><txt:color,orange>백시우</txt:color></txt:bold>도 괴롭혔어.","I was terrible to <txt:bold,2><txt:color,orange>Siwoo</txt:color></txt:bold> too.","<txt:bold,2><txt:color,orange>白井新</txt:color></txt:bold>のことも苦しめた。","还欺负了<txt:bold,2><txt:color,orange>白时宇</txt:color></txt:bold>。","還欺負了<txt:bold,2><txt:color,orange>白時宇</txt:color></txt:bold>。","И замучила <txt:bold,2><txt:color,orange>Бэк Шиу</txt:color></txt:bold>.","Saya juga melayan <txt:bold,2><txt:color,orange>Siwoo</txt:color></txt:bold> dengan teruk.","Em cũng làm khổ <txt:bold,2><txt:color,orange>Baek Siwoo</txt:color></txt:bold>.","Y también molesté a <txt:bold,2><txt:color,orange>Siwoo Baek</txt:color></txt:bold>.","Dan juga telah mengganggu <txt:bold,2><txt:color,orange>Siwoo Baek</txt:color></txt:bold>.","แถมยังรังแก<txt:bold,2><txt:color,orange>แบคชีอู</txt:color></txt:bold>ด้วย","Também fui dura com o <txt:bold,2><txt:color,orange>Siwoo Baek</txt:color></txt:bold>."
,,,제니_자켓,,-,,,언니가 이제까지 줄곧 내게 연락했던 것도 일부러 모른 척 했어.,"You kept reaching out to me, and I ignored you on purpose.",お姉ちゃんがずっと連絡くれてたのに、わざと無視してた。,甚至故意无视姐姐一直以来发给我的消息。,甚至故意不接姐姐這段時間打來的電話。,"Я делала вид, что не замечаю твоих попыток связаться.","Awak sentiasa cuba hubungi saya, dan saya sengaja tak endahkan awak.",Chị đã luôn cố liên lạc với em suốt thời gian qua mà em còn cố tình giả vờ không biết.,Incluso fingí no saber nada a pesar de que estuviste intentando contactarme todo este tiempo.,"Aku sengaja pura-pura tidak tahu, padahal kakak terus menghubungiku selama ini.",ที่พี่ติดต่อมาหาฉันตลอดจนถึงตอนนี้ ฉันก็จงใจทำเป็นไม่รู้,E eu te ignorei de propósito todas as vezes que você tentou falar comigo.
,,,제니_자켓,,-,,,그리고 무엇보다...,And more than anything...,それに何より‥,还有最重要的‥,而且最重要的是‥,Но больше всего...,Dan yang paling penting...,Và quan trọng nhất là...,Y más que nada...,Dan yang terpenting...,และยิ่งไปกว่านั้น...,"E, mais do que tudo..."
,,,제니_자켓,,-,,,"나, 언니랑 한 약속을 지키고 싶어서...",I wanted to keep the promise I made to you.,あたし、お姉ちゃんとした約束を守りたくて‥,我是因为太想遵守和姐姐的约定‥,我為了守住跟姐姐的約定‥,Я хотела сдержать наше обещание...,Saya mahu menunaikan janji yang saya buat kepada awak.,Em đã muốn giữ lời hứa với chị...,"Yo, quería mantener la promesa que te hice...","Aku, untuk menepati janji yang aku buat dengan kakak...",ฉันอยากรักษาสัญญาที่มีไว้กับพี่...,Eu queria ter cumprido a promessa que fiz pra você...
,,,제니_자켓,,-,,,정말 노력했어. 정말 많이 노력했는데...,"I tried so hard. I really tried, but...",本当に頑張ったの。すごく頑張ったのに‥,才一直拼命努力。我真的很努力了，但是‥,真的很努力、很努力了。但是‥,"Я правда старалась, правда...","Saya cuba sedaya upaya. Saya benar-benar cuba, tetapi...",Em đã thật sự cố gắng. Em đã cố gắng rất nhiều...,"Me esforcé mucho. De verdad me esforcé muchísimo, pero...",Aku telah berusaha keras. Benar-benar keras tapi...,ฉันก็เลยพยายามมาก ฉันพยายามมากจริงๆ...,"Por isso, dei tudo de mim... Sério..."
,,,제니_자켓,,-,,,이제 선수로는... 못 뛸 것 같아.,I don’t think I can play anymore.,もう選手としては‥プレーできないと思う。,现在的我，恐怕没法再当球员了。,我現在‥好像沒辦法再當選手了。,Но я больше не могу играть...,Saya rasa saya dah tak boleh main lagi.,Nhưng bây giờ... có lẽ em không thể thi đấu với tư cách tuyển thủ nữa rồi.,Creo que ya no podré... volver a competir.,Sepertinya aku tidak dapat... bermain lagi sebagai atlet.,แต่ว่าตอนนี้ฉันคงเล่น... ในฐานะนักกีฬาไม่ได้อีกแล้ว,Mas agora... acho que minha carreira como jogadora acabou.
,,,제니_자켓,,-,,,미안해. 약속을 지키지 못해서.,I’m sorry. For breaking our promise.,ごめん。約束を守れなくて。,对不起，我没能守住约定。,對不起，我沒能守住約定。,"Прости, что не могу сдержать обещание.",Saya minta maaf. Kerana memungkiri janji kita.,Xin lỗi. Vì em đã không giữ được lời hứa.,Lo siento. Por no poder mantener nuestra promesa.,Maaf ya. Karena aku tidak bisa menepati janji.,ขอโทษนะที่รักษาสัญญาไม่ได้,Me desculpa por não conseguir cumprir a promessa.
,,,제니_자켓,,-,,,"미안해, 언니...!","I’m sorry, <txt:bold,2><txt:color,orange>Sara</txt:color></txt:bold>...!",ごめんね、お姉ちゃん‥！,姐姐，对不起‥！,對不起，姐姐‥！,"Прости, Сара!..","Maafkan saya, <txt:bold,2><txt:color,orange>Sara</txt:color></txt:bold>...!",Xin lỗi chị...!,"¡Lo siento, <txt:bold,2><txt:color,orange>Sara</txt:color></txt:bold>...!","Maafkan aku, kakak...!",ฉันขอโทษนะพี่...!,"Sinto muito, Sara!"
,,,서사라_유니폼,,-,,,...괜찮아.,It’s okay...,‥大丈夫。,‥没关系的。,‥沒關係。,Все в порядке.,Tak mengapa...,...Không sao đâu.,...Está bien.,...Tidak apa-apa.,...ไม่เป็นไรหรอก,Tá tudo bem.
,,,서사라_유니폼,,-,,,넌 항상 약속을 지키려고 했잖아.,You always tried to keep it.,あなたはいつも約束を守ろうとしてたじゃない。,我知道你一直都在努力遵守约定。,我知道妳一直很努力的守住我們的約定。,Ты всегда старалась сдержать обещание.,Awak sentiasa cuba menepatinya.,Em vẫn luôn cố gắng giữ lời hứa mà.,Tú siempre intentaste mantener tu promesa.,Kamu telah berusaha menepati janjimu.,เธอพยายามรักษาสัญญามาตลอดนี่นา,Você sempre fez o que pôde pra cumprir essa promessa.
,,,서사라_유니폼,,-,,,자책하지 마.,Don’t blame yourself.,自分を責めないで。,别自责了。,別自責了。,Не вини себя.,Jangan salahkan diri sendiri.,Đừng tự trách mình.,No te culpes.,Berhenti menyalahkan dirimu.,อย่าโทษตัวเองเลย,Não se culpe.
,,,서사라_유니폼,,-,,,그동안 혼자서 계속 노력했지?,"You’ve been working hard all on your own, haven’t you?",ずっと一人で頑張ってたんでしょ？,这段时间你一直是一个人在努力，对吧？,這段時間妳都是一個人努力過來的，對吧？,Все это время ты пыталась в одиночку.,"Awak dah bekerja keras dengan sendiri, bukan?",Trong suốt thời gian qua em đã một mình cố gắng đúng không?,"Te esforzaste mucho tú sola todo este tiempo, ¿verdad?",Selama ini kamu telah berusaha keras sendirian.,ที่ผ่านมาเธอพยายามอยู่คนเดียวเลยสินะ?,"Você ficou lutando sozinha esse tempo todo, né?"
,,,서사라_유니폼,,-,,,"돌아가자, 우리. 돌아가서 얘기해 줘.",Let’s go home. Let’s go back and you can tell me.,帰ろう。帰って、話を聞かせてほしいな。,我们回去吧。回去告诉我。,我們回去吧，回去後通通說給我聽。,"Пойдем, поговорим внутри.",Mari kita pulang. Mari kita balik dan awak boleh ceritakan kepada saya.,Chúng ta về thôi. Về rồi em hãy kể cho chị nghe.,Regresemos juntas. Regresemos y cuéntamelo todo.,"Mari kita kembali, bersama. Dan lanjut bercerita di sana.",เรากลับกันเถอะ กลับไปแล้วเล่าให้ฉันฟังทีนะ,Vamos voltar. Depois você me conta tudo.
,,,서사라_유니폼,,-,,,그동안 네가 겪은 이야기를.,Everything you’ve been through.,今まであなたが経験してきたことを。,告诉我你这段时间的经历。,告訴我這段時間妳經歷過的故事。,"Обо всем, что тебе пришлось пережить.",Segala yang telah awak lalui.,Những chuyện em đã trải qua suốt thời gian qua.,Todo lo que has pasado durante este tiempo.,Cerita tentang pengalamanmu selama ini.,ว่าที่ผ่านมาเธอต้องพบเจอกับอะไรบ้าง,Tudo o que você passou até agora.
,,,서사라_유니폼,,-,,,잔뜩 들을게.,I want to hear all of it.,たくさん聞いてあげるから。,我都会听的。,我會全部聽妳說完的。,Я готова все выслушать.,Saya nak dengar semuanya.,Chị sẽ nghe thật nhiều.,Te escucharé atentamente.,Aku akan dengarkan baik-baik.,ฉันจะรับฟังทุกอย่างเลย,Eu quero ouvir tudo.
,,,서사라_유니폼,,-,,,"얘기해줘. <txt:bold,2><txt:color,orange>제니</txt:color></txt:bold>.","Tell me. <txt:bold,2><txt:color,orange>Jenny</txt:color></txt:bold>.","話して。<txt:bold,2><txt:color,orange>ジェニー</txt:color></txt:bold>。","和我说说吧，<txt:bold,2><txt:color,orange>珍妮</txt:color></txt:bold>。","跟我說吧，<txt:bold,2><txt:color,orange>珍妮</txt:color></txt:bold>。","Так что, расскажи мне, <txt:bold,2><txt:color,orange>Дженни</txt:color></txt:bold>.","Ceritakanlah. <txt:bold,2><txt:color,orange>Jenny</txt:color></txt:bold>.","Kể cho chị nghe đi. <txt:bold,2><txt:color,orange>Jenny</txt:color></txt:bold>.","Cuéntamelo todo. <txt:bold,2><txt:color,orange>Jenny</txt:color></txt:bold>.","Ceritakanlah padaku. <txt:bold,2><txt:color,orange>Jenny</txt:color></txt:bold>.","ช่วยเล่าให้ฉันฟังทีนะ <txt:bold,2><txt:color,orange>เจนนี่</txt:color></txt:bold>","Me conta tudo, <txt:bold,2><txt:color,orange>Jenny</txt:color></txt:bold>."
,,,TAG,,,,,"<scr:timer,150>","<scr:timer,150>","<scr:timer,150>","<scr:timer,150>","<scr:timer,150>","<scr:timer,150>","<scr:timer,150>","<scr:timer,150>","<scr:timer,150>","<scr:timer,150>","<scr:timer,150>","<scr:timer,150>"
,,,TAG,,,,,</sys:scene>,</sys:scene>,</sys:scene>,</sys:scene>,</sys:scene>,</sys:scene>,</sys:scene>,</sys:scene>,</sys:scene>,</sys:scene>,</sys:scene>,</sys:scene>
,,,TAG,,,,,"<eff:black,3>","<eff:black,3>","<eff:black,3>","<eff:black,3>","<eff:black,3>","<eff:black,3>","<eff:black,3>","<eff:black,3>","<eff:black,3>","<eff:black,3>","<eff:black,3>","<eff:black,3>"
,,,TAG,,,,,"</cha:qhide><cha:qpos,제니_자켓,-2><cha:qpos,서사라_유니폼,2>","</cha:qhide><cha:qpos,제니_자켓,-2><cha:qpos,서사라_유니폼,2>","</cha:qhide><cha:qpos,제니_자켓,-2><cha:qpos,서사라_유니폼,2>","</cha:qhide><cha:qpos,제니_자켓,-2><cha:qpos,서사라_유니폼,2>","</cha:qhide><cha:qpos,제니_자켓,-2><cha:qpos,서사라_유니폼,2>","</cha:qhide><cha:qpos,제니_자켓,-2><cha:qpos,서사라_유니폼,2>","</cha:qhide><cha:qpos,제니_자켓,-2><cha:qpos,서사라_유니폼,2>","</cha:qhide><cha:qpos,제니_자켓,-2><cha:qpos,서사라_유니폼,2>","</cha:qhide><cha:qpos,제니_자켓,-2><cha:qpos,서사라_유니폼,2>","</cha:qhide><cha:qpos,제니_자켓,-2><cha:qpos,서사라_유니폼,2>","</cha:qhide><cha:qpos,제니_자켓,-2><cha:qpos,서사라_유니폼,2>","</cha:qhide><cha:qpos,제니_자켓,-2><cha:qpos,서사라_유니폼,2>"
,,,서사라_유니폼,,1_기본,,,"<txt:bold,2>록웰</txt:bold> 캠프로 가자. 그곳에서 함께 지내자.","Come to <txt:bold,2>Rockwell</txt:bold> Camp. We’ll stay there together.","<txt:bold,2>ロックウェル</txt:bold>キャンプに行って、そこで一緒に過ごしましょう。","我们回<txt:bold,2>洛克威尔</txt:bold>训练营吧。在那里一起生活。","我們回<txt:bold,2>洛克威爾</txt:bold>訓練營一起生活吧。","Поехали вместе в лагерь <txt:bold,2>«Роквелл»</txt:bold>.","Datanglah ke <txt:bold,2>Kem Rockwell</txt:bold>. Kita akan tinggal di sana bersama.","Chúng ta hãy đến Khu Trại <txt:bold,2>Rockwell</txt:bold>. Cùng sống ở đó đi.","Vayamos al campamento <txt:bold,2>Rockwell</txt:bold>. Vivamos juntas allí.","Mari kita kembali ke Kamp <txt:bold,2>Rockwell</txt:bold>. Dan tinggal bersamaku di sana.","ไปค่าย<txt:bold,2>ร็อกเวล</txt:bold>กันเถอะ เราไปอยู่ด้วยกันที่นั่นนะ","Vamos pro <txt:bold,2>Acampamento Rockwell</txt:bold>. A gente fica lá juntas."
,,,제니_자켓,,,,silent,"...하지만, 나는...",But I...,‥でも、あたしは‥,‥但是，我‥,‥可是，我‥,Н-но я...,Tapi saya...,...Nhưng em...,"...Pero, yo...","...Tapi, aku...",...แต่ว่าฉัน...,Mas eu...
,,,오아시스_유니폼,-2,1_기본,,,"<cha:pos,제니_자켓,0>크흠. 하하, 이거 참. 꽤 감동적인 재회인걸!","<cha:pos,제니_자켓,0>Ahem. Haha, well, this is quite the touching reunion!","<cha:pos,제니_자켓,0>ゴホン。ハハハ、これはこれは。なんて感動的な再会なんだ！","<cha:pos,제니_자켓,0>咳咳。哈哈，这还真是场感人的再会啊！","<cha:pos,제니_자켓,0>咳嗯。哈哈，哎呀。這場重逢還真是感人啊！","<cha:pos,제니_자켓,0>Ого, какая приятная встреча!","<cha:pos,제니_자켓,0>Ehem. Haha, pertemuan yang sungguh menyentuh hati!","<cha:pos,제니_자켓,0>*Khụm*. Haha... Một cuộc hội ngộ cảm động đấy!","<cha:pos,제니_자켓,0>Ejem. Jaja, vaya. ¡Qué reencuentro tan conmovedor!","<cha:pos,제니_자켓,0>Ehem. Haha, aduh ini itu. Benar-benar pertemuan yang mengharukan!","<cha:pos,제니_자켓,0>อะแฮ่ม ฮ่าฮ่า นี่มันช่างเป็นการกลับมาเจอกันที่น่าประทับใจมากเลยนะ!","<cha:pos,제니_자켓,0>Caham. Haha, que cena bonita de reencontro."
,,,오아시스_유니폼,,1_훗,,,한창 분위기 좋은데 끼어들어서 미안하지만.,Sorry to butt in when the mood’s this good.,いい雰囲気のところに割り込んで悪いんだけどさ。,抱歉在气氛正好的时候打扰你们。,很抱歉在這種氣氛下打斷妳們。,"Простите, что прерываю вас.",Maaf mengganggu saat ini.,Xin lỗi vì chen vào lúc không khí đang tốt thế này.,Siento entrometerme cuando el ambiente está en su mejor momento.,Aku minta maaf karena harus mengganggu di tengah-tengah suasana ini.,บรรยากาศกำลังดีเลยแท้ๆ ขอโทษทีที่ต้องขัดจังหวะ,"Desculpem interromper um momento tão emocionante, mas..."
,,,오아시스_유니폼,,1_기본,,,혹시 더 이상 선수로 뛸 수 없다고 한 이유가 발목 부상 때문이야?,But did you say you can’t play anymore because of your ankle?,もしかして、もう選手として続けられないって言った理由は足首の怪我のせいかな？,你刚才说没法再当球员，是因为脚踝的伤吗？,但妳剛才說沒辦法再當選手，是因為腳踝受傷的緣故嗎？,"Ты сказала, что больше не сможешь играть из-за травмы лодыжки?",Tetapi awak kata tadi awak tak boleh main lagi kerana buku lali awak?,Nhưng cậu nói rằng không thể tiếp tục làm tuyển thủ nữa... có phải vì chấn thương mắt cá chân không?,"¿Por casualidad, la razón por la que dijiste que ya no podrías jugar es por tu lesión en el tobillo?","Apa kamu bilang tidak dapat bermain sebagai atlet, itu karena cedera pergelangan kaki?",ที่เธอบอกว่าเล่นในฐานะนักกีฬาไม่ได้แล้ว เพราะอาการบาดเจ็บที่ข้อเท้าเหรอ?,"Você disse que não pode mais jogar por causa do tornozelo, certo?"
,,,오아시스_유니폼,,1_웃음,,exclam,그렇다면 내가 도움이 될지도 모르겠는걸!,"If so, I might be able to help!",だったら俺が力になれるかもしれない！,如果是这样，或许我能帮上忙哦！,那樣的話，或許我能幫上忙喔！,"Возможно, я могу помочь.","Kalau begitu, saya mungkin boleh membantu!",Nếu vậy thì tôi có thể giúp đấy!,"¡Si es así, tal vez yo pueda ser de ayuda!",Kalau begitu mungkin aku bisa bantu!,ถ้าเป็นแบบนั้นล่ะก็ ฉันอาจช่วยได้นะ!,"Se for isso, talvez eu possa te ajudar!"
,,,제니_자켓,,1_외침,,,...응? 넌...?,Huh? Who are you...?,‥え？あんたは‥？,‥嗯？你是‥？,‥咦？你是‥？,Что? Ты?..,Hah? Awak siapa...?,...Hả? Cậu là...?,...¿Eh? ¿Tú eres...?,...Eh? Kamu itu...?,...หืม? นายคือ...?,Hã? Você...
,,,오아시스_유니폼,,1_기본,,,"소개가 늦었지? 내 이름은 <txt:bold,2><txt:color,orange>오아시스</txt:color></txt:bold>.","Oh, where are my manners? I’m <txt:bold,2><txt:color,orange>Oasis</txt:color></txt:bold>.","紹介が遅れたな！俺の名前は<txt:bold,2><txt:color,orange>オアシス</txt:color></txt:bold>。","还没自我介绍吧？我叫<txt:bold,2><txt:color,orange>绿洲</txt:color></txt:bold>。","我還沒自我介紹吧？我叫作<txt:bold,2><txt:color,orange>綠洲</txt:color></txt:bold>。","Ой, забыл представиться. Я <txt:bold,2><txt:color,orange>Оазис</txt:color></txt:bold>.","Oh, mana adab saya? Saya <txt:bold,2><txt:color,orange>Oasis</txt:color></txt:bold>.","Xin lỗi vì giới thiệu muộn nhé. Tên tôi là <txt:bold,2><txt:color,orange>Oasis</txt:color></txt:bold>.","Aún no me he presentado, ¿verdad? Mi nombre es <txt:bold,2><txt:color,orange>Oasis</txt:color></txt:bold>.","Oh aku lupa memperkenalkan diri. Namaku <txt:bold,2><txt:color,orange>Oasis</txt:color></txt:bold>.","ฉันแนะนำตัวช้าไปสินะ? ฉันชื่อ<txt:bold,2><txt:color,orange>โอเอซิส</txt:color></txt:bold>","Ah, esqueci de me apresentar. Meu nome é <txt:bold,2><txt:color,orange>Oásis</txt:color></txt:bold>."
,,,오아시스_유니폼,,1_훗,,,"한때는 <txt:bold,2>팬텀 리그</txt:bold>의 슈퍼스타였고, 지금은 <txt:bold,2>태양 배구단</txt:bold>에서 비치발리볼을 하고 있지!","Used to be the <txt:bold,2>Phantom League</txt:bold>’s biggest star. Now I play beach volleyball for the <txt:bold,2>Sun Volleyball Team</txt:bold>!","かつては<txt:bold,2>ファントムリーグ</txt:bold>のスーパースターで、今は<txt:bold,2>太陽バレー団</txt:bold>でビーチバレーをやってるんだ！","曾是<txt:bold,2>幻影联赛</txt:bold>的超级巨星，现在在<txt:bold,2>太阳排球队</txt:bold>打沙滩排球！","我以前曾是<txt:bold,2>幻影聯賽</txt:bold>的超級巨星，現在則是隸屬於<txt:bold,2>太陽排球隊</txt:bold>的沙灘排球選手！","Некогда я был суперзвездой <txt:bold,2>«Фантом-лиги»</txt:bold>, а сейчас играю в пляжный волейбол в <txt:bold,2>клубе «Тэян»</txt:bold>.","Pernah jadi bintang terbesar <txt:bold,2>Liga Phantom</txt:bold>. Sekarang saya main bola tampar pantai untuk <txt:bold,2>Sun Volleyball Team</txt:bold>!","Trước đây từng là siêu sao của <txt:bold,2>Phantom League</txt:bold>, còn bây giờ thì chơi bóng chuyền bãi biển cho <txt:bold,2>Đội Bóng Chuyền Mặt Trời</txt:bold>!","¡En un tiempo fui una superestrella de la <txt:bold,2>Liga Fantasma</txt:bold>, y ahora juego voleibol de playa en el <txt:bold,2>Equipo de Voleibol Solar</txt:bold>!","Sebelumnya aku adalah Superstar di <txt:bold,2>Liga Phantom</txt:bold>, dan sekarang aku sedang bermain Beach Volleyball untuk <txt:bold,2>Solar Volleyball Team</txt:bold>!","ครั้งหนึ่งฉันเคยเป็นซูเปอร์สตาร์ของ<txt:bold,2>แฟนธอมลีก</txt:bold> ส่วนตอนนี้กำลังเล่นวอลเลย์บอลชายหาดอยู่ใน<txt:bold,2>กลุ่มวอลเลย์บอลดวงตะวัน</txt:bold>น่ะ!","Já fui uma superestrela da <txt:bold,2>Liga Phantom</txt:bold> e hoje jogo vôlei de praia no <txt:bold,2>Clube de Vôlei Sol</txt:bold>!"
,,,오아시스_유니폼,,1_기본,,,배구를 하고 싶단 의지만 있다면... 내게 맡겨 주지 않을래? 내가 널 도와줄게!,If you’ve got the will to play... leave it to me. I’ll help you!,バレーをやりたいって気持ちさえあるなら‥俺に任せてくれないか？力を貸すよ！,只要你还有想打球的意志‥不如交给我试试？我会帮你的！,只要妳還有想打球的意志‥不妨交給我試試？我會幫妳的！,"Положись на меня, я помогу! Если только у тебя не пропало желание заниматься волейболом.",Kalau awak ada keinginan untuk bermain... serahkan kepada saya. Saya akan membantu!,Chỉ cần cậu vẫn còn ý chí muốn chơi bóng chuyền... giao cho tôi được không? Tôi sẽ giúp cậu!,Si tienes la voluntad de jugar al voleibol... ¿Te gustaría dejármelo a mí? ¡Yo te ayudaré!,Jika kamu masih punya determinasi untuk bermain bola voli... Bagaimana kalau serahkan sisanya padaku? Aku akan membantumu!,ถ้ามีความมุ่งมั่นที่จะเล่นวอลเลย์บอลล่ะก็... ลองเชื่อใจฉันดูไหม? ฉันจะช่วยเธอเอง!,Se você ainda tem vontade de jogar vôlei... deixa isso comigo.
,,,오아시스_유니폼,,1_기본,,,난 이미 그 과정을 겪었거든!,I’ve been through it myself!,俺はもうその過程を経験してるからな！,因为我也曾经历过和你一样的处境！,因為我也曾經歷過同樣的問題！,Я тоже прошел через это!,Saya sendiri pernah melaluinya!,Vì tôi đã từng trải qua quá trình đó rồi!,¡Yo ya pasé por ese proceso!,Aku sudah melalui pengalaman yang sama denganmu.,เพราะฉันผ่านเรื่องแบบนั้นมาแล้วล่ะ!,Eu já passei por tudo isso.
,,,제니_자켓,,1_외침,,,...!!,...!,‥！！,‥！！,‥！！,!..,...!,...!!,¡...!!,...!!,...!!,!!!
,,,오아시스_유니폼,,1_무표정,,,"물론, 죽고 싶을 만큼 힘들 거야. ","Fair warning, it’ll be brutal.",もちろん、死ぬほどつらいと思う。,当然，过程可能会让你痛苦得想死。,當然，這過程會痛苦到讓妳想死。,"Конечно, будет до смерти трудно.","Amaran dulu, ia pasti susah.","Tất nhiên, sẽ vô cùng khó khăn.","Por supuesto, será tan difícil que querrás morir.","Tentu saja, prosesnya akan sangat berat, sampai rasanya ingin mati.",แน่นอนว่ามันจะเหนื่อยแทบตายเลย,E sim... vai ser difícil. Difícil a ponto de você querer desistir.
,,,오아시스_유니폼,,1_기본,,,"<txt:bold,1>하지만, <wrt:wait,30>나을 수 있어.</txt:bold>","<txt:bold,1>But, <wrt:wait,30>you can get better.</txt:bold>","<txt:bold,1>でも、<wrt:wait,30>治せるんだ。</txt:bold>","<txt:bold,1>但是，<wrt:wait,30>一定能治好的。</txt:bold>","<txt:bold,1>但是，<wrt:wait,30>一定會痊癒的。</txt:bold>","<txt:bold,1>Но <wrt:wait,30>ты поправишься.</txt:bold>","<txt:bold,1>Tetapi, <wrt:wait,30>awak akan sembuh.</txt:bold>","<txt:bold,1>Nhưng... <wrt:wait,30>cậu có thể hồi phục được.</txt:bold>","<txt:bold,1>Sin embargo, <wrt:wait,30>podrás curarte.</txt:bold>","<txt:bold,1>Tapi, <wrt:wait,30>kamu bisa pulih lagi.</txt:bold>","<txt:bold,1>แต่ว่า<wrt:wait,30>สามารถหายได้</txt:bold>","<txt:bold,1>Mas... <wrt:wait,30>dá pra melhorar.</txt:bold>"
,,,오아시스_유니폼,,1_기본,,,선택은 네 몫이야. 언니를 따라가는 것도 하나의 길이지.,The choice is yours. Going with Sara is one path.,選ぶのは君次第だ。お姉さんについていくのも一つの手だぞ。,选择权在你。跟着姐姐回去也是一种选择。,選擇權在妳手上。當然，妳也可以選擇跟著姐姐走。,Выбор за тобой. Пойти за Сарой тоже вариант.,Pilihan di tangan awak. Pergi dengan Sara adalah satu jalan.,Lựa chọn là của cậu. Đi theo chị mình cũng là một con đường.,"La elección es tuya. Seguir a <txt:bold,2><txt:color,orange>Sara</txt:color></txt:bold> también es un camino.",Terserah pilihanmu. Kamu juga bisa pergi mengikuti kakakmu pulang.,การตัดสินใจเป็นสิทธิ์ของเธอ การตามพี่สาวไปก็เป็นอีกทางหนึ่งเหมือนกัน,"A escolha é sua. Ir com a <txt:bold,2><txt:color,orange>Sara</txt:color></txt:bold> também é uma opção."
,,,오아시스_유니폼,,1_훗,pause,,"그래도 다시 한번 도전하고 싶다면, 날 따라와.","But if you want to give it one more shot, come with me.",それでももう一度挑戦したいなら、俺についてきてくれ。,但如果你想再次挑战自我，那就跟我走。,但如果妳還想再挑戰一次，就跟著我來吧。,"Но если хочешь еще раз бросить вызов себе, приходи ко мне.","Tetapi kalau awak nak cuba sekali lagi, ikut saya.","Nhưng nếu cậu vẫn muốn thử thách thêm một lần nữa, hãy theo tôi.","Pero si quieres intentarlo una vez más, sígueme.","Meski begitu jika kamu ingin menantang kembali, ikuti aku.",แต่ถ้าอยากจะลองท้าทายอีกสักครั้ง ก็ตามฉันมา,"Mas, se quiser tentar de novo, venha comigo."
,,,오아시스_유니폼,,1_웃음,pause,,"<txt:bold,1>내가 널 <wrt:wait,30>다시 배구 선수로 만들어 줄게.</txt:bold>","<txt:bold,1>I will <wrt:wait,30>make you a volleyball player again.</txt:bold>","<txt:bold,1>俺が君を<wrt:wait,30>もう一度バレー選手にしてあげるよ。</txt:bold>","<txt:bold,1>我会让你<wrt:wait,30>再次成为一名排球选手的。</txt:bold>","<txt:bold,1>我會<wrt:wait,30>讓妳再次以排球選手的身分重回球場的。</txt:bold>","<txt:bold,1>Я снова сделаю из тебя <wrt:wait,30>волейболиста.</txt:bold>","<txt:bold,1>Saya akan <wrt:wait,30>jadikan awak pemain bola tampar semula.</txt:bold>","<txt:bold,1>Tôi sẽ biến cậu <wrt:wait,30>trở lại thành một tuyển thủ bóng chuyền.</txt:bold>","<txt:bold,1>Yo te convertiré <wrt:wait,30>en una jugadora de voleibol de nuevo.</txt:bold>","<txt:bold,1>Aku akan <wrt:wait,30>buat kamu kembali menjadi atlet bola voli lagi.</txt:bold>","<txt:bold,1>ฉันจะทำให้เธอ<wrt:wait,30>กลายเป็นนักกีฬาวอลเลย์บอลอีกครั้ง</txt:bold>","<txt:bold,1>Eu vou te ajudar a <wrt:wait,30>voltar a ser uma jogadora de vôlei.</txt:bold>"
,,,제니_자켓,,1_새침,,,...언니. ,"<txt:bold,2><txt:color,orange>Sara</txt:color></txt:bold>...",‥お姉ちゃん。,‥姐姐。,‥姐姐。,Сара...,"...<txt:bold,2><txt:color,orange>Sara</txt:color></txt:bold>.",...Chị.,"...<txt:bold,2><txt:color,orange>Sara</txt:color></txt:bold>.",...Kakak.,...พี่,"<txt:bold,2><txt:color,orange>Sara</txt:color></txt:bold>..."
,,,서사라_유니폼,,1_미소1,,,"...<txt:bold,2><txt:color,orange>제니</txt:color></txt:bold>, 네 선택에 맡길게.","<txt:bold,2><txt:color,orange>Jenny</txt:color></txt:bold>, it’s up to you.","‥<txt:bold,2><txt:color,orange>ジェニー</txt:color></txt:bold>、あなたが決めて。","‥<txt:bold,2><txt:color,orange>珍妮</txt:color></txt:bold>，按你自己的心意选吧。","‥<txt:bold,2><txt:color,orange>珍妮</txt:color></txt:bold>，妳自己決定吧。","...<txt:bold,2><txt:color,orange>Дженни</txt:color></txt:bold>, выбирай сама.","...<txt:bold,2><txt:color,orange>Jenny</txt:color></txt:bold>, terpulang kepada awak.","...<txt:bold,2><txt:color,orange>Jenny</txt:color></txt:bold>, chị sẽ để em tự quyết định.","...<txt:bold,2><txt:color,orange>Jenny</txt:color></txt:bold>, te lo dejo a tu elección.","...<txt:bold,2><txt:color,orange>Jenny</txt:color></txt:bold>, aku akan mengikuti pilihanmu.","...<txt:bold,2><txt:color,orange>เจนนี่</txt:color></txt:bold> ฉันให้เธอตัดสินใจได้เลย","<txt:bold,2><txt:color,orange>Jenny</txt:color></txt:bold>... eu vou respeitar a sua decisão."
,,,제니_자켓,,1_새침,,,"<txt:bold,2>록웰</txt:bold>로 돌아가자고 해줘서 고마워.","Thank you for asking me to come to <txt:bold,2>Rockwell</txt:bold>.","<txt:bold,2>ロックウェル</txt:bold>に帰ろうって言ってくれてありがとう。","谢谢你提议让我回<txt:bold,2>洛克威尔</txt:bold>。","謝謝妳提議要帶我回<txt:bold,2>洛克威爾</txt:bold>。","Спасибо за приглашение в<txt:bold,2>«Роквелл»</txt:bold>.","Terima kasih kerana mengajak saya ke <txt:bold,2>Rockwell</txt:bold>.","Cảm ơn chị vì đã nói hãy quay về <txt:bold,2>Rockwell</txt:bold>.","Gracias por pedirme que regresemos juntas a <txt:bold,2>Rockwell</txt:bold>.","Terima kasih telah mengajakku kembali ke <txt:bold,2>Rockwell</txt:bold>.","ขอบคุณที่ชวนฉันกลับไป<txt:bold,2>ร็อกเวล</txt:bold>นะ","Obrigada por me chamar pra voltar pra <txt:bold,2>Rockwell</txt:bold>."
,,,제니_자켓,,1_외침,,,"하지만 나, 다시 한번 도전해 보고 싶어.",But I want to try one more time.,でもあたし、もう一度挑戦してみたい。,但是，我想再挑战一次。,但是我，還是想再挑戰一次看看。,Но я хочу снова попробовать играть.,Tetapi saya mahu cuba sekali lagi.,Nhưng em muốn thử thách thêm một lần nữa.,"Pero yo, quiero intentarlo una vez más.","Tapi aku, masih ingin coba menantang sekali lagi.",แต่ว่าฉันอยากลองท้าทายอีกสักครั้ง,Mas eu quero tentar mais uma vez.
,,,제니_자켓,,1_미소,,,"언니와 다시 배구를 하는 건... <wrt:wait,30>다음 기회로 미룰게.","Playing volleyball with you again... <wrt:wait,30>I’ll save that for next time.","お姉ちゃんとバレーするのは‥<wrt:wait,30>また今度にするね。","和姐姐一起打球‥<wrt:wait,30>就留到下次吧。","跟姐姐一起打排球的事‥<wrt:wait,30>就留到下次吧。","А пока ненадолго отложим... <wrt:wait,30>волейбол с тобой.","Bermain bola tampar dengan kamu semula... <wrt:wait,30>Saya akan simpan untuk lain kali.","Chuyện được chơi bóng chuyền cùng chị... <wrt:wait,30>để lần sau vậy.","Volver a jugar al voleibol contigo... <wrt:wait,30>lo pospondré para la próxima oportunidad.","Bermain voli lagi dengan kakak... <wrt:wait,30>Itu aku tunda untuk nanti.","การเล่นวอลเลย์บอลกับพี่อีกครั้งน่ะ... <wrt:wait,30>ขอเลื่อนไปเป็นโอกาสหน้านะ","Jogar vôlei com você... <wrt:wait,30>vamos deixar pra próxima."
,,,제니_자켓,,1_미소,,,대신 반드시 나아서 돌아올 테니까. 기다려줘.,But I’ll definitely get better and come back. Wait for me.,その代わり必ず治って戻ってくるから。待っててね。,我一定会治好伤回来的。等我。,我一定會治好傷回來的。等我喔。,Только дождись меня. Я обязательно поправлюсь и вернусь!,Tapi saya pasti akan menjadi lebih baik dan kembali. Tunggu saya.,Nhưng em nhất định sẽ chữa khỏi rồi quay lại. Hãy đợi em nhé.,Pero a cambio definitivamente me curaré y volveré. Espérame.,"Sebagai gantinya, aku pasti akan kembali setelah memulihkan tubuhku. Tunggu aku ya.",แต่ว่าฉันจะหายดีกลับมาแน่นอน ช่วยรอฉันหน่อยนะ,Prometo que vou me recuperar e voltar.
,,,서사라_유니폼,,1_미소2,,exclam,...응!,Yeah...!,‥ええ！,‥嗯！,‥嗯！,Хорошо!,Ya...!,...Ừ!,...¡Sí!,...Baiklah!,...อื้ม!,Claro!
,,,TAG,,,,,"<eff:black,3><sys:quiet,600>","<eff:black,3><sys:quiet,600>","<eff:black,3><sys:quiet,600>","<eff:black,3><sys:quiet,600>","<eff:black,3><sys:quiet,600>","<eff:black,3><sys:quiet,600>","<eff:black,3><sys:quiet,600>","<eff:black,3><sys:quiet,600>","<eff:black,3><sys:quiet,600>","<eff:black,3><sys:quiet,600>","<eff:black,3><sys:quiet,600>","<eff:black,3><sys:quiet,600>"
,,,TAG,,,,,"<sys:qmap,팬텀리그_경기장><cha:qpos,제니_자켓,4><cha:qpos,서사라_유니폼,4><cha:qpos,오아시스_유니폼,4><cha:qpos,라울,0>","<sys:qmap,팬텀리그_경기장><cha:qpos,제니_자켓,4><cha:qpos,서사라_유니폼,4><cha:qpos,오아시스_유니폼,4><cha:qpos,라울,0>","<sys:qmap,팬텀리그_경기장><cha:qpos,제니_자켓,4><cha:qpos,서사라_유니폼,4><cha:qpos,오아시스_유니폼,4><cha:qpos,라울,0>","<sys:qmap,팬텀리그_경기장><cha:qpos,제니_자켓,4><cha:qpos,서사라_유니폼,4><cha:qpos,오아시스_유니폼,4><cha:qpos,라울,0>","<sys:qmap,팬텀리그_경기장><cha:qpos,제니_자켓,4><cha:qpos,서사라_유니폼,4><cha:qpos,오아시스_유니폼,4><cha:qpos,라울,0>","<sys:qmap,팬텀리그_경기장><cha:qpos,제니_자켓,4><cha:qpos,서사라_유니폼,4><cha:qpos,오아시스_유니폼,4><cha:qpos,라울,0>","<sys:qmap,팬텀리그_경기장><cha:qpos,제니_자켓,4><cha:qpos,서사라_유니폼,4><cha:qpos,오아시스_유니폼,4><cha:qpos,라울,0>","<sys:qmap,팬텀리그_경기장><cha:qpos,제니_자켓,4><cha:qpos,서사라_유니폼,4><cha:qpos,오아시스_유니폼,4><cha:qpos,라울,0>","<sys:qmap,팬텀리그_경기장><cha:qpos,제니_자켓,4><cha:qpos,서사라_유니폼,4><cha:qpos,오아시스_유니폼,4><cha:qpos,라울,0>","<sys:qmap,팬텀리그_경기장><cha:qpos,제니_자켓,4><cha:qpos,서사라_유니폼,4><cha:qpos,오아시스_유니폼,4><cha:qpos,라울,0>","<sys:qmap,팬텀리그_경기장><cha:qpos,제니_자켓,4><cha:qpos,서사라_유니폼,4><cha:qpos,오아시스_유니폼,4><cha:qpos,라울,0>","<sys:qmap,팬텀리그_경기장><cha:qpos,제니_자켓,4><cha:qpos,서사라_유니폼,4><cha:qpos,오아시스_유니폼,4><cha:qpos,라울,0>"
,,,라울,,1_짜증,pause,,"<sys:bgm,BGM_THE_DE_LUCA_OATH,600>...내가... <wrt:wait,30>졌다고?","<sys:bgm,BGM_THE_DE_LUCA_OATH,600>I... <wrt:wait,30>lost?","<sys:bgm,BGM_THE_DE_LUCA_OATH,600>‥俺が‥<wrt:wait,30>負けただと？","<sys:bgm,BGM_THE_DE_LUCA_OATH,600>‥我竟然‥<wrt:wait,30>输了？","<sys:bgm,BGM_THE_DE_LUCA_OATH,600>‥我竟然‥<wrt:wait,30>輸了？","<sys:bgm,BGM_THE_DE_LUCA_OATH,600>Я... <wrt:wait,30>проиграл?","<sys:bgm,BGM_THE_DE_LUCA_OATH,600>Saya... <wrt:wait,30>kalah?","<sys:bgm,BGM_THE_DE_LUCA_OATH,600>...Tôi... <wrt:wait,30>thua rồi sao?","<sys:bgm,BGM_THE_DE_LUCA_OATH,600>...¿He... <wrt:wait,30>perdido?","<sys:bgm,BGM_THE_DE_LUCA_OATH,600>...Aku... <wrt:wait,30>kalah?","<sys:bgm,BGM_THE_DE_LUCA_OATH,600>...ฉัน... <wrt:wait,30>แพ้งั้นเหรอ?","<sys:bgm,BGM_THE_DE_LUCA_OATH,600>Eu... <wrt:wait,30>perdi?"
,,,라울,,1_짜증,pause,,"<txt:bold,2>애슈빌 위즐스</txt:bold>...","<txt:bold,2>Asheville Weasels</txt:bold>...","<txt:bold,2>アッシュビルウィーズルズ</txt:bold>‥","<txt:bold,2>阿什维尔黄鼠狼队</txt:bold>‥","<txt:bold,2>阿什維爾鼬鼠隊</txt:bold>‥","<txt:bold,2>«Ашвилл Визлс»</txt:bold>...","<txt:bold,2>Asheville Weasels</txt:bold>...","<txt:bold,2>Asheville Weasels</txt:bold>...","<txt:bold,2>Asheville Weasels</txt:bold>...","<txt:bold,2>Asheville Weasels</txt:bold>...","<txt:bold,2>แอชวิลล์วิซเซิล</txt:bold>...","<txt:bold,2>Asheville Weasels</txt:bold>..."
,,,어린 사라,,,,,"<txt:color,grey>(당신을 꼭 이길 거예요.)</txt:color>","<txt:color,grey>(I’m going to beat you.)</txt:color>","<txt:color,grey>(あなたに絶対勝ちます)</txt:color>","<txt:color,grey>（我一定会打败你的。）</txt:color>","<txt:color,grey>（我絕對會打敗你的。）</txt:color>","<txt:color,grey>(Я обязательно одержу над вами победу.)</txt:color>","<txt:color,grey>(Saya akan kalahkan awak.)</txt:color>","<txt:color,grey>(Em nhất định sẽ thắng anh.)</txt:color>","<txt:color,grey>(Definitivamente lo venceré.)</txt:color>","<txt:color,grey>(Saya pasti akan mengalahkan Anda.)</txt:color>","<txt:color,grey>(ฉันจะเอาชนะคุณให้ได้เลยค่ะ)</txt:color>","<txt:color,grey>(Eu vou te vencer, custe o que custar.)</txt:color>"
,,,라울,,1_짜증,,,"...<wrt:wait,30>하, <wrt:wait,30>너였나.","...<wrt:wait,30>Heh, <wrt:wait,30>so it was you.","‥<wrt:wait,30>ハッ、<wrt:wait,30>お前だったか。","‥<wrt:wait,30>呵，<wrt:wait,30>原来是你啊。","‥<wrt:wait,30>哈，<wrt:wait,30>原來是妳啊。","...<wrt:wait,30>Ух, <wrt:wait,30>так это ты.","...<wrt:wait,30>Heh, <wrt:wait,30>itu awak rupanya.","...<wrt:wait,30>Ha, <wrt:wait,30>là cô sao.","...<wrt:wait,30>Ja, <wrt:wait,30>así que eras tú.","...<wrt:wait,30>Hah, <wrt:wait,30>jadi itu kamu.","...<wrt:wait,30>เฮอะ <wrt:wait,30>เธอเองเหรอ","Ugh... <wrt:wait,30>Aah, <wrt:wait,30>então era você."
,,,라울,,1_기본,,,"그래, <wrt:wait,30>즐거웠다. 꼬맹이.","Yeah. <wrt:wait,30>It was fun, kid.","ああ、<wrt:wait,30>楽しかったぜ。チビ。","确实，<wrt:wait,30>打得很痛快。小丫头。","嗯，<wrt:wait,30>打得很痛快啊，小丫頭。","Что ж, <wrt:wait,30>было весело, малышня.","Ya. <wrt:wait,30>Seronok juga.","Ừ, <wrt:wait,30>vui lắm đấy. Nhóc con.","Sí, <wrt:wait,30>fue muy divertido. Niña.","Baiklah, <wrt:wait,30>Aku telah menikmatinya. Bocah.","เอาเถอะ <wrt:wait,30>สนุกดีนะ เจ้าเด็กน้อย","Bom... <wrt:wait,30>foi uma boa partida, garota."
,,,TAG,,,,,"<cha:pos,라울,2><cha:pos,카를라,-2>","<cha:pos,라울,2><cha:pos,카를라,-2>","<cha:pos,라울,2><cha:pos,카를라,-2>","<cha:pos,라울,2><cha:pos,카를라,-2>","<cha:pos,라울,2><cha:pos,카를라,-2>","<cha:pos,라울,2><cha:pos,카를라,-2>","<cha:pos,라울,2><cha:pos,카를라,-2>","<cha:pos,라울,2><cha:pos,카를라,-2>","<cha:pos,라울,2><cha:pos,카를라,-2>","<cha:pos,라울,2><cha:pos,카를라,-2>","<cha:pos,라울,2><cha:pos,카를라,-2>","<cha:pos,라울,2><cha:pos,카를라,-2>"
,,,카를라,,1_기본,,,"<txt:bold,2><txt:color,orange>라울</txt:color></txt:bold>.","<txt:bold,2><txt:color,orange>Raul</txt:color></txt:bold>.","<txt:bold,2><txt:color,orange>ラウル</txt:color></txt:bold>。","<txt:bold,2><txt:color,orange>拉乌尔</txt:color></txt:bold>。","<txt:bold,2><txt:color,orange>拉烏爾</txt:color></txt:bold>。","<txt:bold,2><txt:color,orange>Рауль</txt:color></txt:bold>.","<txt:bold,2><txt:color,orange>Raul</txt:color></txt:bold>.","...<txt:bold,2><txt:color,orange>Raul</txt:color></txt:bold>.","<txt:bold,2><txt:color,orange>Raúl</txt:color></txt:bold>.","<txt:bold,2><txt:color,orange>Raul</txt:color></txt:bold>.","<txt:bold,2><txt:color,orange>ราอุล</txt:color></txt:bold>","<txt:bold,2><txt:color,orange>Raul</txt:color></txt:bold>."
,,,라울,,1_기본,,,"<txt:bold,2><txt:color,orange>카를라</txt:color></txt:bold>.","<txt:bold,2><txt:color,orange>Carla</txt:color></txt:bold>.","<txt:bold,2><txt:color,orange>カルラ</txt:color></txt:bold>。","<txt:bold,2><txt:color,orange>卡拉</txt:color></txt:bold>。","<txt:bold,2><txt:color,orange>卡拉</txt:color></txt:bold>。","<txt:bold,2><txt:color,orange>Карла</txt:color></txt:bold>.","...<txt:bold,2><txt:color,orange>Carla</txt:color></txt:bold>.","<txt:bold,2><txt:color,orange>Carla</txt:color></txt:bold>.","<txt:bold,2><txt:color,orange>Carla</txt:color></txt:bold>.","<txt:bold,2><txt:color,orange>Carla</txt:color></txt:bold>.","<txt:bold,2><txt:color,orange>คาร์ลา</txt:color></txt:bold>","<txt:bold,2><txt:color,orange>Carla</txt:color></txt:bold>."
,,,카를라,,1_기본,,,고생했어. 멋진 플레이였어.,Good work. You played well.,お疲れさま。素敵なプレーだったわ。,辛苦了。打得很精彩。,辛苦了。打了一場精彩的比賽。,"Отличная игра, ты молодец.",Syabas. Awak bermain dengan baik.,Vất vả rồi. Một màn thi đấu rất tuyệt.,Has trabajado duro. Fue un gran partido.,Kamu telah bekerja keras. Permainanmu sangat keren.,นายเก่งมาก เป็นการเล่นที่ยอดเยี่ยมเลย,Bom trabalho! Foi um jogo impressionante.
,,,카를라,,1_미소,,,"<txt:bold,2><txt:color,orange>상현</txt:color></txt:bold>이 <txt:bold,2><txt:color,orange>서사라</txt:color></txt:bold>에게 연락하도록 내버려둔 건 꽤 괜찮은 선택이었던 것 같네.","Letting <txt:bold,2><txt:color,orange>Sanghyeon</txt:color></txt:bold> contact <txt:bold,2><txt:color,orange>Sara</txt:color></txt:bold> might’ve been the right call after all.","<txt:bold,2><txt:color,orange>白石優翔</txt:color></txt:bold>が<txt:bold,2><txt:color,orange>有田紗良</txt:color></txt:bold>に連絡するのをあえて止めなかったのは正解だったみたいね。","看来让<txt:bold,2><txt:color,orange>尚贤</txt:color></txt:bold>去联系<txt:bold,2><txt:color,orange>徐莎拉</txt:color></txt:bold>是个非常明智的选择。","讓<txt:bold,2><txt:color,orange>尚賢</txt:color></txt:bold>去聯絡<txt:bold,2><txt:color,orange>徐莎拉</txt:color></txt:bold>，看來是個明智的決定。","Думаю, я правильно поступила, позволив <txt:bold,2><txt:color,orange>Санхёну</txt:color></txt:bold> связаться с <txt:bold,2><txt:color,orange>Со Сарой</txt:color></txt:bold>.","Membenarkan <txt:bold,2><txt:color,orange>Sanghyeon</txt:color></txt:bold> menghubungi <txt:bold,2><txt:color,orange>Sara</txt:color></txt:bold> mungkin keputusan yang tepat juga.","Việc để <txt:bold,2><txt:color,orange>Sanghyeon</txt:color></txt:bold> liên lạc với <txt:bold,2><txt:color,orange>Seo Sara</txt:color></txt:bold> hóa ra là một lựa chọn khá đúng đắn.","Parece que dejar que <txt:bold,2><txt:color,orange>Sanghyeon</txt:color></txt:bold> contactara a <txt:bold,2><txt:color,orange>Sara</txt:color></txt:bold> fue una buena elección.","Sepertinya membiarkan <txt:bold,2><txt:color,orange>Sanghyeon</txt:color></txt:bold> menghubungi <txt:bold,2><txt:color,orange>Sara Seo</txt:color></txt:bold> adalah pilihan yang cukup tepat.","การปล่อยให้<txt:bold,2><txt:color,orange>ซังฮยอน</txt:color></txt:bold>ติดต่อ<txt:bold,2><txt:color,orange>ซอซาร่า</txt:color></txt:bold> ดูเหมือนจะเป็นการตัดสินใจที่โอเคไม่เบาเลยนะ","Deixar o <txt:bold,2><txt:color,orange>Sanghyeon</txt:color></txt:bold> entrar em contato com a <txt:bold,2><txt:color,orange>Sara Seo</txt:color></txt:bold> foi uma boa decisão."
,,,카를라,,1_무서움,,,"덕분에 <txt:bold,2>슈퍼 리그</txt:bold>를 출범시키기 위한 자금이 충분히 모였어.","Thanks to that, we raised more than enough funds to launch the <txt:bold,2>Super League</txt:bold>.","おかげで<txt:bold,2>スーパーリーグ</txt:bold>を立ち上げるための資金がしっかり確保できたわ。","多亏了他，创办<txt:bold,2>超级联赛</txt:bold>的资金已经绰绰有余。","多虧如此，成立<txt:bold,2>超級聯賽</txt:bold>的資金已經籌措得差不多了。","Так получилось собрать достаточно средств для проведения <txt:bold,2>Суперлиги</txt:bold>.","Akibat dari itu, kita telah mengumpul lebih daripada cukup dana untuk melancarkan <txt:bold,2>Liga Super</txt:bold>.","Nhờ vậy mà chúng ta đã gom đủ vốn để khởi động <txt:bold,2>Super League</txt:bold>.","Gracias a eso reunimos los fondos suficientes para lanzar la <txt:bold,2>Super League</txt:bold>.","Berkat itu, dana untuk peluncuran <txt:bold,2>Liga Super</txt:bold> sudah cukup terkumpul.","ตอนนี้ก็เลยรวบรวมเงินทุนสำหรับ<txt:bold,2>ซูเปอร์ลีก</txt:bold>ได้พอแล้ว","Graças a isso, conseguimos dinheiro suficiente pra lançar a <txt:bold,2>Super Liga</txt:bold>."
,,,카를라,,1_기본,,,"<txt:bold,2><txt:color,orange>정다희</txt:color></txt:bold>를 두고 거래해서 <txt:bold,2><txt:color,orange>빅토르</txt:color></txt:bold>가 <txt:bold,2>슈퍼 리그</txt:bold> 참가 계약도 받아냈고.","Trading <txt:bold,2><txt:color,orange>Dahee</txt:color></txt:bold> got us <txt:bold,2><txt:color,orange>Victor</txt:color></txt:bold>’s <txt:bold,2>Super League</txt:bold> participation contract too.","<txt:bold,2><txt:color,orange>飛鳥夏希</txt:color></txt:bold>を引き渡す条件で<txt:bold,2><txt:color,orange>ビクトル</txt:color></txt:bold>から<txt:bold,2>スーパーリーグ</txt:bold>参加契約も取り付けたし。","还以<txt:bold,2><txt:color,orange>郑多熙</txt:color></txt:bold>作为筹码达成交易，拿到了<txt:bold,2><txt:color,orange>维克托</txt:color></txt:bold>参加<txt:bold,2>超级联赛</txt:bold>的合约。","利用<txt:bold,2><txt:color,orange>鄭多熙</txt:color></txt:bold>進行交易，順利拿到了<txt:bold,2><txt:color,orange>維克托</txt:color></txt:bold>參加<txt:bold,2>超級聯賽</txt:bold>的合約。","К тому же <txt:bold,2><txt:color,orange>Виктор</txt:color></txt:bold> заключил сделку насчёт <txt:bold,2><txt:color,orange>Чон Дахи</txt:color></txt:bold> и получил контракт на участие в <txt:bold,2>Суперлиге</txt:bold>.","Menukar <txt:bold,2><txt:color,orange>Dahee</txt:color></txt:bold> memberi kami kontrak penyertaan <txt:bold,2><txt:color,orange>Victor</txt:color></txt:bold> dalam <txt:bold,2>Liga Super</txt:bold> juga.","Cũng nhờ dùng <txt:bold,2><txt:color,orange>Jeong Dahee</txt:color></txt:bold> làm điều kiện trao đổi mà <txt:bold,2><txt:color,orange>Victor</txt:color></txt:bold> đã ký hợp đồng tham gia <txt:bold,2>Super League</txt:bold>.","Y también logramos que <txt:bold,2><txt:color,orange>Victor</txt:color></txt:bold> firmara el contrato de participación en la <txt:bold,2>Super League</txt:bold> negociando la liberación de <txt:bold,2><txt:color,orange>Dahee Jung</txt:color></txt:bold>.","Dengan menukar <txt:bold,2><txt:color,orange>Dahee Jung</txt:color></txt:bold>, kita juga berhasil mendapatkan kontrak partisipasi untuk <txt:bold,2><txt:color,orange>Victor</txt:color></txt:bold> di <txt:bold,2>Liga Super</txt:bold>.","แถมยังใช้<txt:bold,2><txt:color,orange>จองดาฮี</txt:color></txt:bold>เป็นข้อต่อรอง จนได้สัญญาเข้าร่วม<txt:bold,2>ซูเปอร์ลีก</txt:bold>ของ<txt:bold,2><txt:color,orange>วิกเตอร์</txt:color></txt:bold>มาแล้วด้วย","Também colocamos a <txt:bold,2><txt:color,orange>Dahee Jung</txt:color></txt:bold> no acordo, e assim conseguimos o contrato que garante a participação do <txt:bold,2><txt:color,orange>Victor</txt:color></txt:bold> na <txt:bold,2>Super Liga</txt:bold>."
,,,카를라,,1_기본,,,어차피 이곳도 정리할 생각이었으니까 손해 본 건 아무것도 없어.,"I was planning to shut this place down anyway, so we lost nothing.",どうせここも片付けるつもりだったし、別に損したわけじゃないわ。,反正这里我也打算关了，可以说没有任何损失。,反正這裡也打算收掉了，我們可以說是毫無損失。,"Мы в любом случае собирались уезжать отсюда, так что особых потерь нет.","Saya dah merancang untuk menutup tempat ini, jadi kita tidak kehilangan apa-apa.",Dù sao chúng ta cũng định dọn dẹp nơi này rồi nên chẳng thiệt hại gì cả.,"De todas formas pensaba deshacerme de este lugar, así que no hemos perdido nada.","Dan lagi karena sejak awal aku memang berencana untuk meninggalkan tempat ini, jadi sama sekali tidak ada kerugian.",ถึงยังไงฉันก็คิดจะเคลียร์ที่นี่อยู่แล้ว เลยไม่มีอะไรเสียหาย,"Eu já planejava sair daqui mesmo, então não perdi nada."
,,,카를라,,1_미소,,,"전부 계획대로야. <wrt:wait,30>경기 결과만 제외하면 말이지.","Everything went according to plan. <wrt:wait,30>Except the result of the match.","全て計画通りよ。<wrt:wait,30>試合結果だけを除けばね。","一切都在计划之中。<wrt:wait,30>当然，除了比赛结果。","一切都在計畫之中。<wrt:wait,30>除了比賽結果。","Все по плану. <wrt:wait,30>Кроме результата матча.","Semuanya berjalan mengikut rancangan. <wrt:wait,30>Kecuali keputusan perlawanan.","Mọi thứ đều đúng như kế hoạch. <wrt:wait,30>Ngoại trừ kết quả trận đấu.","Todo ha salido según el plan. <wrt:wait,30>Excepto por el resultado del partido, claro.","Semuanya berjalan sesuai rencana. <wrt:wait,30>Semuanya kecuali hasil pertandingan.","ทั้งหมดเป็นไปตามแผนเลย <wrt:wait,30>ยกเว้นผลการแข่งขันน่ะ","Tudo saiu exatamente como planejado... <wrt:wait,30>exceto pelo resultado da partida."
,,,카를라,,1_미소,,,"물론, <txt:bold,2><txt:color,orange>라울</txt:color></txt:bold>. 널 탓하지 않아.","Of course, I’m not blaming you, <txt:bold,2><txt:color,orange>Raul</txt:color></txt:bold>.","もちろん、<txt:bold,2><txt:color,orange>ラウル</txt:color></txt:bold>。あなたを責めてるわけじゃないわ。","不过，<txt:bold,2><txt:color,orange>拉乌尔</txt:color></txt:bold>，我不会怪你。","不過，我也不會怪你的。<txt:bold,2><txt:color,orange>拉烏爾</txt:color></txt:bold>。","Конечно, <txt:bold,2><txt:color,orange>Рауль</txt:color></txt:bold>, я тебя не виню.","Tentu saya tidak menyalahkan awak, <txt:bold,2><txt:color,orange>Raul</txt:color></txt:bold>.","Tất nhiên rồi, <txt:bold,2><txt:color,orange>Raul</txt:color></txt:bold>. Tôi không trách cậu đâu.","Por supuesto, <txt:bold,2><txt:color,orange>Raúl</txt:color></txt:bold>. No te culpo.","Tentu saja, <txt:bold,2><txt:color,orange>Raul</txt:color></txt:bold>. Aku tidak akan menyalahkanmu.","แน่นอนว่าฉันไม่ได้โทษว่าเป็นความผิดของนายหรอกนะ <txt:bold,2><txt:color,orange>ราอุล</txt:color></txt:bold>","Claro, <txt:bold,2><txt:color,orange>Raul</txt:color></txt:bold>. Não tô te culpando."
,,,카를라,,1_기본,nervous,,"굳이 따지자면... 그래, 내 실수지.",If anything... yeah. It was my mistake.,強いて言えば‥そうね、私のミスよ。,硬要说的话‥那是我的失误。,硬要說的話‥沒錯，那是我的失誤。,Это больше моя ошибка...,Kalau ada pun... ya. Itu kesilapan saya.,"Nếu phải trách thì... ừ, là lỗi của tôi.","Si tuviera que buscar un culpable... sí, fue mi error.","Kalau harus dikatakan... ya, ini adalah kesalahanku.",ให้พูดกันชัดๆ ก็คือ... ใช่ เป็นความผิดพลาดของฉันต่างหาก,Se alguém errou aqui... fui eu.
,,,카를라,,1_기본,nervous,,내가 그들을 과소평가했나 봐.,I underestimated them.,私が彼らを少し見くびってたみたいね。,看来是我有点低估他们了。,看來我太小看他們了。,"Кажется, я их недооценила.",Saya memandang rendah mereka.,Có lẽ tôi đã đánh giá họ hơi thấp.,Parece que los subestimé un poco.,Aku terlalu meremehkan mereka.,ฉันคงประเมินพวกนั้นต่ำไป,Acho que subestimei eles.
,,,카를라,,1_기본,nervous,,"<txt:bold,2><txt:color,orange>서사라</txt:color></txt:bold>를 이기게 해서 네 오명을 지우고, 화려하게 널 복귀시키고 싶었는데.","I wanted you to beat <txt:bold,2><txt:color,orange>Sara</txt:color></txt:bold> and clear your name. A grand comeback.","<txt:bold,2><txt:color,orange>有田紗良</txt:color></txt:bold>に勝ってあなたの汚名を晴らし、華やかに復帰させたかったのに。","我本想让你赢过<txt:bold,2><txt:color,orange>徐莎拉</txt:color></txt:bold>，洗清污名，然后华丽回归的。","我本想讓你贏過<txt:bold,2><txt:color,orange>徐莎拉</txt:color></txt:bold>來洗刷汙名，讓你華麗回歸的。","Я хотела, чтобы ты победил <txt:bold,2><txt:color,orange>Со Сару</txt:color></txt:bold>, чтобы смыть пятно позора и устроить тебе блестящее возвращение.","Saya mahu awak kalahkan <txt:bold,2><txt:color,orange>Sara</txt:color></txt:bold> dan bersihkan nama awak. Satu kebangkitan semula yang hebat.","Tôi muốn để cậu thắng <txt:bold,2><txt:color,orange>Seo Sara</txt:color></txt:bold>, rửa sạch tai tiếng rồi trở lại thật huy hoàng.","Quería que borraras tu estigma venciendo a <txt:bold,2><txt:color,orange>Sara</txt:color></txt:bold>, y hacerte regresar de forma espectacular.","Aku berniat untuk membuatmu menang melawan <txt:bold,2><txt:color,orange>Sara Seo</txt:color></txt:bold> untuk mengembalikan nama baikmu dan membuatmu kembali dengan gemilang.","ฉันอยากทำให้นายชนะ<txt:bold,2><txt:color,orange>ซอซาร่า</txt:color></txt:bold>เพื่อลบชื่อเสียของนาย แล้วให้นายได้กลับมาอย่างยิ่งใหญ่แท้ๆ","Meu plano era você derrotar a <txt:bold,2><txt:color,orange>Sara Seo</txt:color></txt:bold> e apagar de vez o seu passado com um retorno grandioso."
,,,카를라,,1_미소,nervous,,그러니까...,So...,だから‥,所以‥,所以說‥,Так что...,Jadi...,Vậy nên...,Por eso...,Jadi itu...,เพราะฉะนั้น...,Então...
,,,카를라,,1_미소,pause,,...,...,‥,‥,‥,...,...,...,...,...,...,...
,,,카를라,,1_후회,pause,,"...미안해, <txt:bold,2><txt:color,orange>라울</txt:color></txt:bold>.","I’m sorry, <txt:bold,2><txt:color,orange>Raul</txt:color></txt:bold>...","‥ごめんなさい、<txt:bold,2><txt:color,orange>ラウル</txt:color></txt:bold>。","‥抱歉，<txt:bold,2><txt:color,orange>拉乌尔</txt:color></txt:bold>。","‥對不起，<txt:bold,2><txt:color,orange>拉烏爾</txt:color></txt:bold>。","Прости, <txt:bold,2><txt:color,orange>Рауль</txt:color></txt:bold>.","Maafkan saya, <txt:bold,2><txt:color,orange>Raul</txt:color></txt:bold>...","...Xin lỗi nhé, <txt:bold,2><txt:color,orange>Raul</txt:color></txt:bold>.","...Lo siento, <txt:bold,2><txt:color,orange>Raúl</txt:color></txt:bold>.","...Maafkan aku, <txt:bold,2><txt:color,orange>Raul</txt:color></txt:bold>.","...ขอโทษนะ <txt:bold,2><txt:color,orange>ราอุล</txt:color></txt:bold>","Desculpa, <txt:bold,2><txt:color,orange>Raul</txt:color></txt:bold>."
,,,카를라,,1_후회,pause,,"역시... <wrt:wait,30>네가 지는 모습은 보고 싶지 않았어.","I just... <wrt:wait,30>didn’t want to see you lose.","やっぱり‥<wrt:wait,30>あなたが負ける姿は見たくなかったわ。","果然‥<wrt:wait,30>我还是不想看到你输的样子。","我果然‥<wrt:wait,30>還是不想看到你輸掉的樣子。","Я уж точно... <wrt:wait,30>не хотела видеть твой проигрыш.","Saya cuma... <wrt:wait,30>tidak mahu melihat awak kalah.","Quả nhiên... <wrt:wait,30>tôi không muốn thấy cậu thua.","Como lo imaginaba... <wrt:wait,30>no quería verte perder.","Mau bagaimanapun juga... <wrt:wait,30>Aku tak ingin melihatmu kalah.","ฉันน่ะ... <wrt:wait,30>ไม่อยากเห็นนายแพ้จริงๆ","Eu realmente... <wrt:wait,30>não queria te ver perder."
,,,라울,,1_무표정,,,...,...,‥,‥,‥,...,...,...,...,...,...,...
,,,라울,,1_기본,,,"하, 뭔가 착각하고 있나 본데.","Ha, I think you’ve got the wrong idea.",ハッ、何か勘違いしてるみてえだが。,哼，你是不是搞错了什么。,呵，妳好像搞錯了什麼。,"Кажется, ты не совсем правильно поняла.","Ha, saya rasa awak salah faham.","Ha, hình như cậu đang hiểu lầm gì đó.","Ja, parece que estás equivocada en algo.","Haha, kau mungkin salah paham.",เฮอะ เหมือนว่าเธอจะเข้าใจอะไรผิดไปนะ,Ah... acho que você tá confundindo as coisas.
,,,라울,,1_기본,,,내가 화려한 복귀전을 원한다고 말한 적이 있던가?,Did I ever say I wanted some grand comeback?,俺が華やかな復帰戦を望んでるなんて言ったことあったか？,我什么时候说过我想要什么华丽的复出战了？,我有說過我想要一場華麗的回歸戰嗎？,"Разве я когда-нибудь говорил, что хочу блестящего возвращения?",Bila saya kata saya mahu kebangkitan semula yang hebat?,Tôi từng nói rằng mình muốn một màn tái xuất huy hoàng sao?,¿Acaso dije alguna vez que quería un regreso espectacular?,Apa aku pernah bilang bahwa aku ingin kembali dengan gemilang?,ฉันเคยบอกเหรอว่าอยากได้การกลับมาอย่างยิ่งใหญ่น่ะ?,Eu disse em algum momento que queria um retorno grandioso?
,,,카를라,,1_기본,,,...,...,‥,‥,‥,...,...,...,...,...,...,...
,,,라울,,1_기본,,,아무렇지도 않아.,It doesn’t bother me.,何ともねえよ。,我根本不在乎。,我一點都不在乎。,Мне все равно.,Saya tak kisah.,Tôi không bận tâm đâu.,No me importa.,Itu tidak jadi masalah bagiku.,ฉันไม่รู้สึกอะไรหรอก,Eu não ligo pra isso.
,,,라울,,1_기본,,,단 한 번도 대단한 명성이나 지위를 바란 적 없어.,I never once cared about fame or status.,たったの一度も大した名声や地位を望んだことなんてねえさ。,我从来没有奢求过什么名声或地位。,我壓根沒想過要追求名聲，或者是地位。,"Я никогда не хотел ни славы, ни высокого положения.",Saya tak pernah peduli tentang kemasyhuran atau kedudukan.,Chưa từng một lần tôi mong muốn danh tiếng hay địa vị gì lớn lao.,Ni una sola vez he deseado fama ni posición.,Aku tidak pernah peduli dengan reputasi besar atau kedudukan.,ฉันไม่เคยต้องการชื่อเสียงหรือสถานะเลยสักครั้งเดียว,Eu nunca quis fama nem posição.
,,,라울,,1_짜증,,,원하는 건 하나뿐이야. 알잖아?,I only want one thing. You know that.,望んでるのは一つだけだ。分かってんだろ？,我想要的只有一个。你应该知道吧？,我想要的只有一個。妳不是知道嗎？,"Ты же знаешь, я хочу лишь одного.",Saya hanya mahu satu perkara. Awak tahu.,Điều tôi muốn chỉ có một thôi. Cậu biết mà?,"Solo quiero una cosa. ¿Lo sabes, verdad?",Yang kuinginkan hanya satu. Dan kau tahu apa itu.,สิ่งที่ฉันต้องการมีแค่อย่างเดียว เธอก็รู้นี่นา?,"Só tem uma coisa que eu quero, e você sabe muito bem o que é."
,,,라울,,1_짜증,,,"<txt:bold,2><txt:color,orange>마르코</txt:color></txt:bold><txt:bold,1>에게 최고의 경기를 보여주는 것.</txt:bold>","<txt:bold,1>To show </txt:bold><txt:bold,2><txt:color,orange>Marco</txt:color></txt:bold><txt:bold,1> the best match I can play.</txt:bold>","<txt:bold,2><txt:color,orange>マルコ</txt:color></txt:bold><txt:bold,1>に最高の試合を見せること。</txt:bold>","<txt:bold,1>就是给</txt:bold><txt:bold,2><txt:color,orange>马可</txt:color></txt:bold><txt:bold,1>献上一场最顶级的比赛。</txt:bold>","<txt:bold,1>就是讓</txt:bold><txt:bold,2><txt:color,orange>馬可</txt:color></txt:bold><txt:bold,1>看到一場最精彩的比賽。</txt:bold>","<txt:bold,1>Показать </txt:bold><txt:bold,2><txt:color,orange>Марко</txt:color></txt:bold><txt:bold,1> лучшую игру.</txt:bold>","<txt:bold,1>Tunjukkan kepada</txt:bold> </txt:bold><txt:bold,2><txt:color,orange>Marco</txt:color></txt:bold> <txt:bold,1>perlawanan terbaik yang saya boleh mainkan.</txt:bold>","<txt:bold,1>Đó là cho </txt:bold><txt:bold,2><txt:color,orange>Marco</txt:color></txt:bold><txt:bold,1> thấy trận đấu tuyệt vời nhất.</txt:bold>","<txt:bold,1>Mostrarle a </txt:bold><txt:bold,2><txt:color,orange>Marco</txt:color></txt:bold><txt:bold,1> el mejor partido.</txt:bold>","<txt:bold,1>Menunjukkan pertandingan terbaik untuk </txt:bold><txt:bold,2><txt:color,orange>Marco</txt:color></txt:bold><txt:bold,1>.</txt:bold>","<txt:bold,1>นั่นคือการให้ </txt:bold><txt:bold,2><txt:color,orange>มาร์โก</txt:color></txt:bold><txt:bold,1> ได้เห็นการแข่งขันที่ดีที่สุด</txt:bold>","<txt:bold,1>Mostrar ao </txt:bold><txt:bold,2><txt:color,orange>Marco</txt:color></txt:bold><txt:bold,1> a melhor partida possível.</txt:bold>"
,,,라울,,1_짜증,,,설령 그 녀석이 이 세상을 떠났더라도.,Even if he’s gone from this world.,たとえあいつがこの世にいなくても。,哪怕他已经不在这个世界上了。,就算他已經不在這世上了。,Даже если его уже нет в этом мире.,Walaupun dia sudah tiada di dunia ini.,Cho dù thằng đó đã rời khỏi thế giới này.,Incluso si él ya ha dejado este mundo.,Meski dia sudah meninggalkan dunia ini.,แม้ว่าเจ้านั่นจะจากโลกนี้ไปแล้วก็ตาม,Mesmo que ele já não esteja mais nesse mundo...
,,,라울,,1_짜증,,,"맹세를 지키기 위해서라면, 명예 따위 조금도 중요하지 않아.","If it’s to keep my promise, my reputation means nothing.",誓いを守るためなら、名誉なんてどうでもいい。,为了守住这个誓言，名誉什么的根本无所谓。,只要能守住那個誓言，名譽什麼的根本一點都不重要。,"Чтобы сдержать своё слово, я готов отбросить славу.","Berbanding itu, reputasi saya tidak bermakna.","Dù thế nào đi nữa, chỉ cần giữ được lời thề đó thì danh dự chẳng có nghĩa lý gì cả.","Con tal de cumplir mi palabra, el honor no me importa en lo más mínimo.","Demi menepati sumpah itu, kehormatan sama sekali tidak penting bagiku.",ถ้าเพื่อรักษาคำสาบานนั้นไว้ล่ะก็ เกียรติยศพวกนั้นมันไม่สำคัญเลย,"Pra cumprir minha promessa, honra não significa nada pra mim."
,,,라울,,1_기본,,,충분했어. 네 도움은.,You’ve done enough. Thank you.,十分だったぜ。お前のサポートは。,你的帮助，已经足够了。,妳已經幫我夠多了。,Твоей помощи хватило сполна.,Awak sudah lakukan yang cukup. Terima kasih.,Sự giúp đỡ của cậu như thế là đủ rồi.,Fue suficiente. Tu ayuda.,Sudah lebih dari cukup. Kamu membantu.,เธอช่วยได้มากพอแล้วล่ะ,Obrigado pela ajuda. Já foi mais do que suficiente.
,,,라울,,1_기본,,,"자, 이제 <txt:bold,2><txt:color,orange>빅토르</txt:color></txt:bold>와 재경기를 하러 가자.","Now come on. Let’s go get that rematch with <txt:bold,2><txt:color,orange>Victor</txt:color></txt:bold>.","さあ、<txt:bold,2><txt:color,orange>ビクトル</txt:color></txt:bold>と再試合しに行くぞ。","走吧，去准备和<txt:bold,2><txt:color,orange>维克托</txt:color></txt:bold>的重赛。","走吧，現在該去和<txt:bold,2><txt:color,orange>維克托</txt:color></txt:bold>再較量一場了。","Пора еще разок сыграть с <txt:bold,2><txt:color,orange>Виктором</txt:color></txt:bold>. Вперед!","Sekarang ayuh. Mari kita berlawan semula dengan <txt:bold,2><txt:color,orange>Victor</txt:color></txt:bold>.","Nào, giờ thì đi tái đấu với <txt:bold,2><txt:color,orange>Victor</txt:color></txt:bold> thôi.","Bien, ahora vamos a jugar el partido de revancha contra <txt:bold,2><txt:color,orange>Victor</txt:color></txt:bold>.","Kalau begitu, mari kita pergi untuk bertanding ulang dengan <txt:bold,2><txt:color,orange>Victor</txt:color></txt:bold>.","เอาล่ะ ทีนี้ก็ไปแข่งรีแมตช์กับ<txt:bold,2><txt:color,orange>วิกเตอร์</txt:color></txt:bold>กันเถอะ","Vamos, tá na hora da revanche com o <txt:bold,2><txt:color,orange>Victor</txt:color></txt:bold>."
,,,라울,,1_기본,,,"앞으로도 잘 부탁해. <wrt:wait,30><txt:bold,2><txt:color,orange>누나</txt:color></txt:bold>","I’m counting on you from here on out. <wrt:wait,30><txt:bold,2><txt:color,orange>Sis</txt:color></txt:bold>.","これからもよろしく頼むぜ。<wrt:wait,30><txt:bold,2><txt:color,orange>姉さん</txt:color></txt:bold>。","以后也请多关照了，<wrt:wait,30><txt:bold,2><txt:color,orange>姐姐</txt:color></txt:bold>。","以後也請多指教了，<wrt:wait,30><txt:bold,2><txt:color,orange>姐姐</txt:color></txt:bold>","Полагаюсь на тебя и впредь, <wrt:wait,30><txt:bold,2><txt:color,orange>Карла</txt:color></txt:bold>.","Saya mengharapkan awak dari sekarang. <wrt:wait,30><txt:bold,2><txt:color,orange>Kak</txt:color></txt:bold>.","Sau này cũng nhờ... <wrt:wait,30><txt:bold,2><txt:color,orange>chị</txt:color></txt:bold> tiếp tục giúp đỡ nhé.","Cuento contigo como siempre. <wrt:wait,30><txt:bold,2><txt:color,orange>Hermana.</txt:color></txt:bold>","Mohon bantuannya. <wrt:wait,30><txt:bold,2><txt:color,orange>Kakak</txt:color></txt:bold>","ต่อไปก็ขอฝากด้วยนะ <wrt:wait,30><txt:bold,2><txt:color,orange>พี่</txt:color></txt:bold>","Conto com você daqui pra frente, <wrt:wait,30><txt:bold,2><txt:color,orange>mana</txt:color></txt:bold>."
,,,카를라,,1_후회,,,...,...,‥,‥,‥,...,...,...,...,...,...,...
,,,카를라,,1_미소,,,"...후후, 그래, 나답지 않았네.",Hehe... Right. That wasn’t like me at all.,‥ふふ、そうね。私らしくなかったわ。,‥呵呵，确实，我刚才有点失态了。,‥呵呵，真是的，剛才是我失態了。,"Ха-ха, ну да, это было на меня не похоже.",Hehe... Betul. Tadi bukan seperti saya langsung.,"...Hừ hừ, đúng là không giống tôi chút nào.","...Jeje, es cierto, no fue propio de mí.","...Huhu, iya, aku yang barusan tidak seperti biasanya.",...ฮิฮิ ใช่สินะ ไม่สมกับเป็นฉันเลยแฮะ,"Hehe, acho que falei algo que não combina comigo."
,,,카를라,,1_기본,,,기대해.,Count on it.,楽しみにしてて。,期待着吧。,拭目以待吧。,Можешь быть уверен...,Percayalah.,Hãy chờ xem.,Espéralo.,Kamu boleh nantikan.,ตั้งตารอได้เลย,Mas fique de olho...
,,,카를라,,1_무서움,,,이제는 실수하지 않을 거니까.,I won’t slip up again.,もうミスなんてしないから。,以后我绝对不会再失手了。,現在開始，我不會再失誤了。,Я больше не сделаю ошибок.,Saya takkan tersilap lagi.,Lần này tôi sẽ không mắc sai lầm nữa.,Ya no cometeré errores.,Kali ini aku tidak akan melakukan kesalahan.,เพราะจากนี้ฉันจะไม่ทำผิดพลาดแล้ว,Agora eu não vou mais errar.
,,,카를라,,1_기본,,,최선을 다해 널 서포트할게.,I’ll support you with everything I’ve got.,全力であなたをサポートするわ。,我会全力以赴支援你的。,我會拚盡全力支援你的。,Положись на меня полностью!,Saya akan sokong awak sepenuh hati.,Tôi sẽ dốc toàn lực để hỗ trợ cậu.,Te apoyaré con todo lo que tengo.,Aku akan mendukungmu dengan sebaik mungkin.,ฉันจะซัพพอร์ตนายอย่างสุดความสามารถเลย,E vou te dar todo o suporte possível.
,,,TAG,,,,,"<eff:black,3><sys:quiet,600>","<eff:black,3><sys:quiet,600>","<eff:black,3><sys:quiet,600>","<eff:black,3><sys:quiet,600>","<eff:black,3><sys:quiet,600>","<eff:black,3><sys:quiet,600>","<eff:black,3><sys:quiet,600>","<eff:black,3><sys:quiet,600>","<eff:black,3><sys:quiet,600>","<eff:black,3><sys:quiet,600>","<eff:black,3><sys:quiet,600>","<eff:black,3><sys:quiet,600>"
,,,TAG,,,,,"<cha:qpos,라울,4><cha:qpos,카를라,4><cha:qpos,마윤석,2><cha:qpos,정다희,-2>","<cha:qpos,라울,4><cha:qpos,카를라,4><cha:qpos,마윤석,2><cha:qpos,정다희,-2>","<cha:qpos,라울,4><cha:qpos,카를라,4><cha:qpos,마윤석,2><cha:qpos,정다희,-2>","<cha:qpos,라울,4><cha:qpos,카를라,4><cha:qpos,마윤석,2><cha:qpos,정다희,-2>","<cha:qpos,라울,4><cha:qpos,카를라,4><cha:qpos,마윤석,2><cha:qpos,정다희,-2>","<cha:qpos,라울,4><cha:qpos,카를라,4><cha:qpos,마윤석,2><cha:qpos,정다희,-2>","<cha:qpos,라울,4><cha:qpos,카를라,4><cha:qpos,마윤석,2><cha:qpos,정다희,-2>","<cha:qpos,라울,4><cha:qpos,카를라,4><cha:qpos,마윤석,2><cha:qpos,정다희,-2>","<cha:qpos,라울,4><cha:qpos,카를라,4><cha:qpos,마윤석,2><cha:qpos,정다희,-2>","<cha:qpos,라울,4><cha:qpos,카를라,4><cha:qpos,마윤석,2><cha:qpos,정다희,-2>","<cha:qpos,라울,4><cha:qpos,카를라,4><cha:qpos,마윤석,2><cha:qpos,정다희,-2>","<cha:qpos,라울,4><cha:qpos,카를라,4><cha:qpos,마윤석,2><cha:qpos,정다희,-2>"
,,,정다희,,1_웃음,,,"<sys:bgm,BGM_PEACE2,1000><txt:bold,2><txt:color,orange>마윤석</txt:color></txt:bold>? 뭐야, 너 왜 경찰과 함께 있는 거야?","<sys:bgm,BGM_PEACE2,1000><txt:bold,2><txt:color,orange>Yoonseok</txt:color></txt:bold>? What are you doing with the police?","<sys:bgm,BGM_PEACE2,1000><txt:bold,2><txt:color,orange>伊藤忠英</txt:color></txt:bold>？えっ、なんで警察と一緒にいるの？","<sys:bgm,BGM_PEACE2,1000><txt:bold,2><txt:color,orange>马允硕</txt:color></txt:bold>？你怎么会跟警察在一起？","<sys:bgm,BGM_PEACE2,1000><txt:bold,2><txt:color,orange>馬允碩</txt:color></txt:bold>？什麼啊，你為什麼會跟警察在一起？","<sys:bgm,BGM_PEACE2,1000><txt:bold,2><txt:color,orange>Ма Юнсок</txt:color></txt:bold>? Ты почему с полицией?","<sys:bgm,BGM_PEACE2,1000><txt:bold,2><txt:color,orange>Yoonseok</txt:color></txt:bold>? Apa awak buat dengan polis?","<sys:bgm,BGM_PEACE2,1000><txt:bold,2><txt:color,orange>Ma Yoonseok</txt:color></txt:bold>? Gì vậy, sao cậu lại đi cùng cảnh sát thế??","¿<sys:bgm,BGM_PEACE2,1000><txt:bold,2><txt:color,orange>Yunseok Ma</txt:color></txt:bold>? ¿Qué pasa, por qué estás con la policía?","<sys:bgm,BGM_PEACE2,1000><txt:bold,2><txt:color,orange>Yunseok Ma</txt:color></txt:bold>? Apa ini, kenapa kamu di dampingi oleh polisi?","<sys:bgm,BGM_PEACE2,1000><txt:bold,2><txt:color,orange>มายุนซอก</txt:color></txt:bold>? อะไรกันเนี่ย ทำไมนายถึงมาอยู่กับตำรวจล่ะ?","<sys:bgm,BGM_PEACE2,1000><txt:bold,2><txt:color,orange>Yunseok Ma?</txt:color></txt:bold> Por que você tá junto com a polícia?"
,,,마윤석,,1_당황,,,"너, 너무해!! <txt:size,2>내가 널 위해 목숨을 걸었는데?!</txt:size>","Y-You’re so mean! <txt:size,2>I risked my life for you!</txt:size>","ひ、ひどいぞ！<txt:size,2>夏希のために命を懸けたのに！？</txt:size>","你们太过分了！！<txt:size,2>我可是为了你连命都豁出去了啊？！</txt:size>","妳、妳太過分了！！<txt:size,2>我可是為了妳連命都豁出去了耶？！</txt:size>","Ужасная несправедливость! <txt:size,2>Я ради тебя рисковал жизнью!</txt:size>","A-Awak sangat kejam! <txt:size,2>Saya gadaikan nyawa untuk awak!</txt:size>","Cậu quá đáng thật đấy!! <txt:size,2>Tôi đã liều mạng vì cậu cơ mà?!</txt:size>","¡¡E-eres cruel!! <txt:size,2>¡¿Yo arriesgué mi vida por ti?!</txt:size>","K-kamu keterlaluan sekali!! <txt:size,2>Padahal aku telah pertaruhkan hidupku untukmu?!</txt:size>","กะ เกินไปแล้วนะ!! <txt:size,2>ฉันอุตส่าห์เสี่ยงชีวิตเพื่อเธอแท้ๆ!</txt:size>","Fala sério! <txt:size,2>Eu apostei a minha vida por você!</txt:size>"
,,,정다희,,2_어머,,,"응...? 그나저나 혹시 <txt:bold,2><txt:color,orange>마윤석</txt:color></txt:bold>. <txt:bold,2><txt:color,orange>시우</txt:color></txt:bold> 본 적 있어?","Huh...? Anyway, <txt:bold,2><txt:color,orange>Yoonseok</txt:color></txt:bold>. Have you seen <txt:bold,2><txt:color,orange>Siwoo</txt:color></txt:bold> anywhere?","うん‥？そんなことより<txt:bold,2><txt:color,orange>忠英</txt:color></txt:bold>。<txt:bold,2><txt:color,orange>新</txt:color></txt:bold>を見なかった？","诶‥？先不说那个，<txt:bold,2><txt:color,orange>马允硕</txt:color></txt:bold>，你见过<txt:bold,2><txt:color,orange>时宇</txt:color></txt:bold>吗？","蛤‥？話說回來，<txt:bold,2><txt:color,orange>馬允碩</txt:color></txt:bold>。你有看到<txt:bold,2><txt:color,orange>時宇</txt:color></txt:bold>嗎？","Чего?.. Лучше скажи, <txt:bold,2><txt:color,orange>Ма Юнсок</txt:color></txt:bold>, ты <txt:bold,2><txt:color,orange>Шиу</txt:color></txt:bold> не видел?","Hah...? Bagaimanapun, <txt:bold,2><txt:color,orange>Yoonseok</txt:color></txt:bold>. Awak nampak tak <txt:bold,2><txt:color,orange>Siwoo</txt:color></txt:bold> di mana-mana?","Hả...? À mà <txt:bold,2><txt:color,orange>Ma Yoonseok</txt:color></txt:bold> này. Cậu có thấy <txt:bold,2><txt:color,orange>Siwoo</txt:color></txt:bold> không?","¿Eh...? Cambiando de tema, por casualidad, <txt:bold,2><txt:color,orange>Yunseok Ma</txt:color></txt:bold>. ¿Has visto a <txt:bold,2><txt:color,orange>Siwoo</txt:color></txt:bold>?","Hmm...? Oh ya ngomong-ngomong <txt:bold,2><txt:color,orange>Yunseok Ma</txt:color></txt:bold>. Apa kamu melihat <txt:bold,2><txt:color,orange>Siwoo</txt:color></txt:bold>?","หืม...? ว่าแต่ <txt:bold,2><txt:color,orange>มายุนซอก</txt:color></txt:bold> นายได้เจอ<txt:bold,2><txt:color,orange>ชีอู</txt:color></txt:bold>บ้างไหม?","Hã? Aliás, <txt:bold,2><txt:color,orange>Yunseok Ma</txt:color></txt:bold>... você viu o <txt:bold,2><txt:color,orange>Siwoo</txt:color></txt:bold>?"
,,,마윤석,,1_분노,shake,,"갸악!! 또 <txt:bold,2><txt:color,orange>백시우</txt:color></txt:bold> 이야기!! 그 녀석이야 어딘가에 널브러져 있겠지!!","Agh! <txt:bold,2><txt:color,orange>Siwoo</txt:color></txt:bold> again?! That guy’s probably passed out in a ditch somewhere!","ぎゃあ！！また<txt:bold,2><txt:color,orange>白井新</txt:color></txt:bold>の話か！！あいつならどっかにぶっ倒れてるんじゃないか！！","呀啊！！又是<txt:bold,2><txt:color,orange>白时宇</txt:color></txt:bold>！！那家伙肯定在哪个角落里缩着呢！！","呀啊啊！！怎麼又是<txt:bold,2><txt:color,orange>白時宇</txt:color></txt:bold>！！那傢伙肯定是在哪個角落耍廢吧！！","А-а! Опять двадцать пять! Один <txt:bold,2><txt:color,orange>Бэк Шиу</txt:color></txt:bold>! Наверняка он где-то валяется!","Agh! <txt:bold,2><txt:color,orange>Siwoo</txt:color></txt:bold> lagi?! Dia tu dah pengsan dalam longkang kot!","Áaaa!! Lại là chuyện <txt:bold,2><txt:color,orange>Baek Siwoo</txt:color></txt:bold> nữa!! Thằng đó chắc đang nằm lăn đâu đó thôi!!","¡¡Kyaaah!! ¡¡Otra vez hablando de <txt:bold,2><txt:color,orange>Siwoo Baek</txt:color></txt:bold>!! ¡¡Ese tipo seguro que está tirado por ahí en algún lado!!","Argghhh!! Tentang <txt:bold,2><txt:color,orange>Siwoo Baek</txt:color></txt:bold> lagi!! Mana aku tahu, dia mungkin sedang terkapar di suatu tempat!!","อ๊าก!! พูดเรื่อง<txt:bold,2><txt:color,orange>แบคชีอู</txt:color></txt:bold>อีกแล้ว!! เจ้านั่นก็คงนอนกองอยู่ที่ไหนสักแห่งนั่นแหละ!!","Aaagh! Lá vem você falar do <txt:bold,2><txt:color,orange>Siwoo Baek</txt:color></txt:bold> de novo! Sei lá! Ele deve estar por aí!"
,,,정다희,,1_언짢,,,"어휴, 넌 어떻게 친구한테 그런 얘기를 할 수 있니? 너무하다, 얘.",Really? How can you say that about a friend? That’s cold.,もう、どうして友達にそんなこと言うの？ひどいよ。,哎呀，你对朋友怎么能说这种话？太过分了你。,哎呀，你怎麼能那樣說朋友呢？太過分了啦。,"Эй, ты чего так плохо о друзьях отзываешься? Тоже мне!",Biar betul? Dengan kawan pun awak cakap begitu? Kejamnya.,"Trời ạ, sao cậu có thể nói về bạn mình như vậy chứ? Quá đáng thật.","Uf, ¿cómo puedes decir algo así de tu amigo? Eres muy cruel.","Aduh, dasar kamu itu, bagaimana kamu bisa mengatakan hal seperti itu soal temanmu? Kamu keterlaluan sekali.",เฮ้อ นายพูดแบบนั้นกับเพื่อนได้ยังไงเนี่ย? เกินไปจริงๆ เลยนะ,"Nossa, precisa falar assim de um amigo? Que maldade."
,,,마윤석,,1_분노,,,네가 더 너무해!!,You’re the cold one!,ひどいのは夏希だろ！！,你才过分呢！！,妳才過分咧！！,А сама-то?!,Awak yang kejam!,Cậu mới là quá đáng ấy!!,¡¡Tú eres más cruel!!,Justru kamu yang keterlaluan!!,เธอน่ะเกินไปยิ่งกว่าอีก!!,"Ah, olha quem fala!"
,,,정다희,-4,2_당황,,,"그나저나 <txt:bold,2><txt:color,orange>시우</txt:color></txt:bold>가 어디에 있지...? <txt:bold,2><txt:color,orange>마윤석</txt:color></txt:bold>, 너도 <txt:bold,2><txt:color,orange>시우</txt:color></txt:bold>를 찾아 봐.","Anyway, where is <txt:bold,2><txt:color,orange>Siwoo</txt:color></txt:bold>...? <txt:bold,2><txt:color,orange>Yoonseok</txt:color></txt:bold>, help me look for him.","それより<txt:bold,2><txt:color,orange>新</txt:color></txt:bold>はどこにいるんだろ‥？<txt:bold,2><txt:color,orange>忠英</txt:color></txt:bold>も<txt:bold,2><txt:color,orange>新</txt:color></txt:bold>を探してよ。","话说回来<txt:bold,2><txt:color,orange>时宇</txt:color></txt:bold>去哪儿了‥？<txt:bold,2><txt:color,orange>马允硕</txt:color></txt:bold>，你也帮忙找找<txt:bold,2><txt:color,orange>时宇</txt:color></txt:bold>吧。","不過<txt:bold,2><txt:color,orange>時宇</txt:color></txt:bold>到底在哪裡呢‥？<txt:bold,2><txt:color,orange>馬允碩</txt:color></txt:bold>，你也幫忙找找<txt:bold,2><txt:color,orange>時宇</txt:color></txt:bold>吧。","Да где же <txt:bold,2><txt:color,orange>Шиу</txt:color></txt:bold>?.. <txt:bold,2><txt:color,orange>Ма Юнсок</txt:color></txt:bold>, ты бы лучше поискал <txt:bold,2><txt:color,orange>его</txt:color></txt:bold>.","Bagaimanapun, di mana <txt:bold,2><txt:color,orange>Siwoo</txt:color></txt:bold>...? <txt:bold,2><txt:color,orange>Yoonseok</txt:color></txt:bold>, tolong saya cari dia.","Mà <txt:bold,2><txt:color,orange>Siwoo</txt:color></txt:bold> đang ở đâu nhỉ...? <txt:bold,2><txt:color,orange>Ma Yoonseok</txt:color></txt:bold>, cậu cũng đi tìm <txt:bold,2><txt:color,orange>Siwoo</txt:color></txt:bold> đi.","Por cierto, ¿dónde estará <txt:bold,2><txt:color,orange>Siwoo</txt:color></txt:bold>...? <txt:bold,2><txt:color,orange>Yunseok Ma</txt:color></txt:bold>, tú también ayúdame a buscar a <txt:bold,2><txt:color,orange>Siwoo</txt:color></txt:bold>.","Ngomong-ngomong ada dimana <txt:bold,2><txt:color,orange>Siwoo</txt:color></txt:bold> sekarang...? <txt:bold,2><txt:color,orange>Yunseok Ma</txt:color></txt:bold>, kamu juga coba cari <txt:bold,2><txt:color,orange>Siwoo</txt:color></txt:bold>.","ว่าแต่<txt:bold,2><txt:color,orange>ชีอู</txt:color></txt:bold>อยู่ที่ไหนกันนะ...? <txt:bold,2><txt:color,orange>มายุนซอก</txt:color></txt:bold> นายเองก็ลองตามหา<txt:bold,2><txt:color,orange>ชีอู</txt:color></txt:bold>หน่อยสิ","Mas falando sério... Onde é que o <txt:bold,2><txt:color,orange>Siwoo</txt:color></txt:bold> tá? <txt:bold,2><txt:color,orange>Yunseok Ma</txt:color></txt:bold>, ajuda a gente a procurar o <txt:bold,2><txt:color,orange>Siwoo</txt:color></txt:bold>."
,,,TAG,,,,,"<eff:black,3><sys:quiet,600>","<eff:black,3><sys:quiet,600>","<eff:black,3><sys:quiet,600>","<eff:black,3><sys:quiet,600>","<eff:black,3><sys:quiet,600>","<eff:black,3><sys:quiet,600>","<eff:black,3><sys:quiet,600>","<eff:black,3><sys:quiet,600>","<eff:black,3><sys:quiet,600>","<eff:black,3><sys:quiet,600>","<eff:black,3><sys:quiet,600>","<eff:black,3><sys:quiet,600>"
,,,TAG,,,,,"<sys:qmap,훈련장 복도><cha:qpos,정다희,0><cha:qpos,마윤석,4>","<sys:qmap,훈련장 복도><cha:qpos,정다희,0><cha:qpos,마윤석,4>","<sys:qmap,훈련장 복도><cha:qpos,정다희,0><cha:qpos,마윤석,4>","<sys:qmap,훈련장 복도><cha:qpos,정다희,0><cha:qpos,마윤석,4>","<sys:qmap,훈련장 복도><cha:qpos,정다희,0><cha:qpos,마윤석,4>","<sys:qmap,훈련장 복도><cha:qpos,정다희,0><cha:qpos,마윤석,4>","<sys:qmap,훈련장 복도><cha:qpos,정다희,0><cha:qpos,마윤석,4>","<sys:qmap,훈련장 복도><cha:qpos,정다희,0><cha:qpos,마윤석,4>","<sys:qmap,훈련장 복도><cha:qpos,정다희,0><cha:qpos,마윤석,4>","<sys:qmap,훈련장 복도><cha:qpos,정다희,0><cha:qpos,마윤석,4>","<sys:qmap,훈련장 복도><cha:qpos,정다희,0><cha:qpos,마윤석,4>","<sys:qmap,훈련장 복도><cha:qpos,정다희,0><cha:qpos,마윤석,4>"
,,,정다희,,1_당황,,,"으으, 여길 다시 오고 싶지 않았는데... 설마 이런 데에는 없겠지?","Ugh, I really didn’t want to come back to this place... There’s no way he’d be here, right?",うう、ここに戻りたくなかったのに‥まさか、こんなところにはいないよね？,唔唔，本来不想再回这地方的‥他应该不在这种地方吧？,唔唔，我本來不想再回來的‥該不會就在這種地方吧？,"Ох, не хотелось мне сюда возвращаться... Неужели он тут?","Ugh, saya betul-betul tak nak balik ke tempat ini... Takkan dia ada di sini, kan?","Ưư, tôi không muốn quay lại đây chút nào... chắc là không ở chỗ này đâu nhỉ?","Ugh, no quería volver aquí nunca más... ¿No me digas que está en un lugar como este?","Urgghh, padahal aku tidak ingin kembali lagi ke tempat ini... Dia tidak berada di tempat seperti ini kan?",ฮื่อ ไม่อยากกลับมาที่นี่อีกเลย... คงไม่ได้อยู่ในที่แบบนี้หรอกมั้ง?,"Ugh... eu não queria voltar aqui... Ele não deve estar aqui, né?"
,,,정다희,,1_언짢,,,"...<txt:bold,2><txt:color,orange>시우</txt:color></txt:bold>야...?","<txt:bold,2><txt:color,orange>Siwoo</txt:color></txt:bold>...?","‥<txt:bold,2><txt:color,orange>新</txt:color></txt:bold>‥？","‥<txt:bold,2><txt:color,orange>时宇</txt:color></txt:bold>‥？","‥<txt:bold,2><txt:color,orange>時宇</txt:color></txt:bold>‥？","...<txt:bold,2><txt:color,orange>Шиу</txt:color></txt:bold>?..","<txt:bold,2><txt:color,orange>Siwoo</txt:bold></txt:color>...?","<txt:bold,2><txt:color,orange>Siwoo</txt:color></txt:bold>...?","¿...<txt:bold,2><txt:color,orange>Siwoo</txt:color></txt:bold>...?","...<txt:bold,2><txt:color,orange>Siwoo</txt:color></txt:bold>...?","...<txt:bold,2><txt:color,orange>ชีอู</txt:color></txt:bold>...?","<txt:bold,2><txt:color,orange>Siwoo</txt:color></txt:bold>?"
,,,정다희,,3_활짝,,,"<txt:bold,2><txt:color,orange>시우</txt:color></txt:bold>야!!","<txt:bold,2><txt:color,orange>Siwoo</txt:color></txt:bold>!","<txt:bold,2><txt:color,orange>新</txt:color></txt:bold>！！","<txt:bold,2><txt:color,orange>时宇</txt:color></txt:bold>！！","<txt:bold,2><txt:color,orange>時宇</txt:color></txt:bold>！！","<txt:bold,2><txt:color,orange>Шиу</txt:color></txt:bold>!","<txt:bold,2><txt:color,orange>Siwoo</txt:color></txt:bold>!","<txt:bold,2><txt:color,orange>Siwoo</txt:color></txt:bold>!!!","¡¡<txt:bold,2><txt:color,orange>Siwoo</txt:color></txt:bold>!!","<txt:bold,2><txt:color,orange>Siwoo</txt:color></txt:bold>!!","<txt:bold,2><txt:color,orange>ชีอู</txt:color></txt:bold>!!","<txt:bold,2><txt:color,orange>Siwoo</txt:color></txt:bold>!"
,,,백시우_심연,,1_기본,pause,,"<cha:pos,백시우_심연,-2><cha:pos,정다희,2>...","<cha:pos,백시우_심연,-2><cha:pos,정다희,2>...","<cha:pos,백시우_심연,-2><cha:pos,정다희,2>‥","<cha:pos,백시우_심연,-2><cha:pos,정다희,2>‥","<cha:pos,백시우_심연,-2><cha:pos,정다희,2>‥","<cha:pos,백시우_심연,-2><cha:pos,정다희,2>...","<cha:pos,백시우_심연,-2><cha:pos,정다희,2>...","<cha:pos,백시우_심연,-2><cha:pos,정다희,2>...","<cha:pos,백시우_심연,-2><cha:pos,정다희,2>...","<cha:pos,백시우_심연,-2><cha:pos,정다희,2>...","<cha:pos,백시우_심연,-2><cha:pos,정다희,2>...","<cha:pos,백시우_심연,-2><cha:pos,정다희,2>..."
,,,정다희,,1_언짢,,,"<txt:bold,2><txt:color,orange>시우</txt:color></txt:bold>야...?","<txt:bold,2><txt:color,orange>Siwoo</txt:color></txt:bold>...?","<txt:bold,2><txt:color,orange>新</txt:color></txt:bold>‥？","<txt:bold,2><txt:color,orange>时宇</txt:color></txt:bold>‥？","<txt:bold,2><txt:color,orange>時宇</txt:color></txt:bold>‥？","<txt:bold,2><txt:color,orange>Шиу</txt:color></txt:bold>?","<txt:bold,2><txt:color,orange>Siwoo</txt:bold></txt:color>...?","<txt:bold,2><txt:color,orange>Siwoo</txt:color></txt:bold> hả...?","¿<txt:bold,2><txt:color,orange>Siwoo</txt:color></txt:bold>...?","<txt:bold,2><txt:color,orange>Siwoo</txt:color></txt:bold>...?","<txt:bold,2><txt:color,orange>ชีอู</txt:color></txt:bold>...?","<txt:bold,2><txt:color,orange>Siwoo</txt:color></txt:bold>?"
,,,TAG,,,,,"<sys:bgm,BGM_IN_NOT_GOING_BACK>","<sys:bgm,BGM_IN_NOT_GOING_BACK>","<sys:bgm,BGM_IN_NOT_GOING_BACK>","<sys:bgm,BGM_IN_NOT_GOING_BACK>","<sys:bgm,BGM_IN_NOT_GOING_BACK>","<sys:bgm,BGM_IN_NOT_GOING_BACK>","<sys:bgm,BGM_IN_NOT_GOING_BACK>","<sys:bgm,BGM_IN_NOT_GOING_BACK>","<sys:bgm,BGM_IN_NOT_GOING_BACK>","<sys:bgm,BGM_IN_NOT_GOING_BACK>","<sys:bgm,BGM_IN_NOT_GOING_BACK>","<sys:bgm,BGM_IN_NOT_GOING_BACK>"
,,,정다희,,1_당황,,,"<txt:color,grey>(조금 전까진 바빠서 몰랐는데, 어쩐지... <txt:bold,2>시우</txt:bold>가 평소완 조금 달라 보여.)</txt:color>","<txt:color,grey>(I was too busy before to notice, but... something about <txt:bold,2>Siwoo</txt:bold> seems different from usual.)</txt:color>","<txt:color,grey>(さっきまでは忙しくて気づかなかったけど、なんだか‥いつもの<txt:bold,2>新</txt:bold>とちょっと違う気がする)</txt:color>","<txt:color,grey>（刚才太忙没注意到，总觉得‥<txt:bold,2>时宇</txt:bold>看起来和往常不太一样。）</txt:color>","<txt:color,grey>（剛才太忙沒注意到，但總覺得‥<txt:bold,2>時宇</txt:bold>跟平常好像不太一樣。）</txt:color>","<txt:color,grey>(Во всей суете я как-то не заметила, но... сегодня <txt:bold,2>Шиу</txt:bold> сам не свой.)</txt:color>","<txt:color,grey>(Saya tak perasan sebelum ni, tetapi... <txt:bold,2>Siwoo</txt:bold> nampak lain semacam.)</txt:color>","<txt:color,grey>(Lúc nãy bận quá nên không nhận ra, nhưng mà... <txt:bold,2>Siwoo</txt:bold> trông có gì đó khác hẳn bình thường.)</txt:color>","<txt:color,grey>(Estaba tan ocupada que no me di cuenta hace un momento, pero de alguna manera... <txt:bold,2>Siwoo</txt:bold> se ve un poco diferente a lo habitual.)</txt:color>","<txt:color,grey>(Aku tidak menyadarinya sampai tadi karena sedang sibuk, tapi entah kenapa... <txt:bold,2>Siwoo</txt:bold> terlihat sedikit berbeda dari biasanya.)</txt:color>","<txt:color,grey>(จนถึงเมื่อกี้มัวแต่ยุ่งวุ่นวายเลยไม่ทันสังเกต... <txt:bold,2>ชีอู</txt:bold>ดูต่างไปจากปกตินิดหน่อยยังไงก็ไม่รู้)</txt:color>","<txt:color,grey>(Talvez por eu estar ocupada antes, não percebi... mas o <txt:bold,2>Siwoo</txt:bold> parece diferente do normal.)</txt:color>"
,,,백시우_심연,,1_기본,pause,,"...아, <txt:bold,2><txt:color,orange>다희</txt:color></txt:bold>야.","Oh... Hey, <txt:bold,2><txt:color,orange>Dahee</txt:color></txt:bold>.","‥ああ、<txt:bold,2><txt:color,orange>夏希</txt:color></txt:bold>か。","‥啊，<txt:bold,2><txt:color,orange>多熙</txt:color></txt:bold>。","‥喔，是<txt:bold,2><txt:color,orange>多熙</txt:color></txt:bold>啊。","Ох, <txt:bold,2><txt:color,orange>Дахи</txt:color></txt:bold>.","Oh... Hei, <txt:bold,2><txt:color,orange>Dahee</txt:color></txt:bold>.","...À, <txt:bold,2><txt:color,orange>Dahee</txt:color></txt:bold> à.","...Ah, <txt:bold,2><txt:color,orange>Dahee</txt:color></txt:bold>.","...Oh, <txt:bold,2><txt:color,orange>Dahee</txt:color></txt:bold>.","...อ้าว <txt:bold,2><txt:color,orange>ดาฮี</txt:color></txt:bold>","Ah... <txt:bold,2><txt:color,orange>Dahee</txt:color></txt:bold>."
,,,백시우_심연,,1_기본,pause,,"응, 무슨 일이야?","Yeah, what’s up?",どうした？,怎么了？,嗯，有事嗎？,Что-то случилось?,"Ya, ada apa?","Ừ, có chuyện gì vậy?","Sí, ¿qué pasa?","Iya, ada apa?",อืม มีเรื่องอะไรเหรอ?,Hã? O que foi?
,,,정다희,,1_외침,,,무슨 일이냐니.,What do you mean 'What's up?',どうしたのって。,还问我怎么了。,什麼有事嗎。,В смысле?,Ada apa?,Có chuyện gì là sao.,Cómo que qué pasa.,Ada apa kamu bilang?,ถามมาได้,Como assim «o que foi»?
,,,정다희,,1_기본,,,"다들 모여 있는데, 네 모습이 보이지 않아서 찾으러 왔지.","Everyone’s together and you were nowhere in sight, so I came looking.",みんな集まってるのに、新の姿が見えないから探しに来たんだよ。,大家都到齐了，就差你了，我才来找你的。,大家都聚在一起了，卻沒看到你，我才來找你的呀。,"Все в сборе, одного тебя нигде не видно. Вот я и пришла.","Semua orang dah berkumpul tapi tak nampak batang hidung awak, jadi saya datang mencari.",Mọi người đều đang tụ tập mà không thấy cậu đâu nên tôi đi tìm.,"Todos están reunidos, pero como no te vi, vine a buscarte.",Aku datang mencarimu karena semua sedang berkumpul dan kamu tidak kelihatan.,ทุกคนเขารวมตัวกันอยู่น่ะ แต่ฉันไม่เห็นนายก็เลยมาตามหา,"Só você não tava lá com o pessoal, então eu vim te buscar."
,,,정다희,,1_웃음,,,이런 곳에서 혼자 뭐 하고 있는 거야?,What are you doing here by yourself?,こんなところで一人で何してるの？,你一个人躲在这儿干嘛呢？,你一個人在這種地方做什麼？,Что ты тут один делаешь?,Awak buat apa di sini seorang-seorang?,Cậu đang làm gì một mình ở chỗ này vậy?,¿Qué haces aquí solo en un lugar como este?,Apa yang sedang kamu lakukan sendirian di sini?,มาทำอะไรอยู่คนเดียวในที่แบบนี้เหรอ?,"O que você tá fazendo aqui, sozinho?"
,,,백시우_심연,,1_차분,pause,,...,...,‥,‥,‥,...,...,...,...,...,...,...
,,,정다희,,1_언짢,,,"뭐, 뭐야 왜 그렇게 무게를 잡는 거야. <txt:size,-2>...무섭게.</txt:size>","Wh-What’s with the brooding? <txt:size,-2>You’re scaring me...</txt:size>","な、なによ。なんでそんな重い雰囲気出してるの？<txt:size,-2>‥怖いんだけど。</txt:size>","喂、喂，你干嘛突然这么严肃。<txt:size,-2>‥怪吓人的。</txt:size>","幹、幹嘛啦，為什麼要擺出一副嚴肅的樣子？<txt:size,-2>‥怪嚇人的。</txt:size>","Ты чего атмосферу нагнетаешь? <txt:size,-2>Не пугай...</txt:size>","K-Kenapa murung tu? <txt:size,-2>Takutnya...</txt:size>","Gì, gì vậy, sao tự nhiên lại nghiêm túc thế. <txt:size,-2>...Đáng sợ thật.</txt:size>","Q-qué, qué pasa, por qué estás tan serio de repente. <txt:size,-2>...Das miedo.</txt:size>","K-kenapa kamu diam begitu. <txt:size,-2>...Aku jadi takut.</txt:size>","อะ อะไรเนี่ย ทำไมถึงทำท่าจริงจังขนาดนั้นล่ะ <txt:size,-2>...น่ากลัวชะมัด</txt:size>","Por que você tá com essa cara tão séria? <txt:size,-2>Dá até um pouco de medo...</txt:size>"
,,,백시우_심연,,1_기본,nervous,,...아하하하. 그랬나?,Oh... Haha. Was I?,‥あははは。そうか？,‥啊哈哈。是吗？,‥啊哈哈。有嗎？,"Ха-ха-ха, да?",Oh... Haha. Saya murung ke?,...Ahahaha. Thế à?,...Jajajaja. ¿De verdad?,...Hahaha. Apa begitu?,...อะฮ่าฮ่า ฉันทำแบบนั้นเหรอ?,Haha... Quem? Eu?
,,,정다희,,1_언짢,,,"<txt:color,grey>(어쩐지 <txt:bold,2>시우</txt:bold>가... 너무 멀게 느껴져)</txt:color>","<txt:color,grey>(For some reason... <txt:bold,2>Siwoo</txt:bold> suddenly feels so far away.)</txt:color>","<txt:color,grey>(なんだか<txt:bold,2>新</txt:bold>が‥すごく遠くに感じる)</txt:color>","<txt:color,grey>（总觉得<txt:bold,2>时宇</txt:bold>‥变得好遥远。）</txt:color>","<txt:color,grey>（總覺得<txt:bold,2>時宇</txt:bold>‥變得很陌生）</txt:color>","<txt:color,grey>(Почему <txt:bold,2>Шиу</txt:bold>... как будто отдаляется?)</txt:color>","<txt:color,grey>(Entah kenapa... <txt:bold,2>Siwoo</txt:bold> tiba-tiba terasa begitu jauh.)</txt:color>","<txt:color,grey>(Không hiểu sao <txt:bold,2>Siwoo</txt:bold>... cảm giác xa cách quá.)</txt:color>","<txt:color,grey>(Por alguna razón... siento a <txt:bold,2>Siwoo</txt:bold> muy distante)</txt:color>","<txt:color,grey>(Entah kenapa tapi <txt:bold,2>Siwoo</txt:bold>... terasa jauh)</txt:color>","<txt:color,grey>(ทำไมถึงรู้สึกว่า<txt:bold,2>ชีอู</txt:bold>... ห่างเหินมากจังนะ)</txt:color>","<txt:color,grey>(Por algum motivo, o <txt:bold,2>Siwoo</txt:bold> parece mais frio.)</txt:color>"
,,,정다희,,1_외침,,,"..<txt:bold,2><txt:color,orange>시우</txt:color></txt:bold>야, 이제 다 끝났어.","...<txt:bold,2><txt:color,orange>Siwoo</txt:color></txt:bold>, it’s over now.","‥<txt:bold,2><txt:color,orange>新</txt:color></txt:bold>、もう全部終わったよ。","‥<txt:bold,2><txt:color,orange>时宇</txt:color></txt:bold>，一切都结束了。","‥<txt:bold,2><txt:color,orange>時宇</txt:color></txt:bold>，現在都結束了。","...<txt:bold,2><txt:color,orange>Шиу</txt:color></txt:bold>, все уже закончилось.","...<txt:bold,2><txt:color,orange>Siwoo</txt:color></txt:bold>, semuanya sudah berakhir.","..<txt:bold,2><txt:color,orange>Siwoo</txt:color></txt:bold> à, mọi chuyện kết thúc rồi.","...<txt:bold,2><txt:color,orange>Siwoo</txt:color></txt:bold>, ya todo terminó.","..<txt:bold,2><txt:color,orange>Siwoo</txt:color></txt:bold>, semuanya telah selesai.","..<txt:bold,2><txt:color,orange>ชีอู</txt:color></txt:bold> ตอนนี้ทุกอย่างจบแล้วนะ","<txt:bold,2><txt:color,orange>Siwoo</txt:color></txt:bold>... agora tudo acabou."
,,,정다희,,1_언짢,,,"돌아가자, 우리 이제.",Let’s go back.,私たちも帰ろう。,我们回去吧。,我們回去吧。,Пора возвращаться.,Jom kita balik.,Chúng ta về thôi.,Regresemos a casa ahora.,Ayo kita kembali.,เรากลับกันเถอะ,Vamos voltar...
,,,정다희,,1_언짢,,,그만 학교로 돌아가야지.,It’s time to go back to school.,そろそろ学校に戻らなきゃ。,该回学校了。,該回學校去了。,В школу.,Tiba masanya kita kembali ke sekolah.,Giờ phải quay lại trường rồi.,Ya debemos volver a la escuela.,Kita harus kembali ke sekolah.,เราต้องกลับโรงเรียนได้แล้วสิ,Vamos voltar pra escola.
,,,백시우_심연,,1_기본,nervous,,...학교.,School...,‥学校。,‥学校。,‥學校。,В школу...,...Sekolah.,...Trường.,...Escuela.,...Sekolah.,...โรงเรียน,Escola...
,,,정다희,,1_외침,,,여기에 오기 전에 내가 말했던 거 기억하지?,Remember what I said before we came here?,ここに来る前に私が言ったこと、覚えてるでしょ？,还记得来这儿之前我跟你说过的话吗？,你還記得來這裡之前我說過的話吧？,"Помнишь, что я тебе говорила до приезда сюда?",Ingat tak apa yang saya cakap sebelum kita datang ke sini?,Cậu còn nhớ điều tôi nói trước khi đến đây không?,¿Recuerdas lo que te dije antes de venir aquí?,Kamu masih ingat kan yang kita bicarakan sebelum datang kesini?,นายจำที่ฉันเคยบอกก่อนเราจะมาที่นี่ได้ไหม?,Você lembra do que eu falei antes da gente vir pra cá?
,,,정다희,,1_외침,,,우리 이제 곧 3학년이야.,We’re about to be third-years.,私たち、もうすぐ3年生なんだよ。,我们马上就要读高三了。,我們馬上就要升三年級了。,Мы скоро в последний класс идем.,Kita akan menjadi pelajar tahun ketiga.,Chúng ta sắp lên lớp 12 rồi.,Ya casi seremos estudiantes de tercer año.,Sebentar lagi kita akan masuk kelas 3.,ตอนนี้เราใกล้จะขึ้นม.6 แล้วนะ,Logo a gente vai estar no 3º ano.
,,,정다희,,1_언짢,,,"신입생도 받아야 하고, 훈련도 다시 시작해야 해.",We need to recruit new members and start training again.,新入生も迎えなきゃいけないし、練習も再開しなきゃ。,得招收新生，还得重新开始训练。,還要迎接新生，也得重啟訓練。,"Нужно набирать новичков, начинать тренировки.",Kita perlu rekrut ahli baru dan mula berlatih semula.,"Còn phải nhận học sinh mới, rồi lại bắt đầu huấn luyện.",Tenemos que recibir a los nuevos estudiantes y también empezar a entrenar de nuevo.,"Kita harus terima murid baru, dan mulai latihan lagi.",เราต้องรับสมาชิกใหม่ แล้วก็ต้องเริ่มการฝึกซ้อมอีกครั้งด้วย,Vamos ter que cuidar dos novatos e voltar aos treinos.
,,,정다희,,1_쿨쿨,,,할 일이 아주 태산이야.,There’s a mountain of stuff to do.,やることが山積みなんだから。,事情多得跟山一样呢。,有一堆事等著我們去做呢。,Дел невпроворот.,Banyak kerja yang perlu kita buat.,Có cả đống việc phải làm.,Tenemos una montaña de cosas por hacer.,Ada banyak sekali hal yang harus kita lakukan.,มีเรื่องให้ทำกองเป็นภูเขาเลยล่ะ,Tem um monte de coisa pra gente fazer.
,,,정다희,,1_언짢,,,"이제...<wrt:wait,30> 다시 예전으로 돌아가면 돼.","Now...<wrt:wait,30> we just go back to how things were.","もう‥<wrt:wait,30>前みたいに戻ればいいんだよ。","接下来‥<wrt:wait,30>只要回到以前的生活就好了。","現在‥<wrt:wait,30>一切都可以回歸正軌了。","Пришло время...<wrt:wait,30> вернуться к прежней жизни.","Sekarang...<wrt:wait,30> kita kembali seperti biasa saja.","Giờ thì...<wrt:wait,30> chỉ cần quay lại như trước thôi.","Ahora...<wrt:wait,30> solo tenemos que volver a como era antes.","Sekarang...<wrt:wait,30> kita bisa kembali seperti semula.","ตอนนี้...<wrt:wait,30> แค่กลับไปเป็นเหมือนเมื่อก่อนก็พอ","Então agora... <wrt:wait,30>é só voltar ao que era antes."
,,,백시우_심연,,1_차분,pause,,...,...,‥,‥,‥,...,...,...,...,...,...,...
,,,정다희,,1_언짢,pause,,"<txt:bold,2><txt:color,orange>시우</txt:color></txt:bold>야?","<txt:bold,2><txt:color,orange>Siwoo</txt:color></txt:bold>?","<txt:bold,2><txt:color,orange>新</txt:color></txt:bold>？","<txt:bold,2><txt:color,orange>时宇</txt:color></txt:bold>？","<txt:bold,2><txt:color,orange>時宇</txt:color></txt:bold>？","<txt:bold,2><txt:color,orange>Шиу</txt:color></txt:bold>?","<txt:bold,2><txt:color,orange>Siwoo</txt:bold></txt:color>?","<txt:bold,2><txt:color,orange>Siwoo</txt:color></txt:bold>?","¿<txt:bold,2><txt:color,orange>Siwoo</txt:color></txt:bold>?","<txt:bold,2><txt:color,orange>Siwoo</txt:color></txt:bold>?","<txt:bold,2><txt:color,orange>ชีอู</txt:color></txt:bold>?","<txt:bold,2><txt:color,orange>Siwoo</txt:color></txt:bold>?"
,,,백시우_심연,,1_기본,nervouse,,"...응, 그래야지.",Yeah... You’re right.,‥ああ、そうだな。,‥嗯，是啊。,‥嗯，是該這樣。,"Да, я знаю.",Ya... Awak betul.,"...Ừ, phải vậy thôi.","...Sí, debemos hacerlo.","...Iya, seperti yang kamu bilang.",...อืม ก็ต้องอย่างนั้นสินะ,"Ah, sim..."
,,,백시우_심연,,1_차분,nervouse,,돌아가야지.,Gotta go back.,戻らなきゃ。,是该回去了。,是該回去了。,Пора возвращаться.,Kita pulang.,Phải quay về thôi.,Debemos regresar.,Kita harus kembali.,ฉันต้องกลับไปสิ,A gente tem que voltar.
,,,백시우_심연,,1_차분,,,"얘기해줘서 고마워. 하하, 할 일이 정말 많네.","Thanks for telling me. Haha, we really do have a lot to do.",教えてくれてありがとう。ははっ、ホントにやることが山積みだな。,谢谢你告诉我这些。哈哈，看来要做的事情真的很多。,謝謝妳告訴我這些。哈哈，看來事情真的很多呢。,"Спасибо, что сказала. Ха-ха, у нас и правда много дел.","Terima kasih kerana beritahu saya. Haha, memang banyak kerja nak buat.","Cảm ơn cậu đã nói cho tôi. Haha, đúng là còn nhiều việc thật.","Gracias por decírmelo. Jaja, de verdad tenemos mucho por hacer.","Terima kasih sudah mengingatkanku. Haha, ada banyak hal yang harus dilakukan.",ขอบใจที่บอกนะ ฮะฮะ มีเรื่องให้ทำเยอะจริงๆ แฮะ,"Obrigado por me lembrar. Haha, temos muita coisa pra fazer."
,,,백시우_심연,,1_기본,,,우리 다시 힘차게 시작해 보자.,Let’s get a fresh start.,また元気よく始めようか。,让我们打起精神重新开始吧。,讓我們打起精神重新開始吧。,Давай начнем все с новыми силами.,Mari kita mulakan semula.,Chúng ta cùng bắt đầu lại mạnh mẽ nhé.,Comencemos de nuevo con todas nuestras fuerzas.,Mari kita mulai lagi dengan semangat!,เรามาเริ่มต้นใหม่อีกครั้งอย่างแข็งขันกันเถอะ,Vamos recomeçar com tudo.
,,,백시우_심연,,1_기본,,,"그런데, 내가 잠깐 볼일이 있어서 그러는데, 먼저 모두에게 돌아가 있을래?",But I have something to take care of real quick. Can you head back to the others first?,ところで、ちょっと用事があるんだけど。先にみんなのところに戻っててくれないか？,不过，我还有点私事要处理，你先回大家那边去好吗？,對了，我還有點私事要處理，妳先回去跟大家會合吧？,У меня есть одно дело. Ты пока иди к ребятам.,Tetapi saya ada sesuatu yang perlu dibuat cepat. Awak balik kepada yang lain dahulu?,"Nhưng mà, tôi có chút việc phải làm nên cậu có thể về với mọi người trước không?","Por cierto, tengo que hacer algo rápido, ¿te importaría adelantarte y volver con todos primero?","Tapi, aku ada urusan sebentar, bisakah kamu kembali duluan?",แต่ว่าฉันมีธุระนิดหน่อยน่ะ เธอกลับไปหาทุกคนก่อนได้ไหม?,"Mas antes, eu preciso resolver uma coisa. Quer voltar pro pessoal primeiro?"
,,,정다희,1,1_기본,,,"...아,<wrt:wait,30> 아냐. 같이 돌아가자. 짐이라도 두고 온 거야?","N-<wrt:wait,30>No. Let’s go together. Did you leave something behind?","‥あ、<wrt:wait,30>ううん。一緒に戻ろう。荷物でも置いてきたの？","‥啊，<wrt:wait,30>不用。我们一起回去吧。是有什么行李落下了吗？","‥啊，<wrt:wait,30>不用啦。我們一起走吧。是有東西忘了拿嗎？","М-м...<wrt:wait,30> Нет, давай вместе. Ты что-то забыл из вещей?","T-<wrt:wait,30>Tidak. Jom kita pergi sama-sama. Awak tertinggal sesuatu ke?","...À,<wrt:wait,30> không. Đi cùng đi. Cậu quên đồ gì à?","...Ah,<wrt:wait,30> no. Regresemos juntos. ¿Olvidaste algo de tus cosas?","...Ah,<wrt:wait,30> Tidak. Ayo kita kembali bersama. Apakah kamu meninggalkan sesuatu di sini?","...เอ่อ<wrt:wait,30> ไม่ล่ะ เรากลับไปด้วยกันเถอะ นายลืมของอะไรไว้เหรอ?","Ah... <wrt:wait,30>não, vamos voltar juntos. Você esqueceu alguma coisa?"
,,,백시우_심연,,1_기본,,,"으음, 맞아. 휴대폰을 화장실에 두고 온 것 같거든.","Mm, yeah. I think I left my phone in the bathroom.",うーん、そうなんだ。携帯をトイレに置いてきたみたいでさ。,嗯，对。我好像把手机忘在洗手间里了。,唔，對。我的手機好像忘在廁所了。,"М-м, ага... Телефон в туалете оставил.","Mm, ya. Rasanya saya tertinggal telefon dalam bilik air.","Ừm, đúng vậy. Hình như tôi để quên điện thoại trong nhà vệ sinh.","Mmm, sí. Creo que olvidé mi celular en el baño.","Hmm, iya benar. Sepertinya aku meninggalkan HP di toilet.",อืม ใช่ ฉันน่าจะลืมมือถือไว้ที่ห้องน้ำน่ะ,"Hum... sim, acho que deixei meu celular no banheiro."
,,,백시우_심연,,1_차분,,,이곳에서 함께 뛴 팀원들에게 인사도 해야 하고.,And I should say goodbye to the teammates I played with here.,ここで一緒に戦ったチームメイトに挨拶もしなきゃいけないし。,而且我也得去跟在这里并肩作战过的队友们打个招呼。,而且我也得去跟一起打球的隊員們打個招呼才行。,Нужно еще попрощаться со здешней командой.,Dan saya patut ucap selamat tinggal kepada rakan sepasukan saya di sini.,Tôi cũng phải chào các đồng đội đã cùng thi đấu ở đây nữa.,Y también tengo que despedirme de mis compañeros que jugaron conmigo aquí.,Aku juga harus menyapa teman-teman satu tim dimana aku bermain di sini.,แล้วฉันก็ต้องบอกลาสมาชิกทีมที่เล่นด้วยกันที่นี่ด้วย,E também preciso me despedir do pessoal que jogou comigo aqui.
,,,정다희,,2_당황,,,"그, 그래? 으으, <wrt:wait,30>그건 어쩔 수 없지.","O-Okay? Ugh, <wrt:wait,30>can’t help that, I guess.","そ、そう？うう、<wrt:wait,30>それなら仕方ないね。","这、这样啊？唔，<wrt:wait,30>那也没办法。","這、這樣嗎？嗯嗯，<wrt:wait,30>那也沒辦法。","А, да? Эх, <wrt:wait,30>ничего не поделаешь.","O-Okey? Ugh, <wrt:wait,30>bolehlah.","Vậy à? Ừm... <wrt:wait,30>vậy thì cũng không còn cách nào.","¿E-en serio? Ugh, <wrt:wait,30>bueno, no se puede evitar.","B-begitu ya? Ya, <wrt:wait,30>baiklah kalau begitu.","งะ งั้นเหรอ? อืม <wrt:wait,30>เรื่องนั้นก็ช่วยไม่ได้แฮะ","Ah, é? Bom... <wrt:wait,30>então não tem jeito."
,,,정다희,2,1_외침,,,"...<txt:bold,2><txt:color,orange>시우</txt:color></txt:bold>야, 빨리 돌아와야 해! ","<txt:bold,2><txt:color,orange>Siwoo</txt:color></txt:bold>... Come back soon, okay?","‥<txt:bold,2><txt:color,orange>新</txt:color></txt:bold>、早く戻ってきてよ！","‥<txt:bold,2><txt:color,orange>时宇</txt:color></txt:bold>，你可要快点回来哦！","‥<txt:bold,2><txt:color,orange>時宇</txt:color></txt:bold>，你要快點過來喔！","...<txt:bold,2><txt:color,orange>Шиу</txt:color></txt:bold>, только приходи поскорее!","<txt:bold,2><txt:color,orange>Siwoo</txt:color></txt:bold>... Balik cepat, okey?","...<txt:bold,2><txt:color,orange>Siwoo</txt:color></txt:bold>, cậu phải quay lại nhanh đấy!","...¡<txt:bold,2><txt:color,orange>Siwoo</txt:color></txt:bold>, tienes que regresar rápido!","...<txt:bold,2><txt:color,orange>Siwoo</txt:color></txt:bold>, Kamu harus cepat kembali ya!","...<txt:bold,2><txt:color,orange>ชีอู</txt:color></txt:bold> รีบกลับมานะ!","<txt:bold,2><txt:color,orange>Siwoo</txt:color></txt:bold>, não demora, tá?"
,,,정다희,1,1_언짢,,,기다릴 테니까! ...알았지?,I’ll be waiting! Okay...?,待ってるから！‥分かった？,我会等你的！‥听到了吗？,我會等你喔！‥知道了嗎？,Я буду ждать! Ладно?,Saya akan menunggu! Okey...?,Tôi sẽ đợi! ...Biết chưa?,¡Estaré esperándote! ...¿De acuerdo?,Aku akan menunggumu! ...Oke?,ฉันจะรอ! ...เข้าใจไหม?,"Vou ficar esperando, ok?"
,,,백시우_심연,,1_기본,,,"응, 금방 돌아갈게.",Yeah. I’ll be right there.,ああ、すぐ戻るよ。,嗯，我很快就回去。,嗯，我馬上就去。,"Да, я быстро.",Ya. Saya akan ke sana sekejap lagi.,"Ừ, tôi sẽ quay lại ngay.","Sí, volveré enseguida.","Iya, aku akan segera kembali.",อื้ม ฉันจะรีบกลับไป,"Tá bom, já volto."
,,,TAG,,,,,"<cha:pos,백시우_심연,0><cha:pos,정다희,4>","<cha:pos,백시우_심연,0><cha:pos,정다희,4>","<cha:pos,백시우_심연,0><cha:pos,정다희,4>","<cha:pos,백시우_심연,0><cha:pos,정다희,4>","<cha:pos,백시우_심연,0><cha:pos,정다희,4>","<cha:pos,백시우_심연,0><cha:pos,정다희,4>","<cha:pos,백시우_심연,0><cha:pos,정다희,4>","<cha:pos,백시우_심연,0><cha:pos,정다희,4>","<cha:pos,백시우_심연,0><cha:pos,정다희,4>","<cha:pos,백시우_심연,0><cha:pos,정다희,4>","<cha:pos,백시우_심연,0><cha:pos,정다희,4>","<cha:pos,백시우_심연,0><cha:pos,정다희,4>"
,,,백시우_심연,,1_차분,pause,,...,...,‥,‥,‥,...,...,...,...,...,...,...
,,,백시우_심연,,1_기본,pause,,"<txt:bold,2><txt:color,orange>다희</txt:color></txt:bold>야. <wrt:wait,30>...<txt:bold,1>고마워</txt:bold></txt:bold>.","<wrt:wait,30>...<txt:bold,1>Thank you</txt:bold>, <txt:bold,2><txt:color,orange>Dahee</txt:color></txt:bold>.","<txt:bold,2><txt:color,orange>夏希</txt:color></txt:bold>。<wrt:wait,30>‥<txt:bold,1>ありがとう。</txt:bold>","<txt:bold,2><txt:color,orange>多熙</txt:color></txt:bold>。<wrt:wait,30>‥<txt:bold,1>谢谢你</txt:bold>。","<txt:bold,2><txt:color,orange>多熙</txt:color></txt:bold>。<wrt:wait,30>‥<txt:bold,1>謝謝妳</txt:bold>。","<txt:bold,2><txt:color,orange>Дахи</txt:color></txt:bold><wrt:wait,30>...<txt:bold,1> Спасибо тебе</txt:bold>.","<wrt:wait,30>...<txt:bold,1>Terima kasih</txt:bold>, <txt:bold,2><txt:color,orange>Dahee</txt:color></txt:bold>.","<txt:bold,2><txt:color,orange>Dahee</txt:color></txt:bold>! <wrt:wait,30>...<txt:bold,1>Cảm ơn cậu nhé</txt:bold>.","<txt:bold,2><txt:color,orange>Dahee</txt:color></txt:bold>. <wrt:wait,30>...<txt:bold,1>Gracias.</txt:bold>","<txt:bold,2><txt:color,orange>Dahee</txt:color></txt:bold>. <wrt:wait,30>...<txt:bold,1>Terima kasih untuk semuanya</txt:bold>.","<txt:bold,2><txt:color,orange>ดาฮี</txt:color></txt:bold> <wrt:wait,30>...<txt:bold,1>ขอบใจนะ</txt:bold>","<txt:bold,2><txt:color,orange>Dahee</txt:color></txt:bold>... <wrt:wait,30><txt:bold,1>Obrigado</txt:bold>."
,,,백시우_심연,,1_응시,pause,,"<txt:bold,1>하지만, 학교로 돌아가지 않을 거야.</txt:bold>","<txt:bold,1>But I’m not going back to school.</txt:bold>","<txt:bold,1>でも、学校には戻らない。</txt:bold>","<txt:bold,1>但是，我不会回学校了。</txt:bold>","<txt:bold,1>但是，我不打算回學校了。</txt:bold>","<txt:bold,1>Но я не стану возвращаться в школу.</txt:bold>","<txt:bold,1>Tapi saya takkan kembali ke sekolah.</txt:bold>","<txt:bold,1>Nhưng tôi sẽ không quay lại trường đâu.</txt:bold>","<txt:bold,1>Sin embargo, no regresaré a la escuela.</txt:bold>","<txt:bold,1>Tapi, aku tidak akan kembali ke sekolah.</txt:bold>","<txt:bold,1>แต่ว่าฉันจะไม่กลับไปโรงเรียนหรอก</txt:bold>","<txt:bold,1>Só que eu não vou voltar pra escola.</txt:bold>"
,,,TAG,,,,,"<eff:black,3>","<eff:black,3>","<eff:black,3>","<eff:black,3>","<eff:black,3>","<eff:black,3>","<eff:black,3>","<eff:black,3>","<eff:black,3>","<eff:black,3>","<eff:black,3>","<eff:black,3>"
,,,TAG,,,,,"<cha:qpos,백시우_심연,-2><cha:qpos,코치 콜먼,2>","<cha:qpos,백시우_심연,-2><cha:qpos,코치 콜먼,2>","<cha:qpos,백시우_심연,-2><cha:qpos,코치 콜먼,2>","<cha:qpos,백시우_심연,-2><cha:qpos,코치 콜먼,2>","<cha:qpos,백시우_심연,-2><cha:qpos,코치 콜먼,2>","<cha:qpos,백시우_심연,-2><cha:qpos,코치 콜먼,2>","<cha:qpos,백시우_심연,-2><cha:qpos,코치 콜먼,2>","<cha:qpos,백시우_심연,-2><cha:qpos,코치 콜먼,2>","<cha:qpos,백시우_심연,-2><cha:qpos,코치 콜먼,2>","<cha:qpos,백시우_심연,-2><cha:qpos,코치 콜먼,2>","<cha:qpos,백시우_심연,-2><cha:qpos,코치 콜먼,2>","<cha:qpos,백시우_심연,-2><cha:qpos,코치 콜먼,2>"
,,,백시우_심연,,1_기본,,,다녀 왔습니다. ...코치.,I’m back... Coach.,ただいま戻りました‥コーチ。,我回来了。‥教练。,我回來了。‥教練。,"Тренер, я вернулся.",Saya di sini... Jurulatih.,Tôi về rồi... thưa huấn luyện viên.,Ya regresé. ...Entrenador.,Aku sudah kembali... Coach.,ผมกลับมาแล้วครับ ...โค้ช,"Eu voltei, treinador."
,,,코치 콜먼,,1_기본,,,작별 인사는 충분히 한 거냐?,Are you done saying your goodbyes?,別れの挨拶はちゃんと済ませてきたのか？,告别的话都说完了吗？,道別的話都說夠了嗎？,Со всеми попрощался?,Dah selesai mengucapkan selamat tinggal?,Đã chào tạm biệt xong hết chưa?,¿Ya te despediste lo suficiente?,Apakah sudah selesai mengucapkan salam perpisahan?,บอกลากันพอแล้วเหรอ?,Já terminou de se despedir?
,,,코치 콜먼,,1_기본,,,친구들이 제법 많아 보이던걸.,Looks like you’ve got quite a few friends.,ずいぶん友達がいるじゃないか。,看来你的朋友还挺多。,看起來你的朋友還不少嘛。,"У тебя, кажись, много друзей.",Nampaknya awak ramai kawan.,Có vẻ cậu có khá nhiều bạn đấy.,Parece que tenías bastantes amigos.,Sepertinya kau punya cukup banyak teman.,เห็นนายดูมีเพื่อนเยอะไม่เบาเลย,Parece que você tinha muitos amigos.
,,,백시우_심연,,1_차분,,,...네.,Yes...,‥はい。,‥是的。,‥是的。,Да...,Ya...,...Vâng.,...Sí.,...Iya.,...ครับ,"Sim, terminei."
,,,코치 콜먼,,1_미소,,,그럼 됐어.,Good.,ならいい。,那就行。,那就行了。,Ну вот и славно.,Baguslah.,Vậy là được rồi.,Entonces está bien.,Bagus kalau begitu.,ถ้างั้นก็โอเค,Ótimo.
,,,코치 콜먼,,1_미소,,,이제 연락하지 못할 테니까.,You won’t be able to contact them anymore.,もう連絡は取れなくなるからな。,反正以后也没机会再联系了。,因為從現在起，你沒辦法再跟他們聯絡了。,Вряд ли ты сможешь с ними связаться теперь.,Awak takkan dapat menghubungi mereka lagi.,Vì từ giờ cậu sẽ không thể liên lạc nữa.,Porque ya no podrás contactarlos.,Karena setelah ini kau tidak bisa menghubungi mereka lagi.,เพราะจากนี้นายจะติดต่อใครไม่ได้แล้ว,"Foi bom, já que você não vai mais poder falar com eles."
,,,코치 콜먼,,1_기본,,,뭔가를 얻기 위해선 포기해야 하는 것도 있는 법이지.,"To gain something, you have to give something up.",何かを得るためには、諦めなければならないものもある。,想要得到什么，就必须舍弃一些东西，这是常理。,為了得到某些東西，勢必就得有所犧牲。,"Нужно уметь отказываться, чтобы заполучить что-то.","Nakkan sesuatu, mesti lepaskan sesuatu.",Vốn dĩ muốn đạt được thứ gì đó thì cũng phải từ bỏ thứ khác.,"Para obtener algo, hay veces en las que también tienes que renunciar a algo.","Untuk mendapatkan sesuatu, terkadang kau harus melepaskan hal lain.",การจะได้อะไรมาสักอย่าง ก็ย่อมมีสิ่งที่ต้องยอมสละเหมือนกัน,"Pra conseguir alguma coisa, sempre tem que abrir mão de outra."
,,,코치 콜먼,,1_미소,,,친구 놀이에 시간 낭비할 순 없다. 알지?,No time to waste playing friends. You know that.,友達ごっこに時間を無駄にはできない。分かるな？,没时间让你浪费在那种过家家一样的友谊游戏上。明白吗？,沒時間讓你玩什麼友情遊戲。明白嗎？,"Нельзя тратить драгоценное время на друзей, ты же понимаешь?",Tak boleh buang masa bermain dengan kawan. Awak tahu.,Không thể lãng phí thời gian vào trò chơi bạn bè được. Hiểu chứ?,No puedes perder el tiempo jugando a los amigos. ¿Entiendes?,Kau harus berhenti membuang waktu hanya untuk bermain-main dengan teman. Apa kau paham?,นายจะเสียเวลาไปกับความสัมพันธ์เล่นๆ ไม่ได้ เข้าใจไหม?,"Não dá pra perder tempo com amizade. Você sabe disso, né?"
,,,백시우_심연,,1_차분,,,...,...,‥,‥,‥,...,...,...,...,...,...,...
,,,코치 콜먼,,1_기본,,,"자, 가자, 그럼.","Let’s go, then.",さあ、行くぞ。,好了，那我们走吧。,好，那我們走吧。,"Ну что, пойдем.",Mari kita pergi.,"Nào, đi thôi.","Bien, vámonos, entonces.","Kalau begitu, kita pergi sekarang.",เอาล่ะ ถ้างั้นก็ไปกันเถอะ,"Enfim, vamos."
,,,코치 콜먼,,1_기본,,,강해지고 싶다고 했지? 좋은 목표야.,"You said you wanted to get stronger, right? Good goal.",強くなりたいと言ったな？いい心構えだ。,你说过你想变强对吧？很有志气。,你說你想變強對吧？這個目標不錯。,Ведь ты хочешь стать сильнее? Отличная цель.,"Awak kata nak menjadi lebih kuat, kan? Matlamat yang baik.",Cậu nói mình muốn trở nên mạnh hơn đúng không? Mục tiêu tốt đấy.,¿Dijiste que querías volverte más fuerte? Es un buen objetivo.,"Bukankah kau bilang, kau ingin menjadi lebih kuat? Itu tujuan yang bagus.",นายบอกว่าอยากแข็งแกร่งขึ้นใช่ไหม? เป็นเป้าหมายที่ดีเลย,"Você disse que queria ficar mais forte, não disse? É um bom objetivo."
,,,코치 콜먼,,1_기본,,,"<scr:noskip><txt:bold,1>내가 널 세계 최고로 만들어 주지.</txt:bold><scr:timer,150>","<scr:noskip><txt:bold,1>I’ll make you the best in the world.</txt:bold><scr:timer,150>","<scr:noskip><txt:bold,1>私が君を世界最強にしてやる。</txt:bold><scr:timer,150>","<scr:noskip><txt:bold,1>我会把你培养成世界第一。</txt:bold><scr:timer,150>","<scr:noskip><txt:bold,1>我會親手把你打造成世界最強。</txt:bold><scr:timer,150>","<scr:noskip><txt:bold,1>Я сделаю тебя лучшим в мире волейболистом.</txt:bold><scr:timer,150>","<scr:noskip><txt:bold,1>Saya akan jadikan awak yang terbaik di dunia.</txt:bold><scr:timer,150>","<scr:noskip><txt:bold,1>Tôi sẽ biến cậu trở thành người mạnh nhất thế giới.</txt:bold><scr:timer,150>","<scr:noskip><txt:bold,1>Yo te convertiré en el mejor del mundo.</txt:bold><scr:timer,150>","<scr:noskip><txt:bold,1>Aku akan membuatmu menjadi yang terbaik di dunia.</txt:bold><scr:timer,150>","<scr:noskip><txt:bold,1>ฉันจะทำให้นายกลายเป็นสุดยอดของโลก</txt:bold><scr:timer,150>","<scr:noskip><txt:bold,1>Eu vou te transformar no melhor do mundo.</txt:bold><scr:timer,150>"
,,,코치 콜먼,,1_기본,,,"<scr:noskip>따라와라, <txt:bold,2><txt:color,orange>백시우</txt:color></txt:bold>. <scr:timer,300>","<scr:noskip>Follow me, <txt:bold,2><txt:color,orange>Siwoo Baek</txt:color></txt:bold>.<scr:timer,300>","<scr:noskip>ついてこい、<txt:bold,2><txt:color,orange>白井新</txt:color></txt:bold>。<scr:timer,300>","<scr:noskip>跟上来吧，<txt:bold,2><txt:color,orange>白时宇</txt:color></txt:bold>。<scr:timer,300>","<scr:noskip>跟我來吧，<txt:bold,2><txt:color,orange>白時宇</txt:color></txt:bold>。<scr:timer,300>","<scr:noskip>За мной, <txt:bold,2><txt:color,orange>Бэк Шиу</txt:color></txt:bold>.<scr:timer,300>","<scr:noskip>Ikutilah saya, <txt:bold,2><txt:color,orange>Siwoo Baek</txt:color></txt:bold>.<scr:timer,300>","<scr:noskip>Theo tôi đi, <txt:bold,2><txt:color,orange>Baek Siwoo</txt:color></txt:bold>.<scr:timer,300>","<scr:noskip>Sígueme, <txt:bold,2><txt:color,orange>Siwoo Baek</txt:color></txt:bold>.<scr:timer,300>","<scr:noskip>Ikutilah aku, <txt:bold,2><txt:color,orange>Siwoo Baek</txt:color></txt:bold>.<scr:timer,300>","<scr:noskip>ตามมาสิ <txt:bold,2><txt:color,orange>แบคชีอู</txt:color></txt:bold><scr:timer,300>","<scr:noskip>Vem comigo, <txt:bold,2><txt:color,orange>Siwoo Baek</txt:color></txt:bold>.<scr:timer,300>"
,,,TAG,,,,,"<sys:quiet,500><cha:hide><eff:black,4>","<sys:quiet,500><cha:hide><eff:black,4>","<sys:quiet,500><cha:hide><eff:black,4>","<sys:quiet,500><cha:hide><eff:black,4>","<sys:quiet,500><cha:hide><eff:black,4>","<sys:quiet,500><cha:hide><eff:black,4>","<sys:quiet,500><cha:hide><eff:black,4>","<sys:quiet,500><cha:hide><eff:black,4>","<sys:quiet,500><cha:hide><eff:black,4>","<sys:quiet,500><cha:hide><eff:black,4>","<sys:quiet,500><cha:hide><eff:black,4>","<sys:quiet,500><cha:hide><eff:black,4>"
,,,TAG,,,,,"<sys:special,시즌2끝><scr:timer,1000><sys:qmap,암전>","<sys:special,시즌2끝><scr:timer,1000><sys:qmap,암전>","<sys:special,시즌2끝><scr:timer,1000><sys:qmap,암전>","<sys:special,시즌2끝><scr:timer,1000><sys:qmap,암전>","<sys:special,시즌2끝><scr:timer,1000><sys:qmap,암전>","<sys:special,시즌2끝><scr:timer,1000><sys:qmap,암전>","<sys:special,시즌2끝><scr:timer,1000><sys:qmap,암전>","<sys:special,시즌2끝><scr:timer,1000><sys:qmap,암전>","<sys:special,시즌2끝><scr:timer,1000><sys:qmap,암전>","<sys:special,시즌2끝><scr:timer,1000><sys:qmap,암전>","<sys:special,시즌2끝><scr:timer,1000><sys:qmap,암전>","<sys:special,시즌2끝><scr:timer,1000><sys:qmap,암전>"
9,경기 전,#,MAP,,,,,암전,암전,암전,암전,암전,암전,암전,암전,암전,암전,암전,암전
,,#,BGM,,,,,,,,,,,,,,,,
,,#,남재현,4,1_기본,,,,,,,,,,,,,,
,,#,정다희,-4,1_언짢,,,,,,,,,,,,,,
,,,???,,,,,"...<wrt:wait,30>역시 보러 왔구나.","...<wrt:wait,30>So you came after all.","‥<wrt:wait,30>やっぱり見に来たんだ。","‥<wrt:wait,30>你果然还是来看比赛了。","‥<wrt:wait,30>妳果然還是來看比賽了。","...<wrt:wait,30>Все-таки ты здесь.","...<wrt:wait,30>Jadi awak datang juga.","...<wrt:wait,30>Quả nhiên cậu vẫn đến xem nhỉ.","...<wrt:wait,30>Como pensaba, viniste a vernos.","...<wrt:wait,30>Ternyata kau datang juga.","...<wrt:wait,30>มาดูจริงๆ ด้วยแฮะ","No fim das contas... <wrt:wait,30>você veio."
,,,???,,,,,안 올 수도 있겠다고 생각했는데.,I thought you might not.,来ないかもしれないと思ってたけど。,我还以为你不会来了呢。,我還以為妳不會來呢。,"Мне казалось, что ты не придешь.",Ingat awak takkan datang.,Tôi còn nghĩ có khi cậu sẽ không đến.,Pensé que quizás no vendrías.,Aku pikir mungkin kau tidak akan datang.,ฉันคิดว่าเธออาจจะไม่มาก็ได้,Achei que talvez não viesse.
,,,TAG,,,,,"<eff:black,4>","<eff:black,4>","<eff:black,4>","<eff:black,4>","<eff:black,4>","<eff:black,4>","<eff:black,4>","<eff:black,4>","<eff:black,4>","<eff:black,4>","<eff:black,4>","<eff:black,4>"
,,,TAG,,,,,"<sys:qmap,대기실>","<sys:qmap,대기실>","<sys:qmap,대기실>","<sys:qmap,대기실>","<sys:qmap,대기실>","<sys:qmap,대기실>","<sys:qmap,대기실>","<sys:qmap,대기실>","<sys:qmap,대기실>","<sys:qmap,대기실>","<sys:qmap,대기실>","<sys:qmap,대기실>"
,,,TAG,,,,,"<cha:qpos,남재현,2><cha:qpos,정다희,-2>","<cha:qpos,남재현,2><cha:qpos,정다희,-2>","<cha:qpos,남재현,2><cha:qpos,정다희,-2>","<cha:qpos,남재현,2><cha:qpos,정다희,-2>","<cha:qpos,남재현,2><cha:qpos,정다희,-2>","<cha:qpos,남재현,2><cha:qpos,정다희,-2>","<cha:qpos,남재현,2><cha:qpos,정다희,-2>","<cha:qpos,남재현,2><cha:qpos,정다희,-2>","<cha:qpos,남재현,2><cha:qpos,정다희,-2>","<cha:qpos,남재현,2><cha:qpos,정다희,-2>","<cha:qpos,남재현,2><cha:qpos,정다희,-2>","<cha:qpos,남재현,2><cha:qpos,정다희,-2>"
,,,정다희,,1_언짢,nervous,,직전까지 고민했어.,I went back and forth until the last minute.,ギリギリまで迷ってたの。,直到刚才我还在犹豫。,我到剛才都還在糾結。,До самого последнего момента я сомневалась.,Saya teragak-agak sehingga saat terakhir.,Tôi đã do dự cho đến phút cuối.,Lo estuve dudando hasta el último momento.,Aku agak ragu hingga detik terakhir.,ฉันคิดหนักจนถึงวินาทีสุดท้ายเลย,Fiquei pensando nisso até o último momento.
,,,정다희,,1_언짢,nervous,,"지금의 <txt:bold,2><txt:color,orange>시우</txt:color></txt:bold>는... 너무 슬프고, 무서워 보이거든.","<txt:bold,2><txt:color,orange>Siwoo</txt:color></txt:bold> right now... he looks so sad. And scary.","今の<txt:bold,2><txt:color,orange>新</txt:color></txt:bold>は‥すごく悲しそうで、怖く見えるから。","因为现在的<txt:bold,2><txt:color,orange>时宇</txt:color></txt:bold>‥看起来是那么悲伤，又那么可怕。","因為現在的<txt:bold,2><txt:color,orange>時宇</txt:color></txt:bold>‥看起來充滿了哀傷，甚至讓人感到恐懼。","<txt:bold,2><txt:color,orange>Шиу</txt:color></txt:bold> сейчас... выглядит грустным и устрашающим.","<txt:bold,2><txt:color,orange>Siwoo</txt:color></txt:bold> sekarang... dia nampak sangat sedih. Dan menakutkan.","<txt:bold,2><txt:color,orange>Siwoo</txt:color></txt:bold> bây giờ... trông vừa buồn bã vừa đáng sợ.","Porque el <txt:bold,2><txt:color,orange>Siwoo</txt:color></txt:bold> de ahora... se ve tan triste y da miedo.","Karena <txt:bold,2><txt:color,orange>Siwoo</txt:color></txt:bold> saat ini... terlihat sangat sedih dan menakutkan.","<txt:bold,2><txt:color,orange>ชีอู</txt:color></txt:bold>ในตอนนี้น่ะ... ดูน่าเศร้าแล้วก็น่ากลัวมาก","O <txt:bold,2><txt:color,orange>Siwoo</txt:color></txt:bold> de hoje... parece tão triste e assustador."
,,,정다희,,1_쿨쿨,nervous,,"그날 <txt:bold,2><txt:color,orange>시우</txt:color></txt:bold>를 끝까지 붙잡지 못한 게 <txt:bold,2><txt:color,orange>시우</txt:color></txt:bold>를 이렇게 만든 것 같아서 무서웠어.",I was afraid that not holding onto him that day is what made him this way.,"あの日、<txt:bold,2><txt:color,orange>新</txt:color></txt:bold>を最後まで引き止められなかったことが、<txt:bold,2><txt:color,orange>新</txt:color></txt:bold>をこうさせてしまった気がして怖かった。","我真的很害怕，害怕是因为那天没能拦住<txt:bold,2><txt:color,orange>时宇</txt:color></txt:bold>，才让他变成了现在这个样子。","我好怕是因為當時沒能攔住<txt:bold,2><txt:color,orange>時宇</txt:color></txt:bold>，才害<txt:bold,2><txt:color,orange>他</txt:color></txt:bold>變成了現在這個樣子。","Я боялась, что <txt:bold,2><txt:color,orange>Шиу</txt:color></txt:bold> стал таким, потому что я не смогла <txt:bold,2><txt:color,orange>его</txt:color></txt:bold> удержать в тот день.",Saya risau dia jadi begini sebab saya gagal menahannya hari itu.,"Tôi sợ rằng việc hôm đó không thể giữ <txt:bold,2><txt:color,orange>Siwoo</txt:color></txt:bold> lại đến cùng... đã khiến <txt:bold,2><txt:color,orange>Siwoo</txt:color></txt:bold> trở nên như vậy.","Tenía miedo porque sentí que el no haber retenido a <txt:bold,2><txt:color,orange>Siwoo</txt:color></txt:bold> hasta el final ese día fue lo que lo convirtió en esto.","Aku takut karena mungkin kegagalanku menahan <txt:bold,2><txt:color,orange>Siwoo</txt:color></txt:bold> saat itulah yang membuat <txt:bold,2><txt:color,orange>Siwoo</txt:color></txt:bold> jadi seperti ini.","ฉันกลัว เพราะเหมือนกับว่าที่วันนั้นฉันไม่ได้รั้ง<txt:bold,2><txt:color,orange>ชีอู</txt:color></txt:bold>ไว้จนถึงที่สุด ทำให้<txt:bold,2><txt:color,orange>ชีอู</txt:color></txt:bold>กลายเป็นแบบนี้","Eu tive medo... parece que não ter segurado o <txt:bold,2><txt:color,orange>Siwoo</txt:color></txt:bold> até o fim naquele dia fez o <txt:bold,2><txt:color,orange>Siwoo</txt:color></txt:bold> ficar assim."
,,,정다희,,1_기본,pause,,"하지만, 결국 와야겠다고 생각했어.",But I decided I had to come.,でも、やっぱり来なきゃって思ったの。,但最终，我还是决定要来。,但最後，我還是決定來了。,"Но я все же подумала, что нужно прийти.",Tetapi saya memutuskan saya perlu datang.,Nhưng cuối cùng tôi vẫn nghĩ mình nên đến.,"Pero, al final pensé que tenía que venir.",Tapi pada akhirnya aku memutuskan bahwa aku harus datang.,แต่สุดท้ายฉันก็คิดว่าคงต้องมา,"Mas, no fim, achei que precisava vir."
,,,정다희,,1_기본,,,"난 <txt:bold,1>'코치'</txt:bold>니까. 끝까지 지켜 볼 거야.","I'm his <txt:bold,1>'coach.'</txt:bold> I'll see it through to the end.","私は<txt:bold,1>「コーチ」</txt:bold>だから。最後まで見届けるよ。","毕竟我是<txt:bold,1>'教练'</txt:bold>啊。我一定要守望他到最后。","因為我是<txt:bold,1>「教練」</txt:bold>啊，我會守護他到最後的。","Ведь я <txt:bold,1>тренер</txt:bold>. Я должна оставаться до самого конца.","Sayalah <txt:bold,1>'jurulatih'</txt:bold> dia. Saya akan terus memerhatikannya hingga akhir.","Vì tôi là <txt:bold,1>huấn luyện viên</txt:bold>. Tôi sẽ dõi theo đến cùng.","Porque soy su <txt:bold,1>'entrenadora'</txt:bold>. Lo observaré hasta el final.","Karena aku adalah <txt:bold,1>‘Coach’</txt:bold>. Aku akan melihat semuanya hingga akhir.","เพราะฉันเป็น <txt:bold,1>'โค้ช'</txt:bold> ฉันจะเฝ้าดูเขาจนถึงที่สุด","Afinal... eu sou a <txt:bold,1>«treinadora»</txt:bold> dele. Preciso ficar de olho até o fim."
,,,정다희,,1_기본,,,컨디션은 어때?,How are you feeling?,コンディションはどう？,状态怎么样？,你的狀態如何？,Как самочувствие?,Bagaimana keadaan awak?,Tình trạng cậu thế nào?,¿Cómo te sientes?,Bagaimana kondisimu sekarang?,สภาพนายเป็นยังไงบ้าง?,Como você tá se sentindo?
,,,TAG,,,,,"<sys:bgm,BGM_ALICE_STINGER,600>","<sys:bgm,BGM_ALICE_STINGER,600>","<sys:bgm,BGM_ALICE_STINGER,600>","<sys:bgm,BGM_ALICE_STINGER,600>","<sys:bgm,BGM_ALICE_STINGER,600>","<sys:bgm,BGM_ALICE_STINGER,600>","<sys:bgm,BGM_ALICE_STINGER,600>","<sys:bgm,BGM_ALICE_STINGER,600>","<sys:bgm,BGM_ALICE_STINGER,600>","<sys:bgm,BGM_ALICE_STINGER,600>","<sys:bgm,BGM_ALICE_STINGER,600>","<sys:bgm,BGM_ALICE_STINGER,600>"
,,,남재현,,1_기본,,,"<scr:timer,125><scr:noskip>...<wrt:wait,30>하핫, 물어볼 필요 있어?","<scr:timer,125><scr:noskip>...<wrt:wait,30>Heh, do you even need to ask?","<scr:timer,125><scr:noskip>‥<wrt:wait,30>ハハッ、聞くまでもないだろ？","<scr:timer,125><scr:noskip>‥<wrt:wait,30>哈，这还用问吗？","<scr:timer,125><scr:noskip>‥<wrt:wait,30>哈哈，這還用問嗎？","<scr:timer,125><scr:noskip>...<wrt:wait,30>Ха-ха, зачем спрашивать?","<scr:timer,125><scr:noskip>...<wrt:wait,30>Heh, perlu ke tanya?","<scr:timer,125><scr:noskip>...<wrt:wait,30>Haha, còn cần phải hỏi sao?","<scr:timer,125><scr:noskip>...<wrt:wait,30>Jaja, ¿es necesario preguntarlo?","<scr:timer,125><scr:noskip>...<wrt:wait,30>Haha, apa perlu ditanya lagi?","<scr:timer,125><scr:noskip>...<wrt:wait,30>ฮ่าฮ่า ต้องถามเหรอ?","<scr:timer,125><scr:noskip>Haha... <wrt:wait,30>precisa mesmo perguntar?"
,,,남재현,,1_웃음,,,"<scr:timer,125><scr:noskip><txt:bold,1>어느 때보다 좋아.</txt:bold>","<scr:timer,125><scr:noskip><txt:bold,1>Never been better.</txt:bold>","<scr:timer,125><scr:noskip><txt:bold,1>今までで一番いいよ。</txt:bold>","<scr:timer,125><scr:noskip><txt:bold,1>状态好得不能再好了。</txt:bold>","<scr:timer,125><scr:noskip><txt:bold,1>好得不能再好了。</txt:bold>","<scr:timer,125><scr:noskip><txt:bold,1>Лучше, чем когда-либо.</txt:bold>","<scr:timer,125><scr:noskip><txt:bold,1>Tak pernah lebih baik.</txt:bold>","<scr:timer,125><scr:noskip><txt:bold,1>Chưa bao giờ tốt hơn lúc này.</txt:bold>","<scr:timer,125><scr:noskip><txt:bold,1>Estoy mejor que nunca.</txt:bold>","<scr:timer,125><scr:noskip><txt:bold,1>Lebih baik dari kapanpun juga.</txt:bold>","<scr:timer,125><scr:noskip><txt:bold,1>ดียิ่งกว่าตอนไหนเลยล่ะ</txt:bold>","<scr:timer,125><scr:noskip><txt:bold,1>Melhor do que nunca.</txt:bold>"
,,,남재현,,1_기본,,,"<scr:timer,125><scr:noskip>정말 오래 기다렸거든. <txt:bold,2><txt:color,orange>시우</txt:color></txt:bold>랑 같은 코트에 다시 서는 이 순간을.","<scr:timer,125><scr:noskip>I’ve waited a long time for this. To stand on the same court as <txt:bold,2><txt:color,orange>Siwoo</txt:color></txt:bold> again.","<scr:timer,125><scr:noskip>ずっと待ってたんだ。<txt:bold,2><txt:color,orange>新</txt:color></txt:bold>と同じコートにまた立てるこの瞬間を。","<scr:timer,125><scr:noskip>我可是等这一刻等了好久。<txt:bold,2>等这个能和<txt:color,orange>时宇</txt:color></txt:bold>再次站在同一片赛场的瞬间。","<scr:timer,125><scr:noskip>我真的等這一天等很久了。能再次跟<txt:bold,2><txt:color,orange>時宇</txt:color></txt:bold>在同一個球場上分出勝負的這一刻。","<scr:timer,125><scr:noskip>Я так долго ждал этого момента, когда смогу снова вступить на корт с <txt:bold,2><txt:color,orange>Шиу</txt:color></txt:bold>.","<scr:timer,125><scr:noskip>Dah lama saya menunggu saat ini. Berdiri di gelanggang sama dengan <txt:bold,2><txt:color,orange>Siwoo</txt:color></txt:bold> sekali lagi.","<scr:timer,125><scr:noskip>Tôi đã chờ rất lâu rồi. Khoảnh khắc được đứng lại trên cùng một sân với <txt:bold,2><txt:color,orange>Siwoo</txt:color></txt:bold>.","<scr:timer,125><scr:noskip>Estuve esperando este momento por mucho tiempo. Este momento en el que vuelvo a estar en la misma cancha que <txt:bold,2><txt:color,orange>Siwoo</txt:color></txt:bold>.","<scr:timer,125><scr:noskip>Aku sudah menunggu begitu lama. Momen berdiri di lapangan yang sama dengan <txt:bold,2><txt:color,orange>Siwoo</txt:color></txt:bold> lagi ini...","<scr:timer,125><scr:noskip>ฉันรอมานานมากจริงๆ ช่วงเวลานี้ที่จะได้ยืนบนสนามเดียวกันกับ<txt:bold,2><txt:color,orange>ชีอู</txt:color></txt:bold>อีกครั้ง","<scr:timer,125><scr:noskip>Eu esperei muito por esse momento... Jogar de novo na mesma quadra que o <txt:bold,2><txt:color,orange>Siwoo</txt:color></txt:bold>..."
,,,남재현,,1_기본,,,"<scr:timer,125><scr:noskip><txt:bold,2><txt:color,orange>시우</txt:color></txt:bold>야. <wrt:wait,30>보여줄게.","<scr:timer,125><scr:noskip><txt:bold,2><txt:color,orange>Siwoo</txt:color></txt:bold>. <wrt:wait,30>I’ll show you.","<scr:timer,125><scr:noskip><txt:bold,2><txt:color,orange>新</txt:color></txt:bold>。<wrt:wait,30>見せてやるよ。","<scr:timer,125><scr:noskip><txt:bold,2><txt:color,orange>时宇</txt:color></txt:bold>。<wrt:wait,30>我会让你看到的。","<scr:timer,125><scr:noskip><txt:bold,2><txt:color,orange>時宇</txt:color></txt:bold>，<wrt:wait,30>看好了。","<scr:timer,125><scr:noskip><txt:bold,2><txt:color,orange>Шиу</txt:color></txt:bold>... <wrt:wait,30>Я тебе покажу.","<scr:timer,125><scr:noskip><txt:bold,2><txt:color,orange>Siwoo</txt:color></txt:bold>. <wrt:wait,30>Saya akan tunjukkan.","<scr:timer,125><scr:noskip><txt:bold,2><txt:color,orange>Siwoo</txt:color></txt:bold> à. <wrt:wait,30>Tôi sẽ cho cậu thấy...","<scr:timer,125><scr:noskip><txt:bold,2><txt:color,orange>Siwoo</txt:color></txt:bold>. <wrt:wait,30>Te lo mostraré.","<scr:timer,125><scr:noskip><txt:bold,2><txt:color,orange>Siwoo</txt:color></txt:bold>. <wrt:wait,30>Akan kutunjukkan padamu.","<scr:timer,125><scr:noskip><txt:bold,2><txt:color,orange>ชีอู</txt:color></txt:bold> <wrt:wait,30>ฉันจะโชว์ให้นายได้เห็น","<scr:timer,125><scr:noskip><txt:bold,2><txt:color,orange>Siwoo</txt:color></txt:bold>... <wrt:wait,30>eu vou te mostrar..."
,,,남재현,,1_웃음,,,"<scr:timer,125><scr:noskip><txt:bold,1>네 인생을 바꿀 스파이크를.</txt:bold><scr:timer,300>","<scr:timer,125><scr:noskip><txt:bold,1>A spike that’ll change your life.</txt:bold><scr:timer,300>","<scr:timer,125><scr:noskip><txt:bold,1>君の人生を変えるスパイクを。</txt:bold><scr:timer,300>","<scr:timer,125><scr:noskip><txt:bold,1>这记足以改变你人生的扣球。</txt:bold><scr:timer,300>","<scr:timer,125><scr:noskip><txt:bold,1>我會打出一記改變你人生的扣球。</txt:bold><scr:timer,300>","<scr:timer,125><scr:noskip><txt:bold,1>Нападающий удар, который изменит твою жизнь.</txt:bold><scr:timer,300>","<scr:timer,125><scr:noskip><txt:bold,1>Rejaman yang akan mengubah hidup awak.</txt:bold>","<scr:timer,125><scr:noskip><txt:bold,1>Cú đập bóng thay đổi cuộc đời cậu.</txt:bold><scr:timer,300>","<scr:timer,125><scr:noskip><txt:bold,1>El remate que cambiará tu vida.</txt:bold><scr:timer,300>","<scr:timer,125><scr:noskip><txt:bold,1>Spike yang akan mengubah hidupmu.</txt:bold><scr:timer,300>","<scr:timer,125><scr:noskip><txt:bold,1>ถึงการตบที่จะเปลี่ยนชีวิตนาย</txt:bold><scr:timer,300>","<scr:timer,125><scr:noskip><txt:bold,1>A cortada que vai mudar a sua vida.</txt:bold><scr:timer,300>"