스테이지,상황,분기,이름,위치,표정,효과,감정,한국어(kr),영어(en),일본어(ja),중국어-간체(zh-chs),중국어-번체(zh-),러시아어(ru),말레이시아어(ms),베트남어(vi),스페인어(es),인도네시아어(id),태국어(th),포르투갈어(pt)
1,경기 전,#,MAP,,,,,바다,바다,바다,바다,바다,바다,바다,바다,바다,바다,바다,바다
,,#,BGM,,,,,BGM_TRIP,BGM_TRIP,BGM_TRIP,BGM_TRIP,BGM_TRIP,BGM_TRIP,BGM_TRIP,BGM_TRIP,BGM_TRIP,BGM_TRIP,BGM_TRIP,BGM_TRIP
,,#,아티스,4,1_웃음,,,,,,,,,,,,,,
,,#,백시우,-1,1_웃음,,,,,,,,,,,,,,
,,#,정다희,-2,-3_활짝,,,,,,,,,,,,,,
,,,-,,,,,"<txt:bold,3><txt:color,grey>~국제 비치발리볼 캠프 서머 스플래쉬, 뜨거운 해변가~","<txt:bold,3><txt:color,grey>Summer Splash International Beach Volleyball Camp, along the beach...","<txt:bold,3><txt:color,grey>～国際ビーチバレーキャンプ「サマースプラッシュ」、暑い海辺～","<txt:bold,3><txt:color,grey>～国际沙滩排球训练营夏日飞溅，炎热的海滩～","<txt:bold,3><txt:color,grey>～國際沙灘排球訓練營夏日狂歡，炎熱的海灘～","<txt:bold,3><txt:color,grey>Горячий пляж международного лагеря пляжного волейбола Summer Splash","<txt:bold,3><txt:color,grey>Kem Bola Tampar Pantai Antarabangsa Summer Splash, sepanjang pantai...","<txt:bold,3><txt:color,grey>~Trại huấn luyện bóng chuyền bãi biển quốc tế Summer Splash, bãi biển nóng bỏng~","<txt:bold,3><txt:color,grey>Campamento Internacional de Voleibol de Playa Summer Splash, en la cálida playa","<txt:bold,3><txt:color,grey>~Kamp voli pantai internasional Summer Splash, pantai yang terik~","<txt:bold,3><txt:color,grey>~ค่ายวอลเลย์บอลชายหาดนานาชาติ ซัมเมอร์สแปลช, ชายทะเลอันร้อนระอุ~","<txt:bold,3><txt:color,grey>Acampamento Internacional de Vôlei de Praia Summer Splash #Praia Ensolarada"
,,,,,,,,,,,,,,,,,,,
,,,정다희,,-3_활짝,wave,joy,"바다다, 바다~!!!",It’s the oceaaaaan!!!,海だ、海だー！,大海啊，大海～！！！,是大海啊，大海～！,Море! Морюшко!,Ini lautan!!!,"Biển kìa, biển kìa~!!!","¡Es el mar, el mar!!!",Wah laut yang indah~!!!,ทะเลจ๋า ทะเล~!!!,Uhul! Praia!
,,,정다희,,-1_웃음,wave,,"음음~ 햇살이 쨍쨍한걸! 다들 신나보이네~ <wrt:wait,15><wrt:break> 벌써 신나서 뛰어다니는 사람도 있고, 운동을 하는 사람도 있고!","Mmm, feel that sun beating down! Everyone looks excited! <wrt:wait,15><wrt:break> There’s already people jumping around! And people exercising!","うんうん、いい日差し！それに、みんな楽しそう！<wrt:wait,15><wrt:break>もう走り回ってる人も、運動してる人もいるね！","嗯嗯～阳光明媚！大家看起来都很兴奋呢～<wrt:wait,15><wrt:break>已经有人兴奋地跑来跑去了，还有人在做运动！","哇～陽光特別耀眼！大家看起來都很開心呢～<wrt:wait,15><wrt:break>已經開始在沙灘追逐，還有人做起運動了呢！","Какое солнце! И у всех такое хорошее настроение!<wrt:wait,15><wrt:break>Кто-то прыгает от радости, кто-то занимается спортом...","Mmm, teriknya matahari! Semua orang nampak seronok! <wrt:wait,15><wrt:break>Ada yang dah berlari-lari sebab teruja, ada juga yang bersenam!","Ừm ừm~ Ánh nắng mặt trời rực rỡ quá! Ai cũng có vẻ rất hào hứng nhỉ~ <wrt:wait,15><wrt:break> Đã có người háo hức chạy nhảy rồi, cũng có người đang tập luyện!","Hum ¡El sol brilla intensamente! ¡Todos parecen estar emocionados! <wrt:wait,15><wrt:break> ¡Ya hay gente corriendo de emoción y otros haciendo ejercicio!","Wahhh~ Mataharinya terik sekali! Semua orang disini terlihat sangat gembira~ <wrt:wait,15><wrt:break> Ada yang senang berlari sana-sini, dan juga ada yang sedang berolahraga!","อื้ม~ แสงแดดสดใสจัง! ทุกคนดูตื่นเต้นกันมากเลย~ <wrt:wait,15><wrt:break> มีทั้งคนที่กระโดดไปมาด้วยความตื่นเต้น แล้วก็คนที่ออกกำลังกายด้วย!","Que dia ensolarado! Todo mundo parece estar se divertindo. <wrt:wait,15><wrt:break>Tem gente correndo toda animada e outros fazendo exercícios!"
,,,???,,,shake,,"<eff:shake,2><txt:size,2><sys:sfx,스파이크_4>후욱...! 후욱...! 근육...! 근육...!","<eff:shake,2><txt:size,2><sys:sfx,스파이크_4>Hurrh...! Huuugh...! Muscle...! Muscle...!","<eff:shake,100><txt:size,2><sys:sfx,스파이크_4>ふうっ‥！ふうっ‥！筋肉‥！筋肉‥！","<eff:shake,2><txt:size,2><sys:sfx,스파이크_4>呼...！呼...！肌肉...！肌肉...！","<eff:shake,2><txt:size,2><sys:sfx,스파이크_4>呼...！呼...！肌肉...！肌肉...！","<eff:shake,2><txt:size,2><sys:sfx,스파이크_4>Фух! Фух! Мыш-цы! Мыш-цы!","<eff:shake,2><txt:size,2><sys:sfx,스파이크_4>Hurrh...! Huuugh...! Otot...! Otot...!","<eff:shake,2><txt:size,2><sys:sfx,스파이크_4>Phù phù...! Phù phù...! Cơ bắp...! Cơ bắp...!","<eff:shake,2><txt:size,2><sys:sfx,스파이크_4>¡Huff...! ¡Huff...! ¡Músculos...! ¡Músculos...!","<eff:shake,2><txt:size,2><sys:sfx,스파이크_4>Huhhh...! Huhhh...! Otot...! Otot...!","<eff:shake,2><txt:size,2><sys:sfx,스파이크_4>ฮึบ...! ฮึบ...! กล้ามเนื้อ...! กล้ามเนื้อ...!","<eff:shake,2><txt:size,2><sys:sfx,스파이크_4>Urgh! Urgh! Músculos! Músculos!"
,,,백시우,,1_엥,,,오오... 재밌는 기합이네...,"Ooo, that’s an interesting battle cry.",おお‥面白い掛け声だな‥,哇哦...有趣的口号...,哇哦...有趣的口號...,Ого... Вот это энергия...,Oh... Unik juga laungan mereka...,Ồ ồ... Tiếng reo hò thú vị nhỉ...,Uou... ¡Qué gritos tan divertidos!,Ohh... Seruan yang menarik...,โอ้โห... เป็นการเรียกพลังที่น่าสนุกดีแฮะ...,Oh! Quanta energia!
,,,아티스,,1_웃음,,,"<cha:pos,아티스,2><cha:pos,???,0>다 모였군, 좋아. <wrt:wait,15><wrt:break>자, 비치 발리볼 캠프, <txt:bold,2>서머 스플래쉬</txt:bold>에 온 걸 환영한다.","<cha:pos,아티스,2><cha:pos,???,0>Good, you’re all here. <wrt:wait,15><wrt:break>Welcome, everyone, to <txt:bold,2>Summer Splash</txt:bold> Beach Volleyball Camp.","<cha:pos,아티스,2><cha:pos,???,0>よーし、みんな揃ったか？<wrt:wait,15><wrt:break>ビーチバレーキャンプ<txt:bold,2>「サマースプラッシュ」</txt:bold>へようこそ！","<cha:pos,아티스,2><cha:pos,???,0>看来都到齐了，很好。<wrt:wait,15><wrt:break>欢迎大家来到沙滩排球训练营，<txt:bold,2>夏日飞溅</txt:bold>。","<cha:pos,아티스,2><cha:pos,???,0>人都到齊了，很好！<wrt:wait,15><wrt:break>歡迎大家來到沙灘排球訓練營，<txt:bold,2>夏日狂歡</txt:bold>。","<cha:pos,아티스,2><cha:pos,???,0>Ну что же, все собрались?<wrt:wait,15><wrt:break>Добро пожаловать в лагерь пляжного волейбола <txt:bold,2>Summer Splash</txt:bold>!","<cha:pos,아티스,2><cha:pos,???,0>Semua dah berkumpul. Bagus. <wrt:wait,15><wrt:break>Selamat datang ke kem bola tampar pantai <txt:bold,2>Summer Splash</txt:bold>.","<cha:pos,아티스,2><cha:pos,???,0>Tất cả đã tập hợp đông đủ, tốt lắm. <wrt:wait,15><wrt:break>Nào, chào mừng các em đã đến với Trại Huấn Luyện Bóng Chuyền Bãi Biển <txt:bold,2>Summer Splash</txt:bold>.","<cha:pos,아티스,2><cha:pos,???,0>Bien, ya están todos aquí. <wrt:wait,15><wrt:break>Bienvenidos al campamento de voleibol de playa, <txt:bold,2>Summer Splash</txt:bold>.","<cha:pos,아티스,2><cha:pos,???,0>Sepertinya semuanya telah datang. <wrt:wait,15><wrt:break>Kalau begitu, selamat datang di Kamp Beach Volleyball, <txt:bold,2>Summer Splash</txt:bold>.","<cha:pos,아티스,2><cha:pos,???,0>มากันครบแล้วสินะ <wrt:wait,15><wrt:break>เอาล่ะ ขอต้อนรับทุกคนเข้าสู่ค่ายวอลเลย์บอลชายหาด <txt:bold,2>ซัมเมอร์สแปลช</txt:bold>","<cha:pos,아티스,2><cha:pos,???,0>Ótimo, todos chegaram. <wrt:wait,15><wrt:break>Bem-vindos ao acampamento de vôlei de praia, <txt:bold,2>Summer Splash</txt:bold>."
,,,아티스,,1_웃음,,,"나는 앞으로 너희 청소년 팀의 코치를 맡을 <txt:bold,2><txt:color,orange>아티스</txt:bold></txt:color>라고 해.","My name is <txt:bold,2><txt:color,orange>Atis</txt:bold></txt:color>. I am the coach for the teens team.","俺は君たちユースチームのコーチを務める<txt:bold,2><txt:color,orange>アティス</txt:bold></txt:color>だ。","我叫<txt:bold,2><txt:color,orange>亚提斯</txt:bold></txt:color>，将担任你们青少年队的教练。","我叫<txt:bold,2><txt:color,orange>亞提斯</txt:bold></txt:color>，將擔任你們青少年隊的教練。","Я — <txt:bold,2><txt:color,orange>Атис</txt:bold></txt:color>, тренер молодежных команд.","Nama saya <txt:bold,2><txt:color,orange>Atis</txt:bold></txt:color>. Saya adalah jurulatih untuk pasukan remaja.","Tôi là <txt:bold,2><txt:color,orange>Atis</txt:bold></txt:color> và sẽ là huấn luyện viên của đội thanh thiếu niên các em.","Soy <txt:bold,2><txt:color,orange>Athis</txt:bold></txt:color>, y seré el entrenador de su equipo juvenil.","Aku akan bertindak sebagai Coach dari Tim remaja kalian, namaku adalah <txt:bold,2><txt:color,orange>Atis</txt:bold></txt:color>.","ฉันชื่อ<txt:bold,2><txt:color,orange>เอทีซ</txt:bold></txt:color> จะมารับหน้าที่โค้ชของทีมเยาวชนต่อจากนี้","Olá, pessoal! Eu sou <txt:bold,2><txt:color,orange>Athis</txt:bold></txt:color>, o novo treinador do time juvenil. Muito prazer."
,,,아티스,,1_기본,,,"간단하게 소개하자면, 우리 캠프는 <txt:bold,2>비치발리볼의 낭만, 그 매력</txt:bold>을 느끼고자 하는 사람들이 모였어.","To give you a brief introduction, this camp is for those who want to feel the <txt:bold,2>charm and romance of beach volleyball</txt:bold>.","簡単に紹介すると、このキャンプは<txt:bold,2>ビーチバレーのロマンと魅力</txt:bold>を感じたい人のためのキャンプだ。","简单介绍一下，我们训练营汇集了一群想要感受<txt:bold,2>沙排浪漫和魅力</txt:bold>的人。","簡單介紹一下，我們訓練營匯集了一群想要體驗<txt:bold,2>沙排浪漫和魅力</txt:bold>的球員。","Немного пояснений: в нашем лагере собираются люди, желающие насладиться <txt:bold,2>романтикой и шармом пляжного волейбола</txt:bold>.","Untuk memberi pengenalan ringkas kepada anda, kem ini adalah untuk mereka yang ingin merasai <txt:bold,2>pesona dan romantik bola tampar pantai</txt:bold>.","Nói ngắn gọn thì, trại của chúng ta quy tụ những người muốn cảm nhận được <txt:bold,2>sự lãng mạn và quyến rũ của bóng chuyền bãi biển</txt:bold>.","Para una breve introducción, nuestro campamento está formado por personas que quieren experimentar <txt:bold,2>la esencia y el encanto</txt:bold> del voleibol de playa.","Singkatnya, kamp ini mempertemukan orang-orang yang ingin merasakan <txt:bold,2>suasana romantis dan pesona voli pantai</txt:bold>.","ถ้าให้แนะนำสั้นๆ ก็คือค่ายของเราเป็นแหล่งรวมตัวผู้คนที่ต้องการสัมผัส <txt:bold,2>เสน่ห์ความโรแมนติกของวอลเลย์บอลชายหาด</txt:bold>นั่นเอง","Pra dar uma breve apresentação, nosso acampamento é para aqueles que querem desfrutar da <txt:bold,2>adrenalina e do encanto do vôlei de praia</txt:bold>."
,,,아티스,,1_기본,,,"누구든 가볍게 즐길 수 있도록 룰도 <txt:bold,2>실내 배구 경기</txt:bold>를 기준으로 할 거야. <wrt:wait,15><wrt:break>그러니 비치발리볼이 익숙하지 않은 팀도 안심하도록.","And to make things easier for everyone, the rules will be based on <txt:bold,2>indoor volleyball</txt:bold>. <wrt:wait,15><wrt:break>So, those of you unfamiliar with beach volleyball, rest easy.","誰もが気軽に楽しめるように、ルールも<txt:bold,2>インドア用のバレーボール</txt:bold>に合わせている。<wrt:wait,15><wrt:break>だからビーチバレーに慣れてない人も安心するように。","为了让每个人都能轻松享受，规则会以<txt:bold,2>室内排球比赛</txt:bold>为标准。<wrt:wait,15><wrt:break>所以不熟悉沙排的队伍也不用担心。","為了讓每個人都能輕鬆享受，規則會以<txt:bold,2>室內排球比賽</txt:bold>為標準。<wrt:wait,15><wrt:break>所以不熟悉沙排的隊伍也不用擔心。","Чтобы сделать игру интересной для всех, правила остаются такими же,<wrt:break>как и на <txt:bold,2>обычном волейбольном корте</txt:bold>. <wrt:wait,15><wrt:break>Так что даже новички в пляжном волейболе могут не беспокоиться.","Supaya semua orang dapat bermain dengan santai, kita akan menggunakan peraturan <txt:bold,2>bola tampar dewan</txt:bold>. <wrt:wait,15><wrt:break>Jadi, pasukan yang belum biasa dengan bola tampar pantai tak perlu risau.","Để ai cũng có thể tham gia một cách thoải mái, luật chơi cũng sẽ dựa trên <txt:bold,2>luật thi đấu bóng chuyền trong nhà</txt:bold>. <wrt:wait,15><wrt:break>Nên những đội chưa quen với bóng chuyền bãi biển cũng yên tâm nhé.","Las reglas serán las del <txt:bold,2>voleibol de sala</txt:bold>, para que todos puedan disfrutar sin preocupaciones. <wrt:wait,15><wrt:break>Así que no se preocupen si no están familiarizados con el voleibol de playa.","Agar semua bisa menikmati permainan dengan santai, kita akan memakai aturan <txt:bold,2>voli dalam ruangan</txt:bold> sebagai dasar. <wrt:wait,15><wrt:break>Jadi, tim yang belum terbiasa dengan voli pantai tidak perlu khawatir.","ซึ่งกฎกติกาจะใช้เกณฑ์เดียวกับ<txt:bold,2>การแข่งขันวอลเลย์บอลในร่ม</txt:bold> เพื่อให้ทุกคนสนุกกันได้ง่ายๆ <wrt:wait,15><wrt:break>ดังนั้น ทีมที่ไม่สันทัดกับวอลเลย์บอลชายหาดก็สบายใจได้เลย","Para que todos possam participar e se divertir, vamos seguir as regras do <txt:bold,2>vôlei de quadra</txt:bold>. <wrt:wait,15><wrt:break>Assim, mesmo quem não conhece bem o vôlei de praia poderá participar."
,,,정다희,,-2_헤헤,wave,,"휴, 우리에겐 다행이네~!","Phew, that’s good news for us!",よかった、私たちにとっては嬉しい知らせだね！,呼，这对我们来说真是幸运～！,呼，這對我們來說真是幸運～！,"О, отличная новость для нас!","Fuh, itu berita baik untuk kami!","Ôi, vậy là may cho chúng ta rồi~!","¡Uf, eso es un alivio para nosotros!","Hyuhh, sepertinya kita beruntung~!",ฮู้ว ค่อยยังชั่วแฮะ~!,"Ufa, ainda bem, hein!"
,,,아티스,,1_웃음,,,"자, 그럼 빠르게 첫 경기를 진행해볼까? <wrt:wait,15><wrt:break>기존에 안내된 대진표대로 코트와 경기 상대를 찾아가봐.","Right, shall we get our first game going then? <wrt:wait,15><wrt:break>Find your court and opposing team from the previously announced match bracket.","では、さっそく試合を始めよう。<wrt:wait,15><wrt:break>予め配ったトーナメント表に書かれているコートと対戦相手を探すように。","那么，我们快点开始第一场比赛吧？<wrt:wait,15><wrt:break>按照之前公布的对阵表，找到你们的场地和对手。","那麼我們就開始第一場比賽吧？<wrt:wait,15><wrt:break>按照之前公佈的賽程表，找到你們的場地和對手。","Ну что же, давайте проведем первый матч? <wrt:wait,15><wrt:break>Ваши соперники указаны в программе соревнований, которую вы должны были уже получить.","Baiklah, kita mulakan perlawanan pertama sekarang. <wrt:wait,15><wrt:break>Cari gelanggang dan pasukan lawan masing-masing mengikut carta perlawanan yang sudah diberikan.","Được rồi, vậy thì chúng ta nhanh chóng bắt đầu trận đấu đầu tiên nhé? <wrt:wait,15><wrt:break>Các em hãy tìm sân đấu và đối thủ theo bảng xếp cặp đã thông báo trước đó nhé.","Entonces, ¿qué les parece si comenzamos con el primer juego rápidamente? <wrt:wait,15><wrt:break>Según la tabla de enfrentamientos, busquen su campo y su oponente.","Kalau begitu bagaimana kalau kita coba mulai pertandingan pertama? <wrt:wait,15><wrt:break>Silakan cari lawan dan tempat pertandingan berdasarkan daftar pertandingan yang telah diberi sebelumnya.","เอาล่ะ ถ้างั้นมาลองเริ่มการแข่งแรกกันเลยดีไหม? <wrt:wait,15><wrt:break>แยกย้ายกันไปหาสนามและคู่แข่ง ตามตารางการแข่งขันที่แจ้งไว้แล้วได้เลย","Então, todos prontos para o primeiro jogo? <wrt:wait,15><wrt:break>Deem uma olhada na tabela pra saberem em qual quadra jogarão e quem será o adversário."
,,,백시우,,1_엥,pause,,"<cha:pos,아티스,4><cha:pop,백시우>우왓, 바로 경기를 진행하는구나!","<cha:pos,아티스,4><cha:pop,백시우>Wow, we’re jumping into a game right away!","<cha:pos,아티스,4><cha:pop,백시우>うわっ、さっそく試合かよ！","<cha:pos,아티스,4><cha:pop,백시우>哇，直接就开始比赛啊！","<cha:pos,아티스,4><cha:pop,백시우>哇～一來就直接比賽啊！","<cha:pos,아티스,4><cha:pop,백시우>Ого, вот так сразу к матчу?!","<cha:pos,아티스,4><cha:pop,백시우>Wah, kami akan segera menyertai permainan!","<cha:pos,아티스,4><cha:pop,백시우>Ồ, chúng ta bắt đầu thi đấu luôn sao!","<cha:pos,아티스,4><cha:pop,백시우>¡Uau, comenzamos el juego de inmediato!","<cha:pos,아티스,4><cha:pop,백시우>Wahh, langsung bertanding ya!","<cha:pos,아티스,4><cha:pop,백시우>หา โผล่มาก็แข่งเลยเหรอเนี่ย!","<cha:pos,아티스,4><cha:pop,백시우>Nossa, vamos jogar logo de cara!"
,,,정다희,,-1_기본,,,"걱정 마, 아마 몸을 풀라는 의미의 간단한 경기일 거야~","Don’t worry, it’s probably just a match to get everyone warmed up.",大丈夫。これはウォーミングアップみたいなものだから。,别担心，应该是让大家热身的简单比赛～,別擔心，應該只是讓大家熱身的比賽而已～,"Не переживай! Скорее всего, это просто, чтобы размяться.","Jangan risau, ia mungkin hanya perlawanan untuk memanaskan badan semua orang.","Đừng lo, chắc đây chỉ là trận đấu đơn giản để khởi động thôi~","No te preocupes, probablemente sea un partido simple para calentarnos.","Tidak perlu khawatir, ini pasti hanya pertandingan ringan sebagai pemanasan.",ไม่ต้องกังวลหรอก น่าจะเป็นการแข่งชิลๆ เพื่อวอร์มร่างกายมากกว่า~,"Não se preocupe, provavelmente será um jogo leve para aquecer."
,,,백시우,,1_웃음,,,"음, 그런거라면 오히려 설레는걸?  <wrt:wait,15><wrt:break>어디 보자! 우리의 경기 상대는...","That makes me even more excited. <wrt:wait,15><wrt:break>Let’s see. We’re facing...","ああ、そういうことならむしろ楽しみだな。<wrt:wait,15><wrt:break>どれどれ？俺たちの対戦相手は‥","嗯，如果是那样反而让人很期待呢？<wrt:wait,15><wrt:break>我看看！我们的对手是...","嗯，如果是那樣反而讓人很期待呢？<wrt:wait,15><wrt:break>我看看！我們的對手是...","Тогда я уже предвкушаю игру!<wrt:wait,15><wrt:break>Посмотрим, кто наш соперник...","Kalau begitu, saya makin teruja! <wrt:wait,15><wrt:break>Cuba tengok! Lawan kita ialah...","Ừm, nếu vậy thì ngược lại còn thấy hồi hộp nữa cơ? <wrt:wait,15><wrt:break>Để xem nào! Đối thủ của chúng ta là...","Hmm, si es así, ¡me emociona aún más! <wrt:wait,15><wrt:break>¡Vamos a ver! Nuestros oponentes son...","Hem, kalau dibilang seperti itu hatiku malah jadi berdebar-debar! <wrt:wait,15><wrt:break>Coba ku lihat! Lawan kita adalah...","อืม ถ้าเป็นแบบที่เธอว่าก็น่าตื่นเต้นดีแฮะ?  <wrt:wait,15><wrt:break>ไหนดูซิ! คู่แข่งของเราก็คือ...","Hmm, tô super animado! Vamos ver... <wrt:wait,15><wrt:break>Quem será nosso adversário?"
,,,정다희,,-1_당황,pause,,"<txt:bold,2><txt:color,orange>근육고</txt:bold></txt:color>네!  ...잠깐, <txt:bold,2><txt:color,orange>근육고</txt:bold></txt:color>라면? <wrt:wait,15><wrt:break>혹시 이 학교...","We’re facing <txt:bold,2><txt:color,orange>Muscle High</txt:bold></txt:color>! Wait, <txt:bold,2><txt:color,orange>Muscle High</txt:bold></txt:color>? <wrt:wait,15><wrt:break>Aren’t they...","<txt:bold,2><txt:color,orange>筋肉高校</txt:bold></txt:color>だ！‥あれ、<txt:bold,2><txt:color,orange>筋肉高校</txt:bold></txt:color>ってことは<wrt:wait,15><wrt:break>まさかこの学校‥？","<txt:bold,2><txt:color,orange>肌肉高中</txt:bold></txt:color>！...等等，<txt:bold,2><txt:color,orange>肌肉高中</txt:bold></txt:color>？<wrt:wait,15><wrt:break>难道这所学校...","<txt:bold,2><txt:color,orange>肌肉高中</txt:bold></txt:color>！...等等，<txt:bold,2><txt:color,orange>肌肉高中</txt:bold></txt:color>？<wrt:wait,15><wrt:break>難道這所學校...","<txt:bold,2><txt:color,orange>Школа «Кынюк»</txt:bold></txt:color>! ...Погоди, <txt:bold,2><txt:color,orange>«Кынюк»</txt:bold></txt:color>?<wrt:wait,15><wrt:break>Это случайно не та школа...","Kami menghadapi <txt:bold,2><txt:color,orange>Muscle High</txt:bold></txt:color>! Tunggu, <txt:bold,2><txt:color,orange>Muscle High</txt:bold></txt:color>? <wrt:wait,15><wrt:break>Bukankah mereka...","<txt:bold,2><txt:color,orange>Trường THPT Cơ Bắp</txt:bold></txt:color> này!... Khoan đã, <txt:bold,2><txt:color,orange>Trường THPT Cơ Bắp</txt:bold></txt:color> á? <wrt:wait,15><wrt:break>Đừng nói là trường này...","<txt:bold,2><txt:color,orange>Escuela Fortachón</txt:bold></txt:color>... Un momento, si es la <txt:bold,2><txt:color,orange>Escuela Fortachón</txt:bold></txt:color> <wrt:wait,15><wrt:break>¿acaso esta escuela...?","<txt:bold,2><txt:color,orange>SMA Muscle</txt:bold></txt:color>!  ...Sebentar, <txt:bold,2><txt:color,orange>SMA Muscle</txt:bold></txt:color>? <wrt:wait,15><wrt:break>Sekolah ini jangan-jangan...","<txt:bold,2><txt:color,orange>มัธยมเพาะกาย</txt:bold></txt:color>! ...เดี๋ยวนะ <txt:bold,2><txt:color,orange>มัธยมเพาะกาย</txt:bold></txt:color>งั้นเหรอ? <wrt:wait,15><wrt:break>อย่าบอกนะว่าคือโรงเรียนนี้...","<txt:bold,2><txt:color,orange>Colégio Academia</txt:bold></txt:color>! Calma... <txt:bold,2><txt:color,orange>Colégio Academia</txt:bold></txt:color>? <wrt:wait,15><wrt:break>Eles..."
,,,???,,,shake,,"<eff:shake,3><txt:size,2><sys:sfx,스파이크_4>대흉근...! 소흉근...! 이두박근...! <sys:wait,15><sys:sfx,스파이크_4>삼두박근...!","<eff:shake,3><txt:size,2><sys:sfx,스파이크_4>Pectoralis major...! Pectoralis minor...! Biceps...! <sys:wait,15><sys:sfx,스파이크_4>Triceps...!","<eff:shake,200><txt:size,2><sys:sfx,스파이크_4>大胸筋‥！小胸筋‥！二頭筋‥！<sys:wait,15><sys:sfx,스파이크_4>三頭筋‥！","<eff:shake,3><txt:size,2><sys:sfx,스파이크_4>大胸肌...！小胸肌...！肱二头肌...！<sys:wait,15><sys:sfx,스파이크_4>肱三头肌...！","<eff:shake,3><txt:size,2><sys:sfx,스파이크_4>大胸肌...！小胸肌...！肱二頭肌...！<sys:wait,15><sys:sfx,스파이크_4>肱三頭肌...！","<eff:shake,3><txt:size,2><sys:sfx,스파이크_4>Большая грудная мышца...! Малая грудная...! Бицепсы...! <sys:wait,15><sys:sfx,스파이크_4>Трицепсы...!","<eff:shake,3><txt:size,2><sys:sfx,스파이크_4>Pektoralis major...! Pektoralis minor...! Bisep...! <sys:wait,15><sys:sfx,스파이크_4>Triseps...!","<eff:shake,3><txt:size,2><sys:sfx,스파이크_4>Cơ ngực lớn...! Cơ ngực bé...! Cơ nhị đầu...! <sys:wait,15><sys:sfx,스파이크_4>Cơ tam đầu...!","<eff:shake,3><txt:size,2><sys:sfx,스파이크_4>Pectorales mayores...! Pectorales menores...! Bíceps...! <sys:wait,15><sys:sfx,스파이크_4>Tríceps...!","<eff:shake,3><txt:size,2><sys:sfx,스파이크_4>Pectoralis Major...! Pectoralis Minor...! Bisep...! <sys:wait,15><sys:sfx,스파이크_4>Trisep...!","<eff:shake,3><txt:size,2><sys:sfx,스파이크_4>กล้ามเนื้อทรวงอกมัดใหญ่...! กล้ามเนื้อทรวงอกมัดเล็ก...! กล้ามเนื้อต้นแขนด้านหน้า...! <sys:wait,15><sys:sfx,스파이크_4>กล้ามเนื้อต้นแขนด้านหลัง...!","<eff:shake,3><txt:size,2><sys:sfx,스파이크_4>Peitoral maior! Peitoral menor! Bíceps! <sys:wait,15><sys:sfx,스파이크_4>Tríceps!"
,,,백시우,,1_웃음,nervous,sweat,"아하핫, 학교 이름다운 워밍업 구호인걸!","Ahahah, their warm-up chant really fits their school name.",あははっ、学校名にぴったりな掛け声だな！,哈哈哈，真是符合校名的热身口号啊！,哈哈哈，真是符合校名的熱身口號啊！,Ха-ха-ха! Какая забавная кричалка для разминки!,"Ahahah, lagu pemanasan badan mereka memang sesuai dengan nama sekolah mereka.","A ha ha, khẩu hiệu khởi động đúng chất tên trường luôn!","Ajaja, ¡es un grito de calentamiento que hace honor al nombre de la escuela!","Ahahaha, cara mereka pemanasan sangat cocok seperti nama sekolah mereka!",ฮ่าฮ่า ช่างเป็นสโลแกนวอร์มอัปที่สมกับชื่อโรงเรียนจริงๆ!,"Haha, é um aquecimento que combina perfeitamente com o nome da escola!"
,,,백시우,,1_결연,pause,,"<wrt:delay,5>... ... ...","<wrt:delay,5>... ... ...","<wrt:delay,5>‥‥","<wrt:delay,5>......","<wrt:delay,5>......","<wrt:delay,5>... ... ...","<wrt:delay,5>... ... ...","<wrt:delay,5>... ... ...","<wrt:delay,5>...","<wrt:delay,5>... ... ...","<wrt:delay,5>... ... ...","<wrt:delay,5>... ... ..."
,,,정다희,,-2_어머,pause,,? ...시우야?,Siwoo...?,‥新？,？...时宇？,？...時宇？,Шиу?,Siwoo...?,Siwoo...?,¿...?...Siwoo?,? ...Siwoo?,? ...ชีอู?,Siwoo?
,,,백시우,,2_기쁨,shake,,"<txt:size,2>대흉근...! 소흉근...!","<eff:shake,3><txt:size,2>Pectoralis major...! Pectoralis minor...!","<eff:shake,200><txt:size,2>大胸筋‥！小胸筋‥！","<eff:shake,3><txt:size,2>大胸肌...！小胸肌...！","<eff:shake,3><txt:size,2>大胸肌...！小胸肌...！","<eff:shake,3><txt:size,2>Бицепсы...! Трицепсы...!","<eff:shake,3><txt:size,2>Pektoralis major...! Pektoralis minor...!","<eff:shake,3><txt:size,2>Cơ ngực lớn...! Cơ ngực bé...!","<eff:shake,3><txt:size,2>Pectorales mayores...! Pectorales menores...!","<eff:shake,3><txt:size,2>Pectoralis Major...! Pectoralis Minor...!","<eff:shake,3><txt:size,2>กล้ามเนื้อทรวงอกมัดใหญ่...! กล้ามเนื้อทรวงอกมัดเล็ก...!","<eff:shake,3><txt:size,2>Peitoral maior! Peitoral menor!"
,,,정다희,,-1_당황,shake,,"<eff:shake,2><txt:size,2>으악!!! 따라하지 마!!!","<eff:shake,3><txt:size,2>Uagh!!! Stop copying them!!!","<eff:shake,200><txt:size,2>げっ！真似しないでよ！","<eff:shake,3><txt:size,2>啊！！！不要学他们！！！","<eff:shake,3><txt:size,2>啊！不要學他們！！","<eff:shake,3><txt:size,2>А-а-а-! Не повторяй этого!","<eff:shake,3><txt:size,2>Ugh!!! Berhenti meniru mereka!!!","<eff:shake,3><txt:size,2>Á!!! Đừng có nói theo!!!","<eff:shake,3><txt:size,2>¡Aaaah! ¡No los imites!!!","<eff:shake,3><txt:size,2>Arghhh!!! Jangan diikutin!!!","<eff:shake,3><txt:size,2>โอ๊ย!!! อย่าทำตามเขาได้ไหม!!!","<eff:shake,3><txt:size,2>Arghhh! Para!"
,경기 승리,#,MAP,,,,,바다,바다,바다,바다,바다,바다,바다,바다,바다,바다,바다,바다
,,#,BGM,,,,,BGM_MEET_SIWOO,BGM_MEET_SIWOO,BGM_MEET_SIWOO,BGM_MEET_SIWOO,BGM_MEET_SIWOO,BGM_MEET_SIWOO,BGM_MEET_SIWOO,BGM_MEET_SIWOO,BGM_MEET_SIWOO,BGM_MEET_SIWOO,BGM_MEET_SIWOO,BGM_MEET_SIWOO
,,#,정다희,-4,-2_어머,,,,,,,,,,,,,,
,,#,백시우,0,2_기쁨,,,,,,,,,,,,,,
,,#,남재현,4,1_기본,,,,,,,,,,,,,,
,,,백시우,,2_놀람,pause,,"<txt:size,2>역시 압도적인 피지컬이었다...!","<txt:size,2>That was some overwhelming physicality!","<txt:size,2>さすが‥圧倒的なフィジカルだった‥！","<txt:size,2>果然是压倒性的体格...！","<txt:size,2>果然是壓倒性的體格...！","<txt:size,2>Какая же у них шикарная физическая форма!","<txt:size,2>Memang hebat kekuatan fizikal mereka...!","<txt:size,2>Quả nhiên thể hình áp đảo quá...!","<txt:size,2>¡Eran físicamente imponentes...!","<txt:size,2>Fisik mereka memang luar biasa...!","<txt:size,2>พวกเขาช่างมีรูปร่างสุดข่มขวัญจริงๆ...!","<txt:size,2>Realmente, todos tavam em forma!"
,,,백시우,,1_기본,,,그리고... 모래 위에서 하는 배구는 느낌이 또 다르네!,And it’s a completely different feeling playing on sand!,それに‥砂浜でのバレーは勝手が違うな！,而且...在沙滩上打排球感觉完全不一样！,而且...在沙灘上打排球感覺完全不一樣！,А еще... От пляжного волейбола совсем другие ощущения!,Dan ia adalah perasaan yang berbeza bermain di atas pasir!,Và... Cảm giác chơi bóng chuyền trên cát cũng khác hẳn nhỉ!,Y... ¡jugar voleibol en la arena se siente muy diferente!,Dan juga... Bermain voli di atas pasir terasa sangat berbeda!,แล้วก็... วอลเลย์บอลที่เล่นบนหาดทรายน่ะ ให้ความรู้สึกแปลกใหม่สุดๆ!,Nossa... Mas jogar vôlei na areia tem uma sensação diferente!
,,,남재현,,1_기본,,,"<cha:pos,남재현,2><cha:pos,백시우,-2>뭐야 백시우? 너 배구 다시 시작한 거냐?","<cha:pos,남재현,2><cha:pos,백시우,-2>Siwoo? You’re playing volleyball again?","<cha:pos,남재현,2><cha:pos,백시우,-2>なんだ、新？バレー復帰したのか？","<cha:pos,남재현,2><cha:pos,백시우,-2>怎么回事，白时宇？你又开始打排球了？","<cha:pos,남재현,2><cha:pos,백시우,-2>什麼？！白時宇你又開始打排球了？","<cha:pos,남재현,2><cha:pos,백시우,-2>Бэк Шиу? Ты что, снова в волейболе?","<cha:pos,남재현,2><cha:pos,백시우,-2>Eh, Siwoo? Kamu dah mula main bola tampar semula?","<cha:pos,남재현,2><cha:pos,백시우,-2>Này Baek Siwoo, cậu lại bắt đầu chơi bóng chuyền nữa hả?","<cha:pos,남재현,2><cha:pos,백시우,-2>¿Qué onda, Siwoo? ¿Volviste a jugar voleibol?","<cha:pos,남재현,2><cha:pos,백시우,-2>Siwoo Baek? Kamu mulai main bola voli lagi?","<cha:pos,남재현,2><cha:pos,백시우,-2>อะไรเนี่ย แบคชีอู? นายกลับมาเล่นวอลเลย์บอลอีกเหรอ?","<cha:pos,남재현,2><cha:pos,백시우,-2>Ei, Siwoo Baek? Voltou a jogar vôlei?"
,,,백시우,,1_엥,pause,exclam,"<cha:pop,백시우><txt:size,2>어라, <txt:bold,2><txt:color,orange>남재현</txt:bold></txt:color>!? </txt:size>네가 어떻게 여기에...?!","<cha:pop,백시우><txt:size,2>Whoa, <txt:bold,2><txt:color,orange>Jaehyun Nam</txt:bold></txt:color>?! </txt:size>What are you doing here?","<cha:pop,백시우><txt:size,2>あれ、<txt:bold,2><txt:color,orange>陵</txt:bold></txt:color>？！</txt:size>なんでお前がここに‥？！","<cha:pop,백시우><txt:size,2>咦，<txt:bold,2><txt:color,orange>南宰贤</txt:bold></txt:color>！？</txt:size>你怎么会在这里...？！","<cha:pop,백시우><txt:size,2>咦，<txt:bold,2><txt:color,orange>南宰賢</txt:bold></txt:color>！？</txt:size>你怎麼會在這裡...？！","<cha:pop,백시우><txt:size,2>Ой, <txt:bold,2><txt:color,orange>Нам Чжэхён</txt:bold></txt:color>!? </txt:size>А ты что здесь...?!","<cha:pop,백시우><txt:size,2>Eh, <txt:bold,2><txt:color,orange>Jaehyun Nam</txt:bold></txt:color>?! </txt:size>Macam mana kamu boleh ada di sini...?!","<cha:pop,백시우><txt:size,2>Ơ kìa, <txt:bold,2><txt:color,orange>Nam Jaehyeon</txt:bold></txt:color>!? </txt:size>Cậu sao lại ở đây...?!","<cha:pop,백시우><txt:size,2>¿Eh, <txt:bold,2><txt:color,orange>Jaehyun Nam</txt:bold></txt:color>?! </txt:size>¿Cómo es que estás aquí...?!","<cha:pop,백시우><txt:size,2>Ohhh, <txt:bold,2><txt:color,orange>Jaehyeon Nam</txt:bold></txt:color>!? </txt:size>Kenapa kamu ada disini...?!","<cha:pop,백시우><txt:size,2>อ้าว <txt:bold,2><txt:color,orange>นัมแจฮยอน</txt:bold></txt:color>!? </txt:size>นายมาอยู่ที่นี่ได้ยังไง...?!","<cha:pop,백시우><txt:size,2>Ahn!? <txt:bold,2><txt:color,orange>Jaehyun Nam</txt:bold></txt:color>!? </txt:size>O que você tá fazendo aqui?"
,,,남재현,,1_웃음,,,오랜만이네. 중학교 졸업 이후론 처음이려나?,"Nice to see you again. First time since we graduated middle school, isn’t it?",久しぶりだな。中学校の卒業式以来か？,好久不见。初中毕业后还是第一次见面吧？,真是好久不見，我們這是國中畢業後第一次見面吧？,"Давно не виделись! Наверное, первый раз после окончания средней школы?","Lama tak jumpa. Kali pertama sejak tamat menengah rendah, kan?",Lâu rồi không gặp nhỉ. Từ sau khi tốt nghiệp cấp 2 thì đây là lần đầu tiên ha?,"Cuánto tiempo, ¿eh? ¿Es la primera vez desde que nos graduamos de la secundaria?",Lama tak jumpa. Kalau tidak salah terakhir pada saat kelulusan SMP.,ไม่ได้เจอกันนานเลยนะ ตั้งแต่หลังจบมัธยมต้นเลยรึเปล่าเนี่ย?,"Bom te ver de novo! É a primeira vez que nos vemos desde a formatura do fundamental, não?"
,,,정다희,,-4_경계,,quest,"<cha:pos,정다희,-2><cha:pos,백시우,-1>앗, 이쪽은 누구...? 둘이 아는 사이야?","<cha:pos,정다희,-2><cha:pos,백시우,-1>Oh, who’s this? You know each other?","<cha:pos,정다희,-2><cha:pos,백시우,-1>えっと‥この人は‥？お知り合い？","<cha:pos,정다희,-2><cha:pos,백시우,-1>啊，这位是谁...？你们认识？","<cha:pos,정다희,-2><cha:pos,백시우,-1>啊，這位是...？你們認識？","<cha:pos,정다희,-2><cha:pos,백시우,-1>Кто это? Вы знакомы?","<cha:pos,정다희,-2><cha:pos,백시우,-1>Eh, siapa ini...? Kamu berdua saling kenal?","<cha:pos,정다희,-2><cha:pos,백시우,-1>Ơ, đây là ai vậy...? Hai người quen nhau sao?","<cha:pos,정다희,-2><cha:pos,백시우,-1>Ah, ¿quién es él...? ¿Se conocen?","<cha:pos,정다희,-2><cha:pos,백시우,-1>Hmm, Siapa ini...? Apa kalian saling kenal?","<cha:pos,정다희,-2><cha:pos,백시우,-1>อ๊ะ ใครน่ะ...? ทั้งสองคนรู้จักกันเหรอ?","<cha:pos,정다희,-2><cha:pos,백시우,-1>Ah, quem é? Vocês se conhecem?"
,,,백시우,,1_기본,,,"아, 여긴 내 중학교 친구! 전에 같이 배구를 했었어. <wrt:wait,15><wrt:break>그러다 이쪽은 정말 배구 선수를 준비하는 중.","Ah, he’s a friend from middle school! We played volleyball together. <wrt:wait,15><wrt:break>And now he’s trying to become a real professional volleyball player.","ああ、中学時代の友達。一緒にバレーやってたんだ。<wrt:wait,15><wrt:break>プロを目指してるんだよな。","啊，这是我初中的朋友！以前一起打过排球。<wrt:wait,15><wrt:break>不同的是，之后他有认真准备成为职业选手。","啊～他是以前一起打過排球的國中同學！<wrt:wait,15><wrt:break>然後現在正認真準備成為職業選手。","А, это мой друг из средней школы. Раньше мы вместе занимались волейболом.<wrt:wait,15><wrt:break>Он готовится пойти в профессиональные игроки.","Ah, ini kawan saya masa menengah rendah! Kami pernah main bola tampar bersama. <wrt:wait,15><wrt:break>Sekarang dia sedang bersiap untuk jadi pemain bola tampar betul.","À, đây là bạn cấp 2 của tớ! Trước kia bọn tớ đã chơi bóng chuyền cùng nhau. <wrt:wait,15><wrt:break>Rồi cậu ấy đang chuẩn bị trở thành cầu thủ bóng chuyền thực thụ.","Ah, es un amigo de la secundaria. Jugábamos voleibol juntos. <wrt:wait,15><wrt:break>Ahora él está entrenando para ser jugador profesional.","Ohh, ini adalah teman SMP aku! Dulu kita bermain bola voli bersama. <wrt:wait,15><wrt:break>Dan saat ini dia sedang bersiap untuk menjadi Atlet bola voli.","อ้อ นี่คือเพื่อนสมัยมัธยมต้นของฉันเอง! เมื่อก่อนเราเคยเล่นวอลเลย์บอลด้วยกันน่ะ <wrt:wait,15><wrt:break>แล้วเขาก็กำลังเตรียมตัวเป็นนักกีฬาวอลเลย์บอลจริงๆ","Ah, ele é um amigo do fundamental! Nós costumávamos jogar vôlei juntos. <wrt:wait,15><wrt:break>Agora, ele está realmente se preparando para ser um jogador de vôlei."
,,,남재현,,2_기본,,,"벌써 그것도 한참 됐네. <wrt:wait,15><wrt:break>그나저나 넌 여기 어쩐 일이야, 시우? 너도 이제 배구 선수 하는 거야?","Yeah, it’s been a really long time since we’ve met. <wrt:wait,15><wrt:break>Anyway, crazy seeing you here, Siwoo. Are you a volleyball player now?","懐かしいなぁ。<wrt:wait,15><wrt:break>で、お前はどうしてここにいるんだ？お前もプロを目指してるのか？","那都是很久以前的事了。<wrt:wait,15><wrt:break>话说回来，你来这里干什么，时宇？你现在也要当职业选手了？","那都是很久以前的事了。<wrt:wait,15><wrt:break>話說回來，你怎麼會來這？現在也當職業選手了？","Столько времени уже прошло с тех пор.<wrt:wait,15><wrt:break>А ты что здесь делаешь, Шиу? Тоже готовишься стать профи?","Dah lama juga sejak itu. <wrt:wait,15><wrt:break>Tapi kamu buat apa di sini, Siwoo? Kamu pun dah nak jadi pemain bola tampar?","Cũng đã được một thời gian rồi nhỉ. <wrt:wait,15><wrt:break>Mà này, cậu tới đây có việc gì vậy Siwoo? Cậu cũng định trở thành cầu thủ bóng chuyền luôn à?","Ya ha pasado bastante tiempo. <wrt:wait,15><wrt:break>Por cierto, ¿qué haces aquí, Siwoo? ¿También te estás convirtiendo en jugador de voleibol?","Sepertinya waktu cepat sekali berlalu. <wrt:wait,15><wrt:break>Ngomong-ngomong kenapa kamu ada disini, Siwoo? Apa kamu juga berniat untuk menjadi Atlet bola voli?","เรื่องนั้นมันก็ผ่านมาสักพักแล้วเนอะ <wrt:wait,15><wrt:break>ว่าแต่ทำไมนายถึงมาอยู่ที่นี่ได้ล่ะ ชีอู? หรือว่าตอนนี้นายก็เป็นนักกีฬาวอลเลย์บอลแล้วเหรอ?","Isso já faz um bom tempo. <wrt:wait,15><wrt:break>E você, Siwoo? O que está fazendo por aqui? Também está jogando vôlei agora?"
,,,백시우,,1_기본,nervous,,"아하하, 그건 아냐. 지금은 어쩌다보니!","Ahaha, no way. I just kinda happened to be here!",あはは、違うって。ちょっと訳があってさ！,哈哈哈，不是的。现在只是碰巧！,哈哈哈，沒有啦。現在只是碰巧！,"Ха-ха-ха, нет-нет. Просто как-то так получилось.","Ahaha, tidak mungkin. Saya kebetulan berada di sini!","A ha ha, không phải đâu. Bây giờ thì do tình cờ thôi!","Ajaja, no es eso. ¡Fue por casualidad que vine!","Ahahaha, tidak. Yah kebetulan saja!",อะฮ่าฮ่า ไม่ใช่แบบนั้นหรอก! ตอนนี้ก็แค่บังเอิญจับพลัดจับผลูมาน่ะ!,"Haha, não. Foi meio que por acaso!"
,,,정다희,,-2_어머,pause,,"<cha:pop,정다희>어라, 혹시... 너, <txt:bold,2><txt:color,orange>하늘고</txt:bold></txt:color> 학생인 거야? 유니폼이 익숙한걸?","<cha:pop,정다희>Wait, are you from <txt:bold,2><txt:color,orange>Sky High</txt:bold></txt:color>? That uniform rings a bell.","<cha:pop,정다희>あれ、もしかしてあなた‥<txt:bold,2><txt:color,orange>天空高校</txt:bold></txt:color>の生徒？ユニフォームに見覚えがあるわ。","<cha:pop,정다희>咦，难道...你是<txt:bold,2><txt:color,orange>天空高中</txt:bold></txt:color>的学生？我觉得你的队服很眼熟。","<cha:pop,정다희>咦，難道...你是<txt:bold,2><txt:color,orange>天空高中</txt:bold></txt:color>的學生？總覺得你的隊服很眼熟...","<cha:pop,정다희>А ты случайно не из <txt:bold,2><txt:color,orange>школы «Ханыль»?</txt:bold></txt:color> Что-то форма знакомая...","<cha:pop,정다희>Eh, jangan-jangan kamu pelajar <txt:bold,2><txt:color,orange>Sky High</txt:bold></txt:color>? Jersi itu nampak biasa!","<cha:pop,정다희>Ơ, có phải... cậu là học sinh của <txt:bold,2><txt:color,orange>Trường THPT Thiên Thanh</txt:bold></txt:color> phải không? Đồng phục trông quen quen?","<cha:pop,정다희>Oye, ¿acaso... eres estudiante de la <txt:bold,2><txt:color,orange>Escuela Haneul</txt:bold></txt:color>? Reconozco el uniforme.","<cha:pop,정다희>Hmmm, kalau tidak salah... kamu dari, <txt:bold,2><txt:color,orange>SMA Sky</txt:bold></txt:color>? Seragamnya tidak asing bagiku.","<cha:pop,정다희>หืม... นายเป็นเด็ก<txt:bold,2><txt:color,orange>มัธยมนภากาศ</txt:bold></txt:color>เหรอ? ยูนิฟอร์มคุ้นจัง?","<cha:pop,정다희>Ei, por acaso... você estuda no <txt:bold,2><txt:color,orange>Colégio Céu</txt:bold></txt:color>? Esse uniforme me parece familiar."
,,,남재현,,2_웃음,,,"아, 우리 학교를 아는구나?","Oh, you know our school?",あ、俺の学校知ってるんだ？,啊，你知道我们学校啊？,啊，妳知道我們學校啊？,"О, так ты знаешь нашу школу?","Oh, kamu kenal sekolah kami?","Ồ, cậu biết trường của tớ à?","Ah, ¿conoces nuestra escuela?","Oh, kamu tahu sekolahku?",อ้อ เธอรู้จักโรงเรียนฉันด้วยสินะ?,"Ah, você conhece nossa escola?"
,,,정다희,,-1_웃음,wave,,"당연하지! 우리 나라에서는 <txt:bold,2>배구 명문 고등학교</txt:bold>로 손 꼽히는 학교잖아? <wrt:wait,15><wrt:break><txt:bold,2>전국 대회의 유력 우승 후보, <txt:color,orange><txt:bold,2>하늘고</txt:bold></txt:color>!","Of course I do! It’s like THE <txt:bold,2>prestigious volleyball high school</txt:bold> in Korea! <wrt:wait,15><wrt:break><txt:bold,2>Front-runners for the National Tournament, <txt:color,orange><txt:bold,2>Sky High</txt:bold></txt:color>!","当たり前よ！全国屈指の<txt:bold,2>バレー名門校</txt:bold>じゃない！<wrt:wait,15><wrt:break><txt:bold,2>全国大会の有力な優勝候補、<txt:color,orange><txt:bold,2>天空高校</txt:bold></txt:color>！","当然了！在我们国家可是数一数二的<txt:bold,2>排球名校</txt:bold>啊。<wrt:wait,15><wrt:break><txt:bold,2>全国大赛有力夺冠候选，<txt:color,orange><txt:bold,2>天空高中</txt:bold></txt:color>！","當然了！在我們國家可是數一數二的<txt:bold,2>排球名校</txt:bold>啊。<wrt:wait,15><wrt:break><txt:bold,2>全國大賽奪冠最大熱門，<txt:color,orange><txt:bold,2>天空高中</txt:bold></txt:color>！","Конечно! Это же одна из немногих <txt:bold,2>престижных волейбольных школ</txt:bold> в нашей стране!<wrt:wait,15><wrt:break><txt:bold,2><txt:color,orange><txt:bold,2>Школа «Ханыль»</txt:bold></txt:color> — главный претендент на первенство в национальном чемпионате!","Mestilah! Itu antara <txt:bold,2>sekolah menengah ternama dalam bola tampar</txt:bold> di negara kita! <wrt:wait,15><wrt:break><txt:bold,2>Calon utama juara Kejohanan Kebangsaan, <txt:color,orange><txt:bold,2>Sky High</txt:bold></txt:color>!","Tất nhiên rồi! Ở nước mình, đó là một trong những <txt:bold,2>trường cấp 3 nổi tiếng về bóng chuyền</txt:bold> đấy! <wrt:wait,15><wrt:break><txt:bold,2> Đội bóng mạnh có khả năng vô địch toàn quốc, <txt:color,orange><txt:bold,2>Trường THPT Thiên Thanh</txt:bold></txt:color>!","¡Claro! En nuestro país, es una de las <txt:bold,2>escuelas preparatorias más prestigiosas en voleibol</txt:bold>. <wrt:wait,15><wrt:break><txt:bold,2>¡Son los favoritos para ganar el torneo nacional: la <txt:color,orange><txt:bold,2>Escuela Haneul</txt:bold></txt:color>!","Tentu saja! Sekolahmu terkenal sebagai salah satu <txt:bold,2>Sekolah bola voli terbaik</txt:bold> di negara. <wrt:wait,15><wrt:break><txt:bold,2>Kandidat juara Turnamen Nasional, <txt:color,orange><txt:bold,2>SMA Sky</txt:bold></txt:color>!","แน่นอนสิ! ก็เป็นหนึ่งใน<txt:bold,2>โรงเรียนมัธยมปลายที่มีชื่อเสียงด้านวอลเลย์บอล</txt:bold>ในประเทศของเราเลยนี่นา? <wrt:wait,15><wrt:break><txt:bold,2>ตัวเก็งที่มีโอกาสชนะเลิศในทัวร์นาเมนต์ระดับประเทศ, <txt:color,orange><txt:bold,2>มัธยมนภากาศ</txt:bold></txt:color>!","Claro! É <txt:bold,2>uma das escolas mais prestigiadas no vôlei do país</txt:bold>! <wrt:wait,15><wrt:break><txt:bold,2>O <txt:color,orange><txt:bold,2>Colégio Céu</txt:bold></txt:color> está entre os favoritos para ganhar o torneio nacional!"
,,,백시우,,1_웃음,pause,,"<cha:pop,백시우>우왓, <txt:bold,2><txt:color,orange>남재현</txt:bold></txt:color> 너... 생각보다 대단한 데 들어간 거였구나!","<cha:pop,백시우>Wow, <txt:bold,2><txt:color,orange>Jaehyun</txt:bold></txt:color>, I didn’t know you got into such a great school!","<cha:pop,백시우>おお、<txt:bold,2><txt:color,orange>陵</txt:bold></txt:color>、お前、想像以上にすごいところ入ったんだな！","<cha:pop,백시우>哇，<txt:bold,2><txt:color,orange>南宰贤</txt:bold></txt:color>，你...原来进了这么厉害的学校啊！","<cha:pop,백시우>哇啊！<txt:bold,2><txt:color,orange>南宰賢</txt:bold></txt:color>，你...進了一所比我想像中還厲害的學校啊！","<cha:pop,백시우>Ух ты, <txt:bold,2><txt:color,orange>Нам Чжэхён</txt:bold></txt:color>, ты, оказывается, в крутом месте учишься?!","<cha:pop,백시우>Wah, <txt:bold,2><txt:color,orange>Jaehyun</txt:bold></txt:color>, saya tidak tahu awak masuk ke sekolah yang hebat!","<cha:pop,백시우>Ồ, <txt:bold,2><txt:color,orange>Nam Jaehyeon</txt:bold></txt:color>, cậu... vào được trường giỏi hơn tớ nghĩ nhiều đấy!","<cha:pop,백시우>Wow, <txt:bold,2><txt:color,orange>Jaehyun Nam</txt:bold> ¡entraste en una escuela más impresionante de lo que pensaba!","<cha:pop,백시우>Wow, <txt:bold,2><txt:color,orange>Jaehyeon Nam</txt:bold></txt:color> Kamu... masuk ke sekolah yang sangat luar biasa!","<cha:pop,백시우>โห <txt:bold,2><txt:color,orange>นัมแจฮยอน</txt:bold></txt:color> นาย... ได้เข้าไปที่ที่เจ๋งกว่าที่ฉันคิดอีกนะเนี่ย!","<cha:pop,백시우>Uau, <txt:bold,2><txt:color,orange>Jaehyun Nam</txt:bold></txt:color>, você foi para um lugar incrível!"
,,,남재현,,2_기본,,shy,"하핫, 부정은 안 할게. <wrt:wait,15><wrt:break>거기 있다보니 너무 바빠져서 연락도 제대로 못했네, 미안 미안.","Haha, I won’t deny it! <wrt:wait,15><wrt:break>But I’m sorry, it’s been so busy there I haven’t been able to reach out to you.","ははっ、まぁな。<wrt:wait,15><wrt:break>この学校に入ってからはずっと忙しくて連絡もできなかったんだ。悪い、悪い。","哈哈，我不否认。<wrt:wait,15><wrt:break>在那里太忙了，都没时间联系，真是抱歉。","哈哈～我不否認。<wrt:wait,15><wrt:break>進去那之後實在是太忙了，沒能保持聯絡真抱歉。","Ха-ха, не буду отрицать. <wrt:wait,15><wrt:break>В школе так сильно заваливают, что я даже не мог толком писать тебе, вот уж прости.","Haha, saya tak nafikan. <wrt:wait,15><wrt:break>Saya terlalu sibuk di sana sampai tak sempat hubungi kamu. Maaf, ya.","Ha ha, tớ không phủ nhận đâu. <wrt:wait,15><wrt:break>Vì mải chơi bóng ở đó nên bận quá, không liên lạc được với cậu, xin lỗi nhé.","Jaja, no lo negaré. <wrt:wait,15><wrt:break>Estando allí me he mantenido tan ocupado que ni siquiera he podido mantener el contacto, perdón.","Hehe, aku tidak akan menyangkal. <wrt:wait,15><wrt:break>Maaf aku tidak sempat untuk menghubungimu, itu karena aku terlalu sibuk berlatih disana.","ฮ่าฮ่า ฉันไม่ขอปฏิเสธก็แล้วกัน <wrt:wait,15><wrt:break>พอได้เข้าไปอยู่ที่นั่นแล้ว ก็ยุ่งมากจนไม่ค่อยได้ติดต่อนายเลย โทษทีนะ","Haha, não vou negar. <wrt:wait,15><wrt:break>Estava tão ocupado lá que nem consegui trocar umas ideias com você, desculpa!"
,,,백시우,,1_기본,,,"아냐, 여기서라도 보니 좋은걸!","Nah, I’m just glad we got to run into each other here.",いや、会えてうれしいよ！,没事，能在这里遇到你我很开心！,沒事，很開心能再遇到你！,Все в порядке! Я рад встретить тебя здесь.,"Tak apa, saya gembira dapat jumpa kamu di sini!","Không sao, gặp lại ở đây tớ cũng vui rồi!","No te preocupes, ¡me alegra verte aunque sea aquí!","Tidak apa-apa, setidaknya kita bertemu disini!",ไม่เป็นไรน่า อย่างน้อยก็ได้มาเจอกันที่นี่ไงล่ะ!,Que isso! Foi super bom te ver aqui!
,,,정다희,,-1_기본,,,"이런 우연이 있을 줄이야! <wrt:wait,15><wrt:break>음음, 있지~ 나중에 한번 우리 대지고 팀과 경기해보지 않을래? 분명 재밌을 것 같은데!","What a happy accident! <wrt:wait,15><wrt:break>Mm, so, would you be able to play against Terra High later? It would be fun!","こんな偶然があるとはね！<wrt:wait,15><wrt:break>ねぇねぇ、後でうちの大地高校と対戦してみない？きっと楽しいよ！","没想到会有这样的巧合！<wrt:wait,15><wrt:break>嗯嗯，对了～改天要不要和我们大地高中队打一场？肯定会很有趣！","沒想到會這麼巧！<wrt:wait,15><wrt:break>嗯嗯，對了～改天要不要和我們大地高中隊打一場？肯定會很有趣！","Вот это судьба! <wrt:wait,15><wrt:break>Не хочешь как-нибудь устроить матч с «Тэчжи»? Думаю, было бы захватывающе!","Tak sangka kebetulan begini! <wrt:wait,15><wrt:break>Hmm, nanti nak cuba berlawan dengan pasukan Terra High kami? Mesti seronok!","Thật là một sự trùng hợp bất ngờ! <wrt:wait,15><wrt:break>Ừm ừm, này~ Hay là sau này chúng ta tổ chức một trận với đội bóng của Trường THPT Đại Địa nhé? Chắc chắn sẽ rất vui đấy!","¡Qué coincidencia! <wrt:wait,15><wrt:break>Oye, ¿qué te parece si después juegan un partido contra nuestro equipo de Daeji? ¡Estoy segura de que sería divertido!","Wahh aku tidak menyangka akan terjadi kebetulan seperti ini! <wrt:wait,15><wrt:break>Hemm, kalau begitu~ bagaimana kalau nanti sekolahmu coba bertanding melawan sekolah SMA DaeJi kita? Aku yakin pasti akan seru!","บังเอิญอะไรขนาดนี้เนี่ย! <wrt:wait,15><wrt:break>เอ่อ คือว่าน้า~ นายอยากลองแข่งกับทีมมัธยมแดจีของเราดูสักครั้งไหม? น่าจะสนุกมากเลยนะ!","Ninguém esperava por esse encontro! <wrt:wait,15><wrt:break>Hmm, sabe... Que tal um dia vocês enfrentarem o time do nosso Colégio Daeji? Seria uma experiência incrível!"
,,,남재현,,1_기본,,,"우리끼리? ...흐음, 그래. 그러지 뭐.","Yeah? Hm, sure. Why not?",俺たちで？‥ふむ、まぁいいよ。,就我们吗？...嗯，好啊。就这么定了。,就我們？...嗯好啊，就這麼定了。,"С вами? Хм... Ну, а почему бы и нет.","Antara kita? ...Hmm, okey. Boleh juga.","Hai đội với nhau thôi à? ...Ừm, cũng được đấy chứ.","¿Entre nosotros?...Hmm, claro. Vamos a hacerlo.","Antar kita? ...Hem, boleh. Tidak masalah.",แข่งกันเองน่ะเหรอ? ...อืม เอางั้นก็ได้,"Jogar entre nós? Hmm, claro, por que não?"
,,,남재현,,1_웃음,,joy,"좋아, 그럼. 만반의 준비를 해둬.","All right, then. Make sure you’re ready.",じゃあ、ちゃんと準備しておいてね。,好，那就这么说定了。做好万全准备吧。,好啊，那就這麼說定了。做好萬全準備吧～,Можете начинать готовиться!,"Baiklah, bersedialah betul-betul.","Được, vậy nhé. Hãy chuẩn bị thật kỹ đấy.","Bien, entonces. Prepárate bien.","Baiklah, kalau begitu kalian harus mempersiapkan dengan matang.",โอเค ถ้างั้นก็เตรียมตัวไว้ให้พร้อมล่ะ,"Certo, é bom vocês estarem preparados, hein!"
2,경기 전,#,MAP,,,,,바다,바다,바다,바다,바다,바다,바다,바다,바다,바다,바다,바다
,,#,BGM,,,,,BGM_UNDER_THE_PARASOL,BGM_UNDER_THE_PARASOL,BGM_UNDER_THE_PARASOL,BGM_UNDER_THE_PARASOL,BGM_UNDER_THE_PARASOL,BGM_UNDER_THE_PARASOL,BGM_UNDER_THE_PARASOL,BGM_UNDER_THE_PARASOL,BGM_UNDER_THE_PARASOL,BGM_UNDER_THE_PARASOL,BGM_UNDER_THE_PARASOL,BGM_UNDER_THE_PARASOL
,,#,아티스,2,1_웃음,,,,,,,,,,,,,,
,,#,백시우,-1,1_기본,,,,,,,,,,,,,,
,,#,정다희,-2,-1_기본,,,,,,,,,,,,,,
,,#,오아시스,4,1_기본,,,,,,,,,,,,,,
,,#,소년,-3,2,,,,,,,,,,,,,,
,,,-,,,,,"<txt:bold,3><txt:color,grey>~흐린 아침의 모래사장~","<txt:bold,3><txt:color,grey>A cloudy morning on the sandy court...","<txt:bold,3><txt:color,grey>～曇りの朝の砂浜～","<txt:bold,3><txt:color,grey>～清晨阴沉的沙滩～","<txt:bold,3><txt:color,grey>～陰天早晨的沙灘～","<txt:bold,3><txt:color,grey>Песочный пляж пасмурным утром","<txt:bold,3><txt:color,grey>Pantai pada pagi yang mendung...","<txt:bold,3><txt:color,grey>~Bãi cát buổi sáng u ám~","<txt:bold,3><txt:color,grey>Una mañana nublada en la playa","<txt:bold,3><txt:color,grey>~Pagi hari mendung di Pantai Pasir~","<txt:bold,3><txt:color,grey>~หาดทรายยามเช้าแสนมืดครึ้ม~","<txt:bold,3><txt:color,grey>Numa manhã nublada na praia..."
,,,아티스,,1_웃음,,,"다들 캠프엔 잘 적응 중인가?<wrt:wait,15><wrt:break>...졸려보이는 사람들도 몇몇 있군. 역시 시차 때문이겠지?","Is everyone getting accustomed to camp all right?<wrt:wait,15><wrt:break>Some sleepyheads here too, I see. A lot of you must still be jet-lagged.","みんなキャンプには慣れてきたか？<wrt:wait,15><wrt:break>眠そうな人も何人かいるな。まぁ、時差のせいだろう。","大家都适应训练营生活了吗？<wrt:wait,15><wrt:break>...看有些人还在犯困。是时差的缘故吧？","大家都適應訓練營生活了嗎？<wrt:wait,15><wrt:break>...看有些人還昏昏沉沉的，大概是還沒調好時差吧？","Ну что, все уже привыкли в лагере?<wrt:wait,15><wrt:break>... Вижу несколько сонь, наверное, вам еще тяжело из-за разницы во времени, да?","Semua dah dapat sesuaikan diri dengan kem ini?<wrt:wait,15><wrt:break>Ada juga yang nampak mengantuk. Mesti masih terkesan dengan perbezaan waktu, kan?","Mọi người thích nghi với trại huấn luyện tốt chứ?<wrt:wait,15><wrt:break>...Có vài người trông buồn ngủ quá. Chắc tại lệch múi giờ nhỉ?","¿Se están adaptando bien al campamento?<wrt:wait,15><wrt:break>...Veo que hay algunos que parecen somnolientos. Será por el cambio de horario, ¿verdad?","Apakah semuanya sudah terbiasa dengan Kamp?<wrt:wait,15><wrt:break>...Sepertinya ada beberapa yang masih mengantuk. Mungkin karena perbedaan waktu.","ทุกคนปรับตัวเข้ากับค่ายกันได้รึยัง?<wrt:wait,15><wrt:break>...มีหลายคนดูสะลึมสะลืออยู่เลยแฮะ คงเพราะความต่างของเวลาสินะ?","Todos estão se adaptando bem ao acampamento? <wrt:wait,15><wrt:break>Parece que alguns estão com sono. Deve ser por causa do jet lag, né?"
,,,아티스,,1_기본,,,"그래도 경기를 늦추진 못하니 컨디션은 알아서 잘 관리하도록. <wrt:wait,15><wrt:break>특히 선수를 준비하는 친구라면 이렇게 컨디션 관리 하는 것엔 더더욱 익숙해져야 할 거야.","Sadly, we can’t delay the schedule so I hope you learn to manage. <wrt:wait,15><wrt:break>Especially those of you looking to go pro, you need to get used to taking care of yourself in this kind of situation.","スケジュールの変更はできないから、体調は各自ちゃんと管理するように。<wrt:wait,15><wrt:break>特にプロを目指してる人は、こういう体調管理に慣れたほうがいいぞ。","但比赛可不能推迟，所以一定要好好管理自己的状态。<wrt:wait,15><wrt:break>尤其是准备成为运动员的同学，更要养好管理状态的习惯。","但比賽可不能推遲，所以一定要好好管理自己的狀態。<wrt:wait,15><wrt:break>尤其是準備成為運動選手的同學，更要習慣這樣管理狀態。","Матчи откладывать нельзя,<wrt:break>так что за своим состоянием каждый следит сам.<wrt:wait,15><wrt:break>Особенно важно к этому привыкнуть тем, кто собирается стать профессиональным игроком.","Malangnya, kami tidak dapat menangguhkan jadual jadi saya harap anda belajar untuk mengurus. <wrt:wait,15><wrt:break>Terutama anda yang ingin menjadi profesional, anda perlu membiasakan diri untuk menjaga diri anda dalam situasi sebegini.","Nhưng mà chúng ta cũng không thể trì hoãn trận đấu được, nên hãy tự quản lý thể trạng cho tốt nhé. <wrt:wait,15><wrt:break>Đặc biệt những bạn đang chuẩn bị trở thành cầu thủ thì càng phải làm quen với việc quản lý thể trạng thế này.","Aun así, no podemos retrasar los partidos, así que cuiden bien su condición. <wrt:wait,15><wrt:break>Especialmente aquellos que se están preparando para ser jugadores deben acostumbrarse a manejar su condición.","Meski begitu karena waktu pertandingan tidak dapat diundur jadi aku harap kalian harus dapat menjaga diri dengan baik. <wrt:wait,15><wrt:break>Apa lagi jika kalian berniat untuk menjadi atlet maka harus terbiasa dalam menjaga kondisi dengan baik.","แต่ยังไงเราก็เลื่อนการแข่งออกไปไม่ได้ ดูแลจัดการสภาพร่างกายกันด้วยล่ะ <wrt:wait,15><wrt:break>โดยเฉพาะคนที่กำลังเตรียมตัวเป็นนักกีฬา ยิ่งต้องคุ้นเคยกับการดูแลสภาพร่างกาย","De qualquer forma, não podemos adiar os jogos, então cuidem-se. <wrt:wait,15><wrt:break>Especialmente se você está se preparando para se tornar um jogador profissional, é essencial aprender a cuidar de si mesmo."
,,,아티스,,1_기본,,,"자, 그럼 오늘의 기본 대진은...<cha:pos,오아시스,3>","Right, so today’s match-up is...<cha:pos,오아시스,3>","じゃ、本日の試合は‥<cha:pos,오아시스,3>","那么，今天基本的对阵是...<cha:pos,오아시스,3>","那麼今天的一般賽程是...<cha:pos,오아시스,3>","Итак, основное состязание на сегодня...<cha:pos,오아시스,3>","Benar, jadi perlawanan hari ini adalah...<cha:pos,오아시스,3>","Chà, lịch thi đấu cơ bản hôm nay là...<cha:pos,오아시스,3>","Entonces, la asignación de partidos de hoy es...<cha:pos,오아시스,3>","Kalau begitu, daftar pertandingan hari ini adalah...<cha:pos,오아시스,3>","เอาล่ะ ถ้างั้นการแข่งขันพื้นฐานของวันนี้...<cha:pos,오아시스,3>","Então, os jogos de hoje serão...<cha:pos,오아시스,3>"
,,,소년,,,pause,,"<txt:size,2>헉, 저기 <txt:bold,2><txt:color,orange>오아시스</txt:bold></txt:color> 아냐?","<txt:size,2>Whoa, is that <txt:bold,2><txt:color,orange>Oasis</txt:bold></txt:color>?","<txt:size,2>えっ、あれって<txt:bold,2><txt:color,orange>オアシス</txt:bold></txt:color>じゃない？","<txt:size,2>啊，那不是<txt:bold,2><txt:color,orange>绿洲</txt:bold></txt:color>吗？","<txt:size,2>天啊！那不是<txt:bold,2><txt:color,orange>綠洲</txt:bold></txt:color>嗎？","<txt:size,2>Ой, это там не <txt:bold,2><txt:color,orange>Оазис</txt:bold></txt:color>?","<txt:size,2>Wah, adakah itu <txt:bold,2><txt:color,orange>Oasis</txt:bold></txt:color>?","<txt:size,2>Ôi, kia có phải <txt:bold,2><txt:color,orange>Oasis</txt:bold></txt:color> không nhỉ?","<txt:size,2>¡Miren, ¿es <txt:bold,2><txt:color,orange>Oasis</txt:bold></txt:color>?","<txt:size,2>Wah, itu bukankah <txt:bold,2><txt:color,orange>Oasis</txt:bold></txt:color>?","<txt:size,2>เฮือก นั่นมัน<txt:bold,2><txt:color,orange>โอเอซิส</txt:bold></txt:color>ไม่ใช่เหรอ?","<txt:size,2>Nossa, não é o <txt:bold,2><txt:color,orange>Oásis</txt:bold></txt:color> ali?"
,,,오아시스,,1_기본,wave,,"<cha:pos,아티스,1><cha:pos,오아시스,2>음~ 청소년 캠프 쪽도 사람이 많은걸!","<cha:pos,아티스,1><cha:pos,오아시스,2>Well well well, lots of people in the teen camp!","<cha:pos,아티스,1><cha:pos,오아시스,2>うーん、ユースキャンプも人が多いな！","<cha:pos,아티스,1><cha:pos,오아시스,2>嗯～青少年训练营这边人也不少啊！","<cha:pos,아티스,1><cha:pos,오아시스,2>嗯～青少年訓練營那邊的人也不少啊！","<cha:pos,아티스,1><cha:pos,오아시스,2>В молодежном лагере точно много народу!","<cha:pos,아티스,1><cha:pos,오아시스,2>Baiklah, ramai orang di kem remaja!","<cha:pos,아티스,1><cha:pos,오아시스,2>Ừm~ Bên trại thanh thiếu niên cũng đông người ghê!","<cha:pos,아티스,1><cha:pos,오아시스,2>¡Vaya, hay mucha gente también en el campamento juvenil!","<cha:pos,아티스,1><cha:pos,오아시스,2>Hem~ ada banyak orang di Kamp remaja juga!","<cha:pos,아티스,1><cha:pos,오아시스,2>อืม~ ทางฝั่งค่ายเยาวชนก็คนเยอะจังเลยแฮะ!","<cha:pos,아티스,1><cha:pos,오아시스,2>Oh! O acampamento juvenil também está bem cheio!"
,,,정다희,,-1_당황,shake,exclam,"우왓!!! 시우야, 그 사람이야 <txt:wave,1><txt:bold,2><txt:color,orange>오아시스</txt:bold></txt:color></txt:wave>!<wrt:wait,15><wrt:break><txt:bold,2><txt:color,orange>태양 배구단</txt:bold></txt:color>의 에이스!!!","Siwoo!!! It’s <txt:wave,1><txt:bold,2><txt:color,orange>Oasis</txt:bold></txt:color></txt:wave>! The ace player from the <wrt:wait,15><wrt:break><txt:bold,2><txt:color,orange>Sun Volleyball Team</txt:bold></txt:color>!!!","うわっ！新、あの人よ！<txt:wave,1><txt:bold,2><txt:color,orange>オアシス</txt:bold></txt:color></txt:wave>選手！<wrt:wait,15><wrt:break><txt:bold,2><txt:color,orange>太陽バレー団</txt:bold></txt:color>のエース！","哇！！！时宇，那个人是<txt:wave,1><txt:bold,2><txt:color,orange>绿洲</txt:bold></txt:color></txt:wave>！<wrt:wait,15><wrt:break><txt:bold,2><txt:color,orange>太阳排球队</txt:bold></txt:color>的王牌！！！","哇！！時宇～那個人是<txt:wave,1><txt:bold,2><txt:color,orange>綠洲</txt:bold></txt:color></txt:wave>！<wrt:wait,15><wrt:break><txt:bold,2><txt:color,orange>太陽排球隊</txt:bold></txt:color>的王牌！！！","Вау! Шиу, это же <txt:wave,1><txt:bold,2><txt:color,orange>Оазис</txt:bold></txt:color></txt:wave>! Ас <wrt:wait,15><wrt:break><txt:bold,2><txt:color,orange>клуба «Тэян»</txt:bold></txt:color>!!!","Siwoo!!! Itulah <txt:wave,1><txt:bold,2><txt:color,orange>Oasis</txt:bold></txt:color></txt:wave>! Pemain handalan <wrt:wait,15><wrt:break><txt:bold,2><txt:color,orange>Sun Volleyball Team</txt:bold></txt:color>!!!","Ồ!!! Siwoo này, người đó chính là <txt:wave,1><txt:bold,2><txt:color,orange>Oasis</txt:bold></txt:color></txt:wave> đấy!<wrt:wait,15><wrt:break>Ngôi sao của <txt:bold,2><txt:color,orange>Đội Bóng Chuyền Mặt Trời</txt:bold></txt:color>!!!","¡Guau! ¡Siwoo, es <txt:wave,1><txt:bold,2><txt:color,orange>Oasis</txt:bold></txt:color></txt:wave>!<wrt:wait,15><wrt:break><txt:bold,2> ¡El as del <txt:color,orange>Equipo de Voleibol Solar</txt:bold></txt:color>!!!","Woww!!! Siwoo, orang itu adalah <txt:wave,1><txt:bold,2><txt:color,orange>Oasis</txt:bold></txt:color></txt:wave>!<wrt:wait,15><wrt:break>Ace dari <txt:bold,2><txt:color,orange>Solar Volleyball Team</txt:bold></txt:color>!!!","ว้าว!!! ชีอู คนนั้นไง <txt:wave,1><txt:bold,2><txt:color,orange>โอเอซิส</txt:bold></txt:color></txt:wave>!<wrt:wait,15><wrt:break>เอซแห่ง<txt:bold,2><txt:color,orange>กลุ่มวอลเลย์บอลดวงตะวัน</txt:bold></txt:color>!!!","Uau! Siwoo, olha lá, é o <txt:wave,1><txt:bold,2><txt:color,orange>Oásis</txt:bold></txt:color></txt:wave>! <wrt:wait,15><wrt:break>Ele é a estrela do <txt:bold,2><txt:color,orange>Clube de Vôlei Sol</txt:bold></txt:color>!"
,,,백시우,,1_무표정,wave,,"앗, 정말?! 저 사람, 비치발리볼에선 유명한 선수라면서?","Oh, really? He’s supposed to be this big beach volleyball player.",え、マジ？有名なあのビーチバレー選手？,啊，真的吗？！听说他在沙排界是很有名的选手？,什麼！真的嗎？聽說他在沙排界是很有名的選手？,"Что, правда?! Та самая звезда пляжного волейбола?","Eh, betul?! Dia pemain bola tampar pantai yang terkenal itu, kan?","Ơ, thật á? Nghe nói anh ấy là cầu thủ nổi tiếng trong giới bóng chuyền bãi biển mà nhỉ?","¿En serio?! Esa persona es famosa en el voleibol de playa, ¿verdad?",Beneran?! Bukankah orang itu kan sangat terkenal di Beach Volleyball?,อ๊ะ จริงเหรอ?! เขาคือนักกีฬาชื่อดังในวอลเลย์บอลชายหาดเลยใช่ไหม?,"Ah, sério? Ouvi dizer que ele tem uma grande reputação no vôlei de praia."
,,,정다희,,-1_웃음,wave,,"그렇지~! 이번 캠프의 성인 비치발리볼 팀 양대 산맥이 <txt:bold,2><txt:color,orange>팜 스파이크스</txt:bold></txt:color>와 <txt:bold,2><txt:color,orange>태양 배구단</txt:bold></txt:color>이니까! <wrt:wait,15><wrt:break>청소년 캠프든, 성인 캠프든, 저 선수를 보러 여기에 온 사람들도 많을걸?","Oh yeah! The two big teams in the adult camp are <txt:bold,2><txt:color,orange>Palm Spikes</txt:bold></txt:color> and <txt:bold,2><txt:color,orange>Sun Volleyball Team</txt:bold></txt:color>! <wrt:wait,15><wrt:break>There’s probably tons of people in both the teen and adult camp who are only here to see him.","そう！何せこのキャンプの大人の部のビーチバレーチームの2強が<wrt:break><txt:bold,2><txt:color,orange>ファームスパイクス</txt:bold></txt:color>と<txt:bold,2><txt:color,orange>太陽バレー団</txt:bold></txt:color>なんだから！<wrt:wait,15><wrt:break>ユースキャンプも大人向けのキャンプも、あの人目当てで来てる人も多いはず！","对啊～！这次训练营成年沙排队伍的两大巨头就是<txt:bold,2><txt:color,orange>棕榈风暴队</txt:bold></txt:color>和<txt:bold,2><txt:color,orange>太阳排球队</txt:bold></txt:color>！<wrt:wait,15><wrt:break>不管是青少年训练营，还是成年训练营，很多人都是为了看他比赛才来的。","對啊～！這次訓練營成年沙排隊伍的兩大巨頭就是<txt:bold,2><txt:color,orange>棕櫚風暴隊</txt:bold></txt:color>和<txt:bold,2><txt:color,orange>太陽排球隊</txt:bold></txt:color>！<wrt:wait,15><wrt:break>不管是青少年訓練營，還是成年訓練營，都有不少人是為了看他比賽才來的。","Ага! Взрослые команды по пляжному волейболу в лагере — <txt:bold,2><txt:color,orange>«Пальм Спайкс»</txt:bold></txt:color> и <txt:bold,2><txt:color,orange>«Тэян»</txt:bold></txt:color>! <wrt:wait,15><wrt:break>Наверняка много людей придет посмотреть на него, вне зависимости от возраста.","Betul! Dua pasukan dewasa terkuat di kem ini ialah <txt:bold,2><txt:color,orange>Palm Spikes</txt:bold></txt:color> dan <txt:bold,2><txt:color,orange>Sun Volleyball Team</txt:bold></txt:color>! <wrt:wait,15><wrt:break>Mesti ramai peserta kem remaja dan dewasa datang semata-mata nak jumpa dia!","Đúng vậy~! Ở trại huấn luyện này, hai đội bóng chuyền bãi biển hàng đầu của người lớn là <txt:bold,2><txt:color,orange>Palm Spikes</txt:bold></txt:color> và <txt:bold,2><txt:color,orange>Đội Bóng Chuyền Mặt Trời</txt:bold></txt:color>! <wrt:wait,15><wrt:break>Dù là trại thanh thiếu niên hay người lớn, chắc hẳn cũng có nhiều người đến đây để xem anh ấy thi đấu đấy!","¡Sí! ¡Los dos equipos principales del campamento de voleibol de playa para adultos son los <txt:bold,2><txt:color,orange>Palm Spikes</txt:bold></txt:color> y el <txt:bold,2><txt:color,orange>Equipo de Voleibol Solar</txt:bold></txt:color>! <wrt:wait,15><wrt:break>Hay muchas personas que vienen a este campamento, tanto juveniles como adultos, solo para ver a ese jugador.","Iya~! Dua tim voli pantai dewasa terkuat di kamp ini adalah <txt:bold,2><txt:color,orange>Palm Spikes</txt:bold></txt:color> dan <txt:bold,2><txt:color,orange>Solar Volleyball Team</txt:bold></txt:color>! <wrt:wait,15><wrt:break>Pasti banyak peserta remaja maupun dewasa yang datang khusus untuk melihatnya!","ใช่แล้ว~! สองทีมสุดหินจากวอลเลย์บอลชายหาดผู้ใหญ่ของค่ายในครั้งนี้ ก็คือ<txt:bold,2><txt:color,orange>ปาล์มสไปคส์</txt:bold></txt:color> กับ<txt:bold,2><txt:color,orange>กลุ่มวอลเลย์บอลดวงตะวัน</txt:bold></txt:color>นั่นเอง! <wrt:wait,15><wrt:break>ก็เลยมีคนเยอะแยะมาที่นี่เพื่อดูนักกีฬาคนนั้น ทั้งจากค่ายเยาวชน แล้วก็ค่ายผู้ใหญ่ล่ะมั้ง?","Isso mesmo! Os <txt:bold,2><txt:color,orange>Palm Spikes</txt:bold></txt:color> e o <txt:bold,2><txt:color,orange>Clube de Vôlei Sol</txt:bold></txt:color> são os grandes destaques dos times adultos de vôlei de praia neste acampamento, <wrt:wait,15><wrt:break>atraindo muitas pessoas tanto no acampamento juvenil quanto no de adultos."
,,,아티스,,1_기본,pause,,"...으흠, <cha:face,아티스,1_미소>이렇게 된 김에 인사 한 번 하고 가지, 오아시스.","Hmm, <cha:face,아티스,1_미소>might as well introduce yourself, Oasis, while you’re here.","まぁ‥<cha:face,아티스,1_미소>せっかくだから挨拶でもしていったらどうだ、オアシス？","...嗯，<cha:face,아티스,1_미소>既然来了，就跟大家打个招呼再走吧，绿洲。","...嗯，<cha:face,아티스,1_미소>既然來了，就跟大家打聲招呼再走吧，綠洲。","Хм-м... <cha:face,아티스,1_미소>Раз уже ты здесь, может, поздороваешься, Оазис?","Hmm, <cha:face,아티스,1_미소>boleh perkenalkan diri anda, Oasis, sementara anda berada di sini.","...Ừm, <cha:face,아티스,1_미소>tiện thể thì chào hỏi một tiếng rồi hãy đi chứ nhỉ, Oasis?","...Ejem, <cha:face,아티스,1_미소>ya que estás aquí, ¿por qué no nos saludas, Oasis?","...Ehem, <cha:face,아티스,1_미소>Mumpung kamu disini bagaimana kalau kamu menyapa mereka, Oasis.","...อืม <cha:face,아티스,1_미소>ไหนๆ ก็ไหนๆ แล้ว แวะมาทักทายสักหน่อยสิ โอเอซิส","Hmm... <cha:face,아티스,1_미소>Oásis, já que estamos aqui, vamos dar um oi."
,,,오아시스,,1_기본,wave,joy,"아하하, 그럴까? <cha:face,오아시스,1_훗><txt:size,2>만나서 반가워, 모두들!!! <wrt:wait,15><wrt:break></txt:size>이렇게나 많은 친구들이 비치발리볼을 좋아한다니, 감동인걸?","Ahaha, should I? <cha:face,오아시스,1_훗><txt:size,2>Nice to meet you all!!! <wrt:wait,15><wrt:break></txt:size>It warms my heart to see so many people here for beach volleyball!","あはは、そうしようかな？<cha:face,오아시스,1_훗><txt:size,2>会えてうれしいよ、みんな！<wrt:wait,15><wrt:break></txt:size>ビーチバレー好きな子がこんなにいっぱいいるなんて感動だ。","哈哈，好啊。<cha:face,오아시스,1_훗><txt:size,2>大家好，很高兴见到你们！！！<wrt:wait,15><wrt:break></txt:size>没想到这么多同学喜欢沙滩排球，真是感动！","哈哈好啊。<cha:face,오아시스,1_훗><txt:size,2>大家好，很高興見到你們！<wrt:wait,15><wrt:break></txt:size>沒想到這麼多同學喜歡沙灘排球，真的很感動。","Ха-ха-ха, думаешь? <cha:face,오아시스,1_훗><txt:size,2>Всем привет! <wrt:wait,15><wrt:break></txt:size>Не ожидал, что так много людей любит пляжный волейбол, я прямо тронут!","Ahaha, patut ke? <cha:face,오아시스,1_훗><txt:size,2>Selamat berkenalan dengan anda semua!!! <wrt:wait,15><wrt:break></txt:size>Seronok saya melihat ramai orang di sini bermain bola tampar pantai!","A ha ha, vậy sao? <cha:face,오아시스,1_훗><txt:size,2>Rất vui được gặp mọi người!!! <wrt:wait,15><wrt:break></txt:size>Không ngờ lại có nhiều bạn trẻ yêu thích bóng chuyền bãi biển đến vậy, tôi cảm động quá!","Ajaja ¿De verdad? <cha:face,오아시스,1_훗><txt:size,2>¡Mucho gusto a todos!!! <wrt:wait,15><wrt:break></txt:size>Me conmueve ver a tantos chicos a los que les gusta el voleibol de playa.","Hahahaha, boleh! <cha:face,오아시스,1_훗><txt:size,2>Senang bertemu dengan kalian semua!!! <wrt:wait,15><wrt:break></txt:size>Aku merasa sangat terharu karena ada banyak sekali orang yang menyukai Beach Volleyball seperti ini!","ฮ่าฮ่า เอางั้นเหรอ? <cha:face,오아시스,1_훗><txt:size,2>ยินดีที่ได้พบนะ ทุกคน!!! <wrt:wait,15><wrt:break></txt:size>ฉันรู้สึกประทับใจจริงๆ ที่มีคนมากมายขนาดนี้ชื่นชอบวอลเลย์บอลชายหาดน่ะ","Haha, Beleza! <cha:face,오아시스,1_훗><txt:size,2>É um prazer conhecer todos vocês! <wrt:wait,15><wrt:break></txt:size>É emocionante ver tantos fãs de vôlei de praia aqui!"
,,,오아시스,,1_훗,,,"제일 잘 하는 팀은... 나중에 우리 <txt:bold,2><txt:color,orange>태양 배구단</txt:bold></txt:color>과도 붙어보자, 알았지?","And the best team out there... is going to face our <txt:bold,2><txt:color,orange>Sun Volleyball Team</txt:bold></txt:color>, you know!","一番強いチームは‥後で俺たち<txt:bold,2><txt:color,orange>太陽バレー団</txt:bold></txt:color>とも対戦してみような。","实力最强的队伍...改天也和我们<txt:bold,2><txt:color,orange>太阳排球队</txt:bold></txt:color>较量一下吧？","實力最強的隊伍...改天也和我們<txt:bold,2><txt:color,orange>太陽排球隊</txt:bold></txt:color>較量一下吧，記住了嗎？","А самая достойная команда получит шанс сыграть с <txt:bold,2><txt:color,orange>«Тэян»</txt:bold></txt:color>, слышите?","Dan pasukan terbaik di luar sana... akan berdepan dengan <txt:bold,2><txt:color,orange>Sun Volleyball Team</txt:bold></txt:color> kami, anda tahu!","Đội chơi giỏi nhất... sau này hãy thử đấu với <txt:bold,2><txt:color,orange>Đội Bóng Chuyền Mặt Trời</txt:bold></txt:color> của chúng tôi nhé, được chứ?","El mejor equipo... tendrá que enfrentarse con nuestro <txt:bold,2><txt:color,orange>Equipo de Voleibol Solar</txt:bold></txt:color>, ¿de acuerdo?","Bagaimana kalau tim terbaik disini... Bertanding melawan <txt:bold,2><txt:color,orange>Solar Volleyball Team</txt:bold></txt:color> juga nanti?","ทีมที่เก่งที่สุด... ไว้เรามาลองแข่งกับ<txt:bold,2><txt:color,orange>กลุ่มวอลเลย์บอลดวงตะวัน</txt:bold></txt:color>ดูสักครั้งนะ โอเคไหม?","O time que se sair melhor terá a oportunidade de enfrentar o nosso time, o <txt:bold,2><txt:color,orange>Clube de Vôlei Sol</txt:bold></txt:color>, mais tarde!"
,,,소년,,,wave,,"우와앗, 정말인가...? <txt:bold,2><txt:color,orange>태양 배구단</txt:bold></txt:color>과의 경기라니!!!","Wow, really? A game with <txt:bold,2><txt:color,orange>Sun Volleyball Team</txt:bold></txt:color>?!","うわあっ、マジかよ‥！<txt:bold,2><txt:color,orange>太陽バレー団</txt:bold></txt:color>と試合できるなんて！","哇，真的吗...？和<txt:bold,2><txt:color,orange>太阳排球队</txt:bold></txt:color>比赛！！！","哇～真的嗎...？可以和<txt:bold,2><txt:color,orange>太陽排球隊</txt:bold></txt:color>比賽！","Вау, серьезно? Сыграть с <txt:bold,2><txt:color,orange>«Тэян»</txt:bold></txt:color>?!","Wah, betul ke? Permainan dengan <txt:bold,2><txt:color,orange>Sun Volleyball Team</txt:bold></txt:color>?!","Ồ, thật sao ạ...? Được đấu với <txt:bold,2><txt:color,orange>Đội Bóng Chuyền Mặt Trời</txt:bold></txt:color> sao?!","¡Uau! ¿En serio...? ¡Un partido contra el <txt:bold,2><txt:color,orange>Equipo de Voleibol Solar</txt:bold></txt:color>!!!","Wahhh, beneran...? Bertanding dengan <txt:bold,2><txt:color,orange>Solar Volleyball Team</txt:bold></txt:color>!!!","ว้าว จริงเหรอเนี่ย...? จะได้แข่งกับ<txt:bold,2><txt:color,orange>กลุ่มวอลเลย์บอลดวงตะวัน</txt:bold></txt:color>!!!","Uau, não acredito! Um jogo contra o <txt:bold,2><txt:color,orange>Clube de Vôlei Sol</txt:bold></txt:color>? Que demais!"
,,,오아시스,,1_기본,wave,,그럼 모두들 좋은 시간 보내! 이 다음은 아티스 네게 맡길게!,You all have a good time! I’m handing it off to Atis!,じゃあみんな楽しんでね！アティス、後はよろしくな！,那大家玩得开心！接下来就交给你了，亚提斯！,預祝大家玩得開心！接下來就交給你了，亞提斯！,"Всем хорошо повеселиться! А теперь слово тебе, Атис.","Kalau begitu, selamat berseronok, semua! Atis, saya serahkan selebihnya kepada kamu!","Nào mọi người, chúc các bạn có quãng thời gian vui vẻ nhé! Tiếp theo tôi xin nhường lời lại cho Atis đây!","Entonces, ¡que todos se diviertan! Te dejo el resto a ti, Athis.",Kalau begitu selamat bersenang-senang! Sisanya aku serahkan padamu Atis!,ถ้างั้นก็เอนจอยนะทุกคน! เชิญเอทีซต่อได้เลย!,"Então, aproveitem o momento! Agora eu passo o bastão para o Athis!"
,,,아티스,,1_기본,,,"<cha:pos,오아시스,4>그래, 그럼 다시 빠르게 본론으로 돌아오지. 대진은 마저 이야기하자면... <wrt:wait,15><wrt:break>대지고등학교, 너희는 오늘 <txt:bold,2><txt:color,orange>샌드 서퍼스</txt:bold></txt:color> 팀과 대결할 거다.","<cha:pos,오아시스,4>So, back on point, the list of games... <wrt:wait,15><wrt:break>Terra High, you’ll be playing against <txt:bold,2><txt:color,orange>Sand Surfers</txt:bold></txt:color> today.","<cha:pos,오아시스,4>では本題に戻そう。今日の試合の説明だ。<wrt:wait,15><wrt:break>大地高校、君たちには今日<txt:bold,2><txt:color,orange>サンドサーファーズ</txt:bold></txt:color>と対戦してもらう。","<cha:pos,오아시스,4>好，那我们快点进入正题。剩下的对阵是...<wrt:wait,15><wrt:break>大地高中，你们今天要和<txt:bold,2><txt:color,orange>逐浪者</txt:bold></txt:color>队对决。","<cha:pos,오아시스,4>那麼我們就快點進入正題，賽程是...<wrt:wait,15><wrt:break>大地高中，你們今天要和<txt:bold,2><txt:color,orange>逐浪者</txt:bold></txt:color>隊對決。","<cha:pos,오아시스,4>Хорошо, пора перейти к делу. Сегодня состоится матч между... <wrt:wait,15><wrt:break>Старшей школой Тэчжи и <txt:bold,2><txt:color,orange>«Сэнд Сёрферс»</txt:bold></txt:color>","<cha:pos,오아시스,4>Baiklah, kita sambung semula. Tentang jadual perlawanan tadi... <wrt:wait,15><wrt:break>Terra High, hari ini kamu akan menentang <txt:bold,2><txt:color,orange>Sand Surfers</txt:bold></txt:color>.","<cha:pos,오아시스,4>Rồi, vậy chúng ta nhanh chóng quay lại vấn đề chính nào. Nói nốt về lịch thi đấu... <wrt:wait,15><wrt:break>Đội Trường THPT Đại Địa, hôm nay các em sẽ đối đầu với đội <txt:bold,2><txt:color,orange>Sand Surfers</txt:bold></txt:color>.","<cha:pos,오아시스,4>Bien, volvamos al tema principal rápidamente. Como decía sobre la asignación de partidos... <wrt:wait,15><wrt:break>Equipo de la Escuela Daeji, hoy se enfrentarán al equipo de <txt:bold,2><txt:color,orange>Sand Surfers</txt:bold></txt:color>.","<cha:pos,오아시스,4>Baiklah, kalau begitu mari kita kembali ke pokok pembicaraan. Daftar pertandingan hari ini adalah... <wrt:wait,15><wrt:break>SMA DaeJi, hari ini kalian akan berhadapan dengan <txt:bold,2><txt:color,orange>Sand Surf</txt:bold></txt:color>.","<cha:pos,오아시스,4>โอเค ถ้างั้นเรากลับมาเข้าเรื่องกันอีกทีนะ การแข่งขันในวันนี้... <wrt:wait,15><wrt:break>โรงเรียนมัธยมปลายแดจี พวกเธอจะได้แข่งกับทีม<txt:bold,2><txt:color,orange>แซนด์เซิร์ฟเฟอร์</txt:bold></txt:color>","<cha:pos,오아시스,4>Agora, retomando o assunto. Sobre os jogos... O time do <wrt:wait,15><wrt:break>Colégio Daeji vai enfrentar os <txt:bold,2><txt:color,orange>Sand Surfers</txt:bold></txt:color> hoje."
,,,백시우,,1_엥,pause,quest,"<cha:pop,백시우><txt:bold,2><txt:color,orange>샌드 서퍼스</txt:bold></txt:color>? <wrt:wait,15><wrt:break>음, <txt:bold,2><txt:color,orange>팜 스파이크스</txt:bold></txt:color> 팀에서 육성하는 청소년 팀이랬나?","<cha:pop,백시우><txt:bold,2><txt:color,orange>Sand Surfers</txt:bold></txt:color>? <wrt:wait,15><wrt:break>Isn’t that the teen team the <txt:bold,2><txt:color,orange>Palm Spikes</txt:bold></txt:color> was training?","<cha:pop,백시우><txt:bold,2><txt:color,orange>サンドサーファーズ</txt:bold></txt:color>？<wrt:wait,15><wrt:break>えっと、<txt:bold,2><txt:color,orange>ファームスパイクス</txt:bold></txt:color>傘下のユースチームだったっけ？","<cha:pop,백시우><txt:bold,2><txt:color,orange>逐浪者队</txt:bold></txt:color>？<wrt:wait,15><wrt:break>嗯，好像是<txt:bold,2><txt:color,orange>棕榈风暴</txt:bold></txt:color>队培养的青少年队？","<cha:pop,백시우><txt:bold,2><txt:color,orange>逐浪者隊</txt:bold></txt:color>？<wrt:wait,15><wrt:break>嗯...好像是<txt:bold,2><txt:color,orange>棕櫚風暴</txt:bold></txt:color>隊培訓的青少年隊？","<cha:pop,백시우><txt:bold,2><txt:color,orange>«Сэнд Сёрферс»</txt:bold></txt:color>? <wrt:wait,15><wrt:break>Это же молодежная команда, которую тренирует <txt:bold,2><txt:color,orange>«Пальм Спайкс»</txt:bold></txt:color>?","<cha:pop,백시우><txt:bold,2><txt:color,orange>Sand Surfers</txt:bold></txt:color>? <wrt:wait,15><wrt:break>Itu pasukan remaja yang dilatih oleh <txt:bold,2><txt:color,orange>Palm Spikes</txt:bold></txt:color>, kan?","<cha:pop,백시우><txt:bold,2><txt:color,orange>Sand Surfers</txt:bold></txt:color> á?<wrt:wait,15><wrt:break> Ừm, nghe nói đó là đội thanh thiếu niên do <txt:bold,2><txt:color,orange>Palm Spikes</txt:bold></txt:color> đào tạo phải không nhỉ?","<cha:pop,백시우><txt:bold,2><txt:color,orange>¿Sand Surfers</txt:bold></txt:color>? <wrt:wait,15><wrt:break>Hmm, ¿eran el equipo juvenil entrenado por <txt:bold,2><txt:color,orange>Palm Spikes</txt:bold></txt:color>?","<cha:pop,백시우><txt:bold,2><txt:color,orange>Sand Surf</txt:bold></txt:color>? <wrt:wait,15><wrt:break>Hem, kalau tidak salah itu adalah tim remaja yang sedang dibina oleh <txt:bold,2><txt:color,orange>Palm Spikes</txt:bold></txt:color>?","<cha:pop,백시우><txt:bold,2><txt:color,orange>แซนด์เซิร์ฟเฟอร์</txt:bold></txt:color>? <wrt:wait,15><wrt:break>อืม ทีมเยาวชนที่ถูกเทรนโดยทีม<txt:bold,2><txt:color,orange>ปาล์มสไปคส์</txt:bold></txt:color>ใช่รึเปล่า?","<cha:pop,백시우><txt:bold,2><txt:color,orange>Sand Surfers</txt:bold></txt:color>?<wrt:wait,15><wrt:break> Ah, eles são a equipe juvenil dos <txt:bold,2><txt:color,orange>Palm Spikes</txt:bold></txt:color>, não?"
,,A,정다희,,-2_헤헤,,,"맞아! 그러니 비치발리볼로는 꽤 강팀일 거야! <wrt:wait,15><wrt:break>헤헷, 우리 실력이 좋으니 강팀과의 경기가 성사된 거겠지?","Yep! They’re gonna be a tough team on a sand court! <wrt:wait,15><wrt:break>Hehe, we got paired with a good team ‘cause we’re good too, right?","そう！だからビーチバレーではかなりの強豪チームのはずよ！<wrt:wait,15><wrt:break>へへっ、私たちが強いから強豪チームと対戦させてくれたんだよね？","没错！所以沙排实力肯定不弱！<wrt:wait,15><wrt:break>嘿嘿，因为我们很强，所以才能和强队比赛吧？","沒錯！所以沙排實力應該不差！<wrt:wait,15><wrt:break>嘿嘿，可能是因為我們很強，所以才能和強隊比賽吧？","Верно! В пляжном волейболе они сильны.<wrt:wait,15><wrt:break>Хе-хе, наверное, нам назначили такого соперника, потому что мы сами хорошо играем!","Betul! Jadi mereka mesti kuat dalam bola tampar pantai! <wrt:wait,15><wrt:break>Hehe, agaknya kita dapat lawan pasukan kuat sebab kita pun hebat, kan?","Đúng vậy! Vậy nên với bóng chuyền bãi biển thì họ cũng là một đội mạnh đấy! <wrt:wait,15><wrt:break>Hê hê, thực lực chúng ta tốt nên mới được sắp đấu với đội mạnh chứ gì?","¡Exacto! Así que serán un equipo bastante fuerte en el voleibol de playa. <wrt:wait,15><wrt:break>Jeje, ¡nuestro equipo debe ser bueno si nos enfrentamos a equipos fuertes! ¿no?","Benar! Jadi, mereka pasti tangguh dalam voli pantai! <wrt:wait,15><wrt:break>Hehe, kita dipertemukan dengan tim kuat karena kemampuan kita juga bagus, kan?","ถูกต้อง! ดังนั้นน่าจะเป็นทีมที่เล่นวอลเลย์บอลชายหาดเก่งไม่เบาเลย! <wrt:wait,15><wrt:break>ฮิฮิ คงเพราะฝีมือเราดี ก็เลยได้แข่งกับทีมเก่งๆ ใช่ไหมนะ?","Sim! Eles devem ser excelentes no vôlei de praia. <wrt:wait,15><wrt:break>Mas somos tão bons que provavelmente nos colocaram pra jogar contra eles, não acha?"
,,A-1,백시우,,1_무표정,,,"뭐, 단순 우연이지 않을까?","It’s probably random, isn’t it?",ただの偶然じゃない？,唔，也许只是巧合而已？,應該只是巧合而已吧？,"Ну, тут уж воля случая.","Ia mungkin secara rawak, bukan?","Thôi nào, chắc chỉ là tình cờ thôi.","Hmm, tal vez solo sea una coincidencia.",Tidakkah itu hanyalah kebetulan saja?,มันแค่เรื่องบังเอิญมากกว่ารึเปล่า?,Ou pode ser só uma coincidência...
,,A-1,정다희,,-2_난처,nervous,silent,"<wrt:delay:5>그, 그야 그렇지만... <txt:size,2><wrt:delay,1>이잇, 그래도 우리 팀이 강팀인 건 사실이야!","<wrt:delay:5>W-Well, maybe... <txt:size,2><wrt:delay,1>Bah, but it’s true that we’re good too!","<wrt:delay:5>そ、それはそうかもだけど‥<wrt:break><txt:size,2><wrt:delay,1>もうっ、でも私たちが強豪チームなのは確かよ！","<wrt:delay:5>呃，有道理...<txt:size,2><wrt:delay,1>诶，但我们确实是强队啊！","<wrt:delay:5>呃，雖、雖然是這樣...<txt:size,2><wrt:delay,1>但我們確實是強隊啊！","<wrt:delay:5>Но все же... <txt:size,2><wrt:delay,1>Наша команда тоже сильна!","<wrt:delay:5>Y-yalah, memang... <txt:size,2><wrt:delay,1>Tapi pasukan kita memang kuat!","<wrt:delay:5>Ừ ừ, thì cũng đúng nhưng mà... <txt:size,2><wrt:delay,1>Ấy, nhưng đội chúng ta mạnh là sự thật mà!","<wrt:delay:5>E-Eso, bueno... <txt:size,2><wrt:delay,1>¡Pero aún así, nuestro equipo es fuerte!","<wrt:delay:5>Me, meski begitu... <txt:size,2><wrt:delay,1>Pokoknya, kita juga tim yang tangguh!","<wrt:delay:5>ตะ แต่ถึงอย่างนั้นก็เถอะ... <txt:size,2><wrt:delay,1>ฮึ่ย ยังไงก็เป็นความจริงนี่นา ที่ทีมเราฝีมือดีน่ะ!","<wrt:delay:5>É, pode... mas... <txt:size,2><wrt:delay,1>Enfim, nosso time é realmente forte!"
,,A-1,정다희,,-1_언짢,,,"열심히 이겨서 <txt:bold,2><txt:color,orange>오아시스</txt:bold></txt:color>와도 경기해보고 싶지 않아?","After all we did to get here, don’t you want to play against <txt:bold,2><txt:color,orange>Oasis</txt:bold></txt:color>?","がんばって勝って<txt:bold,2><txt:color,orange>オアシス</txt:bold></txt:color>とも試合してみたくない？","难道你不想打赢后和<txt:bold,2><txt:color,orange>绿洲</txt:bold></txt:color>比赛吗？","難道你不想和<txt:bold,2><txt:color,orange>綠洲</txt:bold></txt:color>比賽看看嗎？","Только подумай, как круто будет выиграть матч и сыграть потом с <txt:bold,2><txt:color,orange>Оазисом</txt:bold></txt:color>!?","Tak nak ke berusaha menang supaya dapat berlawan dengan <txt:bold,2><txt:color,orange>Oasis</txt:bold></txt:color> juga?","Cố gắng chiến thắng và đấu với cả <txt:bold,2><txt:color,orange>Oasis</txt:bold></txt:color> nữa chứ nhỉ?","Tenemos que ganar para poder jugar contra <txt:bold,2><txt:color,orange>Oasis</txt:bold></txt:color>, ¿no te gustaría?","Mari kita menangkan agar kita dapat melawan <txt:bold,2><txt:color,orange>Oasis</txt:bold></txt:color> juga!","นายไม่อยากเอาชนะตรงนี้ให้ได้ เพื่อไปลองแข่งกับ<txt:bold,2><txt:color,orange>โอเอซิส</txt:bold></txt:color>รึไง?","Vamos dar o nosso melhor hoje e quem sabe ter a chance de enfrentar o <txt:bold,2><txt:color,orange>Oásis</txt:bold></txt:color> depois?"
,,A-1,백시우,,1_기본,,,"음... 그건 그렇지! <txt:bold,2><txt:color,orange>오아시스</txt:bold></txt:color>와의 경기라니... 엄청난 기회인걸!","Yeah, I do. It’s a pretty amazing opportunity, a match with <txt:bold,2><txt:color,orange>Oasis</txt:bold></txt:color>...","まぁ‥それはそうだな！<txt:bold,2><txt:color,orange>オアシス</txt:bold></txt:color>選手との試合だなんて‥すごいチャンスだもんな！","嗯...说的也是！和<txt:bold,2><txt:color,orange>绿洲</txt:bold></txt:color>比赛...这可是千载难逢的机会啊！","嗯...說的也是！和<txt:bold,2><txt:color,orange>綠洲</txt:bold></txt:color>比賽...這可是千載難逢的機會啊！","Это верно! Даже не могу представить, каково это — играть с самим <txt:bold,2><txt:color,orange>Оазисом</txt:bold></txt:color>!","Hmm... Betul juga! Dapat berlawan dengan <txt:bold,2><txt:color,orange>Oasis</txt:bold></txt:color>... Peluang yang hebat!","Ừm... cũng phải ha! Được đấu với <txt:bold,2><txt:color,orange>Oasis</txt:bold></txt:color>... quả là một cơ hội tuyệt vời!","Hmm... ¡Tienes razón! Un partido contra <txt:bold,2><txt:color,orange>Oasis</txt:bold></txt:color>... ¡es una gran oportunidad!","Hem... iya juga! Dapat berhadapan dengan <txt:bold,2><txt:color,orange>Oasis</txt:bold></txt:color>... Adalah kesempatan yang luar biasa!","อืม... ก็ต้องอยากสิ! การแข่งกับ<txt:bold,2><txt:color,orange>โอเอซิส</txt:bold></txt:color>... คงเป็นโอกาสที่ดีสุดๆ เลย!","Justo! Um jogo contra o <txt:bold,2><txt:color,orange>Oásis</txt:bold></txt:color>... que oportunidade incrível!"
,,A-2,백시우,,1_웃음,,,"그럼! 열심히 해서 <txt:bold,2><txt:color,orange>태양 배구단</txt:bold></txt:color>과도 경기를 해봐야지!","All right! Let’s kick butt so we can play against the <txt:bold,2><txt:color,orange>Sun Volleyball Team</txt:bold></txt:color>!","もちろん！がんばって勝って<txt:bold,2><txt:color,orange>太陽バレー団</txt:bold></txt:color>とも対戦してみたいよな！","对！我们要努力，争取和<txt:bold,2><txt:color,orange>太阳排球队</txt:bold></txt:color>也比一场！","對！我們要拼全力，爭取和<txt:bold,2><txt:color,orange>太陽排球隊</txt:bold></txt:color>的比賽！","Ага! Нацеливаемся на победу и дальнейший матч с <txt:bold,2><txt:color,orange>клубом «Тэян»</txt:bold></txt:color>!","Baiklah! Mari kita sepakat dan menangi peluang bermain menentang <txt:bold,2><txt:color,orange>Sun Volleyball Team</txt:bold></txt:color>!","Đúng vậy! Cố gắng hết mình để được đấu với cả <txt:bold,2><txt:color,orange>Đội Bóng Chuyền Mặt Trời</txt:bold></txt:color> nữa!","¡Entonces, vamos a esforzarnos y a jugar contra el <txt:bold,2><txt:color,orange>Equipo de Voleibol Solar</txt:bold></txt:color>!","Iya benar! Kita harus berusaha keras agar kita dapat melawan <txt:bold,2><txt:color,orange>Solar Volleyball Team</txt:bold></txt:color> juga!","ถ้างั้น! ฉันต้องพยายามให้เต็มที่ เพื่อจะได้ไปแข่งกับ<txt:bold,2><txt:color,orange>กลุ่มวอลเลย์บอลดวงตะวัน</txt:bold></txt:color>ซะแล้ว!","Então, vamos nos esforçar para conseguir jogar contra o <txt:bold,2><txt:color,orange>Clube de Vôlei Sol</txt:bold></txt:color>!"
,,A-2,정다희,,-1_웃음,wave,,"그럼그럼! <txt:bold,2><txt:color,orange>오아시스</txt:bold></txt:color>와 직접 경기할 수 있는 기회... 분명 엄청날 거야!","Yeah! The chance to play against <txt:bold,2><txt:color,orange>Oasis</txt:bold></txt:color> is too good to pass up!","だね！<txt:bold,2><txt:color,orange>オアシス</txt:bold></txt:color>選手と対戦できるチャンス‥きっと貴重な経験になるはず！","对对！和<txt:bold,2><txt:color,orange>绿洲</txt:bold></txt:color>直接交手的机会...肯定会有所收获！","對對對！能和<txt:bold,2><txt:color,orange>綠洲</txt:bold></txt:color>直接交手的機會...肯定棒極了！","Ну конечно! Невероятный шанс сыграть против <txt:bold,2><txt:color,orange>Оазиса</txt:bold></txt:color>... Это будет захватывающе!","Mestilah! Peluang berlawan sendiri dengan <txt:bold,2><txt:color,orange>Oasis</txt:bold></txt:color>... Mesti luar biasa!","Đúng đúng! Cơ hội được đấu trực tiếp với <txt:bold,2><txt:color,orange>Oasis</txt:bold></txt:color>... chắc chắn sẽ tuyệt lắm!","¡Exacto! ¡Jugar contra <txt:bold,2><txt:color,orange>Oasis</txt:bold></txt:color> será una oportunidad increíble...!","Bagus! Kesempatan untuk dapat berhadapan langsung dengan <txt:bold,2><txt:color,orange>Oasis</txt:bold></txt:color>... Aku yakin tidak akan sering datang!","ต้องอย่างนั้นสิ! โอกาสที่จะได้แข่งกับ<txt:bold,2><txt:color,orange>โอเอซิส</txt:bold></txt:color>น่ะ... ต้องสุดยอดมากแน่นอน!","Sim! Ter a oportunidade de jogar contra o <txt:bold,2><txt:color,orange>Oásis</txt:bold></txt:color>... será realmente incrível!"
,,A-3,백시우,,1_결연,,,"<scr:empty>흠, 그래봤자 우리가 가장 강한 팀이야.","<scr:empty>As good as they may be, we’re the strongest ones here.",<scr:empty>ふんっ、といっても、一番強いのは俺たちだからな。,<scr:empty>哼，不管怎样我们才是最强的。,<scr:empty>哼！不管怎樣我們才是最強的。,"<scr:empty>Хм, все равно мы сильнее!","<scr:empty>Walaupun bagus, kami adalah yang paling kuat di sini.","<scr:empty>Hừm, dù sao thì chúng ta vẫn là đội mạnh nhất.","<scr:empty>Hmm, aun así, somos el equipo más fuerte.","<scr:empty>Hem, mau bagaimanapun kitalah tim terkuat.",<scr:empty>อืม แต่ยังไงเราก็คือทีมที่แข็งแกร่งที่สุด,"<scr:empty>Hmm! Isso não importa, somos o time mais forte."
,,A-3,백시우,,1_결연,,,"흠, 그래봤자 우리가 가장 강한 팀이야.<wrt:wait,15><wrt:break><txt:bold,2><txt:color,orange>샌드 서퍼스</txt:bold></txt:color> 정도로는 질 자신이 없는걸!","As good as they may be, we’re the strongest ones here.<wrt:wait,15><wrt:break><txt:bold,2><txt:color,orange>Sand Surfers</txt:bold></txt:color> won’t stand a chance!","ふんっ、といっても、一番強いのは俺たちだからな。<wrt:wait,15><wrt:break><txt:bold,2><txt:color,orange>サンドサーファーズ</txt:bold></txt:color>相手じゃ負ける気がしない！","哼，不管怎样我们才是最强的。<wrt:wait,15><wrt:break>区区<txt:bold,2><txt:color,orange>逐浪者队</txt:bold></txt:color>，我们不会输的！","哼，不管怎樣我們才是最強的。<wrt:wait,15><wrt:break>區區<txt:bold,2><txt:color,orange>逐浪者隊</txt:bold></txt:color>，我們不會輸的！","Хм, все равно мы сильнее! Берегитесь, <wrt:wait,15><wrt:break><txt:bold,2><txt:color,orange>«Сэнд Сёрферс»</txt:bold></txt:color>!","Sehebat mana pun mereka, kitalah yang paling kuat di sini.<wrt:wait,15><wrt:break>Tak mungkin kita kalah dengan <txt:bold,2><txt:color,orange>Sand Surfers</txt:bold></txt:color>!","Hừm, dù sao thì chúng ta vẫn là đội mạnh nhất.<wrt:wait,15><wrt:break><txt:bold,2><txt:color,orange>Sand Surfers</txt:bold></txt:color> chắc chắn không thể thắng nổi chúng ta đâu!","Hmm, aun así, somos el equipo más fuerte. ¡No vamos a perder contra el equipo de <wrt:wait,15><wrt:break><txt:bold,2><txt:color,orange>Sand Surfers</txt:bold></txt:color>!","Hem, mau bagaimanapun kitalah tim terkuat.<wrt:wait,15><wrt:break>Aku yakin kita tidak dapat dikalahkan oleh lawan seperti <txt:bold,2><txt:color,orange>Sand Surf</txt:bold></txt:color>!","อืม แต่ยังไงเราก็คือทีมที่แข็งแกร่งที่สุด<wrt:wait,15><wrt:break>ฉันไม่คิดจะแพ้ให้กับ<txt:bold,2><txt:color,orange>แซนด์เซิร์ฟเฟอร์</txt:bold></txt:color>หรอก!","Hmm! Isso não importa, somos o time mais forte. <wrt:wait,15><wrt:break>Não vamos deixar um time como o <txt:bold,2><txt:color,orange>Sand Surfers</txt:bold></txt:color> nos vencer!"
,,A-3,정다희,,-2_어머,pause,,"<cha:pop,정다희>우왓, 엄청난 승부욕!","<cha:pop,정다희>Whoa, look at you, Mr. Competitive!","<cha:pop,정다희>うわ、すごい闘争心！","<cha:pop,정다희>哇，好强的斗志！","<cha:pop,정다희>哇～好強的鬥志！","<cha:pop,정다희>Вау, какое рвение к победе!","<cha:pop,정다희>Wah, lihat awak, Encik Kompetitif!","<cha:pop,정다희>Ồ, tinh thần thi đấu cao quá!","<cha:pop,정다희>Uau, ¡qué determinación!","<cha:pop,정다희>Wahh, kamu sangat kompetitif!","<cha:pop,정다희>โห จิตวิญญาณนักสู้เต็มเปี่ยมเลย!","<cha:pop,정다희>Uau, que determinação incrível!"
,,A-3,정다희,,-1_웃음,wave,,"헤헤, 그럼 그럼~ 우리, 꼭 이겨서 <txt:bold,2><txt:color,orange>오아시스</txt:bold></txt:color>와 직접 경기도 해보자!!!","Hehe, all right, let’s go for that match with <txt:bold,2><txt:color,orange>Oasis</txt:bold></txt:color>!!!","へへ、じゃあ、絶対勝って<txt:bold,2><txt:color,orange>オアシス</txt:bold></txt:color>とも対戦してみようね！","嘿嘿，那就这么说定了～我们一定要赢，然后直接和<txt:bold,2><txt:color,orange>绿洲</txt:bold></txt:color>比赛！！！","嘿嘿，那就這麼說定了～我們一定要贏，然後直接和<txt:bold,2><txt:color,orange>綠洲</txt:bold></txt:color>比賽！","Ха-ха, здорово! Пусть наша команда победит и получит шанс сыграть с <txt:bold,2><txt:color,orange>Оазисом</txt:bold></txt:color>!","Hehe, baiklah, mari kita buat perlawanan itu dengan <txt:bold,2><txt:color,orange>Oasis</txt:bold></txt:color>!!!","Hê hê, đúng vậy~ Chúng ta, nhất định phải thắng và đấu với cả <txt:bold,2><txt:color,orange>Oasis</txt:bold></txt:color> nữa nhé!!!","Jeje, ¡así es! ¡Vamos a ganar para poder jugar contra <txt:bold,2><txt:color,orange>Oasis</txt:bold></txt:color>!!!","Hehe, bagus sekali~ Ayo kita menangkan untuk dapat bertanding langsung dengan <txt:bold,2><txt:color,orange>Oasis</txt:bold></txt:color> juga!!!","ฮิฮิ แต่ก็ถูกของนายแหละ~ เรามาเอาชนะให้ได้ เพื่อไปลองแข่งกับ<txt:bold,2><txt:color,orange>โอเอซิส</txt:bold></txt:color>กันเถอะ!!!","Hehe, É isso aí! Vamos vencer e conseguir um jogo contra o <txt:bold,2><txt:color,orange>Oásis</txt:bold></txt:color>!"
,,,정다희,,-3_활짝,wave,joy,"좋아, 그럼 <txt:bold,2><txt:color,orange>샌드 서퍼스</txt:bold></txt:color>부터 이겨보자구~","Okay, let’s try and beat <txt:bold,2><txt:color,orange>Sand Surfers</txt:bold></txt:color> first!","よし。じゃあまずは<txt:bold,2><txt:color,orange>サンドサーファーズ</txt:bold></txt:color>に勝たないと！","好，那先从<txt:bold,2><txt:color,orange>逐浪者队</txt:bold></txt:color>开始吧！","好，那先從<txt:bold,2><txt:color,orange>逐浪者隊</txt:bold></txt:color>開始！","Прекрасно! Тогда для начала давай обыграем <txt:bold,2><txt:color,orange>«Сэнд Сёрферс»</txt:bold></txt:color>!","Okey, mari cuba dan kalahkan <txt:bold,2><txt:color,orange>Sand Surfers</txt:bold></txt:color> dahulu!","Được, vậy trước hết hãy thắng <txt:bold,2><txt:color,orange>Sand Surfers</txt:bold></txt:color> đã nhé~","¡Perfecto! Entonces, primero ganemos contra <txt:bold,2><txt:color,orange>Sand Surfers</txt:bold></txt:color>","Bagus, kalau begitu mari kita menangkan pertandingan dengan <txt:bold,2><txt:color,orange>Sand Surf</txt:bold></txt:color> terlebih dahulu~","ดีล่ะ ถ้างั้นก็มาเอาชนะ<txt:bold,2><txt:color,orange>แซนด์เซิร์ฟเฟอร์</txt:bold></txt:color>กันก่อนเลย~","Ótimo, então vamos começar ganhando dos <txt:bold,2><txt:color,orange>Sand Surfers</txt:bold></txt:color> primeiro!"
,경기 승리,#,MAP,,,,,바다,바다,바다,바다,바다,바다,바다,바다,바다,바다,바다,바다
,,#,BGM,,,,,BGM_MEET_LISIA,BGM_MEET_LISIA,BGM_MEET_LISIA,BGM_MEET_LISIA,BGM_MEET_LISIA,BGM_MEET_LISIA,BGM_MEET_LISIA,BGM_MEET_LISIA,BGM_MEET_LISIA,BGM_MEET_LISIA,BGM_MEET_LISIA,BGM_MEET_LISIA
,,#,리시아,4,1_기본,,,,,,,,,,,,,,
,,#,백시우,0,1_기본,,,,,,,,,,,,,,
,,,백시우,,1_기본,,,음! 이제 확실히 모래에서 몸 쓰는 법도 익숙해지는 것 같네!,"You know, I think I’m starting to get used to moving around on the sand!",よし、もう砂浜での体の使い方にも慣れてきた！,嗯！现在在沙地上活动也越来越得心应手了！,嗯！現在在沙灘上活動也越來越得心應手了！,"Кажется, у меня начинает лучше получаться играть на песке.",Hmm! Sekarang saya dah makin biasa bergerak di atas pasir!,Ừm! Bây giờ mình cũng đã dần quen với cách di chuyển trên cát!,¡Hmm! Creo que ya me estoy acostumbrando a jugar en la arena!,Hmm! Sepertinya aku mulai terbiasa bermain diatas pasir juga!,อื้ม! ตอนนี้เหมือนฉันจะคุ้นกับวิธีใช้ร่างกายบนหาดทรายแล้วแฮะ!,Hmm! Parece que estou me acostumando a jogar na areia agora!
,,,리시아,,1_기본,,,"<cha:pos,리시아,2><cha:pos,백시우,-2>후후... <txt:bold,2><txt:color,orange>샌드 서퍼스</txt:bold></txt:color>를 이기다니, 멋져요, 멋져요~! <wrt:wait,15><wrt:break>쭉 지켜보고 있었어요! 엄청난 실력이던걸요?","<cha:pos,리시아,2><cha:pos,백시우,-2>Hehe... You actually beat the <txt:bold,2><txt:color,orange>Sand Surfers</txt:bold></txt:color>, I’m impressed! <wrt:wait,15><wrt:break>I was watching you the whole time! You have skill!","<cha:pos,리시아,2><cha:pos,백시우,-2>ふふ‥<txt:bold,2><txt:color,orange>サンドサーファーズ</txt:bold></txt:color>に勝つなんて、本当に格好いいです！<wrt:wait,15><wrt:break>ずっと見てました！すごい実力でしたよ！","<cha:pos,리시아,2><cha:pos,백시우,-2>呵呵...连<txt:bold,2><txt:color,orange>逐浪者队</txt:bold></txt:color>都赢了，真厉害啊～！<wrt:wait,15><wrt:break>我一直在观战！你们实力惊人！","<cha:pos,리시아,2><cha:pos,백시우,-2>呵呵...連<txt:bold,2><txt:color,orange>逐浪者隊</txt:bold></txt:color>都能贏，真厲害啊～！<wrt:wait,15><wrt:break>我一直在旁邊觀戰，你們確實實力驚人！","<cha:pos,리시아,2><cha:pos,백시우,-2>Хо-хо! Победитель <txt:bold,2><txt:color,orange> «Сэнд Сёрферс»</txt:bold></txt:color>! Какой ты молодец! <wrt:wait,15><wrt:break>У тебя отличные способности!","<cha:pos,리시아,2><cha:pos,백시우,-2>Hehe... Anda sebenarnya mengalahkan <txt:bold,2><txt:color,orange>Sand Surfers</txt:bold></txt:color>, saya kagum! <wrt:wait,15><wrt:break>Saya sedang memerhatikan anda sepanjang masa! Anda ada kemahiran!","<cha:pos,리시아,2><cha:pos,백시우,-2>Ha ha... Thắng được <txt:bold,2><txt:color,orange>Sand Surfers</txt:bold></txt:color>, tuyệt lắm, tuyệt lắm~! <wrt:wait,15><wrt:break>Tôi đã theo dõi từ đầu đến cuối đấy! Thực lực của cậu thật đáng nể!","<cha:pos,리시아,2><cha:pos,백시우,-2>Jeje... ¡Vencieron a <txt:bold,2><txt:color,orange>Sand Surfers</txt:bold></txt:color>! ¡Impresionante, impresionante! <wrt:wait,15><wrt:break>¡Estuve observando todo el tiempo! ¡Tienen un nivel increíble!","<cha:pos,리시아,2><cha:pos,백시우,-2>Huhuhu... Anda dapat menang melawan <txt:bold,2><txt:color,orange>Sand Surf</txt:bold></txt:color>, Sangat keren, keren sekali~! <wrt:wait,15><wrt:break>Saya telah menyaksikan pertandingan Anda sejak awal! Anda sangat handal!","<cha:pos,리시아,2><cha:pos,백시우,-2>ฮิฮิ... ชนะ<txt:bold,2><txt:color,orange>แซนด์เซิร์ฟเฟอร์</txt:bold></txt:color>ได้เนี่ย เก่งจังเลยนะคะ~! <wrt:wait,15><wrt:break>ฉันคอยดูอยู่ตลอดเลยค่ะ! คุณมีฝีมือไม่เบาเลยนะ?","<cha:pos,리시아,2><cha:pos,백시우,-2>Hehe... Vocês derrotaram os <txt:bold,2><txt:color,orange>Sand Surfers</txt:bold></txt:color>! Sensacional! <wrt:wait,15><wrt:break>Eu estava de olho em vocês o tempo todo! Vocês são realmente impressionantes!"
,,,백시우,,1_정적,nervous,,"아하하, 감사합니다! <txt:color,grey><wrt:wait,15><wrt:break>(누, 누구지...?)","Haha, thanks! <txt:color,grey><wrt:wait,15><wrt:break>(Wh-who is she?)","あはは、ありがとうございます！<txt:color,grey><wrt:wait,15><wrt:break>(だ、誰だ‥？)","哈哈，谢谢夸奖！<txt:color,grey><wrt:wait,15><wrt:break>(这，这人是谁啊...？)","哈哈啊，謝謝誇獎！<txt:color,grey><wrt:wait,15><wrt:break>(她、她是誰啊...？)","Ха-ха-ха, спасибо! <txt:color,grey><wrt:wait,15><wrt:break>(Это кто вообще?)","Haha terima kasih! <txt:color,grey><wrt:wait,15><wrt:break>(Siapa dia?)","À ha ha, cảm ơn chị! <txt:color,grey><wrt:wait,15><wrt:break>(Chị... chị ấy là ai thế nhỉ...?)","¡Ahaha, gracias! <txt:color,grey><wrt:wait,15><wrt:break>(¿Q-Quién es ella...?)","Ahahaha, terima kasih banyak! <txt:color,grey><wrt:wait,15><wrt:break>(Si, siapa dia...?)","อะฮ่าฮ่า ขอบคุณนะครับ! <txt:color,grey><wrt:wait,15><wrt:break>(คะ ใครเนี่ย...?)","Ahaha, obrigado! <txt:color,grey><wrt:wait,15><wrt:break>(Quem é você?)"
,,,리시아,,1_후후,,,"<sys:sfx,반짝_1><cha:pop,리시아>음음~ 누구냐는 그 눈빛! 다 알 수 있어요~ <wrt:wait,15><wrt:break>저는 <txt:bold,2><txt:color,orange>리시아</txt:bold></txt:color>, <txt:bold,2><txt:color,orange>선 리시버스</txt:bold></txt:color> 팀의 <txt:bold,2>세터</txt:bold>예요. ","<sys:sfx,반짝_1><cha:pop,리시아>Mm, I know that look! 'Who is she,' you’re wondering! <wrt:wait,15><wrt:break>My name is <txt:bold,2><txt:color,orange>Lisia</txt:bold></txt:color>. I’m a <txt:bold,2>setter</txt:bold> for the <txt:bold,2><txt:color,orange>Sun Receivers</txt:bold></txt:color>.","<sys:sfx,반짝_1><cha:pop,리시아>うんうん、誰だこいつって感じですよね！<wrt:wait,15><wrt:break>私は<txt:bold,2><txt:color,orange>リシア</txt:bold></txt:color>、<txt:bold,2><txt:color,orange>サンレシーバーズ</txt:bold></txt:color>チームの<txt:bold,2>セッター</txt:bold>です。","<sys:sfx,반짝_1><cha:pop,리시아>嗯嗯～这眼神分明是在问我是谁！被我看穿了吧～<wrt:wait,15><wrt:break>我叫<txt:bold,2><txt:color,orange>莉西亚</txt:bold></txt:color>，是<txt:bold,2><txt:color,orange>承曦</txt:bold></txt:color>队的<txt:bold,2>二传手</txt:bold>。","<sys:sfx,반짝_1><cha:pop,리시아>嗯～這眼神分明是在問我是誰！我都看穿了～<wrt:wait,15><wrt:break>我叫<txt:bold,2><txt:color,orange>莉西亞</txt:bold></txt:color>，是<txt:bold,2><txt:color,orange>承曦</txt:bold></txt:color>隊的<txt:bold,2>二傳手</txt:bold>。","<sys:sfx,반짝_1><cha:pop,리시아>У тебя на лице написано: «Это кто вообще?» Я все знаю! <wrt:wait,15><wrt:break>Я — <txt:bold,2><txt:color,orange>Лисиа</txt:bold></txt:color>, <txt:bold,2>связующий</txt:bold> <txt:bold,2><txt:color,orange>«Сан Рисиверс»</txt:bold></txt:color>.","<sys:sfx,반짝_1><cha:pop,리시아>Hmm, pandangan yang tertanya-tanya siapa saya itu! Saya tahu~ <wrt:wait,15><wrt:break>Saya <txt:bold,2><txt:color,orange>Lisia</txt:bold></txt:color>, <txt:bold,2>pengumpan</txt:bold> pasukan <txt:bold,2><txt:color,orange>Sun Receivers</txt:bold></txt:color>.","<sys:sfx,반짝_1><cha:pop,리시아>Ừm ừm~ Nhìn ánh mắt tò mò kia! Tôi biết hết đấy~ <wrt:wait,15><wrt:break>Tôi là <txt:bold,2><txt:color,orange>Lisia</txt:bold></txt:color>, <txt:bold,2>Chuyền Hai</txt:bold> của đội <txt:bold,2><txt:color,orange>Sun Receivers</txt:bold></txt:color>.","<sys:sfx,반짝_1><cha:pop,리시아>Hum ¡Veo esa mirada de 'quién eres'! <wrt:wait,15><wrt:break>Soy <txt:bold,2><txt:color,orange>Liscia</txt:bold></txt:color>, la <txt:bold,2>colocadora</txt:bold> del equipo <txt:bold,2><txt:color,orange>Sun Receivers</txt:bold></txt:color>.","<sys:sfx,반짝_1><cha:pop,리시아>Hmmm~ Saya tahu arti dari mata itu! Anda ingin tahu siapa saya~ <wrt:wait,15><wrt:break>Saya adalah <txt:bold,2><txt:color,orange>Lisia</txt:bold></txt:color> dari <txt:bold,2><txt:color,orange>Sun Receiver</txt:bold></txt:color> dengan posisi sebagai <txt:bold,2>Setter</txt:bold>.","<sys:sfx,반짝_1><cha:pop,리시아>อืม~ สายตาคุณกำลังสงสัยว่าฉันคือใครสินะคะ! ฉันรู้หรอกค่ะ~ <wrt:wait,15><wrt:break>ฉันชื่อ<txt:bold,2><txt:color,orange>ลิเซีย</txt:bold></txt:color> เป็น<txt:bold,2>ตัวเซ็ต</txt:bold>ของทีม<txt:bold,2><txt:color,orange>ซันรีซีฟเวอร์</txt:bold></txt:color>ค่ะ","<sys:sfx,반짝_1><cha:pop,리시아>Hmmm, esse olhar... Eu sei no que você está pensando! <wrt:wait,15><wrt:break>Eu sou <txt:bold,2><txt:color,orange>Liscia</txt:bold></txt:color>, a <txt:bold,2>levantadora</txt:bold> do time <txt:bold,2><txt:color,orange>Sun Receivers</txt:bold></txt:color>."
,,,백시우,,1_기본,,,"<txt:bold,2><txt:color,orange>선 리시버스</txt:bold></txt:color>라면... <txt:bold,2><txt:color,orange>태양 배구단</txt:bold></txt:color>의 청소년 팀... 맞나요?","The <txt:bold,2><txt:color,orange>Sun Receivers</txt:bold></txt:color>... <txt:bold,2><txt:color,orange>Sun Volleyball Team</txt:bold></txt:color>’s teen team, right?","<txt:bold,2><txt:color,orange>サンレシーバーズ</txt:bold></txt:color>なら‥<txt:bold,2><txt:color,orange>太陽バレー団</txt:bold></txt:color>のユースチームの‥？","<txt:bold,2><txt:color,orange>承曦队</txt:bold></txt:color>...是<txt:bold,2><txt:color,orange>太阳排球队</txt:bold></txt:color>的青年队...没错吧？","<txt:bold,2><txt:color,orange>承曦隊</txt:bold></txt:color>...是<txt:bold,2><txt:color,orange>太陽排球隊</txt:bold></txt:color>的青少年隊？...沒錯吧？","<txt:bold,2><txt:color,orange>«Сан Рисиверс»</txt:bold></txt:color> это же... Молодежная команда <txt:bold,2><txt:color,orange>клуба «Тэян»</txt:bold></txt:color>, верно?","<txt:bold,2><txt:color,orange>Sun Receivers</txt:bold></txt:color>... Pasukan remaja <txt:bold,2><txt:color,orange>Sun Volleyball Team</txt:bold></txt:color>, betul?","<txt:bold,2><txt:color,orange>Sun Receivers</txt:bold></txt:color> á... Đội thanh thiếu niên của <txt:bold,2><txt:color,orange>Đội Bóng Chuyền Mặt Trời</txt:bold></txt:color>... đúng không ạ?","¿El equipo <txt:bold,2><txt:color,orange>Sun Receivers</txt:bold></txt:color>...? Entonces, ¿es el equipo juvenil de <txt:bold,2><txt:color,orange>Voleibol Solar</txt:bold></txt:color>, correcto?","<txt:bold,2><txt:color,orange>Sun Receiver</txt:bold></txt:color>... Bukankah itu tim remaja dari <txt:bold,2><txt:color,orange>Solar Volleyball Team</txt:bold></txt:color>...?","<txt:bold,2><txt:color,orange>ซันรีซีฟเวอร์</txt:bold></txt:color>... ใช่ทีมเยาวชนของ<txt:bold,2><txt:color,orange>กลุ่มวอลเลย์บอลดวงตะวัน</txt:bold></txt:color>... รึเปล่าครับ?","<txt:bold,2><txt:color,orange>Sun Receivers</txt:bold></txt:color>? O time juvenil do <txt:bold,2><txt:color,orange>Clube de Vôlei Sol</txt:bold></txt:color>?"
,,,리시아,,1_기본,pause,joy,"맞아요! <txt:bold,2><txt:color,orange>태양 배구단</txt:bold></txt:color>처럼 모래와 태양, 그와 함께하는 <txt:wave,1>비치발리볼의 낭만</txt:wave>을 추구하는 멋진 팀이죠~!","That’s right! Just like the <txt:bold,2><txt:color,orange>Sun Volleyball Team</txt:bold></txt:color>, we enjoy the <txt:wave,1>vibe of beach volleyball</txt:wave>! Nothing beats playing ball under the sun on the warm sand!","そうです！<txt:bold,2><txt:color,orange>太陽バレー団</txt:bold></txt:color>と同じように、砂浜と太陽、<wrt:break>そして<txt:wave,1>ビーチバレーのロマン</txt:wave>を追求するステキなチームなんです！","对！和<txt:bold,2><txt:color,orange>太阳排球队</txt:bold></txt:color>一样，追求与沙滩、阳光为伴的<txt:wave,1>沙排浪漫</txt:wave>,是一支很棒的队伍～！","對！和<txt:bold,2><txt:color,orange>太陽排球隊</txt:bold></txt:color>一樣，追求與沙灘、陽光為伴的<txt:wave,1>沙排浪漫</txt:wave>，是一支很棒的隊伍～！","Да! Мы — крутая команда, которая наслаждается <txt:wave,1>романтикой пляжного волейбола</txt:wave> вместе с солнцем и песком, прямо как <txt:bold,2><txt:color,orange>клуб «Тэян»</txt:bold></txt:color>!","Betul! Sama seperti <txt:bold,2><txt:color,orange>Sun Volleyball Team</txt:bold></txt:color>, kami menikmati <txt:wave,1>suasana romantik bola tampar pantai</txt:wave> bersama pasir dan mentari!","Đúng rồi! Giống như <txt:bold,2><txt:color,orange>Đội Bóng Chuyền Mặt Trời</txt:bold></txt:color>, chúng tôi cũng là một đội tuyệt vời theo đuổi <txt:wave,1>sự lãng mạn của bóng chuyền bãi biển</txt:wave> cùng với cát và mặt trời~!","¡Correcto! Somos un equipo fantástico que <txt:wave,1>busca el encanto del voleibol de playa</txt:wave>, con arena y sol, como el <txt:bold,2><txt:color,orange>Equipo de Voleibol Solar</txt:bold></txt:color>.","Benar! Seperti <txt:bold,2><txt:color,orange>Solar Volleyball Team</txt:bold></txt:color>, kami tim hebat yang mengejar <txt:wave,1>romantisme voli pantai</txt:wave> bersama pasir dan matahari~!","ใช่แล้วค่ะ! เป็นทีมสุดเจ๋งที่แสวงหา<txt:wave,1>ความโรแมนติกของวอลเลย์บอลชายหาด</txt:wave> ไปพร้อมกับหาดทรายและดวงอาทิตย์ เหมือนกับ<txt:bold,2><txt:color,orange>กลุ่มวอลเลย์บอลดวงตะวัน</txt:bold></txt:color>ค่ะ~!","Exatamente! Somos um time maravilhoso que busca a perfeição na areia e sob o sol, desfrutando do <txt:wave,1>encanto do vôlei de praia</txt:wave>, como o <txt:bold,2><txt:color,orange>Clube de Vôlei Sol</txt:bold></txt:color>."
,,,리시아,,1_웃음,,,"저는 작년부터 그곳에서 <txt:bold,2><txt:color,orange>오아시스</txt:bold></txt:color> 아저씨께 가르침을 받고 있답니다!","I’ve been training on that team under <txt:bold,2><txt:color,orange>Oasis</txt:bold></txt:color> since last year!","私は去年からそこで<txt:bold,2><txt:color,orange>オアシス</txt:bold></txt:color>さんに教えてもらってるんです！","从去年开始，我就在那里跟<txt:bold,2><txt:color,orange>绿洲</txt:bold></txt:color>叔叔学习。","從去年開始，我就在那裡跟<txt:bold,2><txt:color,orange>綠洲</txt:bold></txt:color>叔叔學習。","Со мной с прошлого года занимается <txt:bold,2><txt:color,orange>Оазис</txt:bold></txt:color>!","Saya telah berlatih dalam pasukan itu di bawah <txt:bold,2><txt:color,orange>Oasis</txt:bold></txt:color> sejak tahun lepas!","Từ năm ngoái, tôi đã được chú <txt:bold,2><txt:color,orange>Oasis</txt:bold></txt:color> chỉ bảo ở đó rồi!","¡Desde el año pasado, estoy aprendiendo del Sr. <txt:bold,2><txt:color,orange>Oasis</txt:bold></txt:color>!","Sejak tahun lalu, saya berlatih di sana di bawah bimbingan Om <txt:bold,2><txt:color,orange>Oasis</txt:bold></txt:color>!","ฉันได้เรียนกับคุณลุง<txt:bold,2><txt:color,orange>โอเอซิส</txt:bold></txt:color>จากที่นั่นตั้งแต่ปีก่อนเลยล่ะค่ะ!","Desde o ano passado, tenho aprendido muitas coisas com o <txt:bold,2><txt:color,orange>Oásis</txt:bold></txt:color>!"
,,,백시우,,1_엥,,exclam,"직접 <txt:bold,2><txt:color,orange>오아시스</txt:bold></txt:color>에게...?!","From <txt:bold,2><txt:color,orange>Oasis</txt:bold></txt:color> himself?!","<txt:bold,2><txt:color,orange>オアシス</txt:bold></txt:color>本人から直接‥？","直接跟<txt:bold,2><txt:color,orange>绿洲</txt:bold></txt:color>学习...？！","直接跟<txt:bold,2><txt:color,orange>綠洲</txt:bold></txt:color>學習...？！","Сам <txt:bold,2><txt:color,orange>Оазис</txt:bold></txt:color>...?!","Daripada <txt:bold,2><txt:color,orange>Oasis</txt:bold></txt:color> sendiri?!","Trực tiếp từ <txt:bold,2><txt:color,orange>Oasis</txt:bold></txt:color> sao...?!","¿Directamente del Sr. <txt:bold,2><txt:color,orange>Oasis</txt:bold></txt:color>...?!","Diajarkan langsung oleh <txt:bold,2><txt:color,orange>Oasis</txt:bold></txt:color> itu sendiri...?!","เรียนกับ<txt:bold,2><txt:color,orange>โอเอซิส</txt:bold></txt:color>โดยตรงเลยเหรอ...?!","Diretamente com o <txt:bold,2><txt:color,orange>Oásis</txt:bold></txt:color>!?"
,,,리시아,,1_기본,,,"네에! 저도 배구는 취미로만 했었지만... <wrt:wait,15><wrt:break>이전 <txt:bold,2>서머 스플래쉬</txt:bold> 캠프에서 아저씨의 경기를 보게 되었어요.","Yeah! I had only done volleyball as a hobby, <wrt:wait,15><wrt:break>but then I saw him play at the last <txt:bold,2>Summer Splash</txt:bold> camp.","はい！私ももともと趣味でバレーしてたんですけど‥<wrt:wait,15><wrt:break>前に<txt:bold,2>サマースプラッシュ</txt:bold>キャンプでオアシスさんの試合を見たんです。","是的！我原本只是把排球当爱好...<wrt:wait,15><wrt:break>但在上次<txt:bold,2>夏日飞溅</txt:bold>训练营看到叔叔的比赛后，","是的！我原本只是把排球當興趣...<wrt:wait,15><wrt:break>但在上次<txt:bold,2>夏日狂歡</txt:bold>訓練營看到叔叔的比賽後，","Ага! Я тоже начинала как любитель... <wrt:wait,15><wrt:break>Но на прошлом <txt:bold,2>Summer Splash</txt:bold> увидела, как он играет...","Ya! Dulu saya pun main bola tampar sebagai hobi saja, <wrt:wait,15><wrt:break>tapi saya tengok pak cik itu bermain di kem <txt:bold,2>Summer Splash</txt:bold> yang lepas.","Đúng vậy! Ban đầu tôi cũng chỉ chơi bóng chuyền như một sở thích thôi... <wrt:wait,15><wrt:break>Nhưng sau khi tôi được chứng kiến trận đấu của chú ấy ở trại huấn luyện <txt:bold,2>Summer Splash</txt:bold> năm trước...","¡Sí! Yo solo jugaba al voleibol como pasatiempo, pero... <wrt:wait,15><wrt:break>vi el partido del Sr. Oasis en el campamento <txt:bold,2>Summer Splash</txt:bold> anterior.","Iya! Awalnya saya juga hanya bermain voli sebagai hobi... <wrt:wait,15><wrt:break>Lalu, saya melihat pertandingan Om Oasis di kamp <txt:bold,2>Summer Splash</txt:bold> sebelumnya.","ค่ะ! เมื่อก่อนฉันเคยเล่นวอลเลย์บอลเป็นแค่งานอดิเรก... <wrt:wait,15><wrt:break>แต่ฉันได้มีโอกาสดูการแข่งของคุณลุงในค่าย<txt:bold,2>ซัมเมอร์สแปลช</txt:bold>ครั้งก่อน","Sim! Antes, eu jogava vôlei apenas por hobby, <wrt:wait,15><wrt:break>mas no último <txt:bold,2>Summer Splash</txt:bold>, assisti ao jogo do Oásis."
,,,TAG,,,,,"<sys:sfx,반짝_1>","<sys:sfx,반짝_1>","<sys:sfx,반짝_1>","<sys:sfx,반짝_1>","<sys:sfx,반짝_1>","<sys:sfx,반짝_1>","<sys:sfx,반짝_1>","<sys:sfx,반짝_1>","<sys:sfx,반짝_1>","<sys:sfx,반짝_1>","<sys:sfx,반짝_1>","<sys:sfx,반짝_1>"
,,,리시아,,1_후후,wave,,"<txt:size,2>한 순간에 반해버렸죠!</txt:size><wrt:wait,15><wrt:break>아시겠지만, <txt:bold,2><txt:color,orange>오아시스</txt:bold></txt:color> 아저씨가 꽤나 멋지잖아요?","<txt:size,2>I fell in love that second!</txt:size><wrt:wait,15><wrt:break>As you may know, <txt:bold,2><txt:color,orange>Oasis</txt:bold></txt:color> is super cool...","<txt:size,2>一目惚れでした！</txt:size><wrt:wait,15><wrt:break>見ればわかると思いますが、<txt:bold,2><txt:color,orange>オアシス</txt:bold></txt:color>さんって格好いいじゃないですか！","<txt:size,2>我一下子就迷上了！</txt:size><wrt:wait,15><wrt:break>你也知道的吧，<txt:bold,2><txt:color,orange>绿洲</txt:bold></txt:color>叔叔真的很帅气！","<txt:size,2>我一下子就迷上了！</txt:size><wrt:wait,15><wrt:break>你也知道的吧，<txt:bold,2><txt:color,orange>綠洲</txt:bold></txt:color>叔叔真的很帥氣！","<txt:size,2>И вмиг влюбилась!</txt:size><wrt:wait,15><wrt:break>Ты ведь сам видишь, какой <txt:bold,2><txt:color,orange>Оазис</txt:bold></txt:color> красавец!","<txt:size,2>Terus saya jatuh hati!</txt:size><wrt:wait,15><wrt:break>Kamu pun tahu pak cik <txt:bold,2><txt:color,orange>Oasis</txt:bold></txt:color> itu agak menawan, kan?","<txt:size,2>Tôi đã say mê ngay tức khắc!</txt:size><wrt:wait,15><wrt:break>Như cậu cũng biết đấy, chú <txt:bold,2><txt:color,orange>Oasis</txt:bold></txt:color> rất là ngầu đúng không?","<txt:size,2>¡Me enamoré al instante!</txt:size><wrt:wait,15><wrt:break>Como sabes, el Sr. <txt:bold,2><txt:color,orange>Oasis</txt:bold></txt:color> es realmente impresionante, ¿verdad?","<txt:size,2>Seketika itu saya langsung terpikat!</txt:size><wrt:wait,15><wrt:break>Seperti yang telah Anda ketahui, <txt:bold,2>Om <txt:color,orange>Oasis</txt:bold></txt:color> itu sangatlah keren!","<txt:size,2>แล้วฉันก็ติดใจในชั่วพริบตาเลยค่ะ!</txt:size><wrt:wait,15><wrt:break>คุณเองก็คงจะรู้อยู่แล้ว ว่าคุณลุง<txt:bold,2><txt:color,orange>โอเอซิส</txt:bold></txt:color>น่ะ ยอดเยี่ยมสุดๆ ใช่ไหมล่ะคะ?","<txt:size,2>Fiquei encantada! </txt:size><wrt:wait,15><wrt:break>Você sabe, o <txt:bold,2><txt:color,orange>Oásis</txt:bold></txt:color> é realmente incrível, não acha?"
,,,리시아,,1_웃음,,,"지금은 청소년 팀이지만, 더 강해져서 반드시 <txt:bold,2><txt:color,orange>태양 배구단</txt:bold></txt:color>에도 들어가고 말 거에요! <wrt:wait,15><wrt:break><txt:wave,1>그의 옆에서 함께 뛰는 게 제 꿈이니까요~!","I’m on the teen team now, but once I’m better, I’m determined to get on the <txt:bold,2><txt:color,orange>Sun Volleyball Team</txt:bold></txt:color>! <wrt:wait,15><wrt:break><txt:wave,1>It’s my dream to play at his side!","今はまだユースチームですけど、もっと強くなっていつかは<txt:bold,2><txt:color,orange>太陽バレー団</txt:bold></txt:color>にも入りたいです！<wrt:wait,15><wrt:break><txt:wave,1>彼と一緒にプレーするのが私の夢ですから！","现在虽然还是青年队，但我一定会变得更强，加入<txt:bold,2><txt:color,orange>太阳排球队</txt:bold></txt:color>的！<wrt:wait,15><wrt:break><txt:wave,1>和他并肩作战就是我的梦想～！","現在雖然還是青少年隊，但我一定會變得更強，加入<txt:bold,2><txt:color,orange>太陽排球隊</txt:bold></txt:color>的！<wrt:wait,15><wrt:break><txt:wave,1>和他並肩作戰是我的夢想～！","Сейчас я только в молодежной команде, но моя цель — стать сильнее и вступить в <txt:bold,2><txt:color,orange>Клуб «Тэян»</txt:bold></txt:color>! <wrt:wait,15><wrt:break><txt:wave,1>Я хочу играть вместе с ним!","Saya berada dalam pasukan remaja sekarang, tetapi apabila saya lebih baik, saya berazam untuk menyertai <txt:bold,2><txt:color,orange>Sun Volleyball Team</txt:bold></txt:color>! <wrt:wait,15><wrt:break><txt:wave,1>Impian saya untuk bermain di sisinya!","Tuy bây giờ còn là đội thanh thiếu niên, nhưng tôi sẽ trở nên mạnh mẽ hơn nữa và chắc chắn sẽ gia nhập <txt:bold,2><txt:color,orange>Đội Bóng Chuyền Mặt Trời</txt:bold></txt:color>! <wrt:wait,15><wrt:break><txt:wave,1>Vì ước mơ của tôi là được thi đấu bên cạnh chú ấy mà~!","¡Ahora estoy en el equipo juvenil, pero me volveré más fuerte y definitivamente entraré en el <txt:bold,2><txt:color,orange>Equipo de Voleibol Solar</txt:bold></txt:color>! <wrt:wait,15><wrt:break><txt:wave,1>¡Es mi sueño jugar a su lado!","Meski saat ini saya masih dalam tim remaja, namun saya pasti akan menjadi atlet yang pantas untuk bergabung dalam <txt:bold,2><txt:color,orange>Solar Volleyball Team</txt:bold></txt:color>! <wrt:wait,15><wrt:break><txt:wave,1>Sudah menjadi impian saya untuk dapat bertanding bersama disampingnya~!","ถึงตอนนี้จะยังเป็นทีมเยาวชน แต่ฉันจะแข็งแกร่งขึ้น แล้วเข้าไปอยู่ใน<txt:bold,2><txt:color,orange>กลุ่มวอลเลย์บอลดวงตะวัน</txt:bold></txt:color>ให้ได้เลยค่ะ! <wrt:wait,15><wrt:break><txt:wave,1>เพราะความฝันของฉัน คือการได้ลงเล่นเคียงข้างเขาค่ะ~!","Atualmente tô no time juvenil, mas quero ficar ainda mais forte e entrar para o <txt:bold,2><txt:color,orange>Clube de Vôlei Sol</txt:bold></txt:color>! <wrt:wait,15><wrt:break><txt:wave,1>É meu sonho jogar ao lado do Oásis!"
,,B,리시아,,1_후후,,,"후후... 그래서 그런데, 시우 선수. 혹시 우리 <txt:bold,2><txt:color,orange>선 리시버스</txt:bold></txt:color>와도 경기를 해볼 생각 없어요? <wrt:wait,15><wrt:break>대지고와 같은 강한 팀과 대결하면 분명 좋은 경험일 거에요!","Hehe... So, Siwoo, would you be interested in a game with my team, <txt:bold,2><txt:color,orange>Sun Receivers</txt:bold></txt:color>? <wrt:wait,15><wrt:break>It’ll be a good experience for us to play with a good team like Terra High!","ふふ‥それでなんですけど、新さん、私たち<txt:bold,2><txt:color,orange>サンレシーバーズ</txt:bold></txt:color>とも対戦してみませんか？<wrt:wait,15><wrt:break>大地高校みたいな強豪チームとの試合はいい経験になると思うんです！","呵呵...对了时宇选手。你有兴趣和我们<txt:bold,2><txt:color,orange>承曦队</txt:bold></txt:color>也来一场吗？<wrt:wait,15><wrt:break>和大地高中这样的强队较量，肯定会是很好的经验！","呵呵...對了，時宇選手。你有興趣和我們<txt:bold,2><txt:color,orange>承曦隊</txt:bold></txt:color>也來一場嗎？<wrt:wait,15><wrt:break>能和大地高中這樣的強隊較量，肯定會是很好的經驗！","Ну да ладно. Шиу, ты не думал сыграть против <txt:bold,2><txt:color,orange>«Сан Рисиверс»</txt:bold></txt:color>? <wrt:wait,15><wrt:break>Я уверена, это станет полезным опытом, ведь обе команды отлично играют.","Hehe... Jadi, Siwoo, nak cuba berlawan dengan pasukan <txt:bold,2><txt:color,orange>Sun Receivers</txt:bold></txt:color> kami juga? <wrt:wait,15><wrt:break>Mesti jadi pengalaman yang bagus kalau dapat lawan pasukan kuat macam Terra High!","Ha ha... Mà này, cầu thủ Siwoo. Cậu có muốn thử đấu với đội <txt:bold,2><txt:color,orange>Sun Receivers</txt:bold></txt:color> của tôi không? <wrt:wait,15><wrt:break>Được đối đầu với một đội mạnh như đội Trường THPT Đại Địa chắc chắn sẽ là một trải nghiệm rất tốt!","Así que... Siwoo, ¿te gustaría jugar un partido contra nuestro equipo <txt:bold,2><txt:color,orange>Sun Receivers</txt:bold></txt:color>? <wrt:wait,15><wrt:break>Sería una gran experiencia enfrentarse a un equipo fuerte como el de la Escuela Daeji.","Huhuhu... Oleh sebab itu, Atlet Siwoo. Bagaimana kalau tim Anda bertanding melawan <txt:bold,2><txt:color,orange>Sun Receiver</txt:bold></txt:color> juga? <wrt:wait,15><wrt:break>Saya rasa dengan bertanding melawan tim kuat seperti SMA DaeJi akan memberikan pengalaman yang baik untuk kita!","ฮิฮิ... เพราะฉะนั้น คุณนักกีฬาชีอูคะ อยากมาลองแข่งกับ<txt:bold,2><txt:color,orange>ซันรีซีฟเวอร์</txt:bold></txt:color>ดูหน่อยไหมคะ? <wrt:wait,15><wrt:break>ถ้าได้ปะทะกับทีมเก่งๆ อย่างมัธยมแดจีล่ะก็ ต้องเป็นประสบการณ์ที่ดีมากแน่เลยค่ะ!","Falando nisso, Siwoo, você já pensou em enfrentar o nosso time, os <txt:bold,2><txt:color,orange>Sun Receivers</txt:bold></txt:color>? <wrt:wait,15><wrt:break>Jogar contra equipes fortes como o Colégio Daeji certamente seria uma ótima experiência!"
,,B-1,백시우,,1_기본,pause,,"경기라... 네 뭐, 좋죠.","A game with you? Sure, we can.",試合か‥まぁいいですよ。,比赛啊...嗯，可以啊。,比賽啊...嗯，可以啊。,"Сыграть против «Сан Рисиверс»? Ну... Да, можно.","Berlawan, ya... Boleh, saya okey.","Đấu một trận à?... Vâng, cũng được ạ.","¿Un partido...? Claro, suena bien.","Pertandingan... Iya, Baiklah.",แข่งกันงั้นเหรอ... ก็ได้นะครับ,"Okay, por que não?"
,,B-1,리시아,,1_웃음,,,"어라라, 다소 수동적인 자세네요. 하지만 좋아요~!","Oh, not exactly brimming with enthusiasm, are you? But that's okay!",あれ、何か乗り気じゃなさそうですね。でもありがとうございます！,啊啦啦，态度有点被动呢。不过没关系～！,哎呀，你的態度有點被動呢。不過沒關係～！,"Эй, что за вялая реакция? Ну ничего!","Oh, awak agak pasif. Tetapi tidak mengapa!","Ồ, sao thái độ nghe hơi thụ động thế nhỉ. Nhưng vậy cũng được~!","¡Oh, una respuesta algo pasiva! Pero está bien.","Hmmmm, jawaban Anda terlihat sangat pasif. Tapi tak apalah~!",ตายจริง ช่างเป็นท่าทีที่แอบเฉื่อยชาจังนะคะ แต่ก็ดีค่ะ~!,"Hmm, parece ter hesitado um pouco, hein, mas não tem problema!"
,,B-1,리시아,,1_기본,,,"우린 <txt:bold,2><txt:color,orange>샌드 서퍼스</txt:bold></txt:color>와는 차원이 다르게 강한 팀일 거라 먼저 경고해둘게요. <wrt:wait,15><wrt:break>그치만 그만큼 즐거울 거예요~!","We’re on another level compared to the <txt:bold,2><txt:color,orange>Sand Surfers</txt:bold></txt:color>, I should warn you. <wrt:wait,15><wrt:break>But we’ll also be that much more fun to face!","私たちは<txt:bold,2><txt:color,orange>サンドサーファーズ</txt:bold></txt:color>とはレベルが違うくらい強いから、覚悟してくださいね！<wrt:wait,15><wrt:break>でもその分楽しいですよ！","我先提醒你，我们可比<txt:bold,2><txt:color,orange>逐浪者队</txt:bold></txt:color>强多了。<wrt:wait,15><wrt:break>不过正因如此，才会更有趣～！","先提醒你，我們可比<txt:bold,2><txt:color,orange>逐浪者隊</txt:bold></txt:color>強多了。<wrt:wait,15><wrt:break>不過正因如此，才會更有趣～！","Сразу предупреждаю: мы намного сильнее <txt:bold,2><txt:color,orange>«Сэнд Сёрферс»</txt:bold></txt:color>.<wrt:wait,15><wrt:break>Зато и играть будет интереснее!","Kami berada pada tahap yang lain berbanding <txt:bold,2><txt:color,orange>Sand Surfers</txt:bold></txt:color>, saya harus memberi amaran kepada anda. <wrt:wait,15><wrt:break>Tetapi kami juga akan menjadi lebih seronok untuk dihadapi!","Chúng tôi là một đội mạnh hơn hẳn <txt:bold,2><txt:color,orange>Sand Surfers</txt:bold></txt:color> đấy, tôi xin báo trước nhé. <wrt:wait,15><wrt:break>Nhưng bù lại sẽ rất vui đấy~!","Te advierto que somos un equipo mucho más fuerte que <txt:bold,2><txt:color,orange>Sand Surfers</txt:bold></txt:color>. <wrt:wait,15><wrt:break>¡Pero será muy divertido!","Saya ingatkan dulu, tim kami jauh lebih kuat daripada <txt:bold,2><txt:color,orange>Sand Surf</txt:bold></txt:color>. <wrt:wait,15><wrt:break>Tapi justru itu yang akan membuatnya lebih seru~!","ฉันขอเตือนไว้ก่อนเลยนะคะ ว่าเราเป็นทีมสุดแกร่งคนละระดับกับ<txt:bold,2><txt:color,orange>แซนด์เซิร์ฟเฟอร์</txt:bold></txt:color> <wrt:wait,15><wrt:break>แต่มันก็จะต้องสนุกมากแน่นอนค่ะ~!","Vou avisar de antemão que somos um time muito mais forte do que os <txt:bold,2><txt:color,orange>Sand Surfers</txt:bold></txt:color>. <wrt:wait,15><wrt:break>Mas vai ser tão divertido quanto desafiador!"
,,B-2,백시우,,1_웃음,,,경기라! 듣던 중 반가운 이야기네요!,A game with you? I thought you’d never ask!,試合か！もちろんいいですよ！,比赛！正合我意！,比賽！正合我意，太好了！,Мне становится весело уже от одной мысли о матче!,Nak berlawan? Itu yang saya nak dengar!,Đấu một trận! Mới nghe thôi em đã thấy thích rồi!,¡Un partido! ¡Eso suena genial!,Pertandingan! Ide yang bagus!,แข่งกันงั้นเหรอ! นั่นแหละครับที่ผมอยากได้ยิน!,Um jogo? Que ótima notícia!
,,B-2,리시아,,1_후후,,,"후후, 역시 제가 사람을 잘못 본 건 아닌가봐요, 열정 넘치는 모습이 멋진걸요? <wrt:break><wrt:wait,15>어쩌면 <txt:bold,2><txt:color,orange>오아시스</txt:bold></txt:color>의 모습이 조금 보일지도...?","Hehe, I knew I had an eye for people. You wear your passion on your sleeve! <wrt:break><wrt:wait,15>You almost remind me of <txt:bold,2><txt:color,orange>Oasis</txt:bold></txt:color>...","ふふ、やっぱり私の目に狂いはなかったですね。情熱があってステキです！<wrt:break><wrt:wait,15>ちょっとだけ<txt:bold,2><txt:color,orange>オアシス</txt:bold></txt:color>の姿が垣間見えるかも‥？","呵呵，看来我没看错人，充满热情的样子真帅！<wrt:break><wrt:wait,15>说不定...<txt:bold,2><txt:color,orange>绿洲</txt:bold></txt:color>的风范，也能在你身上看到一点呢？","呵呵，看來我沒看錯人，充滿熱情的樣子真帥氣！<wrt:break><wrt:wait,15>說不定...在你身上也能看到些許<txt:bold,2><txt:color,orange>綠洲</txt:bold></txt:color>的風範呢？","Хо-хо, как хорошо, что я не ошиблась в тебе! <wrt:break><wrt:wait,15>Мне даже кажется, в тебе есть что-то от <txt:bold,2><txt:color,orange>Оазиса</txt:bold></txt:color>...?","Hehe, memang saya tak tersalah menilai orang. Menarik betul semangat kamu itu! <wrt:break><wrt:wait,15>Mungkin ada sedikit bayangan <txt:bold,2><txt:color,orange>Oasis</txt:bold></txt:color> pada kamu...?","Ha ha, quả nhiên tôi đã nhìn người không nhầm mà, trông cậu đầy nhiệt huyết thật đấy! <wrt:break><wrt:wait,15>Biết đâu còn có chút giống <txt:bold,2><txt:color,orange>Oasis</txt:bold></txt:color> nữa...?","¡Jaja, parece que no me equivoqué contigo! Tienes una actitud apasionada y admirable. <wrt:break><wrt:wait,15>¿Quizás veamos un poco del Sr. <txt:bold,2><txt:color,orange>Oasis</txt:bold></txt:color> en ti...?","Huhuhu, sepertinya saya tidak salah dalam menilai orang, saya suka orang bersemangat seperti itu! <wrt:break><wrt:wait,15>Saya dapat melihat sekilas sosok <txt:bold,2><txt:color,orange>Oasis</txt:bold></txt:color> dari diri Anda...!","ฮิฮิ ฉันมองคนออกจริงๆ ด้วยสินะคะ ท่าทางที่เต็มไปด้วยความมุ่งมั่นแบบนั้นก็เท่ดีนะคะ <wrt:break><wrt:wait,15>แอบคล้ายกับท่าทางของ<txt:bold,2><txt:color,orange>โอเอซิส</txt:bold></txt:color>นิดหน่อยด้วยแฮะ ...?","Hehe, como esperado. Seu entusiasmo é admirável. <wrt:break><wrt:wait,15>Você me faz lembrar um pouco o <txt:bold,2><txt:color,orange>Oásis</txt:bold></txt:color>..."
,,B-2,리시아,,1_기본,,,"좋아요! <txt:bold,2><txt:color,orange>샌드 서퍼스</txt:bold></txt:color>와는 차원이 다르게 강한 모습, 보여드리죠!","Great! But we’re gonna bring a much harder game than the <txt:bold,2><txt:color,orange>Sand Surfers</txt:bold></txt:color>, Siwoo!","じゃあ、<txt:bold,2><txt:color,orange>サンドサーファーズ</txt:bold></txt:color>とはレベルの違う強さを見せてあげますね！","太棒了！我会展现出和<txt:bold,2><txt:color,orange>逐浪者队</txt:bold></txt:color>完全不同级别的实力！","太好了！我會展現出和<txt:bold,2><txt:color,orange>逐浪者隊</txt:bold></txt:color>完全不同級別的實力！","Прекрасно! Ожидайте другой уровень по сравнению с<txt:bold,2><txt:color,orange> «Сэнд Сёрферс»</txt:bold></txt:color>!","Baiklah! Kami akan tunjukkan kekuatan yang jauh mengatasi <txt:bold,2><txt:color,orange>Sand Surfers</txt:bold></txt:color>!","Được đấy! Chúng tôi sẽ cho các cậu thấy thực lực vượt xa <txt:bold,2><txt:color,orange>Sand Surfers</txt:bold></txt:color>!","¡Perfecto! Te mostraremos que somos un equipo mucho más fuerte que <txt:bold,2><txt:color,orange>Sand Surfers</txt:bold></txt:color>!","Bagus! Saya akan perlihatkan kemampuan kami yang jauh lebih kuat dari <txt:bold,2><txt:color,orange>Sand Surf</txt:bold></txt:color>!","โอเคค่ะ! เดี๋ยวฉันจะแสดงให้เห็นว่าเราแข็งแกร่งคนละระดับกับ<txt:bold,2><txt:color,orange>แซนด์เซิร์ฟเฟอร์</txt:bold></txt:color>เลยล่ะค่ะ!","Ótimo! Vamos mostrar que estamos em um outro nível comparados aos <txt:bold,2><txt:color,orange>Sand Surfers</txt:bold></txt:color>!"
,,B-3,백시우,,1_무표정,,,"<txt:bold,2><txt:color,orange>샌드 서퍼스</txt:bold></txt:color>도 이긴 마당에 <txt:bold,2><txt:color,orange>선 리시버스</txt:bold></txt:color>라고 뭐가 다르지는 않을 것 같은데...","Well, I find it hard to believe the <txt:bold,2><txt:color,orange>Sun Receivers</txt:bold></txt:color> will be much different...","<txt:bold,2><txt:color,orange>サンドサーファーズ</txt:bold></txt:color>にも勝ったわけだし、余裕ですよ。","<txt:bold,2><txt:color,orange>逐浪者队</txt:bold></txt:color>都赢了，感觉<txt:bold,2><txt:color,orange>承曦队</txt:bold></txt:color>应该也没什么不同吧...","<txt:bold,2><txt:color,orange>逐浪者隊</txt:bold></txt:color>都能贏了，感覺<txt:bold,2><txt:color,orange>承曦隊</txt:bold></txt:color>應該也不會難到哪去吧...","Ну, раз уж мы одолели <txt:bold,2><txt:color,orange>«Сэнд Сёрферс»</txt:bold></txt:color>, не думаю, что с <txt:bold,2><txt:color,orange>«Сан Рисиверс»</txt:bold></txt:color> будет так трудно...","Kami dah kalahkan <txt:bold,2><txt:color,orange>Sand Surfers</txt:bold></txt:color>, jadi rasanya <txt:bold,2><txt:color,orange>Sun Receivers</txt:bold></txt:color> pun takkan jauh beza...","Chúng em thắng cả <txt:bold,2><txt:color,orange>Sand Surfers</txt:bold></txt:color> rồi thì với <txt:bold,2><txt:color,orange>Sun Receivers</txt:bold></txt:color> chắc cũng chẳng khác mấy đâu...","Si ya derrotamos a <txt:bold,2><txt:color,orange>Sand Surfers</txt:bold></txt:color>, no creo que el equipo <txt:bold,2><txt:color,orange>Sun Receivers</txt:bold></txt:color> sea muy diferente...","Kita telah menang melawan <txt:bold,2><txt:color,orange>Sand Surf</txt:bold></txt:color> dan aku rasa <txt:bold,2><txt:color,orange>Sun Receiver</txt:bold></txt:color> tidak akan jauh berbeda...","ในเมื่อชนะ<txt:bold,2><txt:color,orange>แซนด์เซิร์ฟเฟอร์</txt:bold></txt:color>มาแล้ว <txt:bold,2><txt:color,orange>ซันรีซีฟเวอร์</txt:bold></txt:color>ก็ไม่น่าจะต่างอะไรกันไหมนะ...","Já vencemos os <txt:bold,2><txt:color,orange>Sand Surfers</txt:bold></txt:color>, acho que não será muito diferente com os <txt:bold,2><txt:color,orange>Sun Receivers</txt:bold></txt:color>."
,,B-3,리시아,,1_기본,,,"어라라, 예상 외의 차가운 모습! 이건 조금 재밌네요~? <wrt:wait,15><wrt:break>하지만 자만하기는요! <txt:bold,2><txt:color,orange>선 리시버스</txt:bold></txt:color>는 차원이 다르게 강하단 말이죠?","Oh, that was colder than I expected! Hehe, this is amusing... <wrt:wait,15><wrt:break>But don’t get too cocky! <txt:bold,2><txt:color,orange>Sun Receivers</txt:bold></txt:color> are on a whole other level!","あら、予想外のクールさ！この反応は面白いですね！<wrt:wait,15><wrt:break>でも自惚れてはダメですよ！<txt:bold,2><txt:color,orange>サンレシーバーズ</txt:bold></txt:color>は強さのレベルが違いますから！","啊啦啦，没想到会是这么冷淡的反应！倒是挺有意思的～？<wrt:wait,15><wrt:break>不过可别太自大了！<txt:bold,2><txt:color,orange>承曦队</txt:bold></txt:color>的强大可不是一个级别的哦？","哎唷，沒想到會是這麼冷淡的反應！倒是挺有意思的～？<wrt:wait,15><wrt:break>不過可別太自傲了！<txt:bold,2><txt:color,orange>承曦隊</txt:bold></txt:color>的實力可是不容小覷的喔！","Ого, какой неожиданный ответ! Интересненько! <wrt:wait,15><wrt:break>Но не стоит зазнаваться! <txt:bold,2><txt:color,orange>«Сан Рисиверс»</txt:bold></txt:color> находится на абсолютно другом уровне!","Eh, tak sangka dingin pula jawapannya! Menarik juga ini~ <wrt:wait,15><wrt:break>Tapi jangan terlalu yakin! <txt:bold,2><txt:color,orange>Sun Receivers</txt:bold></txt:color> jauh lebih kuat, tahu?","Ồ, thái độ lạnh lùng bất ngờ ghê! Nghe mà thú vị quá~? <wrt:wait,15><wrt:break>Nhưng đừng tự mãn nhé! <txt:bold,2><txt:color,orange>Sun Receivers</txt:bold></txt:color> mạnh hơn nhiều lắm đấy!","¡Oh, una actitud fría e inesperada! ¡Esto es un poco emocionante! <wrt:wait,15><wrt:break>Pero no te confíes. <txt:bold,2><txt:color,orange>Sun Receivers</txt:bold></txt:color> es un equipo mucho más fuerte.","Wahhh, saya tidak mengira Anda mempunyai sikap dingin! Cukup menarik~! <wrt:wait,15><wrt:break>Namun jangan terlalu menyombongkan diri! Soalnya <txt:bold,2><txt:color,orange>Sun Receiver</txt:bold></txt:color> jauh lebih tangguh!","ตายจริง ท่าทางเย็นชาเหนือความคาดหมายแบบนั้น! ชักน่าสนุกขึ้นมาแล้วสิคะ~? <wrt:wait,15><wrt:break>แต่อย่าได้มั่นใจไปเลยค่ะ! เพราะ<txt:bold,2><txt:color,orange>ซันรีซีฟเวอร์</txt:bold></txt:color>น่ะ แข็งแกร่งแบบคนละระดับกันเลยนะคะ","Eiii! Não esperava esse lado frio de você! <wrt:wait,15><wrt:break>Mas não vamos nos deixar levar pelo orgulho. Nós, <txt:bold,2><txt:color,orange>Sun Receivers</txt:bold></txt:color>, somos fortes em um nível diferente."
,,B-3,리시아,,1_기본,,,그렇게 이야기한 걸 후회할 만큼의 실력을 보여드릴게요~!,"I’ll make you eat your words, Siwoo!",今の言葉、後悔させてあげます！,我会拿出让你后悔这么说的实力哦～！,我會讓你後悔說出這種話的，用實力狠狠打你臉～！,Мы заставим тебя пожалеть о своих словах!,Saya akan tunjukkan permainan yang buat kamu menyesal cakap begitu~!,Tôi sẽ cho cậu thấy kỹ năng khiến cậu hối hận vì đã nói vậy đấy~!,¡Te mostraré habilidades que te harán arrepentirte de tus palabras!,Saya akan membuat Anda menyesali perkataan Anda dengan kemampuan saya~!,ฉันจะโชว์ฝีมือให้คุณได้เห็น จนคุณต้องเสียใจที่พูดแบบนั้นออกมาเลยค่ะ~!,Você vai se arrepender de ter dito isso quando eu mostrar minhas habilidades!
,,,리시아,,1_후후,,shy,"실은... 이미 위에 이야기해둬서, 며칠 뒤 경기를 하는 걸로 확정되었어요~! <wrt:wait,15><wrt:break><wrt:delay,5><txt:size,-2>미리 동의를 구해야 했던 게 맞지만... </wrt:delay></txt:size><txt:wave,1>후후, 이 정도는 애교로 봐주세요~","To be honest, though, I talked to the counselor ahead of time and had our match scheduled in a few days...! <wrt:wait,15><wrt:break><wrt:delay,5><txt:size,-2>I still had to get your consent, but... </wrt:delay></txt:size><txt:wave,1>Hehe, you won’t get mad at li’l ol’ me, will you?","実は‥もう上に話を通してて、数日後に試合をするのが確定してるんです！<wrt:wait,15><wrt:break><wrt:delay,5><txt:size,-2>予め同意を得るべきだったんでしょうけど‥<wrt:break></wrt:delay></txt:size><txt:wave,1>ふふ、この程度は許してくださいね！","其实...我已经和上面说好了，过几天就有比赛了～！<wrt:wait,15><wrt:break><wrt:delay,5><txt:size,-2>本该提前征求你同意的...</wrt:delay></txt:size><txt:wave,1>呵呵，就当是我的任性吧～","其實...我已經和上面說好了，過幾天就確定比賽了～！<wrt:wait,15><wrt:break><wrt:delay,5><txt:size,-2>本該提前徵求你同意的...</wrt:delay></txt:size><txt:wave,1>呵呵，就當是我的任性吧～","На самом деле, я уже обо всем договорилась, поэтому матч состоится через пару дней! <wrt:wait,15><wrt:break><wrt:delay,5><txt:size,-2>Да, стоило сначала спросить тебя... </wrt:delay></txt:size><txt:wave,1>Но ты ведь простишь мне эту маленькую вольность?","Sebenarnya... saya dah beritahu pihak penganjur, jadi perlawanan kita beberapa hari lagi dah pun ditetapkan~! <wrt:wait,15><wrt:break><wrt:delay,5><txt:size,-2>Memang patut saya minta persetujuan kamu dulu, tapi... </wrt:delay></txt:size><txt:wave,1>Hehe, maafkanlah saya sekali ini~","Thực ra... Tôi đã thảo luận với BTC rồi, và trận đấu giữa chúng ta đã được xác nhận sẽ diễn ra sau vài ngày nữa rồi~! <wrt:wait,15><wrt:break><wrt:delay,5><txt:size,-2>Đáng lẽ phải xin ý kiến cậu trước mới phải... </wrt:delay></txt:size><txt:wave,1>Ha ha, nhưng hãy cứ coi như tôi đang làm nũng với cậu vậy~","La verdad es que... ya hablé con los organizadores y el partido está confirmado para dentro de unos días. <wrt:wait,15><wrt:break><wrt:delay,5><txt:size,-2>Lo correcto hubiera sido pedir tu consentimiento antes... </wrt:delay></txt:size><txt:wave,1>Jeje, pero haz la vista gorda esta vez, ¿sí?","Sebenarnya... saya sudah bicara dengan penyelenggara, dan pertandingan kita sudah dipastikan berlangsung beberapa hari lagi~! <wrt:wait,15><wrt:break><wrt:delay,5><txt:size,-2>Memang seharusnya saya minta persetujuan dulu... </wrt:delay></txt:size><txt:wave,1>Hehe, anggap saja saya sedang sedikit manja, ya~","ความจริง... เรื่องนี้น่ะ ฉันขอเบื้องบนไว้ก่อนแล้ว ซึ่งก็ได้รับการคอนเฟิร์มว่าเราจะแข่งกันในอีกไม่กี่วันหลังจากนี้ค่ะ~! <wrt:wait,15><wrt:break><wrt:delay,5><txt:size,-2>ถึงฉันควรจะมาขอความเห็นชอบจากคุณก่อนก็เถอะ... </wrt:delay></txt:size><txt:wave,1>ฮิฮิ เอ็นดูแล้วหยวนๆ ให้ฉันสักครั้งนะคะ~","Na verdade, já conversei com os administradores sobre isso. Nosso jogo está confirmado para daqui a alguns dias! <wrt:wait,15><wrt:break><wrt:delay,5><txt:size,-2>Deveria ter perguntado antes, mas... </wrt:delay></txt:size><txt:wave,1>Hehe!"
,,,백시우,,1_정적,pause,silent,"<txt:color,grey>(아하하... 재밌는 사람이네.)","<txt:color,grey>(Haha... she’s a trip.)","<txt:color,grey>(あはは‥おもしろい人だな)","<txt:color,grey>(哈哈哈...有意思的人啊。)","<txt:color,grey>(哈哈哈...她挺有意思。)","<txt:color,grey>(Ха-ха, какая своеобразная.)","<txt:color,grey>(Hahaha... Menarik juga orangnya.)","<txt:color,grey>(Ha ha ha... Đúng là một cô gái thú vị)","<txt:color,grey>(Ajaja... es una persona interesante.)","<txt:color,grey>(Hahaha... Orangnya menarik juga.)","<txt:color,grey>(ฮะฮะ... ช่างเป็นคนที่ตลกดีแฮะ)","<txt:color,grey>(Haha... é uma pessoa divertida.)"
,,,리시아,,1_웃음,wave,,"<sys:sfx,반짝_1>걱정 마요, 즐거운 경기가 될 거라 약속할게요. <wrt:wait,15><wrt:break>그럼! 경기 날 봐요~","<sys:sfx,반짝_1>Don’t worry, I promise it’ll be a fun game. <wrt:wait,15><wrt:break>All right, see you on the day of our match!","<sys:sfx,반짝_1>大丈夫。きっと楽しい試合になるから。<wrt:wait,15><wrt:break>じゃあ、また試合で会いましょう！","<sys:sfx,반짝_1>别担心，我保证会是一场愉快的比赛。<wrt:wait,15><wrt:break>那么！比赛那天见～","<sys:sfx,반짝_1>別擔心，我保證會是一場愉快的比賽。<wrt:wait,15><wrt:break>那麼！比賽當天見囉～","<sys:sfx,반짝_1>Не переживай, я обещаю увлекательную игру! <wrt:wait,15><wrt:break>Что же, увидимся на соревновании!","<sys:sfx,반짝_1>Jangan risau, saya berjanji ia akan menjadi permainan yang menyeronokkan. <wrt:wait,15><wrt:break>Baiklah, jumpa anda pada hari perlawanan kami!","<sys:sfx,반짝_1>Đừng lo, tôi hứa đây sẽ là một trận đấu vui vẻ mà. <wrt:wait,15><wrt:break>Vậy nhé! Hẹn gặp lại cậu vào ngày thi đấu~","<sys:sfx,반짝_1>No te preocupes, te prometo que será un partido divertido. <wrt:wait,15><wrt:break>¡Nos vemos el día del partido!","<sys:sfx,반짝_1>Namun tenang saja, saya berjanji bahwa ini akan menjadi pertandingan yang menyenangkan. <wrt:wait,15><wrt:break>Kalau begitu! Sampai jumpa nanti~","<sys:sfx,반짝_1>ไม่ต้องกังวลนะคะ ฉันสัญญาว่ามันจะเป็นการแข่งที่สนุกเลยค่ะ <wrt:wait,15><wrt:break>ถ้างั้น! ไว้เจอกันวันแข่งนะคะ~","<sys:sfx,반짝_1>Não se preocupe, prometo que será um jogo divertido. <wrt:wait,15><wrt:break>Então! Vejo você no dia do jogo!"
3,경기 전,#,MAP,,,,,바다,바다,바다,바다,바다,바다,바다,바다,바다,바다,바다,바다
,,#,BGM,,,,,BGM_WIND_BLOWING,BGM_WIND_BLOWING,BGM_WIND_BLOWING,BGM_WIND_BLOWING,BGM_WIND_BLOWING,BGM_WIND_BLOWING,BGM_WIND_BLOWING,BGM_WIND_BLOWING,BGM_WIND_BLOWING,BGM_WIND_BLOWING,BGM_WIND_BLOWING,BGM_WIND_BLOWING
,,#,오아시스,2,1_기본,,,,,,,,,,,,,,
,,#,백시우,-2,1_기본,,,,,,,,,,,,,,
,,#,정다희,-1,-1_기본,,,,,,,,,,,,,,
,,#,남재현,4,1_기본,,,,,,,,,,,,,,
,,#,윤빈,4,1_무표정,,,,,,,,,,,,,,
,,,-,,,,,"<txt:bold,3><txt:color,grey>~한적한 아침의 모래사장~","<txt:bold,3><txt:color,grey>A tranquil morning on the sand court...","<txt:bold,3><txt:color,grey>～静かな朝の砂浜～","<txt:bold,3><txt:color,grey>～寂静的清晨沙滩～","<txt:bold,3><txt:color,grey>～寂靜的早晨沙灘～","<txt:bold,3><txt:color,grey>Песочный пляж спокойным утром","<txt:bold,3><txt:color,grey>Suatu pagi yang tenang di gelanggang pasir...","<txt:bold,3><txt:color,grey>~Bãi biển vắng vẻ vào buổi sáng~","<txt:bold,3><txt:color,grey>Una mañana tranquila en la playa","<txt:bold,3><txt:color,grey>~Pagi hari sunyi di Pantai Pasir~","<txt:bold,3><txt:color,grey>~หาดทรายยามเช้าแสนสงบ~","<txt:bold,3><txt:color,grey>Numa manhã tranquila na praia..."
,,,오아시스,,1_기본,,,"<txt:size,2><txt:wave,1>모두들 반가워! </txt:size></txt:wave>오늘 아침도 날이 화창하니 좋지? <wrt:wait,15><wrt:break> 오늘은 특별히 <txt:color,orange><txt:bold,2>아티스</txt:bold></txt:color> 대신 내가 코치 대행으로 왔어!","<txt:size,2><txt:wave,1>Good morning, everyone! </txt:size></txt:wave>Nice sunny weather we have today! <wrt:wait,15><wrt:break> I am taking <txt:color,orange><txt:bold,2>Atis</txt:bold></txt:color>’s place as coach for the day!","<txt:size,2><txt:wave,1>おはよう、みんな！</txt:size></txt:wave>今日も気持ちよく晴れてるね！<wrt:wait,15><wrt:break>今日は特別に<txt:color,orange><txt:bold,2>アティス</txt:bold></txt:color>に代わって、俺がコーチを務めるよ！","<txt:size,2><txt:wave,1>大家好啊！</txt:size></txt:wave>今天也是个阳光明媚的一天！<wrt:wait,15><wrt:break>今天呢，由我来代替<txt:color,orange><txt:bold,2>亚提斯</txt:bold></txt:color>当你们的教练！","<txt:size,2><txt:wave,1>大家好啊！</txt:size></txt:wave>早上的天氣真好啊！<wrt:wait,15><wrt:break>今天特別由我來代替<txt:color,orange><txt:bold,2>亞提斯</txt:bold></txt:color>擔任臨時教練！","<txt:size,2><txt:wave,1>Всем привет! </txt:size></txt:wave>Прекрасное утро, не так ли? <wrt:wait,15><wrt:break> Сегодня я буду заменять <txt:color,orange><txt:bold,2>Атиса</txt:bold></txt:color> на тренировках!","<txt:size,2><txt:wave,1>Selamat pagi, semua! </txt:size></txt:wave>Cerahnya cuaca pagi ini, kan? <wrt:wait,15><wrt:break>Hari ini saya menggantikan <txt:color,orange><txt:bold,2>Atis</txt:bold></txt:color> sebagai jurulatih!","<txt:size,2><txt:wave,1>Chào mọi người! </txt:size></txt:wave>Sáng nay trời cũng đẹp ghê ha? <wrt:wait,15><wrt:break> Hôm nay đặc biệt tôi sẽ làm huấn luyện viên thay cho <txt:color,orange><txt:bold,2>Atis</txt:bold></txt:color> đấy!","<txt:size,2><txt:wave,1>¡Hola a todos! </txt:size></txt:wave>El día de hoy es soleado y agradable, ¿no les parece? <wrt:wait,15><wrt:break>Hoy, en lugar de <txt:color,orange><txt:bold,2>Athis</txt:bold></txt:color>, yo estaré como entrenador substituto!","<txt:size,2><txt:wave,1>Apa kabar semuanya! </txt:size></txt:wave>Hari ini juga sangatlah cerah! <wrt:wait,15><wrt:break> Pada hari ini aku akan menggantikan <txt:color,orange><txt:bold,2>Atis</txt:bold></txt:color> sebagai Coach sementara!","<txt:size,2><txt:wave,1>สวัสดีทุกคน! </txt:size></txt:wave>อากาศเช้าวันนี้ก็แจ่มใสดีจังเลยเนอะ? <wrt:wait,15><wrt:break> วันนี้พิเศษหน่อย เพราะฉันมารับหน้าที่โค้ชแทน<txt:color,orange><txt:bold,2>เอทีซ</txt:bold></txt:color>ล่ะ!","<txt:size,2><txt:wave,1>Oi, pessoal! </txt:size></txt:wave>O dia está lindo hoje, não é mesmo? <wrt:wait,15><wrt:break>Tô aqui como treinador substituto no lugar do <txt:color,orange><txt:bold,2>Athis</txt:bold></txt:color>!"
,,,정다희,,-1_기본,pause,,"<cha:pop,정다희>어라, <txt:bold,2><txt:color,orange>오아시스</txt:bold></txt:color>닷!!!","<cha:pop,정다희>What? <txt:bold,2><txt:color,orange>Oasis</txt:bold></txt:color>?!","<cha:pop,정다희>あら、<txt:bold,2><txt:color,orange>オアシス</txt:bold></txt:color>選手じゃん！","<cha:pop,정다희>咦，是<txt:bold,2><txt:color,orange>绿洲</txt:bold></txt:color>！！！","<cha:pop,정다희>咦，是<txt:bold,2><txt:color,orange>綠洲</txt:bold></txt:color>！！","<cha:pop,정다희>Вау!! <txt:bold,2><txt:color,orange>Оазис</txt:bold></txt:color>!!!","<cha:pop,정다희>Apa? <txt:bold,2><txt:color,orange>Oasis</txt:bold></txt:color>?!","<cha:pop,정다희>Ơ kìa, <txt:bold,2><txt:color,orange>Oasis</txt:bold></txt:color>!!!","<cha:pop,정다희>¡Oh, es <txt:bold,2><txt:color,orange>Oasis</txt:bold></txt:color>!!!","<cha:pop,정다희>Wah, <txt:bold,2><txt:color,orange>Oasis</txt:bold></txt:color>!!!","<cha:pop,정다희>หืม <txt:bold,2><txt:color,orange>โอเอซิส</txt:bold></txt:color>นี่นา!!!","<cha:pop,정다희>Ah, é o <txt:bold,2><txt:color,orange>Oásis</txt:bold></txt:color>!"
,,,오아시스,,1_기본,,,"우선... 다들 오늘 밤에 캠프파이어가 진행된다는 건 알고 있지?<wrt:wait,15><wrt:break>그런만큼 오늘의 경기는 <txt:bold,2>자율 경기</txt:bold>야!","First off, you all know about the bonfire tonight, right?<wrt:wait,15><wrt:break> So today’s games are <txt:bold,2>freeform</txt:bold>!","まず‥今夜キャンプファイヤーがあるのは知ってるよね？<wrt:wait,15><wrt:break>ということで今日は<txt:bold,2>自由時間</txt:bold>だ！","首先...大家都知道今晚有篝火晚会吧？<wrt:wait,15><wrt:break>今天的比赛就是<txt:bold,2>自由赛</txt:bold>！","首先...大家都知道今晚有營火晚會吧？<wrt:wait,15><wrt:break>所以今天的比賽就是<txt:bold,2>自由賽</txt:bold>！","Все помнят, что вечером у нас запланированы посиделки у костра?<wrt:wait,15><wrt:break>Поэтому сегодня мы проведем <txt:bold,2>матчи по вашему выбору</txt:bold>!","Pertama sekali... semua tahu ada unggun api malam ini, kan?<wrt:wait,15><wrt:break>Jadi, hari ini kamu <txt:bold,2>bebas mengatur perlawanan sendiri</txt:bold>!","Trước hết... mọi người đều biết tối nay chúng ta sẽ có hoạt động đốt lửa trại rồi đúng không?<wrt:wait,15><wrt:break>Vì vậy, các trận đấu hôm nay sẽ là <txt:bold,2>tự do</txt:bold> nhé!","Primero... Todos saben que esta noche habrá una fogata, ¿verdad?<wrt:wait,15><wrt:break> Así que el partido de hoy será <txt:bold,2>un partido libre</txt:bold>.","Sebelumnya... Kalian semua tahu bahwa malam ini akan ada acara api unggun kan?<wrt:wait,15><wrt:break>Oleh sebab itu juga pertandingan hari ini adalah <txt:bold,2>Pertandingan bebas</txt:bold>!","ก่อนอื่น... ทุกคนรู้ใช่ไหมว่าคืนนี้เราจะมีการจัดแคมป์ไฟ?<wrt:wait,15><wrt:break>ดังนั้นการแข่งวันนี้ก็จะ<txt:bold,2>แข่งแบบอิสระ</txt:bold>นะ!","Primeiramente, todos sabem que teremos uma fogueira hoje à noite, certo? <wrt:wait,15><wrt:break>Por isso, hoje vocês <txt:bold,2>poderão jogar com quem quiserem</txt:bold>!"
,,,오아시스,,1_기본,,,"각자 평소엔 경기할 일이 없는 팀을 찾아가 경기를 요청해도 되고, 오늘 하루 푹 쉬어도 되고. <wrt:wait,15><wrt:break>자유롭게 진행하도록 해~","You get to ask a team you haven’t played with for a match, or you can just relax for the day. <wrt:wait,15><wrt:break>Do whatever you want!","今まで試合できなかったチームに対戦を申し込んでもいいし、休憩してもいいし、<wrt:wait,15><wrt:break>今日は自由に過ごしてくれ！","可以随意找一支平时没机会交手的队伍申请比赛，或者也可以休息一整天。<wrt:wait,15><wrt:break>随便安排吧～","可以邀請平時沒機會交手的隊伍進行比賽，也可以休息一整天。<wrt:wait,15><wrt:break>自由安排～","Можете предложить сыграть команде, с которой обычно не встречаетесь, а можете весь день отдыхать.<wrt:wait,15><wrt:break>Решайте сами!","Anda boleh bertanya kepada pasukan yang belum pernah anda mainkan untuk perlawanan, atau anda boleh berehat untuk hari itu. <wrt:wait,15><wrt:break>Buat apa sahaja yang anda mahu!","Mỗi người có thể tìm đến một đội mình chưa từng đấu để thách đấu, hoặc cũng có thể nghỉ ngơi cả ngày. <wrt:wait,15><wrt:break>Cứ thoải mái mà tham gia nhé~","Pueden buscar equipos con los que normalmente no juegan y pedir un partido, o pueden tomarse el día libre y descansar. <wrt:wait,15><wrt:break>¡Es libre para todos!","Kalian boleh mencari lawan yang ingin kalian hadapi sebelumnya, atau boleh kalau mau beristirahat juga. <wrt:wait,15><wrt:break>Mainlah dengan bebas~","จะลองไปขอแข่งกับทีมที่ไม่มีโอกาสได้แข่งกันในตอนปกติ หรือจะพักผ่อนเฉยๆ ทั้งวันก็ได้ <wrt:wait,15><wrt:break>ตามสบายกันได้เลย~","Vocês podem jogar contra equipes diferentes ou simplesmente descansar o dia todo. <wrt:wait,15><wrt:break>Fiquem à vontade."
,,,오아시스,,1_기본,,,"나는 개인적으로 물놀이를 추천하기는 해, <txt:wave,1>이곳 바다는 무척이나 아름다우니까!","Personally, I recommend enjoying the water. <txt:wave,1>The ocean here is gorgeous!","個人的には水遊びがおすすめかな？<txt:wave,1>ここの海はとても綺麗だからね！","我个人是推荐玩水，<txt:wave,1>因为这里的海非常美丽！","我個人是推薦水上活動，<txt:wave,1>因為這裡的海景非常美麗！","Я лично советую водные игры, <txt:wave,1> ведь здесь просто потрясающее море!","Secara peribadi, saya cadangkan menikmati air. <txt:wave,1>Lautan di sini sungguh cantik!","Cá nhân tôi thì khuyên các bạn nên đi bơi, vì <txt:wave,1>bãi biển này đẹp vô cùng!","Personalmente, recomiendo nadar un poco, <txt:wave,1>¡este mar es muy hermoso!","Aku sendiri sangat merekomendasikan untuk main air, <txt:wave,1>karena laut disini sangat indah!","ส่วนตัวแล้วฉันขอแนะนำให้เล่นน้ำนะ <txt:wave,1>เพราะทะเลที่นี่สวยสุดๆ ไปเลยยังไงล่ะ!","Eu, particularmente, sugiro aproveitar o mar, <txt:wave,1>já que a praia aqui é linda!"
,,,오아시스,,1_기본,wave,joy,"<txt:size,2>그럼, 모두 오늘이 꿈 같은 하루가 되길 바랄게!","<txt:size,2>Okay, now have the time of your lives today!","<txt:size,2>では、今日がみんなにとって<wrt:break>夢のような一日になることを願ってるよ！","<txt:size,2>那，祝大家今天都能度过如梦似幻的一天！","<txt:size,2>那就祝大家今天都能度過如夢似幻的一天！","<txt:size,2>Желаю всем фантастического дня!","<txt:size,2>Semoga kamu semua menikmati hari yang indah bagai mimpi!","<txt:size,2>Nào, chúc mọi người có một ngày tuyệt như mơ nhé!","<txt:size,2>¡Entonces, espero que todos tengan un día de ensueño!","<txt:size,2>Kalau begitu, aku harap hari ini akan menjadi hari yang indah!","<txt:size,2>ถ้างั้นก็ขอให้เป็นวันที่แฮปปี้นะทุกคน!","<txt:size,2>Que o dia de todos seja tão bom quanto um sonho!"
,,A,정다희,,1_기본,,,"<cha:pos,오아시스,4><cha:pos,정다희,2>흐음, <txt:bold,2>자율 경기</txt:bold>라니! 고민이 되는걸... <wrt:wait,15><wrt:break>넌 어때 시우야? 나는 어느 쪽이든 좋아!","<cha:pos,오아시스,4><cha:pos,정다희,2>Hmm, <txt:bold,2>freeform</txt:bold>, huh? I wonder what we should do... <wrt:wait,15><wrt:break>Siwoo, what do you think? I’m fine either way!","<cha:pos,오아시스,4><cha:pos,정다희,2>んー、<txt:bold,2>自由時間</txt:bold>か！悩んじゃうな‥<wrt:wait,15><wrt:break>新はどうしたい？私はどっちでもいいよ！","<cha:pos,오아시스,4><cha:pos,정다희,2>嗯，<txt:bold,2>自由赛</txt:bold>啊！让人纠结...<wrt:wait,15><wrt:break>你觉得呢时宇？我都可以哦！","<cha:pos,오아시스,4><cha:pos,정다희,2>哼嗯...<txt:bold,2>自由賽</txt:bold>啊！讓人糾結...<wrt:wait,15><wrt:break>你覺得呢時宇？我兩個都喜歡喔！","<cha:pos,오아시스,4><cha:pos,정다희,2>Хм-м, <txt:bold,2>матчи по нашему выбору</txt:bold>?! Я даже не знаю... <wrt:wait,15><wrt:break>А ты что думаешь, Шиу? Я приму любое предложение!","<cha:pos,오아시스,4><cha:pos,정다희,2>Hmm, <txt:bold,2>bebas pilih perlawanan</txt:bold>! Susah juga nak pilih... <wrt:wait,15><wrt:break>Apa pendapat kamu, Siwoo? Saya okey saja sama ada nak main atau berehat!","<cha:pos,오아시스,4><cha:pos,정다희,2>Ừm, <txt:bold,2>trận đấu tự do</txt:bold> cơ đấy! Phải suy nghĩ đây... <wrt:wait,15><wrt:break>Siwoo thấy sao? Tớ thì thế nào cũng được!","<cha:pos,오아시스,4><cha:pos,정다희,2>Hmmm, ¡un <txt:bold,2>partido libre</txt:bold>! Es una decisión difícil... <wrt:wait,15><wrt:break>¿Qué te parece, Siwoo? A mí me da igual!","<cha:pos,오아시스,4><cha:pos,정다희,2>Hmmm, <txt:bold,2>pertandingan bebas</txt:bold>! Aku jadi bingung... <wrt:wait,15><wrt:break>Siwoo bagaimana denganmu? Aku akan mengikuti keputusanmu!","<cha:pos,오아시스,4><cha:pos,정다희,2>อืม <txt:bold,2>แข่งแบบอิสระ</txt:bold>งั้นเหรอ! คิดหนักเลยแฮะ... <wrt:wait,15><wrt:break>นายจะเอาไงเหรอ ชีอู? ฉันน่ะได้หมดแหละ!","<cha:pos,오아시스,4><cha:pos,정다희,2>Hmm, temos um <txt:bold,2>dia livre</txt:bold>! Vamos ver... <wrt:wait,15><wrt:break>E você, Siwoo? O que você quer fazer hoje?"
,,A-1,백시우,,1_웃음,wave,,오늘은 모처럼이니 쉬자~,Maybe we should just relax today.,せっかくだから今日は休もう！,今天难得，休息一下吧～,今天難得，休息一下吧～,Сегодня отдыхаем!,Mungkin kita patut berehat sahaja hari ini.,"Hôm nay được nghỉ rồi, chúng ta nghỉ ngơi đi~",Hoy es un buen día para relajarse,Bagaimana kalau kita beristirahat selagi bisa~,วันนี้เรามาพักผ่อนกันเถอะ~,Que tal descansarmos hoje?
,,A-1,정다희,,2_헤헤,wave,joy,"헤헤, 그럴까나~? 나도 오랜만에 바닷가 탐방을 해보고 싶긴 했어!","Hehe, should we? I have been wanting to do a li’l exploring along the coastline.",へへ、そうしよっか。私も久しぶりに海辺を探検してみたいし！,嘿嘿，那就休息一下～？其实我也想趁机好好逛逛沙滩呢！,嘿嘿，是嗎～？其實我也想趁機在海邊走走呢！,Думаешь? Я как раз хотела искупаться в море.,"Hehe, patut ke? Saya telah lama ingin menjelajah sepanjang pantai.","Hê hê, đúng thế không~? Tớ cũng muốn đi thám hiểm bờ biển từ lâu lắm rồi!","Jeje, ¿verdad? Hace mucho que quiero explorar la playa!","Hehe, baiklah~! Aku juga sudah lama tidak menjelajahi pantai!",ฮิฮิ เอางั้นเหรอ~? ฉันเองก็อยากลองไปสำรวจแถวชายทะเลอยู่เหมือนกัน!,"Hehe, okay! Faz um bom tempo que não venho à praia."
,,A-1,남재현,,1_기본,,,"<cha:pos,정다희,-1><cha:face,정다희,-2_어머><cha:pos,윤빈,1><cha:pos,남재현,2>뭐야, 나랑 경기하기로 한 약속은 잊은 거야? 섭섭한데.","<cha:pos,정다희,-1><cha:face,정다희,-2_어머><cha:pos,윤빈,1><cha:pos,남재현,2>What, you forgot you promised to play against me? How sad.","<cha:pos,정다희,-1><cha:face,정다희,-2_어머><cha:pos,윤빈,1><cha:pos,남재현,2>なんだよ、俺との約束は忘れたのか？寂しいな。","<cha:pos,정다희,-1><cha:face,정다희,-2_어머><cha:pos,윤빈,1><cha:pos,남재현,2>什么？难道你忘了和我比赛的约定吗？我好伤心啊。","<cha:pos,정다희,-1><cha:face,정다희,-2_어머><cha:pos,윤빈,1><cha:pos,남재현,2>什麼？你該不會忘記我們約好的比賽吧？真讓人失望耶。","<cha:pos,정다희,-1><cha:face,정다희,-2_어머><cha:pos,윤빈,1><cha:pos,남재현,2>Эй, вы что забыли про матч со мной? Как так?","<cha:pos,정다희,-1><cha:face,정다희,-2_어머><cha:pos,윤빈,1><cha:pos,남재현,2>Apa, awak lupa awak janji nak lawan saya? Alangkah sedihnya.","<cha:pos,정다희,-1><cha:face,정다희,-2_어머><cha:pos,윤빈,1><cha:pos,남재현,2>Này, cậu quên mất lời hứa sẽ đấu với tớ rồi à? Buồn ghê.","<cha:pos,정다희,-1><cha:face,정다희,-2_어머><cha:pos,윤빈,1><cha:pos,남재현,2>¿Qué? ¿Te olvidaste que íbamos a jugar un partido juntos? Estoy decepcionado.","<cha:pos,정다희,-1><cha:face,정다희,-2_어머><cha:pos,윤빈,1><cha:pos,남재현,2>Aduh, apa kalian sudah lupa janji untuk bertanding denganku? Aku merasa kecewa.","<cha:pos,정다희,-1><cha:face,정다희,-2_어머><cha:pos,윤빈,1><cha:pos,남재현,2>อะไรกัน ลืมที่สัญญาว่าจะแข่งกับฉันไปแล้วเหรอ? น้อยใจนะเนี่ย","<cha:pos,정다희,-1><cha:face,정다희,-2_어머><cha:pos,윤빈,1><cha:pos,남재현,2>Ei, você esqueceu que combinamos de jogar juntos? Agora fiquei um pouco chateado, hein."
,,A-1,남재현,,1_기본,,,"나는 <txt:bold,2>자율 경기</txt:bold>라고 할 때부터 너랑 하려고 생각했는데. 우리 매니저와도 이야기했거든.","I thought of you the second I heard <txt:bold,2>freeform match</txt:bold>. I already talked to our manager.","俺は<txt:bold,2>自由時間</txt:bold>の話が出た時からお前と試合しようと思って、マネージャーにも話しておいたのに。","我可是一听说<txt:bold,2>自由赛</txt:bold>就想找你们比赛了。都和我们经理说好了。","我可是一聽說<txt:bold,2>自由賽</txt:bold>就想找你們比賽了，還提前跟我們經理說好了呢。","Как только я услышал про <txt:bold,2>свободный выбор соперников</txt:bold>, сразу же подумал о тебе и даже менеджеру сказал!","Sejak dengar kita <txt:bold,2>bebas mengatur perlawanan</txt:bold>, saya dah fikir nak lawan kamu. Saya pun dah berbincang dengan pengurus kami.","Ngay khi nghe nói có <txt:bold,2>trận đấu tự do</txt:bold> tớ đã định rủ cậu rồi. Tớ cũng bàn với quản lý đội tớ luôn rồi.","Desde que dijeron <txt:bold,2>partido libre</txt:bold>, pensé en jugar contigo. Incluso hablé con nuestra mánager.","Sejak aku mendengar kata <txt:bold,2>Pertandingan bebas</txt:bold>, aku berniat untuk bertanding denganmu. Aku bahkan telah membicarakannya dengan manajer kami.","ฉันอุตส่าห์คิดไว้ว่าจะแข่งกับนาย ตั้งแต่ได้ยินคำว่า<txt:bold,2>แข่งแบบอิสระ</txt:bold>เลย ฉันคุยกับผู้จัดการทีมเราแล้วด้วยนะ","Desde que soube que hoje seria um <txt:bold,2>dia livre</txt:bold>, já estava planejando jogar com você. Inclusive, já conversei com a nossa supervisora sobre isso."
,,A-1,윤빈,,1_무표정,pause,,"<txt:color,grey>(끄덕)","<txt:color,grey>(nods)","<txt:color,grey>(こくり)","<txt:color,grey>(点头)","<txt:color,grey>(點頭)","<txt:color,grey>(Кивает)","<txt:color,grey>(mengangguk)","<txt:color,grey>(Gật đầu)","<txt:color,grey>(Asiente)","<txt:color,grey>(Mengangguk)","<txt:color,grey>(พยักหน้า)","<txt:color,grey>(Acenando com a cabeça)"
,,A-1,백시우,,1_기본,,exclam,"앗, <txt:bold,2><txt:color,orange>재현</txt:bold></txt:color>! 그리고... <wrt:wait,15><wrt:break>이쪽이 <txt:bold,2><txt:color,orange>하늘고</txt:bold></txt:color> 팀의 <txt:bold,2>매니저</txt:bold>겠구나. ...안녕!","Oh, <txt:bold,2><txt:color,orange>Jaehyun</txt:bold></txt:color>! And... <wrt:wait,15><wrt:break>you must be <txt:bold,2><txt:color,orange>Sky High</txt:bold></txt:color>’s <txt:bold,2>manager</txt:bold>... Hello!","あっ、<txt:bold,2><txt:color,orange>陵</txt:bold></txt:color>！えっと‥<wrt:wait,15><wrt:break>そちらが<txt:bold,2><txt:color,orange>天空高校</txt:bold></txt:color>チームの<txt:bold,2>マネージャー</txt:bold>さんか‥初めまして！","啊，<txt:bold,2><txt:color,orange>宰贤</txt:bold></txt:color>！还有...<wrt:wait,15><wrt:break>这位就是<txt:bold,2><txt:color,orange>天空高中</txt:bold></txt:color>队的<txt:bold,2>经理</txt:bold>吧。...你好！","啊，<txt:bold,2><txt:color,orange>宰賢</txt:bold></txt:color>！還有...<wrt:wait,15><wrt:break>這位就是<txt:bold,2><txt:color,orange>天空高中</txt:bold></txt:color>隊的<txt:bold,2>經理</txt:bold>吧。...你好！","А, <txt:bold,2><txt:color,orange>Чжэхён</txt:bold></txt:color>! А ты, <wrt:wait,15><wrt:break>кажется, <txt:bold,2>менеджер</txt:bold> в <txt:bold,2><txt:color,orange>старшей школе «Ханыль»</txt:bold></txt:color>. Привет!","Oh, <txt:bold,2><txt:color,orange>Jaehyun</txt:bold></txt:color>! Dan... <wrt:wait,15><wrt:break>ini mesti orang dari <txt:bold,2><txt:color,orange>Sky High</txt:bold></txt:color> yang jadi <txt:bold,2>pengurus</txt:bold> pasukan. ...Hai!","Ơ, <txt:bold,2><txt:color,orange>Jaehyeon</txt:bold></txt:color>! Và cả... <wrt:wait,15><wrt:break>Đây là <txt:bold,2>quản lý</txt:bold> đội <txt:bold,2><txt:color,orange>Trường THPT Thiên Thanh</txt:bold></txt:color> phải không nhỉ. ...Chào bạn!","¡Ah, <txt:bold,2><txt:color,orange>Jaehyun</txt:bold></txt:color>! Y... <wrt:wait,15><wrt:break>Esta debe ser la mánager del equipo de la <txt:bold,2><txt:color,orange>Escuela Haneul</txt:bold></txt:color>. ...¡Hola!","Aduh, <txt:bold,2><txt:color,orange>Jaehyeon</txt:bold></txt:color>! Dan juga... <wrt:wait,15><wrt:break>Sepertinya kamu <txt:bold,2>Manajer </txt:bold>dari tim <txt:bold,2><txt:color,orange>SMA Sky</txt:bold></txt:color>...Apa kabar!","โอ๊ะ <txt:bold,2><txt:color,orange>แจฮยอน</txt:bold></txt:color>! แล้วก็... <wrt:wait,15><wrt:break>เธอคงจะเป็น<txt:bold,2>ผู้จัดการ</txt:bold>ทีม<txt:bold,2><txt:color,orange>มัธยมนภากาศ</txt:bold></txt:color>สินะ ...หวัดดี!","Ah, <txt:bold,2><txt:color,orange>Jaehyun</txt:bold></txt:color>! E... <wrt:wait,15><wrt:break>ela deve ser a <txt:bold,2>supervisora</txt:bold> do time de vôlei do <txt:bold,2><txt:color,orange>Colégio Céu</txt:bold></txt:color>. Prazer!"
,,A-1,백시우,,1_기본,,,"하하, 나야 경기한다면 좋지! <wrt:wait,15><wrt:break>다희, 너는 어떻게 생각해?","Haha, we can have a game! <wrt:wait,15><wrt:break>Dahee, that okay with you?","はは、試合なら大歓迎だよ！<wrt:wait,15><wrt:break>夏希はどう？","哈哈，我很乐意比赛！<wrt:wait,15><wrt:break>多熙，你觉得呢？","哈哈，我很樂意參賽！<wrt:wait,15><wrt:break>多熙，妳覺得呢？","Ха-ха, я буду рад сыграть! <wrt:wait,15><wrt:break>Дахи, ты как думаешь?","Haha, kita boleh bertanding! <wrt:wait,15><wrt:break>Dahee, awak okay ke?","Ha ha, tớ cũng đồng ý thi đấu đấy! <wrt:wait,15><wrt:break>Dahee, cậu thấy sao?","Jaja, me encantaría jugar un partido. <wrt:wait,15><wrt:break>Dahee, ¿qué opinas tú?","Hahaha, aku tidak masalah kalau kamu ingin bertanding! <wrt:wait,15><wrt:break>Dahee, bagaimana denganmu?","ฮ่าฮ่า ถ้าจะแข่งกันล่ะก็ ฉันโอเคอยู่แล้ว! <wrt:wait,15><wrt:break>ดาฮี เธอคิดว่าไงล่ะ?","Haha, se tiver jogo, vai ser ótimo! <wrt:wait,15><wrt:break>Dahee, o que você acha?"
,,A-1,정다희,,-1_웃음,,,"음~ 하긴, 비치발리볼 캠프는 기니까, 바닷가 탐방은 나중에도 할 수 있겠지~?","Mm, well, it is beach volleyball camp. I can always walk along the beach later!",いいんじゃない？ビーチバレーキャンプは長いからね。海辺探検はまたチャンスがあると思うし。,嗯～也是，沙排训练营还长着呢，逛海滩的事以后也来得及吧～？,嗯～反正沙灘排球訓練營還有好幾天，之後再去海邊逛逛也不遲～？,"Ну, лагерь не завтра заканчивается — еще успеем погулять по берегу!","Hmm, kem bola tampar pantai ini lama lagi. Nanti pun boleh jalan-jalan tepi pantai, kan?","Ừm~ Trại huấn luyện bóng chuyền bãi biển còn dài mà, để lúc khác khám phá bờ biển cũng được nhỉ~?","Hum. Bueno, el campamento de voleibol playa es largo, así que podríamos explorar la playa después, ¿no?","Hem~ iya, karena masa waktu untuk Kamp Beach Volleyball itu cukup panjang, penjelajahan pantai bisa diundur untuk nanti~!",อืม~ ยังไงค่ายวอลเลย์บอลชายหาดก็ยังจัดอีกยาว เดี๋ยวฉันค่อยไปสำรวจแถวชายทะเลทีหลังก็ได้~,"Hmm, tem razão, precisamos aproveitar ao máximo este acampamento. A gente pode explorar a praia mais tarde."
,,A-2,백시우,,1_웃음,,,경기하고 싶어! 비치발리볼 캠프에 온 만큼 많은 상대와 맞붙어 봐야지!,"Yeah, we're at a beach volleyball camp. I wanna play as much as I can!",試合したい！できるだけ多くのチームと！,我想比赛！既然来了沙排训练营，就要多和不同的对手交手才行！,我想去比賽！既然來了沙排訓練營，就要多和不同的對手交手才行！,"Я тоже хочу сыграть! Пока мы здесь, лучше сразиться со всеми!","Saya nak berlawan! Dah datang ke kem bola tampar pantai, kenalah lawan sebanyak mungkin pasukan!",Tớ muốn thi đấu! Đã đến trại huấn luyện bóng chuyền bãi biển rồi thì phải đấu với nhiều đối thủ mới được chứ!,"¡Quiero jugar un partido! Ya que estamos aquí, deberíamos enfrentarnos a tantos equipos como sea posible!","Aku ingin bertanding! Mumpung kita sedang dalam Kamp Beach Volleyball, aku ingin bertanding sebanyak mungkin!",ฉันอยากแข่ง! ได้มาค่ายวอลเลย์บอลชายหาดทั้งที ก็ต้องลองปะทะกับคู่แข่งให้เยอะๆ สิ!,"Eu quero jogar! Já que estamos no acampamento de vôlei de praia, precisamos enfrentar diversos adversários!"
,,A-2,정다희,,1_기본,,,음음~ 그럼 생각해둔 상대는 있는 거야?,"Mm, any team in mind?",どこか対戦したいチームはあるの？,嗯嗯～那你有什么心仪的对手吗？,嗯嗯～那你有想特別跟哪位交流嗎？,Отлично! У тебя есть кто-то на примете?,"Mm, ada pasukan dalam fikiran?",Ừm ừm~ Vậy cậu đã nghĩ ra đối thủ nào chưa?,Hum. ¿Tienes algún oponente en mente?,Hem~ kalau begitu apa ada lawan yang ingin kamu hadapi?,โอเค~ ถ้างั้นนายมีคู่แข่งที่คิดไว้บ้างไหม?,"Hmm, você já tem algum em mente?"
,,A-2,백시우,,1_무표정,pause,silent,"음... 상대라면 역시,",I think I do.,うむ‥対戦するならやっぱり‥,嗯...如果说对手的话，果然还是，,嗯，如果說對手的話，果然還是...,"М-м-м... Ну, пожалуй...","Hmm... Kalau lawan, mestilah...",Ừm... Đối thủ thì tất nhiên phải là...,"Bueno... Si se trata de oponentes, creo que,","Hem... Tentu saja lawan yang ingin aku hadapi itu adalah,",อืม... คู่แข่งก็ต้องเป็น,Hmm... claro!
,,A-2,남재현,,1_기본,,,"<cha:pos,정다희,-1><cha:face,정다희,-1_기본><cha:pos,윤빈,1><cha:pos,남재현,2>백시우!","<cha:pos,정다희,-1><cha:face,정다희,-1_기본><cha:pos,윤빈,1><cha:pos,남재현,2>Siwoo!","<cha:pos,정다희,-1><cha:face,정다희,-1_기본><cha:pos,윤빈,1><cha:pos,남재현,2>新！","<cha:pos,정다희,-1><cha:face,정다희,-1_기본><cha:pos,윤빈,1><cha:pos,남재현,2>白时宇！","<cha:pos,정다희,-1><cha:face,정다희,-1_기본><cha:pos,윤빈,1><cha:pos,남재현,2>白時宇！","<cha:pos,정다희,-1><cha:face,정다희,-1_기본><cha:pos,윤빈,1><cha:pos,남재현,2>Бэк Шиу!","<cha:pos,정다희,-1><cha:face,정다희,-1_기본><cha:pos,윤빈,1><cha:pos,남재현,2>Siwoo!","<cha:pos,정다희,-1><cha:face,정다희,-1_기본><cha:pos,윤빈,1><cha:pos,남재현,2>Baek Siwoo!","<cha:pos,정다희,-1><cha:face,정다희,-1_기본><cha:pos,윤빈,1><cha:pos,남재현,2>¡Siwoo Baek!","<cha:pos,정다희,-1><cha:face,정다희,-1_기본><cha:pos,윤빈,1><cha:pos,남재현,2>Siwoo Baek!","<cha:pos,정다희,-1><cha:face,정다희,-1_기본><cha:pos,윤빈,1><cha:pos,남재현,2>แบคชีอู!","<cha:pos,정다희,-1><cha:face,정다희,-1_기본><cha:pos,윤빈,1><cha:pos,남재현,2>Siwoo Baek!"
,,A-2,백시우,,1_웃음,,exclam,"앗, <txt:bold,2><txt:color,orange>재현</txt:bold></txt:color>! 마침 널 찾고 있었는데 말이야.","Oh, <txt:bold,2><txt:color,orange>Jaehyun</txt:bold></txt:color>! I was just about to come find you.","あっ、<txt:bold,2><txt:color,orange>陵</txt:bold></txt:color>！ちょうど探してたところだったんだ！","啊，<txt:bold,2><txt:color,orange>宰贤</txt:bold></txt:color>！正好我也在找你呢。","啊，<txt:bold,2><txt:color,orange>宰賢</txt:bold></txt:color>！正好我也在找你呢。","О, <txt:bold,2><txt:color,orange>Чжэхён</txt:bold></txt:color>! Я как раз тебя искал!","Oh, <txt:bold,2><txt:color,orange>Jaehyun</txt:bold></txt:color>! Saya baru sahaja hendak datang mencari awak.","Ơ, <txt:bold,2><txt:color,orange>Jaehyeon</txt:bold></txt:color>! Đúng lúc tớ cũng đang định tìm cậu.","¡Ah, <txt:bold,2><txt:color,orange>Jaehyun</txt:bold></txt:color>! Justo te estaba buscando.","Oh, <txt:bold,2><txt:color,orange>Jaehyeon</txt:bold></txt:color>! Kebetulan juga aku sedang mencarimu.","โอ๊ะ <txt:bold,2><txt:color,orange>แจฮยอน</txt:bold></txt:color>! ฉันกำลังมองหานายอยู่พอดีเลย","Ah, <txt:bold,2><txt:color,orange>Jaehyun</txt:bold></txt:color>! Que bom que te encontrei, estava te procurando."
,,A-2,남재현,,1_웃음,,,"역시, 너도 같이 경기할 생각을 하고 있었구나? 잊지 않았다니 다행이네. <wrt:wait,15><wrt:break>나도 우리 팀 매니저한테 말해뒀거든.","Great minds think alike! I’m glad you didn’t forget about me. <wrt:wait,15><wrt:break>I already talked to our team manager about our game.","やっぱり、お前も俺たちとやりたかったのか！忘れてなくてよかった。<wrt:wait,15><wrt:break>俺もこっちのマネージャーに話を通しておいたんだ。","果然，你也想一起比赛吧？真是太好了，你还记得。<wrt:wait,15><wrt:break>我也和我们队经理说好了。","果然你也想來一場吧？還擔心你給忘了呢。<wrt:wait,15><wrt:break>我也和我們隊經理說好了。","Значит, ты не забыл о нашей договоренности! <wrt:wait,15><wrt:break>Я уже все уладил с нашим менеджером.","Saya tahu kamu pun terfikir nak berlawan! Lega kamu tak lupa. <wrt:wait,15><wrt:break>Saya pun dah beritahu pengurus pasukan kami.","Đúng rồi, cậu cũng định đấu với tớ còn gì? May quá cậu không quên. <wrt:wait,15><wrt:break>Tớ cũng đã nói với quản lý đội tớ rồi.","¿Así que también querías jugar un partido conmigo? Qué alivio que no lo hayas olvidado. <wrt:wait,15><wrt:break>También le dije a nuestra mánager.","Sudah kuduga, kamu juga mau bertanding denganku, ya? Syukurlah kamu tidak lupa. <wrt:wait,15><wrt:break>Aku juga sudah bilang pada manajer timku.","นายเองก็คิดจะแข่งกับฉันเหมือนกันสินะ? ค่อยยังชั่วแฮะที่นายไม่ลืม <wrt:wait,15><wrt:break>ฉันบอกผู้จัดการทีมเราไว้แล้วด้วย","Você também tá pensando em jogar com a gente, né? Que bom que não esqueceu. <wrt:wait,15><wrt:break>Já conversei com a nossa supervisora sobre isso."
,,A-2,윤빈,,1_무표정,pause,,"<txt:color,grey>(끄덕)","<txt:color,grey>(nods)","<txt:color,grey>(こくり)","<txt:color,grey>(点头)","<txt:color,grey>(點頭)","<txt:color,grey>(Кивает)","<txt:color,grey>(mengangguk)","<txt:color,grey>(Gật đầu)","<txt:color,grey>(Asiente)","<txt:color,grey>(Mengangguk)","<txt:color,grey>(พยักหน้า)","<txt:color,grey>(Acenando com a cabeça)"
,,A-2,백시우,,1_기본,,,"앗, 안녕!","Oh, hi!",あっ、初めまして！,啊，你好！,啊，你好！,"О, привет!","Oh, hai!","A, chào bạn!","¡Ah, hola!","Oh, apa kabar!",โอ๊ะ หวัดดี!,"Ah, oi!"
,,A-2,백시우,,1_기본,pause,,"<txt:color,grey>(이쪽이 <txt:bold,2>하늘고 매니저</txt:bold>겠구나...!)","<txt:color,grey>(She must be <txt:bold,2>Sky High’s manager</txt:bold>...!)","<txt:color,grey>(この人が<txt:bold,2>天空高校のマネージャー</txt:bold>さんか‥！)","<txt:color,grey>(这位就是<txt:bold,2>天空高中经理</txt:bold>吧...！)","<txt:color,grey>(這位就是<txt:bold,2>天空高中經理</txt:bold>吧...！)","<txt:color,grey>(Видимо, это <txt:bold,2>менеджер школы «Ханыль»</txt:bold>...!)","<txt:color,grey>(Dia mestilah <txt:bold,2>pengurus Sky High</txt:bold>...!)","<txt:color,grey>(Đây là <txt:bold,2>quản lý Trường THPT Thiên Thanh</txt:bold> sao...?)","<txt:color,grey>(Esta debe ser la <txt:bold,2>mánager de la Escuela Haneul</txt:bold>...!)","<txt:color,grey>(Sepertinya dia adalah <txt:bold,2>Manajer SMA Sky</txt:bold>...!)","<txt:color,grey>(นี่คงจะเป็น<txt:bold,2>ผู้จัดการทีมมัธยมนภากาศ</txt:bold>สินะ...!)","<txt:color,grey>(Então ela deve ser a <txt:bold,2>supervisora do Colégio Céu</txt:bold>...)"
,,A-2,정다희,,-1_웃음,,,흠! 이런 경기라면 나도 찬성이지~,"Oh, yeah, I’m up for a game with them!",うん！こういう試合なら私も賛成よ！,哼！既然是这样的比赛，我也赞成～,哼！既然是這樣的比賽，我也贊成～,Как я могу не согласиться на такое соревнование?!,"Oh, ya, saya bersedia untuk bermain dengan mereka!",Ừ! Nếu là trận đấu này thì tớ cũng tán thành~,"¡Hum! En ese caso, yo también estoy de acuerdo",Hem! Aku juga setuju untuk pertandingan seperti ini~,อะแฮ่ม! ถ้าเป็นการแข่งแบบนี้ล่ะก็ ฉันเห็นชอบนะ~,"Hmm! Se for um jogo de qualidade, eu também topo!"
,,A-3,백시우,,1_결연,,,"경기를 하고 싶어! 그 누구보다도 <txt:bold,2><txt:color,orange>오아시스</txt:bold></txt:color>와!","Yeah, I wanna play a game! With <txt:bold,2><txt:color,orange>Oasis</txt:bold></txt:color> more than anyone!","試合したい！他の誰よりも<txt:bold,2><txt:color,orange>オアシス</txt:bold></txt:color>選手と！","我想比赛！最想和<txt:bold,2><txt:color,orange>绿洲</txt:bold></txt:color>比！","我想去比賽！而且最想和<txt:bold,2><txt:color,orange>綠洲</txt:bold></txt:color>比！","Лучше проведем матч! И, желательно, с <txt:bold,2><txt:color,orange>Оазисом</txt:bold></txt:color>!","Saya nak berlawan! Terutamanya dengan <txt:bold,2><txt:color,orange>Oasis</txt:bold></txt:color>!","Tớ muốn đấu! Hơn ai hết tớ muốn đấu với <txt:bold,2><txt:color,orange>Oasis</txt:bold></txt:color>!","¡Quiero jugar un partido! ¡Más que nada, con <txt:bold,2><txt:color,orange>Oasis</txt:bold></txt:color>!","Aku ingin bertanding! Aku ingin melawan <txt:bold,2><txt:color,orange>Oasis</txt:bold></txt:color> lebih dari siapapun!","ฉันอยากแข่ง! กับ<txt:bold,2><txt:color,orange>โอเอซิส</txt:bold></txt:color>!","Quero jogar! Principalmente, contra o <txt:bold,2><txt:color,orange>Oásis</txt:bold></txt:color>!"
,,A-3,정다희,,1_웃음,,,"<txt:bold,2><txt:color,orange>오아시스</txt:bold></txt:color>! 그건 나도 기대가 되지만... 오늘 당장은 안되지 않을까나~? <wrt:wait,15><wrt:break>성인 팀은 대진표가 정해졌던걸!","<txt:bold,2><txt:color,orange>Oasis</txt:bold></txt:color>! I’d love that myself... but I don’t think it’s gonna happen today. <wrt:wait,15><wrt:break>The adult teams are following the bracket!","<txt:bold,2><txt:color,orange>オアシス</txt:bold></txt:color>選手！それは私も楽しみだけど‥今日は難しいんじゃないかな？<wrt:wait,15><wrt:break>大人のチームはトーナメント表がもう決まってるし！","<txt:bold,2><txt:color,orange>绿洲</txt:bold></txt:color>！虽然我也很期待...但今天恐怕不行吧～？<wrt:wait,15><wrt:break>成年组的赛程已经定好了！","<txt:bold,2><txt:color,orange>綠洲</txt:bold></txt:color>！雖然我也很期待...但今天恐怕不行吧～？<wrt:wait,15><wrt:break>成年組的賽程已經確定了！","<txt:bold,2><txt:color,orange>С Оазисом</txt:bold></txt:color>!? Я, конечно, хочу это увидеть, но ведь не обязательно сегодня? <wrt:wait,15><wrt:break>Программа соревнований у взрослых команд уже расписана!","<txt:bold,2><txt:color,orange>Oasis</txt:bold></txt:color>! Saya pun teringin, tapi... hari ini rasanya tak boleh. <wrt:wait,15><wrt:break>Jadual pasukan dewasa dah ditetapkan!","<txt:bold,2><txt:color,orange>Oasis</txt:bold></txt:color>! Tớ cũng mong được đấu với anh ấy lắm, nhưng mà... có lẽ hôm nay thì chưa được rồi~? <wrt:wait,15><wrt:break>Lịch thi đấu của các đội người lớn đã được sắp xếp sẵn rồi mà!","<txt:bold,2><txt:color,orange>¡Oasis</txt:bold></txt:color>! Eso también me entusiasma, pero... hoy no podrá ser, ¿no? <wrt:wait,15><wrt:break>¡El equipo de adultos ya tiene un calendario fijado!","<txt:bold,2><txt:color,orange>Oasis</txt:bold></txt:color>! Aku juga sangat menantikannya... Namun menurutku agak sulit untuk dilaksanakan hari ini~! <wrt:wait,15><wrt:break>Karena daftar pertandingan untuk tim dewasa telah ditentukan sebelumnya!","<txt:bold,2><txt:color,orange>โอเอซิส</txt:bold></txt:color>! อันนั้นฉันก็อยากแหละนะ... แต่วันนี้เลยคงจะไม่ได้หรอกมั้ง~? <wrt:wait,15><wrt:break>ทีมผู้ใหญ่น่าจะมีกำหนดตารางการแข่งขันไว้นะ!","<txt:bold,2><txt:color,orange>Oásis</txt:bold></txt:color>! Mal posso esperar por isso também, mas talvez não seja hoje, certo? <wrt:wait,15><wrt:break>O time adulto já tem o cronograma definido!"
,,A-3,정다희,,2_헤헤,,,"헤헤, 차근차근 다른 팀부터 찾아보자구~","Hehe, let’s see who else we can find.",今日は、他のチームに当たってみようね。,嘿嘿，我们还是从别的队伍开始吧～,不然我們從別的隊伍開始找起吧～,"Хе-хе, давай попробуем найти другую команду.","Hehe, mari kita lihat siapa lagi yang boleh kita cari.","Hê hê, chúng ta từ từ tìm đội khác trước đi~","Jeje, vamos a buscar a otros equipos primero","Hehe, oleh sebab itu untuk saat ini mari coba kita cari tim lain~",ฮิฮิ ลองหาทีมอื่นไปก่อนเถอะน่า~,"Hehe, primeiro, vamos ver se tem outro time com calma."
,,A-3,남재현,,1_기본,,,"<cha:pos,정다희,-1><cha:face,정다희,-2_헤헤><cha:pos,윤빈,1><cha:pos,남재현,2>그 다른 팀, 우리는 어때?","<cha:pos,정다희,-1><cha:face,정다희,-2_헤헤><cha:pos,윤빈,1><cha:pos,남재현,2>How about us?","<cha:pos,정다희,-1><cha:face,정다희,-2_헤헤><cha:pos,윤빈,1><cha:pos,남재현,2>他のチームを探してるなら、俺たちはどうだ？","<cha:pos,정다희,-1><cha:face,정다희,-2_헤헤><cha:pos,윤빈,1><cha:pos,남재현,2>那个别的队伍，我们怎么样？","<cha:pos,정다희,-1><cha:face,정다희,-2_헤헤><cha:pos,윤빈,1><cha:pos,남재현,2>不然考慮我們隊伍如何？","<cha:pos,정다희,-1><cha:face,정다희,-2_헤헤><cha:pos,윤빈,1><cha:pos,남재현,2>Как насчет нашей?","<cha:pos,정다희,-1><cha:face,정다희,-2_헤헤><cha:pos,윤빈,1><cha:pos,남재현,2>Bagaimana dengan kita?","<cha:pos,정다희,-1><cha:face,정다희,-2_헤헤><cha:pos,윤빈,1><cha:pos,남재현,2>Vậy đội khác đó, sao không phải là chúng tôi nhỉ?","<cha:pos,정다희,-1><cha:face,정다희,-2_헤헤><cha:pos,윤빈,1><cha:pos,남재현,2>¿Qué tal si ese equipo somos nosotros?","<cha:pos,정다희,-1><cha:face,정다희,-2_헤헤><cha:pos,윤빈,1><cha:pos,남재현,2>Kalau kamu sedang cari tim lain, bagaimana dengan timku?","<cha:pos,정다희,-1><cha:face,정다희,-2_헤헤><cha:pos,윤빈,1><cha:pos,남재현,2>ทีมอื่นที่ว่าน่ะ เป็นพวกเราได้ไหม?","<cha:pos,정다희,-1><cha:face,정다희,-2_헤헤><cha:pos,윤빈,1><cha:pos,남재현,2>O que acha do nosso time?"
,,A-3,남재현,,1_웃음,,,"섭섭한데, 나는 자율 경기라고 한 순간 너희 팀을 찾았는데. <wrt:wait,15><wrt:break>우리 매니저와도 이야기는 끝났고.","I came to find you right when I heard today was freeform. Did you forget? That’s sad... <wrt:wait,15><wrt:break>I already talked to our manager about it.","寂しいな。俺は自由時間の話が出た瞬間からお前らのチームのことを考えてたのに。<wrt:wait,15><wrt:break>もう、こっちのマネージャーにも話を通しておいたし。","好伤心啊，我一听说自由赛就来找你们了。<wrt:wait,15><wrt:break>也和我们经理说好了。","真傷心...我一聽說自由賽就來找你們了。<wrt:wait,15><wrt:break>和我們經理也說好了。","Как обидно! А я-то, как только услышал о свободном выборе соперников, сразу подумал о вас! <wrt:wait,15><wrt:break>Я уже договорился с нашим менеджером.","Kecil hati saya. Sebaik dengar hari ini bebas mengatur perlawanan, terus saya cari pasukan kamu. <wrt:wait,15><wrt:break>Dengan pengurus kami pun saya dah bincang.","Buồn ghê, ngay khi vừa nghe nói về trận đấu tự do, tớ đã tìm đến đội các cậu rồi. <wrt:wait,15><wrt:break>Tớ cũng đã bàn xong với quản lý đội tớ rồi.","Me decepciona que no pienses en nosotros. Desde que dijeron partido libre, estaba pensando en jugar contigo. <wrt:wait,15><wrt:break>Ya hablé con nuestra mánager.","Aku agak sedih, aku langsung mencari kalian setelah mendengar pertandingan bebas. <wrt:wait,15><wrt:break>Aku telah membicarakannya dengan manajer timku juga.","น้อยใจนะเนี่ย ฉันตามหาทีมนายตั้งแต่ได้ยินคำว่าแข่งอิสระเลย <wrt:wait,15><wrt:break>ฉันคุยกับผู้จัดการทีมเราเรียบร้อยแล้วด้วย","Tô chateado, hein... Quando disseram que teríamos um dia livre, pensei logo no seu time. <wrt:wait,15><wrt:break>Inclusive, já conversei com a nossa supervisora sobre isso."
,,A-3,윤빈,,1_무표정,pause,,"<txt:color,grey>(끄덕)","<txt:color,grey>(nods)","<txt:color,grey>(こくり)","<txt:color,grey>(点头)","<txt:color,grey>(點頭)","<txt:color,grey>(Кивает)","<txt:color,grey>(mengangguk)","<txt:color,grey>(Gật đầu)","<txt:color,grey>(Asiente)","<txt:color,grey>(Mengangguk)","<txt:color,grey>(พยักหน้า)","<txt:color,grey>(Acenando com a cabeça)"
,,A-3,백시우,,1_기본,,,"앗, 재현! 그리고... <wrt:wait,15><wrt:break>이쪽이 <txt:bold,2><txt:color,orange>하늘고</txt:bold></txt:color> 팀의 <txt:bold,2>매니저</txt:bold>겠구나. ...안녕!","Oh, Jaehyun! And... <wrt:wait,15><wrt:break>you must be <txt:bold,2><txt:color,orange>Sky High</txt:bold></txt:color>’s <txt:bold,2>manager</txt:bold>... Hello!","あっ、陵！えっと‥<wrt:wait,15><wrt:break>そちらが<txt:bold,2><txt:color,orange>天空高校</txt:bold></txt:color>チームの<txt:bold,2>マネージャー</txt:bold>さんか‥初めまして！","啊，宰贤！还有...<wrt:wait,15><wrt:break>这位就是<txt:bold,2><txt:color,orange>天空高中</txt:bold></txt:color>队的<txt:bold,2>经理</txt:bold>吧。...你好！","啊，宰賢！還有...<wrt:wait,15><wrt:break>這位就是<txt:bold,2><txt:color,orange>天空高中</txt:bold></txt:color>隊的<txt:bold,2>經理</txt:bold>吧。...你好！","А, Чжэхён! <wrt:wait,15><wrt:break>А ты, кажется, <txt:bold,2>менеджер</txt:bold> в <txt:bold,2><txt:color,orange>старшей школе «Ханыль»</txt:bold></txt:color>. Привет!","Oh, Jaehyun! Dan... <wrt:wait,15><wrt:break>ini mesti orang dari <txt:bold,2><txt:color,orange>Sky High</txt:bold></txt:color> yang jadi <txt:bold,2>pengurus</txt:bold> pasukan. ...Hai!","Ơ, Jaehyeon! Và cả... <wrt:wait,15><wrt:break>Đây là <txt:bold,2>quản lý</txt:bold> đội <txt:bold,2><txt:color,orange>Trường THPT Thiên Thanh</txt:bold></txt:color> phải không nhỉ? ... Chào bạn!","¡Ah, Jaehyun! Y... <wrt:wait,15><wrt:break>Esta debe ser la <txt:bold,2>mánager</txt:bold> del equipo de la  <txt:bold,2><txt:color,orange>Escuela Haneul</txt:bold></txt:color>. ...¡Hola!","Aduh, Jaehyeon! Dan juga... <wrt:wait,15><wrt:break>Sepertinya kamu <txt:bold,2>Manajer </txt:bold>dari tim <txt:bold,2><txt:color,orange>SMA Sky</txt:bold></txt:color>...Apa kabar!","โอ๊ะ แจฮยอน! แล้วก็... <wrt:wait,15><wrt:break>เธอคงจะเป็น<txt:bold,2>ผู้จัดการ</txt:bold>ทีม<txt:bold,2><txt:color,orange>มัธยมนภากาศ</txt:bold></txt:color>สินะ ...หวัดดี!","Ah, Jaehyun! E... <wrt:wait,15><wrt:break>ela deve ser a <txt:bold,2>supervisora</txt:bold> do time de vôlei do <txt:bold,2><txt:color,orange>Colégio Céu</txt:bold></txt:color>. Prazer!"
,,A-3,백시우,,1_웃음,,sweat,"그러고보니 우리 경기하기로 했었지? 하하, 그걸 잊고 있었네.","That’s right, we agreed to play together! Haha, slipped my mind!",そういえばお前たちとやるって約束してたな。うっかり忘れてた。,我们说好要比赛的事，我不小心忘了。哈哈。,對耶，不小心忘了我們說好要比賽的事，哈哈。,"Ой, мы же с тобой договорились о матче? Совсем из головы вылетело.","Oh ya, kita dah janji nak berlawan, kan? Haha, saya terlupa pula.","Mà khoan, chúng ta có hẹn đấu với nhau mà nhỉ? Ha ha, tớ quên mất rồi.","Es cierto, dijimos que jugaríamos juntos, ¿verdad? Jaja, lo olvidé por completo.","Oh ya kalau tidak salah kita telah memutuskan sebelumnya untuk bertanding? Haha, aku lupa.",จะว่าไปแล้ว เราเคยตกลงว่าจะแข่งกันสินะ? ฮ่าฮ่า ลืมไปเลยแฮะ,"Ah, combinamos de jogar um contra o outro, né? Haha, quase esqueci."
,,A-3,백시우,,1_기본,,,"음! 나야 경기한다면 너무 좋지! 다희, 너는 어떻게 생각해?","Yeah, I’d be happy to play! What about you, Dahee?",試合なら大歓迎だよ！夏希はどう？,嗯！我非常乐意比赛！多熙，你觉得呢？,嗯！只要是比賽我都相當樂意啊！多熙，妳覺得呢？,"Ну, я буду рад сыграть! Дахи, ты как думаешь?","Ya, saya akan gembira untuk bermain! Bagaimana dengan awak, Dahee?","Ừm! Tớ rất thích đấu! Dahee, cậu thấy sao?","Jaja, me encantaría jugar un partido. Dahee, ¿qué piensas tú?","Hmm! Aku sih senang sekali bisa bertanding! Dahee, bagaimana menurutmu?",อื้ม! ถ้าจะแข่งกันล่ะก็ ฉันโอเคอยู่แล้ว! ดาฮี เธอคิดว่าไงล่ะ?,"Haha, se tiver jogo, vai ser super ótimo! Dahee, o que você acha?"
,,A-3,정다희,,-1_웃음,,,흠! 이런 경기라면 나도 찬성이지~,"Oh, yeah, I’m up for a game with them!",うん！こういう試合なら私も賛成よ！,哼！既然是这样的比赛，我也赞成～,哼！既然是這樣的比賽，我也贊成～,Как я могу не согласиться на такое соревнование?!,"Oh, ya, saya bersedia untuk bermain dengan mereka!",Ừ! Nếu là trận đấu này thì tớ cũng tán thành~,"¡Hum! En ese caso, yo también estoy de acuerdo",Hem! Aku juga setuju untuk pertandingan seperti ini~,อะแฮ่ม! ถ้าเป็นการแข่งแบบนี้ล่ะก็ ฉันเห็นชอบนะ~,"Hmm! Se for um jogo de qualidade, eu também topo!"
,,,정다희,,-1_기본,wave,,나도 시우 친구라면 실력이 궁금해지는걸?,I wanna see how well Siwoo’s friend plays.,私も新のお友達の実力が気になってたんだよね！,我也很好奇时宇的朋友有多强呢？,我也很好奇時宇的朋友有多強呢？,"Мне тоже хотелось бы, протестировать твои способности.",Saya mahu lihat sejauh mana rakan Siwoo bermain.,Tớ cũng muốn thử xem thực lực của bạn Siwoo thế nào!,"Como eres amigo de Siwoo, me da curiosidad saber cómo juegas.",Aku penasaran kemampuan dari temannya Siwoo!,ฉันชักอยากเห็นฝีมือของเพื่อนชีอูขึ้นมาแล้วล่ะ,"Se ele é amigo do Siwoo, fico curiosa para ver suas habilidades."
,,,정다희,,-1_기본,,,"<txt:color,grey>(더군다나 <txt:bold,2>전국 대회</txt:bold>에서 만날 수도 있는 사이니까... 전력을 알아보기엔 좋은 기회야!)","<txt:color,grey>(Plus, we may face their team in the <txt:bold,2>National Tournament</txt:bold>. It’s a good chance to get to know them prior!)","<txt:color,grey>(<txt:bold,2>全国大会</txt:bold>で対戦するかもしれないから‥データ収集のチャンス！)","<txt:color,grey>(更何况，说不定<txt:bold,2>全国大赛</txt:bold>会碰到...这是了解实力的好机会！)","<txt:color,grey>(更何況有可能在<txt:bold,2>全國大賽</txt:bold>碰到...這是了解實力的好機會！)","<txt:color,grey>(К тому же, нам еще предстоит встретиться с ним на <txt:bold,2>национальном чемпионате</txt:bold>... Отличный шанс узнать, на что он способен!)","<txt:color,grey>(Lagipun, kami mungkin bertemu di <txt:bold,2>Kejohanan Kebangsaan</txt:bold>... Ini peluang yang baik untuk menilai kekuatan mereka!)","<txt:color,grey>(Hơn nữa, đây là một cơ hội tốt để tìm hiểu sức mạnh của đối thủ có thể gặp ở <txt:bold,2>giải đấu toàn quốc</txt:bold>!)","<txt:color,grey>(Además, en el <txt:bold,2>torneo nacional</txt:bold> podríamos enfrentarnos... ¡Es una buena oportunidad para conocer sus habilidades!)","<txt:color,grey>(Apalagi mereka bisa jadi lawan kita pada saat <txt:bold,2>Turnamen Nasional</txt:bold> nanti... Oleh sebab itu, ini akan jadi kesempatan baik untuk mengukur kemampuan mereka!)","<txt:color,grey>(ยิ่งไปกว่านั้น เราอาจจะได้เจอกันใน<txt:bold,2>ทัวร์นาเมนต์ระดับประเทศ</txt:bold>ด้วยก็ได้... นี่คือโอกาสทองในการศึกษาแนวการเล่นแล้ว!)","<txt:color,grey>(Além disso, como vamos competir no <txt:bold,2>torneio nacional</txt:bold>, vai ser uma ótima chance para avaliar seu potencial!)"
,경기 승리,#,MAP,,,,,바다,바다,바다,바다,바다,바다,바다,바다,바다,바다,바다,바다
,,#,BGM,,,,,BGM_PEACE3,BGM_PEACE3,BGM_PEACE3,BGM_PEACE3,BGM_PEACE3,BGM_PEACE3,BGM_PEACE3,BGM_PEACE3,BGM_PEACE3,BGM_PEACE3,BGM_PEACE3,BGM_PEACE3
,,#,정다희,-4,-1_웃음,,,,,,,,,,,,,,
,,#,백시우,-2,2_기쁨,,,,,,,,,,,,,,
,,#,남재현,2,1_기본,,,,,,,,,,,,,,
,,,남재현,,1_기본,,,"<scr:star,1>아쉽네, 아쉬워! 네가 운이 조금 좋았던 건 알지?","<scr:star,1>Aw, man! You got lucky there, you know that?","<scr:star,1>くうーっ、惜しい！お前たちのほうが運がよかったな！","<scr:star,1>可惜，可惜！你运气挺好的嘛。","<scr:star,1>啊真是可惜！你只不過是運氣比我好而已。","<scr:star,1>Как же обидно! Ты же знаешь, что тебе повезло чуточку больше?","<scr:star,1>Sayangnya! Kamu agak bernasib baik tadi, tahu?","<scr:star,1>Tiếc quá, tiếc thật! Cậu biết mình cũng gặp chút may mắn đấy chứ?","<scr:star,1>¡Qué pena, qué pena! ¿Sabes que tuviste un poco de suerte? ¿sí?","<scr:star,1>Sayang sekali! Kamu tahu kan bahwa kamu sedikit lebih beruntung?","<scr:star,1>น่าเสียดายชะมัดเลย! นายรู้ใช่ไหม ว่านายแอบดวงดีนิดหน่อยน่ะ?","<scr:star,1>Quase! Você sabe que teve um pouco de sorte, né?"
,,,남재현,,1_웃음,,,"<scr:star,2>하하, 우리 <txt:bold,2><txt:color,orange>하늘고</txt:bold></txt:color>가 봐줬다고 생각해. 봐주는 것도 컨디션 관리의 일환이라고?","<scr:star,2>Haha, <txt:bold,2><txt:color,orange>Sky High</txt:bold></txt:color> went easy on you! We are saving our energy to stay at the top of our game!","<scr:star,2>ははっ、俺たち<txt:bold,2><txt:color,orange>天空高校</txt:bold></txt:color>が手加減してやったのさ。手加減も体調管理の一環だからな。","<scr:star,2>哈哈，就当是我们<txt:bold,2><txt:color,orange>天空高中</txt:bold></txt:color>放水吧。放水也是状态管理的一环呢。","<scr:star,2>哈哈，就當是我們<txt:bold,2><txt:color,orange>天空高中</txt:bold></txt:color>放水吧。放水也是體能管理的一環。","<scr:star,2>Ха-ха, считай, что <txt:bold,2><txt:color,orange>команда школы «Ханыль»</txt:bold></txt:color> тебе поддалась. Иногда нужно поберечь силы, знаешь ли.","<scr:star,2>Haha, anggap saja <txt:bold,2><txt:color,orange>Sky High</txt:bold></txt:color> beri kamu peluang. Mengalah pun sebahagian daripada menjaga keadaan badan, tahu?","<scr:star,2>Ha ha, cứ coi như <txt:bold,2><txt:color,orange>Trường THPT Thiên Thanh</txt:bold></txt:color> nhường cậu đi. Nhường nhịn cũng là một phần của việc quản lý thể lực mà?","<scr:star,2>Jaja, digamos que nuestra <txt:bold,2><txt:color,orange>Escuela Haneul</txt:bold></txt:color> se contuvo. ¡No esforzarse demasiado también sirve para mantenerse en buena forma!","<scr:star,2>Haha, anggap saja <txt:bold,2><txt:color,orange>SMA Sky</txt:bold></txt:color> kami mengalah. Main santai adalah salah satu cara untuk menjaga kondisi juga!","<scr:star,2>ฮ่าฮ่า คิดซะว่า<txt:bold,2><txt:color,orange>มัธยมนภากาศ</txt:bold></txt:color>ยอมอ่อนข้อให้ก็แล้วกัน การออมแรงไว้ก็ถือเป็นส่วนหนึ่งของการดูแลจัดการสภาพร่างกายด้วยนี่นา","<scr:star,2>Haha, acho que o nosso <txt:bold,2><txt:color,orange>Colégio Céu</txt:bold></txt:color> pegou leve desta vez. Isso também faz parte de cuidar da nossa condição física."
,,,남재현,,1_기본,,,"<scr:star,3>흠! 많이 늘었네, 백시우. 중학생 때 생각도 나는걸?","<scr:star,3>Hm, you’ve gotten a lot better, Siwoo. Gets me thinking of our middle school days.","<scr:star,3>上手くなったな、新。中学時代を思い出すよ。","<scr:star,3>哼！进步很多啊，白时宇。让我想起了初中时的你？","<scr:star,3>哼！進步很多啊，白時宇。讓我想起了國中的時候...","<scr:star,3>А ты здорово прибавил, Бэк Шиу! Даже вспомнились наши игры в средней школе.","<scr:star,3>Hmm! Banyak peningkatan kamu, Siwoo. Teringat zaman menengah rendah pula.","<scr:star,3>Ừm! Cậu tiến bộ nhiều đấy Baek Siwoo. Tớ lại nhớ đến hồi cấp 2.","<scr:star,3>¡Hmm! Has mejorado mucho, Siwoo Baek. Me recuerda a cuando estábamos en la secundaria.","<scr:star,3>Hem! Kamu jauh lebih berkembang, aku jadi ingat masa kita SMP dulu, Siwoo Baek!","<scr:star,3>ฮึ่ม! นายเก่งขึ้นเยอะเลยนะ แบคชีอู ทำให้นึกถึงตอนมัธยมต้นเลย","<scr:star,3>Hmm, Siwoo Baek, como você cresceu, hein? Deu uma nostalgia dos tempos do fundamental."
,,,백시우,,2_기쁨,wave,,좋은 경기였네~ 모두모두 너무 잘했어!,That was a great game! Everyone played so well!,いい試合だったよ～。みんなよくがんばったね！,真是一场精彩的比赛啊～大家都太棒了！,真是一場精彩的比賽啊～大家都太棒了！,Отличный матч! Вы все отлично постарались!,Perlawanan yang hebat! Semua orang bermain dengan baik!!!,Trận đấu hay quá~ Mọi người ai cũng rất giỏi!!!,"¡Fue un buen partido, todos lo hicieron muy bien!!!",Pertandingan yang bagus~ Semuanya telah bermain dengan baik!!!,เป็นการแข่งที่สนุกจัง~ ทุกคนเก่งมากเลยน้า!!!,Foi um jogo ótimo! Todo mundo jogou muito bem!
,,,소년,,,,,"어이, 거긴 이제 경기 끝난 거야? 곧 있으면 저녁식사 시간인걸!","Hey, did you finish your match? It’s almost dinner time!",おい、そこは今試合終わったのか？もうすぐ晩飯の時間だぜ！,喂，你们那边比赛结束了？马上就要吃晚饭了！,喂，你們那邊比賽結束了？馬上就要吃晚餐了！,"Эй, вы закончили играть? Скоро ужин!","Hei, adakah anda telah selesai perlawanan anda? Waktu makan malam sudah hampir!","Này, trận đấu bên kia đã kết thúc rồi à? Sắp đến giờ ăn tối rồi đấy!",¿Ya terminó el partido allí? ¡Pronto será hora de cenar!,"Hei, kalian sudah selesai bertanding? Sebentar lagi waktunya makan malam!",เฮ้ ตรงนั้นน่ะแข่งกันเสร็จรึยัง? ใกล้จะถึงเวลามื้อเย็นแล้วนะ!,"Ei, o jogo acabou por aí? Logo será a hora do jantar!"
,,,정다희,-1,-2_어머,pause,,"<cha:pop,정다희>앗, 저녁식사 직후엔 캠프파이어를 할텐데! <wrt:wait,15><wrt:break>얼른 마무리 짓고 다같이 갈까? ","<cha:pop,정다희>Oh, the bonfire’s gonna be right after dinner too! <wrt:wait,15><wrt:break>Let’s clean up and head to dinner together!","<cha:pop,정다희>あっ、早く片付けてみんなで行こう！<wrt:wait,15><wrt:break> 晩ご飯の後はキャンプファイヤーもあるし！","<cha:pop,정다희>啊，晚饭后好像还有篝火晚会！<wrt:wait,15><wrt:break>我们赶快收尾一起去吧？","<cha:pop,정다희>啊，吃完飯好像還有營火晚會！<wrt:wait,15><wrt:break>我們趕快收尾一起去吧？","<cha:pop,정다희>О, после ужина ведь планируются костерные посиделки! <wrt:wait,15><wrt:break>Пойдем все вместе?","<cha:pop,정다희>Oh, unggun api akan berlaku sejurus selepas makan malam! <wrt:wait,15><wrt:break>Jom bersihkan diri dan pergi makan malam bersama-sama!","<cha:pop,정다희>Ơ, ngay sau bữa tối chúng ta sẽ đốt lửa trại! <wrt:wait,15><wrt:break>Nhanh chóng kết thúc và cùng đi nào?","<cha:pop,정다희>¡Oh, después de la cena tendremos una fogata! <wrt:wait,15><wrt:break>¿Por qué no terminamos rápido y vamos todos juntos?","<cha:pop,정다희>Aduh, setelah makan malam akan ada acara api unggun! <wrt:wait,15><wrt:break>Bagaimana kalau kita cepat beres-beres dan pergi bersama?","<cha:pop,정다희>อ๊ะ แคมป์ไฟจะมีขึ้นหลังมื้อเย็นทันทีเลยนี่นา! <wrt:wait,15><wrt:break>เรารีบเคลียร์ให้เสร็จแล้วไปกันไหม?","<cha:pop,정다희>Ah, e depois do jantar, teremos uma fogueira! <wrt:wait,15><wrt:break>Então vamos terminar logo!"
,,,TAG,,,,,"<sys:quiet><eff:black,4>","<sys:quiet><eff:black,4>","<sys:quiet><eff:black,4>","<sys:quiet><eff:black,4>","<sys:quiet><eff:black,4>","<sys:quiet><eff:black,4>","<sys:quiet><eff:black,4>","<sys:quiet><eff:black,4>","<sys:quiet><eff:black,4>","<sys:quiet><eff:black,4>","<sys:quiet><eff:black,4>","<sys:quiet><eff:black,4>"
,,,TAG,,,,,"<cha:qhide><sys:map,바다_노을><cha:qpos,백시우,-2><cha:qpos,정다희,0><cha:qpos,남재현,4><sys:bgm,BGM_HOPE>","<cha:qhide><sys:map,바다_노을><cha:qpos,백시우,-2><cha:qpos,정다희,0><cha:qpos,남재현,4><sys:bgm,BGM_HOPE>","<cha:qhide><sys:map,바다_노을><cha:qpos,백시우,-2><cha:qpos,정다희,0><cha:qpos,남재현,4><sys:bgm,BGM_HOPE>","<cha:qhide><sys:map,바다_노을><cha:qpos,백시우,-2><cha:qpos,정다희,0><cha:qpos,남재현,4><sys:bgm,BGM_HOPE>","<cha:qhide><sys:map,바다_노을><cha:qpos,백시우,-2><cha:qpos,정다희,0><cha:qpos,남재현,4><sys:bgm,BGM_HOPE>","<cha:qhide><sys:map,바다_노을><cha:qpos,백시우,-2><cha:qpos,정다희,0><cha:qpos,남재현,4><sys:bgm,BGM_HOPE>","<cha:qhide><sys:map,바다_노을><cha:qpos,백시우,-2><cha:qpos,정다희,0><cha:qpos,남재현,4><sys:bgm,BGM_HOPE>","<cha:qhide><sys:map,바다_노을><cha:qpos,백시우,-2><cha:qpos,정다희,0><cha:qpos,남재현,4><sys:bgm,BGM_HOPE>","<cha:qhide><sys:map,바다_노을><cha:qpos,백시우,-2><cha:qpos,정다희,0><cha:qpos,남재현,4><sys:bgm,BGM_HOPE>","<cha:qhide><sys:map,바다_노을><cha:qpos,백시우,-2><cha:qpos,정다희,0><cha:qpos,남재현,4><sys:bgm,BGM_HOPE>","<cha:qhide><sys:map,바다_노을><cha:qpos,백시우,-2><cha:qpos,정다희,0><cha:qpos,남재현,4><sys:bgm,BGM_HOPE>","<cha:qhide><sys:map,바다_노을><cha:qpos,백시우,-2><cha:qpos,정다희,0><cha:qpos,남재현,4><sys:bgm,BGM_HOPE>"
,,,-,,,,,"<txt:bold,3><txt:color,grey>~얼마 뒤, 캠프파이어 앞~","<txt:bold,3><txt:color,grey>Later, at the bonfire...","<cha:pos,백시우,-2><cha:pos,정다희,0><cha:pos,남재현,4><sys:bgm,BGM_HOPE><txt:bold,3><txt:color,grey>～しばらく後、キャンプファイヤーの前～","<txt:bold,3><txt:color,grey>～一段时间后，篝火旁～","<txt:bold,3><txt:color,grey>～一段時間後，營火前～","<txt:bold,3><txt:color,grey> Чуть позже перед костром","<txt:bold,3><txt:color,grey>Kemudian, di unggun api...","<txt:bold,3><txt:color,grey>~Một lúc sau, trước lửa trại~","<txt:bold,3><txt:color,grey>Un poco después, frente a la fogata","<txt:bold,3><txt:color,grey>~Beberapa saat kemudian, di depan Api Unggun~","<txt:bold,3><txt:color,grey>~หลังจากนั้นไม่นาน, หน้าแคมป์ไฟ~","<txt:bold,3><txt:color,grey>Alguns minutos depois, ao redor da fogueira..."
,,,TAG,,,,,"</cha:hide,정다희>","</cha:hide,정다희>","</cha:hide,정다희>","</cha:hide,정다희>","</cha:hide,정다희>","</cha:hide,정다희>","</cha:hide,정다희>","</cha:hide,정다희>","</cha:hide,정다희>","</cha:hide,정다희>","</cha:hide,정다희>","</cha:hide,정다희>"
,,,정다희,,-1_기본,nervous,silent,"<wrt:delay,5>음... 등도 따숩고 배도 불러서 그런가, <txt:size,-2>조금 졸린걸... <cha:face,정다희,-1_쿨쿨><txt:size,-2>음냐... <txt:color,grey>쿨...","<wrt:delay,5>Mmm, the fire’s warm against my back and my belly’s full, <txt:size,-2>it’s making me a little drowsy... <cha:face,정다희,-1_쿨쿨><txt:size,-2>Yawn... <txt:color,grey>Zzz...","<wrt:delay,5>んー、お腹いっぱい食べて、暖かくて‥<txt:size,-2>ちょっと眠いな‥<cha:face,정다희,-1_쿨쿨><txt:size,-2>むにゃ‥<txt:color,grey>すやあ‥","<wrt:delay,5>嗯...背也暖洋洋的，肚子也吃饱了，<txt:size,-2>有点困...<cha:face,정다희,-1_쿨쿨><txt:size,-2>呼呼...<txt:color,grey>zzZ...","<wrt:delay,5>嗯...背暖呼呼的，肚子也吃飽了，<txt:size,-2>開始有點睏...<cha:face,정다희,-1_쿨쿨><txt:size,-2>呼呼...<txt:color,grey>zzZ...","<wrt:delay,5>Ох... Костер так греет... И еда в животике... <txt:size,-2>В сон клонит... <cha:face,정다희,-1_쿨쿨><txt:size,-2>Уф... <txt:color,grey>Хр-р...","<wrt:delay,5>Mmm, api panas di belakang saya dan perut saya penuh, <txt:size,-2>menjadikan saya sedikit mengantuk... <cha:face,정다희,-1_쿨쿨><txt:size,-2>Menguap... <txt:color,grey>Zzz...","<wrt:delay,5>Ừm... Lưng ấm, bụng no nên thấy <txt:size,-2>hơi buồn ngủ... <cha:face,정다희,-1_쿨쿨><txt:size,-2>Ừm ừm... <txt:color,grey>Khò...","<wrt:delay,5>mm... tal vez es porque mi espalda está calentita y estoy llena, pero <txt:size,-2>me siento un poco somnolienta... <cha:face,정다희,-1_쿨쿨><txt:size,-2>zzz... <txt:color,grey>zzz...","<wrt:delay,5>Hem... Mungkin karena baru makan banyak dan hangatnya tempat ini, <txt:size,-2>aku jadi sedikit ngantuk... <cha:face,정다희,-1_쿨쿨><txt:size,-2>Hoaam... <txt:color,grey>Zzzz...","<wrt:delay,5>อืม... เพราะหลังอุ่นแล้วท้องก็อิ่มรึไงนะ <txt:size,-2>รู้สึกง่วงนิดหน่อย... <cha:face,정다희,-1_쿨쿨><txt:size,-2>งืมงืม... <txt:color,grey>คร่อก...","<wrt:delay,5>Hmm... está tão gostoso e acho que comi demais... <txt:size,-2>Tô morrendo de sono... <cha:face,정다희,-1_쿨쿨><txt:size,-2>Ah... <txt:color,grey>Zzzzzz..."
,,,TAG,,,,,"</cha:hide,백시우></cha:hide,남재현>","</cha:hide,백시우></cha:hide,남재현>","</cha:hide,백시우></cha:hide,남재현>","</cha:hide,백시우></cha:hide,남재현>","</cha:hide,백시우></cha:hide,남재현>","</cha:hide,백시우></cha:hide,남재현>","</cha:hide,백시우></cha:hide,남재현>","</cha:hide,백시우></cha:hide,남재현>","</cha:hide,백시우></cha:hide,남재현>","</cha:hide,백시우></cha:hide,남재현>","</cha:hide,백시우></cha:hide,남재현>","</cha:hide,백시우></cha:hide,남재현>"
,,,백시우,,1_기본,,,"엇, 진짜 자나보네...","Wow, she actually passed out.",えっ、マジで寝てるし‥,咦，她真睡着了...,呃，她真睡著了...,"Ой, заснула.","Eh, betul-betul tidur rupanya...","Ơ, cô ấy ngủ thật rồi kìa...","¡Oh, parece que de verdad se quedó dormida!","Aduh, sepertinya dia ketiduran...",โอ๊ะ สงสัยจะหลับจริงแฮะ...,Ela realmente está dormindo...
,,,남재현,,1_기본,,,"<cha:pos,정다희,-1><cha:pos,남재현,2>시우, 네 옆 자리 비었어? <wrt:wait,15><wrt:break>...저쪽은 <txt:bold,2><txt:color,orange>오아시스</txt:bold></txt:color>가 취해서 다같이 노랠 부르는 판이 되어서.","<cha:pos,정다희,-1><cha:pos,남재현,2>Siwoo, is anyone sitting here? <wrt:wait,15><wrt:break><txt:bold,2><txt:color,orange>Oasis</txt:bold></txt:color> is drunk and getting everyone over there to do karaoke...","<cha:pos,정다희,-1><cha:pos,남재현,2>新、隣空いてる？<wrt:wait,15><wrt:break>あっちは‥<txt:bold,2><txt:color,orange>オアシス</txt:bold></txt:color>選手が酔っぱらってみんなで歌ってるからうるさいんだ。","<cha:pos,정다희,-1><cha:pos,남재현,2>时宇，你旁边座位空着吗？<wrt:wait,15><wrt:break>...那边<txt:bold,2><txt:color,orange>绿洲</txt:bold></txt:color>喝醉了，所有人都在唱歌。","<cha:pos,정다희,-1><cha:pos,남재현,2>時宇，你旁邊有人坐嗎？<wrt:wait,15><wrt:break>...那邊<txt:bold,2><txt:color,orange>綠洲</txt:bold></txt:color>喝醉了，所有人都在唱歌。","<cha:pos,정다희,-1><cha:pos,남재현,2>Шиу, рядом с тобой есть местечко? <wrt:wait,15><wrt:break>Там <txt:bold,2><txt:color,orange>Оазис</txt:bold></txt:color> напился и песни поет.","<cha:pos,정다희,-1><cha:pos,남재현,2>Siwoo, ada sesiapa duduk di sini? <wrt:wait,15><wrt:break><txt:bold,2><txt:color,orange>Oasis</txt:bold></txt:color> sedang mabuk dan mengajak semua orang ke sana untuk berkaraoke...","<cha:pos,정다희,-1><cha:pos,남재현,2>Siwoo, chỗ bên cạnh cậu còn trống không? <wrt:wait,15><wrt:break>...Bên kia <txt:bold,2><txt:color,orange>Oasis</txt:bold></txt:color> say rượu nên mọi người cùng nhau ca hát, náo nhiệt lắm.","<cha:pos,정다희,-1><cha:pos,남재현,2>¿Siwoo, hay un lugar vacío a tu lado? <wrt:wait,15><wrt:break>...Allá, <txt:bold,2><txt:color,orange>Oasis</txt:bold></txt:color> está borracho y todos están cantando juntos.","<cha:pos,정다희,-1><cha:pos,남재현,2>Siwoo, apa aku boleh duduk disini? <wrt:wait,15><wrt:break>...Aku tidak tahan berada disana karena <txt:bold,2><txt:color,orange>Oasis</txt:bold></txt:color> telah mabuk dan semuanya jadi ikut bernyanyi-nyanyi.","<cha:pos,정다희,-1><cha:pos,남재현,2>ชีอู ที่ข้างนายว่างไหม? <wrt:wait,15><wrt:break>...ทางโน้นน่ะ<txt:bold,2><txt:color,orange>โอเอซิส</txt:bold></txt:color>เมาแล้ว เลยกลายเป็นลานแหกปากร้องเพลงกันซะงั้น","<cha:pos,정다희,-1><cha:pos,남재현,2>Siwoo, tem alguém ao seu lado? <wrt:wait,15><wrt:break>Lá do outro lado, o <txt:bold,2><txt:color,orange>Oásis</txt:bold></txt:color> tá tão bêbado que todos estão cantando juntos..."
,,,백시우,,1_기본,pause,,"<cha:pop,백시우>아, 응! 여기 와서 앉아.","<cha:pop,백시우>No, sure, pop a squat.","<cha:pop,백시우>あ、うん。座っていいよ。","<cha:pop,백시우>啊，嗯！过来坐吧。","<cha:pop,백시우>啊，空著！你過來坐吧。","<cha:pop,백시우>Да, конечно!","<cha:pop,백시우>Oh, ya! Marilah duduk di sini.","<cha:pop,백시우>À, ừ! Qua đây ngồi đi.","<cha:pop,백시우>Ah, ¡sí! Ven y siéntate aquí.","<cha:pop,백시우>Oh ya boleh! Duduk sini.","<cha:pop,백시우>อ๋อ อื้ม! มานั่งตรงนี้สิ","<cha:pop,백시우>Ah, tá vazio sim! Vem sentar aqui."
,,,TAG,,,,,"<cha:pop,남재현>","<cha:pop,남재현>","<cha:pop,남재현>","<cha:pop,남재현>","<cha:pop,남재현>","<cha:pop,남재현>","<cha:pop,남재현>","<cha:pop,남재현>","<cha:pop,남재현>","<cha:pop,남재현>","<cha:pop,남재현>","<cha:pop,남재현>"
,,,남재현,,1_웃음,,,"읏차, 고마워. <wrt:wait,15><wrt:break>...정말 신기하네. 우리가 정말 여기서 만날 줄은 꿈에도 몰랐는데.","Ahh, thanks. <wrt:wait,15><wrt:break>Crazy, isn’t it? Feels like a dream we ran into each other here.","よいしょっと、ありがとうな。<wrt:wait,15><wrt:break>‥にしても不思議だよな、こんなところで再会するなんて。","呼，谢啦。<wrt:wait,15><wrt:break>...不过真不可思议，没想到我们竟然会在这里相遇。","呼，謝啦。<wrt:wait,15><wrt:break>...真不可思議。沒想到我們竟然會在這裡相遇。","Спасибо! <wrt:wait,15><wrt:break>Так забавно. Никогда не думал, что мы с тобой встретимся в таком месте.","Ahh, terima kasih. <wrt:wait,15><wrt:break>Gila, bukan? Terasa seperti mimpi kami terserempak di sini.","Úi cha, cảm ơn nhé. <wrt:wait,15><wrt:break>...Thật kỳ lạ. Tớ chưa bao giờ nghĩ chúng ta lại gặp nhau ở đây.","Uf, gracias. <wrt:wait,15><wrt:break>...Es realmente increíble. Nunca imaginé que nos encontraríamos aquí.","Terima kasih. <wrt:wait,15><wrt:break>...Aku sama sekali tidak menyangka bahwa kita akan bertemu lagi disini.","ฮึบ ขอบใจนะ <wrt:wait,15><wrt:break>...น่าทึ่งจริงๆ เนอะ ไม่คิดไม่ฝันเลยว่าเราจะได้มาเจอกันที่นี่","Valeu. <wrt:wait,15><wrt:break>Mas que surpresa, hein! Nunca imaginei que nos encontraríamos aqui."
,,,백시우,,1_웃음,,,나야말로! 선수 준비는 잘 되어가?,For real! How are things going for you?,だよな！プロへの道は順調か？,我也是！成为职业选手的准备还顺利吗？,我也是！選手的準備還順利嗎？,"Ты лучше расскажи, как проходит твоя подготовка в профессиональную лигу!",Saya pun! Macam mana persediaan untuk jadi pemain?,Tớ cũng vậy! Cậu chuẩn bị làm cầu thủ ổn chứ?,¡Igualmente! ¿Cómo va tu preparación para ser jugador?,Aku juga! Bagaimana persiapanmu untuk menjadi Atlet?,ฉันก็ด้วย! นายเตรียมตัวเป็นนักกีฬาราบรื่นดีไหม?,Eu também não imaginava! E como vai a preparação pra ser jogador profissional?
,,,남재현,,2_기본,pause,,"...그럭저럭. 워낙에 배구로 유명한 고등학교에 들어왔으니까. <wrt:wait,15><wrt:break><txt:size,-2>노력만 열심히 하면... 응.","It’s goin’... I mean, I did make it into a big volleyball high school, so... <wrt:wait,15><wrt:break><txt:size,-2>just gotta keep truckin’ and it should happen.","‥まぁまぁかな。バレーの名門校だから<wrt:wait,15><wrt:break><txt:size,-2>とにかくここで頑張ればなんとかなるだろうし‥うん。","...还行吧。毕竟进了排球名校嘛。<wrt:wait,15><wrt:break><txt:size,-2>只要努力训练就...嗯。","...還行吧，畢竟進了排球名校嘛。<wrt:wait,15><wrt:break><txt:size,-2>只要努力訓練就...嗯。","Ну... Нормально. Я же в такую известную волейбольную школу поступил. <wrt:wait,15><wrt:break><txt:size,-2>Осталось только хорошенько постараться.","...Bolehlah. Saya dah masuk sekolah yang memang terkenal dalam bola tampar. <wrt:wait,15><wrt:break><txt:size,-2>Asalkan terus berusaha... Ya.","...Cũng tạm. Dù sao tớ cũng vào một trường cấp 3 nổi tiếng về bóng chuyền mà. <wrt:wait,15><wrt:break><txt:size,-2>Cứ cố gắng hết sức thôi... Ừ.","...Más o menos. Ingresé a una preparatoria que es muy famosa por el voleibol. <wrt:wait,15><wrt:break><txt:size,-2>Si solo trabajo duro... sí.","...Seperti biasanya. Karena aku masuk ke sekolah yang sangat terkenal dengan volinya. <wrt:wait,15><wrt:break><txt:size,-2>Mungkin aku hanya perlu berusaha keras untuk... Iya begitulah.","...ก็พอได้แหละ ในเมื่อได้เข้ามาในโรงเรียนมัธยมปลายที่มีชื่อเสียงด้านวอลเลย์บอลแล้ว <wrt:wait,15><wrt:break><txt:size,-2>แค่ตั้งใจพยายามก็คงจะ... นั่นแหละ","Ah, mais ou menos. Tô numa escola tão prestigiada no vôlei, então, <wrt:wait,15><wrt:break><txt:size,-2>se eu me dedicar..."
,,,남재현,,1_기본,,,"그러는 넌 어떤데? <wrt:wait,15><wrt:break>선수할 생각이 아닌데도 이곳 캠프까지 온 거면... 엄청난 취미 생활인데?","How about you? <wrt:wait,15><wrt:break>You’re not trying to go pro but you’re at this camp... You’re enjoying this as a hobby an awful lot!","そういうお前は？<wrt:wait,15><wrt:break>プロになるつもりもないのにここまで来るなんて‥普通趣味でこんなとこには来ないぞ？","你呢？<wrt:wait,15><wrt:break>不打算当选手还来参加训练营...你这个喜好也不一般啊。","你呢？<wrt:wait,15><wrt:break>不打算當選手還來參加訓練營...看來是相當熱愛你的興趣啊？","А ты-то? <wrt:wait,15><wrt:break>Для хобби ты очень далеко зашел, раз сидишь в этом лагере.","Kamu pula? <wrt:wait,15><wrt:break>Tak berniat jadi pemain tapi sampai datang ke kem ini... Hebat juga hobi kamu, ya?","Thế còn cậu thì sao? <wrt:wait,15><wrt:break>Không định làm cầu thủ mà còn đến tận trại huấn luyện này... Đúng là sở thích bóng chuyền to lớn quá nhỉ?","¿Y tú? <wrt:wait,15><wrt:break>Si no planeas ser jugador y aún así viniste a este campamento... Es un pasatiempo increíble!","Bagaimana denganmu? <wrt:wait,15><wrt:break>Kamu datang ke Kamp seperti ini meski tidak mempunyai niat untuk menjadi atlet... Bisa dibilang luar biasa untuk disebut sekedar hobi!","แล้วนายล่ะเป็นไงบ้าง? <wrt:wait,15><wrt:break>ถ้ามาจนถึงค่ายนี้ ทั้งที่ไม่ได้คิดจะเป็นนักกีฬาล่ะก็... ช่างเป็นงานอดิเรกที่เว่อร์วังมากเลยนะ?","E você? <wrt:wait,15><wrt:break>Mesmo sem planos de se tornar um jogador, você veio até aqui... Isso é mais do que um mero hobby."
,,,백시우,,1_무표정,,,"나? 나야 뭐. 선수는 딱히 생각 없어, 취미로 하는 배구면 충분하지.","Yeah, I dunno. I never thought of going pro. Playing for fun is enough for me.",俺？そうだな‥でも、俺はプロになるつもりはないよ。趣味でバレーをやるだけで充分さ。,我？我嘛。当运动员倒是没想过，打打业余排球就够了。,我？我嘛。當選手倒是沒想過，打打業餘排球就夠了。,Я? Мне достаточно волейбола как хобби. Спортсменом я становиться не собираюсь.,"Ya, saya tidak tahu. Saya tidak pernah terfikir untuk menjadi profesional. Bermain untuk keseronokan sudah cukup bagi saya.","Tớ á? Tớ không hẳn định làm cầu thủ đâu, chơi bóng chuyền như một sở thích là đủ rồi.","¿Yo? Pues... no tengo planes de ser jugador, el voleibol como pasatiempo es suficiente.","Aku? Aku tidak punya niat untuk menjadi atlet, untukku bermain voli cukup sebagai hobi saja.",ฉันน่ะเหรอ? ฉันไม่ได้คิดไปถึงการเป็นนักกีฬาหรอก แค่เล่นวอลเลย์บอลเป็นงานอดิเรกก็พอแล้ว,"Eu? Realmente, não tenho planos de me tornar jogador, jogo vôlei só por hobby."
,,,남재현,,2_정색,pause,silent,"<wrt:delay,15>... ... ...","<wrt:delay,15>... ... ...","<wrt:delay,15>... ... ...","<wrt:delay,15>... ... ...","<wrt:delay,15>... ... ...","<wrt:delay,15>... ... ...","<wrt:delay,15>... ... ...","<wrt:delay,15>... ... ...","<wrt:delay,15>... ... ...","<wrt:delay,15>... ... ...","<wrt:delay,15>... ... ...","<wrt:delay,15>... ... ..."
,,,남재현,,2_기본,,,"음, 그래. 배구가 취미면 재밌지. 그래도 여기까지 온 게 대단한걸?","Yeah, volleyball as a hobby is fun. I’m surprised you made it this far though.",そうか。まあ、バレーは趣味でも楽しいもんな。それでもここまで来たのはすごいことだよ。,嗯，这样啊。把排球当爱好挺好的。不过能来这里也够厉害了。,嗯這樣啊，排球當興趣也挺好的。不過能來這裡也夠厲害了。,"Ага, отличное хобби! Но ты молодец, раз зашел так далеко.","Hmm, ya. Bola tampar sebagai hobi memang seronok. Tapi hebat juga kamu boleh sampai ke sini.","Ừ, đúng vậy. Bóng chuyền là sở thích thì vui mà. Nhưng cậu đến tận đây cũng ghê lắm đấy?","Hmm, ya veo. El voleibol como pasatiempo es divertido. Pero es impresionante que hayas llegado hasta aquí.","Hem, iya main voli sebagai hobi itu menyenangkan. Meski begitu hebat sekali kamu bisa sampai ke sejauh ini!",อืม นั่นสินะ ถ้าวอลเลย์บอลเป็นงานอดิเรกก็ย่อมสนุกอยู่แล้วเนอะ แต่มาจนถึงขนาดนี้ก็ไม่เบาเลยนะ?,Entendi. O vôlei é um excelente hobby! Mas é impressionante você ter vindo até aqui!
,,,백시우,,1_기본,wave,,"하하, 사실 그래서 요즘 네가 더 대단하게 느껴지네. 네 실력은 그걸 뛰어넘는다는 거잖아!","Haha, that’s why I find you even more impressive these days. Your skills go beyond just playing as a hobby!",はは、だから最近、お前がますますすごく感じるんだ。<wrt:break>お前の実力は趣味のレベルを超えてるってことだろ！,哈哈，说实话最近越来越觉得你厉害了。你的实力已经超越业余了，不是吗！,哈哈，說真的，就是因為這樣，我最近才越來越覺得你厲害啊。你的實力還在這之上，對吧！,"Ха-ха! Теперь я знаю, какой ты крутой. Ведь твои навыки намного лучше.","Haha, sebab itulah saya makin rasa kamu hebat. Maknanya kemahiran kamu melebihi tahap itu!","Ha ha, thật ra vì thế mà dạo này tớ càng thấy cậu đáng nể hơn. Thực lực của cậu còn vượt cả mức đó mà!","Jaja, de hecho, últimamente te veo más impresionante. ¡Tu habilidad supera eso!","Haha, sebenarnya akhir-akhir ini aku jadi merasa kamu lebih hebat. Karena kemampuanmu telah melebihi hal itu!",ฮ่าฮ่า ที่จริงช่วงนี้ฉันก็เลยยิ่งรู้สึกว่านายสุดยอดมาก เพราะฝีมือของนายก้าวข้ามมันมาแล้วนี่นา!,"Haha, na verdade, é por isso que tenho te admirado mais ultimamente. Seu talento vai muito além disso!"
,,,백시우,,1_웃음,,,"그러고보니 <txt:bold,2><txt:color,orange>하늘고</txt:bold></txt:color>, 너희 학교도 <txt:bold,2>전국 대회</txt:bold>에 나간다면서?","Come to think of it, your team, <txt:bold,2><txt:color,orange>Sky High</txt:bold></txt:color>, is gonna be in the <txt:bold,2>National Tournament</txt:bold>, I heard.","そういえば<txt:bold,2><txt:color,orange>天空高校</txt:bold></txt:color>‥お前の学校も<txt:bold,2>全国大会</txt:bold>に出るんだよな？","说起来<txt:bold,2><txt:color,orange>天空高中</txt:bold></txt:color>，你们学校不是要参加<txt:bold,2>全国大赛</txt:bold>吗？","說起來你們<txt:bold,2><txt:color,orange>天空高中</txt:bold></txt:color>，不是要參加<txt:bold,2>全國大賽</txt:bold>嗎？","Кстати, <txt:bold,2><txt:color,orange>школа «Ханыль»</txt:bold></txt:color> тоже собирается на <txt:bold,2>национальный чемпионат</txt:bold>?","Cuba fikirkan, pasukan anda, <txt:bold,2><txt:color,orange>Sky High</txt:bold></txt:color>, akan berada dalam <txt:bold,2>Kejohanan Kebangsaan</txt:bold>, saya dengar.","Mà này, <txt:bold,2><txt:color,orange>Trường THPT Thiên Thanh</txt:bold></txt:color> của cậu cũng dự <txt:bold,2>giải đấu toàn quốc</txt:bold> đúng không?","A propósito, la <txt:bold,2><txt:color,orange>Escuela Haneul</txt:bold></txt:color>, tu escuela, también va al <txt:bold,2>torneo nacional</txt:bold>, ¿no?","Ngomong-ngomong <txt:bold,2><txt:color,orange>SMA Sky</txt:bold></txt:color>, ku dengar sekolahmu juga ikut partisipasi dalam <txt:bold,2>Turnamen Nasional</txt:bold>, apa benar?","จะว่าไปแล้ว <txt:bold,2><txt:color,orange>มัธยมนภากาศ</txt:bold></txt:color> โรงเรียนของนายก็ได้ไป<txt:bold,2>ทัวร์นาเมนต์ระดับประเทศ</txt:bold>ด้วยใช่ไหม?","Aliás, ouvi dizer que sua escola, o <txt:bold,2><txt:color,orange>Colégio Céu</txt:bold></txt:color>, também vai participar do <txt:bold,2>torneio nacional</txt:bold>."
,,,남재현,,2_기본,,,"그렇지, 애초에 여기 오는 조건이 <txt:bold,2>지역 대회 우승</txt:bold>이니까.","Yeah, we had to win our <txt:bold,2>Regional Tournament</txt:bold> to get into this camp also.","ああ、そもそもここは<txt:bold,2>地域大会で優勝</txt:bold>したチームしか集まらないから。","没错，来这里的条件本来就是<txt:bold,2>拿下地区大赛冠军</txt:bold>嘛。","沒錯，來這裡的條件本來就是<txt:bold,2>贏得地區賽</txt:bold>嘛。","Ага. Изначально условием для участия в лагере была <txt:bold,2>победа в региональном соревновании</txt:bold>.","Ya, kami terpaksa memenangi <txt:bold,2>Kejohanan Serantau</txt:bold> untuk menyertai kem ini juga.","Đúng vậy, ngay từ đầu điều kiện để đến đây là phải <txt:bold,2>vô địch giải khu vực</txt:bold> mà.","Sí, la condición para venir aquí era ganar la <txt:bold,2>competencia regional</txt:bold>.","Tentu saja, karena syarat utama untuk datang ke tempat ini adalah dengan <txt:bold,2>menjuarai Turnamen Regional</txt:bold>.","ก็ใช่น่ะสิ เพราะเงื่อนไขของการมาที่นี่ คือ<txt:bold,2>ชนะเลิศทัวร์นาเมนต์ระดับท้องถิ่น</txt:bold>","Sim, na verdade, pra estar aqui é necessário <txt:bold,2>ter vencido o torneio regional</txt:bold>."
,,,남재현,,2_웃음,pause,,"<cha:pop,남재현>음! 이러다가 우리가 <txt:bold,2>전국 대회</txt:bold>에서 마주하게 되는 건 아니려나.","<cha:pop,남재현>Hey! Doesn’t that mean both our teams are gonna face each other at the <txt:bold,2>National Tournament</txt:bold>?","<cha:pop,남재현>あ！もしかして俺たち<txt:bold,2>全国大会</txt:bold>で対戦することになったりして？","<cha:pop,남재현>嗯！照这个势头，没准我们会在<txt:bold,2>全国大赛</txt:bold>相遇哦。","<cha:pop,남재현>嗯！照這個勢頭，說不定我們會在<txt:bold,2>全國大賽</txt:bold>相遇哦。","<cha:pop,남재현>Если подумать, то мы с тобой еще столкнемся на <txt:bold,2>национальном чемпионате</txt:bold>.","<cha:pop,남재현>Hei! Bukankah itu bermakna kedua-dua pasukan kita akan berdepan antara satu sama lain di <txt:bold,2>Kejohanan Kebangsaan</txt:bold>?","<cha:pop,남재현>Ừm! Biết đâu hai đội chúng ta sẽ chạm trán nhau ở <txt:bold,2>giải đấu toàn quốc</txt:bold> thì sao nhỉ.","<cha:pop,남재현>¡Hmm! ¿Podríamos encontrarnos en el <txt:bold,2>torneo nacional</txt:bold>? ¿no?","<cha:pop,남재현>Hem! Bisa-bisa kita saling berhadapan pada saat <txt:bold,2>Turnamen Nasional</txt:bold>.","<cha:pop,남재현>อ้อ! แบบนี้ล่ะก็ เราจะได้ปะทะกันใน<txt:bold,2>ทัวร์นาเมนต์ระดับประเทศ</txt:bold>รึเปล่าเนี่ย","<cha:pop,남재현>Hmm! Será que vamos nos encontrar no <txt:bold,2>torneio nacional</txt:bold>?"
,,,백시우,,1_웃음,,,"하하, 그러려나~? <cha:face,백시우,1_기본><wrt:wait,15><wrt:break>하지만... 이렇게 된 이상 정말 그렇게 되면 좋겠네!","Haha, maybe! <cha:face,백시우,1_기본><wrt:wait,15><wrt:break>But that would really be awesome.","はは、どうだろうな？<cha:face,백시우,1_기본><wrt:wait,15><wrt:break>でも‥こうなった以上、本当に対戦できるといいな！","哈哈，是吗～？<cha:face,백시우,1_기본><wrt:wait,15><wrt:break>不过...既然这样，真希望能实现啊！","哈哈，是嗎～？<cha:face,백시우,1_기본><wrt:wait,15><wrt:break>不過...既然這樣，真希望能實現啊！","Ха-ха, думаешь?<cha:face,백시우,1_기본><wrt:wait,15><wrt:break>Если честно... Я был бы рад!","Haha, mungkin! <cha:face,백시우,1_기본><wrt:wait,15><wrt:break>Tetapi itu benar-benar hebat.","Ha ha, liệu có vậy không~? <cha:face,백시우,1_기본><wrt:wait,15><wrt:break>Nhưng mà... giờ đã thế rồi, nếu thực sự vậy thì tuyệt quá!","Jaja, ¿será? <cha:face,백시우,1_기본><wrt:wait,15><wrt:break>Pero... sería genial que realmente pasara!","Haha, mungkin~? <cha:face,백시우,1_기본><wrt:wait,15><wrt:break>Tapi... Aku jadi berharap hal itu akan benar-benar terjadi!","ฮ่าฮ่า ก็เป็นไปได้นะ~? <cha:face,백시우,1_기본><wrt:wait,15><wrt:break>แต่ว่า... ถ้าเป็นแบบนั้นจริงๆ ก็ดีแฮะ!","Haha, quem sabe, né? <cha:face,백시우,1_기본><wrt:wait,15><wrt:break>Mas se isso acontecer, seria uma experiência unica!"
,,,남재현,,2_무표정,pause,quest,"<wrt:delay,5>...오? 정말?","<wrt:delay,5>Oh? You really think that?","<wrt:delay,5>‥おっ？マジで？","<wrt:delay,5>...哦？真的？","<wrt:delay,5>...哦？真的？","<wrt:delay,5>Что? Правда?","<wrt:delay,5>Oh? Anda benar-benar fikir itu?","<wrt:delay,5>...Ồ? Thật á?","<wrt:delay,5>...¿Oh en serio?","<wrt:delay,5>...Ohh? Beneran?","<wrt:delay,5>...โอ้? จริงเหรอ?","<wrt:delay,5>Oh? Jura?"
,,,백시우,,1_결연,pause,,"<cha:pop,백시우>응, 이렇게 된 이상 최선을 다 해야지. 한번 <txt:bold,2>전국 대회</txt:bold>에서 만나보자고!","<cha:pop,백시우>Yeah, we made it this far, so I gotta give it my all. I hope we meet again at the <txt:bold,2>National Tournament</txt:bold>!","<cha:pop,백시우>うん、ベストを尽くしてがんばるよ。<txt:bold,2>全国大会</txt:bold>でまた会おうな！","<cha:pop,백시우>嗯，既然如此就要全力以赴。让我们在<txt:bold,2>全国大赛</txt:bold>相见吧！","<cha:pop,백시우>嗯，既然如此就要全力以赴。讓我們在<txt:bold,2>全國大賽</txt:bold>相見吧！","<cha:pop,백시우>Конечно! Давай встретимся на <txt:bold,2>национальном чемпионате</txt:bold>!","<cha:pop,백시우>Ya, kami berjaya sejauh ini, jadi saya perlu memberikan yang terbaik. Saya harap kita bertemu lagi di <txt:bold,2>Kejohanan Kebangsaan</txt:bold>!","<cha:pop,백시우>Ừ, giờ đã thế này rồi thì phải cố hết sức thôi. Gặp nhau ở <txt:bold,2>giải đấu toàn quốc</txt:bold> nhé!","<cha:pop,백시우>¡Sí, así que daré lo mejor de mí! Vamos a encontrarnos en el <txt:bold,2>torneo nacional</txt:bold>!","<cha:pop,백시우>Iya, selagi aku telah sampai sejauh ini aku ingin melakukannya sebaik mungkin. Mari kita berhadapan di <txt:bold,2>Turnamen Nasional</txt:bold>!","<cha:pop,백시우>อื้ม ไหนๆ ก็มาถึงขนาดนี้แล้ว ต้องทำให้เต็มที่สิ เรามาเจอกันสักครั้งใน<txt:bold,2>ทัวร์นาเมนต์ระดับประเทศ</txt:bold>เถอะ!","<cha:pop,백시우>Sim, vamos dar o nosso melhor. Mal posso esperar para nos encontrarmos no <txt:bold,2>torneio nacional</txt:bold>!"
,,,남재현,,2_기본,nervous,,"...역시 느끼는 거지만 네 열정은 엄청나네. <wrt:wait,15><wrt:break><txt:bold,2>전국 대회</txt:bold> 진출, 호락호락하지 않을텐데.","I can feel your fervor, Siwoo. <wrt:wait,15><wrt:break>It won’t be a walk in the park advancing through the <txt:bold,2>National Tournament</txt:bold>.","‥いつも思うけど、すごい情熱だよな。でも、<wrt:wait,15><wrt:break><txt:bold,2>全国大会</txt:bold>は甘くないからな。","...果然你的热情令人惊讶啊。<wrt:wait,15><wrt:break>进军<txt:bold,2>全国大赛</txt:bold>，可没那么容易。","...你的熱情果然令人驚豔啊！<wrt:wait,15><wrt:break>進軍<txt:bold,2>全國大賽</txt:bold>，可沒那麼容易。","Как я и думал, у тебя потрясающий запал!<wrt:wait,15><wrt:break>Но выход на <txt:bold,2>национальный уровень</txt:bold> будет непрост.","...Memang semangat kamu luar biasa, Siwoo. <wrt:wait,15><wrt:break>Bukan mudah nak mara dalam <txt:bold,2>Kejohanan Kebangsaan</txt:bold>.","...Đúng như tớ cảm nhận, nhiệt huyết của cậu đáng nể thật. <wrt:wait,15><wrt:break>Lọt vào <txt:bold,2>giải đấu toàn quốc</txt:bold>, không hề đơn giản đâu.","...Siento que tu pasión es increíble. La clasificación al <wrt:wait,15><wrt:break><txt:bold,2>torneo nacional</txt:bold> no será fácil.","...Aku selalu terkagum dengan semangatmu yang luar biasa. Padahal tidak akan mudah untuk dapat lolos ke <wrt:wait,15><wrt:break><txt:bold,2>Turnamen Nasional</txt:bold>.","...นายมีความมุ่งมั่นที่เปี่ยมล้นจริงๆ <wrt:wait,15><wrt:break>การได้เข้าสู่<txt:bold,2>ทัวร์นาเมนต์ระดับประเทศ</txt:bold>น่ะ ไม่น่าจะง่ายเลยแท้ๆ","Seu entusiasmo é realmente impressionante. <wrt:wait,15><wrt:break>Não será uma jornada fácil até o <txt:bold,2>torneio nacional</txt:bold>."
,,,정다희,,-1_쿨쿨,shake,,"<txt:size,2>...전골?! </txt:size><wrt:delay,5> ...스읍, 전골... 대하...? <cha:face,정다희,-2_헤헤>맛있는데.","<txt:size,2>...Stew? </txt:size><wrt:delay,5>...Mmm, stew... and steamed shrimp...? <cha:face,정다희,-2_헤헤>Yummy...","<txt:size,2>‥甘い？</txt:size><wrt:delay,5>‥じゅる、甘いもの‥キャンディー？<cha:face,정다희,-2_헤헤>おいしいよねぇ。","<txt:size,2>...火锅？！</txt:size><wrt:delay,5>...呼呼，海鲜...火锅...？<cha:face,정다희,-2_헤헤>好好吃啊。","<txt:size,2>...火鍋？！</txt:size><wrt:delay,5>...呼呼，海鮮...火鍋...？<cha:face,정다희,-2_헤헤>好好吃～","<txt:size,2>...Супчик?! </txt:size><wrt:delay,5> ...Ням, супчик... Креветка...? <cha:face,정다희,-2_헤헤>Какая вкуснятина...","<txt:size,2>...Rebus? </txt:size><wrt:delay,5>...Mmm, rebus... dan udang kukus...? <cha:face,정다희,-2_헤헤>Sedap...","<txt:size,2>...Lẩu?! </txt:size><wrt:delay,5> ...Ực, lẩu... tôm càng...? <cha:face,정다희,-2_헤헤>Ngon vậy.","<txt:size,2>...¿Sopa?! </txt:size><wrt:delay,5> ...Sopa...de ¿camarón...? <cha:face,정다희,-2_헤헤>Delicioso.","<txt:size,2>...Tuna?! </txt:size><wrt:delay,5> ...Sluurp, tuna... nasi...? <cha:face,정다희,-2_헤헤>Enak...","<txt:size,2>...ข้าวผัดอเมริกัน?! </txt:size><wrt:delay,5> ...แจ๊บ ข้าวผัดอเมริกัน... ซอสมะเขือเทศ...? <cha:face,정다희,-2_헤헤>อร่อยจังเลย","<txt:size,2>Sopa? </txt:size><wrt:delay,5>Com frutos do mar? <cha:face,정다희,-2_헤헤>Parece uma delícia!"
,,,백시우,,1_정적,nervous,sweat,"<wrt:delay,5>아하하...","<wrt:delay,5>Hahah...","<wrt:delay,5>あはは‥","<wrt:delay,5>哈哈哈...","<wrt:delay,5>哈哈哈...","<wrt:delay,5>Ха-ха-ха-ха!","<wrt:delay,5>Hahah...","<wrt:delay,5>A ha ha...","<wrt:delay,5>Ajaja...","<wrt:delay,5>Hahaha...","<wrt:delay,5>อะฮ่าฮ่า...","<wrt:delay,5>Hahaha..."
,,,남재현,,1_웃음,,,"그럼, 난 먼저 일어나볼게.","Welp, guess I’ll get goin’.",じゃあ、俺はそろそろ行くよ。,那，我先走了。,那我先走了。,"Ну что же, я пойду.","Baiklah, saya akan pergi.","Vậy, tớ xin phép đi trước đây.","Bueno, me levantaré primero.",Kalau begitu aku akan pergi duluan.,ถ้างั้นฉันขอตัวก่อนแล้วกัน,"Bom, vou indo nessa."
,,,남재현,,1_웃음,,,"<txt:bold,2>전국 대회</txt:bold>에서 보자, 시우.","See you at the <txt:bold,2>National Tournament</txt:bold>, Siwoo.","<txt:bold,2>全国大会</txt:bold>で会おう、新。","<txt:bold,2>全国大赛</txt:bold>见，时宇。","<txt:bold,2>全國大賽</txt:bold>見，時宇。","Увидимся на <txt:bold,2>национальном чемпионате</txt:bold>, Шиу.","Jumpa anda di <txt:bold,2>Kejohanan Kebangsaan</txt:bold>, Siwoo.","<txt:bold,2>Giải đấu toàn quốc</txt:bold>, hẹn gặp lại nhé Siwoo.","Nos vemos en el <txt:bold,2>torneo nacional</txt:bold>, Siwoo.","Aku tunggu di <txt:bold,2>Turnamen Nasional</txt:bold>, Siwoo.","ไว้เจอกันใน<txt:bold,2>ทัวร์นาเมนต์ระดับประเทศ</txt:bold>นะ ชีอู","Vejo você no <txt:bold,2>torneio nacional</txt:bold>, Siwoo."
,,,남재현,,2_무표정,pause,,"<txt:size,-2><txt:bold,2><txt:color,red><wrt:sfx,무음><wrt:delay,5><scr:noskip>...볼 수 있다면.","<txt:size,-2><txt:bold,2><txt:color,red><wrt:sfx,무음><wrt:delay,5><scr:noskip>If you make it...","<txt:size,-2><txt:bold,2><txt:color,red><wrt:sfx,무음><wrt:delay,5><scr:noskip>‥会えたらね。","<txt:size,-2><txt:bold,2><txt:color,red><wrt:sfx,무음><wrt:delay,5><scr:noskip>...如果能碰上的话。","<txt:size,-2><txt:bold,2><txt:color,red><wrt:sfx,무음><wrt:delay,5><scr:noskip>...如果還有機會的話。","<txt:size,-2><txt:bold,2><txt:color,red><wrt:sfx,무음><wrt:delay,5><scr:noskip>Если получится...","<txt:size,-2><txt:bold,2><txt:color,red><wrt:sfx,무음><wrt:delay,5><scr:noskip>Jika anda berjaya...","<txt:size,-2><txt:bold,2><txt:color,red><wrt:sfx,무음><wrt:delay,5><scr:noskip>...Nếu gặp được...","<txt:size,-2><txt:bold,2><txt:color,red><wrt:sfx,무음><wrt:delay,5><scr:noskip>...Si podemos.","<txt:size,-2><txt:bold,2><txt:color,red><wrt:sfx,무음><wrt:delay,5><scr:noskip>...Jika kita bisa bertemu.","<txt:size,-2><txt:bold,2><txt:color,red><wrt:sfx,무음><wrt:delay,5><scr:noskip>...ถ้าเป็นไปได้น่ะนะ","<txt:size,-2><txt:bold,2><txt:color,red><wrt:sfx,무음><wrt:delay,5><scr:noskip>...Se a gente conseguir se encontrar."
4,경기 전,#,MAP,,,,,바다,바다,바다,바다,바다,바다,바다,바다,바다,바다,바다,바다
,,#,BGM,,,,,BGM_MEET_LISIA,BGM_MEET_LISIA,BGM_MEET_LISIA,BGM_MEET_LISIA,BGM_MEET_LISIA,BGM_MEET_LISIA,BGM_MEET_LISIA,BGM_MEET_LISIA,BGM_MEET_LISIA,BGM_MEET_LISIA,BGM_MEET_LISIA,BGM_MEET_LISIA
,,#,백시우,-2,1_기본,,,,,,,,,,,,,,
,,#,정다희,2,3_활짝,,,,,,,,,,,,,,
,,#,리시아,4,1_기본,,,,,,,,,,,,,,
,,,-,,,,,"<txt:bold,3><txt:color,grey>~부드러운 모래사장~","<txt:bold,3><txt:color,grey>On the soft sand court...","<txt:bold,3><txt:color,grey>～ふかふかな砂浜～","<txt:bold,3><txt:color,grey>～柔软的沙滩～","<txt:bold,3><txt:color,grey>～柔軟的沙灘～","<txt:bold,3><txt:color,grey>Мягкий песочный пляж","<txt:bold,3><txt:color,grey>Di gelanggang pasir lembut...","<txt:bold,3><txt:color,grey>~Bãi biển mịn màng~","<txt:bold,3><txt:color,grey>Suave playa de arena","<txt:bold,3><txt:color,grey>~Pantai Pasir yang lembut~","<txt:bold,3><txt:color,grey>~หาดทรายอ่อนนุ่ม~","<txt:bold,3><txt:color,grey>Numa praia com areia macia sob os pés..."
,,,정다희,,3_활짝,,,"시우! 오늘이 네가 이야기한 <txt:bold,2><txt:color,orange>리시아</txt:bold></txt:color>와의 경기지? <wrt:wait,15><wrt:break> 안 그래도 네가 이야기해준 덕에 조금 찾아봤는데... 그 선수, 우리 나라 사람이더라구?","Siwoo! Today’s the day of our match with <txt:bold,2><txt:color,orange>Lisia</txt:bold></txt:color>, isn’t it? <wrt:wait,15><wrt:break>I did a little digging after you told me about it... and it turns out she’s from Korea too!","新！今日はあなたが言ってた<txt:bold,2><txt:color,orange>リシア</txt:bold></txt:color>との試合よね？<wrt:wait,15><wrt:break>あなたの話を聞いてちょっと調べてみたんだけど‥あの人、日本人なんだって。","时宇！今天就是和<txt:bold,2><txt:color,orange>莉西亚</txt:bold></txt:color>比赛的日子吧？<wrt:wait,15><wrt:break>我稍微查了下...那个选手，竟然是我们国家的人？","時宇！今天就是你說的和<txt:bold,2><txt:color,orange>莉西亞</txt:bold></txt:color>比賽的日子吧？<wrt:wait,15><wrt:break>多虧你提起，我才稍微查了一下...那個選手，竟然是我們國家的人？","Шиу! Сегодня у нас игра с <txt:bold,2><txt:color,orange>Лисией</txt:bold></txt:color>, о которой ты говорил? <wrt:wait,15><wrt:break> Я немного навела справки... Оказывается, она из нашей страны!","Siwoo! Hari ini perlawanan dengan <txt:bold,2><txt:color,orange>Lisia</txt:bold></txt:color> yang kamu cerita itu, kan? <wrt:wait,15><wrt:break>Lepas kamu beritahu, saya cari sedikit maklumat... Rupa-rupanya dia senegara dengan kita!","Siwoo! Hôm nay là ngày cậu đấu với <txt:bold,2><txt:color,orange>Lisia</txt:bold></txt:color> mà cậu nhắc tới phải không? <wrt:wait,15><wrt:break> Tớ cũng tìm hiểu một chút nhờ lời cậu nói... Hóa ra chị ấy là người cùng nước với chúng ta đấy?","¡Siwoo! ¿Hoy es el partido con <txt:bold,2><txt:color,orange>Liscia</txt:bold></txt:color> del que me hablaste? <wrt:wait,15><wrt:break> ¡Busqué un poco gracias a lo que me dijiste... y esa jugadora es de nuestro país!","Siwoo! Kalau tidak salah hari ini kita akan bertanding melawan <txt:bold,2><txt:color,orange>Lisia</txt:bold></txt:color> itu kan? <wrt:wait,15><wrt:break> Setelah kamu memberitahu-ku, aku telah coba mencari informasi tentangnya... Atlet itu, ternyata warga negara kita.","ชีอู! วันนี้เป็นการแข่งกับ<txt:bold,2><txt:color,orange>ลิเซีย</txt:bold></txt:color>ที่นายเคยบอกใช่ไหม? <wrt:wait,15><wrt:break> พอนายมาเล่าให้ฟัง ฉันเลยลองหาข้อมูลนิดหน่อย... ก็เลยรู้ว่าเธอเป็นคนประเทศเดียวกับเรานะ","Siwoo! Hoje é o jogo contra a <txt:bold,2><txt:color,orange>Liscia</txt:bold></txt:color>, né? <wrt:wait,15><wrt:break>E olha só, pesquisei um pouco sobre ela... Você sabia que ela é daqui do nosso país?"
,,,정다희,,1_기본,,,"우리와는 나이 차이도 얼마 나지 않고... <wrt:wait,15><wrt:break>이전엔 프로 배구 팀에서 <txt:bold,2>스카웃 제의</txt:bold>도 받았을만큼 유망한 선수였나봐~!","She’s also around our age. <wrt:wait,15><wrt:break>She was so promising that a pro volleyball team even made her a <txt:bold,2>scouting offer</txt:bold>!","私たちと年齢もそんなに変わらないし‥<wrt:wait,15><wrt:break>前はプロのチームから<txt:bold,2>スカウトの誘い</txt:bold>を受けるくらい、将来を期待されてた選手だったみたい！","和我们年纪也相差无几...<wrt:wait,15><wrt:break>之前好像还收到过职业排球队的<txt:bold,2>招募邀请</txt:bold>，是很有前途的选手呢～！","和我們年紀也相差無幾...<wrt:wait,15><wrt:break>之前好像還收到過職業排球隊的<txt:bold,2>挖角提議</txt:bold>，是很有前途的選手呢～！","Мы с ней почти одного возраста... <wrt:wait,15><wrt:break>Но она уже успела получить <txt:bold,2>предложение вступить</txt:bold> в профессиональную волейбольную команду. В общем, она широко известна!","Umur dia pun tak jauh beza daripada kita... <wrt:wait,15><wrt:break>Nampaknya dia pemain berbakat yang pernah menerima <txt:bold,2>tawaran menyertai pasukan profesional</txt:bold>!","Cô ấy cũng chẳng chênh lệch tuổi tác mấy với chúng ta... <wrt:wait,15><wrt:break>Trước đây từng là một vận động viên triển vọng tới mức nhận được <txt:bold,2>lời mời của đội bóng chuyền chuyên nghiệp</txt:bold> cơ~!","Tiene casi nuestra misma edad... <wrt:wait,15><wrt:break>¡Y antes fue una jugadora tan prometedora que recibió una <txt:bold,2>oferta de reclutamiento</txt:bold> de un equipo de voleibol profesional!","Usianya tidak jauh dari kita... <wrt:wait,15><wrt:break>Sepertinya dia begitu berbakat sampai pernah mendapat <txt:bold,2>tawaran bergabung</txt:bold> dari tim voli profesional~!","แถมยังอายุใกล้เคียงกับเราอีก... <wrt:wait,15><wrt:break>ท่าทางจะเป็นนักกีฬามีชื่อเสียงไม่เบาเลยนะ เพราะก่อนหน้านี้เคยถูก<txt:bold,2>ทาบทาม</txt:bold>จากทีมวอลเลย์บอลอาชีพด้วย~!","Ela tem quase a nossa idade... <wrt:wait,15><wrt:break>E já recebeu <txt:bold,2>propostas</txt:bold> de times profissionais de vôlei!"
,,,정다희,,1_웃음,,,"하지만 <txt:bold,2>서머 스플래쉬</txt:bold> 캠프를 계기로 <txt:bold,2><txt:color,orange>오아시스</txt:bold></txt:color>처럼 비치발리볼로 진로를 틀었다던가?","But apparently, she wanted to play beach volleyball like <txt:bold,2><txt:color,orange>Oasis</txt:bold></txt:color>, so after attending <txt:bold,2>Summer Splash</txt:bold> camp, she switched to beach volleyball.","でも<txt:bold,2>サマースプラッシュ</txt:bold>キャンプをきっかけに、<txt:bold,2><txt:color,orange>オアシス</txt:bold></txt:color>選手のようにビーチバレーに転向したんだって。","但听说她把<txt:bold,2>夏日飞溅</txt:bold>训练营当成契机，像<txt:bold,2><txt:color,orange>绿洲</txt:bold></txt:color>一样转战沙排了？","但聽說她把<txt:bold,2>夏日狂歡</txt:bold>訓練營當成契機，像<txt:bold,2><txt:color,orange>綠洲</txt:bold></txt:color>一樣轉戰沙灘排球了？","После участия в <txt:bold,2>Summer Splash</txt:bold>, она, как и <txt:bold,2><txt:color,orange>Оазис</txt:bold></txt:color>, решила заняться пляжным волейболом.","Tapi dia beralih ke bola tampar pantai seperti <txt:bold,2><txt:color,orange>Oasis</txt:bold></txt:color> selepas menyertai kem <txt:bold,2>Summer Splash</txt:bold>, kan?","Nhưng nhờ trại huấn luyện <txt:bold,2>Summer Splash</txt:bold> mà cô ấy chuyển sang chơi bóng chuyền bãi biển giống như <txt:bold,2><txt:color,orange>Oasis</txt:bold></txt:color> đấy?","Pero a raíz del campamento <txt:bold,2>Summer Splash</txt:bold>, cambió su carrera hacia el voleibol de playa como <txt:bold,2><txt:color,orange>Oasis</txt:bold></txt:color>, ¿verdad?","Namun setelah Kamp <txt:bold,2>Summer Splash</txt:bold>, dia memutuskan untuk mengubah bidangnya ke Beach Volleyball seperti layaknya <txt:bold,2><txt:color,orange>Oasis</txt:bold></txt:color>.","แต่เพราะค่าย<txt:bold,2>ซัมเมอร์สแปลช</txt:bold> ก็เลยเปลี่ยนเส้นทางมาเป็นวอลเลย์บอลชายหาด เหมือนกับ<txt:bold,2><txt:color,orange>โอเอซิส</txt:bold></txt:color>รึเปล่านะ?","Mas, com o <txt:bold,2>Summer Splash</txt:bold>, ela resolveu seguir o caminho do vôlei de praia, como o <txt:bold,2><txt:color,orange>Oásis</txt:bold></txt:color>."
,,,리시아,,1_기본,wave,joy,"<sys:sfx,반짝_1><cha:pos,정다희,-1><cha:face,정다희,-1_기본><cha:pos,리시아,2>정확해요! <txt:wave,1>비치발리볼에는 배구에 없는 <txt:bold,2>낭만</txt:bold>이 있으니까요~","<sys:sfx,반짝_1><cha:pos,정다희,-1><cha:face,정다희,-1_기본><cha:pos,리시아,2>That’s right! <txt:wave,1>Beach volleyball has a <txt:bold,2>romanticism</txt:bold> that can’t be found in normal volleyball!","<sys:sfx,반짝_1><cha:pos,정다희,-1><cha:face,정다희,-1_기본><cha:pos,리시아,2>そうなんです！<txt:wave,1>バレーにはない<txt:bold,2>ロマン</txt:bold>がビーチバレーにはありますから！","<sys:sfx,반짝_1><cha:pos,정다희,-1><cha:face,정다희,-1_기본><cha:pos,리시아,2>没错！<txt:wave,1>因为沙排有室内排球没有的<txt:bold,2>浪漫</txt:bold>啊～","<sys:sfx,반짝_1><cha:pos,정다희,-1><cha:face,정다희,-1_기본><cha:pos,리시아,2>沒錯！<txt:wave,1>因為沙排有室內排球沒有的<txt:bold,2>浪漫</txt:bold>啊～","<sys:sfx,반짝_1><cha:pos,정다희,-1><cha:face,정다희,-1_기본><cha:pos,리시아,2>Все верно! <txt:wave,1>Все потому, что у пляжного волейбола своя неповторимая <txt:bold,2>романтика</txt:bold>!","<sys:sfx,반짝_1><cha:pos,정다희,-1><cha:face,정다희,-1_기본><cha:pos,리시아,2>Betul! <txt:wave,1>Bola tampar pantai mempunyai <txt:bold,2>romantisisme</txt:bold> yang tidak boleh ditemui dalam bola tampar biasa!","<sys:sfx,반짝_1><cha:pos,정다희,-1><cha:face,정다희,-1_기본><cha:pos,리시아,2>Chính xác đấy! <txt:wave,1>Vì bóng chuyền bãi biển có <txt:bold,2>nét lãng mạn</txt:bold> mà bóng chuyền trong nhà không có~","<sys:sfx,반짝_1><cha:pos,정다희,-1><cha:face,정다희,-1_기본><cha:pos,리시아,2>¡Exacto! <txt:wave,1>El voleibol de playa tiene un <txt:bold,2>encanto</txt:bold> que el voleibol de sala no tiene.","<sys:sfx,반짝_1><cha:pos,정다희,-1><cha:face,정다희,-1_기본><cha:pos,리시아,2>Tepat sekali! <txt:wave,1>Karena dalam Beach Volleyball terkandung <txt:bold,2>Keromantisan</txt:bold> yang tidak dapat saya temukan pada bola voli biasa~","<sys:sfx,반짝_1><cha:pos,정다희,-1><cha:face,정다희,-1_기본><cha:pos,리시아,2>ถูกต้องเลยค่ะ! <txt:wave,1>เพราะวอลเลย์บอลชายหาดน่ะ มี<txt:bold,2>ความโรแมนติก</txt:bold>ที่วอลเลย์บอลในร่มไม่มียังไงล่ะคะ~","<sys:sfx,반짝_1><cha:pos,정다희,-1><cha:face,정다희,-1_기본><cha:pos,리시아,2>Exatamente! <txt:wave,1>O vôlei de praia tem um <txt:bold,2>charme</txt:bold> que o vôlei de quadra não tem!"
,,,리시아,,1_웃음,,,"아무튼, 오늘이네요! 우리의 경기 날~! <wrt:wait,15><wrt:break>어쩜, 날도 화창하니 비치발리볼 하기엔 최적인걸요?","Anyway, yes, our game is today! <wrt:wait,15><wrt:break>And this sunny weather is perfect for beach volleyball!","ついに試合の日がきましたね！<wrt:wait,15><wrt:break>なんていい天気でしょう！ビーチバレーには最適な天気です！","总之，就是今天了！我们的比赛日～！<wrt:wait,15><wrt:break>真巧，天气这么晴朗，最适合打沙排了！","總之，就是今天了！我們的比賽日～！<wrt:wait,15><wrt:break>剛好天氣晴朗，最適合打沙排了！","Ну да ладно. Сегодня мы наконец сыграем! <wrt:wait,15><wrt:break>Просто идеальная погода для пляжного волейбола!","Bagaimanapun, ya, permainan kami hari ini! <wrt:wait,15><wrt:break>Dan cuaca yang cerah ini sesuai untuk bola tampar pantai!","Dù sao thì hôm nay chính là ngày đấy! Ngày thi đấu của chúng ta~! <wrt:wait,15><wrt:break>Hay quá đi! Trời lại đẹp thế này, chẳng phải là thời tiết lý tưởng để chơi bóng chuyền bãi biển hay sao?","En fin, ¡hoy es el día! ¡El día de nuestro partido! <wrt:wait,15><wrt:break>Oh, y el clima es perfecto para el voleibol de playa.","Pokoknya, hari inilah! Hari pertandingan kita~! <wrt:wait,15><wrt:break>Kebetulan, harinya juga cerah dan sangat pas untuk bermain Beach Volleyball!","ยังไงก็เถอะ วันนี้แล้วสินะคะ! ที่เราจะได้แข่งกัน~! <wrt:wait,15><wrt:break>อากาศก็แจ่มใส เหมาะกับการเล่นวอลเลย์บอลชายหาดสุดๆ เลยค่ะ","Enfim, hoje é o nosso grande dia! <wrt:wait,15><wrt:break>E o tempo está perfeito para uma partida de vôlei de praia!"
,,A,리시아,,1_기본,,,"여름의 매력을 느끼면서도 <txt:wave,1>순수한 열정</txt:wave>을 펼치기엔 비치발리볼이 제일이잖아요. </txt:wave>그쵸?","There’s nothing better for feeling the charm of summer or unloading <txt:wave,1>raw passion</txt:wave> than beach volleyball. </txt:wave>Isn’t that right?","夏の魅力を感じながらも<txt:wave,1>純粋な情熱</txt:wave>を披露するにはビーチバレーに勝るものはありませんよ！</txt:wave>ね？","在感受夏日魅力的同时，尽情燃烧<txt:wave,1>纯粹的热情</txt:wave>，沙排最棒了。</txt:wave>你说是吧？","在感受夏日魅力之際，盡情燃燒<txt:wave,1>純粹的熱情</txt:wave>，沙排最棒了。</txt:wave>你說是吧？","Он лучше всего подходит для того, чтобы почувствовать всю прелесть лета и показать <txt:wave,1>искренний запал</txt:wave>, </txt:wave>не так ли?","Bola tampar pantailah yang terbaik untuk menikmati pesona musim panas sambil mencurahkan <txt:wave,1>semangat yang tulus</txt:wave>. </txt:wave>Betul, kan?","Vừa cảm nhận được sự quyến rũ của mùa hè, vừa thể hiện được <txt:wave,1>nhiệt huyết thuần khiết</txt:wave> thì bóng chuyền bãi biển là nhất rồi. </txt:wave>Đúng không?","El voleibol de playa es el mejor para expresar la <txt:wave,1>pasión pura</txt:wave> mientras se disfruta del verano. </txt:wave>¿No crees?","Untuk merasakan pesona musim panas sambil <txt:wave,1>membakar semangat</txt:wave>, tidak ada lagi yang lebih baik daripada Beach Volleyball. </txt:wave>Tidakkah begitu?","เพราะวอลเลย์บอลชายหาดน่ะยอดเยี่ยมที่สุด ในการสัมผัสกับเสน่ห์ฤดูร้อน ไปพร้อมกับแสดงออกถึง<txt:wave,1>ความมุ่งมั่นแสนบริสุทธิ์</txt:wave> </txt:wave>ว่าไหมคะ?","O vôlei de praia é perfeito para curtirmos o verão e mostrarmos nossa <txt:wave,1>paixão genuína</txt:wave>, </txt:wave>não acha?"
,,A-1,백시우,,1_웃음,,,그렇네요! 역시 반짝이는 모래사장에서의 비치발리볼이 재밌는 것 같아요.,For sure! Something about playing on the sparkling sand makes it a blast.,そうですね！やっぱりキラキラと輝く海辺でのビーチバレーって楽しいです！,是啊！在闪闪发光的沙滩上打沙排，感觉就是很有意思。,是啊！閃閃發光的沙灘上打沙排，光聽就很有意思。,"Это точно! Волейбол на горячем песке, что может быть лучше?",Yang pasti! Sesuatu tentang bermain di atas pasir yang berkilauan menjadikannya sangat menyeronokkan.,Đúng vậy! Chơi bóng chuyền trên bãi cát lấp lánh ánh nắng quả là vui nhất.,¡Claro! Parece que jugar voleibol de playa en un lugar como este será increíble.,Benar sekali! Bermain Beach Volleyball di pantai pasir yang berkilap itu memang menyenangkan.,นั่นสินะครับ! การเล่นวอลเลย์บอลชายหาดบนหาดทรายระยิบระยับ น่าจะสนุกดีนะครับ,Você tem razão! Não há nada mais gostoso que um jogo de vôlei de praia na areia brilhante.
,,A-1,리시아,,1_후후,,,"후후, 시우 선수도 매력에 푹 빠졌네요! 이 참에 <txt:color,orange><txt:bold,2>선 리시버스</txt:bold></txt:color>에 들어오는 것도 생각해보는 건 어때요?","Hehe, Siwoo’s won over! Maybe you’d even like to join the <txt:color,orange><txt:bold,2>Sun Receivers</txt:bold></txt:color>, hm?","ふふ、新さんもビーチバレーの魅力にハマりましたね！<wrt:break><txt:color,orange><txt:bold,2>サンレシーバーズ</txt:bold></txt:color>に入ることも考えてみてはどうです？","呵呵，时宇选手也完全被吸引了呢！不如趁此机会考虑加入<txt:color,orange><txt:bold,2>承曦队</txt:bold></txt:color>？","呵呵，時宇選手也完全被吸引了呢！不如趁此機會考慮加入<txt:color,orange><txt:bold,2>承曦隊</txt:bold></txt:color>？","Хо-хо! Я вижу, ты тоже проникся пляжным волейболом! Может, заодно подумаешь о вступлении в <txt:color,orange><txt:bold,2>«Сан Рисиверс»</txt:bold></txt:color>?","Hehe, Siwoo pun dah terpikat rupanya! Apa kata kamu pertimbangkan untuk menyertai <txt:color,orange><txt:bold,2>Sun Receivers</txt:bold></txt:color> juga?","Ha ha, cầu thủ Siwoo cũng đã say mê nó rồi nhỉ! Nhân dịp này sao không thử gia nhập <txt:color,orange><txt:bold,2>Sun Receivers</txt:bold></txt:color> luôn đi?","Jeje, ¡parece que también te has enamorado de su encanto, Siwoo! ¿Qué tal si consideras unirte a los <txt:color,orange><txt:bold,2>Sun Receivers</txt:bold></txt:color>?","Huhu, atlet Siwoo juga telah terpikat dalam pesona! Bagaimana kalau dalam kesempatan ini Anda juga ikut bergabung ke tim <txt:color,orange><txt:bold,2>Sun Receiver</txt:bold></txt:color>?","ฮิฮิ คุณนักกีฬาชีอูเองก็หลงเสน่ห์แล้วสินะคะ! สนใจมาเข้าร่วม<txt:color,orange><txt:bold,2>ซันรีซีฟเวอร์</txt:bold></txt:color>บ้างรึเปล่าคะ?","Haha, parece que o Siwoo também se encantou completamente! Que tal considerar se juntar aos <txt:color,orange><txt:bold,2>Sun Receivers</txt:bold></txt:color>?"
,,A-1,정다희,,-1_삐약,shake,,"<txt:shake,1>으잇, 안돼!!! </txt:shake>우리, <txt:bold,2>전국 대회</txt:bold>도 나가야 하는데...!","<txt:shake,1>Uagh, no!!! </txt:shake>Our team still has to play at the <txt:bold,2>National Tournament</txt:bold>!","<txt:shake,1>ええっ、ダメに決まってるでしょ！</txt:shake>私たちには<txt:bold,2>全国大会</txt:bold>もあるんだから‥！","<txt:shake,1>咿，不行！！！</txt:shake>我们还要参加<txt:bold,2>全国大赛</txt:bold>呢...！","<txt:shake,1>咿欸，可不行！</txt:shake>我們還要參加<txt:bold,2>全國大賽</txt:bold>呢...！","<txt:shake,1>Так, стоп! </txt:shake>Нам еще предстоит участие в <txt:bold,2>национальном чемпионате</txt:bold>...!","<txt:shake,1>Uagh, tidak!!! </txt:shake>Pasukan kami masih perlu bermain di <txt:bold,2>Kejohanan Kebangsaan</txt:bold>!","<txt:shake,1>Ấy, không được đâu!!! </txt:shake>Bọn mình còn phải dự <txt:bold,2>giải đấu toàn quốc</txt:bold> nữa...!","<txt:shake,1>¡No, no puede ser! </txt:shake>¡También tenemos que participar en el <txt:bold,2>torneo nacional</txt:bold>...!","<txt:shake,1>Urghh, tidak boleh!!! </txt:shake> Kita harus bertanding dalam <txt:bold,2>Turnamen Nasional</txt:bold> juga...!","<txt:shake,1>หา ไม่ได้สิ!!! </txt:shake>เราต้องไป<txt:bold,2>ทัวร์นาเมนต์ระดับประเทศ</txt:bold>ด้วยนะ...!","<txt:shake,1>De forma alguma! </txt:shake>Ele é crucial para o <txt:bold,2>torneio nacional</txt:bold>."
,,A-1,백시우,,1_웃음,,,"하하, 아직 비치발리볼보다는 그래도 배구가 좋은 것 같아요.","Haha, sorry to say, but I still slightly prefer normal volleyball to beach volleyball.",はは、でもまだビーチバレーよりバレーのほうが好きかな。,哈哈，我还是觉得排球更有意思。,呵呵，比起沙灘排球我還是覺得排球更有意思。,Из двух видов волейбола я все еще выбираю обычный.,"Haha, maaf cakap, tapi saya masih lebih suka bola tampar biasa daripada bola tampar pantai.","Ha ha, có lẽ em vẫn thích bóng chuyền trong nhà hơn bóng chuyền bãi biển.","Jaja, todavía prefiero el voleibol al voleibol de playa.","Haha, meski begitu saya masih lebih memilih bola voli biasa daripada Beach Volleyball.",ฮ่าฮ่า ผมก็น่าจะยังชอบวอลเลย์บอลในร่ม มากกว่าวอลเลย์บอลชายหาดอยู่ดีแหละครับ,"Haha, acho que prefiro o vôlei de quadra ao vôlei de praia."
,,A-1,리시아,,1_기본,,,"흠, 그런가요? 아쉬워요~ 언젠간 비치발리볼의 낭만에 푹 빠질 수 있는 날이 오길 바랄게요!",Do you? That’s too bad... I hope the day comes when you change your mind!,ふむ、そうですか？残念ですね。いつかビーチバレーのロマンに気づく日が来るといいですね！,嗯，是吗？真遗憾～希望总有一天你也能完全爱上沙排的浪漫！,嗯是嗎？真可惜～希望有一天你也能完全愛上沙排的浪漫！,"Правда? Как жаль! Надеюсь, тебя когда-нибудь затянет романтика пляжного волейбола!","Hmm, begitu? Sayangnya~ Semoga suatu hari nanti kamu benar-benar terpikat dengan suasana romantik bola tampar pantai!","Ừm, vậy sao? Tiếc quá~ Tôi hy vọng sẽ có ngày cậu say mê sự lãng mạn của bóng chuyền bãi biển!",¿En serio? Qué pena. Espero que algún día te enamores del romanticismo del voleibol de playa.,"Hmm, begitu? Sayang sekali~ saya harap akan datang hari dimana Anda dapat terpikat oleh pesona Beach Volleyball!",ฮึ่ม งั้นเหรอคะ? เสียดายจัง~ ฉันหวังว่าสักวันหนึ่ง คุณจะหลงเสน่ห์ความโรแมนติกของวอลเลย์บอลชายหาดบ้างนะคะ!,"Hmm, é mesmo? Que pena! Espero que um dia você se apaixone pelo charme do vôlei de praia!"
,,A-2,백시우,,1_기본,,,"하하, 비치발리볼도 재밌지만... 배구가 조금 더 스릴 넘치는 것 같아요.","Haha, beach volleyball is fun too... but I find indoor volleyball a little more exciting.",はは、ビーチバレーも楽しいけど‥バレーの方がもうちょっとスリルがあるかな？,哈哈，虽然沙排也很有趣...但排球感觉更刺激。,哈哈，雖然沙排也很有趣...但排球感覺更刺激。,"Ха-ха! Не спорю, но все же обычный волейбол интереснее.","Haha, bola tampar pantai pun seronok... tapi bola tampar dewan rasa lebih mendebarkan.","Ha ha, bóng chuyền bãi biển cũng vui thật, nhưng... có lẽ bóng chuyền trong nhà vẫn gay cấn hơn.","Jaja, el voleibol de playa es divertido, pero el voleibol es un poco más emocionante.","Haha, meski Beach Volleyball itu sangat menyenangkan... Tapi bermain bola voli biasa lebih mendebarkan hati saya.",ฮ่าฮ่า ถึงวอลเลย์บอลชายหาดจะสนุกก็จริง... แต่ผมว่าวอลเลย์บอลในร่มแอบเร้าใจกว่านิดหน่อยน่ะครับ,"Haha, o vôlei de praia é legal, mas acho que o de quadra é um pouco mais emocionante."
,,A-2,리시아,,1_후후,,,"아쉽네요, 역시 시우 선수도 배구가 훨씬 익숙해서 그런가봐요~ <wrt:wait,15><wrt:break>하지만 차가운 실내에서 조금만 벗어나면 엄청난 낭만이 기다리고 있는데도요!","That’s too bad. I’m sure it’s ‘cause you’re more used to it. <wrt:wait,15><wrt:break>But those indoor courts are cold, while playing on the beach is warm and charming!","残念ですね。やっぱり新さんはバレーの方が慣れてるのかな？<wrt:wait,15><wrt:break>でも寒い室内からちょっとだけ抜け出してみたら、すごいロマンが待ってるんですよ！","可惜了，看来时宇选手还是更习惯排球啊～<wrt:wait,15><wrt:break>但只要稍微离开冰冷的室内，就有无尽的浪漫在等着你哦！","可惜了，看來時宇選手還是更習慣排球啊～<wrt:wait,15><wrt:break>但只要稍微離開冰冷的室內，就有無盡的浪漫在等著你哦！","Жаль, но, видимо, обычный волейбол тебе привычней. <wrt:wait,15><wrt:break>Просто помни, что за пределами холодного спортзала тебя может поджидать горячая романтика!","Sayangnya~ Mungkin sebab kamu lebih biasa dengan bola tampar dewan. <wrt:wait,15><wrt:break>Padahal sebaik keluar dari dewan yang sejuk itu, suasana romantik yang indah sedang menanti!","Tiếc quá, có lẽ do cầu thủ Siwoo đã quá quen với bóng chuyền trong nhà rồi~ <wrt:wait,15><wrt:break>Nhưng nếu chỉ rời khỏi không gian lạnh lẽo trong nhà một chút thôi là sẽ có cả một thế giới lãng mạn đang chờ đón đấy!","Qué pena, supongo que es porque estás más acostumbrado al voleibol.<wrt:wait,15><wrt:break>¡Pero hay todo un mundo de encanto esperándote si te alejas un poco de la fría cancha interior!","Sayang sekali. Mungkin karena kamu jauh lebih terbiasa dengan voli biasa, Siwoo~ <wrt:wait,15><wrt:break>Padahal, cukup keluar sebentar dari ruangan dingin itu, suasana romantis yang luar biasa sudah menanti!","น่าเสียดายจังนะคะ สงสัยคุณนักกีฬาชีอูจะชินกับวอลเลย์บอลในร่มมากกว่าแหละค่ะ~ <wrt:wait,15><wrt:break>แต่ถ้าลองออกมาจากในร่มที่แสนเย็นยะเยือกสักหน่อย ก็จะมีความโรแมนติกมากมายรออยู่นะคะ!","Poxa, parece que você realmente prefere o vôlei de quadra! <wrt:wait,15><wrt:break>Mas se sair desse ambiente, vai encontrar uma magia incrível te esperando!"
,,A-2,리시아,,1_기본,,,"시우 선수도 언젠간 이 맘을 알게 될 거라 믿어요. <wrt:wait,15><wrt:break>그 때면 꼭 <txt:bold,2><txt:color,orange>선 리시버스</txt:bold></txt:color>에 들어오는 것도 한번 생각해줘요!","I believe you’ll come to see it that way one day. <wrt:wait,15><wrt:break>And when that day comes, the <txt:bold,2><txt:color,orange>Sun Receivers</txt:bold></txt:color> will be waiting for you!","新さんもいつかわかってくれるはず！<wrt:wait,15><wrt:break>その時は<txt:bold,2><txt:color,orange>サンレシーバーズ</txt:bold></txt:color>に入ることも考えてみてくださいね！","我相信总有一天你也能体会这份心情的。<wrt:wait,15><wrt:break>到时候一定要考虑加入<txt:bold,2><txt:color,orange>承曦队</txt:bold></txt:color>哦！","我相信總有一天你也能體會這種心情的。<wrt:wait,15><wrt:break>到時候一定要考慮加入<txt:bold,2><txt:color,orange>承曦隊</txt:bold></txt:color>哦！","Я надеюсь, ты когда-нибудь поймешь меня.<wrt:wait,15><wrt:break>И помни, что ты всегда можешь присоединиться к <txt:bold,2><txt:color,orange>«Сан Рисиверс»</txt:bold></txt:color>!","Saya percaya anda akan datang untuk melihatnya dengan cara itu suatu hari nanti. <wrt:wait,15><wrt:break>Dan apabila hari itu tiba, <txt:bold,2><txt:color,orange>Sun Receivers</txt:bold></txt:color> akan menunggu untuk awak!","Tôi tin rằng một ngày nào đó cậu cũng sẽ hiểu được tâm trạng này. <wrt:wait,15><wrt:break>Đến lúc đó nhất định phải nghĩ đến chuyện gia nhập <txt:bold,2><txt:color,orange>Sun Receivers</txt:bold></txt:color> đấy nhé!","Creo que algún día entenderás este sentimiento. <wrt:wait,15><wrt:break>Entonces, por favor considera unirte a los <txt:bold,2><txt:color,orange>Sun Receivers</txt:bold></txt:color>.","Saya percaya suatu saat nanti atlet Siwoo juga akan mengerti apa yang saya maksud. <wrt:wait,15><wrt:break>Pada saat itu coba pertimbangkan kembali tawaran saya untuk bergabung ke <txt:bold,2><txt:color,orange>Sun Receiver</txt:bold></txt:color>!","ฉันเชื่อว่าสักวันหนึ่ง คุณนักกีฬาชีอูเองก็จะเข้าใจค่ะ <wrt:wait,15><wrt:break>ถ้าถึงตอนนั้น ช่วยรับ<txt:bold,2><txt:color,orange>ซันรีซีฟเวอร์</txt:bold></txt:color>ไว้พิจารณาทีนะคะ!","Acredito que um dia você vai me entender. <wrt:wait,15><wrt:break>Quando isso acontecer, pense em se juntar aos <txt:bold,2><txt:color,orange>Sun Receivers</txt:bold></txt:color>!"
,,A-3,백시우,,1_웃음,,,순수한 열정이라면 배구가 훨씬 더한걸요!,"I dunno, I get more passionate out of regular volleyball, I think!",純粋な情熱ならバレーの方が上ですよ！,论纯粹的热情，排球更胜一筹吧！,論純粹的熱情，排球更勝一籌吧！,"Ну, если говорить о запале, обычный волейбол куда больше подходит!","Kalau semangat yang tulus, bola tampar dewan lebih hebat lagi!",Nếu nói về nhiệt huyết thuần khiết thì bóng chuyền trong nhà còn hơn nhiều!,"Si se trata de pura pasión, ¡el voleibol tiene mucho más!",Bola voli biasa itu jauh lebih penuh dengan semangat!,ถ้าพูดถึงความมุ่งมั่นแสนบริสุทธิ์ล่ะก็ ผมว่าวอลเลย์บอลในร่มน่าจะมีมากกว่านะครับ!,"Se for por paixão genuína, o vôlei de quadra proporciona muito mais emoção!"
,,A-3,리시아,,1_기본,,,"음~ 그렇게 생각하나요? <wrt:wait,15><wrt:break>하지만 모래도, 햇빛도, 바다도 없는 곳에서의 배구는 너무 슬픈걸요~","Do you? <wrt:wait,15><wrt:break>Isn’t it depressing playing volleyball without the sand, the sun, and the sea?","え～そう思うんですか？<wrt:wait,15><wrt:break>砂浜も、太陽も、海もないところでのバレーは悲しすぎますよ～。","嗯～你这么觉得吗？<wrt:wait,15><wrt:break>但没有沙子，阳光和大海的排球未免也太寂寞了～","嗯～你這麼覺得嗎？<wrt:wait,15><wrt:break>但沒有沙子、陽光和大海的排球未免也太寂寞了～","М-м, ты так думаешь? <wrt:wait,15><wrt:break>Но волейбол без песка, солнца и моря какой-то слишком унылый!","Adakah anda? <wrt:wait,15><wrt:break>Bukankah bermain bola tampar tanpa pasir, matahari dan laut menyedihkan?","Ừm~ Cậu nghĩ vậy sao? <wrt:wait,15><wrt:break>Nhưng mà chơi bóng chuyền ở nơi không có cát, không có nắng, không có biển thì buồn lắm~","¿De verdad piensas así? <wrt:wait,15><wrt:break>Pero el voleibol en un lugar sin arena, sin sol y sin mar es muy triste.","Hem~ begitu menurut Anda? <wrt:wait,15><wrt:break>Meski begitu bermain bola voli tanpa pasir, cahaya matahari, dan lautan terasa sangat menyedihkan~","อืม~ คุณคิดแบบนั้นเหรอคะ? <wrt:wait,15><wrt:break>แต่วอลเลย์บอลในร่มที่ไม่มีทั้งหาดทราย, แสงแดด แล้วก็ทะเลน่ะ น่าเศร้าจะตายไปนะคะ~","Hmm... Tem certeza? <wrt:wait,15><wrt:break>Mas jogar vôlei sem areia, sol e praia é tão desanimador..."
,,A-3,리시아,,1_기본,,,"더군다나 건조하고 삭막한 경쟁도! 비치발리볼의 매력을 몰라준다니, 조금 섭섭하네요~!","Plus, the competition is dry and dreary! I’m a little sad you don’t see the charm beach volleyball offers...",それに冷たく殺伐とした競争も！ビーチバレーの魅力がわからないなんて、ちょっと寂しいです～。,更别提枯燥乏味的竞争了！完全不懂沙排魅力，我有点伤心呢～！,更別提枯燥乏味的競爭了！完全不懂沙排魅力，我有點傷心呢～！,"К тому же, в нем слишком много ненужной конкуренции. Жаль, что ты не осознаешь всю прелесть пляжного волейбола.",Belum lagi persaingannya yang hambar dan dingin! Terkilan juga kamu tak nampak daya tarikan bola tampar pantai~!,"Hơn nữa còn là sự cạnh tranh khô khan nữa! Không hiểu được sự quyến rũ của bóng chuyền bãi biển, nghe hơi buồn đấy~!","Y además, ¡esa competencia tan fría y despiadada! Es un poco decepcionante que no aprecies el encanto del voleibol de playa.",Ditambah lagi dengan kompetisi yang kering dan gersang! Sayang sekali Anda tidak mengetahui pesona dari Beach Volleyball~!,แถมยังเป็นการแข่งขันที่แสนเย็นชาและเงียบเหงาอีก! คุณไม่ยอมเปิดใจรับเสน่ห์ของวอลเลย์บอลชายหาดเลย น่าน้อยใจจังค่ะ~!,Sem falar naquela competição fria e sem graça! Fico um pouco triste que você não reconheça o charme do vôlei de praia!
,,A-3,백시우,,1_정적,,,"<txt:color,grey>(굉장히 감성적인 사람이네...)","<txt:color,grey>(She’s quite the sentimental one.)","<txt:color,grey>(ずいぶん感性豊かな人だな‥)","<txt:color,grey>(好感性的人啊...)","<txt:color,grey>(好感性的人啊...)","<txt:color,grey>(Сколько эмоций...)","<txt:color,grey>(Dia seorang yang sentimental.)","<txt:color,grey>(Đúng là một người quá đa cảm...)","<txt:color,grey>(Qué persona tan emocional...)","<txt:color,grey>(Orang ini sangat puitis sekali...)","<txt:color,grey>(ช่างเป็นคนอารมณ์อ่อนไหวสุดๆ เลยแฮะ...)","<txt:color,grey>(Que pessoa sensível...)"
,,A-3,리시아,,1_웃음,,,"그래도 시우 선수가 저와의 경기를 통해 비치발리볼의 매력을 알아가길 기대해볼게요! <wrt:wait,15><wrt:break>그 때면 꼭 <txt:bold,2><txt:color,orange>선 리시버스</txt:color></txt:bold>에 들어오는 것도 한번 생각해줘요!","I look forward to being able to show you what beach volleyball can be through our match. <wrt:wait,15><wrt:break>And if you change your mind, the <txt:bold,2><txt:color,orange>Sun Receivers</txt:color></txt:bold> will be waiting for you!","それでも新さんが私たちとの試合を通じてビーチバレーの魅力に目覚めるかもしれませんし！<wrt:wait,15><wrt:break>その時は<txt:bold,2><txt:color,orange>サンレシーバーズ</txt:color></txt:bold>に入ることも考えてみてくださいね！","不过我还是希望时宇选手能通过和我的比赛，慢慢领悟沙排的魅力！<wrt:wait,15><wrt:break>到时候一定要考虑加入<txt:bold,2><txt:color,orange>承曦队</txt:color></txt:bold>哦！","不過我還是希望時宇選手能透過和我的比賽，慢慢領悟沙排的魅力！<wrt:wait,15><wrt:break>到時候一定要考慮加入<txt:bold,2><txt:color,orange>承曦隊</txt:color></txt:bold>哦！","Я все же надеюсь, что ты почувствуешь весь шарм пляжного волейбола в ходе нашей игры! <wrt:wait,15><wrt:break>И помни, что ты всегда можешь присоединиться к <txt:bold,2><txt:color,orange>«Сан Рисиверс»</txt:color></txt:bold>!","Tapi saya harap perlawanan kita nanti dapat membuka mata kamu tentang daya tarikan bola tampar pantai! <wrt:wait,15><wrt:break>Bila dah terpikat, pertimbangkanlah untuk masuk <txt:bold,2><txt:color,orange>Sun Receivers</txt:color></txt:bold> juga!","Dù sao tôi cũng mong cầu thủ Siwoo sẽ nhận ra sự quyến rũ của bóng chuyền bãi biển qua trận đấu với tôi! <wrt:wait,15><wrt:break>Đến lúc đó nhất định phải nghĩ đến chuyện gia nhập <txt:bold,2><txt:color,orange>Sun Receivers</txt:color></txt:bold> đấy nhé!","Aun así, espero que puedas entender el encanto del voleibol de playa a través de nuestro partido. <wrt:wait,15><wrt:break>Entonces, por favor considera unirte a los <txt:bold,2><txt:color,orange>Sun Receivers</txt:color></txt:bold>.","Meski begitu, saya harap atlet Siwoo dapat mengerti pesona dari Beach Volleyball melalui pertandingan kita! <wrt:wait,15><wrt:break>Saat itu coba pertimbangkan kembali tawaran saya untuk bergabung ke <txt:bold,2><txt:color,orange>Sun Receiver</txt:color></txt:bold>!","แต่ยังไงฉันก็หวังว่าคุณนักกีฬาชีอูจะได้รับรู้เสน่ห์ของวอลเลย์บอลชายหาด ผ่านทางการแข่งกับฉันค่ะ! <wrt:wait,15><wrt:break>ถ้าถึงตอนนั้น ช่วยรับ<txt:bold,2><txt:color,orange>ซันรีซีฟเวอร์</txt:color></txt:bold>ไว้พิจารณาทีนะคะ!","Espero que você se apaixone pelo vôlei de praia durante o nosso jogo! <wrt:wait,15><wrt:break>Quando isso acontecer, pense em se juntar aos <txt:bold,2><txt:color,orange>Sun Receivers</txt:color></txt:bold>!"
,,,리시아,,1_후후,pause,,"<cha:pop,리시아>후후, 좋아요! 그럼 이제 슬슬 경기를 시작해보도록 할까요~?","<cha:pop,리시아>Hehe, okay! Should we get our game going then?","<cha:pop,리시아>よし！じゃあそろそろ試合を始めましょうか！","<cha:pop,리시아>呵呵，太好了！那我们差不多该开始比赛了～？","<cha:pop,리시아>呵呵，太好了！那我們差不多該開始比賽了～？","<cha:pop,리시아>Хо-хо! Ну что же, приступим к игре?","<cha:pop,리시아>Hehe, okay! Patutkah kita meneruskan permainan kita?","<cha:pop,리시아>Ha ha, được thôi! Vậy bây giờ chúng ta bắt đầu trận đấu nhé~?","<cha:pop,리시아>Jeje, ¡muy bien! Entonces, ¿empezamos el partido?","<cha:pop,리시아>Huhu, baiklah! Kalau begitu mari kita mulai pertandingannya~!","<cha:pop,리시아>ฮิฮิ โอเค! ถ้างั้นเรามาเริ่มการแข่งกันเลยดีไหมคะ~?","<cha:pop,리시아>Haha, combinado! Enfim, todos prontos para o jogo?"
,,,리시아,,1_기본,,exclam,"비치발리볼의 낭만은 각자의 최선에서 오는 거, 알죠? 서로 봐주지 않기로 해요~!","Beach volleyball’s charm is all about everyone doing their best, you know! No going easy on each other!",ビーチバレーのロマンはお互いベストを尽くすところから始まるんです。手加減はなしですよ！,沙排的浪漫来源于各自的全力以赴，你懂的吧？我们可不能放水哦～！,沙排的浪漫來源於各自的全力以赴，你懂的吧？我們可不能放水哦～！,Романтика пляжного волейбола рождается из усилий! Так что никаких поблажек!,"Kamu tahu, keindahan bola tampar pantai datang apabila semua orang buat yang terbaik. Jadi, jangan beri muka kepada satu sama lain~!","Sự lãng mạn của bóng chuyền bãi biển đến từ sự nỗ lực hết mình của mỗi người, đúng không? Chúng ta đừng nhường nhịn nhau nhé~!","El romanticismo del voleibol de playa viene de dar lo mejor de uno mismo, ¿entiendes? ¡No nos contengamos!",Pesona Beach Volleyball hanya dapat dirasakan dengan bermain secara sungguh-sungguh! Jangan main setengah hati~!,รู้ใช่ไหมคะ? ว่าความโรแมนติกของวอลเลย์บอลชายหาด คือการที่แต่ละคนเล่นอย่างเต็มที่ ดังนั้นห้ามออมมือกันเด็ดขาดนะคะ~!,"Já sabe que o charme do vôlei de praia está no esforço de cada jogador, certo? Então, nada de pegar leve."
,경기 승리,#,MAP,,,,,바다,바다,바다,바다,바다,바다,바다,바다,바다,바다,바다,바다
,,#,BGM,,,,,BGM_MEET_LISIA,BGM_MEET_LISIA,BGM_MEET_LISIA,BGM_MEET_LISIA,BGM_MEET_LISIA,BGM_MEET_LISIA,BGM_MEET_LISIA,BGM_MEET_LISIA,BGM_MEET_LISIA,BGM_MEET_LISIA,BGM_MEET_LISIA,BGM_MEET_LISIA
,,#,리시아,2,1_기본,,,,,,,,,,,,,,
,,#,백시우,-2,1_기본,,,,,,,,,,,,,,
,,,리시아,,1_기본,,,"<scr:star,1>아앗, 아쉬워요~! 이길 수 있었는데!","<scr:star,1>Ahh, what a pity! We could’ve won that!","<scr:star,1>ああっ、残念です！もう少しで勝てたのに！","<scr:star,1>啊，可惜～！明明能赢的！","<scr:star,1>啊可惜～！明明能贏的！","<scr:star,1>Ах! Мы были так близки к победе!","<scr:star,1>Ah, sayangnya~! Tadi kami boleh menang!","<scr:star,1>Á, tiếc quá~! Rõ ràng là có thể thắng mà!","<scr:star,1>¡Oh, qué pena! ¡Podría haber ganado!","<scr:star,1>Ahh, sayang sekali~! Padahal Saya hampir menang!","<scr:star,1>โอ๊ย เสียดายจังค่ะ~! ฉันมีโอกาสชนะแท้ๆ เลย!","<scr:star,1>Ah, poxa! Poderíamos ter vencido!"
,,,리시아,,1_기본,,,"<scr:star,2>역시 잘하시네요! 후후, 그래도 아쉬워요~ 이길 수 있었는데.","<scr:star,2>You really are good! Hehe, still a pity. We could’ve won that.","<scr:star,2>やっぱり強いですね！ふふっ。本当に悔しいです！もう少しで勝てたのに！","<scr:star,2>不愧是你！呵呵，真的好可惜啊～本来能赢的。","<scr:star,2>不愧是你！呵呵，雖然很可惜～本來能贏的。","<scr:star,2>Блестящая игра! Эх, мы были так близки к победе!","<scr:star,2>Memang hebat kamu! Hehe, tapi sayang juga~ Kami sebenarnya boleh menang.","<scr:star,2>Quả nhiên cậu giỏi thật! Ha ha, nhưng mà vẫn tiếc~ Rõ ràng là có thể thắng mà.","<scr:star,2>¡Eres muy bueno! Jeje, aún así, qué pena. ¡Podría haber ganado!","<scr:star,2>Anda memang tangguh! Huhu, meski begitu sayang sekali~ saya hampir saja menang.","<scr:star,2>คุณเก่งจริงด้วยนะคะ! ฮิฮิ แต่ยังไงฉันก็แอบเสียดายจังค่ะ~ ฉันมีโอกาสชนะแท้ๆ เลย","<scr:star,2>Realmente, você joga muito! Haha, poxa... Poderíamos ter vencido."
,,,리시아,,1_후후,,,"<scr:star,3>후후, 못 당하겠어요! 역시 엄청난 실력이네요~","<scr:star,3>Hehe, there was no beating you! You were incredible!","<scr:star,3>ふふ、もう歯が立たないですね。やっぱり強いです～。","<scr:star,3>呵呵，甘拜下风！你的实力果然名不虚传～","<scr:star,3>呵呵，甘拜下風！你的實力果然名不虛傳～","<scr:star,3>Не хочу признавать, но это настоящий талант!","<scr:star,3>Hehe, tiada siapa yang mengalahkan anda! Anda adalah luar biasa!","<scr:star,3>Ha ha, tôi thua cậu rồi! Quả nhiên là kỹ năng tuyệt vời mà~","<scr:star,3>Jeje, no puedo ganarte. ¡Eres increíble!","<scr:star,3>Huhu, saya tidak dapat mengalahkan Anda! Kemampuan Anda sangatlah luar biasa~","<scr:star,3>ฮิฮิ ฉันสู้ไม่ไหวเลยค่ะ! ฝีมือคุณนี่ช่างสุดยอดจริงๆ นะคะ~","<scr:star,3>Haha, não tinha o que fazer! Você é incrível!"
,,,리시아,,1_기본,,,"시우 선수와 다른 성인 선수들이 맞붙으면 어떻게 될지 궁금해지네요. <wrt:wait,15><wrt:break><txt:bold,2><txt:color,orange>아티스 코치</txt:bold></txt:color>나 <txt:bold,2><txt:color,orange>오아시스</txt:color></txt:bold>와도 경기가 될만한 실력이란 말이죠!","I’m actually curious how you might fare against the adult players, Siwoo. <wrt:wait,15><wrt:break><txt:bold,2> I feel you’re skilled enough to even face <txt:color,orange>Coach Atis</txt:bold></txt:color> or <txt:bold,2><txt:color,orange>Oasis</txt:color></txt:bold>!","新さんと大人の選手たちが対戦したらどうなるか気になりますね。<wrt:wait,15><wrt:break><txt:bold,2><txt:color,orange>アティスコーチ</txt:bold></txt:color>や<txt:bold,2><txt:color,orange>オアシス</txt:color></txt:bold>さんとも、いい勝負ができそうな実力ですから！","真想看看时宇选手和其他成年选手交手会怎样。<wrt:wait,15><wrt:break>不论是<txt:bold,2><txt:color,orange>亚提斯教练</txt:bold></txt:color>还是<txt:bold,2><txt:color,orange>绿洲</txt:color></txt:bold>，感觉都能一战！","真想看看時宇選手和其他成年選手交手會怎樣。<wrt:wait,15><wrt:break>不論是<txt:bold,2><txt:color,orange>亞提斯教練</txt:bold></txt:color>還是<txt:bold,2><txt:color,orange>綠洲</txt:color></txt:bold>，感覺會是精彩的一戰！","Мне не терпится увидеть твое соревнование с другими опытными игроками.<wrt:wait,15><wrt:break>У тебя достаточно способностей для игры даже с <txt:bold,2><txt:color,orange>тренером Атисом</txt:bold></txt:color> или <txt:bold,2><txt:color,orange>Оазисом</txt:color></txt:bold>!","Saya jadi tertanya-tanya apa akan berlaku kalau kamu lawan pemain dewasa lain, Siwoo. <wrt:wait,15><wrt:break><txt:bold,2>Rasanya kamu cukup hebat untuk menandingi <txt:color,orange>Jurulatih Atis</txt:bold></txt:color> atau <txt:bold,2><txt:color,orange>Oasis</txt:color></txt:bold>!","Tôi tò mò không biết sẽ ra sao nếu cầu thủ Siwoo đấu với các cầu thủ người lớn khác nhỉ. <wrt:wait,15><wrt:break>Ý tôi là kỹ năng đủ để đấu với cả <txt:bold,2><txt:color,orange>huấn luyện viên Atis</txt:bold></txt:color> hay <txt:bold,2><txt:color,orange>Oasis</txt:color></txt:bold> luôn đấy!","Me pregunto cómo te iría contra los jugadores adultos. <wrt:wait,15><wrt:break><txt:bold,2><txt:color,orange>Al entrenador Athis</txt:bold></txt:color> o a <txt:bold,2><txt:color,orange>Oasis</txt:color></txt:bold> también podrías plantarles cara.","Saya jadi penasaran apa yang akan terjadi jika atlet Siwoo bertanding melawan atlet dewasa lain. <wrt:wait,15><wrt:break>Saya rasa kemampuan Anda cukup pantas untuk bertanding langsung dengan <txt:bold,2><txt:color,orange>Coach Atis</txt:bold></txt:color> atau <txt:bold,2><txt:color,orange>Oasis</txt:color></txt:bold>!","ฉันชักอยากรู้แล้วสิคะว่าจะเป็นยังไง ถ้าคุณนักกีฬาชีอูกับพวกนักกีฬาผู้ใหญ่คนอื่นๆ ได้มาปะทะกัน <wrt:wait,15><wrt:break>เพราะฝีมือของคุณพอจะแข่งกับ<txt:bold,2><txt:color,orange>โค้ชเอทีซ</txt:bold></txt:color> หรือ<txt:bold,2><txt:color,orange>โอเอซิส</txt:color></txt:bold>ได้เลยนะคะ!","Estou curiosa para ver como você se sairia contra os adultos. <wrt:wait,15><wrt:break>Você tem habilidades para jogar contra o <txt:bold,2><txt:color,orange>treinador Athis</txt:bold></txt:color> ou até mesmo <txt:bold,2><txt:color,orange>Oásis</txt:color></txt:bold>!"
,,,리시아,,1_후후,,,나중에 살짝 둘에게도 경기 해보면 어떻냐고 물어볼게요!,I’ll ask them if they’d be up for it!,後であの二人にもちょっと申し込んでみます！,改天我悄悄问问他们俩要不要比赛！,之後我會悄悄問問他們兩位，要不要跟你比一場！,"Я поинтересуюсь у них, как они на это смотрят.",Saya akan bertanya kepada mereka jika mereka bersedia untuk itu!,Để lúc khác tôi sẽ thử hỏi xem hai người đó có muốn đấu thử không nhé!,Quizás algún día les pregunte si les gustaría jugar contra ti.,Coba nanti saya tanyakan kepada mereka berdua!,ไว้ฉันจะแอบลองถามพวกเขาดูนะคะว่าอยากลองแข่งรึเปล่า!,Vou perguntar a eles se topariam uma partida!
,,,백시우,,1_엥,pause,exclam,"<cha:pop,백시우>정말요? 선수들과 경기를 해보고 싶긴 했는데... 진짜 가능하군요! <wrt:wait,15><wrt:break>더군다나 <txt:color,orange><txt:bold,2>아티스 코치</txt:color></txt:bold>와의 경기라니...!","<cha:pop,백시우>Really? I would like that, but... can I? <wrt:wait,15><wrt:break>I can’t imagine playing against <txt:color,orange><txt:bold,2>Coach Atis</txt:color></txt:bold>!","<cha:pop,백시우>本当ですか？選手たちと対戦してみたいとは思ってたけど‥本当にできるんですね！<wrt:wait,15><wrt:break>それも<txt:color,orange><txt:bold,2>アティスコーチ</txt:color></txt:bold>との試合だなんて‥！","<cha:pop,백시우>真的吗？我一直想和职业选手比赛...没想到真的有机会！<wrt:wait,15><wrt:break>而且还是和<txt:color,orange><txt:bold,2>亚提斯教练</txt:color></txt:bold>...！","<cha:pop,백시우>真的嗎？我一直想和職業選手交流看看...沒想到真的有機會！<wrt:wait,15><wrt:break>而且還是和<txt:color,orange><txt:bold,2>亞提斯教練</txt:color></txt:bold>...！","<cha:pop,백시우>Правда? Я бы хотел попробовать сразиться с настоящими игроками... Неужели, это возможно! <wrt:wait,15><wrt:break>Еще и с самим <txt:color,orange><txt:bold,2>тренером Атисом</txt:color></txt:bold>...!","<cha:pop,백시우>Betul ke? Saya mahu itu, tetapi... bolehkah saya? <wrt:wait,15><wrt:break>Saya tidak dapat bayangkan bermain menentang <txt:color,orange><txt:bold,2>Jurulatih Atis</txt:color></txt:bold>!","<cha:pop,백시우>Thật ạ? Em cũng muốn thử đấu với các cầu thủ... Hóa ra là có thể sao! <wrt:wait,15><wrt:break>Hơn nữa lại là đấu với <txt:color,orange><txt:bold,2>huấn luyện viên Atis</txt:color></txt:bold> nữa chứ...","<cha:pop,백시우>¿De verdad? Siempre quise jugar contra profesionales... ¡sería increíble! <wrt:wait,15><wrt:break>Además, ¡un partido contra <txt:color,orange><txt:bold,2>el entrenador Athis</txt:color></txt:bold>...!","<cha:pop,백시우>Benarkah? Saya memang ingin mencoba melawan para pemain profesional... Ternyata benar-benar bisa! <wrt:wait,15><wrt:break>Apalagi melawan <txt:color,orange><txt:bold,2>Coach Atis</txt:color></txt:bold>...!","<cha:pop,백시우>จริงเหรอครับ? ผมเองก็อยากลองแข่งกับพวกนักกีฬาอยู่เหมือนกัน... เป็นไปได้จริงๆ สินะครับ! <wrt:wait,15><wrt:break>แถมยังจะได้แข่งกับ<txt:color,orange><txt:bold,2>โค้ชเอทีซ</txt:color></txt:bold>ด้วย...!","<cha:pop,백시우>Sério? Sempre quis jogar contra os profissionais, mas... não sabia que era possível! <wrt:wait,15><wrt:break>E ainda mais contra o <txt:color,orange><txt:bold,2>treinador Athis</txt:color></txt:bold>..."
,,,리시아,,1_웃음,,,"꿈만 같은 일이죠? 물론 어느 정도 실력 검증은 필요하지만... <wrt:wait,15><wrt:break>이곳, <sys:sfx,반짝_1><txt:bold,2>서머 스플래쉬</txt:bold> 캠프에선 충분히 가능하다구요~! ","Sounds like a dream, huh? You’d have to prove your skills, of course... <wrt:wait,15><wrt:break>But you’ll be able to do that here at <sys:sfx,반짝_1><txt:bold,2>Summer Splash</txt:bold>!","夢のようですよね？もちろん実力の証明は必要ですけど‥<wrt:wait,15><wrt:break>この<sys:sfx,반짝_1><txt:bold,2>サマースプラッシュ</txt:bold>では充分ありえる事なんです！","简直是梦想成真啊？当然，多少需要验证一下实力...<wrt:wait,15><wrt:break>但在这里，<sys:sfx,반짝_1><txt:bold,2>夏日飞溅</txt:bold>训练营，这完全有可能～！","就像在做夢對吧？當然會需要驗證一下實力...<wrt:wait,15><wrt:break>但在<sys:sfx,반짝_1><txt:bold,2>夏日狂歡</txt:bold>訓練營這裡，一切皆有可能發生～！","Похоже на сон, да? Конечно, тебе еще предстоит доказать свои способности... <wrt:wait,15><wrt:break>Я думаю, ты легко можешь сделать это здесь в <sys:sfx,반짝_1><txt:bold,2>Summer Splash</txt:bold>!","Macam mimpi, kan? Memang kemahiran kamu perlu dibuktikan dulu... <wrt:wait,15><wrt:break>Tapi di kem <sys:sfx,반짝_1><txt:bold,2>Summer Splash</txt:bold> ini, memang boleh!","Giống như trong mơ vậy phải không? Tất nhiên là cần phải kiểm tra kỹ năng đến một mức nào đó... <wrt:wait,15><wrt:break>Nhưng ở đây, trại huấn luyện <sys:sfx,반짝_1><txt:bold,2>Summer Splash</txt:bold> này thì hoàn toàn có thể~!","¿No es un sueño hecho realidad? Claro, se necesita cierta validación de habilidades, pero... <wrt:wait,15><wrt:break>En este lugar, <sys:sfx,반짝_1><txt:bold,2>el campamento Summer Splash</txt:bold>, es totalmente posible.","Seperti layaknya mimpi kan? Meski sebelumnya diperlukan verifikasi kemampuan... <wrt:wait,15><wrt:break>Namun tidak mustahil jika disini, di Kamp <sys:sfx,반짝_1><txt:bold,2>Summer Splash</txt:bold> ini~!","เหมือนฝันเลยใช่ไหมคะ? ถึงจะต้องมีการพิสูจน์ฝีมือสักหน่อย... <wrt:wait,15><wrt:break>แต่ก็พอจะเป็นไปได้ในค่าย<sys:sfx,반짝_1><txt:bold,2>ซัมเมอร์สแปลช</txt:bold>แห่งนี้ค่ะ~!","Parece um sonho, né? Claro, precisamos testar suas habilidades, mas... <wrt:wait,15><wrt:break>aqui, no <sys:sfx,반짝_1><txt:bold,2>Summer Splash</txt:bold>, tudo isso se torna realidade!"
,,,리시아,,1_후후,,,"후훗, 무려 제 추천이니 분명 실력 검증에 도움이 될 거에요!","Hehe, my recommendation should help with that as well!",ふふっ、この私の推薦なら実力の証明にも有利に働きますよ！,呵呵，毕竟是我的推荐，一定会对实力验证有帮助的！,嘻～畢竟是我的推薦，一定會對實力驗證有幫助的！,"Хи-хи, моя рекомендация наверняка поможет им оценить твои способности!","Hehe, cadangan saya sepatutnya membantu juga!","Ha ha, đây là đề cử của tôi nên chắc chắn sẽ giúp ích cho việc kiểm tra kỹ năng của cậu đấy!","Jeje, mi recomendación definitivamente ayudará en la validación de tus habilidades.","Huhu, apalagi jika itu dengan rekomendasi dari saya, pasti akan sangat membantu Anda!",ฮิฮิ แถมมีฉันเป็นคนแนะนำขนาดนี้ เบาใจเรื่องพิสูจน์ฝีมือไปได้เลยค่ะ!,"Haha, e como sou eu que estou recomendando, certamente vai ajudar a testar suas habilidades!"
,,,리시아,,1_기본,pause,joy,"<cha:pop,리시아>그럼, 오늘 경기는 즐거웠어요!","<cha:pop,리시아>Anyway, good game today!","<cha:pop,리시아>今日すごく楽しかったです！では！","<cha:pop,리시아>今天的比赛太开心了！","<cha:pop,리시아>今天的比賽實在是太開心了！","<cha:pop,리시아>Что ж, спасибо за сегодняшнюю игру!","<cha:pop,리시아>Apa pun, permainan yang bagus hari ini!","<cha:pop,리시아>Nào, trận đấu hôm nay vui thật nhỉ!","<cha:pop,리시아>Entonces, ¡disfruté mucho el partido de hoy!","<cha:pop,리시아>Kalau begitu, terima kasih atas pertandingan hari ini!","<cha:pop,리시아>การแข่งวันนี้สนุกมากเลยค่ะ!","<cha:pop,리시아>Enfim, gostei muito do jogo de hoje!"
5,경기 전,#,MAP,,,,,바다,바다,바다,바다,바다,바다,바다,바다,바다,바다,바다,바다
,,#,BGM,,,,,BGM_MEET_OASIS,BGM_MEET_OASIS,BGM_MEET_OASIS,BGM_MEET_OASIS,BGM_MEET_OASIS,BGM_MEET_OASIS,BGM_MEET_OASIS,BGM_MEET_OASIS,BGM_MEET_OASIS,BGM_MEET_OASIS,BGM_MEET_OASIS,BGM_MEET_OASIS
,,#,오아시스,2,1_기본,,,,,,,,,,,,,,
,,#,백시우,-1,1_기본,,,,,,,,,,,,,,
,,#,정다희,-2,-1_기본,,,,,,,,,,,,,,
,,,-,,,,,"<txt:bold,3><txt:color,grey>~쨍쨍한 햇빛 내리쬐는 모래사장~","<txt:bold,3><txt:color,grey>On the scorching sand court...","<txt:bold,3><txt:color,grey>～照りつける日差しの中の砂浜～","<txt:bold,3><txt:color,grey>～阳光明媚的沙滩～","<txt:bold,3><txt:color,grey>～陽光燦爛的沙灘～","<txt:bold,3><txt:color,grey>Песочный пляж под палящим солнцем","<txt:bold,3><txt:color,grey>Di gelanggang pasir yang panas terik...","<txt:bold,3><txt:color,grey>~Bãi biển nắng chang chang~","<txt:bold,3><txt:color,grey>Sol brillante en la playa de arena","<txt:bold,3><txt:color,grey>~Pantai Pasir yang disinari oleh Matahari Terik~","<txt:bold,3><txt:color,grey>~หาดทรายที่มีแสงแดดจ้าสาดส่อง~","<txt:bold,3><txt:color,grey>Numa praia ensolarada..."
,,,오아시스,,1_기본,,,"대지고등학교 팀, 잠깐 이야기 나눌 수 있어?","Terra High, can I have a word?",大地高校チーム、ちょっといいかな？,大地高中，能聊两句吗？,大地高中隊，方便聊兩句嗎？,"Ребята из «Тэчжи», подойдите на минутку!","Terra High, boleh saya cakap?","Đội Trường THPT Đại Địa, nói chuyện một lát được không?","Equipo de la Escuela Daeji, ¿podemos hablar un momento?","Tim SMA DaeJi, boleh bicara sebentar?",ทีมโรงเรียนมัธยมปลายแดจี มาคุยกันสักแป๊บได้รึเปล่า?,"Pessoal do Colégio Daeji, posso falar com vocês um momento?"
,,,정다희,,-2_어머,,exclam,"헉, <txt:bold,2><txt:color,orange>오아시스</txt:bold></txt:color>!!!","Whoa, <txt:bold,2><txt:color,orange>Oasis</txt:bold></txt:color>!!!","えっ、<txt:bold,2><txt:color,orange>オアシス</txt:bold></txt:color>選手！","啊，<txt:bold,2><txt:color,orange>绿洲</txt:bold></txt:color>！！！","天啊，居然是<txt:bold,2><txt:color,orange>綠洲</txt:bold></txt:color>！！","Что? <txt:bold,2><txt:color,orange>Оазис</txt:bold></txt:color>!!!","Wah, <txt:bold,2><txt:color,orange>Oasis</txt:bold></txt:color>!!!","Ồ, <txt:bold,2><txt:color,orange>Oasis</txt:bold></txt:color>!!!","¡Oh, <txt:bold,2><txt:color,orange>Oasis</txt:bold></txt:color>!!!","Wah, <txt:bold,2><txt:color,orange>Oasis</txt:bold></txt:color>?","เฮือก <txt:bold,2><txt:color,orange>โอเอซิส</txt:bold></txt:color>!!!","Oh, é o <txt:bold,2><txt:color,orange>Oásis</txt:bold></txt:color>!"
,,,오아시스,,1_기본,,,"아하하, 며칠 전에 <txt:bold,2><txt:color,orange>리시아</txt:bold></txt:color>에게서 이야기 들었어, 너희 실력이 꽤 좋다면서?","Ahaha, I heard from <txt:bold,2><txt:color,orange>Lisia</txt:bold></txt:color> a couple days back that you guys are the real deal!","あはは、何日か前に<txt:bold,2><txt:color,orange>リシア</txt:bold></txt:color>から聞いたよ。なかなかの強者だって？","哈哈，几天前我从<txt:bold,2><txt:color,orange>莉西亚</txt:bold></txt:color>那听说你们很厉害？","哈哈哈，幾天前我從<txt:bold,2><txt:color,orange>莉西亞</txt:bold></txt:color>那聽說了，你們頗有實力的？","Пару дней назад я разговаривал с <txt:bold,2><txt:color,orange>Лисией</txt:bold></txt:color> и узнал, что у вас неплохие способности.","Ahaha, saya dengar daripada <txt:bold,2><txt:color,orange>Lisia</txt:bold></txt:color> beberapa hari yang lalu anda adalah orang yang betul-betul hebat!","A ha ha, mấy hôm trước tôi có nghe <txt:bold,2><txt:color,orange>Lisia</txt:bold></txt:color> kể là kỹ năng của các em khá tốt đấy?","Jajaja, <txt:bold,2><txt:color,orange>Liscia</txt:bold></txt:color> me contó sobre ustedes hace unos días, dijo que son bastante buenos.","Hahaha, beberapa hari lalu aku telah dengar dari <txt:bold,2><txt:color,orange>Lisia</txt:bold></txt:color>, ku dengar kalian cukup handal, apa itu benar?","ฮ่าฮ่า เมื่อไม่กี่วันก่อนฉันได้ฟังจาก<txt:bold,2><txt:color,orange>ลิเซีย</txt:bold></txt:color>แล้วล่ะ เห็นว่าฝีมือพวกเธอไม่ธรรมดาเลยนี่?","Haha, ouvi falar de vocês pela <txt:bold,2><txt:color,orange>Liscia</txt:bold></txt:color> alguns dias atrás. Ela disse que vocês são muito habilidosos!"
,,,오아시스,,1_기본,,,"<txt:bold,2><txt:color,orange>선 리시버스</txt:bold></txt:color>를 그렇게나 압도적으로 눌렀다길래 놀랐어! <wrt:wait,15><wrt:break>그 친구들도 실력이 특출난데 말이지~!","Overwhelming the <txt:bold,2><txt:color,orange>Sun Receivers</txt:bold></txt:color> to that extent was a shock to hear! <wrt:wait,15><wrt:break>They’re a heck of a team, you know!","<txt:bold,2><txt:color,orange>サンレシーバーズ</txt:bold></txt:color>に圧勝しただなんてびっくりしたよ！<wrt:wait,15><wrt:break>あの子たちも結構強いのに！","听说你们把<txt:bold,2><txt:color,orange>承曦队</txt:bold></txt:color>打得落花流水，真是厉害啊！<wrt:wait,15><wrt:break>要知道那帮孩子实力可不一般～！","聽說你們把<txt:bold,2><txt:color,orange>承曦隊</txt:bold></txt:color>打得落花流水，我很驚訝！<wrt:wait,15><wrt:break>要知道那幫學生實力可不一般～！","Я удивлен, что вы настолько обошли <txt:bold,2><txt:color,orange>«Сан Рисиверс»</txt:bold></txt:color>! <wrt:wait,15><wrt:break>Ведь они действительно талантливые ребята.","Terkejut saya dengar kamu menewaskan <txt:bold,2><txt:color,orange>Sun Receivers</txt:bold></txt:color> dengan begitu mudah! <wrt:wait,15><wrt:break>Mereka pun cukup hebat, tahu~!","Áp đảo <txt:bold,2><txt:color,orange>Sun Receivers</txt:bold></txt:color> đến vậy làm tôi bất ngờ đấy! <wrt:wait,15><wrt:break>Mấy bạn đó cũng có kỹ năng xuất sắc lắm~!","Me sorprendió escuchar que vencieron a los <txt:bold,2><txt:color,orange>Sun Receivers</txt:bold></txt:color> de manera tan aplastante. <wrt:wait,15><wrt:break>¡Ellos también tienen mucho talento!","Aku terkejut karena katanya kalian telah mengalahkan <txt:bold,2><txt:color,orange>Sun Receiver</txt:bold></txt:color> dengan mudah! <wrt:wait,15><wrt:break>Padahal kemampuan mereka juga cukup unggul~!","ฉันตกใจเลยนะที่พวกเธอเอาชนะ<txt:bold,2><txt:color,orange>ซันรีซีฟเวอร์</txt:bold></txt:color>ได้ขนาดนั้น! <wrt:wait,15><wrt:break>ทั้งที่ฝีมือพวกนั้นก็ถือว่าเป็นเลิศเลยแท้ๆ~!","Fiquei surpreso quando descobri que vocês venceram os <txt:bold,2><txt:color,orange>Sun Receivers</txt:bold></txt:color> por uma diferença tão significativa! <wrt:wait,15><wrt:break>Eles também são muito habilidosos!"
,,,오아시스,,1_훗,,,"<wrt:delay,5>너희가 <txt:bold,2><txt:color,orange>태양 배구단</txt:bold></txt:color>과 붙어도 될 정도라고 하던데... <wrt:wait,15><wrt:break></wrt:delay>그 이후로 청소년 팀을 쭉 보며 동의할 수밖에 없었어. 손에 꼽는 실력을 가지고 있던데!","<wrt:delay,5>She even said you guys were good enough to face the <txt:bold,2><txt:color,orange>Sun Volleyball Team</txt:bold></txt:color>... <wrt:wait,15><wrt:break></wrt:delay>I can’t help but agree, having watched the teen matches. Your team has some of the best players here!","<wrt:delay,5>君たちは<txt:bold,2><txt:color,orange>太陽バレー団</txt:bold></txt:color>ともやり合えるレベルらしいけど‥<wrt:wait,15><wrt:break></wrt:delay>ユースチームとの対戦を見たら納得するしかなかった。すごい実力だったよ！","<wrt:delay,5>而且还说你们的水平够和<txt:bold,2><txt:color,orange>太阳排球队</txt:bold></txt:color>一战...<wrt:wait,15><wrt:break></wrt:delay>之后我也观察过青年组的比赛，不得不承认，你们的实力的确名列前茅！","<wrt:delay,5>有人說你們的水準夠和<txt:bold,2><txt:color,orange>太陽排球隊</txt:bold></txt:color>一戰...<wrt:wait,15><wrt:break></wrt:delay>所以在那之後我觀察了青少年隊，不得不承認你們的實力的確令我刮目相看！","<wrt:delay,5>Говорят, вы достойны игры с <txt:bold,2><txt:color,orange>клубом «Тэян»</txt:bold></txt:color>... <wrt:wait,15><wrt:break></wrt:delay>Глядя на молодежные команды, я не мог не согласиться, ведь у вас редчайшие способности!","<wrt:delay,5>Katanya kamu dah cukup hebat untuk lawan <txt:bold,2><txt:color,orange>Sun Volleyball Team</txt:bold></txt:color>... <wrt:wait,15><wrt:break></wrt:delay>Selepas memerhatikan pasukan-pasukan remaja, saya terpaksa setuju. Kamu antara yang terbaik!","<wrt:delay,5>Nghe nói các em đủ trình đấu với cả <txt:bold,2><txt:color,orange>Đội Bóng Chuyền Mặt Trời</txt:bold></txt:color>... <wrt:wait,15><wrt:break></wrt:delay>Từ đó tôi cứ theo dõi các đội trẻ và không thể không đồng ý. Kỹ năng các em thuộc hàng top đấy!","<wrt:delay,5>Dicen que podrían enfrentarse al <txt:bold,2><txt:color,orange>Equipo de Voleibol Solar</txt:bold></txt:color>... <wrt:wait,15><wrt:break></wrt:delay>Y después de ver a los equipos juveniles, no puedo más que estar de acuerdo. ¡Tienen habilidades excepcionales!","<wrt:delay,5>Katanya kemampuan kalian cukup untuk berhadapan langsung dengan <txt:bold,2><txt:color,orange>Solar Volleyball Team</txt:bold></txt:color>... <wrt:wait,15><wrt:break></wrt:delay>Setelah itu aku telah memperhatikan seksama bagian tim remaja dan aku juga sangat setuju dengan pendapat itu. Kemampuan kalian sangat hebat!","<wrt:delay,5>ลิเซียบอกว่าฝีมือของพวกเธอสามารถปะทะกับ<txt:bold,2><txt:color,orange>กลุ่มวอลเลย์บอลดวงตะวัน</txt:bold></txt:color>ได้เลย... <wrt:wait,15><wrt:break></wrt:delay>ซึ่งหลังจากนั้นฉันก็คอยจับตามองทีมเยาวชนมาตลอด และต้องยอมรับจริงๆ ว่าพวกเธอมีฝีมือที่ล้ำเลิศมาก!","<wrt:delay,5>Ouvi dizer que vocês estão no mesmo nível que o nosso <txt:bold,2><txt:color,orange>Clube de Vôlei Sol</txt:bold></txt:color>... <wrt:wait,15><wrt:break></wrt:delay>E depois de assistir ao jogo de vocês, fiquei pasmo. Vocês realmente mandam muito!"
,,,오아시스,,1_기본,,,"코치가 누군지는 몰라도 선수들도, 팀워크도 꽤 괜찮더라고?","I don’t know who your coach is, but your teamwork is on point.",コーチが誰なのか知らないけど、チームワークもなかなかだった。,不知道你们教练是谁，选手和配合都相当不错啊？,不知道你們教練是誰，選手和團隊默契都相當不錯啊？,"Не знаю, кто ваш тренер, но и игроки, и командная игра — все на высоте!","Entah siapa jurulatihnya, tapi pemain dan kerjasama pasukan kamu memang bagus!","Tôi không biết huấn luyện viên của các em là ai, nhưng cả cầu thủ và tinh thần phối hợp đội đều rất tốt!","No sé quién es su entrenador, pero los jugadores y el trabajo en equipo son bastante buenos, ¿no?","Entah siapa pelatih kalian, tapi pemain dan kerja sama tim kalian bagus juga!",ถึงจะไม่รู้ว่าโค้ชเป็นใคร แต่ทั้งนักกีฬาแล้วก็ความเป็นทีมเวิร์กน่ะ พอใช้ได้เลยล่ะ,"Não conheço o treinador de vocês, mas os jogadores e a sinergia em equipe são realmente impressionantes!"
,,,정다희,,-2_헤헤,wave,shy,"앗, 사실 제가 코치 역할을 하고 있어요! 에헤헤, 감사합니다! <txt:wave,1>헤헤.... 헤헷...","Ah, I’m actually the coach of the team! Hehe, thank you! <txt:wave,1>Hehehehe...","あっ、実は私がコーチをやってるんです。えへへ、ありがとうございます！<txt:wave,1>へへ‥へへっ。","啊，其实是我在担任教练！诶嘿嘿，谢谢夸奖！<txt:wave,1>嘿嘿...嘿嘿...","啊～其實我就是教練！欸嘿嘿，謝謝誇獎！<txt:wave,1>嘿嘿...","На самом деле, тренер — это я. Хи-хи-хи, спасибо большое! <txt:wave,1> Хе-хе-хе-хе...","Ah, saya sebenarnya jurulatih pasukan! Hehe, terima kasih! <txt:wave,1>Hehehehe...","Ồ, thực ra chính em đang đảm nhận vai trò huấn luyện viên đấy ạ! Hê hê, cảm ơn thầy! <txt:wave,1>Hê hê.... Hê hê...","¡Ah! En realidad, yo soy la entrenadora. ¡Muchas gracias! <txt:wave,1>Jeje.... Jeje...","Ohh, sebenarnya saat ini saya yang sedang bertindak sebagai Coach! Hehehe, terima kasih atas pujiannya! <txt:wave,1>Hehe.... Heheheh...","อ๊ะ ที่จริงแล้วฉันคือโค้ชเองแหละค่ะ! ฮิฮิ ขอบคุณนะคะ! <txt:wave,1>ฮิฮิ.... ฮิฮิ...","Ah, na verdade, eu sou a treinadora deles! Hehe, obrigada! <txt:wave,1>Hahaha!"
,,,정다희,,-2_헤헤,wave,,"<txt:color,grey><txt:size,2>(<txt:bold,2>오아시스</txt:bold>의 칭찬이라니!!!)","<txt:color,grey><txt:size,2>(<txt:bold,2>Oasis</txt:bold> complimented me!!!)","<txt:color,grey><txt:size,2>(<txt:bold,2>オアシス</txt:bold>選手に褒められちゃった！)","<txt:color,grey><txt:size,2>(<txt:bold,2>绿洲</txt:bold>夸奖我！！！)","<txt:color,grey><txt:size,2>(<txt:bold,2>綠洲</txt:bold>居然誇獎我！！)","<txt:color,grey><txt:size,2>(Похвала от самого <txt:bold,2>Оазиса</txt:bold>!!!)","<txt:color,grey><txt:size,2>(<txt:bold,2>Oasis</txt:bold> puji saya!!!)","<txt:color,grey><txt:size,2>(được <txt:bold,2>Oasis</txt:bold> khen ngợi kìa!!!)","<txt:color,grey><txt:size,2>(¡Un cumplido de <txt:bold,2>Oasis</txt:bold>!!!)","<txt:color,grey><txt:size,2>(Pujian langsung dari <txt:bold,2>Oasis</txt:bold>!!!)","<txt:color,grey><txt:size,2>(คำชมจาก<txt:bold,2>โอเอซิส</txt:bold>เลยนะเนี่ย!!!)","<txt:color,grey><txt:size,2>(Uau, um elogio do <txt:bold,2>Oásis</txt:bold>!)"
,,,백시우,,1_정적,pause,sweat,"<txt:color,grey>(다희, 정말 신나보이네...)","<txt:color,grey>(Dahee seems exhilarated...)","<txt:color,grey>(夏希、嬉しそうだな‥)","<txt:color,grey>(多熙看起来好兴奋...)","<txt:color,grey>(多熙看起來好興奮...)","<txt:color,grey>(Дахи, сколько радости...)","<txt:color,grey>(Dahee kelihatan teruja...)","<txt:color,grey>(Dahee trông hào hứng quá nhỉ...)","<txt:color,grey>(Dahee parece muy emocionada...)","<txt:color,grey>(Dahee, terlihat sangat senang...)","<txt:color,grey>(ดาฮี ดูดีใจมากเลยแฮะ...)","<txt:color,grey>(Dahee parece estar muito animada...)"
,,,오아시스,,1_훗,,,"음음~ 그렇대도 바로 <txt:bold,2><txt:color,orange>태양 배구단</txt:bold></txt:color>과 경기하기엔 조금 곤란해. <wrt:wait,15><wrt:break>우리도 경기가 꽤 많이 잡혀있거든~","Right, but a game with the <txt:bold,2><txt:color,orange>Sun Volleyball Team</txt:bold></txt:color> will be hard to organize. <wrt:wait,15><wrt:break>We have a lot of matches scheduled ourselves...","‥でも今すぐ<txt:bold,2><txt:color,orange>太陽バレー団</txt:bold></txt:color>と試合するのはちょっと無理かな。<wrt:wait,15><wrt:break>俺たちも試合の予定がいっぱいあってさ。","嗯嗯～就算这么说，马上和<txt:bold,2><txt:color,orange>太阳排球队</txt:bold></txt:color>比赛还是有点困难。<wrt:wait,15><wrt:break>因为我们的赛程已经排得很满了～","嗯嗯～雖然話是這麼說，但要馬上和<txt:bold,2><txt:color,orange>太陽排球隊</txt:bold></txt:color>比賽還是有點困難。<wrt:wait,15><wrt:break>畢竟我們的賽程已經排得很滿了～","Вот только прямо сейчас с <txt:bold,2><txt:color,orange>клубом «Тэян»</txt:bold></txt:color> сыграть не получится. <wrt:wait,15><wrt:break>Расписание уже забито!","Betul, tetapi permainan dengan <txt:bold,2><txt:color,orange>Sun Volleyball Team</txt:bold></txt:color> akan sukar untuk diatur. <wrt:wait,15><wrt:break>Kami ada banyak perlawanan yang dijadualkan...","Ừm ừm~ Nhưng mà đấu ngay với <txt:bold,2><txt:color,orange>Đội Bóng Chuyền Mặt Trời</txt:bold></txt:color> thì hơi khó. <wrt:wait,15><wrt:break>Bọn tôi cũng có khá nhiều trận đấu rồi~","Hum, aun así es un poco difícil jugar contra el <txt:bold,2><txt:color,orange>Equipo de Voleibol Solar</txt:bold></txt:color>. <wrt:wait,15><wrt:break>Tenemos muchos partidos programados.","Ehem~ meski begitu pertandingan dengan <txt:bold,2><txt:color,orange>Solar Volleyball Team</txt:bold></txt:color> sulit untuk dilakukan pada saat ini. <wrt:wait,15><wrt:break>Karena telah banyak pertandingan yang dijadwalkan sebelumnya~","อืม~ แต่ถึงอย่างนั้น จะให้แข่งกับ<txt:bold,2><txt:color,orange>กลุ่มวอลเลย์บอลดวงตะวัน</txt:bold></txt:color>เลย ก็แอบลำบากนิดหน่อยนะ <wrt:wait,15><wrt:break>เพราะพวกเราเองก็มีตารางการแข่งเพียบเลย~","Hmm, mas mesmo assim, vai ser um pouco difícil jogar contra o nosso <txt:bold,2><txt:color,orange>Clube de Vôlei Sol</txt:bold></txt:color> agora. <wrt:wait,15><wrt:break>Temos muitos jogos marcados..."
,,A,오아시스,,1_기본,,,"...하지만, 마침 오늘 우리 팀 백업 선수들의 경기 상대가 비었는데 너희가 생각나더라고. <wrt:wait,15><wrt:break>어때, 한번 붙어볼래?","That said, our backup players are free today, so I thought of you. <wrt:wait,15><wrt:break>What do you say?","‥そこでだ。ちょうど今日はうちの控え選手たちのスケジュールが空いてるんだけど‥<wrt:wait,15><wrt:break>どう？試合やってみるか？","...不过，正好今天我们队的替补选手缺个对手，我就想到你们了。<wrt:wait,15><wrt:break>怎么样，要不要来一场？","...不過，正好今天我們隊的替補選手缺個對手，我就想到你們了。<wrt:wait,15><wrt:break>怎麼樣，要不要來一場？","Но зато наш запасной состав сегодня остался без соперника. <wrt:wait,15><wrt:break>Что скажете?","...Tapi kebetulan pemain simpanan kami belum ada lawan hari ini, jadi saya teringatkan kamu. <wrt:wait,15><wrt:break>Macam mana, nak cuba berlawan?","...Tuy nhiên, tình cờ hôm nay đội dự bị của chúng tôi đang thiếu đối thủ, nên tôi nghĩ đến các em đấy. <wrt:wait,15><wrt:break>Sao, các em có muốn thử không?","...Pero resulta que hoy nuestro equipo de reserva no tiene oponentes y pensé en ustedes. <wrt:wait,15><wrt:break>¿Qué dicen, quieren jugar?","...Tapi kebetulan, pemain cadangan kami belum punya lawan hari ini, jadi aku teringat kalian. <wrt:wait,15><wrt:break>Bagaimana, mau coba bertanding?","...แต่วันนี้คู่แข่งของพวกนักกีฬาตัวสำรองทีมเราว่างอยู่พอดี ฉันก็เลยนึกถึงพวกเธอน่ะ <wrt:wait,15><wrt:break>ว่าไง อยากลองเจอกันสักครั้งไหม?","Mas lembrei que os reservas da nossa equipe tão sem adversários hoje. <wrt:wait,15><wrt:break>Querem jogar uma partida contra eles?"
,,A-1,백시우,,3_난감,pause,,"<scr:empty>앗, 너무 갑작스러운데... 못할 것 같아요.","<scr:empty>Oh, that’s so sudden... I don’t know if we can.",<scr:empty>あっ、いきなりすぎて‥ちょっと無理かもです。,<scr:empty>啊，太突然了...恐怕不行。,<scr:empty>啊，太突然了...恐怕不行。,"<scr:empty>Так внезапно... Наверное, ничего не выйдет.","<scr:empty>Oh, begitu tiba-tiba... Saya tidak tahu sama ada kita boleh.","<scr:empty>Ồ, hơi đột ngột quá... Có lẽ bọn em không làm được đâu ạ.","<scr:empty>Ah, es muy repentino... No creo que podamos.","<scr:empty>Aduh, ini terlalu tiba-tiba... Sepertinya agak susah.",<scr:empty>โอ๊ะ มันกะทันหันมากเลย... คงจะไม่ได้หรอกครับ,"<scr:empty>Ah, não estávamos preparados pra isso... acho que não vamos conseguir."
,,A-1,백시우,,3_난감,pause,,"앗, 너무 갑작스러운데... 못할 것 같아요. 아무리 그래도 갑자기 성인팀과 경기를,","Oh, that’s so sudden... I don’t know if we can. A match out of the blue with adults is a bit—",あっ、いきなりすぎて‥ちょっと無理かもです。いくらなんでも大人のチームとの試合だなんて‥,啊，太突然了...恐怕不行。怎么说也是成年队比赛，,啊，太突然了...恐怕不行。畢竟這麼突然就和成年隊比賽，,"Так внезапно... Думаю, не получится. Вот так сразу со взрослой командой...","Oh, tiba-tiba sekali... Saya tidak tahu sama ada kita boleh. Perlawanan secara tiba-tiba dengan orang dewasa adalah sedikit—","Ồ, hơi đột ngột quá... Có lẽ bọn em không làm được đâu ạ. Dù sao đột ngột đấu với một đội người lớn...","Ah, es muy repentino... No creo que podamos. Enfrentarnos de repente a un equipo de adultos...","Aduh, ini terlalu tiba-tiba... Sepertinya agak susah.. Mau bagaimanapun melawan tim dewasa secara mendadak begini,",โอ๊ะ มันกะทันหันมากเลย... คงจะไม่ได้หรอกครับ การแข่งกับทีมผู้ใหญ่แบบไม่ทันตั้งตัวน่ะ..,"Não estávamos preparados pra isso... acho que não vamos conseguir. E ainda mais, um jogo contra os adultos..."
,,A-1,정다희,,-3_활짝,shake,,"<txt:size,2>할게요!!! 분명 잘 할 수 있을 거에요!!!","<txt:size,2>We’re in!!! It’ll be great! We’ll be great!","<txt:size,2>やります！きっと上手く戦えますよ！","<txt:size,2>我们比！！！一定没问题的！！！","<txt:size,2>我們比！一定沒問題的！！","<txt:size,2>Мы готовы!!! У нас все получится!!!","<txt:size,2>Kami nak!!! Saya yakin kami boleh buat dengan baik!!!","<txt:size,2>Bọn em sẽ đấu ạ!!! Chắc chắn bọn em sẽ làm tốt mà!!!","<txt:size,2>¡Lo haremos!!! ¡Estoy segura de que lo haremos bien!!!","<txt:size,2>Kami mau!!! Saya yakin kami pasti bisa bermain dengan baik!!!","<txt:size,2>ตกลงค่ะ!!! พวกเราจะทำได้ดีแน่นอนเลย!!!","<txt:size,2>Vamos jogar sim! Tenho certeza de que vamos nos sair muito bem!"
,,A-1,정다희,,-1_웃음,,,"시우야, 괜찮아!!! 지더라도 분명 좋은 경험일 거라구~! 언제 또 이런 기회가 올지 모르는걸!","It’s fine, Siwoo!!! Even if we lose, it’ll be good experience! We might not get another chance like this!",大丈夫よ、新！もし負けても、いい経験になるんだから！二度とないチャンスかもしれないし！,时宇，别担心！！！就算输了肯定也是很好的经验～！说不定以后就没有这样的机会呢！,別擔心時宇！就算輸了肯定也是很好的經驗，這種機會很難得啊～！,"Шиу, даже если мы проиграем, подумай, какой это ценный опыт! И когда еще нам такой шанс выпадет?","Tak apa, Siwoo!!! Walaupun kita tewas, ia akan menjadi pengalaman yang baik! Kita mungkin tidak mendapat peluang seperti ini lagi!","Siwoo à, không sao đâu!!! Dù có thua thì chắc chắn cũng sẽ là trải nghiệm tốt mà~! Biết đâu lại chẳng có cơ hội như vậy nữa!","Siwoo, ¡no te preocupes!!! Aunque perdamos, será una gran experiencia. ¡No sabemos cuándo tendremos otra oportunidad como esta!","Siwoo, tenang saja!!! Meski kita kalah ini tetap akan menjadi kesempatan berharga untuk kita~! Kapan lagi kesempatan seperti ini akan datang!",ชีอู ไม่เป็นไรหรอก!!! ถึงจะแพ้ก็เป็นประสบการณ์ที่ดีอยู่แล้ว~! โอกาสแบบนี้จะมีอีกเมื่อไหร่ก็ไม่รู้นะ!,"Siwoo, não se preocupa! Mesmo que não vençamos, será uma experiência enriquecedora! Quem sabe quando teremos outra chance como essa?"
,,A-1,백시우,,1_정적,nervous,,"그, 그럼... 해보는 걸로.",A-all right... I guess we can.,そ、そこまで言うなら‥,那，那就...试试吧。,那、那就...試試吧。,"Л-ладно, тогда... Попробуем.",A-baiklah... Saya rasa kita boleh.,V...vậy... Bọn em sẽ thử vậy.,E-Entonces... lo intentaremos.,"Ka, kalau begitu... saya akan coba.",ถะ ถ้างั้น... ลองดูก็ได้,Cer... certo... Vamos tentar então.
,,A-1,오아시스,,1_훗,,,"이해해~ 아무리 경기를 살살 한대도 성인 프로와 청소년 아마추어는 차이가 있지. <wrt:wait,15><wrt:break><cha:face,오아시스,1_기본>그래도 역시 너희 코치의 말이 맞아~! 모쪼록 많은 걸 배워가길 바랄게!!!","Heh! I won’t deny the difference between adults versus teen amateurs. <wrt:wait,15><wrt:break><cha:face,오아시스,1_기본>Still, your coach is right! I hope you can get a lot out of the match!","戸惑う気持ちもわかるよ。手加減するといっても、大人のプロとアマチュアの君たちじゃレベルが違うもんな。<wrt:wait,15><wrt:break><cha:face,오아시스,1_기본>でも、君たちのコーチの言うことはもっともだ。きっといい勉強になる。","理解～就算放放水，职业选手和业余青少年的差距还是摆在那里的。<wrt:wait,15><wrt:break><cha:face,오아시스,1_기본>不过你们教练说得对～！希望你们能学到很多东西！！！","我懂～即便放水，職業選手和業餘青少年還是有實力上的差距。<wrt:wait,15><wrt:break><cha:face,오아시스,1_기본>不過你們教練說得對～！希望你們能學到很多東西！！","Ха-ха-ха! Безусловно, между взрослой профессиональной и молодежной любительской командой есть разница.<wrt:wait,15><wrt:break><cha:face,오아시스,1_기본>Но ваш тренер дело говорит! Надеюсь, вы многому научитесь!","Saya faham~ Walaupun bermain santai, masih ada jurang antara pemain profesional dewasa dengan remaja amatur. <wrt:wait,15><wrt:break><cha:face,오아시스,1_기본>Tapi jurulatih kamu betul! Saya harap kamu dapat belajar banyak nanti!","Tôi hiểu mà~ Dù có đấu nhẹ nhàng thế nào đi nữa thì giữa vận động viên chuyên nghiệp người lớn và nghiệp dư trẻ tuổi vẫn có khoảng cách. <wrt:wait,15><wrt:break><cha:face,오아시스,1_기본>Dù sao lời của huấn luyện viên các em cũng đúng đấy~! Hy vọng các em sẽ học hỏi được nhiều!!!","Entiendo. Aunque se contengan, hay una diferencia entre los profesionales adultos y los jóvenes aficionados. <wrt:wait,15><wrt:break><cha:face,오아시스,1_기본>¡Pero su entrenadora tiene razón! Espero que aprendan mucho!!!","Aku paham~ Sekalipun bermain santai, tetap ada selisih kemampuan antara pemain profesional dewasa dan amatir remaja. <wrt:wait,15><wrt:break><cha:face,오아시스,1_기본>Tapi pelatih kalian benar~! Semoga kalian bisa belajar banyak!!!","ฉันเข้าใจนะ~ ต่อให้จะบอกว่าเป็นการแข่งชิลๆ แต่นักกีฬาอาชีพระดับผู้ใหญ่กับนักกีฬาสมัครเล่นระดับเยาวชนย่อมห่างชั้นกันอยู่แล้ว <wrt:wait,15><wrt:break><cha:face,오아시스,1_기본>แต่ที่โค้ชของนายพูดก็ถูกแหละ~! หวังว่านายจะได้เรียนรู้สิ่งต่างๆ ไปอย่างเต็มที่เลยนะ!!!","Entendo você, Siwoo! Mesmo que eles peguem leve, existe uma diferença entre profissionais adultos e amadores juvenis. <wrt:wait,15><wrt:break><cha:face,오아시스,1_기본>Mas sua treinadora tem razão! Certamente será uma experiência única."
,,A-2,백시우,,1_무표정,nervous,,하고는 싶은데... 잘 할 수 있을까요?,"I want to, but... will we be all right?",やりたいのはやりたいけど‥上手くできるかなぁ。,虽然想比...但能打好吗？,雖然很想嘗試...可是不知道自己能不能勝任？,"Я не против, но... Получится ли у нас?","Saya mahu, tetapi... adakah kita akan baik-baik saja?",Em cũng muốn đấu lắm... Nhưng liệu bọn em có làm tốt được không ạ?,Quiero intentarlo... ¿será que lo haremos bien?,Saya mau coba... Tapi apa saya dapat bertanding dengan baik?,ก็อยากลองอยู่นะครับ... แต่จะทำได้ดีรึเปล่านี่สิ,Claro que eu quero jogar também... mas será que vamos dar conta?
,,A-2,정다희,,-1_기본,,,"그래도 해보는 게 좋지 않겠어 시우야? 지더라도 분명 좋은 경험일 거라구~! <wrt:wait,15><wrt:break>언제 또 이런 기회가 올지 모르는걸!","It would be good to try, wouldn’t it? Even if we lose, it’s good experience! <wrt:wait,15><wrt:break>We might not get another chance like this!","大丈夫だよ、新！もし負けても、いい経験になるんだから！<wrt:wait,15><wrt:break>二度とないチャンスかもしれないし！","还是试试看比较好吧，时宇？就算输了肯定也是很好的经验～！<wrt:wait,15><wrt:break>谁知道还有没有这样的机会呢！","先試再說吧，時宇？就算輸了肯定也是很好的經驗～！<wrt:wait,15><wrt:break>此時不比更待何時，是吧？","Может, все же стоит попробовать, Шиу? Даже если мы проиграем,<wrt:break>подумай, какой это ценный опыт!<wrt:wait,15><wrt:break>И когда еще нам такой шанс выпадет?","Ia adalah baik untuk mencuba, bukan? Walaupun kita kalah, ia adalah pengalaman yang baik! <wrt:wait,15><wrt:break>Kita mungkin tidak akan dapat peluang seperti ini lagi!","Siwoo à, thử đấu vẫn tốt hơn đúng không? Dù có thua thì chắc chắn cũng sẽ là trải nghiệm tốt mà~! <wrt:wait,15><wrt:break>Biết đâu lại chẳng có cơ hội như vậy nữa!","¿No crees que es mejor intentarlo, Siwoo? Aunque perdamos, será una buena experiencia. <wrt:wait,15><wrt:break>¡No sabemos cuándo tendremos otra oportunidad como esta!","Meski begitu Siwoo, tidakkah akan lebih baik jika kamu mencobanya? Meski kita kalah ini tetap akan menjadi kesempatan berharga untuk kita~~! <wrt:wait,15><wrt:break>Kapan lagi kesempatan seperti ini akan datang!","แต่ก็ลองไปก่อนดีกว่าไม่ใช่เหรอ ชีอู? ถึงจะแพ้ก็เป็นประสบการณ์ที่ดีอยู่แล้ว~! <wrt:wait,15><wrt:break>โอกาสแบบนี้จะมีอีกเมื่อไหร่ก็ไม่รู้นะ!","Siwoo, não acha que o importante é tentar? Mesmo que não vençamos, será uma experiência enriquecedora! <wrt:wait,15><wrt:break>Quem sabe quando teremos outra chance como essa?"
,,A-2,백시우,,1_정적,pause,,"<txt:color,grey>(신뢰의 눈빛이 엄청난걸...)","<txt:color,grey>(She’s looking at me with so much trust...)","<txt:color,grey>(すごい熱い眼差し‥)","<txt:color,grey>(她这眼神，真是无条件信任我啊...)","<txt:color,grey>(她的眼神裡充滿了信任...)","<txt:color,grey>(Уверенность прямо искрится во взгляде...)","<txt:color,grey>(Bersungguh-sungguh betul dia percayakan saya...)","<txt:color,grey>(Ánh mắt tin tưởng ghê...)","<txt:color,grey>(Sus ojos están llenos de confianza...)","<txt:color,grey>(Dia terlihat sangat mempercayaiku...)","<txt:color,grey>(สายตาแห่งศรัทธาช่างรุนแรงจริงๆ...)","<txt:color,grey>(Esse olhar cheio de confiança...)"
,,A-2,백시우,,1_정적,nervous,,"그, 그럼... 해보는 걸로.",A-alright... I guess we can.,そ、そこまで言うなら‥,那，那就...试试吧。,那、那就...試試吧。,"Л-ладно, тогда... Попробуем.",A-baiklah... Saya rasa kita boleh.,V...vậy... Bọn em sẽ thử vậy.,E-Entonces... lo intentaremos.,"Ka, kalau begitu... saya akan coba.",ถะ ถ้างั้น... ลองดูก็ได้,Cer... certo... Vamos tentar então.
,,A-2,오아시스,,1_훗,,,"이해해~ 아무리 경기를 살살 한대도 성인 프로와 청소년 아마추어는 차이가 있지. <wrt:wait,15><wrt:break><cha:face,오아시스,1_기본>그래도 역시 너희 코치의 말이 맞아~! 모쪼록 많은 걸 배워가길 바랄게!!!","Heh! I won’t deny the difference between adults versus teen amateurs. <wrt:wait,15><wrt:break><cha:face,오아시스,1_기본>Still, your coach is right! I hope you can get a lot out of the match!","戸惑う気持ちもわかるよ。手加減するといっても、大人のプロとアマチュアの君たちじゃレベルが違うもんな。<wrt:wait,15><wrt:break><cha:face,오아시스,1_기본>でも、君たちのコーチの言うことはもっともだ。きっといい勉強になる。","理解～就算放放水，职业选手和业余青少年的差距还是摆在那里的。<wrt:wait,15><wrt:break><cha:face,오아시스,1_기본>不过你们教练说得对～！希望你们能学到很多东西！！！","我懂～即便放水，職業選手和業餘青少年還是有實力上的差距。<wrt:wait,15><wrt:break><cha:face,오아시스,1_기본>不過你們教練說得對～！希望你們能學到很多東西！！","Ха-ха-ха! Безусловно, между взрослой профессиональной и молодежной любительской командой есть разница.<wrt:wait,15><wrt:break><cha:face,오아시스,1_기본>Но ваш тренер дело говорит! Надеюсь, вы многому научитесь!","Saya faham~ Walaupun bermain santai, masih ada jurang antara pemain profesional dewasa dengan remaja amatur. <wrt:wait,15><wrt:break><cha:face,오아시스,1_기본>Tapi jurulatih kamu betul! Saya harap kamu dapat belajar banyak nanti!","Tôi hiểu mà~ Dù có đấu nhẹ nhàng thế nào đi nữa thì giữa vận động viên chuyên nghiệp người lớn và nghiệp dư trẻ tuổi vẫn có khoảng cách. <wrt:wait,15><wrt:break><cha:face,오아시스,1_기본>Dù sao lời của huấn luyện viên các em cũng đúng đấy~! Hy vọng các em sẽ học hỏi được nhiều!!!","Entiendo. Aunque se contengan, hay una diferencia entre los profesionales adultos y los jóvenes aficionados. <wrt:wait,15><wrt:break><cha:face,오아시스,1_기본>¡Pero su entrenadora tiene razón! Espero que aprendan mucho!!!","Aku paham~ Sekalipun bermain santai, tetap ada selisih kemampuan antara pemain profesional dewasa dan amatir remaja. <wrt:wait,15><wrt:break><cha:face,오아시스,1_기본>Tapi pelatih kalian benar~! Semoga kalian bisa belajar banyak!!!","ฉันเข้าใจนะ~ ต่อให้จะบอกว่าเป็นการแข่งชิลๆ แต่นักกีฬาอาชีพระดับผู้ใหญ่กับนักกีฬาสมัครเล่นระดับเยาวชนย่อมห่างชั้นกันอยู่แล้ว <wrt:wait,15><wrt:break><cha:face,오아시스,1_기본>แต่ที่โค้ชของนายพูดก็ถูกแหละ~! หวังว่านายจะได้เรียนรู้สิ่งต่างๆ ไปอย่างเต็มที่เลยนะ!!!","Entendo você, Siwoo! Mesmo que eles peguem leve, existe uma diferença entre profissionais adultos e amadores juvenis. <wrt:wait,15><wrt:break><cha:face,오아시스,1_기본>Mas sua treinadora tem razão! Certamente será uma experiência única."
,,A-3,백시우,,1_결연,pause,,"<txt:bold,2>까짓 거, 한번 해보죠!","<txt:bold,2>Fine, let’s do it!","<txt:bold,2>やってやろうじゃないですか！","<txt:bold,2>大不了试试呗！","<txt:bold,2>大不了試試吧！","<txt:bold,2>Давайте попробуем!","<txt:bold,2>Baik, mari buat!","<txt:bold,2>Cứ thử đấu một trận xem sao!","<txt:bold,2>¡Vamos a intentarlo!","<txt:bold,2>Baiklah, saya akan coba!","<txt:bold,2>ลองดูสักตั้งก็ได้ครับ!","<txt:bold,2>Vamos lá, custe o que custar, vamos conseguir!"
,,A-3,백시우,,1_웃음,pause,,"지금이 아니면 결코 오지 않을 좋은 기회이기도 하니까... <wrt:wait,15><wrt:break><cha:pop,백시우>그렇지, 다희야?","We may never get this chance again. <wrt:wait,15><wrt:break><cha:pop,백시우>Isn’t that right, Dahee?","今しかない、二度とないチャンスかもしれないし‥<wrt:wait,15><wrt:break><cha:pop,백시우>そうだよな、夏希？","眼下不抓住这千载难逢的好机会，更待何时...<wrt:wait,15><wrt:break><cha:pop,백시우>对吧，多熙？","目前不抓住這千載難逢的好機會，更待何時...<wrt:wait,15><wrt:break><cha:pop,백시우>對吧，多熙？","Когда, если не сейчас! <wrt:wait,15><wrt:break><cha:pop,백시우>Скажи, Дахи?","Kita mungkin tidak akan mendapat peluang ini lagi. <wrt:wait,15><wrt:break><cha:pop,백시우>Betul ke, Dahee?","Vì đây cũng là một cơ hội tuyệt vời, có lẽ sẽ không đến lần nữa... <wrt:wait,15><wrt:break><cha:pop,백시우>Đúng không, Dahee?","Es una buena oportunidad que no volverá a presentarse... <wrt:wait,15><wrt:break><cha:pop,백시우>¿Verdad, Dahee?","Karena ini adalah kesempatan bagus yang tidak akan datang lagi... <wrt:wait,15><wrt:break><cha:pop,백시우>Kamu juga setuju kan, Dahee?","เพราะนี่คือโอกาสดีที่ไม่ได้มีมาง่ายๆ เลย... <wrt:wait,15><wrt:break><cha:pop,백시우>ใช่ไหม ดาฮี?","Além disso, é uma oportunidade que talvez nunca tenhamos de novo... <wrt:wait,15><wrt:break><cha:pop,백시우>Certo, Dahee?"
,,A-3,정다희,,-1_웃음,,,맞아요! 저희라면 분명 잘 할 수 있을 거에요!,Yup! And we’re gonna play great!,そうです！私たち、きっと上手く戦えますよ！,没错！我相信我们一定能行！,沒錯！我相信我們一定可以！,Конечно! У нас все получится!!!,Betul! Saya yakin kami boleh bermain dengan baik!,Đúng vậy ạ! Nếu là bọn em thì chắc chắn sẽ làm tốt mà!,¡Lo haremos! ¡Estoy segura de que lo haremos bien!,Benar sekali! Saya yakin kami sanggup bertanding dengan baik!,ใช่แล้วค่ะ! พวกเราจะทำได้ดีแน่นอนเลย!,Isso mesmo! Tenho certeza de que faremos um excelente trabalho! Confio no time!
,,A-3,정다희,,-2_헤헤,wave,,"헤헤, 그렇지만 나도 시우 네가 이렇게나 바로 승낙할 줄은 몰랐네! <wrt:wait,15><wrt:break>어쩐지 나도 뿌듯해지는걸?","Hehe, but I didn’t expect you to accept right away like that! <wrt:wait,15><wrt:break>I’m a little proud of you.","へへ、それにしても新が即答するとは思わなかった！<wrt:wait,15><wrt:break>なんだか胸がいっぱいになるよ！","嘿嘿，不过连我都没想到时宇你会答应得这么爽快！<wrt:wait,15><wrt:break>莫名有种自豪感呢？","嘿嘿，不過連我都沒想到你會答應得這麼爽快！<wrt:wait,15><wrt:break>莫名有種自豪感呢？","Не думала, что ты так легко согласишься, Шиу!<wrt:wait,15><wrt:break>Прямо гордость переполняет!","Hehe, tapi saya tak sangka awak terima serta merta macam tu! <wrt:wait,15><wrt:break>Saya sedikit berbangga dengan anda.","Hê hê, nhưng mà tớ cũng không ngờ Siwoo lại đồng ý ngay đấy! <wrt:wait,15><wrt:break>Sao mà tớ cũng thấy tự hào ghê?","Jeje, pero no esperaba que aceptaras tan rápido, Siwoo. <wrt:wait,15><wrt:break>¿Por qué me siento tan orgullosa?","Hehe, meski begitu tidak ku sangka kamu akan langsung menyetujuinya juga seperti ini! <wrt:wait,15><wrt:break>Aku jadi agak bangga denganmu!","ฮิฮิ แต่ฉันไม่คิดเลยนะว่านายจะตอบตกลงทันทีขนาดนี้ ชีอู! <wrt:wait,15><wrt:break>ฉันรู้สึกปลื้มใจยังไงก็ไม่รู้แฮะ?","Hehe, mas não esperava que você aceitasse tão rapidamente! <wrt:wait,15><wrt:break>Fico feliz com isso, haha!"
,,A-3,오아시스,,1_웃음,,,"대단한 자신감이네~ 좋아, 마음이 놓이는걸? <wrt:wait,15><wrt:break>자신 없어하는 것보다는 자신 있게 부딪혀보는 게 역시 멋있으니까!","That is some self-confidence! I like it! <wrt:wait,15><wrt:break>Playing against a team with that attitude is far better than without!","すごい自信だな～。いいじゃん。<wrt:wait,15><wrt:break>逃げ腰なやつよりは、堂々とぶつかってみるやつの方が格好いいもんな！","自信真强啊～好，那我放心了。<wrt:wait,15><wrt:break>毕竟充满自信地去挑战，才是最帅的！","真有自信～那麼我就放心了。<wrt:wait,15><wrt:break>比起猶豫不決，勇敢迎接挑戰才是最帥的！","Какая самоуверенность! Тебе так будет даже легче!<wrt:wait,15><wrt:break>Всегда круче сражаться, когда есть уверенность, чем когда ее нет!","Yakin betul kamu~ Bagus, lega saya! <wrt:wait,15><wrt:break>Lebih menarik bila kamu menyahut cabaran dengan yakin daripada rasa takut!","Tự tin ghê ha~ Tốt, tôi cũng yên tâm rồi! <wrt:wait,15><wrt:break>Dù sao đối mặt một cách tự tin vẫn ngầu hơn là thiếu tự tin mà!","¡Qué gran confianza! Me quedo tranquilo. <wrt:wait,15><wrt:break>¡Es mejor enfrentarse con confianza que con dudas!","Kamu penuh dengan kepercayaan diri~ Bagus, aku jadi tenang! <wrt:wait,15><wrt:break>Daripada tidak percaya diri jauh lebih keren untuk menghadapi secara langsung dengan keberanian!","มีความมั่นใจเต็มร้อยเลยสินะ~ ดี ฉันค่อยวางใจหน่อย <wrt:wait,15><wrt:break>เพราะการลองสู้ด้วยความมั่นใจน่ะ เท่กว่าการมัวแต่ไม่มั่นใจเยอะเลย!","Que confiança admirável! Isso é ótimo, me deixa mais seguro. <wrt:wait,15><wrt:break>Encarar as situações com confiança é muito mais excitante do que ficar inseguro!"
,,,오아시스,,1_기본,,joy,"<cha:face,정다희,-1_기본>...자, 그렇다면 바로 안내하도록 할게. 그 쪽은 이미 기다리고 있거든!","<cha:face,정다희,-1_기본>Well, I’ll take you over to them. They’re already waiting!","<cha:face,정다희,-1_기본>‥じゃあ、早速案内するよ。あっちはもうコートで待ってるからね！","<cha:face,정다희,-1_기본>...好，我现在就带你们过去。他们那边已经在等了！","<cha:face,정다희,-1_기본>...好，那我現在就帶你們過去。他們那邊已經在等了！","<cha:face,정다희,-1_기본>Что ж, тогда приступим. Другая команда уже ждет.","<cha:face,정다희,-1_기본>...Baiklah, saya bawa kamu ke sana sekarang. Mereka dah menunggu!","<cha:face,정다희,-1_기본>...Được rồi, vậy tôi sẽ hướng dẫn luôn đây. Bên kia đã đợi sẵn rồi!","<cha:face,정다희,-1_기본>...Bueno, entonces, vamos. ¡Ellos ya están esperando!","<cha:face,정다희,-1_기본>...Okay, kalau begitu akan langsung aku pandu. Lawan kalian sedang menunggu disana!","<cha:face,정다희,-1_기본>...เอาล่ะ ถ้างั้นฉันจะพาไปเลยนะ ทางนั้นกำลังรออยู่แล้วล่ะ!","<cha:face,정다희,-1_기본>Bom, então por favor, venham comigo. Eles devem estar esperando por vocês!"
,경기 승리,#,MAP,,,,,바다,바다,바다,바다,바다,바다,바다,바다,바다,바다,바다,바다
,,#,BGM,,,,,BGM_MEET_SIWOO,BGM_MEET_SIWOO,BGM_MEET_SIWOO,BGM_MEET_SIWOO,BGM_MEET_SIWOO,BGM_MEET_SIWOO,BGM_MEET_SIWOO,BGM_MEET_SIWOO,BGM_MEET_SIWOO,BGM_MEET_SIWOO,BGM_MEET_SIWOO,BGM_MEET_SIWOO
,,#,남재현,2,1_기본,,,,,,,,,,,,,,
,,#,백시우,-2,1_웃음,,,,,,,,,,,,,,
,,#,오아시스,4,1_웃음,,,,,,,,,,,,,,
,,,남재현,,1_기본,,,"<scr:star,1>뭐야, <txt:bold,2><txt:color,orange>태양 배구단</txt:bold></txt:color>을 이기다니. 백시우 너, 대단한데?","<scr:star,1>Seriously? You beat the <txt:bold,2><txt:color,orange>Sun Volleyball Team</txt:bold></txt:color>?! Siwoo, you’re a beast!","<txt:bold,2><txt:color,orange>太陽バレー団</txt:bold></txt:color>に勝つなんて、新、すごいなお前！","<scr:star,1>什么，你们竟然赢了<txt:bold,2><txt:color,orange>太阳排球队</txt:bold></txt:color>。白时宇，你很强啊？","<scr:star,1>什麼，你們竟然贏了<txt:bold,2><txt:color,orange>太陽排球隊</txt:bold></txt:color>？白時宇你很可以啊！？","<scr:star,1>Ого! Выиграли <txt:bold,2><txt:color,orange>клуб «Тэян»</txt:bold></txt:color>? Это что-то, Бэк Шиу!","<scr:star,1>Eh, kamu kalahkan <txt:bold,2><txt:color,orange>Sun Volleyball Team</txt:bold></txt:color>? Siwoo, hebat betul kamu!","<scr:star,1>Gì vậy, thắng được cả <txt:bold,2><txt:color,orange>Đội Bóng Chuyền Mặt Trời</txt:bold></txt:color>?! Baek Siwoo, cậu giỏi thật đấy?","<scr:star,1>¿Qué? ¿Derrotaste al <txt:bold,2><txt:color,orange>Equipo de Voleibol Solar</txt:bold></txt:color>? Siwoo Baek, ¡eres increíble!","<scr:star,1>Wah, kalian dapat menang melawan <txt:bold,2><txt:color,orange>Solar Volleyball Team</txt:bold></txt:color>. Siwoo Baek, kamu luar biasa sekali!","<scr:star,1>อะไรกัน ชนะ<txt:bold,2><txt:color,orange>กลุ่มวอลเลย์บอลดวงตะวัน</txt:bold></txt:color>งั้นเหรอ แบคชีอู นายไม่ใช่เล่นๆ เลยนะเนี่ย?","<scr:star,1>Meu Deus! Vocês ganharam do <txt:bold,2><txt:color,orange>Clube de Vôlei Sol</txt:bold></txt:color>! Siwoo Baek, você é incrível!"
,,,남재현,,1_기본,,,"<scr:star,2>뭐야, 백시우! <txt:bold,2><txt:color,orange>태양 배구단</txt:bold></txt:color>과 맞붙어서 이 정도 스코어로 이기다니... 엄청나잖아?","<scr:star,2>Holy smokes, Siwoo! How’d you rack up so many points against the <txt:bold,2><txt:color,orange>Sun Volleyball Team</txt:bold></txt:color>?! Insane!","<scr:star,2>マジか、新！<txt:bold,2><txt:color,orange>太陽バレー団</txt:bold></txt:color>相手にこんな差をつけて勝つなんて‥すごいじゃん！","<scr:star,2>什么，白时宇！你们和<txt:bold,2><txt:color,orange>太阳排球队</txt:bold></txt:color>交手还能赢这么多分...也太厉害了吧？","<scr:star,2>什麼，白時宇！你們和<txt:bold,2><txt:color,orange>太陽排球隊</txt:bold></txt:color>交手還能贏這麼多分...也太厲害了吧？","<scr:star,2>Эй, Бэк Шиу! Неплохие очки для игры с <txt:bold,2><txt:color,orange>клубом «Тэян»</txt:bold></txt:color>! Победа! Ну ты даешь!","<scr:star,2>Wah, Siwoo! Bagaimana anda kumpul banyak mata menentang <txt:bold,2><txt:color,orange>Sun Volleyball Team</txt:bold></txt:color>?! gila!","<scr:star,2>Gì vậy Baek Siwoo?! Đấu với <txt:bold,2><txt:color,orange>Đội Bóng Chuyền Mặt Trời</txt:bold></txt:color> mà thắng với tỷ số này... Ghê thật đấy?","<scr:star,2>¿Qué, Siwoo Baek? ¿Derrotaste al <txt:bold,2><txt:color,orange>Equipo de Voleibol Solar</txt:bold></txt:color> con ese marcador? ¡Es impresionante!","<scr:star,2>Wah, Siwoo Baek! Kamu menang dengan perbedaan skor seperti ini meski melawan <txt:bold,2><txt:color,orange>Solar Volleyball Team</txt:bold></txt:color>... Luar biasa sekali!","<scr:star,2>อะไรกัน แบคชีอู! ปะทะกับ<txt:bold,2><txt:color,orange>กลุ่มวอลเลย์บอลดวงตะวัน</txt:bold></txt:color> แล้วเอาชนะได้ด้วยสกอร์ขนาดนี้เลยเหรอ... สุดยอดไปเลยนี่นา?","<scr:star,2>Caramba, Siwoo Baek! Ganhar do <txt:bold,2><txt:color,orange>Clube de Vôlei Sol</txt:bold></txt:color> com esse placar... Que impressionante!"
,,,남재현,,1_기본,,,"<scr:star,3>...허어, <txt:bold,2><txt:color,orange>태양 배구단</txt:bold></txt:color>을 이렇게 압도적으로 이기다니... 너 엄청난 녀석이었잖아?","<scr:star,3>How...? You beat the <txt:bold,2><txt:color,orange>Sun Volleyball Team</txt:bold></txt:color> like a drum... That was incredible, Siwoo.","<scr:star,3>‥へぇ。<txt:bold,2><txt:color,orange>太陽バレー団</txt:bold></txt:color>相手にこんなに圧勝するなんて‥お前ってすごいやつだったんだな！","<scr:star,3>...天，你们就这么压倒性地赢了<txt:bold,2><txt:color,orange>太阳排球队</txt:bold></txt:color>...没想到你这么牛掰？","<scr:star,3>...天啊，你們就這麼壓倒性的贏了<txt:bold,2><txt:color,orange>太陽排球隊</txt:bold></txt:color>...沒想到你這麼厲害？","<scr:star,3>Вау, выиграть <txt:bold,2><txt:color,orange>клуб «Тэян»</txt:bold></txt:color> с таким отрывом? Я и не знал, что ты настолько хорош!","<scr:star,3>Bagaimana...? Anda mengalahkan <txt:bold,2><txt:color,orange>Sun Volleyball Team</txt:bold></txt:color> seperti membelasah... Itu memang luar biasa, Siwoo.","<scr:star,3>...Chà, thắng áp đảo cả <txt:bold,2><txt:color,orange>Đội Bóng Chuyền Mặt Trời</txt:bold></txt:color> cơ đấy... Cậu đúng là một cầu thủ tuyệt vời mà!","<scr:star,3>...Uau, derrotaste al <txt:bold,2><txt:color,orange>Equipo de Voleibol Solar</txt:bold></txt:color> de manera tan dominante... ¿Eres un prodigio?","<scr:star,3>...Woww, kamu memperoleh kemenangan telak meski melawan <txt:bold,2><txt:color,orange>Solar Volleyball Team</txt:bold></txt:color>... Kamu jauh lebih hebat dari yang aku bayangkan!","<scr:star,3>...โห เอาชนะ<txt:bold,2><txt:color,orange>กลุ่มวอลเลย์บอลดวงตะวัน</txt:bold></txt:color>ได้แบบขาดลอยขนาดนี้... นายคือปีศาจชัดๆ","<scr:star,3>Nossa! Vocês deram um show contra o <txt:bold,2><txt:color,orange>Clube de Vôlei Sol</txt:bold></txt:color>... Siwoo, você é realmente incrível!"
,,,백시우,,1_웃음,pause,,"<cha:pop,백시우>어라, 보고 있었구나? <wrt:wait,15><wrt:break>하핫! 그냥 운이 좋았던 것 뿐이야.","<cha:pop,백시우>You were watching? <wrt:wait,15><wrt:break>Haha! We just got lucky, that’s all.","<cha:pop,백시우>あ、見てたんだ？<wrt:wait,15><wrt:break>ははっ！運がよかっただけさ。","<cha:pop,백시우>咦，你也在看啊？<wrt:wait,15><wrt:break>哈哈！只是运气好而已。","<cha:pop,백시우>咦～你也在場啊？<wrt:wait,15><wrt:break>哈哈！只是運氣好而已。","<cha:pop,백시우>Ой, ты смотрел матч? <wrt:wait,15><wrt:break>Ха-ха, это простое везение.","<cha:pop,백시우>Anda sedang menonton? <wrt:wait,15><wrt:break>Haha! Kami hanya bernasib baik, itu sahaja.","<cha:pop,백시우>Ơ, cậu cũng xem à? <wrt:wait,15><wrt:break>Ha ha! Chỉ là may mắn thôi.","<cha:pop,백시우>¿Ah, estabas viendo? <wrt:wait,15><wrt:break>¡Jaja! Solo tuve suerte.","<cha:pop,백시우>Eh, kamu telah menonton pertandinganku? <wrt:wait,15><wrt:break>Hehe! Aku hanya beruntung saja.","<cha:pop,백시우>อ้าว นายก็ดูอยู่เหรอ? <wrt:wait,15><wrt:break>ฮ่าฮ่า! ฉันก็แค่ดวงดีเท่านั้นแหละน่า","<cha:pop,백시우>Oh, você tava assistindo? <wrt:wait,15><wrt:break>Haha! Foi sorte."
,,,남재현,,1_웃음,,,"그래도 질투 나는걸? 운도 실력이니까. <wrt:wait,15><wrt:break><txt:size,-2>운...이겠지?","I’m jealous, I gotta say. It takes skill to be lucky, after all. <wrt:wait,15><wrt:break><txt:size,-2>Luck... it was all luck, right...?","でも羨ましいなあ。運も実力だから。<wrt:wait,15><wrt:break><txt:size,-2>本当に運‥だよな？","运气也是实力啊，羡慕死了。<wrt:wait,15><wrt:break><txt:size,-2>是运气...对吧？","運氣也是實力啊，羨慕死了。<wrt:wait,15><wrt:break><txt:size,-2>運氣...嗎？","И все равно завидно! Ведь удача — это тоже навык. <wrt:wait,15><wrt:break><txt:size,-2>Это же удача была?","Tetap cemburu juga saya. Tuah pun sebahagian daripada kemahiran. <wrt:wait,15><wrt:break><txt:size,-2>Tuah... memang sebab tuah, kan?","Nhưng vẫn khiến tớ ghen tị đấy? May mắn cũng là thực lực mà. <wrt:wait,15><wrt:break><txt:size,-2>Là do may mắn... phải không?","Aún así, me da envidia. La suerte también es una habilidad. <wrt:wait,15><wrt:break><txt:size,-2>Suerte... supongo.","Meski begitu aku jadi iri! Keberuntungan itu termasuk kemampuan juga. <wrt:wait,15><wrt:break><txt:size,-2>Tapi itu pasti hanyalah keberuntungan biasa...kan?","แต่ถึงยังไงก็น่าอิจฉาอยู่ดีแหละ เพราะดวงก็ถือเป็นความสามารถเหมือนกันนะ <wrt:wait,15><wrt:break><txt:size,-2>คงเป็นดวง...สินะ?","Mesmo assim, tô um pouco com inveja! Sorte também conta como habilidade. <wrt:wait,15><wrt:break><txt:size,-2>Mas... foi mesmo sorte?"
,,,백시우,,1_웃음,,,"에이, 무슨 말이야. 지금 너와 붙으면 전혀 상대도 안될걸?",Don’t be silly. You’d destroy me in a one-on-one match.,何言ってるんだ。今お前とやったら俺がボコボコにやられるさ。,哎，说什么呢。现在真跟你交手，我根本不是你的对手吧？,哎說什麼呢。現在就算我跟你交手，也根本不是你的對手吧？,"Да ну, что ты! Сыграй мы с тобой сейчас, я бы тебе и сопротивления не оказал.","Eh, apa pula. Kalau lawan kamu sekarang, saya langsung tak setanding, kan?","Thôi nào, cậu nói gì vậy? Giờ mà đấu với cậu thì tớ chẳng phải đối thủ đâu!","¿Qué estás diciendo? Si nos enfrentáramos ahora, no tendría ninguna oportunidad.","Haha, apa yang kamu bicarakan. Aku yakin aku pasti akan kalah jika melawanmu sekarang!",แหม พูดอะไรของนายกันเล่า ถ้าตอนนี้ฉันได้แข่งกับนายล่ะก็ คงเทียบไม่ได้เลยด้วยซ้ำ,"Ah, pare com isso. Se eu jogasse contra você agora, não teria a menor chance."
,,,오아시스,,1_웃음,,,"<cha:pos,남재현,1><cha:pos,오아시스,2><txt:size,2><cha:face,남재현,1_기본>시우, 고생 많았어! </txt:size><wrt:wait,15><wrt:break>우리 팀 백업과 해서 이 정도 스코어면... 역시 좋은 실력이네, 멋진걸!","<cha:pos,남재현,1><cha:pos,오아시스,2><txt:size,2><cha:face,남재현,1_기본>Great hustle out there, Siwoo! </txt:size><wrt:wait,15><wrt:break>You clearly have a lot of talent if you can beat our backups with a score like that!","<cha:pos,남재현,1><cha:pos,오아시스,2><txt:size,2><cha:face,남재현,1_기본>新、お疲れ！</txt:size><wrt:wait,15><wrt:break>うちの控え選手たちとやってこのスコア‥やっぱりすごいな。<wrt:break>格好良かったぞ！","<cha:pos,남재현,1><cha:pos,오아시스,2><txt:size,2><cha:face,남재현,1_기본>时宇，辛苦了！</txt:size><wrt:wait,15><wrt:break>和我们替补打成这样的比分...不愧是你，真厉害！","<cha:pos,남재현,1><cha:pos,오아시스,2><txt:size,2><cha:face,남재현,1_기본>時宇辛苦了！</txt:size><wrt:wait,15><wrt:break>能和我們替補打出這樣的比分...果然挺有實力的！","<cha:pos,남재현,1><cha:pos,오아시스,2><txt:size,2><cha:face,남재현,1_기본>Шиу, отличная работа! </txt:size><wrt:wait,15><wrt:break>Неплохие результаты для игры с нашими запасными! Ты был крут!","<cha:pos,남재현,1><cha:pos,오아시스,2><txt:size,2><cha:face,남재현,1_기본>Syabas, Siwoo! </txt:size><wrt:wait,15><wrt:break>Dapat skor begini menentang pemain simpanan kami... Memang hebat kemahiran kamu!","<cha:pos,남재현,1><cha:pos,오아시스,2><txt:size,2><cha:face,남재현,1_기본>Siwoo, em vất vả rồi! </txt:size><wrt:wait,15><wrt:break>Đấu với đội dự bị của bọn tôi mà có tỷ số này... Quả nhiên kỹ năng của em rất tốt, ngầu lắm!","<cha:pos,남재현,1><cha:pos,오아시스,2><txt:size,2><cha:face,남재현,1_기본>¡Siwoo, buen trabajo! </txt:size><wrt:wait,15><wrt:break>Si con nuestro equipo de reserva lograste ese marcador... Tienes buen nivel, ¡muy bien!","<cha:pos,남재현,1><cha:pos,오아시스,2><txt:size,2><cha:face,남재현,1_기본>Siwoo, kerja bagus! </txt:size><wrt:wait,15><wrt:break>Meraih skor begini melawan pemain cadangan kami... Kemampuanmu memang hebat. Keren!","<cha:pos,남재현,1><cha:pos,오아시스,2><txt:size,2><cha:face,남재현,1_기본>ชีอู เก่งมากเลย! </txt:size><wrt:wait,15><wrt:break>ถ้าแข่งกับตัวสำรองทีมเราแล้วทำสกอร์ได้ขนาดนี้... นายมีฝีมือที่ดีจริงๆ แฮะ เยี่ยมมาก!","<cha:pos,남재현,1><cha:pos,오아시스,2><txt:size,2><cha:face,남재현,1_기본>Siwoo, você arrasou! </txt:size><wrt:wait,15><wrt:break>Conseguir esse placar com os reservas do nosso time... realmente, você é muito habilidoso, incrível!"
,,,백시우,,1_웃음,wave,,"후아, 그래서인지 평소보다 힘든 경기였네요. <wrt:wait,15><wrt:break><txt:size,2>...하지만 역시 재밌어요!","Man, backups or not, that was the hardest match I think I’ve ever played. <wrt:wait,15><wrt:break><txt:size,2>But I had a blast!","いつもの試合よりキツかったですよ。<wrt:wait,15><wrt:break><txt:size,2>でもやっぱり楽しかったです！","呼，难怪感觉比平时更累。<wrt:wait,15><wrt:break><txt:size,2>...但果然还是很开心！","呼啊，難怪打起來比平時更耗體力。<wrt:wait,15><wrt:break><txt:size,2>...但還是很開心！","Наверное поэтому сегодня было особенно трудно. <wrt:wait,15><wrt:break><txt:size,2>Но в то же время весело!","Fuh, patutlah lebih susah daripada perlawanan biasa. <wrt:wait,15><wrt:break><txt:size,2>...Tapi memang seronok!","Phù, có lẽ vì vậy mà trận đấu này mệt hơn bình thường. <wrt:wait,15><wrt:break><txt:size,2>...Nhưng quả thực là em thấy rất thú vị!","Hu, por eso fue un partido más difícil de lo habitual. <wrt:wait,15><wrt:break><txt:size,2>...¡Pero fue divertido!","Hyuhh, mungkin karena itu juga pertandingan ini terasa lebih sulit daripada pertandingan biasanya. <wrt:wait,15><wrt:break><txt:size,2>...Tetapi saya sangat bersenang-senang!","ฮู้ว เป็นการแข่งขันที่เหนื่อยกว่าปกติอีก <wrt:wait,15><wrt:break><txt:size,2>...แต่ก็สนุกมากเลยนะครับ!","Por isso que o jogo foi mais desafiador do que o habitual... <wrt:wait,15><wrt:break><txt:size,2>Mas foi divertido!"
,,,오아시스,,1_기본,pause,,"<wrt:delay,5>으음? 재밌다고?","<wrt:delay,5>Hm? A blast?","<wrt:delay,5>ん？楽しかった？","<wrt:delay,5>嗯？开心？","<wrt:delay,5>嗯？開心？","<wrt:delay,5>Чего? Весело?","<wrt:delay,5>Hmm? Seronok?","<wrt:delay,5>Hả? Em nói thú vị á?","<wrt:delay,5>¿Eh? ¿Divertido?","<wrt:delay,5>Hem? Bersenang-senang?","<wrt:delay,5>หืม? สนุกงั้นเหรอ?","<wrt:delay,5>Ahn? Divertido?"
,,,백시우,,1_기본,pause,,"<cha:pop,백시우>네! 이렇게나 강한 상대와 겨룬다는 것도, 그 안에서 배우는 것들도... 재밌는걸요?","<cha:pop,백시우>Yeah! Pitted against such a strong team, learning while I’m playing, it’s all good fun!","<cha:pop,백시우>はい！こんな強い相手と対戦するのも、その中で学ぶことも‥楽しいです！","<cha:pop,백시우>对！能和这么强的对手较量，从中学到东西...很有意思呢。","<cha:pop,백시우>對！能和這麼強的對手較量，從中學到東西...很有意思不是嗎？","<cha:pop,백시우>Да! Игра с такой сильной командой многому меня научила. Было здорово!","<cha:pop,백시우>Ya! Bertanding dengan pasukan yang begitu kuat, belajar sambil saya bermain, semuanya menyeronokkan!","<cha:pop,백시우>Vâng! Được đối đầu với đối thủ mạnh như vậy, rồi còn học hỏi được nhiều thứ từ đó nữa... Thực sự rất thú vị!","<cha:pop,백시우>¡Sí! Enfrentar a un oponente tan fuerte y aprender en el proceso... ¡es divertido!","<cha:pop,백시우>Iya! Bisa melawan lawan yang kuat seperti ini, dan juga mempelajari hal baru... Itu sangat menyenangkan!","<cha:pop,백시우>ครับ! ทั้งการที่ได้ทดสอบฝีมือกับคู่แข่งเก่งๆ แบบนี้ แล้วก็ได้เรียนรู้สิ่งต่างๆ จากการแข่งขันด้วย... สนุกออกนะครับ?","<cha:pop,백시우>Sim! Enfrentar um adversário tão forte e aprender com isso... é muito divertido!"
,,,남재현,,1_무표정,,,... ... ...,... ... ...,‥‥,......,......,... ... ...,... ... ...,... ... ...,...,... ... ...,... ... ...,...
,,,오아시스,,1_웃음,wave,,"오호, 그래? <txt:bold,2><txt:color,orange>태양 배구단</txt:bold></txt:color>을 상대로 재밌다고 말하는 녀석은 또 처음이네.","Is that right? You’re the first guy to ever say that after facing the <txt:bold,2><txt:color,orange>Sun Volleyball Team</txt:bold></txt:color>.","ほう、そうかい？<txt:bold,2><txt:color,orange>太陽バレー団</txt:bold></txt:color>を相手にして楽しいって言われたのは初めてだ。","哦吼，是吗？这还是头一次听有人说和<txt:bold,2><txt:color,orange>太阳排球队</txt:bold></txt:color>比赛很开心。","哦吼，是嗎？這還是頭一次聽有人說和<txt:bold,2><txt:color,orange>太陽排球隊</txt:bold></txt:color>比賽很開心。","Хм, вот как? Первый раз слышу, что бы кто-то говорил, что играть против <txt:bold,2><txt:color,orange>клуба «Тэян»</txt:bold></txt:color> — весело.","Betul ke? Anda adalah lelaki pertama yang pernah berkata demikian selepas melawan <txt:bold,2><txt:color,orange>Sun Volleyball Team</txt:bold></txt:color>.","Ồ hố, vậy sao? Đây là lần đầu có người nói thú vị khi đấu với <txt:bold,2><txt:color,orange>Đội Bóng Chuyền Mặt Trời</txt:bold></txt:color> đấy!","¿Oh, en serio? Nunca había conocido a alguien que dijera que es divertido enfrentarse al <txt:bold,2><txt:color,orange>Equipo de Voleibol Solar</txt:bold></txt:color>.","Oho, begitu? Pertama kalinya aku dengar ada yang menyebut pertandingan dengan <txt:bold,2><txt:color,orange>Solar Volleyball Team</txt:bold></txt:color> itu menyenangkan.","โอ้โห งั้นเหรอ? ฉันเพิ่งเคยเจอคนที่แข่งกับ<txt:bold,2><txt:color,orange>กลุ่มวอลเลย์บอลดวงตะวัน</txt:bold></txt:color> แล้วบอกว่าสนุกเป็นครั้งแรกเลยนะเนี่ย","Oh, é mesmo? É a primeira vez que vejo alguém dizer que jogar contra o <txt:bold,2><txt:color,orange>Clube de Vôlei Sol</txt:bold></txt:color> é divertido."
,,,오아시스,,1_기본,wave,joy,"즐길 줄 아는 녀석이 진정한 실력자긴 하지!<wrt:wait,15><wrt:break>좋아, 이걸로 어느 정도 실력이 파악되네. 나야말로 재밌는걸!!!","But that makes you a true volleyball player!<wrt:wait,15><wrt:break>I’m having fun myself! And now I have a good idea of your skills.","楽しめるやつこそが真の強者だよな！<wrt:wait,15><wrt:break>よし、これで実力もある程度わかった。こっちまで楽しくなってくるよ！","会享受比赛的人才是真正的强者！<wrt:wait,15><wrt:break>好，这下差不多摸清你的实力了。我才是开心！！","會享受比賽的人才是真正的強者！<wrt:wait,15><wrt:break>這樣我大概了解你的實力了。我才覺得有趣呢！！","Настоящий профи умеет веселиться!<wrt:wait,15><wrt:break>Теперь мне ясно, на что ты способен. Такое веселье по моей части!","Orang yang tahu menikmati permainan itulah pemain yang benar-benar hebat!<wrt:wait,15><wrt:break>Bagus, sekarang saya dah dapat agak tahap kamu. Saya pula yang rasa teruja!!!","Em rất biết cách tận hưởng trận đấu, đúng thật là một cầu thủ giỏi!<wrt:wait,15><wrt:break>Tốt lắm, bọn tôi cũng đã nắm được kỹ năng của em rồi. Tôi cũng thấy khá thú vị đấy!!!","¡Un verdadero jugador sabe cómo disfrutarlo!<wrt:wait,15><wrt:break>¡Genial, ya veo tu nivel! ¡Esto es emocionante para mí también!!!","Orang yang benar-benar hebat memang tahu cara menikmati permainan!<wrt:wait,15><wrt:break>Bagus, sekarang aku mulai paham kemampuanmu. Aku justru makin tertarik!!!","คนที่เข้าใจถึงรสชาติความสนุกนี่แหละ คือผู้มีความสามารถที่แท้จริง!<wrt:wait,15><wrt:break>ดีมาก ฉันพอจะจับทางฝีมือของนายได้ประมาณหนึ่งแล้วล่ะ ทำให้ฉันสนุกไปด้วยเลย!!!","Quem sabe apreciar cada momento é o verdadeiro vencedor! <wrt:wait,15><wrt:break>Agora tenho uma boa noção do nível de vocês. Também estou achando isso muito divertido! Hahaha!"
6,경기 전,#,MAP,,,,,바다,바다,바다,바다,바다,바다,바다,바다,바다,바다,바다,바다
,,#,BGM,,,,,BGM_TRIP,BGM_TRIP,BGM_TRIP,BGM_TRIP,BGM_TRIP,BGM_TRIP,BGM_TRIP,BGM_TRIP,BGM_TRIP,BGM_TRIP,BGM_TRIP,BGM_TRIP
,,#,백시우,-2,1_기본,,,,,,,,,,,,,,
,,#,정다희,2,3_활짝,,,,,,,,,,,,,,
,,#,아티스,4,1_웃음,,,,,,,,,,,,,,
,,#,오아시스,4,1_기본,,,,,,,,,,,,,,
,,,-,,,,,"<txt:bold,3><txt:color,grey>~선선한 바람의 모래사장~","<txt:bold,3><txt:color,grey>On the breezy sand court...","<txt:bold,3><txt:color,grey>～涼しい風が吹く砂浜～","<txt:bold,3><txt:color,grey>～清爽的海风吹拂的沙滩～","<txt:bold,3><txt:color,grey>～涼爽海風吹拂的沙灘～","<txt:bold,3><txt:color,grey>Ветреный пляж","<txt:bold,3><txt:color,grey>Di gelanggang pasir yang berangin...","<txt:bold,3><txt:color,grey>~Bãi biển gió mát dịu~","<txt:bold,3><txt:color,grey>Una brisa refrescante en la playa de arena","<txt:bold,3><txt:color,grey>~Pantai Pasir yang tertiup angin sejuk~","<txt:bold,3><txt:color,grey>~หาดทรายที่มีลมพัดเย็นสบาย~","<txt:bold,3><txt:color,grey>Numa praia onde a brisa fresca sopra..."
,,,정다희,,3_활짝,,joy,"<txt:size,2>시우야, 시우야! 좋은 아침! 아직 잠이 덜 깬건 아니지? </txt:size><wrt:wait,15><wrt:break>오늘은 특히 더 좋은 몸 상태로 경기를 해야 한다구~!","<txt:size,2>Siwoo! Siwoo! Good morning! You’re not still half-asleep, are you? </txt:size><wrt:wait,15><wrt:break>You need to be in tip-top shape for today’s match!","<txt:size,2>新、おはよう！まだ寝ぼけてるんじゃないよね？</txt:size><wrt:wait,15><wrt:break>今日は特に体調を万全にして試合に臨まないと！","<txt:size,2>时宇呀，时宇！早上好！还没睡醒吧？</txt:size><wrt:wait,15><wrt:break>今天比赛更要以最佳状态应战哦～！","<txt:size,2>時宇、時宇～早安！還沒睡醒吧？</txt:size><wrt:wait,15><wrt:break>今天比賽更要以最佳狀態應戰哦～！","<txt:size,2>Эй, Шиу, доброе утро! Ты что, еще в полудреме? </txt:size><wrt:wait,15><wrt:break>Сегодня твое самочувствие как никогда важно для матча!","<txt:size,2>Siwoo, selamat pagi! Dah betul-betul bangun, kan? </txt:size><wrt:wait,15><wrt:break>Hari ini kamu kena bermain dalam keadaan yang lebih baik daripada biasa!","<txt:size,2>Siwoo, Siwoo! Chào buổi sáng! Cậu đã tỉnh ngủ hẳn chưa vậy? </txt:size><wrt:wait,15><wrt:break>Hôm nay phải ở trạng thái tốt nhất để thi đấu đấy~!","<txt:size,2>¡Siwoo, Siwoo! ¡Buenos días! ¿Todavía estás medio dormido? </txt:size><wrt:wait,15><wrt:break>¡Hoy necesitas estar en tu mejor forma para el partido!","<txt:size,2>Siwoo, Siwoo! Selamat pagi! Apa kamu masih setengah tidur? </txt:size><wrt:wait,15><wrt:break>Terutama untuk pertandingan hari ini kamu harus menjaga kondisimu lebih dari pada biasanya~!","<txt:size,2>ชีอู! อรุณสวัสดิ์! คงไม่ใช่ว่านายยังไม่ตื่นเต็มตาดีหรอกนะ? </txt:size><wrt:wait,15><wrt:break>เพราะวันนี้เราต้องลงแข่งด้วยสภาพร่างกายที่ดีเป็นพิเศษเลย~!","<txt:size,2>Siwoo! Bom dia! Já acordou, né? </txt:size><wrt:wait,15><wrt:break>Hoje, especialmente, precisamos estar em ótima forma para o jogo!"
,,,정다희,,1_웃음,,,"무려 <txt:bold,2><txt:color,orange>팜 스파이크스</txt:bold></txt:color> 팀과의 경기야! <wrt:wait,15><wrt:break><txt:size,2>게다가 <txt:bold,2><txt:color,orange>아티스 코치</txt:bold></txt:color>가 선수라구!!!","We’re facing the <txt:bold,2><txt:color,orange>Palm Spikes</txt:bold></txt:color> today! <wrt:wait,15><wrt:break><txt:size,2><txt:bold,2><txt:color,orange>Coach Atis</txt:bold></txt:color> plays on that team!!!","なんていったって、<txt:bold,2><txt:color,orange>ファームスパイクス</txt:bold></txt:color>と試合する日だからね！<wrt:wait,15><wrt:break><txt:size,2>しかも<txt:bold,2><txt:color,orange>アティスコーチ</txt:bold></txt:color>も出るんだよ！","毕竟是和<txt:bold,2><txt:color,orange>棕榈风暴</txt:bold></txt:color>队的比赛啊！<wrt:wait,15><wrt:break><txt:size,2>而且<txt:bold,2><txt:color,orange>亚提斯教练</txt:bold></txt:color>还要上场呢！！！","畢竟是和<txt:bold,2><txt:color,orange>棕櫚風暴</txt:bold></txt:color>隊的比賽啊！<wrt:wait,15><wrt:break><txt:size,2>而且<txt:bold,2><txt:color,orange>亞提斯教練</txt:bold></txt:color>還會上場呢！","Сегодня мы соревнуемся с <txt:bold,2><txt:color,orange>«Пальм Спайкс»</txt:bold></txt:color>! <wrt:wait,15><wrt:break><txt:size,2>Там играет сам <txt:bold,2><txt:color,orange>тренер Атис</txt:bold></txt:color>!!!","Hari ini kita lawan <txt:bold,2><txt:color,orange>Palm Spikes</txt:bold></txt:color>! <wrt:wait,15><wrt:break><txt:size,2>Siap ada <txt:bold,2><txt:color,orange>Jurulatih Atis</txt:bold></txt:color> sebagai pemain!!!","Hôm nay chúng ta thi đấu với <txt:bold,2><txt:color,orange>Palm Spikes</txt:bold></txt:color> đấy! <wrt:wait,15><wrt:break><txt:size,2>Hơn nữa <txt:bold,2><txt:color,orange>huấn luyện viên Atis</txt:bold></txt:color> cũng tham gia thi đấu nữa!!!","¡Es un partido contra el equipo <txt:bold,2><txt:color,orange>Palm Spikes</txt:bold></txt:color>! <wrt:wait,15><wrt:break><txt:size,2>¡Y además, <txt:bold,2><txt:color,orange>Athis</txt:bold></txt:color> estará jugando!","Hari ini kita akan bertanding dengan <txt:bold,2><txt:color,orange>Palm Spikes</txt:bold></txt:color>! <wrt:wait,15><wrt:break><txt:size,2>Terlebih lagi <txt:bold,2><txt:color,orange>Coach Atis</txt:bold></txt:color> akan ikut bertanding!!!","วันนี้เป็นการแข่งกับทีม<txt:bold,2><txt:color,orange>ปาล์มสไปคส์</txt:bold></txt:color>เชียวนะ! <wrt:wait,15><wrt:break><txt:size,2>แถมนักกีฬาในทีมก็คือ<txt:bold,2><txt:color,orange>โค้ชเอทีซ</txt:bold></txt:color>ด้วย!!!","Hoje, temos o grande jogo contra o <txt:bold,2><txt:color,orange>Palm Spikes</txt:bold></txt:color>, <wrt:wait,15><wrt:break><txt:size,2>e o <txt:bold,2><txt:color,orange>treinador Athis</txt:bold></txt:color> estará em quadra!"
,,,정다희,,2_헤헤,wave,,"나, 이 경기가 잡힌 뒤로는 며칠 간 그것만 고민하고 준비했단 말이야! <wrt:wait,15><wrt:break>후식 아이스크림도 포기하면서 말이지!","I’ve been thinking about this match ever since it was scheduled! <wrt:wait,15><wrt:break>I even stopped eating ice cream for dessert!","この試合が決まった日から、ずっとその事ばかり考えてたんだ～！<wrt:wait,15><wrt:break>デザートのアイスを諦めてまで！","从确定比赛开始，我可是专门研究准备了好几天！<wrt:wait,15><wrt:break>连饭后冰淇淋都戒了！","從確定比賽開始，我可是專門研究準備了好幾天！<wrt:wait,15><wrt:break>連飯後的冰淇淋都戒了！","После того, как нам сообщили об этом поединке, я только о подготовке думать могла! <wrt:wait,15><wrt:break>Я даже забыла про мороженое на десерт!","Saya telah memikirkan tentang perlawanan ini sejak ia dijadualkan! <wrt:wait,15><wrt:break>Saya berhenti makan aiskrim untuk pencuci mulut!","Tớ đã dành mấy ngày chỉ để lo lắng và chuẩn bị cho trận đấu này đấy! <wrt:wait,15><wrt:break>Thậm chí còn bỏ cả ăn kem tráng miệng nữa!","Desde que se programó este partido, no he hecho más que prepararme y pensar en él durante días. <wrt:wait,15><wrt:break>¡Hasta renuncié a mi helado de postre!","Beberapa hari terakhir setelah pertandingan ini dijadwalkan aku hanya terus mempersiapkan pertandingan ini tanpa memikirkan hal lain! <wrt:wait,15><wrt:break>Sampai-sampai aku tidak memakan ice cream sebagai hidangan penutup!","หลังจากได้ตารางการแข่งนี้มา ฉันก็คิดหนักและเตรียมพร้อมอยู่ตั้งหลายวันเลยนะ! <wrt:wait,15><wrt:break>ถึงกับยอมไม่กินไอศกรีมหลังอาหารเลยล่ะ!","Desde que marcaram esse jogo, não consigo parar de pensar nele! <wrt:wait,15><wrt:break>Até abri mão do sorvete de sobremesa para me concentrar!"
,,,백시우,,1_웃음,nervous,,"아하하, 엄청난 열정이네!","Hahah, that’s some passion!",あはは、すごい情熱だな！,哈哈哈，好拼啊！,哈哈哈，好拼啊！,Ха-ха-ха! Вот это энтузиазм!,"Hahah, itulah semangat!","A ha ha, nhiệt huyết ghê ha!","Jaja, ¡eso es mucha pasión!","Hahaha, kamu sangat antusias!",ฮ่าฮ่า เธอมุ่งมั่นสุดๆ เลยแฮะ!,"Hahaha, que paixão incrível!"
,,,정다희,,2_어머,,shy,"그럼! 코치에게 내 뛰어난 전술을 선보일 기회인걸!!! <wrt:wait,15><wrt:break>무덤덤하면서도 강단 있게 선수들을 이끄는 모습...! <txt:wave,1>나도 저런 코치가 되고 싶어!","You bet it is! This is my chance to show the coach my stuff!!! <wrt:wait,15><wrt:break>The way he leads his players so calmly and firmly... <txt:wave,1>I wanna be that kind of coach!","当たり前よ！アティスコーチに私の戦術を披露するチャンスだもん！<wrt:wait,15><wrt:break>平然としながらも威厳のある姿勢で選手たちを指導する姿‥！<txt:wave,1>私もあんなコーチになりたい！","那当然！这可是向教练展示我出色战术的大好时机！！！<wrt:wait,15><wrt:break>冷静又果断地指挥队员的样子...！<txt:wave,1>我也想成为那样的教练！","那當然！這可是向教練展示我出色戰術的大好時機！<wrt:wait,15><wrt:break>冷靜又果斷的指揮隊員的樣子...！<txt:wave,1>我也想成為那種教練！","Еще бы! Это мой шанс показать себя как талантливого тренера! <wrt:wait,15><wrt:break>Спокойного и сильного лидера, ведущего игроков...! <txt:wave,1>Моя мечта!","Mestilah! Ini peluang untuk tunjukkan taktik hebat saya kepada jurulatih!!! <wrt:wait,15><wrt:break>Cara dia memimpin pemain dengan tenang tapi tegas...! <txt:wave,1>Saya pun nak jadi jurulatih macam itu!","Đúng vậy! Đây là cơ hội để tớ thể hiện chiến thuật xuất sắc của mình với huấn luyện viên!!! <wrt:wait,15><wrt:break>Bình tĩnh mà dẫn dắt cầu thủ một cách mạnh mẽ...! <txt:wave,1>Tớ cũng muốn trở thành một huấn luyện viên như vậy!","¡Por supuesto! Es mi oportunidad para mostrarle al entrenador mis excelentes estrategias!!! <wrt:wait,15><wrt:break>La manera en que guía a los jugadores con calma y determinación...! <txt:wave,1>¡Yo también quiero ser una entrenadora así!","Tentu saja! Ini adalah waktunya aku dapat memperlihatkan kemampuan taktik-ku kepada Coach!!! <wrt:wait,15><wrt:break>Dengan bersifat tenang namun gigih saat memimpin atlet lain...! <txt:wave,1>Aku juga ingin menjadi Coach seperti itu!","แหงสิ! นี่คือโอกาสที่ฉันจะได้โชว์กลยุทธ์อันล้ำเลิศของฉัน ให้โค้ชได้เห็นยังไงล่ะ!!! <wrt:wait,15><wrt:break>ท่าทางที่คอยชี้นำเหล่านักกีฬาแบบนิ่งๆ แต่ก็เต็มไปด้วยความแน่วแน่...! <txt:wave,1>ฉันเองก็อยากเป็นโค้ชแบบนั้นเหมือนกัน!","Claro! É a minha chance de mostrar minhas habilidades táticas pra ele! <wrt:wait,15><wrt:break>O jeito como ele guia os jogadores com serenidade, mas com determinação... <txt:wave,1>Também quero me tornar uma treinadora como ele!"
,,,백시우,,1_정적,pause,silent,"<txt:color,grey>(무덤덤한 모습의 다희... 상상이 안 가는걸...?)","<txt:color,grey>(I cannot for the life of me imagine Dahee being calm.)","<txt:color,grey>(平然としてる夏希‥想像もつかないな‥)","<txt:color,grey>(冷静的多熙...完全想象不出来...？)","<txt:color,grey>(冷靜的多熙...完全無法想像...？)","<txt:color,grey>(Спокойная Дахи? Неа, не получится...)","<txt:color,grey>(Seumur hidup saya tidak boleh bayangkan Dahee bertenang.)","<txt:color,grey>(Dahee bình tĩnh... Mình tưởng tượng không ra...)","<txt:color,grey>(Dahee siendo calmada... no me lo puedo imaginar...)","<txt:color,grey>(Dahee bersifat tenang... Sama sekali tidak terbayang...!)","<txt:color,grey>(ดาฮีในท่าทางนิ่งๆ... จินตนาการไม่ออกเลยแฮะ...?)","<txt:color,grey>(Não consigo imaginar essa atitude na Dahee...)"
,,,백시우,,1_엥,,,"그나저나 다희, 너도 이 일에 꽤나 진심이네...!","Well, Dahee, it seems like you’re real serious about coaching.",それにしても夏希、お前もなかなか熱心なんだな！,话说回来多熙，你对这件事还挺上心的...！,話說回來多熙，妳對這件事還挺用心的...！,"Тебе, похоже, нравится вкладываться в эту работу, Дахи?","Tapi Dahee, kamu pun memang bersungguh-sungguh dalam kerja ini...!","Mà này Dahee, cậu cũng khá nghiêm túc với công việc này nhỉ...!","De todas formas, Dahee, parece que también te tomas esto muy en serio...!","Meski begitu Dahee, kamu juga terlihat sangat serius dalam hal ini...!",แต่ว่านะ ดาฮี เธอเองก็จริงจังกับงานนี้ไม่เบาเลยเนอะ...!,"Dahee, você tá dando bastante importância ao time de vôlei, hein..."
,,,정다희,,1_기본,wave,,"맞아~! 팀의 잠재력을 능력으로 끌어내는 일, 꽤나 재밌거든.<wrt:wait,15><wrt:break>나중에 난 꼭 멋진 코치가 되고 말 거니까...!","Yes! It’s so fun drawing out the potential of others.<wrt:wait,15><wrt:break>It’s my dream to be a great coach one day...","そうよ！チームのポテンシャルを引き出すのって結構楽しいんだよね。<wrt:wait,15><wrt:break>将来は素敵なコーチになるの！","没错～！激发球队潜力，把它变成实力，真的很有意思。<wrt:wait,15><wrt:break>我以后一定要成为出色的教练...！","那是當然～！激發球隊潛力轉化為實力這件事，真的很有意思。<wrt:wait,15><wrt:break>我以後一定要成為出色的教練...！","Точно! Превращать потенциал команды в реальные результаты, что может быть веселее?<wrt:wait,15><wrt:break>Я обязательно стану крутым тренером!","Betul~! Seronok mengubah potensi pasukan menjadi kebolehan sebenar.<wrt:wait,15><wrt:break>Suatu hari nanti saya pasti akan jadi jurulatih yang hebat...!","Đúng vậy~! Biến tiềm năng của cả đội thành thực lực là một việc rất thú vị.<wrt:wait,15><wrt:break>Sau này tớ nhất định sẽ trở thành một huấn luyện viên tài ba...!","¡Claro! Sacar el potencial del equipo y convertirlo en habilidad es muy divertido.<wrt:wait,15><wrt:break>¡Algún día, me convertiré en una gran entrenadora...!","Iya~! Mengubah potensi tim menjadi kemampuan nyata itu seru.<wrt:wait,15><wrt:break>Suatu hari nanti, aku pasti akan jadi pelatih hebat...!","ใช่แล้วล่ะ~! การดึงศักยภาพที่ซ่อนอยู่ของทีมออกมา เป็นงานที่สนุกมากนะ<wrt:wait,15><wrt:break>ในอนาคต ฉันจะต้องเป็นโค้ชสุดเท่ให้ได้เลย...!","Tem razão! É muito gratificante explorar o potencial do time com minhas habilidades. <wrt:wait,15><wrt:break>No futuro, quero de verdade me tornar uma grande treinadora..."
,,,정다희,,1_언짢,,,"명목 상으론 배구부 매니저일 뿐이지만, 어차피 우리는 코치님이 따로 없으니까... <wrt:wait,15><wrt:break><cha:face,정다희,2_헤헤>내가 겸사겸사 해보는 거지~ 내겐 성장의 기회이기도 하고!","I know I’m only the manager in name, but our team doesn’t have a coach, so... <wrt:wait,15><wrt:break><cha:face,정다희,2_헤헤>I thought I’d give it a go. It’s a chance for me to grow also!","名目上はバレー部のマネージャーに過ぎないけど、どうせ私たちにはコーチがいないしさ‥<wrt:wait,15><wrt:break><cha:face,정다희,2_헤헤>だから私が担当してるんだ。私にとっては成長のチャンスでもあるから！","虽然名义上只是排球部经理，但反正我们本来就没有专门的教练...<wrt:wait,15><wrt:break><cha:face,정다희,2_헤헤>所以我就兼职试试咯～对我而言也是成长的机会！","雖然名義上只是排球部經理，但反正我們本來就沒有專門的教練...<wrt:wait,15><wrt:break><cha:face,정다희,2_헤헤>所以我就兼職試試囉～對我而言也是成長的機會！","Хоть на бумаге я только менеджер, но учитывая, что у нас нет тренера... <wrt:wait,15><wrt:break><cha:face,정다희,2_헤헤>Я решила взяться и за это, ведь это отличный шанс для меня.","Saya tahu saya hanya pengurus dalam nama, tetapi pasukan kami tidak mempunyai jurulatih, jadi... <wrt:wait,15><wrt:break><cha:face,정다희,2_헤헤>Saya fikir Saya akan mencubanya. Ia adalah peluang untuk saya berkembang juga!","Trên danh nghĩa thì chỉ là quản lý đội bóng chuyền thôi, nhưng dù sao đội chúng ta cũng không có huấn luyện viên riêng mà... <wrt:wait,15><wrt:break><cha:face,정다희,2_헤헤>Nên tớ nhân tiện làm luôn~ Với tớ thì đây cũng là cơ hội để phát triển nữa!","Por ahora solo soy la manager del equipo de voleibol, pero como no tenemos entrenador, <wrt:wait,15><wrt:break><cha:face,정다희,2_헤헤>¡lo hago yo y de paso es una oportunidad para crecer!","Jabatan resmiku memang cuma manajer klub voli, tapi tim kita tidak punya pelatih khusus... <wrt:wait,15><wrt:break><cha:face,정다희,2_헤헤>Jadi, aku sekalian merangkap~ Ini juga kesempatan bagiku untuk berkembang!","ถึงชื่อตำแหน่งจะเป็นผู้จัดการชมรมวอลเลย์บอล แต่ในเมื่อเราไม่ได้มีโค้ชแยกต่างหาก... <wrt:wait,15><wrt:break><cha:face,정다희,2_헤헤>ฉันก็เลยลองทำควบไปพร้อมกันซะเลย~ ซึ่งนี่ก็เป็นโอกาสในการพัฒนาตัวเองของฉันด้วย!","Por enquanto, sou apenas a supervisora do time, mas como não temos um treinador, estou meio que assumindo esse papel também. <wrt:wait,15><wrt:break><cha:face,정다희,2_헤헤>É uma oportunidade única pra mim!"
,,A,정다희,,2_헤헤,,,"헤헤, 오늘 경기를 이길 수 있을지는 모르지만... 최선을 다할 거야!","Hehe, I don’t know if we’ll win today’s match, but I’m gonna do my best!",へへ、今日の試合で勝てるかどうかは分からないけど‥私もがんばってみる！,嘿嘿，虽然不知道今天能不能赢...但我会全力以赴的！,嘿嘿，雖然不知道今天能不能贏...但我會全力以赴的！,"Не знаю, получится ли у нас победить сегодня, но я постараюсь!","Hehe, saya tidak tahu sama ada kita akan menang perlawanan hari ini, tetapi saya akan melakukan yang terbaik!","Hê hê, không biết hôm nay có thắng nổi không, nhưng... tớ sẽ cố hết sức!","Jeje, puede que no ganemos el partido de hoy, pero... ¡daré lo mejor de mí!","Hehe, aku tidak tahu apa kita bisa menang hari ini... Tapi aku akan berusaha sebaik mungkin!",ฮิฮิ ไม่รู้ว่าการแข่งวันนี้เราจะชนะได้รึเปล่า... แต่ฉันจะทุ่มสุดตัวเลย!,"Hehe, não sei se vamos conseguir vencer o jogo de hoje, mas vou dar o meu melhor!"
,,A-1,백시우,,3_난감,,,저번에 백업 선수들도 겨우 이긴 것 같은데... 못 이길지도.,"We managed to beat those backup players, but I don't know about this.",この前の控え選手相手にも苦戦したし‥勝てないかも。,上次勉强赢了替补选手...这次恐怕赢不了。,上次勉強贏了替補選手...這次恐怕贏不了。,"В прошлый раз мы чуть не проиграли. Не знаю, что будет на этот раз.",Hari itu lawan pemain simpanan pun kita hampir kalah... Mungkin kali ini kita tak menang.,Trận trước thắng đội dự bị cũng khá khó khăn rồi... Liệu có thua không nhỉ.,La última vez apenas ganamos contra las reservas... puede ser que no ganemos esta vez.,Pada pertandingan lalu kita hampir kalah melawan atlet cadangan... Sepertinya akan sulit untuk menang.,ที่แข่งกับตัวสำรองครั้งก่อน เราก็ชนะมาได้แบบหวุดหวิดนะ... ครั้งนี้อาจไม่ไหวก็ได้,"Da última vez, passamos por apuros para vencer os reservas... Talvez hoje não consigamos o mesmo resultado."
,,A-1,정다희,,1_언짢,,,"무슨 소리야! <txt:color,orange><txt:bold,2>오아시스</txt:color></txt:bold>의 말 기억 안나? <wrt:wait,15><wrt:break><txt:bold,2>이기든 지든, 오늘의 경기에서 중요한 건 우리가 거기서 얼마나 배우느냐!","What are you saying?! Don’t you remember what <txt:color,orange><txt:bold,2>Oasis</txt:color></txt:bold> said? <wrt:wait,15><wrt:break><txt:bold,2>Win or lose, the important thing is what you learn!","何言ってるの！<txt:color,orange><txt:bold,2>オアシス</txt:color></txt:bold>さんが言ってたでしょ？<wrt:wait,15><wrt:break><txt:bold,2>勝っても負けても、大事なのは、その試合で何かを学ぶことなんだって！","说什么呢！<txt:color,orange><txt:bold,2>绿洲</txt:color></txt:bold>说的话你忘了？<wrt:wait,15><wrt:break><txt:bold,2>输赢不重要，今天比赛的意义在于我们能学到多少东西！","說什麼呢！<txt:color,orange><txt:bold,2>綠洲</txt:color></txt:bold>說的話你忘了？<wrt:wait,15><wrt:break><txt:bold,2>輸贏不重要，今天比賽的意義在於我們能學到多少東西！","Ты чего?! Забыл, что сказал <txt:color,orange><txt:bold,2>Оазис</txt:color></txt:bold>? <wrt:wait,15><wrt:break><txt:bold,2>Не важно, победа или поражение, главное — чему мы сможем научиться за это время!","Apa yang awak cakap ni?! Tidakkah anda ingat apa yang <txt:color,orange><txt:bold,2>Oasis</txt:color></txt:bold> katakan? <wrt:wait,15><wrt:break><txt:bold,2>Menang atau kalah, yang penting ialah apa yang anda pelajari!","Cậu nói gì vậy? Cậu không nhớ lời của <txt:color,orange><txt:bold,2>Oasis</txt:color></txt:bold> sao? <wrt:wait,15><wrt:break><txt:bold,2>Thắng hay thua, điều quan trọng trong trận đấu hôm nay là chúng ta học hỏi được bao nhiêu từ đó!","¡¿Qué dices?! ¿No recuerdas las palabras de <txt:color,orange><txt:bold,2>Oasis</txt:color></txt:bold>? <wrt:wait,15><wrt:break><txt:bold,2>Ganar o perder no es lo importante, sino cuánto aprendemos del partido de hoy!","Apa yang kamu bicarakan! Apa kamu sudah lupa perkataan dari <txt:color,orange><txt:bold,2>Oasis</txt:color></txt:bold>? <wrt:wait,15><wrt:break><txt:bold,2>Tidak perlu memikirkan hasil dari pertandingan, yang penting adalah apa yang dapat kita pelajari!","พูดอะไรของนายน่ะ! ลืมคำที่<txt:color,orange><txt:bold,2>โอเอซิส</txt:color></txt:bold>บอกแล้วเหรอ? <wrt:wait,15><wrt:break><txt:bold,2>ไม่ว่าจะชนะหรือแพ้ แต่สิ่งสำคัญก็คือเราได้เรียนรู้สิ่งต่างๆ จากการแข่งขันในวันนี้มากแค่ไหนต่างหาก!","Que diabos você tá falando!? Não se lembra do que <txt:color,orange><txt:bold,2>Oásis</txt:color></txt:bold> nos disse? <wrt:wait,15><wrt:break><txt:bold,2>Ganhar ou perder, o importante neste jogo é o quanto aprendemos!"
,,A-1,백시우,,1_기본,,,"그건 그렇네! ...으흠, 그나저나 코치님도 참여한다니, 실력이 어땠는지 궁금해지는걸.","That’s true. Hmm, but the coach is also playing. I wonder how good he is.",‥うん、そうだったね。でもコーチも参戦するなんて、どれくらいの実力なのかが気になるな。,说得对！...嗯，不过教练也参赛，很好奇他的实力啊。,說得對！...嗯，不過連教練自己也參賽了，挺好奇他的實力。,"Это верно! Сегодня же сам тренер играет? Интересно, на что он способен.","Itu betul. Hmm, tapi jurulatih juga bermain. Saya tertanya-tanya betapa baiknya dia.","Cũng đúng ha! ...Mà nói mới nhớ, nghe nói cả huấn luyện viên cũng tham gia, không biết kỹ năng thế nào nhỉ.",Tienes razón... pero me pregunto qué tan bueno será el entrenador.,"Benar juga! ...Ehem, ngomong-ngomong aku dengar Coach juga akan ikut bertanding, aku penasaran atas kemampuannya.",ก็จริงแฮะ! ...อะแฮ่ม ว่าแต่มีโค้ชมาร่วมลงแข่งด้วยแบบนี้ ชักอยากเห็นฝีมือของเขาซะแล้วสิ,"Verdade! Mas mudando um pouco de assunto, eu tô curioso pra saber como são as habilidades do treinador Athis."
,,A-1,정다희,,1_기본,,,"<txt:color,orange><txt:bold,2>아티스 코치</txt:color></txt:bold>, 이전에 <txt:bold,2><txt:color,orange>오아시스</txt:bold></txt:color>와도 동료였대. <wrt:wait,15><wrt:break><txt:bold,2><txt:color,orange>팜 스파이크스</txt:bold></txt:color>와 <txt:bold,2><txt:color,orange>태양 배구단</txt:bold></txt:color> 모두 주전이었다는 거지!","<txt:color,orange><txt:bold,2>Coach Atis</txt:color></txt:bold> is a former teammate of <txt:bold,2><txt:color,orange>Oasis</txt:bold></txt:color>. <wrt:wait,15><wrt:break>He was a key player for both the <txt:bold,2><txt:color,orange>Palm Spikes</txt:bold></txt:color> and the <txt:bold,2><txt:color,orange>Sun Volleyball Team</txt:bold></txt:color>!","<txt:color,orange><txt:bold,2>アティスコーチ</txt:color></txt:bold>は元々<txt:bold,2><txt:color,orange>オアシス</txt:bold></txt:color>さんのチームメートだったんだって。<wrt:wait,15><wrt:break><txt:bold,2><txt:color,orange>ファームスパイクス</txt:bold></txt:color>でも<txt:bold,2><txt:color,orange>太陽バレー団</txt:bold></txt:color>でもスタメンだったってことよ！","<txt:color,orange><txt:bold,2>亚提斯教练</txt:color></txt:bold>，之前好像和<txt:bold,2><txt:color,orange>绿洲</txt:bold></txt:color>是队友。<wrt:wait,15><wrt:break>在<txt:bold,2><txt:color,orange>棕榈风暴队</txt:bold></txt:color>和<txt:bold,2><txt:color,orange>太阳排球队</txt:bold></txt:color>都是主力呢！","<txt:color,orange><txt:bold,2>亞提斯教練</txt:color></txt:bold>，之前好像和<txt:bold,2><txt:color,orange>綠洲</txt:bold></txt:color>是隊友。<wrt:wait,15><wrt:break>在<txt:bold,2><txt:color,orange>棕櫚風暴隊</txt:bold></txt:color>和<txt:bold,2><txt:color,orange>太陽排球隊</txt:bold></txt:color>都是主力呢！","<txt:color,orange><txt:bold,2>Тренер</txt:color></txt:bold> Атис раньше был коллегой <txt:bold,2><txt:color,orange>Оазиса</txt:bold></txt:color>. <wrt:wait,15><wrt:break>Он играл в основном составе <txt:bold,2><txt:color,orange>«Пальм Спайкс»</txt:bold></txt:color> и <txt:bold,2><txt:color,orange>«Тэян»</txt:bold></txt:color>.","<txt:color,orange><txt:bold,2>Jurulatih Atis</txt:color></txt:bold> pernah satu pasukan dengan <txt:bold,2><txt:color,orange>Oasis</txt:bold></txt:color>. <wrt:wait,15><wrt:break>Dia pernah jadi pemain utama untuk <txt:bold,2><txt:color,orange>Palm Spikes</txt:bold></txt:color> dan <txt:bold,2><txt:color,orange>Sun Volleyball Team</txt:bold></txt:color>!","<txt:color,orange><txt:bold,2>Huấn luyện viên Atis</txt:color></txt:bold> nghe nói trước đây từng là đồng đội với cả <txt:bold,2><txt:color,orange>Oasis</txt:bold></txt:color>. <wrt:wait,15><wrt:break>Tức là thầy ấy từng thi đấu chính thức cho cả <txt:bold,2><txt:color,orange>Palm Spikes</txt:bold></txt:color> lẫn <txt:bold,2><txt:color,orange>Đội Bóng Chuyền Mặt Trời</txt:bold></txt:color>!","<txt:color,orange><txt:bold,2>El entrenador Athis</txt:color></txt:bold>, solía ser compañero de <txt:bold,2><txt:color,orange>Oasis</txt:bold></txt:color>. <wrt:wait,15><wrt:break>¡Era titular tanto en <txt:bold,2><txt:color,orange>Palm Spikes</txt:bold></txt:color> como en el <txt:bold,2><txt:color,orange>Equipo de Voleibol Solar</txt:bold></txt:color>!","<txt:color,orange><txt:bold,2>Coach Atis</txt:color></txt:bold>, katanya sebelumnya dia satu tim dengan <txt:bold,2><txt:color,orange>Oasis</txt:bold></txt:color>. <wrt:wait,15><wrt:break>Dia pernah menjadi pemain inti di <txt:bold,2><txt:color,orange>Palm Spikes</txt:bold></txt:color> dan juga <txt:bold,2><txt:color,orange>Solar Volleyball Team</txt:bold></txt:color>!","เห็นว่าเมื่อก่อน <txt:color,orange><txt:bold,2>โค้ชเอทีซ</txt:color></txt:bold>เคยเป็นเพื่อนร่วมทีมกับ<txt:bold,2><txt:color,orange>โอเอซิส</txt:bold></txt:color>ด้วยนะ <wrt:wait,15><wrt:break>ซึ่งเขาก็เคยเป็นตัวหลักของทั้ง<txt:bold,2><txt:color,orange>ปาล์มสไปคส์</txt:bold></txt:color> กับ<txt:bold,2><txt:color,orange>กลุ่มวอลเลย์บอลดวงตะวัน</txt:bold></txt:color>เลย!","Ouvi dizer que o <txt:color,orange><txt:bold,2>treinador Athis</txt:color></txt:bold> já foi colega do <txt:bold,2><txt:color,orange>Oásis</txt:bold></txt:color>... <wrt:wait,15><wrt:break>Ele foi titular tanto no <txt:bold,2><txt:color,orange>Palm Spikes</txt:bold></txt:color> quanto no <txt:bold,2><txt:color,orange>Clube de Vôlei Sol</txt:bold></txt:color>!"
,,A-1,백시우,,1_기본,,,"우왓, 엄청난 실력자겠는걸?!","Whoa, he must be really good then!",うわ、相当強いんだろうな！,哇，那岂不是超强？！,哇，那豈不是超強？！,"Вау, настоящий профи!","Wah, dia mesti sangat baik kalau begitu!","Ồ, vậy chắc là một cầu thủ giỏi lắm nhỉ?!","¡Uau, entonces debe ser muy hábil!","Wahh, kalau begitu aku yakin dia pasti sangat tangguh?!",โห งั้นก็คงฝีมือระดับเทพเลยสิเนี่ย?!,Uau! Deve ser super habilidoso então!
,,A-2,백시우,,1_웃음,,,"당연히 이겨야지! 이미 <txt:bold,2><txt:color,orange>태양 배구단</txt:bold></txt:color>도 이겼는걸?","We have to win! We already beat the <txt:bold,2><txt:color,orange>Sun Volleyball Team</txt:bold></txt:color>!","勝つに決まってるだろ！もう<txt:bold,2><txt:color,orange>太陽バレー団</txt:bold></txt:color>にも勝ってるし！","那当然要赢！我们连<txt:bold,2><txt:color,orange>太阳排球队</txt:bold></txt:color>都赢了呢！","那當然要贏！我們不是都贏了<txt:bold,2><txt:color,orange>太陽排球隊</txt:bold></txt:color>嗎？","Мы просто обязаны победить! <txt:bold,2><txt:color,orange>Клуб «Тэян»</txt:bold></txt:color> же мы одолели!","Kita mesti menang! Kita telah mengalahkan <txt:bold,2><txt:color,orange>Sun Volleyball Team</txt:bold></txt:color>!","Tất nhiên là phải thắng rồi! Chúng ta đã thắng cả <txt:bold,2><txt:color,orange>Đội Bóng Chuyền Mặt Trời</txt:bold></txt:color> cơ mà?","¡Por supuesto que ganaremos! Ya derrotamos al <txt:bold,2><txt:color,orange>Equipo de Voleibol Solar</txt:bold></txt:color>.","Tentu saja kita akan menang! Kita kan telah mengalahkan <txt:bold,2><txt:color,orange>Solar Volleyball Team</txt:bold></txt:color> juga!","ต้องชนะอยู่แล้วสิ! เราเคยชนะ<txt:bold,2><txt:color,orange>กลุ่มวอลเลย์บอลดวงตะวัน</txt:bold></txt:color>มาแล้วนะ","Claro que vamos ganhar! Afinal, já vencemos contra o <txt:bold,2><txt:color,orange>Clube de Vôlei Sol</txt:bold></txt:color>!"
,,A-2,정다희,,1_웃음,,,"헤헤, 정확히는 <txt:bold,2>백업 선수들</txt:bold>이긴 하지만... 맞아! 우리, 조금 자신감을 가져도 좋은걸!","Hehe, more precisely <txt:bold,2>backup players</txt:bold>, but still! It would do us good to have a bit of confidence!","へへ、厳密には<txt:bold,2>控え選手</txt:bold>相手だったけど‥そうね！私たち、もっと自信もっていいかも！","嘿嘿，严格来说只是<txt:bold,2>替补选手</txt:bold>...不过没错！我们完全可以自信点！","嘿嘿，嚴格來說只是<txt:bold,2>替補選手</txt:bold>...不過沒錯！我們完全可以自信點！","Эм, точнее <txt:bold,2>запасных игроков клуба</txt:bold>... Но нам не помешает немножко самоуверенности!","Hehe, tepatnya <txt:bold,2>pemain simpanan</txt:bold> mereka... Tapi betul! Kita patut yakin sedikit!","Hê hê, chính xác là thắng <txt:bold,2>đội dự bị</txt:bold> thôi, nhưng mà... đúng vậy! Chúng ta cũng nên tự tin một chút chứ nhỉ!","Hehe, aunque fueron <txt:bold,2>las reservas</txt:bold>... ¡Sí, podemos tener un poco de confianza!","Hehe, meski sebenarnya kita hanya menang melawan <txt:bold,2>atlet Cadangan</txt:bold>... Tapi iya benar! Aku rasa kita harus lebih mempercayai diri!","ฮิฮิ ถ้าพูดให้ชัดเจนก็คือ<txt:bold,2>พวกนักกีฬาตัวสำรอง</txt:bold>ต่างหาก... แต่ก็ถูกของนาย! เราควรมีความมั่นใจเข้าไว้!","Hehe, pra ser mais preciso, vencemos os <txt:bold,2>reservas</txt:bold>, mas... o importante é que ganhamos! A gente só precisa ter mais confiança!"
,,A-2,정다희,,2_어머,,,"코치가 이야기해준 덕에 전 동료들인 <txt:bold,2><txt:color,orange>팜 스파이크스</txt:bold></txt:color>도 우리에게 관심을 가졌으니까~!","Thanks to the coach, his former colleagues, the <txt:bold,2><txt:color,orange>Palm Spikes</txt:bold></txt:color>, have taken an interest in us!","コーチが話してくれたおかげで、元チームメイトだった<txt:bold,2><txt:color,orange>ファームスパイクス</txt:bold></txt:color>も私たちに興味を持ってくれたし！","多亏教练提点，他以前的队友<txt:bold,2><txt:color,orange>棕榈风暴</txt:bold></txt:color>队才会对我们感兴趣～！","多虧教練提點，他以前的隊友<txt:bold,2><txt:color,orange>棕櫚風暴</txt:bold></txt:color>隊才會對我們感興趣～！","Благодаря словам тренера <txt:bold,2><txt:color,orange>«Пальм Спайкс»</txt:bold></txt:color> заинтересовались нами!","Selepas jurulatih cerita tentang kita, bekas rakan sepasukannya di <txt:bold,2><txt:color,orange>Palm Spikes</txt:bold></txt:color> pun berminat dengan kita!","Nhờ huấn luyện viên nói chuyện nên ngay cả các đồng đội cũ ở <txt:bold,2><txt:color,orange>Palm Spikes</txt:bold></txt:color> cũng quan tâm đến chúng ta~!","¡Gracias a las palabras del entrenador, el equipo de <txt:bold,2><txt:color,orange>Palm Spikes</txt:bold></txt:color> también se interesó en nosotros!","Apalagi berkat pembicaraan dari Coach saat ini kita telah menarik perhatian dari <txt:bold,2><txt:color,orange>Palm Spikes</txt:bold></txt:color> juga, yang merupakan rekan timnya dulu~!","เพราะโค้ชถึงกับช่วยพูดให้ อดีตเพื่อนร่วมทีมอย่าง<txt:bold,2><txt:color,orange>ปาล์มสไปคส์</txt:bold></txt:color> ก็เลยพากันให้ความสนใจพวกเราด้วยล่ะ~!","Graças ao que o treinador disse, até os antigos colegas dele do <txt:bold,2><txt:color,orange>Palm Spikes</txt:bold></txt:color> estão de olho na gente agora!"
,,A-2,백시우,,1_기본,,,"앗, 그 말은... 아티스 코치가 은퇴 이전에는 <txt:bold,2><txt:color,orange>팜 스파이크스</txt:bold></txt:color> 소속이었단 말이야?","So Coach Atis played with the <txt:bold,2><txt:color,orange>Palm Spikes</txt:bold></txt:color> before he retired?","えっ、それって‥アティスコーチが引退前は<txt:bold,2><txt:color,orange>ファームスパイクス</txt:bold></txt:color>所属だったってこと？","啊，那就是说...亚提斯教练退役前是<txt:bold,2><txt:color,orange>棕榈风暴队</txt:bold></txt:color>的成员？","啊，那就是說...亞提斯教練退休前是<txt:bold,2><txt:color,orange>棕櫚風暴隊</txt:bold></txt:color>的球員？","То есть... До того, как уйти из карьеры, Атис был в <txt:bold,2><txt:color,orange>«Пальм Спайкс»</txt:bold></txt:color>?","Jadi Jurulatih Atis bermain dengan <txt:bold,2><txt:color,orange>Palm Spikes</txt:bold></txt:color> sebelum dia bersara?","Ồ, ý cậu là... trước khi giải nghệ, huấn luyện viên Atis từng thuộc <txt:bold,2><txt:color,orange>Palm Spikes</txt:bold></txt:color> hả?","¿Eso significa que... antes de retirarse, el entrenador Athis pertenecía a <txt:bold,2><txt:color,orange>Palm Spikes</txt:bold></txt:color>?","Ohh, jadi maksudmu... Sebelum Coach Atis pensiun, dia bermain di <txt:bold,2><txt:color,orange>Palm Spikes</txt:bold></txt:color>?","โอ๊ะ แปลว่า... ก่อนที่โค้ชเอทีซจะวางมือ เขาเคยสังกัดอยู่ในทีม<txt:bold,2><txt:color,orange>ปาล์มสไปคส์</txt:bold></txt:color>เหรอ?","Ah, então quer dizer que... o Athis era membro do <txt:bold,2><txt:color,orange>Palm Spikes</txt:bold></txt:color> antes de se aposentar?"
,,A-2,정다희,,2_헤헤,,,"응응! 그래서 이번 경기가 성사된 거지~ 그 뿐이 아냐! <wrt:wait,15><wrt:break>예전엔 <txt:bold,2><txt:color,orange>오아시스</txt:bold></txt:color>와 함께 <txt:bold,2><txt:color,orange>태양 배구단</txt:bold></txt:color>에 있기도 했다던가?","Yep! That’s why this match could happen. But that’s not all! <wrt:wait,15><wrt:break>I heard he was also teammates with <txt:bold,2><txt:color,orange>Oasis</txt:bold></txt:color> on the <txt:bold,2><txt:color,orange>Sun Volleyball Team</txt:bold></txt:color>.","うん！今日の試合が決まったのもそのおかげ！しかも、<wrt:wait,15><wrt:break>前は<txt:bold,2><txt:color,orange>オアシス</txt:bold></txt:color>選手と一緒に<txt:bold,2><txt:color,orange>太陽バレー団</txt:bold></txt:color>にもいたんだって！","对对！所以这场比赛才成行的～而且不止如此！<wrt:wait,15><wrt:break>听说以前他还和<txt:bold,2><txt:color,orange>绿洲</txt:bold></txt:color>一起效力于<txt:bold,2><txt:color,orange>太阳排球队</txt:bold></txt:color>？","對對！所以這場比賽才成行的～不止如此！<wrt:wait,15><wrt:break>聽說以前他還和<txt:bold,2><txt:color,orange>綠洲</txt:bold></txt:color>一起效力於<txt:bold,2><txt:color,orange>太陽排球隊</txt:bold></txt:color>？","Да! Поэтому нам и удалось договориться об этом матче. И это еще не все! <wrt:wait,15><wrt:break>Раньше он вместе с <txt:bold,2><txt:color,orange>Оазисом</txt:bold></txt:color> был в одном <txt:bold,2><txt:color,orange>клубе «Тэян»</txt:bold></txt:color>!","Ya! Sebab itulah perlawanan ini dapat diatur~ Bukan itu saja! <wrt:wait,15><wrt:break>Dulu dia pernah bersama <txt:bold,2><txt:color,orange>Oasis</txt:bold></txt:color> dalam <txt:bold,2><txt:color,orange>Sun Volleyball Team</txt:bold></txt:color> juga, katanya.","Ừ ừ! Nên trận đấu lần này mới thành hiện thực đó~ Không chỉ vậy đâu! <wrt:wait,15><wrt:break>Nghe nói trước đây anh ấy còn ở <txt:bold,2><txt:color,orange>Đội Bóng Chuyền Mặt Trời</txt:bold></txt:color> cùng với <txt:bold,2><txt:color,orange>Oasis</txt:bold></txt:color> nữa?","¡Sí, sí! ¡Por eso se organizó este partido! Y no solo eso... <wrt:wait,15><wrt:break>¿Sabías que también jugó en el <txt:bold,2><txt:color,orange>Equipo de Voleibol Solar</txt:bold></txt:color> junto a <txt:bold,2><txt:color,orange>Oasis</txt:bold></txt:color>?","Iya benar! Oleh sebab itu juga pertandingan kali ini bisa terjadi~ Bukan hanya itu! <wrt:wait,15><wrt:break>Kalau tidak salah sebelum itu bersama dengan <txt:bold,2><txt:color,orange>Oasis</txt:bold></txt:color>, dia mantan pemain di <txt:bold,2><txt:color,orange>Solar Volleyball Team</txt:bold></txt:color> juga!","อื้ม! ถึงเกิดการแข่งในครั้งนี้ขึ้นได้ยังไงล่ะ~ แล้วไม่ใช่แค่นั้นนะ! <wrt:wait,15><wrt:break>เมื่อก่อนเขายังเคยอยู่ใน<txt:bold,2><txt:color,orange>กลุ่มวอลเลย์บอลดวงตะวัน</txt:bold></txt:color> ร่วมกับ<txt:bold,2><txt:color,orange>โอเอซิส</txt:bold></txt:color>ด้วย","Sim! Foi por isso que marcaram este jogo! E não é só isso! <wrt:wait,15><wrt:break>Ele até jogou no <txt:bold,2><txt:color,orange>Clube de Vôlei Sol</txt:bold></txt:color> com o <txt:bold,2><txt:color,orange>Oásis</txt:bold></txt:color>."
,,A-3,백시우,,1_엥,,,"그런데 <txt:bold,2><txt:color,orange>아티스 코치</txt:bold></txt:color>는 어쩌다 이번 경기에 참여하게 된 거야?","So what made <txt:bold,2><txt:color,orange>Coach Atis</txt:bold></txt:color> actually take part in the match?","でも<txt:bold,2><txt:color,orange>アティスコーチ</txt:bold></txt:color>は何でこの試合に参戦することになったんだ？","<txt:bold,2><txt:color,orange>亚提斯教练</txt:bold></txt:color>怎么会参加这场比赛呢？","但<txt:bold,2><txt:color,orange>亞提斯教練</txt:bold></txt:color>怎麼會參加這場比賽呢？","А почему <txt:bold,2><txt:color,orange>Атис</txt:bold></txt:color> вдруг решил поучаствовать в этой игре?","Jadi apakah yang membuatkan <txt:bold,2><txt:color,orange>Jurulatih Atis</txt:bold></txt:color> sebenarnya mengambil bahagian dalam perlawanan itu?","Thế sao <txt:bold,2><txt:color,orange>huấn luyện viên Atis</txt:bold></txt:color> lại tham gia trận đấu lần này vậy?","¿Entonces cómo es que <txt:bold,2><txt:color,orange>el entrenador Athis</txt:bold></txt:color> decidió participar en este partido?","Kalau begitu kenapa kali ini <txt:bold,2><txt:color,orange>Coach Atis</txt:bold></txt:color> ikut serta dalam pertandingan?","แต่ทำไม<txt:bold,2><txt:color,orange>โค้ชเอทีซ</txt:bold></txt:color>ถึงมาร่วมลงแข่งในครั้งนี้ได้ล่ะ?","Mas como é que <txt:bold,2><txt:color,orange>treinador Athis</txt:bold></txt:color> acabou participando deste jogo?"
,,A-3,정다희,,1_기본,,,"아, 이번에 경기하는 <txt:bold,2><txt:color,orange>팜 스파이크스</txt:bold></txt:color> 팀이 사실 코치가 이전에 소속되어 있던 팀이래!","Oh, he used to play for the <txt:bold,2><txt:color,orange>Palm Spikes</txt:bold></txt:color> before!","あ、今日の対戦相手の<txt:bold,2><txt:color,orange>ファームスパイクス</txt:bold></txt:color>が実はコーチの昔の所属チームだったんだって！","啊，其实这次和我们比赛的<txt:bold,2><txt:color,orange>棕榈风暴</txt:bold></txt:color>队就是教练以前的东家！","啊，其實這次和我們比賽的<txt:bold,2><txt:color,orange>棕櫚風暴</txt:bold></txt:color>隊就是教練以前的東家！","Ах да! Все потому, что раньше он был игроком <txt:bold,2><txt:color,orange>«Пальм Спайкс»</txt:bold></txt:color>!","Oh, dia pernah bermain untuk <txt:bold,2><txt:color,orange>Palm Spikes</txt:bold></txt:color> sebelum ini!","À, đội <txt:bold,2><txt:color,orange>Palm Spikes</txt:bold></txt:color> thi đấu lần này thực ra là đội mà huấn luyện viên từng tham gia trước đây!","Ah, resulta que el equipo <txt:bold,2><txt:color,orange>Palm Spikes</txt:bold></txt:color> con el que jugamos es el equipo donde el entrenador solía jugar!","Oh, Aku dengar lawan kita kali ini <txt:bold,2><txt:color,orange>Palm Spikes</txt:bold></txt:color> adalah tim dari Coach Atis sebelumnya!","อ๋อ เห็นว่าเมื่อก่อน โค้ชเคยสังกัดอยู่ในทีม<txt:bold,2><txt:color,orange>ปาล์มสไปคส์</txt:bold></txt:color>น่ะ!","Ah, o <txt:bold,2><txt:color,orange>Palm Spikes</txt:bold></txt:color> foi o time onde ele encerrou a carreira."
,,A-3,정다희,,2_어머,,,"듣기로는... 그 전엔 <txt:bold,2><txt:color,orange>오아시스</txt:bold></txt:color>와 함께 <txt:bold,2><txt:color,orange>태양 배구단</txt:bold></txt:color>에도 있었다나? <wrt:wait,15><wrt:break>비치발리볼 계에서는 엄청난 분인가봐~!","From what I heard, he was also on the <txt:bold,2><txt:color,orange>Sun Volleyball Team</txt:bold></txt:color> with <txt:bold,2><txt:color,orange>Oasis</txt:bold></txt:color>. <wrt:wait,15><wrt:break>He must be a huge figure in the beach volleyball scene!","聞いた話だと‥その前は<txt:bold,2><txt:color,orange>オアシス</txt:bold></txt:color>選手と一緒に<txt:bold,2><txt:color,orange>太陽バレー団</txt:bold></txt:color>にもいたらしいよ。<wrt:wait,15><wrt:break>ビーチバレーの世界ではすごい人みたい！","听说...他之前还和<txt:bold,2><txt:color,orange>绿洲</txt:bold></txt:color>一起在<txt:bold,2><txt:color,orange>太阳排球队</txt:bold></txt:color>打球？<wrt:wait,15><wrt:break>在沙排界是大人物呢～！","聽說...他之前還和<txt:bold,2><txt:color,orange>綠洲</txt:bold></txt:color>一起在<txt:bold,2><txt:color,orange>太陽排球隊</txt:bold></txt:color>打球？<wrt:wait,15><wrt:break>在沙排界是大人物呢～！","Я слышала, что раньше он состоял с <txt:bold,2><txt:color,orange>Оазисом</txt:bold></txt:color> в одном <txt:bold,2><txt:color,orange>клубе «Тэян»</txt:bold></txt:color> <wrt:wait,15><wrt:break>Это настоящая знаменитость пляжного волейбола!","Dari apa yang saya dengar, dia juga berada di <txt:bold,2><txt:color,orange>Sun Volleyball Team</txt:bold></txt:color> dengan <txt:bold,2><txt:color,orange>Oasis</txt:bold></txt:color>. <wrt:wait,15><wrt:break>Dia pasti seorang tokoh besar dalam adegan bola tampar pantai!","Nghe nói... trước đó nữa thì anh ấy từng ở <txt:bold,2><txt:color,orange>Đội Bóng Chuyền Mặt Trời</txt:bold></txt:color> cùng với <txt:bold,2><txt:color,orange>Oasis</txt:bold></txt:color>? <wrt:wait,15><wrt:break>Hình như là một người rất giỏi trong giới bóng chuyền bãi biển~!","Escuché que... antes jugaba junto a <txt:bold,2><txt:color,orange>Oasis</txt:bold></txt:color> en el <txt:bold,2><txt:color,orange>Equipo de Voleibol Solar</txt:bold></txt:color>. <wrt:wait,15><wrt:break>¡Debe ser una figura importante en el mundo del voleibol de playa!","Aku dengar... Sebelumnya bersama dengan <txt:bold,2><txt:color,orange>Oasis</txt:bold></txt:color>, dia mantan pemain di <txt:bold,2><txt:color,orange>Solar Volleyball Team</txt:bold></txt:color>! <wrt:wait,15><wrt:break>Sepertinya dia adalah orang yang sangat hebat di bidang Beach Volleyball~!","จากที่ฉันได้ยินมา... ก่อนหน้านั้น เขาก็เคยอยู่ใน<txt:bold,2><txt:color,orange>กลุ่มวอลเลย์บอลดวงตะวัน</txt:bold></txt:color> ร่วมกับ<txt:bold,2><txt:color,orange>โอเอซิส</txt:bold></txt:color>ด้วยมั้ง? <wrt:wait,15><wrt:break>เขาคงเป็นคนที่มีอิทธิพลในวงการวอลเลย์บอลชายหาดน่าดู~!","Ouvi dizer que... ele até jogou no <txt:bold,2><txt:color,orange>Clube de Vôlei Sol</txt:bold></txt:color> com o <txt:bold,2><txt:color,orange>Oásis</txt:bold></txt:color>. <wrt:wait,15><wrt:break>Parecia ser uma figura incrível no mundo do vôlei de praia!"
,,A-3,정다희,,1_웃음,,,"그래서 코치 덕에도 <txt:bold,2><txt:color,orange>팜 스파이크스</txt:bold></txt:color> 팀이 경기를 해보자고 제의했대! <wrt:wait,15><wrt:break>이번 경기, 결코 쉽지 않을 것 같은 생각이 들지?","It was his suggestion to the <txt:bold,2><txt:color,orange>Palm Spikes</txt:bold></txt:color> to have this match! <wrt:wait,15><wrt:break>It already feels like it’s gonna be a hard one, huh?","それでコーチのおかげで<txt:bold,2><txt:color,orange>ファームスパイクス</txt:bold></txt:color>の方から試合を申し込んできたの！<wrt:wait,15><wrt:break>今日の試合、きっと厳しい試合になるよ！","所以<txt:bold,2><txt:color,orange>棕榈风暴</txt:bold></txt:color>队才会提出和我们比赛！<wrt:wait,15><wrt:break>这场比赛，感觉绝非易战啊。","所以<txt:bold,2><txt:color,orange>棕櫚風暴</txt:bold></txt:color>隊才會提出和我們比賽！<wrt:wait,15><wrt:break>這場比賽，感覺絕非易戰啊。","Поэтому благодаря тренеру <txt:bold,2><txt:color,orange>«Пальм Спайкс»</txt:bold></txt:color> и предложили с нами сыграть! <wrt:wait,15><wrt:break>Чувствуешь, что в этот раз легко не будет?","Sebab jurulatih juga, pasukan <txt:bold,2><txt:color,orange>Palm Spikes</txt:bold></txt:color> ajak kita berlawan! <wrt:wait,15><wrt:break>Rasa macam perlawanan ini memang takkan mudah, kan?","Nên nhờ có huấn luyện viên mà đội <txt:bold,2><txt:color,orange>Palm Spikes</txt:bold></txt:color> cũng đề nghị thi đấu đấy! <wrt:wait,15><wrt:break>Trận đấu lần này có vẻ sẽ không hề dễ dàng nhỉ?","Gracias al entrenador, el equipo <txt:bold,2><txt:color,orange>Palm Spikes</txt:bold></txt:color> nos propuso jugar un partido. <wrt:wait,15><wrt:break>¿No crees que el partido de hoy va a ser difícil?","Oleh sebab itu juga berkat bantuan Coach, kali ini kita dapat bertanding melawan <txt:bold,2><txt:color,orange>Palm Spikes</txt:bold></txt:color>! <wrt:wait,15><wrt:break>Tidakkah kamu merasa bahwa pertandingan kali ini akan menjadi pertandingan sulit?","ทีม<txt:bold,2><txt:color,orange>ปาล์มสไปคส์</txt:bold></txt:color>ถึงได้เสนอให้มาแข่งกัน เพราะโค้ชยังไงล่ะ! <wrt:wait,15><wrt:break>การแข่งครั้งนี้คงจะไม่ง่ายเลย","E graças a ele, o <txt:bold,2><txt:color,orange>Palm Spikes</txt:bold></txt:color> marcou um jogo com a gente! <wrt:wait,15><wrt:break>Acho que este jogo não será fácil de jeito nenhum, o que você acha?"
,,,정다희,,1_기본,,,"특히 <txt:bold,2><txt:color,orange>아티스 코치</txt:bold></txt:color>, 이전부터 <txt:bold,2>큰 키</txt:bold>와 <txt:bold,2>엄청난 파워</txt:bold>로 유명했다고도 하고!","Especially ‘cause <txt:bold,2><txt:color,orange>Coach Atis</txt:bold></txt:color> has always been known for his <txt:bold,2>tall height</txt:bold> and <txt:bold,2>power</txt:bold>!","特に<txt:bold,2><txt:color,orange>アティスコーチ</txt:bold></txt:color>は前から<txt:bold,2>長身</txt:bold>と<txt:bold,2>凄まじいパワー</txt:bold>で有名だったらしいし！","尤其是<txt:bold,2><txt:color,orange>亚提斯教练</txt:bold></txt:color>，据说以<txt:bold,2>高大的身材</txt:bold>和<txt:bold,2>强劲的力量</txt:bold>闻名已久！","尤其是<txt:bold,2><txt:color,orange>亞提斯教練</txt:bold></txt:color>，據說以<txt:bold,2>高大的身材</txt:bold>和<txt:bold,2>強勁的臂力</txt:bold>聞名已久！","Особенно <txt:bold,2><txt:color,orange>тренер Атис</txt:bold></txt:color> уже давно известен как <txt:bold,2>высокий</txt:bold> и <txt:bold,2>сильный</txt:bold> игрок.","Terutama <txt:bold,2><txt:color,orange>Jurulatih Atis</txt:bold></txt:color> yang sentiasa terkenal dengan <txt:bold,2>tinggi</txt:bold> dan <txt:bold,2>berkuasa</txt:bold>!","Đặc biệt là <txt:bold,2><txt:color,orange>huấn luyện viên Atis</txt:bold></txt:color>, nghe nói từ trước đã nổi tiếng với <txt:bold,2>vóc dáng cao lớn</txt:bold> và <txt:bold,2>sức mạnh phi thường</txt:bold>!","En particular, <txt:bold,2><txt:color,orange>el entrenador Athis</txt:bold></txt:color> era conocido por su <txt:bold,2>gran altura</txt:bold> y su <txt:bold,2>increíble poder</txt:bold>!","Khususnya <txt:bold,2><txt:color,orange>Coach Atis</txt:bold></txt:color>, katanya dari dulu dia terkenal karena <txt:bold,2>postur tubuhnya yang tinggi </txt:bold>dan <txt:bold,2>kekuatannya yang luar biasa</txt:bold>!","โดยเฉพาะ <txt:bold,2><txt:color,orange>โค้ชเอทีซ</txt:bold></txt:color>น่ะ ขึ้นชื่อเรื่อง<txt:bold,2>ความสูง</txt:bold> กับ<txt:bold,2>พละกำลังที่เหลือล้น</txt:bold>มาแต่ไหนแต่ไรแล้ว!","O <txt:bold,2><txt:color,orange>treinador Athis</txt:bold></txt:color> sempre foi conhecido por sua <txt:bold,2>altura imponente</txt:bold> e <txt:bold,2>poder sem igual</txt:bold>!"
,,,아티스,,1_웃음,pause,,"<cha:pos,정다희,-1><cha:face,정다희,-1_기본><cha:pos,아티스,2>너무 긴장하지 마, 그것도 다 예전 이야기니까.","<cha:pos,정다희,-1><cha:face,정다희,-1_기본><cha:pos,아티스,2>Don’t be too nervous. That’s all in the past.","<cha:pos,정다희,-1><cha:face,정다희,-1_기본><cha:pos,아티스,2>あんまり緊張するな。それももう昔の話だ。","<cha:pos,정다희,-1><cha:face,정다희,-1_기본><cha:pos,아티스,2>别太紧张，那都是过去的事了。","<cha:pos,정다희,-1><cha:face,정다희,-1_기본><cha:pos,아티스,2>別太緊張，那都是過去的事了。","<cha:pos,정다희,-1><cha:face,정다희,-1_기본><cha:pos,아티스,2>Не слишком беспокойся по этому поводу. Это старые разговоры.","<cha:pos,정다희,-1><cha:face,정다희,-1_기본><cha:pos,아티스,2>Jangan gementar sangat. Itu semua dulu.","<cha:pos,정다희,-1><cha:face,정다희,-1_기본><cha:pos,아티스,2>Đừng căng thẳng quá, dù sao đó cũng chỉ là chuyện ngày xưa thôi.","<cha:pos,정다희,-1><cha:face,정다희,-1_기본><cha:pos,아티스,2>No te pongas nervioso, eso fue hace mucho tiempo.","<cha:pos,정다희,-1><cha:face,정다희,-1_기본><cha:pos,아티스,2>Tidak perlu terlalu tegang, karena itu semua cerita masa lalu.","<cha:pos,정다희,-1><cha:face,정다희,-1_기본><cha:pos,아티스,2>ไม่ต้องเครียดกันเกินไปหรอก เพราะทั้งหมดนั่นก็เป็นเรื่องในอดีตทั้งนั้น","<cha:pos,정다희,-1><cha:face,정다희,-1_기본><cha:pos,아티스,2>Não precisam ficar tensos! Isso já é coisa do passado."
,,,백시우,,1_웃음,pause,exclam,"<cha:pop,백시우>앗, 코치!","<cha:pop,백시우>Oh, coach!","<cha:pop,백시우>あっ、コーチ！","<cha:pop,백시우>啊，教练！","<cha:pop,백시우>啊～教練！","<cha:pop,백시우>Ой, тренер!","<cha:pop,백시우>Oh, jurulatih!","<cha:pop,백시우>Ồ, huấn luyện viên!","<cha:pop,백시우>¡Ah, entrenador!","<cha:pop,백시우>Oh, Coach!","<cha:pop,백시우>โอ๊ะ โค้ช!","<cha:pop,백시우>Ah, Athis!"
,,,아티스,,1_기본,pause,,"이젠 은퇴한지 오래다. <wrt:wait,15><wrt:break>옛 동료들이 오랜만에 실력 좀 보자, 해서 하는 거고.","It’s been a long time since I retired. <wrt:wait,15><wrt:break>My old friends wanted to see me play again, that’s all.","とうの昔に引退してる。<wrt:wait,15><wrt:break>昔の仲間たちが一緒にやりたいというから出るだけだ。","都退役很久了。<wrt:wait,15><wrt:break>老队友们想见识下我的实力，才搞的这一出。","都退役很久了。<wrt:wait,15><wrt:break>老隊友們想見識一下我的實力，才搞的這一齣。","Я уже давно ушел из волейбола. <wrt:wait,15><wrt:break>Мне просто хочется вспомнить былые деньки со старыми коллегами.","Sudah lama saya bersara. <wrt:wait,15><wrt:break>Rakan lama saya mahu melihat saya bermain semula, itu sahaja.","Tôi đã giải nghệ lâu rồi. <wrt:wait,15><wrt:break>Chỉ là các đồng đội cũ muốn xem thực lực của tôi ra sao nên mới tham gia thôi.","Ya hace mucho que me retiré. <wrt:wait,15><wrt:break>Es solo que mis viejos compañeros querían ver mis habilidades nuevamente.","Sudah lama sejak aku pensiun. <wrt:wait,15><wrt:break>Aku ikut bermain karena rekanku dulu ingin mengetahui kemampuanku saat ini.","ฉันน่ะวางมือมานานแล้ว <wrt:wait,15><wrt:break>ที่มาร่วมแข่งด้วย ก็เพราะอดีตเพื่อนร่วมทีมชวนมาทดสอบฝีมือน่ะ","Eu me aposentei faz tempo. <wrt:wait,15><wrt:break>Só vou jogar porque meus antigos colegas queriam me ver em ação de novo."
,,,오아시스,,1_기본,wave,,"<cha:pos,오아시스,1>에이, 은퇴한 지 얼마나 됐다고. 아직 녹슬지는 않았을 걸?","<cha:pos,오아시스,1>Come on, it hasn’t been that long since you retired. You haven’t gotten rusty yet!","<cha:pos,오아시스,1>まだ引退してそう長くないだろう？腕は鈍ってないはずだ。","<cha:pos,오아시스,1>嘿，才退役多久啊。你的球技肯定还没生疏吧？","<cha:pos,오아시스,1>嘿欸～退役才過多久而已，還沒生疏吧？","<cha:pos,오아시스,1>Ой, да сколько там прошло с твоего ухода? Держу пари, ты все тот же!","<cha:pos,오아시스,1>Alah, bukannya lama sangat kamu bersara. Kemahiran kamu belum berkarat lagi, kan?","<cha:pos,오아시스,1>Này, cậu giải nghệ được bao lâu rồi chứ?! Chắc là vẫn chưa mất đi kỹ năng đâu nhỉ?","<cha:pos,오아시스,1>Vamos, ¿cuánto tiempo ha pasado desde que te retiraste? No creo que hayas perdido la habilidad.","<cha:pos,오아시스,1>Bohong aja, kamu belum lama ini pensiun. Aku yakin kemampuanmu belum berkarat!","<cha:pos,오아시스,1>แหม นายเพิ่งจะวางมือไปได้เท่าไหร่เอง ฝีมือคงยังไม่ขึ้นสนิมหรอกมั้ง?","<cha:pos,오아시스,1>Ah, nem faz tanto tempo assim. Acho que ainda não deve estar enferrujado."
,,,오아시스,,1_기본,wave,,"후훗, 오랜만에 <txt:bold,2><txt:color,orange>아티스</txt:bold></txt:color>의 경기라니... 이 진귀한 광경은 놓칠 수 없지!<wrt:wait,15><wrt:break>오늘 경기 기대되는걸!","Heh, <txt:bold,2><txt:color,orange>Atis</txt:bold></txt:color> playing another match! I wouldn’t miss this for the world!<wrt:wait,15><wrt:break>Can’t wait to see it!","ふふ、久しぶりに<txt:bold,2><txt:color,orange>アティス</txt:bold></txt:color>が出場か‥これを見逃すわけにはいかない！<wrt:wait,15><wrt:break>今日の試合が楽しみだ！","呵呵，时隔多年再看<txt:bold,2><txt:color,orange>亚提斯</txt:bold></txt:color>比赛...这珍贵的画面我可不能错过！<wrt:wait,15><wrt:break>今天的比赛令人期待啊！","呵呵，時隔多年再看<txt:bold,2><txt:color,orange>亞提斯</txt:bold></txt:color>比賽...這珍貴的畫面我可不能錯過！<wrt:wait,15><wrt:break>今天的比賽令人期待啊！","Как давно у <txt:bold,2><txt:color,orange>Атиса</txt:bold></txt:color> не было соревнований? Такое редчайшее событие я точно не пропущу! <wrt:wait,15><wrt:break>Жду не дождусь игры!","Hehe, dah lama tak tengok <txt:bold,2><txt:color,orange>Atis</txt:bold></txt:color> bermain... Peluang yang jarang datang ini tak boleh dilepaskan!<wrt:wait,15><wrt:break>Tak sabar nak tengok perlawanan hari ini!","Ha ha, lâu lắm rồi mới được xem <txt:bold,2><txt:color,orange>Atis</txt:bold></txt:color> thi đấu... Không thể bỏ lỡ cảnh tượng hiếm có này được!<wrt:wait,15><wrt:break>Trận đấu hôm nay hứa hẹn lắm đây!","Jaja, ver un partido de <txt:bold,2><txt:color,orange>Athis</txt:bold></txt:color> después de tanto tiempo... ¡no puedo perderme una ocasión tan especial! <wrt:wait,15><wrt:break>¡Estoy emocionado por el partido de hoy!","Huhu, sudah lama sejak <txt:bold,2><txt:color,orange>Atis</txt:bold></txt:color> terjun dalam pertandingan... Aku tidak bisa melewatkan kesempatan langka ini!<wrt:wait,15><wrt:break>Aku jadi sangat menantikan pertandingan hari ini!","หึหึ ไม่ได้เห็นการแข่งของ<txt:bold,2><txt:color,orange>เอทีซ</txt:bold></txt:color>มานานแค่ไหนแล้วนะ... จะพลาดภาพหายากแบบนี้ไม่ได้เด็ดขาด!<wrt:wait,15><wrt:break>ชักตื่นเต้นกับการแข่งวันนี้ซะแล้วสิ!","Hehe, faz um tempo que não vejo o <txt:bold,2><txt:color,orange>Athis</txt:bold></txt:color> jogar... Não posso perder essa oportunidade rara! <wrt:wait,15><wrt:break>Estou ansioso pelo jogo de hoje!"
,,,아티스,,1_웃음,,,그렇게 진귀하기까지야.,Way to overblow it.,何かの見せ物かよ‥,至于珍贵吗。,珍貴倒是不至於吧。,Да прямо уж «редчайшее»?!,Tak adalah sampai seistimewa itu.,Có hiếm đến vậy đâu chứ.,Tampoco es para tanto.,Kamu sangat berlebihan.,ภาพหายากอะไรกันเล่า,"Ah, nem é tão raro assim..."
,,,정다희,,-1_당황,,,"<txt:color,grey><txt:size,2>(시우야, 들었지? 무려 <txt:bold,2>오아시스</txt:bold>가 보는 경기래!!!)","<txt:color,grey><txt:size,2>(Hear that, Siwoo? Even <txt:bold,2>Oasis</txt:bold> is gonna watch!!!)","<txt:color,grey><txt:size,2>(新、聞いた？<wrt:break><txt:bold,2>オアシス</txt:bold>選手も観戦するみたいだよ！)","<txt:color,grey><txt:size,2>(时宇呀，听见没？竟然是<txt:bold,2>绿洲</txt:bold>看的比赛！！！)","<txt:color,grey><txt:size,2>(時宇聽見沒？竟然是<txt:bold,2>綠洲</txt:bold>親自看比賽！)","<txt:color,grey><txt:size,2>(Шиу, ты слышал? <txt:bold,2>Оазис</txt:bold> собирается смотреть игру!!!)","<txt:color,grey><txt:size,2>(Siwoo, dengar tak? <txt:bold,2>Oasis</txt:bold> sendiri akan tengok perlawanan ini!!!)","<txt:color,grey><txt:size,2>(Siwoo, cậu nghe không? Ngay cả <txt:bold,2>Oasis</txt:bold> cũng đến xem kìa!!!)","<txt:color,grey><txt:size,2>(¿Escuchaste eso, Siwoo? ¡Incluso <txt:bold,2>Oasis</txt:bold> verá el partido!!!)","<txt:color,grey><txt:size,2>(Siwoo, kamu juga dengar kan? Pertandingan ini akan ditonton oleh <txt:bold,2>Oasis</txt:bold> secara langsung!!!)","<txt:color,grey><txt:size,2>(ชีอู ได้ยินรึเปล่า? นี่เป็นการแข่งที่มี<txt:bold,2>โอเอซิส</txt:bold>มาดูด้วยเลยนะ!!!)","<txt:color,grey><txt:size,2>(Siwoo, você ouviu isso? Até o <txt:bold,2>Oásis</txt:bold> está acompanhando este jogo!)"
,,,백시우,,3_난감,,sweat,"<txt:size,-2>귀, 귓속말인데 쩌렁쩌렁 다 들려 다희야... <wrt:wait,15><wrt:break></txt:size><cha:face,백시우,1_결연>하지만 역시, 갑자기 엄청나게 잘 해야 할 것만 같은 부담감이 드는걸!","<txt:size,-2>You’re whispering so loud everyone can hear you, Dahee... <wrt:wait,15><wrt:break></txt:size><cha:face,백시우,1_결연>But yeah, I suddenly feel the burden! I’ll have to play my butt off!","<txt:size,-2>さ、囁いても丸聞こえだよ、夏希‥<wrt:wait,15><wrt:break></txt:size><cha:face,백시우,1_결연>でもやっぱり、めっちゃがんばらないといけないって<wrt:break>プレッシャーがあるな！","<txt:size,-2>呃，多熙呀，悄悄话那么大声，全被听见了...<wrt:wait,15><wrt:break></txt:size><cha:face,백시우,1_결연>但果然，突然感觉压力骤增，非得打好不可！","<txt:size,-2>呃多熙呀，悄悄話那麼大聲，全被聽見了...<wrt:wait,15><wrt:break></txt:size><cha:face,백시우,1_결연>但突然感覺壓力驟增，非得打好不可！","<txt:size,-2>Дахи, твой шепот все услышали! <wrt:wait,15><wrt:break></txt:size><cha:face,백시우,1_결연>Сегодня на нас большая ответственность. Надо постараться!","<txt:size,-2>K-kononnya berbisik, tapi semua orang boleh dengar, Dahee... <wrt:wait,15><wrt:break></txt:size><cha:face,백시우,1_결연>Tapi tiba-tiba rasa tertekan untuk main betul-betul hebat!","<txt:size,-2>Thì... thì thầm kiểu gì mà nghe lớn vậy Dahee... <wrt:wait,15><wrt:break></txt:size><cha:face,백시우,1_결연>Nhưng đúng là... đột nhiên cảm thấy áp lực phải chơi thật tốt quá!","<txt:size,-2>Dahee, aunque su-susurraste, se escuchó todo... <wrt:wait,15><wrt:break></txt:size><cha:face,백시우,1_결연>Pero ahora siento la presión de jugar increíblemente bien.","<txt:size,-2>Dahee, kamu berbisik, tapi semua orang tetap bisa dengar... <wrt:wait,15><wrt:break></txt:size><cha:face,백시우,1_결연>Tapi sekarang aku jadi tertekan, rasanya harus tampil sebaik mungkin!","<txt:size,-2>ถะ ถึงจะกระซิบ ทุกคนก็ได้ยินกันหมดแหละ ดาฮี... <wrt:wait,15><wrt:break></txt:size><cha:face,백시우,1_결연>แต่จู่ๆ ก็รู้สึกถึงความกดดัน ว่าจะต้องทำให้ดีที่สุดเท่านั้นเลย!","<txt:size,-2>Dahee, isso foi um sussurro ou um grito? Acho que deu para ouvir tudo... <wrt:wait,15><wrt:break></txt:size><cha:face,백시우,1_결연>Agora sinto que preciso jogar melhor do que nunca! Que pressão!"
,,,백시우,,1_결연,,,"후, 좋아! 평소보다 더 신경 써서 경기에 임해봐야겠어!",All right! Gotta be on my toes for this one!,ふう、よし！いつもよりも気合を入れていこう！,呼，好！这次比赛可得比平时更用心才行！,呼，好！我決定要比平日的比賽更集中心力！,"Сегодня нам понадобится больше упорства, чем обычно!",Baiklah! Perlu waspada untuk yang ini!,"Phù, tốt lắm! So với bình thường thì phải tập trung vào trận đấu nhiều hơn mới được!","Uf, ¡está bien! Debo esforzarme más que de costumbre en este partido!","Hyuh, baiklah! Aku harus berusaha untuk bertanding lebih baik daripada biasanya!",ฮู้ว โอเค! คงต้องทำการแข่งด้วยความตั้งใจกว่าปกติซะแล้ว!,Ótimo! Vou precisar me concentrar mais do que o normal para este jogo!
,경기 승리,#,MAP,,,,,바다,바다,바다,바다,바다,바다,바다,바다,바다,바다,바다,바다
,,#,BGM,,,,,BGM_WIND_BLOWING,BGM_WIND_BLOWING,BGM_WIND_BLOWING,BGM_WIND_BLOWING,BGM_WIND_BLOWING,BGM_WIND_BLOWING,BGM_WIND_BLOWING,BGM_WIND_BLOWING,BGM_WIND_BLOWING,BGM_WIND_BLOWING,BGM_WIND_BLOWING,BGM_WIND_BLOWING
,,#,정다희,-1,-1_기본,,,,,,,,,,,,,,
,,#,백시우,-2,1_기본,,,,,,,,,,,,,,
,,#,아티스,2,1_기본,,,,,,,,,,,,,,
,,#,오아시스,1,1_기본,,,,,,,,,,,,,,
,,,아티스,,1_기본,,,"<scr:star,1>아쉽군, 체력이 조금만 더 있었어도...","<scr:star,1>Man, if only I had a bit more oomph left in me...","<scr:star,1>惜しいな、もう少し体力があれば‥","<scr:star,1>可惜，再多点体力就好了...","<scr:star,1>真可惜～要是體力能再充足些就好了...","<scr:star,1>Жаль... Если бы выносливости хватило еще чуть-чуть...","<scr:star,1>Sayang sekali. Kalaulah stamina saya lebih sedikit...","<scr:star,1>Tiếc quá, nếu có thêm chút thể lực nữa thì...","<scr:star,1>Es una lástima, si tuviera un poco más de resistencia...","<scr:star,1>Sayang sekali, jika saja aku tidak kekurangan stamina...","<scr:star,1>เสียดายจริงๆ ถ้าฉันมีเรี่ยวแรงมากกว่านี้อีกหน่อยล่ะก็...","<scr:star,1>Que pena... se eu tivesse um pouco mais de resistência..."
,,,아티스,,1_기본,,,"<scr:star,2>실력은 남아있지만... 역시 감이 죽었군. 너희가 잘하는 것도 있고.","<scr:star,2>I still have my skills, but my reflexes are rusty. And you played well, of course.","<scr:star,2>腕は鈍ってなかったが‥勘が鈍ってるみたいだ。お前たちも強かったしな。","<scr:star,2>虽然实力还在...但手感确实生疏了。也是你们打得好。","<scr:star,2>雖然實力還在...但球感果然生疏了。當然，也是你們打得好。","<scr:star,2>Навыки остались, а вот сноровка уже не та... Ну и вы молодцы, конечно.","<scr:star,2>Saya masih ada kemahiran saya, tetapi refleks saya berkarat. Dan sudah tentu anda bermain dengan baik.","<scr:star,2>Kỹ năng thì vẫn còn... Nhưng quả nhiên là đã mất cảm giác rồi. Các em cũng giỏi nữa.","<scr:star,2>La habilidad sigue ahí, pero... he perdido el toque. Ustedes también lo hicieron bien.","<scr:star,2>Meski aku masih mempunyai keahlian... namun intuisi-ku tidak seperti dulu lagi. Dan juga kalian bermain dengan sangat baik.","<scr:star,2>ถึงฝีมือจะยังได้อยู่... แต่เซนส์ดันฝ่อหมดแล้วแฮะ แถมพวกเธอเองก็เล่นกันเก่งด้วย","<scr:star,2>Ainda tenho habilidade, mas parece que perdi o jeito. Além disso, vocês jogaram muito também."
,,,아티스,,1_기본,,,"<scr:star,3>후, 역시 실력이 녹슨 건 틀림 없네. 고등학생의 체력은 도무지 못 당해내겠어.","<scr:star,3>It’s official, my skills are rusty. I can’t keep up with high schoolers.","<scr:star,3>ふう‥やっぱり腕が鈍ってる。高校生の体力にはついていけないな。","<scr:star,3>唉，果然还是退步了。完全跟不上高中生的体力啊。","<scr:star,3>唉，果然還是生疏了，完全跟不上高中生的體力啊。","<scr:star,3>Эх, все-таки мои навыки уже не те... Ну и по части энергии школьников мне не одолеть.","<scr:star,3>Fuh, memang kemahiran saya dah berkarat. Stamina budak sekolah menengah memang tak dapat saya tandingi.","<scr:star,3>Phù, quả nhiên kỹ năng đã mai một rồi. Sức bền của học sinh cấp 3 thì tôi đành chịu thua thôi.","<scr:star,3>Es cierto, he perdido la práctica. No puedo igualar la resistencia de un estudiante.","<scr:star,3>Hyuhh, memang kemampuanku sudah berkarat. Aku tidak dapat mengikuti stamina anak SMA.","<scr:star,3>ฮู้ว ฝีมือฉันขึ้นสนิมแล้วจริงด้วย สู้กับเรี่ยวแรงเด็กมัธยมปลายไม่ไหวจริงๆ","<scr:star,3>Parece que estou realmente enferrujado. Não consigo acompanhar o ritmo dos estudantes do ensino médio de jeito nenhum."
,,,오아시스,,1_기본,,,"이야, <txt:color,orange><txt:bold,2>아티스</txt:bold></txt:color>가 있는 <txt:bold,2><txt:color,orange>팜 스파이크스</txt:color></txt:bold>를 이기다니... <txt:size,2>재밌네!","Man, you beat the <txt:bold,2><txt:color,orange>Palm Spikes</txt:color></txt:bold> with <txt:color,orange><txt:bold,2>Atis</txt:bold></txt:color> on the team... <txt:size,2>What a game!","いやぁ、<txt:color,orange><txt:bold,2>アティス</txt:bold></txt:color>がいる<txt:bold,2><txt:color,orange>ファームスパイクス</txt:color></txt:bold>に勝つなんて‥<txt:size,2>おもしろい！","诶呀，<txt:color,orange><txt:bold,2>亚提斯</txt:bold></txt:color>在的<txt:bold,2><txt:color,orange>棕榈风暴队</txt:color></txt:bold>都输了...<txt:size,2>真有意思！","居然！連有<txt:color,orange><txt:bold,2>亞提斯</txt:bold></txt:color>的<txt:bold,2><txt:color,orange>棕櫚風暴隊</txt:color></txt:bold>都輸了...<txt:size,2>有意思！","Вот это новости! Одолели <txt:bold,2><txt:color,orange>«Пальм Спайкс»</txt:color></txt:bold> вместе с <txt:color,orange><txt:bold,2>Атисом</txt:bold></txt:color>... <txt:size,2>Как забавно!","Wah, kamu kalahkan <txt:bold,2><txt:color,orange>Palm Spikes</txt:color></txt:bold> yang ada <txt:color,orange><txt:bold,2>Atis</txt:bold></txt:color>... <txt:size,2>Menarik!","Chà, thắng được cả <txt:color,orange><txt:bold,2>Atis</txt:bold></txt:color> của <txt:bold,2><txt:color,orange>Palm Spikes</txt:color></txt:bold>... <txt:size,2>Thú vị ghê!","Increíble, derrotaron a <txt:bold,2><txt:color,orange>Palm Spikes</txt:color></txt:bold> con <txt:color,orange><txt:bold,2>Athis</txt:bold></txt:color> en el equipo... <txt:size,2>¡Esto es divertido!","Woah, kalian dapat menang melawan <txt:color,orange><txt:bold,2>Atis</txt:bold></txt:color> beserta dengan timnya dulu, <txt:bold,2><txt:color,orange>Palm Spikes</txt:color></txt:bold>... <txt:size,2>Menarik sekali!","โอ้โห เอาชนะ<txt:bold,2><txt:color,orange>ปาล์มสไปคส์</txt:color></txt:bold> ที่มี<txt:color,orange><txt:bold,2>เอทีซ</txt:bold></txt:color>อยู่ด้วยได้เนี่ย... <txt:size,2>สนุกดีแฮะ!","Nossa, não imaginava que venceriam contra os <txt:color,orange><txt:bold,2>Palm Spikes</txt:color></txt:bold> com o <txt:color,orange><txt:bold,2>Athis</txt:bold></txt:color>. <txt:size,2>Interessante!"
,,,오아시스,,1_기본,,,"으음, 역시! 이런 기회는 나도 놓치기 아까운걸?","You know, it would be a shame if I didn’t take this opportunity for myself!",うん、やっぱりこんなチャンスは逃したくないな！,唔，果然！这种机会我也不想错过啊。,嗯，果然！這麼好的機會，我也捨不得錯過呢。,Такой шанс и я не хочу упускать!,"Hmm, betul juga! Sayang kalau saya lepaskan peluang ini!","Ừm, quả nhiên! Cơ hội như này thì tôi cũng không thể bỏ lỡ được!","Hmm, ¡exacto! No quiero perderme una oportunidad como esta.","Hmm, memang! Aku juga tidak ingin melewati kesempatan seperti ini!",อะแฮ่ม! ฉันเองก็ไม่อยากพลาดโอกาสแบบนี้เหมือนกันซะด้วยสิ?,Hmm... Não posso perder essa oportunidade também.
,,,오아시스,,1_기본,wave,,"<txt:bold,2>...대지고등학교, 나와 한 판 겨뤄보지 않겠어?","<txt:bold,2>Terra High, what do you say about a match with me?","<txt:bold,2>‥大地高校、俺と対戦してみないか？","<txt:bold,2>...大地高中，要不要和我也来一场？","<txt:bold,2>...大地高中，要不要和我也來一場？","<txt:bold,2>Ребята из «Тэчжи», не хотите и со мной сыграть?","<txt:bold,2>Terra High, apa pendapat anda tentang perlawanan dengan saya?","<txt:bold,2>...Trường THPT Đại Địa, các em có muốn đấu thử một trận với tôi không?","<txt:bold,2>...Escuela Daeji, ¿quieren jugar contra mí?","<txt:bold,2>...SMA DaeJi, apa kalian ingin melawanku?","<txt:bold,2>...โรงเรียนมัธยมปลายแดจี อยากลองมาประชันกับฉันสักนัดรึเปล่า?","<txt:bold,2>Colégio Daeji, fecham um jogo contra mim?"
,,,정다희,,-1_당황,shake,exclam,"<txt:size,2>!!!","<txt:size,2>!!!","<txt:size,2>！","<txt:size,2>！！！","<txt:size,2>！","<txt:size,2>!!!","<txt:size,2>!!!","<txt:size,2>!!!","<txt:size,2>!!!","<txt:size,2>!!!","<txt:size,2>!!!","<txt:size,2>!!!"
,,,백시우,,2_놀람,shake,exclam,"<txt:size,2>엇...!!!","<txt:size,2>What?!","<txt:size,2>えっ‥！","<txt:size,2>诶...！！！","<txt:size,2>欸...！！","<txt:size,2>Ох...!!!","<txt:size,2>Apa?!","<txt:size,2>Ơ...!!!","<txt:size,2>¿Eh...?!!!","<txt:size,2>Waduh...!!!","<txt:size,2>โอ๊ะ...!!!","<txt:size,2>Oh!"
,,,오아시스,,1_기본,,,"내일 경기할 수 있으려나? 쉴 틈도 없이 경기를 하자고 할 만큼 무모한 사람은 아니거든. <wrt:wait,15><wrt:break>아하하, 싫으면 편하게 거절해도 좋아.","How about tomorrow? I’m not so reckless as to ask you to play without a proper break. <wrt:wait,15><wrt:break>Ahaha, feel free to say no if you’d like!","明日は空いてるか？回復する時間も考えず試合に誘うほど、無茶な人間じゃないからな。<wrt:wait,15><wrt:break>あははっ、嫌なら別に断ってもいいよ。","明天还能比吗？我可不是那种不给人喘息机会就叫人比赛的人。<wrt:wait,15><wrt:break>哈哈哈，不想比也可以直说。","明天還能比嗎？我可不是那種不給人喘息機會就叫人比賽的人。<wrt:wait,15><wrt:break>哈哈哈，不想比也可以直說。","Завтра сможете? Я не настолько безумен, чтобы предлагать вам игру без передышки.<wrt:wait,15><wrt:break>Ха-ха, если не хотите, так и скажите!","Bagaimana pula esok? Saya tidak semberono untuk meminta anda bermain tanpa rehat yang betul. <wrt:wait,15><wrt:break>Ahaha, sila katakan tidak jika anda mahu!","Mai không biết có đấu được không? Tôi không phải kiểu người khinh suất đến mức cứ đấu liên tục mà không nghỉ ngơi đâu. <wrt:wait,15><wrt:break>A ha ha, nếu em không muốn thì cứ từ chối thoải mái nhé.","¿Podrán jugar mañana? No soy tan imprudente como para pedirles que jueguen sin descansar. <wrt:wait,15><wrt:break>Jaja, si no quieren, pueden rechazar la oferta sin problema.","Apa kalian bisa bertanding besok? Aku bukanlah orang tanpa akal yang akan memaksa kalian bertanding tanpa istirahat. <wrt:wait,15><wrt:break>Hahaha, jika tidak bersedia maka kalian boleh menolak dengan santai.","แข่งกันพรุ่งนี้เลยได้ไหม? ฉันเองก็ไม่ใช่คนบ้าระห่ำ ที่จะชวนคนอื่นแข่งจนไม่มีเวลาพักผ่อนหรอกนะ <wrt:wait,15><wrt:break>ฮ่าฮ่า ถ้าไม่อยากแข่งก็ปฏิเสธได้เลย ไม่ต้องเกรงใจ","Será que podemos jogar amanhã? Não sou tão precipitado a ponto de sugerir um jogo sem dar tempo para descansar. <wrt:wait,15><wrt:break>Haha, se não quiser, está tudo bem em recusar."
,,,백시우,,1_결연,shake,,"<txt:size,2><sys:sfx,스파이크_4>아녜요!!! 하고 싶습니다!","<txt:size,2><sys:sfx,스파이크_4>No!!! I mean, yes! We want to!","<txt:size,2><sys:sfx,스파이크_4>いいえ！対戦したいです！","<txt:size,2><sys:sfx,스파이크_4>不是的！！！我很想比！！！","<txt:size,2><sys:sfx,스파이크_4>不是的！我很想比！！","<txt:size,2><sys:sfx,스파이크_4>Все в порядке! Мы готовы!","<txt:size,2><sys:sfx,스파이크_4>Tidak!!! Maksud saya, ya! Kami mahu!","<txt:size,2><sys:sfx,스파이크_4>Không ạ!!! Em muốn đấu!","<txt:size,2><sys:sfx,스파이크_4>¡No!!! ¡Sí que queremos jugar!","<txt:size,2><sys:sfx,스파이크_4>Tidak!!! Saya ingin bertanding!","<txt:size,2><sys:sfx,스파이크_4>ไม่นะครับ!!! ผมอยากแข่งด้วยครับ!","<txt:size,2><sys:sfx,스파이크_4>Claro! Estou super empolgado!"
,,,오아시스,,1_기본,,joy,"음, 좋아 좋아! 힘찬 친구네! <wrt:wait,15><wrt:break>하하, 그럼 내일, <txt:wave,1>기대하고 있을게!","Good, good! You’re a hearty lad! <wrt:wait,15><wrt:break>Haha, then I’m looking forward to it. <txt:wave,1>See you tomorrow.","おお、いい返事だ。元気がいいな！<wrt:wait,15><wrt:break>ははっ、じゃあ明日<txt:wave,1>楽しみにしてるよ！","嗯，不错不错！够爽快！<wrt:wait,15><wrt:break>哈哈，那明天，<txt:wave,1>拭目以待吧！","嗯～不錯不錯！夠爽快！<wrt:wait,15><wrt:break>哈哈，那明天，<txt:wave,1>拭目以待吧！","Ну вот и отлично, юный друг. <wrt:wait,15><wrt:break>Тогда с нетерпением жду <txt:wave,1>завтра!","Bagus, bagus! Bersemangat betul kamu! <wrt:wait,15><wrt:break>Haha, tak sabar saya nak berlawan. <txt:wave,1>Jumpa esok!","Ừ, được đấy! Cậu bé đầy nhiệt huyết! <wrt:wait,15><wrt:break>Ha ha, vậy mai nhé? <txt:wave,1>Tôi sẽ chờ đấy!","¡Bien, bien! ¡Me gusta tu energía! <wrt:wait,15><wrt:break>Jaja, entonces mañana, <txt:wave,1>¡los estaré esperando!","Hem, bagus! Kamu sangat antusias! <wrt:wait,15><wrt:break>Haha, kalau begitu besok, <txt:wave,1>Aku akan menantikannya!","อื้ม โอเค! กระฉับกระเฉงดีแฮะ! <wrt:wait,15><wrt:break>ฮ่าฮ่า ถ้างั้นพรุ่งนี้ <txt:wave,1>ฉันจะรอนะ!","Ótimo! Gostei de ver, cheio de vigor! <wrt:wait,15><wrt:break>Haha, então <txt:wave,1>mal posso esperar para o jogo de amanhã"
7,경기 전,#,MAP,,,,,바다,바다,바다,바다,바다,바다,바다,바다,바다,바다,바다,바다
,,#,BGM,,,,,BGM_UNDER_THE_PARASOL,BGM_UNDER_THE_PARASOL,BGM_UNDER_THE_PARASOL,BGM_UNDER_THE_PARASOL,BGM_UNDER_THE_PARASOL,BGM_UNDER_THE_PARASOL,BGM_UNDER_THE_PARASOL,BGM_UNDER_THE_PARASOL,BGM_UNDER_THE_PARASOL,BGM_UNDER_THE_PARASOL,BGM_UNDER_THE_PARASOL,BGM_UNDER_THE_PARASOL
,,#,백시우,2,1_기본,,,,,,,,,,,,,,
,,#,정다희,-2,-1_언짢,,,,,,,,,,,,,,
,,#,리시아,4,1_기본,,,,,,,,,,,,,,
,,#,오아시스,4,1_기본,,,,,,,,,,,,,,
,,#,남재현,4,1_기본,,,,,,,,,,,,,,
,,,-,,,,,"<txt:bold,3><txt:color,grey>~하얀 파도거품이 밀려오는 모래사장~","<txt:bold,3><txt:color,grey>White waves of foam rush over the sandy beach...","<txt:bold,3><txt:color,grey>～白い波が押し寄せる砂浜～","<txt:bold,3><txt:color,grey>～海浪拍打沙滩～","<txt:bold,3><txt:color,grey>～海浪輕拍的沙灘～","<txt:bold,3><txt:color,grey>Пляж с разбивающимися белыми волнами","<txt:bold,3><txt:color,grey>Gelombang buih putih meluru ke atas pantai berpasir...","<txt:bold,3><txt:color,grey>~Bãi biển bọt sóng trắng xóa~","<txt:bold,3><txt:color,grey>En la playa de arena con espumas de olas blancas","<txt:bold,3><txt:color,grey>~Gelembung Ombak Putih menghantam Pantai Pasir~","<txt:bold,3><txt:color,grey>~หาดทรายที่มีฟองคลื่นสีขาวสาดซัด~","<txt:bold,3><txt:color,grey>Numa praia com ondas..."
,,,정다희,,-1_언짢,shake,,"<sys:sfx,종이><wrt:delay,1><scr:noskip><scr:timer,240>...주의할 점은 점점 강해지는 그 위력!!!<txt:bold,2> 시간이 지날수록 강해지는 선수</txt:bold>니까, 이기고 있대도 방심해서는 안돼.  <sys:sfx,종이><wrt:break>절대 절대!!! 또 그 뿐만 아니라 <txt:color,orange><txt:bold,2>오아시스</txt:color></txt:bold> 선수는 원래도 그렇게 명성을 떨친 이유가...","<sys:sfx,종이><wrt:delay,1><scr:noskip><scr:timer,240>The thing we have to watch out for is his ever-growing power!!!<txt:bold,2> He gets stronger as time passes</txt:bold>, so we can’t let our guard down even if we’re winning. <sys:sfx,종이><wrt:break>EVER!!! And also, we can’t forget the reason <txt:color,orange><txt:bold,2>Oasis</txt:color></txt:bold> is so famous...","<sys:sfx,종이><wrt:delay,1><scr:noskip><scr:timer,240>‥注意すべきはどんどん強くなるその威力！<txt:bold,2>時間が経つほど強くなる選手</txt:bold>だから、<wrt:break>リードしていても油断は禁物。<sys:sfx,종이><wrt:break>絶対、絶対よ！それと、<txt:color,orange><txt:bold,2>オアシス</txt:color></txt:bold>選手が有名になったのは元々‥","<sys:sfx,종이><wrt:delay,1><scr:noskip><scr:timer,240>...需要注意的是他那逐渐增强的威力！！！因为他是<txt:bold,2>随时间变强的选手</txt:bold>，所以即使领先也绝对不能大意。<sys:sfx,종이><wrt:break>绝对绝对不能！！！而且<txt:color,orange><txt:bold,2>绿洲</txt:color></txt:bold>选手之所以名声远扬，是因为...","<sys:sfx,종이><wrt:delay,1><scr:noskip><scr:timer,240>...需要注意的是他那逐漸增強的威力！因為他是<txt:bold,2>隨時間變強的選手</txt:bold>，所以即使領先也絕對不能大意。<sys:sfx,종이><wrt:break>絕對絕對不能！！而且<txt:color,orange><txt:bold,2>綠洲</txt:color></txt:bold>選手之所以名聲遠揚，是因為...","<sys:sfx,종이><wrt:delay,1><scr:noskip><scr:timer,240>...Главное — его постоянно растущая мощь! Помни, что<txt:bold,2> противник становится сильнее со временем</txt:bold>, поэтому нам ни в коем случае нельзя расслабляться!<sys:sfx,종이><wrt:break>Ни в коем случае!!! А еще, <txt:color,orange><txt:bold,2>Оазис</txt:color></txt:bold> приобрел такую репутацию потому, что...","<sys:sfx,종이><wrt:delay,1><scr:noskip><scr:timer,240>Yang kena kita awasi ialah kekuatannya yang semakin meningkat!!!<txt:bold,2> Dia makin kuat apabila masa berlalu</txt:bold>, jadi walaupun kita sedang mendahului, jangan leka. <sys:sfx,종이><wrt:break>JANGAN SEKALI-KALI!!! Bukan itu saja, sebab <txt:color,orange><txt:bold,2>Oasis</txt:color></txt:bold> begitu terkenal sebenarnya...","<sys:sfx,종이><wrt:delay,1><scr:noskip><scr:timer,240>...Điểm cần lưu ý là sức mạnh ngày càng tăng của anh ấy!!!<txt:bold,2> Một cầu thủ càng đấu càng mạnh</txt:bold>, nên dù có đang dẫn trước cũng đừng chủ quan. <sys:sfx,종이><wrt:break>Tuyệt đối đừng!!! Hơn nữa cầu thủ <txt:color,orange><txt:bold,2>Oasis</txt:color></txt:bold> vốn nổi danh cũng là vì...","<sys:sfx,종이><wrt:delay,1><scr:noskip><scr:timer,240>...Ten cuidado con la fuerza que se incrementa poco a poco!!!<txt:bold,2> ¡Es un jugador que se vuelve más fuerte con el tiempo</txt:bold>!, así que, aunque vayamos ganando, no debemos bajar la guardia. <sys:sfx,종이><wrt:break> ¡Nunca jamás!!! Además, <txt:color,orange><txt:bold,2>Oasis</txt:color></txt:bold> es famoso por...","<sys:sfx,종이><wrt:delay,1><scr:noskip><scr:timer,240>...Yang perlu kamu perhatikan adalah kekuatannya yang semakin meningkat!!!<txt:bold,2> Dia adalah atlet yang menjadi kuat seiring berlalunya waktu</txt:bold>, oleh sebab itu jangan lengah meski sedang unggul.  <sys:sfx,종이><wrt:break>Jangan pernah!!! Bukan cuma itu! Alasan lain pemain <txt:color,orange><txt:bold,2>Oasis</txt:color></txt:bold> itu begitu terkenal adalah...","<sys:sfx,종이><wrt:delay,1><scr:noskip><scr:timer,240>...สิ่งที่ต้องระวังก็คือ พลังของเขาที่จะค่อยๆ แข็งแกร่งขึ้น!!! เพราะเขาเป็น<txt:bold,2>นักกีฬาที่จะแข็งแกร่งขึ้น เมื่อเวลาผ่านไป</txt:bold> ดังนั้น ต่อให้เราจะกำลังนำอยู่ ก็ห้ามประมาท  <sys:sfx,종이><wrt:break>โดยเด็ดขาด!!! และไม่ใช่แค่นั้นนะ เหตุผลที่นักกีฬา<txt:color,orange><txt:bold,2>โอเอซิส</txt:color></txt:bold>มีชื่อเสียงโด่งดังขนาดนั้นน่ะ...","<sys:sfx,종이><wrt:delay,1><scr:noskip><scr:timer,240>Precisamos estar atentos ao poder que aumenta durante o jogo! <txt:bold,2>Ele é um jogador que se torna mais forte com o tempo</txt:bold>. Não podemos vacilar, mesmo que estejamos à frente. <sys:sfx,종이><wrt:break>Nunca, jamais! E não é só isso, o <txt:color,orange><txt:bold,2>Oásis</txt:color></txt:bold> tem uma fama tão grande por um motivo..."
,,,백시우,,1_정적,pause,sweat,"<cha:pop,백시우><txt:shake,1>엄청난 브리핑이네...! </txt:shake>이전과는 비교가 안 될만큼 엄청나게 상세한걸?","<cha:pop,백시우><txt:shake,1>That was quite the briefing. </txt:shake>Far more detailed than all the others.","<cha:pop,백시우><txt:shake,1>すごい説明量‥！</txt:shake>以前とは比べ物にならないくらい詳しいな！","<cha:pop,백시우><txt:shake,1>这也太详细了吧...！</txt:shake>和之前简直是天壤之别！","<cha:pop,백시우><txt:shake,1>這也太詳細了吧...！</txt:shake>和之前簡直是天壤之別！","<cha:pop,백시우><txt:shake,1>Ничего себе брифинг...! </txt:shake>Намного более детальный, чем раньше.","<cha:pop,백시우><txt:shake,1>Panjang betul taklimat ini...! </txt:shake>Jauh lebih terperinci daripada sebelum ini!","<cha:pop,백시우><txt:shake,1>Thông tin chuẩn bị kỹ lưỡng quá...! </txt:shake>So với trước thì chi tiết hơn nhiều!","<cha:pop,백시우><txt:shake,1>...Es un briefing increíble...! </txt:shake>Es mucho más detallado que antes.","<cha:pop,백시우><txt:shake,1>Briefing yang luar biasa...! </txt:shake>Jauh lebih mendetail daripada sebelumnya!","<cha:pop,백시우><txt:shake,1>เป็นการบรีฟที่ลงดีเทลมากเลยแฮะ...! </txt:shake>ละเอียดกว่าที่ผ่านมาแบบเทียบไม่ติด","<cha:pop,백시우><txt:shake,1>Que apresentação incrível! </txt:shake>Detalhada de uma maneira que não tem comparação com o passado."
,,,정다희,,-1_웃음,,,"<txt:size,2>당연하지!</txt:size> <txt:bold,2><txt:color,orange>태양 배구단</txt:color>의 에이스</txt:bold>! 비치발리볼 계의 최강자! <wrt:wait,15><wrt:break>바로 그 <txt:bold,2><txt:color,orange>오아시스</txt:color></txt:bold>와 경기를 하는걸?","<txt:size,2>Of course it was!</txt:size> This is our match against <txt:bold,2><txt:color,orange>Sun Volleyball Team</txt:color>’s ace</txt:bold>! The king of beach volleyball! <wrt:wait,15><wrt:break>THE <txt:bold,2><txt:color,orange>Oasis</txt:color></txt:bold>!","<txt:size,2>当たり前よ！</txt:size><txt:bold,2><txt:color,orange>太陽バレー団</txt:color>のエース</txt:bold>！<wrt:break>ビーチバレーのナンバーワン！<wrt:wait,15><wrt:break>あの<txt:bold,2><txt:color,orange>オアシス</txt:color></txt:bold>選手と対戦するのよ？","<txt:size,2>那当然！</txt:size><txt:bold,2><txt:color,orange>太阳排球队</txt:color>王牌</txt:bold>！沙排界第一人！<wrt:wait,15><wrt:break>我们要对战的正是<txt:bold,2><txt:color,orange>绿洲</txt:color></txt:bold>啊？","<txt:size,2>那當然！</txt:size><wrt:wait,15><wrt:break>我們要對戰的正是<txt:bold,2><txt:color,orange>太陽排球隊</txt:color>王牌</txt:bold>！沙排界最強者的<txt:bold,2><txt:color,orange>綠洲</txt:color></txt:bold>啊！","<txt:size,2>Ну естественно!</txt:size>Это же ас <txt:bold,2><txt:color,orange>клуба «Тэян»</txt:color></txt:bold>! Сильнейший игрок в пляжный волейбол! <wrt:wait,15><wrt:break>Ты понимаешь, что у нас игра с <txt:bold,2><txt:color,orange>Оазисом</txt:color></txt:bold>!?","<txt:size,2>Mestilah!</txt:size> Kita akan lawan pemain handalan <txt:bold,2><txt:color,orange>Sun Volleyball Team</txt:color></txt:bold>! Pemain bola tampar pantai terkuat! <wrt:wait,15><wrt:break><txt:bold,2><txt:color,orange>Oasis</txt:color></txt:bold> sendiri!","<txt:size,2>Tất nhiên rồi!</txt:size> <txt:bold,2>Ngôi sao của <txt:color,orange>Đội Bóng Chuyền Mặt Trời</txt:color></txt:bold>! Cầu thủ mạnh nhất của giới bóng chuyền bãi biển! <wrt:wait,15><wrt:break>Chúng ta sẽ đấu với chính <txt:bold,2><txt:color,orange>Oasis</txt:color></txt:bold> đấy!","<txt:size,2>¡Por supuesto!</txt:size> ¡Estamos hablando del as</txt:bold> del <txt:bold,2><txt:color,orange>Equipo de Voleibol Solar</txt:color>! ¡El mejor jugador de voleibol de playa! <wrt:wait,15><wrt:break>¡Vamos a jugar contra <txt:bold,2><txt:color,orange>Oasis</txt:color></txt:bold>!","<txt:size,2>Tentu saja!</txt:size> <txt:bold,2>Ace dari <txt:color,orange>Solar Volleyball Team</txt:color></txt:bold>! Atlet terhebat di Beach Volleyball! <wrt:wait,15><wrt:break>Yaitu <txt:bold,2><txt:color,orange>Oasis</txt:color></txt:bold> dan kita akan bertanding melawannya!","<txt:size,2>แน่นอนสิ!</txt:size> ก็นี่คือการแข่งกับ<txt:bold,2><txt:color,orange>โอเอซิส</txt:color></txt:bold> <wrt:wait,15><wrt:break>ซึ่งเป็นถึง<txt:bold,2>เอซของ<txt:color,orange>กลุ่มวอลเลย์บอลดวงตะวัน</txt:color></txt:bold>! และเป็นตัวเทพแห่งวงการวอลเลย์บอลชายหาดเชียวนะ!","<txt:size,2>É claro!</txt:size> <wrt:wait,15><wrt:break>Vamos enfrentar o <txt:bold,2><txt:color,orange>Oásis</txt:color></txt:bold>! <txt:bold,2>A estrela do <txt:color,orange>Clube de Vôlei Sol</txt:color></txt:bold>! O número 1 do vôlei de praia!"
,,,리시아,2,1_기본,,,"<cha:face,정다희,-1_웃음><cha:pos,백시우,-1><sys:sfx,반짝_1>다희 코치 말이 맞아요~!<wrt:wait,15><wrt:break><txt:bold,2><txt:color,orange>오아시스</txt:color></txt:bold> 아저씨와 경기를 한다니, 만반의 준비를 해야 하지 않겠어요?","<cha:face,정다희,-1_웃음><cha:pos,백시우,-1><sys:sfx,반짝_1>Coach Dahee is right!<wrt:wait,15><wrt:break>A match with <txt:bold,2><txt:color,orange>Oasis</txt:color></txt:bold> is no joke! You have to prepare as much as you can!","<cha:face,정다희,-1_웃음><cha:pos,백시우,-1><sys:sfx,반짝_1>夏希コーチの言う通りですよ！<wrt:wait,15><wrt:break><txt:bold,2><txt:color,orange>オアシス</txt:color></txt:bold>さんとの対戦なんだから、万全の準備を整えないと！","<cha:face,정다희,-1_웃음><cha:pos,백시우,-1><sys:sfx,반짝_1>多熙教练说得对～！<wrt:wait,15><wrt:break>要和<txt:bold,2><txt:color,orange>绿洲</txt:color></txt:bold>叔叔比赛，准备不周怎么行呢？","<cha:face,정다희,-1_웃음><cha:pos,백시우,-1><sys:sfx,반짝_1>多熙教練說得對～！<wrt:wait,15><wrt:break>要和<txt:bold,2><txt:color,orange>綠洲</txt:color></txt:bold>叔叔比賽，準備不周怎麼行呢？","<cha:face,정다희,-1_웃음><cha:pos,백시우,-1><sys:sfx,반짝_1>Дахи права!<wrt:wait,15><wrt:break>Чтобы сыграть против <txt:bold,2><txt:color,orange>Оазиса</txt:color></txt:bold>, вам придется досконально подготовиться, не думаете?","<cha:face,정다희,-1_웃음><cha:pos,백시우,-1><sys:sfx,반짝_1>Betul kata Jurulatih Dahee~!<wrt:wait,15><wrt:break>Nak lawan pak cik <txt:bold,2><txt:color,orange>Oasis</txt:color></txt:bold>, mestilah kena bersedia betul-betul!","<cha:face,정다희,-1_웃음><cha:pos,백시우,-1><sys:sfx,반짝_1>Huấn luyện viên Dahee nói đúng đấy~!<wrt:wait,15><wrt:break>Được đấu với chú <txt:bold,2><txt:color,orange>Oasis</txt:color></txt:bold>, các cậu phải chuẩn bị thật kỹ lưỡng chứ nhỉ?","<cha:face,정다희,-1_웃음><cha:pos,백시우,-1><sys:sfx,반짝_1>¡La entrenadora Dahee tiene razón!<wrt:wait,15><wrt:break>¡Jugar contra <txt:bold,2><txt:color,orange>Oasis</txt:color></txt:bold> requiere una preparación completa!","<cha:face,정다희,-1_웃음><cha:pos,백시우,-1><sys:sfx,반짝_1>Seperti yang dikatakan oleh Coach Dahee~!<wrt:wait,15><wrt:break>Pertandingan melawan Om <txt:bold,2><txt:color,orange>Oasis</txt:color></txt:bold>, bukankah sudah pasti memerlukan persiapan yang matang?","<cha:face,정다희,-1_웃음><cha:pos,백시우,-1><sys:sfx,반짝_1>โค้ชดาฮีพูดถูกแล้วค่ะ~!<wrt:wait,15><wrt:break>การแข่งกับคุณลุง<txt:bold,2><txt:color,orange>โอเอซิส</txt:color></txt:bold> ก็ควรจะต้องเตรียมตัวให้พร้อมนะคะ","<cha:face,정다희,-1_웃음><cha:pos,백시우,-1><sys:sfx,반짝_1>A Dahee tem razão! <wrt:wait,15><wrt:break>Jogar contra o <txt:bold,2><txt:color,orange>Oásis</txt:color></txt:bold> exige total preparação!"
,,,리시아,,1_후후,,,"저는 <txt:bold,2><txt:color,orange>오아시스</txt:color></txt:bold> 아저씨의 상대보다는 팀원으로서 경기하는 편이 더 좋지만요~ 후훗!","Personally, I prefer playing with <txt:bold,2><txt:color,orange>Oasis</txt:color></txt:bold> as a teammate than an opponent, hehe!","私は<txt:bold,2><txt:color,orange>オアシス</txt:color></txt:bold>さんを相手にするよりは、チームメイトとして試合するほうが楽しいけどね～。ふふっ！","虽然我更喜欢当<txt:bold,2><txt:color,orange>绿洲</txt:color></txt:bold>叔叔的队友，而不是对手～呵呵！","雖然我更喜歡當<txt:bold,2><txt:color,orange>綠洲</txt:color></txt:bold>叔叔的隊友，而不是對手～呵呵！","Мне лично нравится играть с <txt:bold,2><txt:color,orange>Оазисом</txt:color></txt:bold> в одной команде, а не против него ха-ха!","Secara peribadi, saya lebih suka bermain dengan <txt:bold,2><txt:color,orange>Oasis</txt:color></txt:bold> sebagai rakan sepasukan daripada pihak lawan, hehe!","Tôi thì thích làm đồng đội với chú <txt:bold,2><txt:color,orange>Oasis</txt:color></txt:bold> hơn là đối đầu~ Ha ha!","Yo preferiría jugar con <txt:bold,2><txt:color,orange>Oasis</txt:color></txt:bold> en lugar de contra él, jeje.","Saya sih lebih suka jadi rekan setim Om <txt:bold,2><txt:color,orange>Oasis</txt:color></txt:bold> daripada lawannya~ Hehe!","แต่ฉันเองชอบลงแข่งในฐานะเพื่อนร่วมทีม มากกว่าเป็นคู่แข่งของคุณลุง<txt:bold,2><txt:color,orange>โอเอซิส</txt:color></txt:bold>น่ะค่ะ~ ฮิฮิ!","Eu prefiro jogar como parte da equipe do que competir diretamente contra o <txt:bold,2><txt:color,orange>Oásis</txt:color></txt:bold>."
,,,리시아,,1_기본,,,"아무튼! 오늘 행운을 빌게요.<wrt:wait,15><wrt:break>아주 약간의 팁이라면... 아저씨의 <txt:color,orange><txt:bold,2>정오</txt:bold></txt:color>를 주의해야 할거에요.","Anyway! Good luck today. <wrt:wait,15><wrt:break>If there’s any tip I could give you, watch out for his <txt:color,orange><txt:bold,2>High Noon</txt:bold></txt:color>.","とにかく！幸運を祈ります。<wrt:wait,15><wrt:break>ちょっとアドバイスをするとしたら‥あの人の<txt:color,orange><txt:bold,2>正午</txt:bold></txt:color>には気を付けてくださいね。","总之！祝你们好运。<wrt:wait,15><wrt:break>提示一下...要小心叔叔的<txt:color,orange><txt:bold,2>正午</txt:bold></txt:color>哦。","總之！祝你們今天好運。<wrt:wait,15><wrt:break>提示一下...要小心叔叔的<txt:color,orange><txt:bold,2>正午</txt:bold></txt:color>哦。","В любом случае, желаю удачи!<wrt:wait,15><wrt:break>Если позволите дать совет... Берегитесь его навыка <txt:color,orange><txt:bold,2>«Полдень»</txt:bold></txt:color>.","Bagaimanapun! Semoga berjaya hari ini. <wrt:wait,15><wrt:break>Jika ada apa-apa tips yang boleh saya berikan kepada anda, berhati-hati dengan <txt:color,orange><txt:bold,2>High Noon</txt:bold></txt:color>.","Dù sao! Hôm nay cũng chúc mọi người may mắn.<wrt:wait,15><wrt:break>Nếu có thể cho một lời khuyên nhỏ thì... hãy cẩn thận với <txt:color,orange><txt:bold,2>Giữa Trưa</txt:bold></txt:color> của chú ấy nhé!","De todas formas, ¡buena suerte hoy!<wrt:wait,15><wrt:break>Un pequeño consejo... ¡Tengan cuidado con el <txt:color,orange><txt:bold,2>Mediodía</txt:bold></txt:color> del Sr. Oasis!","Pokoknya! Semoga beruntung.<wrt:wait,15><wrt:break>Jika saya boleh kasih sedikit tip... Hati-hatilah dengan <txt:color,orange><txt:bold,2>Noon</txt:bold></txt:color> milik Om Oasis.","ยังไงก็เถอะ! ขอให้โชคดีนะคะ<wrt:wait,15><wrt:break>ถ้าให้ฉันบอกเคล็ดลับเล็กน้อยล่ะก็... คุณควรจะต้องระวัง<txt:color,orange><txt:bold,2>ทิวากาล</txt:bold></txt:color>ของคุณลุงให้ดีนะคะ","De qualquer forma, boa sorte hoje. <wrt:wait,15><wrt:break>Se eu puder dar um conselho rápido... tenha cuidado com o <txt:color,orange><txt:bold,2>Meio-dia</txt:bold></txt:color> do Oásis."
,,,백시우,,1_무표정,,,"<txt:color,orange><txt:bold,2>정오</txt:bold></txt:color>? 그건 들어본 적이 없는데... 그게 뭐지?","<txt:color,orange><txt:bold,2>High Noon</txt:bold></txt:color>? I’ve never heard of it... What is it?","<txt:color,orange><txt:bold,2>正午</txt:bold></txt:color>？それは初耳だな。どういう意味だ？","<txt:color,orange><txt:bold,2>正午</txt:bold></txt:color>？完全没听说过...那是什么？","<txt:color,orange><txt:bold,2>正午</txt:bold></txt:color>？完全沒聽說過...那是什麼？","<txt:color,orange><txt:bold,2>«Полдень»</txt:bold></txt:color>? Первый раз слышу... Что это такое?","<txt:color,orange><txt:bold,2>High Noon</txt:bold></txt:color>? Saya tidak pernah mendengarnya... Apa itu?","<txt:color,orange><txt:bold,2>Giữa Trưa</txt:bold></txt:color>? Em chưa từng nghe qua... Đó là gì vậy?","<txt:color,orange><txt:bold,2>¿Mediodía</txt:bold></txt:color>? Nunca he oído eso... ¿Qué es?","<txt:color,orange><txt:bold,2>Noon</txt:bold></txt:color>? Aku tidak pernah mendengarnya... Apa itu?","<txt:color,orange><txt:bold,2>ทิวากาล</txt:bold></txt:color>? ไม่เคยได้ยินมาก่อนเลย... คืออะไรเหรอ?","<txt:color,orange><txt:bold,2>Meio-dia</txt:bold></txt:color>? Nunca ouvi falar disso antes... O que é?"
,,,리시아,,1_후후,wave,,"<sys:sfx,반짝_1>후후, 글쎄요~! 알려주면 재미도, 낭만도 없어지는걸요? 경기 하며 알아가봐요~ <wrt:wait,15><wrt:break><txt:wave,1>그럼, 응원할게요 시우 선수!","<sys:sfx,반짝_1>Hehehe, it’s no fun if I tell you! It loses its charm. You’ll find out when you play. <wrt:wait,15><wrt:break><txt:wave,1>I’ll be cheering you on, Siwoo!","<sys:sfx,반짝_1>ふふ、なんでしょう？教えたら味気ないし、ロマンもないじゃないですか。<wrt:break>試合の中で気づいていきましょうね～。<wrt:wait,15><wrt:break><txt:wave,1>じゃ、応援してますよ、新選手！","<sys:sfx,반짝_1>呵呵，这个嘛～！说出来就没意思、没浪漫了！在比赛中慢慢了解吧～<wrt:wait,15><wrt:break><txt:wave,1>那，我会给时宇选手加油的！","<sys:sfx,반짝_1>呵呵，這個嘛～！說出來就沒意思了，浪漫也會消失的！在比賽中慢慢體會吧～<wrt:wait,15><wrt:break><txt:wave,1>我會幫時宇選手加油的喔！","<sys:sfx,반짝_1>Ох, даже не знаю! Если я все раскрою, ни веселья, ни романтики не жди! Узнаете во время игры!<wrt:wait,15><wrt:break><txt:wave,1>Удачи, Шиу!","<sys:sfx,반짝_1>Hehehe, tak seronok kalau saya beritahu awak! Ia kehilangan daya tarikannya. Anda akan tahu apabila anda bermain. <wrt:wait,15><wrt:break><txt:wave,1>Saya akan menyokong anda, Siwoo!","<sys:sfx,반짝_1>Ha ha, ai biết được~! Nếu nói ra thì sẽ mất đi sự thú vị và lãng mạn mất! Cứ chơi rồi sẽ biết thôi~ <wrt:wait,15><wrt:break><txt:wave,1>Vậy, tôi sẽ cổ vũ cho cậu đấy Siwoo!","<sys:sfx,반짝_1>Jeje, si te lo cuento, perdería toda la gracia. ¡Descúbrelo por ti mismo durante el partido! <wrt:wait,15><wrt:break><txt:wave,1>¡Te estaré animando, Siwoo!","<sys:sfx,반짝_1>Huhu, Entahlah~! Kalau saya beritahu semuanya maka tidak akan ada kesenangan dan pesona! Coba cari tahu sendiri saat bertanding~ <wrt:wait,15><wrt:break><txt:wave,1>Kalau begitu, saya akan mendukung Anda, atlet Siwoo!","<sys:sfx,반짝_1>ฮิฮิ ไม่รู้สิคะ~! ถ้าบอกไป ก็คงหมดสนุก แล้วก็หมดความโรแมนติกด้วย คุณลองค้นหาดูเอาเอง ระหว่างการแข่งก็แล้วกันค่ะ~ <wrt:wait,15><wrt:break><txt:wave,1>ถ้างั้นก็สู้ๆ นะคะ คุณนักกีฬาชีอู!","<sys:sfx,반짝_1>Não sei, hehe! Se eu contar, perde a graça... Tentem descobrir durante o jogo. <wrt:wait,15><wrt:break><txt:wave,1>Estarei torcendo por você, Siwoo!"
,,,정다희,,-2_난처,nervous,sweat,"<scr:noskip><cha:pos,리시아,4><sys:sfx,종이><txt:color,orange><txt:bold,2>정오</txt:bold></txt:color>라니, <sys:sfx,종이>내가 찾은 자료엔 그런 건 없었는데! <sys:sfx,종이><txt:shake,1>이상하다, <sys:sfx,종이>이상하다...","<scr:noskip><cha:pos,리시아,4><sys:sfx,종이><txt:color,orange><txt:bold,2>High Noon</txt:bold></txt:color>? <sys:sfx,종이>There’s nothing in the data I gathered about that! <sys:sfx,종이><txt:shake,1>That’s odd, <sys:sfx,종이>very odd...","<scr:noskip><cha:pos,리시아,4><sys:sfx,종이><txt:color,orange><txt:bold,2>正午</txt:bold></txt:color>か‥<sys:sfx,종이>私が持ってる資料にはなかったけど！<sys:sfx,종이><txt:shake,1>そんなはず‥<sys:sfx,종이>そんなはずは‥","<scr:noskip><cha:pos,리시아,4><sys:sfx,종이><txt:color,orange><txt:bold,2>正午</txt:bold></txt:color>，<sys:sfx,종이>我找的资料里完全没提到啊！<sys:sfx,종이><txt:shake,1>奇怪，<sys:sfx,종이>太奇怪了...","<scr:noskip><cha:pos,리시아,4><sys:sfx,종이><txt:color,orange><txt:bold,2>正午</txt:bold></txt:color>？<sys:sfx,종이>我蒐集的資料裡完全沒提到啊！<sys:sfx,종이><txt:shake,1>奇怪了...<sys:sfx,종이>真的太奇怪了...","<scr:noskip><cha:pos,리시아,4><sys:sfx,종이>Что за <txt:color,orange><txt:bold,2>«Полдень»</txt:bold></txt:color>?? <sys:sfx,종이>Такого в найденных мной материалах не было! <sys:sfx,종이><txt:shake,1>Странно, <sys:sfx,종이>очень странно...","<scr:noskip><cha:pos,리시아,4><sys:sfx,종이><txt:color,orange><txt:bold,2>High Noon</txt:bold></txt:color>? <sys:sfx,종이>Tiada apa-apa yang ada dalam data saya kumpulkan tentang itu! <sys:sfx,종이><txt:shake,1>Itu ganjil, <sys:sfx,종이>sangat ganjil...","<scr:noskip><cha:pos,리시아,4><sys:sfx,종이><txt:color,orange><txt:bold,2>Giữa Trưa</txt:bold></txt:color> á, <sys:sfx,종이>trong tài liệu mình tìm không hề có cái này! <sys:sfx,종이><txt:shake,1>Lạ thật, <sys:sfx,종이>lạ thật...","<scr:noskip><cha:pos,리시아,4><sys:sfx,종이><txt:color,orange><txt:bold,2>Mediodía</txt:bold></txt:color>... <sys:sfx,종이>¡No encontré eso en mi investigación! <sys:sfx,종이><txt:shake,1>Raro, <sys:sfx,종이>¡Qué raro...!","<scr:noskip><cha:pos,리시아,4><sys:sfx,종이><txt:color,orange><txt:bold,2>Noon</txt:bold></txt:color>, <sys:sfx,종이>aku tidak menemukan informasi seperti itu! <sys:sfx,종이><txt:shake,1>Aneh, <sys:sfx,종이>aneh sekali...","<scr:noskip><cha:pos,리시아,4><sys:sfx,종이><txt:color,orange><txt:bold,2>ทิวากาล</txt:bold></txt:color>งั้นเหรอ <sys:sfx,종이>ข้อมูลที่ฉันหามาก็ไม่มีอะไรแบบนั้นอยู่เลยนะ! <sys:sfx,종이><txt:shake,1>แปลกจัง <sys:sfx,종이>น่าแปลกจริงๆ...","<scr:noskip><cha:pos,리시아,4><sys:sfx,종이><txt:color,orange><txt:bold,2>Meio-dia?</txt:bold></txt:color> <sys:sfx,종이>Não encontrei nenhuma informação sobre isso! <sys:sfx,종이><txt:shake,1>Que estranho... <sys:sfx,종이>muito estranho..."
,,,백시우,,1_정적,nervous,silent,"<txt:color,grey><sys:sfx,종이>(엄청 당황한<sys:sfx,종이> 모습이네...)","<txt:color,grey><sys:sfx,종이>(She’s in a <sys:sfx,종이>bit of a panic...)","<txt:color,grey><sys:sfx,종이>(すごく<sys:sfx,종이>うろたえてる‥)","<txt:color,grey><sys:sfx,종이>(好惊慌失措<sys:sfx,종이>的样子...)","<txt:color,grey><sys:sfx,종이>(看起來驚<sys:sfx,종이>慌失措的樣子...)","<txt:color,grey><sys:sfx,종이>(Она совсем<sys:sfx,종이> растеряна...)","<txt:color,grey><sys:sfx,종이>(Dia dalam<sys:sfx,종이> keadaan panik...)","<txt:color,grey><sys:sfx,종이>(Trông cậu ấy<sys:sfx,종이> hoảng hốt quá...)","<txt:color,grey><sys:sfx,종이>(Dahee está<sys:sfx,종이> muy confundida...)","<txt:color,grey><sys:sfx,종이>(Sepertinya dia<sys:sfx,종이> sangat kebingungan...)","<txt:color,grey><sys:sfx,종이>(ดูลนลานมากเลยแฮะ<sys:sfx,종이>...)","<txt:color,grey><sys:sfx,종이>(Parece que<sys:sfx,종이> foi pega de surpresa...)"
,,,남재현,,1_기본,,,"<cha:pos,남재현,2>오, 인기 많네 백시우? 캠프에서 거의 스타던데.","<cha:pos,남재현,2>The big, bad Siwoo Baek! You’re a star here at the camp.","<cha:pos,남재현,2>よっ、人気者だな、白井新！もうすっかりキャンプのスターだ。","<cha:pos,남재현,2>哦，很受欢迎嘛，白时宇？在训练营里简直是大明星了。","<cha:pos,남재현,2>哦～很受歡迎嘛白時宇？在訓練營裡簡直是大明星了。","<cha:pos,남재현,2>Бэк Шиу, я смотрю популярность у тебя зашкаливает? Местная знаменитость!","<cha:pos,남재현,2>Wah, popularnya Siwoo Baek. Dah hampir jadi bintang kem ini.","<cha:pos,남재현,2>Ồ, nổi tiếng quá ha Baek Siwoo? Giống như ngôi sao của trại luôn rồi.","<cha:pos,남재현,2>Oh, Siwoo Baek, ¡eres popular! En el campamento casi eres una estrella.","<cha:pos,남재현,2>Oh Siwoo Baek, kamu sangat terkenal! Saat ini kamu seperti bintang di Kamp.","<cha:pos,남재현,2>โอ๊ะ ดังใหญ่แล้วนะ แบคชีอู? นายแทบจะเป็นดาวเด่นในค่ายเลยนะเนี่ย","<cha:pos,남재현,2>Siwoo Baek, você tá famoso, hein? Quase uma estrela no acampamento."
,,,백시우,,3_난감,,,"앗, 너도 왔구나! 나도 얼떨떨한걸... 실감이 전혀 안 나.","Oh, you came too? I’m bewildered right now. It doesn’t feel real.",あっ、お前も来たのか。俺も何が何だか‥全然実感がわかないや。,啊，你也来了！我也很惊讶...完全没实感。,啊，你也來了！我還有點懵懂...感覺好不真實啊。,"О, ты здесь?! Я и сам не могу поверить в происходящее...","Oh, anda datang juga? Saya bingung sekarang. Ia tidak terasa nyata.","Ơ, cậu cũng đến à! Tớ còn thấy mơ hồ lắm... Chưa có cảm nhận được gì cả.","¡Ah, viniste! Todavía no lo creo... No parece real.","Oh, kamu juga datang! Aku masih kebingungan... Aku tidak dapat mempercayai tentang apa yang sedang terjadi.",อ้าว นายก็มาเหรอ! ฉันน่ะงงไปหมดแล้ว... แทบไม่อยากจะเชื่อเลย,"Ah, você também veio! Estou um pouco surpreso também... Não tava esperando por isso."
,,,남재현,,1_기본,,,"이렇게 된 거, 한번 이겨봐. <wrt:wait,15><wrt:break><txt:bold,2><txt:color,orange>오아시스</txt:color></txt:bold>를 이기고 청소년 캠프의 영웅이 되는 건 어때?","Well, you’re here, so try and win. <wrt:wait,15><wrt:break>If you beat <txt:bold,2><txt:color,orange>Oasis</txt:color></txt:bold>, you’ll be the camp hero.","こうなったら、勝ってこいよ。<wrt:wait,15><wrt:break><txt:bold,2><txt:color,orange>オアシス</txt:color></txt:bold>選手に勝って、ユースキャンプのヒーローになるんだ！","既然这样，就试着赢一次吧。<wrt:wait,15><wrt:break>打败<txt:bold,2><txt:color,orange>绿洲</txt:color></txt:bold>，成为青少年训练营的英雄如何？","既然這樣，就試著贏一次吧。<wrt:wait,15><wrt:break>打敗<txt:bold,2><txt:color,orange>綠洲</txt:color></txt:bold>，成為青少年訓練營的英雄如何？","Раз уж все так вышло, попробуй выиграть. <wrt:wait,15><wrt:break>Побеждаешь <txt:bold,2><txt:color,orange>Оазиса</txt:color></txt:bold> и становишься новым героем лагеря. Как тебе идея?","Dah sampai begini, cubalah menang. <wrt:wait,15><wrt:break>Kalahkan <txt:bold,2><txt:color,orange>Oasis</txt:color></txt:bold> dan jadilah wira kem remaja, macam mana?","Đã thế rồi thì thử thắng xem. <wrt:wait,15><wrt:break>Thắng được <txt:bold,2><txt:color,orange>Oasis</txt:color></txt:bold> thì sẽ trở thành anh hùng của trại thanh thiếu niên luôn đấy, thế nào?","Entonces, ¿qué tal si ganas? <wrt:wait,15><wrt:break>¡Derrota a<txt:bold,2><txt:color,orange>Oasis</txt:color></txt:bold> y conviértete en el héroe del campamento juvenil!","Karena kamu sudah sampai sejauh ini, coba menangkan. <wrt:wait,15><wrt:break>Bagaimana kalau kamu kalahkan <txt:bold,2><txt:color,orange>Oasis</txt:color></txt:bold> dan jadi pahlawan di Kamp?","ไหนๆ ก็มาถึงขนาดนี้แล้ว ลองเอาชนะดูให้ได้สิ <wrt:wait,15><wrt:break>เอาชนะ<txt:bold,2><txt:color,orange>โอเอซิส</txt:color></txt:bold> แล้วก็กลายมาเป็นฮีโร่แห่งค่ายเยาวชน เป็นไง?","Dê o seu melhor para vencer! <wrt:wait,15><wrt:break>Imagine derrotar o <txt:bold,2><txt:color,orange>Oásis</txt:color></txt:bold> e se tornar o herói do acampamento!"
,,,오아시스,,1_기본,wave,,"<cha:pos,남재현,1><cha:pos,오아시스,2><txt:size,2>영웅이라! </txt:size>아하하, 날 이기면 그런 타이틀도 얻는 건가?","<cha:pos,남재현,1><cha:pos,오아시스,2><txt:size,2>Hero?! </txt:size>Ahaha, is that the title you get for beating me?","<cha:pos,남재현,1><cha:pos,오아시스,2><txt:size,2>ヒーローか！</txt:size>あはは、俺に勝ったらそんな称号も与えられるのか！","<cha:pos,남재현,1><cha:pos,오아시스,2><txt:size,2>英雄啊！</txt:size>哈哈哈，打败我还能获得这种称号？","<cha:pos,남재현,1><cha:pos,오아시스,2><txt:size,2>英雄啊！</txt:size>哈哈哈，打敗我還能獲得這種稱號？","<cha:pos,남재현,1><cha:pos,오아시스,2><txt:size,2>Какой еще герой?! </txt:size>А что, если меня победить, то дают ранг героя?","<cha:pos,남재현,1><cha:pos,오아시스,2><txt:size,2>Hero?! </txt:size>Ahaha, adakah itu gelaran yang anda dapat kerana mengalahkan saya?","<cha:pos,남재현,1><cha:pos,오아시스,2><txt:size,2>Anh hùng cơ à?! </txt:size>A ha ha, thắng được tôi còn nhận được danh hiệu đó nữa sao?","<cha:pos,남재현,1><cha:pos,오아시스,2><txt:size,2>¡Héroe! </txt:size>Jajaja, ¿convertirse en héroe por derrotarme?","<cha:pos,남재현,1><cha:pos,오아시스,2><txt:size,2>Pahlawan! </txt:size>Hahaha, jadi kalau mengalahkanku, kamu bisa dapat gelar itu juga?","<cha:pos,남재현,1><cha:pos,오아시스,2><txt:size,2>ฮีโร่งั้นเหรอ! </txt:size>ฮ่าฮ่า ถ้าเอาชนะฉันสำเร็จ จะได้รับฉายาอะไรแบบนั้นด้วยเหรอ?","<cha:pos,남재현,1><cha:pos,오아시스,2><txt:size,2>Herói? </txt:size>Hahaha! Quem ganhar de mim ganha esse título?"
,,,백시우,,1_기본,pause,,"<cha:pop,백시우><txt:size,2><txt:bold,2><txt:color,orange>오아시스</txt:color></txt:bold>!","<cha:pop,백시우><txt:size,2><txt:bold,2><txt:color,orange>Oasis</txt:color></txt:bold>!","<cha:pop,백시우><txt:size,2><txt:bold,2><txt:color,orange>オアシス</txt:color></txt:bold>！","<cha:pop,백시우><txt:size,2><txt:bold,2><txt:color,orange>绿洲</txt:color></txt:bold>！","<cha:pop,백시우><txt:size,2><txt:bold,2><txt:color,orange>綠洲</txt:color></txt:bold>！","<cha:pop,백시우><txt:size,2><txt:bold,2><txt:color,orange>Оазис</txt:color></txt:bold>!","<cha:pop,백시우><txt:size,2><txt:bold,2><txt:color,orange>Oasis</txt:color></txt:bold>!","<cha:pop,백시우><txt:size,2><txt:bold,2><txt:color,orange>Anh Oasis</txt:color></txt:bold>!","<cha:pop,백시우><txt:size,2><txt:bold,2><txt:color,orange>¡Oasis</txt:color></txt:bold>!","<cha:pop,백시우><txt:size,2><txt:bold,2><txt:color,orange>Oasis</txt:color></txt:bold>!","<cha:pop,백시우><txt:size,2><txt:bold,2><txt:color,orange>โอเอซิส</txt:color></txt:bold>!","<cha:pop,백시우><txt:size,2><txt:bold,2><txt:color,orange>Oásis!</txt:color></txt:bold>"
,,,오아시스,,1_기본,,,"아하하, 재밌는걸! <txt:wave,1>게임 보스가 된 기분이야~ </txt:wave><wrt:wait,15><wrt:break>걱정 마, 처음이니 조금은 봐주도록 할게.","Ahaha, what fun! <txt:wave,1>I feel like the boss in a video game! </txt:wave><wrt:wait,15><wrt:break>Don’t worry, I’ll go a little easy on you since it’s your first time.","あはは、おもしろい！<txt:wave,1>ゲームのボスになった気分だ。</txt:wave><wrt:wait,15><wrt:break>大丈夫。ちょっとは手加減してやるからさ。","哈哈哈，有意思！<txt:wave,1>感觉自己像游戏里的BOSS～</txt:wave><wrt:wait,15><wrt:break>别担心，第一次嘛，我会手下留情的。","哈哈哈，有意思！<txt:wave,1>感覺自己像遊戲裡的大魔王～</txt:wave><wrt:wait,15><wrt:break>別擔心～第一次嘛，我會手下留情的。","Ха-ха-ха! Как забавно! <txt:wave,1>Вот как чувствуют себя боссы в игре! </txt:wave><wrt:wait,15><wrt:break>Не переживай, я не буду играть в полную силу, это же первый раз.","Ahaha, seronoknya! <txt:wave,1>Saya rasa seperti bos dalam permainan video! </txt:wave><wrt:wait,15><wrt:break>Jangan risau, saya akan bertenang sedikit kerana ini kali pertama anda.","A ha ha, nghe vui đấy! <txt:wave,1>Cảm giác như mình trở thành trùm cuối ấy~ </txt:wave><wrt:wait,15><wrt:break>Đừng lo, vì là lần đầu nên tôi sẽ nhường các em một chút.","¡Jajaja, esto es divertido! <txt:wave,1>¡Me siento como el jefe del juego! </txt:wave><wrt:wait,15><wrt:break>No se preocupen, ya que es la primera vez, les daré un poco de ventaja.","Hahahaha, menyenangkan! <txt:wave,1>Aku merasa seperti telah menjadi Boss di Dunia Game~ </txt:wave><wrt:wait,15><wrt:break>Tenang saja, aku tidak akan bertanding dengan seluruh tenaga.","ฮ่าฮ่า น่าสนุกแฮะ! <txt:wave,1>รู้สึกเหมือนเป็นบอสในเกมเลย~ </txt:wave><wrt:wait,15><wrt:break>ไม่ต้องเครียดหรอกนะ นี่เป็นครั้งแรกของนาย ฉันจะอ่อนข้อให้นิดหน่อยก็แล้วกัน","Haha, que engraçado! <txt:wave,1>Estou me sentindo como o chefão final de um jogo! </txt:wave><wrt:wait,15><wrt:break>Não se preocupe, é sua primeira vez, então vou pegar leve."
,,,오아시스,,1_기본,,,"<scr:noskip>자아, 그럼... <wrt:delay,5>워밍업은 했으려나? <wrt:wait,15><wrt:break><txt:size,2>슬슬 시작해볼까~!","<scr:noskip>Right then... <wrt:delay,5>Did you warm up? <wrt:wait,15><wrt:break><txt:size,2>We should get started!","<scr:noskip>さて‥<wrt:delay,5>ウォーミングアップは終わったのかな？<wrt:wait,15><wrt:break><txt:size,2>そろそろ始めようか！","<scr:noskip>那么...准备好了吗？<wrt:delay,5>热身做够了吧？<wrt:wait,15><wrt:break><txt:size,2>咱们开始吧～！","<scr:noskip>那麼...準備好了嗎？<wrt:delay,5>熱身也差不多了吧？<wrt:wait,15><wrt:break><txt:size,2>我們開始吧～！","<scr:noskip>Ну что... <wrt:delay,5>Разминку сделали? <wrt:wait,15><wrt:break><txt:size,2>Начнем?!","<scr:noskip>Ketika itu... <wrt:delay,5>Adakah anda panaskan badan? <wrt:wait,15><wrt:break><txt:size,2>Kita perlu mula!","<scr:noskip>Nào, vậy thì... <wrt:delay,5>Em đã khởi động chưa? <wrt:wait,15><wrt:break><txt:size,2>Chúng ta bắt đầu thôi chứ~!","<scr:noskip>Entonces... <wrt:delay,5>¿Han calentado? <wrt:wait,15><wrt:break><txt:size,2>¡Es hora de comenzar!","<scr:noskip>Ngomong-ngomong... <wrt:delay,5>Apa kalian telah selesai pemanasan? <wrt:wait,15><wrt:break><txt:size,2>Ayo, kita segera mulai~!","<scr:noskip>เอาล่ะ ถ้างั้น... <wrt:delay,5>วอร์มอัปกันแล้วรึยัง? <wrt:wait,15><wrt:break><txt:size,2>มาเริ่มกันเลยดีกว่า~!","<scr:noskip>Então, vamos lá... <wrt:delay,5>Já está aquecido? <wrt:wait,15><wrt:break><txt:size,2>Então, vamos começar com calma!"
,경기 승리,#,MAP,,,,,바다,바다,바다,바다,바다,바다,바다,바다,바다,바다,바다,바다
,,#,BGM,,,,,BGM_TRIP,BGM_TRIP,BGM_TRIP,BGM_TRIP,BGM_TRIP,BGM_TRIP,BGM_TRIP,BGM_TRIP,BGM_TRIP,BGM_TRIP,BGM_TRIP,BGM_TRIP
,,#,정다희,-1,-3_활짝,,,,,,,,,,,,,,
,,#,백시우,-2,1_기본,,,,,,,,,,,,,,
,,#,오아시스,2,1_기본,,,,,,,,,,,,,,
,,#,아티스,4,1_기본,,,,,,,,,,,,,,
,,#,리시아,4,1_후후,,,,,,,,,,,,,,
,,,백시우,,1_결연,,,"<txt:size,2>세트 종료! </txt:size>으왓, 힘들었다... <wrt:wait,15><wrt:break>이게 봐준 실력이라면 실제 실력은 얼마나 더 강하다는 거지?","<txt:size,2>First set over! </txt:size>Man, that was brutal... <wrt:wait,15><wrt:break>If that was him going easy on us, I’m afraid of seeing how he normally plays.","<txt:size,2>セット終了！</txt:size>ふぅ、キツかった‥<wrt:wait,15><wrt:break>手加減してこれなら、本気出したらどれだけ強いんだ？","<txt:size,2>第一局结束！</txt:size>呼，好累...<wrt:wait,15><wrt:break>放水的实力都如此的话，那全力以赴得多可怕啊？","<txt:size,2>第一局結束！</txt:size>呼嗚，好累...<wrt:wait,15><wrt:break>放水的實力都如此的話，那全力以赴得多可怕啊？","<txt:size,2>Конец сета! </txt:size>Фух, как же тяжко было... <wrt:wait,15><wrt:break>Если это игра не в полную силу, боюсь представить, как он играет обычно.","<txt:size,2>Set tamat! </txt:size>Fuh, susahnya... <wrt:wait,15><wrt:break>Kalau ini pun dia masih beri peluang, sehebat mana agaknya kekuatan sebenar dia?","<txt:size,2>Kết thúc set đấu! </txt:size>Ối, mệt quá... <wrt:wait,15><wrt:break>Nếu đây là do anh ấy đã nhường rồi thì thực lực thực sự của anh ấy còn mạnh đến mức nào nữa?","<txt:size,2>¡Fin del set! </txt:size>Uf, fue difícil... <wrt:wait,15><wrt:break>Si esto es con ventaja, ¿cuánto más fuerte será su verdadera habilidad?","<txt:size,2>Set selesai! </txt:size>Wahh, sangat melelahkan... <wrt:wait,15><wrt:break>Kalau ini bukan seluruh tenaganya, sekuat apa kemampuannya yang sebenarnya?","<txt:size,2>จบเซ็ตแล้ว! </txt:size>โอย เหนื่อยชะมัด... <wrt:wait,15><wrt:break>ถ้านี่คืออ่อนข้อให้แล้วล่ะก็ ฝีมือจริงๆ ของเขาจะขนาดไหนเนี่ย?","<txt:size,2>Fim do set! </txt:size>Argh, foi difícil... <wrt:wait,15><wrt:break>Se isso foi pegar leve, imagina quando ele jogar sério!"
,,,정다희,,-3_활짝,,,"<txt:size,2>잘 했어 시우야! 첫 세트를 따내다니!!!","<txt:size,2>Great job, Siwoo! The first set’s ours!!!","<txt:size,2>よくがんばったよ、新！<wrt:break>第1セットを勝ち取るなんて！","<txt:size,2>时宇你太棒了！第一局就赢了！！！","<txt:size,2>時宇你太棒了！第一局就贏了！","<txt:size,2>Отличная работа, Шиу! Первый сет за тобой!","<txt:size,2>Bagus, Siwoo! Set pertama milik kami!!!","<txt:size,2>Tuyệt lắm Siwoo! Thắng ngay set đầu tiên luôn!!!","<txt:size,2>¡Bien hecho, Siwoo! ¡Ganamos el primer set!!!","<txt:size,2>Bagus sekali Siwoo! Kamu berhasil memenangkan Set pertama!!!","<txt:size,2>เก่งมากเลย ชีอู! นายคว้าเซ็ตแรกมาครองได้แล้ว!!!","<txt:size,2>Você mandou bem, Siwoo! Conseguiram o primeiro set!"
,,A,오아시스,,1_기본,,,"꽤 하는데, 너희들? 솔직히 나도 이건 예상하지 못했네~ <wrt:wait,15><wrt:break>음음! 어쩌면 조금 더 힘을 써봐도 괜찮을 것 같다는 생각이 들어. <txt:bold,2>어때, 괜찮겠어?","You guys play really well. Beyond my expectations, to be honest. <wrt:wait,15><wrt:break>Mm, maybe I should stop holding back, eh? <txt:bold,2>Would that be all right?","なかなかやるな！さすがに俺もこれは想定外だ。<wrt:wait,15><wrt:break>よし、これならもうちょっと本気を出してもよさそうだな。<txt:bold,2>どうだい？イケそうか？","你们不错嘛？说实话我也没料到～<wrt:wait,15><wrt:break>嗯嗯！要不要再加点难度？<txt:bold,2>能行吗？","你們不錯嘛？說實話我也沒料到～<wrt:wait,15><wrt:break>嗯嗯！或許我可以再加把勁，你覺得呢？<txt:bold,2>可以嗎？","А вы не так плохи, ребята? Я даже не ожидал. <wrt:wait,15><wrt:break>Даже подумываю перестать давать поблажки. <txt:bold,2>Вы же не против?","Hebat juga kamu semua. Terus terang, saya pun tak jangka. <wrt:wait,15><wrt:break>Hmm, rasanya saya boleh guna lebih banyak tenaga. <txt:bold,2>Macam mana, boleh hadap?","Các em cũng khá đấy nhỉ? Thành thật mà nói tôi cũng không ngờ đến điều này~ <wrt:wait,15><wrt:break>Ừm ừm! Có lẽ tôi sẽ phải dùng chút sức hơn đấy. <txt:bold,2>Thế nào, các em có thể chứ?","¡Lo hicieron bien! Honestamente, no esperaba esto. <wrt:wait,15><wrt:break>¡Tal vez debería esforzarme un poco más! <txt:bold,2>¿Qué dicen, están listos?","Kalian cukup tangguh! Jujur saja aku tidak menyangka ini~ <wrt:wait,15><wrt:break>Hmm! Sepertinya aku boleh bermain sedikit lebih serius. <txt:bold,2>Tidak apa-apa kan?","เก่งใช้ได้เลยนี่นา พวกเธอน่ะ? ฉันไม่ได้คาดคิดมาก่อนเลยนะเนี่ย~ <wrt:wait,15><wrt:break>อะแฮ่ม! ฉันรู้สึกว่าเอาจริงขึ้นอีกสักหน่อยก็น่าจะได้ <txt:bold,2>พวกเธอว่าไงล่ะ ไหวรึเปล่า?","Até que vocês são bons! Sinceramente, eu não esperava por isso! <wrt:wait,15><wrt:break>Hmm! Acho que posso pegar um pouco mais pesado com vocês. <txt:bold,2>O que acham, tudo bem?"
,,A-1,백시우,,3_난감,nervous,sweat,"네에?! 이 정도도 죽을 것 같은데... <txt:shake,1>좀 더 봐주세요...!","What?! I already feel like I’m dying... <txt:shake,1>C’mon, keep going easy on us!","え？もう限界なのに‥<txt:shake,1>勘弁してくださいよ‥！","啊？！这个强度都快死了...<txt:shake,1>请再手下留情些吧...！","啊？！光這個力度我都快累死了...<txt:shake,1>請再手下留情些吧...！","Что-о?! Нам конец прямо на этом песке... <txt:shake,1>Пожалуйста, пощадите...!","Apa?! Setakat ini pun saya dah rasa nak mati... <txt:shake,1>Tolonglah beri peluang sikit lagi...!","Dạ?! Mức này cũng đã kiệt sức lắm rồi... <txt:shake,1>Anh nhường em thêm chút nữa đi...!","¿Eh?! Apenas puedo con esto... <txt:shake,1>¡Denme un respiro...!","Apa?! Begini saja saya sudah setengah mati... <txt:shake,1>Tolong main lebih santai lagi...!","หา?! แค่นี้ผมก็จะตายแล้วนะ... <txt:shake,1>ช่วยหยวนๆ ให้กันหน่อยเถอะครับ...!","O que?! Já estamos passando um sufoco... <txt:shake,1>Por favor, pegue mais leve!"
,,A-1,리시아,,1_기본,,,"<cha:pos,리시아,1>어라라! 겁 먹은 거에요? 하지만 다시 생각해봐요, <txt:wave,1>꿈만 같은 기회</txt:wave>라구요~ <wrt:wait,15><wrt:break>언제 <txt:bold,2><txt:color,orange>오아시스</txt:color></txt:bold>와 함께 전력을 다해 경기를 해볼 수 있겠어요?","<cha:pos,리시아,1>Oh my, is Siwoo scared? Think of it as <txt:wave,1>the chance of a lifetime</txt:wave>... <wrt:wait,15><wrt:break>When else will you get the chance to feel <txt:bold,2><txt:color,orange>Oasis</txt:color></txt:bold>’s full power?","<cha:pos,리시아,1>あらま！怖気づいちゃってる？でも考えてみてくださいよ。<txt:wave,1>夢のようなチャンス</txt:wave>ですよ？<wrt:wait,15><wrt:break>いつまた<txt:bold,2><txt:color,orange>オアシス</txt:color></txt:bold>と全力で勝負できるかわからないじゃないですか！","<cha:pos,리시아,1>哎呀！怕了？但再想想，这可是<txt:wave,1>梦幻般的机会</txt:wave>啊～<wrt:wait,15><wrt:break>和<txt:bold,2><txt:color,orange>绿洲</txt:color></txt:bold>比拼实力，这种机会哪里找？","<cha:pos,리시아,1>哎呀！怕了？但你想想這可是<txt:wave,1>夢幻般的機會</txt:wave>啊～<wrt:wait,15><wrt:break>和<txt:bold,2><txt:color,orange>綠洲</txt:color></txt:bold>全力交手，這種機會哪裡找？","<cha:pos,리시아,1>Ты что, трусишь? Хорошенько подумай, <txt:wave,1>о таком шансе только мечтать можно</txt:wave>! <wrt:wait,15><wrt:break>Когда еще ты испытаешь свои силы в матче с <txt:bold,2><txt:color,orange>Оазисом</txt:color></txt:bold>?","<cha:pos,리시아,1>Eh, takut ke? Tapi fikir semula, ini <txt:wave,1>peluang bagai mimpi</txt:wave>~ <wrt:wait,15><wrt:break>Bila lagi dapat lawan <txt:bold,2><txt:color,orange>Oasis</txt:color></txt:bold> yang bermain sepenuh tenaga?","<cha:pos,리시아,1>Ồ, sợ rồi sao? Nhưng hãy nghĩ lại xem, đây là một <txt:wave,1>cơ hội hiếm có</txt:wave> đấy~ <wrt:wait,15><wrt:break>Khi nào các cậu mới có thể cùng <txt:bold,2><txt:color,orange>Oasis</txt:color></txt:bold> thi đấu hết mình như thế này chứ?","<cha:pos,리시아,1>¡Ah! ¿Tienes miedo? Pero piénsalo, <txt:wave,1>¡es una oportunidad única en la vida!</txt:wave><wrt:wait,15><wrt:break>¿Cuándo más podrás jugar contra <txt:bold,2><txt:color,orange>Oasis</txt:color></txt:bold> cuando dé el máximo?","<cha:pos,리시아,1>Oalah! Apa Anda merasa takut? Tapi coba pertimbangkan lagi, ini adalah <txt:wave,1>kesempatan seperti mimpi</txt:wave>~ <wrt:wait,15><wrt:break>Kapan lagi Anda dapat bertanding melawan <txt:bold,2><txt:color,orange>Oasis</txt:color></txt:bold> yang mencurahkan segenap tenaga?","<cha:pos,리시아,1>ตายจริง! นี่คุณกลัวเหรอคะ? แต่ว่าคุณลองคิดดูอีกทีสิคะ นี่คือ<txt:wave,1>โอกาสทอง</txt:wave>เลยนะคะ~ <wrt:wait,15><wrt:break>คุณจะได้ลองฝึกฝีมือกับ <txt:bold,2><txt:color,orange>โอเอซิส</txt:color></txt:bold>แบบเต็มที่อีกเมื่อไหร่กัน?","<cha:pos,리시아,1>Oh! Está com medo? Mas pense bem, é uma <txt:wave,1>oportunidade única</txt:wave>! <wrt:wait,15><wrt:break>Quando mais terão a chance de jogar ao máximo contra o <txt:bold,2><txt:color,orange>Oásis</txt:color></txt:bold>?"
,,A-1,리시아,,1_후후,,,"물론 한 순간에 나가 떨어질지도 모르겠지만... <sys:sfx,반짝_1>후훗~!","Of course, you may black out, but... <sys:sfx,반짝_1>Hehe!","もちろんあっという間にボコボコにされるかもしれないけど‥<sys:sfx,반짝_1>ふふっ！","虽然可能一下就倒下了...<sys:sfx,반짝_1>呵呵～！","雖然可能一下就倒下了...<sys:sfx,반짝_1>呵呵～！","Ну и, конечно, ты в любой момент можешь вылететь... <sys:sfx,반짝_1>Хих!","Mungkin juga kamu terus tumbang dalam sekelip mata...<sys:sfx,반짝_1> Hehe~!","Tất nhiên là có thể sẽ bị đánh bại trong một khoảnh khắc thôi... <sys:sfx,반짝_1>Ha ha~!","Aunque puede que quedes fuera en un instante...<sys:sfx,반짝_1> jaja.","Meski tentu saja kalian bisa langsung kalah seketika... <sys:sfx,반짝_1>Huhu~!","ถึงคุณอาจจะหมดท่าในพริบตาได้เลยก็เถอะ... <sys:sfx,반짝_1>ฮิฮิ~!","Claro, vocês podem perder feio em instantes, mas... <sys:sfx,반짝_1>Haha!"
,,A-1,오아시스,,1_기본,wave,,"아하하, <txt:bold,2><txt:color,orange>리시아</txt:color></txt:bold>가 말한대로야. 내 생각엔 충분히 잘 할 것 같은데, 한번 해보자고!","Ahaha, <txt:bold,2><txt:color,orange>Lisia</txt:color></txt:bold> is right. And I think you’re good enough to handle it. Let’s do it!","あはは、<txt:bold,2><txt:color,orange>リシア</txt:color></txt:bold>の言う通りさ。いい勝負になりそうだし、やってみようじゃないか！","哈哈哈，<txt:bold,2><txt:color,orange>莉西亚</txt:color></txt:bold>说得对。依我看你完全可以，试试怎么样！","哈哈哈～<txt:bold,2><txt:color,orange>莉西亞</txt:color></txt:bold>說得對。依我看你完全可以，要不就試試？","Ха-ха-ха, <txt:bold,2><txt:color,orange>Лисиа</txt:color></txt:bold> верно говорит. Я думаю, вы отлично справляетесь, так что давайте попробуем!","Ahaha, <txt:bold,2><txt:color,orange>Lisia</txt:color></txt:bold> betul. Dan saya fikir anda cukup baik untuk mengendalikannya. Mari lakukannya!","A ha ha, <txt:bold,2><txt:color,orange>Lisia</txt:color></txt:bold> nói đúng đó. Tôi nghĩ là em hoàn toàn có thể làm tốt mà, thử làm thật đi!","¡Jajaja, <txt:bold,2><txt:color,orange>Liscia</txt:color></txt:bold> tiene razón! Creo que pueden hacerlo bien, ¡vamos a intentarlo!","Hahaha, seperti yang dibilang oleh <txt:bold,2><txt:color,orange>Lisia</txt:color></txt:bold>. Kurasa kalian dapat melawanku dengan cukup baik, ayo kita coba bermain dengan serius!","ฮ่าฮ่า ก็ตามที่<txt:bold,2><txt:color,orange>ลิเซีย</txt:color></txt:bold>ว่านั่นแหละ ฉันคิดว่าพวกเธอน่าจะทำได้ดีมากพอเลยนะ มาลองกันสักตั้งเถอะน่า!","Haha, como a <txt:bold,2><txt:color,orange>Liscia</txt:color></txt:bold> disse. Acho que vocês têm potencial para se sair bem! Não custa tentar!"
,,A-2,백시우,,1_기본,nervous,exclam,"이, 이보다 더할 수 있는 거에요?",S-so you're gonna go all out now?,ま、まだ本気出してなかったんですか？,这，这还能更强吗？,還、還能比這更強嗎？,"В смысле, все может быть еще хуже?",S-jadi anda akan bermain lebih kuat daripada sekarang?,Còn...còn có thể mạnh hơn nữa sao?,¿Puede ser más difícil que esto?,"Se, sekarang belum serius?",ยะ ยังเก่งกว่านี้ได้อีกเหรอครับ?,Você consegue ir além disso?
,,A-2,오아시스,,1_기본,,,"그럼! 말했잖아, 봐준 거라고~ <wrt:wait,15><wrt:break>설마 내 실력이 이 정도로 끝날 거라 생각한 건 아니지?","Oh yeah! I told you I was holding back. <wrt:wait,15><wrt:break>I hope you didn’t think that was all I had in me!","もちろん！手加減するって言っただろ？<wrt:wait,15><wrt:break>まさか俺の実力がこんなものとは思ってないだろうな？","当然！都说了我在放水了～<wrt:wait,15><wrt:break>不会以为这就是我的全部实力吧？","當然！都說了我在放水了～<wrt:wait,15><wrt:break>不會以為這就是我的全部實力吧？","Я же говорю, что не в полную силу играл. <wrt:wait,15><wrt:break>Неужели ты думал, что это все, на что я способен?","Oh ya! Saya dah beritahu anda yang saya sedang menahan diri. <wrt:wait,15><wrt:break>Saya harap anda tidak fikir hanya itu yang saya ada dalam diri saya!","Đương nhiên! Tôi đã nói rồi mà, tôi chỉ nhường thôi~ <wrt:wait,15><wrt:break>Em không nghĩ thực lực của tôi chỉ có vậy đấy chứ?","¡Por supuesto! Ya te dije, les di ventaja. <wrt:wait,15><wrt:break>¿No pensarás que esto es todo lo que tengo?","Tentu saja! Tadi kan sudah ku bilang, aku akan main tanpa menggunakan seluruh tenaga~ <wrt:wait,15><wrt:break>Jangan bilang kamu pikir inilah batas dari kemampuanku?","แหงสิ! ก็บอกแล้วไงว่าจะอ่อนข้อให้น่ะ~ <wrt:wait,15><wrt:break>นี่นายคงไม่ได้คิดว่าฝีมือของฉันมีแค่นี้หรอกนะ?","Claro! Eu disse que estava pegando leve! <wrt:wait,15><wrt:break>Não esperava que minha habilidade acabasse assim, não é?"
,,A-2,아티스,,1_기본,pause,,"<cha:pos,아티스,1>대단하네, 저 녀석이 청소년 팀을 대상으로 저 정도 열을 올리는 건 드문 일인데... <wrt:wait,15><wrt:break><cha:face,아티스,1_미소>한번 해보지 그래. 희귀한 기회인만큼, 지더라도 좋은 경험일테니까.","<cha:pos,아티스,1>Amazing. It’s not often I see this guy so worked up over a teen player... <wrt:wait,15><wrt:break><cha:face,아티스,1_미소>You should do it, Siwoo. It’s a rare opportunity and a good experience even if you lose.","<cha:pos,아티스,1>すごいな。あいつがユースチーム相手にあんなに熱くなるなんて‥<wrt:wait,15><wrt:break><cha:face,아티스,1_미소>やってみたらいいさ。珍しいチャンスだし、負けても貴重な経験になる。","<cha:pos,아티스,1>了不起啊，那家伙对上青年队能爆发到这种程度，实属罕见...<wrt:wait,15><wrt:break><cha:face,아티스,1_미소>不如试试吧。机会难得，就算输了也是很好的经验。","<cha:pos,아티스,1>了不起啊，那傢伙對上青少年隊能爆發到這種程度，實屬罕見...<wrt:wait,15><wrt:break><cha:face,아티스,1_미소>不如試試吧，機會難得，就算輸了也是很好的經驗。","<cha:pos,아티스,1>Впечатляет. Он редко так загорается в игре против молодежной команды... <wrt:wait,15><wrt:break><cha:face,아티스,1_미소>Попробуй! Это редкий шанс, и даже поражение даст хороший опыт.","<cha:pos,아티스,1>Hebat. Jarang dia begitu bersemangat menentang pasukan remaja... <wrt:wait,15><wrt:break><cha:face,아티스,1_미소>Cubalah. Peluang begini jarang datang. Walaupun kalah, tetap pengalaman yang bagus.","<cha:pos,아티스,1>Ghê thật, cậu ta mà cũng thi đấu nghiêm túc với đội thanh thiếu niên đến vậy... <wrt:wait,15><wrt:break><cha:face,아티스,1_미소>Sao em không thử xem? Đây là một cơ hội hiếm có, nên dù có thua cũng sẽ là trải nghiệm tốt đấy.","<cha:pos,아티스,1>Increíble, no suele entusiasmarse tanto con equipos juveniles... <wrt:wait,15><wrt:break><cha:face,아티스,1_미소>Será una buena experiencia, incluso si pierden.","<cha:pos,아티스,1>Hebat. Jarang sekali dia seantusias ini melawan tim remaja... <wrt:wait,15><wrt:break><cha:face,아티스,1_미소>Cobalah. Kesempatan ini langka, jadi kalah pun akan menjadi pengalaman berharga.","<cha:pos,아티스,1>สุดยอดเลยแฮะ หายากนะ ที่จะเห็นเจ้านั่นเอาจริงเอาจังขนาดนั้นกับทีมเยาวชน... <wrt:wait,15><wrt:break><cha:face,아티스,1_미소>ลองดูสักครั้งสิ โอกาสทองแบบนี้ ต่อให้แพ้ก็ยังเป็นประสบการณ์ที่ดีนะ","<cha:pos,아티스,1>Impressionante, não é comum ver o Oásis levando a sério uma equipe juvenil... Por que não tentam? <wrt:wait,15><wrt:break><cha:face,아티스,1_미소>Afinal, é uma oportunidade rara e definitivamente será uma boa experiência."
,,A-2,오아시스,,1_기본,wave,,"좋아, 잘 들었지? <wrt:wait,15><wrt:break>내 생각엔 충분히 네가 버텨낼 수 있을 것 같은데, 한번 제대로 해보자고!","See? <wrt:wait,15><wrt:break>I think you’ll be able to handle it, so why don’t we give it a go?","聞いただろ？<wrt:wait,15><wrt:break>お前ならきっと耐えられると思うんだ。お互い、更に本気出して行こう！","好，听见没？<wrt:wait,15><wrt:break>我觉得你完全能扛得住，认真来一场吧！","好！聽見沒？<wrt:wait,15><wrt:break>我覺得你完全能扛得住，認真來一場吧。","Вот-вот, слышал? <wrt:wait,15><wrt:break>Я тоже думаю, что у тебя все шансы справиться. Так что продолжим!","Nampak? <wrt:wait,15><wrt:break>Saya rasa anda akan dapat menanganinya, jadi mengapa kita tidak mencubanya?","Đúng, em nghe rõ rồi chứ? <wrt:wait,15><wrt:break>Tôi nghĩ em hoàn toàn có khả năng đối đầu được, nên hãy thử làm thật xem nào!","Bien, ¿están listos? <wrt:wait,15><wrt:break>Creo que pueden hacerlo, ¡vamos a darlo todo!","Bagus, kau dengar kan? <wrt:wait,15><wrt:break>Kurasa kalian dapat melawanku dengan cukup baik, ayo kita coba bermain dengan serius!","ถูกต้อง ได้ยินแล้วใช่ไหม? <wrt:wait,15><wrt:break>ฉันคิดว่านายน่าจะพอรับมือไหวนะ มาลองแข่งกันแบบจริงจังสักครั้งเถอะน่า!","Ouviram, né? <wrt:wait,15><wrt:break>Acredito que você vai se sair bem, então vamos dar o nosso melhor!"
,,A-3,백시우,,1_결연,pause,exclam,"<cha:pop,백시우>당연하죠, 기다리던 바입니다!","<cha:pop,백시우>Definitely. This is what I was waiting for.","<cha:pop,백시우>もちろん、望むところです！","<cha:pop,백시우>当然，我正有此意！","<cha:pop,백시우>沒問題，我正有此意！","<cha:pop,백시우>Конечно! Я ждал этого!","<cha:pop,백시우>Sudah pasti. Inilah yang saya tunggu.","<cha:pop,백시우>Đương nhiên rồi, em đã mong chờ điều này!","<cha:pop,백시우>¡Claro, eso esperaba!","<cha:pop,백시우>Baiklah, itulah yang saya harapkan juga!","<cha:pop,백시우>ได้แน่นอนครับ ผมกำลังรออยู่เลย!","<cha:pop,백시우>Claro, era isso que eu estava esperando!"
,,A-3,정다희,,-2_어머,,,"저도, 저도요! 이제 <txt:color,orange><txt:bold,2>정오</txt:bold></txt:color>가 뭔지 확실히 알아냈어요. 더 좋은 전술이 여러 가지 많이 떠올랐단 말이에요! <wrt:wait,15><wrt:break><cha:face,정다희,-2_헤헤>그치 시우야, 우리 분명 잘 할 수 있을 거야!!!","Me too, me too! I think I have a good idea of what <txt:color,orange><txt:bold,2>High Noon</txt:bold></txt:color> is now. Lots of strategies came to mind! <wrt:wait,15><wrt:break><cha:face,정다희,-2_헤헤>We’re gonna be just fine, Siwoo!","私もです！もう<txt:color,orange><txt:bold,2>正午</txt:bold></txt:color>がどんなものなのか、はっきりわかりました。おかげで、いい戦術がいっぱい頭に浮かんできてる！<wrt:wait,15><wrt:break><cha:face,정다희,-2_헤헤>ね、新？私たちならやれるよね！","我也是！我弄清楚<txt:color,orange><txt:bold,2>正午</txt:bold></txt:color>是什么了。脑子里涌现了好多战术！<wrt:wait,15><wrt:break><cha:face,정다희,-2_헤헤>对吧时宇，我们一定能行！！！","我也是！我弄清楚<txt:color,orange><txt:bold,2>正午</txt:bold></txt:color>是什麼了。腦子裡湧現了好多戰術！<wrt:wait,15><wrt:break><cha:face,정다희,-2_헤헤>對吧時宇，我們一定可以！！","И я тоже! Теперь я знаю, что такое <txt:color,orange><txt:bold,2>«Полдень»</txt:bold></txt:color>. И у меня даже появились идеи о новых техниках! <wrt:wait,15><wrt:break><cha:face,정다희,-2_헤헤>Шиу, у нас все получится!","Saya juga saya juga! Saya rasa saya ada idea yang baik mengenai <txt:color,orange><txt:bold,2>High Noon</txt:bold></txt:color> sekarang. Banyak strategi yang terlintas di fikiran! <wrt:wait,15><wrt:break><cha:face,정다희,-2_헤헤>Kami akan baik-baik saja, Siwoo!","Em cũng vậy ạ! Giờ em đã hiểu rõ <txt:color,orange><txt:bold,2>Giữa Trưa</txt:bold></txt:color> là gì rồi. Em đã nghĩ ra được nhiều chiến thuật hay lắm! <wrt:wait,15><wrt:break><cha:face,정다희,-2_헤헤>Đúng không Siwoo? Chúng ta chắc chắn sẽ làm tốt mà!!!","¡Yo también! ¡Ahora sé lo que es <txt:color,orange><txt:bold,2>Mediodía</txt:bold></txt:color>. ¡Tengo muchas nuevas estrategias! <wrt:wait,15><wrt:break><cha:face,정다희,-2_헤헤>¿Verdad, Siwoo? ¡Seguro que lo haremos genial!","Sa, saya juga! Sekarang saya telah memahami apa itu <txt:color,orange><txt:bold,2>Noon</txt:bold></txt:color>. Saya telah memikirkan banyak macam taktik baik! <wrt:wait,15><wrt:break><cha:face,정다희,-2_헤헤>Kita pasti dapat melakukannya, iya kan Siwoo?","ฉันก็ด้วยค่ะ! ตอนนี้ฉันรู้แล้วค่ะว่า<txt:color,orange><txt:bold,2>ทิวากาล</txt:bold></txt:color>คืออะไร แล้วฉันก็นึกกลยุทธ์ดีๆ ออกเยอะเลยนะคะ! <wrt:wait,15><wrt:break><cha:face,정다희,-2_헤헤>ชีอู เราจะต้องทำได้ดีแน่นอน!!!","Eu também! Agora entendi perfeitamente o que significa <txt:color,orange><txt:bold,2>Meio-dia</txt:bold></txt:color>. Surgiram muitas ideias melhores de táticas na minha mente! <wrt:wait,15><wrt:break><cha:face,정다희,-2_헤헤>Siwoo, com certeza podemos fazer um excelente trabalho!"
,,A-3,오아시스,,1_기본,,,"하하, 보기 좋은 팀이네! 자신감이 맘에 들어. 낭만적이야!","Haha, I like your team! Lots of confidence and good energy! Dare I say, it’s splendid!",ははっ、良いチームを持ったな！その自信、気に入った！ロマンがある！,哈哈，看着就让人愉快！有自信是好事。很浪漫！,哈哈，真是個賞心悅目的團隊啊！有信心是好事，真浪漫！,"Ха-ха, отличная команда! Мне нравится ваша уверенность! Романтика!","Haha, saya suka pasukan awak! Banyak keyakinan dan tenaga yang baik! Berani saya katakan, ia hebat!","Ha ha, nhìn đội này thích thật! Tôi thích sự tự tin của các em đấy. Thật lãng mạn!","¡Jaja, me gusta su confianza! ¡Es romántico!","Haha, tim yang bagus! Aku suka kepercayaan dirimu. Sangat romantis!",ฮ่าฮ่า ช่างเป็นทีมที่ถูกใจฉันจริงๆ! ฉันชอบความมั่นใจแบบนั้นมากเลย โรแมนติกที่สุด!,"Haha, esse time é demais! Gostei da confiança. É inspirador!"
8,경기 전,#,MAP,,,,,바다,바다,바다,바다,바다,바다,바다,바다,바다,바다,바다,바다
,,#,BGM,,,,,BGM_WIND_BLOWING,BGM_WIND_BLOWING,BGM_WIND_BLOWING,BGM_WIND_BLOWING,BGM_WIND_BLOWING,BGM_WIND_BLOWING,BGM_WIND_BLOWING,BGM_WIND_BLOWING,BGM_WIND_BLOWING,BGM_WIND_BLOWING,BGM_WIND_BLOWING,BGM_WIND_BLOWING
,,#,백시우,-2,1_기본,,,,,,,,,,,,,,
,,#,아티스,2,1_기본,,,,,,,,,,,,,,
,,#,오아시스,4,1_기본,,,,,,,,,,,,,,
,,,-,,,,,"<txt:bold,3><txt:color,grey>~하얀 파도거품이 밀려오는 모래사장~","<txt:bold,3><txt:color,grey>White waves of foam rush over the sandy beach...","<txt:bold,3><txt:color,grey>～白い波が押し寄せる砂浜～","<txt:bold,3><txt:color,grey>～海浪拍打沙滩～","<txt:bold,3><txt:color,grey>～海浪輕拍的沙灘～","<txt:bold,3><txt:color,grey>Пляж с разбивающимися белыми волнами","<txt:bold,3><txt:color,grey>Gelombang buih putih meluru ke atas pantai berpasir...","<txt:bold,3><txt:color,grey>~Bãi biển bọt sóng trắng xóa~","<txt:bold,3><txt:color,grey>Las olas blancas se estrellan en la playa de arena","<txt:bold,3><txt:color,grey>~Gelembung Ombak Putih menghantam Pantai Pasir~","<txt:bold,3><txt:color,grey>~หาดทรายที่มีฟองคลื่นสีขาวสาดซัด~","<txt:bold,3><txt:color,grey>Numa praia com ondas..."
,,,아티스,,1_기본,pause,,"<txt:color,orange><txt:bold,2>오아시스</txt:bold></txt:color>를 상대로 엄청난걸, 시우.","You played exceptionally against <txt:color,orange><txt:bold,2>Oasis</txt:bold></txt:color>, Siwoo.","<txt:color,orange><txt:bold,2>オアシス</txt:bold></txt:color>相手にすごいな、新。","竟然能和<txt:color,orange><txt:bold,2>绿洲</txt:bold></txt:color>打的这么激烈，很厉害啊。","和<txt:color,orange><txt:bold,2>綠洲</txt:bold></txt:color>交手很不得了啊，時宇。","Шиу, ты отлично держишься против <txt:color,orange><txt:bold,2>Оазиса</txt:bold></txt:color>.","Anda bermain hebat menentang <txt:color,orange><txt:bold,2>Oasis</txt:bold></txt:color>, Siwoo.","Em đấu với <txt:color,orange><txt:bold,2>Oasis</txt:bold></txt:color> quá ghê rồi đấy Siwoo.","Lo estás haciendo increíble frente a <txt:color,orange><txt:bold,2>Oasis</txt:bold></txt:color>, Siwoo.","Kamu luar biasa dapat melawan <txt:color,orange><txt:bold,2>Oasis</txt:bold></txt:color> seperti itu, Siwoo.","เก่งมากเลยนะ ชีอู รับมือ<txt:color,orange><txt:bold,2>โอเอซิส</txt:bold></txt:color>ได้ขนาดนี้","Siwoo, você está se saindo bem contra o <txt:color,orange><txt:bold,2>Oásis</txt:bold></txt:color>!"
,,,아티스,,1_기본,pause,silent,"한 가지 팁을 주자면... 저 녀석, 시간이 갈수록 신체 능력이 강해진다는 건 겪어서 알고 있을 거야. <wrt:wait,15><wrt:break>그만큼 아군으로는 엄청나지만 적군으로 만났을 때엔 꽤 피곤한 녀석이거든.","If there’s any advice I could give you... the longer a match goes on, the stronger he gets. <wrt:wait,15><wrt:break>It’s good for his teammates, but fatiguing for his opponents.","アドバイスをすると‥やつは時間が経てば経つほど身体能力が上がるってのは知ってるよな？<wrt:wait,15><wrt:break>その分、味方になったらすごく頼もしいけど、敵として対戦したら恐怖でしかない。","给你个小提示...那家伙随着时间推移，身体素质会越来越强，这点你应该深有体会了吧。<wrt:wait,15><wrt:break>虽然有这样一位队友简直是如虎添翼，但如果作为对手遇到他，那可就是一场硬仗了。","給你個小提示...那傢伙的體能會隨著時間增長而越來越強，這點你應該深有體會了吧。<wrt:wait,15><wrt:break>雖然有這樣一位隊友簡直是如虎添翼，但如果作為對手遇到他，那可就是一場硬仗了。","Мой тебе совет... Ты уже наверняка знаешь, что со временем он становится сильнее. <wrt:wait,15><wrt:break>Он отличный союзник, но если играешь против него, это раздражает.","Jika ada nasihat yang boleh saya berikan kepada anda... dari pengalaman saya, semakin lama perlawanan berlangsung, semakin kuat dia. <wrt:wait,15><wrt:break>Ia bagus untuk rakan sepasukannya, tetapi memenatkan lawannya.","Tôi sẽ cho em một lời khuyên... Cậu ta càng đấu sẽ càng mạnh hơn, chắc em đã trải qua nên biết rồi. <wrt:wait,15><wrt:break>Nên khi cậu ta làm đồng đội thì rất lợi hại, nhưng khi gặp làm đối thủ thì vô cùng mệt mỏi.","Si te doy un consejo... Ese tipo, seguro ya sabes que se vuelve más fuerte con el tiempo. <wrt:wait,15><wrt:break>Es increíble como aliado, pero enfrentarlo como enemigo puede ser agotador.","Jika aku beri satu tip... Orang itu, kamu pasti telah mengetahui bahwa kemampuan tubuhnya akan meningkat seiring berjalannya waktu. <wrt:wait,15><wrt:break>Hal itu membuatnya menjadi kawan yang sangat dapat diandalkan namun sangat merepotkan saat menjadi lawan.","ถ้าจะให้บอกเคล็ดลับสักอย่าง... นายน่าจะได้เจอมากับตัวแล้ว ว่าความสามารถทางกายภาพของเจ้านั่นจะแข็งแกร่งขึ้น เมื่อเวลาผ่านไป <wrt:wait,15><wrt:break>ซึ่งถ้าอยู่ฝ่ายเดียวกันก็เป็นเรื่องที่ดีมาก และเหนื่อยมากเช่นกันถ้าได้เจอในฐานะคู่แข่ง","Aqui vai uma dica... Como você provavelmente sabe, ele se fortalece com o passar do tempo. <wrt:wait,15><wrt:break>Tê-lo no time pode ser uma grande vantagem, mas enfrentá-lo como adversário pode ser desafiador."
,,,아티스,,1_기본,pause,,"그러니 승기를 잡았을 때 <txt:bold,2>빠르게 경기를 끝내야해</txt:bold>. <wrt:wait,15><wrt:break>지지부진하게 경기를 오래 끌다간 주도권을 금세 뺏기고 말테니.","In other words, <txt:bold,2>win quickly</txt:bold>. <wrt:wait,15><wrt:break>If the match drags out, the tables are bound to turn on you.","だから勝機が回って来たら<txt:bold,2>さっさと決着をつけるんだ。</txt:bold><wrt:wait,15><wrt:break>下手に試合が長引いたら、主導権を奪われてしまうからな。","所以抓住优势时要<txt:bold,2>尽快结束比赛</txt:bold>。<wrt:wait,15><wrt:break>磨蹭拖延下去，主动权很快就会被夺走。","所以抓住優勢時要<txt:bold,2>盡快結束比賽</txt:bold>。<wrt:wait,15><wrt:break>磨蹭拖延下去，主導權很快就會被奪走。","Так что, как только получишь преимущество в игре, <txt:bold,2>заканчивай матч как можно скорее</txt:bold>. <wrt:wait,15><wrt:break>Если будешь тянуть, Оазис в мгновение ока вернет преимущество себе.","Jadi, apabila ada peluang menang, <txt:bold,2>tamatkan perlawanan dengan cepat</txt:bold>. <wrt:wait,15><wrt:break>Kalau dilengah-lengahkan, dia akan segera merampas kelebihan kamu.","Vậy nên khi nắm được thế thắng thì phải <txt:bold,2>nhanh chóng kết thúc trận đấu</txt:bold>. <wrt:wait,15><wrt:break>Nếu trận đấu kéo dài lê thê thì sớm muộn cũng sẽ bị giành mất quyền chủ động thôi.","Por eso, cuando tengas la ventaja, <txt:bold,2>debes terminar el juego rápidamente</txt:bold>. <wrt:wait,15><wrt:break>Si lo dejas arrastrarse demasiado, puede revertir la situación rápidamente.","Oleh sebab itu saat kamu memperoleh kesempatan kamu harus <txt:bold,2>memenangkan pertandingan dengan cepat</txt:bold>. <wrt:wait,15><wrt:break>Jika kamu memperlambat tempo pertandingan maka kamu akan segera kehilangan kendali.","ดังนั้น <txt:bold,2>นายต้องจบการแข่งให้ไวที่สุด</txt:bold> เมื่อมีโอกาส <wrt:wait,15><wrt:break>เพราะถ้าขืนลากยาวการแข่งให้ยืดเยื้อ นายก็จะถูกพลิกกลับมาเป็นรองในทันที","Portanto, quando estiver em vantagem, <txt:bold,2>é crucial finalizar o jogo rapidamente</txt:bold>. <wrt:wait,15><wrt:break>Se a partida se estender, ele pode facilmente virar o jogo a seu favor."
,,,오아시스,,1_기본,,,"<cha:pos,오아시스,1><txt:size,2>아하하! 나의 비밀을 얘기해주는 중인 건가?","<cha:pos,오아시스,1><txt:size,2>Ahaha! Telling him my secrets, Atis?","<cha:pos,오아시스,1><txt:size,2>あはは！俺の秘密を教えてやってるのか？","<cha:pos,오아시스,1><txt:size,2>哈哈哈！在说我的秘密吗？","<cha:pos,오아시스,1><txt:size,2>哈哈哈！在說我的秘密嗎？","<cha:pos,오아시스,1><txt:size,2>Ха-ха-ха! Вы там секретничаете?","<cha:pos,오아시스,1><txt:size,2>Ahaha! Beritahu dia rahsia saya, Atis?","<cha:pos,오아시스,1><txt:size,2>Ha ha ha! Cậu đang tiết lộ bí mật của tôi sao?","<cha:pos,오아시스,1><txt:size,2>¡Ajaja! ¿Estás revelando mis secretos?","<cha:pos,오아시스,1><txt:size,2>Hahaha! Apa kamu sedang membocorkan rahasia-ku?","<cha:pos,오아시스,1><txt:size,2>ฮ่าฮ่า! นี่นายกำลังเล่าความลับของฉันให้เขาฟังเหรอ?","<cha:pos,오아시스,1><txt:size,2>Haha! Está contando meu segredo?"
,,,오아시스,,1_기본,,joy,"역시, 누가 <txt:bold,2><txt:color,orange>팜 스파이크스</txt:color></txt:bold> 출신 아니랄까봐, 후훗!","How very <txt:bold,2><txt:color,orange>Palm Spikes</txt:color></txt:bold> of you, hehe!","やっぱりお前も<txt:bold,2><txt:color,orange>ファームスパイクス</txt:color></txt:bold>OBってわけだ！ははっ！","不愧是<txt:bold,2><txt:color,orange>棕榈风暴队</txt:color></txt:bold>出身，呵呵！","不愧是<txt:bold,2><txt:color,orange>棕櫚風暴隊</txt:color></txt:bold>出身，呵呵！","Как и ожидалось от игрока <txt:bold,2><txt:color,orange>«Пальм Спайкс»</txt:color></txt:bold>!","Memang nampak kamu bekas pemain <txt:bold,2><txt:color,orange>Palm Spikes</txt:color></txt:bold>, hehe!","Đúng là xuất thân từ <txt:bold,2><txt:color,orange>Palm Spikes</txt:color></txt:bold> mà, ha ha!","¡Se nota que vienes de <txt:bold,2><txt:color,orange>Palm Spikes</txt:color></txt:bold>! ¡Jaja!","Memang khas mantan pemain <txt:bold,2><txt:color,orange>Palm Spikes</txt:color></txt:bold>, hehe!","สมกับที่มาจาก<txt:bold,2><txt:color,orange>ปาล์มสไปคส์</txt:color></txt:bold>จริงๆ หึหึ!","Hahaha! Clássico dos <txt:bold,2><txt:color,orange>Palm Spikes</txt:color></txt:bold>! Haha!"
,,,오아시스,,1_기본,,,"그렇지만 <wrt:delay,5><txt:color,orange><txt:bold,2>아티스</txt:color></txt:bold>와 함께 어깨를 나란히 했던 시간들도, 네트를 사이에 두고 바라봤던 시간들도... </wrt:delay><wrt:wait,15><wrt:break><txt:bold,2>돌이켜보면 모두 낭만적이었지!","But looking back at when I played side by side with <wrt:delay,5><txt:color,orange><txt:bold,2>Atis</txt:color></txt:bold>, and when we faced each other on opposite sides of the net... </wrt:delay><wrt:wait,15><wrt:break><txt:bold,2>Good memories!","でも<wrt:delay,5><txt:color,orange><txt:bold,2>アティス</txt:color></txt:bold>と肩を並べて戦った時間も、ネットを挟んで見つめ合った時間も‥</wrt:delay><wrt:wait,15><wrt:break><txt:bold,2>振り返れば、なにもかもがロマンだったな！","不过<wrt:delay,5>和<txt:color,orange><txt:bold,2>亚提斯</txt:color></txt:bold>并肩作战的日子，隔网相望的时光...</wrt:delay><wrt:wait,15><wrt:break><txt:bold,2>回首都是浪漫啊！","不過<wrt:delay,5>和<txt:color,orange><txt:bold,2>亞提斯</txt:color></txt:bold>並肩作戰的日子，隔網相望的時光...</wrt:delay><wrt:wait,15><wrt:break><txt:bold,2>回首都是浪漫啊！","Эх, мы с <wrt:delay,5><txt:color,orange><txt:bold,2>Атисом</txt:color></txt:bold> и плечом к плечу играли, и по разные стороны сетки стояли... </wrt:delay><wrt:wait,15><wrt:break><txt:bold,2>Сколько в этом было романтики!","Tetapi melihat kembali apabila saya bermain sebelah menyebelah dengan <wrt:delay,5><txt:color,orange><txt:bold,2>Atis</txt:color></txt:bold> dan apabila kami bertanding satu sama lain di sisi bertentangan jaring... </wrt:delay><wrt:wait,15><wrt:break><txt:bold,2>Kenangan yang indah!","Nhưng mà <wrt:delay,5>những khoảng thời gian sát cánh cùng <txt:color,orange><txt:bold,2>Atis</txt:color></txt:bold> và cả những lúc đối đầu qua tấm lưới... </wrt:delay><wrt:wait,15><wrt:break><txt:bold,2>nhìn lại thì tất cả đều rất lãng mạn!","Pero <wrt:delay,5>mirando hacia atrás, los momentos que compartí contigo, <txt:color,orange><txt:bold,2>Athis</txt:color></txt:bold>, tanto a tu lado como al otro lado de la red... </wrt:delay><wrt:wait,15><wrt:break><txt:bold,2>¡todos tuvieron su encanto!","Meski begitu waktu dimana aku bermain berdampingan bersama dengan <wrt:delay,5><txt:color,orange><txt:bold,2>Atis</txt:color></txt:bold>, dan juga waktu dimana kita saling berhadapan di depan net... </wrt:delay><wrt:wait,15><wrt:break><txt:bold,2>Kalau dipikir sekarang waktu itu sangatlah romantis!","แต่ว่า <wrt:delay,5>ทั้งช่วงเวลาที่ได้เคียงบ่าเคียงไหล่ไปกับ<txt:color,orange><txt:bold,2>เอทีซ</txt:color></txt:bold> และช่วงเวลาที่จ้องมองกันผ่านเน็ต... </wrt:delay><wrt:wait,15><wrt:break><txt:bold,2>พอมานึกย้อนกลับไปแล้ว ทุกอย่างช่างโรแมนติกซะจริงๆ!","Mas <wrt:delay,5>os momentos em que eu e <txt:color,orange><txt:bold,2>Athis</txt:color></txt:bold> estávamos lado a lado ou competindo em times diferentes... </wrt:delay><wrt:wait,15><wrt:break><txt:bold,2>Foram todos inesquecíveis!"
,,,오아시스,,1_기본,,,"자, 우리의 경기는 앞으로 어떻게 될지 모르겠지만... 너와도 그런 낭만을 풀어갈 수 있어 기뻐! <wrt:wait,15><wrt:break>과거도, 미래도 아닌 <txt:bold,2><txt:wave,1>지금의 이 낭만적인 순간을!!!","Well, I don’t know how our match will turn out, but I’m glad I could feel that feeling again thanks to you! <wrt:wait,15><wrt:break>It’s not the past or the future. <txt:bold,2><txt:wave,1>I’m living in the moment, man!!!","さて、この試合がどうなるかはまだわからないけど‥君ともそんなロマンを分かち合えて嬉しいよ！<wrt:wait,15><wrt:break>過去でも未来でもない、<txt:bold,2><txt:wave,1>今、このロマンあふれる瞬間を！！！","好，我们这场比赛的结果如何还不知道...但能和你一起续写这种浪漫，我很开心！<wrt:wait,15><wrt:break>不问过去，不谈未来，<txt:bold,2><txt:wave,1>珍惜眼下这浪漫的瞬间！！！","我們這場比賽的結果如何還不知道...但能和你一起續寫這種浪漫，我很開心！<wrt:wait,15><wrt:break>不問過去，不談未來<txt:bold,2><txt:wave,1>，珍惜目前這浪漫的瞬間！","Не знаю, чем завершится наш матч, но я безумно рад, что могу разделить эту романтику с тобой! <wrt:wait,15><wrt:break>Не прошлое, не будущее <txt:bold,2><txt:wave,1>, а только настоящий романтичный момент!","Kita belum tahu bagaimana perlawanan ini akan berakhir, tapi saya gembira dapat menikmati keindahan itu bersama kamu juga! <wrt:wait,15><wrt:break>Bukan masa lalu atau masa depan, tetapi <txt:bold,2><txt:wave,1>keindahan detik ini!!!","Nào, không biết trận đấu của chúng ta sẽ diễn ra thế nào... nhưng tôi rất vui vì có thể tận hưởng sự lãng mạn đó cùng em! <wrt:wait,15><wrt:break>Không phải quá khứ, cũng chẳng phải tương lai, mà chính là <txt:bold,2><txt:wave,1>khoảnh khắc lãng mạn này đây!!!","No sé cómo terminará nuestro partido... ¡pero me alegra compartir contigo momentos tan especiales! <wrt:wait,15><wrt:break>¡Dejemos atrás el pasado y el futuro y <txt:bold,2><txt:wave,1>disfrutemos del encanto de este momento!","Kalau begitu, meski aku tidak tahu bagaimana pertandingan kita akan berakhir... Namun aku sangat senang dapat mengekspresikan keromantisan denganmu juga! <wrt:wait,15><wrt:break>Bukan masa lalu, ataupun masa depan. <txt:bold,2><txt:wave,1>Namun pada titik saat ini yang dipenuhi keromantisan!!!","เอาล่ะ ถึงจะไม่รู้ว่าการแข่งของเราจะเป็นยังไงในอนาคต... แต่ฉันก็ดีใจนะ ที่ได้สรรค์สร้างความโรแมนติกแบบนั้นกับนายด้วย! <wrt:wait,15><wrt:break>ไม่ใช่ทั้งอดีตและอนาคต <txt:bold,2><txt:wave,1>แต่เป็นช่วงเวลาที่สุดแสนจะโรแมนติกในปัจจุบัน!!!","Então, não sabemos como será o nosso jogo daqui para frente, mas tô feliz por podermos vivenciar este momento inesquecível juntos! <wrt:wait,15><wrt:break>Não se trata do passado nem do futuro, <txt:bold,2><txt:wave,1>mas sim deste momento único aqui!"
,,A,오아시스,,1_훗,pause,,"그럼... 준비 됐어, 백시우?","So... are you ready, Siwoo?",さあ‥準備はいいか？,那...准备好了吗，白时宇？,那...準備好了嗎，白時宇？,"Ну что, готов, Бэк Шиу?","Jadi... adakah anda bersedia, Siwoo?","Vậy... em đã sẵn sàng chưa, Baek Siwoo?","Entonces... ¿estás listo, Siwoo Baek?","Jadi... Apa kau siap, Siwoo Baek?",ถ้างั้น... พร้อมรึยังล่ะ แบคชีอู?,"Então... está pronto, Siwoo Baek?"
,,A-1,백시우,,1_결연,pause,,"<cha:pop,백시우>당연하죠! 다시 한번 가보자구요!","<cha:pop,백시우>Ready as I’ll ever be! Let’s get back out there!","<cha:pop,백시우>もちろんです！行きましょう！","<cha:pop,백시우>当然！让我们再战一回吧！","<cha:pop,백시우>當然！讓我們再戰一回吧！","<cha:pop,백시우>Конечно! Вперед!","<cha:pop,백시우>Bersedia seperti sediakala! Mari kita kembali ke sana!","<cha:pop,백시우>Dạ tất nhiên rồi! Chúng ta hãy tiếp tục nào!","<cha:pop,백시우>¡Por supuesto! ¡Vamos a intentarlo de nuevo!","<cha:pop,백시우>Sudah pasti! Ayo kita bertanding!","<cha:pop,백시우>พร้อมแล้วครับ! ลุยกันอีกครั้งได้เลย!","<cha:pop,백시우>É claro! Vamos lá mais uma vez!"
,,A-1,오아시스,,1_기본,wave,,"<scr:noskip>엄청난 열정이네~ <txt:wave,1>낭만적이야! </txt:wave><sys:delay,5>","<scr:noskip>Look at that passion! <txt:wave,1>That’s the spirit! </txt:wave><sys:delay,5>","<scr:noskip>すごい情熱だ！<txt:wave,1>ロマンがある！</txt:wave><sys:delay,5>","<scr:noskip>这热情，真是了不起啊～<txt:wave,1>浪漫至极！</txt:wave><sys:delay,5>","<scr:noskip>這熱情程度還真是了不起啊～<txt:wave,1>浪漫至極！</txt:wave><sys:delay,5>","<scr:noskip>Какая страсть! <txt:wave,1>Романтика! </txt:wave><sys:delay,5>","<scr:noskip>Hebat semangat kamu~ <txt:wave,1>Penuh jiwa! </txt:wave><sys:delay,5>","<scr:noskip>Nhiệt huyết ghê ha~ <txt:wave,1>Thật lãng mạn! </txt:wave><sys:delay,5>","<scr:noskip>¡Tienes una pasión tremenda! <txt:wave,1>¡Es romántico! </txt:wave><sys:delay,5>","<scr:noskip>Kamu sangat antusias~ <txt:wave,1>Romantis sekali! </txt:wave><sys:delay,5>","<scr:noskip>มีความมุ่งมั่นเต็มเปี่ยมเลยแฮะ~ <txt:wave,1>โรแมนติกสุดๆ! </txt:wave><sys:delay,5>","<scr:noskip>Que energia! <txt:wave,1>É realmente inspirador!</txt:wave><sys:delay,5>"
,,A-2,백시우,,1_정적,nervous,,"그, 그런데 정말로 안 봐주실 건가요?","Um, so you won’t be holding back now...?",で、でも本当に手加減してくれないんですか？,那，那个...你真的一点都不会放水吗？,那、那個...你真的一點都不會放水嗎？,Теперь точно без поблажек?,"Um, jadi anda tidak akan menahan diri sekarang...?",Nhưng... nhưng anh thực sự không nhường sao ạ?,¿E-estás seguro de que vas a jugar con toda tu fuerza?,"Ta, tapi apa Anda benar-benar berniat bermain serius?",ตะ แต่ว่าคุณจะไม่อ่อนข้อให้จริงๆ เหรอครับ?,"Mas espera, você realmente não vai pegar leve?"
,,A-2,오아시스,,1_훗,wave,,"<scr:noskip>당연하지! 그래도 될 만큼의 실력이니까 전력을 다하는 거라고!  <wrt:break><sys:delay,5>","<scr:noskip>Nope! But if it helps, I’m only not holding back because you’re that good! <wrt:break><sys:delay,5>","<scr:noskip>もちろん！君にはそれだけの実力があるから、全力を出すんだよ！<wrt:break><sys:delay,5>","<scr:noskip>那当然！你有这个实力，所以我才会全力以赴的！<wrt:break><sys:delay,5>","<scr:noskip>那當然！你有這個實力，所以我才會全力以赴的！<wrt:break><sys:delay,5>","<scr:noskip>Ага! Собираюсь играть в полную силу, ведь ты готов ее отразить!<wrt:break><sys:delay,5>","<scr:noskip>Tidak! Tetapi jika ia membantu, saya hanya tidak menahan diri kerana anda begitu baik! <wrt:break><sys:delay,5>","<scr:noskip>Đương nhiên rồi! Dù sao thì với khả năng của em, tôi dùng hết sức cũng được mà! <wrt:break><sys:delay,5>","<scr:noskip>¡Por supuesto! ¡Daré el máximo porque tienes el nivel necesario para enfrentarte a mí! <wrt:break><sys:delay,5>","<scr:noskip>Sudah pasti! Aku menilai kemampuan-mu cukup pantas untuk membuatku serius!  <wrt:break><sys:delay,5>","<scr:noskip>แน่นอนสิ! แต่นายก็มีฝีมือมากพออยู่แล้ว ฉันถึงจะใส่ให้เต็มที่ยังไงล่ะ!  <wrt:break><sys:delay,5>","<scr:noskip>Óbvio! Vou dar tudo de mim porque vocês têm habilidade pra aguentar!<wrt:break><sys:delay,5>"
,,A-3,백시우,,3_난감,nervous,,아직 마음의 준비가 덜 된 것 같은데...,My heart isn’t ready just yet...,心の準備がまだなんですけど‥,我还没做好心理准备...,我還沒做好心理準備...,А вот морально я еще не готов...,Hati saya masih belum bersedia...,Em vẫn chưa sẵn sàng lắm...,Pero aún no estoy completamente preparado...,Sepertinya aku belum siap...,ยังไม่ทันได้เตรียมใจสักเท่าไหร่เลย...,Calma... acho que ainda não tô emocionalmente preparado...
,,A-3,오아시스,,1_기본,wave,,"하하, <txt:wave,1>그것 또한 낭만이지~! </txt:wave>나 또한 마음의 준비가 필요한걸? 어쩌면 고등학생에게 질지도 모르는 일이잖아~","Haha, <txt:wave,1>that’s part of the thrill! </txt:wave>I need to brace myself too. I might just lose to a high schooler...","ははっ、<txt:wave,1>それもまたロマンなのさ！</txt:wave>それに心の準備なら俺も必要だ。高校生に負けるかもしれないからな！","哈哈，<txt:wave,1>这也是一种浪漫啊～！</txt:wave>说不定我也需要做做心理准备？没准会输给高中生呢～","哈哈，<txt:wave,1>這也是一種浪漫啊～！</txt:wave>說不定我也需要做做心理準備？我也可能會輸給高中生呢～","Ха-ха, <txt:wave,1>это тоже романтика!</txt:wave> Думаешь, мне не нужна моральная подготовка? Я, может, еще чуть-чуть и школьнику проиграю!?","Haha, <txt:wave,1>itu pun indah juga~! </txt:wave>Saya pun perlu bersedia dari segi mental. Mana tahu, saya mungkin kalah dengan budak sekolah menengah~","Ha ha, <txt:wave,1>điều đó cũng là sự lãng mạn đấy~! </txt:wave>Tôi cũng cần phải chuẩn bị tinh thần nữa! Biết đâu sẽ thua học sinh cấp 3 thì sao~","¡Jaja, <txt:wave,1>eso también es romántico! </txt:wave>¡Parece que también necesito prepararme emocionalmente! Podría perder contra un estudiante.","Haha, <txt:wave,1>Itu juga salah satu keromantisan~! </txt:wave>Aku juga masih membutuhkan waktu untuk mempersiapkan hatiku! Karena bisa-bisa aku dikalahkan oleh anak SMA~","ฮ่าฮ่า <txt:wave,1>นั่นก็เรียกได้ว่าเป็นความโรแมนติกเหมือนกันนะ~! </txt:wave>ฉันอาจจะต้องเตรียมใจด้วยก็ได้ เพราะไม่รู้ว่าจะแพ้ให้กับเด็กมัธยมปลายรึเปล่าน่ะสิ~","Haha, <txt:wave,1>faz parte da vida! </txt:wave>Acho que preciso me preparar emocionalmente também. Imagine se eu perder para estudantes do ensino médio..."
,,A-3,오아시스,,1_훗,,,"<scr:noskip>걱정 마, 전력을 다한대도 그걸 받아낼 만큼의 실력인 게 보이니까 전력을 다하는 거야! <sys:delay,5>","<scr:noskip>Don’t sweat it. Even if I’m not going easy on you anymore, it’s only because you’re that good! <sys:delay,5>","<scr:noskip>大丈夫。こっちの本気を受け止められる実力だと見込んだからこそ、本気をぶつけるのさ！<sys:delay,5>","<scr:noskip>别担心，看得出你有接我全力一击的实力，所以我才会全力以赴！<sys:delay,5>","<scr:noskip>別擔心，看得出你有接我全力一擊的實力，所以我才會全力以赴！<sys:delay,5>","<scr:noskip>Не бойся, друг! Я делаю это, потому что вижу, что у тебя хватает навыков, чтобы справиться!<sys:delay,5>","<scr:noskip>Jangan risau. Walaupun saya tidak bersikap mudah kepada anda lagi, itu hanya kerana anda begitu baik! <sys:delay,5>","<scr:noskip>Đừng lo, vì tôi thấy em có đủ khả năng đỡ được khi tôi dùng hết sức nên tôi mới làm vậy! <sys:delay,5>","<scr:noskip>¡No te preocupes! ¡Usaré toda mi fuerza, porque veo que tienes la habilidad para resistirla! <sys:delay,5>","<scr:noskip>Tenang saja, aku menggunakan seluruh kemampuanku karena aku menilai kemampuan-mu cukup pantas untuk menghadapinya! <sys:delay,5>","<scr:noskip>ไม่ต้องเครียดหรอก ฉันเห็นว่านายมีฝีมือที่จะสามารถรับมือได้ ต่อให้ฉันใส่เต็มที่ก็ตาม! <sys:delay,5>","<scr:noskip>Não se preocupe, eu sei que vocês dão conta de mim, mesmo que eu jogue sério.<sys:delay,5>"
,경기 승리,#,MAP,,,,,바다,바다,"<sys:sfx,강화><cha:pos,오아시스,4><cha:pos,아티스,4><cha:pos,백시우,-4>",바다,바다,바다,바다,바다,바다,바다,바다,바다
,,#,BGM,,,,,BGM_MEET_OASIS,BGM_MEET_OASIS,BGM_MEET_OASIS,BGM_MEET_OASIS,BGM_MEET_OASIS,BGM_MEET_OASIS,BGM_MEET_OASIS,BGM_MEET_OASIS,BGM_MEET_OASIS,BGM_MEET_OASIS,BGM_MEET_OASIS,BGM_MEET_OASIS
,,#,정다희,2,3_활짝,,,,,,,,,,,,,,
,,#,백시우,-2,3_난감,,,,,,,,,,,,,,
,,#,리시아,4,1_후후,,,,,,,,,,,,,,
,,#,아티스,4,1_웃음,,,,,,,,,,,,,,
,,#,오아시스,4,1_기본,,,,,,,,,,,,,,
,,,정다희,,3_활짝,shake,exclam,"<cha:pos,정다희,2><txt:size,2><cha:pos,백시우,-2>시우야, 해냈어!!!","<cha:pos,정다희,2><txt:size,2><cha:pos,백시우,-2>Siwoo! We did it!!!","<cha:pos,정다희,2><txt:size,2><cha:pos,백시우,-2>新、やったよ！","<cha:pos,정다희,2><txt:size,2><cha:pos,백시우,-2>时宇，我们做到了！！！","<cha:pos,정다희,2><txt:size,2><cha:pos,백시우,-2>時宇呀，我們做到了！！","<cha:pos,정다희,2><txt:size,2><cha:pos,백시우,-2>Шиу, ты сделал это!!!","<cha:pos,정다희,2><txt:size,2><cha:pos,백시우,-2>Siwoo! Kita berjaya!!!","<cha:pos,정다희,2><txt:size,2><cha:pos,백시우,-2>Siwoo, cậu làm được rồi!!!","<cha:pos,정다희,2><txt:size,2><cha:pos,백시우,-2>¡Siwoo, lo lograste!!!","<cha:pos,정다희,2><txt:size,2><cha:pos,백시우,-2>Siwoo, kamu berhasil!!!","<cha:pos,정다희,2><txt:size,2><cha:pos,백시우,-2>ชีอู เราทำได้แล้ว!!!","<cha:pos,정다희,2><txt:size,2><cha:pos,백시우,-2>Siwoo, conseguimos!"
,,,백시우,,3_난감,nervous,,"후아, 역시 프로 선수인가... 이리저리 뛰어다니느라 녹초가 된 것 같아...","Whew, now that’s a pro player... All that running around turned my legs to spaghetti..",ふぅ、さすがプロ‥あちこち走り回ったせいでもうへとへとだよ‥,呼，不愧是职业选手...跑来跑去感觉快虚脱了...,呼嗚～不愧是職業選手...跑來跑去感覺快虛脫了...,"Мне кажется, я никогда так не уставал. Он гонял меня туда-сюда... Профи...","Fuh, memang lain pemain profesional... Penat betul saya berlari ke sana sini...","Phù, quả nhiên đấu với cầu thủ chuyên nghiệp... chạy qua chạy lại mệt lử luôn...","Uf, se nota que es un profesional... Estoy agotado de tanto correr de un lado a otro...","Fiuh, memang beda pemain profesional... Aku sampai kehabisan tenaga berlarian ke sana kemari...",ฮู้ว นี่สินะนักกีฬาอาชีพ... ฉันต้องวิ่งไปวิ่งมาจนเข่าอ่อนไปหมด...,"Ufa, é incrível como um jogador profissional é diferente... Tô totalmente cansado de tanto correr pra lá e pra cá..."
,,,오아시스,,1_기본,,,"<cha:pos,오아시스,2><cha:pos,정다희,-1><cha:face,정다희,-1_기본>간만에 멋진 경기였는걸!<wrt:wait,15><wrt:break>봐주지 않았는데도 지다니... 하하, 정말 멋지네!","<cha:pos,오아시스,2><cha:pos,정다희,-1><cha:face,정다희,-1_기본>Now that was a game!<wrt:wait,15><wrt:break>I wasn’t even holding back and lost... Haha, amazing!","<cha:pos,오아시스,2><cha:pos,정다희,-1><cha:face,정다희,-1_기본>久しぶりにいい試合だったよ！<wrt:wait,15><wrt:break>本気で戦ったのに負けるなんて‥はは、本当にすばらしい！","<cha:pos,오아시스,2><cha:pos,정다희,-1><cha:face,정다희,-1_기본>好久没打这么痛快的比赛了！<wrt:wait,15><wrt:break>使出全力还能输...哈哈，你们太厉害了！","<cha:pos,오아시스,2><cha:pos,정다희,-1><cha:face,정다희,-1_기본>好久沒打這麼痛快的比賽了！<wrt:wait,15><wrt:break>我明明沒放水，居然還是輸了...哈哈，你們太厲害了！","<cha:pos,오아시스,2><cha:pos,정다희,-1><cha:face,정다희,-1_기본>Ну наконец-то стоящая игра!<wrt:wait,15><wrt:break>И я даже не поддавался! Ха-ха-ха, ты молодчина!","<cha:pos,오아시스,2><cha:pos,정다희,-1><cha:face,정다희,-1_기본>Dah lama tak main perlawanan sehebat ini!<wrt:wait,15><wrt:break>Saya tak beri peluang pun, masih kalah... Haha, hebat betul!","<cha:pos,오아시스,2><cha:pos,정다희,-1><cha:face,정다희,-1_기본>Lâu rồi mới có một trận đấu tuyệt vời như vậy!<wrt:wait,15><wrt:break>Không nhường mà vẫn thua... Ha ha, thật ngầu quá!","<cha:pos,오아시스,2><cha:pos,정다희,-1><cha:face,정다희,-1_기본>¡Fue un juego increíble!<wrt:wait,15><wrt:break>¡Y perdí sin contenerme! ¡Jaja, realmente eres genial!","<cha:pos,오아시스,2><cha:pos,정다희,-1><cha:face,정다희,-1_기본>Sudah lama sejak aku bertanding dalam pertandingan keren seperti ini!<wrt:wait,15><wrt:break>Aku kalah meski aku telah bertanding dengan serius... Haha, hebat sekali!","<cha:pos,오아시스,2><cha:pos,정다희,-1><cha:face,정다희,-1_기본>ไม่ได้แข่งอะไรสนุกๆ แบบนี้มานานแล้วนะเนี่ย!<wrt:wait,15><wrt:break>ขนาดไม่อ่อนข้อให้ ฉันก็แพ้งั้นเหรอ... ฮ่าฮ่า ยอดเยี่ยมจริงๆ!","<cha:pos,오아시스,2><cha:pos,정다희,-1><cha:face,정다희,-1_기본>Foi um jogo incrível! <wrt:wait,15><wrt:break>Fiz o meu máximo, mas acabei perdendo... Haha, você é realmente incrível!"
,,,아티스,,1_웃음,,,"<cha:pos,아티스,1>잘했어, 백시우. 솔직히 이길 줄은 몰랐는데... 엄청난 녀석이군.","<cha:pos,아티스,1>Great game, Siwoo. I didn’t think you’d win, if I’m being honest. That was impressive.","<cha:pos,아티스,1>よくやった、新。正直、お前が勝つとは思わなかったが‥すごいやつだ。","<cha:pos,아티스,1>干得漂亮，白时宇。老实说没想到你们能赢...了不起啊。","<cha:pos,아티스,1>打得很好啊，白時宇。老實說沒想到你們會贏...了不起啊。","<cha:pos,아티스,1>Молодец, Бэк Шиу, не думал, что победа будет твоей. Отличная техника.","<cha:pos,아티스,1>Permainan yang bagus, Siwoo. Saya tidak fikir anda akan menang, jika saya jujur. Itu mengagumkan.","<cha:pos,아티스,1>Giỏi lắm, Baek Siwoo. Thành thật mà nói, tôi không nghĩ em sẽ thắng đâu... Em đúng là một cậu bé tuyệt vời!","<cha:pos,아티스,1>¡Bien hecho, Siwoo Baek! Sinceramente, no esperaba que ganaras... Eres realmente sorprendente.","<cha:pos,아티스,1>Bagus sekali, Siwoo Baek. Sebenarnya aku tidak menyangka kamu bisa menang... Kamu hebat sekali.","<cha:pos,아티스,1>นายเก่งมาก แบคชีอู เอาจริงฉันไม่คิดว่านายจะชนะเลย... สุดยอดชะมัด","<cha:pos,아티스,1>Siwoo Baek, jogou demais! Nem esperava que venceriam... você é de outro nível!"
,,,오아시스,,1_기본,,,"네 생각에도 그렇지? <wrt:delay,5>저 열정 어린 눈 하며... </wrt:delay><wrt:wait,15><wrt:break><txt:size,2>왠지 예전 네 생각이 나는걸!","Right? <wrt:delay,5>When I see the passion in his eyes... </wrt:delay><wrt:wait,15><wrt:break><txt:size,2>it’s like I’m looking at a younger you!","お前もそう思うよな？<wrt:delay,5>あの情熱的な眼差し‥</wrt:delay><wrt:wait,15><wrt:break><txt:size,2>昔のお前を思い出すよな！","你也这么认为？<wrt:delay,5>那双充满热情的眼睛...</wrt:delay><wrt:wait,15><wrt:break><txt:size,2>总让我想起以前的你！","你跟我想的一樣吧？<wrt:delay,5>那雙充滿熱情的眼睛...</wrt:delay><wrt:wait,15><wrt:break><txt:size,2>總讓我想起以前的你！","Тебе тоже так кажется? <wrt:delay,5>Ты только посмотри, сколько страсти в его глазах... </wrt:delay><wrt:wait,15><wrt:break><txt:size,2>Прямо тебя в былые годы напоминает!","Kamu pun rasa begitu, kan? <wrt:delay,5>Pandangan matanya yang penuh semangat itu... </wrt:delay><wrt:wait,15><wrt:break><txt:size,2>Teringat kamu masa dulu!","Cậu cũng nghĩ vậy hả? <wrt:delay,5>Ánh mắt đầy nhiệt huyết kia... </wrt:delay><wrt:wait,15><wrt:break><txt:size,2>Sao mà giống cậu ngày trước quá!","¿También piensas así? <wrt:delay,5>Con esos ojos llenos de pasión... </wrt:delay><wrt:wait,15><wrt:break><txt:size,2>¡Me recuerda a ti en tus viejos tiempos!","Kamu juga berpikir begitu kan? <wrt:delay,5>Melihat matanya yang dipenuhi semangat... </wrt:delay><wrt:wait,15><wrt:break><txt:size,2>Aku jadi ingat masa mudamu dulu!","นายก็คิดเหมือนกันใช่ไหมล่ะ? <wrt:delay,5>สายตาที่แฝงความมุ่งมั่นแบบนั้น... </wrt:delay><wrt:wait,15><wrt:break><txt:size,2>ทำให้นึกถึงนายเมื่อสมัยก่อนเลยล่ะ!","Athis, concorda comigo, né? <wrt:delay,5>Esses olhos cheios de paixão... </wrt:delay><wrt:wait,15><wrt:break><txt:size,2>Me fazem lembrar de você do passado!"
,,,아티스,,1_기본,,,음? ...그런가.,Huh? You think?,ん？‥そうか？,嗯？...是吗。,嗯？...是嗎。,Хм... Думаешь?,Hah? Awak fikir?,Hả?... Thế à.,¿Hm? ...¿De verdad?,Hmm? ...Apa begitu?,หืม? ...งั้นเหรอ,Hmm? Sério?
,,,오아시스,,1_훗,pause,,"흐음... <txt:size,-2>이 친구가 조금 더 잘생겼지만.","Mmm... <txt:size,-2>except Siwoo’s better-looking.","うむ‥<txt:size,-2>この子の方がもうちょっとハンサムだけどね。","嗯...<txt:size,-2>不过这孩子稍微帅点。","嗯...<txt:size,-2>不過這孩子稍微帥點。","Хм... <txt:size,-2>Только этот парень покрасивее будет.","Mmm... <txt:size,-2>kecuali Siwoo yang lebih tampan.","Ừm... <txt:size,-2>Nhưng cậu bé này đẹp trai hơn một chút.","Hmm... <txt:size,-2>Pero este amigo es un poco más guapo.","Hemm... <txt:size,-2>Tapi sepertinya dia sedikit lebih ganteng.","อืม... <txt:size,-2>ถึงเด็กนี่จะหล่อกว่านายนิดหน่อยก็เถอะ","Hmm... <txt:size,-2>Este amigo é um pouco mais bonito, mas..."
,,,아티스,,1_기본,pause,angry,"<wrt:delay,5>...","<wrt:delay,5>...","<wrt:delay,5>...","<wrt:delay,5>...","<wrt:delay,5>...","<wrt:delay,5>...","<wrt:delay,5>...","<wrt:delay,5>...","<wrt:delay,5>...","<wrt:delay,5>...","<wrt:delay,5>...","<wrt:delay,5>..."
,,,아티스,,1_웃음,,,"아무튼, 큰 경기를 마무리한 걸 축하한다. <wrt:wait,15><wrt:break>...이번 비치발리볼 캠프도 이제 끝이 다가오는군.","Anyway, congrats on making it through such a big match. <wrt:wait,15><wrt:break>... Our camp is also drawing to a close.","とにかく、大きな試合をよく乗り越えたな。<wrt:wait,15><wrt:break>‥今年のビーチバレーキャンプももうそろそろ終わりか。","总之，恭喜你们打完一场大比赛。<wrt:wait,15><wrt:break>...这次的沙排训练营也接近尾声了啊。","總之，恭喜你們打完一場大賽。<wrt:wait,15><wrt:break>...這次的沙灘排球訓練營也接近尾聲了啊。","Ладно, поздравляю с завершением важного соревнования. <wrt:wait,15><wrt:break>Летний волейбольный лагерь тоже подходит к концу.","Apa pun, tahniah kerana berjaya menamatkan perlawanan besar ini. <wrt:wait,15><wrt:break>...Kem bola tampar pantai kali ini pun dah hampir tamat.","Dù sao thì, chúc mừng em đã hoàn thành một trận đấu lớn. <wrt:wait,15><wrt:break>...Trại huấn luyện bóng chuyền bãi biển lần này cũng sắp kết thúc rồi nhỉ.","De todos modos, felicidades por terminar el gran juego. <wrt:wait,15><wrt:break>...Parece que este campamento de voleibol playa también está llegando a su fin.","Bagaimanapun, aku beri selamat karena telah menyelesaikan pertandingan besar. <wrt:wait,15><wrt:break>...Periode Kamp Beach Volleyball juga hampir berakhir.","ยังไงก็ตาม ยินดีด้วยนะที่เสร็จสิ้นการแข่งครั้งใหญ่ไปแล้ว <wrt:wait,15><wrt:break>...ค่ายวอลเลย์บอลชายหาดในครั้งนี้ ก็มาถึงช่วงท้ายแล้วด้วยเช่นกัน","De qualquer forma, parabéns pelo grande jogo! <wrt:wait,15><wrt:break>Este acampamento também tá chegando ao seu fim agora."
,,,정다희,,-2_헤헤,wave,,"헤헤, 그렇네요! 정말이지 마법 같은 나날들이었는데... 왠지 아쉽기도 하고.","Hehe, that’s right! These past few days were magical... It’s a bit bittersweet.",へへっ、そうですね。夢のような日々でした。ちょっと寂しいかも‥,嘿嘿，是啊！那些日子简直像做梦一样...莫名有点舍不得。,嘿嘿是啊！夢幻般美好的日子...就這樣結束還真不捨。,"Хи-хи, и правда! Это были волшебные дни. Как жаль, что все заканчивается.","Hehe, betul! Hari-hari di sini benar-benar ajaib... Sayang pula nak berpisah.","Hê hê, đúng vậy ạ! Thật sự là những ngày tháng như mơ... khiến em cảm thấy hơi tiếc.","¡Jaja, así es! Realmente fueron días mágicos... aunque me siento un poco triste.","Hehe, iya! Hari-harinya penuh dengan keajaiban... Aku jadi merasa rindu juga.",ฮิฮิ จริงด้วยค่ะ! แต่ละวันช่างวิเศษมาก... จนแอบรู้สึกเสียดายยังไงก็ไม่รู้,"Hehe, verdade! Foram dias realmente mágicos... Vou sentir falta disso..."
,,,리시아,,1_후후,,joy,"<cha:pos,리시아,0><sys:sfx,반짝_1>후후, 아쉬움을 느끼다니! 역시 모두가 <txt:wave,1>비치발리볼의 낭만</txt:wave>을 알게 된 거겠죠?","<cha:pos,리시아,0><sys:sfx,반짝_1>Hehe, sad to leave already? You’ve all discovered the <txt:wave,1>romance of beach volleyball</txt:wave>, haven’t you?","<cha:pos,리시아,0><sys:sfx,반짝_1>ふふ、寂しいだなんて！やっぱりみんな<txt:wave,1>ビーチバレーのロマン</txt:wave>に目覚めたんですね！","<cha:pos,리시아,0><sys:sfx,반짝_1>呵呵，感到不舍就对了！看来大家都领悟了<txt:wave,1>沙排的浪漫</txt:wave>呢？","<cha:pos,리시아,0><sys:sfx,반짝_1>哇喔，居然會捨不得！看來大家都領悟到<txt:wave,1>沙排浪漫</txt:wave>了呢？","<cha:pos,리시아,0><sys:sfx,반짝_1>Тебе жаль? Значит, вы все прониклись <txt:wave,1>романтикой пляжного волейбола</txt:wave>?","<cha:pos,리시아,0><sys:sfx,반짝_1>Hehe, dah rasa berat hati nak balik! Maknanya semua dah mengenali <txt:wave,1>keindahan bola tampar pantai</txt:wave>, kan?","<cha:pos,리시아,0><sys:sfx,반짝_1>Ha ha, cảm thấy tiếc nuối cơ à! Quả nhiên mọi người đều đã nhận ra <txt:wave,1>sự lãng mạn của bóng chuyền bãi biển</txt:wave> rồi nhỉ?","<cha:pos,리시아,0><sys:sfx,반짝_1>Jeje, ¡si les da pena irse, será que todos han descubierto el <txt:wave,1>encanto del voleibol de playa</txt:wave>!","<cha:pos,리시아,0><sys:sfx,반짝_1>Huhu, merasakan kerinduan! Ternyata pada akhirnya semuanya dapat mengetahui <txt:wave,1>keromantisan Beach Volleyball</txt:wave>!","<cha:pos,리시아,0><sys:sfx,반짝_1>ฮิฮิ รู้สึกเสียดายงั้นเหรอคะ! ทุกคนคงจะเข้าใจถึง<txt:wave,1>ความโรแมนติกของวอลเลย์บอลชายหาด</txt:wave>แล้วสินะคะ?","<cha:pos,리시아,0><sys:sfx,반짝_1>Haha, todos vão sentir falta disso! Então, finalmente, todos descobriram o <txt:wave,1>encanto do vôlei de praia</txt:wave>?"
,,,백시우,,1_웃음,,,"그러게, 하루도 빠짐 없이 낭만적이었네요!",True. Every day was like a dream.,そうですね。毎日がロマンでいっぱいでした！,可不是嘛，每天都很浪漫呢！,可不是嘛，每天都很浪漫呢！,"Вот уж точно, все дни сплошная романтика!",Betul. Setiap hari bagaikan mimpi.,"Đúng thế, ngày nào cũng đều lãng mạn hết!","Sí, cada día fue tan romántico!","Benar sekali, setiap harinya penuh dengan keromantisan!",คงงั้นมั้งครับ ไม่มีวันไหนเลยที่ไม่โรแมนติก!,"Realmente, todos os dias foram marcantes."
,,,리시아,,1_기본,,,"그렇다면 이젠... 역시 오늘의 승리를 축하할 일만 남았네요!!! <wrt:wait,15><wrt:break><txt:size,2><txt:wave,1><sys:sfx,반짝_1>맘껏 놀자는 말이에요~!","Then all that’s left now is to celebrate your victory!!! <wrt:wait,15><wrt:break><txt:size,2><txt:wave,1><sys:sfx,반짝_1>It’s party time!","だとしたら‥後は今日の勝利をお祝いするしかありませんね！<wrt:wait,15><wrt:break><txt:size,2><txt:wave,1><sys:sfx,반짝_1>思いっきり遊びましょうよ！","那现在...是时候庆祝今天的胜利了！！！<wrt:wait,15><wrt:break><txt:size,2><txt:wave,1><sys:sfx,반짝_1>尽情玩吧～！","那現在...是時候慶祝今天的勝利了！！<wrt:wait,15><wrt:break><txt:size,2><txt:wave,1><sys:sfx,반짝_1>盡情的暢玩吧～！","Тогда осталось только отпраздновать сегодняшнюю победу! <wrt:wait,15><wrt:break><txt:size,2><txt:wave,1><sys:sfx,반짝_1>Гуляем!","Maka yang tinggal sekarang adalah meraikan kemenangan anda!!! <wrt:wait,15><wrt:break><txt:size,2><txt:wave,1><sys:sfx,반짝_1>Sudah tiba masa parti!","Vậy thì bây giờ... chỉ còn việc ăn mừng chiến thắng hôm nay thôi!!! <wrt:wait,15><wrt:break><txt:size,2><txt:wave,1><sys:sfx,반짝_1>Chơi thỏa thích đi nào~!","Entonces... ¡ahora solo queda celebrar la victoria de hoy!!! <wrt:wait,15><wrt:break><txt:size,2><txt:wave,1><sys:sfx,반짝_1>¡Disfrutemos al máximo!","Kalau begitu... Sekarang kita tinggal merayakan kemenangan hari ini!!! <wrt:wait,15><wrt:break><txt:size,2><txt:wave,1><sys:sfx,반짝_1>Ayo kita bermain sepuasnya~!","ถ้างั้นตอนนี้ก็... ได้เวลาแสดงความยินดีกับชัยชนะในวันนี้แล้วค่ะ!!! <wrt:wait,15><wrt:break><txt:size,2><txt:wave,1><sys:sfx,반짝_1>มาสนุกกันให้เต็มที่เลยนะคะ~!","Então, agora... Resta apenas comemorar a vitória de hoje! <wrt:wait,15><wrt:break><txt:size,2><txt:wave,1><sys:sfx,반짝_1>Vamos aproveitar ao máximo este momento!"
,,,리시아,,1_후후,,,"후후... 여러분, 이곳 바다는 보는 것보다 들어가는 게 훨씬 기분 좋다는 사실 알고 있나요?","Hehe... you know, guys, it’s better to actually go in the water than just look at it.",ふふ‥皆さん、ここの海は眺めるより入るほうが気持ちいいって知ってました？,呵呵...各位，你们知道吗？这里的海水看着美，玩起来感觉更棒哦？,呵呵...各位知道嗎？這片大海不只是用來欣賞的，親身體驗才能感受到它真正的魅力呢！,"Хе-хе, а вы знали, что простое любование морем ничто по сравнению с купанием в нем?","Hehe... anda tahu, kawan-kawan, lebih baik pergi ke dalam air daripada hanya melihatnya.","Ha ha... Mọi người, mọi người có biết rằng xuống nước chơi còn thú vị hơn cả ngắm biển không?",¡Jaja! ¿Sabían que meterse en el mar es mucho más divertido que simplemente mirarlo?,"Huhu... Apa kalian tahu, daripada melihat laut akan lebih menyenangkan jika kita berenang disana?",ฮิฮิ... ทุกคนรู้กันรึเปล่าคะ? ว่าการลงไปในทะเลแห่งนี้น่ะ ทำให้รู้สึกดียิ่งกว่าแค่มองอยู่เฉยๆ อีกนะคะ,"Haha! Pessoal, sabiam que entrar neste mar aqui é muito mais gratificante do que apenas observá-lo?"
,,,정다희,,-2_어머,shake,exclam,"<txt:size,2>...물놀이!","<txt:size,2>Water time!","<txt:size,2>‥水遊び！","<txt:size,2>...玩水！","<txt:size,2>...玩水啦！","<txt:size,2>... Водные игры!","<txt:size,2>Masa untuk main air!","<txt:size,2>...Chơi dưới nước!","<txt:size,2>¡...Un baño en el mar!","<txt:size,2>...Main air!","<txt:size,2>...เล่นน้ำ!","<txt:size,2>Então boraaaa!"
,,,리시아,,1_웃음,wave,,"<sys:sfx,첨벙>맞아요~! 역시 빼놓을 수 없는 재미란 말이죠!","<sys:sfx,첨벙>That’s right! You can’t not play in the ocean while you’re here!","<sys:sfx,첨벙>そう！やっぱり海の定番ですもんね～！","<sys:sfx,첨벙>对～！这可是不可或缺的乐趣！","<sys:sfx,첨벙>對～！這可是不可或缺的樂趣！","<sys:sfx,첨벙>Именно! Мы не можем пропустить это!","<sys:sfx,첨벙>Betul~! Keseronokan yang tak boleh dilepaskan!","<sys:sfx,첨벙>Đúng rồi đấy~! Quả nhiên là một niềm vui không thể thiếu mà!","<sys:sfx,첨벙>¡Exactamente! ¡Nada es tan divertido como eso!","<sys:sfx,첨벙>Benar sekali~! Itu adalah salah satu kesenangan yang tidak bisa dilewati!","<sys:sfx,첨벙>ถูกต้องค่ะ~! เป็นความสนุกที่จะขาดไปไม่ได้เลยใช่ไหมล่ะคะ!","<sys:sfx,첨벙>Vamos lá! É isso que não pode faltar!"
,,,오아시스,,1_기본,,,"<sys:sfx,첨벙>아하하, 나도 이쪽에 껴도 되나? 오늘은 어른들의 수다보다는 물장구 치는 쪽이 재밌어보이네~","<sys:sfx,첨벙>Ahahaha, may I jump in too? I’d much rather splash in the water than listen to the adults jabbering.","<sys:sfx,첨벙>あはは、俺も交ざっていいかな？今日は大人のおしゃべりよりは水遊びのほうが楽しそうだ。","<sys:sfx,첨벙>哈哈哈，我也可以加入吗？感觉今天玩水比听大人聊天有意思多了～","<sys:sfx,첨벙>哈哈哈，我也可以加入嗎？感覺今天玩水比聽大人聊天有意思多了～","<sys:sfx,첨벙>Ха-ха-ха! Можно я с вами? Сегодня меня больше тянет в воду, чем к взрослым разговорам.","<sys:sfx,첨벙>Ahahaha, boleh saya masuk juga? Saya lebih suka merenjis air daripada mendengar orang dewasa mengoceh.","<sys:sfx,첨벙>A ha ha, tôi có thể tham gia được chứ? Hôm nay thì chơi đùa dưới nước có vẻ vui hơn những câu chuyện của người lớn~","<sys:sfx,첨벙>¡Ajaja, puedo unirme a esto también? Hoy parece más divertido jugar en el agua que escuchar a los adultos charlar.","<sys:sfx,첨벙>Hahaha, apa aku boleh ikut? Hari ini aku lebih memilih untuk main air daripada berbicara dengan orang dewasa~","<sys:sfx,첨벙>ฮ่าฮ่า ฉันขอแจมด้วยได้ไหมเนี่ย? วันนี้เล่นน้ำ ดูน่าสนุกกว่าการพูดคุยกันตามประสาผู้ใหญ่แฮะ~","<sys:sfx,첨벙>Haha, será que posso me juntar a vocês? Hoje parece mais legal brincar na água do que conversar com os adultos."
,,,정다희,,-2_어머,pause,,"<cha:pop,정다희>우왓, <txt:color,orange><txt:bold,2>오아시스</txt:color></txt:bold>까지!!!","<cha:pop,정다희>Wow, <txt:color,orange><txt:bold,2>Oasis</txt:color></txt:bold> is joining!!!","<cha:pop,정다희>わっ、<txt:color,orange><txt:bold,2>オアシス</txt:color></txt:bold>選手まで！","<cha:pop,정다희>哇，连<txt:color,orange><txt:bold,2>绿洲</txt:color></txt:bold>也！！！","<cha:pop,정다희>哇啊！連<txt:color,orange><txt:bold,2>綠洲</txt:color></txt:bold>也加入了！","<cha:pop,정다희>Вау! Даже <txt:color,orange><txt:bold,2>Оазис</txt:color></txt:bold>!!!","<cha:pop,정다희>Wah, <txt:color,orange><txt:bold,2>Oasis</txt:color></txt:bold> akan menyertai!!!","<cha:pop,정다희>Ồ, ngay cả <txt:color,orange><txt:bold,2>anh Oasis</txt:color></txt:bold> cũng vậy luôn!!!","<cha:pop,정다희>¡Uau, incluso <txt:color,orange><txt:bold,2>Oasis</txt:color></txt:bold> se une!!!","<cha:pop,정다희>Wahh, <txt:color,orange><txt:bold,2>Oasis</txt:color></txt:bold> juga!!!","<cha:pop,정다희>ว้าว <txt:color,orange><txt:bold,2>โอเอซิส</txt:color></txt:bold>ก็ด้วยเหรอ!!!","<cha:pop,정다희>Uauuu, até o <txt:color,orange><txt:bold,2>Oásis</txt:color></txt:bold> tá aqui!"
,,,아티스,,1_웃음,pause,,다들 조심히 놀다 와.,"Be careful, everyone.",気を付けて遊んでこい。,大家去玩吧，注意安全。,大家玩得開心，也要注意安全。,Хорошенько повеселитесь!,Hati-hati ye semua.,Mọi người cẩn thận khi vui chơi đấy!,¡Jueguen con cuidado!,Main dengan hati-hatilah.,ทุกคนเล่นกันระวังๆ ด้วยล่ะ,"Pessoal, voltem com cuidado!"
,,,오아시스,,1_기본,pause,,"어허, 넌 코치니까 나와 함께 아이들이 안전한지 살펴야 하지 않겠어?","Hey, you’re a coach. Shouldn’t you supervise the kids with me?",おいおい、お前はコーチなんだから、俺と一緒に子どもたちの安全を見守らないといけないだろ？,嘿，你可是教练，跟我一起看着点孩子们别出事才行吧？,嘿欸，你可是教練，跟我一起看著點孩子們別出事才行吧？,"Эгей, ты же тренер, разве тебе не стоит следить за нашей безопасностью?","Hei, anda seorang jurulatih. Bukankah anda sepatutnya mengawasi anak-anak bersama saya?","Ấy ấy, cậu là huấn luyện viên mà, phải cùng tôi canh chừng cho bọn trẻ an toàn chứ nhỉ?","¡Eh, eres el entrenador! Deberías venir conmigo a vigilar que los chicos estén a salvo, ¿no?","Nah, kamu kan pelatih. Bukankah kamu harus ikut denganku mengawasi keselamatan anak-anak?",เฮ้ ในเมื่อนายเป็นโค้ช ก็ต้องคอยเฝ้าดูแลความปลอดภัยของเด็กๆ ร่วมกับฉันไม่ใช่รึไง?,"Ei, você é o treinador, então precisa acompanhar as crianças também!"
,,,아티스,,1_기본,pause,quest,"<txt:delay,5>그게 무슨...","<txt:delay,5>What are you talking—","<txt:delay,5>何を急に‥？","<txt:delay,5>啊...？","<txt:delay,5>那是什麼...","<txt:delay,5>Это еще что...","<txt:delay,5>Apa yang awak cakapkan—","<txt:delay,5>Cái gì cơ...","<txt:delay,5>¿Qué...?","<txt:delay,5>Apa yang kamu...","<txt:delay,5>นายหมายความว่าไง...","<txt:delay,5>Que lógica é essa..."
,,,오아시스,,1_기본,shake,,"에잇, 잡았다!!! <sys:sfx,첨벙>자, 누구든 어서 <txt:color,orange><txt:bold,2>아티스</txt:color></txt:bold>의 다리를 잡아!!!","Got him!!! <sys:sfx,첨벙>Quick, someone grab <txt:color,orange><txt:bold,2>Atis</txt:color></txt:bold>’s legs!!!","よし、捕まえた！<sys:sfx,첨벙>さあ、誰か<txt:color,orange><txt:bold,2>アティス</txt:color></txt:bold>の足をつかむんだ！","抓到你了！！<sys:sfx,첨벙>来，谁都行，快抓住<txt:color,orange><txt:bold,2>亚提斯</txt:color></txt:bold>的腿！！！","抓到你了！<sys:sfx,첨벙>來～誰都行，快抓住<txt:color,orange><txt:bold,2>亞提斯</txt:color></txt:bold>的腿！！","Ур-р-а! Я держу!! <sys:sfx,첨벙>Ребята, скорей, хватайте <txt:color,orange><txt:bold,2>Атиса</txt:color></txt:bold> за ноги!!!","Dah dapat dia!!! <sys:sfx,첨벙>Cepat, seseorang merebut kaki <txt:color,orange><txt:bold,2>Atis</txt:color></txt:bold>!!!","Ái chà, nắm được rồi!!! <sys:sfx,첨벙>Nào, ai đó mau nắm lấy chân của <txt:color,orange><txt:bold,2>Atis</txt:color></txt:bold> đi!!!","¡Atrapado!!! <sys:sfx,첨벙>¡Vamos, todos a atrapar las piernas de <txt:color,orange><txt:bold,2>Athis</txt:color></txt:bold>!!!","Aku tangkap!!! <sys:sfx,첨벙>Ayo, cepat kesini dan bantu angkat kakinya <txt:color,orange><txt:bold,2>Atis</txt:color></txt:bold>!!!","ฮึ่ย จับได้แล้ว!!! <sys:sfx,첨벙>เอาล่ะ ใครก็ได้รีบมาจับขา<txt:color,orange><txt:bold,2>เอทีซ</txt:color></txt:bold>เร็วเข้า!!!","Peguei você! <sys:sfx,첨벙>Pessoal, peguem nas pernas do <txt:color,orange><txt:bold,2>Athis</txt:color></txt:bold>!"
,,,오아시스,,1_기본,wave,joy,"<txt:size,2><txt:wave,2>이대로 바다에 빠뜨려 버리자~!","<txt:size,2><txt:wave,2>We shall sacrifice him to the ocean gods!","<txt:size,2><txt:wave,2>このまま海に投げ込もう～！","<txt:size,2><txt:wave,2>就这样把他扔进海里～！","<txt:size,2><txt:wave,2>就這樣把他扔進海裡～！","<txt:size,2><txt:wave,2>Давайте плюхнем его в море!","<txt:size,2><txt:wave,2>Jom campak dia terus ke laut~!","<txt:size,2><txt:wave,2>Kéo anh ta xuống biển luôn~!","<txt:size,2><txt:wave,2>¡Vamos a hacerlo caer al mar!","<txt:size,2><txt:wave,2>Ayo kita lempar ke laut seperti ini~!","<txt:size,2><txt:wave,2>เอาเจ้านี่ไปโยนลงทะเลกันดีกว่า~!","<txt:size,2><txt:wave,2>Vamos jogá-lo no mar!"
,,,TAG,,,,,"<eff:black,4>","<eff:black,4>","<eff:black,4>","<eff:black,4>","<eff:black,4>","<eff:black,4>","<eff:black,4>","<eff:black,4>","<eff:black,4>","<eff:black,4>","<eff:black,4>","<eff:black,4>"
,,,TAG,,,,,"<cha:qhide><sys:qmap,암전><sys:nogui><sys:scene,챕터3,300>","<cha:qhide><sys:qmap,암전><sys:nogui><sys:scene,챕터3,300>","<cha:qhide><sys:qmap,암전><sys:nogui><sys:scene,챕터3,300>","<cha:qhide><sys:qmap,암전><sys:nogui><sys:scene,챕터3,300>","<cha:qhide><sys:qmap,암전><sys:nogui><sys:scene,챕터3,300>","<cha:qhide><sys:qmap,암전><sys:nogui><sys:scene,챕터3,300>","<cha:qhide><sys:qmap,암전><sys:nogui><sys:scene,챕터3,300>","<cha:qhide><sys:qmap,암전><sys:nogui><sys:scene,챕터3,300>","<cha:qhide><sys:qmap,암전><sys:nogui><sys:scene,챕터3,300>","<cha:qhide><sys:qmap,암전><sys:nogui><sys:scene,챕터3,300>","<cha:qhide><sys:qmap,암전><sys:nogui><sys:scene,챕터3,300>","<cha:qhide><sys:qmap,암전><sys:nogui><sys:scene,챕터3,300>"