,상황,분기,이름,위치,표정,효과,감정,한국어(kr),영어(en),일본어(ja),중국어-간체(zh-chs),중국어-번체(zh-),러시아어(ru),말레이시아어(ms),베트남어(vi),스페인어(es),인도네시아어(id),태국어(th),포르투갈어(pt)
COLOSSEUM,최초 대면,#,MAP,,,,,콜로세움,콜로세움,콜로세움,콜로세움,콜로세움,콜로세움,콜로세움,콜로세움,콜로세움,콜로세움,콜로세움,콜로세움
,,#,BGM,,,,,BGM_NEW_BEGINNING,BGM_NEW_BEGINNING,BGM_NEW_BEGINNING,BGM_NEW_BEGINNING,BGM_NEW_BEGINNING,BGM_NEW_BEGINNING,BGM_NEW_BEGINNING,BGM_NEW_BEGINNING,BGM_NEW_BEGINNING,BGM_NEW_BEGINNING,BGM_NEW_BEGINNING,BGM_NEW_BEGINNING
,,#,정다희,2,1_기본,,,,,,,,,,,,,,
,,#,백시우,-2,1_무표정,,,,,,,,,,,,,,
,,,-,,,,,"<txt:bold,3><txt:color,grey>~발리볼 콜로세움~","<txt:bold,3><txt:color,grey>Volleyball Colosseum","<txt:bold,3><txt:color,grey>〜バレーボールコロッセオ〜","<txt:bold,3><txt:color,grey>～排球竞技场～","<txt:bold,3><txt:color,grey>～排球競技場～","<txt:bold,3><txt:color,grey>Волейбольный Колизей","<txt:bold,3><txt:color,grey>~Colosseum Bola Tampar~","<txt:bold,3><txt:color,grey>~Đấu Trường Bóng Chuyền~","<txt:bold,3><txt:color,grey>Coliseo de Voleibol","<txt:bold,3><txt:color,grey>~Volleyball Colosseum~","<txt:bold,3><txt:color,grey>~วอลเลย์บอลโคลอสเซียม~","<txt:bold,3><txt:color,grey>Coliseu de Vôlei"
,,,정다희,,3_활짝,,,"여기야, <txt:color,green><txt:bold,2>발리볼 콜로세움</txt:color></txt:bold>!","We’re here at the <txt:color,green><txt:bold,2>Volleyball Colosseum</txt:color></txt:bold>!","ここだよ、<txt:color,green><txt:bold,2>バレーボールコロッセオ</txt:color></txt:bold>！","就是这里了，<txt:color,green><txt:bold,2>排球竞技场</txt:color></txt:bold>！","就是這裡了，<txt:color,green><txt:bold,2>排球競技場</txt:color></txt:bold>！","Вот он — <txt:color,green><txt:bold,2>Волейбольный Колизей</txt:color></txt:bold>!","Inilah dia, <txt:color,green><txt:bold,2>Colosseum Bola Tampar</txt:color></txt:bold>!","Đây rồi, <txt:color,green><txt:bold,2>Đấu Trường Bóng Chuyền</txt:color></txt:bold>!","Aquí está, <txt:color,green><txt:bold,2>¡El Coliseo de Voleibol!</txt:color></txt:bold>!","Sinilah, <txt:color,green><txt:bold,2>Volleyball Colosseum</txt:color></txt:bold>!","ที่นี่แหละ <txt:color,green><txt:bold,2>วอลเลย์บอลโคลอสเซียม</txt:color></txt:bold>!","Aqui é o <txt:color,green><txt:bold,2>Coliseu de Vôlei</txt:color></txt:bold>!"
,,,정다희,,1_기본,,,어때 시우야? 여기선 네가 하고 싶은 배구를 맘껏 할 수 있을 거야~!,"So, what do you think? Here, you'll be able to play volleyball to your heart's content!",どう、新？ここなら新のやりたいバレーを思う存分できるはずだよ〜！,时宇，感觉怎么样？在这你可以尽情施展你的排球才能哦～！,時宇，感覺如何？在這裡你就可以盡情發揮你的排球實力喔～！,"Ну что, Шиу, здесь ты сможешь вдоволь наиграться!","Macam mana, Siwoo? Di sini, awak boleh bermain bola tampar sesuka hati, mengikut cara yang awak mahu!",Sao rồi Siwoo? Ở đây cậu có thể chơi bóng chuyền thoải mái như ý muốn nhé~!,"¿Qué opinas, Siwoo? Aquí podrás jugar voleibol como siempre has querido, ¡sin limitaciones!",Bagaimana Siwoo? Disini aku yakin kamu pasti dapat bermain bola voli seperti yang kamu inginkan~!,เป็นไงล่ะ ชีอู? ที่นี่นายจะได้เล่นวอลเลย์บอลที่นายอยากเล่นแบบเต็มที่เลยนะ~!,"E aí, Siwoo? Aqui você pode jogar vôlei à vontade!"
,,,정다희,,2_어머,,,"<wrt:delay,5>...어라, 고민이 있는 표정이네?","<wrt:delay,5>...What’s with that worried look on your face?","<wrt:delay,5>...あれ、何か悩んでる..？","<wrt:delay,5>...咦，你怎么看起来有心事的样子？","<wrt:delay,5>...咦，你怎麼看起來有心事的樣子？","<wrt:delay,5>...Эй, ты что такой задумчивый?","<wrt:delay,5>...Eh, nampak macam ada sesuatu yang mengganggu fikiran awak?","<wrt:delay,5>...Ơ, sao có vẻ đang lo lắng thế?","<wrt:delay,5>...¿Eh? ¿Tienes algo en mente?","<wrt:delay,5>...Ehh, kenapa wajahmu terlihat penuh kekhawatiran?","<wrt:delay,5>...อ้าว สีหน้านายดูคิดหนักจังแฮะ?","<wrt:delay,5>Ahn!? Você está um pouco preocupado."
,,,백시우,,1_무표정,,,"음, 내가 하고 싶은 배구는 어떤 배구일까?",What kind of volleyball do I want to play...?,うーん、俺のやりたいバレーってどんなバレーだろう？,嗯，我想打的排球...究竟是什么样的呢？,嗯，什麼樣的排球...才是我想要追求的呢？,"Хм, я вот думаю, каким волейболом я на самом деле хочу заниматься?","Hmm, bola tampar macam mana yang saya nak main sebenarnya?","Ừm, không biết bóng chuyền mà tớ muốn chơi là thế nào nhỉ?","Hmm, ¿cómo sería el voleibol que quiero jugar?","Hmm, aku lagi berpikir seperti apa bola voli yang aku ingin mainkan?",อืม วอลเลย์บอลที่ฉันอยากเล่นน่ะ เป็นวอลเลย์บอลแบบไหนกันนะ?,Hmm... Estou me perguntando qual tipo de vôlei realmente quero jogar.
,,,정다희,,2_어머,,,"그건 이곳에서 진심이 되어보면 알 수 있지 않을까? <wrt:wait,15><wrt:break><cha:face,정다희,1_웃음>그러려고 찾아온 콜로세움인걸!","Play with your 'heart' and you just might find out! <wrt:wait,15><wrt:break><cha:face,정다희,1_웃음>That’s why we’re here in the first place!","それはここで本気になってやってみれば分かるんじゃない？<wrt:wait,15><wrt:break><cha:face,정다희,1_웃음>それを探すためにコロッセオに来たんだから！","在这里全身心投入的话，应该就能找到答案了吧？<wrt:wait,15><wrt:break><cha:face,정다희,1_웃음>我们来竞技场不就是为了这个嘛！","在這裡全心投入比賽的話，應該就能找到答案了吧？<wrt:wait,15><wrt:break><cha:face,정다희,1_웃음>我們來競技場不就是為了這個嘛！","Ну, если будешь искренним, ты наверняка узнаешь ответ на свой вопрос здесь!<wrt:wait,15><wrt:break><cha:face,정다희,1_웃음>Для этого и существует Колизей!","Mungkin awak akan tahu kalau awak bermain dengan sepenuh hati di sini? <wrt:wait,15><wrt:break><cha:face,정다희,1_웃음>Sebab itulah kita datang ke Colosseum!","Cậu sẽ biết được nếu thử chơi hết mình ở đây đấy? <wrt:wait,15><wrt:break><cha:face,정다희,1_웃음>Đó chính là lý do mình tìm đến Đấu Trường này mà!","Quizás, aquí podrías descubrirlo siendo sincero contigo mismo. <wrt:wait,15><wrt:break><cha:face,정다희,1_웃음>¡Por eso has venido al Coliseo!","Tidakkah kita dapat mengetahuinya dengan bermain dengan sungguh-sungguh disini? <wrt:wait,15><wrt:break><cha:face,정다희,1_웃음>Itukan alasan mengapa kita datang ke Colosseum ini!","เรื่องนั้นน่ะ ถ้านายลองจริงจังในที่แห่งนี้ดู ก็น่าจะรู้ได้รึเปล่า? <wrt:wait,15><wrt:break><cha:face,정다희,1_웃음>ก็เรามาเยือนโคลอสเซียมเพราะเรื่องนั้นนี่นา!","Acho que você só vai descobrir isso se jogar de coração aqui, não acha? <wrt:wait,15><wrt:break><cha:face,정다희,1_웃음>Foi justamente por isso que viemos ao Coliseu!"
,,,정다희,,2_헤헤,wave,,"헤헤, 나만 믿으라구~! 이거, 엄청난 노하우란 말이지? <wrt:wait,15><wrt:break>우리 아빠가 어엄청난 선수를 키웠을 때 쓰던 방법이니까!","Hehe, leave it to me! This is some serious insider knowledge, y’know? <wrt:wait,15><wrt:break>It’s a method my dad used when he trained an INCREDIBLE player!","へへ、私に任せて！ここには、すごいノウハウがあるんだ！<wrt:wait,15><wrt:break>私のお父さんがすっごい選手を育てた時に使った方法だからね！","嘿嘿，相信我准没错～！这可是超级秘诀哦？<wrt:wait,15><wrt:break>是我爸爸培养顶尖选手时用的方法呢！","嘿嘿，相信我準沒錯！這可是超級攻略喔～<wrt:wait,15><wrt:break>是我爸爸培訓頂尖選手時的奧秘呢！","Ха-ха, положись на меня! Это секретный трюк, понимаешь?<wrt:wait,15><wrt:break>Мой отец использовал его в тренировках с лучшими игроками.","Hehe, percayalah pada saya! Ini kaedah yang hebat, tahu? <wrt:wait,15><wrt:break>Ayah saya guna cara ini untuk melatih seorang pemain yang sangat hebat!","Hehe, cứ tin ở mình đi~! Đây là bí quyết tuyệt vời đấy nhé? <wrt:wait,15><wrt:break>Đây là phương pháp bố mình từng dùng để đào tạo ra những cầu thủ siêu đẳng đó!","Jejeje, ¡confía en mí! Esto es un gran secreto, ¿sabes? <wrt:wait,15><wrt:break>¡Mi papá lo usó para entrenar a un grandioso jugador!","Hehe, kamu cukup mempercayaiku~! Ini adalah pengetahuan yang sangat berharga! <wrt:wait,15><wrt:break>Dengan cara ini Ayahku berhasil melatih Atlet yang sangat hebat!","ฮิฮิ เชื่อใจฉันได้เลย~! นี่คือวิธีการอันล้ำเลิศสุดๆ <wrt:wait,15><wrt:break>เพราะเป็นวิธีที่พ่อของฉันเคยใช้ตอนที่เทรนสุดยอดนักกีฬาล่ะ!","Hehe, pode confiar! Esse conhecimento é ouro! <wrt:wait,15><wrt:break>É o método que meu pai usou para treinar um jogador extraordinário!"
,,,정다희,,2_어머,wave,,"<txt:color,grey>(후훗...! 보고 있나 남재현!)","<txt:color,grey>(Hehe...! Are you watching, Jaehyun?!)","<txt:color,grey>(ふふっ...！見てなさいよ、黒崎陵！)","<txt:color,grey>(呵呵...！南宰贤，你看到了吗！)","<txt:color,grey>(呵呵...！南宰賢，你看到了嗎！)","<txt:color,grey>(Как тебе такое, Нам Чжэхён?!)","<txt:color,grey>(Hehe...! Tengok ni, Jaehyun Nam!)","<txt:color,grey>(Hehe...! Thấy chưa, Nam Jaehyeon!)","<txt:color,grey>(Jejeje... ¿Estás viendo esto, Jaehyun Nam?!)","<txt:color,grey>(Huhu...! Apa kau lihat Jaehyeon Nam!)","<txt:color,grey>(หึหึ...! ดูอยู่รึเปล่า นัมแจฮยอน!)","<txt:color,grey>(Haha... Jaehyun Nam, é melhor estar preparado!)"
,,,백시우,,1_정적,,sweat,"<wrt:delay,5>아, 하하... 정말 어엄청난가보네...","<wrt:delay,5>Oh, haha... it must be incredible...","<wrt:delay,5>あ、はは...本当にすごいんだね...","<wrt:delay,5>啊，哈哈...看来真的很厉害呢...","<wrt:delay,5>啊，哈哈...看來真的很厲害呢...","<wrt:delay,5>Ха-ха, должно быть, это что-то крутое...","<wrt:delay,5>Ah, haha... Nampaknya memang sangat hebat...","<wrt:delay,5>À, haha... Chắc là siêu đẳng thật...","<wrt:delay,5>Ah, ja ja... Suena impresionante...","<wrt:delay,5>Ahh, Haha... Pasti benar-benar hebat yahh...","<wrt:delay,5>เอ่อ ฮ่าฮ่า... ท่าทางว่าจะสุดยอดมากเลยนะ...","<wrt:delay,5>Ah, haha... Uau... Parece ser realmente incrível..."
,,,정다희,,1_기본,,,"<wrt:delay,5>에, 엣헴! </wrt:delay>아무튼... 시작해볼까?","<wrt:delay,5>Ahem! </wrt:delay>Anyway, shall we begin?","<wrt:delay,5>こ、こほん！</wrt:delay>それは置いといて...始めてみようか？","<wrt:delay,5>咳咳！</wrt:delay>那么...我们开始吧？","<wrt:delay,5>咳咳！</wrt:delay>那麼...我們開始吧？","<wrt:delay,5>Кхм! </wrt:delay>Ну что, начнем?","<wrt:delay,5>E-Ehem! </wrt:delay>Apa-apa pun... jom kita mula?","<wrt:delay,5>Ừm, ê hem! </wrt:delay>Dù sao thì... chúng ta bắt đầu nhé?","<wrt:delay,5>¡Ajem! </wrt:delay>Bueno... ¿Empezamos?","<wrt:delay,5>Ehem! </wrt:delay>Pokoknya... Bagaimana kalau kita langsung mulai?","<wrt:delay,5>อะ อะแฮ่ม! </wrt:delay>ยังไงก็เถอะ... มาเริ่มกันเลยดีไหม?","<wrt:delay,5>Hmm! </wrt:delay>Enfim... Vamos começar?"
,,,백시우,,1_기본,,,"좋아, 한번 부딪혀보지 뭐!","Yeah, let’s do this!",うん、あたって砕けよう！,好啊，来试试看！,好啊，來試試看！,Отлично! В бой!,"Baiklah, saya cuba dulu!","Được, đối đầu thử xem sao!",¡Claro! ¡Vamos a darlo todo!,"Baiklah, akan aku coba!",โอเค มาลองสักตั้งก็แล้วกัน!,"Sim, vamos encarar isso!"
HONGSI,최초 대면,#,MAP,,,,,콜로세움,콜로세움,콜로세움,콜로세움,콜로세움,콜로세움,콜로세움,콜로세움,콜로세움,콜로세움,콜로세움,콜로세움
,,#,BGM,,,,,BGM_NEW_BEGINNING,BGM_NEW_BEGINNING,BGM_NEW_BEGINNING,BGM_NEW_BEGINNING,BGM_NEW_BEGINNING,BGM_NEW_BEGINNING,BGM_NEW_BEGINNING,BGM_NEW_BEGINNING,BGM_NEW_BEGINNING,BGM_NEW_BEGINNING,BGM_NEW_BEGINNING,BGM_NEW_BEGINNING
,,#,홍시,2,1_기본,,,,,,,,,,,,,,
,,#,백시우,-2,1_기본,,,,,,,,,,,,,,
,,,홍시,,1_기본,,,소년! 곤란해보이는군!,Young man! You look troubled!,少年！困っているようだな！,小伙子！看起来遇到麻烦了啊！,老弟！看起來遇到麻煩了喔！,"Эй, парень! Чего приуныл?",Pemuda! Anda kelihatan bermasalah!,Này cậu! Trông có vẻ khó khăn nhỉ?,"Chico, ¡pareces tener problemas!",Hei bocah! Kau terlihat sedang kesusahan!,หนุ่มน้อย! นายดูมีสีหน้าลำบากใจจังนะ!,Você parece estar em apuros!
,,,홍시,,1_기본,,,"보아하니... 이전 경기에서 <txt:bold,2>많은 실점</txt:bold>을 했나보지?","From the looks of it, you must’ve <txt:bold,2>lost a lot of points</txt:bold> last game!","見たところ...前の試合で<txt:bold,2>かなり失点</txt:bold>したようだな？","看样子...在之前的比赛中<txt:bold,2>丢了不少分</txt:bold>吧？","看樣子...在之前的比賽中<txt:bold,2>丟了不少分</txt:bold>吧？","Наверное... <txt:bold,2>Потерял кучу очков</txt:bold> в предыдущем матче?","Dari segi penampilan, anda mesti <txt:bold,2>kehilangan banyak mata</txt:bold> perlawanan lepas!","Có vẻ như... cậu đã <txt:bold,2>mất nhiều điểm</txt:bold> trong trận đấu trước phải không?","Parece que... ¿Te marcaron <txt:bold,2>muchos puntos en contra</txt:bold> en el último partido?","Dari yang aku lihat... Sepertinya kamu <txt:bold,2>kemasukan banyak</txt:bold> poin pada pertandingan sebelumnya!","ท่าทางว่า... นายคงจะทำ<txt:bold,2>แต้มเสียเยอะ</txt:bold>ในการแข่งก่อนหน้าใช่ไหม?","Parece que... você <txt:bold,2>perdeu muitos pontos</txt:bold> no último jogo, certo?"
,,,백시우,,1_기본,,,"엇, 맞긴 한데... <wrt:delay,5>누구신지...","Uh... you’re not wrong... <wrt:delay,5>But who are you...?","えっ、まあ、合ってますけど...<wrt:delay,5>どちら様...","呃，确实是...<wrt:delay,5>不过您是...","呃，確實是...<wrt:delay,5>不過你是...","Так и есть... <wrt:delay,5>А кто вы такая?","Eh... anda tak silap... <wrt:delay,5>Tetapi siapa anda...?","Ơ, đúng thế... <wrt:delay,5>Nhưng cậu là ai vậy...?","Eh, bueno, algo así... <wrt:delay,5>¿Y tú quién eres?","Ehh, memang benar... <wrt:delay,5>Tapi siapa ya...","เอ่อ ก็ใช่ครับ... <wrt:delay,5>แต่ว่าคุณคือใครเหรอครับ...","Sim, mas... <wrt:delay,5>quem é você?"
,,,홍시,,1_기본,,exclam,"<txt:shake,1>그렇다면 정말 곤란하겠구만!!! </txt:shake><wrt:wait,15><wrt:break>그럴 때는 <txt:bold,2>휴식</txt:bold>이 최고다!","<txt:shake,1>Well, no wonder you look so troubled! </txt:shake><wrt:wait,15><wrt:break>In times like these, taking a <txt:bold,2>break</txt:bold> is the best solution!","<txt:shake,1>それは災難だったな！</txt:shake><wrt:wait,15><wrt:break>そんな時は<txt:bold,2>休憩</txt:bold>が一番だ！","<txt:shake,1>那可真是棘手啊！！！</txt:shake><wrt:wait,15><wrt:break>这种时候<txt:bold,2>休息</txt:bold>才是王道！","<txt:shake,1>那可真是棘手啊！</txt:shake><wrt:wait,15><wrt:break>這種時候<txt:bold,2>休息</txt:bold>才是王道！","<txt:shake,1>Тогда понятно, почему ты такой унылый!</txt:shake><wrt:wait,15><wrt:break>В таких случаях <txt:bold,2>отдых</txt:bold> поможет лучше всего!","<txt:shake,1>Tidak hairanlah anda lihat sangat bermasalah! </txt:shake><wrt:wait,15><wrt:break>Pada ketika ini, <txt:bold,2>berehat</txt:bold> ialah penyelesaian terbaik!","<txt:shake,1>Vậy thì thật là rắc rối!!! </txt:shake><wrt:wait,15><wrt:break>Trong trường hợp đó, <txt:bold,2>Nghỉ Ngơi</txt:bold> là cách tốt nhất!","<txt:shake,1>¡Eso es un gran problema!!! </txt:shake><wrt:wait,15><wrt:break>En ese caso, ¡<txt:bold,2>descansar</txt:bold> es lo mejor!","<txt:shake,1>Kalau begitu kamu pasti sedang dalam kesulitan!!! </txt:shake><wrt:wait,15><wrt:break>Hal terpenting pada saat itu adalah <txt:bold,2>Break</txt:bold>!","<txt:shake,1>ถ้างั้นก็คงน่าลำบากใจมากจริงๆ แฮะ!!! </txt:shake><wrt:wait,15><wrt:break>เวลาแบบนี้น่ะ การ<txt:bold,2>พักผ่อน</txt:bold>คือสิ่งที่ดีที่สุดเลย!","<txt:shake,1>Isso deve ser bem complicado! </txt:shake><wrt:wait,15><wrt:break>Nesses casos, o melhor é <txt:bold,2>descansar</txt:bold>!"
,,,백시우,,2_놀람,,,네? 휴식이요?,"Uh, a break?",え？休憩ですか？,什么？休息？,什麼？休息？,Что? Отдых?,"Eh, rehat?",Sao? Nghỉ Ngơi ư?,¿Descansar? ¿En serio?,Eh? Break?,เอ๋? การพักผ่อนเหรอครับ?,O quê? Descansar?
,,,홍시,,1_훗,,,"오호, 아직 <txt:bold,2>발리볼 콜로세움</txt:bold>에 대해 제대로 알지 못하나보군! <wrt:wait,15><wrt:break>제 때 이 몸이 눈치 챈 게 다행이다!","Oh ho! It seems like you are not familiar with the rules of <txt:bold,2>Volleyball Colosseum</txt:bold>! <wrt:wait,15><wrt:break>You are lucky I spotted you!","おっ、まだ<txt:bold,2>バレーボールコロッセオ</txt:bold>についてよく知らないようだな！<wrt:wait,15><wrt:break>今この私と出会えたことに感謝するんだな！","哦哦，看来你还不太了解<txt:bold,2>排球竞技场</txt:bold>啊！<wrt:wait,15><wrt:break>幸好被我及时发现了。","哦哦，看來你還不太了解<txt:bold,2>排球競技場</txt:bold>啊！<wrt:wait,15><wrt:break>幸好被我及時發現了。","Ха-ха, кажется, ты еще не совсем знаешь о <txt:bold,2>Волейбольном Колизее</txt:bold>!<wrt:wait,15><wrt:break>Хорошо, что я тебя вовремя заметила!","Oh ho! Nampaknya anda tidak biasa dengan peraturan <txt:bold,2>Colosseum Bola Tampar</txt:bold>! <wrt:wait,15><wrt:break>Anda bertuah saya nampak!","Ồ, có vẻ cậu chưa biết rõ về <txt:bold,2>Đấu Trường Bóng Chuyền</txt:bold> rồi! <wrt:wait,15><wrt:break>May mà tôi đã kịp thời nhận ra!","Oh, parece que aún no entiendes bien el <txt:bold,2>Coliseo de Voleibol</txt:bold>... <wrt:wait,15><wrt:break>¡Es una suerte que yo haya estado aquí!","Oho, sepertinya kamu belum tahu banyak tentang <txt:bold,2>Volleyball Colosseum</txt:bold>! <wrt:wait,15><wrt:break>Kamu sangat beruntung akulah yang menyadarinya duluan!","โอ๊ะโอ นายยังรู้จัก<txt:bold,2>วอลเลย์บอลโคลอสเซียม</txt:bold>ไม่ดีพอนี่เอง! <wrt:wait,15><wrt:break>โชคดีนะเนี่ยที่ฉันสังเกตเห็นพอดี!","Ah, parece que você ainda não entendeu bem como funciona o <txt:bold,2>Coliseu de Vôlei</txt:bold>! <wrt:wait,15><wrt:break>Sorte que percebi isso agora!"
,,,백시우,,1_정적,,sweat,"아, 하하...","Oh, haha...",あ、はは...,啊，哈哈...,啊，哈哈...,А... Ха-ха...,"Oh, haha...","À, haha...","Ah, ja ja...","Ahh, Haha...",เอ่อ ฮะฮะ...,"Ah, haha..."
,,,홍시,,1_훗,,,"잘 듣게, 소년. <wrt:wait,15><wrt:break> 이 리그는 실점을 유지한 채 경기를 이어나가는 게 기본 원칙이지만, 그래도 <txt:bold,2>휴식의 기회</txt:bold>를 주긴 하네!","Listen closely, young man. <wrt:wait,15><wrt:break>In this league, you carry conceded points over from one match to the next, but it does allow <txt:bold,2>opportunities for breaks</txt:bold>!","よく聞くんだ、少年。<wrt:wait,15><wrt:break>このコロッセオというゲームは失点を維持したまま試合を続けるのが基本原則だが、<txt:bold,2>休憩の機会</txt:bold>は与えられている！","仔细听好了，小伙子。<wrt:wait,15><wrt:break>这个比赛的基本规则是带着失分继续比赛，但也会给予<txt:bold,2>休息机会</txt:bold>。","仔細聽好了，老弟。<wrt:wait,15><wrt:break>這個比賽的基本規則是帶著失分繼續比賽，但也會給予<txt:bold,2>休息機會</txt:bold>。","Хорошенько слушай, парень!<wrt:wait,15><wrt:break>В этой лиге пропущенные очки сохраняются между матчами. Но тебе всё же дают <txt:bold,2>шанс отдохнуть</txt:bold>!","Dengar baik-baik wahai anak muda. <wrt:wait,15><wrt:break>Prinsip asas liga ini adalah untuk meneruskan perlawanan anda dengan mata bolos yang terkumpul, tetapi dibenarkan <txt:bold,2>untuk berehat</txt:bold>!","Nghe đây, cậu bé! <wrt:wait,15><wrt:break> Mặc dù nguyên tắc cơ bản của giải đấu này là tiếp tục thi đấu với số điểm đã mất, nhưng vẫn có <txt:bold,2>Cơ hội Nghỉ Ngơi</txt:bold> đấy!","Escucha bien, chico. <wrt:wait,15><wrt:break>En esta liga, la regla básica es que los puntos en contra se mantienen entre partidos, pero también se permite un <txt:bold,2>tiempo de descanso</txt:bold>.","Dengarkan baik-baik kataku, bocah. <wrt:wait,15><wrt:break> Meski prinsip dasar pada League ini adalah melanjutkan pertandingan dengan keadaan kemasukan poin, akan tetapi diberikan <txt:bold,2>Kesempatan untuk Break</txt:bold>!","ฟังให้ดีล่ะ หนุ่มน้อย <wrt:wait,15><wrt:break> ถึงกฎพื้นฐานของลีกนี้คือการแข่งขันต่อไปเรื่อยๆ โดยคงแต้มเสียเอาไว้ แต่ก็มีการมอบ<txt:bold,2>โอกาสพักผ่อน</txt:bold>ให้ด้วยนะ!","Preste atenção, garoto. <wrt:wait,15><wrt:break>A regra desta liga é carregar os pontos sofridos de uma partida para a próxima, mas ainda há uma <txt:bold,2>chance de descanso</txt:bold>!"
,,,백시우,,1_기본,,,...! 그렇군요!  마침 잘 되긴 했네요.,...! I see! That’s pretty useful!,...！そうなんですね！ちょうど休みたかったんです。,...！原来如此！正好赶上了。,...！原來如此！正好趕上了。,...! Вот оно что! В самый раз...,"...! Saya faham! Kebetulan pula, memang saya perlukannya!",...! Ra vậy! May quá.,...! ¡Entendido! ¡Es el momento perfecto para descansar!,...! Begitu yah! Kalau begitu kebetulan ini waktu yang tepat.,...! อย่างนี้นี่เอง! ก็ดีอยู่นะครับ,Entendi! Isso é uma ótima notícia.
,,,홍시,,1_기본,,,"무엇보다 휴식을 취하면, <txt:bold,2>쉰 시간에 따라 해당 팀의 실점이 사라지게 된다.</txt:bold> <wrt:wait,15><wrt:break>그게 휴식의 가장 큰 이점이지!","Most importantly, <txt:bold,2>taking a break can remove the points your team has conceded, depending on how long you rest. </txt:bold><wrt:wait,15><wrt:break>That’s the biggest advantage of taking a break!","何より休憩を取ると、<txt:bold,2>休んだ時間に応じてチームの失点が消えていく。</txt:bold><wrt:wait,15><wrt:break>それが休憩の最大のメリットだ！","最重要的是，休息时，<txt:bold,2>休息时间越长，该队的失分就会越少。</txt:bold><wrt:wait,15><wrt:break>这就是休息的最大好处！","關鍵在於，休息時<txt:bold,2>會按照休息的時長來抵消相應隊伍的失分。</txt:bold><wrt:wait,15><wrt:break>這就是休息最大的好處！","И кстати, <txt:bold,2>в зависимости от времени отдыха потерянные очки команды аннулируются.</txt:bold><wrt:wait,15><wrt:break>Это и есть самое большое преимущество отдыха!","Paling penting, <txt:bold,2>berehat boleh mengurangkan jumlah mata bolos pasukan anda, bergantung pada berapa lama anda berehat. </txt:bold><wrt:wait,15><wrt:break>Itulah kelebihan terbesar untuk berehat!","Quan trọng nhất là khi nghỉ ngơi, <txt:bold,2>số điểm đã mất của đội sẽ biến mất tùy theo thời gian nghỉ.</txt:bold> <wrt:wait,15><wrt:break>Đó là lợi ích lớn nhất của việc nghỉ ngơi đấy!","Más importante aún, si descansas, <txt:bold,2>¡el tiempo de descanso reducirá los puntos en contra!</txt:bold><wrt:wait,15><wrt:break>¡Esa es la mayor ventaja del descanso!","Daripada itu dengan Break, <txt:bold,2>tergantung dari lama waktu peristirahatan, kondisi kemasukan dari tim bisa hilang.</txt:bold> <wrt:wait,15><wrt:break>Itulah keuntungan terbesar dari Break!","ยิ่งไปกว่านั้น ถ้าได้พักผ่อนล่ะก็ <txt:bold,2>แต้มเสียของทีมดังกล่าวจะหายไป ตามเวลาที่พักผ่อนด้วย</txt:bold> <wrt:wait,15><wrt:break>ซึ่งนั่นคือข้อดีหลักของการพักผ่อนเลยนะ!","Além disso, quando você descansa, <txt:bold,2>os pontos que perdeu desaparecem conforme o tempo de descanso</txt:bold>. <wrt:wait,15><wrt:break>Essa é a melhor parte do descanso!"
,,,백시우,,1_웃음,,exclam,실점을 줄여준다고요?! 그럼 무조건 쉬어야겠는걸요!,Remove our conceded points? That’s awesome!,失点を減らしてくれるんですか？！じゃあ絶対に休まなきゃですね！,还能减少失分？！那我必须得休息了！,還能減少失分？！那我一定要休息了！,Потерянные очки аннулируются? Ну тогда конечно нужно отдыхать!,Alih keluar mata kami yang dibolosi? Itu hebat!,Giảm số điểm đã mất ư?! Vậy thì tôi phải nghỉ ngơi thật rồi!,"¿Reducir los puntos en contra? ¡Entonces tengo que descansar, sin duda!",Mengurangi kondisi kemasukan? Wah kalau begitu saya harus langsung beristirahat!,ช่วยลดแต้มเสียด้วยเหรอครับ?! ถ้างั้นผมต้องพักผ่อนซะแล้วล่ะครับ!,"Diminui os pontos perdidos!? Então, descansar é crucial!"
,,,홍시,,1_훗,,,"후후, 하나만 알고 둘을 모르는구나. <wrt:wait,15><wrt:break>리그 시작 이후, 몸 풀 시간 조차 부족할만큼 빠른 템포의 경기 속에서의 긴 휴식은 독이다!","But it does have its drawbacks. <wrt:wait,15><wrt:break>In this fast-paced league, where there’s hardly time to even warm up, a long break can lead to serious disadvantages!","ふふ、一を知って二を知らずだな。<wrt:wait,15><wrt:break>だがリーグ開始後、体をほぐす時間すらないほど速いテンポの試合の中での長い休憩はむしろ毒だ！","呵呵，你只知其一不知其二啊。<wrt:wait,15><wrt:break>联赛开始后，比赛节奏快得连热身时间都不够，这种情况下长时间休息反而是毒药。","呵呵，你只知其一不知其二啊。<wrt:wait,15><wrt:break>聯賽開始後，比賽節奏快得連熱身時間都不夠，這種情況下長時間休息反而是毒藥。","Эх, неужели тебе все объяснять нужно...<wrt:wait,15><wrt:break>После начала лиги длинный перерыв может сыграть с тобой злую шутку: на соревнованиях в таком быстром темпе ты не успеешь даже размяться!","Tetapi ia ada kelemahannya. <wrt:wait,15><wrt:break>Dalam liga yang pantas ini, tidak ada masa untuk memanaskan badan, rehat yang panjang boleh membawa kepada keburukan yang serius!","Hehe, cậu chỉ biết một mà không biết hai rồi. <wrt:wait,15><wrt:break>Sau khi giải đấu bắt đầu, Nghỉ Ngơi Dài trong những trận đấu diễn ra nhanh chóng đến nỗi không kịp khởi động cơ thể lại là một sai lầm đấy!","Jeje, sólo sabes una parte de la historia. <wrt:wait,15><wrt:break>Después de que empiece la liga, tomarse un descanso prolongado en medio de un partido tan rápido puede ser perjudicial.","Huhu, kamu itu tidak terlalu cerdas. <wrt:wait,15><wrt:break>Setelah League dimulai, Long Break pada pertandingan dengan tempo sangat cepat sampai-sampai tidak cukup waktu untuk pemanasan itu bisa menjadi racun!","หึหึ แต่อย่าลืมว่าเหรียญมีสองด้านนะ <wrt:wait,15><wrt:break>เพราะหลังจากลีกเริ่มขึ้น การพักผ่อนเต็มอิ่มก็ถือเป็นภัยได้ ในการแข่งขันที่ดำเนินไปอย่างรวดเร็วจนแทบไม่มีเวลาให้วอร์มร่างกาย!","Haha, parece que você ainda não entendeu. <wrt:wait,15><wrt:break>Quando a liga começa, o ritmo dos jogos é tão frenético que não sobra tempo nem para aquecer, então um descanso longo pode ser prejudicial!"
,,,홍시,,1_훗,,,"휴식은 몸을 굳게 만든다는 말이지...! <wrt:wait,15>,<wrt:break>오래 쉰 만큼, 부작용도 확실히 올 테니 주의하도록!","A break can make your body stiff...! <wrt:wait,15><wrt:break>The longer you rest, the more likely you are to face its side effects, so be careful!","休憩は体を硬くするということだ...！<wrt:wait,15>、<wrt:break>長く休んだ分、副作用もはっきり出るから気をつけるんだぞ！","休息会让身体变僵硬的...！<wrt:wait,15><wrt:break>休息时间越长，副作用也就越明显，要当心！","休息會讓身體變得不靈活的...！<wrt:wait,15><wrt:break>休息時間越長，副作用也就越明顯，要小心喔！","Отдых делает твое тело деревянным...!<wrt:wait,15><wrt:break>Так что помни о том, что долгий отдых может иметь обратный эффект.","Rehat boleh membuat badan anda kaku...! <wrt:wait,15><wrt:break>Semakin lama anda berehat, semakin besar kemungkinan anda akan menghadapi kesan sampingannya, jadi berhati-hati!","Nghỉ ngơi làm cho cơ thể cứng đi...! <wrt:wait,15><wrt:break>Càng nghỉ lâu thì tác dụng phụ càng rõ rệt, nên hãy cẩn thận nhé!","El descanso puede hacer que te enfríes... <wrt:wait,15><wrt:break>Cuanto más largo sea el descanso, más fuertes serán los efectos negativos. ¡Ten cuidado!","Break membuat tubuh menjadi kaku...! <wrt:wait,15><wrt:break>Kamu harus berhati-hati karena semakin lama kamu beristirahat akan ada efek samping!","แปลว่าการพักผ่อนทำให้ร่างกายทื่อลงนั่นเอง...! <wrt:wait,15><wrt:break>จำไว้ให้ดีนะ ว่ายิ่งพักผ่อนนาน ก็จะยิ่งมีผลข้างเคียงตามมาด้วยเช่นกัน!","Descansar pode deixar seu corpo duro...<wrt:wait,15><wrt:break>Quanto mais você descansa, maior a chance dos efeitos negativos surgirem, então cuidado!"
,,,백시우,,1_기본,,,"아하, 그렇군요!","Aha, I see!",あぁ、そうなんですね！,啊，原来是这样啊！,啊，原來是這樣啊！,Ага... Понятно!,"Aha, saya faham!","À, ra là vậy!","¡Ah, ya veo!","Oho, jadi begitu!",อ๋อ เข้าใจแล้วครับ!,"Ah, entendi!"
,,,백시우,,1_무표정,,,"<wrt:delay,5>그래서, 누구신지...","<wrt:delay,5>So... who are you again?","<wrt:delay,5>で、どちらさんです...","<wrt:delay,5>那么，您是...","<wrt:delay,5>那麼，你是...","<wrt:delay,5>Так, а кто вы такая?","<wrt:delay,5>Jadi... awak siapa?","<wrt:delay,5>Vậy, cậu là ai thế...?","<wrt:delay,5>Entonces, ¿quién eres exactamente...?","<wrt:delay,5>Ngomong-ngomong, siapa Anda...","<wrt:delay,5>แล้วตกลงว่าคุณคือใคร...","<wrt:delay,5>Então, quem é você mesmo?"
,,,홍시,,1_냠,,,그럼 이 몸은 이만!,"Then, I shall take my leave!",説明は以上、さらばだ！,我先告辞了！,我先告辭了！,"Пожалуй, мне пора!","Baiklah, saya pergi dulu!",Thôi tôi đi đây!,"¡Bueno, es hora de que me vaya!",Kalau begitu sampai jumpa!,งั้นฉันขอตัวก่อนล่ะ!,"Bom, vou indo nessa!"
,무작위_1,#,MAP,,,,,콜로세움,콜로세움,콜로세움,콜로세움,콜로세움,콜로세움,콜로세움,콜로세움,콜로세움,콜로세움,콜로세움,콜로세움
,,#,BGM,,,,,BGM_NEW_BEGINNING,BGM_NEW_BEGINNING,BGM_NEW_BEGINNING,BGM_NEW_BEGINNING,BGM_NEW_BEGINNING,BGM_NEW_BEGINNING,BGM_NEW_BEGINNING,BGM_NEW_BEGINNING,BGM_NEW_BEGINNING,BGM_NEW_BEGINNING,BGM_NEW_BEGINNING,BGM_NEW_BEGINNING
,,#,홍시,2,1_기본,,,,,,,,,,,,,,
,,#,백시우,-2,1_기본,,,,,,,,,,,,,,
,,,홍시,,1_기본,,,소년! 또 왔군!,Young man! We meet again!,少年！また来たのか！,小伙子！又来啦！,老弟！又來啦！,"Эй, парень! Ты снова здесь?",Anak muda! Kita bertemu lagi!,Cậu bé! Cậu lại đến rồi à?!,¡Chico! ¡Has vuelto otra vez!,Bocah! Kau datang lagi!,หนุ่มน้อย! มาอีกแล้วแฮะ!,Você voltou!
,,,백시우,,1_기본,,,"안녕하세요! ... ... ...<wrt:delay,5>그, 성함이...","Hello! ... ... ... <wrt:delay,5>So... uh... you never told me your name.","こんにちは！.........<wrt:delay,5>あの、お名前は...","您好！......<wrt:delay,5>那个，请问您尊姓大名...","你好！......<wrt:delay,5>那個，請問怎麼稱呼...","Здравствуйте! ... ... <wrt:delay,5> Так... Как вас зовут?","Helo! ... ... ... <wrt:delay,5>Jadi... eh... anda tak pernah bagitahu nama awak.","Chào cậu! ... ... ...<wrt:delay,5> À, cậu tên là...","¡Hola! ... ... ...<wrt:delay,5>¿Tu nombre era...?","Apa kabar! ... ... ...<wrt:delay,5>Nama Anda itu...","สวัสดีครับ! ... ... ...<wrt:delay,5>เอ่อ คุณชื่อ...","Oi! ... <wrt:delay,5>Qual é o seu nome mesmo?"
,,,홍시,,1_훗,,,"오호, 이 몸의 이름은 <txt:bold,2>홍시</txt:bold>다! 앞으론 똑똑히 기억하도록!","The name’s <txt:bold,2>Hongshi</txt:bold>! Make sure to remember it well!","おお、私の名は<txt:bold,2>白羽日向乃</txt:bold>だ！これからはしっかり覚えておくんだぞ！","哦哦，我叫<txt:bold,2>红柿</txt:bold>！记清楚了！","哦哦，我叫<txt:bold,2>洪詩</txt:bold>！別把我給忘囉！","Ха-ха! Это бренное тело зовут <txt:bold,2>Хонши</txt:bold>! Хорошенько запомни!","Nama saya <txt:bold,2>Hongshi</txt:bold>! Pastikan anda mengingatnya dengan baik!","Ồ, tên tôi là <txt:bold,2>Hongsi</txt:bold>! Từ giờ hãy nhớ kỹ nhé!","¡Oh! Mi nombre es <txt:bold,2>Hongsi</txt:bold>. ¡Recuerda bien de ahora en adelante!","Oho, nama diriku ini adalah <txt:bold,2>Hongsi</txt:bold>! Ingat baik-baik untuk kedepannya!","อ้อ ฉันชื่อ<txt:bold,2>ฮงชี</txt:bold>! จำชื่อฉันไว้ด้วยล่ะ!","Ah, meu nome é <txt:bold,2>Hongshi</txt:bold>! Guarda esse nome!"
,,,홍시,,1_훗,,,"그럼, 즐거운 휴식 되도록!",Enjoy the rest of your break!,それでは、効率よい休憩を！,那么，祝你休息愉快！,那麼你好好休息吧！,И хорошего отдыха!,Nikmati masa rehat anda yang selebihnya!,"Vậy, chúc cậu nghỉ ngơi vui vẻ!","¡Bueno, que tengas un buen descanso!","Kalau begitu, nikmati Break-mu!",ถ้างั้นก็พักผ่อนให้เต็มที่นะ!,Aproveita esse tempo de descanso!
,무작위_2,#,MAP,,,,,콜로세움,콜로세움,콜로세움,콜로세움,콜로세움,콜로세움,콜로세움,콜로세움,콜로세움,콜로세움,콜로세움,콜로세움
,,#,BGM,,,,,BGM_NEW_BEGINNING,BGM_NEW_BEGINNING,BGM_NEW_BEGINNING,BGM_NEW_BEGINNING,BGM_NEW_BEGINNING,BGM_NEW_BEGINNING,BGM_NEW_BEGINNING,BGM_NEW_BEGINNING,BGM_NEW_BEGINNING,BGM_NEW_BEGINNING,BGM_NEW_BEGINNING,BGM_NEW_BEGINNING
,,#,홍시,2,1_기본,,,,,,,,,,,,,,
,,#,백시우,-2,1_기본,,,,,,,,,,,,,,
,,,홍시,,1_기본,,,소년! 오랜만이다!,Young man! Long time no see!,少年！久しぶりだな！,小伙子！好久不见啦！,老弟！好久不見啦！,"Эй, парень! Давно не виделись!",Anak muda! dah lama tak jumpa!,Cậu bé! Lâu rồi không gặp!,¡Chico! ¡Cuánto tiempo sin verte!,Bocah! Lama tak jumpa!,หนุ่มน้อย! ไม่ได้เจอกันนานเลยนะ!,Há quanto tempo!
,,,백시우,,1_웃음,,,안녕하세요!,Good to see you!,こんにちは！,您好！,你好！,Здравствуйте!,Senang jumpa awak!,Chào cậu!,¡Hola!,Apa kabar!,สวัสดีครับ!,Oi!
,,,백시우,,1_기본,,,"...아, 예전부터 궁금했는데... 콜로세움엔 어쩌다 오신 건가요?",And uh... I was always curious. What brought you to the Colosseum?,...あ、前から気になっていたんですけど...コロッセオにはどうして来られたんですか？,...啊，我一直很好奇...您是怎么来到竞技场的呢？,...其實我一直很好奇...你是怎麼來到競技場的？,Мне всегда было интересно... Что вы делаете в Колизее?,Dan eh... Saya selalu nak tahu. Apa yang membawa kamu ke Colosseum?,"...À, từ trước tôi đã muốn biết điều này... Sao cậu lại đến Đấu Trường vậy?","...Ah, he tenido curiosidad desde hace tiempo... ¿Cómo llegaste al Coliseo?","...Oh, sejak pertama saya sangat penasaran... Ada urusan apa Anda ke Colosseum?",...เอ่อ คือผมสงสัยมาตั้งแต่ก่อนหน้านี้แล้ว... ว่าคุณมาทำอะไรที่โคลอสเซียมเหรอครับ?,Ah... Sempre quis perguntar... Como veio parar aqui no Coliseu?
,,,홍시,,1_냠,,,"오호, 좋은 질문이군. <wrt:wait,15><wrt:break> 소개부터 제대로 하자면, 나는 옆 나라에서 온 배구 선수다!","That’s a great question. <wrt:wait,15><wrt:break>Let me properly introduce myself—I’m a volleyball player from a neighboring country!","おお、良い質問だ。<wrt:wait,15><wrt:break>改めて紹介すると、私は隣の国から来たバレーボール選手だ！","哦哦，问得好。<wrt:wait,15><wrt:break>我来介绍一下，我是从邻国来的排球选手！","哦哦，問得好。<wrt:wait,15><wrt:break>我來介紹一下，我是從鄰國來的排球選手！","Ха-ха, хороший вопрос.<wrt:wait,15><wrt:break>Что же, я приехала из соседней страны.","Itu soalan yang bagus. <wrt:wait,15><wrt:break>Biar saya perkenalkan diri saya dengan betul—saya pemain bola tampar dari negara jiran!","Ồ, câu hỏi hay đấy. <wrt:wait,15><wrt:break> Xin được giới thiệu một cách đàng hoàng, tôi là một cầu thủ bóng chuyền đến từ nước láng giềng!","Oh, buena pregunta. <wrt:wait,15><wrt:break> Para presentarme adecuadamente, soy una jugadora de voleibol del país vecino.","Oho, pertanyaan bagus. <wrt:wait,15><wrt:break> Jika aku perkenalkan diriku dengan lebih jelas, aku adalah atlet bola voli yang datang dari negara tetangga!","โอ๊ะโอ เป็นคำถามที่ดีแฮะ <wrt:wait,15><wrt:break> ถ้าให้แนะนำตัวอย่างเป็นทางการล่ะก็ ฉันคือนักกีฬาวอลเลย์บอลที่มาจากประเทศเพื่อนบ้านน่ะ!","Oh! Ótima pergunta! <wrt:wait,15><wrt:break>Eu sou jogadora de vôlei de um país aqui perto."
,,,홍시,,1_기본,wave,,"우리 쪽 경기에 적용해볼만한 건 없을까, 배워나가고자 참관 중이지. <wrt:wait,15><wrt:break> 우린 꽤나 특별한 경기를 하거든... 후훗!","I’m here to observe and see if there’s anything we can apply to our own matches. <wrt:wait,15><wrt:break>We play a rather unique game, you see... Haha!","私たちの試合に応用できるものはないか、勉強するために参観しているんだ。<wrt:wait,15><wrt:break>私たちはかなり特別な試合をするからな...ははっ！","我是来学习一些可以用到我们那边比赛的东西。<wrt:wait,15><wrt:break>我们那边的比赛可是相当特别的...呵呵！","我是來觀摩學習的，想看能不能學到些對我們那裡比賽有用的技巧。<wrt:wait,15><wrt:break>我們那邊的比賽可是相當特別...呵呵！","Решила принять участие с расчетом научиться здесь чему-то новенькому, чтобы потом использовать это у себя на родине.<wrt:wait,15><wrt:break>У нас соревнования по-особенному проходят!","Saya di sini untuk memerhati dan melihat jika ada apa-apa yang boleh kami gunakan untuk perlawanan kami sendiri. <wrt:wait,15><wrt:break>Kami bermain permainan yang agak unik, anda boleh lihat... Haha!","Tôi đang tham quan để học hỏi những điều có thể áp dụng cho trận đấu bên tôi. <wrt:wait,15><wrt:break> Vì chúng tôi có một kiểu thi đấu khá đặc biệt... Haha!","Estoy aquí observando para ver si hay algo que pueda aplicar en nuestros juegos. <wrt:wait,15><wrt:break> ¡Tenemos un partido bastante especial... jeje!","Aku datang untuk menonton sekalian untuk mempelajari, apa ada yang bisa diterapkan di pertandingan negara-ku. <wrt:wait,15><wrt:break> Cara kita bermain bisa dibilang sangat unik... Huhu!","ฉันกำลังคอยสังเกตการณ์ ว่ามีอะไรที่พอจะเอาไปปรับใช้กับการแข่งขันของเราได้บ้าง <wrt:wait,15><wrt:break> เพราะเรามีการแข่งขันที่ค่อนข้างจะพิเศษมากเลย... หึหึ!","Vim para aprender e buscar algo que possa aplicar nos nossos jogos. <wrt:wait,15><wrt:break>Nós fazemos partidas bem diferentes... Haha!"
,,,홍시,,1_기본,wave,,"아무튼, 이곳의 강자들을 보며 꽤 많은 영감을 얻고 있다!","Anyway, I’m gaining a lot of inspiration from watching the players here.",とにかく、ここの強者たちを見てかなりの刺激を受けている！,总之，我从这里的高手们身上学到了不少！,總之，我從這裡的高手們身上學到了不少！,"Здесь столько способных игроков, которые так меня вдохновляют!","Bagaimanapun, saya mendapat banyak inspirasi daripada menonton pemain di sini.",Dù sao thì tôi cũng đang có được rất nhiều cảm hứng khi xem các cầu thủ mạnh ở đây!,"De todos modos, he obtenido mucha inspiración observando a los campeones de este lugar.","Pokoknya, aku telah memperoleh banyak inspirasi setelah menonton pertandingan dari atlet-atlet kuat disini.",ยังไงก็เถอะ ฉันได้เห็นคนแกร่งๆ ในที่แห่งนี้ แล้วก็ได้รับแรงบันดาลใจเพียบเลยล่ะ!,"Mas, de qualquer forma, estou ganhando muita inspiração vendo os craques daqui!"
,,,홍시,,1_훗,,,보아하니 자네도 꽤 강한 듯 한데... 준비가 다 되면 초대해주도록 하지!,"And it seems you’re quite strong yourself... When I’m ready, I’ll be sure to invite you for a match!",見たところ君もかなり強そうだが...準備ができたら招待してあげよう！,看起来你也挺厉害的...等我这边准备妥当，就邀请你过来！,看起來你也挺厲害的...等一切準備好了，我就邀請你來吧！,"Кстати говоря, ты тоже, кажешься крепким орешком... Я приглашу тебя сыграть с нами как-нибудь. Когда будешь готов.","Dan nampaknya anda sendiri cukup kuat... Apabila saya sudah bersedia, saya pasti akan menjemput anda untuk perlawanan!","Nhìn cậu cũng khá mạnh đấy... Khi nào chuẩn bị xong, tôi sẽ mời cậu đến!","Viéndote, pareces bastante fuerte... ¡Te invitaré cuando todo esté preparado!","Dari yang ku lihat kamu juga terlihat cukup tangguh... Setelah menyelesaikan persiapan, aku akan mengirimkan surat undangan kepadamu juga!",นายก็น่าจะแกร่งมากไม่เบาเลยนะ... ถ้าเตรียมการพร้อมเมื่อไหร่ ฉันจะเชิญนายด้วยก็แล้วกัน!,"Você também parece forte... Quando tudo estiver pronto, vou te convidar também!"
,,,TAG,,,,,"<eff:black,4>","<eff:black,4>","<eff:black,4>","<eff:black,4>","<eff:black,4>","<eff:black,4>","<eff:black,4>","<eff:black,4>","<eff:black,4>","<eff:black,4>","<eff:black,4>","<eff:black,4>"
,,,TAG,,,,,"<cha:hide,백시우><cha:pos,홍시,0>","<cha:hide,백시우><cha:pos,홍시,0>","<cha:hide,백시우><cha:pos,홍시,0>","<cha:hide,백시우><cha:pos,홍시,0>","<cha:hide,백시우><cha:pos,홍시,0>","<cha:hide,백시우><cha:pos,홍시,0>","<cha:hide,백시우><cha:pos,홍시,0>","<cha:hide,백시우><cha:pos,홍시,0>","<cha:hide,백시우><cha:pos,홍시,0>","<cha:hide,백시우><cha:pos,홍시,0>","<cha:hide,백시우><cha:pos,홍시,0>","<cha:hide,백시우><cha:pos,홍시,0>"
,,,홍시,,1_난처,,,"<wrt:delay,5>... ...","<wrt:delay,5>... ...","<wrt:delay,5>... ...","<wrt:delay,5>... ...","<wrt:delay,5>... ...","<wrt:delay,5>... ...","<wrt:delay,5>... ...","<wrt:delay,5>... ...","<wrt:delay,5>... ...","<wrt:delay,5>... ...","<wrt:delay,5>... ...","<wrt:delay,5>... ..."
,,,홍시,,,,,"휴우, 어떻게든 속여 넘겼나...","Phew, I think I managed to deceive them...",ひゅう、なんとかごまかせたか...,呼，总算是蒙混过关了...,呼，總算是矇混過關了...,"Фух, обман сработал...","Fuh, saya rasa saya berjaya memperdayakan mereka...","Phù, không biết làm sao mà qua mặt được...","Uf, ¿realmente logré engañarlo...?","Hyuhh, sepertinya dia mempercayai perkataanku...",ฮู้ว หลงกลแล้วรึเปล่านะ...,"Ufa, acho que consegui enganar ele..."
,무작위_3,#,MAP,,,,,콜로세움,콜로세움,콜로세움,콜로세움,콜로세움,콜로세움,콜로세움,콜로세움,콜로세움,콜로세움,콜로세움,콜로세움
,,#,BGM,,,,,BGM_NEW_BEGINNING,BGM_NEW_BEGINNING,BGM_NEW_BEGINNING,BGM_NEW_BEGINNING,BGM_NEW_BEGINNING,BGM_NEW_BEGINNING,BGM_NEW_BEGINNING,BGM_NEW_BEGINNING,BGM_NEW_BEGINNING,BGM_NEW_BEGINNING,BGM_NEW_BEGINNING,BGM_NEW_BEGINNING
,,#,홍시,2,1_기본,,,,,,,,,,,,,,
,,#,백시우,-2,1_기본,,,,,,,,,,,,,,
,,,홍시,,1_기본,,,소년! 휴식하러 왔나?,Young man! Are you here for a break?,少年！休憩しに来たのか？,小伙子！来休息啦？,老弟！來休息啦？,"Эй, парень! Пришел отдохнуть?",Anak muda! Adakah anda berada di sini untuk berehat?,Cậu bé! Đến nghỉ ngơi à?,¡Chico! ¿Has venido a descansar?,Bocah! Apa kamu datang untuk Break?,หนุ่มน้อย! มาพักผ่อนเหรอ?,Veio descansar?
,,,백시우,,1_웃음,,,"네, 안녕하세요!",Hello and yes!,はい、こんにちは！,是的，您好！,是啊，又見面了呢！,"Да, здравствуйте!",Hello dan ya!,"Ừ, chào cậu!","¡Sí, hola!","Iya, apa kabar!",ใช่ครับ สวัสดีครับ!,"Sim, oi!"
,,,백시우,,1_기본,,,그나저나 항상 느끼는 거지만... 말투가 독특하시네요!,"By the way, I’ve been noticing... your way of speaking is quite unique!",いつも思ってたんですが...話し方が独特ですね！,话说回来，我一直有个感觉...您说话的方式很独特呢！,話說回來，我一直覺得...你說話的方式很獨特耶！,"Мне всегда казалось, что у вас особенная манера речи...",Saya perasan... cara pertuturan anda agak unik!,"Nhân tiện, tôi luôn cảm thấy... cách nói chuyện của cậu rất đặc biệt!",Siempre siento que... ¡Tu forma de hablar es única!,Ngomong-ngomong saya selalu merasa... Cara berbicara Anda sangat unik sekali!,แต่ผมรู้สึกมาตลอดเลย... ว่าคุณมีลักษณะการพูดที่เป็นเอกลักษณ์จังนะครับ!,"Ah, sempre achei interessante... Você tem um jeito único de falar!"
,,,홍시,,1_헉,,,"음? 그건 내가 하고 싶은 소리다, 소년!","Hmm? That’s exactly what I wanted to say to you, young man!",ん？それはこっちのセリフだ、少年！,嗯？这话我也想对你说，小伙子！,嗯？我覺得你也差不多，老弟！,"Чего? Я хотела сказать то же самое о тебе, парень!","Hmm? Itulah yang saya ingin katakan kepada anda, anak muda!","Hửm? Tôi cũng định nói với cậu câu đó đấy, cậu bé!","¿Hmm? Eso es lo que debería decir yo, chico.","Hmm? Itu yang aku ingin katakan padamu, bocah!",หืม? นั่นคือสิ่งที่ฉันอยากจะพูดกับนายเลยนะ หนุ่มน้อย!,"Hmm? Exatamente o que eu ia dizer, garoto!"
,,,백시우,,1_정적,nervous,,"<wrt:delay,5>... ... ...</wrt:delay>그렇군요!","<wrt:delay,5>... ... ...</wrt:delay> I see!","<wrt:delay,5>.........</wrt:delay>そうですね！","<wrt:delay,5>......</wrt:delay>原来如此！","<wrt:delay,5>......</wrt:delay>原來如此！","<wrt:delay,5>... ... ...</wrt:delay>А... Вот как!","<wrt:delay,5>... ... ...</wrt:delay> Saya faham!","<wrt:delay,5>... ... ...</wrt:delay>Ra là vậy!","<wrt:delay,5>... ... ...</wrt:delay>¡Ya veo!","<wrt:delay,5>... ... ...</wrt:delay>Begitu!","<wrt:delay,5>... ... ...</wrt:delay>อ๋อครับ!","<wrt:delay,5>...</wrt:delay> Certo!"
,무작위_4,#,MAP,,,,,콜로세움,콜로세움,콜로세움,콜로세움,콜로세움,콜로세움,콜로세움,콜로세움,콜로세움,콜로세움,콜로세움,콜로세움
,,#,BGM,,,,,BGM_NEW_BEGINNING,BGM_NEW_BEGINNING,BGM_NEW_BEGINNING,BGM_NEW_BEGINNING,BGM_NEW_BEGINNING,BGM_NEW_BEGINNING,BGM_NEW_BEGINNING,BGM_NEW_BEGINNING,BGM_NEW_BEGINNING,BGM_NEW_BEGINNING,BGM_NEW_BEGINNING,BGM_NEW_BEGINNING
,,#,홍시,2,1_기본,,,,,,,,,,,,,,
,,#,백시우,-2,1_기본,,,,,,,,,,,,,,
,,,홍시,,1_기본,,,소년! 몸이 뻐근해보이는군!,Young man! You look all stiff!,少年！体がこわばっているようだな！,小伙子！看你浑身僵硬啊！,老弟！你看起來很不舒服的樣子！,"Эй парень, чего ты как одеревеневший!",Anak muda! Badan anda nampak lenguh!,Cậu bé! Trông có vẻ mệt mỏi đấy!,¡Chico! ¡Pareces un poco rígido!,Bocah! Tubuhmu terlihat sedang pegal!,หนุ่มน้อย! ร่างกายดูเพลียๆ นะเนี่ย!,Seu corpo parece estar todo tenso!
,,,백시우,,1_기본,,,"하핫, 그러게요. 아무래도 쉬지 않고 경기를 하다보니...","Haha, yeah... I’ve been playing nonstop!",はは、そうですね。やっぱり休まずに試合を続けていると...,哈哈，是啊。一直在比赛，没休息过...,哈哈是啊，一直在比賽都沒時間休息...,"Ха-ха, и правда. Наверное, из-за того, что играл без перерыва...","Haha, yeah... Saya main tanpa henti!","Haha, đúng vậy. Có lẽ do cứ thi đấu liên tục mà không nghỉ...","Ja ja, sí. Creo que es porque he estado jugando sin descanso...","Haha, benar sekali. Mungkin karena terus bertanding tanpa istirahat...",ฮ่าฮ่า คงงั้นแหละครับ เพราะแข่งแบบไม่ได้พักเลย...,"Haha, verdade, acho que foi o excesso de jogo..."
,,,홍시,,1_냠,,,"오호, 그럴 땐 적절한 휴식이 좋지. 어서 와서 쉬도록 해라!","In times like these, taking breaks is important! Come here and rest up!",おお、そんな時は適度な休憩がよいぞ。さあ、来て休むのだ！,哦哦，这时候适当休息很有必要。快来歇歇吧！,哦哦，這種時候最需要適當的休息了。快休息一下吧！,В таком случае тебе точно необходим отдых! Скорее отдыхай!,"Pada ketika ini, berehat adalah penting! Datang ke sini dan berehat!","Ồ, trong trường hợp đó thì nghỉ ngơi hợp lý là hay nhất. Mau vào đây nghỉ đi!","Oh, en ese caso, un descanso adecuado es lo mejor. ¡Ven y descansa!","Oho, pada saat itu kamu memerlukan Break yang cukup. Cepat kesini dan beristirahatlah!",โอ๊ะโอ งั้นก็ต้องพักผ่อนให้เพียงพอนะ รีบมาพักผ่อนซะสิ!,"Bom, nesse caso, nada como um bom descanso. Vem descansar logo!"
,무작위_5,#,MAP,,,,,콜로세움,콜로세움,콜로세움,콜로세움,콜로세움,콜로세움,콜로세움,콜로세움,콜로세움,콜로세움,콜로세움,콜로세움
,,#,BGM,,,,,BGM_NEW_BEGINNING,BGM_NEW_BEGINNING,BGM_NEW_BEGINNING,BGM_NEW_BEGINNING,BGM_NEW_BEGINNING,BGM_NEW_BEGINNING,BGM_NEW_BEGINNING,BGM_NEW_BEGINNING,BGM_NEW_BEGINNING,BGM_NEW_BEGINNING,BGM_NEW_BEGINNING,BGM_NEW_BEGINNING
,,#,홍시,2,1_기본,,,,,,,,,,,,,,
,,#,백시우,-2,1_기본,,,,,,,,,,,,,,
,,,홍시,,1_기본,,,소년! 고생 많았다!,Young man! Good work out there!,少年！お疲れ様！,小伙子！辛苦了！,老弟！辛苦了！,"Эй, парень! Хорошая работа!",Anak muda! Bagus usaha anda tadi!,Cậu bé! Vất vả rồi!,¡Chico! ¡Has trabajado duro!,Bocah! Kamu telah berusaha keras!,หนุ่มน้อย! เหนื่อยแย่เลยสิ!,Garoto! Você se esforçou muito!
,,,홍시,,1_냠,,,"여기, 내가 직접 우린 차를 마시며 휴식을 취하도록!",Come here and rest! I even made special tea!,ほら、私が入れたお茶を飲んで休むといい！,来，喝点我亲自泡的茶，好好休息一下！,來，喝點我親自泡的茶，好好休息一下！,"Вот тебе чашка чая, я сама заварила! Хорошенько отдохни!",Datang ke sini dan berehat! Saya juga membuat teh istimewa!,"Đây, uống tách trà tôi tự pha rồi nghỉ ngơi nhé!","¡Aquí, toma este té que yo misma he preparado y descansa un poco!","Ini, teh yang telah aku seduh sendiri, istirahatlah sambil minum ini!",ดื่มชาที่ฉันชงเองแล้วก็พักผ่อนซะนะ!,"Aqui, tome esse chá que eu preparei para você relaxar!"
,,,백시우,,1_웃음,,,"앗...! 감사합니다, 잘 마실게요!",Oh...! Thank you!,わぁ...！ありがとうございます、いただきます！,啊...！谢谢您，我会好好品尝的！,啊...！謝謝，我會好好品嚐的！,"Ой, большое спасибо!",Oh...! terima kasih!,"A...! Cảm ơn cậu, tôi sẽ uống!","¡Ah...! Gracias, lo beberé con gusto.",Eh...! Terima kasih banyak atas minumannya!,โอ๊ะ...! ขอบคุณนะครับ ผมจะดื่มให้หมดเลย!,"Ah! Obrigado, vou apreciar cada gole!"
,,,백시우,,2_당황,,,"<wrt:delay,5>... ... ... <wrt:wait,15><wrt:break>으윽, 이 차 엄청 쓰네요...!","<wrt:delay,5>... ... ... <wrt:wait,15><wrt:break>Ugh, this tea tastes really bitter...!","<wrt:delay,5>.........<wrt:wait,15><wrt:break>うっ、このお茶すごく苦いですね...！","<wrt:delay,5>......<wrt:wait,15><wrt:break>呃，这茶好苦啊...！","<wrt:delay,5>......<wrt:wait,15><wrt:break>呃，這茶好苦啊...！","<wrt:delay,5>... ... ... <wrt:wait,15><wrt:break>Ой... Какой горький!","<wrt:delay,5>... ... ... <wrt:wait,15><wrt:break>Eh, teh ini rasanya pahit...!","<wrt:delay,5>... ... ... <wrt:wait,15><wrt:break>Ôi, trà này đắng quá...!","<wrt:delay,5>... ... ... <wrt:wait,15><wrt:break>Ugh, este té es muy amargo...!","<wrt:delay,5>... ... ... <wrt:wait,15><wrt:break>Erghhh, teh ini pahit sekali...!","<wrt:delay,5>... ... ... <wrt:wait,15><wrt:break>อึก ชาขมจังครับ...!","<wrt:delay,5>...<wrt:wait,15> <wrt:break>Urgh, que chá amargo!"
,,,홍시,,1_훗,,,기력을 회복하는 재료를 넣은 전통차다! 건강한 맛이지!,It’s a traditional tea made of special leaves that restore energy! It’s got a wholesome taste!,体力を回復させる材料を入れた伝統茶だ！健康的な味さ！,这是加了恢复体力材料的传统茶！健康的味道！,這是加了恢復體力配方的傳統茶！健康的味道！,Это традиционный чай для восстановления энергии! Вкус природы!,Ia adalah teh tradisional yang diperbuat daripada daun khas yang memulihkan tenaga! Ia mempunyai rasa yang sihat!,Đây là trà truyền thống có nguyên liệu giúp hồi phục sức lực! Vị rất tốt cho sức khỏe đấy!,¡Es un té tradicional con ingredientes que restauran la energía! ¡Es un sabor saludable!,Ini adalah teh tradisional untuk memulihkan stamina! Itu adalah rasa yang sehat!,มันคือชาพื้นบ้านที่ใส่วัตถุดิบที่ช่วยฟื้นฟูกำลังวังชาลงไปน่ะ! เป็นรสชาติแบบสุขภาพดียังไงล่ะ!,"É uma receita tradicional, cheia de ingredientes revigorantes! Tem um gosto muito saudável!"
,,,백시우,,3_난감,,,"화, 확실히... <txt:color,grey>(혀가 마비될 것 같아...)","Y-yeah... <txt:color,grey>(I can’t feel my tongue...!)","た、確かに...<txt:color,grey>(舌が麻痺しそう...)","确、确实...<txt:color,grey>(感觉舌头都要麻木了...)","確、確實...<txt:color,grey>(感覺舌頭都要麻木了...)","Это т-точно...<txt:color,grey>(У меня язык немеет...)","Y-ye... <txt:color,grey>(Saya tidak dapat rasa lidah saya...!)","Đúng... đúng thật vậy... <txt:color,grey>(Lưỡi tê cứng luôn rồi...)","¡Sí, de-definitivamente... <txt:color,grey>(Parece que mi lengua se va a adormecer...)","Be, begitu... <txt:color,grey>(Lidahku terasa lumpuh...)","มะ มันก็... <txt:color,grey>(เหมือนลิ้นจะชาไปเลย...)","Ah... sem dúvida... <txt:color,grey>(Minha língua está começando a ficar dormente...)"
,무작위_6,#,MAP,,,,,콜로세움,콜로세움,콜로세움,콜로세움,콜로세움,콜로세움,콜로세움,콜로세움,콜로세움,콜로세움,콜로세움,콜로세움
,,#,BGM,,,,,BGM_NEW_BEGINNING,BGM_NEW_BEGINNING,BGM_NEW_BEGINNING,BGM_NEW_BEGINNING,BGM_NEW_BEGINNING,BGM_NEW_BEGINNING,BGM_NEW_BEGINNING,BGM_NEW_BEGINNING,BGM_NEW_BEGINNING,BGM_NEW_BEGINNING,BGM_NEW_BEGINNING,BGM_NEW_BEGINNING
,,#,홍시,2,1_기본,,,,,,,,,,,,,,
,,#,백시우,-2,1_기본,,,,,,,,,,,,,,
,,,홍시,,1_기본,,,소년! 또다시 쉬러 왔나?,Young man! Are you here for another break?,少年！また休みに来たのか？,小伙子！又来休息啦？,老弟！又來休息啦？,Парень! Ты снова на отдых?,Anak muda! Adakah anda di sini untuk berehat lagi?,Cậu bé! Lại đến nghỉ ngơi à?,¡Chico! ¿Has venido a descansar otra vez?,Bocah! Apa kamu datang untuk istirahat lagi?,หนุ่มน้อย! มาพักผ่อนอีกแล้วเหรอ?,Voltou pra descansar de novo?
,,,백시우,,1_기본,,,"네, 슬슬 피곤해져서 말이죠.","Yeah, I’m starting to feel a bit tired.",はい、そろそろ疲れてきたので。,是啊，慢慢觉得累了。,是啊，開始覺得有點吃不消了。,"Да, я все больше чувствую усталость.","Ya, saya mula berasa agak letih.","Ừm, tôi dần bắt đầu cảm thấy mệt rồi.","Sí, estoy empezando a cansarme un poco.","Iya, karena saya mulai merasa lelah.",ครับ ผมเริ่มรู้สึกล้าขึ้นมาน่ะครับ,"Sim, o cansaço está me pegando."
,,,홍시,,1_기본,,,그렇군! 너무 오래 쉬어서 몸이 굳지는 않도록 주의하도록!,I see! But don’t get too comfortable—you'll end up stiff as a board!,そうか！あまり長く休んで体が硬くならないように気をつけるんだぞ！,是吗！注意别休息太久，身体会僵硬的！,原來如此！那可別休息太久，身體會僵掉的！,"Ясно! Только помни, что отдых полезен в меру!",Begitu! Tapi jangan berehat terlalu lama sampai badan anda kaku!,Ra vậy! Cẩn thận đừng nghỉ quá lâu kẻo cơ thể bị cứng lại nhé!,¡Ya veo! ¡Ten cuidado de no quedarte demasiado tiempo o te pondrás rígido!,Begitu! Hati-hati untuk tidak beristirahat terlalu panjang karena itu membuat tubuh menjadi kaku!,งั้นเหรอ! ระวังอย่าพักผ่อนนานเกินจนร่างกายทื่อล่ะ!,"Entendi! Cuidado para não descansar muito, ou seu corpo vai travar!"
,,,홍시,,1_훗,,,휴식은 언제나 부작용이 오기 마련! 잊지 않았겠지?,"Breaks always come with side effects, remember that!",休憩には常に副作用がつきまとう！忘れていないだろうな？,休息总有副作用的！别忘了啊？,休息總有副作用的！別忘了喔～,"Слишком долгий отдых дает обратный эффект, помнишь?","Rehat sentiasa datang dengan kesan sampingan, ingat bahawa!",Nghỉ ngơi luôn có tác dụng phụ đấy! Cậu không quên chứ?,¡El descanso siempre tiene efectos secundarios! ¡No lo olvides!,Akan selalu ada efek samping dari Break! Kamu tidak lupa kan?,ยังไม่ลืมใช่ไหม? ว่าการพักผ่อนย่อมมีผลข้างเคียงตามมาเสมอ!,"Lembre-se, descansar demais tem seus efeitos negativos! Não se esqueça!"
,,,TAG,,,,,"<cha:hide,백시우>",,,,,,,,,,,
,,,홍시,,1_훗,pause,,"<wrt:delay,5>... ... ...","<wrt:delay,5>... ... ...","<wrt:delay,5>.........","<wrt:delay,5>......","<wrt:delay,5>......","<wrt:delay,5>... ... ...","<wrt:delay,5>... ... ...","<wrt:delay,5>... ... ...","<wrt:delay,5>... ... ...","<wrt:delay,5>... ... ...","<wrt:delay,5>... ... ...","<wrt:delay,5>..."
,,,홍시,,1_난처,,,"<wrt:delay,5>... ... ...</wrt:delay,5>오호, 이미 잠들었군!","<wrt:delay,5>... ... ... </wrt:delay,5>Oh ho, already asleep I see!","<wrt:delay,5>.........</wrt:delay,5>おお、もう寝てしまったか！","<wrt:delay,5>......</wrt:delay,5>哦哦，已经睡着了啊！","<wrt:delay,5>......</wrt:delay,5>哦哦，已經睡著了啊！","<wrt:delay,5>... ... ...</wrt:delay,5>Ха-ха, как быстро уснул!","<wrt:delay,5>... ... ... </wrt:delay,5>Oh ho, sudah tertidur saya nampak!","<wrt:delay,5>... ... ...</wrt:delay,5>Ồ, đã ngủ mất tiêu rồi!","<wrt:delay,5>... ... ...</wrt:delay,5>¡Oh, ya te has quedado dormido!","<wrt:delay,5>... ... ...</wrt:delay,5>Oho, sepertinya dia sudah ketiduran!","<wrt:delay,5>... ... ...</wrt:delay,5>โอ๊ะโอ หลับไปซะแล้วแฮะ!","<wrt:delay,5>... </wrt:delay,5>Ah, já caiu no sono!"
,무작위_7,#,MAP,,,,,콜로세움,콜로세움,콜로세움,콜로세움,콜로세움,콜로세움,콜로세움,콜로세움,콜로세움,콜로세움,콜로세움,콜로세움
,,#,BGM,,,,,BGM_NEW_BEGINNING,BGM_NEW_BEGINNING,BGM_NEW_BEGINNING,BGM_NEW_BEGINNING,BGM_NEW_BEGINNING,BGM_NEW_BEGINNING,BGM_NEW_BEGINNING,BGM_NEW_BEGINNING,BGM_NEW_BEGINNING,BGM_NEW_BEGINNING,BGM_NEW_BEGINNING,BGM_NEW_BEGINNING
,,#,홍시,2,1_기본,,,,,,,,,,,,,,
,,#,백시우,-2,1_기본,,,,,,,,,,,,,,
,,,홍시,,1_기본,,,"소년, 또 왔군!",Young man! You’re back again!,少年、また来たか！,小伙子，又来啦！,老弟，又來啦！,"Эй, парень! Ты снова здесь?",Anak muda! Anda kembali lagi!,"Cậu bé, lại đến rồi à?",¡Chico! ¡Has vuelto otra vez!,"Bocah, kamu datang lagi!",หนุ่มน้อย มาอีกแล้วแฮะ!,Olha só quem voltou!
,,,백시우,,1_웃음,,,"네, 오랜만이에요!","Yes, it’s been a while!",はい、お久しぶりです！,是啊，好久不见了！,是啊，好久不見！,Давно не виделись!,"Ya, sudah lama!","Ừ, lâu rồi không gặp cậu!","¡Sí, cuánto tiempo!","Iya, lama tidak jumpa!",ครับ ไม่ได้เจอกันนานเลยนะครับ!,"Sim, faz um bom tempo!"
,,,백시우,,1_엥,,,그나저나... 직접 콜로세움에서 참여는 안 하시나요?,By the way... don’t you ever participate in the Colosseum matches yourself?,それにしても...直接コロッセオに参加されないんですか？,话说...您不亲自参加竞技场的比赛吗？,話說...你不親自參加競技場的比賽嗎？,А вы сами... В Колизее не участвуете?,Oh ya.. adakah anda tidak pernah mengambil bahagian dalam perlawanan Colosseum sendiri?,Nhân tiện... cậu không trực tiếp tham gia Đấu Trường sao?,Pero... ¿No participas directamente en los juegos del Coliseo?,Ngomong-ngomong... Apa Anda tidak berniat untuk berpartisipasi langsung dalam Colosseum?,ว่าแต่... คุณไม่ได้ลงแข่งในโคลอสเซียมบ้างเลยเหรอครับ?,Aliás... Por que você não participa das partidas no Coliseu?
,,,홍시,,1_훗,,,후훗... 이 몸이 꽤나 강하다는 걸 눈치 챈 모양이지? <wrt:break> 그런 눈으로 봐도 경기는 해줄 수 없다!,"Heh... It seems you’ve noticed how strong I am, huh? <wrt:break>But even if you look at me with those eager eyes, I won’t be joining the matches!",ふふっ...この私がかなり強いということに気付いたようだな？<wrt:break>そんな期待した目で見ても試合はしてあげられないぞ！,呵呵...看来你察觉到我很强了啊？<wrt:break>即便你这么看着我，我也不会陪你比赛的！,呵呵...看來你察覺到我的實力了啊？<wrt:break>即便你這麼看著我，我也不會陪你比賽的！,"Ха-ха, ты наконец понял, как сильно это тело?<wrt:break>Но я не могу сыграть с тобой, даже если ты смотришь на меня такими глазками!","Heh... Nampaknya anda perasan betapa kuatnya saya, ya? <wrt:break>Tetapi walaupun anda memandang saya dengan mata yang bersemangat, saya tidak akan menyertai perlawanan itu!",Haha... Có vẻ cậu nhận ra tôi cũng khá mạnh rồi nhỉ? <wrt:break> Dù cậu có nhìn ra tôi như vậy nhưng tôi vẫn không thể tham gia thi đấu được!,"Jeje... Parece que te has dado cuenta de que soy bastante fuerte, ¿eh? <wrt:break> ¡Pero no esperes que juegue solo por eso!",Huhu... Sepertinya kamu telah menyadari bahwa diriku ini adalah atlet yang sangat kuat! <wrt:break> Aku tidak akan bertanding meski kamu terus memberikan pandangan seperti itu!,หึหึ... นายคงพอมองออกล่ะสิว่าฉันแกร่งไม่เบา <wrt:break> แต่ถึงนายจะมองด้วยสายตาแบบนั้น ฉันก็แข่งขันด้วยไม่ได้หรอก!,"Haha... Percebeu que eu sou forte, não é? <wrt:break>Mas não adianta, não vou jogar!"
,,,백시우,,1_정적,,,"<wrt:delay,5>아하하... 아, 아쉽...네요...","<wrt:delay,5>Haha... that’s a shame...!","<wrt:delay,5>あはは...あ、残念...ですね...","<wrt:delay,5>啊哈哈...啊，真可惜...","<wrt:delay,5>啊哈哈...啊，真可惜...","<wrt:delay,5>Ха-ха... Как жаль...","<wrt:delay,5>Haha... s-sayangnya...","<wrt:delay,5>A ha ha... ừ, tiếc...thật...","<wrt:delay,5>Ja ja ja... ¡Qué...pena...!","<wrt:delay,5>Hahaha... Sang, at... disayangkan ya...","<wrt:delay,5>ฮะฮะ... นะ น่าเสียดาย... จังนะครับ...","<wrt:delay,5>Haha... Ah, que pena..."
,,,홍시,,1_냠,,,"때가 되면... 그땐 함께 경기하는 걸 고려해보겠다, 소년!","When the time comes... I’ll consider competing with you, young man!",時が来たら...その時は一緒に試合をすることを考えてあげよう、少年！,等时机成熟...到时候我会考虑和你一起比赛的，小伙子！,等時機成熟...到時候我會考慮和你一起比賽的，老弟！,"Придет время... И я обязательно подумаю об игре с тобой, парень!","Apabila tiba masanya... Saya akan mempertimbangkan untuk bersaing dengan anda, anak muda!","Khi thời điểm đó đến... Lúc đó tôi sẽ cân nhắc đến việc thi đấu cùng cậu, cậu bé!","Cuando llegue el momento... Consideraré jugar contigo, chico.","Jika tiba saat yang tepat... Aku akan pertimbangkan untuk bertanding bersamamu, bocah!",ถ้าถึงเวลาที่เหมาะสม... ฉันจะลองพิจารณาเรื่องการแข่งขันดูก็แล้วกันนะ หนุ่มน้อย!,"Quando chegar o momento... Eu talvez jogue com você, garoto!"
ROBERTO,최초 대면,#,MAP,,,,,콜로세움,콜로세움,콜로세움,콜로세움,콜로세움,콜로세움,콜로세움,콜로세움,콜로세움,콜로세움,콜로세움,콜로세움
,,#,BGM,,,,,BGM_NEW_BEGINNING,BGM_NEW_BEGINNING,BGM_NEW_BEGINNING,BGM_NEW_BEGINNING,BGM_NEW_BEGINNING,BGM_NEW_BEGINNING,BGM_NEW_BEGINNING,BGM_NEW_BEGINNING,BGM_NEW_BEGINNING,BGM_NEW_BEGINNING,BGM_NEW_BEGINNING,BGM_NEW_BEGINNING
,,#,정다희,-1,-1_기본,,,,,,,,,,,,,,
,,#,백시우,-2,1_기본,,,,,,,,,,,,,,
,,#,로베르토,2,1_기본,,,,,,,,,,,,,,
,,,정다희,,-2_어머,,exclam,"앗! 설마... <txt:bold,2>로베르토 오빠</txt:bold>?","Oh! No way... <txt:bold,2>Roberto</txt:bold>?!","あっ！もしかして...<txt:bold,2>ロベルトさん</txt:bold>？","啊！难道是...<txt:bold,2>罗伯特哥哥</txt:bold>？","啊！難道是...<txt:bold,2>羅伯特前輩</txt:bold>？","Ой! <txt:bold,2>Роберто</txt:bold>?","Oh! Tidak mungkin... <txt:bold,2>Roberto</txt:bold>?!","Ồ! Chẳng lẽ là... <txt:bold,2>anh Roberto</txt:bold>?","¡Oh! No puede ser... ¿<txt:bold,2>Roberto</txt:bold>?","Eh! Jangan-jangan itu... <txt:bold,2>Kak Roberto</txt:bold>?","อ๊ะ! อย่าบอกนะว่า... <txt:bold,2>พี่โรแบร์โต</txt:bold>?","Ah! Não acredito... <txt:bold,2>Roberto</txt:bold>?"
,,,로베르토,,1_기본,,,"다희, 오랜만이네! 그동안 많이 컸구나!","Dahee, long time no see! You’ve grown a lot since I last saw you!",夏希、久しぶりだな！随分大きくなったじゃないか！,多熙，好久不见啦！你长高了不少啊！,多熙，好久不見啦！你長高了不少啊！,"Дахи, привет! Как ты выросла!","Dahee, lama tak jumpa! Anda sudah besar sejak kali terakhir saya melihat anda!","Dahee, lâu rồi không gặp! Em lớn nhiều rồi đấy!",¡Dahee! ¡Cuánto tiempo! ¡Has crecido mucho!,"Dahee, sudah lama kita tidak berjumpa! Kamu sudah besar ya!",ดาฮี ไม่ได้เจอกันนานเลยนะ! โตขึ้นเยอะเลยแฮะ!,"Dahee, há quanto tempo! Você cresceu muito!"
,,,백시우,,1_엥,,,"어라, 아는 분이셔?","Huh, you know him?",あ、知り合いの方？,咦，你们认识？,咦，你們認識喔？,Это твой знакомый?,"Hah, awak kenal dia?","Ơ, cậu biết người này à?",¿Eh? ¿Lo conoces?,"Eh, saling kenal?",อ้าว คนรู้จักเหรอ?,"Então, vocês já se conhecem?"
,,,정다희,,-1_기본,,,"응, 이쪽은 로베르토 오빠! 엄청 강력한 미들 블로커지~! <wrt:wait,15><wrt:break><txt:size,-2>성격이 독특해서 항상 혼자 있곤 하지만...","Yeah, this is Roberto! He’s an incredibly capable middle blocker! <wrt:wait,15><wrt:break><txt:size,-2>But he’s got a unique personality, so he tends to always be by himself...","うん、こちらはロベルトさん！すごく強力なミドルブロッカーなの〜！<wrt:wait,15><wrt:break><txt:size,-2>変わった性格をしているからいつも一人でいるんだけど...","嗯，这位是罗伯特哥哥！超级厉害的副攻手哦～！<wrt:wait,15><wrt:break><txt:size,-2>虽然性格有点怪，经常一个人待着...","嗯，這位是羅伯特前輩！超級厲害的中間手喔～！<wrt:wait,15><wrt:break><txt:size,-2>雖然性格有點怪，經常一個人待著...","Ага, это — Роберто, сильнейший центральный блокирующий!<wrt:wait,15><wrt:break><txt:size,-2>У него необычный характер, поэтому он всегда один...","Ya, ini Roberto! Dia seorang penghadang tengah yang sangat berkebolehan! <wrt:wait,15><wrt:break><txt:size,-2>Tetapi dia mempunyai personaliti yang unik, jadi dia suka sangat bersendirian...","Ừ, đây là anh Roberto! Một Phụ Công cực kỳ mạnh đấy~! <wrt:wait,15><wrt:break><txt:size,-2>Tuy tính cách hơi đặc biệt nên thường ở một mình...","¡Sí! Él es Roberto. Es un bloqueador central súper fuerte. <wrt:wait,15><wrt:break><txt:size,-2>Aunque siempre está solo por su personalidad...","Iya, ini adalah Kak Roberto! Middle Blocker yang sangat hebat~! <wrt:wait,15><wrt:break><txt:size,-2>Meski dia selalu menyendiri karena sifatnya yang unik...","อื้ม นี่คือพี่โรแบร์โต! เป็นตัวบล็อกกลางที่แข็งแกร่งสุดๆ เลยล่ะ~! <wrt:wait,15><wrt:break><txt:size,-2>ถึงมักจะอยู่คนเดียว เพราะมีนิสัยที่ไม่ค่อยเหมือนใครก็เถอะ...","Sim, aqui é o Roberto! Um central superpoderoso! <wrt:wait,15><wrt:break><txt:size,-2>(Ele tem uma personalidade bem peculiar, por isso está sempre sozinho...)"
,,,로베르토,,1_기본,,silent,"<wrt:delay,5>... ... ...","<wrt:delay,5>... ... ...","<wrt:delay,5>.........","<wrt:delay,5>......","<wrt:delay,5>......","<wrt:delay,5>... ... ...","<wrt:delay,5>... ... ...","<wrt:delay,5>... ... ...","<wrt:delay,5>... ... ...","<wrt:delay,5>... ... ...","<wrt:delay,5>... ... ...","<wrt:delay,5>..."
,,,백시우,,1_정적,,,"<wrt:delay,5>아하핫... </wrt:delay>안녕하세요, 잘 부탁드려요! <wrt:wait,15><wrt:break><txt:color,grey>(그나저나 다희는 아는 사람이 정말 많구나...)","<wrt:delay,5>Ahaha...</wrt:delay> Hello, nice to meet you! <wrt:wait,15><wrt:break><txt:color,grey>(Wow, Dahee sure knows a lot of people...)","<wrt:delay,5>あはは...</wrt:delay>こんにちは、よろしくお願いします！<wrt:wait,15><wrt:break><txt:color,grey>(それにしても夏希は本当に知り合いが多いんだな...)","<wrt:delay,5>啊哈哈...</wrt:delay>您好，请多关照！<wrt:wait,15><wrt:break><txt:color,grey>(话说多熙的人脉真广啊...)","<wrt:delay,5>啊哈哈...</wrt:delay>前輩你好，請多指教！<wrt:wait,15><wrt:break><txt:color,grey>(話說多熙的人脈真廣啊...)","<wrt:delay,5>Ха-ха-ха!</wrt:delay> Здравствуйте, очень приятно!<wrt:wait,15><wrt:break><txt:color,grey>(Как же много у Дахи знакомых...)","<wrt:delay,5>Ahaha...</wrt:delay> Helo, selamat berkenalan! <wrt:wait,15><wrt:break><txt:color,grey>(Wah, Dahee pasti mengenali ramai orang...)","<wrt:delay,5>Haha... </wrt:delay>Chào anh, em rất vui được gặp anh! <wrt:wait,15><wrt:break><txt:color,grey>(Nhân tiện, Dahee quen biết nhiều người thật...)","<wrt:delay,5>Ah jeje... </wrt:delay>¡Hola! Es un placer conocerlo. <wrt:wait,15><wrt:break><txt:color,grey>(Vaya, Dahee realmente conoce a mucha gente...)","<wrt:delay,5>Hahaha... </wrt:delay>Apa kabar, mohon bantuannya! <wrt:wait,15><wrt:break><txt:color,grey>(Kalau dipikir-pikir sepertinya Dahee mempunyai banyak kenalan...)","<wrt:delay,5>อะฮ่าฮ่า... </wrt:delay>สวัสดีครับ ผมขอฝากเนื้อฝากตัวด้วยนะครับ! <wrt:wait,15><wrt:break><txt:color,grey>(ว่าแต่ดาฮีก็รู้จักคนเยอะมากเลยแฮะ...)","<wrt:delay,5>Haha... </wrt:delay>Olá, é um prazer te conhecer! <wrt:wait,15><wrt:break><txt:color,grey>(Caramba, a Dahee conhece todo mundo...)"
,,,로베르토,,1_기본,,,"다희! 근육량이 부족해 보이는군. <wrt:wait,15><wrt:break>흠, 훈련을 게을리하는 건가?","Dahee, have you been slacking in your training? <wrt:wait,15><wrt:break>Your muscles look weak!","夏希！筋肉量が足りないように見えるぞ。<wrt:wait,15><wrt:break>ふむ、トレーニングを怠っているのか？","多熙！你的肌肉量看起来不够啊。<wrt:wait,15><wrt:break>嗯，是不是偷懒没训练？","多熙！你的肌肉量看起來不夠啊。<wrt:wait,15><wrt:break>嗯，是不是偷懶沒訓練？","Дахи, что-то у тебя маловато мышц.<wrt:wait,15><wrt:break>Отлыниваешь от тренировок?","Dahee, adakah anda sudah malas dalam latihan anda? <wrt:wait,15><wrt:break>Otot anda kelihatan lemah!","Dahee! Khối lượng cơ của em có vẻ chưa đủ. <wrt:wait,15><wrt:break>Hừm, có phải em lơ là tập luyện không?","¡Dahee! Parece que te falta masa muscular. <wrt:wait,15><wrt:break>Hmm, ¿has estado descuidando el entrenamiento?","Dahee! Kamu terlihat kekurangan otot. <wrt:wait,15><wrt:break>Hmm, sepertinya kamu sering bolos latihan!","ดาฮี! กล้ามเนื้อเธอดูน้อยลงนะ <wrt:wait,15><wrt:break>อืม เธอแอบขี้เกียจซ้อมรึเปล่าเนี่ย?","Dahee! Parece que você perdeu um pouco de músculo. <wrt:wait,15><wrt:break>Hmm, tem faltado ao treino?"
,,,정다희,,-2_헤헤,,,"에헤헤, 전 운동을 그만둔지 한참 되었는걸요?","Hehe, it’s been quite some time since I stopped playing!",えへへ、私はもうずいぶん前に運動をやめましたから！,嘿嘿，我已经很久不运动了呢？,嘿嘿，我早就不當選手了耶？,Я уже давно не тренируюсь.,"Hehe, sudah agak lama saya berhenti bermain!","Ê hê, em đã ngừng chơi thể thao được một thời gian rồi anh ạ!","Jeje, ya hace tiempo que dejé de jugar voleibol.","Hehehe, itu karena sudah lama sejak saya berhenti berolahraga!",ฮิฮิ ฉันเลิกออกกำลังกายมาสักพักใหญ่ๆ แล้วล่ะค่ะ,"Hehe, eu parei de treinar há um tempo..."
,,,로베르토,,1_기본,,sweat,"<wrt:delay,5>그럴 수가... 무척이나 안타까운 소식이군...","<wrt:delay,5>What...? That’s very unfortunate news!","<wrt:delay,5>そんな...とても残念なニュースだ...","<wrt:delay,5>怎么会...真遗憾...","<wrt:delay,5>怎麼會...真可惜...","<wrt:delay,5>Вот как! Какая грустная новость...","<wrt:delay,5>Apa...? Itu berita yang sangat malang!","<wrt:delay,5>Không thể nào... Thật là một tin buồn...","<wrt:delay,5>No puede ser... Eso es muy lamentable...","<wrt:delay,5>Aduh... Sangat disayangkan sekali...","<wrt:delay,5>ไม่อยากจะเชื่อเลย... เป็นข่าวที่น่าเศร้าใจมากจริงๆ...","<wrt:delay,5>Sério? Que notícia triste..."
,,,정다희,,-1_웃음,,,"그래도 실망하지 말아요! 오늘은 그 대신 여기, 시우를 소개해주러 왔으니까요~",But don’t be disappointed! I have someone to introduce to you today—Siwoo!,そんなに落ち込まないでください！今日はその代わりに、ここに新を紹介しに来たんですから〜,别失望！今天我是来介绍时宇的～,別失望！今天我是來介紹時宇的～,Не переживай! Давай я лучше представлю тебе Шиу.,Tetapi jangan kecewa! Saya ada seseorang untuk diperkenalkan kepada anda hari ini—Siwoo!,"Nhưng anh đừng thất vọng! Hôm nay, thay vào đó em sẽ giới thiệu Siwoo với anh ~",¡Pero no te decepciones! Hoy he venido a presentarte a Siwoo.,Meski begitu tidak perlu terlalu kecewa! Pada hari ini sebagai gantinya saya datang untuk memperkenalkan Siwoo~,แต่อย่าผิดหวังไปเลยนะคะ! เพราะวันนี้ฉันมาแนะนำชีอูให้แทนค่ะ~,Não fica triste! Vim hoje para te apresentar o Siwoo!
,,,로베르토,,1_기본,,,"호오... 너, 근육이 꽤나 잘 다듬어져있군!",Oh... you’ve got some well-toned muscles!,ほう...君、筋肉がかなり良く鍛えられているな！,哦...你的肌肉锻炼得不错嘛！,哦...你的肌肉練得不錯嘛！,"Хо-хо, а вот у тебя мышц достаточно!",Oh... otot anda terlatih dengan baik!,"Ồ... Cậu, có vẻ cơ bắp của cậu được rèn luyện khá tốt đấy!",¡Oh! Veo que tienes músculos bien desarrollados.,"Oho... Kamu, ototmu terlihat cukup terlatih!",โอ้โห... กล้ามเนื้อนายดูดีมากอยู่นะเนี่ย!,Oh... seus músculos são bem definidos!
,,,백시우,,1_정적,,,"<wrt:delay,5>가, 감사합니다...! </wrt:delay><wrt:wait,15><wrt:break><txt:color,grey>(성격이 독특하단 말... 뭔지 알 것 같기도...)","<wrt:delay,5>Th-thank you...! </wrt:delay><wrt:wait,15><wrt:break><txt:color,grey>(I think I’m starting to understand what she meant by 'unique personality...')","<wrt:delay,5>あ、ありがとうございます...！</wrt:delay><wrt:wait,15><wrt:break><txt:color,grey>(性格が変わってるって...何となく分かる気がする...)","<wrt:delay,5>谢、谢谢您...！</wrt:delay><wrt:wait,15><wrt:break><txt:color,grey>(说他性格独特...我好像有点明白了...)","<wrt:delay,5>謝、謝謝...！</wrt:delay><wrt:wait,15><wrt:break><txt:color,grey>(說他性格獨特...我好像有點明白了...)","<wrt:delay,5>С-спасибо!</wrt:delay><wrt:wait,15><wrt:break><txt:color,grey>(Кажется, я начинаю понимать, что Дахи имела в виду, говоря о необычном характере...)","<wrt:delay,5>T-terima kasih...! </wrt:delay><wrt:wait,15><wrt:break><txt:color,grey>(Saya rasa saya mula faham apa yang dia maksudkan dengan 'personaliti unik...')","<wrt:delay,5>Cảm... cảm ơn anh...! </wrt:delay><wrt:wait,15><wrt:break><txt:color,grey>(Tính cách đặc biệt... Giờ thì mình hiểu rồi...)","<wrt:delay,5>Gra-gracias... </wrt:delay><wrt:wait,15><wrt:break><txt:color,grey>(Ya entiendo mejor lo que decían sobre su personalidad...)","<wrt:delay,5>Te, terima kasih...! </wrt:delay><wrt:wait,15><wrt:break><txt:color,grey>(Sepertinya aku mengerti mengapa dia bilang... sifatnya agak unik...)","<wrt:delay,5>ขะ ขอบคุณครับ...! </wrt:delay><wrt:wait,15><wrt:break><txt:color,grey>(ที่ว่ามีนิสัยไม่ค่อยเหมือนใครน่ะ... คิดว่าพอจะเข้าใจแล้วล่ะ...)","<wrt:delay,5>O-obrigado... </wrt:delay><wrt:wait,15><wrt:break><txt:color,grey>(Agora entendi o que ela quis dizer com «personalidade bem peculiar»...)"
,도전 시작,#,MAP,,,,,콜로세움,콜로세움,콜로세움,콜로세움,콜로세움,콜로세움,콜로세움,콜로세움,콜로세움,콜로세움,콜로세움,콜로세움
,,#,BGM,,,,,BGM_NEW_BEGINNING,BGM_NEW_BEGINNING,BGM_NEW_BEGINNING,BGM_NEW_BEGINNING,BGM_NEW_BEGINNING,BGM_NEW_BEGINNING,BGM_NEW_BEGINNING,BGM_NEW_BEGINNING,BGM_NEW_BEGINNING,BGM_NEW_BEGINNING,BGM_NEW_BEGINNING,BGM_NEW_BEGINNING
,,#,로베르토,2,1_기본,,,,,,,,,,,,,,
,,#,백시우,-2,1_기본,,,,,,,,,,,,,,
,,,로베르토,,1_기본,,,"오늘 드디어 함께 하게 되는구나! <wrt:wait,15><wrt:break>근육이 잘 정돈된 학생... 눈여겨보고 있었어.","Today’s the day we finally play! <wrt:wait,15><wrt:break>I’ve had my eyes on you... a student with well-aligned muscles!","今日ついに一緒にプレイできるんだな！<wrt:wait,15><wrt:break>筋肉が良く整った学生...注目していたよ。","今天终于一起参加了！<wrt:wait,15><wrt:break>肌肉练得匀称的学生...我一直在关注你呢。","今天終於一起參賽了！<wrt:wait,15><wrt:break>肌肉練得很壯的同學...我可是一直在關注你呢。","Наконец сегодня мы вместе!<wrt:wait,15><wrt:break>Мускулистый парень, я хорошенько следил за тобой.","Hari ini akhirnya kita bermain! <wrt:wait,15><wrt:break>Saya telah memerhatikan anda... seorang pelajar yang mempunyai otot yang terbentuk dengan baik!","Cuối cùng hôm nay chúng ta cũng được thi đấu cùng nhau rồi! <wrt:wait,15><wrt:break>Cậu học sinh có cơ bắp được rèn luyện tốt... Ta đã để mắt đến cậu.","Hoy, finalmente trabajaremos juntos. <wrt:wait,15><wrt:break>Estudiante con músculos bien desarrollados... He estado observándote.","Akhirnya datang hari dimana kita akan bertanding bersama! <wrt:wait,15><wrt:break>Anak SMA dengan otot bagus... Aku telah memperhatikanmu.","ในที่สุด วันนี้ก็ได้มาเล่นด้วยกันสินะ! <wrt:wait,15><wrt:break>เด็กนักเรียนผู้มีกล้ามเนื้อเป็นระเบียบ... ฉันเฝ้าสังเกตนายมาตลอดเลย","Enfim, nos encontramos hoje! <wrt:wait,15><wrt:break>Um estudante com músculos bem definidos... Eu já tava de olho em você."
,,,백시우,,1_정적,,sweat,"<txt:color,grey>(근육이 잘 정돈된...?) <wrt:wait,15><wrt:break> 아, 안녕하세요! 백시우라고 합니다.","<txt:color,grey>(Well-aligned...?) <wrt:wait,15><wrt:break>Oh, hello! I’m Siwoo Baek.","<txt:color,grey>(筋肉が良く整った...？)<wrt:wait,15><wrt:break>あ、こんにちは！白井新と申します。","<txt:color,grey>(肌肉练得匀称...？)<wrt:wait,15><wrt:break>啊，您好！我叫白时宇。","<txt:color,grey>(肌肉練得很壯...？)<wrt:wait,15><wrt:break>啊，你好！我叫白時宇。","<txt:color,grey>(Мускулистый...?) <wrt:wait,15><wrt:break> А, д-да, добрый день! Я — Бэк Шиу!","<txt:color,grey>(Otot yang terbentuk dengan baik...?) <wrt:wait,15><wrt:break>Oh, helo! Saya Siwoo Baek.","<txt:color,grey>(Cơ bắp được rèn luyện tốt...?) <wrt:wait,15><wrt:break> À, chào anh! Em là Baek Siwoo.","<txt:color,grey>(¿Músculos bien desarrollados...?) <wrt:wait,15><wrt:break> Ah, hola. Me llamo Siwoo Baek.","<txt:color,grey>(Otot yang bagus...?) <wrt:wait,15><wrt:break> Oh, apa kabar! Nama saya adalah Siwoo Baek.","<txt:color,grey>(กล้ามเนื้อเป็นระเบียบ...?) <wrt:wait,15><wrt:break> เอ่อ สวัสดีครับ! ผมชื่อแบคชีอูครับ","<txt:color,grey>(Músculos bem definidos?) <wrt:wait,15><wrt:break>Ah, oi! Meu nome é Siwoo Baek."
,,,로베르토,,1_기본,,,"강한 피지컬을 가진 자와의 배구는 언제나 즐거워. <wrt:wait,15><wrt:break>그래서 이곳, 콜로세움이 내가 있어야 할 자리이지!","Playing volleyball with someone who is well-built like you is always a joy.<wrt:wait,15><wrt:break>That’s why the Colosseum is where I belong!","強い肉体を持つ者とのバレーボールはいつも楽しい。<wrt:wait,15><wrt:break>だからここ、コロッセオが私のいるべき場所なんだよ！","和体格强健的人打排球总是很痛快。<wrt:wait,15><wrt:break>所以这里，竞技场就是我该来的地方！","和體能強悍的人打排球，總是能打得很盡興。<wrt:wait,15><wrt:break>所以競技場就是我該來的地方！","Обожаю волейбол с достойными противниками!<wrt:wait,15><wrt:break>Поэтому я просто обязан быть здесь в Колизее!","Bermain bola tampar dengan seseorang yang bertubuh tegap seperti anda sentiasa menggembirakan.<wrt:wait,15><wrt:break>Itulah sebabnya Colosseum adalah tempat saya sepatutnya!","Chơi bóng chuyền với người có thể chất mạnh mẽ lúc nào cũng thú vị. <wrt:wait,15><wrt:break>Vì vậy, Đấu Trường này chính là nơi ta nên có mặt!","Es siempre un placer jugar voleibol con alguien de buena condición física. <wrt:wait,15><wrt:break>Por eso este lugar, el Coliseo, es donde debo estar.","Aku selalu senang bertanding melawan orang dengan fisik yang kuat. <wrt:wait,15><wrt:break>Oleh sebab itu jugalah disini, Colosseum ini adalah tempat yang cocok untukku!","การเล่นวอลเลย์บอลกับคนที่มีร่างกายแข็งแกร่งน่ะ เป็นเรื่องที่น่าสนุกอยู่เสมอ <wrt:wait,15><wrt:break>เพราะงั้นโคลอสเซียมแห่งนี้ถึงเป็นที่ที่เหมาะกับฉันยังไงล่ะ!","Jogar vôlei com alguém de físico forte sempre é uma boa experiência. <wrt:wait,15><wrt:break>É por isso que o Coliseu é meu lugar!"
,,,로베르토,,1_기본,,,"어때, 너도 즐거운 시간을 보내고 있니?","So, how about you? Are you enjoying yourself?",どうだい、君も楽しい時間を過ごしているかい？,怎么样，你也玩得开心吗？,怎麼樣，你也打得開心嗎？,Ты ведь тоже веселишься здесь?,"Jadi, bagaimana dengan anda? Adakah anda berseronok?","Sao, cậu cũng đang có khoảng thời gian vui vẻ chứ hả?","¿Qué tal, te estás divirtiendo?","Bagaimana denganmu, apa kamu juga sedang menikmati waktumu disini?",นายล่ะ กำลังสนุกอยู่ด้วยรึเปล่า?,"E aí, está aproveitando?"
,,,백시우,,1_웃음,,,"하핫, 친구들과 배구하는 건 언제나 즐겁죠! <wrt:wait,15><wrt:break><wrt:delay,5>강한 자라면... </wrt:delay>더 좋을 수도 있고요.","Haha, playing volleyball with friends is always fun! <wrt:wait,15><wrt:break><wrt:delay,5>And it’s even better... </wrt:delay>when playing against strong opponents.","はは、友達とバレーボールをするのはいつも楽しいです！<wrt:wait,15><wrt:break><wrt:delay,5>強い人なら...</wrt:delay>もっと楽しいかもしれませんね。","哈哈，和朋友们打排球总是很开心的！<wrt:wait,15><wrt:break><wrt:delay,5>如果是强者的话...</wrt:delay>可能会更有意思呢。","哈哈，和朋友們打排球的話當然開心！<wrt:wait,15><wrt:break><wrt:delay,5>如果是和強者的話...</wrt:delay>可能會更有意思呢。","Я тоже люблю играть в волейбол с друзьями!<wrt:wait,15><wrt:break>И еще больше...<wrt:delay,5>если противник силен</wrt:delay>.","Haha, bermain bola tampar dengan kawan-kawan sentiasa menyeronokkan! <wrt:wait,15><wrt:break><wrt:delay,5>Dan ia lebih bagus lagi... </wrt:delay>apabila bermain menentang lawan yang kuat.","Haha, chơi bóng chuyền với bạn bè luôn vui anh ạ! <wrt:wait,15><wrt:break><wrt:delay,5>Nếu là người mạnh... </wrt:delay>có thể sẽ còn thú vị hơn.","Jaja, siempre es divertido jugar voleibol con amigos. <wrt:wait,15><wrt:break><wrt:delay,5>Y si son fuertes... </wrt:delay> ¡Es aún mejor!","Hahaha, saya selalu suka bermain bola voli bersama dengan teman-teman! <wrt:wait,15><wrt:break><wrt:delay,5>Namun jika itu lawan yang kuat... </wrt:delay>maka itu jauh lebih baik lagi.","ฮ่าฮ่า ผมสนุกกับการได้เล่นวอลเลย์บอลกับเพื่อนๆ เสมอแหละครับ! <wrt:wait,15><wrt:break><wrt:delay,5>แล้วถ้าเป็นคนที่แข็งแกร่ง... </wrt:delay>ก็ยิ่งชอบขึ้นไปอีกครับ","Haha, jogar vôlei com os amigos é sempre bom! <wrt:wait,15><wrt:break><wrt:delay,5>E fica ainda melhor se... </wrt:delay>for com alguém forte."
,무작위_1,#,MAP,,,,,콜로세움,콜로세움,콜로세움,콜로세움,콜로세움,콜로세움,콜로세움,콜로세움,콜로세움,콜로세움,콜로세움,콜로세움
,,#,BGM,,,,,BGM_NEW_BEGINNING,BGM_NEW_BEGINNING,BGM_NEW_BEGINNING,BGM_NEW_BEGINNING,BGM_NEW_BEGINNING,BGM_NEW_BEGINNING,BGM_NEW_BEGINNING,BGM_NEW_BEGINNING,BGM_NEW_BEGINNING,BGM_NEW_BEGINNING,BGM_NEW_BEGINNING,BGM_NEW_BEGINNING
,,#,로베르토,0,1_기본,,,,,,,,,,,,,,
,,,로베르토,,1_기본,,,"음! 콜로세움에서의 경기는 분명 어색할 텐데도... <wrt:wait,15><wrt:break>걱정이 무색하리만치 잘하고 있군!","Hmm! Despite it being your first time in the Colosseum, <wrt:wait,15><wrt:break>you’re performing remarkably well—much better than expected!","おお！コロッセオでの試合は普段の試合より慣れてないはずなのに...<wrt:wait,15><wrt:break>心配が杞憂に終わるほど上手くやっているな！","嗯！虽然在竞技场比赛肯定会不习惯...<wrt:wait,15><wrt:break>但你表现得比我想象的要好多了！","嗯！雖然在競技場比賽肯定會不習慣...<wrt:wait,15><wrt:break>但你表現得比我想像的要好多了！","Хм! Играть в Колизее должно быть непривычно...<wrt:wait,15><wrt:break>Но теперь мне не о чем волноваться!","Hmm! Walaupun ini kali pertama anda berada di Colosseum, <wrt:wait,15><wrt:break>anda beraksi dengan sangat baik—jauh lebih baik daripada yang dijangkakan!","Ừm! Dù chắc chắn sẽ không quen với thi đấu ở Đấu Trường... <wrt:wait,15><wrt:break>Nhưng cậu đang làm rất tốt, khiến nỗi lo của ta trở nên vô ích!","¡Bien! Aunque aún no debes de estar acostumbrado a jugar aquí... <wrt:wait,15><wrt:break>Lo estás haciendo tan bien que no tenía por qué preocuparme.","Hmm! Padahal kamu pasti masih merasa asing dengan pertandingan di Colosseum... <wrt:wait,15><wrt:break>Tapi kamu dapat bertanding dengan sangat baik sampai-sampai tidak perlu dikhawatirkan!","นายน่าจะยังไม่ชินกับการแข่งขันในโคลอสเซียมแท้ๆ... <wrt:wait,15><wrt:break>แต่กลับทำได้ดีจนไม่ต้องเป็นห่วงเลยล่ะ!","Hum! As partidas no Coliseu podem ser desafiadoras, <wrt:wait,15><wrt:break>mas você está se saindo muito bem!"
,무작위_2,#,MAP,,,,,콜로세움,콜로세움,콜로세움,콜로세움,콜로세움,콜로세움,콜로세움,콜로세움,콜로세움,콜로세움,콜로세움,콜로세움
,,#,BGM,,,,,BGM_NEW_BEGINNING,BGM_NEW_BEGINNING,BGM_NEW_BEGINNING,BGM_NEW_BEGINNING,BGM_NEW_BEGINNING,BGM_NEW_BEGINNING,BGM_NEW_BEGINNING,BGM_NEW_BEGINNING,BGM_NEW_BEGINNING,BGM_NEW_BEGINNING,BGM_NEW_BEGINNING,BGM_NEW_BEGINNING
,,#,로베르토,0,1_기본,,,,,,,,,,,,,,
,,,로베르토,,1_기본,,,"역시, 근육은 거짓말하지 않는단 말이지...!","Indeed, muscles never lie!",やはり、筋肉は嘘をつかないな...！,果然，肌肉是不会说谎的...！,果然，肌肉是不會說謊的...！,"Как и ожидалось, мышцы не врут...!","Memang, otot tidak pernah berbohong!",Đúng là cơ bắp không hề nói dối bao giờ cả...!,"Es cierto, los músculos no mienten...","Memang, otot itu tidak pernah berbohong...!",บอกแล้วว่ากล้ามเนื้อน่ะไม่เคยทรยศหรอก...!,Realmente os músculos não mentem...
,무작위_3,#,MAP,,,,,콜로세움,콜로세움,콜로세움,콜로세움,콜로세움,콜로세움,콜로세움,콜로세움,콜로세움,콜로세움,콜로세움,콜로세움
,,#,BGM,,,,,BGM_NEW_BEGINNING,BGM_NEW_BEGINNING,BGM_NEW_BEGINNING,BGM_NEW_BEGINNING,BGM_NEW_BEGINNING,BGM_NEW_BEGINNING,BGM_NEW_BEGINNING,BGM_NEW_BEGINNING,BGM_NEW_BEGINNING,BGM_NEW_BEGINNING,BGM_NEW_BEGINNING,BGM_NEW_BEGINNING
,,#,로베르토,0,1_기본,,,,,,,,,,,,,,
,,,로베르토,,1_기본,,,"근육은 말하지, 그 사람의 노력을! <wrt:wait,15><wrt:break>골격은 보여주지, 그 사람의 재능을!","Muscles show a person’s hard work! <wrt:wait,15><wrt:break>And the frame reveals their natural talent!","筋肉は語るのだ、その人の努力を！<wrt:wait,15><wrt:break>骨格は示すのだ、その人の才能を！","肌肉能说明一个人的努力！<wrt:wait,15><wrt:break>骨架能展示一个人的天赋！","肌肉能說明一個人的努力！<wrt:wait,15><wrt:break>骨架能展示一個人的天賦！","Мышцы расскажут об усилиях игрока!<wrt:wait,15><wrt:break>Телосложение расскажет все о его таланте!","Otot memperlihatkan kerja keras seseorang! <wrt:wait,15><wrt:break>Dan rangka tubuh mendedahkan bakat semula jadi mereka!","Cơ bắp nói lên nỗ lực của một con người! <wrt:wait,15><wrt:break>Còn bộ xương cho thấy tài năng của họ!","Los músculos muestran el esfuerzo de una persona. <wrt:wait,15><wrt:break>¡Y la estructura ósea muestra su talento!","Otot itu, akan memperlihatkan usaha seseorang! <wrt:wait,15><wrt:break>Kerangka tubuh memperlihatkan bakatnya!","กล้ามเนื้อจะบ่งบอกถึงความพยายามของคนคนนั้นเอง! <wrt:wait,15><wrt:break>และสรีระก็จะแสดงถึงพรสวรรค์ของคนคนนั้นด้วย!","Os músculos são prova do esforço de alguém! <wrt:wait,15><wrt:break>Já a estrutura óssea revela seu talento!"
,무작위_4,#,MAP,,,,,콜로세움,콜로세움,콜로세움,콜로세움,콜로세움,콜로세움,콜로세움,콜로세움,콜로세움,콜로세움,콜로세움,콜로세움
,,#,BGM,,,,,BGM_NEW_BEGINNING,BGM_NEW_BEGINNING,BGM_NEW_BEGINNING,BGM_NEW_BEGINNING,BGM_NEW_BEGINNING,BGM_NEW_BEGINNING,BGM_NEW_BEGINNING,BGM_NEW_BEGINNING,BGM_NEW_BEGINNING,BGM_NEW_BEGINNING,BGM_NEW_BEGINNING,BGM_NEW_BEGINNING
,,#,로베르토,0,1_기본,,,,,,,,,,,,,,
,,,로베르토,,1_기본,,,"호오, 이대로라면 나와 경기할만한걸! <wrt:wait,15><wrt:break>하지만 방심은 금물! 나는 아직 여유로우니 말이지.","Oh...? At this rate, you might be worthy of a match with me! <wrt:wait,15><wrt:break>But don’t get too cocky—I still have plenty in reserve.","ほう、この調子だと俺とも試合できそうだな！<wrt:wait,15><wrt:break>しかし油断は禁物だ！俺はまだまだ余裕だからな。","哦，照这样下去，你就有资格和我较量了！<wrt:wait,15><wrt:break>不过别大意！我还有余力呢。","哦，照這樣下去你就有資格和我較量了！<wrt:wait,15><wrt:break>不過別大意！我可是精力旺盛呢。","Такими темпами ты скоро и со мной сыграть сможешь!<wrt:wait,15><wrt:break>Но не стоит терять бдительность!","Oh...? Pada kadar ini, anda mungkin layak bergandingan dengan saya! <wrt:wait,15><wrt:break>Tetapi jangan terlalu sombong—saya masih lebih kuat daripada yang anda fikirkan.","Ồ, nếu cứ thế này thì cậu đủ sức thi đấu với ta rồi! <wrt:wait,15><wrt:break>Nhưng đừng chủ quan! Ta vẫn còn thong thả lắm đấy.","Oh, parece que podrías ser un digno oponente para mí. <wrt:wait,15><wrt:break>Pero no bajes la guardia, todavía me quedan muchas fuerzas.","Oho, sepertinya cukup pantas untuk bertanding melawanku! <wrt:wait,15><wrt:break>Meski begitu tidak boleh lengah! Karena aku masih bersantai-santai.","โอ้โห ถ้าเป็นแบบนี้ไปเรื่อยๆ นายน่าจะแข่งกับฉันได้เลยล่ะ! <wrt:wait,15><wrt:break>แต่ก็ห้ามประมาทเด็ดขาด! เพราะฉันยังชิลๆ อยู่นะ","Ah, nesse ritmo, você pode jogar contra mim! <wrt:wait,15><wrt:break>Mas não baixe a guarda, eu ainda tenho vantagem."
,무작위_5,#,MAP,,,,,콜로세움,콜로세움,콜로세움,콜로세움,콜로세움,콜로세움,콜로세움,콜로세움,콜로세움,콜로세움,콜로세움,콜로세움
,,#,BGM,,,,,BGM_NEW_BEGINNING,BGM_NEW_BEGINNING,BGM_NEW_BEGINNING,BGM_NEW_BEGINNING,BGM_NEW_BEGINNING,BGM_NEW_BEGINNING,BGM_NEW_BEGINNING,BGM_NEW_BEGINNING,BGM_NEW_BEGINNING,BGM_NEW_BEGINNING,BGM_NEW_BEGINNING,BGM_NEW_BEGINNING
,,#,로베르토,0,1_기본,,,,,,,,,,,,,,
,,,로베르토,,1_기본,,,"많은 힘을 쏟았나? 꽤나 지쳐 보이는군! <wrt:wait,15><wrt:break>그럴 땐 휴식을 선택하는 것도 좋은 방법이지.","You seem to have pushed yourself to the limit! <wrt:wait,15><wrt:break>In times like these, choosing to take a break is a smart move.","ずいぶん力を出し切ったようだな？相当疲れているじゃないか！<wrt:wait,15><wrt:break>そんな時は休憩を選ぶのも良い方法だぞ。","消耗了不少体力吧？你看起来挺累啊！<wrt:wait,15><wrt:break>这时候选择休息也是个明智之举。","消耗了不少體力吧？看起來挺累的！<wrt:wait,15><wrt:break>這時候選擇休息也是個明智之舉。","Выглядишь не очень, может перестарался на соревновании?<wrt:wait,15><wrt:break>Стоит задуматься о перерыве.","Anda seolah-olah telah menolak diri anda sehingga ke had! <wrt:wait,15><wrt:break>Dalam masa-masa seperti ini, memilih untuk berehat adalah langkah bijak.","Cậu đã dùng nhiều sức rồi phải không? Trông có vẻ khá mệt mỏi! <wrt:wait,15><wrt:break>Lúc này chọn nghỉ ngơi cũng là một cách tốt đấy.","¿Te has esforzado mucho? Pareces bastante cansado. <wrt:wait,15><wrt:break>Cuando eso ocurre, a veces es mejor descansar.","Apa kamu telah mencurahkan seluruh tenagamu? Kamu terlihat kelelahan! <wrt:wait,15><wrt:break>Pada saat seperti ini akan lebih baik jika kamu ambil waktu untuk Break.","นายทุ่มพลังมากไปรึเปล่า? ท่าทางนายล้าน่าดูเลย! <wrt:wait,15><wrt:break>เวลาแบบนี้ การพักผ่อนก็ถือเป็นวิธีที่ดีนะ","Será que se esforçou muito? Parece que está cansado! <wrt:wait,15><wrt:break>Nesse caso, descansar pode ser uma boa ideia."
,무작위_6,#,MAP,,,,,콜로세움,콜로세움,콜로세움,콜로세움,콜로세움,콜로세움,콜로세움,콜로세움,콜로세움,콜로세움,콜로세움,콜로세움
,,#,BGM,,,,,BGM_NEW_BEGINNING,BGM_NEW_BEGINNING,BGM_NEW_BEGINNING,BGM_NEW_BEGINNING,BGM_NEW_BEGINNING,BGM_NEW_BEGINNING,BGM_NEW_BEGINNING,BGM_NEW_BEGINNING,BGM_NEW_BEGINNING,BGM_NEW_BEGINNING,BGM_NEW_BEGINNING,BGM_NEW_BEGINNING
,,#,로베르토,0,1_기본,,,,,,,,,,,,,,
,,,로베르토,,1_기본,,,"오늘 경기로 많은 힘을 쏟았을텐데... <wrt:wait,15><wrt:break>근손실이 오지 않도록 영양분도 잘 섭취하도록!","You’ve poured a lot of effort into today’s match... <wrt:wait,15><wrt:break>Make sure you replenish your nutrients to prevent muscle loss!","今日の試合で力を出し切っただろうに..<wrt:wait,15><wrt:break>筋肉が落ちないように栄養も十分に摂るんだぞ！","今天的比赛肯定消耗了不少体力...<wrt:wait,15><wrt:break>记得多补充营养，别让肌肉流失哦！","今天的比賽肯定消耗了不少體力...<wrt:wait,15><wrt:break>記得多補充營養，別讓肌肉流失喔！","Должно быть, на игру ушло много энергии...<wrt:wait,15><wrt:break>Не забудь хорошо поесть, чтобы не потерять мышцы.","Anda telah mencurahkan banyak usaha ke dalam perlawanan hari ini... <wrt:wait,15><wrt:break>Pastikan anda menambah nutrien anda untuk mengelakkan kehilangan otot!","Chắc cậu đã dùng nhiều sức trong trận đấu hôm nay... <wrt:wait,15><wrt:break>Hãy bổ sung dinh dưỡng đầy đủ để tránh bị mất cơ bắp nhé!","Después de un partido como el de hoy... <wrt:wait,15><wrt:break>Asegúrate de consumir suficientes nutrientes para evitar la pérdida muscular.","Kamu pasti telah menggunakan banyak tenaga pada pertandingan hari ini... <wrt:wait,15><wrt:break>Jangan lupa untuk memenuhi nutrisi yang cukup agar tidak terjadi kehilangan otot!","การแข่งขันวันนี้นายน่าจะทุ่มพลังไปเยอะเลยนะ... <wrt:wait,15><wrt:break>อย่าลืมรับสารอาหารให้เพียงพอ เพื่อไม่ให้สูญเสียกล้ามเนื้อล่ะ!","Você deve ter se esforçado muito hoje... <wrt:wait,15><wrt:break>Então, coma bem pra evitar a perda de músculos!"
,무작위_7,#,MAP,,,,,콜로세움,콜로세움,콜로세움,콜로세움,콜로세움,콜로세움,콜로세움,콜로세움,콜로세움,콜로세움,콜로세움,콜로세움
,,#,BGM,,,,,BGM_NEW_BEGINNING,BGM_NEW_BEGINNING,BGM_NEW_BEGINNING,BGM_NEW_BEGINNING,BGM_NEW_BEGINNING,BGM_NEW_BEGINNING,BGM_NEW_BEGINNING,BGM_NEW_BEGINNING,BGM_NEW_BEGINNING,BGM_NEW_BEGINNING,BGM_NEW_BEGINNING,BGM_NEW_BEGINNING
,,#,로베르토,0,1_기본,,,,,,,,,,,,,,
,,,로베르토,,1_기본,,,"엄청난 근육... 아니, 엄청난 경기였군!","Incredible muscles... no, an incredible match!",すごい筋肉...いや、すごい試合だったぞ！,惊人的肌肉...不，是惊人的比赛！,驚人的肌肉...不，是驚人的比賽！,"Шикарные мышцы... То есть, шикарная игра!","Otot luar biasa... tidak, perlawanan yang luar biasa!","Cơ bắp tuyệt vời... À không, trận đấu tuyệt vời!","¡Qué músculos impresionantes... No, quiero decir, qué partido impresionante!","Otot yang luar biasa... Bukan, maksudku pertandingan yang luar biasa!",ช่างเป็นกล้ามเนื้อ... ไม่สิ เป็นการแข่งขันที่ยอดเยี่ยมเลย!,"Músculos incríveis... quero dizer, uma partida incrível!"
,무작위_8,#,MAP,,,,,콜로세움,콜로세움,콜로세움,콜로세움,콜로세움,콜로세움,콜로세움,콜로세움,콜로세움,콜로세움,콜로세움,콜로세움
,,#,BGM,,,,,BGM_NEW_BEGINNING,BGM_NEW_BEGINNING,BGM_NEW_BEGINNING,BGM_NEW_BEGINNING,BGM_NEW_BEGINNING,BGM_NEW_BEGINNING,BGM_NEW_BEGINNING,BGM_NEW_BEGINNING,BGM_NEW_BEGINNING,BGM_NEW_BEGINNING,BGM_NEW_BEGINNING,BGM_NEW_BEGINNING
,,#,로베르토,0,1_기본,,,,,,,,,,,,,,
,,,로베르토,,1_기본,,,... ... ...,,.........,......,... ... ...,,... ... ...,... ... ...,... ... ...,... ... ...,... ... ...,...
,경기 전,#,MAP,,,,,콜로세움,콜로세움,콜로세움,콜로세움,콜로세움,콜로세움,콜로세움,콜로세움,콜로세움,콜로세움,콜로세움,콜로세움
,,#,BGM,,,,,BGM_NEW_BEGINNING,BGM_NEW_BEGINNING,BGM_NEW_BEGINNING,BGM_NEW_BEGINNING,BGM_NEW_BEGINNING,BGM_NEW_BEGINNING,BGM_NEW_BEGINNING,BGM_NEW_BEGINNING,BGM_NEW_BEGINNING,BGM_NEW_BEGINNING,BGM_NEW_BEGINNING,BGM_NEW_BEGINNING
,,#,로베르토,2,1_기본,,,,,,,,,,,,,,
,,#,백시우,-2,1_기본,,,,,,,,,,,,,,
,,,백시우,,1_결연,,,드디어 마지막 경기...!,"Finally, the last game...!",ついに最後の試合...！,终于到最后一场比赛了...！,終於到最後一場比賽了...！,Наконец-то последнее соревнование!,"Akhir sekali, perlawanan terakhir...!",Cuối cùng cũng đến trận đấu cuối cùng...!,"¡Finalmente, el último partido...!",Akhirnya pertandingan terakhir...!,ในที่สุดก็ถึงการแข่งครั้งสุดท้าย...!,"Finalmente, o último jogo!"
,,,백시우,,1_결연,,,"이걸로 저희 두 팀의 경기가 마지막이네요.<wrt:wait,15><wrt:break>마지막 경기, 잘 부탁드립니다!","This will be the final match for our teams. <wrt:wait,15><wrt:break>Let’s give it our all!","これで俺たち2チームの試合は最後ですね。<wrt:wait,15><wrt:break>最後の試合、よろしくお願いします！","这就是我们两队的最后一战了。<wrt:wait,15><wrt:break>决战，请多指教！","這就是我們兩隊的最後一戰了。<wrt:wait,15><wrt:break>決戰，請多指教！","Вот и пришло время последнего матча наших команд.<wrt:wait,15><wrt:break>Удачи в игре!","Ini adalah perlawanan terakhir untuk pasukan kami. <wrt:wait,15><wrt:break>Mari berikan yang terbaik!","Đây sẽ là trận đấu cuối cùng giữa hai đội chúng ta.<wrt:wait,15><wrt:break>Rất mong được thi đấu cùng anh trong trận cuối!","Este es el último partido entre nuestros dos equipos.<wrt:wait,15><wrt:break>¡Que tengamos un gran final!","Dengan ini kita berdua akan bertanding dalam pertandingan terakhir.<wrt:wait,15><wrt:break>Mohon bantuannya pada pertandingan terakhir ini!","นี่เป็นการแข่งครั้งสุดท้ายของเราทั้งสองทีมแล้วสินะครับ<wrt:wait,15><wrt:break>ครั้งนี้ก็ขอฝากเนื้อฝากตัวด้วยนะครับ!","Este será nosso último jogo. <wrt:wait,15><wrt:break>Vamos dar nosso melhor!"
,,,로베르토,,1_기본,,,"<wrt:delay,5>흠... ... ...","<wrt:delay,5>Hmm... ... ...","<wrt:delay,5>ふむ.........","<wrt:delay,5>嗯......","<wrt:delay,5>嗯......","<wrt:delay,5>...Хм...","<wrt:delay,5>Hmm... ... ...","<wrt:delay,5>Hừm... ... ...","<wrt:delay,5>Hmm... ... ...","<wrt:delay,5>Hem... ... ...","<wrt:delay,5>อืม... ... ...","<wrt:delay,5>Hmm..."
,,,로베르토,,1_기본,,,잘 정돈된 몸에 비해... 배구 실력은 새하얗군.,For such a well-toned body... your volleyball skills are lacking.,整った体に比べると...バレーボールの実力はまっさらだな。,虽然身材很匀称...但排球技术还是很生涩啊。,雖然身材很勻稱...但排球技術還是很生澀啊。,"Несмотря на прекрасные мышцы, твои навыки еще предстоит отточить...",Untuk badan yang segak.. skil bola tampar awak kurang.,So với cơ thể được rèn luyện tốt... Kỹ năng bóng chuyền của cậu còn non nớt.,A pesar de tu físico bien trabajado... Tus habilidades en el voleibol son todavía muy básicas.,Meski kamu mempunyai badan yang tersusun sangat rapi... Namun kemampuanmu dalam bola voli masih seperti pemula.,ฝีมือด้านวอลเลย์บอลยังหละหลวม... เมื่อเทียบกับร่างกายที่เป็นระเบียบดีมาก,Apesar do seu físico bem definido... suas habilidades no vôlei ainda são inexperientes.
,,,로베르토,,1_기본,,silent,"그렇지만... 분명 엄청난 위화감이 느껴져.<wrt:wait,15><wrt:break>이 위화감은 대체 뭘까?","However... something about you definitely doesn’t add up. <wrt:wait,15><wrt:break>What could this strange feeling be?","しかし...確かに凄まじい違和感を感じる。<wrt:wait,15><wrt:break>この違和感は一体何だろうか？","不过...我确实感受到了强烈的违和感。<wrt:wait,15><wrt:break>这种违和感到底是什么呢？","不過...我確實感受到了強烈的違和感。<wrt:wait,15><wrt:break>這種違和感到底是什麼呢？","Но почему меня продолжает мучить чувство, что что-то не так?<wrt:wait,15><wrt:break>Что же это?","Namun... ada sesuatu yang sangat janggal. <wrt:wait,15><wrt:break>Apa agaknya yang terasa tak kena ini?","Tuy nhiên... Chắc chắn có một cảm giác rất kỳ lạ.<wrt:wait,15><wrt:break>Cảm giác kỳ lạ này là gì nhỉ?","Pero... hay algo que no me cuadra.<wrt:wait,15><wrt:break>¿A qué se deberá esa sensación?","Akan tetapi... Aku dapat merasakan aura yang sangat ganjil.<wrt:wait,15><wrt:break>Mengapa aku merasa seperti itu?","แต่ถึงอย่างนั้น... ก็รู้สึกได้ถึงความแปลกประหลาดอย่างชัดเจน<wrt:wait,15><wrt:break>ความรู้สึกแปลกๆ นี้มันคืออะไรกันนะ?","Mas... tem algo muito estranho acontecendo. <wrt:wait,15><wrt:break>O que será?"
,,,로베르토,,1_기본,,,"훗, 너 같은 선수는 처음이야. 경기가 기대되는군!","Heh, I’ve never met a player like you before. I’m looking forward to our match!",ふっ、君のような選手は初めてだ。試合が楽しみだな！,呵，像你这样的选手我还是第一次见。这场比赛我很期待！,呵，像你這樣的選手我還是第一次見。這場比賽我很期待！,Я впервые столкнулся с таким противником! Жду не дождусь нашей игры!,"Heh, saya tidak pernah bertemu dengan pemain seperti anda sebelum ini. Saya tidak sabar-sabar untuk perlawanan kami!","Hừm, ta chưa từng gặp cầu thủ nào như cậu. Trận đấu này thật đáng mong đợi!","Jaja, nunca antes había visto a un jugador como tú. Estoy ansioso por el partido.","Huh, aku belum pernah bertemu dengan atlet sepertimu. Aku sangat menantikan pertandingan denganmu!",หึ ฉันเพิ่งเคยเจอนักกีฬาแบบนายเป็นครั้งแรกเลย ชักตื่นเต้นกับการแข่งขันซะแล้วสิ!,"Hmm, nunca enfrentei um jogador como você. Mal posso esperar por essa partida!"
,경기 승리,#,MAP,,,,,콜로세움,콜로세움,콜로세움,콜로세움,콜로세움,콜로세움,콜로세움,콜로세움,콜로세움,콜로세움,콜로세움,콜로세움
,,#,BGM,,,,,BGM_NEW_BEGINNING,BGM_NEW_BEGINNING,BGM_NEW_BEGINNING,BGM_NEW_BEGINNING,BGM_NEW_BEGINNING,BGM_NEW_BEGINNING,BGM_NEW_BEGINNING,BGM_NEW_BEGINNING,BGM_NEW_BEGINNING,BGM_NEW_BEGINNING,BGM_NEW_BEGINNING,BGM_NEW_BEGINNING
,,#,로베르토,2,1_기본,,,,,,,,,,,,,,
,,#,백시우,-2,1_기본,,,,,,,,,,,,,,
,,,백시우,,2_기쁨,,,"감사합니다, 즐거운 경기였어요!",Thank you for the match!,ありがとうございます、楽しい試合でした！,谢谢您，这场比赛真是太精彩了！,謝謝你，這場比賽真是太精彩了！,Спасибо за захватывающую игру!,Terima kasih untuk perlawanan!,"Cảm ơn anh, trận đấu rất thú vị!",¡Gracias! ¡Fue un partido muy divertido!,Terima kasih atas pertandingan yang sangat seru ini!,ขอบคุณนะครับ เป็นการแข่งขันที่สนุกมาก!,"Obrigado, foi um jogo divertido!"
,,,로베르토,,1_기본,,,아쉽군. 좋은 경기였어.,"Could’ve been better for us, but it was a good match.",惜しかったな。良い試合だったよ。,真遗憾啊。不过是场好比赛。,真是可惜，不過是場難忘的比賽。,"Как жаль, что это конец. Отлично сыграли!",Sayang sekali. Tapi perlawanan yang bagus.,Tiếc quá. Đó là một trận đấu rất hay.,Qué lástima. Fue un buen partido.,Sangat disayangkan. Namun ini adalah pertandingan yang bagus.,น่าเสียดายแฮะ แต่ก็เป็นการแข่งขันที่ดีเลย,Que pena. Foi um bom jogo!
,,,로베르토,,1_기본,,,"<wrt:delay,5>지금 보여준 모습... <wrt:wait,15><wrt:break>그 실력이 온전히 네 것이 된다면 분명 넌 엄청난 괴물이 될 거다.","<wrt:delay,5>The skills you’ve shown today... <wrt:wait,15><wrt:break>If you can fully make them your own, you’ll surely become a monster on court.","<wrt:delay,5>今見せた姿...<wrt:wait,15><wrt:break>その実力が完全に君のものになれば、君は間違いなくとんでもない化け物になるだろう。","<wrt:delay,5>你刚才展现的姿态...<wrt:wait,15><wrt:break>如果那些技术完全成为你的，你肯定会成为一个了不起的怪物。","<wrt:delay,5>剛才展現的打球水平...<wrt:wait,15><wrt:break>如果能夠徹底融會貫通，那你肯定會成為一個了不起的高手。","<wrt:delay,5>То что я увидел...<wrt:wait,15><wrt:break>Уверен, ты станешь настоящим монстром, если сможешь отточить свои способности.","<wrt:delay,5>Kemahiran yang anda tunjukkan hari ini... <wrt:wait,15><wrt:break>Jika anda boleh membuatnya sepenuhnya milik anda, anda pasti akan menjadi jaguh di gelanggang.","<wrt:delay,5>Những gì cậu thể hiện lúc này... <wrt:wait,15><wrt:break>Nếu kỹ năng đó hoàn toàn thuộc về cậu, chắc chắn cậu sẽ trở thành một quái vật đáng gờm.","<wrt:delay,5>Lo que mostraste hoy... <wrt:wait,15><wrt:break>Si esas habilidades llegan a ser totalmente tuyas, te convertirás en un monstruo formidable.","<wrt:delay,5>Kemampuan yang barusan kamu perlihatkan itu... <wrt:wait,15><wrt:break>Jika kamu dapat membuatnya menjadi kemampuanmu yang sepenuhnya maka kamu dapat menjadi monster yang sangat menakutkan.","<wrt:delay,5>ภาพลักษณ์ที่นายแสดงให้เห็นตอนนี้น่ะ... <wrt:wait,15><wrt:break>ถ้าฝีมือนั่นกลายเป็นของนายโดยสมบูรณ์ล่ะก็ นายจะเป็นปีศาจที่ทรงพลังอย่างแน่นอน","<wrt:delay,5>A performance que você mostrou agora... <wrt:wait,15><wrt:break>Quando a dominar por completo, você se tornará um monstro nas quadras!"
,,,로베르토,,1_기본,,,그 때 다시 한번 붙도록 하지!,Let’s face off again when that time comes!,その時もう一度対戦しよう！,那时我们再来一决高下吧！,那時我們再來一決高下吧！,"Обязательно сыграем, когда ты будешь готов!",Mari kita bersemuka lagi apabila tiba masanya!,Lúc đó chúng ta sẽ đối đầu lần nữa nhé!,"Entonces, volveremos a enfrentarnos.",Mari kita bertanding lagi jika saat itu tiba!,พอถึงตอนนั้น ก็มาเจอกันอีกสักตานะ!,Vamos nos enfrentar de novo quando esse dia chegar!
,,,백시우,,1_웃음,,,네! 그 때가 되면... 잘 부탁드립니다!,You got it! I’ll be looking forward to that!,はい！その時が来たら...よろしくお願いします！,好的！到那时候...请多指教！,好的！到那時候...請多指教！,Конечно! Еще увидимся!,Ya! Bila tiba masanya... saya nantikannya!,Vâng! Khi đến lúc đó... rất mong được thi đấu cùng anh!,¡Sí! Cuando ese momento llegue... ¡Cuento con usted!,Iya! Pada saat itu... Mohon bantuannya lagi!,ครับ! ถ้าถึงตอนนั้น... ก็ขอฝากเนื้อฝากตัวด้วยนะครับ!,Sim! Quando esse dia chegar... Estarei contando com você!
,,,로베르토,,1_기본,,,"좋아! 그럼... <wrt:wait,15><wrt:break>강인한 전사의 마지막 인사는 짧은 법, 다음에 보자꾸나!","Well, then! <wrt:wait,15><wrt:break>A warrior should keep his farewell short and brief. Until next time!","よし！それじゃあ...<wrt:wait,15><wrt:break>強靭な戦士の最後の挨拶は短いものだ、また会おう！","好！那么...<wrt:wait,15><wrt:break>强者最后的告别应该简短，下次再见！","沒問題！那麼...<wrt:wait,15><wrt:break>真正的強者道別都很乾脆，下次再見啦！","Отлично! Что же...<wrt:wait,15><wrt:break>У сильнейших прощания короткие. Увидимся!","Baiklah! <wrt:wait,15><wrt:break>Seorang pahlawan hendaklah memastikan perpisahannya pendek dan ringkas. Sampai masa yang lain!","Tốt! Vậy... <wrt:wait,15><wrt:break>lời chào cuối cùng của một chiến binh mạnh mẽ phải thật ngắn gọn, hẹn gặp lại!","¡Muy bien! Entonces... <wrt:wait,15><wrt:break>La despedida de un guerrero fuerte es breve, ¡nos veremos pronto!","Bagus! Kalau begitu... <wrt:wait,15><wrt:break>Seperti layaknya pendekar yang tangguh selalu memberikan salam yang pendek, sampai jumpa nanti!","ดี! ถ้างั้นก็... <wrt:wait,15><wrt:break>นักรบผู้แข็งแกร่งย่อมกล่าวลาแบบไม่ยืดเยื้อ ไว้เจอกันครั้งหน้านะ!","Certo! Bem... <wrt:wait,15><wrt:break>A despedida de um guerreiro é sempre breve. Até a próxima!"
NN,최초 대면,#,MAP,,,,,콜로세움,콜로세움,콜로세움,콜로세움,콜로세움,콜로세움,콜로세움,콜로세움,콜로세움,콜로세움,콜로세움,콜로세움
,,#,BGM,,,,,BGM_NEW_BEGINNING,BGM_NEW_BEGINNING,BGM_NEW_BEGINNING,BGM_NEW_BEGINNING,BGM_NEW_BEGINNING,BGM_NEW_BEGINNING,BGM_NEW_BEGINNING,BGM_NEW_BEGINNING,BGM_NEW_BEGINNING,BGM_NEW_BEGINNING,BGM_NEW_BEGINNING,BGM_NEW_BEGINNING
,,#,정다희,-1,-1_기본,,,,,,,,,,,,,,
,,#,백시우,-2,1_기본,,,,,,,,,,,,,,
,,#,NN,2,1_기본,,,,,,,,,,,,,,
,,,NN,,1_기본,,,이야~ 이게 누구야. 그 녀석 딸내미잖아?,Oh? Look who we have here! It’s 'his' daughter!,やぁ〜これはこれは。奴の娘じゃないか？,哟～瞧瞧这是谁，那家伙的闺女嘛？,喲～看看是誰來了，這不是那傢伙的女兒嗎？,"Ого, кто это у нас тут? Дочурка того самого мастера?",Oh? Lihat siapa yang kita ada di sini! Ia anak perempuan 'dia'!,Ồ~ Ai đây. Chẳng phải là con gái của tên đó sao?,"Vaya, mira quién está aquí. ¿No eres la hija de aquel tipo?",Wah~ Siapa ini. Bukankah ini anak perempuan dari orang itu?,เฮ้~ ใครกันเนี่ย ลูกสาวของเจ้านั่นนี่นา?,Olha só quem está aqui! A filha daquele cara!
,,,정다희,,-2_어머,,exclam,"앗, 아저씨가 여긴 웬일이에요?!","Oh, old man! What brings you here?!",あっ、おじさんがここに何の用ですか？,啊，大叔您怎么会在这儿？！,啊，叔叔怎麼會在這裡？！,"Ой, а вы здесь какими судьбами, дядя?","Oh, pak cik! Kenapa pak cik ada di sini?!","Ơ, sao chú lại ở đây vậy ạ?!","¡Ah, señor! ¡¿Qué haces aquí?!","Eh, kenapa paman datang ke sini?!",โอ๊ะ คุณลุงมาทำอะไรที่นี่เหรอคะ?!,"Ah, o que você tá fazendo aqui, tiozão!?"
,,,NN,,1_딴청,,silent,아저씨라니... 기분 나쁜 호칭이네.,Old man...? That’s a pretty unpleasant way to address someone.,おじさんだなんて...イヤな呼び方だな。,叫我大叔...真是让人不爽的称呼啊。,居然叫我叔叔...這稱呼還真難聽。,Какой еще «дядя»? Звучит не очень.,Pak cik...? Panggilan yang kurang menyenangkan.,Chú á... Cách gọi thật khó chịu.,¿Señor...? Qué forma tan desagradable de llamarme.,Paman... Panggilan itu membuat perasaanku jadi buruk.,คุณลุงเลยเหรอ... ช่างเป็นคำเรียกที่น่าอารมณ์เสียจริงๆ,Tiozão!? Que apelido desagradável.
,,,NN,,1_웃음,,,"<txt:size,-2> 음... 오빠. 그래 오빠가 좋겠어. <wrt:wait,15><wrt:break>앞으론 오빠라고 불러.","<txt:size,-2>Hmm... how about big bro? <wrt:wait,15><wrt:break>Yeah, call me big bro from now on.","<txt:size,-2>うーん...お兄さん。そうだ、お兄さんがいいな。<wrt:wait,15><wrt:break>これからはお兄さんと呼んでくれ。","<txt:size,-2>嗯...哥哥。对，哥哥更好。<wrt:wait,15><wrt:break>以后叫我哥哥吧。","<txt:size,-2>嗯...哥哥。對！叫哥哥順耳多了。<wrt:wait,15><wrt:break>以後叫我哥哥吧。","<txt:size,-2>Лучше зови меня братом.<wrt:wait,15><wrt:break>Да, так точно лучше будет.","<txt:size,-2>Hmm... Abang. Ya, lebih baik abang. <wrt:wait,15><wrt:break>Mulai sekarang, panggil saya abang.","<txt:size,-2> Ừm... Anh. Phải, anh nghe hay hơn. <wrt:wait,15><wrt:break>Từ giờ hãy gọi anh nhé.","<txt:size,-2> Mmm... joven. <wrt:wait,15><wrt:break>Sí, eso me gusta más. A partir de ahora, llámame «joven».","<txt:size,-2> Hmm... Kakak. Iya sepertinya kakak adalah panggilan yang tepat. <wrt:wait,15><wrt:break>Mulai sekarang panggil aku kakak.","<txt:size,-2>อืม... พี่น่าจะดีกว่านะ <wrt:wait,15><wrt:break>ต่อไปเรียกฉันว่าพี่ก็แล้วกัน","<txt:size,-2>Hmm... moço. Isso, moço soa melhor. <wrt:wait,15><wrt:break>De agora em diante, me chama de moço."
,,,정다희,,-1_당황,,angry,"<txt:shake,1>오, 오빠요?! </txt:shake>아잇, 진짜 뭐래!!! <wrt:wait,15><wrt:break><txt:bold,2><cha:face,정다희,1_삐약>아.저.씨.</txt:bold> 딸 뻘에게 그러고 싶어요?!","<txt:shake,1>B-big bro?! </txt:shake> Ugh, what are you saying?! <wrt:wait,15><wrt:break><txt:bold,2><cha:face,정다희,1_삐약>Mister,</txt:bold> I could be your daughter!","<txt:shake,1>お、お兄さんですって？！</txt:shake>もう、ありえない！<wrt:wait,15><wrt:break><txt:bold,2><cha:face,정다희,1_삐약>お.じ.さ.ん！</txt:bold>娘くらいの年の子に、そんなこと言わせたいんですか？！","<txt:shake,1>哥、哥哥？！</txt:shake>哎呀，您说什么呢！！！<wrt:wait,15><wrt:break><txt:bold,2><cha:face,정다희,1_삐약>大.叔.</txt:bold>您想对年纪够当您女儿的人说这种话吗？！","<txt:shake,1>哥、哥哥？！</txt:shake>哎呀，你在說什麼啊！！<wrt:wait,15><wrt:break><txt:bold,2><cha:face,정다희,1_삐약>叔.叔.</txt:bold>我年紀都可以當你女兒了，這稱呼合適嗎？！","<txt:shake,1>Б-братом?</txt:shake> Это еще что такое? <wrt:wait,15><wrt:break><txt:bold,2><cha:face,정다희,1_삐약>Д.я.д.я</txt:bold>, я вам в дочки гожусь!","<txt:shake,1>A-Abang?! </txt:shake>Ish, mengarutlah! <wrt:wait,15><wrt:break><txt:bold,2><cha:face,정다희,1_삐약>Pak. Cik.</txt:bold> Saya ni sebaya anak pak cik, tahu?!","<txt:shake,1>An... anh ư?! </txt:shake>Ái chà, thật là nhảm nhí!!! <wrt:wait,15><wrt:break><txt:bold,2><cha:face,정다희,1_삐약>Chú!</txt:bold> Chú định nói thế với người bằng tuổi con gái chú thật đấy à?!","<txt:shake,1>¡¿J-joven?! </txt:shake>¡Pero qué dices! <wrt:wait,15><wrt:break><txt:bold,2><cha:face,정다희,1_삐약>SE-ÑOR.</txt:bold> ¡¿Quieres que te diga eso teniendo edad para ser tu hija?!","<txt:shake,1>Ka, kakak?! </txt:shake>Eh, apa-apaan!!! <wrt:wait,15><wrt:break><txt:bold,2><cha:face,정다희,1_삐약>PA.M.AN.</txt:bold> Apa Anda ingin seperti itu di depan seseorang yang semuda putri Anda?","<txt:shake,1>พะ พี่เหรอคะ?! </txt:shake>ฮึ่ย พูดอะไรเนี่ย!!! <wrt:wait,15><wrt:break><txt:bold,2><cha:face,정다희,1_삐약>คุณ! ลุง!</txt:bold> หนูแทบจะเป็นลูกสาวได้อยู่แล้วนะคะ!","<txt:shake,1>M-moço?! </txt:shake>Ai, fala sério! <wrt:wait,15><wrt:break><txt:bold,2><cha:face,정다희,1_삐약>TIO-ZÃO!</txt:bold> Vai pedir isso pra quem tem idade pra ser sua filha?!"
,,,백시우,,1_정적,,,아하핫... 다희야. 이분도 아는 분이셔?,"Haha... Dahee, do you know this person?",あはは...夏希、この人も知り合い？,啊哈哈...多熙。这位也是你认识的人？,啊哈哈...多熙。這位也是你認識的人？,"Ха-ха, Дахи, это еще один твой знакомый?","Haha... Dahee, anda kenal orang ni?",A ha ha... Dahee à. Cậu cũng quen người này à?,"Ajaja... Dahee, ¿conoces a este señor?",Hahaha... Dahee. Apa kamu kenal dengan orang ini juga?,ฮะฮะ... ดาฮี นี่ก็คนรู้จักเหรอ?,"Haha... Dahee, você conhece essa pessoa também?"
,,,정다희,,-1_언짢,,,"<wrt:delay,5>으으음... </wrt:delay>그냥 잘 모른다고 해두자! <wrt:wait,15><wrt:break>왜냐면 이 곳에서 저 사람만은 상대하지 않는 편이 좋을 거라는 판단이 들거든...!","<wrt:delay,5>Uhh... </wrt:delay>Let’s just say I don’t really know him and leave it at that! <wrt:wait,15><wrt:break>Because I think it’s best if we avoid dealing with him here...!","<wrt:delay,5>うーん...</wrt:delay>知らない人としておこう！<wrt:wait,15><wrt:break>なんとなく、ここではあの人の相手しちゃダメな気がする..！","<wrt:delay,5>呃呃呃...</wrt:delay>就当不认识吧！<wrt:wait,15><wrt:break>因为我觉得在这里最好别和这个人打交道...！","<wrt:delay,5>呃呃呃...</wrt:delay>就當不認識吧！<wrt:wait,15><wrt:break>因為我覺得在這裡最好別和這個人打交道...！","<wrt:delay,5>Хм-м...</wrt:delay> Лучше сказать, что я его не знаю.<wrt:wait,15><wrt:break>Не думаю, что нам стоит играть с ним здесь...","<wrt:delay,5>Uhh... </wrt:delay>Anggap saja dia kenalan ayah saya dan biarkan sahaja! <wrt:wait,15><wrt:break>Sebab saya rasa lebih baik kita elakkan berurusan dengan dia di sini...!","<wrt:delay,5>Ừm... </wrt:delay>Cứ coi như không quen đi! <wrt:wait,15><wrt:break>Vì theo nhận định của tớ, tốt nhất là không nên đối đầu với người đó ở đây...!","<wrt:delay,5>Ugh... </wrt:delay>Mejor digamos que no lo conozco bien. <wrt:wait,15><wrt:break>Porque siento que sería mejor no tener nada que ver con él...","<wrt:delay,5>Hmmmmm... </wrt:delay>Anggap saja aku tidak terlalu kenal! <wrt:wait,15><wrt:break>Alasannya karena menurutku di antara orang-orang di tempat ini, dia adalah satu-satunya yang tidak ingin aku lawan...!","<wrt:delay,5>เอ่อ... </wrt:delay>ถือซะว่าไม่รู้จักก็แล้วกัน! <wrt:wait,15><wrt:break>เพราะมันจะดีกว่านะ ถ้านายไม่ได้แข่งขันกับเขาในที่แห่งนี้น่ะ...!","<wrt:delay,5>Hmm... </wrt:delay>Prefiro dizer que não conheço ele! <wrt:wait,15><wrt:break>Acho melhor evitar enfrentar esse cara aqui...!"
,,,백시우,,1_엥,,,응? 그게 무슨 말이야?,Huh? What do you mean by that?,え？どういう意味？,嗯？这是什么意思？,嗯？這是什麼意思？,Что? В смысле?,Hah? Apakah yang anda maksudkan dengan itu?,Hả? Ý cậu là sao?,¿Eh? ¿Qué quieres decir?,Heh? Apa yang kamu maksud?,เอ๋? หมายความว่าไงเหรอ?,Ahn!? Como assim?
,,,정다희,,-1_경계,pause,,"<wrt:delay,5>저 사람, </wrt:delay>저래 뵈어도 <txt:wave,1>세계 최고</txt:wave>의...","<wrt:delay,5>That man, </wrt:delay>despite how he looks, is one of the <txt:wave,1>world’s greatest</txt:wave>...","<wrt:delay,5>あの人ね、</wrt:delay>ああ見えても<txt:wave,1>世界一</txt:wave>の...","<wrt:delay,5>这个人，</wrt:delay>虽然看起来是这样，但其实是<txt:wave,1>世界顶级</txt:wave>的...","<wrt:delay,5>這個人，</wrt:delay>雖然看起來是這樣，但其實是<txt:wave,1>世界頂級</txt:wave>的...","<wrt:delay,5>Он...</wrt:delay> Хоть и выглядит так, но <txt:wave,1>лучший в мире</txt:wave>...","<wrt:delay,5>Lelaki itu, </wrt:delay>walaupun rupanya, adalah salah seorang <txt:wave,1>yang terhebat di dunia</txt:wave>...","<wrt:delay,5>Người đó, </wrt:delay>tuy trông vậy nhưng là <txt:wave,1>số một thế giới</txt:wave> về...","<wrt:delay,5>Esa persona, </wrt:delay>aunque no lo parezca, es el <txt:wave,1>mejor del mundo</txt:wave>...","<wrt:delay,5>Orang itu, </wrt:delay>meski dia terlihat begitu namun dia adalah salah satu <txt:wave,1>terbaik di dunia</txt:wave> sebagai...","<wrt:delay,5>คนนั้นน่ะ </wrt:delay>ถึงจะเห็นแบบนั้น แต่ก็เป็น<txt:wave,1>สุดยอด</txt:wave>...","<wrt:delay,5>Aquela pessoa, </wrt:delay>por mais que não pareça, é <txt:wave,1>o melhor</txt:wave> do mundo..."
,,,백시우,,2_놀람,pause,,"<txt:wave,1><wrt:delay,5>최고의...!?","<txt:wave,1><wrt:delay,5>Greatest...?!","<txt:wave,1><wrt:delay,5>一の...！？","<txt:wave,1><wrt:delay,5>顶级的...！？","<txt:wave,1><wrt:delay,5>頂級的...！？","<txt:wave,1><wrt:delay,5>Лучший...?!","<txt:wave,1><wrt:delay,5>Paling hebat...?!","<txt:wave,1><wrt:delay,5>Số một về...!?","<txt:wave,1><wrt:delay,5>¿El mejor de...?","<txt:wave,1><wrt:delay,5>Sebagai...!?","<txt:wave,1><wrt:delay,5>สุดยอด...!?","<txt:wave,1><wrt:delay,5>O melhor!?"
,,,정다희,,-1_당황,pause,,"<cha:pop,정다희><cha:face,NN,1_딴청><txt:size,2><txt:bold,2>...괴짜야!!!","<cha:pop,정다희><cha:face,NN,1_딴청><txt:size,2><txt:bold,2>...Weirdo!","<cha:pop,정다희><cha:face,NN,1_딴청><txt:size,2><txt:bold,2>...変わり者なの！","<cha:pop,정다희><cha:face,NN,1_딴청><txt:size,2><txt:bold,2>...怪咖！！！","<cha:pop,정다희><cha:face,NN,1_딴청><txt:size,2><txt:bold,2>...怪咖！！！","<cha:pop,정다희><cha:face,NN,1_딴청><txt:size,2><txt:bold,2>...Чудак!","<cha:pop,정다희><cha:face,NN,1_딴청><txt:size,2><txt:bold,2>...Pelik!","<cha:pop,정다희><cha:face,NN,1_딴청><txt:size,2><txt:bold,2>...sự quái đản!!!","<cha:pop,정다희><cha:face,NN,1_딴청><txt:size,2><txt:bold,2>...¡Un excéntrico!","<cha:pop,정다희><cha:face,NN,1_딴청><txt:size,2><txt:bold,2>...Orang aneh!!!","<cha:pop,정다희><cha:face,NN,1_딴청><txt:size,2><txt:bold,2>...คนพิลึกของโลก!!!","<cha:pop,정다희><cha:face,NN,1_딴청><txt:size,2><txt:bold,2>O mais excêntrico do mundo!"
,,,정다희,,-1_당황,shake,,"<txt:shake,1>최악이야, 최악! </txt:shake>으으, 그동안 어디서 뭘 하고 있었나 했는데 여기 있었다니! <wrt:wait,15><wrt:break>흥! 시우야, 어서 도망가자.","<txt:shake,1>He’s the worst! </txt:shake>I wondered where he disappeared to, and it turns out he’s been here! <wrt:wait,15><wrt:break>Hmph! Siwoo, let’s get out of here!","<txt:shake,1>最悪よ、最悪！</txt:shake>うぅ、今までどこで何をしていたのかと思えば、ここにいたなんて！<wrt:wait,15><wrt:break>ふん！新、早く逃げましょう。","<txt:shake,1>太糟糕了，太糟糕！</txt:shake>呃，我还在想他这段时间到底在哪里鬼混，没想到在这儿！<wrt:wait,15><wrt:break>哼！时宇，我们快溜吧。","<txt:shake,1>糟糕，糟糕透了！</txt:shake>呃，我還在想他這段時間到底在哪裡鬼混，沒想到在這裡！<wrt:wait,15><wrt:break>哼！時宇，我們快溜吧。","<txt:shake,1>Просто до ужаса!</txt:shake> Я-то думала, чем он все это время занимался, а он оказывается здесь был!<wrt:wait,15><wrt:break>Шиу, пора уходить отсюда.","<txt:shake,1>Dia yang paling teruk! </txt:shake>Saya tertanya-tanya ke mana dia menghilang dan sememangnya dia memang ada di sini! <wrt:wait,15><wrt:break>Hmph! Siwoo, mari pergi dari sini!","<txt:shake,1>Tệ nhất, tệ hại nhất! </txt:shake>Ưm, ai mà ngờ chú ấy đã ở đây trong suốt thời gian qua! <wrt:wait,15><wrt:break>Hừ! Siwoo à, nhanh chân mà chạy đi thôi.","<txt:shake,1>¡Es el peor, el peor! </txt:shake>Ugh, me pregunto dónde ha estado todo este tiempo, ¡y resulta que estaba aquí! <wrt:wait,15><wrt:break>¡Vámonos, Siwoo!","<txt:shake,1>Benar-benar terburuk, buruk sekali! </txt:shake>Urgghh, selama ini aku penasaran sedang apa dia tapi tidak ku sangka, dia ada disini! <wrt:wait,15><wrt:break>Huhh! Siwoo, ayo kita cepat kabur.","<txt:shake,1>นี่มันสถานการณ์ยอดแย่สุดๆ เลย! </txt:shake>ฉันก็คิดว่าที่ผ่านมาเขากำลังทำอะไรอยู่ที่ไหน แต่มาอยู่ที่นี่เอง! <wrt:wait,15><wrt:break>ฮึ่ย! ชีอู เรารีบหนีกันเถอะ","<txt:shake,1>Que horrível! </txt:shake>Argh, me perguntei onde ele tava esse tempo todo, e descobri que tava aqui! <wrt:wait,15><wrt:break>Vamos sair daqui, Siwoo."
,,,NN,,1_딴청,,angry,"어허, 여기 듣는 아저씨 상처 받는다? <wrt:wait,15><wrt:break>...잠깐 거기 멈춰봐.","Hey now, I can hear you, you know? <wrt:wait,15><wrt:break>...Wait a second, stop right there.","ちょっとちょっと、ここにいるおじさんが傷つくんだけど？<wrt:wait,15><wrt:break>...ちょっと待ちなさい。","喂喂，这里可是有人在听的，大叔会伤心的哦？<wrt:wait,15><wrt:break>...等等，站住。","喂喂，這裡可是有人在聽的，叔叔會傷心的喔？<wrt:wait,15><wrt:break>...等等，站住。","Эй, дядя тут в сторонке все слышал, и ему больно!<wrt:wait,15><wrt:break>Эй, подождите!","Hei sekarang, saya boleh mendengar anda, anda tahu? <wrt:wait,15><wrt:break>...Tunggu sebentar, berhenti di situ.","Này, người chú đang nghe ở đây bị tổn thương đấy? <wrt:wait,15><wrt:break>...Khoan đã, dừng lại.","Oye, te advierto que este señor también tiene sentimientos, ¿eh? <wrt:wait,15><wrt:break>...Espera un momento, no te vayas.","Oho, paman ini akan merasa sakit hati jika kamu begitu! <wrt:wait,15><wrt:break>...Coba berhenti sebentar.","อะแฮ่ม คุณลุงที่ยืนฟังอยู่ตรงนี้เสียใจแย่แล้วนะ <wrt:wait,15><wrt:break>...หยุดก่อนน่า","Estou ficando magoado, hein! <wrt:wait,15><wrt:break>Espera, calma aí."
,,,NN,,1_기본,pause,,"흐음, 너지? 그, 뭐냐. <wrt:wait,15><wrt:break><wrt:delay,5>니... 니시... </wrt:delay>니시야마가 말한 녀석.","Hmm, you’re the one, right? <wrt:wait,15><wrt:break><wrt:delay,5>That, uh... </wrt:delay>the one Nishiyama was talking about.","ふむ、君か。あの、あれ。<wrt:wait,15><wrt:break><wrt:delay,5>に...にし...</wrt:delay>西山が言っていた奴。","嗯，是你吧？就是那个...<wrt:wait,15><wrt:break><wrt:delay,5>西...西...</wrt:delay>西山说的小子。","嗯，是你吧？就是那個...<wrt:wait,15><wrt:break><wrt:delay,5>西...西...</wrt:delay>西山說的小子。","Это же ты, да?<wrt:wait,15><wrt:break><wrt:delay,5>Тот, про кого говорил Н-Ниси... Нисияма.","Hmm, awaklah orangnya, kan? <wrt:wait,15><wrt:break><wrt:delay,5>Yang Ni... Nishi... </wrt:delay>Nishiyama ceritakan tu.","Hừm, là cậu phải không? À, cái gì nhỉ. <wrt:wait,15><wrt:break><wrt:delay,5>Người mà Ni... Nishi... </wrt:delay>Nishiyama nhắc đến.","Hmm, eres tú, ¿no? <wrt:wait,15><wrt:break><wrt:delay,5>Ese... eh... </wrt:delay>el que mencionó Nishiyama.","Hmm, kamu kan? Itu, apa ya. <wrt:wait,15><wrt:break><wrt:delay,5>Ni... Nisi... </wrt:delay>Nisiyama, dia pernah mengatakan tentangmu.","อืม นายใช่ไหม? เอ่อ ใครแล้วนะ <wrt:wait,15><wrt:break><wrt:delay,5>คนที่นิ... นิชิ... </wrt:delay>นิชิยามะพูดถึงน่ะ","Hmm, é você, né? <wrt:wait,15><wrt:break><wrt:delay,5>O cara que o Nishi... </wrt:delay>Nishiyama falou."
,,,백시우,,1_정적,,,니시카와요?,Nishikawa?,西川ですか？,是西川前辈吗？,你要說的是西川嗎？,Нисикава?,Nishikawa?,Anh Nishikawa ạ?,¿Nishikawa?,Maksud Anda Nishikawa?,นิชิกาวะเหรอครับ?,Nishikawa?
,,,NN,,1_기본,,,"아, 그래. 니시카와.","Ah, right. Nishikawa.",ああ、そうだ。西川。,啊，对。西川。,啊，對！西川。,"А, точно! Нисикава!","Ah, betul. Nishikawa.","À, phải rồi. Nishikawa.","Ah, sí. Nishikawa.","Oh, iya benar Nishikawa.",อ้อ ใช่ๆ นิชิกาวะ,"Isso, Nishikawa."
,,,NN,,1_웃음,,,"아무튼 이야기는 들었어. 이 아저씨, 기대 중이라고? <wrt:wait,15><wrt:break>니시키가 그렇게 극찬을 한 건 처음 봤어.","Anyway, I’ve heard about you. I’m looking forward to seeing what you’ve got! <wrt:wait,15><wrt:break>It’s the first time I’ve seen Nishiki praise someone so highly.","とにかく話は聞いたよ。おじさん、期待してるんだよ？<wrt:wait,15><wrt:break>西木があそこまで絶賛したのは初めて見たよ。","总之我听说了。这个大叔很看好你呢？<wrt:wait,15><wrt:break>西基居然会这么称赞一个人，我还是第一次见。","總之我聽說了，叔叔我可是很期待喔？<wrt:wait,15><wrt:break>西基居然會這麼稱讚一個人，我還是第一次見。","В общем, я о тебе слышал. Жду невероятной игры.<wrt:wait,15><wrt:break>Первый раз видел, что бы Нисики так хвалил кого-то.","Bagaimanapun, saya pernah mendengar tentang anda. Saya tidak sabar-sabar untuk melihat apa yang anda ada! <wrt:wait,15><wrt:break>Ini kali pertama saya melihat Nishiki memuji seseorang dengan sangat tinggi.","Dù sao ta cũng đã nghe nói đến cậu rồi. Người chú này cũng đang mong đợi lắm đấy! <wrt:wait,15><wrt:break>Lần đầu tiên ta thấy Nishiki khen ngợi ai nhiều đến vậy.","De todos modos, escuché de ti. Este viejo tiene grandes expectativas, ¿sabías? <wrt:wait,15><wrt:break>Nunca vi a Nishiki elogiar tanto a alguien.","Pokoknya aku telah mendengar tentangmu. Paman ini, sedang menantikan permainanmu! <wrt:wait,15><wrt:break>Aku tidak pernah melihat Nisiki memuji seseorang setinggi itu.","ยังไงก็เถอะ ฉันได้ฟังเรื่องราวมาแล้วล่ะ ฉันคาดหวังมากเลยนะ <wrt:wait,15><wrt:break>เพราะฉันเพิ่งเคยเห็นนิชิกิเอ่ยปากชมใครขนาดนั้นเป็นครั้งแรกเลย","Ouvi falar de você. Tô super animado, sabia? <wrt:wait,15><wrt:break>Foi a primeira vez que vejo o Nishiki elogiar tanto alguém."
,,,정다희,,-1_경계,,,니시카와요.,It’s Nishikawa.,西川です。,是西川前辈。,人家是叫西川。,Нисикава.,Nishikawa.,Là Nishikawa ạ.,Nishikawa.,Nishikawa.,นิชิกาวะค่ะ,É Nishikawa.
,,,NN,,1_딴청,,,"다혜야, 아저씨 얘기 중이잖냐.","Dahey, don’t interrupt me.",夏美、おじさんが話してるだろ。,多惠，大叔正在说话呢。,多惠，叔叔正在說話呢。,"Дахе, ну я же не закончил!","Daey, jangan ganggu saya.","Da-hye à, chú đang nói chuyện mà.","Dahye, el señor está hablando aquí.","Dahi, aku kan sedang berbicara.",ดาฮเย ลุงยังพูดไม่จบเลยนะ,"Dahye, o tiozão aqui tá falando..."
,,,백시우,,3_난감,nervous,silent,"<txt:color,grey>(진짜 뭐지...?)","<txt:color,grey>(Seriously, what’s with this guy...?)","<txt:color,grey>(マジで何なんだ...？)","<txt:color,grey>(这到底是怎么回事...？)","<txt:color,grey>(這到底是怎麼回事...？)","<txt:color,grey>(Да что с ним...)","<txt:color,grey>(Serius, ada apa dengan lelaki ini...?)","<txt:color,grey>(Thật sự là sao vậy...?)","<txt:color,grey>(¿Qué rayos está pasando...?)","<txt:color,grey>(Apa ini orang...?)","<txt:color,grey>(อะไรกันเนี่ย...?)","<txt:color,grey>(O que esse cara tem...)"
,,,NN,,1_기본,,,그래. 그럼... 어디 한번 우리 아가 실력 좀 볼까~?,"Alright then... let’s see what our little one can do, shall we?",そうだな。じゃあ...ちょっと実力を見せてもらおうか〜？,那么...让我们来看看我们宝贝的实力如何吧～？,那麼...讓我們來看看我們寶貝的實力如何吧～？,"Ну что же, покажешь свои навыки, малыш?","Baiklah... mari kita lihat apa yang boleh dilakukan oleh si kecil kita, ya?",Được rồi. Vậy... để xem thực lực của cháu thế nào nào~!,Bien. Entonces... Veamos de qué estás hecho.,Baiklah. Kalau begitu... Bagaimana kalau aku lihat kemampuan dari anak bocah~?,โอเค ถ้างั้นก็... มาลองดูฝีมือเด็กน้อยกันสักหน่อยดีกว่า~,"Enfim. Então, vamos ver suas habilidades?"
,도전 시작,#,MAP,,,,,콜로세움,콜로세움,콜로세움,콜로세움,콜로세움,콜로세움,콜로세움,콜로세움,콜로세움,콜로세움,콜로세움,콜로세움
,,#,BGM,,,,,BGM_NEW_BEGINNING,BGM_NEW_BEGINNING,BGM_NEW_BEGINNING,BGM_NEW_BEGINNING,BGM_NEW_BEGINNING,BGM_NEW_BEGINNING,BGM_NEW_BEGINNING,BGM_NEW_BEGINNING,BGM_NEW_BEGINNING,BGM_NEW_BEGINNING,BGM_NEW_BEGINNING,BGM_NEW_BEGINNING
,,#,NN,2,1_기본,,,,,,,,,,,,,,
,,#,백시우,-2,1_기본,,,,,,,,,,,,,,
,,,NN,,1_기본,,,"오~ 안녕, 하얀 머리! <wrt:wait,15><wrt:break>너... 이름이 뭐였더라?","Oh, hey there, white hair! <wrt:wait,15><wrt:break>What was your name again...?","やあ〜こんにちは、白髪くん！<wrt:wait,15><wrt:break>君...名前何だったっけ？","哦～你好啊，白毛！<wrt:wait,15><wrt:break>你...叫什么来着？","哦～你好啊，白毛！<wrt:wait,15><wrt:break>你...叫什麼來著？","О, привет, белобрысик!<wrt:wait,15><wrt:break>Как тебя зовут-то?","Oh, hey, rambut putih! <wrt:wait,15><wrt:break>Siapa nama anda...?","Ồ~ Chào, đầu trắng! <wrt:wait,15><wrt:break>Cậu... tên gì nhỉ?","Oh~ Hola, cabeza blanca. <wrt:wait,15><wrt:break>¿Cómo te llamabas?","Oh~ Apa kabar, rambut putih! <wrt:wait,15><wrt:break>Kamu... Apa itu namamu?","โอ้~ หวัดดี เจ้าผมขาว! <wrt:wait,15><wrt:break>นาย... ชื่ออะไรแล้วนะ?","Ei, cabelo branco! <wrt:wait,15><wrt:break>Qual era o seu nome mesmo?"
,,,백시우,,1_기본,,,"아, 안녕하세요! 백시우라고 합니다.","Oh, hello sir! I’m Siwoo Baek.",あ、こんにちは！白井新と申します。,啊，您好！我叫白时宇。,啊，你好！我叫白時宇。,"Ой, добрый день! Бэк Шиу!","Oh, helo tuan! Saya Siwoo Baek.","À, chào chú! Cháu là Baek Siwoo.","Ah, ¡Hola! Soy Siwoo Baek.","Ah, apa kabar! Saya adalah Siwoo Baek.",สะ สวัสดีครับ! ผมชื่อแบคชีอูครับ,"Ah, oi! Meu nome é Siwoo Baek."
,,,NN,,1_기본,,,"맞아. 그랬었지... 뭐, 콜로세움 경기는 처음이라 그랬나?","Right, right... did you say this is your first time at the Colosseum?",そうだ。そうだったな...コロッセオの試合は初めてだったっけ？,对，是叫这个...那么，这是你第一次参加竞技场比赛吧？,對齁，沒錯沒錯...那麼，這是你第一次參加競技場比賽吧？,"Ах, да! Ты первый раз на соревнованиях в Колизее?","Betul, betul... adakah anda kata ini kali pertama anda ke Colosseum?",Phải rồi! Vậy đấy... Hình như đây là lần đầu cậu thi đấu ở Đấu Trường phải không?,"Ah, sí. Eso era... Es tu primera vez en el Coliseo, ¿verdad?","Oh iya. Itu namamu... Kalau tidak salah, kamu bilang ini adalah pertandingan pertamamu di Colosseum?",อ้อ ใช่ๆ... แล้วนายเพิ่งเคยแข่งขันที่โคลอสเซียมครั้งแรกใช่ไหม?,"Ah, verdade. É a sua primeira vez no Coliseu?"
,,,백시우,,1_웃음,,,네! 그... 아저씨는 여러 번 해보셨나보네요!,Yes! How about you... mister? Have you played here many times?,はい！おじさんは何度もやったことがあるんですね！,是的！看来您参加过很多次了呢！,是的！看來叔叔參加過很多次了呢！,"Да! А вы, наверное, несколько раз участвовали?",Ya! Bagaimana dengan anda... tuan? Adakah anda bermain di sini banyak kali?,Vâng! Có vẻ... chú đã tham gia nhiều lần rồi nhỉ!,"¡Sí! Y... tú ya has participado varias veces, ¿verdad?",Iya! Untuk... Paman pasti sudah berkali-kali ya!,ครับ! เอ่อ... ท่าทางว่าคุณลุงจะเคยแข่งหลายรอบแล้วสินะครับ!,"Sim! E você, já participou de muitos jogos?"
,,,NN,,1_딴청,,,"뭐.. 젊은 시절엔 몇 번. <wrt:wait,15><wrt:break>이번엔 등 떠밀려 왔지만 말이야.","Well... a few times in my younger days. <wrt:wait,15><wrt:break>This time, I got pushed into it.","まぁ...若い頃に何回かな。<wrt:wait,15><wrt:break>今回は背中を押されて来たんだがな。","嗯...年轻时候参加过几次。<wrt:wait,15><wrt:break>这次是被人硬拉来的。","嗯...年輕時候參加過幾次。<wrt:wait,15><wrt:break>這次是被人硬拉來的。","Ну, в молодости пару раз.<wrt:wait,15><wrt:break>На этот раз меня просто заставили.","Nah... beberapa kali pada zaman muda saya. <wrt:wait,15><wrt:break>Kali ini, saya di arah untuk masuk.","Ừm.. Hồi trẻ thì vài lần. <wrt:wait,15><wrt:break>Lần này thì bị ép đến thôi.","Bueno... En mis días jóvenes, unas cuantas veces. <wrt:wait,15><wrt:break>Esta vez me obligaron a venir.","Iya.. Beberapa kali pas masih muda. <wrt:wait,15><wrt:break>Meski pada kali ini aku datang agak terpaksa.","ก็.. เคยหลายครั้งตอนยังหนุ่มๆ แหละ <wrt:wait,15><wrt:break>ถึงครั้งนี้ฉันจะมาเพราะโดนบังคับก็เถอะ","Ah, sim... Algumas vezes, quando eu era mais novo. <wrt:wait,15><wrt:break>Desta vez, me empurraram pra cá."
,,,NN,,1_딴청,pause,,그보다 참가 신청은 했는데 팀원이 없네. 아~ 팀원은 어디서 구하지?,"But I’ve signed up, and I don’t have anyone to play with. Hmm... where could I find some teammates?",そんなことより、参加申し込みはしたんだけどチームメイトがいないんだ。あ〜チームメイトはどこで見つければいいんだ～？,不过我报名参加了，但没有队友。啊～在哪里找队友呢？,雖然參加了，但還沒有隊友。啊～要在哪裡找隊友呢？,"И самое интересное, что я направил заявку, а участников мне не нашли. И где мне их искать?","Tetapi saya telah mendaftar, dan saya tidak mempunyai sesiapa untuk bermain. Hmm... di mana saya boleh mencari rakan sepasukan?",Quan trọng hơn là tuy đã đăng ký tham gia nhưng lại không có đồng đội. À~ Biết tìm đồng đội ở đâu đây?,Pero el problema es que me inscribí y no tengo equipo. ¿Dónde encuentro compañeros?,Ngomong-ngomong aku sudah mendaftar namun aku tidak mempunyai anggota tim. Ahh~ Dimana aku dapat menemukan anggota tim?,ฉันสมัครเข้าร่วมไปแล้ว แต่ยังไม่มีสมาชิกทีมเลย เฮ้อ~ จะไปหาสมาชิกทีมจากไหนดีเนี่ย?,"Entendi. Afinal, estou procurando alguém pra jogar comigo."
,,,NN,,1_기본,,,"흠... <wrt:wait,15><wrt:break>네가 나랑 같이 할래?","Hmm... <wrt:wait,15><wrt:break>how about you join me?","ふむ...<wrt:wait,15><wrt:break>君、俺と一緒にやらないか？","嗯...<wrt:wait,15><wrt:break>你要不要和我一起组队？","嗯...<wrt:wait,15><wrt:break>你要不要和我一起組隊？","Хм...<wrt:wait,15><wrt:break>Может ты со мной?","Hmm... <wrt:wait,15><wrt:break>bagaimana kalau anda sertai saya?","Hừm... <wrt:wait,15><wrt:break>Cậu có muốn chơi cùng ta không?","Hmm... <wrt:wait,15><wrt:break>¿Te gustaría unirte a mí?","Hmmm... <wrt:wait,15><wrt:break>Bagaimana kalau kita bertanding bersama?","อืม... <wrt:wait,15><wrt:break>นายอยากมาเล่นกับฉันไหม?","Hmm... <wrt:wait,15><wrt:break>Que tal jogar comigo?"
,,,백시우,,1_정적,,sweat,"아, 하하... <wrt:wait,15><wrt:break>아뇨, 저는 이미 팀이 있어서.","Ah, haha... <wrt:wait,15><wrt:break>Sorry, but I already have a team.","あ、はは...<wrt:wait,15><wrt:break>いえ、俺はもうチームがあるので。","啊，哈哈...<wrt:wait,15><wrt:break>不了，我已经有队伍了。","啊，哈哈...<wrt:wait,15><wrt:break>不了，我已經有隊伍了。","А... Ха-ха...<wrt:wait,15><wrt:break>Нет, спасибо, у меня уже есть команда.","Ah, haha... <wrt:wait,15><wrt:break>Maaf, tetapi saya sudah ada pasukan.","À, haha... <wrt:wait,15><wrt:break>Không, cháu đã có đội rồi ạ.","Ah, jaja... <wrt:wait,15><wrt:break>No, ya tengo equipo.","Eh, haha... <wrt:wait,15><wrt:break>Tidak apa-apa, saya sudah mempunyai tim.","เอ่อ ฮะฮะ... <wrt:wait,15><wrt:break>ไม่ดีกว่าครับ พอดีว่าผมมีทีมแล้วน่ะครับ","Ah, obrigado, <wrt:wait,15><wrt:break>mas eu já estou em um time."
,,,NN,,1_딴청,,,"<wrt:delay,5>...그래, 새우야.","<wrt:delay,5>...I see, Saewoo.","<wrt:delay,5>...そうか、あらたろう。","<wrt:delay,5>...好吧，西宇。","<wrt:delay,5>...好吧，西宇。","<wrt:delay,5>... Ладно, Шэу...","<wrt:delay,5>...Saya faham, Saewoo.","<wrt:delay,5>...Được thôi, tôm nhỏ Se-woo.","<wrt:delay,5>...Bien, Sewoo.","<wrt:delay,5>...Bagus, Si Udang.","<wrt:delay,5>...โอเค ชีอิ๊ว","<wrt:delay,5>Entendi... Saewoo."
,,,백시우,,3_난감,nervous,,"<txt:color,grey>(이건... 아무리 봐도 일부러다.)","<txt:color,grey>(Okay... he’s definitely doing this on purpose.)","<txt:color,grey>(これは...どう見てもわざと間違えたな)","<txt:color,grey>(这...怎么看都是故意的吧。)","<txt:color,grey>(這...怎麼看都是故意的吧。)","<txt:color,grey>(Это он специально же...)","<txt:color,grey>(Baiklah... dia pasti melakukan ini dengan tujuan.)","<txt:color,grey>(Cái này... chắc chắn là ông ấy cố tình.)","<txt:color,grey>(Eso fue... claramente intencional.)","<txt:color,grey>(Aku yakin... dia sengaja seperti ini.)","<txt:color,grey>(นี่มัน... จงใจเรียกผิดชัดๆ)","<txt:color,grey>(Tenho certeza de que ele me chamou errado de propósito.)"
,무작위_1,#,MAP,,,,,콜로세움,콜로세움,콜로세움,콜로세움,콜로세움,콜로세움,콜로세움,콜로세움,콜로세움,콜로세움,콜로세움,콜로세움
,,#,BGM,,,,,BGM_NEW_BEGINNING,BGM_NEW_BEGINNING,BGM_NEW_BEGINNING,BGM_NEW_BEGINNING,BGM_NEW_BEGINNING,BGM_NEW_BEGINNING,BGM_NEW_BEGINNING,BGM_NEW_BEGINNING,BGM_NEW_BEGINNING,BGM_NEW_BEGINNING,BGM_NEW_BEGINNING,BGM_NEW_BEGINNING
,,#,NN,0,1_기본,,,,,,,,,,,,,,
,,,NN,,1_기본,,,"이게 뭔지 알아? <wrt:wait,15><wrt:break>내가 가장 좋아하는 초콜릿 장인이 한 땀 한 땀 빚어 만든 초콜릿 우유야.","Do you know what this is? <wrt:wait,15><wrt:break>It’s chocolate milk made by my favorite chocolatier, crafted with the utmost care.","これが何か分かるかい？<wrt:wait,15><wrt:break>俺の大好きなチョコレート職人が一つ一つ心を込めて作ったチョコミルクだよ。","你知道这是什么吗？<wrt:wait,15><wrt:break>这是我最喜欢的巧克力大师亲手制作的巧克力牛奶。","你知道這是什麼嗎？<wrt:wait,15><wrt:break>這是我最喜歡的巧克力大師親手製作的巧克力牛奶。","Знаешь, что это?<wrt:wait,15><wrt:break>Это мое любимое шоколадное молоко, сделанное одним шоколатье.","Adakah anda tahu ini? <wrt:wait,15><wrt:break>Ia susu coklat yang dibuat oleh pembuat coklat kegemaran saya, dibuat dengan teliti.","Cậu biết đây là gì không? <wrt:wait,15><wrt:break>Đây là sữa sô cô la do nghệ nhân sô cô la yêu thích nhất của ta tự tay làm ra đấy.","¿Sabes qué es esto? <wrt:wait,15><wrt:break>Es leche con chocolate, hecha a mano por mi chocolatero favorito.","Apa kamu tahu apa ini? <wrt:wait,15><wrt:break>Ini susu cokelat yang dibuat dengan sangat teliti oleh perajin cokelat favoritku.","รู้ไหมว่านี่คืออะไร? <wrt:wait,15><wrt:break>นี่คือนมช็อกโกแลตที่ช่างทำช็อกโกแลตคนโปรดของฉันบรรจงทำขึ้นอย่างพิถีพิถันเลยนะ","Sabe o que é isso? <wrt:wait,15><wrt:break>Esse aqui é meu leite com chocolate favorito, feito por um expert em chocolate."
,무작위_2,#,MAP,,,,,콜로세움,콜로세움,콜로세움,콜로세움,콜로세움,콜로세움,콜로세움,콜로세움,콜로세움,콜로세움,콜로세움,콜로세움
,,#,BGM,,,,,BGM_NEW_BEGINNING,BGM_NEW_BEGINNING,BGM_NEW_BEGINNING,BGM_NEW_BEGINNING,BGM_NEW_BEGINNING,BGM_NEW_BEGINNING,BGM_NEW_BEGINNING,BGM_NEW_BEGINNING,BGM_NEW_BEGINNING,BGM_NEW_BEGINNING,BGM_NEW_BEGINNING,BGM_NEW_BEGINNING
,,#,NN,0,1_기본,,,,,,,,,,,,,,
,,,NN,,1_기본,,,"상훈아, 몸은 다 풀었니?","Sanghoon, d’you warm up?",あらたろう、体はほぐれたかい？,尚勋啊，你热身好了吗？,尚勳啊，你熱身好了嗎？,"Санхун, ты уже размялся?","Sanghoon, anda panaskan badan?","Sang-hoon à, cậu đã khởi động xong chưa?","Sanghoon, ¿ya calentaste?","Sanghun, apa kamu sudah selesai pemanasan?",ซังฮุน นายวอร์มร่างกายเรียบร้อยแล้วรึยัง?,"Sanghoon, já se aqueceu?"
,,,NN,,1_웃음,,,나는 아직 안 풀었어.,I haven’t had the chance yet.,俺はまだほぐしてないよ。,我还没开始呢。,我還沒開始呢。,А вот я еще нет.,Saya belum sempat lagi.,Tôi vẫn chưa khởi động xong.,Yo aún no.,Aku sendiri belum mulai pemanasan.,ส่วนฉันน่ะยังเลย,Eu ainda não...
,무작위_3,#,MAP,,,,,콜로세움,콜로세움,콜로세움,콜로세움,콜로세움,콜로세움,콜로세움,콜로세움,콜로세움,콜로세움,콜로세움,콜로세움
,,#,BGM,,,,,BGM_NEW_BEGINNING,BGM_NEW_BEGINNING,BGM_NEW_BEGINNING,BGM_NEW_BEGINNING,BGM_NEW_BEGINNING,BGM_NEW_BEGINNING,BGM_NEW_BEGINNING,BGM_NEW_BEGINNING,BGM_NEW_BEGINNING,BGM_NEW_BEGINNING,BGM_NEW_BEGINNING,BGM_NEW_BEGINNING
,,#,NN,0,1_기본,,,,,,,,,,,,,,
,,,NN,,1_딴청,,,"<txt:shake,1>아니...!!! </txt:shake><wrt:wait,15><wrt:break>이 초코 우유.. 230키로 칼로리라고? 5 줄었잖아?","<txt:shake,1>Wait...!!! </txt:shake><wrt:wait,15><wrt:break>This chocolate milk has 230 calories? That's 5 fewer than before!","<txt:shake,1>嘘だ...！</txt:shake><wrt:wait,15><wrt:break>このチョコミルク...230キロカロリーだって？5キロカロリー減ってるじゃないか？","<txt:shake,1>不会吧...！！！</txt:shake><wrt:wait,15><wrt:break>这个巧克力牛奶...居然只有230千卡？少了5千卡啊？","<txt:shake,1>不會吧...！！！</txt:shake><wrt:wait,15><wrt:break>這個巧克力牛奶...居然只有230大卡？少了5大卡啊？","<txt:shake,1>Что?!</txt:shake><wrt:wait,15><wrt:break>В этом шоколадном молоке 230 килокалорий? На 5 меньше, чем раньше!","<txt:shake,1>Tunggu...!!! </txt:shake><wrt:wait,15><wrt:break>Susu coklat ini ada 230 kalori? Itu 5 kurang daripada sebelumnya!","<txt:shake,1>Không thể nào...!!! </txt:shake><wrt:wait,15><wrt:break>Sữa sô cô la này... 230 kilô calo à? Giảm mất 5 rồi!","<txt:shake,1>¡¿Qué...?! </txt:shake><wrt:wait,15><wrt:break>¿Esta leche con chocolate tiene 230 calorías? ¿5 menos que antes?","<txt:shake,1>Aduh...!!! </txt:shake><wrt:wait,15><wrt:break>Susu cokelat ini.. sekarang 230 kalori? Kenapa berkurang 5 kalori?","<txt:shake,1>เดี๋ยวนะ...!!! </txt:shake><wrt:wait,15><wrt:break>นมช็อกโก้อันนี้.. 230 กิโลแคลอรีงั้นเหรอ? ลดไป 5 นี่นา?","<txt:shake,1>O quê!? </txt:shake><wrt:wait,15><wrt:break>Esse leite com chocolate tem 230 calorias! Menos 5 calorias!"
,무작위_4,#,MAP,,,,,콜로세움,콜로세움,콜로세움,콜로세움,콜로세움,콜로세움,콜로세움,콜로세움,콜로세움,콜로세움,콜로세움,콜로세움
,,#,BGM,,,,,BGM_NEW_BEGINNING,BGM_NEW_BEGINNING,BGM_NEW_BEGINNING,BGM_NEW_BEGINNING,BGM_NEW_BEGINNING,BGM_NEW_BEGINNING,BGM_NEW_BEGINNING,BGM_NEW_BEGINNING,BGM_NEW_BEGINNING,BGM_NEW_BEGINNING,BGM_NEW_BEGINNING,BGM_NEW_BEGINNING
,,#,NN,0,1_기본,,,,,,,,,,,,,,
,,,NN,,1_딴청,,,"<txt:shake,1>지방이 5그램? </txt:shake><wrt:wait,15><wrt:break>3그램 줄었잖아? 어쩐지 요즘 살이 빠지더라...","<txt:shake,1>5 grams of fat? </txt:shake><wrt:wait,15><wrt:break>It’s down by 3 grams? No wonder I've been losing weight lately...","<txt:shake,1>脂肪が5グラム？</txt:shake><wrt:wait,15><wrt:break>3グラム減ってるじゃないか？どうりで最近痩せてきたわけだ...","<txt:shake,1>脂肪含量5克？</txt:shake><wrt:wait,15><wrt:break>少了3克啊？难怪我最近体重一直在减...","<txt:shake,1>脂肪含量5公克？</txt:shake><wrt:wait,15><wrt:break>少了3公克啊？難怪我最近體重一直在掉...","<txt:shake,1>5 граммов жира?</txt:shake><wrt:wait,15><wrt:break>На 3 грамма меньше! Неудивительно, что я в последнее время худею...","<txt:shake,1>5 gram lemak? </txt:shake><wrt:wait,15><wrt:break>Kurang 3 gram? Tidak hairanlah saya telah kehilangan berat badan akhir-akhir ini...","<txt:shake,1>5 gram chất béo? </txt:shake><wrt:wait,15><wrt:break>Giảm mất 3 gram rồi? Hèn gì dạo này cứ thấy giảm cân...","<txt:shake,1>¿Grasa de 5 gramos? </txt:shake><wrt:wait,15><wrt:break>¿3 gramos menos que antes? Ahora entiendo por qué he estado perdiendo peso...","<txt:shake,1>Lemaknya 5 gram? </txt:shake><wrt:wait,15><wrt:break>Bagaimana bisa berkurang 3 gram? Pantas saja akhir-akhir ini aku agak kurusan...","<txt:shake,1>ไขมัน 5 กรัม? </txt:shake><wrt:wait,15><wrt:break>ลดไป 3 กรัมนี่นา? ถึงว่าช่วงนี้น้ำหนักลดลง...","<txt:shake,1>5 gramas de gordura? </txt:shake><wrt:wait,15><wrt:break>Reduziu 3 gramas! Foi por isso que tava perdendo peso..."
,무작위_5,#,MAP,,,,,콜로세움,콜로세움,콜로세움,콜로세움,콜로세움,콜로세움,콜로세움,콜로세움,콜로세움,콜로세움,콜로세움,콜로세움
,,#,BGM,,,,,BGM_NEW_BEGINNING,BGM_NEW_BEGINNING,BGM_NEW_BEGINNING,BGM_NEW_BEGINNING,BGM_NEW_BEGINNING,BGM_NEW_BEGINNING,BGM_NEW_BEGINNING,BGM_NEW_BEGINNING,BGM_NEW_BEGINNING,BGM_NEW_BEGINNING,BGM_NEW_BEGINNING,BGM_NEW_BEGINNING
,,#,NN,0,1_기본,,,,,,,,,,,,,,
,,,NN,,1_기본,,,"<wrt:delay,5>세계적인 윙 스파이커들은 말이야... </wrt:delay>대부분 싸가지가 없지. <wrt:wait,15><wrt:break>...보통 그렇더라고.","<wrt:delay,5>You know, most of the world’s top wing spikers... </wrt:delay>they tend to be a bit rude. <wrt:wait,15><wrt:break>...That’s usually how it is.","<wrt:delay,5>世界的なウイングスパイカーたちはな...</wrt:delay>ほとんどが礼儀知らずだ。<wrt:wait,15><wrt:break>...普通そうなんだよ。","<wrt:delay,5>世界级的主攻手们嘛...</wrt:delay>大多数都没什么教养。<wrt:wait,15><wrt:break>...通常都是这样的。","<wrt:delay,5>世界級的主攻手們嘛...</wrt:delay>大多數都沒什麼教養。<wrt:wait,15><wrt:break>...通常都是這樣的。","<wrt:delay,5>Все эти доигровщики...</wrt:delay> Совсем совести не имеют.<wrt:wait,15><wrt:break>Это я по опыту говорю.","<wrt:delay,5>Anda tahu, kebanyakan perejam sayap terkemuka di dunia... </wrt:delay>mereka cenderung untuk bersikap agak kasar. <wrt:wait,15><wrt:break>...Begitulah selalunya.","<wrt:delay,5>Những Chủ Công hàng đầu thế giới ấy... </wrt:delay>Hầu hết đều không có chút phép lịch sự nào. <wrt:wait,15><wrt:break>...Thường là vậy đấy.","<wrt:delay,5>Los mejores atacantes del mundo... </wrt:delay>generalmente son unos engreídos. <wrt:wait,15><wrt:break>... Eso es lo común.","<wrt:delay,5>Wing Spiker yang mendunia itu... </wrt:delay>Rata-rata semuanya sangat kasar. <wrt:wait,15><wrt:break>...Maksudku itu pada biasanya.","<wrt:delay,5>พวกตัวตบโค้งระดับโลกน่ะ... </wrt:delay>ส่วนใหญ่ก็ไร้มารยาทกันทั้งนั้น <wrt:wait,15><wrt:break>...เป็นแบบนั้นปกติเลย","<wrt:delay,5>Os pontas de nível mundial costumam ser meio folgados...</wrt:delay> <wrt:wait,15><wrt:break>Normalmente é assim."
,무작위_6,#,MAP,,,,,콜로세움,콜로세움,콜로세움,콜로세움,콜로세움,콜로세움,콜로세움,콜로세움,콜로세움,콜로세움,콜로세움,콜로세움
,,#,BGM,,,,,BGM_NEW_BEGINNING,BGM_NEW_BEGINNING,BGM_NEW_BEGINNING,BGM_NEW_BEGINNING,BGM_NEW_BEGINNING,BGM_NEW_BEGINNING,BGM_NEW_BEGINNING,BGM_NEW_BEGINNING,BGM_NEW_BEGINNING,BGM_NEW_BEGINNING,BGM_NEW_BEGINNING,BGM_NEW_BEGINNING
,,#,NN,0,1_기본,,,,,,,,,,,,,,
,,,NN,,1_딴청,,,좋은 세터의 기준은 뭘까나?,What do you think makes a good setter?,良いセッターの基準って何だろうか？,优秀二传手的标准是什么呢？,優秀二傳手的標準是什麼呢？,Как определить хорошего связующего?,"Pada pendapat anda, apakah yang menjadikan pengumpan yang baik?",Tiêu chuẩn của một Chuyền Hai giỏi là gì nhỉ?,¿Cuál sería el criterio para un buen colocador?,Coba tebak apa standar dari Setter yang baik?,มาตรฐานของตัวเซ็ตที่ดีคืออะไรกันนะ?,O que faz um levantador ser realmente bom?
,,,NN,,1_딴청,,,...적어도 난 아니야.,"...Well, it’s definitely not me.",...少なくとも俺ではないな。,...至少我不是。,...至少我不是。,"...Ну, это точно не я.",... itu pasti bukan saya.,... Ít nhất thì không phải là tôi.,...Al menos yo no lo soy.,...Yang pasti itu bukan aku.,...อย่างน้อยก็ไม่ใช่ฉันแหละ,"Eu, pelo menos, não me considero um..."
,무작위_7,#,MAP,,,,,콜로세움,콜로세움,콜로세움,콜로세움,콜로세움,콜로세움,콜로세움,콜로세움,콜로세움,콜로세움,콜로세움,콜로세움
,,#,BGM,,,,,BGM_NEW_BEGINNING,BGM_NEW_BEGINNING,BGM_NEW_BEGINNING,BGM_NEW_BEGINNING,BGM_NEW_BEGINNING,BGM_NEW_BEGINNING,BGM_NEW_BEGINNING,BGM_NEW_BEGINNING,BGM_NEW_BEGINNING,BGM_NEW_BEGINNING,BGM_NEW_BEGINNING,BGM_NEW_BEGINNING
,,#,NN,0,1_기본,,,,,,,,,,,,,,
,,,NN,,1_기본,,,"은퇴하기 전, 마지막으로 감독이랑 얘기할 때 말했지. <wrt:wait,15><wrt:break>나는 이 팀을 나가면... <wrt:delay,5>세계 최고의...!","Before I retired, during my last conversation with the coach, I told him... <wrt:wait,15><wrt:break>If I ever leave this team... <wrt:delay,5>I’ll open the best...","引退する前、最後に監督と話した時に言ったんだ。<wrt:wait,15><wrt:break>俺はこのチームを出たら...<wrt:delay,5>世界一の...！","退役前，最后和教练谈话时我说了。<wrt:wait,15><wrt:break>我离开这个队伍后...<wrt:delay,5>要成为世界最强的...！","退役前，最後和教練談話時我說了。<wrt:wait,15><wrt:break>我離開這個隊伍後...<wrt:delay,5>要成為世界最強的...！","Перед уходом я напоследок сказал тренеру:<wrt:wait,15><wrt:break>«Только дайте мне уйти из этой команды, и я стану лучшим...","Sebelum saya bersara, untuk perbualan terakhir saya dengan jurulatih, saya memberitahunya... <wrt:wait,15><wrt:break>Sekiranya saya meninggalkan pasukan ini... <wrt:delay,5>Saya akan menjadi paling hebat...","Trước khi giải nghệ, lần cuối nói chuyện với huấn luyện viên, tôi đã nói... <wrt:wait,15><wrt:break>khi rời khỏi đội này... <wrt:delay,5>tôi sẽ gây dựng một thứ số một thế giới...!","Antes de retirarme, le dije al entrenador... <wrt:wait,15><wrt:break>Cuando deje este equipo... ¡abriré... <wrt:delay,5>el mejor del mundo...!","Sebelum aku pensiun, aku mengatakan ini saat pembicaraan terakhir dengan Coach. <wrt:wait,15><wrt:break>Jika aku keluar dari tim ini... <wrt:delay,5>Aku akan menjadi yang terbaik di dunia dengan...!","ก่อนที่ฉันจะวางมือ ฉันเคยบอกกับโค้ชไว้ตอนคุยกันครั้งสุดท้าย <wrt:wait,15><wrt:break>ว่าถ้าฉันออกจากทีมนี้ไป... <wrt:delay,5>ฉันจะ...!","Na minha última conversa com o técnico antes de me aposentar, eu disse... <wrt:wait,15><wrt:break>Quando deixar o time... <wrt:delay,5>Vou abrir..."
,,,NN,,1_딴청,,,고깃집을 차릴 거란 말을 말이지.,Barbecue restaurant in the world!,焼肉屋を開くって言葉をね。,烤肉店老板，就是这么说的。,烤肉店老闆，當時就是這麼說的。,владельцем мясного ресторана».,Pemilik restoran daging panggang terbaik di dunia!,Một quán thịt nướng ấy mà.,"Un restaurante de parrilla, quiero decir.",Dengan membuat restoran BBQ.,เปิดร้านเนื้อย่างที่อร่อยที่สุดในโลกน่ะ,a melhor churrascaria do mundo.
,경기 전,#,MAP,,,,,콜로세움,콜로세움,콜로세움,콜로세움,콜로세움,콜로세움,콜로세움,콜로세움,콜로세움,콜로세움,콜로세움,콜로세움
,,#,BGM,,,,,BGM_NEW_BEGINNING,BGM_NEW_BEGINNING,BGM_NEW_BEGINNING,BGM_NEW_BEGINNING,BGM_NEW_BEGINNING,BGM_NEW_BEGINNING,BGM_NEW_BEGINNING,BGM_NEW_BEGINNING,BGM_NEW_BEGINNING,BGM_NEW_BEGINNING,BGM_NEW_BEGINNING,BGM_NEW_BEGINNING
,,#,남재현,1,1_기본,,,,,,,,,,,,,,
,,#,백시우,-2,1_기본,,,,,,,,,,,,,,
,,#,NN,2,1_기본,,,,,,,,,,,,,,
,,,백시우,,2_놀람,,exclam,"어라. <txt:shake,1>...남재현?!</txt:shake>","Wait a minute. <txt:shake,1>Jaehyun?!</txt:shake>","あれ。<txt:shake,1>...陵？！</txt:shake>","咦。<txt:shake,1>...南宰贤？！</txt:shake>","咦。<txt:shake,1>...南宰賢？！</txt:shake>","Ой, <txt:shake,1>Нам Чжэхён?!</txt:shake>","Tunggu sebentar. <txt:shake,1>Jaehyun?!</txt:shake>","Ơ kìa. <txt:shake,1>... Nam Jaehyeon?!</txt:shake>","¡¿Qué?! <txt:shake,1>...¿Jaehyun Nam?!</txt:shake>","Eh. <txt:shake,1>...Jaehyeon Nam?!</txt:shake>","หืม <txt:shake,1>...นัมแจฮยอน?!</txt:shake>","Ahn!? <txt:shake,1>Jaehyun Nam!?</txt:shake>"
,,,NN,,1_딴청,,,"오, 뭐야? 너희 서로 아는 사이냐?",What’s this? You two know each other?,おぉ、何だ？君たち知り合いなのか？,哦，怎么？你们互相认识啊？,哦，怎麼？你們互相認識啊？,"Вы что, знакомы?",Apa ini? Korang berdua kenal?,"Ồ, sao vậy? Hai đứa quen nhau à?","Oh, ¿qué? ¿Se conocen?","Oh, apa ini? Apa kalian saling berkenalan?",โอ๊ะ? นายสองคนรู้จักกันเหรอ?,"Espera, vocês dois já se conhecem?"
,,,백시우,,2_놀람,,,"남재현, 너야말로 여긴 웬일이야? <wrt:wait,15><wrt:break>...그보다, 아저씨와는 어떻게 같은 팀에?","Right back at you Jaehyun, what are you doing here? <wrt:wait,15><wrt:break>...And how did you end up on the same team as him?","陵、お前こそ何でここにいるの？<wrt:wait,15><wrt:break>...それに、どうしておじさんと同じチームに？","南宰贤，你怎么会在这儿？<wrt:wait,15><wrt:break>...还有，你怎么会和这位大叔组队？","南宰賢，你怎麼會在這裡？<wrt:wait,15><wrt:break>...還有，你怎麼會和這位叔叔組隊？","Нам Чжэхён, а ты-то что здесь забыл?<wrt:wait,15><wrt:break>Да еще и в одной команде с дядей?","Betul ke anda Jaehyun, anda buat apa kat sini? <wrt:wait,15><wrt:break>...bagaimana anda berada dalam pasukan yang sama dengannya?","Jaehyeon, sao cậu lại ở đây? <wrt:wait,15><wrt:break>... Mà quan trọng hơn, sao cậu lại chung đội với chú ấy?","Jaehyun Nam, ¿qué haces aquí? <wrt:wait,15><wrt:break>...Más importante, ¿cómo acabaste en el mismo equipo que este señor?","Jaehyeon Nam, Apa yang kau lakukan di sini? <wrt:wait,15><wrt:break>...Dari pada itu, kenapa kamu satu tim dengan paman itu?","นัมแจฮยอน ฉันสิต้องถามว่านายมาอยู่ที่นี่ได้ยังไง? <wrt:wait,15><wrt:break>...แถมยังอยู่ทีมเดียวกับคุณลุงด้วยเนี่ยนะ?","Jaehyun Nam, o que você tá fazendo aqui? <wrt:wait,15><wrt:break>E como você foi parar no mesmo time que ele?"
,,,남재현,,1_기본,,,"...뭐, 어쩌다보니? <wrt:wait,15><wrt:break>팀원을 찾고 계시던데. 나한테 먼저 같이 하자 하셨거든.","Well, it just kind of happened? <wrt:wait,15><wrt:break>He was looking for teammates, and he asked me to join him first.","...まぁ、偶然というか？<wrt:wait,15><wrt:break>あのおじさん、チームメンバーを募集してたんだ。それで声をかけられて、今に至る感じ。","...嗯，就是凑巧吧？<wrt:wait,15><wrt:break>他在找队友。就先邀请我一起了。","...嗯，就是湊巧吧？<wrt:wait,15><wrt:break>他在找隊友。就先邀請我一起了。","...Ну, как-то само получилось.<wrt:wait,15><wrt:break>Он искал игроков в команду и попросил меня присоединиться.","Ia hanya berlaku? <wrt:wait,15><wrt:break>Dia sedang mencari rakan sepasukan dan dia minta saya menyertainya dahulu.","... Ừm, tình cờ thôi! <wrt:wait,15><wrt:break>Chú ấy đang tìm đồng đội. Chú ấy chủ động rủ tớ chơi cùng.","Bueno, de alguna manera... <wrt:wait,15><wrt:break>Estaba buscando compañeros, y él me pidió primero unirme.","...Eh, iya begitulah! <wrt:wait,15><wrt:break>Katanya dia sedang mencari tim. Dan mengajakku untuk membentuk tim dengannya.","...ฉันก็จับพลัดจับผลูมาน่ะ <wrt:wait,15><wrt:break>พอดีเขากำลังหาสมาชิกทีมอยู่ แล้วก็มาชวนฉันก่อน","Ah, foi o que aconteceu. <wrt:wait,15><wrt:break>Ele estava procurando um parceiro e me chamou primeiro."
,,,백시우,,2_당황,,,"어엇, 그렇게 즉흥적으로 팀을 꾸린 거야?","Wait, so you just put a team together on the spot like that?",えぇっ、そんな成り行きみたいな感じでチームを組んだの？,啊，这么突然就组队了？,啊，這麼突然就組隊了？,Чего? Такое спонтанное создание команды?,"Tunggu, jadi anda tubuhkan pasukan secara spontan begitu saja?","Hả, vậy là các cậu lập đội một cách bất ngờ à?",¿Así de repente formaron un equipo?,"Eh, kamu bentuk tim dengan spontan begitu saja?",หา ตั้งทีมกันแบบสดๆ เลยเหรอ?,Então você montou o time meio que de última hora?
,,,남재현,,1_기본,,,"나야 뭐, 아는 분이 소개해주셔서 이 리그에 오게 된 거라...<wrt:wait,15><wrt:break>나도 팀원이 부족해서 곤란했으니 잘 됐지, 뭐.","A friend of mine introduced me to this league... <wrt:wait,15><wrt:break>I was short on team members too, so it worked out perfectly.","俺はまぁ、知り合いの方に紹介されてこのリーグに来たようなもんだし...<wrt:wait,15><wrt:break>俺もちょうどチームメンバーが足りなくて困っていたからな。","我嘛，是通过认识的人介绍来参加这个联赛的...<wrt:wait,15><wrt:break>我也正缺队友，所以正好，就这样了。","我嘛，是透過認識的人介紹來參加這個聯賽的...<wrt:wait,15><wrt:break>我也正缺隊友，所以就剛好湊一組。","Мне знакомый посоветовал лигу.<wrt:wait,15><wrt:break>Так что у меня самого не было команды.","Seorang rakan saya memperkenalkan saya kepada liga ini... <wrt:wait,15><wrt:break>Saya juga kekurangan ahli pasukan, tapi ia cukup sempurna.","Tớ thì được người quen giới thiệu nên mới đến giải đấu này...<wrt:wait,15><wrt:break>Tớ cũng đang thiếu đồng đội nên cũng tốt thôi.","Sí, me recomendaron para esta liga, y también necesitaba compañeros...<wrt:wait,15><wrt:break>así que funcionó.","Aku datang ke League ini karena dikenalkan oleh kenalan...<wrt:wait,15><wrt:break>Oleh karena itu aku juga kekurangan anggota tim, jadi kita saling memerlukan.","ก็นะ ฉันมาเข้าร่วมลีกนี้เพราะคนรู้จักแนะนำให้...<wrt:wait,15><wrt:break>แล้วก็กำลังคิดหนักเพราะขาดสมาชิกทีมอยู่ พอมาเจอเขาก็พอดีเลย","No meu caso, alguém me falou dessa liga... <wrt:wait,15><wrt:break>E como tava sem time, acabou se encaixando."
,,,NN,,1_기본,,,"흠, 아는 사이란 말이지? <wrt:wait,15><wrt:break>그렇다면... 재현아, 지면 자존심 상하겠지? 한번 보여주자고!","Hmm, so you guys know each other? <wrt:wait,15><wrt:break>In that case... Jaehyun, losing would hurt your pride, wouldn’t it? Let’s show them what we’ve got!","ふむ、知り合いだったんだな？<wrt:wait,15><wrt:break>それなら...陵、負けたらプライドが傷つくだろう？一度俺たちの力を見せてやろうじゃないか！","嗯，原来是认识的啊？<wrt:wait,15><wrt:break>那么...宰贤啊，输了可是会很没面子的吧？让我们好好表现一下吧！","嗯，原來你們認識啊？<wrt:wait,15><wrt:break>那麼...宰賢啊，輸了可是會很沒面子的喔？讓我們好好表現一下吧！","Хм, так вы хорошо знакомы?<wrt:wait,15><wrt:break>Что же... Если ты, Чжэхён проиграешь, твоя самооценка точно упадет ниже плинтуса!","Hmm, jadi anda kenal antara satu sama lain? <wrt:wait,15><wrt:break>Kalau macam tu... Jaehyun, kalah akan menjatuhkan maruah anda, bukan? Mari tunjukkan kepada mereka apa yang kita ada!","Hừm, ra là quen nhau à? <wrt:wait,15><wrt:break>Vậy thì... Jaehyeon à, thua sẽ mất mặt lắm đấy! Hãy cho họ thấy đi nào!","Hmm, ¿entonces se conocen? <wrt:wait,15><wrt:break>Si es así... Jaehyun, perder sería humillante, ¿no? ¡Vamos a mostrarles!","Hmm, jadi kalian saling kenal? <wrt:wait,15><wrt:break>Kalau begitu... Jaehyeon, harga dirimu pasti akan terluka jika kamu kalah kan? Mari kita perlihatkan kepadanya!","อืม เป็นคนรู้จักกันสินะ? <wrt:wait,15><wrt:break>งั้น... ถ้าเราแพ้ก็คงจะเสียศักดิ์ศรีน่าดูเลยใช่ไหม แจฮยอน? มาลุยให้เต็มที่กันดีกว่า!","Hmm, então vocês já se conhecem? <wrt:wait,15><wrt:break>Nesse caso... Jaehyun, seria um vexame perder, não acha? Vamos mostrar do que somos capazes!"
,경기 승리,#,MAP,,,,,콜로세움,콜로세움,콜로세움,콜로세움,콜로세움,콜로세움,콜로세움,콜로세움,콜로세움,콜로세움,콜로세움,콜로세움
,,#,BGM,,,,,BGM_NEW_BEGINNING,BGM_NEW_BEGINNING,BGM_NEW_BEGINNING,BGM_NEW_BEGINNING,BGM_NEW_BEGINNING,BGM_NEW_BEGINNING,BGM_NEW_BEGINNING,BGM_NEW_BEGINNING,BGM_NEW_BEGINNING,BGM_NEW_BEGINNING,BGM_NEW_BEGINNING,BGM_NEW_BEGINNING
,,#,정다희,-1,-1_기본,,,,,,,,,,,,,,
,,#,백시우,-2,1_기본,,,,,,,,,,,,,,
,,#,니시카와,4,1_기본,,,,,,,,,,,,,,
,,#,NN,2,1_기본,,,,,,,,,,,,,,
,,,NN,,1_웃음,,,"음음, 느낌 왔어.","Hmm, I’ve got a feeling about this.",うーむ、これはなかなか。,嗯嗯，我有感觉了。,嗯嗯，找回手感了。,Хм... Вот оно что.,"Hmm, saya ada perasaan tentang perkara ini.","Ừm ừm, cảm nhận được rồi đây.","Hmm, tengo un presentimiento.","Hmmm, aku sudah paham.",อืม รู้สึกได้เลย,"Hmm, sinto que estou pegando o espírito da coisa."
,,,정다희,,-2_헤헤,wave,,"헤헤, 아저씨! 시우 대단하죠?","Hehe, old man! Siwoo is pretty amazing, right?",へへ、おじさん！新すごいでしょ？,嘿嘿，大叔！时宇很厉害吧？,嘿嘿，叔叔！時宇很厲害吧？,"Ха-ха, дядя! Наш Шиу молодец, да?","Hehe, orang tua! Siwoo sangat mengagumkan, bukan?","Hehe, chú ơi! Siwoo giỏi lắm phải không ạ?","Jeje, ¡señor! Siwoo es increíble, ¿verdad?","Hehe, Om! Tidakkah Siwoo sangat hebat?",ฮิฮิ คุณลุง! ชีอูยอดเยี่ยมเลยใช่ไหมล่ะคะ?,"Haha! O Siwoo é impressionante, né?"
,,,NN,,1_기본,,,"<wrt:delay,5>확실히 신체적 부분에서는...","<wrt:delay,5>Well, physically speaking...","<wrt:delay,5>確かに身体的な部分では...","<wrt:delay,5>确实在身体素质方面...","<wrt:delay,5>確實在身體素質方面...","<wrt:delay,5>Особенно что касается его тела...","<wrt:delay,5>Nah, secara fizikal...","<wrt:delay,5>Chắc chắn là về mặt thể chất...","<wrt:delay,5>Definitivamente en cuanto a lo físico...","<wrt:delay,5>Jika dilihat dari bagian fisik memang...","<wrt:delay,5>ก็ทางด้านกายภาพน่ะ...","<wrt:delay,5>Sem dúvida, fisicamente ele..."
,,,NN,,1_딴청,pause,exclam,"<cha:pop,NN>...이런!","<cha:pop,NN>... Oh no!","<cha:pop,NN>...おっと！","<cha:pop,NN>...哎呀！","<cha:pop,NN>...哎呀！","<cha:pop,NN>О нет!","<cha:pop,NN>... Oh tidak!","<cha:pop,NN>...Ôi chao!","<cha:pop,NN>...¡Oh no!","<cha:pop,NN>...Aduh!","<cha:pop,NN>...โอ๊ะ!","<cha:pop,NN>Poxa!"
,,,백시우,,2_놀람,pause,,?!,?!,？！,？！,？！,?!,?!,?!,?!,?!,?!,?
,,,NN,,1_기본,,,다솜아. 네 아빠한테는 안부 전해줘라.,"Dasom, tell your dad I said hi.",夏葉、お前の父さんにはよろしく言っといてくれ。,多顺啊。替我向你爸爸问好。,多順啊，替我向你爸爸問好。,"Дасом, передавай привет папе.","Dasom, beritahu ayah awak yang saya cakap hai.",Da-som à. Cho ta gửi lời hỏi thăm bố con nhé!,"Dasom, saluda a tu papá de mi parte.",Dasom. Beri salam kepada ayahmu.,ดาลี่ ฝากความคิดถึงไปให้พ่อเธอด้วยนะ,"Dasom, mande um abraço ao seu pai por mim."
,,,NN,,1_딴청,,,나는... 초코우유가 떨어져서 가볼란다.,I’m off... I’ve run out of chocolate milk.,俺は...チョコミルクが切れたから行くとするよ。,我...巧克力牛奶喝完了，先走了。,我...巧克力牛奶喝完了，先走了。,"Я должен бежать, а то мое шоколадное молоко закончилось.",Saya pergi... susu coklat saya sudah habis.,Ta... hết sữa sô cô la rồi nên phải đi đây.,Yo... me voy. Se me acabó la leche con chocolate.,Aku.. Akan pergi karena susu cokelatku telah habis.,ฉัน... ต้องไปก่อน เพราะนมช็อกโก้หมดแล้วน่ะ,"Bem, estou sem leite com chocolate... Acho que vou indo."
,,,정다희,,-1_경계,shake,angry,"...으잇, 저 아저씨... 드디어 진짜 맛이 갔나?","...Ugh, that old man... did he finally lose his mind?",...くっ、あのおじさん...ついに狂ったのかな？,...哎，这个大叔...终于真的疯了吗？,...哎，這個叔叔...是真的瘋了嗎？,"Э-э... Дядя, вы куда?","...Ugh, orang tua itu... adakah dia hilang akal?","...Ưm, chú đó... Cuối cùng đã thật sự mất trí rồi sao?",...¡Ese señor... Está realmente loco!,"...Ehh, paman itu... Apa dia sudah benar-benar menjadi gila?",...ฮึ่ย คุณลุงนั่น... เพี้ยนไปแล้วจริงๆ เหรอเนี่ย?,"Ah, aquele cara... Será que perdeu de vez a cabeça?"
,,,백시우,,1_웃음,wave,,"아하하...! 아무튼, 굉장한 사람이었네!","Haha...! Well, he’s certainly a unique character!",あはは...！とにかく、すごい人だったね！,啊哈哈...！总之，真是个了不起的人呢！,啊哈哈...！總之，他是個了不起的人呢！,Ха-ха-ха! Какой интересный человек все-таки!,"Haha...! Nah, dia sememangnya watak yang unik!",Haha...! Dù sao đi nữa thì chú ấy cũng quả là một người phi thường!,"¡Jaja! De cualquier manera, ¡es una persona increíble!",Hahaha...! Dia itu benar-benar orang yang luar biasa!,อะฮ่าฮ่า...! ยังไงก็เถอะ เขาเป็นคนที่สุดยอดไปเลยเนอะ!,"Hahaha! No fim das contas, ele era um cara incrível!"
,,,TAG,,,,,"<eff:black,4>","<eff:black,4>","<eff:black,4>","<eff:black,4>","<eff:black,4>","<eff:black,4>","<eff:black,4>","<eff:black,4>","<eff:black,4>","<eff:black,4>","<eff:black,4>","<eff:black,4>"
,,,TAG,,,,,"<cha:qhide,백시우><cha:qhide,정다희><cha:qpos,니시카와,-2>","<cha:qhide,백시우><cha:qhide,정다희><cha:qpos,니시카와,-2>","<cha:qhide,백시우><cha:qhide,정다희><cha:qpos,니시카와,-2>","<cha:qhide,백시우><cha:qhide,정다희><cha:qpos,니시카와,-2>","<cha:qhide,백시우><cha:qhide,정다희><cha:qpos,니시카와,-2>","<cha:qhide,백시우><cha:qhide,정다희><cha:qpos,니시카와,-2>","<cha:qhide,백시우><cha:qhide,정다희><cha:qpos,니시카와,-2>","<cha:qhide,백시우><cha:qhide,정다희><cha:qpos,니시카와,-2>","<cha:qhide,백시우><cha:qhide,정다희><cha:qpos,니시카와,-2>","<cha:qhide,백시우><cha:qhide,정다희><cha:qpos,니시카와,-2>","<cha:qhide,백시우><cha:qhide,정다희><cha:qpos,니시카와,-2>","<cha:qhide,백시우><cha:qhide,정다희><cha:qpos,니시카와,-2>"
,,,니시카와,,2_진지,,,왜 저 친구들에게는 적극적이지 않으신 건가요?,Why aren’t you as enthusiastic with those guys?,なんであの子たちに対しては、積極的じゃないんですか？,为什么您不愿意对那些孩子们更主动一些呢？,為什麼你不願意對那些學生們更主動一些呢？,Почему вы не попытались быть настойчивее?,Mengapa anda tidak begitu bersemangat dengan lelaki itu?,Tại sao chú lại không tích cực với những bạn trẻ đó?,¿Por qué no eres más proactivo con esos chicos?,Kenapa Anda tidak lebih berinisiatif membantu mereka?,ทำไมคุณถึงไม่กระตือรือร้นกับพวกเขาเลยล่ะครับ?,Por que você não é tão ativo com aqueles caras?
,,,NN,,1_기본,,,"이야~ 오랜만인걸, 니시카카로트! <wrt:wait,15><wrt:break>그 바보 같은 안경, 아직도 쓰고 있구나!","Well, well! Long time no see, Nishikakarot! <wrt:wait,15><wrt:break>Still wearing those ridiculous glasses, I see!","やぁ〜久しぶりだな、ニシカカロット！<wrt:wait,15><wrt:break>そのバカみたいな眼鏡、まだかけてるのか！","哟～好久不见啊，西卡卡罗特！<wrt:wait,15><wrt:break>那副傻乎乎的眼镜，你还戴着啊！","喲～好久不見啊，西卡卡羅特！<wrt:wait,15><wrt:break>那副傻呼呼的眼鏡，你還戴著啊！","О, давно не виделись, Нисикакарот!<wrt:wait,15><wrt:break>Ты все еще носишь эти дурацкие очки?","Nah, baik! Lama tidak berjumpa, Nishikakarot! <wrt:wait,15><wrt:break>Masih memakai cermin mata yang tidak masuk akal itu, saya nampak!","Ồ~ Lâu rồi không gặp, Nishikakarot! <wrt:wait,15><wrt:break>Cái kính ngốc nghếch đó, cậu vẫn đeo à?","¡Wow! Hace mucho tiempo, ¡Nishikakarot! <wrt:wait,15><wrt:break>¡Todavía usas esos lentes tontos!","Wahh~ Lama tak jumpa, Nisikakarot! <wrt:wait,15><wrt:break>Kacamata bodoh itu, kamu masih juga memakainya!","เฮ้~ ไม่ได้เจอกันนานเลยนะ นิชิกาล็อตโต้! <wrt:wait,15><wrt:break>ยังใส่แว่นทึ่มๆ นั่นอยู่อีกแฮะ!","Uau! É um tempão, hein, Nishikakarotto! <wrt:wait,15><wrt:break>E você ainda usa esses óculos ridículos!"
,,,니시카와,,2_진지,pause,,...,...,...,...,...,...,...,...,...,...,...,...
,,,NN,,1_딴청,,,"난 저런 애들이 제일 별로더라. <wrt:wait,15><wrt:break><txt:size,-2>아무래도 천재는 싫단 말이지.","I can’t stand guys like that. <wrt:wait,15><wrt:break><txt:size,-2>Prodigies just rub me the wrong way.","俺はああいう奴らが一番嫌いなんだ。<wrt:wait,15><wrt:break><txt:size,-2>どうも天才は好きになれん。","我最讨厌那种孩子了。<wrt:wait,15><wrt:break><txt:size,-2>果然还是不喜欢天才啊。","我最討厭那種學生了。<wrt:wait,15><wrt:break><txt:size,-2>果然還是不喜歡天才啊。","Меньше всего мне нравятся такие, как он.<wrt:wait,15><wrt:break><txt:size,-2>Ненавижу гениев.","Saya tak tahan dengan budak macam tu. <wrt:wait,15><wrt:break><txt:size,-2>Saya memang tak suka budak genius.","Tôi ghét nhất những đứa như thế. <wrt:wait,15><wrt:break><txt:size,-2>Dù sao thì tôi cũng không thích thiên tài.","Realmente no me gustan los tipos como ese. <wrt:wait,15><wrt:break><txt:size,-2>No me agradan los genios, ya sabes.","Aku sangat tidak suka dengan orang-orang seperti itu. <wrt:wait,15><wrt:break><txt:size,-2>Aku benci dengan orang berbakat jenius.","ฉันเฉยๆ กับเด็กแบบนั้นที่สุด <wrt:wait,15><wrt:break><txt:size,-2>ฉันไม่ชอบอัจฉริยะน่ะ","Não suporto esse tipo de pessoa. <wrt:wait,15><wrt:break><txt:size,-2>Talvez porque eu não suporte gênios."
,,,니시카와,,2_진지,pause,,그게 무슨...?,What do you mean...?,それってどういう...？,这是什么意思...？,這是什麼意思...？,Это еще что...?,Apa maksud anda...?,Sao lại thế ạ?,¿Qué estás diciendo...?,Apa yang...?,หมายความว่ายังไง...?,Como assim?
,,,NN,,1_딴청,,,"척 보기에도 알아서 잘 클 녀석이잖냐~ <wrt:wait,15><wrt:break>내가 뭐 더 해줄 게 있겠어?","He’s clearly a kid who’s going to do just fine on his own. <wrt:wait,15><wrt:break>What more could I possibly do for him?","別に俺が手伝わなくたって勝手に育ってく奴らだよ〜<wrt:wait,15><wrt:break>何もしてやれることなんかないよ。","看起来就是个能自力更生的小子嘛～<wrt:wait,15><wrt:break>我还能为他做什么呢？","單憑外表就能看出來是個能自立自強的小子嘛～<wrt:wait,15><wrt:break>我還能為他做什麼呢？","Ты же сам знаешь, что он отлично справится.<wrt:wait,15><wrt:break>Что еще я могу для него сделать?","Dia jelas seorang kanak-kanak yang akan melakukannya dengan baik sendiri. <wrt:wait,15><wrt:break>Apa lagi yang boleh saya lakukan untuknya?","Nhìn qua cũng biết chúng sẽ tự phát triển tốt mà~ <wrt:wait,15><wrt:break>Tôi còn gì để góp thêm nữa chứ?","A simple vista, es alguien que crecerá bien por sí solo. <wrt:wait,15><wrt:break>¿Qué más podría hacer por él?","Hanya dengan melihatnya sepintas juga aku tahu dia akan tumbuh baik meski tanpa bantuan~ <wrt:wait,15><wrt:break>Apa yang bisa aku lakukan lagi?","แค่เห็นก็รู้แล้วนี่นา ว่าเด็กพวกนั้นจะโตขึ้นได้เป็นอย่างดีด้วยตัวเองน่ะ~ <wrt:wait,15><wrt:break>แล้วฉันจะต้องไปช่วยอะไรอีกกัน?","Está na cara que ele vai se sair bem sozinho. <wrt:wait,15><wrt:break>Não há nada que eu possa fazer."
,,,니시카와,,2_진지,,,"하지만... 전 당신을 만난 덕에 극복할 수 있었는걸요.<wrt:wait,15><wrt:break>시우에겐 도움이 되어줄 수 없나요?","But... I was able to overcome my challenges thanks to meeting you. <wrt:wait,15><wrt:break>Can’t you help Siwoo in the same way?","でも...俺はあなたに出会えたからこそ、乗り越えられたんです。<wrt:wait,15><wrt:break>新は助けてあげないんですか？","但是...我可是多亏了遇到您才能克服困难的啊。<wrt:wait,15><wrt:break>您就不能帮帮时宇吗？","但...我也是幸虧遇到你才能克服困難的啊。<wrt:wait,15><wrt:break>你就不能幫幫時宇嗎？","Но... Благодаря вам я преодолел свои трудности.<wrt:wait,15><wrt:break>Может быть, вы поможете Шиу?","Tetapi... saya dapat mengatasi cabaran saya kerana bertemu dengan anda. <wrt:wait,15><wrt:break>Bolehkah anda bantu Siwoo dengan cara yang sama?","Nhưng... cháu đã có thể vượt qua nhờ gặp được chú.<wrt:wait,15><wrt:break>Chú không thể giúp đỡ Siwoo sao?","Pero... Gracias a ti, yo pude superarlo.<wrt:wait,15><wrt:break> ¿No podrías ayudar a Siwoo?","Meski begitu... Saya dapat menangani masalah saya berkat pertemuan dengan Anda.<wrt:wait,15><wrt:break>Tidakkah Anda juga dapat memberikan bantuan pada Siwoo juga?","แต่ว่า... ที่ผมเอาชนะอุปสรรคมาได้ ก็เพราะได้เจอกับคุณนะครับ<wrt:wait,15><wrt:break>คุณจะช่วยชีอูไม่ได้เลยเหรอครับ?","Mas... Eu só superei meus desafios graças a você. <wrt:wait,15><wrt:break>Não poderia dar uma força ao Siwoo também?"
,,,NN,,1_기본,,,"<wrt:delay,5>흐음... </wrt:delay>싫어. <wrt:wait,15><wrt:break>너와는 좀 달라, 쟤는 재미없을 것 같거든.","<wrt:delay,5>Hmm... </wrt:delay>No. <wrt:wait,15><wrt:break>He’s different from you. Honestly, he seems kind of boring to me.","<wrt:delay,5>ふーむ...</wrt:delay>嫌だね。<wrt:wait,15><wrt:break>お前とは少し違う、あいつは面白くなさそうだからな。","<wrt:delay,5>嗯...</wrt:delay>不要。<wrt:wait,15><wrt:break>他和你不太一样，看起来不太有意思。","<wrt:delay,5>嗯...</wrt:delay>不要。<wrt:wait,15><wrt:break>他和你不太一樣，他給我的感覺過於單調乏味。","<wrt:delay,5>Хм...</wrt:delay>Нет.<wrt:wait,15><wrt:break>Он не такой, как ты. И с ним точно не повеселишься.","<wrt:delay,5>Hmm... </wrt:delay>Tidak. <wrt:wait,15><wrt:break>Dia berbeza daripada anda. Sejujurnya, dia kelihatan agak membosankan bagi saya.","<wrt:delay,5>Hừm... </wrt:delay>Không thích. <wrt:wait,15><wrt:break>Cậu ta khác với cậu, có vẻ sẽ không thú vị lắm.","<wrt:delay,5>Hmm... </wrt:delay>No quiero. <wrt:wait,15><wrt:break>Es diferente a ti, parece que no será divertido.","<wrt:delay,5>Hmm... </wrt:delay>Tidak mau. <wrt:wait,15><wrt:break>Dia berbeda denganmu, karena menurutku dia tidak akan menyenangkan.","<wrt:delay,5>อืม... </wrt:delay>ไม่ล่ะ <wrt:wait,15><wrt:break>เด็กนั่นไม่เหมือนกับนาย เขาดูไม่ค่อยน่าสนใจสักเท่าไหร่","<wrt:delay,5>Hmm... </wrt:delay>Não. <wrt:wait,15><wrt:break>Ele é um pouco diferente de você, não acredito que será interessante."
,,,NN,,1_웃음,pause,,오히려... 남재현? 그 친구를 키워보고 싶네.,"Instead... Jaehyun Nam, was it? Now that’s someone I’d like to train.",むしろ...黒崎？あいつを育ててみたいな。,反而...南宰贤？我倒是想培养那个孩子。,反而是...南宰賢？我倒是想培養那個孩子。,Я бы лучше... Взялся за Нам Чжэхёна.,"Melainkan... Jaehyun Nam, betul ke? Sekarang dialah seseorang yang saya ingin latih.",Ngược lại... Nam Jaehyeon? Tôi muốn đào tạo cậu bé đó.,En cambio... Jaehyun Nam. Me gustaría entrenar a ese chico.,Malahan... Jaehyeon Nam? Aku ingin mencoba melatihnya.,แต่ว่า... นัมแจฮยอนใช่ไหมนะ? ฉันอยากลองเทรนเจ้านั่นมากกว่าน่ะ,"Sabe... Na verdade, quero ajudar o Jaehyun Nam."
,,,니시카와,,2_진지,pause,,그럴수가...,That can’t be...,そんな...,怎么会这样...,怎麼會這樣...,Не может быть.,Itu tidak boleh...,Sao lại thế...,No puede ser...,Aku tidak menyangka...,เป็นไปได้ไงเนี่ย...,Não acredito...
,,,NN,,1_딴청,,,"니시카와. <wrt:wait,15><wrt:break>그보다 훨씬 중대한 사안이 우릴 기다린단 말이지.","Nishikawa. <wrt:wait,15><wrt:break>We have something far more pressing to deal with.","西川。<wrt:wait,15><wrt:break>それよりもっと重大な案件が俺たちを待っているんだぞ。","西川。<wrt:wait,15><wrt:break>比起这个，我们还有更重要的事情要处理呢。","西川。<wrt:wait,15><wrt:break>比起這個，我們還有更重要的事情要處理呢。","Нисикава...<wrt:wait,15><wrt:break>У нас дела поважнее.","Nishikawa. <wrt:wait,15><wrt:break>Kami ada sesuatu yang lebih mendesak untuk ditangani.","Nishikawa à. <wrt:wait,15><wrt:break>Hơn nữa, có một vấn đề quan trọng hơn đang chờ chúng ta.","Nishikawa. <wrt:wait,15><wrt:break>Nos espera algo mucho más importante.","Nishikawa. <wrt:wait,15><wrt:break>Ada hal yang jauh lebih penting daripada hal ini sedang menunggu kita.","นิชิกาวะ <wrt:wait,15><wrt:break>แต่มีเรื่องสำคัญมากกว่านั้นรอเราอยู่นะ","Nishikawa, <wrt:wait,15><wrt:break>temos algo muito mais urgente para resolver."
,,,니시카와,,2_진지,pause,,네? 그게 뭐죠?,Huh? What is it?,え？何ですか？,什么？是什么事？,什麼？是什麼事？,Что же это?,Hah? Apa itu?,Sao? Đó là gì ạ?,¿Eh? ¿Qué es eso?,Eh? Apa itu?,ครับ? อะไรเหรอครับ?,É? O que seria?
,,,NN,,1_딴청,,,"<wrt:delay,5>... ... ...</wrt:delay>현금 있냐? 집에 갈 택시비가 없거든.","<wrt:delay,5>... ... ... </wrt:delay>Do you have any spare cash? I don’t have enough for a cab ride home.","<wrt:delay,5>.........</wrt:delay>現金あるか？家に帰るタクシー代がないんだ。","<wrt:delay,5>......</wrt:delay>你有现金吗？我没钱坐出租车回家了。","<wrt:delay,5>......</wrt:delay>你有現金嗎？我沒錢坐計程車回家了。","<wrt:delay,5>... ... ...</wrt:delay> У тебя есть мелочь? У меня нет денег на такси.","<wrt:delay,5>... ... ... </wrt:delay>Adakah anda ada wang tunai tambahan? Saya tidak cukup duit untuk menaiki teksi pulang.","<wrt:delay,5>... ... ...</wrt:delay>Cậu có tiền mặt không? Tôi không có tiền taxi về nhà.","<wrt:delay,5>... ... ...</wrt:delay>¿Tienes dinero en efectivo? No tengo para el taxi de regreso a casa.","<wrt:delay,5>... ... ...</wrt:delay>Apa kamu ada Cash? Uangku tidak cukup untuk naik Taxi ke rumah.","<wrt:delay,5>... ... ...</wrt:delay>นายมีเงินสดรึเปล่า? ฉันไม่มีค่าแท็กซี่กลับบ้านน่ะ","<wrt:delay,5>... </wrt:delay>Você tem algum dinheiro? Estou sem grana pra pegar um táxi para casa."
,,,니시카와,,2_씨익,,,"<wrt:delay,5>...정말 여전하시군요.","<wrt:delay,5>...You haven’t changed at all.","<wrt:delay,5>...本当に相変わらずですね。","<wrt:delay,5>...您还是老样子啊。","<wrt:delay,5>...你依舊沒變啊。","<wrt:delay,5>Вы ни капли не изменились.","<wrt:delay,5>...Anda tidak pernah berubah sama sekali.","<wrt:delay,5>... Chú vẫn y như vậy.","<wrt:delay,5>...Sigues siendo el mismo de siempre.","<wrt:delay,5>...Anda sama sekali tidak berubah.","<wrt:delay,5>...คุณยังเหมือนเดิมเลยจริงๆ นะครับ","<wrt:delay,5>Não mudou nada, hein."
ISABEL,최초 대면,#,MAP,,,,,콜로세움,콜로세움,콜로세움,콜로세움,콜로세움,콜로세움,콜로세움,콜로세움,콜로세움,콜로세움,콜로세움,콜로세움
,,#,BGM,,,,,BGM_NEW_BEGINNING,BGM_NEW_BEGINNING,BGM_NEW_BEGINNING,BGM_NEW_BEGINNING,BGM_NEW_BEGINNING,BGM_NEW_BEGINNING,BGM_NEW_BEGINNING,BGM_NEW_BEGINNING,BGM_NEW_BEGINNING,BGM_NEW_BEGINNING,BGM_NEW_BEGINNING,BGM_NEW_BEGINNING
,,#,정다희,-1,-1_기본,,,,,,,,,,,,,,
,,#,백시우,-2,1_기본,,,,,,,,,,,,,,
,,#,이사벨,2,1_기본,,,,,,,,,,,,,,
,,,정다희,,-3_활짝,wave,joy,"앗, 이사벨 언니! 오랜만이야~!",Isabel! How nice to see you!,あっ、イザベルさん！久しぶり〜！,啊，伊莎贝尔姐姐！好久不见了～！,啊，伊莎貝爾姐姐！好久不見～！,"Ой, Изабель! Как я рада видеть тебя!",Isabel! Betapa gembiranya dapat berjumpa dengan anda!,"Ồ, chị Isabel! Lâu rồi không gặp~!","¡Ah, Isabel! ¡Cuánto tiempo!","Wahh, Kak Isabel! Sudah lama sekali~!",อ๊ะ พี่อิซาเบล! ไม่ได้เจอกันนานเลยน้า~!,"Ah, Isabel! Há quanto tempo!"
,,,이사벨,,1_기본,wave,exclam,"다희! 정말 오랜만이네~? <wrt:wait,15><wrt:break>후훗, 그리고 네가 말한 친구가 이 친구구나!","Dahee?! It’s been too long! <wrt:wait,15><wrt:break>And... this must be the friend you told me about!","夏希！久しぶりだね！<wrt:wait,15><wrt:break>ふふっ、それと夏希が言っていた友達がこの子ね！","多熙！真的好久不见了～？<wrt:wait,15><wrt:break>呵呵，这就是你说的那个朋友吧！","多熙！真的好久不見～<wrt:wait,15><wrt:break>呵呵，這就是你說的那個朋友吧！","Дахи! Давно не виделись!<wrt:wait,15><wrt:break>А вот и тот друг, о котором ты говорила?","Dahee?! Ia telah terlalu lama! <wrt:wait,15><wrt:break>Dan... ini mesti kawan yang awak beritahu saya!","Dahee! Lâu quá không gặp nhỉ~? <wrt:wait,15><wrt:break>Hehe, và đây chắc là người bạn em đã nói đến phải không!","¡Dahee! ¡Cuánto tiempo, ¿verdad?! <wrt:wait,15><wrt:break>Jeje, y este es el amigo del que hablabas, ¿no?","Dahee! Iya sudah lama kita tidak bertemu~! <wrt:wait,15><wrt:break>Huhu, jadi dia, orang yang kamu bicarakan itu!","ดาฮี! ไม่ได้เจอกันนานจริงๆ ด้วยแฮะ~ <wrt:wait,15><wrt:break>ฮิฮิ แล้วก็เพื่อนที่เธอพูดถึงคือคนนี้สินะ!","Dahee! Já faz um bom tempo, não? <wrt:wait,15><wrt:break>Hahaha, e esse deve ser o amigo que você falou antes, né?"
,,,백시우,,1_기본,,,"안녕하세요, 백시우 라고 합니다!","Nice to meet you, I’m Siwoo Baek!",こんにちは、白井新と申します！,您好，我叫白时宇！,你好，我叫白時宇！,"Привет, я Бэк Шиу!","Selamat berkenalan, saya Siwoo Baek!","Chào chị, em là Baek Siwoo!",¡Hola! Soy Siwoo Baek.,"Apa kabar, nama saya adalah Siwoo Baek!",สวัสดีครับ ผมชื่อแบคชีอูครับ!,"Oi, sou Siwoo Baek!"
,,,이사벨,,1_기본,,,"그렇구나~ <wrt:wait,15><wrt:break>다희에게 이야기는 들었어, 아직 고등학생인데 엄청 강하다며?","I see! <wrt:wait,15><wrt:break>I heard from Dahee. She mentioned you’re an amazing player, especially for a high school student!","よろしくね〜<wrt:wait,15><wrt:break>夏希から話は聞いたわ、まだ高校生なのにすごく強いんでしょ？","是吗～<wrt:wait,15><wrt:break>我从多熙那里听说了，你还是高中生就已经这么厉害了？","就是你啊～<wrt:wait,15><wrt:break>我從多熙那裡聽說了，你還是高中生就已經這麼厲害了？","Вот как?<wrt:wait,15><wrt:break>Много слышала о тебе от Дахи. Ты еще школьник, а уже крут?","Saya faham! <wrt:wait,15><wrt:break>Saya dengar dari Dahee. Dia menyebut anda seorang pemain yang hebat, terutamanya untuk pelajar sekolah menengah!","Ra vậy~ <wrt:wait,15><wrt:break>Chị đã nghe Dahee kể, dù mới là học sinh cấp 3 nhưng em rất mạnh phải không?","Bueno. <wrt:wait,15><wrt:break>Dahee me habló de ti, dijo que aunque todavía estás en la preparatoria, ¡eres increíblemente fuerte!","Begitu~ <wrt:wait,15><wrt:break>Aku sudah dengar dari Dahee, katanya kamu sangat hebat meski masih anak SMA!","อ๋อ~ <wrt:wait,15><wrt:break>ฉันได้ฟังมาจากดาฮีแล้วล่ะ ว่านายยังเป็นเด็กมัธยมปลายแท้ๆ แต่ฝีมือเจ๋งมากเลยนี่?","Ah! <wrt:wait,15><wrt:break>A Dahee já me contou sobre você. Ainda está no ensino médio e já é tão forte, certo?"
,,,이사벨,,1_기본,pause,,"<txt:size,-2>흐흐... 기대되는걸, 너의 스파이크...?","<txt:size,-2>Hehe... I’m really looking forward to seeing your spike!","<txt:size,-2>ふふ...楽しみだわ、君のスパイク...","<txt:size,-2>呵呵...真想看看你的扣球啊...","<txt:size,-2>呵呵...真想看看你的扣球啊...","<txt:size,-2>Жду не дождусь увидеть твой нападающий удар!","<txt:size,-2>Hehe... Saya tidak sabar untuk melihat rejaman anda!","<txt:size,-2>Hehe... Chị thật sự mong chờ cú Đập Bóng của em đấy...!","<txt:size,-2>Jeje... Me emociona ver tu remate...","<txt:size,-2>Hehe... Aku jadi sangat tidak sabar, melihat Spike darimu...?","<txt:size,-2>หึหึ... ฉันชักจะคาดหวังกับการตบของนายซะแล้วสิ...","<txt:size,-2>Hehe... Estou curiosa para ver sua cortada!"
,,,백시우,,1_정적,nervous,silent,"네, 네에...?",W-what?,は、はい...？,是、是的...？,嗯、嗯...？,... Что?,A-apa?,Dạ vâng...?,¿P-perdón...?,"I, iya...?",คะ ครับ...?,Oi?
,,,정다희,,-2_난처,,sweat,"에헤헤, 이사벨 언니... <wrt:delay,5>여전하시네...","Hehe, Isabel... <wrt:delay,5>You’re as intense as ever...","えへへ、イザベルさん...<wrt:delay,5>相変わらずね...","嘿嘿，伊莎贝尔姐姐...<wrt:delay,5>还是老样子呢...","嘿嘿，伊莎貝爾姐姐...<wrt:delay,5>還是老樣子呢...","Ха-ха, Изабель...<wrt:delay,5>Ты все та же...","Hehe, Isabel... <wrt:delay,5>Awak sentiasa bersemangat...","Ê hê hê, chị Isabel... <wrt:delay,5>Chị vẫn vậy nhỉ...","Jeje, Isabel... <wrt:delay,5>Sigues siendo la misma...","Hehehe, kak Isabel... <wrt:delay,5>Masih sama seperti dulu...","แหะแหะ พี่อิซาเบล... <wrt:delay,5>ยังเหมือนเดิมเลย...","Hehe, Isabel... <wrt:delay,5>Você não mudou nadinha..."
,,,정다희,,-2_어머,,,"언니는 강한 스파이크 받는걸 좋아하거든~! <wrt:wait,15><wrt:break>그래서인지는 몰라도 강해보이는 스파이커만 만나면 저런 표정을 지으셔.","She loves receiving powerful spikes! <wrt:wait,15><wrt:break>So, whenever she comes across a strong-looking spiker, she makes that face.","イザベルさんは強いスパイクを受けるのが好きなの〜！<wrt:wait,15><wrt:break>だからか分からないけど、強そうなスパイカーに会うとあんな表情をするのよ。","姐姐最喜欢接强力扣球了～！<wrt:wait,15><wrt:break>也许正因如此，每次遇到看起来很强的主攻手就会露出那种表情。","姐姐最喜歡接強力扣球了～！<wrt:wait,15><wrt:break>也許正因如此，每次遇到看起來很強的主攻手就會露出那種表情。","Изабель обожает принимать нападающие удары.<wrt:wait,15><wrt:break>Поэтому при встрече с сильными нападающими у нее всегда такое выражение лица.","Dia suka menerima rejaman yang kuat! <wrt:wait,15><wrt:break>Jadi, setiap kali dia terserempak dengan perejam yang kelihatan gagah, dia buat muka seperti itu.","Chị ấy thích đỡ những cú Đập Bóng mạnh mẽ lắm~! <wrt:wait,15><wrt:break>Có lẽ vì thế nên cứ gặp tay đập có vẻ mạnh là chị ấy lại có biểu cảm như vậy.","¡A Isabel le encanta recibir remates fuertes! <wrt:wait,15><wrt:break>Así que cada vez que se encuentra con un rematador fuerte, ¡pone esa cara!","Kakak sangat menyukai menerima Spike yang kuat~! <wrt:wait,15><wrt:break>Mungkin karena itu juga dia mengeluarkan ekspresi seperti itu saat bertemu Spiker yang terlihat kuat.","พี่อิซาเบลชอบรับการตบที่ทรงพลังน่ะ~! <wrt:wait,15><wrt:break>อาจเพราะแบบนั้นล่ะมั้ง เธอถึงชอบทำสีหน้าแบบนั้น ตอนที่ได้เจอกับตัวตบที่ดูแข็งแกร่ง","Ela adora receber cortadas poderosas! <wrt:wait,15><wrt:break>Deve ser por isso que faz essa cara sempre que encontra um atacante forte."
,,,백시우,,1_정적,,,"아...하하, 그렇구나!","Ah... haha, I see!",あ...はは、そうなんですね！,啊...哈哈，原来如此！,啊...哈哈，原來如此！,А... Ха-ха... Понятно.,"Ah... haha, saya nampak!","À...haha, ra thế ạ!","Ah... jaja, ¡ya veo!","Oh...Haha, begitu!",อ๋อ... ฮ่าฮ่า แบบนี้นี่เอง!,"Ah... haha, agora entendi!"
,,,이사벨,,1_기본,,,"후훗, 그럼 먼저 이곳에 대해 가볍게 설명해줄게. 잘 들으렴!",Alright then. Let me give you a quick rundown of this place. Listen carefully!,ふふっ、じゃあまずここについて軽く説明してあげるわ。よく聞いてね！,呵呵，那我先简单介绍一下这里吧。听好了！,呵呵，那我先簡單介紹一下這裡吧。聽好了！,Позвольте немного рассказать вам об этом месте. Слушайте внимательно!,Baiklah kalau begitu. Beri anda gambaran ringkas tentang tempat ini. Dengar baik-baik!,"Hehe, vậy để chị giải thích sơ qua về nơi này nhé. Hãy nghe thật kỹ!","Jeje, entonces primero te explicaré brevemente sobre este lugar. ¡Escucha bien!","Huhu, kalau begitu aku akan jelaskan secara ringan tentang tempat ini. Dengarkan baik-baik!",ฮิฮิ งั้นฉันจะอธิบายเกี่ยวกับที่นี่ให้ฟังคร่าวๆ ก่อนนะ ตั้งใจฟังให้ดีล่ะ!,"Haha, vou te explicar rapidamente sobre este lugar. Preste atenção!"
,,,이사벨,,1_기본,,,"이곳은 <txt:bold,2>발리볼 콜로세움</txt:bold>이야! 이곳만의 독특한 로컬 룰로 경기를 하게 되는 인기 리그지.","This is the <txt:bold,2>Volleyball Colosseum</txt:bold>! It’s a popular league where matches are played under unique local rules.","ここは<txt:bold,2>バレーボールコロッセオ</txt:bold>よ！ここだけの独特なルールで試合をする人気のあるリーグなの。","这里是<txt:bold,2>排球竞技场</txt:bold>！是一个使用独特规则进行比赛的热门联赛。","這裡是<txt:bold,2>排球競技場</txt:bold>！是一個使用獨特規則進行比賽的熱門聯賽。","Итак, это <txt:bold,2>Волейбольный Колизей</txt:bold>! Здесь играют по особым местным правилам.","Ini ialah <txt:bold,2>Colosseum Bola Tampar</txt:bold>! Ia adalah liga popular di mana perlawanan dimainkan di bawah peraturan yang unik.","Đây là <txt:bold,2>Đấu Trường Bóng Chuyền</txt:bold>! Một giải đấu nổi tiếng với luật chơi độc đáo riêng.","Este es el <txt:bold,2>Coliseo de Voleibol</txt:bold>. Es una liga popular en la que se juegan partidos con reglas locales únicas.","Tempat ini adalah <txt:bold,2>Volleyball Colosseum</txt:bold>! Disini akan dibuka League dimana akan terjadi pertandingan dengan peraturan unik.","ที่นี่คือ<txt:bold,2>วอลเลย์บอลโคลอสเซียม</txt:bold>! เป็นลีกชื่อดังที่ทำการแข่งขันกันด้วยกฎเฉพาะตัวที่ไม่เหมือนใคร","Este é o <txt:bold,2>Coliseu de Vôlei</txt:bold>! Uma liga famosa onde as partidas têm regras locais exclusivas."
,,,이사벨,,1_기본,,,"기본적인 형태는 토너먼트와 큰 차이가 없지만, 가장 큰 차이점으론...","The basic format isn’t much different from a regular tournament, but the biggest difference is...",基本的な形はトーナメントと大きな違いはないけど、一番大きな違いは...,基本形式和锦标赛没什么大区别，但最大的不同点是...,基本形式和錦標賽沒什麼大區別，但最大的不同點是...,"В целом, Колизей похож на турнир, однако больше всего отличается тем, что...","Format asas tidak jauh beza daripada kejohanan biasa, tetapi perbezaan terbesar adalah...","Về cơ bản thì không khác nhiều so với giải đấu thông thường, nhưng điểm khác biệt lớn nhất là...","La estructura básica no es muy diferente de un torneo, pero la mayor diferencia es...","Meski pada dasarnya itu tidak jauh berbeda dengan Turnamen pada biasanya, namun yang paling berbeda adalah...",ถึงรูปแบบโดยพื้นฐานจะไม่ค่อยต่างกับทัวร์นาเมนต์เท่าไหร่ แต่ความแตกต่างที่ชัดเจนที่สุดก็คือ...,"É bem parecido com o Torneio, mas a principal diferença é..."
,,,이사벨,,1_기본,,,"<txt:bold,2><txt:wave,1>한 번 내준 점수는, 리그가 끝날 때까지 계속해서 유지된다는 것!","<txt:bold,2><txt:wave,1>Once a point is conceded, it stays on the board until the league ends!","<txt:bold,2><txt:wave,1>一度失った点数は、リーグが終わるまで継続して維持されるということ！","<txt:bold,2><txt:wave,1>一旦失分，直到联赛结束都会一直保留！","<txt:bold,2><txt:wave,1>給出的分數，直到聯賽結束都會一直保留！","<txt:bold,2><txt:wave,1>Каждое пропущенное очко сохраняется до самого окончания лиги!","<txt:bold,2><txt:wave,1>Apabila mata dibolosi, ia kekal di papan sehingga liga tamat!","<txt:bold,2><txt:wave,1>Một khi đã để mất điểm, số điểm đó sẽ được giữ nguyên cho đến khi kết thúc giải đấu!","<txt:bold,2><txt:wave,1>¡Los puntos que pierdas una vez, se mantendrán hasta que termine la liga!","<txt:bold,2><txt:wave,1>Score yang telah kemasukan, akan terus ditetapkan sampai League selesai!","<txt:bold,2><txt:wave,1>แต้มที่เสียไปจะคงอยู่ไปจนถึงตอนจบลีกเลย!","<txt:bold,2><txt:wave,1>Quando você perde um ponto, ele é contado até o término da liga!"
,,,백시우,,3_난감,nervous,,"리, 리그가 끝날 때까지요...?",U-until the league ends...?,り、リーグが終わるまでですか...？,联、联赛结束为止吗...？,聯、聯賽結束為止嗎...？,До окончания лиги?,U-sehingga liga tamat...?,Đế... đến khi kết thúc giải đấu ạ...?,¿Hasta que termine la liga...?,"Sa, sampai League selesai...?",จะ จนถึงตอนจบลีกเลยเหรอครับ...?,Até o término da liga!?
,,,이사벨,,1_기본,,,"맞아, 실점 하나하나가 매우 큰 영향을 주게 된다는 말인 거지. <wrt:wait,15><wrt:break>말 그대로 스포츠계의 데스매치야!","That’s right, every single point given up has a huge impact. <wrt:wait,15><wrt:break>It’s the ultimate deathmatch of the sports world!","そう、失点一つ一つがとても大きな影響を与えるということよ。<wrt:wait,15><wrt:break>文字通りスポーツ界のデスマッチよ！","没错，每一个失分都会产生巨大影响。<wrt:wait,15><wrt:break>可以说是体育界的死亡竞赛啊！","沒錯，每一個失分都會產生巨大影響。<wrt:wait,15><wrt:break>可以說是體育界的死亡競賽啊！","Именно! То есть, любая потеря очков оказывает большое влияние.<wrt:wait,15><wrt:break>Можно сказать, это смертельный поединок между спортсменами!","Betul, setiap mata bolos memberi kesan yang besar. <wrt:wait,15><wrt:break>Ini betul-betul perlawanan maut dalam dunia sukan!","Đúng vậy, nghĩa là mỗi điểm mất đi sẽ có ảnh hưởng rất lớn. <wrt:wait,15><wrt:break>Đúng nghĩa là một trận đấu sinh tử trong thế giới thể thao!","Así es, eso significa que cada punto que pierdas tendrá un gran impacto. <wrt:wait,15><wrt:break>¡Es literalmente un combate a muerte en el mundo del deporte!","Iya, oleh sebab itu setiap kemasukan poin akan memberikan pengaruh yang besar. <wrt:wait,15><wrt:break>Bisa dibilang layaknya Olahraga Death Match!","ใช่แล้ว นั่นก็แปลว่าแต้มเสียแต่ละแต้ม จะส่งผลกระทบอย่างมาก <wrt:wait,15><wrt:break>เรียกได้ว่าเป็นเดธแมตช์แห่งวงการกีฬาเลย!","Isso mesmo, qualquer ponto perdido pode fazer uma grande diferença. <wrt:wait,15><wrt:break>É como um verdadeiro deathmatch no mundo dos esportes!"
,,,백시우,,1_웃으,wave,,데스매치라니... 재밌겠는걸요!,A deathmatch... sounds exciting!,デスマッチだなんて...面白そうですね！,死亡竞赛...听起来很刺激啊！,死亡競賽...聽起來很刺激耶！,Смертельный поединок? Звучит здорово!,Perlawanan maut... bunyinya mengujakan!,Trận đấu sinh tử... Nghe thú vị đấy ạ!,"¡Un combate a muerte, suena divertido!",Death Match... Terdengar sangat seru!,เดธแมตช์... น่าสนุกจังครับ!,Um deathmatch... parece emocionante!
,,,이사벨,,1_기본,wave,,"<txt:size,-2>흐흐, 너라면 분명 좋아할 거라 믿었어.","<txt:size,-2>Hehe, I knew you’d like it!","<txt:size,-2>ふふ、君なら確実に気に入ると思っていたわ。","<txt:size,-2>呵呵，我就知道你会喜欢的。","<txt:size,-2>呵呵，我就知道你會喜歡的。","<txt:size,-2>Ха-ха, я знала, что тебе понравится!","<txt:size,-2>Hehe, saya tahu anda sukakannya!","<txt:size,-2>Hehe, chị tin là em sẽ thích nó.","<txt:size,-2>Jeje, sabía que te gustaría.","<txt:size,-2>Hehe, aku yakin kamu pasti akan menyukainya.","<txt:size,-2>หึหึ ฉันเชื่อว่าถ้าเป็นนาย จะต้องชอบแน่นอนแหละ","<txt:size,-2>Hehe, eu tinha certeza de que você ia curtir."
,,,백시우,,1_정적,pause,sweat,"<wrt:delay,5>... ... ...","<wrt:delay,5>... ... ...","<wrt:delay,5>.........","<wrt:delay,5>......","<wrt:delay,5>......","<wrt:delay,5>... ... ...","<wrt:delay,5>... ... ...","<wrt:delay,5>... ... ...","<wrt:delay,5>... ... ...","<wrt:delay,5>... ... ...","<wrt:delay,5>... ... ...","<wrt:delay,5>..."
,,,정다희,,-1_기본,,,"음음! 시우야, 여기에 널 데려온 이유도 그런 이유에서야! <wrt:wait,15><wrt:break>너도 알겠지만... 네 동작엔 망설임이 있으니까.","Siwoo, that’s why I brought you here! <wrt:wait,15><wrt:break>You probably know this already, but... there’s hesitation in your movements.","うんうん！新、ここにあなたを連れてきたのもそういう理由なの！<wrt:wait,15><wrt:break>分かっているだろうけど...新の動きにはためらいがあるから。","嗯嗯！时宇啊，我把你带到这里来就是为了这个原因！<wrt:wait,15><wrt:break>你也知道吧...你的动作中还有犹豫。","嗯嗯！時宇啊，我把你帶到這裡來就是為了這個！<wrt:wait,15><wrt:break>你也知道吧...你的動作裡還帶著猶豫。","Именно поэтому я и привела тебя сюда, Шиу!<wrt:wait,15><wrt:break>Как ты помнишь, у тебя есть какая-то нерешительность в движениях.","Siwoo, itulah sebabnya saya bawa anda ke sini! <wrt:wait,15><wrt:break>Anda mungkin sudah tahu perkara ini, tetapi... teragak-agak dalam pergerakan anda.","Ừm! Siwoo à, lý do mình đưa cậu đến đây cũng vì thế đấy! <wrt:wait,15><wrt:break>Chắc cậu cũng nhận ra... trong động tác của cậu vẫn còn sự do dự.","¡Ajá! Siwoo, por eso te traje aquí. <wrt:wait,15><wrt:break>Como sabes... aún hay vacilación en tus movimientos.","Hmm! Siwoo, ini adalah alasan mengapa aku mengajakmu kesini! <wrt:wait,15><wrt:break>Seperti yang kamu ketahui... Terdapat keraguan pada gerakanmu.","อะแฮ่ม! ชีอู นั่นก็เป็นหนึ่งในเหตุผลที่ฉันพานายมาที่นี่ด้วย! <wrt:wait,15><wrt:break>ถึงนายจะรู้อยู่แล้ว... แต่เพราะนายมีความลังเลอยู่ในการเคลื่อนไหว","Hmm, Siwoo, foi por isso que eu te trouxe aqui! <wrt:wait,15><wrt:break>Você já deve saber, mas ainda há uma certa hesitação nos seus movimentos."
,,,백시우,,1_무표정,nervous,,그렇지... 나도 니시카와 씨와의 경기에서 확실히 느꼈어.,Yeah... I definitely felt that in my game with Nishikawa.,そうだね...俺も西川さんとの試合で自分がためらってることを感じたよ。,是啊...我在和西川前辈的比赛中也清楚地感受到了。,是啊...我在和西川前輩的比賽中也明顯的感受到了。,Верно. Я это отчетливо понял в поединке с Нисикавой.,Ya... Saya pasti merasakannya dalam permainan saya dengan Nishikawa.,Đúng vậy... Mình cũng cảm nhận rõ điều đó trong trận đấu với anh Nishikawa.,"Sí, lo sentí claramente en el partido contra Nishikawa.",Iya... Aku juga telah merasakannya pada pertandingan dengan Nishikawa.,ใช่สินะ... ฉันเองก็รู้สึกได้อย่างชัดเจน ตอนแข่งกับคุณนิชิกาวะ,Sim... eu senti isso claramente no jogo contra o Nishikawa.
,,,정다희,,-1_웃음,,,"그리고 그 이후론 아직 네 경기력을 확인하지 않았지? <wrt:wait,15><wrt:break>그래서 너를 이곳에 데려왔어. 확인하기 위해서 말이야!","And since then, we haven’t really seen you at your best, have we? <wrt:wait,15><wrt:break>That’s why I brought you here—to assess where you stand!","その後はまだ試合での自分のパフォーマンスを確認していないでしょ？<wrt:wait,15><wrt:break>だからあなたをここに連れてきたの。パフォーマンスを確認するためにね！","而且之后我们还没有确认过你的比赛状态吧？<wrt:wait,15><wrt:break>所以我把你带到这里来，就是为了确认这一点！","而且從那以後我們還沒有確認過你的比賽狀態吧？<wrt:wait,15><wrt:break>所以我把你帶到這裡來，就是為了確認啊！","И ты ведь не проверял свои способности после этого?<wrt:wait,15><wrt:break>Именно поэтому мы здесь: чтобы проверить тебя!","Dan sejak itu, kami tidak pernah melihat anda pada tahap terbaik anda, bukan? <wrt:wait,15><wrt:break>Itulah sebabnya saya membawa anda ke sini—untuk menilai kedudukan anda!","Và kể từ đó cậu vẫn chưa kiểm tra lại phong độ thi đấu của mình phải không? <wrt:wait,15><wrt:break>Vì vậy mình đã đưa cậu đến đây để kiểm tra điều đó đấy!","Y desde entonces no hemos verificado tu rendimiento, ¿verdad? <wrt:wait,15><wrt:break>Por eso te traje aquí. ¡Para comprobarlo!","Lalu sejak saat itu kamu masih belum bertanding lagi kan? <wrt:wait,15><wrt:break>Oleh sebab itu aku mengajakmu kesini. Untuk cek kemampuanmu saat ini!","แล้วหลังจากตอนนั้น นายก็ยังไม่ได้เช็กฝีมือการแข่งขันของนายเลยใช่ไหม? <wrt:wait,15><wrt:break>ฉันก็เลยพานายมาที่นี่ เพื่อจะเช็กยังไงล่ะ!","E desde aquele dia, não vimos muito como você tem se saído, certo? <wrt:wait,15><wrt:break>Foi por isso que eu te trouxe aqui. Para ver como você está!"
,,,정다희,,-1_언짢,,,"네 실력이 당장은 그 누구보다 정교할지는 몰라도... <wrt:wait,15><wrt:break>계속 망설임이 있다면 결국은 예쁜 모래성처럼 언제 무너질지 모르니까.","Sure, your movements may be precise and well-thought-out... <wrt:wait,15><wrt:break>But if you keep hesitating, it's like building a beautiful sandcastle—it could collapse at any moment.","今はあなたの実力が誰よりも優れているかもしれないけど...<wrt:wait,15><wrt:break>ずっとためらい続ければいつどこから崩れてしまうか分からないから。","你的技术现在可能比任何人都精准...<wrt:wait,15><wrt:break>但如果一直犹豫不决的话，最终可能会像精美的沙堡一样随时崩塌。","你的技術現在可能比任何人都精準...<wrt:wait,15><wrt:break>但如果一直猶豫不決的話，最終可能會像精美的沙堡一樣隨時崩塌。","Конечно, твои способности намного точнее, чем у кого-либо здесь...<wrt:wait,15><wrt:break>Но если не избавиться от нерешимости, когда-нибудь она в одночасье разрушит все, как песочный замок.","Pasti, pergerakan anda mungkin tepat dan difikirkan dengan baik... <wrt:wait,15><wrt:break>Tetapi jika anda terus teragak-agak, ia seperti membina istana pasir yang indah—ia boleh runtuh pada bila-bila masa.","Dù hiện tại kỹ năng của cậu có thể chính xác hơn bất kỳ ai... <wrt:wait,15><wrt:break>Nhưng nếu cứ tiếp tục do dự, cuối cùng cậu cũng sẽ sụp đổ như một lâu đài cát đẹp đẽ vậy.","Puede que tu habilidad sea la más precisa de todas en este momento... <wrt:wait,15><wrt:break>Pero si sigues dudando, eventualmente te desmoronarás como un bonito castillo de arena.","Meski saat ini kamu mempunyai kemampuan yang paling terperinci daripada yang lain... <wrt:wait,15><wrt:break>Namun jika kamu masih memiliki keraguan pada gerakanmu maka kamu bisa runtuh layaknya istana pasir yang indah.","เพราะถึงตอนนี้ฝีมือของนายจะแม่นยำกว่าใคร... <wrt:wait,15><wrt:break>แต่ถ้านายยังมีความลังเลไปเรื่อยๆ สุดท้ายก็อาจจะพังทลายลงเหมือนกับปราสาททรายสวยๆ ก็ได้","Sua habilidade pode estar mais afiada que a de qualquer um no momento... <wrt:wait,15><wrt:break>Mas se continuar hesitando, tudo pode acabar, como um castelo de areia."
,,,정다희,,-1_기본,,,"지금까지 잘 해왔을지는 몰라도 앞으로도 계속 그게 먹힐지는 모르는 일이야. <wrt:wait,15><wrt:break>다시 확인하고, 더 강해져보는 거야!","You’ve done well so far, but there’s no guarantee that what worked before will keep working. <wrt:wait,15><wrt:break>So, it’s time to reassess and grow stronger as a player!","今まで上手くやってきたけど、これからもずっとそれが通用するかは分からないわ。<wrt:wait,15><wrt:break>もう一度自分の実力を確認して、もっと強くなろう！","虽然到现在为止你做得很好，但不知道以后还能不能继续行得通。<wrt:wait,15><wrt:break>再次确认一下，变得更强吧！","雖然到現在為止你做得很好，但未來畢竟是未知數。<wrt:wait,15><wrt:break>再次確認一下，變得更強吧！","Хотя ты хорошо показал себя за все это время, я не уверена, что это сработает и дальше.<wrt:wait,15><wrt:break>Так что это отличный шанс разобраться в себе и стать сильнее!","Anda telah melakukannya dengan baik setakat ini, tetapi tiada jaminan perkara yang berjaya sebelum ini akan terus berfungsi. <wrt:wait,15><wrt:break>Jadi, sudah tiba masanya untuk menilai semula dan menjadi lebih kuat sebagai pemain!","Có thể cậu đã làm tốt cho đến giờ, nhưng không biết liệu điều đó có tiếp tục hiệu quả trong tương lai không. <wrt:wait,15><wrt:break>Hãy kiểm tra lại và trở nên mạnh mẽ hơn nữa nhé!","Puede que hayas estado bien hasta ahora, pero no hay garantía de que eso funcione para siempre. <wrt:wait,15><wrt:break>¡Es momento de reafirmarlo y volverte más fuerte!","Meski sampai saat ini kamu berhasil mengatasi dengan baik namun aku tidak yakin bahwa cara itu akan terus mempan. <wrt:wait,15><wrt:break>Oleh sebab itu mari kita cek lagi, dan menjadi lebih kuat!","ต่อให้จนถึงตอนนี้นายจะทำได้ดีมาตลอด แต่ในอนาคตมันก็ไม่มีอะไรแน่นอน <wrt:wait,15><wrt:break>เราถึงต้องมาเช็กกันอีกครั้ง แล้วก็พยายามทำให้แข็งแกร่งขึ้นไปอีก!","Isso pode ter funcionado até agora, mas não sabemos se isso continuará a funcionar. <wrt:wait,15><wrt:break>Agora é o momento de checar e ficar ainda mais forte!"
,,,백시우,,1_웃음,,,"그러네, 확실히 나도 내 실력을 확인해보고 싶은걸!",You have a good point. I definitely want to test my skills!,そうだね、確かに俺も自分の実力を確認してみたいな！,是啊，确实我也想看看自己现在的实力！,是啊，我也想看看自己現在的實力！,"Отлично! Мне не терпится узнать, на что я способен!",Betul juga. Saya pun mahu menguji kemahiran saya!,"Đúng vậy, mình cũng muốn kiểm tra lại năng lực của mình!","Tienes razón, ¡también quiero comprobar mis habilidades!","Betul juga, aku juga jadi ingin mengecek kemampuanku pada saat ini!",จริงสินะ ฉันก็อยากลองเช็กฝีมือตัวเองเหมือนกัน!,"Tem razão, eu também quero ver como estou me saindo!"
,,,이사벨,,1_기본,,,"후훗, 잘 해낼 수 있을 거야. <wrt:wait,15><wrt:break>그 동안을 기억해내렴. 분명 엄청난 선수들을 많이 만나왔잖니?","I’m sure you’ll do great. <wrt:wait,15><wrt:break>Remember everything you’ve learned so far—you’ve faced some incredible players, haven’t you?","ふふっ、上手くできるはずよ。<wrt:wait,15><wrt:break>今までのことを思い出しなさい。すごい選手たちとたくさん戦ってきたでしょう？","呵呵，你一定能做到的。<wrt:wait,15><wrt:break>回想一下过去吧。你肯定遇到过很多厉害的选手吧？","呵呵，你一定能做到的。<wrt:wait,15><wrt:break>回想一下過去吧。你肯定遇到過很多厲害的選手吧？","Ха-ха, у тебя все получится!<wrt:wait,15><wrt:break>Ты ведь все это время играл с сильнейшими?","Saya pasti anda akan melakukan yang terbaik. <wrt:wait,15><wrt:break>Ingat semua yang anda pelajari setakat ini—anda pernah berdepan dengan beberapa pemain yang luar biasa, bukan?","Hihi, em sẽ làm được thôi. <wrt:wait,15><wrt:break>Hãy nhớ lại thời gian qua. Chắc chắn em đã gặp rất nhiều cầu thủ xuất sắc phải không?","Jeje, estoy segura de que lo harás bien. <wrt:wait,15><wrt:break>Recuerda todo lo que has aprendido. Has conocido a muchos jugadores increíbles, ¿verdad?","Huhu, aku yakin kamu dapat melakukannya dengan baik. <wrt:wait,15><wrt:break>Coba ingat lagi. Selama ini kan kita telah bertemu dengan atlet-atlet yang sangat luar biasa!","ฮิฮิ นายจะทำได้ดีแน่นอนแหละ <wrt:wait,15><wrt:break>จำช่วงเวลาที่ผ่านมาให้ดีก็พอ นายเคยเจอกับนักกีฬาที่สุดยอดมาเยอะเลยใช่ไหม?","Haha, você vai mandar bem. <wrt:wait,15><wrt:break>Lembre-se de tudo que já enfrentou. Você encontrou muitos jogadores de alto nível, certo?"
,,,이사벨,,1_기본,,,"그 기억들, 그 선수들의 기술을 모두 활용해본다면... 분명 잘 해낼 거란다.","If you tap into those memories and use the techniques you’ve seen, I’m certain you’ll do well.",その記憶、その選手たちの技術をすべて活用してみれば...きっと上手くいくはずよ。,如果你能运用那些记忆，那些选手的技术...一定能做得更好。,如果你能運用那些記憶，那些選手的技術...一定能做得很好的。,"Постарайся воспользоваться техниками сильнейших противников, с которыми ты уже встречался... И ты обязательно победишь.","Jika anda manfaatkan kenangan tersebut dan menggunakan teknik yang anda lihat, saya pasti anda akan melakukannya dengan baik.","Nếu em vận dụng những ký ức đó, kỹ thuật của những cầu thủ đó... chắc chắn em sẽ làm tốt.",Si utilizas todos esos recuerdos y las habilidades de esos jugadores... Estoy segura de que lo harás muy bien.,"Ingatan itu, dan juga kemampuan dari atlet-atlet itu, jika kamu dapat memanfaatkannya... Maka aku yakin kamu dapat melakukannya dengan baik.",ถ้านายนำความทรงจำเหล่านั้น และทักษะของนักกีฬาเหล่านั้นมาลองปรับใช้... นายจะต้องทำได้ดีแน่นอน,Se você usar essas experiências e as técnicas que aprendeu... tenho certeza de que vai se dar bem.
,,,백시우,,1_결연,,,"네, 잘 해볼게요!",I’ll give it my best!,はい、頑張ってみます！,好的，我会努力的！,好的，我會努力的！,Я попробую!,Saya akan berikan yang terbaik!,"Vâng, em sẽ cố gắng hết sức!","¡Sí, lo haré lo mejor que pueda!","Iya, saya akan coba lakukan dengan baik!",ครับ ผมจะลองดูนะครับ!,"Pode deixar, vou dar o meu melhor!"
,,,백시우,,1_결연,,,"이제부턴... <txt:bold,2>정말 승리를 위한 배구를...!","From now on... <txt:bold,2>I will play to win...!","これからは...<txt:bold,2>本当に勝利のためのバレーを...！","从现在开始...<txt:bold,2>真正为了胜利而打的排球...！","從現在開始...<txt:bold,2>真正為了勝利而打的排球...！","Ну а теперь...<txt:bold,2>Пришло время волейбола ради победы!","Mulai sekarang... <txt:bold,2>Saya akan main untuk menang...!","Từ giờ... <txt:bold,2>Thực sự là thi đấu bóng chuyền vì chiến thắng...!","De ahora en adelante... <txt:bold,2>¡Jugaré voleibol para ganar de verdad...!","Mulai sekarang... <txt:bold,2>Aku akan bermain bola voli untuk menang...!","จากนี้เป็นต้นไป... <txt:bold,2>จะเป็นวอลเลย์บอลที่มุ่งมั่นเพื่อชัยชนะของจริง...!","A partir de agora... <txt:bold,2>vou jogar pra vencer!"
,도전 시작,#,MAP,,,,,콜로세움,콜로세움,콜로세움,콜로세움,콜로세움,콜로세움,콜로세움,콜로세움,콜로세움,콜로세움,콜로세움,콜로세움
,,#,BGM,,,,,BGM_NEW_BEGINNING,BGM_NEW_BEGINNING,BGM_NEW_BEGINNING,BGM_NEW_BEGINNING,BGM_NEW_BEGINNING,BGM_NEW_BEGINNING,BGM_NEW_BEGINNING,BGM_NEW_BEGINNING,BGM_NEW_BEGINNING,BGM_NEW_BEGINNING,BGM_NEW_BEGINNING,BGM_NEW_BEGINNING
,,#,정다희,-1,-1_기본,,,,,,,,,,,,,,
,,#,이사벨,2,1_기본,,,,,,,,,,,,,,
,,#,백시우,-2,1_기본,,,,,,,,,,,,,,
,,,이사벨,,1_기본,,,"안녕, 시우야? 오늘은 함께 참가하게 됐네~","Hey, Siwoo! Looks like we’re competing together today.",こんにちは、新。今日は一緒に参加することになったね〜,你好，时宇？今天我们一起参赛呢～,嗨，時宇？今天我們一起參賽呢～,"Привет, Шиу! Сегодня я тоже участвую.","Hei, Siwoo! Nampaknya kita bertanding bersama hari ini.",Chào Siwoo! Hôm nay chúng ta sẽ cùng nhau tham gia nè~,"Hola, Siwoo. Hoy participaremos juntos.","Apa kabar, Siwoo? Hari ini kita jadi berpartisipasi bersama ya~",หวัดดี ชีอู วันนี้เราได้เข้าร่วมด้วยกันแฮะ~,"Oi, Siwoo! Hoje vamos jogar juntos!"
,,,이사벨,,1_기본,,,"계속 이기다보면 분명 만날 수 있을 거야. <wrt:wait,15><wrt:break>그때까지 지지 말고 반드시 올라오도록 하렴!","If you keep winning, we’re bound to face each other. <wrt:wait,15><wrt:break>Don’t lose, and make sure to climb up to the top!","勝ち続ければきっと会えるはずよ。<wrt:wait,15><wrt:break>その時まで負けずに必ず上がってきてね！","只要继续赢下去就一定能相遇的。<wrt:wait,15><wrt:break>在那之前不要输，一定要晋级上来哦！","只要繼續贏下去就一定能相遇的。<wrt:wait,15><wrt:break>在那之前不要輸，一定要晉級上來喔！","Если ты продолжишь побеждать, то мы обязательно встретимся.<wrt:wait,15><wrt:break>Так что не смей проиграть до того времени!","Jika anda berterusan menang, kita pasti akan berhadapan antara satu sama lain. <wrt:wait,15><wrt:break>Jangan kalah, dan pastikan anda naik ke atas!","Cứ tiếp tục chiến thắng, chắc chắn chúng ta sẽ gặp nhau thôi. <wrt:wait,15><wrt:break>Cho đến lúc đó, đừng thua và nhất định phải tiến lên nhé!","Si sigues ganando, seguramente nos encontraremos. <wrt:wait,15><wrt:break>¡Hasta entonces, no pierdas y sube sin falta!","Aku yakin kita akan dapat bertemu jika kita terus menang. <wrt:wait,15><wrt:break>Sampai saat itu jangan kalah dan terus bertanding di sini!","ถ้านายชนะไปเรื่อยๆ ล่ะก็ เราจะได้เจอกันแน่นอน <wrt:wait,15><wrt:break>จนถึงตอนนั้นก็อย่าแพ้ แล้วไต่ขึ้นมาให้ได้เลยนะ!","Se você continuar vencendo, com certeza nos encontraremos. <wrt:wait,15><wrt:break>Até lá, não perca e siga em frente!"
,,,백시우,,1_웃음,,,"네, 잘 부탁드려요!",I’ll do my best!,はい、よろしくお願いします！,好的，到时候请多指教！,好的，請多指教！,Я постараюсь!,Saya akan lakukan yang terbaik!,"Vâng, rất mong được thi đấu cùng chị!","¡Sí, lo haré lo mejor que pueda!","Iya, mohon bantuannya juga!",ครับ ผมขอฝากเนื้อฝากตัวด้วยนะครับ!,"Sim, conto com você!"
,,,정다희,,-2_어머,,,"이사벨 언니, 그렇게 안 보일지는 몰라도 이 콜로세움에서 가장 강한 선수 중 하나야. <wrt:wait,15><wrt:break>분명히 마지막까지 올라오실 거란 말이지!","Isabel might not seem like it, but she’s one of the strongest players at the Colosseum. <wrt:wait,15><wrt:break>I’m sure she’ll make it to the final round!","イザベルさんは、そう見えないかもしれないけど、このコロッセオで最も強い選手の中の一人よ。<wrt:wait,15><wrt:break>間違いなく最後まで上がってくるはずだからね！","伊莎贝尔姐姐，虽然看起来可能不太明显，但她可是这个竞技场最强的选手之一哦。<wrt:wait,15><wrt:break>肯定能一直打到最后的！","伊莎貝爾姐姐，雖然外表看不出來，但她可是這個競技場最強的選手之一喔。<wrt:wait,15><wrt:break>肯定能一直打到最後的！","Изабель может и не выглядит так, но на самом деле является одним из самых сильных игроков Колизея.<wrt:wait,15><wrt:break>Она точно дойдет до самого конца!","Isabel mungkin tidak kelihatan seperti itu, tetapi dia adalah salah seorang pemain terkuat di Colosseum. <wrt:wait,15><wrt:break>Saya pasti dia akan mara ke pusingan akhir!","Chị Isabel trông thế thôi chứ là một trong những cầu thủ mạnh nhất ở Đấu Trường này đấy. <wrt:wait,15><wrt:break>Chắc chắn chị ấy sẽ tiến đến trận cuối cùng!","Aunque no lo parezca, Isabel es una de las jugadoras más fuertes de este Coliseo. <wrt:wait,15><wrt:break>¡Estoy segura de que llegará hasta el final!","Kak Isabel, meski dia tidak terlihat seperti itu namun dia adalah salah satu atlet terkuat di Colosseum ini. <wrt:wait,15><wrt:break>Aku yakin dia dapat lolos sampai ke babak terakhir!","พี่อิซาเบลน่ะ เป็นหนึ่งในนักกีฬาที่แข็งแกร่งที่สุดในโคลอสเซียมนี้เลยนะ <wrt:wait,15><wrt:break>นั่นก็แปลว่าเธอจะขึ้นไปจนถึงสุดท้ายอยู่แล้ว!","Não parece, mas a Isabel é uma das jogadoras mais poderosas deste Coliseu. <wrt:wait,15><wrt:break>Tenho certeza de que ela chegará à final!"
,,,이사벨,,1_기본,,joy,"과연, 기대대로인걸! <wrt:wait,15><wrt:break><txt:size,-2>흐흐, 너의 스파이크... 어서 받고 싶네...","You are just as I imagined! <wrt:wait,15><wrt:break><txt:size,-2>Hehe... I can’t wait to receive one of your spikes...!","なるほど、期待通りね！<wrt:wait,15><wrt:break><txt:size,-2>ふふ、君のスパイク...早く受けてみたいわ...","果然不出所料啊！<wrt:wait,15><wrt:break><txt:size,-2>呵呵，真想快点接到你的扣球啊...","果然不出所料啊！<wrt:wait,15><wrt:break><txt:size,-2>呵呵，真想快點接到你的扣球啊...","Ну, кто знает?<wrt:wait,15><wrt:break><txt:size,-2>Но хочется поскорее... опробовать твой нападающий удар...","Anda seperti yang saya bayangkan! <wrt:wait,15><wrt:break><txt:size,-2>Hehe... Saya tidak sabar untuk menerima salah satu rejaman anda...!","Đúng như mong đợi! <wrt:wait,15><wrt:break><txt:size,-2>Hehe, chị thật sự rất muốn đỡ cú Đập Bóng của em...","Vaya, ¡eres lo que esperaba! <wrt:wait,15><wrt:break><txt:size,-2>Jeje, tu remate... no puedo esperar a recibirlo...","Aku jadi tidak sabar! <wrt:wait,15><wrt:break><txt:size,-2>Hehe, Spike darimu... Aku ingin segera menerimanya...","สมกับที่ฉันคาดไว้เลยจริงๆ! <wrt:wait,15><wrt:break><txt:size,-2>หึหึ ฉันอยากจะลองรับ... การตบของนายเร็วๆ แล้วสิ...","Do jeito que imaginei... <wrt:wait,15><wrt:break><txt:size,-2>Haha, estou ansiosa para receber sua cortada..."
,무작위_1,#,MAP,,,,,콜로세움,콜로세움,콜로세움,콜로세움,콜로세움,콜로세움,콜로세움,콜로세움,콜로세움,콜로세움,콜로세움,콜로세움
,,#,BGM,,,,,BGM_NEW_BEGINNING,BGM_NEW_BEGINNING,BGM_NEW_BEGINNING,BGM_NEW_BEGINNING,BGM_NEW_BEGINNING,BGM_NEW_BEGINNING,BGM_NEW_BEGINNING,BGM_NEW_BEGINNING,BGM_NEW_BEGINNING,BGM_NEW_BEGINNING,BGM_NEW_BEGINNING,BGM_NEW_BEGINNING
,,#,이사벨,0,1_기본,,,,,,,,,,,,,,
,,,이사벨,,1_기본,,,"후훗, 역시 이 1차전은 네게 쉬웠나보네!","As expected, you breezed through the first round!",ふふっ、やはりこの1回戦は君には簡単だったみたいね！,呵呵，看来这第一轮对你来说轻而易举啊！,呵呵，看來這第一輪對你來說輕而易舉啊！,"Ха-ха, как и ожидалось, первый раунд был слишком прост!","Seperti yang dijangka, anda melepasi pusingan pertama!","Hihi, có vẻ như vòng đầu tiên này quá dễ đối với em nhỉ!","Jaja, parece que este primer partido te resultó fácil.","Huhu, sepertinya babak pertama terlalu mudah untukmu!",ฮิฮิ ท่าทางว่าแมตช์แรกจะหวานหมูสำหรับนายเลยสินะ!,"Haha, parece que essa primeira rodada foi moleza pra você!"
,무작위_2,#,MAP,,,,,콜로세움,콜로세움,콜로세움,콜로세움,콜로세움,콜로세움,콜로세움,콜로세움,콜로세움,콜로세움,콜로세움,콜로세움
,,#,BGM,,,,,BGM_NEW_BEGINNING,BGM_NEW_BEGINNING,BGM_NEW_BEGINNING,BGM_NEW_BEGINNING,BGM_NEW_BEGINNING,BGM_NEW_BEGINNING,BGM_NEW_BEGINNING,BGM_NEW_BEGINNING,BGM_NEW_BEGINNING,BGM_NEW_BEGINNING,BGM_NEW_BEGINNING,BGM_NEW_BEGINNING
,,#,이사벨,0,1_기본,,,,,,,,,,,,,,
,,,이사벨,,1_기본,,,"그래, 콜로세움에서 살아남으려면 이 정도는 해줘야지!","That’s right, if you want to survive in the Colosseum, you’ve got to at least be able to handle this much!",そう、コロッセオで生き残るにはこのくらいはやってもらわないとね！,很好，要在竞技场生存下去就得有这种实力！,對啊，要在競技場生存下去就得有這種實力！,"Отлично! Чтобы выжить в Колизее, нужны как минимум такие способности!","Betul, jika anda ingin terus kekal di Colosseum, anda perlu sekurang-kurangnya dapat mengendalikan sebanyak ini!","Phải rồi, muốn tồn tại ở Đấu Trường thì phải làm được đến mức này chứ!","Sí, para sobrevivir en el Coliseo, esto es lo mínimo que debes hacer.","Bagus, jika tidak begitu maka kamu tidak akan dapat selamat di Colosseum ini.",ใช่แล้ว ถ้าจะเอาตัวรอดในโคลอสเซียมให้ได้ ก็ต้องประมาณนี้แหละ!,"Certo, para sobreviver no Coliseu, isso é o mínimo que se deve fazer!"
,무작위_3,#,MAP,,,,,콜로세움,콜로세움,콜로세움,콜로세움,콜로세움,콜로세움,콜로세움,콜로세움,콜로세움,콜로세움,콜로세움,콜로세움
,,#,BGM,,,,,BGM_NEW_BEGINNING,BGM_NEW_BEGINNING,BGM_NEW_BEGINNING,BGM_NEW_BEGINNING,BGM_NEW_BEGINNING,BGM_NEW_BEGINNING,BGM_NEW_BEGINNING,BGM_NEW_BEGINNING,BGM_NEW_BEGINNING,BGM_NEW_BEGINNING,BGM_NEW_BEGINNING,BGM_NEW_BEGINNING
,,#,이사벨,0,1_기본,,,,,,,,,,,,,,
,,,이사벨,,1_기본,,,"으흠, 확실히 니시카와가 말한 망설임이란 게 보이네.","Hmm, I can definitely see that hesitation Nishikawa mentioned.",うーん、確かに西川が言っていた、ためらいというのが見えるわね。,嗯，确实能看到西川说的那种犹豫。,嗯，確實能看到西川說的那種猶豫。,"Хм... Я вижу нерешительность, о которой говорил Нисикава.","Hmm, saya pasti dapat melihat keraguan yang disebut oleh Nishikawa.","Hừm, đúng là có thể thấy rõ sự do dự mà Nishikawa đã nói.","Hmm, veo lo que Nishikawa mencionó sobre tus vacilaciones.","Ehem, seperti yang dikatakan oleh Nishikawa, aku dapat melihat keraguan pada gerakanmu.",อืม เห็นถึงความลังเลที่นิชิกาวะบอกจริงๆ แฮะ,"Hmm, realmente, posso notar a hesitação que o Nishikawa comentou."
,,,이사벨,,1_기본,,,"그렇지만... 변해가려는 의지가 보여. <wrt:wait,15><wrt:break>앞으로가 기대되는걸?","But... I can also see that you’re determined to change. <wrt:wait,15><wrt:break>I’m excited to see where you’ll go from here!","でも...変わろうとする意志が見える。<wrt:wait,15><wrt:break>これからが楽しみだわ。","不过...我能看到你想要改变的决心。<wrt:wait,15><wrt:break>真期待你以后的表现呢？","不過...我能看到你想要改變的決心。<wrt:wait,15><wrt:break>真期待你以後的表現呢？","Но... Я чувствую, что ты готов измениться.<wrt:wait,15><wrt:break>Как же интересно, что будет дальше!","Tetapi... saya juga dapat melihat anda berazam untuk berubah. <wrt:wait,15><wrt:break>Saya teruja untuk melihat ke mana anda akan pergi dari sini!","Tuy nhiên... Có thể thấy quyết tâm muốn thay đổi. <wrt:wait,15><wrt:break>Chị thật sự mong chờ những gì sẽ diễn ra tiếp theo đấy!","Pero... veo en ti una determinación de cambiar. <wrt:wait,15><wrt:break>Me das esperanzas para el futuro.","Meski begitu... Aku juga dapat melihat Determinasimu yang ingin berubah. <wrt:wait,15><wrt:break>Aku sangat menantikanmu pada kedepannya!","แต่ก็... เห็นถึงความมุ่งมั่นที่จะเปลี่ยนแปลงด้วยเหมือนกัน <wrt:wait,15><wrt:break>ชักคาดหวังกับอนาคตซะแล้วสิ?","Mas... percebo que você quer mudar. <wrt:wait,15><wrt:break>Estou ansiosa pra ver como você vai evoluir!"
,무작위_4,#,MAP,,,,,콜로세움,콜로세움,콜로세움,콜로세움,콜로세움,콜로세움,콜로세움,콜로세움,콜로세움,콜로세움,콜로세움,콜로세움
,,#,BGM,,,,,BGM_NEW_BEGINNING,BGM_NEW_BEGINNING,BGM_NEW_BEGINNING,BGM_NEW_BEGINNING,BGM_NEW_BEGINNING,BGM_NEW_BEGINNING,BGM_NEW_BEGINNING,BGM_NEW_BEGINNING,BGM_NEW_BEGINNING,BGM_NEW_BEGINNING,BGM_NEW_BEGINNING,BGM_NEW_BEGINNING
,,#,이사벨,0,1_기본,,,,,,,,,,,,,,
,,,이사벨,,1_기본,,,놀라운걸? 이 정도일 줄이야~,Impressive! I didn’t expect you to be this good!,驚いたわ‥まさかここまでとは‥,真让人惊讶啊？没想到你能做到这种程度～,真讓人驚訝啊？沒想到你能做到這種程度～,Ух ты! Не ожидала!,Mengagumkan! Saya tidak menjangkakan anda sebegini baik!,Thật đáng ngạc nhiên! Không ngờ em lại giỏi đến thế~,¡Impresionante! ¿Así que esto es lo que puedes hacer?,Aku tidak menyangka? Bahwa kamu sehebat ini~,น่าทึ่งนะเนี่ย ไม่คิดเลยว่าฝีมือจะขนาดนี้~,Impressionante! Isso foi mais do que eu esperava...
,무작위_5,#,MAP,,,,,콜로세움,콜로세움,콜로세움,콜로세움,콜로세움,콜로세움,콜로세움,콜로세움,콜로세움,콜로세움,콜로세움,콜로세움
,,#,BGM,,,,,BGM_NEW_BEGINNING,BGM_NEW_BEGINNING,BGM_NEW_BEGINNING,BGM_NEW_BEGINNING,BGM_NEW_BEGINNING,BGM_NEW_BEGINNING,BGM_NEW_BEGINNING,BGM_NEW_BEGINNING,BGM_NEW_BEGINNING,BGM_NEW_BEGINNING,BGM_NEW_BEGINNING,BGM_NEW_BEGINNING
,,#,이사벨,0,1_기본,,,,,,,,,,,,,,
,,,이사벨,,1_기본,,,"후훗, 역시 듣던 대로 대단한걸? 어서 올라와주렴~","Just as I’ve heard, you’re amazing! Keep climbing up!",ふふっ、やはり聞いていた通り素晴らしい実力ね？早く上がってきてちょうだい〜,呵呵，果然和传闻中一样厉害啊？快点晋级上来吧～,呵呵，果然和傳聞中一樣厲害啊？快點晉級上來吧～,"Как я и думала, невероятные способности! Скорее забирайся выше!","Sama seperti yang saya dengar, anda hebat! Teruskan mendaki!","Hihi, quả nhiên là đúng như lời đồn! Mau tiến lên nào~","Jaja, como esperaba, eres asombroso. ¡Sigue subiendo!","Huhu, kamu memang hebat seperti yang telah ku dengar! Cepatlah lolos ke babak berikutnya~",ฮิฮิ ยอดเยี่ยมตามที่ได้ยินมาเลยจริงๆ รีบไต่ขึ้นมาเร็วๆ น้า~,"Hahaha, como disseram, você é impressionante! Venha logo!"
,무작위_6,#,MAP,,,,,콜로세움,콜로세움,콜로세움,콜로세움,콜로세움,콜로세움,콜로세움,콜로세움,콜로세움,콜로세움,콜로세움,콜로세움
,,#,BGM,,,,,BGM_NEW_BEGINNING,BGM_NEW_BEGINNING,BGM_NEW_BEGINNING,BGM_NEW_BEGINNING,BGM_NEW_BEGINNING,BGM_NEW_BEGINNING,BGM_NEW_BEGINNING,BGM_NEW_BEGINNING,BGM_NEW_BEGINNING,BGM_NEW_BEGINNING,BGM_NEW_BEGINNING,BGM_NEW_BEGINNING
,,#,이사벨,0,1_기본,,,,,,,,,,,,,,
,,,이사벨,,1_기본,,,"곧 있으면 볼 수 있겠네~ <wrt:wait,15><wrt:break>시우... 너야말로 내가 찾던 사람일까?","We’ll be facing each other soon at this rate! <wrt:wait,15><wrt:break>Siwoo... could you be the one I’ve been searching for?","もうすぐ戦えそうね〜<wrt:wait,15><wrt:break>新...君こそ私が探していた人なのかしら？","马上就能见面了～<wrt:wait,15><wrt:break>时宇...你会不会就是我一直在寻找的那个人呢？","馬上就能見面了～<wrt:wait,15><wrt:break>時宇...你會不會就是我一直在尋找的那個人呢？","Еще немного и мы встретимся!<wrt:wait,15><wrt:break>Шиу, может быть, ты тот, кого я искала?","Kami akan berdepan antara satu sama lain tidak lama lagi pada kadar ini! <wrt:wait,15><wrt:break>Siwoo... bolehkah awak menjadi orang yang saya cari selama ini?","Sắp được gặp rồi đây~ <wrt:wait,15><wrt:break>Siwoo... Có lẽ em chính là người mà chị đang tìm kiếm đấy!","Pronto te veré... <wrt:wait,15><wrt:break>Siwoo, ¿podrías ser tú la persona que he estado buscando?","Sebentar lagi kita akan bisa saling berhadapan~ <wrt:wait,15><wrt:break>Siwoo... Apa itu kamu, orang yang selama ini aku cari-cari?","อีกนิดก็จะได้เจอกันแล้ว~ <wrt:wait,15><wrt:break>ชีอู... นายจะเป็นคนที่ฉันตามหาอยู่รึเปล่านะ?","Logo poderei ver você! <wrt:wait,15><wrt:break>Siwoo... Será que você é a pessoa que eu tava procurando?"
,무작위_7,#,MAP,,,,,콜로세움,콜로세움,콜로세움,콜로세움,콜로세움,콜로세움,콜로세움,콜로세움,콜로세움,콜로세움,콜로세움,콜로세움
,,#,BGM,,,,,BGM_NEW_BEGINNING,BGM_NEW_BEGINNING,BGM_NEW_BEGINNING,BGM_NEW_BEGINNING,BGM_NEW_BEGINNING,BGM_NEW_BEGINNING,BGM_NEW_BEGINNING,BGM_NEW_BEGINNING,BGM_NEW_BEGINNING,BGM_NEW_BEGINNING,BGM_NEW_BEGINNING,BGM_NEW_BEGINNING
,,#,이사벨,0,1_기본,,,,,,,,,,,,,,
,,,이사벨,,1_기본,,,"<txt:size,-2>흐흐... </txt:size>강한 선수는 언제나 환영이야!","<txt:size,-2>Heh... </txt:size>strong players are always welcome!","<txt:size,-2>ふふ...</txt:size>強い選手はいつでも歓迎よ！","<txt:size,-2>呵呵...</txt:size>强大的选手永远受欢迎！","<txt:size,-2>呵呵...</txt:size>強大的選手永遠受歡迎！","<txt:size,-2>Ха-ха!</txt:size>Всегда рада сильным противникам!","<txt:size,-2>Heh... </txt:size>pemain kuat sentiasa dialu-alukan!","<txt:size,-2>Hehe... </txt:size>Chị luôn chào đón những cầu thủ mạnh!","<txt:size,-2>Jeje... </txt:size>¡Un jugador fuerte siempre es bienvenido!","<txt:size,-2>Hehe... </txt:size>Aku selalu membuka tangan untuk atlet yang kuat!","<txt:size,-2>หึหึ... </txt:size>ฉันยินดีต้อนรับนักกีฬาที่แข็งแกร่งเสมอ!","<txt:size,-2>Haha... </txt:size>Jogadores fortes são sempre bem-vindos aqui!"
,경기 전,#,MAP,,,,,콜로세움,콜로세움,콜로세움,콜로세움,콜로세움,콜로세움,콜로세움,콜로세움,콜로세움,콜로세움,콜로세움,콜로세움
,,#,BGM,,,,,BGM_NEW_BEGINNING,BGM_NEW_BEGINNING,BGM_NEW_BEGINNING,BGM_NEW_BEGINNING,BGM_NEW_BEGINNING,BGM_NEW_BEGINNING,BGM_NEW_BEGINNING,BGM_NEW_BEGINNING,BGM_NEW_BEGINNING,BGM_NEW_BEGINNING,BGM_NEW_BEGINNING,BGM_NEW_BEGINNING
,,#,이사벨,0,1_기본,,,,,,,,,,,,,,
,,,이사벨,,1_기본,,,시우! 역시 살아남았구나!,"Siwoo, you made it through!",新！さすが！生き残ったのね！,时宇！果然你也存活下来了！,時宇！不出所料，撐到現在啊！,"Шиу, ты все-таки победил!","Siwoo, anda berjaya melaluinya!",Siwoo! Quả nhiên em đã sống sót!,¡Siwoo! ¡Sabía que sobrevivirías!,Siwoo! Memang seperti dugaanku kamu telah berhasil sampai ke sini!,ชีอู! นายรอดมาได้จริงๆ แฮะ!,"Siwoo! Você sobreviveu, como já era esperado!"
,,,이사벨,,1_기본,,,"너의 경기는 지금까지 모두 지켜봤어. <wrt:wait,15><wrt:break>너와 함께할 경기가 무척이나 기대되네~","I’ve watched all your matches so far. <wrt:wait,15><wrt:break>I’m really looking forward to playing you!","君の試合は今まで全て見ていたわ。<wrt:wait,15><wrt:break>君との試合がとても楽しみだわ〜","我一直在关注你的比赛。<wrt:wait,15><wrt:break>真是期待和你的这场对决啊～","我一直在關注你的比賽。<wrt:wait,15><wrt:break>真是期待和你的這場對決啊～","Я видела все твои матчи.<wrt:wait,15><wrt:break>Жду не дождусь нашей игры.","Saya telah menonton semua perlawanan anda setakat ini. <wrt:wait,15><wrt:break>Saya tidak sabar untuk bermain bersama anda!","Chị đã theo dõi tất cả các trận đấu của em cho đến giờ. <wrt:wait,15><wrt:break>Chị thực sự rất mong chờ được thi đấu cùng em~","He visto todos tus partidos hasta ahora. <wrt:wait,15><wrt:break>¡Espero con ansias el partido que tendremos juntos!","Aku telah menonton seluruh pertandinganmu. <wrt:wait,15><wrt:break>Aku jadi tidak sabar untuk dapat bertanding denganmu~","ฉันเฝ้าดูการแข่งขันทั้งหมดของนายมาจนถึงตอนนี้เลย <wrt:wait,15><wrt:break>ฉันตื่นเต้นสุดๆ ที่จะได้แข่งกับนาย~","Eu acompanhei todos os seus jogos até agora. <wrt:wait,15><wrt:break>Estou muito animada pra competir com você!"
,,,이사벨,,1_기본,,,"전력으로 붙어보렴! <wrt:wait,15><wrt:break><txt:size,-2>흐흐, 기억에 남을 최고의 추억을 만들어줄게.","Come at me with everything you got! <wrt:wait,15><wrt:break><txt:size,-2>Hehe, I’ll make sure to give you a match you’ll never forget.","全力で挑んでね！<wrt:wait,15><wrt:break><txt:size,-2>ふふ、記憶に残る最高の思い出を作ってあげるわ。","全力以赴吧！<wrt:wait,15><wrt:break><txt:size,-2>呵呵，我会给你留下难忘的回忆的。","全力以赴吧！<wrt:wait,15><wrt:break><txt:size,-2>呵呵，我會給你留下難忘的回憶的。","Выложись на все сто!<wrt:wait,15><wrt:break><txt:size,-2>Я постараюсь создать для тебя новые незабываемые воспоминания.","Berlawan dengan saya! <wrt:wait,15><wrt:break><txt:size,-2>Hehe, saya akan pastikan anda memberikan perlawanan yang tidak akan anda lupakan.","Hãy đối đầu với toàn bộ sức mạnh nhé! <wrt:wait,15><wrt:break><txt:size,-2>Hehe, chị sẽ tạo cho em kỷ niệm đáng nhớ nhất!","¡Dame lo mejor de ti! <wrt:wait,15><wrt:break><txt:size,-2>Hehe, te crearé los mejores recuerdos.","Mari kita bertanding dengan seluruh tenaga! <wrt:wait,15><wrt:break><txt:size,-2>Hehe, aku akan buat ini tertinggal dalam ingatanmu sebagai salah satu momen terbaik.","มาดวลกันแบบใส่เต็มที่เลยนะ! <wrt:wait,15><wrt:break><txt:size,-2>หึหึ ฉันจะช่วยสร้างสุดยอดความทรงจำที่นายไม่มีวันลืมให้เอง","Dê o seu máximo! <wrt:wait,15><wrt:break><txt:size,-2>Hehe, farei com que essas sejam lembranças inesquecíveis."
,경기 승리,#,MAP,,,,,콜로세움,콜로세움,콜로세움,콜로세움,콜로세움,콜로세움,콜로세움,콜로세움,콜로세움,콜로세움,콜로세움,콜로세움
,,#,BGM,,,,,BGM_NEW_BEGINNING,BGM_NEW_BEGINNING,BGM_NEW_BEGINNING,BGM_NEW_BEGINNING,BGM_NEW_BEGINNING,BGM_NEW_BEGINNING,BGM_NEW_BEGINNING,BGM_NEW_BEGINNING,BGM_NEW_BEGINNING,BGM_NEW_BEGINNING,BGM_NEW_BEGINNING,BGM_NEW_BEGINNING
,,#,정다희,-1,-1_기본,,,,,,,,,,,,,,
,,#,이사벨,2,1_기본,,,,,,,,,,,,,,
,,#,백시우,-2,1_기본,,,,,,,,,,,,,,
,,,백시우,,2_놀람,,,"<txt:color,grey>(우왓... 정말 말도 안 되는 선수였어. 세상에는 정말 이렇게 강한 선수가 더 많이 존재하는 걸까?)","<txt:color,grey>(Wow... that was incredible. Are there really more players this strong out there?)","<txt:color,grey>(うわぁ...本当に信じられないほど強い選手だった。世の中にはあれくらい強い選手がもっと存在するのかな？)","<txt:color,grey>(哇...真是个难以置信的选手。这世上真的还有这么多强大的选手存在吗？)","<txt:color,grey>(哇...真是個難以置信的選手。這世上真的還有這麼多強大的選手存在嗎？)","<txt:color,grey>(Ох, это просто невероятно! Откуда в мире берутся такие сильные игроки?)","<txt:color,grey>(Wah... luar biasa. Adakah terdapat lebih ramai pemain sekuat ini di luar sana?)","<txt:color,grey>(Wow... Thật sự là một cầu thủ phi thường. Liệu trên thế giới này còn có nhiều cầu thủ mạnh như vậy không?)","<txt:color,grey>(Wow... Fue realmente una jugadora increíble. ¿Habrá más jugadores así de fuertes en el mundo?)","<txt:color,grey>(Wah... Dia adalah atlet yang benar-benar tidak masuk akal. Apa di dunia ada banyak lagi atlet yang tangguh seperti ini?)","<txt:color,grey>(โห... เป็นนักกีฬาที่น่าทึ่งจนไม่อยากจะเชื่อเลย ในโลกนี้ยังมีนักกีฬาที่แข็งแกร่งขนาดนี้อยู่อีกเยอะเลยรึเปล่าเนี่ย?)","<txt:color,grey>(Uau... ela era mesmo incrível. Será que existem mais jogadores desse nível no mundo?)"
,,,이사벨,,1_기본,,,"대단해! 시우야, 너무 즐거웠네~!","Amazing! Siwoo, I had so much fun!",素晴らしい！新、とても楽しかったわ〜！,太棒了！时宇，我玩得很开心～！,不錯嘛，時宇！這場比賽我打得很盡興～！,"Ты молодец, Шиу! Было так весело!","Hebat! Siwoo, saya sangat seronok!","Tuyệt vời quá! Siwoo à, chị thật sự đã rất vui!","¡Impresionante! Siwoo, me divertí mucho.","Hebat sekali! Siwoo, aku sangat menikmati pertandingan barusan~!",สุดยอดเลย! ชีอู สนุกมากจริงๆ แฮะ~!,"Fantástico! Siwoo, adorei jogar com você!"
,,,이사벨,,1_기본,wave,joy,"<txt:color,grey>(시우, 너라면 도달할지도 몰라... 후훗! 기대되는걸?)","<txt:color,grey>(Siwoo, you just might make it... Hehe! I’m looking forward to it!)","<txt:color,grey>(新、君なら到達できるかもしれない...ふふっ！楽しみだわ)","<txt:color,grey>(时宇，也许你能达到那个境界...呵呵！真令人期待啊～)","<txt:color,grey>(時宇，也許你能達到那個境界...呵呵！真令人期待啊？)","<txt:color,grey>(Может быть, у тебя получится, Шиу! Удачи!)","<txt:color,grey>(Siwoo, anda mungkin akan berjaya... Hehe! Saya menantikannya!)","<txt:color,grey>(Siwoo, có lẽ em sẽ đạt đến đỉnh cao... Hihi! Thật đáng mong đợi!)","<txt:color,grey>(Siwoo, podrías alcanzar algo grande... Hehe, me das esperanzas).","<txt:color,grey>(Siwoo, jika itu kamu mungkin saja kamu akan dapat mencapainya... Huhu! Aku jadi tidak sabar!)","<txt:color,grey>(ชีอู ถ้าเป็นนายอาจจะไปถึงก็ได้... ฮิฮิ! ชักจะคาดหวังซะแล้วสิ)","<txt:color,grey>(Siwoo, quem sabe você possa chegar lá... Hehe! Estou curiosa para ver!)"
,,,백시우,,2_기쁨,,,"하핫, 감사합니다! <wrt:wait,15><wrt:break>지금껏 제가 경험해온 배구와는 색다른 경험이었네요!","Haha, thank you! <wrt:wait,15><wrt:break>This was a unique experience, unlike any volleyball I’ve played before!","はは、ありがとうございます！<wrt:wait,15><wrt:break>今まで俺が経験してきたバレーとは一味違う経験でした！","哈哈，谢谢您！<wrt:wait,15><wrt:break>这次的经历和我以前打的排球完全不同呢！","哈哈，謝謝！<wrt:wait,15><wrt:break>這次和我以前打的排球完全是不同的體驗呢！","Ха-ха, спасибо!<wrt:wait,15><wrt:break>Это была несравнимая игра, которую я никогда не забуду.","Haha, terima kasih! <wrt:wait,15><wrt:break>Ini adalah pengalaman yang unik, tidak seperti mana-mana bola tampar yang pernah saya mainkan sebelum ini!","Haha, cảm ơn chị! <wrt:wait,15><wrt:break>Đây thực sự là một trải nghiệm khác biệt so với bóng chuyền mà em từng chơi!","¡Jaja, gracias! <wrt:wait,15><wrt:break>¡Fue una experiencia diferente a todo lo que había vivido en el voleibol!","Haha, terima kasih! <wrt:wait,15><wrt:break>Ini adalah pengalaman bola voli yang belum pernah saya alami sebelumnya!","ฮ่าฮ่า ขอบคุณนะครับ! <wrt:wait,15><wrt:break>เป็นประสบการณ์ที่แปลกใหม่ ต่างกับวอลเลย์บอลที่ผมเคยสัมผัสมาจนถึงตอนนี้เลย!","Haha, obrigado! <wrt:wait,15><wrt:break>Foi uma experiência completamente diferente de tudo o que já vivi no vôlei!"
,,,정다희,,-3_활짝,,,"시우야~ 고생했어! <wrt:wait,15><wrt:break>어때 어때? 이곳, 콜로세움이라는 색다른 무대에서 경기해 본 소감 말이야!","Good work out there, Siwoo! <wrt:wait,15><wrt:break>So what do you think? How was it playing at the Colosseum?","新〜お疲れ様！<wrt:wait,15><wrt:break>どうどう？ここ、コロッセオという新しい舞台で試合をした感想は？","时宇～辛苦了！<wrt:wait,15><wrt:break>怎么样？在这个竞技场的感觉如何？","時宇～辛苦了！<wrt:wait,15><wrt:break>怎麼樣？在這個競技場的感覺如何？","Молодчина, Шиу!<wrt:wait,15><wrt:break>Ну что, как ощущения от Колизея?","Permainan yang baik, Siwoo! <wrt:wait,15><wrt:break>Jadi apa pendapat anda? Bagaimana ia bermain di Colosseum?","Siwoo à~ Vất vả rồi! <wrt:wait,15><wrt:break>Thế nào? Cảm nhận của cậu khi thi đấu trên sân khấu khác biệt như Đấu Trường này?","¡Siwoo! ¡Buen trabajo! <wrt:wait,15><wrt:break>¿Qué te pareció jugar en este escenario único del Coliseo?","Siwoo~~ Kerja bagus! <wrt:wait,15><wrt:break>Gimana gimana? Kesanmu setelah bertanding di tempat ini, di Colosseum yang sangat berbeda dari pertandingan sebelumnya!","ชีอู~ เก่งมาก! <wrt:wait,15><wrt:break>เป็นไงบ้างล่ะ? ความรู้สึกที่ได้แข่งขันบนเวทีที่แปลกใหม่อย่างโคลอสเซียมน่ะ!","Siwoo, mandou bem! <wrt:wait,15><wrt:break>E então, o que achou? Quero saber como foi competir no Coliseu!"
,,,백시우,,1_기쁨,,,"<wrt:delay,5>으음, 정말... </wrt:delay>지금까지와는 다른 자극을 받은 것 같아! <wrt:wait,15><wrt:break>이 느낌을 더 느껴보고싶은걸?","<wrt:delay,5>Hmm, it was really... </wrt:delay>a different kind of challenge! <wrt:wait,15><wrt:break>I want to experience this feeling even more!","<wrt:delay,5>うーん、本当に...</wrt:delay>今までとは違う刺激を受けたような気がする！<wrt:wait,15><wrt:break>この感覚をもっと味わってみたいな。","<wrt:delay,5>嗯，真的...</wrt:delay>感受到了和以前不一样的刺激！<wrt:wait,15><wrt:break>我想更多地体验这种感觉！","<wrt:delay,5>嗯，真的...</wrt:delay>感受到了和以前不一樣的刺激！<wrt:wait,15><wrt:break>我想多體驗這種感覺！","<wrt:delay,5>Хм...Это...</wrt:delay>Здесь совсем другая атмосфера!<wrt:wait,15><wrt:break>И я хотел бы прочувствовать ее получше!","<wrt:delay,5>Hmm, betul-betul... </wrt:delay>cabaran yang berbeza! <wrt:wait,15><wrt:break>Saya mahu rasai perasaan ini lebih lagi!","<wrt:delay,5>Ừm, thực sự... </wrt:delay>Mình cảm thấy được kích thích khác hẳn so với trước đây! <wrt:wait,15><wrt:break>Mình muốn cảm nhận nhiều hơn nữa cảm giác này!","<wrt:delay,5>Hmm, realmente... </wrt:delay>Siento que he recibido un nuevo estímulo. <wrt:wait,15><wrt:break>Quiero seguir experimentando esta sensación.","<wrt:delay,5>Hmmm, benar-benar... </wrt:delay>Sepertinya aku dapat merasakan motivasi yang berbeda dari sebelumnya! <wrt:wait,15><wrt:break>Perasaan ini, aku ingin coba merasakannya lagi!","<wrt:delay,5>อืม ก็... </wrt:delay>เหมือนได้รับแรงกระตุ้นในแบบที่ไม่เหมือนกับที่ผ่านมาเลย! <wrt:wait,15><wrt:break>ฉันอยากลองสัมผัสความรู้สึกแบบนี้ให้มากขึ้นอีกจัง","<wrt:delay,5>Hmm, sem dúvida... </wrt:delay>Foi uma experiência completamente nova! <wrt:wait,15><wrt:break>Quero passar por isso de novo!"
,,,백시우,,1_결연,,,그러다보면... 어쩌면 여기서 느낀 것들을 온전히 내 것으로 만들 수 있지 않을까!,And who knows... maybe I can make what I’ve learned here truly my own!,そうしているうちに...もしかしたらここで感じたことを完全に自分のものにできるかもしれない！,这样下去...也许我能把在这里感受到的东西完全变成自己的呢！,這樣下去...也許我能把在這裡感受到的東西完全變成自己的呢！,"Может быть, я смогу впитать все то, что почувствовал здесь.",Dan siapa tahu... mungkin saya boleh jadikan apa yang saya pelajari di sini benar-benar milik saya!,"Và có lẽ... nếu tiếp tục như vậy, mình có thể biến những gì cảm nhận được ở đây thành của riêng mình!",Si sigo así... ¡Tal vez pueda hacer mías las cosas que he sentido aquí!,Dengan begitu... Mungkin saja aku dapat menyerap apa yang aku rasakan saat ini dan membuatnya menjadi kemampuanku sepenuhnya!,ถ้าได้ลองสัมผัสไปเรื่อยๆ... ไม่แน่ว่าฉันอาจจะทำให้สิ่งต่างๆ ที่ได้สัมผัสจากที่นี่ กลายมาเป็นของฉันโดยสมบูรณ์เลยก็ได้!,Se eu continuar... talvez eu possa incorporar a mim essas experiências.
SOLAR,경기 전,#,MAP,,,,,콜로세움,콜로세움,콜로세움,콜로세움,콜로세움,콜로세움,콜로세움,콜로세움,콜로세움,콜로세움,콜로세움,콜로세움
,,#,BGM,,,,,BGM_NEW_BEGINNING,BGM_NEW_BEGINNING,BGM_NEW_BEGINNING,BGM_NEW_BEGINNING,BGM_NEW_BEGINNING,BGM_NEW_BEGINNING,BGM_NEW_BEGINNING,BGM_NEW_BEGINNING,BGM_NEW_BEGINNING,BGM_NEW_BEGINNING,BGM_NEW_BEGINNING,BGM_NEW_BEGINNING
,,#,오아시스,2,1_기본,,,,,,,,,,,,,,
,,#,백시우,-2,1_기본,,,,,,,,,,,,,,
,,#,아티스,4,1_기본,,,,,,,,,,,,,,
,,#,리시아,4,1_기본,,,,,,,,,,,,,,
,,,오아시스,,1_기본,,,"어라, 저 하얀 머리는... <wrt:wait,15><wrt:break>거기 너! 백시우 맞지?","Oh, that white hair... <wrt:wait,15><wrt:break>Hey, you there! Are you Siwoo?!","おや、あの白髪は...<wrt:wait,15><wrt:break>そこの君！白井新だろ？","咦，那个白头发是...<wrt:wait,15><wrt:break>喂，你！是白时宇吧？","咦，那個白頭髮是...<wrt:wait,15><wrt:break>那個！你是白時宇吧？","О, белые волосы!...<wrt:wait,15><wrt:break>Это же Бэк Шиу!","Oh, rambut putih itu... <wrt:wait,15><wrt:break>Hei! Adakah anda Siwoo?!","Ơ kìa, mái tóc trắng đó là... <wrt:wait,15><wrt:break>Này cậu! Cậu là Baek Siwoo phải không?","¡Vaya, ese cabello blanco...! <wrt:wait,15><wrt:break>¡Oye, tú! ¿Eres Siwoo Baek?","Eh, rambut putih itu... <wrt:wait,15><wrt:break>Hei kamu! Kamu Siwoo Baek kan?","หืม เจ้าคนผมขาวนั่น... <wrt:wait,15><wrt:break>เฮ้ นายน่ะ! แบคชีอูใช่ไหม?","Eita, aquele de cabelo branco... <wrt:wait,15><wrt:break>Ei, você! Você é o Siwoo Baek, né?"
,,,백시우,,1_기본,,,엇! 오아시스 선수!,Oh! Oasis!,あっ！オアシス選手！,啊！绿洲选手！,啊！綠洲選手！,"О, Оазис!",Oh! Oasis!,Ồ! Anh Oasis!,¡Oh! ¡Es el jugador Oasis!,Eh! Atlet Oasis!,โอ๊ะ! คุณนักกีฬาโอเอซิส!,"Oh, Oásis!"
,,,오아시스,,1_웃음,,joy,"<txt:size,2><txt:wave,1>반가워 친구!!! </txt:size></txt:wave><wrt:wait,15><wrt:break>캠프 이후로 다시 한번 보고 싶었는데... 이렇게 보게 될 줄이야!","<txt:size,2><txt:wave,1>Nice to see you, bud! </txt:size></txt:wave><wrt:wait,15><wrt:break>I’ve wanted to meet up again after camp. Funny seeing you now!","<txt:size,2><txt:wave,1>やあ、久しぶりだな！！！</txt:size></txt:wave><wrt:wait,15><wrt:break>キャンプ以来また一度会いたいと思っていたが...こんな風に会えるなんて！","<txt:size,2><txt:wave,1>好久不见了，朋友！！！</txt:size></txt:wave><wrt:wait,15><wrt:break>自从训练营之后就一直想再见你一面...没想到在这里遇到了！","<txt:size,2><txt:wave,1>好久不見啊，朋友！</txt:size></txt:wave><wrt:wait,15><wrt:break>自從訓練營之後就一直想再見你一面...沒想到在這裡遇到了！","<txt:size,2><txt:wave,1>Рад встрече, друг!!! </txt:size></txt:wave><wrt:wait,15><wrt:break>Я так хотел увидеться с тобой после лагеря! Очень рад, что ты здесь!","<txt:size,2><txt:wave,1>Seronok berjumpa dengan anda bud! </txt:size></txt:wave><wrt:wait,15><wrt:break>Saya ingin jumpa semula selepas perkhemahan. Lucu melihat anda sekarang!","<txt:size,2><txt:wave,1>Chào cậu bạn!!! </txt:size></txt:wave><wrt:wait,15><wrt:break>Sau trại huấn luyện, anh cứ muốn gặp lại cậu một lần nữa... Không ngờ lại gặp được ở đây!","<txt:size,2><txt:wave,1>¡Qué gusto verte, amigo!!! </txt:size></txt:wave><wrt:wait,15><wrt:break>Después del campamento, tenía muchas ganas de verte otra vez... ¡Y aquí estamos!","<txt:size,2><txt:wave,1>Apa kabar teman!!! </txt:size></txt:wave><wrt:wait,15><wrt:break>Aku menantikan perjumpaan denganmu kembali setelah Kamp... Tapi aku tidak menyangka kita akan bertemu disini!","<txt:size,2><txt:wave,1>ดีใจที่ได้เจอนะสหาย!!! </txt:size></txt:wave><wrt:wait,15><wrt:break>หลังจากจบค่าย ฉันก็อยากเจอนายอีกสักครั้งมาตลอด... ไม่คิดเลยว่าจะได้มาเจอกันแบบนี้!","<txt:size,2><txt:wave,1>Que bom te ver de novo! </txt:size></txt:wave><wrt:wait,15><wrt:break>Estava querendo te encontrar desde o acampamento... Mas nunca imaginei que te encontraria aqui."
,,,백시우,,1_웃음,,,저야말로 반가워요! 잘 지내고 계셨나요?,"Yeah, it’s great to see you! You been all right?",こちらこそお久しぶりです！お元気ですか？,我也很高兴见到您！您最近过得好吗？,我也很高興見到你！最近過得好嗎？,Я тоже! Как дела?,"Ya, saya gembira melihat anda! Anda baik-baik saja?",Em cũng rất vui được gặp lại anh! Anh vẫn khỏe chứ?,"¡Claro que sí, me alegra mucho verte! ¿Cómo has estado?",Saya juga sangat senang dapat bertemu dengan Anda lagi! Bagaimana kabar Anda?,ผมก็ดีใจเหมือนกันครับ! คุณสบายดีนะครับ?,Eu que tô muito feliz em te ver! Como você tá?
,,,오아시스,,1_훗,wave,,"물론! <txt:wave,1>비치 발리볼의 낭만</txt:wave>과 함께라면 언제나 즐거운걸?","Of course! Can’t complain when I’m <txt:wave,1>blessed with beach volleyball.</txt:wave>","もちろん！<txt:wave,1>ビーチバレーのロマン</txt:wave>と一緒なら常に楽しいものさ。","当然！和<txt:wave,1>沙滩排球的浪漫</txt:wave>在一起，我一直都很开心！","當然！和<txt:wave,1>沙灘排球的浪漫</txt:wave>在一起，我永遠都很開心！","Отлично! <txt:wave,1>Романтика пляжного волейбола</txt:wave> не заставит грустить, ты же знаешь?","Sudah tentu! Saya sentiasa gembira selagi dapat menikmati <txt:wave,1>keindahan bola tampar pantai!</txt:wave>","Tất nhiên rồi! <txt:wave,1>Với sự lãng mạn của bóng chuyền bãi biển</txt:wave> thì lúc nào anh cũng vui vẻ cả!","¡Por supuesto! Siempre es divertido mientras esté el <txt:wave,1>encanto del voleibol</txt:wave> de playa, ¿verdad?","Tentu saja baik! Aku selalu merasa senang karena disertai <txt:wave,1>Pesona Beach Volleyball</txt:wave>!","แหงสิ!! ถ้ามี<txt:wave,1>ความโรแมนติกของวอลเลย์บอลชายหาด</txt:wave> ไม่ว่าเมื่อไหร่ก็แฮปปี้อยู่แล้ว","Ótimo! Com todo o <txt:wave,1>encanto do vôlei de praia</txt:wave>, sempre é uma diversão, não é?"
,,,오아시스,,1_기본,,,"그나저나 이곳에서 만날줄이야. <wrt:wait,15><wrt:break>시우, 너도 발리볼 콜로세움에 참여하러 온 건가?","But yeah, I didn’t think I’d run into you here! <wrt:wait,15><wrt:break>Did you come for the Volleyball Colosseum too?","それにしてもここで会うなんて。<wrt:wait,15><wrt:break>新、君もバレーボールコロッセオに参加しに来たのか？","没想到会在这里相遇呢。<wrt:wait,15><wrt:break>时宇，你也是来参加排球竞技场的？","沒想到會在這裡相遇呢。<wrt:wait,15><wrt:break>時宇，你也是來參加排球競技場的？","Не ожидал встретить тебя здесь! <wrt:wait,15><wrt:break>Ты тоже приехал для участия в Волейбольном Колизее, Шиу?","Tetapi ya, saya tidak fikir saya akan terserempak dengan anda di sini! <wrt:wait,15><wrt:break>Adakah anda datang untuk Colosseum Bola Tampar juga?","Nhân tiện, không ngờ lại gặp nhau ở đây. <wrt:wait,15><wrt:break>Siwoo, cậu cũng đến tham gia Đấu Trường Bóng Chuyền à?","De todos modos, es sorprendente encontrarte aquí. <wrt:wait,15><wrt:break>Siwoo, ¿también viniste para participar en el Coliseo de Voleibol?","Meski begitu tidak aku bayangkan kita akan bertemu disini. <wrt:wait,15><wrt:break>Siwoo, apa kamu datang untuk berpartisipasi dalam Volleyball Colosseum?","ว่าแต่ ไม่คิดเลยว่าจะได้เจอกันที่นี่ <wrt:wait,15><wrt:break>ชีอู นายก็มาเข้าร่วมวอลเลย์บอลโคลอสเซียมเหมือนกันเหรอ?","Que coincidência nos encontrarmos aqui! <wrt:wait,15><wrt:break>Siwoo, você também veio pra participar do Coliseu do Vôlei?"
,,,백시우,,1_기본,,,"네, 오아시스 선수도 참여하셨다니 놀랍네요! <wrt:wait,15><wrt:break>비치발리볼만 하시는줄 알았는데...","Yeah. You too? That’s a bit of a surprise. <wrt:wait,15><wrt:break>I thought you only did beach volleyball...","はい、オアシス選手も参加されたなんて驚きました！<wrt:wait,15><wrt:break>ビーチバレーだけをされているかと思ってたけど...","是的，没想到绿洲选手也参加了，真让人惊讶！<wrt:wait,15><wrt:break>我以为您只打沙滩排球呢...","是啊，沒想到綠洲前輩也會來參加！<wrt:wait,15><wrt:break>我以為你專打沙灘排球呢...","Да, не знал, что ты тоже здесь будешь! <wrt:wait,15><wrt:break>Я думал, что для тебя только пляжный волейбол существует...","Ya. anda juga? Itu agak mengejutkan. <wrt:wait,15><wrt:break>Saya fikir anda hanya bermain bola tampar pantai...","Vâng, em ngạc nhiên khi anh Oasis cũng tham gia! <wrt:wait,15><wrt:break>Em cứ tưởng anh chỉ chơi bóng chuyền bãi biển thôi chứ...","Sí, ¡es sorprendente que tú también estés participando, Oasis! <wrt:wait,15><wrt:break>Pensé que solo te dedicabas al voleibol de playa...","Iya, saya juga terkejut karena atlet Oasis ikut berpartisipasi disini! <wrt:wait,15><wrt:break>Saya kira Anda hanya bermain Beach Volleyball saja...","ครับ ผมตกใจอยู่นะครับ ที่คุณนักกีฬาโอเอซิสก็เข้าร่วมด้วย! <wrt:wait,15><wrt:break>นึกว่าคุณเล่นแต่วอลเลย์บอลชายหาดซะอีก...","Sim, não acredito que você também veio! <wrt:wait,15><wrt:break>Eu achava que você só competia no vôlei de praia..."
,,,오아시스,,1_웃음,,,"하핫, 이번 리그엔 내 오랜 친구가 와서 겸사겸사. <wrt:wait,15><wrt:break>그래도 이곳에서 얼굴 보니 좋군!","Hah, well, I got an old friend taking part in the league, so. <wrt:wait,15><wrt:break>Still, it’s good to see you here!","はは、今回のリーグには俺の古い友人が参加するらしいからついでにな。<wrt:wait,15><wrt:break>でもここで君に会えて本当にラッキーだ！","哈哈，这次联赛是因为我的老朋友来了，就顺便参加了。<wrt:wait,15><wrt:break>不过在这里见到你真是太好了！","哈哈，這次聯賽是因為我的老朋友來了，就順便參加了。<wrt:wait,15><wrt:break>不過在這裡見到你真是太好了！","В этот раз я заодно с давним другом приехал поучаствовать. <wrt:wait,15><wrt:break>Хорошо, что мы встретились!","Hah, kawan lama saya menyertai liga kali ini, jadi saya pun datang sekali. <wrt:wait,15><wrt:break>Gembira dapat berjumpa anda di sini!","Haha, lần này có một người bạn lâu năm của anh đến nên tiện thể. <wrt:wait,15><wrt:break>Nhưng gặp được cậu ở đây cũng vui đấy!","Jaja, un viejo amigo vino a esta liga, así que aproveché para venir también. <wrt:wait,15><wrt:break>De todos modos, ¡me alegra verte aquí!","Haha, kebetulan teman lamaku datang ke liga kali ini jadi sekalian saja. <wrt:wait,15><wrt:break>Mau bagaimanapun juga aku senang dapat melihatmu disini!","ฮ่าฮ่า เพื่อนเก่าแก่ของฉันมาลีกนี้ด้วยน่ะ ฉันก็เลยเอาสักหน่อย <wrt:wait,15><wrt:break>แต่ดีจังนะที่ได้มาเจอนายที่นี่!","Hehe, meu velho amigo vai participar na liga desta vez, então aproveitei a oportunidade. <wrt:wait,15><wrt:break>Enfim, é ótimo te ver aqui!"
,,,리시아,2,1_기본,,,"<cha:pos,오아시스,1><sys:sfx,반짝_1>아저씨, 거기서 뭐해요? <wrt:wait,15><wrt:break>얼른 와요, 지금 얘기 할 시간이 아니란 말이죠!","<cha:pos,오아시스,1><sys:sfx,반짝_1>Excuse me, sir? <wrt:wait,15><wrt:break>There’s no time for chit-chat. Hurry on in!","<cha:pos,오아시스,1><sys:sfx,반짝_1>オアシスさん、そこで何してるの？<wrt:wait,15><wrt:break>早く来てよ、今忙しいんだから！","<cha:pos,오아시스,1><sys:sfx,반짝_1>大叔，你在那儿磨蹭什么呢？<wrt:wait,15><wrt:break>快点过来，现在不是闲聊的时候！","<cha:pos,오아시스,1><sys:sfx,반짝_1>叔叔，你在那裡幹嘛呢？<wrt:wait,15><wrt:break>快點過來，現在不是閒聊的時候！","<cha:pos,오아시스,1><sys:sfx,반짝_1>Что так долго?<wrt:wait,15><wrt:break>Скорее, у нас нет времени болтать!","<cha:pos,오아시스,1><sys:sfx,반짝_1>Maafkan saya, tuan? <wrt:wait,15><wrt:break>Tiada masa untuk berbual-bual. Cepat masuk!","<cha:pos,오아시스,1><sys:sfx,반짝_1>Chú à, chú đang làm gì vậy? <wrt:wait,15><wrt:break>Mau lên nào, bây giờ không phải lúc nói chuyện đâu!","<cha:pos,오아시스,1><sys:sfx,반짝_1>Oye, ¿qué estás haciendo ahí? <wrt:wait,15><wrt:break>Apúrate, ¡no es momento para charlar!","<cha:pos,오아시스,1><sys:sfx,반짝_1>Kak, sedang apa disana? <wrt:wait,15><wrt:break>Cepat kesini, sekarang bukanlah waktu untuk mengobrol!","<cha:pos,오아시스,1><sys:sfx,반짝_1>คุณลุง ทำอะไรอยู่ตรงนั้นคะ? <wrt:wait,15><wrt:break>รีบมาได้แล้วค่ะ ตอนนี้ไม่ใช่เวลาจะมาคุยเล่นนะคะ!","<cha:pos,오아시스,1><sys:sfx,반짝_1>O que você tá fazendo aqui? <wrt:wait,15><wrt:break>Venha logo, não é hora de conversar!"
,,,리시아,,1_기본,pause,exclam,"<cha:pop,리시아><txt:size,2>어머!!! 이게 누구야?! </txt:size><wrt:wait,15><wrt:break>후후, 오랜만이네요 시우 씨~!","<cha:pop,리시아><txt:size,2>Oh my gosh, look who it is! </txt:size><wrt:wait,15><wrt:break>Long time no see, Siwoo!","<cha:pop,리시아><txt:size,2>まあ！これはこれは！</txt:size><wrt:wait,15><wrt:break>ふふ、久しぶりですね新さん〜！","<cha:pop,리시아><txt:size,2>哎呀！！！这是谁呀？！</txt:size><wrt:wait,15><wrt:break>呵呵，好久不见了，时宇先生～！","<cha:pop,리시아><txt:size,2>哎呀！！你也來了啊？！</txt:size><wrt:wait,15><wrt:break>呵呵，好久不見了時宇～！","<cha:pop,리시아><txt:size,2>О, какие люди! </txt:size><wrt:wait,15><wrt:break>Шиу, давно не виделись!","<cha:pop,리시아><txt:size,2>Ya ampun, lihat siapa dia! </txt:size><wrt:wait,15><wrt:break>Lama tidak jumpa, Siwoo!","<cha:pop,리시아><txt:size,2>Ôi trời!!! Ai đây?! </txt:size><wrt:wait,15><wrt:break>Hihi, lâu rồi không gặp nhỉ Siwoo~!","<cha:pop,리시아><txt:size,2>¡Ay, ¿quién es este?!!! </txt:size><wrt:wait,15><wrt:break>¡Jeje, Siwoo, cuánto tiempo!","<cha:pop,리시아><txt:size,2>Waduh!!! Siapa ini?! </txt:size><wrt:wait,15><wrt:break>Huhu, lama tak jumpa Siwoo!","<cha:pop,리시아><txt:size,2>ตายจริง!!! ใครกันเนี่ย?! </txt:size><wrt:wait,15><wrt:break>ฮิฮิ ไม่ได้เจอกันนานเลยนะคะ คุณชีอู~!","<cha:pop,리시아><txt:size,2>Oh! Meu Deus! </txt:size><wrt:wait,15><wrt:break>Olha só quem está aqui! Siwoo!"
,,,백시우,,1_엥,,,"앗, 리시아 씨도 여기 계셨군요! <wrt:wait,15><wrt:break><cha:face,백시우,3_난감><txt:color,grey>(으왓, 갑자기 리시아 씨의 무서운 서브가 기억나는걸...)","Oh, you’re here too, Lisia! <wrt:wait,15><wrt:break><cha:face,백시우,3_난감><txt:color,grey>(Yeesh...Her terrifying serve just came to mind...)","あっ、リシアさんもここにいらっしゃったんですね！<wrt:wait,15><wrt:break><cha:face,백시우,3_난감><txt:color,grey>(うわっ、急にリシアさんの怖いサーブを思い出しちゃった...)","啊，莉西亚也在这里啊！<wrt:wait,15><wrt:break><cha:face,백시우,3_난감><txt:color,grey>(呜哇，突然想起莉西亚那恐怖的发球了...)","啊，莉西亞前輩也在這裡啊！<wrt:wait,15><wrt:break><cha:face,백시우,3_난감><txt:color,grey>(嗚哇，突然想起莉西亞前輩那恐怖的發球了...)","О, Лисиа, ты тоже здесь?!<wrt:wait,15><wrt:break><cha:face,백시우,3_난감><txt:color,grey>(Внезапно вспомнилась ее страшная подача...)","Oh, anda di sini juga, Lisia! <wrt:wait,15><wrt:break><cha:face,백시우,3_난감><txt:color,grey>(Wah... Servis menakutkannya baru terlintas di fikiran...)","Ồ, chị Lisia cũng ở đây à? <wrt:wait,15><wrt:break><cha:face,백시우,3_난감><txt:color,grey>(Ối, đột nhiên nhớ lại cú Phát Bóng đáng sợ của chị Lisia...)","¡Ah, también estás aquí, Liscia! <wrt:wait,15><wrt:break><cha:face,백시우,3_난감><txt:color,grey>(¡Uff, de repente me acuerdo de ese increíble servicio de Liscia...)","Eh, ternyata Lisia datang kesini juga! <wrt:wait,15><wrt:break><cha:face,백시우,3_난감><txt:color,grey>(Wah, tiba-tiba aku jadi ingat Serve menakutkan dari Lisia...)","อ้าว คุณลิเซียก็อยู่ที่นี่ด้วยเหรอครับ! <wrt:wait,15><wrt:break><cha:face,백시우,3_난감><txt:color,grey>(หวา จู่ๆ ก็นึกถึงการเสิร์ฟสุดสะพรึงของคุณลิเซียขึ้นมาเลยแฮะ...)","Ah, Liscia, não fazia ideia de que você estivesse aqui também! <wrt:wait,15><wrt:break><cha:face,백시우,3_난감><txt:color,grey>(Argh! O saque forte dela veio à minha mente do nada...)"
,,,리시아,,1_기본,,,"아아, 옛 인연과 함께 하는 콜로세움이라니, <cha:face,리시아,1_후후><txt:wave,1>낭만적인걸요! <cha:face,백시우,1_기본></txt:wave><wrt:wait,15><wrt:break>하지만... 알죠? 오랜만에 만났다고 봐주진 않을 거에요, 후훗!","Ahh, doing the Colosseum with an old friend, <cha:face,리시아,1_후후><txt:wave,1>how sentimental! <cha:face,백시우,1_기본></txt:wave><wrt:wait,15><wrt:break>But I hope you know it doesn’t mean I’ll go easy on ya! Hehe!","ああ...旧友と競い合うコロッセオだなんて、<cha:face,리시아,1_후후><txt:wave,1>ロマンチックですね！<cha:face,백시우,1_기본></txt:wave><wrt:wait,15><wrt:break>でも...わかりますよね？久しぶりに会ったからって手加減はしませんからね、ふふっ！","啊，和老朋友一起参加竞技场，<cha:face,리시아,1_후후><txt:wave,1>真是浪漫啊！<cha:face,백시우,1_기본></txt:wave><wrt:wait,15><wrt:break>不过...你应该明白吧？即使是老朋友，我也不会手下留情的，呵呵！","啊，和老朋友一起參加競技場，<cha:face,리시아,1_후후><txt:wave,1>真是浪漫啊！<cha:face,백시우,1_기본></txt:wave><wrt:wait,15><wrt:break>不過...你應該明白吧？即使是老朋友，我也不會手下留情的，呵呵！","Значит, мы сыграем в Колизее со старыми знакомыми? <cha:face,리시아,1_후후><txt:wave,1>Как романтично!<cha:face,백시우,1_기본></txt:wave><wrt:wait,15><wrt:break>Но ты же знаешь... Никаких поблажек, даже если мы давно не виделись!","Ahh, bermain di Colosseum dengan rakan lama, <cha:face,리시아,1_후후><txt:wave,1>betapa sentimental! <cha:face,백시우,1_기본></txt:wave><wrt:wait,15><wrt:break>Tetapi saya harap anda tahu ini tidak bermakna saya akan bertenang! Hehe!","À à, Đấu Trường cùng những người quen cũ, <cha:face,리시아,1_후후><txt:wave,1>thật lãng mạn phải không! <cha:face,백시우,1_기본></txt:wave><wrt:wait,15><wrt:break>Nhưng... Em biết đấy! Chị sẽ không nương tay chỉ vì đã lâu không gặp đâu, hehe!","Oh, reencontrarnos con viejos conocidos en el Coliseo, <cha:face,리시아,1_후후><txt:wave,1>¡qué romántico! <cha:face,백시우,1_기본></txt:wave><wrt:wait,15><wrt:break>...Pero no creas que me contendré por ser un reencuentro, ¡jeje!","Wahh, Colosseum yang ditemani oleh hubungan masa lalu, <cha:face,리시아,1_후후><txt:wave,1>Sangat romantis! <cha:face,백시우,1_기본></txt:wave><wrt:wait,15><wrt:break>Meski begitu... Anda tahu kan? Bahwa saya tidak akan bermain dengan santai hanya karena kita kenalan lama, huhu!","ว้าว โคลอสเซียมที่จะได้เจอกับคู่แข่งในอดีต <cha:face,리시아,1_후후><txt:wave,1>โรแมนติกจังเลยค่ะ! <cha:face,백시우,1_기본></txt:wave><wrt:wait,15><wrt:break>แต่ว่า... รู้ใช่ไหมคะ? ฉันจะไม่ออมมือให้แค่เพราะเราไม่ได้เจอกันนานหรอกนะคะ ฮิฮิ!","<cha:face,리시아,1_후후><txt:wave,1>Que vibe estar aqui com velhos amigos no Coliseu! <cha:face,백시우,1_기본></txt:wave><wrt:wait,15><wrt:break>Mas já sabem como sou, né? Não vou pegar leve só porque faz tempo que não nos vemos, hein!"
,,,리시아,,1_후후,wave,joy,"<sys:sfx,반짝_1>저도 이젠 <txt:bold,2>태양 배구단</txt:bold>의 일원이 된 이상, 선 리시버스 때와는 다르단 말이죠!","<sys:sfx,반짝_1>Now that I’m on the <txt:bold,2>Sun Volleyball Team</txt:bold>, it’s not gonna be like it was with the Sun Receivers!","<sys:sfx,반짝_1>私も<txt:bold,2>太陽バレー団</txt:bold>の一員となった以上、サンレシーバーズの時とは違うということですよ！","<sys:sfx,반짝_1>我现在已经是<txt:bold,2>太阳排球队</txt:bold>的一员了，和在承曦队时可不一样了哦！","<sys:sfx,반짝_1>既然我現在已經是<txt:bold,2>太陽排球隊</txt:bold>的一員了，和在承曦隊時可不一樣了喔！","<sys:sfx,반짝_1>Я вступила в <txt:bold,2>клуб «Тэян»</txt:bold>, так что теперь все совсем не так, как было в «Сан Рисиверс»!","<sys:sfx,반짝_1>Sekarang saya berada dalam <txt:bold,2>Sun Volleyball Team</txt:bold>, ia tidak akan menjadi seperti yang berlaku dengan Sun Receivers!","<sys:sfx,반짝_1>Giờ chị đã là thành viên của <txt:bold,2>Đội Bóng Chuyền Mặt Trời</txt:bold>, khác hẳn so với thời Sun Receivers rồi!","<sys:sfx,반짝_1>Bueno, ahora que también soy parte del <txt:bold,2>Equipo de Voleibol Solar</txt:bold>, ya no soy la misma que cuando jugaba en Sun Receivers.","<sys:sfx,반짝_1>Saat ini saya juga telah menjadi anggota <txt:bold,2>Solar Volleyball Team</txt:bold>, berbeda dengan saat saya masih di Sun Receiver dulu!","<sys:sfx,반짝_1>ในเมื่อตอนนี้ฉันคือสมาชิกของ<txt:bold,2>กลุ่มวอลเลย์บอลดวงตะวัน</txt:bold>แล้ว มันจะไม่เหมือนกับตอนซันรีซีฟเวอร์เลยล่ะค่ะ!","<sys:sfx,반짝_1>Agora que me juntei ao time <txt:bold,2>Clube de Vôlei Sol</txt:bold>, as coisas mudaram bastante desde os dias dos Sun Receivers!"
,,,아티스,2,1_기본,,,"<cha:pos,오아시스,0><cha:pos,리시아,1>이봐, 다들... <wrt:wait,15>어라, 익숙한 얼굴이군. <wrt:wait,15><wrt:break><txt:size,-2>그래서 이렇게 늑장을 부리고 있었나... ","<cha:pos,오아시스,0><cha:pos,리시아,1>Look here... <wrt:wait,15>A familiar face. <wrt:wait,15><wrt:break><txt:size,-2>No wonder you were dawdling...","<cha:pos,오아시스,0><cha:pos,리시아,1>おい、みんな...<wrt:wait,15>あれ、見覚えのある顔だな。<wrt:wait,15><wrt:break><txt:size,-2>だからこんなところで油を売ってたのか...","<cha:pos,오아시스,0><cha:pos,리시아,1>喂，各位...<wrt:wait,15>哦，是熟悉的面孔啊。<wrt:wait,15><wrt:break><txt:size,-2>难怪在这里磨蹭那么久...","<cha:pos,오아시스,0><cha:pos,리시아,1>喂，各位...<wrt:wait,15>哦，是熟悉的面孔啊。<wrt:wait,15><wrt:break><txt:size,-2>難怪在這裡磨蹭那麼久...","<cha:pos,오아시스,0><cha:pos,리시아,1>Ух ты! <wrt:wait,15>Сколько знакомых лиц! <wrt:wait,15><wrt:break><txt:size,-2>Я-то думаю, чего вы там медлите...","<cha:pos,오아시스,0><cha:pos,리시아,1>Lihat di sini... <wrt:wait,15>Wajah yang dikenali. <wrt:wait,15><wrt:break><txt:size,-2>Tidak hairanlah anda berlegar-legar...","<cha:pos,오아시스,0><cha:pos,리시아,1>Này, các cậu... <wrt:wait,15>Ồ, một khuôn mặt quen thuộc. <wrt:wait,15><wrt:break><txt:size,-2>Vì vậy mà các cậu chậm trễ thế này à...","<cha:pos,오아시스,0><cha:pos,리시아,1>Oigan, todos... <wrt:wait,15>¿Eh, una cara familiar? <wrt:wait,15><wrt:break><txt:size,-2>Así que estabas holgazaneando por aquí...","<cha:pos,오아시스,0><cha:pos,리시아,1>Oi, Semuanya... <wrt:wait,15>Eh, ada wajah yang tak asing. <wrt:wait,15><wrt:break><txt:size,-2>Jadi ini alasan kalian berlambat-lambat...","<cha:pos,오아시스,0><cha:pos,리시아,1>นี่ ทุกคน... <wrt:wait,15>อ้าว หน้าคุ้นๆ แฮะ <wrt:wait,15><wrt:break><txt:size,-2>ถึงได้ชักช้ากันอยู่แบบนี้สินะ...","<cha:pos,오아시스,0><cha:pos,리시아,1>Ei, pessoal... <wrt:wait,15>Ah, olha só quem tá aqui, um rosto que eu conheço. <wrt:wait,15><wrt:break><txt:size,-2>Então foi por isso que vocês estavam demorando..."
,,,아티스,,1_기본,,,"그만 가야 해, 모두들. 이젠 진짜 시작할 때야. <wrt:wait,15><wrt:break>그럼, 나중에 다시 보지, 시우.","We gotta go, everyone. It’s starting time. <wrt:wait,15><wrt:break>See you later, Siwoo.","もう行かなきゃだよ。今からが本番だから。<wrt:wait,15><wrt:break>じゃあ、後でまた会おう、新。","该走了，各位。比赛马上就要开始了。<wrt:wait,15><wrt:break>那么，回头见，时宇。","該走了，各位。比賽馬上就要開始了。<wrt:wait,15><wrt:break>那麼，待會見，時宇。","Скорее, пора начинать! <wrt:wait,15><wrt:break>Увидимся, Шиу!","Kita kena pergi, semua. Ia adalah masa untuk bermula. <wrt:wait,15><wrt:break>Jumpa nanti, Siwoo.","Mọi người, chúng ta phải đi thôi! Đã đến lúc bắt đầu rồi. <wrt:wait,15><wrt:break>Vậy hẹn gặp lại sau nhé, Siwoo.","Tenemos que irnos, todos. Ya es hora de empezar de verdad. <wrt:wait,15><wrt:break>En fin, nos vemos después, Siwoo.","Kita harus cepat pergi. Sekarang sudah waktunya mulai. <wrt:wait,15><wrt:break>Kalau begitu, sampai jumpa nanti, Siwoo.","ไปกันได้แล้วนะทุกคน จะได้เวลาเริ่มแล้ว <wrt:wait,15><wrt:break>ไว้เจอกันทีหลังนะ ชีอู","Hora de ir, pessoal. Está prestes a começar. <wrt:wait,15><wrt:break>Até logo, Siwoo."
,,,아티스,,1_웃음,,,...네 실력이 기대되는군.,...Can’t wait to see what you can do.,...君の実力が楽しみだ。,...我很期待你的表现。,...我很期待你的表現。,Жду не дождусь увидеть тебя в игре!,... Tidak sabar untuk melihat apa yang boleh anda lakukan.,... Tôi rất mong chờ vào tài năng của cậu đấy.,...Estoy esperando ver tu habilidad.,...Aku jadi tidak sabar untuk melihat kemampuanmu sekarang.,...ฉันตั้งตารอฝีมือของนายแล้วล่ะ,Estou ansioso para ver do que você é capaz!
SANGHYEON,경기 전,#,MAP,,,,,콜로세움,콜로세움,콜로세움,콜로세움,콜로세움,콜로세움,콜로세움,콜로세움,콜로세움,콜로세움,콜로세움,콜로세움
,,#,BGM,,,,,BGM_NEW_BEGINNING,BGM_NEW_BEGINNING,BGM_NEW_BEGINNING,BGM_NEW_BEGINNING,BGM_NEW_BEGINNING,BGM_NEW_BEGINNING,BGM_NEW_BEGINNING,BGM_NEW_BEGINNING,BGM_NEW_BEGINNING,BGM_NEW_BEGINNING,BGM_NEW_BEGINNING,BGM_NEW_BEGINNING
,,#,백시우,-2,1_무표정,,,,,,,,,,,,,,
,,#,상현,2,1_실눈,,,,,,,,,,,,,,
,,,상현,,1_미소,,,"음~ 익숙한 얼굴이네? 오랜만이야, 시우★","Hey, stranger! It’s been a while, Siwoo★",うん〜見覚えのある顔だね？久しぶり、新★,嗯～熟悉的面孔啊？好久不见了，时宇★,嗯～熟悉的面孔啊？好久不見了，時宇★,"Ох, это знакомое личико! Шиу ★!","Hmm, wajah yang dikenali! Lama tak jumpa, Siwoo★","Ừm~ Một khuôn mặt quen thuộc nhỉ? Lâu rồi không gặp, Siwoo★","Hmm, una cara familiar. Cuánto tiempo, Siwoo ★","Hmmm~ Wajah yang tidak asing? Lama tak jumpa, Siwoo★",อ้าว~ หน้าคุ้นๆ แฮะ? ไม่ได้เจอกันนานเลยนะ ชีอู★,"Hmm, um rosto familiar... Quanto tempo, Siwoo! ★"
,,,백시우,,1_무표정,nervous,silent,"<wrt:delay,5>... ... ...","<wrt:delay,5>... ... ...","<wrt:delay,5>.........","<wrt:delay,5>......","<wrt:delay,5>......","<wrt:delay,5>... ... ...","<wrt:delay,5>... ... ...","<wrt:delay,5>... ... ...","<wrt:delay,5>... ... ...","<wrt:delay,5>... ... ...","<wrt:delay,5>... ... ...","<wrt:delay,5>..."
,,,상현,,1_미소,,,"아하핫, 그렇게 노려보지마. <wrt:wait,15><wrt:break>눈에서 불 나오겠는걸!","Ahaha, don’t stare at me like that. <wrt:wait,15><wrt:break>It feels like you’re trying to shoot lasers out of your eyes!","あはは、そんなに睨まないでよ。<wrt:wait,15><wrt:break>目から火が出そうだよ！","啊哈哈，别这么瞪着我嘛。<wrt:wait,15><wrt:break>眼睛都快冒火了！","啊哈哈，別這麼瞪著我嘛。<wrt:wait,15><wrt:break>眼睛都快冒火了耶！","Ну не смотри на меня так! <wrt:wait,15><wrt:break>Еще чуть-чуть и искры полетят из глаз!","Ahaha, jangan tengok saya macam tu. <wrt:wait,15><wrt:break>Rasanya seperti anda cuba memancarkan laser daripada mata anda!","Haha, đừng nhìn anh như vậy chứ. <wrt:wait,15><wrt:break>Mắt em như muốn phát hỏa vậy!","Jaja, no me mires así. <wrt:wait,15><wrt:break>¡Vas a lanzar rayos por los ojos!","Hahaha, jangan melototiku seperti itu. <wrt:wait,15><wrt:break>Awas keluar laser dari matamu!","ฮ่าฮ่า อย่าจ้องกันแบบนั้นสิ <wrt:wait,15><wrt:break>ไฟแทบจะลุกออกมาจากตาแล้วมั้งนั่น!","Haha, não me olhe desse jeito. <wrt:wait,15><wrt:break>Seus olhos estão soltando faíscas!"
,,,상현,,1_실눈+,,,"그때 일은 정말 미안하다니까~? <wrt:wait,15><wrt:break>다 용서하고 지난 일인데 지금 와서 다시 화낼 건 아니지?","I said I’m really sorry about back then! <wrt:wait,15><wrt:break>I thought it was water under the bridge! You’re not still angry, are you?","あの時は本当にごめんって～。<wrt:wait,15><wrt:break>もう許してよ、過去のことなのに～！また怒るつもりじゃないよね？","那件事我真的很抱歉嘛～？<wrt:wait,15><wrt:break>不是都已经原谅我、翻篇了吗？总不会现在又生气吧？","那件事我真的很抱歉嘛～？<wrt:wait,15><wrt:break>你都原諒我了，事情也過去了，現在就別再生氣了吧？","Мне правда жаль за то, что произошло! <wrt:wait,15><wrt:break>Ты же не будешь злиться на это давно забытое недоразумение?","Saya dah kata saya benar-benar minta maaf tentang kejadian dulu! <wrt:wait,15><wrt:break>Bukankah semuanya dah dimaafkan dan berlalu? Takkan nak marah lagi sekarang?","Anh đã xin lỗi về chuyện lần trước rồi mà~! <wrt:wait,15><wrt:break>Mọi việc đều đã được tha thứ và cũng đã qua rồi, không cần phải giận dữ lúc này chứ?","De verdad lamento lo que pasó entonces. <wrt:wait,15><wrt:break>Ya me perdonaste y eso quedó en el pasado. No vas a enojarte otra vez ahora, ¿verdad?","Aku kan sudah minta maaf untuk kejadian waktu itu~! <wrt:wait,15><wrt:break>Dan kamu juga telah memaafkanku juga, jangan bilang kamu berniat untuk marah lagi sekarang?","เรื่องตอนนั้นฉันขอโทษจริงๆ~ <wrt:wait,15><wrt:break>นายเองก็ยกโทษให้จนเรื่องมันผ่านมาแล้ว คงไม่ได้จะมาโมโหเอาตอนนี้อีกหรอกนะ?","Peço desculpas por aquilo. <wrt:wait,15><wrt:break>Já passou e você já perdoou, não vai ficar bravo de novo agora, certo?"
,,,백시우,,1_무표정,pause,,"<wrt:delay,5>...그 일, 딱히 용서한 적도 없는데요.","<wrt:delay,5>I don’t remember forgiving you...","<wrt:delay,5>...あのときのこと、別に許した覚えはないんですけど。","<wrt:delay,5>...那件事，我可从来没说过原谅你。","<wrt:delay,5>...那件事，我可從來沒說過原諒你。","<wrt:delay,5>Что-то не помню, чтобы я забывал о нем...","<wrt:delay,5>Saya tidak ingat saya maafkan awak...","<wrt:delay,5>... Chuyện đó, em chưa từng tha thứ.","<wrt:delay,5>...No he perdonado eso en absoluto.","<wrt:delay,5>...Masalah itu, saya tidak pernah bilang bahwa saya memaafkan Anda.","<wrt:delay,5>...เรื่องนั้นน่ะ ผมไม่เคยยกโทษให้เลยนะครับ","<wrt:delay,5>Na verdade, ainda não consegui te perdoar por aquilo."
,,,상현,,1_기본+,,,"으음, 그래? <wrt:delay,5>그렇다면... </wrt:delay>이렇게나 좋은 자리에서는 화내지 않.기★ <wrt:wait,15><wrt:break>그 정도 눈치는 있지?","Oh, no? <wrt:delay,5>Well... </wrt:delay>I hope you can bottle it up while we’re here.★ <wrt:wait,15><wrt:break>You are not that insensitive, are you?","うーん、そうなの？<wrt:delay,5>だったら...</wrt:delay>こんなに素晴らしい場所ではお・こ・ら・な・い★<wrt:wait,15><wrt:break>そのくらいは空気読めるでしょ？","嗯，是吗？<wrt:delay,5>那么...</wrt:delay>在这么好的场合就不许摆臭.脸★<wrt:wait,15><wrt:break>明白了吧？","嗯，是喔？<wrt:delay,5>那麼...</wrt:delay>在這麼好的場合就別擺臭臉了.吧★<wrt:wait,15><wrt:break>你應該明白我的意思吧？","Да? <wrt:delay,5>Ну тогда...</wrt:delay>Пообещай не злиться на такие мелочи в таком прекрасном месте! ★ <wrt:wait,15><wrt:break>Ладно?","Oh, begitu? <wrt:delay,5>Kalau macam tu... </wrt:delay>jangan marah di tempat yang seronok begini★ <wrt:wait,15><wrt:break>Pandai-pandailah bawa diri, ya?","Ừm, vậy à? <wrt:delay,5>Nếu vậy thì... </wrt:delay>Ở một nơi tốt đẹp thế này thì đừng nên nổi giận nhé★ <wrt:wait,15><wrt:break>Em đủ tinh ý để hiểu điều đó chứ?","¿Oh, en serio? <wrt:delay,5>Entonces... </wrt:delay>No te enojes aquí★. <wrt:wait,15><wrt:break>Tienes un poco de tacto, ¿verdad?","Hmm, begitu? <wrt:delay,5>Kalau begitu... </wrt:delay>kamu tidak akan marah di tempat yang bagus seperti ini kan★ <wrt:wait,15><wrt:break>Kamu tidak sebodoh itu kan?","อืม งั้นเหรอ? <wrt:delay,5>ถ้างั้น... </wrt:delay>ก็อย่าโมโหในโอกาสดีๆ แบบนี้เลยเนอะ★ <wrt:wait,15><wrt:break>นายก็น่าจะพอมีเซนส์บ้างใช่ไหมล่ะ?","Hmm... Sério mesmo? <wrt:delay,5>Então... </wrt:delay>Promete que não vai mais ficar bravo em um lugar tão agradável como este? ★ <wrt:wait,15><wrt:break>Você sabe do que eu tô falando, né?"
,,,백시우,,1_무표정,pause,,"<wrt:delay,5>... ... ... </wrt:delay>이번에도 방송인지 뭔지를 위해 참여하신 건가요?","<wrt:delay,5>... ... ... </wrt:delay>Are you doing this because of your stream, again?","<wrt:delay,5>.........</wrt:delay>今回もライブか何かのために参加されたんですか？","<wrt:delay,5>......</wrt:delay>这次又是为了什么节目来参加的？","<wrt:delay,5>......</wrt:delay>這次又是為了什麼節目來參加的？","<wrt:delay,5>... ... ... </wrt:delay>Ты опять здесь из-за какой-то программы?","<wrt:delay,5>... ... ... </wrt:delay>Adakah anda melakukan ini kerana stream anda, sekali lagi?","<wrt:delay,5>... ... ... </wrt:delay>Lần này anh cũng đến đây vì phát sóng hay gì đó à?","<wrt:delay,5>... </wrt:delay>¿Esta vez también participas por alguna transmisión?","<wrt:delay,5>... ... ... </wrt:delay>Apakah kali ini juga Anda datang demi menyiarkan apapun itu namanya?","<wrt:delay,5>... ... ... </wrt:delay>ครั้งนี้คุณก็เข้าร่วม เพื่อการออกอากาศอะไรนั่นอีกเหรอครับ?","<wrt:delay,5>... </wrt:delay>Você está aqui por causa de alguma live ou algo do tipo?"
,,,상현,,2_기본+,,,"음음, 나한테만 말투가 너무 차가운 거 아냐? <wrt:wait,15><wrt:break>슬프네... 나도 조금은 따뜻하게 대해주면 좋을텐데~","Don’t you think you’re being a little too cold with me? <wrt:wait,15><wrt:break>Breaks my heart... Can’t you just be a little nicer?","う～ん、ボクに対してだけ態度が冷たすぎないかな？<wrt:wait,15><wrt:break>悲しいな...ボクのことももう少し温かく接してくれたらいいのに〜","嗯嗯，你对我的态度是不是太冷淡了点？<wrt:wait,15><wrt:break>真伤心啊...要是你能对我稍微温柔一点就好了呢～","嗯嗯，你對我的態度是不是太冷淡了點？<wrt:wait,15><wrt:break>真傷心啊...要是你能對我稍微溫柔一點就好了呢～","Что за холодный тон! <wrt:wait,15><wrt:break>Как грустно... Было бы так здорово, если бы ты обращался со мной теплее!","Adakah anda tidak fikir anda terlalu dingin dengan saya? <wrt:wait,15><wrt:break>Menyakitkan hati saya... Tidak bolehkah anda jadi lebih baik sedikit?","Ừm ừm, sao giọng điệu của em với anh lạnh nhạt quá vậy? <wrt:wait,15><wrt:break>Buồn quá... Ít ra cũng nên đối xử với anh ấm áp hơn một chút chứ~","Hmm, ¿soy yo o tu tono es demasiado frío? <wrt:wait,15><wrt:break>Qué triste... Sería bueno si fueras un poco más amigable conmigo.","Hmm, tidakkah kamu berbicara terlalu dingin hanya kepadaku? <wrt:wait,15><wrt:break>Aku jadi sedih... Aku berharap kamu bisa sedikit lebih ramah padaku~","อืม นายพูดจาเย็นชาแต่กับฉันเกินไปไหมเนี่ย? <wrt:wait,15><wrt:break>เสียใจจัง... ฉันก็อยากให้นายใจดีด้วยนิดหน่อยก็ยังดีนะ~","Hmm, acho que você tá sendo um pouco frio comigo. <wrt:wait,15><wrt:break>Que triste... Eu gostaria que você fosse um pouco mais gentil comigo."
,,,상현,,2_실눈,,,"이래봬도 나, 꽤나 맘이 여리단 말이야~","I may not look it, but I have a pretty sensitive heart, you know.",こう見えてもボク、心は結構繊細なんだよ〜,你看，我可是个心灵脆弱的人呢～,你看，我可是個很敏感的人呢～,У меня такая нежная душа!,"Saya mungkin tak nampak begitu, tapi saya ini agak sensitif, tahu.",Dù trông vậy nhưng anh cũng khá nhạy cảm đấy~,"Aunque no lo parezca, soy bastante sensible, ¿sabes?","Begini-gini juga, hatiku lemah lembut di dalam~",เห็นแบบนี้แต่ฉันก็เป็นคนใจบางมากเลยล่ะ~,"Não pareço, mas tenho um coração mole, sabia?"
,,,백시우,,1_무표정,,angry,"<wrt:delay,5><txt:color,grey>(윽... 진심으로 기분 나빠...)</wrt:delay></txt:color> <wrt:wait,15><wrt:break>...또 방송 때문인거면, 전부 필요 없으니 여기서 끝내드리죠.","<wrt:delay,5><txt:color,grey>(Ugh... he’s the worst...)</wrt:delay></txt:color> <wrt:wait,15><wrt:break>...If it’s ‘cause of the stream, then let’s just end it here.","<wrt:delay,5><txt:color,grey>(くっ...本当に不愉快だ...)</wrt:delay></txt:color><wrt:wait,15><wrt:break>...またライブのためなら、全部必要ないのでここで終わりにしましょう。","<wrt:delay,5><txt:color,grey>(呃...真的很不爽...)</wrt:delay></txt:color><wrt:wait,15><wrt:break>...如果又是为了节目的话，那些花样就免了，我就在这里击败你。","<wrt:delay,5><txt:color,grey>(呃...真的很不爽...)</wrt:delay></txt:color><wrt:wait,15><wrt:break>...如果又是為了節目，那些花樣就免了，我就在這裡打敗你。","<wrt:delay,5><txt:color,grey>(Ох, как же раздражает...)</wrt:delay></txt:color> <wrt:wait,15><wrt:break>Если ты снова с предложением о съемках, то ничего такого мне не надо. На этом и закончим.","<wrt:delay,5><txt:color,grey>(Ugh... dia yang paling teruk...)</wrt:delay></txt:color> <wrt:wait,15><wrt:break> ... Jika ia adalah 'sebab stream, mari kita tamatkan di sini.","<wrt:delay,5><txt:color,grey>(Hức... Thực sự thấy bực mình quá...)</wrt:delay></txt:color> <wrt:wait,15><wrt:break>...Nếu lại vì chuyện phát sóng thì chẳng cần nói thêm, em sẽ đánh bại anh ngay tại đây.","<wrt:delay,5><txt:color,grey>(Ugh... qué desagradable es...)</wrt:delay></txt:color><wrt:wait,15><wrt:break>...Si otra vez es por una transmisión, no me interesa. Acabaré contigo aquí mismo.","<wrt:delay,5><txt:color,grey>(Urghh... dia benar-benar membuatku kesal...)</wrt:delay></txt:color> <wrt:wait,15><wrt:break>...Kalau ini demi siaran lagi, saya tidak peduli. Saya akan mengalahkan Anda di sini.","<wrt:delay,5><txt:color,grey>(อึก... อารมณ์เสียของแท้...)</wrt:delay></txt:color> <wrt:wait,15><wrt:break>...ถ้ามาเพราะการออกอากาศอีก ก็ไม่จำเป็นเลยครับ ให้มันจบกันตรงนี้เถอะครับ","<wrt:delay,5><txt:color,grey>(Urgh... Esse cara acabou com o meu dia...)</wrt:delay></txt:color> <wrt:wait,15><wrt:break>Se você está aqui por causa de alguma transmissão, vou acabar logo com isso."
,,,상현,,2_미소,,,"아하하, 방송 걱정인 거니? <wrt:wait,15><wrt:break>걱정 마, 이번엔 네 스타성 때문에 여기 온 건 아니거든.","Ahaha, you worried about the stream? <wrt:wait,15><wrt:break>Don’t. I didn’t come here for you.","あはは、ライブのことを心配してるの？<wrt:wait,15><wrt:break>心配しないで、今回は君のスター性のためにここに来たわけじゃないから。","啊哈哈，你是在担心节目的事吗？<wrt:wait,15><wrt:break>别担心，这次我可不是为了你的明星效应才来的。","啊哈哈，你是在擔心節目的事嗎？<wrt:wait,15><wrt:break>別擔心，這次我可不是為了你的明星效應才來的。","Ха-ха, беспокоишься за передачи? <wrt:wait,15><wrt:break>Не переживай, на этот раз я не из-за звездной жизни здесь.","Ahaha, anda bimbang tentang stream? <wrt:wait,15><wrt:break>Jangan. Saya tidak akan datang ke sini kerana anda.","Haha, em lo lắng về việc phát sóng à? <wrt:wait,15><wrt:break>Đừng lo, lần này anh không đến đây vì tiềm năng ngôi sao của em đâu.","Jaja, ¿preocupado por la transmisión? <wrt:wait,15><wrt:break>No te preocupes, esta vez no vine por tu estrellato.","Hahaha, apa kamu khawatir tentang siaran? <wrt:wait,15><wrt:break>Tenang saja, kali ini aku kesini bukan karenamu atau bakatmu sebagai Star.","อะฮ่าฮ่า นายกังวลเรื่องการออกอากาศเหรอ? <wrt:wait,15><wrt:break>ไม่ต้องกังวลนะ ครั้งนี้ฉันไม่ได้มาที่นี่เพราะความเป็นสตาร์ของนายหรอก","Haha, tá preocupado com a transmissão? <wrt:wait,15><wrt:break>Mas não se preocupe, desta vez não tô aqui pela sua fama."
,,,상현,,2_기본+,,,나도 널 쫓아다닐 정도로 한가하기만 한 사람은 아니라구?,"I'm not someone who has so much free time that I can just chase you around, you know?",ボクだって、君を追いかけ回すほど暇じゃないんだよ？,我也不是那么闲，不可能一直跟着你跑来跑去嘛？,我也不是那麼閒，能一直跟著你跑來跑去的人啊？,"И у меня не настолько много свободного времени, чтобы ходить за тобой!","Saya bukan seseorang yang ada banyak masa terluang sehingga saya hanya boleh mengejar awak, tahu?",Anh cũng không rảnh rỗi đến mức phải đuổi theo em đâu!,"No soy alguien que tenga tanto tiempo libre como para seguirte a todas partes, ¿sabes?",Aku bukanlah orang kurang kerjaan sampai-sampai mengejarmu kesini!,ฉันก็ไม่ใช่คนว่างงานถึงขนาดมาตามติดนายสักหน่อย,Não tenho tanto tempo livre pra ficar te seguindo.
,,,상현,,2_기본,,,"후훗, 그보단 그냥 이전에 조금 신세 졌던 사람이 여기 있어서. <wrt:wait,15><wrt:break>...그러니 이곳에서 질 수는 없어.","Heh, someone who helped me in the past is here. <wrt:wait,15><wrt:break>...I can’t lose here.","ふふっ、それより、ただ少し前にお世話になった人がここにいるからね。<wrt:wait,15><wrt:break>...だからここで負けるわけにはいかないんだ。","呵呵，与其说是那个，不如说是之前欠了人情，来还债的。<wrt:wait,15><wrt:break>...所以我在这里可不能输。","呵呵，只是以前幫過我一點忙的人剛好在這裡。<wrt:wait,15><wrt:break>...所以我在這裡可不能輸。","Есть человек, перед которым я в долгу.<wrt:wait,15><wrt:break>Так что я не могу снова проиграть.","Heh, seseorang yang pernah membantu saya ada di sini. <wrt:wait,15><wrt:break>...Jadi saya tidak boleh kalah di sini.","Hehe, quan trọng hơn là anh có hơi nợ ơn một người ở đây. <wrt:wait,15><wrt:break>... Nên anh không thể thua được.","Jeje, en realidad, aquí hay alguien a quien le debo un favor de hace tiempo. <wrt:wait,15><wrt:break>...Así que no puedo perder aquí.","Huhu, daripada itu aku berutang kepada suatu orang sebelumnya dan saat ini dia ada disini. <wrt:wait,15><wrt:break>...Oleh sebab itu disini aku tidak bisa kalah.","หึหึ พอดีว่ามีคนที่ฉันเคยติดหนี้บุญคุณนิดหน่อยอยู่ที่นี่น่ะ <wrt:wait,15><wrt:break>...ดังนั้น ฉันจะแพ้ที่นี่ไม่ได้เด็ดขาด","Hehe, na verdade, tô aqui porque tem alguém aqui que me ajudou no passado. <wrt:wait,15><wrt:break>Por isso, não posso perder aqui."
,,,상현,,1_실눈+,,,"알겠지? 시우, 오늘은 얌전히 내 <txt:wave,1>ROYAL WAY</txt:wave>에서 비키도록 해★","Got it? You’d best get off my <txt:wave,1>ROYAL WAY</txt:wave>, yeah?★","わかった？新、今日は大人しくボクの<txt:wave,1>ROYAL WAY</txt:wave>から退いてもらうからね★","明白了吗？时宇，今天你就乖乖地从我的<txt:wave,1>ROYAL WAY</txt:wave>上让开吧★","知道了嗎時宇，今天就乖乖的從我<txt:wave,1>ROYAL WAY</txt:wave>上讓開吧★","Понимаешь, Шиу? Так что сегодня не перекрывай мне мой <txt:wave,1>КОРОЛЕВСКИЙ ПУТЬ</txt:wave> ★!","Faham? Sebaiknya anda keluar dari <txt:wave,1>ROYAL WAY</txt:wave> saya, ya?★","Hiểu chứ? Siwoo, hôm nay hãy ngoan ngoãn tránh khỏi <txt:wave,1>CON ĐƯỜNG HOÀNG GIA</txt:wave> của anh nhé★","¿Entiendes? Siwoo, hoy apártate tranquilamente de mi <txt:wave,1>ROYAL WAY</txt:wave>.★","Apa kamu mengerti? Siwoo, hari ini menyingkirlah dengan baik dari <txt:wave,1>ROYAL WAY</txt:wave>-ku★","เข้าใจรึเปล่า? ชีอู วันนี้นายจงหลีกทางให้ <txt:wave,1>ROYAL WAY</txt:wave> ของฉันแต่โดยดีซะเถอะ★","Entendeu, Siwoo? Então, saia do meu <txt:wave,1>CAMINHO REAL</txt:wave>! ★"
NISHIKAWA,경기 전,#,MAP,,,,,콜로세움,콜로세움,콜로세움,콜로세움,콜로세움,콜로세움,콜로세움,콜로세움,콜로세움,콜로세움,콜로세움,콜로세움
,,#,BGM,,,,,BGM_NEW_BEGINNING,BGM_NEW_BEGINNING,BGM_NEW_BEGINNING,BGM_NEW_BEGINNING,BGM_NEW_BEGINNING,BGM_NEW_BEGINNING,BGM_NEW_BEGINNING,BGM_NEW_BEGINNING,BGM_NEW_BEGINNING,BGM_NEW_BEGINNING,BGM_NEW_BEGINNING,BGM_NEW_BEGINNING
,,#,백시우,-2,1_기본,,,,,,,,,,,,,,
,,#,니시카와,2,1_기본,,,,,,,,,,,,,,
,,,니시카와,,1_기본,,,시우! 역시 발리볼 콜로세움에 참여했구나!,Siwoo! I knew you’d be at the Volleyball Colosseum!,新！やっぱりバレーボールコロッセオに参加してたんだな！,时宇！你果然参加排球竞技场了啊！,時宇！果然你也來參加排球競技場了啊！,"Шиу, все-таки ты участвуешь в Волейбольном Колизее!",Siwoo! Saya tahu anda akan berada di Colosseum Bola Tampar!,Siwoo! Quả nhiên em đã tham gia Đấu Trường Bóng Chuyền!,¡Siwoo! ¡Sabía que participarías en el Coliseo de Voleibol!,Siwoo! Ternyata kamu memang berpartisipasi dalam Volleyball Colosseum!,ชีอู! นายเข้าร่วมวอลเลย์บอลโคลอสเซียมด้วยสินะ!,Siwoo! Você também está aqui no Coliseu do Vôlei!
,,,백시우,,1_웃음,,exclam,니시카와 씨! 여기서 뵈니 반갑네요!,Nishikawa! Great to see you here!,西川さん！ここでお会いできて嬉しいです！,西川前辈！在这里见到您真高兴！,西川前輩！很高興能在這遇到你！,Нисикава! Рад встрече!,Nishikawa! Gembira melihat anda di sini!,Anh Nishikawa! Gặp anh ở đây thật vui quá!,¡Nishikawa! ¡Qué gusto verte aquí!,Nishikawa! Senang bertemu dengan Anda disini!,คุณนิชิกาวะ! ดีใจจังครับที่ได้มาเจอกันที่นี่!,"Nishikawa, que prazer te encontrar aqui!"
,,,니시카와,,1_기본,,,"<txt:size,2>하하핫! 오랜만이야!!! </txt:size><wrt:wait,15><wrt:break>안 그래도 네가 만났으면 하는 사람이 있어서 연락을 넣어둔 참이었는데!","<txt:size,2>Hahaha! It’s been a while, huh? </txt:size><wrt:wait,15><wrt:break>And I’d just reached out! There’s someone I’d like you to meet!","<txt:size,2>はははっ！久しぶりだね！</txt:size><wrt:wait,15><wrt:break>ちょうど君に会ってほしい人がいて連絡をしたところだったんだ！","<txt:size,2>哈哈哈！好久不见了！！！</txt:size><wrt:wait,15><wrt:break>正好我也想让你见一个人，所以刚刚联系了一下！","<txt:size,2>哈哈哈！真是好久不見！</txt:size><wrt:wait,15><wrt:break>我正想安排你和一個人見面，已經事先約好了！","<txt:size,2>Ха-ха-ха, Давно не виделись!!! </txt:size><wrt:wait,15><wrt:break>Я как раз пригласил игрока, с которым тебе стоит встретиться!","<txt:size,2>Hahaha! Sudah agak lama, ya? </txt:size><wrt:wait,15><wrt:break>Dan saya baru hendak menghubungi anda! Ada seseorang yang saya ingin anda temui!","<txt:size,2>Haha! Lâu rồi không gặp!!! </txt:size><wrt:wait,15><wrt:break>Vừa hay có người anh muốn cho em gặp nên anh đã liên hệ trước rồi!","<txt:size,2>¡Jaja, ha pasado mucho tiempo!!! </txt:size><wrt:wait,15><wrt:break>Acababa de ponerme en contacto con alguien a quien quería que conocieras.","<txt:size,2>Hahaha! Lama tak jumpa!!! </txt:size><wrt:wait,15><wrt:break>Kebetulan aku ingin mempertemukanmu dengan suatu orang dan telah menghubunginya juga!","<txt:size,2>ฮ่าฮ่าฮ่า! ไม่ได้เจอกันนานเลยนะ!!! </txt:size><wrt:wait,15><wrt:break>ฉันมีคนที่อยากให้นายเจอ ก็เลยติดต่อไปไว้แล้วอยู่พอดี!","<txt:size,2>Hahaha! Há quanto tempo! </txt:size><wrt:wait,15><wrt:break>Na verdade, deixei um recado pra você, porque tem alguém que eu queria te apresentar!"
,,,백시우,,1_엥,,,"앗, 정말요? 그게 누군지 궁금해지는 걸요!",Really? Who? You can’t not tell me now!,あっ、本当ですか？誰なのか気になりますね！,啊，真的吗？我很好奇是谁呢！,啊，真的嗎？會是誰呢！,"Правда? Не терпится узнать, кто это!",Betul ke? Saya jadi tertanya-tanya siapa orangnya!,"Ồ, thật sao? Em tò mò là ai quá!",¡Oh! ¿En serio? ¡Ahora me da curiosidad saber quién es!,"Eh, Apa itu benar? Saya jadi penasaran!",โอ๊ะ จริงเหรอครับ? อยากรู้แล้วสิครับว่าใคร!,Sério? Estou bastante curioso para saber quem é!
,,,니시카와,,1_씨익,,,"엄청난 세터지! <wrt:wait,15><wrt:break>세계적으로 유명한 스파이커들은 모두 그의 토스에 신세를 졌거든.","He’s a crazy good setter! <wrt:wait,15><wrt:break>Spikers all around the world are indebted to his sets!","すごいセッターなんだ！<wrt:wait,15><wrt:break>世界的に有名なスパイカーたちは皆、彼のトスにお世話になっているんだ。","他是个了不起的二传手！<wrt:wait,15><wrt:break>世界知名的主攻手们都受过他托球的恩惠。","他是個了不起的二傳手！<wrt:wait,15><wrt:break>世界知名的主攻手們都受過他托球的恩惠。","Отличный связующий! <wrt:wait,15><wrt:break>Знал бы ты, сколько в мире известных нападающих в долгу перед его пасами!","Dia pengumpan yang hebat! <wrt:wait,15><wrt:break>Perejam terkenal di seluruh dunia pernah mendapat manfaat daripada umpanannya!","Đó là một Chuyền Hai tuyệt vời! <wrt:wait,15><wrt:break>Tất cả những Tay Đập nổi tiếng trên thế giới đều từng nhờ cậy vào đường chuyền của người này.","¡Es un colocador increíble! <wrt:wait,15><wrt:break>Todos los rematadores de fama mundial se han beneficiado de sus colocaciones.","Dia adalah Setter yang luar biasa! <wrt:wait,15><wrt:break>Semua Spiker kelas dunia telah berutang budi kepada Toss dari dia.","เป็นตัวเซ็ตที่สุดยอดเลยล่ะ! <wrt:wait,15><wrt:break>พวกตัวตบชื่อดังระดับโลกต่างก็ติดหนี้บุญคุณการเซ็ตของเขาทั้งนั้น","Um levantador incrível! <wrt:wait,15><wrt:break>Muitos atacantes famosos no mundo inteiro têm muito a agradecer aos seus levantamentos."
,,,백시우,,2_놀람,,silent,"<wrt:delay,5>... ... ... 아, 설마...","<wrt:delay,5>... ... ... Wait, it’s not...?","<wrt:delay,5>.........あ、まさか...","<wrt:delay,5>......啊，难道...","<wrt:delay,5>......啊，難道...","<wrt:delay,5>... ... ...Ох... Неужели...","<wrt:delay,5>... ... ... Tunggu, bukan...?","<wrt:delay,5>... ... ... Ồ, chẳng lẽ...","<wrt:delay,5>... Oh, no puede ser...","<wrt:delay,5>... ... ... Ahh, jangan bilang...","<wrt:delay,5>... ... ... เอ่อ อย่าบอกนะว่า...","<wrt:delay,5>Ah, não me diga..."
,,,니시카와,,1_기본,,,"음! 들어봤을지 모르겠네! <wrt:wait,15><wrt:break>현재는 NN이라는 이름으로 활동하는 선수야!!!","You may have heard of him! <wrt:wait,15><wrt:break>He’s active under the moniker NN these days!","うん！聞いたことがあるかもしれないね！<wrt:wait,15><wrt:break>現在はNNという名前で活動している選手だよ！","嗯！你可能听说过！<wrt:wait,15><wrt:break>现在用NN这个名字活跃的选手！！！","嗯！你搞不好已經知道他了！<wrt:wait,15><wrt:break>現在用NN這個名字活躍於排球界的選手！！","Не знаю, слышал ли ты о нем.<wrt:wait,15><wrt:break>Сейчас он продвигается под именем Эн Эн.","Mungkin anda pernah dengar namanya! <wrt:wait,15><wrt:break>Dia aktif di bawah nama NN hari ini!","Ừm! Em có thể đã nghe qua! <wrt:wait,15><wrt:break>Đó là một cầu thủ hiện đang hoạt động dưới cái tên Vô Danh!!!","Hum ¡Sí, tal vez hayas oído hablar de él! <wrt:wait,15><wrt:break>¡Actualmente está activo bajo el nombre de NN!!!","Hmm! Aku tidak tahu apa kamu pernah mendengarnya! <wrt:wait,15><wrt:break>Saat ini atlet itu sedang aktif dengan panggilan NN!!!","อื้ม! ไม่รู้ว่านายจะเคยได้ยินรึเปล่านะ! <wrt:wait,15><wrt:break>ตอนนี้เขาเป็นนักกีฬาที่ใช้ชื่อว่า NN น่ะ!!!","Hmm! Talvez você conheça ele pelo nome! <wrt:wait,15><wrt:break>Ele está atualmente jogando como NN!"
,,,니시카와,,1_기본,,,"하하핫!!! 나도 첫 국제 경기를 나갔을 땐... <wrt:wait,15><wrt:break>그 분께 된통 혼났을 정도거든!!!","Hahah!!! Man, when I had my first international match... <wrt:wait,15><wrt:break>he burned me so hard!","はははっ！俺も初めての国際試合に出た時は...<wrt:wait,15><wrt:break>あの方にこっぴどく叱られたくらいだからね！","哈哈哈！！！我第一次参加国际比赛的时候...<wrt:wait,15><wrt:break>可是被他狠狠教训了一顿呢！！！","哈哈哈！！！我第一次參加國際比賽的時候...<wrt:wait,15><wrt:break>可是被他狠狠教訓了一頓呢！！！","Ха-ха-ха! Я когда-то на своем первом международном соревновании... <wrt:wait,15><wrt:break>Сильно получил от него!","Hahah!!! apabila saya ada perlawanan antarabangsa pertama saya... <wrt:wait,15><wrt:break>dia pernah memarahi saya habis-habisan!","Haha!!! Ngay cả khi anh tham gia trận đấu quốc tế đầu tiên... <wrt:wait,15><wrt:break>Anh cũng bị ông ấy mắng té tát!!!","¡Jajaja!!! Cuando fui a mi primer partido internacional... <wrt:wait,15><wrt:break>¡Esa vez recibí una lección muy severa de él!","Hahaha!!! Pada saat pertandingan internasional pertamaku aku juga... <wrt:wait,15><wrt:break>telah dimarahi habis-habisan olehnya!!!","ฮ่าฮ่าฮ่า!!! ตอนที่ฉันไปแข่งระดับนานาชาติครั้งแรก... <wrt:wait,15><wrt:break>ก็โดนเขาสั่งสอนเสียอ่วมเลยล่ะ!!!","Hahaha! Quando joguei meu primeiro jogo internacional... <wrt:wait,15><wrt:break>Levei uma baita bronca dele!"
,,,백시우,,3_난감,nervous,,"그, 초코 우유를 들고 다니시던, <wrt:wait,15><wrt:break><wrt:delay,5>... ... ... 좀... </wrt:delay>독특하신 그 분인 거죠...?","Was he the one with the chocolate milk? <wrt:wait,15><wrt:break><wrt:delay,5>The, uh... </wrt:delay>special guy?","あの、チョコミルクを持ち歩いてた、<wrt:wait,15><wrt:break><wrt:delay,5>.........ちょっと...</wrt:delay>変わった方のことですよね...？","就是那个，总是拿着巧克力牛奶，<wrt:wait,15><wrt:break><wrt:delay,5>......有点...</wrt:delay>独特的那位吗...？","就是那個，總是拿著巧克力牛奶，<wrt:wait,15><wrt:break><wrt:delay,5>......有點...</wrt:delay>獨特的那位嗎...？","Это тот... Человек с шоколадным молоком...?<wrt:wait,15><wrt:break><wrt:delay,5>... ... ... Такой... </wrt:delay>Неординарный...?","Adakah dia yang membawa susu coklat itu? <wrt:wait,15><wrt:break><wrt:delay,5>Lelaki istimewa itu, eh... </wrt:delay>?","Đó là người luôn cầm theo sữa sô cô la, <wrt:wait,15><wrt:break><wrt:delay,5>... ... ... và có hơi... </wrt:delay>đặc biệt phải không ạ...?","¿Te refieres al señor que llevaba leche con chocolate, <wrt:wait,15><wrt:break><wrt:delay,5>... ... ... hmm... </wrt:delay>ese tan... peculiar?","Orang itu membawa susu coklat kemana-mana, <wrt:wait,15><wrt:break><wrt:delay,5>... ... ... Agak... </wrt:delay>unik, apa itu orang yang Anda maksud...?","เอ่อ คนนั้นที่ถือนมช็อกโกแลต.. <wrt:wait,15><wrt:break><wrt:delay,5>... ... ... ที่ออกจะ... </wrt:delay>มีเอกลักษณ์หน่อยใช่ไหมครับ...?","Aquele que sempre carregava leite sabor chocolate... <wrt:wait,15><wrt:break><wrt:delay,5>... </wrt:delay>Ele é bem singular, não é?"
,,,니시카와,,1_미소,nervous,sweat,"<wrt:delay,5>...응, 독특하긴 하지...","<wrt:delay,5>...Special is one way to put it...","<wrt:delay,5>...うん、変わってはいるね...","<wrt:delay,5>...嗯，确实挺独特的...","<wrt:delay,5>...嗯，確實挺獨特的...","<wrt:delay,5>...Ага! Очень неординарный!","<wrt:delay,5>...Istimewa adalah salah satu cara untuk menyatakannya...","<wrt:delay,5>...Ừ, cũng hơi đặc biệt thật...","<wrt:delay,5>..Sí, un poco...","<wrt:delay,5>...Iya, memang agak unik...","<wrt:delay,5>...อื้ม ก็มีเอกลักษณ์อยู่ล่ะนะ...","<wrt:delay,5>Sim... ele é um pouco estranho..."
,,,니시카와,,1_기본,nervous,,"<txt:size,-2>하하핫, 예전엔 이 정도는 아니였는데... </txt:size><wrt:wait,15><wrt:break>은퇴하니까 더 심해진 것 같기도!","<txt:size,-2>Hahaha, he wasn’t always like that... </txt:size><wrt:wait,15><wrt:break>I think it got worse after he retired.","<txt:size,-2>はははっ、昔はここまでじゃなかったんだけど...</txt:size><wrt:wait,15><wrt:break>引退したらもっとひどくなったみたいだね！","<txt:size,-2>哈哈哈，以前倒是没这么严重...</txt:size><wrt:wait,15><wrt:break>退役后好像变得更夸张了！","<txt:size,-2>哈哈哈，以前倒是沒這麼誇張...</txt:size><wrt:wait,15><wrt:break>退役後好像變得更誇張了！","<txt:size,-2>Ха-ха-ха, раньше он таким не был... </txt:size><wrt:wait,15><wrt:break>Но после завершения карьеры стало еще хуже!","<txt:size,-2>Hahaha, dia tidak selalu begitu... </txt:size><wrt:wait,15><wrt:break>Saya rasa lebih teruk selepas dia bersara.","<txt:size,-2>Haha, trước đây không đến mức này đâu... </txt:size><wrt:wait,15><wrt:break>Có vẻ sau khi giải nghệ thì càng trở nên nghiêm trọng hơn!","<txt:size,-2>Jajaja, no era así de peculiar antes... </txt:size><wrt:wait,15><wrt:break>Parece que se intensificó desde su retiro.","<txt:size,-2>Hahaha, padahal dulunya tidak sampai begini... </txt:size><wrt:wait,15><wrt:break>Sepertinya semakin parah setelah dia pensiun!","<txt:size,-2>ฮ่าฮ่าฮ่า เมื่อก่อนเขาไม่ถึงกับขนาดนี้นะ... </txt:size><wrt:wait,15><wrt:break>แต่เหมือนจะหนักขึ้นหลังจากวางมือน่ะ!","<txt:size,-2>Hahaha, ele não era tão estranho no passado... </txt:size><wrt:wait,15><wrt:break>Parece que se tornou pior depois de se aposentar!"
,,,니시카와,,2_씨익,pause,,"<wrt:delay,5>아무튼... </wrt:delay>시우,","<wrt:delay,5>Anyway... </wrt:delay>Siwoo.","<wrt:delay,5>とにかく...</wrt:delay>新、","<wrt:delay,5>总之...</wrt:delay>时宇，","<wrt:delay,5>總之...</wrt:delay>時宇，","<wrt:delay,5>Ну...</wrt:delay> В любом случае, Шиу!","<wrt:delay,5>Bagaimanapun... </wrt:delay>Siwoo.","<wrt:delay,5>Dù sao thì... </wrt:delay>Siwoo,","<wrt:delay,5>En fin... </wrt:delay>Siwoo,","<wrt:delay,5>Pokoknya... </wrt:delay>Siwoo,","<wrt:delay,5>ยังไงก็เถอะ... </wrt:delay>ชีอู","<wrt:delay,5>De qualquer forma... </wrt:delay>Siwoo..."
,,,니시카와,,2_씨익,pause,,그때 이야기했던 것은 기억하고 있니?,You remember what we talked about before?,あの時話したことは覚えているかい？,你还记得我们之前谈过的事吗？,你還記得我們之前談過的事嗎？,Помнишь мои слова раньше?,Anda ingat apa yang kita bincangkan sebelum ini?,Em còn nhớ những gì anh đã nói lúc đó chứ?,¿Recuerdas lo que hablamos entonces?,Apa kamu masih ingat apa yang kita bicarakan sebelumnya?,จำที่เคยคุยกันตอนนั้นได้รึเปล่า?,"Você não se esqueceu da nossa última conversa, né?"
,,,백시우,,1_무표정,pause,exclam,"<wrt:delay,5>...네.","<wrt:delay,5>...Yeah.","<wrt:delay,5>...はい。","<wrt:delay,5>...嗯。","<wrt:delay,5>...嗯。","<wrt:delay,5>Да...","<wrt:delay,5>...Ya.","<wrt:delay,5>... Vâng.","<wrt:delay,5>...Sí.","<wrt:delay,5>...Iya.","<wrt:delay,5>...ครับ","<wrt:delay,5>Não esqueci, não."
,,,니시카와,,2_미소,,,"좋아, 그건 천천히 생각해도 좋아. <wrt:wait,15><wrt:break>아직 시간이 있으니 말이야.","Good, just give it some more thought. <wrt:wait,15><wrt:break>There’s still time.","そのことについては、考えるのに時間がかかっても問題ないよ。<wrt:wait,15><wrt:break>まだ時間があるからね。","很好，你可以慢慢考虑。<wrt:wait,15><wrt:break>我们还有时间。","很好，你可以慢慢考慮。<wrt:wait,15><wrt:break>我們還有時間。","Отлично, не спеша обдумай все. <wrt:wait,15><wrt:break>Еще есть время.","Baik, fikirkan lagi. <wrt:wait,15><wrt:break>Masih ada masa.","Tốt, em có thể suy nghĩ từ từ về điều đó. <wrt:wait,15><wrt:break>Vì vẫn còn thời gian mà.","Está bien, tómate tu tiempo para pensarlo. <wrt:wait,15><wrt:break>Todavía tenemos tiempo.","Bagus, pikirkan dengan pelan-pelan. <wrt:wait,15><wrt:break>Karena masih ada waktu.","ดีมาก เรื่องนั้นค่อยๆ คิดก็ได้แหละ <wrt:wait,15><wrt:break>เพราะยังมีเวลาอยู่","Ótimo, pode pensar com calma sobre isso. <wrt:wait,15><wrt:break>Ainda temos muito tempo."
,,,니시카와,,2_미소,,,"네가 원하는 배구, 진심을 다해 즐기는 배구... <wrt:wait,15><wrt:break>그걸 할 수 있을 거야. 분명, 가능할테니까.","The kind of volleyball that you want, that you can enjoy with all your heart... <wrt:wait,15><wrt:break>It’s gonna happen. I know it.","君のやりたいバレー、心から楽しむバレー...<wrt:wait,15><wrt:break>それはできるはずだよ。きっと、できるはずだから。","你想要的排球，全心全意享受的排球...<wrt:wait,15><wrt:break>你一定能做到的。我相信你一定能找到答案。","你追求的排球，全心全意享受的排球...<wrt:wait,15><wrt:break>你一定能做到的。我相信你一定能找到答案。","Волейбол, в который ты хочешь играть всем сердцем... <wrt:wait,15><wrt:break>Я уверен, что все получится!","Jenis bola tampar yang anda inginkan, yang boleh anda nikmati dengan sepenuh hati... <wrt:wait,15><wrt:break>Ia akan berlaku. Saya tahu.","Bóng chuyền mà em mong muốn, bóng chuyền mà em toàn tâm toàn ý tận hưởng... <wrt:wait,15><wrt:break>Em sẽ có thể làm được điều đó. Chắc chắn em sẽ làm được.","El voleibol que realmente quieres jugar, el voleibol que disfrutas con todo tu corazón... <wrt:wait,15><wrt:break>Puedes hacerlo. Estoy seguro de que es posible.","Bola voli yang kamu inginkan, menikmati pertandingan dengan seluruh kemampuan... <wrt:wait,15><wrt:break>Kamu dapat melakukannya. Aku jamin.","วอลเลย์บอลที่นายต้องการ, วอลเลย์บอลที่สนุกสนานจากการทุ่มเทอย่างจริงจัง... <wrt:wait,15><wrt:break>นายจะได้เล่นแบบนั้นเลยล่ะ มันจะเป็นไปได้แน่นอน","Você vai poder jogar vôlei do jeito que ama, com todo o coração... <wrt:wait,15><wrt:break>Tenho certeza de que é possível. Acredite nisso."
,,,니시카와,,2_씨익,,joy,"<wrt:delay,5>자, 그럼... </wrt:delay>오늘은 오늘의 진심을 다해볼까!","<wrt:delay,5>Right, well... </wrt:delay>Let’s give it our all today!","<wrt:delay,5>さあ、それじゃあ...</wrt:delay>今日は今日で本気を出していこう！","<wrt:delay,5>那么...</wrt:delay>今天就让我们全力以赴吧！","<wrt:delay,5>那麼...</wrt:delay>今天就讓我們全力以赴吧！","<wrt:delay,5>А пока... </wrt:delay>Выложимся на полную ради текущего момента!","<wrt:delay,5>Betul, baiklah... </wrt:delay>Mari berikan segalanya hari ini!","<wrt:delay,5>Nào, vậy thì... </wrt:delay>Hôm nay chúng ta hãy cống hiến hết mình nhé!","<wrt:delay,5>Bueno, entonces... </wrt:delay>¡Hoy vamos a darlo todo!","<wrt:delay,5>Kalau begitu... </wrt:delay>Mari kita bersungguh-sungguh pada hari ini untuk hari ini!","<wrt:delay,5>เอาล่ะ ถ้างั้น... </wrt:delay>วันนี้ก็มาทุ่มเทอย่างจริงจังกันดีกว่า!","<wrt:delay,5>Então, vamos lá... </wrt:delay>Vamos dar o nosso melhor hoje!"
ALLSTAR,경기 전,#,MAP,,,,,콜로세움,콜로세움,콜로세움,콜로세움,콜로세움,콜로세움,콜로세움,콜로세움,콜로세움,콜로세움,콜로세움,콜로세움
,,#,BGM,,,,,BGM_NEW_BEGINNING,BGM_NEW_BEGINNING,BGM_NEW_BEGINNING,BGM_NEW_BEGINNING,BGM_NEW_BEGINNING,BGM_NEW_BEGINNING,BGM_NEW_BEGINNING,BGM_NEW_BEGINNING,BGM_NEW_BEGINNING,BGM_NEW_BEGINNING,BGM_NEW_BEGINNING,BGM_NEW_BEGINNING
,,#,백시우,-2,1_기본,,,,,,,,,,,,,,
,,#,한설화,2,1_기본,,,,,,,,,,,,,,
,,#,김희성,4,,,,,,,,,,,,,,,
,,#,이영섭,4,,,,,,,,,,,,,,,
,,,한설화,,1_기본,,,"어라, 시우 씨. 반가운 얼굴이네요.","Oh hey, Siwoo. Nice to see you.",あれ、新さん。懐かしい顔ですね。,哎呀，时宇。真是好久不见了。,哎呀～時宇同學，又見面了。,"О, Шиу! Рад встрече!","Oh hei, Siwoo. Gembira jumpa awak.","Ồ, Siwoo. Lâu rồi không gặp nhỉ.","¡Vaya, Siwoo! ¡Qué gusto verte!","Aduh, Siwoo. Saya senang melihat Anda.",อ้าว คุณชีอู ดีใจที่ได้เจอนะครับ,"Ah, Siwoo! Que bom te ver aqui."
,,,백시우,,2_놀람,,,"아, 설화 씨! 거기에다가...",Seolhwa! And you’re not alone.,あ、圭さん！そして...,啊，瑟华前辈！还有...,啊，瑟華同學！還有...,"О, Сольхва! И...",Seolhwa! Dan anda tidak bersendirian.,"A, anh Seolhwa! Và còn...","¡Ah, Seolhwa! Además de eso...","Oh, Seol Hwa! Dan juga...",โอ๊ะ คุณซอลฮวา! แล้วก็...,"Oh, Seolhwa! E..."
,,,김희성,,1_기본,,,"<cha:pos,한설화,0><cha:pos,김희성,1><cha:pos,이영섭,2><txt:size,2>백시우 선배!!! 우왓, 엄청 오랜만이네요!!! </txt:size><wrt:wait,15><wrt:break>여기서 뵈니 정말 반가운걸요!","<cha:pos,한설화,0><cha:pos,김희성,1><cha:pos,이영섭,2><txt:size,2>Siwoo!!! Wow, it’s been so long! </txt:size><wrt:wait,15><wrt:break>How great to see you here!","<cha:pos,한설화,0><cha:pos,김희성,1><cha:pos,이영섭,2><txt:size,2>白井先輩！うわぁ、すごく久しぶりですね！</txt:size><wrt:wait,15><wrt:break>ここでお会いできるなんて本当に嬉しいです！","<cha:pos,한설화,0><cha:pos,김희성,1><cha:pos,이영섭,2><txt:size,2>白时宇前辈！！！哇，真的好久不见了！！！</txt:size><wrt:wait,15><wrt:break>在这里见到您真是太高兴了！","<cha:pos,한설화,0><cha:pos,김희성,1><cha:pos,이영섭,2><txt:size,2>白時宇前輩！哇真的好久不見！！</txt:size><wrt:wait,15><wrt:break>居然能在這遇到你，真是太高興了！","<cha:pos,한설화,0><cha:pos,김희성,1><cha:pos,이영섭,2><txt:size,2>Бэк Шиу!!! Как же мы давно не виделись!!! </txt:size><wrt:wait,15><wrt:break>Здорово, что мы встретились здесь!","<cha:pos,한설화,0><cha:pos,김희성,1><cha:pos,이영섭,2><txt:size,2>Siwoo!!! Wah, dah lama sangat! </txt:size><wrt:wait,15><wrt:break>Gembiranya melihat anda di sini!","<cha:pos,한설화,0><cha:pos,김희성,1><cha:pos,이영섭,2><txt:size,2>Anh Siwoo!!! Wow, lâu quá rồi nhỉ!!! </txt:size><wrt:wait,15><wrt:break>Thật vui khi được gặp anh ở đây!","<cha:pos,한설화,0><cha:pos,김희성,1><cha:pos,이영섭,2><txt:size,2>¡Siwoo! ¡Uou, ha pasado mucho tiempo!!! </txt:size><wrt:wait,15><wrt:break>¡Es genial verte aquí!","<cha:pos,한설화,0><cha:pos,김희성,1><cha:pos,이영섭,2><txt:size,2>Senior Siwoo Baek!!! Wahh, lama sekali kita tak berjumpa!!! </txt:size><wrt:wait,15><wrt:break>Saya sangat senang dapat bertemu dengan Anda disini!","<cha:pos,한설화,0><cha:pos,김희성,1><cha:pos,이영섭,2><txt:size,2>รุ่นพี่แบคชีอู!!! โห ไม่ได้เจอกันนานมากเลยนะครับ!!! </txt:size><wrt:wait,15><wrt:break>ดีใจจังเลยครับที่ได้มาเจอกันที่นี่!","<cha:pos,한설화,0><cha:pos,김희성,1><cha:pos,이영섭,2><txt:size,2>Siwoo Baek! Quanto tempo! </txt:size><wrt:wait,15><wrt:break>É tão bom te ver aqui!"
,,,이영섭,,1_기본,,,오랜만이군.,It’s been a while.,久しぶりだな。,好久不见了。,好久不見了。,Привет!,Lama tak jumpa.,Lâu rồi không gặp.,Cuánto tiempo.,Lama tidak jumpa.,ไม่ได้เจอกันนานเลยนะ,"Realmente, faz um bom tempo..."
,,,백시우,,1_웃음,,,"<wrt:delay,5>이거... </wrt:delay>최고의 선수들이 한데 모여 있네요! <wrt:wait,15><wrt:break>세상에나, 어쩌다 셋이 만나게 된 건가요?","<wrt:delay,5>Man, it’s like... </wrt:delay>the best players all in one spot! <wrt:wait,15><wrt:break>How did you three run into one another?","<wrt:delay,5>これは...</wrt:delay>トップ選手たちが一か所に集まりましたね！<wrt:wait,15><wrt:break>わ～どうやってこんなタイミングよく集まったんですか？","<wrt:delay,5>这真是...</wrt:delay>顶级选手齐聚一堂啊！<wrt:wait,15><wrt:break>天哪，你们三个是怎么凑到一起的？","<wrt:delay,5>這真是...</wrt:delay>頂級選手齊聚一堂啊！<wrt:wait,15><wrt:break>天啊，你們三個是怎麼湊到一起的？","<wrt:delay,5>Ух ты... </wrt:delay>Все лучшие игроки собрались в одном месте! <wrt:wait,15><wrt:break>Как так вышло?","<wrt:delay,5>Man, ia seperti... </wrt:delay>pemain terbaik semuanya dalam satu tempat! <wrt:wait,15><wrt:break>Bagaimana anda bertiga terserempak?","<wrt:delay,5>Thật là... </wrt:delay>Những cầu thủ xuất sắc nhất đều tụ họp ở đây rồi! <wrt:wait,15><wrt:break>Trời ơi, sao ba người lại gặp nhau ở đây vậy?","<wrt:delay,5>Vaya... </wrt:delay>Es genial ver a todos los mejores jugadores aquí reunidos. <wrt:wait,15><wrt:break>¿Cómo acabaron ustedes tres en el mismo equipo?","<wrt:delay,5>Ini... </wrt:delay>Semua atlet terbaik telah berkumpul di satu tempat! <wrt:wait,15><wrt:break>Astaga, bagaimana bisa kalian bertiga bertemu?","<wrt:delay,5>นี่มัน... </wrt:delay>เป็นการรวมตัวของสุดยอดนักกีฬาเลยนะครับเนี่ย! <wrt:wait,15><wrt:break>พระเจ้าช่วย พวกคุณสามคนมาเจอกันได้ยังไงครับ?","<wrt:delay,5>Meu Deus! </wrt:delay>Os melhores jogadores todos aqui. <wrt:wait,15><wrt:break>Mas como vocês se conheceram?"
,,,김희성,,1_기본,,,"아, 작년 최고의 포지션들을 모아서 여기 나갈 기회가 주어졌거든요! <wrt:wait,15><wrt:break>물론 저는 최고의 미들 블로커 대타긴 하지만... 아하핫!","Oh, the best players in each position from last year were given the chance to play here! <wrt:wait,15><wrt:break>‘Course, I’m just a substitute for the best middle blocker, but... Haha!","あー、去年の各ポジションの最優秀選手を集めてここに出場する機会が与えられたんですよ！<wrt:wait,15><wrt:break>もちろん僕は最高のミドルブロッカーの代役ですけど...あはは！","啊，是集合了去年各个位置最强的选手，给了我们参加这里的机会！<wrt:wait,15><wrt:break>虽然我只是最强副攻手的替补...啊哈哈！","啊，去年各位置最出色的選手都被召集來參加這場比賽了！<wrt:wait,15><wrt:break>雖然我只是最強中間手的替補...啊哈哈！","После получения звания лучших в прошлом году, у нас появилась возможность поучаствовать в Колизее!<wrt:wait,15><wrt:break>Я, конечно, всего лишь заменяю лучшего центрального блокирующего, но... Ха-ха-ха!","Oh, pemain terbaik dalam setiap kedudukan dari tahun lepas diberi peluang untuk bermain di sini! <wrt:wait,15><wrt:break>Sudah tentu, saya hanya pengganti kepada penghadang tengah terbaik, tetapi... Haha!","À, bọn em được cho cơ hội tham gia ở đây với tư cách là những người xuất sắc nhất ở các vị trí năm ngoái! <wrt:wait,15><wrt:break>Dĩ nhiên, em chỉ là người thay thế cho Phụ Công Xuất Sắc Nhất thôi... Haha!","¡Ah, nos dieron la oportunidad de participar reuniendo a los mejores de cada posición del año pasado! <wrt:wait,15><wrt:break>Aunque yo vengo en lugar del mejor bloqueador central... ¡jaja!","Oh, Atlet yang memperoleh nominasi sebagai posisi terbaik pada tahun lalu dijadikan menjadi satu tim dan diberikan kesempatan untuk partisipasi dalam kompetisi ini! <wrt:wait,15><wrt:break>Tentu saja meski saya datang hanya pengganti dari Middle Blocker terbaik... Hahaha!","อ๋อ ผมได้รับโอกาสให้มาแข่งที่นี่ จากการรวบรวมตำแหน่งที่เป็นสุดยอดของปีก่อนน่ะครับ! <wrt:wait,15><wrt:break>ถึงผมจะเป็นแค่ตัวแทนของสุดยอดตัวบล็อกกลางก็เถอะ... ฮ่าฮ่า!","Reuniram os melhores jogadores de cada posição do ano passado e nos deram a chance de participar do Coliseu! <wrt:wait,15><wrt:break>Claro que eu sou só o substituto do melhor central... Haha!"
,,,,,,,,"그런만큼 너무 신나기도 해요! 글쎄, 설화 선배의 토스가 얼마나 예술인지 아세요? <wrt:wait,15><wrt:break>정말 단 한번도 빠짐없이 제 눈 앞으로 오는 거 있죠?","I’m super pumped about it, though! Did you know Seolhwa’s sets are a masterpiece?! <wrt:wait,15><wrt:break>Right before my eyes, every single time.","そんな感じで本当に興奮しているんです！それはさておき、氷川先輩のトスがどれほど芸術的か知っていますか？<wrt:wait,15><wrt:break>必ず僕の目の前に来るんですよ！","所以我特别兴奋！你知道瑟华前辈的托球有多神奇吗？<wrt:wait,15><wrt:break>真的是一次都不落空，总能准确传到我眼前！","所以我特別興奮！你知道瑟華前輩的托球有多神奇嗎？<wrt:wait,15><wrt:break>真的是一次都不落空，總能準確傳到我眼前！","Это так захватывающе! Ты знаешь, пасы Сольхва можно назвать искусством!<wrt:wait,15><wrt:break>Каждый раз мяч просто прилетает прямо к тебе!","Saya sangat teruja mengenainya, walaupun! Adakah anda tahu set Seolhwa adalah karya agung?! <wrt:wait,15><wrt:break>Tepat di hadapan mata saya, setiap masa.","Vì thế nên em rất phấn khích! Anh có biết đường chuyền của anh Seolhwa đẹp như thế nào không? <wrt:wait,15><wrt:break>Thực sự là không bao giờ sai lệch khỏi tầm với của em luôn!","¡Por eso estoy tan emocionado! ¿Sabes lo increíbles que son las colocaciones de Seolhwa? <wrt:wait,15><wrt:break>El balón siempre cae perfectamente delante de mis ojos.","Hal itu juga membuat saya semakin gembira! Apakah Anda tahu seberapa indahnya Toss dari senior Seol Hwa! <wrt:wait,15><wrt:break>Bolanya selalu datang tepat pas di depan mata saya!","แต่ก็ตื่นเต้นมากเลยล่ะครับ! คุณรู้รึเปล่าครับว่าการเซ็ตของรุ่นพี่ซอลฮวาน่ะ เหมือนกับศิลปะมากแค่ไหน? <wrt:wait,15><wrt:break>ลูกบอลลอยมาด้านหน้าผมทุกครั้งแบบไม่เคยพลาดเลยครับ","Por isso estou tão animado! Você já reparou o quão preciso é o levantamento do Seolhwa? <wrt:wait,15><wrt:break>Sempre chega até mim, sem errar uma única vez!"
,,,,,,,,"영섭 선배는 또 어떻구요! 점프가 정말 무지막지하게 높아요! <wrt:wait,15><wrt:break>한번 올라가면 언제 내려올지 목 빠져라 기다려야 한다니까요? 그리고 또...","And don’t get me started on Yongsup! He jumps like he’s got wings! <wrt:wait,15><wrt:break>I feel like I actually have to wait for him to come back down. And then there’s—","佐藤先輩もまたすごくて！ジャンプの高さがとてつもなく高いんです！<wrt:wait,15><wrt:break>一回ジャンプすると首が痛くなるほど待たなければならないんですよ？あと...","而且还有英燮前辈！他的跳跃力简直惊人啊！<wrt:wait,15><wrt:break>一跳起来，就要仰着脖子才能看到他什么时候落地！还有...","還有英燮前輩！他的跳躍力簡直驚人！<wrt:wait,15><wrt:break>一跳起來，就要仰著脖子才能看到他什麼時候落地！還有...","А у Ёнсоба просто потрясающие прыжки!<wrt:wait,15><wrt:break>Нужно ждать несколько секунд, пока он опустится на землю после прыжка! А еще...","Belum lagi Yongsup! Lompatannya memang tinggi luar biasa! <wrt:wait,15><wrt:break>Sekali dia melompat, lama betul kena tunggu dia mendarat semula! Dan lagi...","Còn anh Yeongseob nữa chứ! Cú nhảy của anh ấy cao khủng khiếp! <wrt:wait,15><wrt:break>Mỗi lần anh ấy bật lên là phải ngóng mỏi cả cổ mới thấy hạ xuống! Và còn...","¡Y Youngsup! ¡Su salto es realmente impresionante! <wrt:wait,15><wrt:break>¡Una vez que sube, nunca sabes cuándo va a bajar! Y además...","Dan juga ada senior Young Sup! Jump-nya sangat luar biasa tinggi! <wrt:wait,15><wrt:break>Apa Anda tahu setiap dia melompat dia tidak turun-turun sampai-sampai leher saya menjadi sakit melihat ke atas terus! Dan juga...","แล้วรุ่นพี่ยองซอบนะครับ! กระโดดได้สูงลิบลิ่วเลย! <wrt:wait,15><wrt:break>ถ้ากระโดดขึ้นไปครั้งหนึ่ง ผมต้องรอจนเหงือกแห้งเลยครับว่าจะกลับลงมาตอนไหน แถมยัง...","E o Youngsup! Seu salto é impressionantemente alto! <wrt:wait,15><wrt:break>Depois que ele pula, você tem que esperar muito até ele voltar ao chão! E também..."
,,,한설화,,1_기본,,,그만.,Stop.,ストップ。,够了。,夠了。,Хватит уже.,Berhenti.,Đủ rồi.,Basta.,Cukup.,พอได้แล้วน่า,Chega.
,,,,,1_미소,,,"아무튼, 그래도 내로라하는 셋이 모인 팀입니다. <wrt:wait,15><wrt:break>이전과는 또 다르게 강력할 거라 경고드리죠.","In any case, our team brings together three top players. <wrt:wait,15><wrt:break>Be warned: we’re even stronger together than we were before.","とにかく、それでも一流の三人が集まったチームです。<wrt:wait,15><wrt:break>以前とはまた違った形で強力なチームになるだろうと警告しておきますよ。","总之，我们可是集结了顶尖选手的队伍。<wrt:wait,15><wrt:break>我得警告你，我们的实力可能比以前更加强大。","總之，我們可是集結了頂尖選手的隊伍。<wrt:wait,15><wrt:break>我得警告你，我們的實力可能比以前更加強大。","Вот уж троица известных личностей собралась.<wrt:wait,15><wrt:break>И предупреждаю, что мы сильнее, чем раньше.","Apa-apa pun, pasukan ini menghimpunkan tiga pemain ternama. <wrt:wait,15><wrt:break>Saya beri amaran, kami akan lebih kuat daripada sebelumnya.","Dù sao thì đây cũng là một đội gồm ba người xuất sắc nhất. <wrt:wait,15><wrt:break>Tôi cảnh báo trước, chúng tôi sẽ mạnh hơn rất nhiều so với trước đây.","En fin, somos un equipo formado por tres jugadores de primer nivel. <wrt:wait,15><wrt:break>Te advierto que juntos somos fuertes de una forma distinta a la que conocías.","Pokoknya, kami bertiga telah berkumpul untuk mewakili. <wrt:wait,15><wrt:break>Saya peringatkan bahwa kami sangatlah kuat berbeda dengan sebelumnya.","แต่ถึงยังไงก็เป็นทีมที่รวมตัวชั้นนำไว้ถึงสามคนเลยครับ <wrt:wait,15><wrt:break>ผมขอเตือนไว้ก่อนเลยนะครับ ว่าพวกเราแข็งแกร่งไม่เหมือนกับเมื่อก่อนแน่นอน","Enfim, somos um trio de jogadores de renome. <wrt:wait,15><wrt:break>Já aviso que será mais poderoso do que antes."
,,,이영섭,,1_기본,,," ...하지만, 너도 어딘가 달라진 게 분명 느껴져. <wrt:wait,15><wrt:break>음. 오늘 경기, 기대되는군.","But you also seem different than before. <wrt:wait,15><wrt:break>Hm. I’m looking forward to our match.","...でも、君も何か変わったのが確実に感じられる。<wrt:wait,15><wrt:break>うん。今日の試合、楽しみだ。","...不过，我感觉你也有些变化。<wrt:wait,15><wrt:break>嗯。今天的比赛，我很期待。","...不過，我感覺你也有些變化。<wrt:wait,15><wrt:break>嗯。今天的比賽，我很期待。","Но... Чувствую, что в тебе тоже есть какие-то изменения. <wrt:wait,15><wrt:break>Жду не дождусь сегодняшней игры.","Tetapi anda juga kelihatan berbeza daripada sebelumnya. <wrt:wait,15><wrt:break>Hm. Saya menantikan perlawanan kami.","...Nhưng, tôi cũng cảm nhận được sự thay đổi nào đó từ cậu. <wrt:wait,15><wrt:break>Ừm... Trận đấu hôm nay, tôi thực sự mong đợi đấy.","...Aunque siento que algo ha cambiado en ti. <wrt:wait,15><wrt:break>Bien. Espero con ansias el juego de hoy.","...Akan tetapi, meski aku tidak tahu secara pasti namun kamu juga terlihat berbeda dari dulu. <wrt:wait,15><wrt:break>Hmm. Pertandingan hari ini, aku menantikannya.","...แต่ฉันก็รู้สึกได้ว่านายมีบางอย่างไม่เหมือนเดิมนะ <wrt:wait,15><wrt:break>อืม ชักจะตั้งตารอการแข่งวันนี้แล้วสิ","Mas sinto que você também mudou. <wrt:wait,15><wrt:break>Hmm... Estou empolgado para o jogo de hoje."
,,,김희성,,1_기본,,,"저도, 저도요! 저희도 나름 많이 친해지기도 하고 합도 많이 맞추었거든요!!!",Same here! We’ve gotten a lot closer and have this great synergy now!!!,僕も、僕もです！僕たちもそれなりに仲良くなったし、息も合わせてきましたから！,我也是，我也是！我们也算是互相熟悉了，配合也很默契了！！！,我也是、我也是！我們也算是熟識了，配合上也很默契！！,Я тоже! Я тоже! Мы уже так подружились и сработались!,Sama di sini! Kami semakin rapat dan mempunyai sinergi hebat ini sekarang!!!,"Em cũng vậy, em cũng vậy! Dù sao chúng em cũng đã trở nên thân thiết hơn và ăn ý với nhau rồi!!!",¡Yo también! ¡Nos hemos vuelto bastante cercanos y nos hemos adaptado mucho el uno al otro!!!,"Saya, saya juga! Kita bertiga telah menjadi cukup dekat dan mempunyai chemistry yang baik juga!!!",ผมด้วยครับ! พวกผมเองก็สนิทกันมากขึ้น แถมยังเข้าขากันได้ดีขึ้นเยอะเลย!!!,"Eu também, eu também! Nós nos aproximamos muito e treinamos bastante o trabalho em equipe!"
,,,김희성,,1_웃음,wave,joy,"그쵸, 형들? 저희, 이번 콜로세움 잘 해보자구요! <wrt:wait,15><wrt:break><txt:size,2>자, 다같이 화이팅 해봐요 형들!!!","Isn’t that right, guys? We’re gonna show this Colosseum what’s what! <wrt:wait,15><wrt:break><txt:size,2>Yeah, hands in, everybody!!!","そうですよね、先輩？僕たち、今回のコロッセオ頑張りましょうよ！<wrt:wait,15><wrt:break><txt:size,2>さあ、みんなでファイトしましょう、先輩！","对吧，前辈们？我们一起在这个竞技场好好表现吧！<wrt:wait,15><wrt:break><txt:size,2>来，大家一起加油吧，前辈们！！！","對吧，前輩們？我們一起在這個競技場好好表現吧！<wrt:wait,15><wrt:break><txt:size,2>來，大家一起加油吧！","Да, ребята? Давайте выложимся на все сто на соревнованиях Колизея!<wrt:wait,15><wrt:break><txt:size,2>Давайте все вместе!!!","Betul tak, abang-abang? Mari kita buat yang terbaik di Colosseum kali ini! <wrt:wait,15><wrt:break><txt:size,2>Ayuh, kita beri sorakan semangat bersama-sama!!!","Phải không các anh? Chúng ta sẽ làm tốt ở Đấu Trường này! <wrt:wait,15><wrt:break><txt:size,2>Nào, cùng hô to 'Cố lên' nào các anh!!!","¡Así es, ¿no, chicos?! ¡Vamos a hacerlo bien en este Coliseo! <wrt:wait,15><wrt:break><txt:size,2>¡Vamos, todos, a luchar juntos!!!","Benar kan kakak-kakak? Ayo kita lakukan yang terbaik pada Colosseum kali ini! <wrt:wait,15><wrt:break><txt:size,2>Mari kita berseru semangat bersama kakak-kakak!!!","ใช่ไหมครับ พี่ๆ? พวกเรามาทำให้ดีในโคลอสเซียมกันเถอะครับ! <wrt:wait,15><wrt:break><txt:size,2>เอาล่ะ พี่ๆ มาสู้ๆ ด้วยกันนะครับ!!!","Não é verdade, pessoal? Vamos mostrar o nosso melhor neste Coliseu! <wrt:wait,15><wrt:break><txt:size,2>Vamos lá, pessoal, com tudo!"
,,,,,,,,"영섭 선배의 불꽃 스파이크와 설화 선배의 거미줄 토스!!! <wrt:wait,15><wrt:break>그리고 거기에다 저의 철벽 블로킹을 합하면...","With Yongsup’s fiery spikes and Seolhwa’s spider web-like sets!!! <wrt:wait,15><wrt:break>Mix that in with my iron-wall blocks-","佐藤先輩の「炎のスパイク」と、氷川先輩の「クモの巣トス」！<wrt:wait,15><wrt:break>そしてそこに僕の鉄壁ブロックを合わせれば...","英燮前辈的烈焰扣球和瑟华前辈的蛛网托球！！！<wrt:wait,15><wrt:break>再加上我的铁壁拦网，我们就是...","英燮前輩的烈焰扣球和瑟華前輩的蛛網托球！<wrt:wait,15><wrt:break>再加上我的鐵壁攔網，我們就是...","Пламенный удар Ёнсоба, легендарный пас Сольхва!!! <wrt:wait,15><wrt:break>И еще и мой непробиваемый блок...","Rejaman berapi Yongsup dan umpanan jaring labah-labah Seolhwa!!! <wrt:wait,15><wrt:break>Ditambah pula dengan hadangan saya yang sekuat tembok besi...","Cú Đập Bóng Rực Lửa của anh Yeongseob và đường chuyền như mạng nhện của anh Seolhwa!!! <wrt:wait,15><wrt:break>Cộng thêm khả năng Chắn Bóng như bức tường thép của em...","¡Si combinamos los remates de fuego de Youngsup y las colocaciones de telaraña de Seolhwa <wrt:wait,15><wrt:break>con mi bloqueo impenetrable...!","Flame Spike dari senior Young Sup dan juga Spider Toss dari senior Seol Hwa!!! <wrt:wait,15><wrt:break>Jika itu ditambah dengan Iron Wall Blocking dari saya maka...","การตบที่ลุกเป็นไฟของรุ่นพี่ยองซอบ และการเซ็ตเสมือนกับดักของรุ่นพี่ซอลฮวา!!! <wrt:wait,15><wrt:break>แค่นั้นยังไม่พอ ถ้าผสานการบล็อกอันแน่นหนาของผมเข้าไปด้วยล่ะก็...","A poderosa cortada de chamas do Youngsup e os levantamentos de teia de aranha do Seolhwa! <wrt:wait,15><wrt:break>E ainda o meu bloqueio impenetrável..."
,,,이영섭,,1_기본,pause,,그만.,Stop.,ストップ。,够了。,夠了。,Хватит уже.,Berhenti.,Đủ rồi.,Basta.,Cukup.,พอได้แล้วน่า,Chega.
,,,김희성,,2_딴청,nervous,sweat,넵.,‘Kay.,はい。,是。,是。,Ладно...,‘Kay.,Vâng.,¡Sí!,Baik.,ครับ,Okay.
LEON,경기 전,#,MAP,,,,,콜로세움,콜로세움,콜로세움,콜로세움,콜로세움,콜로세움,콜로세움,콜로세움,콜로세움,콜로세움,콜로세움,콜로세움
,,#,BGM,,,,,BGM_NEW_BEGINNING,BGM_NEW_BEGINNING,BGM_NEW_BEGINNING,BGM_NEW_BEGINNING,BGM_NEW_BEGINNING,BGM_NEW_BEGINNING,BGM_NEW_BEGINNING,BGM_NEW_BEGINNING,BGM_NEW_BEGINNING,BGM_NEW_BEGINNING,BGM_NEW_BEGINNING,BGM_NEW_BEGINNING
,,#,백시우,-2,1_기본,,,,,,,,,,,,,,
,,#,레온,2,1_기본,,,,,,,,,,,,,,
,,,레온,,1_기본,,,"처음 보는 얼굴이네요. <wrt:wait,15><wrt:break>콜로세움엔 첫 참여인 건가요?","You’re a new face. <wrt:wait,15><wrt:break>Is this your first time at the Colosseum?","初めましてですかね？<wrt:wait,15><wrt:break>コロッセオは初参加ですか？","陌生的面孔呢。<wrt:wait,15><wrt:break>你是第一次参加竞技场比赛吗？","這是張生面孔啊。<wrt:wait,15><wrt:break>是第一次參加競技場嗎？","Хм, незнакомое лицо. <wrt:wait,15><wrt:break>Ты первый раз в Колизее?","Anda muka baru. <wrt:wait,15><wrt:break>Adakah ini kali pertama anda ke Colosseum?","Một khuôn mặt mới tinh! <wrt:wait,15><wrt:break>Đây là lần đầu tiên cậu tham gia Đấu Trường phải không?","Es una cara nueva por aquí. <wrt:wait,15><wrt:break>¿Es tu primera vez participando en el Coliseo?","Saya belum pernah melihat Anda sebelumnya. <wrt:wait,15><wrt:break>Apa ini pertama kalinya Anda partisipasi dalam Colosseum?","ผมไม่เคยเห็นหน้าคุณมาก่อนเลยแฮะ <wrt:wait,15><wrt:break>คุณเพิ่งเคยเข้าร่วมโคลอสเซียมครั้งแรกเหรอครับ?","É a primeira vez que nos encontramos. <wrt:wait,15><wrt:break>Esta é a sua primeira vez no Coliseu?"
,,,백시우,,1_기본,wave,,"아, 네! 백시우라고 합니다, 잘 부탁드려요!","Oh, yeah, it is! My name’s Siwoo. Nice to meet you.",あ、はい！白井新と申します、よろしくお願いします！,啊，是的！我叫白时宇，请多指教！,啊，是的！我叫白時宇，請多指教！,"Да, меня зовут Бэк Шиу! Приятно познакомиться!","Oh, ya, betul! Nama saya Siwoo. Selamat berkenalan.","À, vâng! Em là Baek Siwoo, rất vui được gặp anh!","¡Oh, sí! Soy Siwoo Baek, ¡mucho gusto!","Oh, iya! Nama saya adalah Siwoo Baek, Mohon bantuannya!",อ๋อ ครับ! ผมชื่อแบคชีอูครับ ฝากเนื้อฝากตัวด้วยนะครับ!,"Ah, sim! Meu nome é Siwoo Baek. Prazer!"
,,,레온,,1_기본,,silent,"음... 강해보이네요. <wrt:wait,15><wrt:break>좋아요, 이 정도는 되어야 저와 상대가 되죠.","Hm... You seem like a strong player. <wrt:wait,15><wrt:break>Good, that means you’re worth facing.","ふむ...強そうですね。<wrt:wait,15><wrt:break>いいですよ、これくらいでないと僕の相手にはなりませんからね。","嗯...看起来很强啊。<wrt:wait,15><wrt:break>很好，至少得有这种水平才能和我较量。","嗯...看起來很強啊。<wrt:wait,15><wrt:break>很好，至少得有這種水準才能和我較量。","Хм... Выглядишь сильным. <wrt:wait,15><wrt:break>Хорошо, как раз подойдешь мне в соперники!","Hm... Anda nampak macam pemain yang kuat. <wrt:wait,15><wrt:break>Baik, itu bermakna anda berbaloi untuk bermain.","Hừm... Trông cậu có vẻ mạnh đấy. <wrt:wait,15><wrt:break>Tốt, ít nhất phải như vậy mới đủ sức đối đầu với tôi.","...Hmm, pareces fuerte. <wrt:wait,15><wrt:break>Está bien, así deberías ser para competir conmigo.","Hmmm... Anda terlihat tangguh. <wrt:wait,15><wrt:break>Bagus, setidaknya harus seperti ini agar pantas menjadi lawan saya.","อืม... ดูเก่งอยู่นะครับ <wrt:wait,15><wrt:break>ดีเลยครับ ต้องประมาณนี้แหละ ถึงจะพอเป็นคู่แข่งกับผมได้","Hmm... Você parece ser forte. <wrt:wait,15><wrt:break>Isso é bom, você parece ser um adversário à altura pra mim."
,,,레온,,1_기본,,,"지금까진 쭉정이들만 만나와서 영... <wrt:wait,15><wrt:break>콜로세움도 슬슬 선수들의 질이 떨어지나 걱정됐거든요.","So far, we’ve faced nothing but poor players... <wrt:wait,15><wrt:break>I was starting to worry about the declining quality of players at the Colosseum.","今までずっと、ゴミばかり相手にしてきたので全く...<wrt:wait,15><wrt:break>コロッセオも徐々に選手の質が落ちてきているんじゃないかと心配でした。","到现在为止遇到的都是些杂鱼，真是...<wrt:wait,15><wrt:break>我都开始担心竞技场的选手质量是不是在下降了。","到現在為止遇到的都是些草包，真是...<wrt:wait,15><wrt:break>我都開始擔心競技場的選手素質是不是在下降了。","Мне до сих пор попадались одни слабаки... <wrt:wait,15><wrt:break>Я даже переживал, не слишком ли ухудшается качество турнира в Колизее...","Setakat ini saya cuma jumpa pemain lemah... <wrt:wait,15><wrt:break>Saya mula bimbang tentang kemerosotan kualiti pemain di Colosseum.","Cho đến giờ tôi chỉ toàn gặp những kẻ yếu đuối nên hơi... <wrt:wait,15><wrt:break>Tôi bắt đầu lo lắng rằng chất lượng cầu thủ ở Đấu Trường đang suy giảm đấy!","Hasta ahora solo he visto a perdedores... <wrt:wait,15><wrt:break>Estaba preocupado de que la calidad de los jugadores en el Coliseo estuviera decayendo.","Sampai saat ini saya hanya melawan pemain-pemain payah... <wrt:wait,15><wrt:break>Membuat saya khawatir Colosseum telah kehilangan kualitas atlet.","เพราะจนถึงตอนนี้ผมได้เจอแต่พวกอ่อนหัดทั้งนั้น... <wrt:wait,15><wrt:break>กำลังกังวลอยู่เลยว่าคุณภาพของพวกนักกีฬาในโคลอสเซียมเริ่มตกต่ำลงแล้วน่ะครับ","Até agora, só encontrei os fracotes. <wrt:wait,15><wrt:break>Tava preocupado que o nível dos jogadores no Coliseu estivesse caindo."
,,,백시우,,3_난감,pause,,"...!!! <wrt:wait,15><wrt:break><txt:color,grey>(우왓... 나긋나긋한 말투와는 또 다르게 성격이 엄청난걸...)","...!!! <wrt:wait,15><wrt:break><txt:color,grey>(Man, his gentle tone is a funny thing next to his bold personality...)","...！！！<wrt:wait,15><wrt:break><txt:color,grey>(うわぁ...優しい口調とは裏腹に性格とのギャップがすごいな...)","...！！！<wrt:wait,15><wrt:break><txt:color,grey>(哇...和温柔的语气完全不同，性格真是太强势了...)","...！！！<wrt:wait,15><wrt:break><txt:color,grey>(哇...和溫柔的語氣完全不同，性格真是太強勢了...)","...!!! <wrt:wait,15><wrt:break><txt:color,grey>(Вау... Голос такой мягкий, а характер...)","...!!! <wrt:wait,15><wrt:break><txt:color,grey>(Wah... tutur katanya lembut, tapi perangainya bukan main lagi...)","...!!! <wrt:wait,15><wrt:break><txt:color,grey>(Wow... Tính cách hoàn toàn trái ngược với giọng nói nhẹ nhàng...)","...!!! <wrt:wait,15><wrt:break><txt:color,grey>(Uou... parece que tiene una personalidad muy diferente a su tono suave...)","...!!! <wrt:wait,15><wrt:break><txt:color,grey>(Wahh... dia mempunyai sifat yang keras sangat berbeda dengan nada bicaranya yang halus...)","...!!! <wrt:wait,15><wrt:break><txt:color,grey>(โห... นิสัยช่างสุดยอด ไม่เหมือนกับลักษณะการพูดที่นอบน้อมเลยแฮะ...)","<wrt:wait,15><wrt:break><txt:color,grey>(Uau... sua personalidade é bastante contrastante com o tom e a maneira como ele se expressa...)"
,,,레온,,1_기본,,,"뭐, 그렇대도 물론 겉보기만 번지르르할 수도 있겠지만. <wrt:wait,15><wrt:break>...흐음, 안 그럴 거라 믿어볼게요.","Then again, you may only look strong... <wrt:wait,15><wrt:break>Well, I’ll just hope that’s not the case.","もしそうだとしても表面だけ立派なだけかもしれませんがね。<wrt:wait,15><wrt:break>...まあ、そうではないと信じてみましょう。","当然，也可能只是表面看起来不错而已。<wrt:wait,15><wrt:break>...嗯，我相信你不会是那样的。","當然，也可能只是表面看起來不錯而已。<wrt:wait,15><wrt:break>...嗯，我相信你不會是那樣的。","Конечно, может оказаться, что ты только с виду хорош.<wrt:wait,15><wrt:break>...Хм, надеюсь, это не так.","Tapi, mungkin anda cuma nampak hebat di luar. <wrt:wait,15><wrt:break>...Hmm, saya harap bukan begitu.","Dù vậy, tất nhiên cũng có thể cậu chỉ có vẻ ngoài bóng bẩy thôi. <wrt:wait,15><wrt:break>...Hừm, tôi sẽ cho rằng cậu không phải loại người như vậy.","Bueno, también es posible que solo tengas buena apariencia. <wrt:wait,15><wrt:break>...Mmm, confiaré en que no sea así.","Walau begitu bisa saja Anda juga hanya mencolok diluar saja. <wrt:wait,15><wrt:break>...Hmm, saya akan coba percaya Anda tidak seperti itu.","แต่ถึงอย่างนั้น คุณอาจเป็นประเภทข้างนอกสุกใส ข้างในเป็นโพรงก็ได้ <wrt:wait,15><wrt:break>...อืม แต่ผมจะลองเชื่อว่าคุณไม่ใช่แบบนั้นก็แล้วกันนะครับ","Bom, é verdade que as aparências podem enganar. <wrt:wait,15><wrt:break>Mas espero que não seja esse o caso."
,,,레온,,1_기본,,,"...아, 그러고보니 제 소개를 안 드렸군요. <wrt:wait,15><wrt:break>저는 그린 레온의 주장, 레온이라고 합니다.","Oh, I don’t think I introduced myself. <wrt:wait,15><wrt:break>I’m Leon, Captain of the Green Leons.","...あ、そういえば自己紹介をしていませんでしたね。<wrt:wait,15><wrt:break>私はグリーンレオンの主将、レオンと申します。","...啊，对了，我还没自我介绍呢。<wrt:wait,15><wrt:break>我是绿色莱昂队的队长，莱昂。","...啊，對了，我還沒自我介紹呢。<wrt:wait,15><wrt:break>我是綠色萊昂隊的隊長，萊昂。","... Ах, я совсем забыл представиться!<wrt:wait,15><wrt:break>Я — Леон, капитан команды «Зеленый Леон».","Oh, saya lupa perkenalkan diri saya. <wrt:wait,15><wrt:break>Saya Leon, Kapten Green Leons.","...À, tôi quên chưa giới thiệu mình. <wrt:wait,15><wrt:break>Tôi là Leon, đội trưởng của đội Green Leon.","...Ah, por cierto, no me presenté. <wrt:wait,15><wrt:break>Soy León, el capitán del León Verde.","...Oh, ngomong-ngomong saya belum memperkenalkan diri. <wrt:wait,15><wrt:break>Saya adalah Kapten dari Green Leon, nama saya adalah Leon.","...อ้อ จะว่าไปแล้ว ผมยังไม่ได้แนะนำตัวเลยสินะครับ <wrt:wait,15><wrt:break>ผมชื่อเลออน กัปตันทีมกรีนเลออนครับ","Ah, pensando bem, não me apresentei. <wrt:wait,15><wrt:break>Sou Leão, o capitão do Leão Verde."
,,,백시우,,1_정적,nervous,sweat,"<wrt:delay,5>아, 하하... </wrt:delay><wrt:wait,15><wrt:break><txt:color,grey>(자기 이름이 곧 팀 이름이라니...)","<wrt:delay,5>Ah, haha... </wrt:delay><wrt:wait,15><wrt:break><txt:color,grey>(He named his team after himself...)","<wrt:delay,5>あ、はは...</wrt:delay><wrt:wait,15><wrt:break><txt:color,grey>(自分の名前をそのままチーム名にするのか...)","<wrt:delay,5>啊，哈哈...</wrt:delay><wrt:wait,15><wrt:break><txt:color,grey>(队名就是自己的名字啊...)","<wrt:delay,5>啊，哈哈...</wrt:delay><wrt:wait,15><wrt:break><txt:color,grey>(居然用自己的名字來當隊名...)","<wrt:delay,5>А-а, ха-ха... </wrt:delay><wrt:wait,15><wrt:break><txt:color,grey>(Своим именем команду назвал?...)","<wrt:delay,5>Ah, haha... </wrt:delay><wrt:wait,15><wrt:break><txt:color,grey>(Dia menamakan pasukannya sempena namanya...)","<wrt:delay,5>À, haha... </wrt:delay><wrt:wait,15><wrt:break><txt:color,grey>(Tên đội trùng với tên của anh ta luôn...)","<wrt:delay,5>Ah, jaja... </wrt:delay><wrt:wait,15><wrt:break><txt:color,grey>(Su nombre es igual al nombre de su equipo...)","<wrt:delay,5>Oh, Hahaha... </wrt:delay><wrt:wait,15><wrt:break><txt:color,grey>(Dia menggunakan namanya sebagai nama tim...)","<wrt:delay,5>อ๋อ ฮะฮะ... </wrt:delay><wrt:wait,15><wrt:break><txt:color,grey>(ชื่อทีมเป็นชื่อตัวเองเลยเหรอเนี่ย...)","<wrt:delay,5>Ah, haha... </wrt:delay><wrt:wait,15><wrt:break><txt:color,grey>(O nome é o mesmo que o nome do time...)"
,,,레온,,1_기본,,,"아무튼, 피차 시간 낭비는 싫을테니까, 앞으론 최선을 다 해보죠.","Anyway, I’d hate for this to be a waste of time, so give it all you got out there.",とにかく、お互い時間の無駄は嫌でしょうから、これからは全力を尽くしましょう。,总之，我们都不想浪费时间，以后就全力以赴吧。,總之，我們都不想浪費時間，以後就全力以赴吧。,"Думаю, никому из нас не хочется терять время. Что же, увидимся на турнире!","Bagaimanapun, saya tidak suka perkara yang membuang masa, jadi berikan semua yang anda dapat di sana.","Dù sao, vì cả hai đều không muốn lãng phí thời gian, hãy cố gắng hết sức nhé.","De todos modos, no quiero perder el tiempo, así que hagamos nuestro mejor esfuerzo de ahora en adelante.","Pokoknya, karena saya yakin Anda juga tidak suka membuang waktu, mari kita coba saling bertanding sebaik mungkin.",ยังไงก็เถอะ ผมไม่ชอบการเสียเวลากันทั้งสองฝ่าย ดังนั้นมาทำให้เต็มที่เถอะนะครับ,"Enfim, não gosto de perder tempo, então vamos dar o nosso melhor daqui em diante."
,,,백시우,,1_엥,,,시간 낭비라니요?,Waste of time?,時間の無駄とは...？,您说浪费时间是什么意思？,你說浪費時間是什麼意思？,Терять время?,Buang masa?,Lãng phí thời gian ư?,¿Perder el tiempo?,Buang waktu Anda bilang?,เสียเวลางั้นเหรอครับ?,Perder tempo?
,,,레온,,1_기본,,,"쓰레기 같은 경기는 누구도 보고 싶지 않잖아요. <wrt:wait,15><wrt:break>당신도, 나도, 여기 있는 사람 그 누구도.","No one wants to watch a garbage match. <wrt:wait,15><wrt:break>Not you, not me, not anyone here.","クズのような試合は誰も見たくないでしょう。<wrt:wait,15><wrt:break>あなたも、僕も、ここにいる人誰もが。","垃圾比赛谁都不会想看。<wrt:wait,15><wrt:break>你不想，我不想，这里的任何人都不想。","爛比賽誰都不想看。<wrt:wait,15><wrt:break>你不想、我不想，這裡的觀眾更不想。","Никто не хочет видеть бездарные соревнования.<wrt:wait,15><wrt:break>И я, и ты, и все остальные участники здесь.","Tiada siapa yang mahu menonton perlawanan sampah. <wrt:wait,15><wrt:break>Bukan anda, bukan saya, bukan sesiapa di sini.","Không ai muốn xem một trận đấu tệ hại cả. <wrt:wait,15><wrt:break>Cậu không muốn, tôi không muốn, và không ai ở đây muốn cả.","Nadie quiere ver un partido basura, ¿verdad? <wrt:wait,15><wrt:break>Ni tú, ni yo, ni nadie aquí.","Tidak ada yang ingin menonton pertandingan seperti sampah. <wrt:wait,15><wrt:break>Mau itu kau, aku, dan juga semua orang disini.","ไม่มีใครอยากดูการแข่งขันที่ห่วยแตกหรอกครับ <wrt:wait,15><wrt:break>ทั้งคุณ, ผม แล้วก็ทุกคนที่นี่","Ninguém quer assistir um jogo ruim, concorda? <wrt:wait,15><wrt:break>Nem você, nem eu, nem ninguém aqui."
,,,레온,,1_기본,,,"미리 경고하죠, 혹시라도 어중간한 실력을 갖고 있다면 먼저 기권해요. <wrt:wait,15><wrt:break>그게 당신의 위신이나 체면엔 더 좋을테니까.","And just as a warning, you should forfeit now if your skills aren’t up to snuff. <wrt:wait,15><wrt:break>If only to save face and dignity.","あらかじめ警告しておきますが、中途半端な実力ならば先に棄権したほうがよろしいかと。<wrt:wait,15><wrt:break>それがあなたの影響力や評価のためになりますから。","我先警告你，如果你的实力只是中等水平的话，不如先弃权。<wrt:wait,15><wrt:break>那样对你的尊严和面子可能更好。","我先警告你，如果你的實力只是普通水準的話，不如先棄權。<wrt:wait,15><wrt:break>那樣至少還能保住你的尊嚴和面子。","Предупреждаю заранее: если у тебя посредственные навыки, просто сдавайся.<wrt:wait,15><wrt:break>Это хотя бы спасет твою репутацию.","Saya beri amaran awal-awal. Kalau kemahiran anda setakat biasa-biasa, lebih baik tarik diri sekarang. <wrt:wait,15><wrt:break>Itu lebih baik untuk menjaga nama baik dan maruah anda.","Tôi cảnh báo trước, nếu cậu chỉ có thực lực bình thường thì tốt hơn hết nên bỏ cuộc ngay. <wrt:wait,15><wrt:break>Điều đó sẽ tốt hơn cho danh dự và thể diện của cậu đấy.","Te advierto de antemano, si tienes habilidades mediocres, mejor retírate antes. <wrt:wait,15><wrt:break>Eso sería mejor para tu reputación y dignidad.","Saya peringatkan sebelumnya, jika kemampuan Anda itu biasa-biasa saja maka lebih baik untuk menyerah sekarang. <wrt:wait,15><wrt:break>Itu akan lebih baik untuk prestise dan harga diri Anda.","ผมขอเตือนไว้ก่อนเลยแล้วกันครับ ว่าถ้าคุณมีฝีมือแบบครึ่งๆ กลางๆ ล่ะก็ เชิญถอนตัวไปจะดีกว่า <wrt:wait,15><wrt:break>เพราะนั่นคือหนทางที่จะรักษาชื่อเสียงและหน้าตาของคุณไว้","Já vou deixar avisado. Se você não tem habilidades suficientes, é melhor desistir agora. <wrt:wait,15><wrt:break>Será melhor pra sua reputação e dignidade."
,,,백시우,,2_놀람,,,"기권이라니, 결코 그런 일은 없을 겁니다!","I’ve never forfeited before, and I’m not starting now.",棄権だなんて、決してそんなことはありません！,弃权？那绝对不可能！,棄權？那絕對不可能！,Сдаться? Это точно не про меня!,Tarik diri? Saya takkan buat begitu!,Bỏ cuộc ư? chuyện đó sẽ không bao giờ xảy ra đâu!,¿Retirarme? ¡Eso definitivamente no va a pasar!,Menyerah? hal itu tidak akan pernah terjadi!,ถอนตัวเนี่ยนะ เรื่องนั้นจะไม่มีทางเกิดขึ้นหรอกครับ!,Desistir nunca foi uma opção pra mim!
,,,레온,,1_기본,,,"<wrt:delay,5>...네 뭐, </wrt:delay>열정은 맘에 드네요.","<wrt:delay,5>All right, well... </wrt:delay>I do like your enthusiasm.","<wrt:delay,5>...はい、まあ</wrt:delay>情熱は気に入りましたよ。","<wrt:delay,5>...嗯，</wrt:delay>你的热情我很欣赏。","<wrt:delay,5>...嗯，</wrt:delay>你的熱情我很欣賞。","<wrt:delay,5>...Ну что же, </wrt:delay>мне нравится твой запал.","<wrt:delay,5>Baiklah... </wrt:delay>sekurang-kurangnya anda berani. Saya suka itu.","<wrt:delay,5>...Ừm, được thôi, </wrt:delay>tôi thích nhiệt huyết của cậu đấy.","<wrt:delay,5>...Bueno, </wrt:delay>me gusta tu pasión.","<wrt:delay,5>...Iya terserah, </wrt:delay>setidaknya saya menyukai semangat Anda.","<wrt:delay,5>...ครับ ก็นะ </wrt:delay>ผมถูกใจความมุ่งมั่นนั้นแฮะ","<wrt:delay,5>Bom... okay. </wrt:delay>Gostei da sua energia."