,상황,분기,이름,위치,표정,효과,감정,한국어(kr),영어,일어,간체,번체,러시아어,말레이어,베트남어,스페인어,인도네시아어,태국어,포르투갈어
1,경기 전,#,MAP,,,,,찻집,찻집,찻집,찻집,찻집,찻집,찻집,찻집,찻집,찻집,찻집,찻집
,,#,BGM,,,,,BGM_TIGER_EYES,BGM_TIGER_EYES,BGM_TIGER_EYES,BGM_TIGER_EYES,BGM_TIGER_EYES,BGM_TIGER_EYES,BGM_TIGER_EYES,BGM_TIGER_EYES,BGM_TIGER_EYES,BGM_TIGER_EYES,BGM_TIGER_EYES,BGM_TIGER_EYES
,,#,홍시_신년,0,1_발랄,,,,,,,,,,,,,,
,,,홍시_신년,,1_발랄,,,"<txt:bold,2><txt:size,2>어서 오거라, 소년!</txt:size></txt:bold>","<txt:bold,2><txt:size,2>Welcome, young one!</txt:size></txt:bold>","<txt:bold,2><txt:size,2>よく来た、少年！</txt:size></txt:bold>","<txt:bold,2><txt:size,2>快进来，少年！</txt:size></txt:bold>","<txt:bold,2><txt:size,2>快進來，老弟！</txt:size></txt:bold>","<txt:bold,2><txt:size,2>Милости просим!</txt:size></txt:bold>","<txt:bold,2><txt:size,2>Selamat datang, anak muda!</txt:size></txt:bold>","<txt:bold,2><txt:size,2>Đến đây nào, cậu trai trẻ!</txt:size></txt:bold>","<txt:bold,2><txt:size,2>¡Bienvenido, chico!</txt:size></txt:bold>","<txt:bold,2><txt:size,2>Apa kabar, bocah!</txt:size></txt:bold>","<txt:bold,2><txt:size,2>เชิญเข้ามาเลย หนุ่มน้อย!</txt:size></txt:bold>","<txt:bold,2><txt:size,2>Bem-vindo, garoto!</txt:size></txt:bold>"
,,,홍시_신년,,1_발랄,,,"<txt:bold,2>콜로세움 티 하우스</txt:bold>에 온 걸 환영한다!","Welcome to <txt:bold,2>Colosseum Teahouse!</txt:bold>","<txt:bold,2>コロッセオ・ティーハウス</txt:bold>へようこそ！","欢迎来到<txt:bold,2>竞技场茶馆</txt:bold>！","歡迎光臨<txt:bold,2>競技場茶館</txt:bold>！","Добро пожаловать в <txt:bold,2>чайный дом Колизея</txt:bold>!","Selamat datang ke <txt:bold,2>Colosseum Teahouse!</txt:bold>","Chào mừng đến với <txt:bold,2>Trà Quán Đấu Trường!</txt:bold>","¡Bienvenido a la <txt:bold,2>Casa de té del Coliseo!</txt:bold>","Selamat datang di <txt:bold,2>Colosseum Tea House</txt:bold>!","ยินดีต้อนรับสู่<txt:bold,2>ร้านชาโคลอสเซียม</txt:bold>!","Essa é a <txt:bold,2>Casa de Chá do Coliseu</txt:bold>!"
,,,홍시_신년,,1_기본,,joy,"혼자 왔나?<wrt:wait,30> 이리 오거라, 자리를 안내해 주지. 메뉴판은 여기 있다.","Did you come alone? <wrt:wait,30>Come here, I’ll show you to a seat. Here’s the menu.","一人で来たのかい？<wrt:wait,30>さあさあ、席を案内してあげよう。メニューはここにあるぞ。","一个人来的吗？<wrt:wait,30>这边请，我来给你带路。菜单在这里。","一個人來嗎？<wrt:wait,30>這邊請，我給你安排個位置。這是菜單。","Ты один?<wrt:wait,30> Проходи, не стесняйся. Вот меню.","Awak datang seorang? <wrt:wait,30>Mari, saya bawa awak ke tempat duduk. Ini menunya.","Cậu đến một mình sao?<wrt:wait,30> Lại đây nào, tôi sẽ hướng dẫn chỗ ngồi cho. Menu đây.","¿Vienes solo?<wrt:wait,30> Ven, te mostraré tu asiento. Aquí tienes el menú.","Datang sendiri?<wrt:wait,30> Cepat kesini, akan kutunjukkan tempat dudukmu. Menu bisa dilihat di sini.","มาคนเดียวเหรอ?<wrt:wait,30> มานี่สิ ฉันจะพาไปนั่ง ส่วนเมนูอยู่นี่","Veio sozinho?<wrt:wait,30> Vem cá, eu te levo até uma mesa. O cardápio está aqui."
,,,홍시_신년,,1_발랄,,,"이곳의 전통차는 일품이지. <txt:bold,2>선림</txt:bold>의 특급 미식가, 이 <txt:bold,2><txt:color,orange>홍시</txt:color></txt:bold>가 보증한다!","The traditional tea here is exquisite. Take it from <txt:bold,2><txt:color,orange>Hongshi</txt:color></txt:bold>, <txt:bold,2>Seonrim</txt:bold>’s premier gourmet!","ここの伝統のお茶の味は絶品なんだ。<txt:bold,2>仙林</txt:bold>の特級美食家であるこの<txt:bold,2><txt:color,orange>白羽日向乃</txt:color></txt:bold>が保証するぞ！","这里的传统茶堪称一绝。以<txt:bold,2>先林</txt:bold>的特级美食家——我，<txt:bold,2><txt:color,orange>红柿</txt:color></txt:bold>的名义担保！","這裡的傳統茶可是極品。由我這個<txt:bold,2>先林</txt:bold>的特級美食家<txt:bold,2><txt:color,orange>洪詩</txt:color></txt:bold>掛保證！","Здесь подают вкуснейший традиционный чай. Подтверждено главным гурманом <txt:bold,2>школы «Соллим»</txt:bold> — <txt:bold,2><txt:color,orange>Хонши</txt:color></txt:bold>!","Teh tradisional di sini sangat istimewa. Percayalah kata <txt:bold,2><txt:color,orange>Hongshi</txt:color></txt:bold>, gourmet terkemuka <txt:bold,2>Seonrim</txt:bold>!","Trà truyền thống ở đây đúng là tuyệt phẩm. Mỹ thực gia của <txt:bold,2>Seonrim</txt:bold>, <txt:bold,2><txt:color,orange>Hongsi</txt:color></txt:bold> tôi đây xin bảo chứng!","El té tradicional de este lugar es de primera. ¡Lo garantiza <txt:bold,2><txt:color,orange>Hongsi</txt:color></txt:bold>, la gran gourmet de <txt:bold,2>Seonlim</txt:bold>!","Teh tradisional di sini luar biasa. Aku, <txt:bold,2><txt:color,orange>Hongsi</txt:color></txt:bold>, pecinta kuliner di <txt:bold,2>Sunrim</txt:bold>, yang menjaminnya!","ชาพื้นเมืองของที่นี่รสชาติดีเยี่ยมเลยล่ะ นักชิมชั้นเลิศแห่ง<txt:bold,2>ซอนริม</txt:bold> <txt:bold,2><txt:color,orange>ฮงชี</txt:color></txt:bold>ผู้นี้ขอรับประกัน!","O chá tradicional daqui é simplesmente incrível. Eu, <txt:bold,2><txt:color,orange>Hongshi</txt:color></txt:bold>, uma verdadeira gourmet de <txt:bold,2>Seonlim</txt:bold>, garanto!"
,,,홍시_신년,,1_삐짐,pause,,"‥<wrt:wait,30>음? 뭐지, 그 수상쩍은 눈빛은?","<wrt:wait,30>Hm...? What’s with that suspicious look?","...<wrt:wait,30>うん？なんだ、その疑うような目つきは？","...<wrt:wait,30>嗯？你那怀疑的眼神是怎么回事？","...<wrt:wait,30>嗯？你那是什麼懷疑的眼神？","...<wrt:wait,30>Хм? Что это за взгляд?","<wrt:wait,30>Hm...? Kenapa pandang saya dengan curiga?","...<wrt:wait,30>Hửm? Sao lại nhìn tôi bằng ánh mắt ngờ vực như thế?","<wrt:wait,30>¿Eh? ¿Qué es esa mirada sospechosa?","...<wrt:wait,30>...Hm? Kenapa kamu memberikan tatapan curiga?","...<wrt:wait,30>หืม? อะไรกัน สายตาน่าสงสัยนั่น?","Hum... <wrt:wait,30>Que foi? Por que essa cara desconfiada?"
,,,홍시_신년,,1_훗,,,"<txt:wave,1>하항, 보아하니 이 몸이 왜 여기 있는지 묻고 싶은 거로군~?</txt:wave>","<txt:wave,1>Haha, I see you want to know why I’m here!</txt:wave>","<txt:wave,1>ははーん。さては、この私がどうしてここにいるのか知りたいんだな～？</txt:wave>","<txt:wave,1>哈，看样子，你是想问我为什么会在这里吧~？</txt:wave>","<txt:wave,1>呵呵，看來你是想問，我為何會在這裡吧～？</txt:wave>","<txt:wave,1>Ха-ха! Не терпится узнать, что я здесь делаю?</txt:wave>","<txt:wave,1>Haha, awak nak tahu kenapa saya di sini ya!</txt:wave>","<txt:wave,1>Ha ha, xem ra cậu đang thắc mắc vì sao tôi lại ở đây, đúng không?</txt:wave>","<txt:wave,1>Ja ja, parece que quieres preguntarme por qué estoy aquí, ¿verdad?</txt:wave>","<txt:wave,1>Haha, sepertinya kamu ingin tahu kenapa aku berada disini, yah~?</txt:wave>","<txt:wave,1>อะฮ่า คงอยากถามสินะว่าทำไมฉันถึงมาอยู่ที่นี่~?</txt:wave>","<txt:wave,1>Haha! Já sei... tá se perguntando o que eu faço aqui, né?</txt:wave>"
,,,홍시_신년,,1_기본,,,어쩔 수 없지. 소년에게만 특별히 말해주지.,"It can’t be helped. I’ll tell you, just for you.",仕方あるまい。少年には特別に教えてやろう。,真没办法。就特别地只告诉你一个人吧。,真拿你沒辦法，我就破例告訴你吧。,Ладно так и быть! Но только тебе...,"Tak dapat dielakkan. Saya akan ceritakan, tetapi hanya kepada awak.",Cũng không còn cách nào khác. Tôi sẽ đặc biệt nói cho riêng cậu biết.,"No hay remedio. Haré una excepción y te lo contaré solo a ti, chico.","Baiklah, khusus untukmu saja akan kuceritakan.",ช่วยไม่ได้ ฉันจะบอกให้หนุ่มน้อยรู้เป็นพิเศษแล้วกัน,"Bom, não tem jeito. Só pra você, garoto, eu conto."
,,,홍시_신년,,1_발랄,,exclam,"<txt:bold,2><txt:size,2><wrt:delay,5>사실 이 몸은‥</wrt:delay><wrt:wait,30> 우리 선림을 구해줄 이를 찾고 있다!</txt:size></txt:bold>","<txt:bold,2><txt:size,2><wrt:delay,5>The truth is...</wrt:delay><wrt:wait,30> I’m searching for someone to save our Seonrim!</txt:size></txt:bold>","<txt:bold,2><txt:size,2><wrt:delay,5>実はだな...</wrt:delay><wrt:wait,30>我が仙林を救ってくれる者を探しているのだ！</txt:size></txt:bold>","<txt:bold,2><txt:size,2><wrt:delay,5>其实我...</wrt:delay><wrt:wait,30>正在寻找能拯救我们先林的人！</txt:size></txt:bold>","<txt:bold,2><txt:size,2><wrt:delay,5>其實我...</wrt:delay><wrt:wait,30>正在尋找能拯救我們先林的人！</txt:size></txt:bold>","<txt:bold,2><txt:size,2><wrt:delay,5>По правде я ищу...</wrt:delay><wrt:wait,30> Удальца, способного спасти нашу школу «Соллим»!</txt:size></txt:bold>","<txt:bold,2><txt:size,2><wrt:delay,5>Sebenarnya...</wrt:delay><wrt:wait,30> Saya sedang mencari seorang untuk menyelamatkan Seonrim kami!</txt:size></txt:bold>","<txt:bold,2><txt:size,2><wrt:delay,5>Thật ra tôi...</wrt:delay><wrt:wait,30> đang tìm người có thể cứu lấy Seonrim!</txt:size></txt:bold>","<txt:bold,2><txt:size,2><wrt:delay,5>La verdad es que...</wrt:delay><wrt:wait,30> ¡estoy buscando a alguien que pueda salvar a Seonlim!</txt:size></txt:bold>","<txt:bold,2><txt:size,2><wrt:delay,5>Sebenarnya aku...</wrt:delay><wrt:wait,30> sedang mencari seseorang yang bisa menyelamatkan Sunrim!</txt:size></txt:bold>","<txt:bold,2><txt:size,2><wrt:delay,5>ความจริงแล้วฉัน...</wrt:delay><wrt:wait,30> กำลังตามหาผู้ที่จะมาช่วยซอนริมน่ะ!</txt:size></txt:bold>","<txt:bold,2><txt:size,2><wrt:delay,5>A verdade é que...</wrt:delay><wrt:wait,30> estou procurando alguém que possa salvar Seonlim!</txt:size></txt:bold>"
,,,홍시_신년,-1,1_헉,,,"우리 학교에는 악독하고 고집불통인 <txt:bold,2>학생회장</txt:bold>이 한 명 있거든.","There’s this wicked, stubborn <txt:bold,2>student council president</txt:bold> at our school.","私たちの学校には、悪質で頑固な<txt:bold,2>生徒会長</txt:bold>が一人いてな。","我们学校有个恶毒又顽固的<txt:bold,2>学生会长</txt:bold>。","我們學校裡，有個既惡劣又固執的<txt:bold,2>學生會長</txt:bold>。","Есть у нас один беспощадный и упрямый <txt:bold,2>председатель студсовета</txt:bold>.","Ada seorang <txt:bold,2>presiden majlis pelajar</txt:bold> yang jahat dan degil di sekolah kami.","Trong trường của bọn tôi có một <txt:bold,2>chủ tịch hội học sinh</txt:bold> vừa độc đoán vừa cứng đầu.","En nuestra escuela hay un <txt:bold,2>presidente del alumnado</txt:bold> malvado y terco.","Di sekolah kami ada satu <txt:bold,2>ketua OSIS</txt:bold> yang kejam dan keras kepala.","โรงเรียนของฉันมี<txt:bold,2>ประธานนักเรียน</txt:bold>ที่โหดร้ายและดื้อรั้นอยู่คนหนึ่ง","Na nossa escola, tem um <txt:bold,2>presidente do conselho estudantil</txt:bold> cruel e cabeça-dura."
,,,홍시_신년,1,1_삐짐,,,학교에서 배구만 하면 퇴학하겠다고 외치며 길길이 날뛴단 말이다. 아주 못된 녀석이지.,"He goes around shouting that anyone who plays volleyball will be expelled, making a huge fuss. Such a nasty guy.",学校でバレーをすれば退学にすると騒ぎ立てているんだ。まったくもっていけ好かない奴さ。,只要在学校打排球，他就会暴跳如雷，嚷嚷着要让人退学。真是个坏家伙。,他老是暴跳如雷的吼說，只要誰敢在學校打排球就要讓他退學。真是個惡劣的傢伙。,"Который устраивает сцены, если кто-то вздумает поиграть в волейбол в школе. Ох уж...","Dia menjerit ke sana sini bahawa sesiapa yang bermain bola tampar akan dibuang sekolah, membuat kecoh. Jahat orangnya.","Cứ gào lên rằng hễ chơi bóng chuyền trong trường là sẽ bị đuổi học, rồi làm ầm ĩ cả lên. Đúng là một đứa tệ hại.","En la escuela anda gritando que si alguien juega vóley lo va a expulsar, armando un escándalo tremendo. Es un tipo realmente despreciable.",Dia mengamuk sambil berteriak bahwa siapa pun yang bermain bola voli akan dikeluarkan dari sekolah. Benar-benar menyebalkan dia itu.,แค่เล่นวอลเลย์บอลในโรงเรียน เขาก็โวยวายลั่นว่าจะไล่ออกเชียวล่ะ เป็นคนที่ร้ายกาจมาก,Ele vive ameaçando expulsar qualquer um que jogue vôlei. Um sujeito terrível.
,,,홍시_신년,0,1_난처,pause,,"‥<wrt:wait,30>스승님이 돌아가신 뒤로 그렇게 변해버렸다.","<wrt:wait,30>He changed like that after our master passed away...","...<wrt:wait,30>師匠が亡くなってから、あんなふうに変わってしまったんだ。","...<wrt:wait,30>自从师父去世后，他就变成那样了。","...<wrt:wait,30>自從師父過世後，他就變成那樣了。","...<wrt:wait,30>Он очень изменился после ухода наставника.","<wrt:wait,30>Dia berubah menjadi begitu selepas guru kami meninggal dunia...","...<wrt:wait,30>Từ sau khi sư phụ qua đời, hắn đã trở nên như vậy.","...<wrt:wait,30>Desde que el maestro falleció, se volvió así.","...<wrt:wait,30>Dia berubah seperti itu sejak guru meninggal.","...<wrt:wait,30>เขาเปลี่ยนไปเป็นแบบนั้นหลังจากท่านอาจารย์จากไป","Mas ele nem sempre foi assim... <wrt:wait,30>Depois que o mestre faleceu, ele mudou."
,,,홍시_신년,,1_난처,,,"원래는 밝고 솔직한 녀석이었는데‥. <wrt:wait,30>으음. 어울리지도 않게 과한 책임감을 느낀 탓일 거다.","He used to be bright and honest... <wrt:wait,30>Mm. Probably feels too much responsibility, which doesn’t suit him.","元々は明るく素直な奴だったんだが...<wrt:wait,30>うーん、似合いもしないほど、責任を背負い込みすぎたせいだろうな。","他本来是个开朗直率的家伙...<wrt:wait,30>唔。大概是因为背负了不该有的过重责任感吧。","本來還是個開朗又率直的傢伙...<wrt:wait,30>嗯，八成是身上背負了太多不屬於他的責任感吧。","Вообще он был открытым и честным... <wrt:wait,30>Но, кажется, его съедает излишнее чувство ответственности.","Dia dulu ceria dan jujur... <wrt:wait,30>Mm. Mungkin merasa banyak tanggungjawab, yang terlalu berat untuknya.","Vốn dĩ là một đứa vui vẻ, thẳng thắn... <wrt:wait,30>Ừm. Có lẽ là vì gánh lấy trách nhiệm quá mức, chẳng hợp với bản thân.","Antes era un chico alegre y honesto... hmm. <wrt:wait,30>Seguro que es por sentir una responsabilidad excesiva que no va con él.","Sebelumnya dia anak yang ceria dan jujur... <wrt:wait,30>hmm. Mungkin karena memikul tanggung jawab berlebihan yang tidak cocok untuknya.","เมื่อก่อนเขาเคยเป็นคนที่สดใสแล้วก็ตรงไปตรงมาแท้ๆ... <wrt:wait,30>อืม คงกดดันเรื่องความรับผิดชอบมากเกินไปน่ะสิ ทั้งที่มันไม่เข้ากับเขาเลย","Antes era um garoto honesto, sempre sorrindo... <wrt:wait,30>Hum... acho que acabou assumindo responsabilidades demais."
,,,홍시_신년,,1_삐짐,,,"아무리 이 <txt:bold,2><txt:color,orange>홍시</txt:color></txt:bold>가 그럴 필요 없다고 말해도 들은 척도 하지 않는다.","No matter how much I, <txt:bold,2><txt:color,orange>Hongshi</txt:color></txt:bold>, tell him it’s unnecessary, he won’t listen.","いくらこの<txt:bold,2><txt:color,orange>白羽日向乃</txt:color></txt:bold>がそんな必要はないって言っても、聞く耳を持たないんだ。","无论本<txt:bold,2><txt:color,orange>红柿</txt:color></txt:bold>怎么跟他说没那个必要，他都把话当耳旁风。","不管<txt:bold,2><txt:color,orange>我</txt:color></txt:bold>怎麼跟他解釋沒有那個必要，他都充耳不聞。","Сколько бы <txt:bold,2><txt:color,orange>Хонши</txt:color></txt:bold> ни убеждала его не принимать всё так близко к сердцу, он и слушать не хочет!","Walau banyak kali saya, <txt:bold,2><txt:color,orange>Hongshi</txt:color></txt:bold>, memberitahunya ia tidak perlu, dia tidak mendengar.","Dù <txt:bold,2><txt:color,orange>Hongsi</txt:color></txt:bold> tôi đây có nói bao nhiêu lần rằng không cần như thế, hắn cũng chẳng thèm nghe.","Por más que <txt:bold,2><txt:color,orange>Hongsi</txt:color></txt:bold> le diga que no hace falta, ni siquiera me hace caso.","Seberapa pun aku, <txt:bold,2><txt:color,orange>Hongsi</txt:color></txt:bold>, bilang bahwa itu tidak perlu, dia sama sekali tidak mau mendengarkan.","ต่อให้<txt:bold,2><txt:color,orange>ฮงชี</txt:color></txt:bold>ผู้นี้จะบอกว่าเขาไม่จำเป็นต้องทำแบบนั้น แต่เขาก็ไม่แม้แต่จะฟังกันเลย","Eu, <txt:bold,2><txt:color,orange>Hongshi</txt:color></txt:bold>, já disse várias vezes que ele não precisa carregar tudo sozinho. Mas ele simplesmente não escuta."
,,,홍시_신년,,1_기본,,,"그래서 결국 이 몸은 결심했다. <wrt:wait,50><txt:bold,2>그 녀석을 도와줄 사람을 찾아보자고!</txt:bold>","So I finally decided. <wrt:wait,50><txt:bold,2>Let’s find someone to help that guy!</txt:bold>","だから、私は心に決めたのさ。<wrt:wait,50><txt:bold,2>やつを救ってくれる人を探してみようと！</txt:bold>","所以我最终决定了。<wrt:wait,50><txt:bold,2>要找到能帮助那家伙的人！</txt:bold>","所以我下定決心。<wrt:wait,50><txt:bold,2>要去找個能幫助那傢伙的人！</txt:bold>","Именно поэтому я решилась! <wrt:wait,50><txt:bold,2>Пора найти кого-то, способного помочь нашему председателю!</txt:bold>","Jadi akhirnya saya memutuskan. <wrt:wait,50><txt:bold,2>Kita cari orang untuk membantu dia!</txt:bold>","Vì vậy cuối cùng tôi đã quyết định. <wrt:wait,50><txt:bold,2>Phải tìm một người có thể giúp được hắn!</txt:bold>","Así que al final tomé una decisión: ¡buscar a alguien que pueda ayudar a <wrt:wait,50><txt:bold,2>ese tipo!</txt:bold>","Karena itu aku memutuskan. <wrt:wait,50><txt:bold,2>Untuk mencari orang yang dapat membantunya!</txt:bold>","สุดท้ายฉันก็เลยตัดสินใจ <wrt:wait,50><txt:bold,2>ว่าจะตามหาคนที่จะมาช่วยเจ้านั่น!</txt:bold>","<wrt:wait,50>Foi então que tomei uma decisão: <txt:bold,2>encontrar alguém capaz de ajudá-lo!</txt:bold>"
,,,홍시_신년,,1_발랄,,,이 넓은 세상 어딘가엔 분명히 그 녀석을 구해줄 대협이 한 명쯤 있을 테니까!,"Somewhere in this wide world, there must be a hero who can save him!",この広い世界のどこかに、きっとあいつを救ってくれる情に厚い人が一人くらいはいるはずだからな！,在这广阔世界的某处，肯定有一位能拯救他的大侠！,在這偌大的世界，肯定會有個能拯救他的大俠存在！,"Наверняка где-то есть смышленый малый, способный выкрутиться из этой ситуации!","Di dunia yang luas ini, mesti ada seorang wira yang boleh menyelamatkannya!","Trong thế giới rộng lớn này, nhất định sẽ có một vị đại hiệp nào đó có thể cứu được hắn!","¡En algún lugar de este vasto mundo, seguro que existe un gran héroe capaz de salvarlo!","Di dunia yang seluas ini, pasti ada satu pendekar hebat yang mampu menyelamatkannya!",เพราะในโลกอันกว้างใหญ่ใบนี้ ต้องมีจอมยุทธ์สักคนที่จะมาช่วยเจ้านั่นได้แน่นอน!,"Em algum lugar desse mundo enorme, com certeza existe alguém que possa salvá-lo."
,,,홍시_신년,,1_훗,,exclam,"<txt:bold,2><txt:size,2>그래서 이 몸이 이곳 콜로세움까지 온 거다!</txt:size></txt:bold>","<txt:bold,2><txt:size,2>That’s why I came all the way to the Colosseum!</txt:size></txt:bold>","<txt:bold,2><txt:size,2>そこで、私がこのコロッセオまで直々に足を運んだというわけさ！</txt:size></txt:bold>","<txt:bold,2><txt:size,2>所以我才来到了这竞技场！</txt:size></txt:bold>","<txt:bold,2><txt:size,2>所以我才會來到這個競技場！</txt:size></txt:bold>","<txt:bold,2><txt:size,2>И вот я здесь — в Колизее!</txt:size></txt:bold>","<txt:bold,2><txt:size,2>Itulah sebabnya saya datang jauh-jauh ke Colosseum!</txt:size></txt:bold>","<txt:bold,2><txt:size,2>Vì thế tôi mới đến tận Đấu Trường này!</txt:size></txt:bold>","<txt:bold,2><txt:size,2>¡Y por eso vine hasta este Coliseo!</txt:size></txt:bold>","<txt:bold,2><txt:size,2>Oleh karena itu aku sampai datang ke Colosseum ini!</txt:size></txt:bold>","<txt:bold,2><txt:size,2>ฉันก็เลยมาจนถึงโคลอสเซียมแห่งนี้!</txt:size></txt:bold>","<txt:bold,2><txt:size,2>E é por isso que eu estou aqui, no Coliseu!</txt:size></txt:bold>"
,,,-,,,,,"<txt:color,grey><txt:size,2>(두둥!)</txt:color></txt:size><sys:sfx,드럼_1>","<txt:color,grey><txt:size,2>(Ta-da!)</txt:color></txt:size><sys:sfx,드럼_1>","<txt:color,grey><txt:size,2>(じゃじゃーん！)</txt:color></txt:size><sys:sfx,드럼_1>","<txt:color,grey><txt:size,2>（咚——！）</txt:color></txt:size><sys:sfx,드럼_1>","<txt:color,grey><txt:size,2>(咚咚！)</txt:color></txt:size><sys:sfx,드럼_1>","<txt:color,grey><txt:size,2>(Па-бам!)</txt:color></txt:size><sys:sfx,드럼_1>","<txt:color,grey><txt:size,2>(Ta-da!)</txt:color></txt:size><sys:sfx,드럼_1>","<txt:color,grey><txt:size,2>*Tùngg*</txt:color></txt:size><sys:sfx,드럼_1>","<txt:color,grey><txt:size,2>(¡Tambores!)</txt:color></txt:size><sys:sfx,드럼_1>","<txt:color,grey><txt:size,2>(Du-dung!)</txt:color></txt:size><sys:sfx,드럼_1>","<txt:color,grey><txt:size,2>(ทะด๊า!)</txt:color></txt:size><sys:sfx,드럼_1>","<txt:color,grey><txt:size,2>(Tu-dum!)</txt:color></txt:size><sys:sfx,드럼_1>"
,,,-,,,,,"<txt:color,grey>(짝짝짝‥.)</txt:color>","<txt:color,grey>(Clap clap clap...)</txt:color>","<txt:color,grey>(パチパチパチ...)</txt:color>","<txt:color,grey>（啪啪啪...）</txt:color>","<txt:color,grey>(啪啪啪...)</txt:color>","<txt:color,grey>(Хлоп хлоп хлоп...)</txt:color>","<txt:color,grey>(Tepuk tepuk tepuk...)</txt:color>","<txt:color,grey>*Vỗ tay lác đác*</txt:color>","<txt:color,grey>(¡Clap clap clap...)</txt:color>","<txt:color,grey>(Prok prok prok...)</txt:color>","<txt:color,grey>(แปะแปะแปะ...)</txt:color>","<txt:color,grey>(Clap, clap, clap...)</txt:color>"
,,,-,,,,,"<txt:color,grey>(드문드문 찻집의 손님들이 박수를 친다.)</txt:color>","<txt:color,grey>(Scattered applause ripples through the teahouse.)</txt:color>","<txt:color,grey>(お茶屋のお客さんたちがまばらに拍手する)</txt:color>","<txt:color,grey>（茶馆里的客人零零散散地鼓起掌来。）</txt:color>","<txt:color,grey>(茶館的客人稀稀落落地拍著手。)</txt:color>","<txt:color,grey>(Редкие аплодисменты посетителей чайного дома)</txt:color>","<txt:color,grey>(Tepukan ringan beralun di rumah teh.)</txt:color>","<txt:color,grey>(Khách trong quán trà lác đác vỗ tay.)</txt:color>","<txt:color,grey>(Algunos clientes de la casa de té aplauden.)</txt:color>","<txt:color,grey>(Para tamu kedai teh bertepuk tangan pelan, satu per satu.)</txt:color>","<txt:color,grey>(บรรดาลูกค้าในร้านชาปรบมือกันประปราย)</txt:color>","<txt:color,grey>(Alguns clientes começam a aplaudir.)</txt:color>"
,,,홍시_신년,,1_기본,,,"‥뭐?<wrt:wait,30> 그래서 왜 찻집에서 알바를 하고 있냐고?","What...?<wrt:wait,30> Why am I working part-time at a teahouse?","...え？<wrt:wait,30>それでどうしてお茶屋でバイトをしてるのかって？","...什么？<wrt:wait,30>问我为什么会在茶馆打工？","...什麼？<wrt:wait,30>想知道我為什麼在茶館打工？","Что-что?<wrt:wait,30> А, вы спрашиваете, почему я подрабатываю в чайном доме?","Apa...?<wrt:wait,30> Kenapa saya bekerja sambilan di rumah teh?","...Hả?<wrt:wait,30> Cậu hỏi vì sao tôi lại đi làm thêm ở quán trà à?","...¿Qué?<wrt:wait,30> ¿Y por qué estoy trabajando en una cafetería?","...Apa?<wrt:wait,30> Kamu ingin tahu mengapa aku sedang kerja sambilan di kedai teh ini?","...หืม?<wrt:wait,30> แล้วทำไมฉันถึงมาทำพาร์ตไทม์ที่ร้านชาน่ะเหรอ?","Hã?<wrt:wait,30> Quer saber por que eu trabalho aqui na casa de chá?"
,,,홍시_신년,,1_헉,,,"그게‥ <txt:shake,1><wrt:wait,30>세상 구경을 하다 그만, 이 찻집의 디저트에 홀려 버려서 말이다‥</txt:shake>","Well... <txt:shake,1><wrt:wait,30>I was out exploring the world and got enchanted by this teahouse’s desserts...</txt:shake>","それは...<txt:shake,1><wrt:wait,30>世の中を見物してるうちに、ついこのお茶屋のデザートに魅了されてしまってだな...。</txt:shake>","那个嘛...<txt:shake,1><wrt:wait,30>在游历世界的途中，一不小心被这茶馆的甜点给迷住了...</txt:shake>","這個嘛...<txt:shake,1><wrt:wait,30>我本來是想遊歷世界，結果一不小心，就被這間茶館的甜點給迷住...</txt:shake>","Ну... <txt:shake,1><wrt:wait,30>Я просто влюбилась в здешние десерты...</txt:shake>","Baiklah... <txt:shake,1><wrt:wait,30>Saya sedang menjelajah dunia dan terpesona dengan hidangan pencuci mulut rumah teh ini...</txt:shake>","Chuyện là... <txt:shake,1><wrt:wait,30>trong lúc du ngoạn thiên hạ, tôi lỡ bị mê hoặc bởi món tráng miệng của quán này...</txt:shake>","Es que... <txt:shake,1><wrt:wait,30>mientras exploraba el mundo, me quedé encantada con los postres de esta cafetería...</txt:shake>","Jadi itu... <txt:shake,1><wrt:wait,30>saat berkeliling melihat dunia, tanpa sengaja aku jatuh cinta pada kue di kedai ini...</txt:shake>","ก็คือว่า... <txt:shake,1><wrt:wait,30>ฉันดันติดใจขนมหวานของร้านชาแห่งนี้ตอนที่ออกเที่ยวชมโลกกว้าง...</txt:shake>","É que... <txt:shake,1><wrt:wait,30>enquanto viajava pelo mundo, acabei me apaixonando pelos doces daqui...</txt:shake>"
,,,홍시_신년,,1_난처,pause,sweat,"<txt:bold,2>용돈을 전부 써버렸다, 하핫‥!</txt:bold>","<txt:bold,2>I spent all my allowance, haha...!</txt:bold>","<txt:bold,2>お小遣いを使い果たしてしまったのだ、はっはっ...！</txt:bold>","<txt:bold,2>把零花钱都花光了，哈哈...！</txt:bold>","<txt:bold,2>然後把零用錢全花光了，哈哈...！</txt:bold>","<txt:bold,2>Все деньги на них истратила ха-ха...!</txt:bold>","<txt:bold,2>Saya habiskan semua elaun saya, haha...!</txt:bold>","<txt:bold,2>Tôi tiêu sạch tiền tiêu vặt rồi, ha ha...!</txt:bold>","<txt:bold,2>¡Y terminé gastándome toda mi mesada, ja ja...!</txt:bold>","<txt:bold,2>Sampai menghabiskan seluruh uang sakuku, haha...!</txt:bold>","<txt:bold,2>จนใช้เงินค่าขนมหมดเกลี้ยงเลยน่ะ ฮ่าฮ่า...!</txt:bold>","<txt:bold,2>E antes que eu percebesse, tinha gastado até o último centavo, haha!</txt:bold>"
,,,홍시_신년,,1_삐짐,,,"그런 눈으로 보지 마라, 소년! 이것도 인생의 좋은 경험이 아니겠나!","Don’t look at me like that, young one! This is good life experience too!",そんな目で見るな、少年！これも人生のいい経験ではないか！,别用那种眼神看我，少年！这不也是人生的一种宝贵经验嘛！,別用那種眼神看我，老弟！這不也是人生的寶貴經驗嘛！,Не смотрите так на меня! Это все ценный жизненный опыт!,"Jangan pandang saya begitu, anak muda! Ini juga pengalaman kehidupan yang baik!",Đừng nhìn tôi bằng ánh mắt đó! Chẳng phải đây cũng là một trải nghiệm hay của cuộc đời sao!,"¡No me mires así, chico! ¡Esto también es una buena experiencia de vida!","Jangan melihatku seperti itu, bocah! Bukankah ini juga termasuk pengalaman hidup yang berharga?",อย่ามองฉันด้วยสายตาแบบนั้นสิ หนุ่มน้อย! มันก็ถือเป็นประสบการณ์ดีๆ ในชีวิตไม่ใช่รึไง!,"Ei, não me olha com essa cara, garoto! Isso também faz parte de uma grande experiência de vida!"
,,,홍시_신년,,1_발랄,,,"게다가 이 찻집은 <txt:bold,2>콜로세움</txt:bold>의 강자들에게 인기가 매우 많은 맛집!","Besides, this teahouse is extremely popular with the <txt:bold,2>Colosseum</txt:bold>’s top players!","それに、このお茶屋は<txt:bold,2>コロッセオ</txt:bold>の強者たちに超大人気な有名店！","而且这茶馆可是深受<txt:bold,2>竞技场</txt:bold>强者们喜爱的名店！","而且這間茶館，可是深受<txt:bold,2>競技場</txt:bold>的強者們喜愛的名店！","К тому же, чайный дом — место сбора сильнейших игроков <txt:bold,2>Колизея</txt:bold>!","Lagipun, rumah teh ini sangat popular dengan pemain teratas <txt:bold,2>Colosseum</txt:bold>!","Hơn nữa, quán trà này là quán ăn cực kỳ được các kẻ mạnh của <txt:bold,2>Đấu Trường</txt:bold> ưa chuộng!","Además, ¡esta cafetería es muy popular entre los más fuertes del <txt:bold,2>Coliseo</txt:bold>!","Belum lagi kedai teh ini adalah salah satu tempat populer untuk para pemain terkenal di <txt:bold,2>Colosseum</txt:bold> ini!","อีกอย่าง ร้านชาแห่งนี้เป็นร้านเด็ดยอดฮิตสำหรับเหล่าผู้แข็งแกร่งของ<txt:bold,2>โคลอสเซียม</txt:bold>เชียวนะ!","Além do mais, esse lugar é muito popular entre os mais fortes do <txt:bold,2>Coliseu</txt:bold>."
,,,홍시_신년,,1_훗,,,그 녀석에게 다시 배구의 재미를 일깨워줄 사람을 찾기엔 이만한 곳이 없지.,There’s no better place to find someone who can reawaken that guy’s love for volleyball.,あいつにもう一度バレーの楽しさを思い出させてくれる人を探すには、うってつけの場所なのさ。,要寻找能让那家伙重新体会排球乐趣的人，这里再合适不过了。,要找個能讓他重新體會排球樂趣的人，沒有比這裡更合適的地方了。,"Где еще мне искать человека, способного вернуть нашему председателю интерес к волейболу?",Tiada tempat yang lebih baik untuk mencari seorang yang boleh membangkitkan semula cintanya terhadap bola tampar.,"Để tìm người có thể khơi lại niềm vui bóng chuyền cho hắn, không đâu thích hợp hơn nơi này.",No hay mejor lugar para encontrar a alguien que pueda recordarle a ese tipo la diversión del vóley.,Tak ada tempat yang lebih tepat dari sini untuk mencari seseorang yang bisa memicu kembali kecintaannya pada voli.,ที่นี่เหมาะที่สุดในการค้นหาคนที่จะมาช่วยทำให้เจ้านั่นตระหนักถึงความสนุกของวอลเลย์บอลขึ้นมาอีกครั้ง,Não existe cenário melhor para encontrar alguém capaz de reacender nele a paixão pelo vôlei.
,,,홍시_신년,,1_기본,,,"소년, 그대는 어떤가?","What about you, young one?",少年、君はどうかな？,少年，你觉得呢？,老弟，你覺得如何？,"Вот ты, парень.","Bagaimana dengan awak, anak muda?","Này, còn cậu thì sao?","Chico, ¿y tú qué dices?","Bagaimana denganmu, bocah?",หนุ่มน้อย แล้วนายล่ะ?,"E você, garoto?"
,,A,홍시_신년,,1_발랄,,,"배구‥<wrt:wait,30> 좋아하는가?","Do you like... <wrt:wait,30>volleyball?","バレーは...<wrt:wait,30>好きかい？","排球...<wrt:wait,30>你喜欢吗？","喜歡...<wrt:wait,30>排球嗎？","Волейбол...<wrt:wait,30> Любишь?","Adakah awak minat... <wrt:wait,30>bola tampar?","Cậu có thích...<wrt:wait,30> bóng chuyền không?","¿Te gusta... <wrt:wait,30> el vóley?","Bola voli...<wrt:wait,30> apa kamu mencintainya?","นายชอบ...<wrt:wait,30> วอลเลย์บอลรึเปล่า?","Você... <wrt:wait,30>gosta de vôlei?"
,,A-1,당신,,,,,둘째가라면 서럽지!,Second to none!,誰にも負けないよ！,要论喜欢排球，我认第二就没人敢认第一！,論對排球的熱愛，我說第二，沒人敢說第一！,Да я один из лучших!,Tiada tandingan!,Tôi mà đứng thứ hai thì chẳng ai dám đứng thứ nhất!,¡No me quedo atrás de nadie!,Tak ada yang bisa menyaingiku dalam hal itu!,เรื่องรักวอลเลย์บอลน่ะ ฉันไม่เป็นรองใครหรอก!,Claro que gosto. Mais do que qualquer um!
,,A-2,당신,,,,,"날 못 알아보다니. 난 <txt:bold,2>콜로세움</txt:bold> 우승자다!","And you don’t recognize me? I’m a <txt:bold,2>Colosseum</txt:bold> champion!","僕に気づいてくれないなんて。<txt:bold,2>コロッセオ</txt:bold>の優勝者なのに！","居然没认出我。我可是<txt:bold,2>竞技场</txt:bold>的冠军！","妳竟然不認識我。我可是<txt:bold,2>競技場</txt:bold>的冠軍耶！","Как можно не узнать меня? Я — победитель <txt:bold,2>Колизея</txt:bold>!","Dan kamu tidak mengenali saya? Saya seorang juara <txt:bold,2>Colosseum</txt:bold>!","Không nhận ra tôi sao. Tôi là quán quân <txt:bold,2>Đấu Trường</txt:bold> đây!","¡No me reconoces! ¡Soy el campeón del <txt:bold,2>Coliseo</txt:bold>!","Masa kau tidak mengenaliku? Aku adalah champion di <txt:bold,2>Colosseum</txt:bold>!","ไม่รู้จักฉันเนี่ยนะ ฉันคือผู้ชนะของ<txt:bold,2>โคลอสเซียม</txt:bold>เชียวนะ!","Você não sabe quem eu sou? Sou o campeão do <txt:bold,2>Coliseu</txt:bold>!"
,,A-3,당신,,,,,"이거 이거, 내 티어를 보여줄 수도 없고.",I wish I could show you my tier.,まったく、ティアを見せるわけにもいかないし。,哎呀哎呀，我又不能把段位亮给你看。,真是的，總不能把我的段位秀給妳看。,"Вот, неужели не видишь мой ранг?","Wah, kalaulah saya boleh tunjukkan awak tahap saya.","Chà chà, tiếc là không thể cho cậu xem thứ hạng của tôi rồi.","Vaya, vaya... parece que no puedo mostrarte mi nivel.","Ah, sayang sekali aku tak bisa memperlihatkan tier-ku sekarang.",โอ๊ย จะโชว์เทียร์ของตัวเองให้ดูก็ไม่ได้ซะด้วย,Tsc... pena que agora não dá pra mostrar meu nível.
,,,홍시_신년,,1_발랄,,,"호오, 그렇단 말이지?","Hm, is that so?",ほぉ、そうかい？,哦，是吗？,哦，是嗎？,"Что, правда?","Hm, ya ke?","Ồ, ra là vậy à?","Oh, ¿sí que es así?","Oh, jadi begitu.",โอ้โห อย่างนั้นเองสินะ?,Ah? É mesmo?
,,,홍시_신년,,1_훗,,,"하긴 <txt:bold,2>콜로세움</txt:bold>의 강자에게서만 풍기는 투지가 그대에게서도 느껴지더군.","Well, I can sense that fighting spirit that only radiates from <txt:bold,2>Colosseum</txt:bold>’s strongest.","たしかに、<txt:bold,2>コロッセオ</txt:bold>の強者にだけ漂う闘志が君からも伝わるな。","也是，我在你身上也感受到了只有<txt:bold,2>竞技场</txt:bold>强者才有的斗志。","我就覺得，從你身上也感受到了只有<txt:bold,2>競技場</txt:bold>的強者才會散發出的鬥志。","Не спорю, от тебя веет аурой сильнейшего игрока <txt:bold,2>Колизея</txt:bold>.","Baiklah, saya dapat rasa semangat juang yang hanya ada pada yang terkuat di <txt:bold,2>Colosseum</txt:bold>.","Quả nhiên, từ cậu cũng toát ra khí thế chỉ kẻ mạnh <txt:bold,2>Đấu Trường</txt:bold> mới có.","Bueno, se nota que también tienes el espíritu de los fuertes del <txt:bold,2>Coliseo</txt:bold>.","Memang aku bisa merasakan auramu sama seperti para pemain hebat di <txt:bold,2>Colosseum</txt:bold> ini.","ก็นะ ความแน่วแน่ที่มักจะสัมผัสได้จากผู้แข็งแกร่งของ<txt:bold,2>โคลอสเซียม</txt:bold>เท่านั้นน่ะ ฉันรู้สึกได้จากนายอยู่เหมือนกัน","Hehe... dá pra sentir a garra de um verdadeiro campeão do <txt:bold,2>Coliseu</txt:bold> em você."
,,,홍시_신년,,1_기본,,,"자, 그렇다면 확인해야지.","Alright then, let’s see.",よし、それなら確認しないとな。,那么，让我来确认一下吧。,好，那樣的話就得親自確認一下了。,"Что же, тогда...","Baiklah, mari kita lihat.","Được rồi, vậy thì phải xác nhận thôi.","Bien, entonces habrá que comprobarlo.","Kalau begitu, aku harus memastikannya sendiri.",เอาล่ะ ถ้างั้นก็ต้องตรวจสอบกันหน่อย,Muito bem... Então vamos ver se tudo isso é verdade.
,,,홍시_신년,,1_발랄,,exclam,"<txt:bold,2><txt:size,2>그대가 배구를 얼마나 좋아하는지 증명해 보거라!</txt:size></txt:bold>","<txt:bold,2><txt:size,2>Prove to me just how much you love volleyball!</txt:size></txt:bold>","<txt:bold,2><txt:size,2>君がどれほどバレーが好きなのか、証明してみせてくれ！</txt:size></txt:bold>","<txt:bold,2><txt:size,2>证明给我看——你究竟有多喜欢排球！</txt:size></txt:bold>","<txt:bold,2><txt:size,2>證明給我看看，你有多喜歡排球吧！</txt:size></txt:bold>","<txt:bold,2><txt:size,2>Ну-ка покажи мне, насколько ты любишь волейбол!</txt:size></txt:bold>","<txt:bold,2><txt:size,2>Buktikan kepada saya betapa kamu cintakan bola tampar!</txt:size></txt:bold>","<txt:bold,2><txt:size,2>Hãy chứng minh cho tôi thấy cậu yêu bóng chuyền đến mức nào!</txt:size></txt:bold>","<txt:bold,2><txt:size,2>¡Demuestra cuánto te gusta el vóley!</txt:size></txt:bold>","<txt:bold,2><txt:size,2>Buktikan padaku seberapa besar kecintaanmu pada voli!</txt:size></txt:bold>","<txt:bold,2><txt:size,2>ลองพิสูจน์ดูสิว่านายชอบวอลเลย์บอลมากแค่ไหน!</txt:size></txt:bold>","<txt:bold,2><txt:size,2>Prove o quanto você ama o vôlei!</txt:size></txt:bold>"
2,경기 전,#,MAP,,,,,찻집,찻집,찻집,찻집,찻집,찻집,찻집,찻집,찻집,찻집,찻집,찻집
,,#,BGM,,,,,BGM_COMIC,BGM_COMIC,BGM_COMIC,BGM_COMIC,BGM_COMIC,BGM_COMIC,BGM_COMIC,BGM_COMIC,BGM_COMIC,BGM_COMIC,BGM_COMIC,BGM_COMIC
,,#,홍시_신년,0,1_냠,,,,,,,,,,,,,,
,,#,비올라,4,1_미소,,,,,,,,,,,,,,
,,#,이사벨,4,1_기본,,,,,,,,,,,,,,
,,,손님 A,,,,,"꺅~ 다 먹었으면, 이것도 먹어봐!","Squee! If you’re done, try this too!",きゃー！食べ終わったなら、これも食べてみて！,呀~都吃完了的话，也尝尝看这个吧！,嗯～吃完這個，再嚐嚐這個吧！,Попробуй еще вот это!,"Eee! Kalau dah habis, cuba ini juga!","Nào nào, ăn xong rồi thì thử luôn cái này đi!","¡Kya si ya te lo comiste todo, prueba esto también!","Kyahh~ kalau itu sudah habis, coba makan ini juga!",อ๊าย~ ถ้ากินหมดแล้วก็ลองกินอันนี้ด้วยสิ!,Eeei! Já acabou? Então prova isso aqui também!
,,,홍시_신년,,1_냠,,,"으‥ <wrt:wait,30>움?!<cha:pop,홍시_신년>","Ugh... <wrt:wait,30>Hm?!<cha:pop,홍시_신년>","うう...<wrt:wait,30>えっ！？<cha:pop,홍시_신년>","唔...<wrt:wait,30>唔？！<cha:pop,홍시_신년>","唔...<wrt:wait,30>嗯？！<cha:pop,홍시_신년>","Э... <wrt:wait,30>М-м?!<cha:pop,홍시_신년>","Ugh... <wrt:wait,30>Hm?!<cha:pop,홍시_신년>","Ư... <wrt:wait,30>Ưm?!<cha:pop,홍시_신년>","¡Uh... <wrt:wait,30>eh?!<cha:pop,홍시_신년>","Eh... <wrt:wait,30>Wah?!<cha:pop,홍시_신년>","อึก... <wrt:wait,30>อุ๊บ?!<cha:pop,홍시_신년>","Hã? <wrt:wait,30>Hum?<cha:pop,홍시_신년>"
,,,손님 B,,,,,"자, 자, 이 과자도 하나 먹어 보렴.","Here, here, have one of these cookies too.",ほらほら、このお菓子も一つ食べてみなよ。,来，来，也尝尝看这个点心。,來、來，這塊餅乾也品嘗一下。,И вот тебе еще вкусняшка!,"Ini, ini, cuba biskut ini juga.","Nào, nào, bánh này cũng ăn thử một cái xem.","Bueno, bueno, prueba también esta galleta.","Ini, cobain kue ini juga.",เอาล่ะๆ ลองกินขนมอันนี้ด้วยนะ,"Vai, prova esse doce também."
,,,홍시_신년,,1_삐짐,,,"오‥ <wrt:wait,30>오오!<cha:pop,홍시_신년>","Oh... <wrt:wait,30>Oooh!<cha:pop,홍시_신년>","お...<wrt:wait,30>おお！<cha:pop,홍시_신년>","噢...<wrt:wait,30>噢噢！<cha:pop,홍시_신년>","哦...<wrt:wait,30>哦哦！<cha:pop,홍시_신년>","О... <wrt:wait,30>Ого!<cha:pop,홍시_신년>","Oh... <wrt:wait,30>Oooh!<cha:pop,홍시_신년>","Ồ... <wrt:wait,30>Ồ ồ!<cha:pop,홍시_신년>","Oh... <wrt:wait,30>Oooh...<cha:pop,홍시_신년>","Oh... <wrt:wait,30>Ohhh!<cha:pop,홍시_신년>","โอ๊ะ... <wrt:wait,30>โอ้!<cha:pop,홍시_신년>","Ah... <wrt:wait,30>Aah!<cha:pop,홍시_신년>"
,,,-,,,,,"<txt:color,grey>(우물우물.)</txt:color>","<txt:color,grey>(Munch munch.)</txt:color>","<txt:color,grey>(もぐもぐ)</txt:color>","<txt:color,grey>（嚼嚼。）</txt:color>","<txt:color,grey>(嚼嚼嚼。)</txt:color>","<txt:color,grey>(Жует.)</txt:color>","<txt:color,grey>(Kunyah kunyah.)</txt:color>","<txt:color,grey>*Nhai nhồm nhoàm*</txt:color>","<txt:color,grey>(Masticando...)</txt:color>","<txt:color,grey>(Mengunyah-ngunyah.)</txt:color>","<txt:color,grey>(ง่ำๆ)</txt:color>","<txt:color,grey>(Nham, nham.)</txt:color>"
,,,홍시_신년,,1_헉,,,"‥흠.<wrt:wait,30> 어째 이 몸이 인형 취급을 받는 기분이 드는구나?!","Hmm...<wrt:wait,30> Why do I feel like I’m being treated like a doll?","...うーん。<wrt:wait,30>なんだか私が人形扱いされてる気がするんだが！？","...哼。<wrt:wait,30>怎么感觉我被当成洋娃娃了？！","...哼。<wrt:wait,30>怎麼感覺我被當成娃娃在對待啊？！","...Хм.<wrt:wait,30> Со мной обращаются как с куклой!","Hmm...<wrt:wait,30> Kenapa saya rasa dilayan seperti anak patung?","...Hừm.<wrt:wait,30> Sao tôi lại có cảm giác mình đang bị đối xử như búp bê thế này?!","...Hmm.<wrt:wait,30> ¡Siento como si me estuvieran tratando como una muñeca!","...Hmm.<wrt:wait,30> Kenapa aku merasa seperti sedang diperlakukan seperti boneka?!","...อืม<wrt:wait,30> ทำไมฉันรู้สึกว่าถูกปฏิบัติเหมือนเป็นตุ๊กตาเลยเนี่ย?!","Hum...<wrt:wait,30> Por que eu tô me sentindo como se estivesse sendo tratada como uma boneca?!"
,,,홍시_신년,,1_냠,,,"뭐, 이건 이거대로 나쁘지 않을지도‥. <wrt:wait,30><cha:face,홍시_신년,1_외침><cha:pop,홍시_신년><txt:bold,2>헉?!!</txt:bold>","Well, this isn’t so bad actually... <wrt:wait,30><cha:face,홍시_신년,1_외침><cha:pop,홍시_신년><txt:bold,2>Wait?!</txt:bold>","まぁ、これはこれで悪くないかも...。<wrt:wait,30><cha:face,홍시_신년,1_외침><cha:pop,홍시_신년><txt:bold,2>はっ！？</txt:bold>","不过，这感觉倒也不坏...<wrt:wait,30><cha:face,홍시_신년,1_외침><cha:pop,홍시_신년><txt:bold,2>嚯？！！</txt:bold>","唉呀，不過這樣好像也不賴...<wrt:wait,30><cha:face,홍시_신년,1_외침><cha:pop,홍시_신년><txt:bold,2>呃？！</txt:bold>","Может остаться здесь... <wrt:wait,30><cha:face,홍시_신년,1_외침><cha:pop,홍시_신년><txt:bold,2>Что?!!</txt:bold>","Sebenarnya ini taklah teruk sangat... <wrt:wait,30><cha:face,홍시_신년,1_외침><cha:pop,홍시_신년><txt:bold,2>Tunggu?!</txt:bold>","Nhưng mà... như vậy cũng không hẳn là tệ... <wrt:wait,30><cha:face,홍시_신년,1_외침><cha:pop,홍시_신년><txt:bold,2>Ối?!</txt:bold>","Bueno, esto... quizá no esté tan mal...<wrt:wait,30><cha:face,홍시_신년,1_외침><cha:pop,홍시_신년><txt:bold,2>¡¿Eh?!</txt:bold>","Tapi, ini tidak seburuk yang aku kira... <wrt:wait,30><cha:face,홍시_신년,1_외침><cha:pop,홍시_신년><txt:bold,2>Eh?!!</txt:bold>","แต่มันอาจไม่แย่ก็... <wrt:wait,30><cha:face,홍시_신년,1_외침><cha:pop,홍시_신년><txt:bold,2>เฮือก?!!</txt:bold>","Bom... pensando bem, até que não é tão ruim assim... <wrt:wait,30><cha:face,홍시_신년,1_외침><cha:pop,홍시_신년><txt:bold,2>Ugh!</txt:bold>"
,,,홍시_신년,,1_외침,pause,,"<txt:shake,1>아, 아니지! 난 해야 할 일이 있다! 잊을 뻔했군!</txt:shake>","<txt:shake,1>No, I have work to do! I almost forgot!</txt:shake>","<txt:shake,1>い、いや！私にはやるべきことがあるんだった！忘れるところだったぞ！</txt:shake>","<txt:shake,1>不，不对！我还有正事要办！差点就忘了！</txt:shake>","<txt:shake,1>啊，不對！ 差點忘了，我還有正事要辦！</txt:shake>","<txt:shake,1>Так, стоп! У меня же дела! Чуть не забыла!</txt:shake>","<txt:shake,1>Tidak, saya ada kerja nak buat! Saya hampir terlupa!</txt:shake>","<txt:shake,1>À, không được! Tôi còn việc phải làm! Suýt nữa thì quên mất!</txt:shake>","<txt:shake,1>¡Ah, no! ¡Tengo algo que hacer! ¡Casi lo olvido!</txt:shake>","<txt:shake,1>Bukan! Ada yang harus aku lakukan! Aku hampir saja lupa!</txt:shake>","<txt:shake,1>มะ ไม่ใช่สิ! ฉันมีสิ่งที่ต้องทำนะ! เกือบลืมไปเลย!</txt:shake>","<txt:shake,1>Ei, não! Eu tenho uma missão a cumprir! Quase esqueci!</txt:shake>"
,,,홍시_신년,,1_기본,pause,,"어디‥ <wrt:wait,30>좋아, 이제 때가 되었나.","Let’s see... <wrt:wait,30>Good. It’s finally time.","さてと...<wrt:wait,30>ふむ、もう潮時か。","我看看...<wrt:wait,30>好，时机差不多了。","我看看...<wrt:wait,30>好，時機好像差不多了。","Что же... <wrt:wait,30>Мне пора.","Mari kita lihat... <wrt:wait,30>Bagus. Akhirnya tiba masanya.","Để xem nào... <wrt:wait,30>được rồi, có lẽ đã đến lúc rồi.","Veamos... <wrt:wait,30>bien, parece que ha llegado el momento.","Coba ku lihat... <wrt:wait,30>Bagus, sepertinya tiba saatnya.","เอาล่ะ... <wrt:wait,30>โอเค ตอนนี้ได้เวลาแล้วรึยังนะ","Vejamos... <wrt:wait,30>Certo. Acho que chegou a hora."
,,,홍시_신년,,1_훗,wave,joy,"후후, 지난 경기가 끝난 뒤, <txt:bold,2>최고의 스파이커</txt:bold>가 다음 경기를 기다리고 있다는 소문을 퍼트려 놨지.","Hehe, after the last match ended, I spread a rumor that the <txt:bold,2>greatest attacker</txt:bold> is waiting for the next match.","フフ。前回の試合が終わってから、<txt:bold,2>最高のスパイカー</txt:bold>が次の試合を心待ちにしてると言い広めておいたんだ。","嘿嘿，上一场比赛结束后，我就放出了消息，说<txt:bold,2>最强主攻手</txt:bold>正在等待下一场比赛。","呵呵，上一場比賽結束後，我就把<txt:bold,2>「最強主攻手」</txt:bold>正在等待下一場比賽的傳聞放出去了。","После прошлого матча я уже донесла всем, что <txt:bold,2>лучший нападающий</txt:bold> ждет следующей битвы.","Hehe, selepas perlawanan tadi tamat, saya menyebarkan khabar angin bahawa <txt:bold,2>perejam terhebat</txt:bold> sedang menunggu perlawanan seterusnya.","Hừ hừ, sau trận đấu trước, tôi đã tung tin rằng <txt:bold,2>Tay Đập Xuất Sắc Nhất</txt:bold> đang chờ trận tiếp theo.","Je je, después del último partido, corrí el rumor de que el <txt:bold,2>mejor rematador</txt:bold> estaba esperando el próximo encuentro.","Huhu, setelah pertandingan sebelumnya selesai, aku sengaja menyebarkan rumor bahwa <txt:bold,2>Spiker terbaik</txt:bold> sedang menantikan pertandingan berikutnya.","ฮิฮิ หลังจบการแข่งขันครั้งก่อน ฉันก็กระจายข่าวลือไปเรียบร้อยแล้วว่า<txt:bold,2>สุดยอดตัวตบ</txt:bold>กำลังรอการแข่งขันครั้งต่อไปอยู่","Hehe, depois da última partida, eu espalhei o boato de que o <txt:bold,2>melhor atacante</txt:bold> estava esperando pelo próximo jogo."
,,,홍시_신년,,1_발랄,wave,,"소문이 소문을 몰고‥ <wrt:wait,30><txt:bold,2>콜로세움</txt:bold> 밖에서도 진검승부를 원하는 선수들이 우글우글 모여들게 되었다!!","Rumor after rumor spread... and now players from outside the <wrt:wait,30><txt:bold,2>Colosseum</txt:bold> are swarming in, eager for a real showdown!","噂が噂を呼んで...<wrt:wait,30><txt:bold,2>コロッセオ</txt:bold>の外からも真剣勝負を望む選手たちが、うようよ集まるようになったぞ！！","一传十，十传百...<wrt:wait,30>就连<txt:bold,2>竞技场</txt:bold>外面那些渴望一决高下的选手们也都蜂拥而至！！","一傳十、十傳百...<wrt:wait,30>就連<txt:bold,2>競技場</txt:bold>外想來場真正對決的選手們，也全都蜂擁而至！！","Слухи породили слухи...<wrt:wait,30> И теперь за <txt:bold,2>Колизеем</txt:bold> ожидает толпа игроков, жаждущих выиграть!","Makin banyak khabar angin tersebar... dan kini pemain dari luar <wrt:wait,30><txt:bold,2>Colosseum</txt:bold> sedang berkerumun, inginkan pertarungan sebenar!","Tin đồn lan truyền tin đồn... ngay cả ngoài <wrt:wait,30><txt:bold,2>Đấu Trường</txt:bold>, các tuyển thủ muốn so tài thật sự cũng ùn ùn kéo tới!!","El rumor trajo más rumores... <wrt:wait,30>¡y fuera del <txt:bold,2>Coliseo</txt:bold> empezaron a reunirse montones de jugadores deseando un verdadero enfrentamiento!","Satu rumor memancing rumor lain... <wrt:wait,30>bahkan para pemain dari luar <txt:bold,2>Colosseum</txt:bold> yang menginginkan duel sungguhan pun datang berkerumunan!!","พอข่าวลือแพร่สะพัดออกไป... <wrt:wait,30>บรรดานักกีฬานอก<txt:bold,2>โคลอสเซียม</txt:bold>ที่อยากดวลของจริงก็จะพากันแห่มา!!","Um boato levou a outro... e jogadores sedentos por um duelo de verdade começaram a surgir aos montes até fora do <wrt:wait,30><txt:bold,2>Coliseu</txt:bold>!"
,,,홍시_신년,,1_훗,wave,,"이런 간단한 책략쯤이야, 이 <txt:bold,2><txt:color,orange>홍시</txt:color></txt:bold>에겐 아무것도 아니지.","I am <txt:bold,2><txt:color,orange>Hongshi</txt:color></txt:bold>, and such a simple scheme is nothing for me.","こんな簡単なこと、この<txt:bold,2><txt:color,orange>白羽日向乃</txt:color></txt:bold>にかかれば造作もないさ。","这种雕虫小技，对我<txt:bold,2><txt:color,orange>红柿</txt:color></txt:bold>来说简直是小菜一碟。","這點小計謀，對<txt:bold,2><txt:color,orange>我</txt:color></txt:bold>來說，根本不算什麼。","Для <txt:bold,2><txt:color,orange>Хонши</txt:color></txt:bold> провернуть небольшую уловку — раз плюнуть!","Saya <txt:bold,2><txt:color,orange>Hongshi</txt:color></txt:bold>, dan rancangan semudah ini bukan apa-apa bagi saya.","Những kế sách đơn giản thế này, với <txt:bold,2><txt:color,orange>Hongsi</txt:color></txt:bold> tôi đây thì chẳng đáng gì.","Una táctica tan sencilla como esta no es nada para mí, <txt:bold,2><txt:color,orange>Hongsi</txt:color></txt:bold>.","Strategi sederhana seperti ini? Bukan apa-apa untukku, <txt:bold,2><txt:color,orange>Hongsi</txt:color></txt:bold> ini.","ชั้นเชิงง่ายๆ แบบนี้จิ๊บจ๊อยสำหรับ<txt:bold,2><txt:color,orange>ฮงชี</txt:color></txt:bold>ผู้นี้มากเลยล่ะ","Uma estratégia tão simples assim? Isso é brincadeira de criança pra mim, <txt:bold,2><txt:color,orange>Hongshi</txt:color></txt:bold>."
,,,홍시_신년,,1_기본,wave,,"흠흠, 이제 이들 중에서 누굴 <txt:bold,2>선림</txt:bold>으로 데려갈지 골라야겠는데‥ <wrt:wait,30>이거 고민되는걸‥!","Hmhm, now I need to pick who to bring back to <txt:bold,2>Seonrim</txt:bold> from all these people... <wrt:wait,30>It’s a tough choice...!","ふむふむ、彼らの中から誰を<txt:bold,2>仙林</txt:bold>に連れてくるか、選別する必要があるが...<wrt:wait,30>これは悩むな...！","咳咳，现在该从这些人里挑谁带回<txt:bold,2>先林</txt:bold>呢...<wrt:wait,30>这还真让人纠结啊...！","咳哼，現在得從這些人當中，挑個能帶回<txt:bold,2>先林</txt:bold>的...<wrt:wait,30>這還真是傷腦筋啊...！","Пора выбрать, кого из них отправить в <txt:bold,2>школу «Соллим»</txt:bold>... <wrt:wait,30>Кто же подойдет?","Hmhm, sekarang saya perlu pilih siapa yang akan dibawa balik ke <txt:bold,2>Seonrim</txt:bold> dari semua orang ini... <wrt:wait,30>Ini pilihan sukar...!","Hừm hưm, giờ phải chọn xem sẽ dẫn ai trong số này về <txt:bold,2>Seonrim</txt:bold> đây... <wrt:wait,30>Đúng là đau đầu thật...!","Hmm hmm, ahora tengo que elegir a quién de estos llevaré a <txt:bold,2>Seonlim</txt:bold>... <wrt:wait,30>¡Vaya dilema...!","Hmm, sekarang tinggal pilih... Siapa di antara mereka yang akan kubawa ke <txt:bold,2>Sunrim</txt:bold>... <wrt:wait,30>Siapa yang harus kupilih ya...!","อะแฮ่ม ทีนี้ก็ต้องเลือกว่าจะพาใครจากในนี้ไป<txt:bold,2>ซอนริม</txt:bold>ดี... <wrt:wait,30>คิดหนักจังแฮะ...!","Hum... Agora preciso escolher, entre eles, quem levar pra <txt:bold,2>Seonlim</txt:bold>... <wrt:wait,30>que dilema!"
,,,-,,,,,"<txt:color,grey>(딸랑!)</txt:color><sys:sfx,현관문_차임벨>","<txt:color,grey>(Jingle!)</txt:color><sys:sfx,현관문_차임벨>","<txt:color,grey>(カラン！)</txt:color><sys:sfx,현관문_차임벨>","<txt:color,grey>（叮铃！）</txt:color><sys:sfx,현관문_차임벨>","<txt:color,grey>(噹啷！)</txt:color><sys:sfx,현관문_차임벨>","<txt:color,grey>(Дзинь!)</txt:color><sys:sfx,현관문_차임벨>","<txt:color,grey>(Gerincing!)</txt:color><sys:sfx,현관문_차임벨>","<txt:color,grey>*Leng reng*</txt:color><sys:sfx,현관문_차임벨>","<txt:color,grey>(¡Ding!)</txt:color><sys:sfx,현관문_차임벨>","<txt:color,grey>(Kring!)</txt:color><sys:sfx,현관문_차임벨>","<txt:color,grey>(กรุ๊งกริ๊ง!)</txt:color><sys:sfx,현관문_차임벨>","<txt:color,grey>(Tlín!)</txt:color><sys:sfx,현관문_차임벨>"
,,,홍시_신년,,1_기본,,,"어서 오거라. <wrt:wait,50>‥<cha:face,홍시_신년,1_외침><txt:bold,2><txt:size,2>어?!!</txt:size></txt:bold>","Welcome. <wrt:wait,50>...<cha:face,홍시_신년,1_외침><txt:bold,2><txt:size,2>Wait, what?!</txt:size></txt:bold>","いらっしゃい。<wrt:wait,50>...<cha:face,홍시_신년,1_외침><txt:bold,2><txt:size,2>あれ！？</txt:size></txt:bold>","欢迎光临。<wrt:wait,50>...<cha:face,홍시_신년,1_외침><txt:bold,2><txt:size,2>诶？！！</txt:size></txt:bold>","歡迎光臨。<wrt:wait,50>...<cha:face,홍시_신년,1_외침><txt:bold,2><txt:size,2>咦？！！</txt:size></txt:bold>","Милости просим! <wrt:wait,50>...<cha:face,홍시_신년,1_외침><txt:bold,2><txt:size,2>Ой?!!</txt:size></txt:bold>","Selamat datang. <wrt:wait,50>...<cha:face,홍시_신년,1_외침><txt:bold,2><txt:size,2>Eh, apa?!</txt:size></txt:bold>","Mời vào. <wrt:wait,50>...<cha:face,홍시_신년,1_외침><txt:bold,2><txt:size,2>Ơ?!!</txt:size></txt:bold>","¡Bienvenidas... <wrt:wait,50>...<cha:face,홍시_신년,1_외침><txt:bold,2><txt:size,2>eh?!!</txt:size></txt:bold>","Masuklah. <wrt:wait,50>...<cha:face,홍시_신년,1_외침><txt:bold,2><txt:size,2>Eh?!!</txt:size></txt:bold>","ยินดีต้อนรับ <wrt:wait,50>...<cha:face,홍시_신년,1_외침><txt:bold,2><txt:size,2>โอ๊ะ?!!</txt:size></txt:bold>","Sejam bem-vindas! <wrt:wait,50>Hã... <cha:face,홍시_신년,1_외침><txt:bold,2><txt:size,2>Hum?!</txt:size></txt:bold>"
,,,TAG,,,,,"<cha:pos,이사벨,2><cha:pos,홍시_신년,-2><cha:pos,비올라,1>","<cha:pos,이사벨,2><cha:pos,홍시_신년,-2><cha:pos,비올라,1>","<cha:pos,이사벨,2><cha:pos,홍시_신년,-2><cha:pos,비올라,1>","<cha:pos,이사벨,2><cha:pos,홍시_신년,-2><cha:pos,비올라,1>","<cha:pos,이사벨,2><cha:pos,홍시_신년,-2><cha:pos,비올라,1>","<cha:pos,이사벨,2><cha:pos,홍시_신년,-2><cha:pos,비올라,1>","<cha:pos,이사벨,2><cha:pos,홍시_신년,-2><cha:pos,비올라,1>","<cha:pos,이사벨,2><cha:pos,홍시_신년,-2><cha:pos,비올라,1>","<cha:pos,이사벨,2><cha:pos,홍시_신년,-2><cha:pos,비올라,1>","<cha:pos,이사벨,2><cha:pos,홍시_신년,-2><cha:pos,비올라,1>","<cha:pos,이사벨,2><cha:pos,홍시_신년,-2><cha:pos,비올라,1>","<cha:pos,이사벨,2><cha:pos,홍시_신년,-2><cha:pos,비올라,1>"
,,,비올라,,1_미소,,,"<txt:wave,1>언니, 여기가 요새 그렇게 핫하대~!</txt:wave>","<txt:wave,1>They say this place is THE spot these days!</txt:wave>","<txt:wave,1>イザベルさん、ここは最近有名らしいよ～！</txt:wave>","<txt:wave,1>姐姐，听说最近这里可火了~！</txt:wave>","<txt:wave,1>姐姐，聽說這裡最近超紅的耶～！</txt:wave>","<txt:wave,1>А вот и оно, подружка, — самое популярное кафе!</txt:wave>","<txt:wave,1>Orang kata inilah tempat paling popular sekarang!</txt:wave>","<txt:wave,1>Chị ơi, dạo này chỗ này hot lắm đó!</txt:wave>","<txt:wave,1>¡Hermana, dicen que este lugar está súper de moda!</txt:wave>","<txt:wave,1>Kak, katanya tempat ini lagi ngeboom~!</txt:wave>","<txt:wave,1>พี่ ฉันได้ยินว่าช่วงนี้ที่นี่ฮิตมากเลยล่ะ~!</txt:wave>","<txt:wave,1>Isabel, dizem que esse lugar tá super em alta ultimamente!</txt:wave>"
,,,이사벨,,1_기본,,,"후후, 알았어. 그렇게 잡아끌지 마, <txt:bold,2><txt:color,orange>비올라</txt:color></txt:bold>.","Hehe, I know. Stop dragging me, <txt:bold,2><txt:color,orange>Viola</txt:color></txt:bold>.","ふふ、分かったわ。そう引っ張らないで。<txt:bold,2><txt:color,orange>ヴィオラ</txt:color>。</txt:bold>","嘿嘿，知道啦。别这样拉我嘛，<txt:bold,2><txt:color,orange>维奥拉</txt:color></txt:bold>。","唉唷，知道了。別這樣拉我嘛，<txt:bold,2><txt:color,orange>維奧拉</txt:color></txt:bold>。","Поняла я! Хватит тянуть, <txt:bold,2><txt:color,orange>Виолла</txt:color></txt:bold>.","Hehe, saya tahu. Sudahlah tarik-tarik ni, <txt:bold,2><txt:color,orange>Viola</txt:color></txt:bold>.","Hihi, biết rồi. Đừng kéo chị như vậy chứ, <txt:bold,2><txt:color,orange>Viola</txt:color></txt:bold>.","Je je, está bien. No me jales así, <txt:bold,2><txt:color,orange>Viola</txt:color></txt:bold>.","Huhu, iya, aku tahu. Jangan tarik-tarik aku, <txt:bold,2><txt:color,orange>Viola</txt:color></txt:bold>.","ฮิฮิ รู้แล้วน่า ไม่ต้องลากฉันขนาดนั้นก็ได้ <txt:bold,2><txt:color,orange>วิโอล่า</txt:color></txt:bold>","Calma, eu já entendi. Não precisa me puxar assim, <txt:bold,2><txt:color,orange>Viola</txt:color></txt:bold>."
,,,홍시_신년,,1_외침,,,"<txt:shake,1><txt:color,grey>(저, 저건‥!)</txt:color></txt:shake>","<txt:shake,1><txt:color,grey>(Th-that’s...!)</txt:color></txt:shake>","<txt:shake,1><txt:color,grey>(あ､あれは...！)</txt:color></txt:shake>","<txt:shake,1><txt:color,grey>（那，那是...！）</txt:color></txt:shake>","<txt:shake,1><txt:color,grey>(那、那是...！)</txt:color></txt:shake>","<txt:shake,1><txt:color,grey>(Э...Это же...!)</txt:color></txt:shake>","<txt:shake,1><txt:color,grey>(Itu...!)</txt:color></txt:shake>","<txt:shake,1><txt:color,grey>(Kia... kia là...!)</txt:color></txt:shake>","<txt:shake,1><txt:color,grey>(¡E-eso...!)</txt:color></txt:shake>","<txt:shake,1><txt:color,grey>(I, itu kan...!)</txt:color></txt:shake>","<txt:shake,1><txt:color,grey>(นะ นั่นมัน...!)</txt:color></txt:shake>","<txt:shake,1><txt:color,grey>(N-não pode ser...)</txt:color></txt:shake>"
,,,홍시_신년,,1_발랄,,exclam,"<txt:color,grey><txt:size,2>(말로만 듣던 <txt:bold,2>콜로세움의 여왕</txt:bold>‥!!)</txt:size></txt:color>","<txt:color,grey><txt:size,2>(The legendary <txt:bold,2>Queen of the Colosseum</txt:bold>...!)</txt:size></txt:color>","<txt:color,grey><txt:size,2>(巷で噂の<txt:bold,2>コロッセオの女王</txt:bold>...！！)</txt:size></txt:color>","<txt:color,grey><txt:size,2>（只闻其名的<txt:bold,2>竞技场女王</txt:bold>...！！）</txt:size></txt:color>","<txt:color,grey><txt:size,2>(只在傳聞中聽過的<txt:bold,2>競技場女王</txt:bold>...！！)</txt:size></txt:color>","<txt:color,grey><txt:size,2>(<txt:bold,2>Королева Колизея</txt:bold>, о которой я столько слышала...!!)</txt:size></txt:color>","<txt:color,grey><txt:size,2>(<txt:bold,2>Ratu Colosseum</txt:bold> yang selama ini hanya saya dengar...!)</txt:size></txt:color>","<txt:color,grey><txt:size,2>(<txt:bold,2>Nữ Hoàng Đấu Trường</txt:bold> trong lời đồn...!!)</txt:size></txt:color>","<txt:color,grey><txt:size,2>(<txt:bold,2>¡La reina del Coliseo</txt:bold>, de la que solo había oído hablar...!!)</txt:size></txt:color>","<txt:color,grey><txt:size,2>(<txt:bold,2>Ratu Colosseum</txt:bold> yang terkenal itu...!!)</txt:size></txt:color>","<txt:color,grey><txt:size,2>(<txt:bold,2>ราชินีแห่งโคลอสเซียม</txt:bold>ที่เขาว่ากันนี่นา...!!)</txt:size></txt:color>","<txt:color,grey><txt:size,2>(Aquela é a lendária <txt:bold,2>Rainha do Coliseu</txt:bold>!)</txt:size></txt:color>"
,,,홍시_신년,,1_외침,,,"<txt:color,grey>(잠깐, 저 사람이라면‥. <txt:bold,2>류현</txt:bold>에게 배구의 재미를 다시 일깨워 줄 수 있지 않을까?)</txt:color>","<txt:color,grey>(Wait, if it’s her... couldn’t she reawaken <txt:bold,2>Ryuhyeon</txt:bold>’s love for volleyball?)</txt:color>","<txt:color,grey>(待てよ、あの人なら...<txt:bold,2>青龍真一</txt:bold>に、バレーの楽しさをもう一度思い出させてくれるんじゃないか？)</txt:color>","<txt:color,grey>（等等，如果是那个人的话...是不是就能让<txt:bold,2>昊天</txt:bold>重新找回打排球的乐趣？）</txt:color>","<txt:color,grey>(等等，如果是她的話...說不定能讓<txt:bold,2>昊天</txt:bold>重新體會到排球的樂趣？)</txt:color>","<txt:color,grey>(Может быть, она сможет вернуть <txt:bold,2>Рюхёну</txt:bold> былой интерес к волейболу?)</txt:color>","<txt:color,grey>(Tapi, jika itu dia... bukankah dia boleh membangkitkan semula cinta <txt:bold,2>Ryuhyeon</txt:bold> terhadap bola tampar?)</txt:color>","<txt:color,grey>(Khoan đã, nếu là người đó thì... chẳng phải có thể khơi lại niềm vui bóng chuyền cho <txt:bold,2>Ryuhyeon</txt:bold> sao?)</txt:color>","<txt:color,grey>(Espera, si es esa persona... ¿no podría recordarle a <txt:bold,2>Ryuhyeon</txt:bold> la diversión del vóley?)</txt:color>","<txt:color,grey>(Bentar, kalau orang itu... Mungkinkah dia bisa membangkitkan kembali keseruan voli bagi <txt:bold,2>Ryuhyun</txt:bold>?)</txt:color>","<txt:color,grey>(เดี๋ยวนะ ถ้าเป็นคนนั้นล่ะก็... น่าจะช่วยทำให้<txt:bold,2>รยูฮยอน</txt:bold>ตระหนักถึงความสนุกของวอลเลย์บอลขึ้นมาอีกครั้งได้รึเปล่า?)</txt:color>","<txt:color,grey>(Espera... se for ela, talvez dê pra reacender em <txt:bold,2>Ryuhyeon</txt:bold> a paixão pelo vôlei.)</txt:color>"
,,,홍시_신년,-1,1_외침,,,"여왕! 초면이지만, 그대에게 부탁이 있다‥!","Your Majesty! We just met, but I have a favor to ask...!",女王！初対面だが、君に頼みがあるんだ...！,女王！虽然是初次见面，但我有一事相求...！,女王！初次見面，我有事相求...！,"Ваше величество! Пусть мы видимся впервые, у меня есть просьба...!","Tuanku! Kita baru sahaja bertemu, tetapi saya ada permintaan...!","Nữ Hoàng! Dù là lần đầu gặp mặt, nhưng tôi có chuyện muốn nhờ...!","¡Reina! Aunque acabamos de conocernos, ¡tengo un favor que pedirte...!","Ratu! Memang kita baru bertemu, tapi aku ingin meminta bantuan...!",ราชินี! ขอโทษนะ แต่ฉันมีเรื่องจะขอร้องเธอน่ะ...!,"Rainha! Eu sei que acabamos de nos conhecer, mas preciso da sua ajuda!"
,,,손님 A,,,,,"<txt:bold,2><txt:size,2><txt:shake,1>꺄아아아악—!!</txt:shake></txt:size></txt:bold><cha:pop,홍시_신년><cha:pos,홍시_신년,-2>","<txt:bold,2><txt:size,2><txt:shake,1>Kyaaaah!</txt:shake></txt:size></txt:bold><cha:pop,홍시_신년><cha:pos,홍시_신년,-2>","<txt:bold,2><txt:size,2><txt:shake,1>きゃー！！</txt:shake></txt:size></txt:bold><cha:pop,홍시_신년><cha:pos,홍시_신년,-2>","<txt:bold,2><txt:size,2><txt:shake,1>呀啊啊啊——！！</txt:shake></txt:size></txt:bold><cha:pop,홍시_신년><cha:pos,홍시_신년,-2>","<txt:bold,2><txt:size,2><txt:shake,1>呀啊啊啊啊...！！</txt:shake></txt:size></txt:bold><cha:pop,홍시_신년><cha:pos,홍시_신년,-2>","<txt:bold,2><txt:size,2><txt:shake,1>А-а-а!!</txt:shake></txt:size></txt:bold><cha:pop,홍시_신년><cha:pos,홍시_신년,-2>","<txt:bold,2><txt:size,2><txt:shake,1>Kyaaaah!</txt:shake></txt:size></txt:bold><cha:pop,홍시_신년><cha:pos,홍시_신년,-2>","<txt:bold,2><txt:size,2><txt:shake,1>Ááááá!!</txt:shake></txt:size></txt:bold><cha:pop,홍시_신년><cha:pos,홍시_신년,-2>","<txt:bold,2><txt:size,2><txt:shake,1>¡Kyaaaa—!!</txt:shake></txt:size></txt:bold><cha:pop,홍시_신년><cha:pos,홍시_신년,-2>","<txt:bold,2><txt:size,2><txt:shake,1>Kyaahhh—!!</txt:shake></txt:size></txt:bold><cha:pop,홍시_신년><cha:pos,홍시_신년,-2>","<txt:bold,2><txt:size,2><txt:shake,1>กรี๊ดดด—!!</txt:shake></txt:size></txt:bold><cha:pop,홍시_신년><cha:pos,홍시_신년,-2>","<txt:bold,2><txt:size,2><txt:shake,1>Kyaaaa!</txt:shake></txt:size></txt:bold><cha:pop,홍시_신년><cha:pos,홍시_신년,-2>"
,,,손님 B,,,,,"오늘도 멋졌어요, 여왕님!!","You were amazing today, Your Majesty!",今日もステキでした、女王様！！,今天也好帅啊，女王大人！！,今天也好帥喔，女王！！,Вы и сегодня были просто невероятны!!,Tuanku sungguh hebat hari ini!,Hôm nay Nữ Hoàng cũng tuyệt quá!!,"¡Hoy también estuvo increíble, su majestad!!","Anda luar biasa juga pada hari ini, ratu!!",วันนี้ก็เท่มากเลยค่ะ ท่านราชินี!!,"Você foi incrível hoje também, Rainha!"
,,,손님 A,,,,,싸인! 싸인 부탁드려요~!,"Can I get your autograph, please?!",サイン！サインしてくださ～い！,签名！请给我签名~！,簽名！請幫我簽名～！,Автограф! Дайте автограф!,Boleh saya dapatkan autograf?!,Cho tôi xin chữ ký với!,"¡Autógrafo! ¡Por favor, un autógrafo!",Tanda tangan! Tolong tanda tangannya~!,ลายเซ็น! ขอลายเซ็นหน่อยนะคะ~!,"Pode me dar um autógrafo, por favor?"
,,,손님 B,,,,,저랑 셀카 한 장만 찍어주세요!!,Please take a selfie with me!,私と一緒に、自撮りを一枚だけお願いします！！,请和我自拍一张！！,拜託跟我合照！！,Можно с вами сфотографироваться?,Tolong ambil swafoto dengan saya!,Làm ơn selfie với tôi một tấm đi!!,"¡Por favor, tómate una selfie conmigo!!",Boleh foto selfie satu kali saja dengan saya?!,ช่วยถ่ายเซลฟี่กับฉันหน่อยค่า!!,E uma selfie comigo também?!
,,,-,,,,,"<eff:shake,2><txt:bold,2><txt:size,2><txt:shake,1><txt:color,grey>(우당탕탕!)</txt:color></txt:shake></txt:size></txt:bold>","<eff:shake,2><txt:bold,2><txt:size,2><txt:shake,1><txt:color,grey>(Crash! Bang!)</txt:color></txt:shake></txt:size></txt:bold>","<eff:shake,2><txt:bold,2><txt:size,2><txt:shake,1><txt:color,grey>(バタバタ！)</txt:color></txt:shake></txt:size></txt:bold>","<eff:shake,2><txt:bold,2><txt:size,2><txt:shake,1><txt:color,grey>（轰隆隆！）</txt:color></txt:shake></txt:size></txt:bold>","<eff:shake,2><txt:bold,2><txt:size,2><txt:shake,1><txt:color,grey>(匡噹匡噹！)</txt:color></txt:shake></txt:size></txt:bold>","<eff:shake,2><txt:bold,2><txt:size,2><txt:shake,1><txt:color,grey>(Шум гам)</txt:color></txt:shake></txt:size></txt:bold>","<eff:shake,2><txt:bold,2><txt:size,2><txt:shake,1><txt:color,grey>(Boom! Bang!)</txt:color></txt:shake></txt:size></txt:bold>","<eff:shake,2><txt:bold,2><txt:size,2><txt:shake,1><txt:color,grey>*Ồ ạt*</txt:color></txt:shake></txt:size></txt:bold>","<eff:shake,2><txt:bold,2><txt:size,2><txt:shake,1><txt:color,grey>(¡Caos total!)</txt:color></txt:shake></txt:size></txt:bold>","<eff:shake,2><txt:bold,2><txt:size,2><txt:shake,1><txt:color,grey>(Brak! Gedebuk!)</txt:color></txt:shake></txt:size></txt:bold>","<eff:shake,2><txt:bold,2><txt:size,2><txt:shake,1><txt:color,grey>(โครมคราม!)</txt:color></txt:shake></txt:size></txt:bold>","<eff:shake,2><txt:bold,2><txt:size,2><txt:shake,1><txt:color,grey>(Baam!)</txt:color></txt:shake></txt:size></txt:bold>"
,,,홍시_신년,,1_외침,,,"<txt:shake,1>여, 여왕, 그러니까 이 몸과‥!</txt:shake>","<txt:shake,1>Y-Your Majesty, so what I’m trying to say is...!</txt:shake>","<txt:shake,1>じょ、女王！つまり、私と...！</txt:shake>","<txt:shake,1>女，女王，所以能不能和我...！</txt:shake>","<txt:shake,1>女、女王，那個...能不能和我...！</txt:shake>","<txt:shake,1>Ваше величество, я только хотела...</txt:shake>","<txt:shake,1>T-Tuanku, sebenarnya apa yang saya nak cakap ialah...!</txt:shake>","<txt:shake,1>Nữ, Nữ Hoàng, ý tôi là... cùng tôi...!</txt:shake>","<txt:shake,1>¡Re-reina, entonces tú... conmigo...!</txt:shake>","<txt:shake,1>Ra, ratu, jadi itu maksudku...!</txt:shake>","<txt:shake,1>ระ ราชินี ก็คือว่าฉัน...!</txt:shake>","<txt:shake,1>R-Rainha, então... eu gostaria de...</txt:shake>"
,,,비올라,,1_기본,,,"<txt:wave,1>자자, 모두들! 언니가 곤란해하잖아~</txt:wave>","<txt:wave,1>Alright everyone! You’re making her uncomfortable!</txt:wave>","<txt:wave,1>さあさあ、みんな！イザベルさんが困ってるでしょ～</txt:wave>","<txt:wave,1>好了好了，大家！姐姐很为难啊~</txt:wave>","<txt:wave,1>好了好了，各位！姐姐會很困擾的～</txt:wave>","<txt:wave,1>Успокойтесь, ее величеству неудобно!</txt:wave>","<txt:wave,1>Sudahlah semua! Korang mengganggu dia!</txt:wave>","<txt:wave,1>Nào nào, mọi người! Chị ấy đang khó xử đấy!</txt:wave>","<txt:wave,1>¡Ya, ya, todos! ¡Están poniendo a mi hermana en aprietos!</txt:wave>","<txt:wave,1>Semuanya, coba tenanglah! Kalian membuat kakak jadi kesulitan~</txt:wave>","<txt:wave,1>เอาล่ะๆ ทุกคน! พี่เขาลำบากใจนะ~</txt:wave>","<txt:wave,1>Calma, gente! Assim vocês vão acabar deixando ela constrangida...</txt:wave>"
,,,비올라,,1_기본,,,오늘은 언니가 경기 끝난 직후라 많이 피곤해. 다들 언니를 너무 괴롭히면 안 돼.,Today she just finished a match and she’s really tired. Let’s leave her in peace.,イザベルさんは、今日の試合が終わったばかりでお疲れなの。イザベルさんをあまり困らせないで。,今天姐姐刚比完赛，很累了。大家不能太折腾姐姐哦。,姐姐今天才剛比完賽，很累了。大家就別太為難她。,Она только что после матча! Хватит мучать ее величество!,Hari ini dia baru sahaja selesai bertanding dan dia sangat letih. Biarkan dia berehat.,Hôm nay chị ấy vừa thi đấu xong nên rất mệt. Mọi người đừng làm phiền chị ấy nữa.,"Hoy mi hermana está muy cansada porque acaba de terminar un partido. No la molesten demasiado, ¿sí?",Kakak sedang lelah karena dia baru selesai bertanding. Jadi jangan terlalu mengganggunya.,วันนี้พี่เขาเหนื่อยมากเพราะเพิ่งแข่งเสร็จ ทุกคนอย่ารบกวนกันเกินไปเลยนะ,"Ela acabou de jogar, tá exausta. Vamos dar um tempo pra ela."
,,,비올라,,1_미소,,,"<txt:bold,2>콜로세움의 여왕</txt:bold>에게도 휴식이 필요하다고~","Even the <txt:bold,2>Queen of the Colosseum</txt:bold> needs her rest, you know.","<txt:bold,2>コロッセオの女王</txt:bold>にも休憩は必要なんだから～","<txt:bold,2>竞技场女王</txt:bold>也是需要休息的~","<txt:bold,2>競技場女王</txt:bold>也是需要休息的～","Пусть наша <txt:bold,2>королева Колизея</txt:bold> отдохнет.","Malah <txt:bold,2>Ratu Colosseum</txt:bold> pun perlukan rehat, tahu.","<txt:bold,2>Nữ Hoàng Đấu Trường</txt:bold> cũng cần được nghỉ ngơi!","Incluso la <txt:bold,2>Reina del Coliseo</txt:bold> necesita descansar.","<txt:bold,2>Ratu Colosseum</txt:bold> juga membutuhkan istirahat~","<txt:bold,2>ราชินีแห่งโคลอสเซียม</txt:bold>ก็ต้องพักผ่อนเหมือนกัน~","Até a <txt:bold,2>Rainha do Coliseu</txt:bold> precisa descansar!"
,,,이사벨,,1_기본,,,"<txt:bold,2><txt:color,orange>비올라</txt:color></txt:bold>, 그렇게 부르지 마. <txt:wave,1>부끄럽단 말이야~</txt:wave>","<txt:bold,2><txt:color,orange>Viola</txt:color></txt:bold>, don’t call me that. <txt:wave,1>It’s embarrassing!</txt:wave>","<txt:bold,2><txt:color,orange>ヴィオラ</txt:color></txt:bold>、そう呼ばないで。<txt:wave,1>恥ずかしいでしょ～</txt:wave>","<txt:bold,2><txt:color,orange>维奥拉</txt:color></txt:bold>，别那么叫我。<txt:wave,1>怪不好意思的~</txt:wave>","<txt:bold,2><txt:color,orange>維奧拉</txt:color></txt:bold>，別那樣叫我。<txt:wave,1>很不好意思耶～</txt:wave>","<txt:bold,2><txt:color,orange>Виолла</txt:color></txt:bold>, не надо этих церемоний. <txt:wave,1>Стыд какой!</txt:wave>","<txt:bold,2><txt:color,orange>Viola</txt:color></txt:bold>, jangan panggil saya begitu. Malu<txt:wave,1>!</txt:wave>","<txt:bold,2><txt:color,orange>Viola</txt:color></txt:bold>, đừng gọi như vậy. <txt:wave,1>Chị xấu hổ lắm!</txt:wave>","<txt:bold,2><txt:color,orange>Viola</txt:color></txt:bold>, no me llames así. <txt:wave,1>¡Me da vergüenza!</txt:wave>","<txt:bold,2><txt:color,orange>Viola</txt:color></txt:bold>, jangan panggilku begitu. <txt:wave,1>Aku jadi malu~</txt:wave>","<txt:bold,2><txt:color,orange>วิโอล่า</txt:color></txt:bold> อย่าเรียกฉันแบบนั้นสิ <txt:wave,1>มันน่าอายออก~</txt:wave>","<txt:bold,2><txt:color,orange>Viola</txt:color></txt:bold>, para... não me chama assim. <txt:wave,1>Eu fico sem jeito</txt:wave>."
,,,홍시_신년,,1_난처,,,"저, 저기‥!","Um, excuse me...!",あ、あの...！,那，那个...！,那、那個...！,Минутку...!,"Um, maafkan saya...!",Chuyện là...!,E-eh...!,Jadi itu...!,คะ คือว่า...!,C-com licença...
,,,손님 B,,,,,"헉, <txt:bold,2><txt:color,orange>비올라</txt:color></txt:bold> 씨도 너무 예뻐요‥!","Aww, <txt:bold,2><txt:color,orange>Viola</txt:color></txt:bold>, you’re so pretty too...!","はっ、<txt:bold,2><txt:color,orange>ヴィオラ</txt:color></txt:bold>さんもすごくステキです...！","哇，<txt:bold,2><txt:color,orange>维奥拉</txt:color></txt:bold>小姐也好漂亮...！","哇，<txt:bold,2><txt:color,orange>維奧拉</txt:color></txt:bold>也好漂亮...！","Вау, <txt:bold,2><txt:color,orange>Виолла</txt:color></txt:bold> тоже такая красавица...!","Ohh, <txt:bold,2><txt:color,orange>Viola</txt:color></txt:bold>, awak pun sangat cantik...!","Hự, <txt:bold,2><txt:color,orange>Viola</txt:color></txt:bold> cũng xinh quá...!","¡Ah! ¡<txt:bold,2><txt:color,orange>Viola</txt:color></txt:bold>, tú también eres muy hermosa...!","Wah, <txt:bold,2><txt:color,orange>Viola</txt:color></txt:bold> juga cantik sekali ya...!","โห คุณ<txt:bold,2><txt:color,orange>วิโอล่า</txt:color></txt:bold>ก็สวยมากเลยค่ะ...!","Ah! <txt:bold,2><txt:color,orange>Viola</txt:color></txt:bold>, você também é linda!"
,,,손님 A,,,,,"<txt:bold,2><txt:color,orange>비올라</txt:color></txt:bold> 선수 셀카 한 번만 부탁드려요!","<txt:bold,2><txt:color,orange>Viola</txt:color></txt:bold>, can I get a selfie with you please!","<txt:bold,2><txt:color,orange>ヴィオラ</txt:color></txt:bold>選手も一枚だけ写真お願いします！","<txt:bold,2><txt:color,orange>维奥拉</txt:color></txt:bold>选手，请和我自拍一张吧！","<txt:bold,2><txt:color,orange>維奧拉</txt:color></txt:bold>選手，我們可以一起自拍一張嗎！","<txt:bold,2><txt:color,orange>Виолла</txt:color></txt:bold>, можно с вами сфотографироваться?","<txt:bold,2><txt:color,orange>Viola</txt:color></txt:bold>, boleh saya ambil swafoto dengan awak!","Tuyển thủ <txt:bold,2><txt:color,orange>Viola</txt:color></txt:bold>, cho tôi xin selfie chung một tấm được không?","¡ <txt:bold,2><txt:color,orange>Viola</txt:color></txt:bold>, por favor, una selfie contigo solo una vez!","Atlet <txt:bold,2><txt:color,orange>Viola</txt:color></txt:bold>, boleh minta satu selfie?","นักกีฬา<txt:bold,2><txt:color,orange>วิโอล่า</txt:color></txt:bold>คะ ขอเซลฟี่สักรูปนะคะ!","<txt:bold,2><txt:color,orange>Viola</txt:color></txt:bold>, tira uma selfie comigo, por favor?!"
,,,홍시_신년,,1_난처,shake,,"<txt:color,grey>(수, 숨 막혀. 사람들이 너무 몰렸어‥!)</txt:color>","<txt:color,grey>(I-I can’t breathe. Too many people are crowding in...!)</txt:color>","<txt:color,grey>(い、息が詰まりそうだ。人が多すぎる...！)</txt:color>","<txt:color,grey>（透，透不过气了。人太多了...！）</txt:color>","<txt:color,grey>(好、好擠。人太多了...！)</txt:color>","<txt:color,grey>(Уф, дышать нечем, столько народу...!)</txt:color>","<txt:color,grey>(S-Sesak nafas. Ramai sangat orang berkerumun...!)</txt:color>","<txt:color,grey>(Ngộp thở quá... người đông quá...!)</txt:color>","<txt:color,grey>(¡Ugh, me estoy ahogando! ¡Hay demasiada gente...!)</txt:color>","<txt:color,grey>(S‑sesak napas. Terlalu banyak orang disini...!)</txt:color>","<txt:color,grey>(หะ หายใจไม่ออก คนเบียดกันเกินไปแล้ว...!)</txt:color>","<txt:color,grey>(N-não consigo respirar... tem gente demais...)</txt:color>"
,,,홍시_신년,,1_난처,shake,,"<txt:color,grey>(비, 비켜라‥!<wrt:wait,30><cha:face,홍시_신년,1_삐짐> 비켜!<wrt:wait,30><cha:face,홍시_신년,1_삐짐> ‥에에잇, 어쩔 수 없지‥!)</txt:color>","<txt:color,grey>(M-move aside...!<wrt:wait,30><cha:face,홍시_신년,1_삐짐> Move!<wrt:wait,30><cha:face,홍시_신년,1_삐짐> ...Ugh, no choice...!)</txt:color>","<txt:color,grey>(ど、どけ...！<wrt:wait,30><cha:face,홍시_신년,1_삐짐>どくのだ！<wrt:wait,30><cha:face,홍시_신년,1_삐짐>...ええい、ままよ...！)</txt:color>","<txt:color,grey>（让，让开...！<wrt:wait,30><cha:face,홍시_신년,1_삐짐>让开！<wrt:wait,30><cha:face,홍시_신년,1_삐짐>...哎呀，没办法了...！）</txt:color>","<txt:color,grey>(讓、讓開...！<wrt:wait,30><cha:face,홍시_신년,1_삐짐>讓開！<wrt:wait,30><cha:face,홍시_신년,1_삐짐>...唉呀，沒辦法了...！)</txt:color>","<txt:color,grey>(Двиньтесь...!<wrt:wait,30><cha:face,홍시_신년,1_삐짐> С дороги!<wrt:wait,30><cha:face,홍시_신년,1_삐짐> Уф, ничего не поделаешь...!)</txt:color>","<txt:color,grey>(K-ke tepi...!<wrt:wait,30><cha:face,홍시_신년,1_삐짐> Tepi!<wrt:wait,30><cha:face,홍시_신년,1_삐짐> ...Ugh, tiada pilihan...!)</txt:color>","<txt:color,grey>(Tránh ra...!<wrt:wait,30><cha:face,홍시_신년,1_삐짐> Tránh ra đi!<wrt:wait,30><cha:face,홍시_신년,1_삐짐> ...Hừm, hết cách rồi...!)</txt:color>","<txt:color,grey>(¡Apártate...! <wrt:wait,30><cha:face,홍시_신년,1_삐짐>¡Déjenme pasar! ...<wrt:wait,30><cha:face,홍시_신년,1_삐짐>¡Rayos, no hay otra opción...!)</txt:color>","<txt:color,grey>(M‑minggir...!<wrt:wait,30><cha:face,홍시_신년,1_삐짐> Minggir!<wrt:wait,30><cha:face,홍시_신년,1_삐짐> ...Ya sudahlah...!)</txt:color>","<txt:color,grey>(ละ หลีกไปนะ...!<wrt:wait,30><cha:face,홍시_신년,1_삐짐> หลีกไป!<wrt:wait,30><cha:face,홍시_신년,1_삐짐> ...ฮึ่ย ช่วยไม่ได้...!)</txt:color>","<txt:color,grey>(Saiam... <wrt:wait,30><cha:face,홍시_신년,1_삐짐>saiam da frente! <wrt:wait,30><cha:face,홍시_신년,1_삐짐>Tsc... não tem outro jeito!)</txt:color>"
,,,홍시_신년,,2_어흥,pause,exclam,"<cha:pop,홍시_신년><eff:shake,2><txt:bold,2><txt:size,2>조용히 하거라아아앗—!!!</txt:size></txt:bold>","<cha:pop,홍시_신년><eff:shake,2><txt:bold,2><txt:size,2>Everyone quiet down!!!</txt:size></txt:bold>","<cha:pop,홍시_신년><eff:shake,2><txt:bold,2><txt:size,2>静かにしろおおおっー！！！</txt:size></txt:bold>","<cha:pop,홍시_신년><eff:shake,2><txt:bold,2><txt:size,2>都给我安静点——！！！</txt:size></txt:bold>","<cha:pop,홍시_신년><eff:shake,2><txt:bold,2><txt:size,2>都給我安靜！！！</txt:size></txt:bold>","<cha:pop,홍시_신년><eff:shake,2><txt:bold,2><txt:size,2>Замолчите все!!!</txt:size></txt:bold>","<cha:pop,홍시_신년><eff:shake,2><txt:bold,2><txt:size,2>Semua diam!!!</txt:size></txt:bold>","<cha:pop,홍시_신년><eff:shake,2><txt:bold,2><txt:size,2>Im lặng hết cho tôi!!!</txt:size></txt:bold>","<cha:pop,홍시_신년><eff:shake,2><txt:bold,2><txt:size,2>¡Cállenseee! —!!!</txt:size></txt:bold>","<cha:pop,홍시_신년><eff:shake,2><txt:bold,2><txt:size,2>Diam semuanyaaaa—!!!</txt:size></txt:bold>","<cha:pop,홍시_신년><eff:shake,2><txt:bold,2><txt:size,2>เงียบเดี๋ยวนี้น้าาา—!!!</txt:size></txt:bold>","<cha:pop,홍시_신년><eff:shake,2><txt:bold,2><txt:size,2>Silêncioooo!</txt:size></txt:bold>"
,,,-,,,,,"<txt:color,grey>(<txt:bold,2>홍시</txt:bold>가 호통을 치자 가게 안이 순식간에 조용해졌다.)</txt:color>","<txt:color,grey>(When <txt:bold,2>Hongshi</txt:bold> shouted, the shop fell silent in an instant.)</txt:color>","<txt:color,grey>(<txt:bold,2>白羽日向乃</txt:bold>が怒鳴り声をあげるなり、店内が一瞬で静かになった。)</txt:color>","<txt:color,grey>（<txt:bold,2>红柿</txt:bold>一声怒吼，店里瞬间安静了下来。）</txt:color>","<txt:color,grey>(<txt:bold,2>洪詩</txt:bold>一聲怒吼，店裡瞬間鴉雀無聲。)</txt:color>","<txt:color,grey>(Крик <txt:bold,2>Хонши</txt:bold> вмиг вернул тишину в чайный дом.)</txt:color>","<txt:color,grey>(Apabila <txt:bold,2>Hongshi</txt:bold> menjerit, kedai terus menjadi senyap.)</txt:color>","<txt:color,grey>(Khi <txt:bold,2>Hongsi</txt:bold> quát lớn, cả quán lập tức im phăng phắc.)</txt:color>","<txt:color,grey>(En cuanto <txt:bold,2>Hongsi</txt:bold> gritó, la cafetería quedó en silencio al instante.)</txt:color>","<txt:color,grey>(Begitu <txt:bold,2>Hongsi</txt:bold> berteriak, suasana di dalam kedai langsung jadi sunyi.)</txt:color>","<txt:color,grey>(ทันทีที่<txt:bold,2>ฮงชี</txt:bold>ตวาด ทั้งร้านก็เงียบลงในชั่วพริบตา)</txt:color>","<txt:color,grey>(Com o grito de <txt:bold,2>Hongshi</txt:bold>, o local mergulha em silêncio num instante.)</txt:color>"
,,,홍시_신년,,1_훗,nervous,,모두들 큰 소리를 내서 미안하다.,"Sorry for raising my voice, everyone.",大声を出してすまない。,大家，对不起，我声音太大了。,抱歉，嚇到各位了。,Извините за крик.,"Maaf kerana meninggikan suara, semua.",Xin lỗi mọi người vì đã lớn tiếng.,Lo siento a todos por alzar tanto la voz.,Maaf atas teriakanku.,ขอโทษทุกคนด้วยนะที่ฉันขึ้นเสียงใส่,Peço desculpas por ter gritado com vocês.
,,,홍시_신년,,1_삐짐,nervous,,하지만 여긴 가게 안 아니겠느냐. 다들 조금 조용히 하거라.,But we’re inside a shop. Please keep it down a bit.,でも、ここは店内だ。みんな少し静かにしてくれ。,但这里毕竟是店里，大家都稍微安静点。,但這裡畢竟是店裡，還請各位注意音量。,"Но вы в кафе, так что попрошу потише!",Tetapi ini sebuah kedai. Tolong senyapkan sedikit.,"Nhưng đây là trong quán mà, phải không? Mọi người giữ trật tự một chút.","Pero, ¿no estamos dentro de la cafetería? Así que, todos, un poco de silencio, por favor.",Tapi kalian terlalu ribut di dalam kedai. Jadi coba agak tenang.,แต่ที่นี่คือในร้านชานะ ทุกคนช่วยเสียงเบากันหน่อยเถอะ,"Mas estamos dentro de um estabelecimento. Então, por favor, façam um pouco de silêncio."
,,,손님 A,,,,,"죄송합니다‥. <wrt:wait,30>민폐를 끼쳤네요‥.","We’re sorry... <wrt:wait,30>We didn’t mean to...","ごめんなさい...<wrt:wait,30>迷惑をかけちゃいましたね...。","对不起...<wrt:wait,30>给您添麻烦了...","對不起...<wrt:wait,30>給您添麻煩了...","Извините... <wrt:wait,30>Простите за неудобства...","Kami minta maaf... <wrt:wait,30>Kami tidak berniat...","Xin lỗi... <wrt:wait,30>Chúng tôi đã gây phiền phức...","Lo siento... <wrt:wait,30>hemos causado molestias...","Maafkan saya... <wrt:wait,30>Saya telah merepotkan orang-orang...","ขอโทษนะคะ... <wrt:wait,30>ที่สร้างความเดือดร้อน...","Perdão... <wrt:wait,30>a gente passou do limite..."
,,,손님 B,,,,,실례했습니다‥.,Excuse us...,すみませんでした...。,失礼了...,真是不好意思...,Прошу прощения...,Maafkan kami...,Tôi thất lễ rồi...,Disculpe...,Saya minta maaf...,ขอโทษค่ะ...,Desculpa...
,,,홍시_신년,,1_발랄,,,"알면 됐다. <wrt:wait,30><cha:pop,홍시_신년>엣헴! 다들 착하구나.","Good. As long as you understand. <wrt:wait,30><cha:pop,홍시_신년>Ahem! You’re all well-behaved.","分かればいいさ。<wrt:wait,30><cha:pop,홍시_신년>コホン！みんな優しいんだな。","知道就好。<wrt:wait,30><cha:pop,홍시_신년>哼哼！大家都很乖嘛。","知道就好。<wrt:wait,30><cha:pop,홍시_신년>咳哼！大家都蠻聽話的嘛。","Ну вот и ладненько. <wrt:wait,30><cha:pop,홍시_신년>Все такие добрые!","Bagus. Asalkan kamu faham. <wrt:wait,30><cha:pop,홍시_신년>Ahem! Kamu semua baik-baik.","Biết vậy là được. <wrt:wait,30><cha:pop,홍시_신년>E hèm! Mọi người thật hiền lành.","Con que lo entiendan, basta. ¡Ejem! <wrt:wait,30><cha:pop,홍시_신년>Todos son muy buenos chicos.","Tidak apa jika kalian sudah sadar. <wrt:wait,30><cha:pop,홍시_신년>Ehem! Sepertinya kalian orang yang baik.","เข้าใจก็ดีแล้วล่ะ <wrt:wait,30><cha:pop,홍시_신년>อะแฮ่ม! ทุกคนเป็นเด็กดีกันจริงๆ","Tudo bem. <wrt:wait,30><cha:pop,홍시_신년>Cahem! Vocês são bons jovens."
,,,손님 A,,,,,"‥<wrt:wait,30>귀여워.","...<wrt:wait,30>So cute.","...<wrt:wait,30>可愛い。","...<wrt:wait,30>好可爱。","...<wrt:wait,30>好可愛。","...<wrt:wait,30>Как мило.","...<wrt:wait,30>Comelnya.","...<wrt:wait,30>Dễ thương thật.","...<wrt:wait,30>¡Qué linda!","...<wrt:wait,30>Imut sekali.","...<wrt:wait,30>น่ารักจัง","Hum... <wrt:wait,30>Que gracinha."
,,,홍시_신년,,1_기본,,,"‥흠? 뭐라고 했느냐? <wrt:break><wrt:wait,30>잘 안 들렸다만, 뭐, 아무튼 좋아.","Hm...? What was that? <wrt:break><wrt:wait,30>I didn’t quite catch it, but anyway.","...え？なんだって？<wrt:break><wrt:wait,30>よく聞こえなかったが、まあいいか。","...嗯？你说什么？<wrt:break><wrt:wait,30>虽然没听清，不过算了，无所谓。","...嗯？你說什麼？<wrt:break><wrt:wait,30>我沒聽清楚，不過算了。","...Чего? <wrt:break><wrt:wait,30>Не слышно ничего, ну да ладно.","Hm...? Apa tu? <wrt:break><wrt:wait,30>Tak berapa dengar tadi, tetapi tak apa.","...Hửm? Cậu nói gì cơ? <wrt:break><wrt:wait,30>Tôi nghe không rõ lắm, nhưng thôi, được rồi.","...¿Hmm? ¿Qué dijiste? No lo escuché bien, pero... <wrt:break><wrt:wait,30>bueno, está bien.","...Hmm? Apa yang barusan kamu katakan? <wrt:break><wrt:wait,30>Meski tidak terdengar jelas, tapi ya sudahlah.","...หืม? พูดว่าอะไรนะ? <wrt:break><wrt:wait,30>ถึงจะได้ยินไม่ชัดก็เถอะ แต่ก็ดีเลย","Oi? O que foi que você disse? <wrt:break><wrt:wait,30>Não ouvi direito... mas deixa pra lá."
,,,홍시_신년,,1_외침,,,"이곳은 <txt:bold,2>콜로세움 티 하우스</txt:bold>, 강자 중의 강자들이 모여드는 곳 아니겠나.","This is <txt:bold,2>Colosseum Teahouse</txt:bold>, where the best of the best players gather.","ここは<txt:bold,2>コロッセオ・ティーハウス</txt:bold>、強者の中でも強者が集う場所じゃないか。","这里可是<txt:bold,2>竞技场茶馆</txt:bold>，是强者中的强者聚集的地方。","這裡可是<txt:bold,2>競技場茶館</txt:bold>，是強者中的強者聚集的地方。","Ведь это <txt:bold,2>чайный дом Колизея</txt:bold>! Место, где собираются сильнейшие игроки!","Ini adalah <txt:bold,2>Colosseum Teahouse</txt:bold>, di mana pemain terbaik berkumpul.","Nơi đây là <txt:bold,2>Trà Quán Đấu Trường</txt:bold>, nơi các kẻ mạnh trong những kẻ mạnh tụ hội, phải không nào.","Esta es la <txt:bold,2>Casa de té del Coliseo</txt:bold>, ¿no es el lugar donde se reúnen los más fuertes entre los fuertes?","Bukankah ini adalah <txt:bold,2>Colosseum Tea House</txt:bold>, tempat berkumpulnya para atlet terkuat.","<txt:bold,2>ร้านชาโคลอสเซียม</txt:bold>แห่งนี้ คือที่ที่เหล่าผู้แข็งแกร่งมารวมตัวกัน","Aqui é a <txt:bold,2>Casa de Chá do Coliseu</txt:bold>, ponto de encontro dos mais fortes entre os fortes."
,,A,홍시_신년,-1,1_삐짐,,,"다들 체통을 지켜라! <wrt:wait,30>‥그대도 마찬가지다! 소년!","Everyone should maintain some dignity! <wrt:wait,30>...That goes for you too, young one!","みんな、行動は慎んでくれ！<wrt:wait,30>...君もだぞ！少年！","大家都注意点体统！<wrt:wait,30>...你也一样！少年！","各位要有點樣子！<wrt:wait,30>...你也一樣！老弟！","Держите лицо, ребятки! <wrt:wait,30>... И ты тоже, парень!","Semua orang harus menjaga maruah! <wrt:wait,30>...Termasuk awak ya, anak muda!","Tất cả hãy giữ thể diện đi! <wrt:wait,30>...Cậu cũng vậy đấy!","¡Todos mantengan la compostura! <wrt:wait,30>...¡Tú también, chico!","Coba bersikap lebih sopan! <wrt:wait,30>...Begitu juga denganmu! Bocah!","ทุกคนรักษามารยาทด้วย! <wrt:wait,30>...นายก็เหมือนกันนะ! หนุ่มน้อย!","Comportem-se! <wrt:wait,30>Inclusive você, garoto!"
,,A-1,당신,,,,,"‥어, 엇?!",Wh-what?!,...えっ！？,...哦，噢？！,...咦、什麼？！,...Что-что?!,Ap-apa?!,"...Ơ, ờ?!","...¿Eh, qué?!","...Eh, eh?!",...หะ หา?!,Hã?
,,A-2,당신,,,,,나?,Me?,僕？,我？,我嗎？,Я?,Saya?,Tôi á?,¿Yo?,Aku?,ฉันเหรอ?,Eu?
,,A-3,당신,,,,,보고 있었어?,You were looking at me?,見てたの？,在看我吗？,妳有在注意我？,Ты следила за мной?,Awak pandang saya?,Cậu đang nhìn tôi sao?,¿Me estabas observando?,Kau memperhatikanku?,มองอยู่เหรอเนี่ย?,Você tava me observando?
,,A,홍시_신년,,1_외침,,,"당연하지! 지난번엔 어마어마한 스파이크를 보여줘서 제법 눈여겨봤는데, 이렇게 보고만 있다니, 너무하다!","Of course! I saw your incredible spike last time, so I’ve been keeping an eye on you. And now you’re just standing there watching? Come on!",当然さ！この前はとんでもないスパイクを見せたから目をつけてたのに、ただ見てるだけだなんて、ひどいぞ！,当然了！上次你展现了惊人的扣球，我很看好你，没想到你就这么看着，太过分了！,那當然！上次你那驚天動地的扣球，讓我印象深刻，沒想到你竟然就這麼看著，太過分了！,Конечно! Твой легендарный нападающий удар трудно забыть! Ну что ты так смотришь?,"Sudah tentu! Saya pernah nampak rejaman awak yang hebat, jadi saya telah memerhatikan awak. Dan sekarang awak nak menonton saja? Ayuh!","Tất nhiên rồi! Lần trước cậu đã tung ra một cú đập kinh khủng, tôi còn chú ý đến cậu đấy, vậy mà giờ chỉ đứng nhìn thôi, quá đáng thật!","¡Claro que sí! La última vez mostraste un remate increíble, te estuve observando de cerca, ¡y ahora te quedas mirando sin ayudarme, eso no está bien!","Tentu saja! Kau menarik perhatianku karena Spike luar biasa yang kau tunjukkan sebelumnya, tapi kali ini kamu malah diam saja, aku agak kecewa!",แน่นอนสิ! ครั้งก่อนนายโชว์การตบที่สุดยอดให้เห็น ฉันถึงได้คอยจับตามอง แต่ตอนนี้นายกลับยืนดูเฉยๆ แบบนี้ มันเกินไปแล้วนะ!,"Claro! Depois daquela cortada impressionante da última vez, fiquei de olho em você. E agora? Só assistindo? Que decepção!"
,,A-1,당신,,,,,‥.,...,...。,...,...,...,...,...,...,...,...,...
,,A-2,당신,,,,,‥.,...,...。,...,...,...,...,...,...,...,...,...
,,A-3,당신,,,,,갑자기 왜 나한테 불똥이 튀는 거야‥.,"Why me, all of a sudden...?",どうして僕に⋯,怎么突然火烧到我身上了...,幹嘛突然把矛頭指向我...,А при чем тут я?,"Kenapa saya, tiba-tiba...?",Sao tự nhiên lại lôi tôi vào chuyện này chứ...,¿Por qué de repente me cae la culpa a mí...?,Kenapa tiba-tiba aku yang kena getahnya...,ทำไมจู่ๆ ฉันถึงโดนหางเลขไปด้วยเนี่ย...,"Por que isso sobrou logo pra mim, do nada?"
,,,홍시_신년,,1_삐짐,,angry,"실망이다, 소년, 이 몸은 그대와 배구를 하지 않을 거다. 흥! <wrt:wait,30>‥내일은 모르겠지만.","That’s right! I’m disappointed, young one. I won’t play volleyball with you. Hmph! <wrt:wait,30>Though tomorrow’s a different story...","まったく！ガッカリだよ、少年。私は君とバレーをしないぞ。ふん！<wrt:wait,30>...明日はどうなるか分からないけどな。","没错！太失望了，少年，我不和你打排球了。哼！<wrt:wait,30>...明天可就不一定了。","對！太讓我失望了，老弟，我才不要跟你打排球。哼！<wrt:wait,30>...明天可就不一定了。","Ты меня обидел! Не буду с тобой играть в волейбол. <wrt:wait,30>По крайней мере сегодня!","Betul! Saya kecewa, anak muda. Saya takkan bermain bola tampar dengan awak. Hmph! <wrt:wait,30>Tapi esok lain cerita...","Được rồi! Tôi thất vọng lắm. Tôi sẽ không chơi bóng chuyền với cậu đâu. Hứ! <wrt:wait,30>...Ngày mai thì chưa biết.","¡Eso es! Qué decepción, chico, no voy a jugar vóley contigo. ¡Hum! <wrt:wait,30>......Aunque mañana quién sabe.","Iya! Aku kecewa denganmu, bocah, aku tidak akan bermain voli denganmu. Hmph! <wrt:wait,30>...Belum yakin untuk besok sih.","ใช่! น่าผิดหวังมากนะ หนุ่มน้อย ฉันจะไม่เล่นวอลเลย์บอลกับนายหรอก ฮึ่ม! <wrt:wait,30>...ส่วนพรุ่งนี้ค่อยว่ากันอีกที","Decepcionante. Hoje não jogo com você. Hmph! <wrt:wait,30>Bom... amanhã talvez."
,,,이사벨,,1_흥분,,silent,"<txt:bold,2>‥어마어마한 스파이크?</txt:bold><scr:noskip>","<txt:bold,2>Incredible spike...?</txt:bold><scr:noskip>","<txt:bold,2>...とんでもないスパイクですって？</txt:bold><scr:noskip>","<txt:bold,2>...惊人的扣球？</txt:bold><scr:noskip>","<txt:bold,2>...驚天動地的扣球？</txt:bold><scr:noskip>","<txt:bold,2>Легендарный нападающий удар?</txt:bold><scr:noskip>","<txt:bold,2>Rejaman yang hebat...?</txt:bold><scr:noskip>","<txt:bold,2>...Cú đập kinh khủng?</txt:bold><scr:noskip>","<txt:bold,2>...¿Un remate increíble?</txt:bold><scr:noskip>","<txt:bold,2>...Spike luar biasa?</txt:bold><scr:noskip>","<txt:bold,2>...การตบที่สุดยอด?</txt:bold><scr:noskip>","<txt:bold,2>Cortada impressionante?</txt:bold><scr:noskip>"
,,,TAG,,,,,"<eff:black,4>","<eff:black,4>","<eff:black,4>","<eff:black,4>","<eff:black,4>","<eff:black,4>","<eff:black,4>","<eff:black,4>","<eff:black,4>","<eff:black,4>","<eff:black,4>","<eff:black,4>"
,,,TAG,,,,,"<cha:qpos,이사벨,4><cha:qpos,홍시_신년,-2><cha:qpos,비올라,2><sys:bgm,BGM_PEACE4,1300>","<cha:qpos,이사벨,4><cha:qpos,홍시_신년,-2><cha:qpos,비올라,2><sys:bgm,BGM_PEACE4,1300>","<cha:qpos,이사벨,4><cha:qpos,홍시_신년,-2><cha:qpos,비올라,2><sys:bgm,BGM_PEACE4,1300>","<cha:qpos,이사벨,4><cha:qpos,홍시_신년,-2><cha:qpos,비올라,2><sys:bgm,BGM_PEACE4,1300>","<cha:qpos,이사벨,4><cha:qpos,홍시_신년,-2><cha:qpos,비올라,2><sys:bgm,BGM_PEACE4,1300>","<cha:qpos,이사벨,4><cha:qpos,홍시_신년,-2><cha:qpos,비올라,2><sys:bgm,BGM_PEACE4,1300>","<cha:qpos,이사벨,4><cha:qpos,홍시_신년,-2><cha:qpos,비올라,2><sys:bgm,BGM_PEACE4,1300>","<cha:qpos,이사벨,4><cha:qpos,홍시_신년,-2><cha:qpos,비올라,2><sys:bgm,BGM_PEACE4,1300>","<cha:qpos,이사벨,4><cha:qpos,홍시_신년,-2><cha:qpos,비올라,2><sys:bgm,BGM_PEACE4,1300>","<cha:qpos,이사벨,4><cha:qpos,홍시_신년,-2><cha:qpos,비올라,2><sys:bgm,BGM_PEACE4,1300>","<cha:qpos,이사벨,4><cha:qpos,홍시_신년,-2><cha:qpos,비올라,2><sys:bgm,BGM_PEACE4,1300>","<cha:qpos,이사벨,4><cha:qpos,홍시_신년,-2><cha:qpos,비올라,2><sys:bgm,BGM_PEACE4,1300>"
,,,-,,,,,"<txt:bold,3><txt:color,grey>~30분 후~</txt:color></txt:bold>","<txt:bold,3><txt:color,grey>30 minutes later</txt:color></txt:bold>","<txt:bold,3><txt:color,grey>～30分後～</txt:color></txt:bold>","<txt:bold,3><txt:color,grey>~30分钟后~</txt:color></txt:bold>","<txt:bold,3><txt:color,grey>~30分鐘後~</txt:color></txt:bold>","<txt:bold,3><txt:color,grey>30 минут спустя</txt:color></txt:bold>","<txt:bold,3><txt:color,grey>30 minit kemudian</txt:color></txt:bold>","<txt:bold,3><txt:color,grey>~ 30 phút sau ~</txt:color></txt:bold>","<txt:bold,3><txt:color,grey>30 minutos después</txt:color></txt:bold>","<txt:bold,3><txt:color,grey>~30 menit kemudian~</txt:color></txt:bold>","<txt:bold,3><txt:color,grey>~30 นาทีต่อมา~</txt:color></txt:bold>","<txt:bold,3><txt:color,grey>30 minutos depois...</txt:color></txt:bold>"
,,,비올라,2,1_다급함,,,"<txt:shake,1>자, 잠깐!! 언니 혹시 못 봤어?!</txt:shake>","<txt:shake,1>W-wait!! Have you seen my sister?!</txt:shake>","<txt:shake,1>ね、ねぇ！イザベルさんを見てない！？</txt:shake>","<txt:shake,1>等，等等！！你看见我姐姐了吗？！</txt:shake>","<txt:shake,1>等、等一下！！妳剛才沒看到姐姐嗎？！</txt:shake>","<txt:shake,1>Куда она делась?!</txt:shake>","<txt:shake,1>T-tunggu!! Awak nampak tak kakak saya?!</txt:shake>","<txt:shake,1>Này, khoan đã!! Cậu có thấy chị ấy đâu không?!</txt:shake>","<txt:shake,1> ¡E-espera!! ¿Has visto a mi hermana?</txt:shake>","<txt:shake,1>Be, bentar!! Apa kamu melihat kakakku?!</txt:shake>","<txt:shake,1>ดะ เดี๋ยวก่อน!! เธอเห็นพี่บ้างไหม?!</txt:shake>","<txt:shake,1>Ei, espera!! Você viu a Isabel?!</txt:shake>"
,,,홍시_신년,,1_기본,,,응? 무슨 일인가? 그렇게 다급한 목소리로.,Hm? What happened? What’s the hurry?,うん？何事だ？ずいぶん慌ててるようだが。,嗯？怎么了？这么着急。,嗯？怎麼了？什麼事那麼著急。,Что случилось? К чему такая спешка?,Hm? Apa yang berlaku? Kenapa tergesa-gesa?,Hả? Có chuyện gì vậy? Sao giọng gấp gáp thế.,¿Eh? ¿Qué pasa? Con esa voz tan urgente.,Hm? Ada apa? Kamu terdengar panik.,หืม? มีเรื่องอะไรเหรอ? เสียงร้อนรนจัง,Hã? O que foi? Por que esse desespero todo?
,,,비올라,,1_난처,,,"크, 큰일 났어! <txt:bold,2><txt:color,orange>이사벨</txt:color></txt:bold> 언니가 안 보여!","This is bad! I can’t find <txt:bold,2><txt:color,orange>Isabel</txt:color></txt:bold>!","た、大変なの！<txt:bold,2><txt:color,orange>イザベル</txt:color></txt:bold>さんが見当たらなくて！","出，出大事了！<txt:bold,2><txt:color,orange>伊莎贝尔</txt:color></txt:bold>姐姐不见了！","不、不好了！<txt:bold,2><txt:color,orange>伊莎貝爾</txt:color></txt:bold>姐姐不見了！","Беда! <txt:bold,2><txt:color,orange>Изабель</txt:color></txt:bold> пропала!","Teruknya! Saya tak dapat cari <txt:bold,2><txt:color,orange>Isabel</txt:color></txt:bold>!","Có chuyện lớn rồi! Không thấy chị <txt:bold,2><txt:color,orange>Isabel</txt:color></txt:bold> đâu cả!","¡E-es un desastre! ¡No encuentro a mi hermana <txt:bold,2><txt:color,orange>Isabel</txt:color></txt:bold>!","B-bahaya! Kak <txt:bold,2><txt:color,orange>Isabel</txt:color></txt:bold> tidak kelihatan!","กะ เกิดเรื่องใหญ่แล้ว! พี่<txt:bold,2><txt:color,orange>อิซาเบล</txt:color></txt:bold>หายไป!","D-deu ruim! A <txt:bold,2><txt:color,orange>Isabel</txt:color></txt:bold> sumiu!"
,,,홍시_신년,,1_헉,,,"헉?!<cha:pop,홍시_신년> 화, 화장실에 간 건 아닌가? <wrt:break><cha:face,홍시_신년,1_외침>‥아니, 얼굴이 새파래진 걸 보니 상황이 심상치 않은 게 분명하군!","What?!<cha:pop,홍시_신년> Did she go to the bathroom? <wrt:break><cha:face,홍시_신년,1_외침>No, your face is pale, so this must be serious!","なに！？<cha:pop,홍시_신년>ト、トイレに行ったんじゃないか？<wrt:break><cha:face,홍시_신년,1_외침>...いや。こんな真っ青になって、事態はかなり深刻のようだな！","啊？！<cha:pop,홍시_신년>是不是去洗手间了？<wrt:break><cha:face,홍시_신년,1_외침>...不对，看你脸色发白了，情况肯定不妙！","什麼？！<cha:pop,홍시_신년>會不會是去廁所了？<wrt:break><cha:face,홍시_신년,1_외침>...不對，看妳臉色慘白成那樣，事情肯定不單純！","Что?!<cha:pop,홍시_신년> Может, в туалет вышла? <wrt:break><cha:face,홍시_신년,1_외침>...Нет, по твоему бледному лицу видно, что дело серьёзное!","Apa?!<cha:pop,홍시_신년> Dia pergi ke tandas ke? <wrt:break><cha:face,홍시_신년,1_외침>Tidak, muka awak pucat, jadi ini pasti serius!","Hả?!<cha:pop,홍시_신년> Không phải chị ấy đi vệ sinh sao? <wrt:break><cha:face,홍시_신년,1_외침>...Không, nhìn mặt cậu tái mét thế kia thì rõ ràng là không ổn rồi!","¡Ah! <cha:pop,홍시_신년>¿Se habrá ido al baño?<wrt:break><cha:face,홍시_신년,1_외침> ...No, al ver que tu cara está tan pálida, seguro que la situación no es normal.","Eh?!<cha:pop,홍시_신년> Bukankah dia sedang ke kamar mandi? <wrt:break><cha:face,홍시_신년,1_외침>...Melihat wajahmu menjadi pucat begitu, sepertinya terjadi hal yang darurat!","หา?!<cha:pop,홍시_신년> ปะ ไปห้องน้ำรึเปล่า? <wrt:break><cha:face,홍시_신년,1_외침>...ไม่สิ ดูจากที่เธอหน้าซีดขนาดนี้แล้ว คงไม่ใช่เรื่องเล็กสินะ!","O quê?! <cha:pop,홍시_신년>Ela não foi ao banheiro?<wrt:break><cha:face,홍시_신년,1_외침> Não... pela sua cara, a situação tá séria!"
,,,비올라,,1_다급함,,,당장 사람을 불러서 찾아 줘. 이대로 두면 정말 큰일 나! 이대로 두면‥.,"Get someone to search for her right now. If we leave her alone, it’s not going to end well...!",今すぐ人を呼んで探して。このままだと本当に大変なことになっちゃう！このままだと...。,快点叫人帮忙找！再这样下去真的会出大事的！再这样下去...,快點叫人幫忙找她啊。再這樣下去真的會出大事的！再這樣下去...,"Скорее вызывайте людей! Нужно срочно отправиться на поиски, а не иначе...","Cari orang untuk mencarinya sekarang. Kalau kita biarkan dia seorang, teruk nanti...!",Mau gọi người đi tìm đi. Cứ để thế này là xảy ra chuyện lớn mất!,"Llama a alguien ahora mismo para que nos ayude a buscarla. ¡Si no la detenemos, va a pasar algo grave! ¡Si no la detenemos...!","Cepat panggil orang-orang untuk mencarinya. Kalau dibiarkan begini, benar‑benar bisa gawat! Kalau dibiarkan...",รีบเรียกคนมาช่วยกันหาที ขืนปล่อยไว้แบบนี้เรื่องใหญ่แน่! ขืนปล่อยไว้แบบนี้ล่ะก็...,"Chama todo mundo agora e começa a procurar! Se deixar assim, vai dar um problemão!"
,,,홍시_신년,,1_외침,,,"<txt:shake,1>아, 알겠다! 지금이라도 신고를‥.</txt:shake>","<txt:shake,1>O-okay! I’ll report it right now...</txt:shake>","<txt:shake,1>わ、分かった！今からでも通報を...。</txt:shake>","<txt:shake,1>知，知道了！现在就报警...</txt:shake>","<txt:shake,1>好、我知道了！我現在就去報警...</txt:shake>","<txt:shake,1>Поняла, будет сделано.</txt:shake>","<txt:shake,1>O-okay! Saya laporkan sekarang...</txt:shake>","<txt:shake,1>Được, được rồi! Để tôi báo ngay...</txt:shake>","<txt:shake,1>¡Ah, ya entiendo! ¡Aunque sea ahora, voy a reportarlo...!</txt:shake>","<txt:shake,1>A-aku mengerti! Aku akan langsung lapor...</txt:shake>","<txt:shake,1>ขะ เข้าใจแล้ว! ฉันจะรีบแจ้งตำ...</txt:shake>","<txt:shake,1>T-tá bom! Eu vou ligar pra...</txt:shake>"
,,,비올라,,1_항의,,exclam,"<txt:bold,2><txt:size,2>언니가 또 누군가에게 청혼하고 말 거야!</txt:size></txt:bold><scr:noskip><sys:sfx,드럼_1>","<txt:bold,2><txt:size,2>She’s going to propose to someone again!</txt:size></txt:bold><scr:noskip><sys:sfx,드럼_1>","<txt:bold,2><txt:size,2>イザベルさんがまた誰かにプロポーズしちゃう！</txt:size></txt:bold><scr:noskip><sys:sfx,드럼_1>","<txt:bold,2><txt:size,2>姐姐又要向别人求婚了！</txt:size></txt:bold><scr:noskip><sys:sfx,드럼_1>","<txt:bold,2><txt:size,2>姐姐又要跟別人求婚了啦！</txt:size></txt:bold><scr:noskip><sys:sfx,드럼_1>","<txt:bold,2><txt:size,2>Она ведь опять сделает кому-нибудь предложение!</txt:size></txt:bold><scr:noskip><sys:sfx,드럼_1>","<txt:bold,2><txt:size,2>Dia akan melamar seseorang lagi!</txt:size></txt:bold><scr:noskip><sys:sfx,드럼_1>","<txt:bold,2><txt:size,2>Chị ấy lại cầu hôn ai đó mất thôi!</txt:size></txt:bold><scr:noskip><sys:sfx,드럼_1>","<txt:bold,2><txt:size,2>¡Mi hermana va a terminar pidiéndole matrimonio a alguien otra vez!</txt:size></txt:bold><scr:noskip><sys:sfx,드럼_1>","<txt:bold,2><txt:size,2>Kakak bakal melamar seseorang lagi!</txt:size></txt:bold><scr:noskip><sys:sfx,드럼_1>","<txt:bold,2><txt:size,2>เดี๋ยวพี่ได้ไปขอใครแต่งงานอีกแน่เลย!</txt:size></txt:bold><scr:noskip><sys:sfx,드럼_1>","<txt:bold,2><txt:size,2>Ela vai acabar pedindo alguém em casamento de novo!</txt:size></txt:bold><scr:noskip><sys:sfx,드럼_1>"
,,,홍시_신년,,1_헉,pause,quest,"<wrt:delay,7>‥응?</wrt:delay>","<wrt:delay,7>...Huh?</wrt:delay>","<wrt:delay,7>...ん？</wrt:delay>","<wrt:delay,7>...嗯？</wrt:delay>","<wrt:delay,7>...嗯？</wrt:delay>","<wrt:delay,7>Что?</wrt:delay>","<wrt:delay,7>...Huh?</wrt:delay>","<wrt:delay,7>...Hả?</wrt:delay>","<wrt:delay,7>¿Eh?</wrt:delay>","<wrt:delay,7>...Eh?</wrt:delay>","<wrt:delay,7>...หา?</wrt:delay>","<wrt:delay,7>Hã?</wrt:delay>"
,,,비올라,,1_다급함,nervous,,"<txt:shake,1>큰일이야. 설마 그걸 입고 오는 건 아니겠지‥?</txt:shake>","<txt:shake,1>This is a disaster. She wouldn’t be wearing that, would she...?</txt:shake>","<txt:shake,1>大変よ。まさか、あれを着てきたりしないよね...？</txt:shake>","<txt:shake,1>糟了。她该不会是穿着那个来的吧...？</txt:shake>","<txt:shake,1>糟了。她該不會把那個穿來了吧...？</txt:shake>","<txt:shake,1>Что же делать? Она же не переодеваться побежала...?</txt:shake>","<txt:shake,1>Habislah. Dia takkan memakai benda itu, kan...?</txt:shake>","<txt:shake,1>Chết rồi. Không lẽ chị ấy lại mặc cái đó tới...?</txt:shake>","<txt:shake,1>Es un problemón. No me digas que va a venir vestida así...?</txt:shake>","<txt:shake,1>Gawat sekali. Jangan bilang dia akan datang sambil mengenakan itu...?</txt:shake>","<txt:shake,1>เรื่องใหญ่จริงๆ คงไม่ใช่ว่าจะใส่อันนั้นมาหรอกนะ...?</txt:shake>","<txt:shake,1>Isso é péssimo. Ela não vai aparecer usando aquilo... né?</txt:shake>"
,,,비올라,,1_난처,nervous,,"<txt:shake,1>아, 아니야. 내가 꼭꼭 숨겨뒀는데‥ 쉽게 찾을 리 없어.</txt:shake>","<txt:shake,1>No way. I hid it so well... there’s no way she’d find it.</txt:shake>","<txt:shake,1>う、ううん。しっかり隠しておいたし...そう簡単に見つからないはず。</txt:shake>","<txt:shake,1>不，不会的。我藏得好好的...她不可能轻易找到。</txt:shake>","<txt:shake,1>不、不會的。我明明藏得好好的...不可能那麼輕易就找到。</txt:shake>","<txt:shake,1>Нет-нет, я хорошо все припрятала. Так просто не найдет.</txt:shake>","<txt:shake,1>Tak mungkin. Saya dah sembunyikannya dengan baik... mustahil dia dapat mencarinya.</txt:shake>","<txt:shake,1>Không, không đâu. Tôi đã giấu rất kỹ rồi... chị ấy không thể dễ dàng tìm ra được.</txt:shake>","<txt:shake,1>Ah, no. Lo había escondido súper bien... no lo va a encontrar tan fácil.</txt:shake>","<txt:shake,1>T‑tidak mungkin. Aku sudah menyembunyikannya rapat‑rapat... mustahil dia bisa menemukannya dengan mudah.</txt:shake>","<txt:shake,1>มะ ไม่หรอกน่า ฉันซ่อนเอาไว้อย่างดีแล้วนี่นา... ไม่มีทางหาเจอง่ายๆ แน่</txt:shake>","<txt:shake,1>N-não... eu escondi muito bem. Ela não acharia fácil.</txt:shake>"
,,,비올라,,1_다급함,nervous,,"<txt:shake,1>하지만, 지난번에도 그렇게 생각했다가‥.</txt:shake>","<txt:shake,1>But then again, I thought that last time too...</txt:shake>","<txt:shake,1>でも、この前もそう思ってたら...。</txt:shake>","<txt:shake,1>但是，上次我也这么想，结果...</txt:shake>","<txt:shake,1>可是，上次我也是這麼想的...</txt:shake>","<txt:shake,1>Хотя в прошлый раз я думала то же самое...</txt:shake>","<txt:shake,1>Namun begitu, kali terakhir pun saya fikir begitu...</txt:shake>","<txt:shake,1>Nhưng lần trước cũng nghĩ thế, mà rồi thì...</txt:shake>","<txt:shake,1>Pero la última vez también pensé lo mismo...</txt:shake>","<txt:shake,1>Tapi... pada waktu itu aku juga berpikir begitu...</txt:shake>","<txt:shake,1>แต่ครั้งก่อนก็คิดแบบนั้น แล้วสรุปก็...</txt:shake>","<txt:shake,1>Mas... da última vez eu também pensei isso...</txt:shake>"
,,,홍시_신년,,1_헉,,shy,"처, 청혼이라니. 갑자기 무슨 말인가?",P-propose? What are you even talking about?,プ、プロポーズだなんて。急に何の話だ？,求，求婚？突然说什么呢？,求、求婚？怎麼會突然這麼說？,Что значит «сделает предложение»?,M-melamar? Apa yang awak cakapkan?,"C, cầu hôn ư? Đột nhiên là sao vậy?",P-propuesta de matrimonio... ¿¡De qué estás hablando de repente!?,M‑melamar? Apa maksudmu itu?,ขะ ขอแต่งงานเนี่ยนะ พูดเรื่องอะไรของเธอน่ะ?,C-calma... casamento? Do que você tá falando?
,,,비올라,,1_난처,,,언니는 배구를 무지 잘하는 선수를 보면‥.,When my sister sees a really good volleyball player...,イザベルさんは、バレーが上手な選手を見ると...。,姐姐只要看到排球打得超级好的人...,姐姐她啊，只要看到排球打得特別好的人...,Изабель при встрече с хорошим волейболистом,Apabila kakak saya melihat pemain bola tampar yang sangat bagus...,Chị ấy hễ thấy tuyển thủ nào chơi bóng chuyền giỏi là...,Cuando ve a alguien que juega voleibol increíblemente bien...,Kalau kakak melihat pemain voli yang hebat...,เวลาพี่เจอนักกีฬาที่เล่นวอลเลย์บอลเก่งทีไร...,Quando a Isabel vê alguém que joga vôlei absurdamente bem...
,,,비올라,,1_난처,,,"<txt:bold,2>일단 청혼부터 해버리거든.</txt:bold>","<txt:bold,2>She just proposes on the spot.</txt:bold>","<txt:bold,2>なりふり構わずプロポーズしちゃうの。</txt:bold>","<txt:bold,2>就会先求婚。</txt:bold>","<txt:bold,2>就會先求婚再說。</txt:bold>","<txt:bold,2>сразу делает ему предложение.</txt:bold>","<txt:bold,2>Dia akan terus melamarnya.</txt:bold>","<txt:bold,2>Sẽ cầu hôn trước đã.</txt:bold>","<txt:bold,2>Primero les propone matrimonio sin pensarlo.</txt:bold>","<txt:bold,2>Dia langsung melamarnya untuk menikahinya.</txt:bold>","<txt:bold,2>ก็จะเริ่มจากขอแต่งงานก่อนทุกทีเลย</txt:bold>","<txt:bold,2>Ela já vai direto pra um pedido de casamento.</txt:bold>"
,,,비올라,,1_항의,,,"아니, 취향이 있는 건 이해해. <wrt:wait,30>하지만, <txt:size,2><txt:shake,1>아무리 그래도 순서라는 게 있잖아!!</txt:shake></txt:size>","Look, I understand that she has preferences. <wrt:wait,30>But <txt:size,2><txt:shake,1>there’s an order to these things, you know!</txt:shake></txt:size>","いや、好みがあるのは分かるよ。<wrt:wait,30>でも、<txt:size,2><txt:shake,1>いくらそうだとしても順序ってものがあるでしょ！</txt:shake></txt:size>","不，有个人喜好我能理解。<wrt:wait,30>但是，<txt:size,2><txt:shake,1>再怎么说也得有个顺序吧！！</txt:shake></txt:size>","不是，我能理解她有她的喜好。<wrt:wait,30>可是，<txt:size,2><txt:shake,1>再怎麼說也要照順序來吧！！</txt:shake></txt:size>","Я уважаю ее вкус. <wrt:wait,30>Но, <txt:size,2><txt:shake,1>есть же установленный порядок для такого!!</txt:shake></txt:size>","Saya faham dia ada kecenderungannya. <wrt:wait,30>Tetapi <txt:size,2><txt:shake,1>benda ini kena ikut susunan, tahu!</txt:shake></txt:size>","Không phải tôi không hiểu chuyện có gu riêng. <wrt:wait,30>Nhưng mà... <txt:size,2><txt:shake,1>nhưng mà cũng phải có trình tự chứ!!</txt:shake></txt:size>","No, entiendo que tenga gustos... <wrt:wait,30>pero, <txt:size,2><txt:shake,1>¡aunque sea, hay un orden que se debe respetar!</txt:shake></txt:size>","Aku bisa mengerti ini seleranya. <wrt:wait,30>Tapi, <txt:size,2><txt:shake,1>tetap saja, ada tahap-tahapnya!!</txt:shake></txt:size>","ไม่สิ เรื่องรสนิยมน่ะฉันเข้าใจได้นะ <wrt:wait,30>แต่ว่า <txt:size,2><txt:shake,1>มันก็ต้องมีลำดับก่อนหลังบ้างสิ!!</txt:shake></txt:size>","Eu até entendo o tipo dela... <wrt:wait,30>Mas... <txt:size,2><txt:shake,1>existe uma ordem pras coisas, né?!</txt:shake></txt:size>"
,,,비올라,,1_난처,,,"<txt:shake,1>아무래도 이곳에 강자들이 잔뜩 모였다는 소문이 언니를 자극한 것 같아‥.</txt:shake>","<txt:shake,1>I think the rumor about all these strong players gathering here must’ve set her off...</txt:shake>","<txt:shake,1>やっぱり、ここに強者たちがいっぱい集まってるって噂がイザベルさんを刺激したみたい...。</txt:shake>","<txt:shake,1>看来是这里聚集了很多强者的传闻刺激到了姐姐...</txt:shake>","<txt:shake,1>八成是這裡聚集了一堆強者的傳聞，刺激到姐姐了...</txt:shake>","<txt:shake,1>Кажется, слухи о том, что здесь собрались сильнейшие, не дают ей покоя.</txt:shake>","<txt:shake,1>Saya rasa khabar angin tentang semua pemain kuat berkumpul di sinilah yang mencetuskannya...</txt:shake>","<txt:shake,1>Có lẽ tin đồn nói nơi này tụ tập đầy kẻ mạnh đã kích thích chị ấy rồi...</txt:shake>","<txt:shake,1>Parece que el rumor de que aquí se reunieron un montón de jugadores fuertes terminó provocando a mi hermana...</txt:shake>","<txt:shake,1>Sepertinya rumor bahwa banyak petarung kuat berkumpul di sini telah memicunya...</txt:shake>","<txt:shake,1>สงสัยข่าวลือที่ว่ามีเหล่าผู้แข็งแกร่งมารวมตัวกันที่นี่จะไปกระตุ้นพี่เข้าน่ะ...</txt:shake>","<txt:shake,1>Acho que o boato de que só tem gente forte aqui acabou despertando ela...</txt:shake>"
,,,-,,,,,"<txt:color,grey>(딸랑!)</txt:color><sys:sfx,현관문_차임벨>","<txt:color,grey>(Jingle!)</txt:color><sys:sfx,현관문_차임벨>","<txt:color,grey>(カラン！)</txt:color><sys:sfx,현관문_차임벨>","<txt:color,grey>（叮铃！）</txt:color><sys:sfx,현관문_차임벨>","<txt:color,grey>(噹啷！)</txt:color><sys:sfx,현관문_차임벨>","<txt:color,grey>(Дзинь!)</txt:color><sys:sfx,현관문_차임벨>","<txt:color,grey>(Gerincing!)</txt:color><sys:sfx,현관문_차임벨>","<txt:color,grey>*Leng reng*</txt:color><sys:sfx,현관문_차임벨>","<txt:color,grey>(¡Ding!)</txt:color><sys:sfx,현관문_차임벨>","<txt:color,grey>(Kring!)</txt:color><sys:sfx,현관문_차임벨>","<txt:color,grey>(กรุ๊งกริ๊ง!)</txt:color><sys:sfx,현관문_차임벨>","<txt:color,grey>(Tlín!)</txt:color><sys:sfx,현관문_차임벨>"
,,,비올라,,1_다급함,,,"‥헉?!<cha:pop,비올라> 여, 역시‥!","No way...?!<cha:pop,비올라> Just as I thought...!","...はっ！？<cha:pop,비올라>や、やっぱり...！","...嚯？！<cha:pop,비올라>果，果然...！","...咦？！<cha:pop,비올라>果、果然...！","Опа?!<cha:pop,비올라> А вот и...!","Tak mungkin...?!<cha:pop,비올라> Dah saya agak...!","...Hức?!<cha:pop,비올라> Đ, đúng là...!","...¡Eh?! <cha:pop,비올라>¡C-como esperaba...!","...Eh?!<cha:pop,비올라> Se-sepertinya yang kuduga...!","...เฮือก?!<cha:pop,비올라> วะ ว่าแล้วเชียว...!","Hã?!<cha:pop,비올라> E-eu sabia!"
,,,비올라,,1_항의,shake,,"언니, 제발!!","Please, not again!",イザベルさん、お願い！！,姐姐，求你了！！,姐姐，求妳了！！,Изабель!!,"Tolong, jangan lagi!","Chị ơi, làm ơn!!",¡¡Por favor!!,"Kakak, jangan!!",พี่ ขอร้องล่ะ!!,"Por favor, não!"
,,,이사벨,,,,,후후‥ 오래 기다렸지?,Hehe... Sorry for the wait.,フフ...だいぶ待たせたわね？,嘿嘿...久等了吧？,呵呵...久等了吧？,"Заждались, да?",Hehe... Maaf kerana lambat.,Hừ hừ... để cậu đợi lâu rồi nhỉ?,"Jejeje... ¿Has estado esperando mucho, verdad?",Huhu... sudah menunggu lama ya?,ฮิฮิ... รอฉันนานเลยใช่ไหม?,"Hehe... demorei, né?"
,,,이사벨,,,,,"거기, 너. 나랑 배구하자. 만약 네가 이긴다면‥ 나와 평생 함께해 줄래?",Hey you. Play volleyball with me. If you win... will you spend the rest of your life with me?,そこのあなた。私とバレーしましょう。もし、あなたが勝ったら...私と結婚してくれない？,喂，你。和我打排球吧。要是你赢了...愿意和我共度余生吗？,那邊那位，跟我打場排球吧。如果你贏了...願意跟我共度一生嗎？,"Эй ты, давай сыграем в волейбол. Если выиграешь... останешься со мной навсегда?",Hei awak. Main bola tampar dengan saya. Kalau awak menang... sudikah awak bersama saya seumur hidup?,"Này, cậu. Đấu bóng chuyền với tôi đi. Nếu cậu thắng... cậu có chịu ở bên tôi cả đời không?","Oye, tú. Juguemos voleibol. Si tú ganas... ¿te quedarías conmigo para toda la vida?",Kau disana. Ayo kita main bola voli. Jika kau menang... Apa kau bersedia mendampingiku selamanya?,นายตรงนั้นน่ะ มาแข่งวอลเลย์บอลกับฉันซะ ถ้านายชนะล่ะก็... ช่วยมาร่วมทางกับฉันไปตลอดชีวิตเลยได้ไหม?,"Ei, você aí. Vamos jogar vôlei. Se você vencer... aceita passar o resto da vida comigo?"
,경기 승리,#,MAP,,,,,찻집,찻집,찻집,찻집,찻집,찻집,찻집,찻집,찻집,찻집,찻집,찻집
,,#,BGM,,,,,BGM_COMIC,BGM_COMIC,BGM_COMIC,BGM_COMIC,BGM_COMIC,BGM_COMIC,BGM_COMIC,BGM_COMIC,BGM_COMIC,BGM_COMIC,BGM_COMIC,BGM_COMIC
,,#,이사벨,1,1_기본,,,,,,,,,,,,,,
,,#,비올라,2,1_항의,,,,,,,,,,,,,,
,,#,홍시_신년,-2,1_기본,,,,,,,,,,,,,,
,,,이사벨,,1_기본,,,"<txt:bold,2><txt:color,orange>비올라</txt:color></txt:bold>~ 왜 방해하는 거니? 내 드레스 돌려줘~","<txt:bold,2><txt:color,orange>Viola</txt:color></txt:bold>! Why are you getting in the way? Give me back my dress!","<txt:bold,2><txt:color,orange>ヴィオラ</txt:color></txt:bold>～どうして邪魔するの？私のドレス返しなさいよ～","<txt:bold,2><txt:color,orange>维奥拉</txt:color></txt:bold>~你干嘛打扰我？把我的婚纱还给我~","<txt:bold,2><txt:color,orange>維奧拉</txt:color></txt:bold>～妳幹嘛來搗蛋？把我的婚紗還給我～","<txt:bold,2><txt:color,orange>Виолла</txt:color></txt:bold>, ну не мешай! Где мое платье?","<txt:bold,2><txt:color,orange>Viola</txt:color></txt:bold>! Kenapa awak menghalang? Pulangkan baju saya!","<txt:bold,2><txt:color,orange>Viola</txt:color></txt:bold>~ Sao lại cản chị? Trả váy lại đi~","<txt:bold,2><txt:color,orange>Vioooola</txt:color></txt:bold>... ¿por qué me interrumpes? Devuélveme mi vestido.","<txt:bold,2><txt:color,orange>Viola</txt:color></txt:bold>~Kenapa kamu menggangguku? Kembalikan gaunku~","<txt:bold,2><txt:color,orange>วิโอล่า</txt:color></txt:bold>~ ทำไมถึงมาขัดขวางล่ะเนี่ย? คืนเดรสฉันมาเถอะ~","Ei, <txt:bold,2><txt:color,orange>Viola</txt:color></txt:bold>, para com isso e me devolve o vestido!"
,,,비올라,,1_항의,,angry,"언니는 너무 성급하다니까! 당분간은 압수야, 압수!",You’re too impulsive! I’m confiscating it for now!,イザベルさんは、せっかちすぎるよ！当分は没収だからね、没収！,姐姐你也太心急了！暂时没收，没收！,姐姐妳太心急了！必須暫時沒收！,Ты слишком спешишь! А платье конфисковано на время!,Awak impulsif sangat! Saya akan merampasnya dahulu!,"Tại chị gấp gáp quá mà! Tạm thời em sẽ không trả đâu, tịch thu luôn!","¡Te digo que eres demasiado impulsiva! ¡Por un tiempo queda confiscado, confiscado!","Kakak terlalu terburu-buru! Untuk sementara, aku sita ini!",ก็พี่ใจร้อนเกินไปน่ะสิ! ฉันจะยึดไว้ชั่วคราว!,Você é apressada demais! Isso fica comigo por mais um tempo!
,,,이사벨,,1_무표정,,,"<txt:bold,2><txt:color,orange>비올라</txt:color></txt:bold>는 너무 엄격해~","<txt:bold,2><txt:color,orange>Viola</txt:color></txt:bold>, you’re too strict!","<txt:bold,2><txt:color,orange>ヴィオラ</txt:color></txt:bold>は厳しすぎるわ～","<txt:bold,2><txt:color,orange>维奥拉</txt:color></txt:bold>也太严厉了吧~","<txt:bold,2><txt:color,orange>維奧拉</txt:color></txt:bold>也太嚴厲了吧～","<txt:bold,2><txt:color,orange>Виолла</txt:color></txt:bold>, ну что ты такая строгая?","<txt:bold,2><txt:color,orange>Viola</txt:color></txt:bold>, awak tegas sangat!","<txt:bold,2><txt:color,orange>Viola</txt:color></txt:bold> nghiêm khắc quá đi!","¡<txt:bold,2><txt:color,orange>Viola</txt:color></txt:bold> es demasiado estricta!","<txt:bold,2><txt:color,orange>Viola</txt:color></txt:bold>, kamu itu terlalu tegas~","<txt:bold,2><txt:color,orange>วิโอล่า</txt:color></txt:bold>เข้มงวดเกินไปแล้ว~","<txt:bold,2><txt:color,orange>Viola</txt:color></txt:bold>... você é dura demais comigo."
,,,홍시_신년,,1_훗,,,"대단하구나, 여왕! 멋진 경기였다!","Amazing, Your Majesty! That was a spectacular match!",すごいな、女王！いい試合だった！,好厉害啊，女王！真是一场精彩的比赛！,太厲害了，女王！真是場精彩的比賽！,"Ваше величество, отличная игра!","Hebat, Tuanku! Perlawanan yang menakjubkan!","Quả là lợi hại, Nữ Hoàng! Một trận đấu thật tuyệt vời!","¡Increíble, reina! ¡Qué partido tan genial!","Hebat sekali, Ratu! Pertandingannya luar biasa!",สุดยอดเลย ราชินี! เป็นการแข่งที่ยอดเยี่ยมมาก!,"Impressionante, Rainha! Foi uma partida magnífica!"
,,,이사벨,,1_놀람,,quest,어머?,Oh?,あら？,哎呀？,哎呀？,Ой!,Oh?,Ơ?,¿Oh?,Waduh?,อุ๊ยตาย?,Hã?
,,,홍시_신년,,1_발랄,,,"보는 것만으로도 느껴졌다. 열정, 투지, 그리고 배구에 대한 깊은 애정까지!","I could feel it just from watching. The passion, the fighting spirit, and your deep love for volleyball!",見てるだけでも伝わったぞ。情熱、闘志、そしてバレーへの深い愛情も！,光是看着就能感受到。热情、斗志，还有对排球深深的热爱！,光是看著，就能感受到妳的熱情、鬥志，以及對排球深切的熱愛！,"Просто глядя на вас, чувствуется вся страсть, боевой дух и глубокая любовь к волейболу!","Saya dapat merasakannya hanya dengan menonton. Keghairahan, semangat juang, dan cinta mendalam terhadap bola tampar!","Chỉ cần nhìn thôi cũng cảm nhận được rồi. Đam mê, khí thế, và cả tình yêu sâu sắc dành cho bóng chuyền nữa!","¡Se podía sentir solo con mirar! ¡Pasión, determinación y hasta un amor profundo por el voleibol!","Hanya dengan menonton saja, aku bisa merasakan semangat, tekad, dan cinta mendalam pada voli!","แค่เห็นก็รู้สึกได้ถึงความมุ่งมั่น, ความแน่วแน่ รวมไปถึงความชื่นชอบวอลเลย์บอลด้วย!","Dava pra sentir só de assistir! Paixão, garra... e um amor profundo pelo vôlei!"
,,,홍시_신년,,1_훗,,,"과연 <txt:bold,2>콜로세움의 여왕</txt:bold>이라 불릴 만하구나.","You truly live up to being called the <txt:bold,2>Queen of the Colosseum</txt:bold>.","やっぱり<txt:bold,2>コロッセオの女王</txt:bold>と呼ばれるだけあるな。","不愧是被称为<txt:bold,2>竞技场女王</txt:bold>的人啊。","真不愧是人稱<txt:bold,2>競技場女王</txt:bold>。","Вас по праву зовут <txt:bold,2>королевой Колизея</txt:bold>.","Tuanku benar-benar layak digelar <txt:bold,2>Ratu Colosseum</txt:bold>.","Quả nhiên xứng đáng với danh xưng <txt:bold,2>Nữ Hoàng Đấu Trường</txt:bold>.","Sin duda, mereces ser llamada la <txt:bold,2>Reina del Coliseo</txt:bold>.","Memang pantas kamu disebut sebagai <txt:bold,2>Ratu Colosseum</txt:bold>.","สมกับที่เรียกว่าเป็น<txt:bold,2>ราชินีแห่งโคลอสเซียม</txt:bold>จริงๆ","Agora eu entendo por que te chamam de <txt:bold,2>Rainha do Coliseu</txt:bold>."
,,,홍시_신년,,1_발랄,,,"그래서 말인데, 여왕! 혹시 이 몸과 함께 <txt:bold,2>선림</txt:bold>으로 가지 않겠나?","So, Your Majesty! Would you come with me to <txt:bold,2>Seonrim</txt:bold>?","そこでだ、女王！よかったら、私と一緒に<txt:bold,2>仙林</txt:bold>に来ないか？","所以我说，女王！要不要和我一起去<txt:bold,2>先林</txt:bold>？","所以說，女王！要不要跟我一起去<txt:bold,2>先林</txt:bold>啊？","Так вот! Может отправитесь со мной в <txt:bold,2>школу «Соллим»</txt:bold>?","Jadi, Tuanku! Sudikah Tuanku ikut saya ke <txt:bold,2>Seonrim</txt:bold>?","Vậy nên, Nữ Hoàng! Có muốn cùng tôi đến <txt:bold,2>Seonrim</txt:bold> không?","Así que, reina... ¿te gustaría venir conmigo a <txt:bold,2>Seonlim</txt:bold>?","Ngomong-ngomong, Ratu, maukah kau ikut bersamaku ke <txt:bold,2>Sunrim</txt:bold>?","คือว่านะ ราชินี! เธออยากไป<txt:bold,2>ซอนริม</txt:bold>กับฉันไหม?","Então, Rainha... que tal ir comigo até <txt:bold,2>Seonlim</txt:bold>?"
,,,이사벨,,1_기본,,,"‥<wrt:wait,30>후훗, 갑작스러운 초대네. 이유를 들려줄 수 있을까?","...<wrt:wait,30>Hehe, that was sudden. May I ask why?","...<wrt:wait,30>フフッ、急な提案ね。理由を聞かせてもらえるかしら？","...<wrt:wait,30>嘿嘿，邀请还真是突然呢。能告诉我理由吗？","...<wrt:wait,30>呵呵，還真是突然的邀約呢。可以給我個理由嗎？","...<wrt:wait,30> Какое неожиданное предложение! А зачем?","...<wrt:wait,30>Hehe, tiba-tiba. Boleh saya tanya kenapa?","...<wrt:wait,30>Hihi, lời mời bất ngờ quá. Có thể nói cho tôi biết lý do không?","...<wrt:wait,30>Jeje, es una invitación repentina. ¿Me podrías decir por qué?","...<wrt:wait,30>Huhu, undangan tiba-tiba ya. Apa aku boleh tahu alasannya?","...<wrt:wait,30>ฮิฮิ เป็นคำเชิญที่กะทันหันจัง ฉันขอรู้เหตุผลหน่อยได้ไหม?","Hehe... <wrt:wait,30>essa eu não esperava. Posso saber o motivo?"
,,,홍시_신년,,1_난처,,,내 친구 중에 지금 아주 힘든 시기를 보내고 있는 녀석이 있거든.,I have a friend who’s going through a tough time right now.,私の友人の中に、とてもつらい時期を過ごしてる奴がいるんだ。,我有个朋友，正处在人生非常艰难的时期。,我有個朋友在正經歷著一段非常難熬的時期。,"У меня есть друг, который попал в не очень приятную ситуацию.",Saya ada seorang kawan yang sedang menghadapi kesukaran sekarang.,Tôi có một người bạn đang trải qua quãng thời gian rất khó khăn.,Tengo un amigo que está pasando por un momento realmente difícil.,Ada temanku yang sedang melalui masa sulit saat ini.,ฉันมีเพื่อนคนหนึ่งที่ตอนนี้กำลังมีช่วงเวลาที่ยากลำบากน่ะ,Tenho um amigo que está passando por um momento muito difícil.
,,,홍시_신년,,1_외침,,,그대가 그 녀석을 도와줄 수 없겠나?,Could you help him out?,君がそいつを救ってくれないか？,你能不能帮帮那家伙？,妳能不能幫幫那傢伙？,"Может быть, вы сможете помочь ему?",Bolehkah Tuanku membantunya?,Nữ Hoàng có thể giúp cậu ấy được không?,¿No podrías ayudar a ese amigo mío?,Mungkinkah kau membantunya?,เธอช่วยเจ้านั่นหน่อยได้รึเปล่า?,Será que você poderia ajudá-lo?
,,,홍시_신년,,1_훗,,,물론 그 친구도 훌륭한 배구 선수다! 멋진 경기도 할 수 있을 거다!,"Of course, he’s also an excellent volleyball player! You’ll have great matches together!",もちろん、そいつもすばらしいバレー選手だ！いい試合ができるはずだぞ！,当然，我朋友也是个优秀的排球选手！一定也能打出精彩的比赛！,當然，我那朋友也是個很厲害的排球選手！你們一定能打出一場很精彩的比賽！,Он тоже отлично играет в волейбол и умеет показать прекрасную игру!,"Tentunya, dia juga seorang pemain bola tampar yang cemerlang! Kamu akan berlawan hebat bersama-sama!","Tất nhiên, cậu ấy cũng là một tuyển thủ bóng chuyền rất giỏi! Nhất định sẽ đấu một trận thật hay!",¡Claro! ¡Ese amigo también es un gran jugador de voleibol! ¡Podrán tener un partido genial!,Tentu saja temanku juga atlet bola voli yang hebat! Aku yakin kau bisa menikmati pertandingan yang seru juga!,แน่นอนว่าเจ้านั่นก็เป็นนักกีฬาวอลเลย์บอลฝีมือดีเลยนะ! เธอจะได้ทำการแข่งขันที่ยอดเยี่ยมแน่!,Ele também é um excelente jogador de vôlei. Tenho certeza de que vocês fariam uma grande partida!
,,,이사벨,,1_무표정,,,그런 사정이 있었구나.,"I see, that’s the situation.",そんな事情があったのね。,原来是这样啊。,原來是這樣啊。,Вот как.,Begitu situasinya.,Ra là vậy.,"Ah, así que ese era el motivo.",Jadi ada alasan seperti itu ya.,มีเหตุผลแบบนั้นอยู่สินะ,Entendo... então era isso.
,,,이사벨,0,1_활짝,,joy,"그럼, 당장 출발해 볼까?",Then shall we leave right away?,じゃあ、今すぐ出発しましょうか。,那，我们现在就出发？,那麼，我們馬上出發吧？,"Что же, тогда пора в путь?!","Jadi, kita pergi sekarang?",Thế thì... xuất phát ngay bây giờ chứ?,"Entonces, ¿nos vamos de inmediato?","Kalau begitu, mari kita berangkat sekarang juga?",ถ้างั้นก็ไปกันตอนนี้เลยไหม?,Nesse caso... que tal partirmos agora mesmo?
,,,비올라,,1_다급함,nervous,,"<cha:pop,비올라>잠깐, 언니! 그렇게 가버리면 내일 경기는 어떡해?!","<cha:pop,비올라>Wait, Isabel! If you leave like that, what about tomorrow’s match?!","<cha:pop,비올라>待って、イザベルさん！今行っちゃったら、明日の試合はどうするの！？","<cha:pop,비올라>等等，姐姐！你就这么走了，明天的比赛怎么办？！","<cha:pop,비올라>等等，姐姐！妳這樣走了的話，明天的比賽怎麼辦？！","<cha:pop,비올라>Погоди! Куда это ты так внезапно?","<cha:pop,비올라>Tunggu, Isabel! Kalau awak pergi begitu sahaja, bagaimana dengan perlawanan esok?!","<cha:pop,비올라>Khoan đã, chị ơi! Thế còn trận đấu ngày mai thì sao?!","<cha:pop,비올라>¡Espera! ¡Si te vas así, ¿qué pasará con el partido de mañana?!","<cha:pop,비올라>Sebentar, kakak! Kalau pergi langsung, bagaimana dengan pertandingan besok?!","<cha:pop,비올라>เดี๋ยวก่อนนะพี่! ถ้าไปทั้งแบบนั้น แล้วการแข่งขันพรุ่งนี้จะทำยังไงล่ะ?!","<cha:pop,비올라>Espera, Isabel! E o jogo de amanhã?!"
,,,이사벨,,1_기본,,,"‥나도 참.<wrt:wait,30> 훌륭한 선수가 있단 말만 듣고, 성급하게 행동할 뻔했네.","...You’re right.<wrt:wait,30> I almost acted rashly just because I heard about an excellent player.","...やだ、私ったら。<wrt:wait,30>すばらしい選手がいるって話を聞いて、我を忘れちゃうところだったわ。","...瞧我这记性。<wrt:wait,30>一听说有优秀的选手，差点又冲动了。","...我也真是的。<wrt:wait,30>一聽到有厲害的選手，就差點衝動行事了。","Ох...<wrt:wait,30> Услышала про хорошего игрока и снова чуть не приняла поспешное решение.","...Betul.<wrt:wait,30> Saya hampir bertindak terburu-buru hanya kerana mendengar tentang seorang pemain hebat.","...Chị cũng thật là.<wrt:wait,30> Chỉ nghe nói có tuyển thủ giỏi thôi mà đã suýt hành động bốc đồng rồi.","...Ay, yo también. <wrt:wait,30>Solo por escuchar que hay un jugador increíble, casi actué de manera precipitada.","...Aduh.<wrt:wait,30> Setelah mendengar bahwa ada atlet yang hebat, aku hampir bertindak tanpa pikir.","...ให้ตายเถอะฉัน<wrt:wait,30> แค่ได้ยินว่ามีนักกีฬาฝีมือดี ก็เกือบทำตัวใจร้อนอีกแล้วแฮะ","Ah, verdade...<wrt:wait,30> Quase deixei a empolgação me levar ao ouvir falar de um grande jogador..."
,,,이사벨,,1_기본,,,"으음, 하지만, 저렇게 간절히 부탁하는데, 모른 척하기도 어렵잖니.","Mm, but when someone asks so desperately, it’s hard to just ignore them.",うーん。でも、あんなに必死に頼まれたら知らないふりなんてできないでしょ。,嗯，可是，她请求这么恳切，我也很难视而不见啊。,嗯，可是，人家都那麼懇切地拜託了，很難裝作沒看到嘛。,Но ведь его подруга так просит! Как я могу отказать?,"Mm, tetapi apabila seseorang meminta dengan terdesak, takkan abaikan mereka sahaja.","Ưm, nhưng mà bị nhờ vả tha thiết thế này, cũng khó mà làm ngơ được.","Mmm, pero si me lo pide con tanta insistencia, tampoco es fácil hacerse la indiferente, ¿verdad?","Hmm, tapi sulit juga untuk mengabaikannya setelah melihat permintaan yang begitu tulus.",อืม แต่ว่าอุตส่าห์ขอร้องกันถึงขนาดนั้น จะทำเป็นไม่รับรู้ก็คงไม่ได้นี่นา,Hum... mas um pedido tão sincero assim não é fácil de ignorar.
,,,비올라,,1_다급함,nervous,silent,"그, 그건 그렇지만‥.","Well, that’s true but...",そ、それはそうだけど...。,话，话是这么说...,話、話是這麼說...,Но ведь...,"Benar, tetapi...","Th, thì cũng đúng nhưng...","E-eso es cierto, pero...",Memang benar tapi...,นะ นั่นมันก็ใช่แหละ...,"É, mas..."
,,,비올라,,1_기본,nervous,,그럼 내가 더 괜찮은 선수를 소개해 줄게. 그건 어때?,Then how about I introduce you to an even better player? How’s that sound?,じゃあ、私がもっとすてきな選手を紹介してあげるから。それならどう？,那我给你介绍个更合适的人选。怎么样？,要不然我介紹個更合適的選手給妳。如何？,"Давай я представлю тебе игрока получше, пойдет?",Apa kata kalau saya memperkenalkan awak seorang pemain yang lebih baik? Bagaimana?,Vậy để tôi giới thiệu cho một tuyển thủ còn phù hợp hơn. Thế nào?,Entonces te presentaré a un jugador aún mejor. ¿Qué te parece?,"Kalau begitu, aku akan memperkenalkanmu atlet yang lebih cocok. Bagaimana?",ถ้างั้นฉันจะแนะนำนักกีฬาที่โอเคกว่าให้เอง ดีไหม?,Então deixa comigo. Vou te apresentar um jogador ainda melhor. Que tal?
,,,홍시_신년,,1_난처,,,으음‥?,Hm...?,えぇ...？,嗯...？,嗯...？,Чего...?,Hm...?,Hửm...?,... Mmm...,Hmm...?,หืม...?,Hum...
,,,비올라,,1_기본,,,사정은 잘 알겠어. 하지만 단순히 '배구를 잘한다'거나 '유명하다'는 이유로 그 친구의 마음을 움직일 순 없잖아.,I understand the situation. But being good at volleyball or famous doesn’t mean someone can change your friend’s mind.,事情はよく分かった。でも、単に「バレーが得意だ」とか「有名だ」っていう理由で、そのお友達の心を動かすことはできないでしょ。,情况我都了解了。但是，光凭“排球打得好”或者“有名”这种理由，是无法打动你那个朋友的心的。,妳的情況我大概了解了。但光是憑著「排球打得好」或「有名氣」這種理由，是沒辦法打動妳那朋友的心吧。,"Я понимаю ситуацию. Но не можем же мы повлиять на этого человека, только потому что ты хороший или известный игрок!",Saya faham situasinya. Tetapi awak tidak boleh menggerakkan hati seseorang hanya kerana mereka 'pandai bermain bola tampar' atau 'terkenal.',Tôi hiểu hoàn cảnh rồi. Nhưng chỉ vì 'chơi bóng chuyền giỏi' hay 'nổi tiếng' thì không thể lay động được trái tim người đó đâu.,"Entiendo la situación. Pero alguien no va a lograr que tu amigo cambie de opinión solo por ser bueno en voleibol o famoso, ¿verdad?",Aku paham situasimu. Tapi jika hanya sekadar “pandai bermain bola voli” atau “terkenal” saja tidak cukup untuk menggerakkan hati temanmu itu.,ฉันเข้าใจเรื่องราวนะ แต่เธอคงเปลี่ยนใจของเพื่อนคนนั้นด้วยเหตุผลตื้นๆ อย่างเช่น 'เก่งวอลเลย์บอล' หรือ 'มีชื่อเสียง' ไม่ได้หรอก,"Mas não basta só ser bom no vôlei, ou famoso. Isso não vai ser suficiente pra convencer seu amigo."
,,,비올라,,1_기본,,,중요한 건 비슷한 어려움을 견뎌내 본 경험이 있느냐 아닐까?,"What matters is whether they’ve endured similar difficulties, don’t you think?",大事なのは、似たようなつらさを乗り越えた経験があるかどうかじゃない？,重要的是，有没有经历过类似的困难并克服它的经验，不是吗？,重要的是，對方是不是也有過克服類似困難的經驗，不是嗎？,"Разве не важнее найти кого-то, у кого был похожий опыт?","Yang penting ialah adakah mereka pernah menanggung kesukaran yang serupa, bukan?","Quan trọng là có từng trải qua những khó khăn tương tự hay không, đúng không?","Lo importante es si ha pasado por dificultades similares y ha sabido superarlas, ¿no?",Bukankah yang penting adalah apakah atlet itu pernah mengalami kesulitan serupa dan bisa menghadapinya?,สิ่งสำคัญคือคนคนนั้นเคยมีประสบการณ์ในการอดทนต่อความยากลำบากคล้ายๆ กันมาก่อนรึเปล่าต่างหาก,"O mais importante é saber se ele já conseguiu superar dificuldades parecidas, não acha?"
,,,비올라,,1_미소,,,"얼마 전, <txt:bold,2>콜로세움</txt:bold>에 온 선수 중에 정말 딱 맞는 선수를 알고 있어.","I know a player who came to the <txt:bold,2>Colosseum</txt:bold> recently who’d be perfect.","この前、<txt:bold,2>コロッセオ</txt:bold>に来た選手の中で打ってつけの人を知ってるの。","我知道前不久来<txt:bold,2>竞技场</txt:bold>的选手中，有一个非常合适的人选。","不久前，來<txt:bold,2>競技場</txt:bold>的選手裡，正好認識一個非常合適的人選。","Я даже знаю одного игрока, недавно прибывшего в <txt:bold,2>Колизей</txt:bold>, кто отлично подойдет на эту роль.","Saya kenal seorang pemain yang baru datang ke <txt:bold,2>Colosseum</txt:bold> yang sesuai sekali.","Tôi biết một tuyển thủ mới đến <txt:bold,2>Đấu Trường</txt:bold> gần đây, thực sự rất phù hợp.","Hace poco, llegó un jugador al <txt:bold,2>Coliseo</txt:bold> que encaja perfectamente.","Aku tahu seorang atlet yang baru-baru ini datang ke <txt:bold,2>Colosseum</txt:bold> yang benar-benar cocok untuk situasimu.","เมื่อไม่นานมานี้ ในบรรดานักกีฬาที่มาเยือน<txt:bold,2>โคลอสเซียม</txt:bold> ฉันรู้จักนักกีฬาที่เหมาะเหม็งมากเลยล่ะ","Recentemente, chegou ao <txt:bold,2>Coliseu</txt:bold> um jogador que se encaixa perfeitamente nisso."
,,,홍시_신년,,1_외침,,exclam,오‥ 오! 그런가?!,Oh... Oh! Really?!,お...おお！本当か！？,噢...噢！是吗？！,哦...哦！是嗎？！,"О, правда?",Oh... Oh! Betulkah?!,Ồ... Ồ! Thật sao?!,¡O-oh! ¿En serio?!,Oh...! Apa benar?!,โอ๊ะ... โอ้! งั้นเหรอ?!,A-ah! É mesmo?!
,,,홍시_신년,,1_발랄,,,"좋다!!<cha:pop,홍시_신년> 그렇다면 부탁하지.","Excellent!<cha:pop,홍시_신년> Then I’ll leave it to you.","よし！！<cha:pop,홍시_신년>そういうことなら頼むよ。","好！！<cha:pop,홍시_신년>那就拜托你了。","好！！<cha:pop,홍시_신년>那樣的話就拜託妳了。","Отлично!<cha:pop,홍시_신년> Тогда полагаюсь на вас!","Bagus!<cha:pop,홍시_신년> Jadi saya serahkan kepada awak.","Tốt lắm!!<cha:pop,홍시_신년> Vậy thì nhờ cả vào cậu nhé.","¡Perfecto! <cha:pop,홍시_신년>¡Entonces te lo encargo!","Baiklah!!<cha:pop,홍시_신년> Kalau begitu aku minta tolong.","ดีเลย!!<cha:pop,홍시_신년> ถ้างั้นก็ฝากด้วยนะ","Perfeito! <cha:pop,홍시_신년>Então deixo tudo nas suas mãos!"
,,,비올라,,1_기본,,,아니야~ 내일 그 선수를 데리고 찻집으로 찾아갈게! 기다리고 있어!,No worries! I’ll bring that player to the teahouse tomorrow! Just wait for us!,どういたしまして～明日、その選手を連れてお茶屋に来るからね！待ってて！,没事~明天我会带那个选手去茶馆找你的！等着哦！,沒問題～明天我帶那個選手來茶館找妳！不見不散喔！,"Подожди немного, завтра я приведу его в чайный дом.",Jangan risau! Saya akan bawa pemain itu ke rumah teh esok! Tunggu sahaja kami!,Không có gì đâu~ Ngày mai tôi sẽ dẫn tuyển thủ đó đến quán trà! Hãy đợi ở đó nhé!,¡No es nada! ¡Mañana iré a la cafetería con ese jugador! ¡Espérame!,Tidak masalah~ Besok aku akan membawanya ke kedai teh ini! Tunggu saja!,สบายมาก~ พรุ่งนี้ฉันจะพานักกีฬาคนนั้นไปหาที่ร้านชานะ! รอก่อนล่ะ!,Imagina! Amanhã eu trago ele até aqui. Pode esperar.
,,,홍시_신년,,1_기본,,,음! 맛있는 디저트를 잔뜩 준비해 두고 기다리겠다!,Great! I’ll have plenty of delicious desserts ready and waiting!,ああ！おいしいデザートをたっぷり用意して待ってるぞ！,嗯！我会准备好很多好吃的甜点等你们的！,嗯！我會準備好一大堆好吃的甜點等妳的！,Хорошо! А я пока подготовлю десерт!,Hebat! Saya akan sediakan banyak pencuci mulut lazat menunggu awak!,Ưm! Tôi sẽ chuẩn bị sẵn thật nhiều đồ tráng miệng!,¡Mmm! ¡Prepararé un montón de postres deliciosos y te esperaré!,"Hmm! Kalau begitu, aku akan menunggu dengan menyiapkan banyak kue lezat!",อื้ม! ฉันจะเตรียมขนมหวานอร่อยๆ ไว้รอเยอะๆ เลย!,Ótimo! Vou preparar um monte de doces deliciosos e ficar aguardando!
3,경기 전,#,MAP,,,,,찻집,찻집,찻집,찻집,찻집,찻집,찻집,찻집,찻집,찻집,찻집,찻집
,,#,BGM,,,,,BGM_MEET_MINJUN,BGM_MEET_MINJUN,BGM_MEET_MINJUN,BGM_MEET_MINJUN,BGM_MEET_MINJUN,BGM_MEET_MINJUN,BGM_MEET_MINJUN,BGM_MEET_MINJUN,BGM_MEET_MINJUN,BGM_MEET_MINJUN,BGM_MEET_MINJUN,BGM_MEET_MINJUN
,,#,홍시_신년,0,1_기본,,,,,,,,,,,,,,
,,#,남재현,4,2_무표정,,,,,,,,,,,,,,
,,#,비올라,4,1_난처,,,,,,,,,,,,,,
,,#,NN,4,1_기본,,,,,,,,,,,,,,
,,,홍시_신년,,1_기본,,,‥조심히 돌아가거라!,"Alright, take care!",...気をつけてな～,...路上小心啊~,...請慢走～,Счастливо!,"Baiklah, jaga diri!",...Về cẩn thận nhé.,...¡Regresa con cuidado!,...Hati-hatilah~,...กลับดีๆ นะ~,Volte em segurança.
,,,홍시_신년,,1_난처,,,"휴, 겨우 바쁜 시간이 지나갔군. 이제 슬슬 약속 시간인가.","Phew, the busy hours finally passed. It should be about time for our meeting.",ふう、やっと落ち着いたな。そろそろ約束の時間だ。,呼，总算忙过那阵了。差不多到约定时间了吧。,呼，總算忙完了。差不多到約好的時間了吧。,"Фух, пик-тайм закончился. Скоро время встречи.","Phew, waktu sibuk akhirnya berlalu. Sudah tiba masanya untuk pertemuan kita.","Phù, cuối cùng cũng qua được lúc bận rộn. Giờ thì sắp đến giờ hẹn rồi.","Uf, por fin pasó la hora más ocupada. Ya va siendo hora de la cita.","Hyuh, akhirnya waktu sibuk telah berakhir. Waktu janji sudah dekat.",ฮู้ว กว่าจะผ่านช่วงยุ่งๆ มาได้ ตอนนี้ก็ใกล้ถึงเวลานัดแล้วสินะ,Ufa... finalmente a correria acabou. Já deve estar quase na hora do combinado.
,,,홍시_신년,,1_냠,,,"후후, <txt:bold,2><txt:color,orange>비올라</txt:color></txt:bold>와 <txt:bold,2><txt:color,orange>이사벨</txt:color></txt:bold>이 추천하는 선수라‥. 대체 어떤 선수일까?","Hehe, a player <txt:bold,2><txt:color,orange>Viola</txt:color></txt:bold> and <txt:bold,2><txt:color,orange>Isabel</txt:color></txt:bold> recommended... I wonder what kind of player it’ll be?","フフ、<txt:bold,2><txt:color,orange>ヴィオラ</txt:color></txt:bold>と<txt:bold,2><txt:color,orange>イザベル</txt:color></txt:bold>が紹介する選手か...一体どんな選手だろう？","嘿嘿，<txt:bold,2><txt:color,orange>维奥拉</txt:color></txt:bold>和<txt:bold,2><txt:color,orange>伊莎贝尔</txt:color></txt:bold>推荐的选手...到底会是个什么样的人呢？","呵呵，<txt:bold,2><txt:color,orange>維奧拉</txt:color></txt:bold>和<txt:bold,2><txt:color,orange>伊莎貝爾</txt:color></txt:bold>推薦的選手啊...究竟會是什麼樣的人呢？","Кто же этот игрок, о котором говорили <txt:bold,2><txt:color,orange>Виолла</txt:color></txt:bold> и <txt:bold,2><txt:color,orange>Изабель</txt:color></txt:bold>?","Hehe, seorang pemain <txt:bold,2><txt:color,orange>Viola</txt:color></txt:bold> dan <txt:bold,2><txt:color,orange>Isabel</txt:color></txt:bold> rekomenkan... Agaknya pemain jenis apa?","Hừ hừ, tuyển thủ do <txt:bold,2><txt:color,orange>Viola</txt:color></txt:bold> và <txt:bold,2><txt:color,orange>Isabel</txt:color></txt:bold> tiến cử sao... rốt cuộc là người thế nào nhỉ?","Jeje, un jugador recomendado por <txt:bold,2><txt:color,orange>Viola</txt:color></txt:bold> e <txt:bold,2><txt:color,orange>Isabel</txt:color></txt:bold>... ¿cómo será ese jugador?","Huhu, atlet yang direkomendasikan oleh <txt:bold,2><txt:color,orange>Viola</txt:color></txt:bold> dan <txt:bold,2><txt:color,orange>Isabel</txt:color></txt:bold>... Aku penasaran seperti apa dia.","ฮิฮิ นักกีฬาที่<txt:bold,2><txt:color,orange>วิโอล่า</txt:color></txt:bold>กับ<txt:bold,2><txt:color,orange>อิซาเบล</txt:color></txt:bold>แนะนำ... จะเป็นนักกีฬาแบบไหนกันนะ?","Hehe... um jogador recomendado pela <txt:bold,2><txt:color,orange>Viola</txt:color></txt:bold> e pela <txt:bold,2><txt:color,orange>Isabel</txt:color></txt:bold>... Que tipo de pessoa será?"
,,,홍시_신년,,1_기본,,,기대되는구나. 분명히 대단한 선수겠지?,I’m excited. Must be an amazing player!,楽しみだ。きっと、すごい選手なんだろうな。,真让人期待啊。肯定是个厉害的选手吧？,真令人期待，肯定是很厲害的選手吧？,"Поскорее хочется узнать, насколько он хорош!",Saya teruja. Pasti pemain yang hebat!,Thật đáng mong đợi. Chắc chắn là một tuyển thủ lợi hại đây.,"Tengo curiosidad. Seguro que es un jugador increíble, ¿no?",Aku jadi tidak sabar. Pasti atlet luar biasa sekali!,ตื่นเต้นจัง คงเป็นนักกีฬาที่สุดยอดแน่ๆ เลย,"Tô ansiosa. Com certeza deve ser alguém incrível, né?"
,,,-,,,,,"<txt:color,grey>(딸랑!)</txt:color><sys:sfx,현관문_차임벨>","<txt:color,grey>(Jingle!)</txt:color><sys:sfx,현관문_차임벨>","<txt:color,grey>(カラン！)</txt:color><sys:sfx,현관문_차임벨>","<txt:color,grey>（叮铃！）</txt:color><sys:sfx,현관문_차임벨>","<txt:color,grey>(噹啷！)</txt:color><sys:sfx,현관문_차임벨>","<txt:color,grey>(Дзинь!)</txt:color><sys:sfx,현관문_차임벨>","<txt:color,grey>(Gerincing!)</txt:color><sys:sfx,현관문_차임벨>","<txt:color,grey>*Leng reng*</txt:color><sys:sfx,현관문_차임벨>","<txt:color,grey>(¡Ding!)</txt:color><sys:sfx,현관문_차임벨>","<txt:color,grey>(Kring!)</txt:color><sys:sfx,현관문_차임벨>","<txt:color,grey>(กรุ๊งกริ๊ง!)</txt:color><sys:sfx,현관문_차임벨>","<txt:color,grey>(Tlín!)</txt:color><sys:sfx,현관문_차임벨>"
,,,홍시_신년,,1_기본,pause,,"어서 오거라~ 기다렸다, 소년! <wrt:wait,30><cha:emote,홍시_신년,quest><cha:face,홍시_신년,1_헉>‥소년?","Welcome! I’ve been waiting, young one! <wrt:wait,30><cha:emote,홍시_신년,quest><cha:face,홍시_신년,1_헉>Young one...?","いらっしゃ～い。待ってたぞ、少年！<wrt:wait,30><cha:emote,홍시_신년,quest><cha:face,홍시_신년,1_헉>...少年？","欢迎光临~等你很久了，少年！<wrt:wait,30><cha:emote,홍시_신년,quest><cha:face,홍시_신년,1_헉>...少年？","歡迎光臨～我等你好久了，老弟！<wrt:wait,30><cha:emote,홍시_신년,quest><cha:face,홍시_신년,1_헉>...老弟？","Привет, парень! Я уже заждалась! <wrt:wait,30><cha:emote,홍시_신년,quest><cha:face,홍시_신년,1_헉>... Парень?","Selamat datang! Saya menunggu, anak muda! <wrt:wait,30><cha:emote,홍시_신년,quest><cha:face,홍시_신년,1_헉>Anak muda...?","Hoan nghênh~ Tôi đã đợi sẵn rồi đây! <wrt:wait,30><cha:emote,홍시_신년,quest><cha:face,홍시_신년,1_헉>...Cậu trai trẻ?","¡Bienvenido! ¡Te estuve esperando, chico!<wrt:wait,30><cha:emote,홍시_신년,quest><cha:face,홍시_신년,1_헉>...¿Chico?","Ayo masuk~ Aku sudah menunggu, bocah! <wrt:wait,30><cha:emote,홍시_신년,quest><cha:face,홍시_신년,1_헉>...bocah?","ยินดีต้อนรับ~ ฉันรออยู่เลย หนุ่มน้อย! <wrt:wait,30><cha:emote,홍시_신년,quest><cha:face,홍시_신년,1_헉>...หนุ่มน้อย?","Seja bem-vindo! Eu estava te esperando, garoto! <wrt:wait,30><cha:emote,홍시_신년,quest><cha:face,홍시_신년,1_헉>Garoto?"
,,,TAG,,,,,"<cha:pos,홍시_신년,-2><cha:pos,NN,2>","<cha:pos,홍시_신년,-2><cha:pos,NN,2>","<cha:pos,홍시_신년,-2><cha:pos,NN,2>","<cha:pos,홍시_신년,-2><cha:pos,NN,2>","<cha:pos,홍시_신년,-2><cha:pos,NN,2>","<cha:pos,홍시_신년,-2><cha:pos,NN,2>","<cha:pos,홍시_신년,-2><cha:pos,NN,2>","<cha:pos,홍시_신년,-2><cha:pos,NN,2>","<cha:pos,홍시_신년,-2><cha:pos,NN,2>","<cha:pos,홍시_신년,-2><cha:pos,NN,2>","<cha:pos,홍시_신년,-2><cha:pos,NN,2>","<cha:pos,홍시_신년,-2><cha:pos,NN,2>"
,,,NN,,1_기본,,,"어흐~<wrt:wait,30> 어깨가 결린다~ 피곤하다, 피곤해~","Ugh!<wrt:wait,30> I’m so tired. My shoulders are killing me!","ふう～<wrt:wait,30>肩が凝るな～疲れた、疲れた～","哎哟~<wrt:wait,30>肩膀好酸~累死了，真累~","哦～<wrt:wait,30>肩膀好酸啊～真的是有夠累～","Уф!<wrt:wait,30> Плечо ноет, сил нет.","Ugh!<wrt:wait,30> Penatnya. Bahu saya sakit sekali!","Grừ~<wrt:wait,30> Đau cứng cả vai~ Mệt quá, mệt mỏi quá đi~","Uf<wrt:wait,30> me duelen los hombros ¡Estoy cansado, tan cansado!","Aduh~<wrt:wait,30> Bahu pegal~ Capek sekali~","อื้อ~<wrt:wait,30> ไหล่ตึงชะมัด~ เหนื่อยจังเลย เหนื่อยสุดๆ~","Ugh!<wrt:wait,30> Ai, meus ombros... tô morto!"
,,,홍시_신년,,1_헉,pause,silent,"‥<wrt:wait,30>어?","<wrt:wait,30>Huh...?","...<wrt:wait,30>え？","...<wrt:wait,30>呃？","...<wrt:wait,30>咦？","...<wrt:wait,30>Эм?","<wrt:wait,30>Huh...?","...<wrt:wait,30>Ơ?","...<wrt:wait,30>¿Eh?","...<wrt:wait,30>Eh?","...<wrt:wait,30>เอ๋?","Hum... <wrt:wait,30>Hã?"
,,,홍시_신년,,1_난처,pause,,"<txt:bold,2>아무리 봐도 소년이‥ 아니다만?</txt:bold>","<txt:bold,2>Wait... No matter how I look at him, he’s certainly no young man!</txt:bold>","<txt:bold,2>どう見ても少年...ではないぞ？</txt:bold>","<txt:bold,2>不管怎么看...都不是少年吧？</txt:bold>","<txt:bold,2>怎麼看都不像是老弟...啊？</txt:bold>","<txt:bold,2>Что-то он уже не совсем парень...</txt:bold>","<txt:bold,2>Tengok macam mana pun, dia... bukan anak muda, kan?</txt:bold>","<txt:bold,2>Nhìn kiểu gì cũng không giống cậu trai trẻ...?</txt:bold>","<txt:bold,2>Por más que lo mire... no tiene nada de chico.</txt:bold>","<txt:bold,2>Mau dilihat bagaimanapun... dia tidak terlihat seperti bocah?</txt:bold>","<txt:bold,2>ไม่ว่าจะมองยังไงก็... ไม่ใช่หนุ่มน้อยเลยนะ?</txt:bold>","<txt:bold,2>Por mais que eu olhe... ele não é um garoto...</txt:bold>"
,,,NN,,1_웃음,,,"점원아, 아무 데나 앉으면 되지? 읏차~ 아휴, 앉으니 좋다. 메뉴판 좀 줘 봐.","Hey, I can sit anywhere, right? Oof! Ah, feels good to sit. Give me a menu.",店員さん、どこにでも座っていいよな？よいしょっと～ふう、いい座り心地だ。ちょっとメニュー見せてくれよ。,店员，随便坐就行吧？嘿咻~哎呀，坐着真舒服。把菜单给我看看。,店員，隨便坐就行吧？嘿咻～唉呀，坐著真舒服。把菜單給我看看。,"Эй, хозяйка! Куда тут у тебя присесть можно? Ох, как хорошо отдохнуть. Подай-ка меню!","Hei, saya boleh duduk mana-mana, kan? Oof! Ah, leganya dapat duduk. Minta menu.","Ngồi đâu cũng được chứ? Ây da, ngồi xuống sướng thật. Đưa menu đây.","Camarera, ¿puedo sentarme en cualquier lugar? ¡Uf, ah, qué bien se siente! Pásame el menú, por favor.","Pegawai, tidak masalah jika aku duduk dimana saja, kan? Uh~ aduh, merasa hidup setelah duduk. Boleh minta menu?",นี่น้อง ฉันนั่งตรงไหนก็ได้ใช่ไหม? ฮัดช่า~ ฮู้ว ได้นั่งแล้วค่อยยังชั่ว ขอเมนูหน่อยสิ,"Ei, posso sentar em qualquer lugar, né? Ugh... sentar é bom demais. Me vê o cardápio aí."
,,,홍시_신년,,1_외침,,,"여, 여기 있다. 그런데 자네, 혹시 <txt:bold,2><txt:color,orange>비올라</txt:color></txt:bold>에게‥.","Here you go. By the way, did <txt:bold,2><txt:color,orange>Viola</txt:color></txt:bold> tell you to...","あ、ああ。ところで、もしかして君が<txt:bold,2><txt:color,orange>ヴィオラ</txt:color></txt:bold>に...。","给，给你。不过阁下，难道是<txt:bold,2><txt:color,orange>维奥拉</txt:color></txt:bold>叫你来的...","在、在這裡。不過您該不會是<txt:bold,2><txt:color,orange>維奧拉</txt:color></txt:bold>...","В-вот. Только ты тот самый... От <txt:bold,2><txt:color,orange>Виоллы</txt:color></txt:bold>?","I-ini dia. Tapi, adakah <txt:bold,2><txt:color,orange>Viola</txt:color></txt:bold> yang menyuruh awak...","Đ, đây. Mà này, ông có phải là người mà <txt:bold,2><txt:color,orange>Viola</txt:color></txt:bold>...","Ah, aquí está. Pero dime, ¿tú acaso... conoces a <txt:bold,2><txt:color,orange>Viola?</txt:bold>","A-ada disini. Tapi apa itu kau yang diperkenalkan oleh <txt:bold,2><txt:color,orange>Viola</txt:color></txt:bold>...","อะ เอ้านี่เมนู ว่าแต่นายคือคนที่<txt:bold,2><txt:color,orange>วิโอล่า</txt:color></txt:bold>...","A-aqui está. Mas... por acaso você conhece a <txt:bold,2><txt:color,orange>Viola</txt:color></txt:bold>?"
,,,NN,,1_기본,,,"엑~ 이게 다 뭐야, 차밖에 없잖아. 디저트도 옛날 과자밖에 없고.",Ugh! What’s all this? Nothing but tea. Even the desserts are just some old school sweets.,え～なんだこれ、お茶しかねえじゃん。デザートも昔ながらのお菓子ばっかだし。,诶~这都什么啊，全是茶。甜点也只有些老式的。,咦～這都什麼啊，除了茶沒有別的嘛。甜點也只有古早味餅乾。,Что такое? Сплошной чай и традиционные десерты?,Ugh! Apa semua ini? Hanya teh sahaja. Malah pencuci mulut pun hanya manisan lama-lama.,"Cái gì thế này, toàn là trà à. Tráng miệng thì cũng chỉ có mấy món bánh cổ lỗ sĩ.",¡Eh~! ¿¡Qué es esto!? Solo hay té. Y los postres... ¡solo dulces antiguos!,"Eh~ apa-apaan ini, hanya ada teh. Jenis-jenis kue juga sudah jadul semua.",อึ๋ย~ อะไรกันเนี่ย มีแต่ชาทั้งนั้นเลยนี่นา แถมขนมหวานก็มีแต่ขนมโบราณ,Eca! O que é isso? Só tem chá?! E esses doces são tudo coisa antiga!
,,,홍시_신년,,1_난처,,sweat,"<txt:bold,2>그, 그야‥ <wrt:wait,30>여긴 찻집이니 그렇지.</txt:bold>","<txt:bold,2>Well... <wrt:wait,30>This is a teahouse, after all.</txt:bold>","<txt:bold,2>そ、そりゃ...<wrt:wait,30>ここはお茶屋だからな。</txt:bold>","<txt:bold,2>那，那当然了...<wrt:wait,30>这里是茶馆嘛。</txt:bold>","<txt:bold,2>那、那是...<wrt:wait,30>因為這裡是茶館啊。</txt:bold>","<txt:bold,2>Ну... <wrt:wait,30>Это же чайный дом.</txt:bold>","<txt:bold,2>Y-ya... <wrt:wait,30>Ini kan rumah teh.</txt:bold>","<txt:bold,2>Th, thì... <wrt:wait,30>vì đây là quán trà mà.</txt:bold>","<txt:bold,2>B-bueno... <wrt:wait,30>es que... esto es una casa de té, ¿no?</txt:bold>","<txt:bold,2>T-tentu saja... <wrt:wait,30>Ini kan kedai teh.</txt:bold>","<txt:bold,2>กะ ก็... <wrt:wait,30>ที่นี่คือร้านชาน่ะสิ</txt:bold>","<txt:bold,2>B-bem... <wrt:wait,30>você está numa casa de chá...</txt:bold>"
,,,NN,,1_기본,,,나 같은 아저씬 주기적으로 달달한 걸 먹어야 한단 말이야.,Old guys like me need to eat something sweet every once in a while.,俺みたいなおじさんは、定期的に甘いものを摂取しないといけないんだよ。,像我这种大叔，必须定期摄入糖分才行啊。,像我這種大叔，是需要定期補充點甜食的啊。,"Таким дядям, как я, требуется регулярная доза сахара.",Orang tua seperti saya perlu makan benda manis sekali-sekala.,"Mấy ông chú như tôi ấy, phải thường xuyên nạp đồ ngọt.","Un tipo como yo necesita comer algo dulce de vez en cuando, ¿sabes?",Orang sepertiku harus makan yang manis-manis secara berkala.,ลุงอย่างฉันน่ะต้องกินของหวานๆ เป็นประจำนะ,"Um tiozão como eu precisa comer doce de vez em quando, sabia?"
,,,NN,,1_기본,,,"됐으니 점원아, 여기 초코 우유 좀 가져다줘라.",Just bring me some chocolate milk please.,それはさておき、店員さん。チョコミルクを持ってきてくれよ。,行了，店员，给我来一杯巧克力牛奶。,行了，店員，給我來點巧克力牛奶。,Подавай-ка шоколадного молока лучше!,Tolong bawakan saya susu coklat sahaja.,"Thôi được rồi, mang cho tôi một ly sữa socola đi.","Bueno, camarera. Tráeme leche con chocolate, por favor.","Sudahlah, pegawai, bawakan aku susu coklat.",ช่างเถอะ น้อง ช่วยเอานมช็อกโก้มาให้ที,"Ah, deixa pra lá. Só me traz um leite com chocolate."
,,,홍시_신년,,1_외침,,,초코 우유는 없다!,We don’t have chocolate milk!,チョコミルクは売ってないぞ！,这里没有巧克力牛奶！,這裡沒有巧克力牛奶！,Нету у нас такого!,Kami tak ada susu coklat!,Không có sữa socola!,¡No tenemos leche con chocolate!,Tidak ada susu coklat disini!,ไม่มีนมช็อกโก้สักหน่อย!,N-não temos leite com chocolate!
,,,NN,,1_기본,,,"아~ 머리가 어지러워~ 에구구, 이래서 요즘 것들은. 어른을 공경할 줄 모른다니까.","Ugh, my head’s spinning! See, young people these days have no respect for the elders.",あ～めまいがするぞ～まったく、これだから最近の子は。年上への接し方がなってないんだから。,啊~头好晕~哎哟哟，所以说现在的年轻人啊。真是不懂得敬老。,啊～頭好暈啊～唉唷，所以說現在的年輕人就是這樣。一點都不懂得敬老尊賢。,Ох моя головушка! Молодежь эта совсем разучилась уважать старших.,"Ugh, kepala saya berpusing! Kan, orang muda zaman sekarang tak hormat orang tua.","Trời ơi, choáng cả đầu. Bởi vậy mới nói, giới trẻ bây giờ chẳng biết kính trọng người lớn gì cả.","¡Ah, me estoy mareando! Ay, estos jóvenes de hoy... no saben respetar a los mayores.","Ah~ Pusing kepalaku~ Aduh, anak-anak zaman sekarang... tidak tahu hormat pada orang tua.",โอ๊ย~ เวียนหัวจัง~ นี่แหละน้า เด็กสมัยนี้ไม่รู้จักเคารพผู้ใหญ่เลยจริงๆ,"Aaah, tô ficando tonto... Os jovens de hoje não sabem respeitar os mais velhos..."
,,,홍시_신년,,1_외침,shake,,"그게, 그러니까‥!",That’s... not how it is...!,いや、つまりだな...！,这，这个嘛...！,那、那個...！,Ну вообще-то...,Itu... bukan begitu...!,Chuyện đó thì...,"Es que, bueno...",Jadi itu...!,ก็นั่นมัน...!,É que... b-bem...
,,,홍시_신년,,1_헉,,,"<txt:color,grey>(정말로 이 남자가 맞는 건가?!)</txt:color>","<txt:color,grey>(Is this really the right guy?!)</txt:color>","<txt:color,grey>(本当にこの男なのか！？)</txt:color>","<txt:color,grey>（真的是这个男人吗？！）</txt:color>","<txt:color,grey>(真的是這個男人嗎？！)</txt:color>","<txt:color,grey>(Это точно он?)</txt:color>","<txt:color,grey>(Betul ke ini orangnya?!)</txt:color>","<txt:color,grey>(Thật sự là người này sao?!)</txt:color>","<txt:color,grey>(¿¡De verdad será este el hombre correcto!?!)</txt:color>","<txt:color,grey>(Apa benar laki-laki ini?!)</txt:color>","<txt:color,grey>(ใช่ผู้ชายคนนี้จริงเหรอเนี่ย?!)</txt:color>","<txt:color,grey>(Será que é esse cara mesmo?)</txt:color>"
,,,홍시_신년,,1_난처,,,"<txt:color,grey>(아무리 봐도 소년이 아닌 데다 도저히 내가 바라던 인물이 아니다만?!)</txt:color>","<txt:color,grey>(No matter how I look at it, he’s not young, and he’s definitely not the person I was hoping for?!)</txt:color>","<txt:color,grey>(どう見ても少年じゃないし、私が求めていた人物には程遠いぞ！？)</txt:color>","<txt:color,grey>（不管怎么看都不是少年，而且也完全不是我期待的那种人物啊？！）</txt:color>","<txt:color,grey>(怎麼看都不是老弟，而且完全不是我期盼的那個人啊？！)</txt:color>","<txt:color,grey>(Давно уже не парень и совсем не тот, кого я ищу?!)</txt:color>","<txt:color,grey>(Tengok macam mana pun, dia bukan muda, dan dia pasti bukan orang yang saya harapkan?!)</txt:color>","<txt:color,grey>(Dù nhìn thế nào cũng không phải cậu trai trẻ, lại hoàn toàn không giống người mà mình mong đợi?!)</txt:color>","<txt:color,grey>(¡Por más que lo mire, no es un chico y definitivamente no es a quien yo esperaba!)</txt:color>","<txt:color,grey>(Mau dilihat bagaimanapun dia tidak terlihat anak muda dan bukan orang yang aku harapkan!)</txt:color>","<txt:color,grey>(นอกจากมองยังไงก็ไม่ใช่หนุ่มน้อยแล้ว ยังไม่ใช่คนที่ฉันคาดหวังเอาไว้เลยด้วย!)</txt:color>","<txt:color,grey>(Ele não é um garoto... e com certeza não é quem eu imaginava...)</txt:color>"
,,,홍시_신년,,1_난처,,,"<txt:color,grey>(어떡하지‥. <wrt:wait,30>이, 일단 믿어 봐야 하는 건가?)</txt:color>","<txt:color,grey>(What do I do... <wrt:wait,30>Should I just go on with this for now?)</txt:color>","<txt:color,grey>(どうすべきか...<wrt:wait,30>ひ、ひとまず信じてみるか？)</txt:color>","<txt:color,grey>（怎么办...<wrt:wait,30>这、只好先信了再说吗？）</txt:color>","<txt:color,grey>(怎麼辦...<wrt:wait,30>這、只好先信了再說嗎？)</txt:color>","<txt:color,grey>(Что же делать? <wrt:wait,30>Довериться?)</txt:color>","<txt:color,grey>(Apa nak buat... <wrt:wait,30>Patutkah saya teruskan sahaja buat masa ini?)</txt:color>","<txt:color,grey>(Làm sao đây... <wrt:wait,30>hay là cứ tạm tin thử một lần?)</txt:color>","<txt:color,grey>(¿Qué hago...? ¿<wrt:wait,30>D-debería confiar en él por ahora?)</txt:color>","<txt:color,grey>(Apa yang harus kulakukan... <wrt:wait,30>Apa aku harus coba mempercayainya?)</txt:color>","<txt:color,grey>(ทำยังไงดีล่ะ... <wrt:wait,30>ละ ลองเชื่อดูก่อนดีไหมนะ?)</txt:color>","<txt:color,grey>(O que eu faço... <wrt:wait,30>será que devo confiar nele por enquanto?)</txt:color>"
,,,홍시_신년,,1_외침,,,"하, 하지만, 정말 초코 우유는 없다! 다른 걸‥.",But... we really don’t have chocolate milk! How about something else...,だ、だがチョコミルクは本当にないぞ！他のを...。,但，但是，真的没有巧克力牛奶！别的...,可、可是，這裡真的沒有巧克力牛奶！其他的...,"У нас нет шоколадного молока, может что-то дру...",Tapi... kami memang tak ada susu coklat! Bagaimana dengan yang lain...,"Nh, nhưng thật sự là không có sữa socola! Hay là món khác...",¡P-pero de verdad que no tenemos leche con chocolate! Pide otra cosa...,"M-meski begitu, tidak ada susu coklat disini! Coba pesan yang...",ตะ แต่ว่า ไม่มีนมช็อกโก้จริงๆ นะ! เอาเป็นอย่างอื่น...,"M-mas falando sério, não temos leite com chocolate! Que tal outra coisa?"
,,,NN,,1_딴청,,,"안 되는 게 어딨어~ <cha:pop,NN>엉! 그러면 나도 다 생각이 있어!","What do you mean you have none?!<cha:pop,NN>Hmph! If that’s how it is...!","そんなこと言うなよ～<cha:pop,NN>ん？それなら、俺にも考えがあるぞ！","哪有什么不行啊~<cha:pop,NN>哼！那我也自有办法！","哪有什麼不行～<cha:pop,NN>哼！那樣的話，我也有的是辦法！","Так в чем проблема-то? <cha:pop,NN>Это всегда можно исправить!","Mana boleh tak ada~ <cha:pop,NN>Hmph! Kalau begitu, saya pun ada rancangan sendiri!","Sao lại không có được chứ! <cha:pop,NN>Hừ! Vậy thì tôi cũng có cách của mình!","¡No hay nada que no se pueda hacer! <cha:pop,NN>¡Ehm! ¡Entonces yo también tengo un plan!","Tidak ada yang tidak bisa~ <cha:pop,NN>Eh! Kalau terus begitu aku juga punya cara sendiri!","ไม่มีอะไรที่เป็นไปไม่ได้หรอก~ <cha:pop,NN>ฮึ่ม! ฉันก็มีวิธีของฉันเหมือนกันนะ!","Nada é impossível! <cha:pop,NN>Então eu também tenho meus próprios planos!"
,,,홍시_신년,,1_헉,,,"으으‥<wrt:wait,30> 알겠다, 이, 일단 근처에서 초코 우유를 사 오지. 잠깐만 기다려라!","Ugh...<wrt:wait,30> Fine, I-I’ll go buy some chocolate milk from nearby. Just wait a moment!","うう...<wrt:wait,30>分かった。と、とりあえず近くでチョコミルクを買ってこよう。少し待ってろ！","唔唔...<wrt:wait,30>知道了，我，我去附近买巧克力牛奶总行了吧。你稍等一下！","唔...<wrt:wait,30>知道了，我、我這就去附近買巧克力牛奶。你稍等一下！","Э-э...<wrt:wait,30> Ладно, я схожу за молоком. Подождите тут.","Ugh...<wrt:wait,30> Baiklah, s-saya akan pergi beli susu coklat dari kedai berdekatan. Tunggu sebentar!","Ư...<wrt:wait,30> được rồi, tạm thời tôi sẽ ra gần đây mua sữa socola về. Đợi một chút!","Ugh...<wrt:wait,30> está bien, primero iré a comprar leche con chocolate cerca. ¡Espera un momento!","Erggh...<wrt:wait,30> baiklah, a-aku akan beli susu coklat dari toko disekitar. Coba tunggu sebentar!","อึก...<wrt:wait,30> เข้าใจแล้ว ดะ เดี๋ยวฉันไปซื้อนมช็อกโก้จากแถวนี้มาก็ได้ รอก่อนล่ะ!","Ugh... tá bom.<wrt:wait,30> Vou ali comprar um leite com chocolate. Só um minuto."
,,,NN,,1_웃음,,,잔뜩 부탁해~,Get plenty!,たくさん頼むぜ～,多买点哦~,多買點喔～,Да и побольше возьми!,Beli banyak-banyak!,Mua nhiều vào nhé.,¡Tráeme mucha!,Beli yang banyak ya~,ขอเยอะๆ เลยนะ~,"Capricha, hein!"
,,,TAG,,,,,"<eff:black,4><sys:quiet,1600>","<eff:black,4><sys:quiet,1600>","<eff:black,4><sys:quiet,1600>","<eff:black,4><sys:quiet,1600>","<eff:black,4><sys:quiet,1600>","<eff:black,4><sys:quiet,1600>","<eff:black,4><sys:quiet,1600>","<eff:black,4><sys:quiet,1600>","<eff:black,4><sys:quiet,1600>","<eff:black,4><sys:quiet,1600>","<eff:black,4><sys:quiet,1600>","<eff:black,4><sys:quiet,1600>"
,,,TAG,,,,,"<cha:qpos,홍시_신년,-4><cha:qpos,NN,-4><cha:qpos,남재현,-2><cha:qpos,비올라,2><sys:bgm,BGM_COMIC,600>","<cha:qpos,홍시_신년,-4><cha:qpos,NN,-4><cha:qpos,남재현,-2><cha:qpos,비올라,2><sys:bgm,BGM_COMIC,600>","<cha:qpos,홍시_신년,-4><cha:qpos,NN,-4><cha:qpos,남재현,-2><cha:qpos,비올라,2><sys:bgm,BGM_COMIC,600>","<cha:qpos,홍시_신년,-4><cha:qpos,NN,-4><cha:qpos,남재현,-2><cha:qpos,비올라,2><sys:bgm,BGM_COMIC,600>","<cha:qpos,홍시_신년,-4><cha:qpos,NN,-4><cha:qpos,남재현,-2><cha:qpos,비올라,2><sys:bgm,BGM_COMIC,600>","<cha:qpos,홍시_신년,-4><cha:qpos,NN,-4><cha:qpos,남재현,-2><cha:qpos,비올라,2><sys:bgm,BGM_COMIC,600>","<cha:qpos,홍시_신년,-4><cha:qpos,NN,-4><cha:qpos,남재현,-2><cha:qpos,비올라,2><sys:bgm,BGM_COMIC,600>","<cha:qpos,홍시_신년,-4><cha:qpos,NN,-4><cha:qpos,남재현,-2><cha:qpos,비올라,2><sys:bgm,BGM_COMIC,600>","<cha:qpos,홍시_신년,-4><cha:qpos,NN,-4><cha:qpos,남재현,-2><cha:qpos,비올라,2><sys:bgm,BGM_COMIC,600>","<cha:qpos,홍시_신년,-4><cha:qpos,NN,-4><cha:qpos,남재현,-2><cha:qpos,비올라,2><sys:bgm,BGM_COMIC,600>","<cha:qpos,홍시_신년,-4><cha:qpos,NN,-4><cha:qpos,남재현,-2><cha:qpos,비올라,2><sys:bgm,BGM_COMIC,600>","<cha:qpos,홍시_신년,-4><cha:qpos,NN,-4><cha:qpos,남재현,-2><cha:qpos,비올라,2><sys:bgm,BGM_COMIC,600>"
,,,남재현,,2_무표정,,,"약속하신 거 맞죠? 소개해 주시는 분의 부탁을 들어드리면 <txt:bold,2><txt:color,orange>이사벨</txt:color></txt:bold> 씨와 연습 경기를 할 수 있는 거죠?","You promised, right? If I listen to the person you’re introducing me to, I can have a practice match with <txt:bold,2><txt:color,orange>Isabel</txt:color></txt:bold>?","約束は覚えてますよね？紹介してくれた方のお願いを聞いたら、<txt:bold,2><txt:color,orange>イザベル</txt:color></txt:bold>さんと練習試合をさせてくれるって","说好了吧？只要答应你要介绍给我的那个人的请求，就能和<txt:bold,2><txt:color,orange>伊莎贝尔</txt:color></txt:bold>小姐进行练习赛，对吧？","我們說好囉？只要我答應您介紹的那位的請求，就能和<txt:bold,2><txt:color,orange>伊莎貝爾</txt:color></txt:bold>前輩打練習賽，對吧？","Обещаешь? Если помогу вашей знакомой, смогу сыграть с <txt:bold,2><txt:color,orange>Изабель</txt:color></txt:bold>?","Awak dah janji, kan? Kalau saya tunaikan permintaan orang yang awak perkenalkan nanti, saya boleh bermain perlawanan latihan dengan <txt:bold,2><txt:color,orange>Isabel</txt:color></txt:bold>?","Đúng như đã hứa chứ? Nếu tôi đáp ứng lời nhờ của người được giới thiệu thì sẽ được đấu tập với <txt:bold,2><txt:color,orange>Isabel</txt:color></txt:bold>, đúng không?","¿Es una promesa, verdad? Si hago lo que me pida la persona que vas a presentarme, ¿podré jugar un partido de práctica con <txt:bold,2><txt:color,orange>Isabel</txt:color></txt:bold>?","Anda benar-benar berjanji, kan? Kalau saya memenuhi permintaan orang yang diperkenalkan, saya bisa latihan pertandingan dengan <txt:bold,2><txt:color,orange>Isabel</txt:color></txt:bold>?","คุณสัญญาแน่ใช่ไหมครับ? ว่าถ้าผมทำตามคำขอจากคนที่คุณแนะนำให้ ผมจะได้แข่งแมตช์ฝึกซ้อมกับคุณ<txt:bold,2><txt:color,orange>อิซาเบล</txt:color></txt:bold>น่ะ?","Tá tudo combinado, né? Se eu cumprir o pedido da pessoa, posso jogar uma partida amistosa com a <txt:bold,2><txt:color,orange>Isabel</txt:color></txt:bold>, certo?"
,,,비올라,,1_난처,,,"어휴, 맞다니까~ 이제 다 왔으니까. 질문 그만~!","Ugh, I told you already. We’re almost there now, so stop asking questions!",もう、そうだってば～もう着いたから、質問はおしま～い！,哎呀，是啦是啦~既然都到了，就别问了~！,唉唷，就說對了嘛～已經到了啦。別再問了～！,"Да-да! Вот мы и на месте, хватит вопросов!","Ugh, kan saya dah cakap. Kita dah hampir sampai, sudahlah bertanya-tanya!","Biết rồi mà, tới nơi rồi thì đừng hỏi nữa!","¡Ay, sí, sí! Ya casi llegamos, ¡así que basta de preguntas!","Aduh, iya beneran~ Kita sudah sampai disini, jadi jangan tanya-tanya lagi~!",เฮ้อ ก็บอกว่าแน่ไงเล่า~ ตอนนี้เรามาถึงแล้ว เลิกถามสักทีเถอะน่า~!,"Ai, já falei que sim! A gente já chegou, então para de perguntar!"
,,,비올라,,1_미소,,,"‥<wrt:wait,30>미안, 미안~ 내가 많이 늦었지? 지금 막 데리고 왔어~","...<wrt:wait,30>Sorry to keep you waiting! I just brought him over.","...<wrt:wait,30>ごめん、ごめ～ん。遅くなっちゃった？今連れて来たよ～","...<wrt:wait,30>抱歉抱歉~ 我来晚了吧？刚把人带过来~","...<wrt:wait,30>抱歉、抱歉～我遲到了很久吧？我剛把人帶來了～","...<wrt:wait,30>Прости, мы немного припозднились! Вот и мой друг!","...<wrt:wait,30>Maaf awak menunggu ya! Saya baru sahaja membawanya ke sini.","...<wrt:wait,30>Xin lỗi, xin lỗi~ Tôi đến trễ quá. Tôi vừa dẫn người tới đây.","...<wrt:wait,30>¡Perdón, perdón! ¿Llegué muy tarde? ¡Acabo de traerlo!","...<wrt:wait,30>Maaf~ Aku agak terlambat, kan? Aku baru membawanya~","...<wrt:wait,30>ขอโทษทีนะๆ~ ฉันมาช้ามากเลยใช่ไหม? พอดีฉันเพิ่งพาเขามาได้น่ะ~","Hum... <wrt:wait,30>desculpa a demora. Ele veio comigo."
,,,비올라,,1_난처,,quest,"‥<wrt:wait,30>어라?<cha:pop,비올라> 왜 초코 우유를 산더미처럼 들고 있어?","...<wrt:wait,30>Huh?<cha:pop,비올라> Why are you carrying a whole pile of chocolate milk?","...<wrt:wait,30>あれ？<cha:pop,비올라>どうしてチョコミルクをそんな大量に抱えてるの？","...<wrt:wait,30>咦？<cha:pop,비올라>你手里怎么抱着堆成山的巧克力牛奶？","...<wrt:wait,30>咦？<cha:pop,비올라>妳幹嘛抱著堆積如山的巧克力牛奶？","...<wrt:wait,30>Эй?<cha:pop,비올라>Ты чего это с кучей шоколадного молока?","...<wrt:wait,30>Hah?<cha:pop,비올라> Kenapa awak membawa susu coklat banyak-banyak?","...<wrt:wait,30>Ơ?<cha:pop,비올라> Sao lại ôm cả đống sữa socola thế kia?","...<wrt:wait,30>¿Eh?<cha:pop,비올라> ¿¡Por qué traes esa montaña de leche con chocolate!?","...<wrt:wait,30>Ehh?<cha:pop,비올라> Kenapa kamu membawa banyak susu coklat seperti itu?","...<wrt:wait,30>เอ๋?<cha:pop,비올라> ทำไมเธอถึงหอบนมช็อกโก้เยอะขนาดนั้นล่ะ?","Hã? <wrt:wait,30>Ué? <cha:pop,비올라>Por que você tá carregando tudo isso de leite com chocolate?"
,,,TAG,,,,,"<cha:pos,홍시_신년,-1><cha:pos,NN,-2><cha:pos,남재현,1><cha:pos,비올라,2>","<cha:pos,홍시_신년,-1><cha:pos,NN,-2><cha:pos,남재현,1><cha:pos,비올라,2>","<cha:pos,홍시_신년,-1><cha:pos,NN,-2><cha:pos,남재현,1><cha:pos,비올라,2>","<cha:pos,홍시_신년,-1><cha:pos,NN,-2><cha:pos,남재현,1><cha:pos,비올라,2>","<cha:pos,홍시_신년,-1><cha:pos,NN,-2><cha:pos,남재현,1><cha:pos,비올라,2>","<cha:pos,홍시_신년,-1><cha:pos,NN,-2><cha:pos,남재현,1><cha:pos,비올라,2>","<cha:pos,홍시_신년,-1><cha:pos,NN,-2><cha:pos,남재현,1><cha:pos,비올라,2>","<cha:pos,홍시_신년,-1><cha:pos,NN,-2><cha:pos,남재현,1><cha:pos,비올라,2>","<cha:pos,홍시_신년,-1><cha:pos,NN,-2><cha:pos,남재현,1><cha:pos,비올라,2>","<cha:pos,홍시_신년,-1><cha:pos,NN,-2><cha:pos,남재현,1><cha:pos,비올라,2>","<cha:pos,홍시_신년,-1><cha:pos,NN,-2><cha:pos,남재현,1><cha:pos,비올라,2>","<cha:pos,홍시_신년,-1><cha:pos,NN,-2><cha:pos,남재현,1><cha:pos,비올라,2>"
,,,홍시_신년,,1_난처,,,"어, 어‥<wrt:wait,30> 그게, 그대가 소개해준 선수를 대접하려고‥?","Well, um...<wrt:wait,30> I thought I’d treat the player you introduced me to.","え、えっとだな...<wrt:wait,30>それは、君が紹介してくれた選手をもてなそうと...。","啊，哦...<wrt:wait,30>那个，是为了招待你介绍来的选手...？","呃、呃...<wrt:wait,30>那個，是為了招待妳介紹的選手...？","А ну это...<wrt:wait,30> Небольшое угощение для твоего друга...","Um...<wrt:wait,30> Saya ingat nak belanja pemain yang awak perkenalkan kepada saya.","Ơ, ờ...<wrt:wait,30> thì... để tiếp đãi tuyển thủ mà cô giới thiệu...?","E-eh...<wrt:wait,30> es que... quería agasajar al jugador que me presentaste...","Eh...<wrt:wait,30> itu, untuk menyambut pemain yang kau perkenalkan...?","อะ อ้าว...<wrt:wait,30> ฉันก็ตั้งใจจะต้อนรับนักกีฬาที่เธอแนะนำไง...?","A-ah... é que... <wrt:wait,30>Achei que devia recepcionar bem o jogador que você indicou..."
,,,홍시_신년,,1_헉,,silent,"‥잠깐, <txt:bold,2><txt:color,orange>비올라</txt:color></txt:bold>. 그럼 이 남자가 그대가 말한 선수가 아니었던 거냐?","Wait, <txt:bold,2><txt:color,orange>Viola</txt:color></txt:bold>. So this man wasn’t the player you mentioned?","...待て、<txt:bold,2><txt:color,orange>ヴィオラ</txt:color></txt:bold>。それじゃあこの男は、ヴィオラが言ってた選手じゃないのか？","...等等，<txt:bold,2><txt:color,orange>维奥拉</txt:color></txt:bold>。那这个男人并不是你说的那位选手吗？","...等等，<txt:bold,2><txt:color,orange>維奧拉</txt:color></txt:bold>。那這個男人，不是妳說的那個選手嗎？","<txt:bold,2><txt:color,orange>Виолла</txt:color></txt:bold>, то есть это не тот игрок, о котором ты говорила?","Tunggu, <txt:bold,2><txt:color,orange>Viola</txt:color></txt:bold>. Jadi orang ini bukan pemain yang kamu sebutkan?","...Khoan đã, <txt:bold,2><txt:color,orange>Viola</txt:color></txt:bold>. Vậy người đàn ông này không phải là tuyển thủ mà cậu nói sao?","...Espera, <txt:bold,2><txt:color,orange>Viola</txt:color></txt:bold>. Entonces, ¿este hombre no era el jugador del que hablabas?","...Sebentar, <txt:bold,2><txt:color,orange>Viola</txt:color></txt:bold>. Jadi pria ini bukan atlet yang kau maksud?","...เดี๋ยวนะ <txt:bold,2><txt:color,orange>วิโอล่า</txt:color></txt:bold> ถ้างั้นผู้ชายคนนี้ก็ไม่ใช่นักกีฬาที่เธอบอกเหรอ?","C-calma, <txt:bold,2><txt:color,orange>Viola</txt:color></txt:bold>... então aquele homem não era o jogador de quem você falou?"
,,,비올라,,1_기본,,,당연하지~ 또래 남자 선수라고 했잖아.,Of course not. I said it was a male player around your age.,当然だよ～同じ年頃の選手だって言ったでしょ。,当然不是啦~我不是说了是同龄的男选手嘛。,那還需要問嗎～我不是說了是年紀相仿的男選手嘛。,"Нет! Я же сказала, что это наш ровесник!",Sudah tentu tidak. Saya kata pemain lelaki sekitar umur awak.,"Tất nhiên là không rồi, tôi đã bảo là tuyển thủ nam cùng trang lứa mà.",¡Claro que no! Te dije que era un jugador de nuestra edad.,Tentu saja bukan~ Kan sudah kubilang laki-laki seumuran.,แน่นอนสิ~ ฉันบอกแล้วไงว่าเป็นนักกีฬาชายวัยเดียวกัน,Claro que não! Eu falei que era um jogador da nossa idade.
,,,비올라,,1_미소,,,내가 데리고 오려 했던 사람은 이 선수야.,This is the player I was trying to bring over.,私が連れてくる予定だった選手は、この人。,我原本要带来的人，是这位选手。,我要帶來的就是這位選手。,А вот и он собственно!,Inilah pemain yang saya nak bawa ke sini.,Người tôi định dẫn tới là tuyển thủ này đây.,El jugador que quería traerte es este.,Dia ini atlet yang ingin aku perkenalkan padamu.,คนที่ฉันจะพามาคือนักกีฬาคนนี้ต่างหาก,Quem eu ia trazer era esse aqui.
,,,남재현,,2_무표정,,,"‥<wrt:wait,30>안녕하세요. 얘기 듣고 왔습니다.","...<wrt:wait,30>Hello. I’ve heard about you.","...<wrt:wait,30>どうも。話は伺いました。","...<wrt:wait,30>你好。我是听说了情况后过来的。","...<wrt:wait,30>你好，我都聽說了。","...<wrt:wait,30>Привет! Я немного слышал о тебе.","...<wrt:wait,30>Helo. Saya datang selepas diberitahu tentang hal ini.","...<wrt:wait,30>Chào mọi người. Tôi nghe kể nên đến đây.","...<wrt:wait,30>Hola. Me han contado la situación.","...<wrt:wait,30>Apa kabar. Saya datang setelah mendengar ceritanya.","...<wrt:wait,30>สวัสดีครับ ผมได้ฟังเรื่องราวมาแล้วล่ะครับ","Olá... <wrt:wait,30>Já me explicaram tudo."
,,,남재현,,2_무표정,,,"<txt:bold,2><txt:color,orange>남재현</txt:color></txt:bold>이라고 합니다.","I’m <txt:bold,2><txt:color,orange>Jaehyun Nam.</txt:color></txt:bold>","<txt:bold,2><txt:color,orange>黒崎陵</txt:color></txt:bold>です。","我叫<txt:bold,2><txt:color,orange>南宰贤</txt:color></txt:bold>。","我叫<txt:bold,2><txt:color,orange>南宰賢</txt:color></txt:bold>。","Меня зовут <txt:bold,2><txt:color,orange>Нам Чжэхён</txt:color></txt:bold>.","<txt:bold,2><txt:color,orange>Saya Jaehyun Nam.</txt:color></txt:bold>","Tôi là <txt:bold,2><txt:color,orange>Nam Jaehyeon</txt:color></txt:bold>.","Me llamo <txt:bold,2><txt:color,orange>Jaehyun Nam</txt:color></txt:bold>.","Saya adalah <txt:bold,2><txt:color,orange>Jaehyeon Nam</txt:color></txt:bold>.","ผมชื่อ<txt:bold,2><txt:color,orange>นัมแจฮยอน</txt:color></txt:bold>ครับ","Meu nome é <txt:bold,2><txt:color,orange>Jaehyun Nam</txt:color></txt:bold>."
,,,홍시,,1_헉,,,"잠깐, 그럼 이 자는‥?",Wait... then who is this person...?!,待て‥では、この者は‥？！,等等‥‥那这个人是‥‥？！,等等‥‥那這個人是‥‥？！,Погоди... так кто же это тогда...?!,Tunggu... jadi siapakah orang ini...?!,Khoan đã... vậy người này là...?!,"Espera... entonces, ¿quién es este...?!",Sebentar... lalu siapa orang ini...?!,เดี๋ยวนะ... ถ้าอย่างนั้นคนๆ นี้คือ...?!,"Espera... então, quem é esse cara...?!"
,,,NN,,1_기본,,,응? 오랜만에 난 여기 가게 주인을 만나러 왔을 뿐인데? 오래된 사이라서.,Huh? I’m just here to see the owner of this shop. It’s been a while—we go way back.,ん？俺は店主に用があって来ただけ。長い付き合いでね。,嗯？我只是来见见这家店的老板而已呀？好久不见了，我们认识很久了。,嗯？我只是來見見這家店的老闆而已呀？好久不見了，我們是老交情了。,А? Я просто пришёл повидаться с хозяйкой этой чайной. Давно не виделись — мы давно знакомы.,Eh? Saya cuma datang nak jumpa tuan kedai ni je. Dah lama tak jumpa—kami kenal lama.,Hả? Tôi chỉ ghé qua gặp ông chủ quán này thôi mà. Lâu rồi không gặp—tụi tôi quen nhau lâu rồi.,¿Eh? Solo vine a ver al dueño de esta tienda. Hacía tiempo—nos conocemos desde hace años.,Hah? Aku cuma mampir buat ketemu pemilik toko ini aja kok. Udah lama—kita udah kenal dari dulu.,หืม? ฉันก็แค่มาหาเจ้าของร้านนี้เองนะ~ ไม่ได้เจอกันนานแล้ว‥รู้จักกันมานานน่ะ,Hein? Eu só vim ver o dono desta loja. Faz tempo — somos conhecidos de longa data.
,,,홍시_신년,,1_헉,pause,,‥.,...,...。,...,...,...,...,...,...,...,...,...
,,,남재현,,1_기본,,,"‥아무튼, 그럼 이제 본론으로 들어가도 될까요, <txt:bold,2><txt:color,orange>홍시</txt:color></txt:bold> 씨?","Anyway, can we get to the point now, <txt:bold,2><txt:color,orange>Hongshi</txt:color></txt:bold>?","...とにかく、本題に入りましょうか。<txt:bold,2><txt:color,orange>白羽日向乃</txt:color></txt:bold>さんですよね？","...总之，现在可以进入正题了吗，<txt:bold,2><txt:color,orange>红柿</txt:color></txt:bold>小姐？","...總之，現在可以進入正題了嗎，<txt:bold,2><txt:color,orange>洪詩</txt:color></txt:bold>小姐？","Ладно, <txt:bold,2><txt:color,orange>Хонши</txt:color></txt:bold>, может приступим к делу?","Baiklah, boleh kita bincangkan perkara utama sekarang, <txt:bold,2><txt:color,orange>Hongshi</txt:color></txt:bold>?","...Dù sao thì giờ vào chuyện chính được chưa, <txt:bold,2><txt:color,orange>Hongsi</txt:color></txt:bold>?","...En fin, ¿podemos ir al tema principal ahora, <txt:bold,2><txt:color,orange>Hongsi</txt:color></txt:bold>?","...Pokoknya, apa bisa kita kembali ke pokok pembicaraan, <txt:bold,2><txt:color,orange>Hongsi</txt:color></txt:bold>?","...ยังไงก็เถอะ ตอนนี้เรามาเข้าเรื่องกันเลยได้ไหมครับ คุณ<txt:bold,2><txt:color,orange>ฮงชี</txt:color></txt:bold>?","Enfim, podemos ir direto ao ponto agora, <txt:bold,2><txt:color,orange>Hongshi</txt:color></txt:bold>?"
,,,남재현,,1_웃음,,,"당신의 부탁을 들어드리면 <txt:bold,2><txt:color,orange>이사벨</txt:color></txt:bold> 씨가 연습 경기를 해준다고 들었습니다.","I heard that if I do what you ask, <txt:bold,2><txt:color,orange>Isabel</txt:color></txt:bold> will play a practice match with me.","あなたの頼みを聞けば、<txt:bold,2><txt:color,orange>イザベル</txt:color></txt:bold>さんが練習試合に応じてくれると聞いています。","听说只要答应您的请求，<txt:bold,2><txt:color,orange>伊莎贝尔</txt:color></txt:bold>小姐就会和我进行练习赛。","我聽說只要答應您的請求，<txt:bold,2><txt:color,orange>伊莎貝爾</txt:color></txt:bold>前輩就會跟我打一場練習賽。","Я слышал, что если помогу тебе, то смогу сыграть с <txt:bold,2><txt:color,orange>Изабель</txt:color></txt:bold>.","Saya dengar kalau saya tunaikan permintaan awak, <txt:bold,2><txt:color,orange>Isabel</txt:color></txt:bold> akan bermain perlawanan latihan dengan saya.","Tôi nghe nói nếu giúp cậu thì <txt:bold,2><txt:color,orange>Isabel</txt:color></txt:bold> sẽ đấu giao hữu với tôi.","He oído que si accedo a tu pedido, <txt:bold,2><txt:color,orange>Isabel</txt:color></txt:bold> jugará un partido de práctica.","Kalau saya memenuhi permintaan Anda, saya dengar saya dapat latihan pertandingan dengan <txt:bold,2><txt:color,orange>Isabel</txt:color></txt:bold>.","ผมได้รับคำสัญญามาว่าถ้าผมทำตามคำขอของคุณ คุณ<txt:bold,2><txt:color,orange>อิซาเบล</txt:color></txt:bold>จะยอมแข่งแมตช์ฝึกซ้อมกับผมน่ะครับ","Disseram que, se eu aceitar seu pedido, a <txt:bold,2><txt:color,orange>Isabel</txt:color></txt:bold> vai jogar um amistoso comigo."
,,,남재현,,1_기본,,,훈련 일정 때문에 시간이 많지 않아서요. 당장 말씀해 주세요.,"I don’t have much time because of my training schedule, so please tell me right away.",トレーニングの日程のせいで、時間があまりないもので。早速話を聞きましょう。,因为训练日程排得很满，我时间不多。请现在明说吧。,因為訓練行程的關係，我時間有限。您就直說吧。,"Я занят из-за тренировок, так что давайте сразу к делу.","Saya tak banyak masa kerana jadual latihan saya, jadi tolong beritahu saya dengan segera.","Do lịch huấn luyện, tôi không có nhiều thời gian. Mong cậu nói thẳng vào vấn đề.","No hay mucho tiempo debido al horario de entrenamiento. Por favor, dime de inmediato.","Karena jadwal latihan saya sangat padat, tolong segera beri tahu.",ผมมีเวลาไม่มากเพราะติดตารางฝึก ช่วยบอกมาเลยเถอะครับ,"Meu cronograma de treinos é apertado, então prefiro ir direto ao assunto."
,,,홍시_신년,,1_삐짐,,,"‥<wrt:wait,30>뭐, 됐다! 좋다, 소년! 나와 배구 경기를 하자!","...<wrt:wait,30>Well, fine! Alright, young one! Let’s play some volleyball!","...<wrt:wait,30>まあいいか！よし、少年！私とバレーの試合をしよう！","...<wrt:wait,30>算，算了！好，少年！和我打一场排球吧！","...<wrt:wait,30>唉呀，算了！好，老弟！跟我打一場排球吧！","...<wrt:wait,30>Что же, парень, тогда начнем с матча со мной!","...<wrt:wait,30>Kalau begitu, baik! Baiklah, anak muda! Mari kita bermain bola tampar!","...<wrt:wait,30>Thôi được! Tốt lắm! Đấu bóng chuyền với tôi đi!","...<wrt:wait,30>¡Bueno, está bien! ¡Perfecto, chico! ¡Juguemos un partido de vóley!","...<wrt:wait,30>Ya sudahlah! Bocah! Ayo bertanding bola voli denganku!","...<wrt:wait,30>ก็ได้! โอเค หนุ่มน้อย! มาแข่งวอลเลย์บอลกับฉัน!","Hum... <wrt:wait,30>Muito bem, garoto! Vamos jogar uma partida de vôlei!"
,,,남재현,,1_기본,,,알겠습니다. 최선을 다해 볼게요.,Sure. I’ll give it my best!,分かりました。全力でいきます。,明白了。我会全力以赴的。,知道了，我會全力以赴的。,Хорошо! Я выложусь на все сто!,Saya akan berikan yang terbaik!,Vâng. Tôi sẽ cố gắng hết sức.,Entendido. Daré lo mejor de mí.,"Baik, saya akan berusaha sekuat tenaga.",เข้าใจแล้วครับ ผมจะทำให้เต็มที่นะครับ,Certo. Vou dar o meu melhor.
,경기 승리,#,MAP,,,,,찻집,찻집,찻집,찻집,찻집,찻집,찻집,찻집,찻집,찻집,찻집,찻집
,,#,BGM,,,,,BGM_RECONCILIATION,BGM_RECONCILIATION,BGM_RECONCILIATION,BGM_RECONCILIATION,BGM_RECONCILIATION,BGM_RECONCILIATION,BGM_RECONCILIATION,BGM_RECONCILIATION,BGM_RECONCILIATION,BGM_RECONCILIATION,BGM_RECONCILIATION,BGM_RECONCILIATION
,,#,홍시_신년,-1,1_기본,,,,,,,,,,,,,,
,,#,NN,2,1_딴청,,,,,,,,,,,,,,
,,#,비올라,-2,1_난처,,,,,,,,,,,,,,
,,#,남재현,1,2_무표정,,,,,,,,,,,,,,
,,,홍시_신년,,1_기본,,,"<txt:color,grey>(탄탄한 기본기. 경기가 불리할수록 더 불타오르는 투지.)</txt:color>","<txt:color,grey>(Solid fundamentals. Fighting spirit that burns hotter when the match gets tough.)</txt:color>","<txt:color,grey>(基礎がしっかりしている。そして試合が不利なほど、さらに燃え上がる闘志。)</txt:color>","<txt:color,grey>（扎实的基本功。比赛越不利，斗志反而越昂扬。）</txt:color>","<txt:color,grey>(紮實的基本功。越是處於劣勢，鬥志就燃燒得越旺盛。)</txt:color>","<txt:color,grey>(Хорошая база, отличный боевой дух.)</txt:color>","<txt:color,grey>(Asas yang kukuh. Semangat juang yang makin membara apabila perlawanan makin sukar.)</txt:color>","<txt:color,grey>(Nền tảng rất vững. Càng bất lợi thì ý chí chiến đấu càng bùng cháy.)</txt:color>","<txt:color,grey>(Habilidades sólidas de base. Cuanto más difícil se pone el partido, más arde su determinación.)</txt:color>","<txt:color,grey>(Teknik dasar yang solid. Semangat yang semakin membara semakin buruk keadaan pertandingan.)</txt:color>","<txt:color,grey>(พื้นฐานแน่น กับความแน่วแน่ที่ลุกโชนมากขึ้นเมื่อเป็นรองในการแข่งขัน)</txt:color>","<txt:color,grey>(Fundamentos sólidos... Quanto mais desfavorável o jogo, mais a garra dele aparece.)</txt:color>"
,,,홍시_신년,,1_발랄,,,"<txt:color,grey>(배구에 대한 열정이 보통이 아니군!)</txt:color>","<txt:color,grey>(His passion for volleyball is no joke!)</txt:color>","<txt:color,grey>(バレーへの情熱が並大抵ではないな！)</txt:color>","<txt:color,grey>（他对排球的热情非同一般！）</txt:color>","<txt:color,grey>(對排球的熱情果然非同小可！)</txt:color>","<txt:color,grey>(И какая любовь к волейболу!)</txt:color>","<txt:color,grey>(Semangatnya untuk bola tampar bukan main-main!)</txt:color>","<txt:color,grey>(Niềm đam mê với bóng chuyền không hề tầm thường!)</txt:color>","<txt:color,grey>(¡Su pasión por el voleibol no es nada común!)</txt:color>","<txt:color,grey>(Antusiasnya terhadap bola voli sangatlah luar biasa!)</txt:color>","<txt:color,grey>(ความมุ่งมั่นในวอลเลย์บอลไม่ธรรมดาเลย!)</txt:color>","<txt:color,grey>(A paixão dele pelo vôlei vai além do normal!)</txt:color>"
,,,홍시_신년,,1_냠,,shy,"<txt:color,grey>(게다가 약간‥ 잘생기기까지 했고. 후후.)</txt:color>","<txt:color,grey>(Plus he’s kind of... handsome too. Heh.)</txt:color>","<txt:color,grey>(それにちょっと...イケメンでもあるぞ。フフ。)</txt:color>","<txt:color,grey>（而且还有点...帅。嘿嘿。）</txt:color>","<txt:color,grey>(而且長得...還有點帥。呵呵。)</txt:color>","<txt:color,grey>(Да еще и... Красавчик!)</txt:color>","<txt:color,grey>(Tambahan pula dia agak... kacak juga. Heh.)</txt:color>","<txt:color,grey>(Hơn nữa còn hơi... đẹp trai nữa chứ. Hihi.)</txt:color>","<txt:color,grey>(Además, un poco... guapo también. Je je.)</txt:color>","<txt:color,grey>(Selain dari itu... Dia agak tampan juga. Huhu.)</txt:color>","<txt:color,grey>(แถมยัง... แอบหน้าตาดีด้วย ฮิฮิ)</txt:color>","<txt:color,grey>(E além disso... é bonitinho. Hehe.)</txt:color>"
,,,홍시_신년,,1_기본,,,"그래, 시험은 여기까지다! 훌륭하다, 소년!","Very well, the test ends here! Well done, young one!",よし、試験はここまでだ！すばらしいぞ、少年！,好，考验到此结束！太棒了，少年！,很好，測試就到此為止！表現得太優秀了，老弟！,Тест завершен! Ты молодец!,"Baiklah, ujian berakhir di sini! Syabas, anak muda!","Được rồi, bài kiểm tra đến đây là đủ! Rất xuất sắc!","¡Bien, el examen termina aquí! ¡Excelente, chico!","Baiklah, ujian cukup sampai di sini! Bagus sekali, bocah!",โอเค ขอจบการทดสอบไว้เท่านี้! ยอดเยี่ยมมาก หนุ่มน้อย!,"Muito bem, o teste termina aqui! Excelente, garoto!"
,,,홍시_신년,,1_발랄,,,"<txt:bold,2><txt:color,orange>남재현</txt:color></txt:bold>. 이 몸과 함께 <txt:bold,2>선림</txt:bold>으로 가지 않겠나?","<txt:bold,2><txt:color,orange>Jaehyun Nam</txt:color></txt:bold>. Would you join me and travel to <txt:bold,2>Seonrim</txt:bold>?","<txt:bold,2><txt:color,orange>黒崎陵</txt:color></txt:bold>。私と一緒に<txt:bold,2>仙林</txt:bold>に来ないか？","<txt:bold,2><txt:color,orange>南宰贤</txt:color></txt:bold>。要不要和我一起去<txt:bold,2>先林</txt:bold>？","<txt:bold,2><txt:color,orange>南宰賢</txt:color></txt:bold>。要不要和我一起去<txt:bold,2>先林</txt:bold>？","<txt:bold,2><txt:color,orange>Нам Чжэхён</txt:color></txt:bold>, не хочешь ли отправиться со мной в <txt:bold,2>школу «Соллим»</txt:bold>?","<txt:bold,2><txt:color,orange>Jaehyun Nam</txt:color></txt:bold>. Mahukah awak ikut saya pergi ke <txt:bold,2>Seonrim</txt:bold>?","<txt:bold,2><txt:color,orange>Nam Jaehyeon</txt:color></txt:bold>. Cậu có muốn cùng tôi đến <txt:bold,2>Seonrim</txt:bold> không?","<txt:bold,2><txt:color,orange>Jaehyun Nam</txt:color></txt:bold>. ¿No querrías venir conmigo a <txt:bold,2>Seonlim</txt:bold>?","<txt:bold,2><txt:color,orange>Jaehyeon Nam</txt:color></txt:bold>. maukah kau ikut bersamaku ke <txt:bold,2>Sunrim</txt:bold>?","<txt:bold,2><txt:color,orange>นัมแจฮยอน</txt:color></txt:bold> นายอยากไป<txt:bold,2>ซอนริม</txt:bold>กับฉันไหม?","<txt:bold,2><txt:color,orange>Jaehyun Nam</txt:color></txt:bold>... Que tal vir comigo para <txt:bold,2>Seonlim</txt:bold>?"
,,,남재현,,2_무표정,,,"‥음. <wrt:wait,60><txt:bold,2>싫어요.</txt:bold>","Hm... <wrt:wait,30><txt:bold,2>No.</txt:bold>","...いいえ。<wrt:wait,60><txt:bold,2>お断りします。</txt:bold>","...嗯。<wrt:wait,60><txt:bold,2>我不去。</txt:bold>","...嗯。<wrt:wait,60><txt:bold,2>我不要。</txt:bold>","Хм... <wrt:wait,60><txt:bold,2>Не особо.</txt:bold>","Hm... <wrt:wait,60><txt:bold,2>Tidak.</txt:bold>","...Ưm. <wrt:wait,60><txt:bold,2>Không.</txt:bold>","...Hmm. <wrt:wait,60><txt:bold,2>No, gracias.</txt:bold>","...Hmm. <wrt:wait,60><txt:bold,2>Tidak mau.</txt:bold>","...อืม <wrt:wait,60><txt:bold,2>ไม่ครับ</txt:bold>","Hum... <wrt:wait,60><txt:bold,2>não, obrigado.</txt:bold>"
,,,홍시_신년,,1_외침,pause,,"<wrt:delay,7>‥<wrt:wait,30>어, 엇‥?</wrt:delay>","<wrt:delay,7>...<wrt:wait,30>Uh, wh-what...?</wrt:delay>","<wrt:delay,7>...<wrt:wait,30>な、なに...？</wrt:delay>","<wrt:delay,7>...<wrt:wait,30>诶，啊...？</wrt:delay>","<wrt:delay,7>...<wrt:wait,30>呃，啊...？</wrt:delay>","<wrt:delay,7>...<wrt:wait,30>Ч-что...?</wrt:delay>","<wrt:delay,7>...<wrt:wait,30>Uh, a-apa...?</wrt:delay>","<wrt:delay,7>...<wrt:wait,30>Ờ, ơ?!</wrt:delay>","<wrt:delay,7>...<wrt:wait,30>¿Eh, qué?!","<wrt:delay,7>...<wrt:wait,30>Eh, apa...?</wrt:delay>","<wrt:delay,7>...<wrt:wait,30>หะ หา...?</wrt:delay>","<wrt:delay,7>Hã... <wrt:wait,30>Oi?</wrt:delay>"
,,,남재현,,2_무표정,,,"사정은 안 됐지만, 전 훈련으로 바쁩니다.",I’m afraid not. I’m busy with training.,お気の毒だとは思いますけど、俺はトレーニングで忙しいんです。,虽然很遗憾，但我现在忙着训练。,雖然很同情妳的處境，但我正忙著訓練。,"Я уже говорил, что занят из-за тренировок.",Malangnya saya tak boleh. Saya sibuk dengan latihan.,"Tôi hiểu hoàn cảnh, nhưng hiện tại tôi bận huấn luyện rồi.","Lamento la situación, pero estoy ocupado con el entrenamiento.","Saya turut prihatin dengan keadaan Anda, tapi saya sedang sibuk dengan latihan.",ขอโทษนะครับ แต่ผมยุ่งกับการฝึกน่ะ,"Entendo a situação, mas estou ocupado com os treinos."
,,,비올라,,1_난처,,,"으, 음‥ <wrt:wait,30>그러지 말고, 이야기 정도는 들어봐도 괜찮잖아~?","Uh, um... <wrt:wait,30>Come on, it wouldn’t hurt to hear me out, right?","え、えっと...<wrt:wait,30>そう言わずに、話だけでも聞いてみない？","哎，哎呀...<wrt:wait,30>别这么说嘛，听听看总是可以的吧~？","唔，嗯...<wrt:wait,30>別這樣嘛，聽完再決定也不遲啊～？","Н-но... <wrt:wait,30>Хотя бы выслушай!","Uh, um... <wrt:wait,30>Ala, dengar saja tak salah, kan?","Ưm... <wrt:wait,30>Hay là ít nhất cũng nghe thử câu chuyện đã, được không?","U-um... <wrt:wait,30>no seas así, al menos podrías escuchar la historia, ¿no?","H-hmm... <wrt:wait,30>Jangan menolak begitu saja, bagaimana kalau kamu dengarkan dulu perkataan darinya~?","อะ อืม... <wrt:wait,30>อย่าพูดแบบนั้นเลยน่า ลองฟังเรื่องราวดูก่อนก็ได้นี่นา~?","B-bem... <wrt:wait,30>Que tal pelo menos ouvir o que ela tem a dizer?"
,,,남재현,,1_무표정,,,"아뇨, 어차피 안 갈 거고. 서로 시간만 낭비하는 거죠.",No. I’m not going anyway. We’d just be wasting each other’s time.,いえ。どうせ行くつもりないし、お互いに時間の無駄ですよ。,不用了，反正我也不会去。只是在浪费彼此的时间而已。,不用了，反正我不會去。這只是在浪費彼此的時間。,"Зачем, если я все равно не смогу туда пойти? Зря время тратим.",Tidak. Saya tetap takkan pergi. Hanya akan membuang masa kita.,Không. Đằng nào tôi cũng không đi. Chỉ tốn thời gian của nhau thôi.,"No, de todos modos no voy a ir. Solo estaríamos perdiendo el tiempo.","Tidak, mau bagaimanapun juga saya tidak akan pergi. Ini akan saling membuang waktu saja.",ไม่ล่ะครับ ถึงยังไงผมก็ไม่ไปอยู่ดี เสียเวลากันทั้งสองฝ่ายเปล่าๆ,"Não, eu não vou. Ficar aqui agora seria só perda de tempo."
,,,남재현,,1_기본,,,"그리고 <txt:bold,2><txt:color,orange>이사벨</txt:color></txt:bold> 씨는 언제 오시나요? 분명 경기해주겠다고 했는데요.","And when is <txt:bold,2><txt:color,orange>Isabel</txt:color></txt:bold> arriving? She said she’d play a match with me.","それに、<txt:bold,2><txt:color,orange>イザベル</txt:color></txt:bold>さんはいつ来るんですか？確か試合をしてくれると言ってましたよね。","还有，<txt:bold,2><txt:color,orange>伊莎贝尔</txt:color></txt:bold>小姐什么时候来？不是说好了会跟我比赛吗。","還有，<txt:bold,2><txt:color,orange>伊莎貝爾</txt:color></txt:bold>前輩什麼時候會來？她明明答應過要跟我比一場。","А когда придет <txt:bold,2><txt:color,orange>Изабель</txt:color></txt:bold>? Вы обещали матч с ней.","Bila pula <txt:bold,2><txt:color,orange>Isabel</txt:color></txt:bold> akan tiba? Dia kata dia akan bermain dengan saya.","Vậy <txt:bold,2><txt:color,orange>Isabel</txt:color></txt:bold> bao giờ mới tới? Rõ ràng đã nói sẽ đấu với tôi mà.","¿Y cuándo llegará <txt:bold,2><txt:color,orange>Isabel</txt:color></txt:bold>? Seguro que dijo que jugaría el partido.","Dan juga kapan <txt:bold,2><txt:color,orange>Isabel</txt:color></txt:bold> akan datang? Anda kan sudah berjanji untuk pertandingan.","แล้วคุณ<txt:bold,2><txt:color,orange>อิซาเบล</txt:color></txt:bold>จะมาเมื่อไหร่เหรอครับ? ไหนบอกว่าจะมาแข่งกับผมไงครับ","E a <txt:bold,2><txt:color,orange>Isabel</txt:color></txt:bold>? Quando ela chega? Disseram que ela jogaria comigo."
,,,비올라,,1_기본,,,"어휴, 바로 경기한다고 한 건 아니잖아. 왜 이렇게 급해~","Hey, not so fast. I never said it’d be right away.",ふう、すぐ試合するとは言ってないでしょ。どうしてそんなせっかちなの～,哎呀，又没说立刻就比赛。这么急干嘛啊~,哎呀，又沒說馬上就要比。你是在急什麼啦～,Я же не говорила сразу. К чему такая спешка?,"Hei, jangan terburu-buru. Saya tak cakap ia akan jadi serta-merta.","Trời ơi, đâu có nói là đấu ngay đâu. Sao cậu gấp thế~","Ay, no dijo que fuera a jugar el partido de inmediato. ¿Por qué tanta prisa?","Aduh, aku kan tidak bilang bahwa akan bertanding langsung sekarang. Kenapa kamu terburu-buru sekali~",แหม ก็ไม่ได้บอกว่าจะแข่งทันทีสักหน่อย ทำไมถึงใจร้อนแบบนี้ล่ะ~,"Ei, ninguém disse que seria agora. Por que tanta pressa?"
,,,NN,,1_딴청,wave,,"어이구, 찬바람이 쌩쌩 분다.","Ouch, that’s cold.",まったく、冷えるぞ！,哎哟哟，真是寒风刺骨啊。,哎呀，真是寒風刺骨啊。,"Ох, какой холодный.","Aduh, kejamnya.","Ôi chao, gió lạnh thổi vù vù thế này.","Uy, qué frío eres. Hasta aquí llega la corriente.","Waduh, angin dingin bertiup kencang.",โธ่ ลมหนาวพัดแรงเชียว,Nossa... que frieza.
,,,남재현,,2_무표정,,,전 사실만 말했을 뿐인데요.,I’m just stating the facts.,俺は事実を言っただけですけど。,我只是实话实说而已。,我只是實話實說。,Я только сказал правду.,Saya hanya bercakap terus-terang.,Tôi chỉ nói sự thật thôi mà.,"Yo solo dije los hechos, nada más.",Saya cuma mengatakan fakta saja.,ผมแค่พูดความจริงเองนะครับ,Eu só falei a verdade.
,,,홍시_신년,,1_헉,,,"그, 그게‥<wrt:wait,30> 그러니까‥.","W-well,<wrt:wait,30> I mean...","そ、その...<wrt:wait,30>つまりだな...。","那，那个...<wrt:wait,30>就是...","那、那個...<wrt:wait,30>所以說...","Что это?<wrt:wait,30> Как так...","T-tapi,<wrt:wait,30> saya...","Cái đó...<wrt:wait,30> thì... tức là...","E-esto es que...<wrt:wait,30> o sea...","Jadi...<wrt:wait,30> itu...","เอ่อ...<wrt:wait,30> คือว่า...","E-então...<wrt:wait,30> é que..."
,,,홍시_신년,,1_외침,,,"‥잠, 잠깐!<wrt:wait,30> 잠깐만 기다려 주게!!<cha:pop,홍시_신년>","Wait...!<wrt:wait,30> Just wait a moment!<cha:pop,홍시_신년>","...ま、待ってくれ！<wrt:wait,30>少しだけ待ってくれないか！<cha:pop,홍시_신년>","...等，等等！<wrt:wait,30>请稍等一下！！<cha:pop,홍시_신년>","...等、等一下！<wrt:wait,30>請再等一下！！<cha:pop,홍시_신년>","Минутку!<wrt:wait,30> Эй, подождите!<cha:pop,홍시_신년>","Tunggu...!<wrt:wait,30> Tunggu sebentar!<cha:pop,홍시_신년>","...Khoan, khoan đã!<wrt:wait,30> Làm ơn đợi một chút!!<cha:pop,홍시_신년>","...¡Espera, espera un momento!<wrt:wait,30> ¡Espera un poco!<cha:pop,홍시_신년>","...B-bentar!<wrt:wait,30> Coba tunggu aku sebentar!!<cha:pop,홍시_신년>","...ดะ เดี๋ยวก่อน!<wrt:wait,30> รอแป๊บหนึ่งสิ!!<cha:pop,홍시_신년>","E-espera!<wrt:wait,30> Só um momento!<cha:pop,홍시_신년>"
,,,남재현,,2_무표정,,,‥.,...,...。,...,...,...,...,...,...,...,...,...
,,,홍시_신년,,1_외침,,,바쁜 건 알겠다! 그래도‥ 그래도 그대를 데려가야 한다!,I know you’re busy! But still... I must take you with me!,忙しいのは分かった！でも...それでも、君を連れていかねばならんのだ！,我知道你很忙！但是...但是我必须带你走！,我知道你很忙！但是...但是我一定要帶你走！,"Я понимаю, что ты занят, но мне нужна твоя помощь!",Saya faham awak sibuk! Tetapi... Saya mesti bawa awak bersama saya!,Tôi biết cậu bận! Nhưng dù vậy... tôi vẫn phải đưa cậu đi!,¡Sé que estás ocupado! ¡Pero aun así... aun así tengo que llevarte conmigo!,Aku mengerti kau sibuk! Tapi... aku... harus tetap membawamu!,ฉันเข้าใจว่านายยุ่ง! แต่ว่า... ยังไงฉันก็ต้องพานายไปให้ได้!,Eu sei que você tá ocupado. Mesmo assim... eu preciso que você venha comigo.
,,,홍시_신년,,1_난처,,,이 몸에겐 책임감에 짓눌려 스스로를 가둬버린 친구가 있다.,"I have a friend who has shut himself away, crushed under the weight of responsibility.",私には、責任に押しつぶされて自分の殻に閉じこもってしまった友人がいるんだ。,我有一个朋友，被沉重的责任感压得喘不过气，将自己封闭了起来。,我有一個朋友，因為被責任感壓得喘不過氣，而把自己封閉了起來。,Мой друг страдает от излишнего чувства ответственности!,"Saya ada seorang kawan yang telah mengasingkan diri, tertekan di bawah beban tanggungjawab.","Tôi có một người bạn bị trách nhiệm đè nặng, đến mức tự giam cầm chính mình.","Tengo un amigo que, aplastado por la responsabilidad, terminó encerrándose a sí mismo.","Aku punya seorang teman yang terjebak dalam tanggung jawabnya sendiri, sampai membuatnya mengekang dirinya sendiri.",ฉันมีเพื่อนคนหนึ่งที่แบกรับความรับผิดชอบหนักเกินไปจนปิดกั้นตัวเอง,"Tenho um amigo que acabou se fechando em si mesmo, sufocado pelo peso da responsabilidade."
,,,홍시_신년,,1_훗,,,그 녀석을 일깨워줄 사람을 찾기 위해 줄곧 여행해 왔지.,I’ve been traveling far and wide in search of someone who can awaken him.,そいつを救ってくれる人を見つけるために、ずっと旅を続けてきた。,为了寻找能唤醒那家伙的人，我一直游历至今。,為了尋找能點醒那傢伙的人，我這一路都在四處旅行。,"Я приехала сюда, чтобы найти человека, способного помочь.",Saya sudah mengembara jauh mencari seorang yang boleh menyedarkannya.,Tôi đã lang bạt khắp nơi chỉ để tìm người có thể đánh thức cậu ấy.,He estado viajando todo este tiempo para encontrar a alguien que pueda despertarlo.,Aku telah melakukan perjalanan jauh hanya untuk mencari seseorang yang bisa membangkitkannya kembali.,ฉันก็เลยออกเดินทางมาตลอด เพื่อตามหาคนที่จะช่วยทำให้เจ้านั่นตระหนักได้,Viajei por toda parte procurando alguém capaz de despertá-lo.
,,,홍시_신년,,1_기본,,,"그리고‥<wrt:wait,30> 드디어 그대를 만났다.","And then...<wrt:wait,30> at last, I met you.","そして...<wrt:wait,30>ついに君に出会えたんだ。","然后...<wrt:wait,30>终于遇见了你。","然後...<wrt:wait,30>終於讓我遇見了你。","И вот...<wrt:wait,30> Наконец, нашла тебя.","Dan...<wrt:wait,30> akhirnya, saya bertemu dengan awak.","Và rồi...<wrt:wait,30> cuối cùng tôi cũng gặp được cậu.","Y...<wrt:wait,30> finalmente te encontré a ti.","Dan... <wrt:wait,30>akhirnya aku bertemu denganmu.","แล้ว...<wrt:wait,30> ในที่สุดฉันก็ได้พบกับนาย","E então...<wrt:wait,30> finalmente encontrei você."
,,,홍시_신년,,1_외침,,,그대가 아무리 쌀쌀맞게 말해도 좋다. 부탁이다! 잠깐이라도 괜찮다!,I don’t care if you speak coldly to me. I beg you - just for a moment!,冷たくされても構わない。頼む！少しの間でもいいんだ！,无论你再怎么冷淡都没关系。拜托了！哪怕只是一小会儿也好！,無論你的態度多麼冷淡都沒關係。拜託了！哪怕只有一下下也行！,"Можешь говорить сколько угодно колкостей! Только помоги, это недолго!",Saya tak kisah awak bercakap keras dengan saya. Saya merayu - hanya untuk seketika!,Dù cậu có nói năng lạnh lùng đến đâu cũng được. Tôi xin cậu! Chỉ cần một lát thôi cũng được!,No importa lo frío que seas al hablar. ¡Te lo ruego! ¡Aunque sea solo un momento!,Tidak apa jika kau berbicara dingin padaku. Aku mohon! Tidak masalah jika hanya sebentar!,นายจะพูดจาเย็นชาใส่แค่ไหนก็ได้ ขอร้องล่ะ! แค่แป๊บเดียวก็ยังดี!,Não importa o quão frio você seja. Por favor... nem que seja só por um tempo...
,,,홍시_신년,,1_외침,,,"부탁한다. <wrt:wait,30>나와 함께 <txt:bold,2>선림</txt:bold>에 가다오!","Please. <wrt:wait,30>Come with me to <txt:bold,2>Seonrim</txt:bold>!","<wrt:wait,30>私と一緒に<txt:bold,2>仙林</txt:bold>に来てくれ！","拜托了。<wrt:wait,30>请和我一起去<txt:bold,2>先林</txt:bold>吧！","求你了。<wrt:wait,30>跟我一起去<txt:bold,2>先林</txt:bold>吧！","Прошу! <wrt:wait,30>Поедем со мной в <txt:bold,2>школу «Соллим»</txt:bold>!","Tolonglah. <wrt:wait,30>Ikut saya ke <txt:bold,2>Seonrim</txt:bold>!","Làm ơn. <wrt:wait,30>Hãy cùng tôi đến <txt:bold,2>Seonrim</txt:bold>!","Te lo pido. <wrt:wait,30>¡Ven conmigo a <txt:bold,2>Seonlim</txt:bold>!","Aku minta tolong. <wrt:wait,30>Temani aku kembali ke <txt:bold,2>Sunrim</txt:bold>!","ฉันขอร้องนะ <wrt:wait,30>ไป<txt:bold,2>ซอนริม</txt:bold>กับฉันเถอะ!","Eu imploro. <wrt:wait,30>Venha comigo pra <txt:bold,2>Seonlim</txt:bold>!"
,,,남재현,,2_무표정,,,안 돼요.,I can’t.,ダメです。,不行。,沒辦法。,Не могу.,Saya tak boleh.,Không được.,No puedo.,Tidak bisa.,ไม่ได้ครับ,Não posso.
,,,홍시_신년,,1_헉,pause,,‥.,...,...。,...,...,...,...,...,...,...,...,...
,,,홍시_신년,,1_난처,pause,,"‥<wrt:wait,30>그런가.","...<wrt:wait,30>I see.","...<wrt:wait,30>そうか。","...<wrt:wait,30>这样啊。","...<wrt:wait,30>是嗎。","...<wrt:wait,30>Вот как?","...<wrt:wait,30>Saya faham.","...<wrt:wait,30>Vậy sao.","...<wrt:wait,30>Ya veo.","...<wrt:wait,30>Begitu ya.","...<wrt:wait,30>งั้นเหรอ","Ah...<wrt:wait,30> certo..."
,,,남재현,,2_무표정,,,‥.,...,...。,...,...,...,...,...,...,...,...,...
,,,남재현,,2_무표정,pause,silent,‥휴.,...Sigh.,...ふう。,...唉。,...唉。,Уф.,...Aduh.,...Ha.,...Uf.,...Hyuh.,...เฮ้อ,Aff...
,,,남재현,,2_무표정,,,진짜 저만 나쁜 사람 되는 거네요.,"Great, now I’m the bad guy here.",まったく、俺だけが悪者みたいですね。,搞得好像只有我是坏人一样。,搞得好像真的只有我是壞人一樣。,Сделали из меня злодея!,"Baguslah tu, saya dah jadi orang jahat sekarang.",Rốt cuộc thì chỉ có tôi thành kẻ xấu mất rồi.,"Al final voy a quedar yo como el malo de la historia, ¿no?","Sungguh, rasanya saya yang jadi orang jahat di sini.",กลายเป็นผมดูใจร้ายอยู่คนเดียวเลยนะครับ,Parece que acabei virando o vilão da história.
,,,남재현,,2_기본,,,"전 해야 할 일이 있지만, 대신‥ 더 어울리는 사람을 추천할게요.","I have things to do, but instead... I’ll recommend someone better suited.",俺にはやるべきことがあるので、代わりに...もっと打ってつけの人を紹介しますよ。,我还有必须要完成的事，不过作为交换...我给你推荐一个更合适的人选吧。,我還有要務在身，不過...我可以向你推薦一個比我更合適的人選。,У меня много дел. Но я порекомендую вам более подходящего человека.,"Saya ada kerja lain, tetapi... Saya akan cadangkan seorang yang lebih sesuai.","Tôi còn việc phải làm, nhưng thay vào đó... tôi sẽ giới thiệu một người phù hợp hơn.","Tengo cosas que hacer, pero en su lugar... te recomendaré a alguien más adecuado.","Ada hal yang harus saya lakukan, sebagai gantinya... Saya akan merekomendasikan orang yang lebih tepat.",ผมมีเรื่องที่ต้องทำ... แต่ว่าผมจะแนะนำคนที่เหมาะสมกว่าให้แทนแล้วกันครับ,"Tenho um monte de coisas pra resolver, mas... posso indicar alguém mais adequado."
,,,홍시_신년,,1_헉,,quest,"‥<wrt:wait,30>더 어울리는 사람?","...<wrt:wait,30>Someone better suited?","...<wrt:wait,30>もっと打ってつけの人？","...<wrt:wait,30>更合适的人选？","...<wrt:wait,30>更合適的人選？","...<wrt:wait,30>Более подходящего?","...<wrt:wait,30>Seorang yang lebih sesuai?","...<wrt:wait,30>Người phù hợp hơn?","...<wrt:wait,30>¿Alguien más adecuado?","...<wrt:wait,30>Orang yang lebih tepat?","...<wrt:wait,30>คนที่เหมาะสมกว่า?","Hum... <wrt:wait,30>alguém mais adequado?"
,,,남재현,,2_무표정,,,그 친구와 비슷한 고민을 안고 있는 녀석이에요.,Someone struggling with similar problems as your friend.,その人と似た悩みを抱えている奴です。,那个家伙，和你朋友有着相似的烦恼。,那傢伙正抱持著和你那位朋友相似的煩惱。,Он похож на вашего друга.,Seorang yang menghadapi masalah sama seperti kawan awak.,Là một người mang trong mình những trăn trở giống hệt cậu ấy.,Es alguien que está pasando por problemas similares a los de tu amigo.,Dia adalah seseorang yang menghadapi masalah serupa dengan teman Anda itu.,เขาเป็นคนที่มีความกังวลคล้ายกับเพื่อนของคุณเลยครับ,É alguém que enfrenta problemas parecidos com os do seu amigo...
,,,남재현,,2_기본,,,그리고 그걸 극복하기 위해 발버둥 치고 있는 녀석입니다.,He’s fighting desperately to overcome them.,そして、その悩みを克服するためにあがいています。,而且，他正在为了克服那份烦恼而拼命挣扎。,而且他正為了克服這一切而拚命掙扎著。,И он изо всех сил старается выбраться.,Yang berjuang gigih untuk mengatasinya.,Và cũng đang liều mạng vùng vẫy để vượt qua chúng.,Y es alguien que está luchando por superar esos problemas.,Dan dia sedang berjuang keras untuk mengatasinya.,แล้วเขาก็กำลังดิ้นรนเพื่อเอาชนะให้ได้อยู่ด้วย,E que está lutando desesperadamente pra superar tudo isso.
,,,남재현,,2_웃음,,,반드시 그 친구를 도와줄 거예요.,He’ll definitely help your friend.,きっとあなたの友人を救ってくれるはずです。,他一定能帮到你的朋友。,我想他肯定能幫上你那位朋友的忙。,Он точно сможет помочь тебе.,Dia pasti akan membantu kawan awak itu.,Chắc chắn cậu ta sẽ giúp được người bạn đó.,Seguro que podrá ayudar a tu amigo.,Dia pasti sanggup membantu teman Anda.,เขาจะต้องยอมช่วยเพื่อนของคุณแน่นอน,Tenho certeza de que ele vai conseguir ajudá-lo.
,,,홍시_신년,,1_외침,,,"그, 그게‥<wrt:wait,30> 누구지?","Hm...<wrt:wait,30> Who could that be?","そ、それは...<wrt:wait,30>誰なんだ？","那，那是...<wrt:wait,30>谁？","那、那位是...<wrt:wait,30>誰？","Кто...<wrt:wait,30> Кто же это?","Hm...<wrt:wait,30> Siapa orangnya?","Vậy đó...<wrt:wait,30> là ai?","E-eso...<wrt:wait,30> ¿quién es?","S-siapa...<wrt:wait,30> Dia?","นะ นั่นมัน...<wrt:wait,30> ใครกันเหรอ?","E...<wrt:wait,30> quem seria essa pessoa?"
,,,남재현,,2_기본,,,"<wrt:wait,30><txt:bold,2><txt:color,orange>백시우</txt:color></txt:bold>라고‥.","His name is... <wrt:wait,30><txt:bold,2><txt:color,orange>Siwoo Baek</txt:color></txt:bold>.","<wrt:wait,30><txt:bold,2><txt:color,orange>白井新</txt:color></txt:bold>って言うんですけど...。","<wrt:wait,30>他叫<txt:bold,2><txt:color,orange>白时宇</txt:color></txt:bold>...","<wrt:wait,30><txt:bold,2><txt:color,orange>白時宇</txt:color></txt:bold>...","<wrt:wait,30><txt:bold,2><txt:color,orange>Бэк Шиу</txt:color></txt:bold>...","Namanya ialah... <wrt:wait,30><txt:bold,2><txt:color,orange>Siwoo Baek</txt:color></txt:bold>.","Là <wrt:wait,30><txt:bold,2><txt:color,orange>Baek Siwoo</txt:color></txt:bold>...","Se llama <wrt:wait,30><txt:bold,2><txt:color,orange>Siwoo Baek</txt:color></txt:bold>.","<wrt:wait,30>Dia adalah <txt:bold,2><txt:color,orange>Siwoo Baek</txt:color></txt:bold>...","<wrt:wait,30>เขาชื่อ<txt:bold,2><txt:color,orange>แบคชีอู</txt:color></txt:bold>...","O nome dele é <wrt:wait,30><txt:bold,2><txt:color,orange>Siwoo Baek</txt:color></txt:bold>..."
4,경기 전,#,MAP,,,,,암전,암전,암전,암전,암전,암전,암전,암전,암전,암전,암전,암전
,,#,BGM,,,,,,,,,,,,,,,,
,,#,홍시_신년,4,1_기본,,,,,,,,,,,,,,
,,#,니시카와_블랙,4,1_차분,,,,,,,,,,,,,,
,,,니시카와_블랙,,,,,"<txt:bold,2><txt:color,orange>야마데라</txt:color></txt:bold>, 들어봐.","Hey <txt:bold,2><txt:color,orange>Yamadera</txt:color></txt:bold>, listen.","<txt:bold,2><txt:color,orange>山寺</txt:color></txt:bold>！聞いてくれ。","<txt:bold,2><txt:color,orange>山寺</txt:color></txt:bold>，听我说。","<txt:bold,2><txt:color,orange>山寺</txt:color></txt:bold>，你聽我說。","<txt:bold,2><txt:color,orange>Ямадера</txt:color></txt:bold>, послушай.","Hei <txt:bold,2><txt:color,orange>Yamadera</txt:color></txt:bold>, dengar.","<txt:bold,2><txt:color,orange>Yamadera</txt:color></txt:bold>, nghe này.","<txt:bold,2><txt:color,orange>Yamadera</txt:color></txt:bold>, escúchame.","Coba dengarkan ini, <txt:bold,2><txt:color,orange>Yamadera</txt:color></txt:bold>.","<txt:bold,2><txt:color,orange>ยามาเดระ</txt:color></txt:bold> นายลองฟังดูนะ","<txt:bold,2><txt:color,orange>Yamadera</txt:color></txt:bold>... deixa eu te contar uma coisa."
,,,니시카와_블랙,,,,,"난 가끔 이상할 만큼 <txt:color,red><txt:bold,2>신나는 꿈</txt:bold></txt:color>을 꾼다?","Sometimes I have these weirdly <txt:color,red><txt:bold,2>exciting dreams</txt:bold></txt:color>, you know?","俺はたまに、奇妙なくらい<txt:color,red><txt:bold,2>楽しい夢</txt:bold></txt:color>を見るんだ。","我偶尔会做一个<txt:color,red><txt:bold,2>莫名令人兴奋的梦</txt:bold></txt:color>。","說也奇怪，我偶爾會夢到一些令人莫名<txt:color,red><txt:bold,2>心情雀躍的夢</txt:bold></txt:color>？","Иногда мне снится до ужаса <txt:color,red><txt:bold,2>веселый сон</txt:bold></txt:color>.","Kadang-kadang saya ada mimpi pelik-pelik <txt:color,red><txt:bold,2>tapi mengujakan</txt:bold></txt:color>, tahu tak?","Đôi khi tôi hay mơ những <txt:color,red><txt:bold,2>giấc mơ kỳ lạ, vui</txt:bold></txt:color> đến bất thường.","A veces tengo sueños <txt:color,red><txt:bold,2>extrañamente emocionantes</txt:bold></txt:color>, ¿sabes?","Terkadang aku <txt:color,red><txt:bold,2>bermimpi aneh dan menarik</txt:bold></txt:color>.","บางครั้งฉันก็<txt:color,red><txt:bold,2>ฝันสนุก</txt:bold></txt:color>จนน่าแปลกเลยล่ะ","Às vezes eu tenho uns sonhos estranhos. Sonhos que me deixam <txt:color,red><txt:bold,2>eufórico</txt:bold></txt:color>, sabe?"
,,,니시카와_블랙,,,,,얼굴도 모르는 사람들이랑 배구를 하는 꿈이야.,Dreams where I play volleyball with people I don’t even know.,顔も知らない人たちとバレーをする夢でさ。,在梦里，我和一群素未谋面的人打排球。,是在夢裡和一群素不相識的人打排球。,"Сон, в котором я играю в волейбол с незнакомыми людьми.",Mimpi di mana saya bermain bola tampar dengan orang yang saya tak kenal.,Là giấc mơ tôi chơi bóng chuyền cùng những người chẳng quen biết.,Es un sueño en el que juego vóley con gente a la que ni siquiera le veo la cara.,Itu adalah mimpi dimana aku bermain bola voli dengan orang-orang asing.,ฉันฝันว่าได้เล่นวอลเลย์บอลกับผู้คนที่ไม่รู้จักหน้าด้วยซ้ำ,"Neles, eu jogo vôlei com pessoas que nunca vi na vida."
,,,니시카와_블랙,,,,,그 꿈속에선 몸이 믿기지 않을 정도로 가벼워. <wrt:break>마치 하늘까지 뛰어오를 수 있을 것 같은 느낌이 들지.,My body feels impossibly light. <wrt:break>Like I could jump all the way up to the sky.,その夢の中では、信じられないくらい体が軽いんだよな。<wrt:break>まるで空まで跳ね上がれそうなくらい。,在那个梦里，身体轻盈得不可思议。<wrt:break>感觉就像能跳到天上去一样。,在那個夢裡，身體輕盈得令人不敢置信。<wrt:break>感覺就像能一步跳上雲端一樣。,И тело такое легкое. <wrt:break>Как будто я могу подпрыгнуть до небес!,Badan saya terasa sangat ringan. <wrt:break>Seperti saya boleh lompat sampai ke langit.,"Trong giấc mơ đó, cơ thể nhẹ đến khó tin. <wrt:break>Nhẹ đến mức có cảm giác mình có thể nhảy vọt lên tận bầu trời.","En ese sueño, mi cuerpo se siente increíblemente ligero, <wrt:break>como si pudiera saltar hasta el cielo.",Di dalam mimpi itu tubuhku terasa sangat ringan. <wrt:break>Aku merasa seperti dapat melompat setinggi langit.,ในฝันน่ะ ตัวฉันเบามากจนไม่อยากจะเชื่อเลย <wrt:break>รู้สึกเหมือนกระโดดขึ้นไปจนถึงท้องฟ้าได้เลยล่ะ,"E, nesses sonhos, meu corpo fica absurdamente leve. <wrt:break>É como se eu pudesse pular até o céu."
,,,니시카와_블랙,,,,,그게 참 좋아. 내가 제일 좋아하는 꿈이야.,I really love that feeling. It’s my favorite kind of dream.,すっごくいいぞ。俺のお気に入りの夢だよ。,那种感觉真棒。是我最喜欢的梦。,那種感覺真好，是我最喜歡的夢。,Это мой любимый сон.,Saya sangat suka perasaan itu. Itulah mimpi kegemaran saya.,Tôi rất thích cảm giác ấy. Đó là giấc mơ tôi thích nhất.,Eso me encanta. Es el sueño que más me gusta.,Aku suka sekali perasaan itu. Itu adalah mimpi yang paling aku sukai.,ซึ่งมันดีมากเลย เป็นฝันที่ฉันชอบที่สุด,É uma sensação boa demais... é o meu sonho favorito.
,,,니시카와_블랙,,,,,"그런데, 얼마 전에 꿈속에서 한 번 넘어졌거든?","But not long ago, I tripped and fell in one of those dreams.",ところでこの前、夢の中で一回こけたことがあってさ。,不过，前阵子我在梦里摔了一跤。,不過，不久前我在夢裡摔了一跤。,Но недавно я упал во сне.,"Tetapi tidak lama dahulu, saya tersandung dan jatuh dalam mimpi itu.","Nhưng mà, cách đây không lâu, trong mơ tôi bị ngã một lần.","Pero, hace poco, en un sueño... me caí una vez.","Tapi, belum lama ini, aku terjatuh saat berada di dalam mimpi itu.",แต่เมื่อไม่นานมานี้ ฉันเคยล้มครั้งหนึ่งในฝันล่ะ,Mas alguns dias atrás... eu acabei caindo dentro desse sonho.
,,,니시카와_블랙,,,,,"<txt:color,red><txt:bold,2>잠에서 깨 보니까, 내 무릎이 진짜로 까져 있더라.</txt:bold></txt:color>","<txt:color,red><txt:bold,2>When I woke up, my knee was actually scraped up.</txt:bold></txt:color>","<txt:color,red><txt:bold,2>目が覚めると、本当に膝に傷がついていたんだよ</txt:bold></txt:color>","<txt:color,red><txt:bold,2>醒来一看，发现膝盖竟然真的破皮了。</txt:bold></txt:color>","<txt:color,red><txt:bold,2>等我醒來一看，發現我的膝蓋竟然真的擦傷了。</txt:bold></txt:color>","<txt:color,red><txt:bold,2>Я проснулся и увидел, что разбил колено.</txt:bold></txt:color>","<txt:color,red><txt:bold,2>Bila saya bangun, lutut saya betul-betul terluka.</txt:bold></txt:color>","<txt:color,red><txt:bold,2>Tỉnh dậy thì thấy đầu gối mình trầy thật.</txt:bold></txt:color>","<txt:color,red><txt:bold,2>Cuando me desperté, me di cuenta de que mi rodilla estaba de verdad raspada.</txt:bold></txt:color>","<txt:color,red><txt:bold,2>Saat terbangun, lututku benar-benar terluka.</txt:bold></txt:color>","<txt:color,red><txt:bold,2>พอตื่นขึ้นมาจากฝัน หัวเข่าของฉันก็ถลอกจริงๆ</txt:bold></txt:color>","<txt:color,red><txt:bold,2>Quando acordei, meu joelho estava realmente ralado.</txt:bold></txt:color>"
,,,니시카와_블랙,,,,,"<wrt:delay,7>‥<wrt:wait,30>싸구려 괴담도 아니고. 웃기지?</wrt:delay>","<wrt:delay,7>...<wrt:wait,30>Sounds like a cheap ghost story, doesn’t it?</wrt:delay>","<wrt:delay,7>...<wrt:wait,30>B級ホラーじゃあるまいし、笑っちゃうよな？</wrt:delay>","<wrt:delay,7>...<wrt:wait,30>又不是什么廉价鬼故事。好笑吧？</wrt:delay>","<wrt:delay,7>...<wrt:wait,30>連騙小孩的鬼話都算不上，你說扯不扯？</wrt:delay>","<wrt:delay,7>...<wrt:wait,30>Не смешно ли?</wrt:delay>","<wrt:delay,7>...<wrt:wait,30>Macam cerita hantu murahan pula. Lucu, kan?</wrt:delay>","<wrt:delay,7>...<wrt:wait,30>Nghe chẳng khác gì truyện ma tào lao nhỉ. Buồn cười ha.</wrt:delay>","<wrt:delay,7>...<wrt:wait,30>No es ni una historia de terror barata. Da risa, ¿no?</wrt:delay>","<wrt:delay,7>...<wrt:wait,30>Seperti layaknya cerita horor murahan. Lucu, kan?</wrt:delay>","<wrt:delay,7>...<wrt:wait,30>นี่มันไม่ใช่เรื่องลี้ลับเห่ยๆ ด้วยซ้ำ ตลกดีเนอะ?</wrt:delay>","<wrt:delay,7>E... <wrt:wait,30>parece até história de terror barata. É até engraçado, né?</wrt:delay>"
,,,TAG,,,,,"<eff:black,3>","<eff:black,3>","<eff:black,3>","<eff:black,3>","<eff:black,3>","<eff:black,3>","<eff:black,3>","<eff:black,3>","<eff:black,3>","<eff:black,3>","<eff:black,3>","<eff:black,3>"
,,,TAG,,,,,"<sys:qmap,콜로세움_밤><cha:qpos,홍시_신년,0><sys:bgm,BGM_UNDERGROUND_JUNGLE,600>","<sys:qmap,콜로세움_밤><cha:qpos,홍시_신년,0><sys:bgm,BGM_UNDERGROUND_JUNGLE,600>","<sys:qmap,콜로세움_밤><cha:qpos,홍시_신년,0><sys:bgm,BGM_UNDERGROUND_JUNGLE,600>","<sys:qmap,콜로세움_밤><cha:qpos,홍시_신년,0><sys:bgm,BGM_UNDERGROUND_JUNGLE,600>","<sys:qmap,콜로세움_밤><cha:qpos,홍시_신년,0><sys:bgm,BGM_UNDERGROUND_JUNGLE,600>","<sys:qmap,콜로세움_밤><cha:qpos,홍시_신년,0><sys:bgm,BGM_UNDERGROUND_JUNGLE,600>","<sys:qmap,콜로세움_밤><cha:qpos,홍시_신년,0><sys:bgm,BGM_UNDERGROUND_JUNGLE,600>","<sys:qmap,콜로세움_밤><cha:qpos,홍시_신년,0><sys:bgm,BGM_UNDERGROUND_JUNGLE,600>","<sys:qmap,콜로세움_밤><cha:qpos,홍시_신년,0><sys:bgm,BGM_UNDERGROUND_JUNGLE,600>","<sys:qmap,콜로세움_밤><cha:qpos,홍시_신년,0><sys:bgm,BGM_UNDERGROUND_JUNGLE,600>","<sys:qmap,콜로세움_밤><cha:qpos,홍시_신년,0><sys:bgm,BGM_UNDERGROUND_JUNGLE,600>","<sys:qmap,콜로세움_밤><cha:qpos,홍시_신년,0><sys:bgm,BGM_UNDERGROUND_JUNGLE,600>"
,,,홍시_신년,,1_기본,,joy,"후후, <wrt:wait,30><txt:bold,2><txt:color,orange>백시우</txt:color></txt:bold>, <txt:bold,2><txt:color,orange>백시우</txt:color></txt:bold>라 말이지! 대체 어떤 소년일까! 분명히 보통내기가 아니겠지!","Heh... <wrt:wait,30><txt:bold,2><txt:color,orange>Siwoo Baek</txt:color></txt:bold>, was it? What kind of player could he be, I wonder? He must be extraordinary!","フフ...<wrt:wait,30><txt:bold,2><txt:color,orange>白井新</txt:color></txt:bold>、<txt:bold,2><txt:color,orange>白井新</txt:color></txt:bold>か！一体どんな少年だろう！きっと、ただ者ではないだろうな！","嘿嘿...<wrt:wait,30><txt:bold,2><txt:color,orange>白时宇</txt:color></txt:bold>，<txt:bold,2><txt:color,orange>白时宇</txt:color></txt:bold>是吧！到底是个什么样的少年呢！肯定不是泛泛之辈吧！","呵呵...<wrt:wait,30><txt:bold,2><txt:color,orange>白時宇</txt:color></txt:bold>、<txt:bold,2><txt:color,orange>白時宇</txt:color></txt:bold>是吧！到底是個什麼樣的老弟呢！肯定不是個省油的燈吧！","Хи-хи... <wrt:wait,30><txt:bold,2><txt:color,orange>Бэк Шиу</txt:color></txt:bold>, <txt:bold,2><txt:color,orange>Бэк Шиу</txt:color></txt:bold>, значит! Интересно, что он из себя представляет. Уж точно не обычный малый!","Heh... <wrt:wait,30><txt:bold,2><txt:color,orange>Siwoo Baek</txt:color></txt:bold>, ya? Dia pemain jenis apa agaknya? Pasti luar biasa!","Hừ hừ... <wrt:wait,30><txt:bold,2><txt:color,orange>Baek Siwoo</txt:color></txt:bold> à, <txt:bold,2><txt:color,orange>Baek Siwoo sao</txt:color></txt:bold>! Rốt cuộc là một cậu trai trẻ thế nào đây! Chắc chắn không phải hạng tầm thường rồi!","Jeje... <wrt:wait,30>¡<txt:bold,2><txt:color,orange>Siwoo Baek</txt:color></txt:bold>, <txt:bold,2><txt:color,orange>Siwoo Baek</txt:color></txt:bold>! ¡Qué tipo de chico será! Seguro que no es nada común.","Huhu... <wrt:wait,30><txt:bold,2><txt:color,orange>Siwoo Baek</txt:color></txt:bold>, <txt:bold,2><txt:color,orange>Siwoo Baek</txt:color></txt:bold>, ya! Bocah seperti apa dia ya! Pasti bukan orang biasa!","ฮิฮิ... <wrt:wait,30><txt:bold,2><txt:color,orange>แบคชีอู</txt:color></txt:bold>, <txt:bold,2><txt:color,orange>แบคชีอู</txt:color></txt:bold>ใช่ไหม! จะเป็นคนแบบไหนกันนะ! คงไม่ใช่คนธรรมดาแน่เลย!","Hum... <wrt:wait,30><txt:bold,2><txt:color,orange>Siwoo Baek</txt:color></txt:bold>... <txt:bold,2><txt:color,orange>Siwoo Baek</txt:color></txt:bold>... Que tipo de garoto será?! Com certeza não é alguém comum!"
,,,홍시_신년,,1_훗,,,"언제쯤 <txt:bold,2>콜로세움</txt:bold>에 나타나려나? 곧 온다곤 했는데‥. 흐음! 기대되는군!","When will he show up at the <txt:bold,2>Colosseum</txt:bold>? They said he’d come soon... Mm! I can’t wait!","いつ<txt:bold,2>コロッセオ</txt:bold>に現れるだろうか？もうすぐ来ると聞いたが...ふむ！楽しみだな！","什么时候会出现在<txt:bold,2>竞技场</txt:bold>呢？明明说很快就会来...哼！真让人期待！","他什麼時候才會出現在<txt:bold,2>競技場</txt:bold>呢？雖然說很快就到...唔！真令人期待！","Когда же он появится в <txt:bold,2>Колизее</txt:bold>? Сказали, что скоро. Жду не дождусь!","Bila dia akan sampai di <txt:bold,2>Colosseum</txt:bold>? Katanya dia akan datang tak lama lagi... Mm! Tak sabar!","Không biết khi nào cậu ta sẽ xuất hiện ở <txt:bold,2>Đấu Trường</txt:bold> nhỉ? Nghe nói sắp tới rồi mà... Hừm! Thật đáng mong đợi!","¿Cuándo aparecerá en el <txt:bold,2>Coliseo</txt:bold>? Dijeron que vendría pronto... ¡Hmm! ¡Qué emoción!","Kapan dia akan muncul di <txt:bold,2>Colosseum</txt:bold>? Seharusnya hampir waktunya dia tiba... Hmm! Aku jadi tidak sabar!","เขาจะมาปรากฏตัวที่<txt:bold,2>โคลอสเซียม</txt:bold>เมื่อไหร่กันนะ? เห็นบอกว่าใกล้จะมาแล้ว... อืม! ตื่นเต้นจังแฮะ!","Quando será que ele vem ao <txt:bold,2>Coliseu</txt:bold>? Disseram que seria em breve... Hum... tô ansiosa!"
,,,홍시_신년,,1_냠,,,"밤도 깊었으니, 일단 돌아갔다가 내일 일찍 나와 녀석을 맞이해야지‥!",It’s getting late. I should head back for now and come out early tomorrow to greet him...!,夜も更けたことだし、ひとまず戻って明日早くに彼を出迎えねば...！,夜也深了，先回去吧，明天一早再来迎接那家伙...！,夜深了，先回去吧，明天早點出來迎接那傢伙...！,"Уже поздно, лучше вернусь домой. Завтра с утра пораньше подготовлюсь к встрече!",Hari semakin lewat. Saya patut balik sekarang dan keluar awal esok untuk menyambutnya...!,"Đêm cũng đã khuya, thôi thì về trước đã, mai ra sớm để đón cậu ta vậy...!","Ya es tarde, así que por ahora volveré y mañana saldré temprano para recibirlo...!","Malam sudah larut, lebih baik aku pulang dulu dan datang lebih pagi besok untuk menyambutnya...!",ตอนนี้ก็ดึกแล้ว กลับก่อนแล้วพรุ่งนี้ค่อยรีบมาต้อนรับดีกว่า...!,Já tá tarde. Melhor voltar agora e vir cedo amanhã pra recebê-lo!
,,,-,,,,,"<txt:color,grey>(퍽!)</txt:color>","<txt:color,grey>(Bump!)</txt:color>","<txt:color,grey>(パン！)</txt:color>","<txt:color,grey>（砰！）</txt:color>","<txt:color,grey>(砰！)</txt:color>","<txt:color,grey>(Тук!)</txt:color>","<txt:color,grey>(Pum!)</txt:color>","<txt:color,grey>*Bốp*</txt:color>","<txt:color,grey>(¡Pum!)</txt:color>","<txt:color,grey>(Bruk!)</txt:color>","<txt:color,grey>(พลั่ก!)</txt:color>","<txt:color,grey>(Pow!)</txt:color>"
,,,홍시_신년,,1_난처,,,"<cha:pop,홍시_신년>미, 미안하네! 한눈을 파는 바람에 그만 부딪쳤‥!","<cha:pop,홍시_신년>Oh, I’m sorry! I wasn’t looking...!","<cha:pop,홍시_신년>す、すまない！よそ見をしていたせいで、ぶつかって...！","<cha:pop,홍시_신년>抱，抱歉！我一时走神，不小心撞到了...！","<cha:pop,홍시_신년>抱、抱歉！我看入神了，不小心撞到...！","<cha:pop,홍시_신년>П-прости! Совсем не заметила!","<cha:pop,홍시_신년>Oh, maaf! Saya tak nampak...!","<cha:pop,홍시_신년>A, xin lỗi! Tôi chợt lơ là nên không để ý, đâm phải rồi...!","<cha:pop,홍시_신년>¡L-lo siento! Me distraí un momento y choqué...","<cha:pop,홍시_신년>M-maaf! Aku sedang tidak memperhatikan sehingga...!","<cha:pop,홍시_신년>ขะ ขอโทษนะ! ฉันไม่ทันได้มองก็เลย...!","<cha:pop,홍시_신년>D-desculpa! Eu tava distraída e acabei esbarrando em você..."
,,,홍시_신년,,1_외침,,exclam,"<txt:bold,2><txt:size,2>‥<wrt:wait,30>그대는?!</txt:size></txt:bold>","<txt:bold,2><txt:size,2>...<wrt:wait,30>Oh, you are...</txt:size></txt:bold>","<txt:bold,2><txt:size,2>...<wrt:wait,30>あなたは！？</txt:size></txt:bold>","<txt:bold,2><txt:size,2>...<wrt:wait,30>阁下是？！</txt:size></txt:bold>","<txt:bold,2><txt:size,2>...<wrt:wait,30>你是？！</txt:size></txt:bold>","<txt:bold,2><txt:size,2>...<wrt:wait,30>Ты?!</txt:size></txt:bold>","<txt:bold,2><txt:size,2>...<wrt:wait,30>Oh, awak...</txt:size></txt:bold>","<txt:bold,2><txt:size,2>...<wrt:wait,30>Cậu là?!</txt:size></txt:bold>","<txt:bold,2><txt:size,2>...<wrt:wait,30>¡Tú eres?!!</txt:size></txt:bold>","<txt:bold,2><txt:size,2>...<wrt:wait,30>Kamu itu kan?!</txt:size></txt:bold>","<txt:bold,2><txt:size,2>...<wrt:wait,30>นาย?!</txt:size></txt:bold>","<txt:bold,2><txt:size,2>Calma... <wrt:wait,30>você é...</txt:size></txt:bold>"
,,,홍시_신년,,1_외침,,,"니‥ <wrt:wait,30><txt:bold,2><txt:color,orange>니시카와</txt:color></txt:bold>?!","Ni... <wrt:wait,30><txt:bold,2><txt:color,orange>Nishikawa</txt:color></txt:bold>?!","に...<wrt:wait,30><txt:bold,2><txt:color,orange>西川</txt:color></txt:bold>！？","西...<wrt:wait,30><txt:bold,2><txt:color,orange>西川</txt:color></txt:bold>？！","西...<wrt:wait,30><txt:bold,2><txt:color,orange>西川</txt:color></txt:bold>？！","Ни... <wrt:wait,30><txt:bold,2><txt:color,orange>Нисикава</txt:color></txt:bold>?!","...<wrt:wait,30>Ni... <txt:bold,2><txt:color,orange>Nishikawa</txt:color></txt:bold>?","Ni... <wrt:wait,30><txt:bold,2><txt:color,orange>Nishikawa?!</txt:color></txt:bold>","Ni ¿<wrt:wait,30><txt:bold,2><txt:color,orange>Nishikawa</txt:color></txt:bold>?","Ni... <wrt:wait,30><txt:bold,2><txt:color,orange>Nishikawa</txt:color></txt:bold>?!","นิ... <wrt:wait,30><txt:bold,2><txt:color,orange>นิชิกาวะ</txt:color></txt:bold>?!","Ni... <wrt:wait,30><txt:bold,2><txt:color,orange>Nishikawa</txt:color></txt:bold>?!"
,,,TAG,,,,,"<eff:black,3>","<eff:black,3>","<eff:black,3>","<eff:black,3>","<eff:black,3>","<eff:black,3>","<eff:black,3>","<eff:black,3>","<eff:black,3>","<eff:black,3>","<eff:black,3>","<eff:black,3>"
,,,TAG,,,,,"<cha:qpos,홍시_신년,-2><cha:qpos,니시카와_블랙,2>","<cha:qpos,홍시_신년,-2><cha:qpos,니시카와_블랙,2>","<cha:qpos,홍시_신년,-2><cha:qpos,니시카와_블랙,2>","<cha:qpos,홍시_신년,-2><cha:qpos,니시카와_블랙,2>","<cha:qpos,홍시_신년,-2><cha:qpos,니시카와_블랙,2>","<cha:qpos,홍시_신년,-2><cha:qpos,니시카와_블랙,2>","<cha:qpos,홍시_신년,-2><cha:qpos,니시카와_블랙,2>","<cha:qpos,홍시_신년,-2><cha:qpos,니시카와_블랙,2>","<cha:qpos,홍시_신년,-2><cha:qpos,니시카와_블랙,2>","<cha:qpos,홍시_신년,-2><cha:qpos,니시카와_블랙,2>","<cha:qpos,홍시_신년,-2><cha:qpos,니시카와_블랙,2>","<cha:qpos,홍시_신년,-2><cha:qpos,니시카와_블랙,2>"
,,,니시카와_블랙,,1_차분,,,<scr:noskip>‥.,<scr:noskip>...,<scr:noskip>...。,<scr:noskip>...,<scr:noskip>...,<scr:noskip>...,<scr:noskip>...,<scr:noskip>...,<scr:noskip>...,<scr:noskip>...,<scr:noskip>...,<scr:noskip>...
,,,홍시_신년,,1_헉,nervous,quest,"어째서 이곳에 <txt:bold,2><txt:color,orange>니시카와</txt:color></txt:bold> 선수가‥?","Why are you here, <txt:bold,2><txt:color,orange>Nishikawa</txt:color></txt:bold>...?","どうしてここに<txt:bold,2><txt:color,orange>西川</txt:color></txt:bold>選手が...？","为什么<txt:bold,2><txt:color,orange>西川</txt:color></txt:bold>选手会在这里...？","<txt:bold,2><txt:color,orange>西川</txt:color></txt:bold>選手怎麼會在這裡...？","И что же в этом месте делает такой игрок, как <txt:bold,2><txt:color,orange>Нисикава</txt:color></txt:bold>...?","Kenapa awak di sini, <txt:bold,2><txt:color,orange>Nishikawa</txt:color></txt:bold>...?","Sao tuyển thủ <txt:bold,2><txt:color,orange>Nishikawa</txt:color></txt:bold> lại ở đây...?","¿Por qué está aquí el jugador <txt:bold,2><txt:color,orange>Nishikawa</txt:color></txt:bold>‥?","Kenapa atlet <txt:bold,2><txt:color,orange>Nishikawa</txt:color></txt:bold> berada disini...?","ทำไมนักกีฬา<txt:bold,2><txt:color,orange>นิชิกาวะ</txt:color></txt:bold>ถึงได้มาอยู่ที่นี่...?","O que o <txt:bold,2><txt:color,orange>Nishikawa</txt:color></txt:bold> tá fazendo aqui?"
,,,홍시_신년,,1_난처,nerovus,,"<txt:color,grey>(어쩐지‥ 등골이 서늘하다. <wrt:wait,30>‥분위기도 으스스하고‥.)</txt:color>","<txt:color,grey>(For some reason, I feel a chill down my spine. <wrt:wait,30>Something feels off...)</txt:color>","<txt:color,grey>(なぜか⋯肝が冷える<wrt:wait,30>⋯雰囲気も怖いし⋯)</txt:color>","<txt:color,grey>（总觉得...背脊发凉。<wrt:wait,30>...气氛也阴森森的...）</txt:color>","<txt:color,grey>(總覺得...背脊發涼。<wrt:wait,30>...氣氛也陰森森的...)</txt:color>","<txt:color,grey>(А я-то думаю, с чего это у меня мурашки по коже... <wrt:wait,30>... Жутко как-то...)</txt:color>","<txt:color,grey>(Entah kenapa, saya rasa seram sejuk. <wrt:wait,30>Ada sesuatu yang tak kena...)</txt:color>","<txt:color,grey>(Kỳ lạ thật... sống lưng lạnh toát. <wrt:wait,30>Không khí cũng rờn rợn...)</txt:color>","<txt:color,grey>(De alguna manera... siento un escalofrío. ...<wrt:wait,30>Y el ambiente también es espeluznante...)","<txt:color,grey>(Entah kenapa... bulu kudukku merinding. <wrt:wait,30>... Auranya juga agak menyeramkan...)</txt:color>","<txt:color,grey>(รู้สึก... เสียวสันหลังยังไงก็ไม่รู้ <wrt:wait,30>... แถมบรรยากาศก็น่าขนลุกอีก...)</txt:color>","<txt:color,grey>(Ugh... que clima pesado... <wrt:wait,30>dá até um arrepio...)</txt:color>"
,,,니시카와_블랙,,1_기본,,,<scr:noskip>‥.,<scr:noskip>...,<scr:noskip>...。,<scr:noskip>...,<scr:noskip>...,<scr:noskip>...,<scr:noskip>...,<scr:noskip>...,<scr:noskip>...,<scr:noskip>...,<scr:noskip>...,<scr:noskip>...
,,,홍시_신년,,1_기본,,,"혹시‥ 그대도 괜찮다면 <txt:bold,2>선림</txt:bold>으로 오겠나? <txt:bold,2><txt:color,orange>류현</txt:color></txt:bold>이란 친구가 있는데 말이지‥.","If you don’t mind... would you come to <txt:bold,2>Seonrim</txt:bold> too? There’s a friend named <txt:bold,2><txt:color,orange>Ryuhyeon</txt:color></txt:bold> there...","よかったら...君も<txt:bold,2>仙林</txt:bold>に来ないか？<txt:bold,2><txt:color,orange>青龍真一</txt:color></txt:bold>という友人がいるんだが...。","莫非...你若是不介意，要不要跟我来<txt:bold,2>先林</txt:bold>？我有个叫<txt:bold,2><txt:color,orange>昊天</txt:color></txt:bold>的朋友...","如果你方便的話，要不要來<txt:bold,2>先林</txt:bold>？我有個叫<txt:bold,2><txt:color,orange>昊天</txt:color></txt:bold>的朋友...","Может быть у вас получится поехать со мной в <txt:bold,2>школу «Соллим»</txt:bold>? <txt:bold,2>У меня есть друг <txt:color,orange>Рюхён</txt:color></txt:bold>...","Jika awak tak keberatan... bolehkah awak datang ke <txt:bold,2>Seonrim</txt:bold> juga? Ada seorang kawan bernama <txt:bold,2><txt:color,orange>Ryuhyeon</txt:color></txt:bold> di sana...","Nếu... nếu cậu không phiền, có muốn đến <txt:bold,2>Seonrim</txt:bold> không? Tôi có một người bạn tên là <txt:bold,2><txt:color,orange>Ryuhyeon</txt:color></txt:bold>...","Si no te molesta... ¿te gustaría venir a <txt:bold,2>Seonlim</txt:bold>? Hay un chico llamado <txt:bold,2><txt:color,orange>Ryuhyeon</txt:color></txt:bold>, verás...","Kalau tidak keberatan... maukah kau pergi ke <txt:bold,2>Sunrim</txt:bold>? Ada temanku yang bernama <txt:bold,2><txt:color,orange>Ryuhyun</txt:color></txt:bold>...","คือว่า... ถ้านายไม่ติดอะไร ช่วยมาที่<txt:bold,2>ซอนริม</txt:bold>ได้ไหม? ฉันมีเพื่อนชื่อ<txt:bold,2><txt:color,orange>รยูฮยอน</txt:color></txt:bold>น่ะ...","S-se não se importar... aceitaria ir até <txt:bold,2>Seonlim</txt:bold>? Tenho um amigo chamado <txt:bold,2><txt:color,orange>Ryuhyeon</txt:color></txt:bold>..."
,,,니시카와_블랙,,1_째릿,,,<scr:noskip>‥강해?,<scr:noskip>...Is he strong?,<scr:noskip>...強いのか？,<scr:noskip>...强吗？,<scr:noskip>...強嗎？,<scr:noskip>...Силенок хватит?,<scr:noskip>...Adakah dia kuat?,<scr:noskip>...Mạnh không?,<scr:noskip>...¿Es fuerte?,<scr:noskip>...Kuat?,<scr:noskip>...แข็งแกร่งรึเปล่า?,<scr:noskip>É forte?
,,,홍시_신년,,1_훗,,,"<txt:bold,2><txt:color,orange>류현</txt:color></txt:bold> 말인가? 음, 우리 <txt:bold,2>선림</txt:bold>에서 가장 뛰어난 배구 선수지.","<txt:bold,2><txt:color,orange>Ryuhyeon</txt:color></txt:bold>? Well, he’s the best volleyball player in all of <txt:bold,2>Seonrim</txt:bold>.","<txt:bold,2><txt:color,orange>青龍真一</txt:color></txt:bold>のことか？うむ、我が<txt:bold,2>仙林</txt:bold>で一番優秀なバレー選手だぞ。","你是说<txt:bold,2><txt:color,orange>昊天</txt:color></txt:bold>吗？嗯，他是我们<txt:bold,2>先林</txt:bold>最杰出的排球选手。","你是說<txt:bold,2><txt:color,orange>昊天</txt:color></txt:bold>嗎？嗯，他是我們<txt:bold,2>先林</txt:bold>最出色的排球選手。","У <txt:bold,2><txt:color,orange>Рюхёна</txt:color></txt:bold>? Это лучший игрок <txt:bold,2>школы «Соллим»</txt:bold>.","<txt:bold,2><txt:color,orange>Ryuhyeon</txt:color></txt:bold>? Dia adalah pemain bola tampar terbaik di <txt:bold,2>Seonrim</txt:bold>.","<txt:bold,2><txt:color,orange>Ryuhyeon</txt:color></txt:bold> à? Ừm, cậu ấy là tay bóng chuyền xuất sắc nhất ở <txt:bold,2>Seonrim</txt:bold> bọn tôi.","¿Dices <txt:bold,2><txt:color,orange>Ryuhyeon</txt:color></txt:bold>? Hmm, es el mejor jugador de vóley de nuestro <txt:bold,2>Seonlim</txt:bold>.","Maksudmu <txt:bold,2><txt:color,orange>Ryuhyun</txt:color></txt:bold>? Hmm, dia adalah atlet bola voli terhebat di <txt:bold,2>Sunrim</txt:bold>.","หมายถึง<txt:bold,2><txt:color,orange>รยูฮยอน</txt:color></txt:bold>เหรอ? อืม เขาเป็นนักกีฬาวอลเลย์บอลที่ยอดเยี่ยมที่สุดใน<txt:bold,2>ซอนริม</txt:bold>เลยล่ะ","Quem? O <txt:bold,2><txt:color,orange>Ryuhyeon</txt:color></txt:bold>? Sim, é o melhor jogador de vôlei de <txt:bold,2>Seonlim</txt:bold>."
,,,니시카와_블랙,,1_째릿+,,,<scr:noskip>‥.,<scr:noskip>...,<scr:noskip>...。,<scr:noskip>...,<scr:noskip>...,<scr:noskip>...,<scr:noskip>...,<scr:noskip>...,<scr:noskip>...,<scr:noskip>...,<scr:noskip>...,<scr:noskip>...
,,,홍시_신년,,1_외침,shake,,"왜, 왜 그러나? 무, 무섭게‥.",Wh-what is it? You’re scaring me...,ど、どうしたんだ？こ、怖いぞ...。,怎，怎么了？怪，怪吓人的...,怎、怎麼了？幹嘛...這麼恐怖地盯著我...,Ты чего... пугаешь?,Ap-apa dia? Awak menakutkan saya...,"S, sao vậy? Sao nhìn đáng sợ thế...",¿Q-qué...? Es... aterrador...,"Ke, kenapa? Aku j-jadi takut...",ทะ ทำไมทำหน้าแบบนั้นล่ะ? นะ น่ากลัวชะมัด...,P-por quê? Você tá me assustando...
,,,니시카와_블랙,,1_기본,,,<scr:noskip>‥너 말이야.,<scr:noskip>...You.,<scr:noskip>⋯お前さ。,<scr:noskip>...我是说你。,<scr:noskip>...我說妳啊。,<scr:noskip>У тебя...,<scr:noskip>...Awak.,<scr:noskip>...Ý tôi hỏi cậu đấy.,"<scr:noskip>...Tú, digo.",<scr:noskip>...Yang aku maksud kamu.,<scr:noskip>...ฉันหมายถึงเธอ,<scr:noskip>Eu tava falando de você...
,,,니시카와_블랙,,1_째릿,,,<scr:noskip>‥강해?,<scr:noskip>...Are you strong?,<scr:noskip>⋯強いか？,<scr:noskip>...强吗？,<scr:noskip>...強嗎？,<scr:noskip>...Силенок-то хватит?,<scr:noskip>...Adakah awak kuat?,<scr:noskip>...Mạnh không?,<scr:noskip>...¿Eres fuerte?,<scr:noskip>...Kuat?,<scr:noskip>...แข็งแกร่งรึเปล่า?,<scr:noskip>Você é forte?
,,,홍시_신년,,1_훗,,,"‥<wrt:wait,30>아, 나 말이었나? 음, 이 몸도 물론 배구에 자신 있다.","...<wrt:wait,30>Oh, me? Hmm. I’m not bad at volleyball.","...<wrt:wait,30>あぁ、私のことだったのか？うむ、私も当然バレーには自信があるぞ。","...<wrt:wait,30>啊，是问我吗？嗯，我对排球当然也很有自信。","...<wrt:wait,30>啊，是在問我嗎？嗯，我對排球當然也很有自信。","...<wrt:wait,30>А, ты про меня? Уверена, что хватит.","...<wrt:wait,30>Oh, saya? Hmm. Saya boleh tahanlah bermain bola tampar.","...<wrt:wait,30>À, đang hỏi tôi sao? Ừm, tôi cũng khá tự tin về khả năng bóng chuyền của mình.","...<wrt:wait,30>¿Ah, me hablabas a mí? Bueno, claro, yo también soy bastante buena en vóley.","...<wrt:wait,30>Ah, maksudmu aku? Hmm, tentu saja aku juga cukup percaya diri dalam bola voli.","...<wrt:wait,30>อ๋อ หมายถึงฉันเหรอ? อืม ฉันก็มั่นใจในวอลเลย์บอลอยู่แหละ","Ah... <wrt:wait,30>Eu? Bem... sim, eu confio no meu vôlei."
,,,홍시_신년,,1_헉,,,그런데 그건 왜 물어보는 거냐?,Why do you ask?,しかし、なぜそんなことを聞くんだ？,不过你问这个做什么？,不過，你為什麼問這個？,А что?,Kenapa?,Nhưng sao lại hỏi vậy?,"Pero, ¿por qué me preguntas eso?",Tapi kenapa kamu bertanya seperti itu?,แต่ทำไมถึงถามเรื่องนั้นล่ะ?,Mas... por que essa pergunta?
,,,니시카와_블랙,,1_기본,,,<scr:noskip>그럼 경기해.,<scr:noskip>Then let’s play.,<scr:noskip>試合だ。,<scr:noskip>那就比赛吧。,<scr:noskip>那就比賽。,<scr:noskip>Играем.,<scr:noskip>Mari kita bermain.,<scr:noskip>Vậy thì đấu đi.,"<scr:noskip>Entonces, juguemos el partido.",<scr:noskip>Kalau begitu ayo kita bertanding.,<scr:noskip>ถ้างั้นก็มาแข่งกัน,<scr:noskip>Então joga.
,,,니시카와_블랙,,1_째릿+,,,<scr:noskip>지금 당장.,<scr:noskip>Right now.,<scr:noskip>今すぐ。,<scr:noskip>现在，立刻。,<scr:noskip>馬上。,<scr:noskip>Прямо сейчас.,<scr:noskip>Sekarang juga.,<scr:noskip>Ngay bây giờ.,<scr:noskip>Ahora mismo.,<scr:noskip>Sekarang juga.,<scr:noskip>ตอนนี้เลย,<scr:noskip>Agora.
,,,홍시_신년,,1_외침,,,"허?!<cha:pop,홍시_신년>","What?!<cha:pop,홍시_신년>","はっ！？<cha:pop,홍시_신년>","欸？！<cha:pop,홍시_신년>","什麼？！<cha:pop,홍시_신년>","Что?!<cha:pop,홍시_신년>","Apa?!<cha:pop,홍시_신년>","Hả?!<cha:pop,홍시_신년>","¿Oh?<cha:pop,홍시_신년>","Hah?!<cha:pop,홍시_신년>","หา?!<cha:pop,홍시_신년>","Hã?!<cha:pop,홍시_신년>"
,경기 승리,#,MAP,,,,,콜로세움_밤,콜로세움_밤,콜로세움_밤,콜로세움_밤,콜로세움_밤,콜로세움_밤,콜로세움_밤,콜로세움_밤,콜로세움_밤,콜로세움_밤,콜로세움_밤,콜로세움_밤
,,#,BGM,,,,,BGM_UNDERGROUND_JUNGLE,BGM_UNDERGROUND_JUNGLE,BGM_UNDERGROUND_JUNGLE,BGM_UNDERGROUND_JUNGLE,BGM_UNDERGROUND_JUNGLE,BGM_UNDERGROUND_JUNGLE,BGM_UNDERGROUND_JUNGLE,BGM_UNDERGROUND_JUNGLE,BGM_UNDERGROUND_JUNGLE,BGM_UNDERGROUND_JUNGLE,BGM_UNDERGROUND_JUNGLE,BGM_UNDERGROUND_JUNGLE
,,#,홍시_신년,-2,1_외침,,,,,,,,,,,,,,
,,#,니시카와_블랙,2,1_기본,,,,,,,,,,,,,,
,,#,비올라,4,1_항의,,,,,,,,,,,,,,
,,,홍시_신년,,1_외침,,,역시 인정할 수밖에 없다. 실력만큼은 정말 어마어마하군!,I have to admit it. You have incredible skills!,やはり認めざるを得ないな。実力だけは素晴らしいものだ！,不得不承认。这实力确非等闲之辈！,不得不承認，實力確實非常驚人！,Как и ожидалось — прекрасные способности!,Saya mengaku. Kemahiran awak luar biasa!,Không thể không thừa nhận. Chỉ riêng thực lực thôi cũng đã kinh khủng thật!,"No hay duda, hay que admitirlo. ¡Su habilidad es realmente impresionante!","Sepertinya aku memang harus mengakuinya. Setidaknya dari segi kemampuan, dia benar-benar luar biasa.",ต้องยอมรับเลยจริงๆ ฝีมือสุดยอดมาก!,"Preciso admitir... Em habilidade pura, você é realmente assustador."
,,,홍시_신년,,1_외침,,,"‥하지만 소문으로 듣던 <txt:bold,2><txt:color,orange>니시카와</txt:color></txt:bold> 선수와는 어딘가 다르지 않은가?","...but you feel different from the <txt:bold,2><txt:color,orange>Nishikawa</txt:color></txt:bold> I’ve heard about.","⋯だが、噂に聞いた<txt:bold,2><txt:color,orange>西川</txt:color></txt:bold>選手とはどこか違うような？","...不过，怎么感觉和传闻中的<txt:bold,2><txt:color,orange>西川</txt:color></txt:bold>选手不太一样？","...但總覺得跟傳聞中的<txt:bold,2><txt:color,orange>西川</txt:color></txt:bold>選手有些不一樣？","Но почему он как будто отличается от <txt:bold,2><txt:color,orange>Нисикавы</txt:color></txt:bold>, о котором все говорят?","...tetapi rasanya awak tak seperti <txt:bold,2><txt:color,orange>Nishikawa</txt:color></txt:bold> yang saya dengar.","...Nhưng sao lại khác với <txt:bold,2><txt:color,orange>Nishikawa</txt:color></txt:bold> trong lời đồn thế này?","...Pero de alguna manera, no se parece al jugador <txt:bold,2><txt:color,orange>Nishikawa</txt:color></txt:bold> del que había oído hablar, ¿verdad?","...Tapi entah kenapa, dia terasa berbeda dari <txt:bold,2><txt:color,orange>Nishikawa</txt:color></txt:bold> yang sering kudengar dari rumor.","...แต่เหมือนมีบางอย่างแตกต่างกับนักกีฬา<txt:bold,2><txt:color,orange>นิชิกาวะ</txt:color></txt:bold>ที่เคยได้ยินมาเลย?","Mas você não parece o <txt:bold,2><txt:color,orange>Nishikawa</txt:color></txt:bold> dos boatos."
,,,홍시_신년,,1_난처,,quest,"잠깐, 그런데 거리가 원래 이렇게 아무도 없던가?","Wait, was the street always this empty?",ちょっと待て、この通りは元々こんなに人がいなかったか？,等等，但这街上原本就这么空无一人吗？,等一下，這條街原本就這麼空蕩蕩的嗎？,"Погоди, а тут всегда так пусто?","Tunggu, jalan ini memang selalu kosong ke?","Khoan đã, khu vực này vốn vắng vẻ thế sao?","Espera, pero... ¿siempre ha estado tan desierta esta calle?","Bentar, tapi... apa biasanya tempat ini sesepi ini?",เดี๋ยวนะ ปกติที่ถนนไม่มีคนขนาดนี้เลยเหรอ?,Espera... Esse lugar sempre foi tão vazio assim?
,,,홍시_신년,,1_외침,,,"<txt:bold,2>응원하던 관중들도‥. <cha:pop,홍시_신년>모조리 사라진 건가?</txt:bold>","<txt:bold,2>The cheering crowd... <cha:pop,홍시_신년>they’ve all disappeared?!</txt:bold>","<txt:bold,2>応援していた観客たちも...<cha:pop,홍시_신년>みんな消えたのか？</txt:bold>","<txt:bold,2>那些加油助威的观众...<cha:pop,홍시_신년>全都消失了吗？</txt:bold>","<txt:bold,2>連加油的觀眾也...<cha:pop,홍시_신년>全都消失了嗎？</txt:bold>","<txt:bold,2>Все болельщики... <cha:pop,홍시_신년>исчезли?</txt:bold>","<txt:bold,2>Penonton yang bersorak... <cha:pop,홍시_신년>semua dah hilang?!</txt:bold>","<txt:bold,2>Khán giả cổ vũ... <cha:pop,홍시_신년>cũng biến mất hết rồi à?</txt:bold>","<txt:bold,2>¿Incluso los espectadores que animaban... <cha:pop,홍시_신년>todos han desaparecido?</txt:bold>","<txt:bold,2>Para penonton yang tadi bersorak... <cha:pop,홍시_신년>semuanya menghilang?</txt:bold>","<txt:bold,2>ทั้งผู้ชมที่คอยเชียร์... <cha:pop,홍시_신년>ก็หายไปเกลี้ยง?</txt:bold>","<txt:bold,2>Cadê a torcida? <cha:pop,홍시_신년>Cadê todo mundo?</txt:bold>"
,,,홍시_신년,,1_헉,shake,,"니, <txt:bold,2><txt:color,orange>니시카와</txt:color></txt:bold> 선수! 함께 훈련해 줘서 고맙다만 이제 그만‥.","N-<txt:bold,2><txt:color,orange>Nishikawa</txt:color></txt:bold>! Thanks for training with me, but I think that’s enough for now...","に、<txt:bold,2><txt:color,orange>西川</txt:color></txt:bold>選手！一緒に練習してくれて礼を言うぞ。今日はこれくらいで⋯。","西，<txt:bold,2><txt:color,orange>西川</txt:color></txt:bold>选手！虽说很感谢你陪我训练，但也该...","西、<txt:bold,2><txt:color,orange>西川</txt:color></txt:bold>選手！雖然很感謝你陪我練習，但現在先到此...","<txt:bold,2><txt:color,orange>Нисикава</txt:color></txt:bold>! Спасибо за тренировку, я пожалуй пойд...","N-<txt:bold,2><txt:color,orange>Nishikawa</txt:color></txt:bold>! Terima kasih berlatih dengan saya, tetapi saya rasa dah cukup buat masa ini...","Ni, <txt:bold,2><txt:color,orange>Nishikawa</txt:color></txt:bold>! Cảm ơn vì đã cùng tập luyện, nhưng giờ thì...","¡Ni... <txt:bold,2><txt:color,orange>Nishikawa</txt:color></txt:bold>! Gracias por entrenar conmigo, pero ya basta...","Ni, <txt:bold,2><txt:color,orange>Nishikawa</txt:color></txt:bold>! Terima kasih sudah mau berlatih bersamaku, tapi sekarang sebaiknya...","นะ นักกีฬา<txt:bold,2><txt:color,orange>นิชิกาวะ</txt:color></txt:bold>! ขอบใจที่มาฝึกด้วยกันนะ แต่ตอนนี้พอได้...","N-<txt:bold,2><txt:color,orange>Nishikawa</txt:color></txt:bold>! Obrigada por treinar comigo, mas já chega..."
,,,니시카와_블랙,,1_기본,,,<scr:noskip>‥부족해.,<scr:noskip>...It’s not enough.,<scr:noskip>⋯まだ足りない。,<scr:noskip>...不够。,<scr:noskip>...不夠。,<scr:noskip>...Недостаточно.,<scr:noskip>...Tidak cukup.,<scr:noskip>...Chưa đủ.,<scr:noskip>...Es insuficiente.,<scr:noskip>...Masih kurang.,<scr:noskip>...ยังไม่พอ,<scr:noskip>Não é suficiente...
,,,니시카와_블랙,,1_차분,,,<scr:noskip>‥더 강한 녀석을.,<scr:noskip>...I need someone stronger.,<scr:noskip>⋯もっと強い相手を。,<scr:noskip>...更强的家伙。,<scr:noskip>...要更強的人。,<scr:noskip>...Нужен более сильный противник.,<scr:noskip>...Saya perlukan seorang yang lebih kuat.,<scr:noskip>...Cần kẻ mạnh hơn.,<scr:noskip>...Uno más fuerte.,<scr:noskip>...Perlu lawan yang lebih kuat.,<scr:noskip>...ต้องเป็นคนที่แข็งแกร่งอีก,<scr:noskip>Alguém mais forte...
,,,니시카와_블랙,,1_째릿,,,<scr:noskip>‥더‥.,<scr:noskip>...Someone...,<scr:noskip>⋯もっと⋯。,<scr:noskip>...更...,<scr:noskip>...更...,<scr:noskip>...Сильнее...,<scr:noskip>...Seorang...,<scr:noskip>...Mạnh hơn nữa...,<scr:noskip>...Más...,<scr:noskip>...Lebih...,<scr:noskip>...ยิ่งกว่านี้...,<scr:noskip>Mais...
,,,니시카와_블랙,,1_째릿+,,,<scr:noskip>‥누구보다 강한 녀석을‥.,<scr:noskip>...stronger than anyone...,<scr:noskip>⋯誰よりも強い奴を⋯。,<scr:noskip>...比任何人都强的家伙...,<scr:noskip>...比任何人都強的人...,<scr:noskip>...Сильнее всех...,<scr:noskip>...lebih kuat daripada semua...,<scr:noskip>...Kẻ mạnh nhất trong tất cả...,<scr:noskip>...Alguien más fuerte que nadie...,<scr:noskip>...Lebih tangguh dari siapapun...,<scr:noskip>...คนที่แข็งแกร่งยิ่งกว่าใคร...,<scr:noskip>O mais forte de todos...
,,,홍시_신년,,1_난처,pause,quest,응?,Huh?,うん？,嗯？,嗯？,Что?,Hah?,Hả?,¿Eh?,Eh?,หืม?,Hã?
,,,니시카와_블랙,,1_기본,,,<scr:noskip>‥강해지길‥. 기대하고 있어.,<scr:noskip>...I’m hoping you’ll get stronger.,<scr:noskip>⋯強くなるのを⋯期待しているぞ。,<scr:noskip>...变强吧...我期待着。,<scr:noskip>...期待...變得更強。,"<scr:noskip>...Надеюсь, ты становишься сильнее...",<scr:noskip>...Saya berharap awak akan menjadi lebih kuat.,<scr:noskip>...Tôi đang chờ cậu mạnh lên...,<scr:noskip>...Espero que te vuelvas más fuerte.,<scr:noskip>...Aku menunggu... saat ia menjadi lebih tangguh.,<scr:noskip>...ฉันรอให้นาย... แข็งแกร่งขึ้นอยู่นะ,<scr:noskip>Estou ansioso para que... você fique mais forte.
,,,니시카와_블랙,,1_째릿+,,,"<scr:noskip>‥<txt:bold,2><txt:color,orange>백시우</txt:color></txt:bold>‥.","<scr:noskip>...<txt:bold,2><txt:color,orange>Siwoo Baek</txt:color></txt:bold>...","<scr:noskip>...<txt:bold,2><txt:color,orange>白井新</txt:color></txt:bold>...。","<scr:noskip>...<txt:bold,2><txt:color,orange>白时宇</txt:color></txt:bold>...","<scr:noskip>...<txt:bold,2><txt:color,orange>白時宇</txt:color></txt:bold>...","<scr:noskip>...<txt:bold,2><txt:color,orange>Бэк Шиу</txt:color></txt:bold>...","<scr:noskip>...<txt:bold,2><txt:color,orange>Siwoo Baek</txt:bold></txt:color>.","<scr:noskip>...<txt:bold,2><txt:color,orange>Baek Siwoo</txt:color></txt:bold>...","<scr:noskip>...<txt:bold,2><txt:color,orange>Siwoo Baek</txt:color></txt:bold>...","<scr:noskip>...<txt:bold,2><txt:color,orange>Siwoo Baek</txt:color></txt:bold>...","<scr:noskip>...<txt:bold,2><txt:color,orange>แบคชีอู</txt:color></txt:bold>...","<scr:noskip>Si... <txt:bold,2><txt:color,orange>Siwoo Baek</txt:color></txt:bold>..."
,,,홍시_신년,,1_외침,pause,,"‥<txt:bold,2><txt:color,orange>백시우</txt:color></txt:bold>? 그대도‥ <txt:bold,2><txt:color,orange>백시우</txt:color></txt:bold>에 대해 뭔가 알고 있는 건가?!","<txt:bold,2><txt:color,orange>Siwoo Baek</txt:color></txt:bold>...? You know something about <txt:bold,2><txt:color,orange>Siwoo Baek</txt:color></txt:bold>?!","...<txt:bold,2><txt:color,orange>白井新</txt:color></txt:bold>？西川選手も...<txt:bold,2><txt:color,orange>白井新</txt:color></txt:bold>について何か知ってるのか！？","...<txt:bold,2><txt:color,orange>白时宇</txt:color></txt:bold>？难道你...也知道关于<txt:bold,2><txt:color,orange>白时宇</txt:color></txt:bold>的事吗？！","...<txt:bold,2><txt:color,orange>白時宇</txt:color></txt:bold>？你也...知道關於<txt:bold,2><txt:color,orange>白時宇</txt:color></txt:bold>的事嗎？！","...<txt:bold,2><txt:color,orange>Бэк Шиу</txt:color></txt:bold>? Ты тоже... что-то знаешь про <txt:bold,2><txt:color,orange>Бэк Шиу</txt:color></txt:bold>?!","<txt:bold,2><txt:color,orange>Siwoo Baek</txt:color></txt:bold>...? Awak tahu sesuatu tentang <txt:bold,2><txt:color,orange>Siwoo Baek</txt:color></txt:bold>?!","...<txt:bold,2><txt:color,orange>Baek Siwoo</txt:color></txt:bold>? Cậu cũng... biết gì về <txt:bold,2><txt:color,orange>Baek Siwoo</txt:color></txt:bold> sao?!","...<txt:bold,2><txt:color,orange>Siwoo Baek</txt:color></txt:bold>? Tú también... ¿sabes algo sobre <txt:bold,2><txt:color,orange>Siwoo Baek</txt:color></txt:bold>?","...<txt:bold,2><txt:color,orange>Siwoo Baek</txt:color></txt:bold>? Apa kamu juga... tahu sesuatu tentang <txt:bold,2><txt:color,orange>Siwoo Baek</txt:color></txt:bold>?!","...<txt:bold,2><txt:color,orange>แบคชีอู</txt:color></txt:bold>? นาย... รู้อะไรบางอย่างเกี่ยวกับ<txt:bold,2><txt:color,orange>แบคชีอู</txt:color></txt:bold>งั้นเหรอ?!","Oi? <txt:bold,2><txt:color,orange>Siwoo Baek</txt:color></txt:bold>? Você também... sabe algo sobre o <txt:bold,2><txt:color,orange>Siwoo Baek</txt:color></txt:bold>?!"
,,,-,,,,,"<txt:color,grey>(대답은 돌아오지 않는다.)</txt:color>","<txt:color,grey>(There’s no reply.)</txt:color>","<txt:color,grey>(返事は返ってこない)</txt:color>","<txt:color,grey>（没有回应。）</txt:color>","<txt:color,grey>(沒有得到任何回應。)</txt:color>","<txt:color,grey>(Без ответа.)</txt:color>","<txt:color,grey>(Tiada jawapan.)</txt:color>","<txt:color,grey>(Không có câu trả lời nào.)</txt:color>","<txt:color,grey>(La respuesta no llega.)</txt:color>","<txt:color,grey>(Tidak terdengar jawaban darinya.)</txt:color>","<txt:color,grey>(ไม่มีคำตอบกลับมา)</txt:color>","<txt:color,grey>(Não há resposta.)</txt:color>"
,,,-,,,,,"<txt:color,grey>(어느샌가 그는 비틀거리며 <txt:bold,2>콜로세움</txt:bold> 밖으로 걸어 나가고 있다.)</txt:color>","<txt:color,grey>(Before I know it, he’s staggering out of the <txt:bold,2>Colosseum</txt:bold>.)</txt:color>","<txt:color,grey>(いつの間にか彼はふらつきながら<txt:bold,2>コロッセオ</txt:bold>の外へと歩き出す)</txt:color>","<txt:color,grey>（不知何时，他已步履蹒跚地向<txt:bold,2>竞技场</txt:bold>外走去。）</txt:color>","<txt:color,grey>(不知何時，他已經踉踉蹌蹌地走出了<txt:bold,2>競技場</txt:bold>。)</txt:color>","<txt:color,grey>(Нисикава медленно бредет за пределы <txt:bold,2>Колизея</txt:bold>.)</txt:color>","<txt:color,grey>(Sebelum saya sedar, dia terhuyung-hayang keluar dari <txt:bold,2>Colosseum</txt:bold>.)</txt:color>","<txt:color,grey>(Từ lúc nào đó, hắn đã lảo đảo bước ra khỏi <txt:bold,2>Đấu Trường</txt:bold>.)</txt:color>","<txt:color,grey>(En algún momento, él comienza a tambalearse mientras sale del <txt:bold,2>Coliseo.</txt:bold>)</txt:color>","<txt:color,grey>(Tanpa kusadari, dia berjalan sempoyongan keluar dari <txt:bold,2>Colosseum</txt:bold>.)</txt:color>","<txt:color,grey>(แล้วเขาก็เดินโซเซออกไปนอก<txt:bold,2>โคลอสเซียม</txt:bold>)</txt:color>","<txt:color,grey>(Num instante, ele já está saindo do <txt:bold,2>Coliseu</txt:bold>, cambaleando.)</txt:color>"
,,,홍시_신년,,1_외침,,,"자, 잠깐! 기다리게! 아직 얘기가 안 끝났단 말이다!",W-wait! Hold on! We’re not done talking!,ま、待て！待つんだ！話はまだ終わってないぞ！,等，等等！请留步！话还没说完呢！,喂、等一下！請留步！我話還沒說完呢！,"Эй, минутку! Мы же еще не закончили разговор!",N-nanti! Tunggu sebentar! Kita belum habis bercakap!,Chờ đã! Đợi tôi với! Chuyện vẫn chưa xong mà!,¡Espera un momento! ¡No hemos terminado de hablar todavía!,T-tunggu! Jangan pergi! Pembicaraan kita belum selesai!,ดะ เดี๋ยวก่อน! รอก่อนสิ! ฉันยังพูดไม่จบเลย!,"Ei, espera! Ainda não terminamos de falar!"
,,,-,,,,,"<txt:color,grey>(뒤쫓는다. 그러나 두 사람 사이의 거리는 줄어들지 않는다.)</txt:color>","<txt:color,grey>(She chases after him. But the distance between them doesn’t close.)</txt:color>","<txt:color,grey>(追いかけるが、二人の距離は縮まらない)</txt:color>","<txt:color,grey>（追了上去。但两人的距离却丝毫没有缩短。）</txt:color>","<txt:color,grey>(追了上去，然而兩人的距離卻絲毫沒有縮短。)</txt:color>","<txt:color,grey>(Пытается догнать, но расстояние между ними не уменьшается.)</txt:color>","<txt:color,grey>(Dia mengejarnya. Tetapi jarak antara mereka tidak berkurang.)</txt:color>","<txt:color,grey>(Dù đuổi theo, nhưng khoảng cách giữa hai người không hề rút ngắn.)</txt:color>","<txt:color,grey>Hongsi lo sigue. Sin embargo, la distancia entre ambos no disminuye.</txt:color>","<txt:color,grey>(Aku mengejarnya. Tapi jarak di antara kita sama sekali tidak berkurang.)</txt:color>","<txt:color,grey>(แม้จะไล่ตามหลังไป แต่ระยะห่างของทั้งสองคนกลับไม่ลดลง)</txt:color>","<txt:color,grey>(Ela corre atrás de Nishikawa, mas não consegue alcançá-lo.)</txt:color>"
,,,홍시_신년,,1_헉,,exclam,"분명 바로 앞에 있는데‥. <wrt:wait,30>어째서 거리가 좁혀지지 않는 거지?!","He’s right in front of me... <wrt:wait,30>So why can’t I catch up?!","すぐ目の前にいるはずなのに...<wrt:wait,30>どうして距離が縮まらないのだ！？","明明就在眼前...<wrt:wait,30>为什么怎么都追不上？！","明明就在正前方...<wrt:wait,30>為什麼距離就是拉不近呢？！","Он же был прямо перед моим носом... <wrt:wait,30>Почему я не могу его догнать?","Dia di depan saya saja... <wrt:wait,30>Kenapa saya tak dapat kejar?!","Rõ ràng ngay trước mắt mà... <wrt:wait,30>sao lại không thể đuổi kịp?!","Está justo delante de mí... <wrt:wait,30>¿por qué no logro acercarme?!","Padahal dia berada tepat di depanku... <wrt:wait,30>Tapi mengapa jarak antara kita tidak menipis?!","อยู่ตรงหน้าแท้ๆ... <wrt:wait,30>แต่ทำไมระยะห่างถึงไม่ลดลงเลยล่ะ?!","Ele tá bem na minha frente... <wrt:wait,30>então por que eu não consigo alcançá-lo?!"
,,,홍시_신년,,1_외침,,,"<txt:bold,2><txt:color,orange>니시카와</txt:color></txt:bold>!","<txt:bold,2><txt:color,orange>Nishikawa</txt:color></txt:bold>!","<txt:bold,2><txt:color,orange>西川</txt:color></txt:bold>！","<txt:bold,2><txt:color,orange>西川</txt:color></txt:bold>！","<txt:bold,2><txt:color,orange>西川</txt:color></txt:bold>！","<txt:bold,2><txt:color,orange>Нисикава</txt:color></txt:bold>!","...<txt:bold,2><txt:color,orange>Nishikawa</txt:color></txt:bold>?","<txt:bold,2><txt:color,orange>Nishikawa</txt:color></txt:bold>!","¡<txt:bold,2><txt:color,orange>Nishikawa</txt:color></txt:bold>!","<txt:bold,2><txt:color,orange>Nishikawa</txt:color></txt:bold>!","<txt:bold,2><txt:color,orange>นิชิกาวะ</txt:color></txt:bold>!","<txt:bold,2><txt:color,orange>Nishikawa</txt:color></txt:bold>!"
,,,니시카와_블랙,,1_기본,,,<scr:noskip>‥전부 쏟아내고 싶어.,<scr:noskip>...I want to let it all out.,<scr:noskip>⋯すべてを出し切る試合をしたい⋯。,<scr:noskip>...我想倾泻一切。,<scr:noskip>...好想全部傾瀉出來。,"<scr:noskip>...Я все, что угодно отдам.",<scr:noskip>...Saya mahu meluahkan semuanya.,<scr:noskip>...Muốn trút hết ra.,<scr:noskip>...Quiero darlo todo.,<scr:noskip>...Ingin menumpahkan semuanya.,<scr:noskip>...ฉันอยากปลดปล่อยออกมาให้หมด,<scr:noskip>Quero dar tudo de mim...
,,,니시카와_블랙,,1_째릿+,,,<scr:noskip>‥경기 중엔.,<scr:noskip>...Because...,<scr:noskip>⋯試合中だけは。,<scr:noskip>...在比赛中。,<scr:noskip>...在比賽的時候。,<scr:noskip>...Ведь на матче...,<scr:noskip>...Semasa bermain...,<scr:noskip>...Trong lúc thi đấu.,<scr:noskip>...Durante el partido.,<scr:noskip>...Dalam pertandingan.,<scr:noskip>...ในการแข่งขัน,<scr:noskip>Durante o jogo...
,,,니시카와_블랙,,1_차분,,,<scr:noskip>‥잊을 수 있으니까.,<scr:noskip>...I can only forget these damn eyes,<scr:noskip>⋯忘れられるから。,<scr:noskip>...因为那样就能忘记。,<scr:noskip>...因為那樣就能忘掉。,<scr:noskip>...Забываешь.,<scr:noskip>...saya boleh melupakannya.,<scr:noskip>...Vì có thể quên đi.,<scr:noskip>...Porque entonces puedo olvidarlo.,<scr:noskip>...Untuk melupakan.,<scr:noskip>...เพราะตอนนั้นฉันลืมมันไปได้,<scr:noskip>Porque assim eu consigo esquecer...
,,,니시카와_블랙,,1_괴로움,,,<scr:noskip>‥지긋지긋한 이 눈을.,<scr:noskip>...when I’m playing.,<scr:noskip>⋯この忌々しい目を。,<scr:noskip>...这双令人厌烦的眼睛。,<scr:noskip>...這雙令人厭惡的眼睛。,<scr:noskip>...Этот раздражающий взгляд.,<scr:noskip>...Mata yang sangat saya benci ini.,<scr:noskip>...Ánh mắt đáng ghét này.,<scr:noskip>...Estos ojos tan molestos.,<scr:noskip>...Mata yang memuakkan ini.,<scr:noskip>...ดวงตาน่าเบื่อหน่ายนี่,<scr:noskip>Este maldito olhar...
,,,홍시_신년,,1_외침,,,대체 무슨 말인가?!,What are you talking about?!,一体何の話だ！？,你到底在说什么？！,你到底在說什麼？！,О чем ты?!,Apa yang awak cakapkan ni?!,Rốt cuộc là cậu đang nói gì vậy?!,¡¿Qué quieres decir con eso?!,Apa yang sedang kamu bicarakan?!,หมายความว่าอะไรกันแน่เนี่ย?!,Do que você tá falando?!
,,,홍시_신년,0,1_외침,,,"<txt:bold,2><txt:shake,1>내 말 좀—!!</txt:bold></txt:shake>","<txt:bold,2><txt:shake,1>Hey, listen to me—!</txt:bold></txt:shake>","<txt:bold,2><txt:shake,1>私の話を聞けー！！</txt:bold></txt:shake>","<txt:bold,2><txt:shake,1>听我说——！！</txt:bold></txt:shake>","<txt:bold,2><txt:shake,1>可以聽我說話嗎！！</txt:bold></txt:shake>","<txt:bold,2><txt:shake,1>Послушай меня!!</txt:bold></txt:shake>","<txt:bold,2><txt:shake,1>Hei, dengar saya—!</txt:bold></txt:shake>","<txt:bold,2><txt:shake,1>Nghe tôi nói đã!!</txt:bold></txt:shake>","<txt:bold,2><txt:shake,1>¡Escúchame! </txt:bold></txt:shake>","<txt:bold,2><txt:shake,1>Coba jawab aku—!!</txt:bold></txt:shake>","<txt:bold,2><txt:shake,1>ช่วยฟังฉัน—!!</txt:bold></txt:shake>","<txt:bold,2><txt:shake,1>Me escuta!</txt:bold></txt:shake>"
,,,-,,,,,"<eff:shake,2><txt:bold,2><txt:size,2><txt:color,grey>(쿠당탕!!)</txt:color></txt:size></txt:bold>","<eff:shake,2><txt:bold,2><txt:size,2><txt:color,grey>(Crash!)</txt:color></txt:size></txt:bold>","<eff:shake,2><txt:bold,2><txt:size,2><txt:color,grey>(バタバタ！！)</txt:color></txt:size></txt:bold>","<eff:shake,2><txt:bold,2><txt:size,2><txt:color,grey>（咣当！！）</txt:color></txt:size></txt:bold>","<eff:shake,2><txt:bold,2><txt:size,2><txt:color,grey>(砰咚！！)</txt:color></txt:size></txt:bold>","<eff:shake,2><txt:bold,2><txt:size,2><txt:color,grey>(Ту-дум!!)</txt:color></txt:size></txt:bold>","<eff:shake,2><txt:bold,2><txt:size,2><txt:color,grey>(Dentuman!)</txt:color></txt:size></txt:bold>","<eff:shake,2><txt:bold,2><txt:size,2><txt:color,grey>*Rầm*</txt:color></txt:size></txt:bold>","<eff:shake,2><txt:bold,2><txt:size,2><txt:color,grey>(¡Crash!!)</txt:color></txt:size></txt:bold>","<eff:shake,2><txt:bold,2><txt:size,2><txt:color,grey>(Brak!!)</txt:color></txt:size></txt:bold>","<eff:shake,2><txt:bold,2><txt:size,2><txt:color,grey>(โครม!!)</txt:color></txt:size></txt:bold>","<eff:shake,2><txt:bold,2><txt:size,2><txt:color,grey>(Bam!)</txt:color></txt:size></txt:bold>"
,,,TAG,,,,,"<cha:pos,니시카와_블랙,4>","<cha:pos,니시카와_블랙,4>","<cha:pos,니시카와_블랙,4>","<cha:pos,니시카와_블랙,4>","<cha:pos,니시카와_블랙,4>","<cha:pos,니시카와_블랙,4>","<cha:pos,니시카와_블랙,4>","<cha:pos,니시카와_블랙,4>","<cha:pos,니시카와_블랙,4>","<cha:pos,니시카와_블랙,4>","<cha:pos,니시카와_블랙,4>","<cha:pos,니시카와_블랙,4>"
,,,홍시_신년,,1_난처,nervous,,"<txt:shake,1>으아악!! 아팟!</txt:shake>","<txt:shake,1>Ow! That hurts!</txt:shake>","<txt:shake,1>ううっ！！いたっ！</txt:shake>","<txt:shake,1>哇啊啊！！好痛！</txt:shake>","<txt:shake,1>哇啊啊！！好痛！</txt:shake>","<txt:shake,1>А-а!! Как больно!</txt:shake>","<txt:shake,1>Aduh! Sakitnya!</txt:shake>","<txt:shake,1>Đau! Đau quá!</txt:shake>","<txt:shake,1>¡Aaah!! ¡Me duele!</txt:shake>","<txt:shake,1>Aduh!! Sakit!</txt:shake>","<txt:shake,1>อ๊ากก!! เจ็บจัง!</txt:shake>","<txt:shake,1>Aaah! Isso doeu!</txt:shake>"
,,,홍시_신년,,1_난처,nervous,quest,"뭔가가 발을‥. <wrt:wait,30>붙잡은 것만 같은데‥.","Something just... <wrt:wait,30>grabbed my foot...","何かが足を...<wrt:wait,30>掴んだような気が...。","好像有什么东西...<wrt:wait,30>抓住了我的脚...","感覺好像有什麼東西...<wrt:wait,30>抓住了我的腳...","Мою ногу... <wrt:wait,30>Кто-то держит...","Ada benda... <wrt:wait,30>memegang kaki saya...","Cứ như có thứ gì đó... <wrt:wait,30>nắm lấy chân tôi vậy...","Siento como si algo... <wrt:wait,30>me estuviera agarrando el pie...","Sepertinya ada sesuatu... <wrt:wait,30>yang menarik kakiku...","เหมือนมีอะไรบางอย่าง... <wrt:wait,30>ฉุดรั้งเท้าไว้เลย...","Parece que... <wrt:wait,30>alguma coisa agarrou meu pé..."
,,,홍시_신년,,1_헉,nervous,,"기다려라! <txt:size,-1>기다려‥</txt:size>.","Wait! <txt:size,-1>Please wait...</txt:size>","待て！<txt:size,-1>待ってく...</txt:size>","别走！<txt:size,-1>等等...</txt:size>","等等！<txt:size,-1>等...</txt:size>","Подожди! <txt:size,-1>Не уходи...</txt:size>","Tunggu! <txt:size,-1>Tolong tunggu...</txt:size>","Đợi đã... <txt:size,-1>đợi...</txt:size>","¡Espera...! <txt:size,-1>Espera...</txt:size>","Tunggu sebentar! <txt:size,-1>Tungg...</txt:size>","รอก่อนสิ! <txt:size,-1>รอก่อน...</txt:size>","Espera! <txt:size,-1>Espera aí...</txt:size>"
,,,홍시_신년,,1_헉,nervous,silent,"<txt:shake,1>으으‥. <wrt:wait,30><txt:size,-1>갑자기 왜 이렇게</txt:size> <txt:size,-2>졸음이 쏟아지는 거지‥</txt:size></txt:shake>.","<txt:shake,1>Ugh... <wrt:wait,30><txt:size,-1>Why am I suddenly</txt:size> <txt:size,-2>so sleepy...</txt:size></txt:shake>","<txt:shake,1>うう...<wrt:wait,30><txt:size,-1>どうして急に</txt:size><txt:size,-2>眠気が襲ってくるんだ...。</txt:size></txt:shake>","<txt:shake,1>唔唔...<wrt:wait,30><txt:size,-1>怎么突然</txt:size><txt:size,-2>这么困...</txt:size></txt:shake>","<txt:shake,1>唔唔...<wrt:wait,30><txt:size,-1>為什麼突然</txt:size><txt:size,-2>這麼睏...</txt:size></txt:shake>","<txt:shake,1>Ох... <wrt:wait,30><txt:size,-1>Почему вдруг</txt:size> <txt:size,-2>так спать захотелось...</txt:size></txt:shake>","<txt:shake,1>Ugh... <wrt:wait,30><txt:size,-1>Kenapa tiba-tiba</txt:size> <txt:size,-2>rasa mengantuk...</txt:size></txt:shake>","<txt:shake,1>Ư... <wrt:wait,30><txt:size,-1>Sao tự nhiên...</txt:size> <txt:size,-2>cơn buồn ngủ lại ập tới thế này...</txt:size></txt:shake>","<txt:shake,1>Ugh... <wrt:wait,30><txt:size,-1>¿por qué de </txt:size> <txt:size,-2>repente me da tanto sueño...?</txt:size></txt:shake>","<txt:shake,1>Urgghh... <wrt:wait,30><txt:size,-1>Mengapa aku tiba-tiba</txt:size> <txt:size,-2>merasa ngantuk...</txt:size></txt:shake>","<txt:shake,1>อือ... <wrt:wait,30><txt:size,-1>ทำไมจู่ๆ ถึง</txt:size><txt:size,-2>ง่วงขึ้นมาแบบนี้นะ...</txt:size></txt:shake>","<txt:shake,1>Ugh... <wrt:wait,30><txt:size,-1>Tô ficando com muito sono</txt:size><txt:size,-2>...</txt:size></txt:shake>"
,,,TAG,,,,,"<eff:black,3><sys:quiet,1000>","<eff:black,3><sys:quiet,1000>","<eff:black,3><sys:quiet,1000>","<eff:black,3><sys:quiet,1000>","<eff:black,3><sys:quiet,1000>","<eff:black,3><sys:quiet,1000>","<eff:black,3><sys:quiet,1000>","<eff:black,3><sys:quiet,1000>","<eff:black,3><sys:quiet,1000>","<eff:black,3><sys:quiet,1000>","<eff:black,3><sys:quiet,1000>","<eff:black,3><sys:quiet,1000>"
,,,TAG,,,,,"<sys:qmap,암전><cha:qpos,홍시_신년,-4></sys:nogui,리모컨>","<sys:qmap,암전><cha:qpos,홍시_신년,-4></sys:nogui,리모컨>","<sys:qmap,암전><cha:qpos,홍시_신년,-4></sys:nogui,리모컨>","<sys:qmap,암전><cha:qpos,홍시_신년,-4></sys:nogui,리모컨>","<sys:qmap,암전><cha:qpos,홍시_신년,-4></sys:nogui,리모컨>","<sys:qmap,암전><cha:qpos,홍시_신년,-4></sys:nogui,리모컨>","<sys:qmap,암전><cha:qpos,홍시_신년,-4></sys:nogui,리모컨>","<sys:qmap,암전><cha:qpos,홍시_신년,-4></sys:nogui,리모컨>","<sys:qmap,암전><cha:qpos,홍시_신년,-4></sys:nogui,리모컨>","<sys:qmap,암전><cha:qpos,홍시_신년,-4></sys:nogui,리모컨>","<sys:qmap,암전><cha:qpos,홍시_신년,-4></sys:nogui,리모컨>","<sys:qmap,암전><cha:qpos,홍시_신년,-4></sys:nogui,리모컨>"
,,,비올라,,1_항의,,,"<txt:color,violet>일어나! 일어나라니까!</txt:color>","<txt:color,violet>Wake up! Hey, wake up!</txt:color>","<txt:color,violet>起きて！起きなさいってば！</txt:color>","<txt:color,violet>醒醒！快醒醒！</txt:color>","<txt:color,violet>起來！快點起來啦！</txt:color>","<txt:color,violet>Вставай! Ну же!</txt:color>","<txt:color,violet>Bangun! Hei, bangun!</txt:color>","<txt:color,violet>Dậy đi! Dậy mau lên!</txt:color>","<txt:color,violet>¡Levántate! ¡Te digo que te levantes!</txt:color>","<txt:color,violet>Bangun! Cepat bangun!</txt:color>","<txt:color,violet>ตื่นสิ! บอกให้ตื่นไง!</txt:color>","<txt:color,violet>Ei, acorda!</txt:color>"
,,,TAG,,,,,"<eff:black,3>","<eff:black,3>","<eff:black,3>","<eff:black,3>","<eff:black,3>","<eff:black,3>","<eff:black,3>","<eff:black,3>","<eff:black,3>","<eff:black,3>","<eff:black,3>","<eff:black,3>"
,,,TAG,,,,,"<sys:qmap,콜로세움>","<sys:qmap,콜로세움>","<sys:qmap,콜로세움>","<sys:qmap,콜로세움>","<sys:qmap,콜로세움>","<sys:qmap,콜로세움>","<sys:qmap,콜로세움>","<sys:qmap,콜로세움>","<sys:qmap,콜로세움>","<sys:qmap,콜로세움>","<sys:qmap,콜로세움>","<sys:qmap,콜로세움>"
,,,TAG,,,,,"<cha:qpos,홍시_신년,-2><cha:qpos,비올라,2>","<cha:qpos,홍시_신년,-2><cha:qpos,비올라,2>","<cha:qpos,홍시_신년,-2><cha:qpos,비올라,2>","<cha:qpos,홍시_신년,-2><cha:qpos,비올라,2>","<cha:qpos,홍시_신년,-2><cha:qpos,비올라,2>","<cha:qpos,홍시_신년,-2><cha:qpos,비올라,2>","<cha:qpos,홍시_신년,-2><cha:qpos,비올라,2>","<cha:qpos,홍시_신년,-2><cha:qpos,비올라,2>","<cha:qpos,홍시_신년,-2><cha:qpos,비올라,2>","<cha:qpos,홍시_신년,-2><cha:qpos,비올라,2>","<cha:qpos,홍시_신년,-2><cha:qpos,비올라,2>","<cha:qpos,홍시_신년,-2><cha:qpos,비올라,2>"
,,,홍시_신년,,1_난처,,,"으, <wrt:wait,30>으음‥. <wrt:wait,30>여긴‥?","Ugh... <wrt:wait,30>Mmm... <wrt:wait,30>Where am I...?","うっ...<wrt:wait,30>うーん...<wrt:wait,30>ここは...？","唔...<wrt:wait,30>唔嗯...<wrt:wait,30>这里是...？","唔...<wrt:wait,30>唔唔...<wrt:wait,30>這裡是...？","Ч... <wrt:wait,30>Что... <wrt:wait,30>Где я...?","Ugh... <wrt:wait,30>Mmm... <wrt:wait,30>Di mana saya...?","Ư... <wrt:wait,30>ưm... <wrt:wait,30>Đây là...?","Ugh...<wrt:wait,30> hmm... ¿Dónde... <wrt:wait,30>estoy?","Urggh... <wrt:wait,30>Hmm... <wrt:wait,30>Tempat ini kan...?","อือ... <wrt:wait,30>อืม... <wrt:wait,30>ที่นี่คือ...?","Ugh... <wrt:wait,30>hã... <wrt:wait,30>Onde eu tô?"
,,,비올라,,1_항의,,,괜찮아? 이런 데에서 자면 어떡해! 사람들이 다 쳐다보고 있잖아.,Are you okay? You shouldn’t be sleeping here! Everyone’s staring at you.,大丈夫？こんなところで寝てちゃあぶないじゃない！みんなじろじろ見てるよ。,你没事吧？怎么能在这种地方睡觉！大家都在看你呢。,沒事吧？怎麼在這種地方睡覺啦！大家都在看耶。,Ты в порядке? Как ты могла заснуть в таком месте? Все смотрят.,Awak okay? Awak tak patut tidur di sini! Semua orang pandang awak.,Không sao chứ? Sao lại ngủ ở chỗ thế này! Mọi người đang nhìn hết kìa.,¿Estás bien? ¡¿Cómo puedes dormir en un lugar así?! ¡Todos te están mirando!,Apa kau baik-baik saja? Kenapa kamu tidur ditempat seperti ini! Kamu dilihatin semua orang.,เป็นอะไรรึเปล่า? มานอนอยู่ในที่แบบนี้ได้ยังไงเล่า! คนเขามองกันหมด,Você tá bem? Não dorme num lugar desses! Tá todo mundo olhando!
,,,홍시_신년,,1_헉,,,"잤다고‥? <wrt:wait,30>내가?","What...? <wrt:wait,30>I fell asleep...?","寝てたって...？<wrt:wait,30>私が？","睡觉...？<wrt:wait,30>我吗？","睡覺...？<wrt:wait,30>我嗎？","Заснула...? <wrt:wait,30>Я?","Apa...? <wrt:wait,30>Saya tertidur...?","Ngủ á...? <wrt:wait,30>Tôi sao?","¿Dormí...? <wrt:wait,30>¿Yo?","Aku...? <wrt:wait,30>Tertidur?","นอนงั้นเหรอ...? <wrt:wait,30>ฉันเนี่ยนะ?","O quê? <wrt:wait,30>Eu dormi?"
,,,홍시_신년,,1_발랄,,,"아, 아니‥. 조금 전까지 분명‥.","Wait, I’m sure I was just...",い、いや...確かにさっきまで...。,不，不对...刚才明明...,不、不是...剛才明明...,"Нет, я же только что...","Tunggu, kan saya baru saja...","À, không... rõ ràng vừa nãy còn...","Ah, no... hasta hace un momento, seguro que...",B-bukan... Sampai barusan aku yakin aku sedang...,มะ ไม่นะ... เมื่อกี้ฉัน...,N-não pode ser... Até agora há pouco eu tinha certeza de que...
,,,홍시_신년,,1_외침,,quest,"<wrt:delay,5>‥<wrt:wait,30>내가 뭘 했더라?</wrt:delay>","<wrt:delay,5>...<wrt:wait,30>What was I doing again?</wrt:delay>","<wrt:delay,5>...<wrt:wait,30>何をしてたんだ？</wrt:delay>","<wrt:delay,5>...<wrt:wait,30>我在做什么来着？</wrt:delay>","<wrt:delay,5>...<wrt:wait,30>我剛才做了什麼？</wrt:delay>","<wrt:delay,5>...<wrt:wait,30>А что я делала?</wrt:delay>","<wrt:delay,5>...<wrt:wait,30>Apa yang saya buat tadi?</wrt:delay>","<wrt:delay,5>...<wrt:wait,30>Mà tôi đã làm gì nhỉ?</wrt:delay>","<wrt:delay,5>...<wrt:wait,30>¿Qué fue lo que hice?</wrt:delay>","<wrt:delay,5>...<wrt:wait,30>Apa yang sedang aku lakukan tadi?</wrt:delay>","<wrt:delay,5>...<wrt:wait,30>ฉันทำอะไรแล้วล่ะ?</wrt:delay>","<wrt:delay,5>Calma... <wrt:wait,30>O que eu tava fazendo mesmo?</wrt:delay>"
,,,비올라,,1_난처,,,"어휴, 밤새 <txt:bold,2>콜로세움</txt:bold>을 헤매다 잠들어버린 거 아니야?<sys:bgm,BGM_MEET_SIWOO,1000>","Geez, did you wander around the <txt:bold,2>Colosseum</txt:bold> all night and fall asleep?<sys:bgm,BGM_MEET_SIWOO,1000>","はぁ、一晩中<txt:bold,2>コロッセオ</txt:bold>で迷って、そのまま寝ちゃったんじゃないの？<sys:bgm,BGM_MEET_SIWOO,1000>","唉，你该不会是在<txt:bold,2>竞技场</txt:bold>转悠了一整夜，结果睡着了吧？<sys:bgm,BGM_MEET_SIWOO,1000>","哎呀，該不會是在<txt:bold,2>競技場</txt:bold>晃了一整晚，最後累到睡著了吧？<sys:bgm,BGM_MEET_SIWOO,1000>","Наверное, слонялась по <txt:bold,2>Колизею</txt:bold> всю ночь, вот и вырубилась, нет?<sys:bgm,BGM_MEET_SIWOO,1000>","Aduh, awak merayau-rayu di <txt:bold,2>Colosseum</txt:bold> sepanjang malam dan tertidur?<sys:bgm,BGM_MEET_SIWOO,1000>","Trời ạ, đừng nói là đi khắp <txt:bold,2>Đấu Trường</txt:bold> suốt đêm rồi ngủ gục luôn á?<sys:bgm,BGM_MEET_SIWOO,1000>","Uf, ¿no será que estuviste vagando por el <txt:bold,2>Coliseo</txt:bold> toda la noche y te quedaste dormida?<sys:bgm,BGM_MEET_SIWOO,1000>","Aduh, jangan bilang kamu ketiduran setelah keluyuran di <txt:bold,2>Colosseum</txt:bold> dari kemarin malam?<sys:bgm,BGM_MEET_SIWOO,1000>","เฮ้อ ไม่ใช่ว่าเธอตระเวนไปทั่ว<txt:bold,2>โคลอสเซียม</txt:bold>ทั้งคืน แล้วก็เผลอหลับไปเหรอ?<sys:bgm,BGM_MEET_SIWOO,1000>","Vai ver você ficou vagando pelo <txt:bold,2>Coliseu</txt:bold> a noite toda e acabou apagando.<sys:bgm,BGM_MEET_SIWOO,1000>"
,,,비올라,,1_다급함,,,"<txt:bold,2><txt:color,orange>백시우</txt:color></txt:bold>를 찾겠다고 뛰쳐나가는 바람에 걱정했어.","You ran off to find <txt:bold,2><txt:color,orange>Siwoo Baek</txt:color></txt:bold>, so I was worried.","<txt:bold,2><txt:color,orange>白井新</txt:color></txt:bold>を探すって飛び出しちゃうから、心配したんだよ。","你嚷着要去找<txt:bold,2><txt:color,orange>白时宇</txt:color></txt:bold>就冲了出去，害得我好担心。","妳突然嚷嚷著要找<txt:bold,2><txt:color,orange>白時宇</txt:color></txt:bold>就衝出去，害我好擔心喔。","Я уже стала переживать, что ты убежала искать <txt:bold,2><txt:color,orange>Бэк Шиу</txt:color></txt:bold>.","Awak pergi mencari <txt:bold,2><txt:color,orange>Siwoo Baek</txt:color></txt:bold>, jadi saya risau.","Nghe nói cậu chạy đi tìm <txt:bold,2><txt:color,orange>Baek Siwoo</txt:color></txt:bold> nên tôi lo lắm.","Me preocupé porque saliste corriendo a buscar a <txt:bold,2><txt:color,orange>Siwoo Baek</txt:color></txt:bold>.","Aku khawatir gara-gara kamu tiba-tiba lari keluar untuk mencari <txt:bold,2><txt:color,orange>Siwoo Baek</txt:color></txt:bold>.","เห็นเธอบอกจะตามหา<txt:bold,2><txt:color,orange>แบคชีอู</txt:color></txt:bold>แล้วก็กระโจนออกไป ฉันเลยเป็นห่วงนะ","Você saiu correndo atrás do <txt:bold,2><txt:color,orange>Siwoo Baek</txt:color></txt:bold> e me deixou preocupada."
,,,홍시_신년,,1_외침,,,"그래, 맞다! 난 <txt:bold,2><txt:color,orange>백시우</txt:color></txt:bold>를 찾고 있었다. 으음, 이런 곳에서 잠들어 버리다니, 피곤했던 건가?","Right! I was looking for <txt:bold,2><txt:color,orange>Siwoo Baek</txt:color></txt:bold>. Mm, but why did I fall asleep here? Was I that tired?","そうだ、思い出した！私は<txt:bold,2><txt:color,orange>白井新</txt:color></txt:bold>を探してたんだった。うーん。こんなところで寝てしまったなんて、疲れてたのか？","对，没错！我正在找<txt:bold,2><txt:color,orange>白时宇</txt:color></txt:bold>。唔，我竟然在这种地方睡着了，难道是太累了吗？","喔對，沒錯！我是在找<txt:bold,2><txt:color,orange>白時宇</txt:color></txt:bold>。唔，竟然在這種地方睡著，看來是真的累壞了吧？","Точно! Я искала <txt:bold,2><txt:color,orange>Бэк Шиу</txt:color></txt:bold>! И заснула в таком месте от... усталости?","Betul! Saya mencari <txt:bold,2><txt:color,orange>Siwoo Baek</txt:color></txt:bold>. Mm, tetapi kenapa saya tertidur di sini? Saya letih sangat ke?","À, đúng rồi! Tôi đang đi tìm <txt:bold,2><txt:color,orange>Baek Siwoo</txt:color></txt:bold>. Ừm, ngủ quên ở chỗ thế này... chắc là mệt quá rồi.","¡Ah, cierto! Estaba buscando a <txt:bold,2><txt:color,orange>Siwoo Baek</txt:color></txt:bold>. Hmm, dormirme en un lugar así... ¿estaría tan cansada?","Oh ya benar! Aku sedang mencari <txt:bold,2><txt:color,orange>Siwoo Baek</txt:color></txt:bold>. Hmm, tertidur di tempat seperti ini, apa aku selelah itu?","จริงสิ ใช่แล้ว! ฉันกำลังตามหา<txt:bold,2><txt:color,orange>แบคชีอู</txt:color></txt:bold>อยู่ อืม ฉันมาหลับอยู่ในที่แบบนี้เนี่ยนะ คงจะเหนื่อยล่ะมั้ง?","Ah, verdade! Eu tava procurando o <txt:bold,2><txt:color,orange>Siwoo Baek</txt:color></txt:bold>... Hum... devo ter dormido aqui de cansaço..."
,,,홍시_신년,,1_난처,,silent,뭔가 석연찮지만‥.,Something feels off here...,なんだか釈然としないが...。,虽然总觉得哪里不对劲...,總覺得有些奇怪，但是...,Как-то это странно...,Ada yang tak kena di sini...,Cảm giác vẫn có gì đó không ổn nhưng...,"Es algo sospechoso, pero...","Rasanya ada yang agak janggal, tapi...",ถึงจะรู้สึกเหมือนมีบางอย่างน่าสงสัยก็เถอะ...,Mas tem algo estranho nisso tudo...
,,,비올라,,1_미소,,,"맞다. 조금 전에 <txt:bold,2><txt:color,orange>백시우</txt:color></txt:bold> 선수가 <txt:bold,2>콜로세움</txt:bold>에 왔어. 이따가 보러 갈래?","Oh, and <txt:bold,2><txt:color,orange>Siwoo Baek</txt:color></txt:bold> just arrived at the <txt:bold,2>Colosseum</txt:bold>. Want to go see him later?","そうだ。さっき、<txt:bold,2><txt:color,orange>白井新</txt:color></txt:bold>選手が<txt:bold,2>コロッセオ</txt:bold>に来てたよ。あとで見に行かない？","对了。<txt:bold,2><txt:color,orange>白时宇</txt:color></txt:bold>选手刚才来<txt:bold,2>竞技场</txt:bold>了。等会儿要去看看吗？","對了。剛才<txt:bold,2><txt:color,orange>白時宇</txt:color></txt:bold>選手來<txt:bold,2>競技場</txt:bold>了。待會要去看他嗎？","Кстати! <txt:bold,2><txt:color,orange>Бэк Шиу</txt:color></txt:bold> только что прибыл в <txt:bold,2>Колизей</txt:bold>. Пойдем посмотрим?","Oh, dan <txt:bold,2><txt:color,orange>Siwoo Baek</txt:color></txt:bold> baru sahaja tiba di <txt:bold,2>Colosseum</txt:bold>. Nak pergi tengok dia nanti?","Đúng rồi. Lúc nãy <txt:bold,2><txt:color,orange>Baek Siwoo</txt:color></txt:bold> đã đến <txt:bold,2>Đấu Trường</txt:bold> rồi. Lát nữa đi xem không?","Cierto. Hace un momento, el jugador <txt:bold,2><txt:color,orange>Siwoo Baek</txt:color></txt:bold> llegó al <txt:bold,2>Coliseo</txt:bold>. ¿Quieres ir a verlo más tarde?","Oh iya, barusan atlet <txt:bold,2><txt:color,orange>Siwoo Baek</txt:color></txt:bold> sudah sampai di <txt:bold,2>Colosseum</txt:bold>. Apa kamu mau menemuinya nanti?","จริงสิ เมื่อกี้นักกีฬา<txt:bold,2><txt:color,orange>แบคชีอู</txt:color></txt:bold>มาที่<txt:bold,2>โคลอสเซียม</txt:bold>แล้วนะ อีกเดี๋ยวไปหาเขาไหมล่ะ?","Ah, é! O <txt:bold,2><txt:color,orange>Siwoo Baek</txt:color></txt:bold> acabou de chegar ao <txt:bold,2>Coliseu</txt:bold>. Quer ir ver depois?"
,,,홍시_신년,,1_발랄,,,"헉, 정말인가! <cha:pop,홍시_신년>벌써 온 것인가!","Really?! <cha:pop,홍시_신년>He’s already here?!","なんと、本当か？<cha:pop,홍시_신년>もう来ていたのか！","哇，真的吗！<cha:pop,홍시_신년>他已经来了吗！","什麼，真的嗎！<cha:pop,홍시_신년>他已經來了嗎！","Правда? <cha:pop,홍시_신년>Уже здесь?","Betul ke?! <cha:pop,홍시_신년>Dia sudah di sini?!","Hả, thật sao! <cha:pop,홍시_신년>Đã tới rồi à!","¡Ah, ¿de verdad?! <cha:pop,홍시_신년>¡¿Ya llegó?!","Hah, serius! <cha:pop,홍시_신년>Dia sudah datang?","จริงเหรอ! <cha:pop,홍시_신년>เขามาแล้วเหรอ!","O quê?! Sério?! <cha:pop,홍시_신년>Já chegou?!"
,,,홍시_신년,,1_훗,,,좋다! 그렇다면 당장 찾아가 보도록 하지!,Excellent! Let’s go see him right away!,よし！！そういうことなら今すぐ見に行かねば！,好！那我这就去会会他！,太好了！既然如此，我現在就去找他！,Отлично! Отправляемся на его поиски!,Bagus! Jom pergi jumpa dia sekarang juga!,Tốt quá! Vậy thì đi tìm ngay thôi!,¡Bien! ¡Entonces vamos a buscarlo de inmediato!,Baiklah! Kalau begitu aku akan langsung coba menemuinya sekarang!,ดีล่ะ! ถ้างั้นก็ไปหาเขาตอนนี้เลยดีกว่า!,Ótimo! Então vamos agora mesmo!
,,,비올라,,1_기본,,,"응, 늦지 말고 와! 먼저 가서 기다리고 있을게!","Yeah, don’t be late! I’ll head over first and wait for you!",うん、遅れないでね！先に行って待ってるから！,嗯，别迟到了哦！我先过去等你！,嗯，別遲到喔！我先去那邊等你！,Только не опаздывай. Буду ждать там.,"Ya, jangan lambat! Saya akan pergi dulu dan tunggu awak!","Ừ, đừng đến muộn nhé! Tôi đi trước đợi đó!","¡Sí, no te retrases! ¡Iré primero y te esperaré allí!","Iya, jangan terlambat ya! Aku akan pergi untuk menemuinya duluan!",อื้ม อย่าช้าล่ะ! ฉันจะล่วงหน้าไปรอก่อนนะ!,"Tá bom, mas não demora! Vou na frente!"
,,,홍시_신년,,1_기본,,,"오, 알았다!","Alright, got it!",ああ、分かった！,噢，知道了！,噢，知道了！,"Есть, мэм!",Baiklah!,"Ồ, được!","¡Oh, entendido!","Oh, baiklah!",โอ้ โอเค!,Tá bom!
,,,TAG,,,,,"<cha:pos,홍시_신년,0><cha:pos,비올라,4>","<cha:pos,홍시_신년,0><cha:pos,비올라,4>","<cha:pos,홍시_신년,0><cha:pos,비올라,4>","<cha:pos,홍시_신년,0><cha:pos,비올라,4>","<cha:pos,홍시_신년,0><cha:pos,비올라,4>","<cha:pos,홍시_신년,0><cha:pos,비올라,4>","<cha:pos,홍시_신년,0><cha:pos,비올라,4>","<cha:pos,홍시_신년,0><cha:pos,비올라,4>","<cha:pos,홍시_신년,0><cha:pos,비올라,4>","<cha:pos,홍시_신년,0><cha:pos,비올라,4>","<cha:pos,홍시_신년,0><cha:pos,비올라,4>","<cha:pos,홍시_신년,0><cha:pos,비올라,4>"
,,,홍시_신년,,1_훗,,,"후후‥ <wrt:wait,30><txt:bold,2><txt:color,orange>백시우</txt:color></txt:bold>, <txt:bold,2><txt:color,orange>백시우</txt:color></txt:bold>라 말이지! 대체 어떤 소년일까! 분명히 보통내기가 아니겠지!","Heh... <wrt:wait,30><txt:bold,2><txt:color,orange>Siwoo Baek</txt:color></txt:bold>, was it? What kind of player could he be, I wonder? He must be extraordinary!","フフ...<wrt:wait,30><txt:bold,2><txt:color,orange>白井新</txt:color></txt:bold>、<txt:bold,2><txt:color,orange>白井新</txt:color></txt:bold>か！一体どんな少年だろう！きっと、ただ者ではないだろうな！","嘿嘿...<wrt:wait,30><txt:bold,2><txt:color,orange>白时宇</txt:color></txt:bold>，<txt:bold,2><txt:color,orange>白时宇</txt:color></txt:bold>是吧！到底是个什么样的少年呢！肯定不是泛泛之辈吧！","呵呵...<wrt:wait,30><txt:bold,2><txt:color,orange>白時宇</txt:color></txt:bold>、<txt:bold,2><txt:color,orange>白時宇</txt:color></txt:bold>是吧！到底是個什麼樣的老弟呢！肯定不是個省油的燈吧！","Хи-хи... <wrt:wait,30><txt:bold,2><txt:color,orange>Бэк Шиу</txt:color></txt:bold>, <txt:bold,2><txt:color,orange>Бэк Шиу</txt:color></txt:bold>, значит! Интересно, что он из себя представляет. Уж точно не обычный малый!","Heh... <wrt:wait,30><txt:bold,2><txt:color,orange>Siwoo Baek</txt:color></txt:bold>, ya? Dia pemain jenis apa agaknya? Pasti luar biasa!","Hừ hừ... <wrt:wait,30><txt:bold,2><txt:color,orange>Baek Siwoo</txt:color></txt:bold> à, <txt:bold,2><txt:color,orange>Baek Siwoo sao</txt:color></txt:bold>! Rốt cuộc là một cậu trai trẻ thế nào đây! Chắc chắn không phải hạng tầm thường rồi!","Jeje... <wrt:wait,30><txt:bold,2><txt:color,orange>¡Siwoo Baek</txt:color></txt:bold>, <txt:bold,2><txt:color,orange>Siwoo Baek</txt:color></txt:bold>! ¡Qué tipo de chico será! Seguro que no es nada común.","Huhu... <wrt:wait,30><txt:bold,2><txt:color,orange>Siwoo Baek</txt:color></txt:bold>, <txt:bold,2><txt:color,orange>Siwoo Baek</txt:color></txt:bold>, ya! Bocah seperti apa dia ya! Pasti bukan orang biasa!","ฮิฮิ... <wrt:wait,30><txt:bold,2><txt:color,orange>แบคชีอู</txt:color></txt:bold>, <txt:bold,2><txt:color,orange>แบคชีอู</txt:color></txt:bold>ใช่ไหม! จะเป็นคนแบบไหนกันนะ! คงไม่ใช่คนธรรมดาแน่เลย!","Hum... <wrt:wait,30><txt:bold,2><txt:color,orange>Siwoo Baek</txt:color></txt:bold>... <txt:bold,2><txt:color,orange>Siwoo Baek</txt:color></txt:bold>... Que tipo de garoto será?! Com certeza não é alguém comum!"
,,,,,,,,‥.,...,...。,...,...,...,...,...,...,...,...,...
,,,홍시_신년,,1_헉,,,"‥그러고보니 비슷한 말을 했던 것 같은데.<sys:quiet,1000>","Wait... I feel like I said something like this before.<sys:quiet,1000>","...そういえば同じようなことを言った気がするな。<sys:quiet,1000>","...说起来，我好像说过类似的话。<sys:quiet,1000>","...這麼說來，我好像說過類似的話。<sys:quiet,1000>","Хм, я как будто уже говорила это...<sys:quiet,1000>","Tunggu... Rasanya pernah cakap sesuatu seperti ini.<sys:quiet,1000>","...Nghĩ lại thì hình như tôi đã nói câu này rồi thì phải.<sys:quiet,1000>","...Ahora que lo pienso, creo que dije algo parecido antes.<sys:quiet,1000>","...Sepertinya aku pernah membicarakan hal yang sama.<sys:quiet,1000>","...จะว่าไปแล้ว เหมือนฉันเคยพูดอะไรคล้ายๆ แบบนี้เลย<sys:quiet,1000>","Calma... Acho que eu já disse algo parecido antes...<sys:quiet,1000>"
,,,홍시_신년,,1_난처,,,‥.,...,...。,...,...,...,...,...,...,...,...,...
,,,홍시_신년,,1_헉,,,‥?,...?,...？,...？,...？,...?,...?,...?,...?,...?,...?,Hã?
,,,홍시_신년,,1_삐짐,,,‥착각이겠지.,...Must be my imagination.,...気のせいだろう。,...是错觉吧。,...是錯覺吧。,"Наверное, показалось.",...Mesti hanya imaginasi saya.,...Chắc là ảo giác thôi.,...Habrá sido mi imaginación.,...Mungkin itu hanya perasaanku saja.,...คงคิดไปเองล่ะมั้ง,Deve ser coisa da minha cabeça.