스테이지,상황,분기,이름,위치,표정,효과,감정,한국어(kr),영어,일본어,간체,번체,러시아어,말레이시아어,베트남어,스페인어,인도네시아어,태국어,포르투갈
1,경기 전,#,MAP,,,,,서부 마을,서부 마을,서부 마을,서부 마을,서부 마을,서부 마을,서부 마을,서부 마을,서부 마을,서부 마을,서부 마을,서부 마을
,,#,BGM,,,,,BGM_COMIC,BGM_COMIC,BGM_COMIC,BGM_COMIC,BGM_COMIC,BGM_COMIC,BGM_COMIC,BGM_COMIC,BGM_COMIC,BGM_COMIC,BGM_COMIC,BGM_COMIC
,,#,류현,4,1_무표정,,,,,,,,,,,,,,
,,#,소담,0,1_기본,,,,,,,,,,,,,,
,,#,클레르,4,1_미소,,,,,,,,,,,,,,
,,#,무영,-4,1_기본,,,,,,,,,,,,,,
,,,소담,,1_기본,,,"<txt:bold,2><txt:color,orange>류현</txt:color></txt:bold> 선배님~! 드디어 오늘이에요!","<txt:bold,2><txt:color,orange>Ryuhyeon</txt:color></txt:bold>! Today's the day!","<txt:bold,2><txt:color,orange>真一</txt:color></txt:bold>先輩～！ついに今日ですね！","<txt:bold,2><txt:color,orange>昊天</txt:color></txt:bold>前辈～！终于到今天啦！","<txt:bold,2><txt:color,orange>昊天</txt:color></txt:bold>前輩～！終於等到今天了！","<txt:bold,2><txt:color,orange>Рюхён</txt:color></txt:bold>! Я так ждала сегодняшний день!","<txt:bold,2><txt:color,orange>Abang Ryuhyeon</txt:color></txt:bold>! Ini harinya!","Anh <txt:bold,2><txt:color,orange>Ryuhyeon</txt:color></txt:bold> ơi~! Cuối cùng cũng đến hôm nay rồi!","¡<txt:bold,2><txt:color,orange>Ryuhyeon</txt:color></txt:bold>! ¡Al fin llegó el día!","Senior <txt:bold,2><txt:color,orange>Ryuhyun</txt:color></txt:bold>~! Akhirnya hari ini tiba!","รุ่นพี่<txt:bold,2><txt:color,orange>รยูฮยอน</txt:color></txt:bold>~! ในที่สุดวันนี้ก็มาถึงแล้วค่ะ!","<txt:bold,2><txt:color,orange>Ryuhyeon</txt:color></txt:bold>! Finalmente chegou o grande dia!"
,,,소담,,1_미소,,joy,"헤헷, 오늘은 약속 꼭 지키셔야 해요! 자, 어떤 훈련부터 하면 되나요?","Hehe, you better keep your promise this time! So, what are we starting with?",えへへっ、今日はちゃんと約束守ってくださいね！それで、まずはどんな訓練から始めますか？,嘿嘿，今天您可一定要遵守约定哦！那我们先从什么训练开始呢？,嘿嘿，今天絕對要遵守約定喔！那我們從什麼訓練開始呢？,"Хе-хе, только без отговорок! С какой тренировки мы начнем?","Hehe, kali ini baik abang tepati janji abang! Jadi, kita nak mula dengan apa?","Hehe, hôm nay anh nhất định phải giữ lời hứa đó nha! Nào, ta bắt đầu từ bài huấn luyện nào đây?","Je je. ¡Más te vale cumplir tu promesa hoy! Dime, ¿con qué entrenamiento empezamos?","Hehe, hari ini senior harus menepati janji, ya! Ayo, kita mulai latihan dari mana?",ฮิฮิ วันนี้รุ่นพี่ต้องรักษาสัญญานะคะ! เอาล่ะ จะเริ่มจากการฝึกอะไรดีคะ?,"Hehe, hoje você tem que cumprir a promessa, viu? Então, por qual treino começamos?"
,,,TAG,,,,,"<cha:pos,소담,-2><cha:pos,류현,2>","<cha:pos,소담,-2><cha:pos,류현,2>","<cha:pos,소담,-2><cha:pos,류현,2>","<cha:pos,소담,-2><cha:pos,류현,2>","<cha:pos,소담,-2><cha:pos,류현,2>","<cha:pos,소담,-2><cha:pos,류현,2>","<cha:pos,소담,-2><cha:pos,류현,2>","<cha:pos,소담,-2><cha:pos,류현,2>","<cha:pos,소담,-2><cha:pos,류현,2>","<cha:pos,소담,-2><cha:pos,류현,2>","<cha:pos,소담,-2><cha:pos,류현,2>","<cha:pos,소담,-2><cha:pos,류현,2>"
,,,류현,,1_무표정,pause,,"<txt:wave,1>...드르렁.</txt:wave>","<txt:wave,1>...Zzz.</txt:wave>","<txt:wave,1>‥ぐーぐー。</txt:wave>","<txt:wave,1>‥呼噜噜。</txt:wave>","<txt:wave,1>‥呼嚕嚕。</txt:wave>","<txt:wave,1>Хр-р-р...</txt:wave>","<txt:wave,1>...Zzz.</txt:wave>","<txt:wave,1>...Khò khò.</txt:wave>","<txt:wave,1>Zzz...</txt:wave>","<txt:wave,1>...Zzz.</txt:wave>","<txt:wave,1>...คร่อก</txt:wave>","<txt:wave,1>Zzz...</txt:wave>"
,,,소담,,1_걱정,,exclam,"아이, 참, <txt:bold,2><txt:color,orange>류현</txt:color></txt:bold> 선배님!! <txt:size,1>일어나 보세요!</txt:size>","Oh, come on, <txt:bold,2><txt:color,orange>Ryuhyeon</txt:color></txt:bold>! <txt:size,1>Wake up already!</txt:size>","もうっ、<txt:bold,2><txt:color,orange>真一</txt:color></txt:bold>先輩！！<txt:size,1>起きてくださいってば！</txt:size>","哎呀，真是的，<txt:bold,2><txt:color,orange>昊天</txt:color></txt:bold>前辈！！<txt:size,1>快醒醒啦！</txt:size>","哎呀，真是的，<txt:bold,2><txt:color,orange>昊天</txt:color></txt:bold>前輩！！<txt:size,1>快點起來啦！</txt:size>","Эй, <txt:bold,2><txt:color,orange>Рюхён</txt:color></txt:bold>, <txt:size,1>хватит спать!</txt:size>","Oh, ayuhlah, <txt:bold,2><txt:color,orange>abang Ryuhyeon</txt:color></txt:bold>! <txt:size,1>Bangunlah cepat!</txt:size>","Trời ơi, anh <txt:bold,2><txt:color,orange>Ryuhyeon</txt:color></txt:bold>!! <txt:size,1>Dậy đi mà!</txt:size>","¡Ay, vamos <txt:bold,2><txt:color,orange>Ryuhyeon</txt:color></txt:bold>!<txt:size,1>¡Despierta!</txt:size>","Aduh, senior <txt:bold,2><txt:color,orange>Ryuhyun</txt:color></txt:bold>!! <txt:size,1>Ayo bangun!</txt:size>","โอ๊ย ให้ตายสิ รุ่นพี่<txt:bold,2><txt:color,orange>รยูฮยอน</txt:color></txt:bold>!! <txt:size,1>ตื่นเลยนะคะ!</txt:size>","Ah, poxa, <txt:bold,2><txt:color,orange>Ryuhyeon</txt:color></txt:bold>! <txt:size,1>Acorda!</txt:size>"
,,,류현,,1_흠,pause,,"...음? <txt:bold,2><txt:color,orange>소담</txt:color></txt:bold>, 너였구나. 무슨 일이야?","...Mm? Oh, it's you, <txt:bold,2><txt:color,orange>Sodam</txt:color></txt:bold>. What's the matter?","‥ん？<txt:bold,2><txt:color,orange>翆</txt:color></txt:bold>か。どうした？","‥嗯？<txt:bold,2><txt:color,orange>芷柔</txt:color></txt:bold>，是你啊。怎么了？","‥嗯？<txt:bold,2><txt:color,orange>芷柔</txt:color></txt:bold>，是妳啊。怎麼了？","М-м? <txt:bold,2><txt:color,orange>Содам</txt:color></txt:bold>, это ты? Что случилось?","...Mm? Oh, awak, <txt:bold,2><txt:color,orange>Sodam</txt:color></txt:bold>. Ada apa?","...Hửm? Là em à, <txt:bold,2><txt:color,orange>Sodam</txt:color></txt:bold>. Có chuyện gì?","...¿Eh? Ah, eres tú, <txt:bold,2><txt:color,orange>Sodam</txt:color></txt:bold>. ¿Qué pasa?","...Hm? <txt:bold,2><txt:color,orange>Sodam</txt:color></txt:bold>, ternyata kamu. Ada apa?","...หืม? <txt:bold,2><txt:color,orange>โซดัม</txt:color></txt:bold>เองเหรอ มีเรื่องอะไรเนี่ย?","Hã? Ah, é você, <txt:bold,2><txt:color,orange>Sodam</txt:color></txt:bold>. O que houve?"
,,,소담,,1_기본,,,"선배님도 참, 무슨 일이긴요! 오늘 같이 훈련하기로 하셨잖아요.","What do you mean, what's the matter! You promised we'd train together today!",どうした、じゃないですよ～！今日、一緒に訓練するって約束したじゃないですか。,前辈您真是的，还问怎么了！说好了今天一起训练的呀。,前輩真是的，什麼怎麼了！今天不是說好要一起訓練的嗎。,Ты обещал сегодня потренироваться со мной!,"Apa maksud abang, ada apa! Abang janji kita akan berlatih bersama hari ini!","Anh cũng thật là, chuyện gì là sao chứ! Hôm nay anh đã hứa sẽ huấn luyện cùng em mà.",¡No te hagas el desentendido! ¡¿Cómo que no sabes?! Habíamos quedado en entrenar juntos hoy.,"Senior ini bagaimana, sih! Apa maksudnya ada apa! Kita kan sudah janji untuk latihan bersama hari ini.",รุ่นพี่นี่จริงๆ เลยนะ จะเรื่องอะไรอีกล่ะคะ! ก็เราตกลงไว้ว่าวันนี้จะฝึกด้วยกันนี่คะ,Oi? Como assim? A gente combinou de treinar hoje!
,,,류현,,1_흠,,quest,"어?<wrt:wait,30> 어, 어...<wrt:wait,30> 그랬나? <wrt:wait,30>음, 기억은 잘 안 나지만...","Huh?<wrt:wait,30> Oh, uh...<wrt:wait,30> I did?<wrt:wait,30> Hmm, can't quite remember...","え？<wrt:wait,30>あ、ああ‥<wrt:wait,30>そうだったか？<wrt:wait,30>うーん、あまり覚えていないんだが‥","诶？<wrt:wait,30>哦，哦‥<wrt:wait,30>是吗？<wrt:wait,30>嗯，我不太记得了‥","咦？<wrt:wait,30>呃、喔‥<wrt:wait,30>有這回事嗎？<wrt:wait,30>嗯，我不太記得了‥","А?<wrt:wait,30> Э-э...<wrt:wait,30> Правда? <wrt:wait,30>Что-то не припоминаю...","Hah?<wrt:wait,30> Oh, uh...<wrt:wait,30> ada ke?<wrt:wait,30> Hmm, tak berapa ingat...","Hả?<wrt:wait,30> À, ừ...<wrt:wait,30> Có sao? <wrt:wait,30>Ừm, ta không nhớ rõ lắm...","¿Ah?<wrt:wait,30> ¿Ah sí?<wrt:wait,30> ¿En serio?<wrt:wait,30>No lo recuerdo muy bien, pero...","E-eh?<wrt:wait,30> Oh, ya...<wrt:wait,30> Apa begitu? <wrt:wait,30>Hmm, aku tidak ingat jelas, tapi...","หา?<wrt:wait,30> อะ เอ่อ...<wrt:wait,30> งั้นเหรอ? <wrt:wait,30>อืม ถึงฉันจะจำไม่ค่อยได้ก็เถอะ...","Ah... <wrt:wait,30>Oi? <wrt:wait,30>Combinamos? <wrt:wait,30>Hum... não me lembro direito..."
,,,류현,,1_기본,,,훈련을 게을리하면 안 되지. 오늘 무슨 훈련을 하기로 했더라?,But we shouldn't skip training. What were we doing today again?,だが、訓練を怠るわけにはいかないな。今日は何の訓練だった？,训练可不能偷懒啊。我们今天说好要练什么来着？,訓練可不能偷懶啊。我們今天說好要做什麼訓練來著？,"Ладно, тренировки пропускать нельзя. Напомни, что у нас по плану?",Tapi kita tak patut ponteng latihan. Apa yang kita buat hari ini ya?,Nhưng không được lơ là huấn luyện. Hôm nay ta đã hẹn luyện gì nhỉ?,"No podemos descuidar la práctica. A ver, ¿qué era lo que íbamos a entrenar hoy?",Kita tidak boleh malas berlatih. Jadi latihan apa yang aku janjikan?,แต่จะขี้เกียจซ้อมไม่ได้อยู่แล้ว เราตกลงกันไว้ว่าวันนี้จะฝึกอะไรนะ?,"Bom, não podemos pegar leve no treino. Mas o que a gente tinha marcado pra treinar hoje mesmo?"
,,,소담,,1_기본,,,"선배님이 오늘 <wrt:wait,30><txt:bold,2>조랑말 타는 법</txt:bold>을 알려주신다고 하셨잖아요!","You said you'd teach me <wrt:wait,30><txt:bold,2>how to ride a pony</txt:bold> today!","先輩が今日、<wrt:wait,30><txt:bold,2>ポニーの乗り方</txt:bold>を教えてくれるって言ってたじゃないですか！","您说今天教我<wrt:wait,30><txt:bold,2>骑小马</txt:bold>的！","前輩今天不是要教我<wrt:wait,30><txt:bold,2>騎小馬</txt:bold>的嗎！","Ты обещал научить меня <wrt:wait,30><txt:bold,2>кататься на пони</txt:bold>!","Abang kata abang akan ajar saya <wrt:wait,30><txt:bold,2>menunggang kuda padi</txt:bold> hari ini!","Anh đã bảo hôm nay sẽ dạy em <wrt:wait,30><txt:bold,2>cách cưỡi ngựa con</txt:bold> mà!","¡Dijiste que hoy me enseñarías <wrt:wait,30><txt:bold,2>a montar un poni</txt:bold>!","Senior kan bilang mau mengajari saya <wrt:wait,30><txt:bold,2>cara menunggangi kuda poni</txt:bold> hari ini!","รุ่นพี่บอกว่าวันนี้จะสอน<wrt:wait,30><txt:bold,2>วิธีขี่ม้าแคระ</txt:bold>ให้ฉันไงคะ!","Você prometeu me ensinar a <wrt:wait,30><txt:bold,2>montar no pônei</txt:bold> hoje!"
,,,류현,,1_흠,,,"우리 <txt:bold,2>선림</txt:bold>에... <wrt:wait,30>그런 훈련 과정이 있었던가?","Does our <txt:bold,2>Seonrim</txt:bold>... <wrt:wait,30>have a course like that?","うちの<txt:bold,2>仙林</txt:bold>に‥<wrt:wait,30>そんな訓練課程があったか？","我们<txt:bold,2>先林</txt:bold>‥<wrt:wait,30>有这种训练项目吗？","我們<txt:bold,2>先林</txt:bold>‥<wrt:wait,30>有這種訓練課程嗎？","А у нас в <txt:bold,2>«Соллим»</txt:bold>... <wrt:wait,30>Есть такая программа?","<txt:bold,2>Seonrim</txt:bold>... <wrt:wait,30>ada kursus macam itu ke?","Ở <txt:bold,2>Seonrim</txt:bold> của chúng ta... <wrt:wait,30>có khóa huấn luyện như thế sao?","¿En <txt:bold,2>Seonlim</txt:bold> teníamos ese tipo de entrenamiento?","Di <txt:bold,2>Sunrim</txt:bold> kita... <wrt:wait,30>Apa ada latihan seperti itu?","ที่<txt:bold,2>ซอนริม</txt:bold>ของเรา... <wrt:wait,30>เคยมีหลักสูตรฝึกแบบนั้นด้วยเหรอ?","Tem certeza?<wrt:wait,30> Nem lembrava que existia isso aqui em <txt:bold,2>Seonlim</txt:bold>."
,,,소담,,1_기본,wave,,"딴청 피우실 거예요? <wrt:break>선배님께서 오늘 <txt:bold,2>보안관</txt:bold>이 되기 위한 훈련을 시켜 주신다고 하셨잖아요.","Are you playing dumb? <wrt:break>You said you'd train me to become a <txt:bold,2>sheriff</txt:bold> today.","とぼける気ですか？<wrt:break>先輩が今日、<txt:bold,2>保安官</txt:bold>になるための訓練をしてくれるって言ったんですよ？","您想装傻吗？<wrt:break>您明明说今天要训练我当<txt:bold,2>警长</txt:bold>的。","又要裝傻了嗎？<wrt:break>前輩明明說今天會給我進行成為<txt:bold,2>警長</txt:bold>的特訓啊。","Не уходи от темы!<wrt:break> Ты сам обещал сделать из меня настоящего <txt:bold,2>шерифа</txt:bold>.","Buat-buat bodoh ke? <wrt:break>Abang kata abang akan latih saya jadi <txt:bold,2>syerif</txt:bold> hari ini.","Anh định đánh trống lảng hả? <wrt:break>Chính anh đã nói hôm nay sẽ huấn luyện để em trở thành <txt:bold,2>cảnh sát trưởng</txt:bold> mà.","¿Vas a seguir haciéndote el distraído? <wrt:break>Prometiste que hoy me darías el entrenamiento necesario para ser una <txt:bold,2>sheriff</txt:bold>.","Senior mau pura-pura lupa? <wrt:break>Senior sudah janji mau memberi saya latihan untuk menjadi seorang <txt:bold,2>Sheriff</txt:bold> hari ini.","รุ่นพี่จะทำเป็นไม่รู้ไม่ชี้เหรอคะ? <wrt:break>รุ่นพี่บอกว่าวันนี้จะช่วยฝึกสำหรับการเป็น<txt:bold,2>นายอำเภอ</txt:bold>ให้นี่คะ","Vai fingir que não lembra?<wrt:break> Você disse que era treino pra virar <txt:bold,2>xerife</txt:bold>!"
,,,소담,,1_미소,,,"이러시면 <txt:bold,2><txt:color,orange>무영</txt:color></txt:bold> 촌장님한테 선배님이 맨날 낮잠만 잔다고 다 일러버릴 거예요~","Keep this up and I'll tell Chief <txt:bold,2><txt:color,orange>Muyeong</txt:color></txt:bold> you nap all day, every day!","これ以上ごまかすなら<txt:bold,2><txt:color,orange>瀬亜</txt:color></txt:bold>村長に、先輩は毎日お昼寝ばっかりしてるって全部言いつけちゃいますからね～。","您再这样，我就去告诉<txt:bold,2><txt:color,orange>锋泽</txt:color></txt:bold>村长，说前辈每天只会睡大觉～","你再這樣，我就要去跟<txt:bold,2><txt:color,orange>鋒澤</txt:color></txt:bold>村長告狀，說前輩整天都在睡午覺喔～","Или я пожалуюсь старосте <txt:bold,2><txt:color,orange>Муёну</txt:color></txt:bold>, что ты спишь за троих!","Abang terus macam ini, saya akan beritahu Ketua <txt:bold,2><txt:color,orange>Muyeong</txt:color></txt:bold> abang tidur sepanjang hari, setiap hari!","Anh mà cứ thế này là em sẽ mách hết với trưởng làng <txt:bold,2><txt:color,orange>Muyung</txt:color></txt:bold> rằng ngày nào anh cũng chỉ ngủ trưa thôi đó~","Si sigues así, le diré al alcalde <txt:bold,2><txt:color,orange>Muyeong</txt:color></txt:bold> que te la pasas durmiendo siestas todo el día...","Kalau begini terus, saya akan adukan ke kepala desa <txt:bold,2><txt:color,orange>Muyoung</txt:color></txt:bold> bahwa senior cuma tidur siang terus~","ถ้าจะเบี้ยวล่ะก็ ฉันจะไปฟ้องผู้ใหญ่บ้าน<txt:bold,2><txt:color,orange>มูยอง</txt:color></txt:bold>ให้หมดเลย ว่ารุ่นพี่เอาแต่นอนกลางวันทุกวัน~","Se continuar assim, vou contar pro chefe <txt:bold,2><txt:color,orange>Muyeong</txt:color></txt:bold> que você só vive dormindo!"
,,,소담,,1_기본,,,설마 촌장님도 잊어버렸다고 하시는 거 아니시죠? 촌장님이 잔소리하시면 아주 무섭다구요~!,Don't tell me you've forgotten about the chief too! He's scary when he starts lecturing!,まさか、村長のことまで忘れたなんて言いませんよね？村長のお説教、ものすご～く怖いんですから！,您该不会连村长也忘了吧？村长要是唠叨起来可是很可怕的哦～！,你該不會連村長都忘了吧？村長嘮叨起來可是很可怕的喔～！,"Только не говори, что и старосту забыл? Его ворчание страшнее тренировки!",Jangan cakap abang dah lupa tentang ketua juga! Dia ganas bila dia mula berkhutbah!,Đừng nói là anh cũng quên luôn cả trưởng làng rồi nha? Lúc trưởng làng cằn nhằn thì đáng sợ lắm đó~!,¡¿No me digas que también te olvidaste de él?! ¡Ya sabes que cuando el alcalde se pone a regañar da mucho miedo!,"Dan jangan bilang senior juga sudah lupa siapa kepala desa kita! Dia akan sangat menakutkan kalau dia marah, lho!",อย่าบอกนะคะว่าลืมผู้ใหญ่บ้านด้วยน่ะ? ถ้าผู้ใหญ่บ้านได้บ่นล่ะก็ น่ากลัวสุดๆ เลยนะคะ~!,"Não vai me dizer que esqueceu quem é o chefe, né? Se ele reclamar, aí sim vai ser feio!"
,,,류현,,1_웃음,pause,,"<wrt:delay,12>...아, 아... 좋아!</wrt:delay> 수련... 아니, 훈련은 좋은 거지! <wrt:break>지금 바로 가볼까?","<wrt:delay,12>Right, right... fine!</wrt:delay> Martial arts practice... no, training is a good thing! <wrt:break>Shall we get going?","<wrt:delay,12>‥あー、あー‥よし！</wrt:delay>修行‥いや、訓練は大事だからな！<wrt:break>さっそく行くか？","<wrt:delay,12>‥啊，啊‥好！</wrt:delay>修炼‥不对，训练是好事！<wrt:break>我们现在就走？","<wrt:delay,12>‥啊，對‥好！</wrt:delay>修練‥不對，訓練是件好事！<wrt:break>我們現在就去吧？","<wrt:delay,12>Ну... Ладно!</wrt:delay> Тренироваться полезно. <wrt:break>Идем?","<wrt:delay,12>...Ya, ya... baiklah!</wrt:delay> Mengasah diri... maksud saya, berlatih itu baik! <wrt:break>Jom kita pergi sekarang?","<wrt:delay,12>...À, à... được!</wrt:delay> Tu luyện... không, huấn luyện là chuyện tốt! <wrt:break>Giờ đi luôn chứ?","<wrt:delay,12>Ah, claro, ¡está bien!</wrt:delay> La disciplina... digo, ¡el entrenamiento es fundamental!<wrt:break>¿Vamos ya mismo?","<wrt:delay,12>...Ah, iya... baiklah!</wrt:delay> Bertapa... maksudku, latihan itu sangat bagus! <wrt:break>Mau mulai sekarang juga?","<wrt:delay,12>...อะ เอ่อ... ก็ได้!</wrt:delay> การบ่มเพาะ... ไม่สิ การฝึกฝนเป็นสิ่งที่ดีอยู่แล้ว! <wrt:break>ไปตอนนี้เลยไหม?","<wrt:delay,12>Ok, tá bom!</wrt:delay> Treinar faz bem! <wrt:break>Vamos lá?"
,,,소담,,1_미소,,joy,"<txt:wave,1>야호~!</txt:wave> 어서 가요! 가서 멋진 승마 솜씨를 보여주세요! <wrt:break>어제부터 설레서 잠도 못 잤단 말이에요. ","<txt:wave,1>Yay!</txt:wave> Let's go! Show me those amazing riding skills! <wrt:break>I was so excited I couldn't sleep a wink last night.","<txt:wave,1>やったぁ～！</txt:wave>早く行きましょう！先輩のかっこいい乗馬姿、楽しみにしてたんですから！<wrt:break>昨日からワクワクして眠れなかったんですよ～。","<txt:wave,1>耶～！</txt:wave>快走吧！让我见识一下您帅气的骑术！<wrt:break>我从昨天开始就兴奋得连觉都没睡好。","<txt:wave,1>呀呼～！</txt:wave>快走吧！讓我看看你帥氣的騎馬英姿！<wrt:break>我從昨天就期待到睡不著覺了呢。","<txt:wave,1>У-и-и!</txt:wave> Вперед! Очень хочу увидеть твою крутую езду. <wrt:break>Я от волнения всю ночь не спала.","<txt:wave,1>Yay!</txt:wave> Jom pergi! Ajarkan saya kemahiran menunggang yang hebat! <wrt:break>Saya teruja sampai langsung tak tidur semalam.","<txt:wave,1>Hoan hô~!</txt:wave> Mau đi thôi! Đến đó rồi cho em xem tài cưỡi ngựa oai phong của anh đi! <wrt:break>Từ hôm qua em háo hức đến mức không ngủ được luôn đó.","<txt:wave,1>¡Yuju!</txt:wave> ¡Vamos rápido! ¡Muéstrame lo bien que cabalgas!<wrt:break>Estaba tan emocionada que no pude pegar el ojo en toda la noche.","<txt:wave,1>Hore~!</txt:wave> Ayo cepat! Tunjukkan kehebatan senior dalam berkuda! <wrt:break>Saya sampai tidak bisa tidur karena saking semangat menantikannya sejak kemarin.","<txt:wave,1>ยะฮู้ว~!</txt:wave> รีบไปกันเถอะค่ะ! ไปโชว์ฝีมือขี่ม้าสุดเท่ให้ฉันเห็นทีนะคะ! <wrt:break>ฉันตื่นเต้นจนนอนไม่หลับมาตั้งแต่เมื่อคืนแล้ว","<txt:wave,1>Eba!</txt:wave> Vamos logo! Mostra como se monta de verdade! <wrt:break>Nem consegui dormir de tanta ansiedade!"
,,,소담,,1_미소,,,"<txt:size,2>전설의 총잡이 <txt:bold,1>레드후드</txt:bold>의 솜씨를 드디어 볼 수 있다니!</txt:size>","<txt:size,2>Finally, I get to see the legendary gunslinger <txt:bold,1>Red Hood</txt:bold> in action!</txt:size>","<txt:size,2>伝説のガンマン、<txt:bold,1>レッドフード</txt:bold>の腕前をついに見られるなんて！</txt:size>","<txt:size,2>终于能看到传说中的神枪手<txt:bold,1>小红帽</txt:bold>的身手了！</txt:size>","<txt:size,2>終於能見識到傳奇槍手<txt:bold,1>小紅帽</txt:bold>的身手了！</txt:size>","<txt:size,2>Наконец-то посмотрю на легендарного стрелка <txt:bold,1>Алого Плаща</txt:bold> в деле!</txt:size>","<txt:size,2>Akhirnya, dapat lihat penembak legenda <txt:bold,1>Red Hood</txt:bold> beraksi!</txt:size>","<txt:size,2>Cuối cùng cũng được thấy tài nghệ của tay súng huyền thoại <txt:bold,1>Red Hood</txt:bold> rồi!</txt:size>","<txt:size,2>¡Al fin veré en acción las habilidades del legendario pistolero <txt:bold,1>Red Hood</txt:bold></txt:size>!","<txt:size,2>Akhirnya saya bisa melihat kehebatan sang Penembak jitu legendaris, <txt:bold,1>Red Hood</txt:bold>!</txt:size>","<txt:size,2>ในที่สุดก็จะได้เห็นฝีมือของ<txt:bold,1>ฮู้ดแดง</txt:bold> นักแม่นปืนในตำนานแล้ว!</txt:size>","<txt:size,2>Vou finalmente ver a habilidade do lendário atirador <txt:bold,1>Red Hood</txt:bold>!</txt:size>"
,,,소담,,1_미소,,,"선배님, 전 꼭 선배님처럼 멋진 <txt:bold,1>보안관</txt:bold>이 될 거예요!","I'm going to be a great <txt:bold,1>sheriff</txt:bold> just like you someday!","先輩、私もきっと先輩みたいなかっこいい<txt:bold,1>保安官</txt:bold>になってみせますから！","前辈，我以后一定要成为像前辈一样帅气的<txt:bold,1>警长</txt:bold>！","前輩，我以後也一定要成為像前輩一樣帥氣的<txt:bold,1>警長</txt:bold>！","Рюхён, я обязательно стану таким же крутым <txt:bold,1>шерифом</txt:bold>, как ты!","Suatu hari nanti saya akan jadi <txt:bold,1>syerif</txt:bold> yang hebat macam abang!","Em nhất định sẽ trở thành một <txt:bold,1>cảnh sát trưởng</txt:bold> ngầu như anh!","¡Te juro que seré una <txt:bold,1>sheriff</txt:bold> tan genial como tú!","Senior, saya pasti akan menjadi <txt:bold,1>Sheriff</txt:bold> yang keren seperti Anda!","รุ่นพี่คะ ฉันจะเป็น<txt:bold,1>นายอำเภอ</txt:bold>สุดเท่เหมือนรุ่นพี่ให้ได้เลย!","Um dia quero ser uma grande <txt:bold,1>xerife</txt:bold>, igual a você!"
,,,류현,,1_기본,,,"...하하, 그랬다간 촌장님한테 내가 잔소리를 듣고 말 거야. ",Ha... Then I'd never hear the end of it from the chief.,‥ははっ、そんなことになったら、今度は私が村長に説教されそうだな。,‥哈哈，那样的话我可要挨村长一顿唠叨了。,‥哈哈，要是那樣，村長肯定又要對我嘮叨了。,Ха-ха... Тогда мне точно прилетит от старосты.,Ha... Nanti ketua takkan habis-habis membebel pada saya.,"...Haha, nếu vậy thì ta sẽ bị trưởng làng mắng mất.","...Jaja. Si eso pasa, el que terminará recibiendo los regaños del alcalde seré yo.","...Haha, kalau begitu aku malah akan diomeli oleh Kepala Desa.",...ฮะฮะ ขืนเป็นแบบนั้นฉันได้โดนผู้ใหญ่บ้านบ่นแหงๆ,Haha... aí quem leva bronca do chefe sou eu.
,,,류현,,1_웃음+,,,먼저 마을 공터에 가 있을래? 나도 채비해서 곧 갈게.,Why don't you head to the town square first? I'll get ready and meet you there.,先に村の広場へ行っててくれ。私も支度を済ませたらすぐ向かうよ。,你先去村子里的空地等我好吗？我收拾一下马上就去。,妳先去村子的空地等我吧？我準備一下馬上就過去。,"Иди пока на площадку, а я тебя догоню.",Apa kata awak pergi ke dataran bandar dulu? Saya akan bersiap dan jumpa awak di sana.,Em ra bãi đất trống trong làng trước nhé? Ta chuẩn bị xong sẽ ra ngay.,¿Por qué no te adelantas a la plaza del pueblo? Me prepararé y te alcanzo en un momento.,Kamu mau pergi ke lapangan desa duluan? Aku akan segera menyusul setelah bersiap-siap.,เธอไปรอที่ลานหมู่บ้านก่อนได้ไหม? เดี๋ยวฉันเตรียมตัวแล้วจะรีบตามไป,"Pode ir na praça primeiro, já vou atrás."
,,,소담,,1_기본,,,"늦으시면 안 돼요! <cha:pop,소담><txt:wave,1>헤헷, 기대된다아~!</txt:wave><cha:pos,소담,-4>","Don't be late! <cha:pop,소담><txt:wave,1>Hehe, I can't wait!</txt:wave><cha:pos,소담,-4>","遅れちゃダメですよ！<cha:pop,소담><txt:wave,1>えへへっ、楽しみだなぁ～！</txt:wave><cha:pos,소담,-4>","不能迟到哦！<cha:pop,소담><txt:wave,1>嘿嘿，好期待啊～！</txt:wave><cha:pos,소담,-4>","可不能遲到喔！<cha:pop,소담><txt:wave,1>嘿嘿，好期待啊～！</txt:wave><cha:pos,소담,-4>","Только не опаздывай! <cha:pop,소담><txt:wave,1>Хе-хе, я уже вся в предвкушении.</txt:wave><cha:pos,소담,-4>","Jangan lambat! <cha:pop,소담><txt:wave,1>Hehe, tak sabarnya!</txt:wave><cha:pos,소담,-4>","Anh không được đến muộn đâu đấy! <cha:pop,소담><txt:wave,1>Hehe, háo hức quá đi~!</txt:wave><cha:pos,소담,-4>","¡No tardes! <cha:pop,소담><txt:wave,1>Je je, ¡qué emoción!</txt:wave><cha:pos,소담,-4>","Jangan telat ya! <cha:pop,소담><txt:wave,1>Hehe, aku tidak sabar lagi~!</txt:wave><cha:pos,소담,-4>","ห้ามช้านะคะ! <cha:pop,소담><txt:wave,1>ฮิฮิ ตื่นเต้นจังเล้ย~!</txt:wave><cha:pos,소담,-4>","Sem atrasos! <cha:pop,소담><txt:wave,1>Hehe, tô animadíssima!</txt:wave><cha:pos,소담,-4>"
,,,TAG,,,,,"<sys:quiet,1000>","<sys:quiet,1000>","<sys:quiet,1000>","<sys:quiet,1000>","<sys:quiet,1000>","<sys:quiet,1000>","<sys:quiet,1000>","<sys:quiet,1000>","<sys:quiet,1000>","<sys:quiet,1000>","<sys:quiet,1000>","<sys:quiet,1000>"
,,,류현,,1_흠,,quest,"<cha:pos,류현,0>...","<cha:pos,류현,0>...","<cha:pos,류현,0>‥","<cha:pos,류현,0>‥","<cha:pos,류현,0>‥","<cha:pos,류현,0>...","<cha:pos,류현,0>...","<cha:pos,류현,0>...","<cha:pos,류현,0>...","<cha:pos,류현,0>...","<cha:pos,류현,0>...","<cha:pos,류현,0>..."
,,,류현,,1_흠,,,"보안관이라... <wrt:wait,30>내가 보안관이라니 낯설군.","Sheriff, huh... <wrt:wait,30>Strange to think of myself as one.","保安官、か‥<wrt:wait,30>私が保安官とは、なんとも妙な感じだな。","警长啊‥<wrt:wait,30>叫我警长还真有点不习惯。","警長啊‥<wrt:wait,30>我當警長，還真不習慣。","Шериф, значит... <wrt:wait,30>Звучит странно.","Syerif, ya... <wrt:wait,30>Pelik juga memikirkan diri saya sebagai syerif.","Cảnh sát trưởng à... <wrt:wait,30>Ta là cảnh sát trưởng, nghe lạ thật.","Un sheriff... <wrt:wait,30>Qué extraño se siente ser un sheriff.","Sheriff... <wrt:wait,30>Rasanya asing menjadi seorang Sheriff.","นายอำเภอ... <wrt:wait,30>ฉันเนี่ยนะเป็นนายอำเภอ ไม่คุ้นเลยแฮะ","Eu? Xerife? <wrt:wait,30>Ser chamado de xerife ainda me soa esquisito."
,,,류현,,1_흠,,,"내가 착각을 하고 있는 것 같기도 하고, 아닌 것 같기도 하고... <wrt:break>",Feels like I've got something mixed up. Or maybe not... <wrt:break>,自分が勘違いしている気もするし、そうでもない気もするんだが‥<wrt:break>,我好像哪里弄错了，又好像没弄错‥<wrt:break>,總覺得好像搞錯了什麼，又好像沒有‥<wrt:break>,"Не пойму, мерещится мне все это или нет...<wrt:break>",Rasanya macam ada sesuatu yang dah keliru. Atau mungkin tidak... <wrt:break>,"Không biết là ta đang nhầm lẫn, hay không phải vậy nữa... <wrt:break>","No sé si me estoy imaginando cosas, o si esto es real... <wrt:break>","Sepertinya aku yang sedang salah mengira, atau mungkin tidak... <wrt:break>",เหมือนฉันกำลังเข้าใจผิด แต่ก็เหมือนไม่ใช่... <wrt:break>,Às vezes parece que é coisa da minha cabeça... às vezes não...<wrt:break>
,,,류현,,1_기본,,,후... 낮잠을 너무 오래 자서 그런가? ,Sigh... must be from napping too long.,ふぅ‥昼寝をしすぎたせいか？,呼‥是不是午觉睡太久了？,呼‥午覺睡太久了嗎？,Может я просто слишком долго спал?,Haa... mesti sebab tidur lama sangat.,Hừ... vì ta ngủ trưa quá lâu sao?,Uff... ¿será porque dormí una siesta demasiado larga?,Huff... Apa karena aku tidur siang terlalu lama?,ฮู้ว... เพราะนอนกลางวันนานเกินไปรึเปล่านะ?,Uff... Será que é porque dormi demais?
,,,TAG,,,,,"<eff:black,3>","<eff:black,3>","<eff:black,3>","<eff:black,3>","<eff:black,3>","<eff:black,3>","<eff:black,3>","<eff:black,3>","<eff:black,3>","<eff:black,3>","<eff:black,3>","<eff:black,3>"
,,,TAG,,,,,"<cha:pos,소담,-4><cha:pos,류현,0>","<cha:pos,소담,-4><cha:pos,류현,0>","<cha:pos,소담,-4><cha:pos,류현,0>","<cha:pos,소담,-4><cha:pos,류현,0>","<cha:pos,소담,-4><cha:pos,류현,0>","<cha:pos,소담,-4><cha:pos,류현,0>","<cha:pos,소담,-4><cha:pos,류현,0>","<cha:pos,소담,-4><cha:pos,류현,0>","<cha:pos,소담,-4><cha:pos,류현,0>","<cha:pos,소담,-4><cha:pos,류현,0>","<cha:pos,소담,-4><cha:pos,류현,0>","<cha:pos,소담,-4><cha:pos,류현,0>"
,,,-,,,,,"<txt:bold,3><txt:color,grey>~잠시 뒤~</txt:color></txt:bold>","<txt:bold,3><txt:color,grey>A short while later...</txt:color></txt:bold>","<txt:bold,3><txt:color,grey>～しばらく後～</txt:color></txt:bold>","<txt:bold,3><txt:color,grey>～片刻之后～</txt:color></txt:bold>","<txt:bold,3><txt:color,grey>～片刻之後～</txt:color></txt:bold>","<txt:bold,3><txt:color,grey>Позже в этот же день</txt:color></txt:bold>","<txt:bold,3><txt:color,grey>Tidak lama kemudian...</txt:color></txt:bold>","<txt:bold,3><txt:color,grey>~ Một Lát Sau ~</txt:color></txt:bold>","<txt:bold,3><txt:color,grey>Un momento después</txt:color></txt:bold>","<txt:bold,3><txt:color,grey>~Sesaat kemudian~</txt:color></txt:bold>","<txt:bold,3><txt:color,grey>~สักครู่ต่อมา~</txt:color></txt:bold>","<txt:bold,3><txt:color,grey>Pouco depois...</txt:color></txt:bold>"
,,,류현,,1_비죽,,,"자, 이제 준비도 끝마쳤고, 슬슬 나가볼까?","All right, ready to go. Let's head out.",さて、支度も終わったし、そろそろ向かうとするか。,好了，准备完毕，差不多该出发了。,好了，準備完畢，差不多該出門了吧？,"Я готов. Ну что, пойдем?","Baiklah, dah bersedia untuk pergi. Jom bertolak.","Rồi, chuẩn bị cũng xong cả rồi, đến lúc ra ngoài thôi nhỉ?","Bien, ya está todo listo. ¿Nos vamos?","Nah, persiapan sudah selesai. Waktunya aku pergi.",เอาล่ะ เตรียมพร้อมเสร็จหมดแล้ว ออกไปเลยดีไหมนะ?,"Agora sim, tudo pronto. Vamos lá?"
,,,-,,,,,"<sys:sfx,쿵><eff:shake,1><txt:bold,2><txt:size,2><txt:shake,2><txt:color,grey>(끼얏호우!!)</txt:color></txt:shake></txt:size></txt:bold>","<eff:shake,1><txt:bold,2><txt:size,2><txt:shake,2><txt:color,grey>(Yeehaw!)</txt:color></txt:shake></txt:size></txt:bold>","<eff:shake,1><txt:bold,2><txt:size,2><txt:shake,2><txt:color,grey>(ヒャッハー！！)</txt:color></txt:shake></txt:size></txt:bold>","<eff:shake,1><txt:bold,2><txt:size,2><txt:shake,2><txt:color,grey>（呀呼！！）</txt:color></txt:shake></txt:size></txt:bold>","<eff:shake,1><txt:bold,2><txt:size,2><txt:shake,2><txt:color,grey>（呀呼！！）</txt:color></txt:shake></txt:size></txt:bold>","<sys:sfx,쿵><eff:shake,1><txt:bold,2><txt:size,2><txt:shake,2><txt:color,grey>(А-а-а-а!!!)</txt:color></txt:shake></txt:size></txt:bold>","<eff:shake,1><txt:bold,2><txt:size,2><txt:shake,2><txt:color,grey>(Yeehaw!)</txt:color></txt:shake></txt:size></txt:bold>","<eff:shake,1><txt:bold,2><txt:size,2><txt:shake,2><txt:color,grey>(Khàaaa!!)</txt:color></txt:shake></txt:size></txt:bold>","<eff:shake,1><txt:bold,2><txt:size,2><txt:shake,2><txt:color,grey>(¡Yijaaa!)</txt:color></txt:shake></txt:size></txt:bold>","<eff:shake,1><txt:bold,2><txt:size,2><txt:shake,2><txt:color,grey>(Yii-haa!!)</txt:color></txt:shake></txt:size></txt:bold>","<eff:shake,1><txt:bold,2><txt:size,2><txt:shake,2><txt:color,grey>(วู้ววว!!)</txt:color></txt:shake></txt:size></txt:bold>","<eff:shake,1><txt:bold,2><txt:size,2><txt:shake,2><txt:color,grey>(Uhuuul!)</txt:color></txt:shake></txt:size></txt:bold>"
,,,류현,,1_기본,pause,,"...잠깐, <wrt:wait,15><txt:bold,1>이 소리는?!</txt:bold>","Wait... <wrt:wait,15><txt:bold,1>I know that sound!</txt:bold>","‥待て。<wrt:wait,15><txt:bold,1>今の声は！？</txt:bold>","‥等等，<wrt:wait,15><txt:bold,1>这声音是？！</txt:bold>","‥等等，<wrt:wait,15><txt:bold,1>這聲音是？！</txt:bold>","...<wrt:wait,15><txt:bold,1>Что это за крик?!</txt:bold>","Tunggu... <wrt:wait,15><txt:bold,1>Saya kenal bunyi itu!</txt:bold>","...Khoan đã, <wrt:wait,15><txt:bold,1>âm thanh này là?!</txt:bold>","Un momento... <wrt:wait,15><txt:bold,1>¡¿qué es ese ruido?!</txt:bold>","...Tunggu, <wrt:wait,15><txt:bold,1>suara ini kan?!</txt:bold>","...เดี๋ยวนะ <wrt:wait,15><txt:bold,1>เสียงนี้มัน?!</txt:bold>","Espera... <wrt:wait,15><txt:bold,1>que barulho é esse?</txt:bold>"
,,,TAG,,,,,"<eff:black,3>","<eff:black,3>","<eff:black,3>","<eff:black,3>","<eff:black,3>","<eff:black,3>","<eff:black,3>","<eff:black,3>","<eff:black,3>","<eff:black,3>","<eff:black,3>","<eff:black,3>"
,,,TAG,,,,,"<sys:bgm,BGM_MEET_MINJUN,600>","<sys:bgm,BGM_MEET_MINJUN,600>","<sys:bgm,BGM_MEET_MINJUN,600>","<sys:bgm,BGM_MEET_MINJUN,600>","<sys:bgm,BGM_MEET_MINJUN,600>","<sys:bgm,BGM_MEET_MINJUN,600>","<sys:bgm,BGM_MEET_MINJUN,600>","<sys:bgm,BGM_MEET_MINJUN,600>","<sys:bgm,BGM_MEET_MINJUN,600>","<sys:bgm,BGM_MEET_MINJUN,600>","<sys:bgm,BGM_MEET_MINJUN,600>","<sys:bgm,BGM_MEET_MINJUN,600>"
,,,TAG,,,,,"<cha:qpos,무영,-2><cha:pos,류현,2>","<cha:qpos,무영,-2><cha:pos,류현,2>","<cha:qpos,무영,-2><cha:pos,류현,2>","<cha:qpos,무영,-2><cha:pos,류현,2>","<cha:qpos,무영,-2><cha:pos,류현,2>","<cha:qpos,무영,-2><cha:pos,류현,2>","<cha:qpos,무영,-2><cha:pos,류현,2>","<cha:qpos,무영,-2><cha:pos,류현,2>","<cha:qpos,무영,-2><cha:pos,류현,2>","<cha:qpos,무영,-2><cha:pos,류현,2>","<cha:qpos,무영,-2><cha:pos,류현,2>","<cha:qpos,무영,-2><cha:pos,류현,2>"
,,,무영,,1_기본,,,"<txt:shake,1>모, 모두 도망치세요!</txt:shake>","<txt:shake,1>E-everyone, run for it!</txt:shake>","<txt:shake,1>に、逃げてください、皆さん！</txt:shake>","<txt:shake,1>大、大家快跑！</txt:shake>","<txt:shake,1>大、大家快逃！</txt:shake>","<txt:shake,1>В-все спасайтесь!</txt:shake>","<txt:shake,1>S-semua, lari cepat!</txt:shake>","<txt:shake,1>M, mọi người mau chạy đi!</txt:shake>","<txt:shake,1>¡T-todos corran!</txt:shake>","<txt:shake,1>Se-semuanya cepat lari!</txt:shake>","<txt:shake,1>ทะ ทุกคนหนีไป!</txt:shake>","<txt:shake,1>T-todos, corram!</txt:shake>"
,,,류현,,1_크윽,,exclam,촌장님!! 뭐가 어떻게 된 겁니까?,Chief! What's going on here?,村長！！一体何が起きているんですか！？,村长！！发生什么事了？,村長！！發生什麼事了？,"Староста, что здесь происходит?",Ketua! Kenapa ni?,Trưởng làng!! Rốt cuộc đã xảy ra chuyện gì vậy?,¡¡Alcalde!! ¿Qué es lo que está pasando?,Kepala desa!! Apa yang terjadi?,ผู้ใหญ่บ้าน!! เกิดอะไรขึ้นครับ?,Muyeong! O que está acontecendo?!
,,,무영,,1_기본,,,"<txt:bold,2><txt:color,orange>류현</txt:color></txt:bold>! 마을을 노리던 무법자들이 또 찾아왔습니다! ","<txt:bold,2><txt:color,orange>Ryuhyeon</txt:color></txt:bold>! The outlaws who've been after our town! They're back!","<txt:bold,2><txt:color,orange>真一</txt:color></txt:bold>様！村を狙っていた無法者たちが、また現れたのです！","<txt:bold,2><txt:color,orange>昊天</txt:color></txt:bold>！那些盯上村子的亡命之徒又来了！","<txt:bold,2><txt:color,orange>昊天</txt:color></txt:bold>！那群盯上村子的不法之徒又來了！","<txt:bold,2><txt:color,orange>Рюхён</txt:color></txt:bold>! На нас опять напали те бандиты!","<txt:bold,2><txt:color,orange>Ryuhyeon</txt:color></txt:bold>! Penjahat yang mengancam bandar kita! Mereka kembali!","<txt:bold,2><txt:color,orange>Ryuhyeon</txt:color></txt:bold>! Đám vô pháp từng nhắm vào làng ta lại kéo đến rồi!","¡<txt:bold,2><txt:color,orange>Ryuhyeon</txt:color></txt:bold>! ¡Esos forajidos que acechaban el pueblo han vuelto!","<txt:bold,2><txt:color,orange>Ryuhyun</txt:color></txt:bold>! Para penjahat yang mengincar desa datang lagi!","<txt:bold,2><txt:color,orange>รยูฮยอน</txt:color></txt:bold>! พวกผู้ร้ายที่เคยหมายจะเล่นงานหมู่บ้านกลับมาอีกแล้วครับ!","<txt:bold,2><txt:color,orange>Ryuhyeon</txt:color></txt:bold>! Os fora da lei voltaram a atacar a vila!"
,,,무영,,1_고민,,,"한동안 잠잠하기에 이제야 평화가 찾아온 줄 알았는데... <txt:shake,1>어째서 또다시!</txt:shake><cha:qblack,클레르>","It's been quiet for some time, I thought peace had finally returned... <txt:shake,1>Why now, of all times?!</txt:shake><cha:qblack,클레르>","しばらく大人しかったので、ようやく平和が戻ったと思っていたのに‥<txt:shake,1>なぜまたこんなことに！</txt:shake><cha:qblack,클레르>","安静了一阵子，我还以为终于和平了‥<txt:shake,1>怎么又来了！</txt:shake><cha:qblack,클레르>","安靜了一陣子，我還以為終於迎來和平了‥<txt:shake,1>怎麼又來了！</txt:shake><cha:qblack,클레르>","Они так долго не показывались... Я решил, что все закончилось. <txt:shake,1>Но почему снова?!</txt:shake><cha:qblack,클레르>","Sudah lama keadaan sunyi, saya sangka keamanan akhirnya kembali... <txt:shake,1>Kenapa pula sekarang?!</txt:shake><cha:qblack,클레르>","Chúng im ắng một thời gian, tôi cứ tưởng cuối cùng hòa bình đã đến... <txt:shake,1>Sao chúng lại xuất hiện nữa chứ!</txt:shake><cha:qblack,클레르>","Todo había estado tan tranquilo que pensé que la paz finalmente había llegado... <txt:shake,1>¡¿Por qué tiene que pasar esto otra vez?!</txt:shake><cha:qblack,클레르>","Kupikir kedamaian akhirnya datang karena sudah lama mereka tidak muncul... <txt:shake,1>Tapi kenapa lagi!</txt:shake><cha:qblack,클레르>","เห็นเงียบไปพักหนึ่ง ก็นึกว่าความสงบสุขจะมาเยือนแล้วซะอีก... <txt:shake,1>ทำไมถึงโผล่มาอีกกัน!</txt:shake><cha:qblack,클레르>","Achei que a paz finalmente tivesse chegado... <txt:shake,1>por que voltaram?!</txt:shake><cha:qblack,클레르>"
,,,TAG,,,,,"<cha:pos,무영,-4><cha:pos,류현,-2><cha:pos,클레르,2>","<cha:pos,무영,-4><cha:pos,류현,-2><cha:pos,클레르,2>","<cha:pos,무영,-4><cha:pos,류현,-2><cha:pos,클레르,2>","<cha:pos,무영,-4><cha:pos,류현,-2><cha:pos,클레르,2>","<cha:pos,무영,-4><cha:pos,류현,-2><cha:pos,클레르,2>","<cha:pos,무영,-4><cha:pos,류현,-2><cha:pos,클레르,2>","<cha:pos,무영,-4><cha:pos,류현,-2><cha:pos,클레르,2>","<cha:pos,무영,-4><cha:pos,류현,-2><cha:pos,클레르,2>","<cha:pos,무영,-4><cha:pos,류현,-2><cha:pos,클레르,2>","<cha:pos,무영,-4><cha:pos,류현,-2><cha:pos,클레르,2>","<cha:pos,무영,-4><cha:pos,류현,-2><cha:pos,클레르,2>","<cha:pos,무영,-4><cha:pos,류현,-2><cha:pos,클레르,2>"
,,,???,,,,,"하! 평화로운 세월에 무뎌진 모양이군, <txt:bold,2><txt:color,orange>류현</txt:color></txt:bold>.","Ha! Looks like all those peaceful years have made you soft, <txt:bold,2><txt:color,orange>Ryuhyeon</txt:color></txt:bold>.","ハッ！平和ボケして、すっかり鈍ってしまったようだな、<txt:bold,2><txt:color,orange>真一</txt:color></txt:bold>。","哈！看来安逸的日子让你变迟钝了啊，<txt:bold,2><txt:color,orange>昊天</txt:color></txt:bold>。","哈！看來安逸的日子讓你變遲鈍了啊，<txt:bold,2><txt:color,orange>昊天</txt:color></txt:bold>。","Ха! Мирная жизнь сделала из тебя рохлю, <txt:bold,2><txt:color,orange>Рюхён</txt:color></txt:bold>.","Ha! Nampaknya sekian lama hidup aman itu dah buat kau jadi lembut, <txt:bold,2><txt:color,orange>Ryuhyeon</txt:color></txt:bold>.","Hừ! Có vẻ tháng ngày yên bình đã khiến ngươi chậm chạp đi rồi nhỉ, <txt:bold,2><txt:color,orange>Ryuhyeon</txt:color></txt:bold>.","¡Ja! Parece que los años de paz te han ablandado, <txt:bold,2><txt:color,orange>Ryuhyeon</txt:color></txt:bold>.","Ha! Sepertinya kau sudah tumpul karena terlalu lama hidup damai, <txt:bold,2><txt:color,orange>Ryuhyun</txt:color></txt:bold>.","เฮอะ! ท่าทางว่าช่วงเวลาที่สงบสุขจะทำให้นายเฉื่อยชาไปแล้วสินะ <txt:bold,2><txt:color,orange>รยูฮยอน</txt:color></txt:bold>","Rá! Parece que a vida tranquila te deixou lento, <txt:bold,2><txt:color,orange>Ryuhyeon</txt:color></txt:bold>."
,,,류현,,-1_크윽,,exclam,너는...! 대체 이게 무슨 짓이냐!,You! What's the meaning of this!,お前は‥！一体何のつもりだ！,你这家伙‥！这到底是怎么回事！,是你‥！你這是在搞什麼鬼！,Ты! Что ты здесь делаешь?,Engkau! Apa maksud semua ini!,Ngươi...! Rốt cuộc ngươi đang giở trò gì vậy!,¡Tú...! ¡Pero ¿qué significa todo esto?!,Kamu...! Apa-apaan ini!,นาย...! ทำอะไรของนายน่ะ!,Ei! O que diabos você tá fazendo?!
,,,클레르,,1_미소,,,</cha:black>무슨 짓이긴. 네놈에게 복수를 하려는 거지.,</cha:black>Isn't it obvious? I'm here to settle our score.,</cha:black>何のつもりかって？てめえに復讐しに来たに決まってるだろ。,</cha:black>还能怎么回事，当然是来找你报仇的。,</cha:black>搞什麼鬼？當然是來找你報仇的。,</cha:black>Разве не очевидно? Я пришел отомстить тебе.,</cha:black>Bukankah jelas? Aku datang untuk menyelesaikan hutang lama kita.,</cha:black>Giở trò gì ư? Tất nhiên là trả thù ngươi rồi.,</cha:black>¿Qué crees que significa? He venido a cobrar mi venganza.,</cha:black>Apa lagi. Aku ingin balas dendam padamu.,</cha:black>จะทำอะไรได้ ฉันก็ตั้งใจจะแก้แค้นนายน่ะสิ,</cha:black>Não é óbvio? Vim me vingar de você.
,,,클레르,,1_미소+,,,우리 조직을 쑥대밭으로 만들어 놓고 여기서 느긋하게 살 수 있을 줄 알았나?,You wrecked our gang and thought you could just live in peace here?,俺たちの組織をめちゃくちゃにしておいて、この村でのうのうと暮らせるとでも思ったか？,你把我们的组织搅得天翻地覆，还以为能在这里安稳度日？,把我們組織搞得天翻地覆，你以為還能悠哉地在這裡過日子嗎？,"После всего, что ты сделал с нами, решил отсидеться тут в тишине?","Kau hancurkan kumpulan kami, kau sangka kau boleh hidup aman begitu saja?","Ngươi phá tan tổ chức của bọn ta, rồi tưởng có thể ung dung sống ở đây sao?",¡Hiciste pedazos nuestra organización! ¡¿De verdad creíste que podrías vivir aquí tan tranquilo?!,Apa kau pikir bisa hidup tenang di sini setelah menghancurkan organisasi kami?,ทำให้องค์กรของฉันพังย่อยยับไปแบบนั้น แล้วคิดว่าจะได้ใช้ชีวิตสุขสบายอยู่ที่นี่รึไง?,Pensou que podia acabar com a gente e ficar de boa?
,,,클레르,,1_미소,,,네가 여기서 평화롭게 낮잠이나 자는 동안 우린 무너진 아지트에서 이날을 기다리며 이를 갈았어.,"While you napped away without a care, we've been rotting in the ruins of our hideout, waiting for this day.",てめえがここで呑気に昼寝してる間、俺たちは崩れたアジトでこの日を待ちわびながら復讐の牙を研いでたんだよ。,你在这里安心睡大觉的时候，我们在被毁的据点里咬牙切齿，就为了等这一天。,你在這裡悠哉睡午覺的時候，我們可是躲在崩塌的基地裡咬牙切齒地等著這一天啊。,"Пока ты спал в своей деревне, мы собирались с силами и готовились к мести.","Masa kau tidur lena tanpa risau, kami mereput di tempat kami yang usang, menunggu hari ini.","Trong lúc ngươi yên bình ngủ trưa ở đây, bọn ta đã nghiến răng chờ ngày này trong căn cứ đổ nát.","Mientras tú dormías muy tranquilo, nosotros nos pudríamos en las ruinas de nuestra base, contando los días para vengarnos.","Saat kau asyik tidur siang di sini, kami mengasah taring di markas yang kau hancurkan, semua demi hari ini.",ขณะที่นายนอนกลางวันอย่างสบายใจอยู่ที่นี่ พวกเราได้แต่กัดฟันรอวันนี้อยู่ในฐานที่มั่นที่พังทลาย,"Enquanto você tirava seus cochilos em paz, nós remoíamos o ódio nas ruínas do nosso esconderijo, esperando esse dia."
,,,클레르,,1_기본,,joy,우린 빚진 건 반드시 이자까지 쳐서 갚아주는 사람들이거든.,Folks like us always pay our debts back with interest.,俺たちはな、借りは利子付きで返す主義なんでね。,我们可是那种连本带利都要讨回来的人。,我們可是那種連本帶利都要討回來的那種人。,Мы всегда возвращаем долги. С процентами.,Orang seperti kami sentiasa membayar hutang dengan bunga sekali.,Bọn ta là kiểu người đã nợ thì nhất định sẽ trả đủ cả vốn lẫn lãi.,"Después de todo, somos de los que siempre cobran sus deudas... y con intereses.",Kami ini tipe orang yang akan membalas utang lengkap beserta bunganya.,พวกเราเป็นประเภทที่ถ้ามีหนี้แค้น ก็จะต้องเอาคืนพร้อมดอกเบี้ยเสมอซะด้วยสิ,"A gente paga o que deve, e com juros."
,,,류현,,-1_분노,,,"<txt:shake,1>네놈...!</txt:shake> 이건 우리의 문제잖아!! 마을 사람들까지 끌어들이다니... 각오는 되었겠지!!","<txt:shake,1>You...!</txt:shake> This is between us! Dragging the townsfolk into it... You'd better be ready!","<txt:shake,1>この野郎‥！</txt:shake>これは私たちの問題だろう！！村の人たちまで巻き込むとは‥覚悟はできているんだろうな！！","<txt:shake,1>你这家伙‥！</txt:shake>这是我们之间的问题！！竟然把村民也卷进来‥你做好觉悟了吧！！","<txt:shake,1>你這傢伙‥！</txt:shake>這明明是我們之間的恩怨！！居然把村民也牽扯進來‥看來你已經做好覺悟了！！","<txt:shake,1>Негодяй!</txt:shake> Наши разборки должны были остаться между нами. Зачем ты втянул жителей деревни?","<txt:shake,1>Kau...!</txt:shake> Ini antara kita! Tergamak kau melibatkan penduduk bandar... Baik kau bersedia!","<txt:shake,1>Khốn kiếp...!</txt:shake> Đây là chuyện giữa chúng ta mà!! Ngươi còn lôi cả dân làng vào... chắc đã chuẩn bị tinh thần rồi chứ!!","<txt:shake,1>¡Maldito seas...!</txt:shake> ¡Este es un asunto entre nosotros! No debiste involucrar a la gente del pueblo... ¡Espero estés listo para las consecuencias!","<txt:shake,1>Sialan...!</txt:shake> Ini masalah kita!! Kau sampai melibatkan warga desa... Bersiaplah!!","<txt:shake,1>นาย...!</txt:shake> เรื่องนี้มันเป็นปัญหาของเรานี่นา!! ถึงกับลากชาวบ้านเข้ามาเกี่ยวด้วยแบบนี้... คงจะเตรียมใจไว้แล้วสินะ!!","<txt:shake,1>Desgraçado!</txt:shake> Isso é entre nós!! Como ousa envolver os moradores da vila... espero que esteja preparado para as consequências!!"
,,,클레르,,1_미소,wave,,"어이쿠, 성급하긴. 네놈과 직접 싸우기엔 내가 너무 귀하신 몸이라서 말이야.","Oh my, so impatient. I'm afraid I'm far too valuable to dirty my hands on you directly.",おっと、気が早いな。てめえと直接やり合うには、俺はちょいと偉くなりすぎたんでね。,哎哟，别这么心急。要我亲自对付你，未免也太掉价了。,哎呀，別急嘛。本大爺的身分可是很尊貴的，哪能親自對付你。,"Не горячись. Лично драться с тобой мне, знаешь ли, статус не позволяет.","Wah, tak sabarnya. Tapi aku terlalu berharga untuk mengotorkan tangan aku dengan berurusan dengan kau.","Ôi chà, nóng vội thật đấy. Với thân phận cao quý của ta, trực tiếp đấu với ngươi thì hơi quá phí phạm.","¡Vaya, qué impaciente! Pero mi presencia es demasiado valiosa como para rebajarme a pelear contigo personalmente.","Aduh, jangan terburu-buru. Tubuhku ini terlalu berharga untuk bertarung langsung denganmu.",โธ่ ใจร้อนชะมัด ฉันน่ะสูงส่งเกินกว่าจะลดตัวลงไปสู้กับนายเอง,"Nossa, quanta pressa... pena que você não vale meu esforço."
,,,클레르,,1_미소+,,,우선 내 부하들부터 상대해 보시지.,My men will entertain you first.,まずは俺の部下どもを相手してもらおうか。,先尝尝我手下的厉害吧。,先嚐嚐我手下的厲害吧。,Для начала разберись с моими людьми.,Anak buah aku akan melayan kau dulu.,"Trước hết, cứ tiếp đám thuộc hạ của ta đi đã.",Primero tendrás que vencer a mis hombres.,Hadapi dulu anak buahku.,นายลองรับมือกับพวกลูกน้องของฉันก่อนแล้วกันนะ,Que tal lidar primeiro com os meus homens?
,,,클레르,,1_기본,,,부디 전설의 총잡이의 솜씨가 녹슬지 않았길 빌지. ,Let's hope your legendary gunslinger skills haven't gone rusty.,せいぜい、伝説のガンマンの腕が錆びついてないことを祈るんだな。,但愿传说中的神枪手，身手还没生锈。,希望傳奇槍手的身手還沒生鏽啊。,"Надеюсь, легендарный стрелок еще не потерял форму.",Harap-harap kemahiran penembak legenda kau itu belum berkarat.,Mong là tài nghệ của tay súng huyền thoại vẫn chưa mai một.,Rezaré para que la puntería del “pistolero legendario” no se haya oxidado.,"Aku doakan, semoga kemampuan sang Penembak Jitu legendaris belum karatan.",หวังว่าฝีมือของนักแม่นปืนในตำนานจะยังไม่ขึ้นสนิมล่ะ,Espero que a habilidade do lendário atirador ainda esteja afiada.
,,,류현,,-1_분노,,,"...단숨에 끝내주마. <cha:pop,류현>덤벼라!","I'll finish this in one shot. <cha:pop,류현>Come on, then!","‥一瞬で片付けてやる。<cha:pop,류현>来い！","‥我会速战速决的。<cha:pop,류현>放马过来吧！","‥我會一口氣解決你們的。<cha:pop,류현>放馬過來！","И не думал. <cha:pop,류현>Подходите.","Aku akan tamatkan ini dengan satu tembakan. <cha:pop,류현>Mari kalau berani!","...Để ta kết liễu trong chớp mắt. <cha:pop,류현>Lên đi!","... Acabaré con esto en un dos por tres. <cha:pop,류현>¡Vengan por mí!","...Akan kuselesaikan dalam sekejap. <cha:pop,류현>Majulah!","...ฉันจะจัดการให้จบในพริบตาเดียว <cha:pop,류현>เข้ามาเลย!","Vou acabar com isso num instante. <cha:pop,류현>Podem vir!"
,,,클레르,,1_미소,,,"하하하! 얘들아! <wrt:wait,30>준비해 온... <scr:noskip>","Hahaha! Boys! <wrt:wait,30>Bring out the...<scr:noskip>","ハハハ！おい！<wrt:wait,30>例のアレを‥<scr:noskip>","哈哈哈！弟兄们！<wrt:wait,30>把准备好的‥<scr:noskip>","哈哈哈！小的們！<wrt:wait,30>把準備好的‥<scr:noskip>","Ха-ха! Ну что, ребята, <wrt:wait,30>доставайте...<scr:noskip>","Hahaha! Kalian! <wrt:wait,30>Keluarkan... <scr:noskip>","Hahaha! Người đâu! <wrt:wait,30>Mau lấy... <scr:noskip>","¡Ja, ja, ja! ¡Muchachos! <wrt:wait,30>Saquen lo que preparamos...<scr:noskip>","Hahaha! Semuanya! <wrt:wait,30>Bawa yang sudah kita siapkan... <scr:noskip>","ฮ่าฮ่าฮ่า! ทุกคน! <wrt:wait,30>ที่เตรียมมาน่ะ... <scr:noskip>","Hahaha! Rapazes! <wrt:wait,30>Já sabem o que fazer, né? <scr:noskip>"
,,,클레르,,1_미소+,,,"<eff:shake,1><txt:bold,2><txt:size,2>배구공을 꺼내라!!</txt:size></txt:bold><scr:noskip><sys:sfx,샤라랑>","<eff:shake,1><txt:bold,2><txt:size,2>Volleyballs!</txt:size></txt:bold><scr:noskip><sys:sfx,샤라랑>","<eff:shake,1><txt:bold,2><txt:size,2>バレーボールを出せ！！</txt:size></txt:bold><scr:noskip><sys:sfx,샤라랑>","<eff:shake,1><txt:bold,2><txt:size,2>排球拿出来！！</txt:size></txt:bold><scr:noskip><sys:sfx,샤라랑>","<eff:shake,1><txt:bold,2><txt:size,2>排球拿出來！！</txt:size></txt:bold><scr:noskip><sys:sfx,샤라랑>","<eff:shake,1><txt:bold,2><txt:size,2>Волейбольные мячи!</txt:size></txt:bold><scr:noskip><sys:sfx,샤라랑>","<eff:shake,1><txt:bold,2><txt:size,2>Bola tampar!</txt:size></txt:bold><scr:noskip><sys:sfx,샤라랑>","<eff:shake,1><txt:bold,2><txt:size,2>quả bóng chuyền đã chuẩn bị ra!!</txt:size></txt:bold><scr:noskip><sys:sfx,샤라랑>","<eff:shake,1><txt:bold,2><txt:size,2>¡¡Saquen los balones de voleibol!!</txt:size></txt:bold><scr:noskip><sys:sfx,샤라랑>","<eff:shake,1><txt:bold,2><txt:size,2>Yaitu bola voli!!</txt:size></txt:bold><scr:noskip><sys:sfx,샤라랑>","<eff:shake,1><txt:bold,2><txt:size,2>เอาลูกวอลเลย์บอลออกมาเลย!!</txt:size></txt:bold><scr:noskip><sys:sfx,샤라랑>","<eff:shake,1><txt:bold,2><txt:size,2>Peguem a bola de vôlei!</txt:size></txt:bold><scr:noskip><sys:sfx,샤라랑>"
,,,류현,,-1_흠,pause,quest,"<wrt:delay,12>......<wrt:wait,30>배구... <wrt:wait,30>공?</wrt:delay><scr:noskip>","<wrt:delay,12>...<wrt:wait,30>Volley...<wrt:wait,30> balls?</wrt:delay><scr:noskip>","<wrt:delay,12>‥<wrt:wait,30>バレー‥<wrt:wait,30>ボール？</wrt:delay><scr:noskip>","<wrt:delay,12>‥<wrt:wait,30>排‥<wrt:wait,30>球？</wrt:delay><scr:noskip>","<wrt:delay,12>‥<wrt:wait,30>排‥<wrt:wait,30>球？</wrt:delay><scr:noskip>","<wrt:delay,12>...<wrt:wait,30>Волейбольные...<wrt:wait,30> Мячи?</wrt:delay><scr:noskip>","<wrt:delay,12>...<wrt:wait,30>Bola...<wrt:wait,30> tampar?</wrt:delay><scr:noskip>","<wrt:delay,12>......<wrt:wait,30>Bóng... <wrt:wait,30>chuyền?</wrt:delay><scr:noskip>","<wrt:delay,12>...<wrt:wait,30>¿Balones...<wrt:wait,30>de voleibol?</wrt:delay><scr:noskip>","<wrt:delay,12>......<wrt:wait,30>Bola... <wrt:wait,30>voli?</wrt:delay><scr:noskip>","<wrt:delay,12>......<wrt:wait,30>ลูก... <wrt:wait,30>วอลเลย์บอล?</wrt:delay><scr:noskip>","<wrt:delay,12>Hã? <wrt:wait,30>Bola... de... <wrt:wait,30>vôlei?</wrt:delay><scr:noskip>"
,,,클레르,,1_미소,wave,,왜? 이제 와서 모르는 척이라도 하겠다는 거냐? <wrt:break>아니면 은퇴하더니 결투 방법조차 잊어버린 건가?,"What, you going to play dumb now? <wrt:break>Or did retirement make you forget how a duel even works?",何だ？今さら知らないフリでもする気か？<wrt:break>それとも引退して、決闘のルールも忘れちまったか？,怎么？事到如今还想装傻吗？<wrt:break>还是说退隐之后，连决斗的规矩都忘了？,怎麼？事到如今還想裝傻嗎？<wrt:break>還是說引退之後，連決鬥的方式都忘了？,"Что такое, ничего не помнишь? <wrt:break>На пенсии уже все правила забыл?","Apa, buat-buat bodoh pula? <wrt:break>Ke persaraan dah buat kau lupa bagaimana nak bertarung?",Sao thế? Đến giờ còn định giả vờ không biết à? <wrt:break>Hay nghỉ hưu rồi nên quên luôn cả cách quyết đấu?,¿Qué pasa? ¿Vas a hacerte el que no sabe nada ahora? <wrt:break>¿O acaso el retiro hizo que olvidaras cómo se lleva a cabo un duelo?,Kenapa? Sekarang kau mau pura-pura tidak tahu? <wrt:break>Atau kamu sudah lupa cara berduel setelah pensiun?,ทำไม? จะมาทำเป็นไม่รู้เรื่องเอาป่านนี้รึไง? <wrt:break>หรือพอเกษียณก็ลืมแม้กระทั่งวิธีดวลไปแล้ว?,Ué? Vai bancar o desentendido agora? <wrt:break>Ou se aposentou e esqueceu até como se duela?
,,,클레르,,1_미소,,,"<txt:bold,1>공을 떨어뜨리는 자가 모든 것을 잃는다. <wrt:break>아이들도 아는 상식이잖아?</txt:bold>","<txt:bold,1>He who drops the ball loses everything. <wrt:break>That's something even children know, isn't it?</txt:bold>","<txt:bold,1>ボールを落とした者が、すべてを失う。<wrt:break>ガキでも知ってる常識だろ？</txt:bold>","<txt:bold,1>让球落地的人输掉一切。<wrt:break>连小孩子都知道的常识吧？</txt:bold>","<txt:bold,1>讓球落地的人就輸掉一切。<wrt:break>這連小孩都知道的常識吧？</txt:bold>","<txt:bold,1>Проигрывает тот, кто уронит мяч. <wrt:break>Это любой ребенок знает.</txt:bold>","<txt:bold,1>Siapa yang menjatuhkan bola akan kalah segalanya. <wrt:break>Budak kecil pun tahu, kan?</txt:bold>","<txt:bold,1>Kẻ để bóng rơi sẽ mất tất cả. <wrt:break>Đó là lẽ thường đến trẻ con cũng biết mà?</txt:bold>","<txt:bold,1>El que deje caer el balón lo pierde todo. <wrt:break>Hasta los niños saben que esa es la regla.</txt:bold>","<txt:bold,1>Siapa yang menjatuhkan bola akan kehilangan segalanya. <wrt:break>Bukankah itu pengetahuan dasar yang bahkan anak kecil pun tahu?</txt:bold>","<txt:bold,1>ผู้ที่พลาดทำลูกตกจะสูญเสียทุกสิ่ง <wrt:break>เรื่องแค่นี้เด็กอนุบาลยังรู้เลย</txt:bold>","<txt:bold,1>Quem deixar a bola cair perde tudo. <wrt:break>É o básico, qualquer criança sabe.</txt:bold>"
,,,류현,,-1_흠,pause,sweat,"<wrt:delay,5>...어? 그런... 거였나?</wrt:delay> 으음...  그러고 보니 다들 옷차림도 이상하고...","<wrt:delay,5>...Huh? Is that... how it goes?</wrt:delay> Hmm... come to think of it, everyone's outfits are odd too...","<wrt:delay,5>‥え？そう‥だったか？</wrt:delay>うむ‥そういえば、みんな妙な格好をしているし‥","<wrt:delay,5>‥啊？是这‥规矩吗？</wrt:delay>唔‥说起来，大家的穿着也怪怪的‥","<wrt:delay,5>‥啊？是‥這樣嗎？</wrt:delay>嗯‥難怪大家都穿得這麼奇怪‥","<wrt:delay,5>Хм... Вот как?</wrt:delay> Одежда у всех какая-то странная...","<wrt:delay,5>...Hah? Macam... itu ke?</wrt:delay> Hmm... ya tak ya, pakaian semua orang pun pelik juga...","<wrt:delay,5>...Hả? Là... vậy sao?</wrt:delay> Ừm... Nhắc mới thấy trang phục của mọi người cũng lạ thật...","<wrt:delay,5>...¿Eh? ¿Así... era la cosa?</wrt:delay> Mmm... ahora que lo pienso, todos están vestidos de forma rara...","<wrt:delay,5>...Eh? Apa begitu?</wrt:delay> Hmm... Kalau dilihat-lihat, baju kalian semua juga aneh...","<wrt:delay,5>...เอ๋? งั้น... เหรอ?</wrt:delay> อืม... จะว่าไปแล้ว การแต่งตัวของทุกคนก็แปลกกันหมด...","<wrt:delay,5>Hein? Era assim que funcionava?</wrt:delay> Hum... Pensando bem... todo mundo tá vestido de forma estranha..."
,,,무영,,,,,"<txt:bold,2><txt:color,orange>류현</txt:color></txt:bold>! 지금이야말로 솜씨를 보여줘야 할 때입니다! 마을을 구해주세요!","<txt:bold,2><txt:color,orange>Ryuhyeon</txt:color></txt:bold>! Now's the time to show what you can do! Please save our town!","<txt:bold,2><txt:color,orange>真一</txt:color></txt:bold>様！今こそ、その腕前を見せる時です！どうか村をお救いください！","<txt:bold,2><txt:color,orange>昊天</txt:color></txt:bold>！现在正是展现您身手的时候！请救救村子吧！","<txt:bold,2><txt:color,orange>昊天</txt:color></txt:bold>！現在正是展現你身手的時候了！請拯救村子吧！","<txt:bold,2><txt:color,orange>Рюхён</txt:color></txt:bold>! Только ты можешь защитить деревню.","<txt:bold,2><txt:color,orange>Ryuhyeon</txt:color></txt:bold>! Sekaranglah masanya untuk menunjukkan kebolehan awak! Tolong selamatkan bandar kami!","<txt:bold,2><txt:color,orange>Ryuhyeon</txt:color></txt:bold>! Giờ chính là lúc cậu phải thể hiện tài nghệ! Hãy cứu lấy ngôi làng!","¡<txt:bold,2><txt:color,orange>Ryuhyeon</txt:color></txt:bold>! ¡Ahora es cuando debes demostrar tu talento! ¡Por favor, salva al pueblo!","<txt:bold,2><txt:color,orange>Ryuhyun</txt:color></txt:bold>! Sekaranglah saatnya menunjukkan kemampuan Anda! Selamatkan desa ini!","<txt:bold,2><txt:color,orange>รยูฮยอน</txt:color></txt:bold>! ตอนนี้แหละที่คุณจะต้องโชว์ฝีมือ! ช่วยหมู่บ้านทีนะครับ!","<txt:bold,2><txt:color,orange>Ryuhyeon</txt:color></txt:bold>! Agora é a hora de mostrar sua habilidade! Por favor, salve a vila!"
,,,류현,,-1_기본,,,"...그래, 지금은 마을이 먼저지. 알겠습니다!","...Right, the town comes first. Understood!",‥そうだな、今はまず、村を守るのが先だ。承知しました！,‥对，现在村子最重要。明白了！,‥沒錯，現在保護村子最重要。我知道了！,"Верно, сейчас не время отвлекаться.","...Betul, yang penting bandar. Faham!","...Phải, bây giờ phải ưu tiên ngôi làng trước. Tôi hiểu rồi!","... Tienes razón, ahora lo primero es el pueblo. ¡Está bien!","...Benar, keselamatan desa lah yang paling penting sekarang. Saya mengerti!",...ใช่ ตอนนี้หมู่บ้านต้องมาก่อนสินะ ได้เลยครับ!,Certo... Agora a prioridade é a vila. Pode deixar!
,경기 승리,#,MAP,,,,,서부 마을,서부 마을,서부 마을,서부 마을,서부 마을,서부 마을,서부 마을,서부 마을,서부 마을,서부 마을,서부 마을,서부 마을
,,#,BGM,,,,,BGM_BAD_SANGHYEON1,BGM_BAD_SANGHYEON1,BGM_BAD_SANGHYEON1,BGM_BAD_SANGHYEON1,BGM_BAD_SANGHYEON1,BGM_BAD_SANGHYEON1,BGM_BAD_SANGHYEON1,BGM_BAD_SANGHYEON1,BGM_BAD_SANGHYEON1,BGM_BAD_SANGHYEON1,BGM_BAD_SANGHYEON1,BGM_BAD_SANGHYEON1
,,#,류현,-2,-1_크윽,,,,,,,,,,,,,,
,,#,클레르,2,1_기본,,,,,,,,,,,,,,
,,#,무영,-4,1_기본,,,,,,,,,,,,,,
,,,류현,,-1_크윽,,,"<txt:shake,1>헉... 헉...</txt:shake> 자, 약속대로 이제 물러나. 다시는 이 마을에 발을 들이지 마.","<txt:shake,1>Huff... huff...</txt:shake> Now, retreat as we agreed. Never set foot in this town again.","<txt:shake,1>はぁ‥はぁ‥</txt:shake>さあ、約束通りもう引き上げろ。二度とこの村に足を踏み入れるな。","<txt:shake,1>呼‥呼‥</txt:shake>好了，那就按说好的，滚吧。再也别踏进这个村子半步。","<txt:shake,1>呼‥呼‥</txt:shake>好了，照約定快滾。別再踏進這個村子一步。","<txt:shake,1>Кх...</txt:shake> Вот и все. А теперь проваливайте. Чтобы ноги вашей здесь не было.","<txt:shake,1>Huff... huff...</txt:shake> Sekarang, berundur seperti yang kita setujui. Jangan jejakkan kaki di bandar ini lagi.","<txt:shake,1>Hộc... hộc...</txt:shake> Rồi, đúng như đã hứa, giờ thì rút lui đi. Đừng bao giờ đặt chân vào ngôi làng này nữa.","<txt:shake,1>Ah... ah...</txt:shake> Bien, como prometiste, retírate ahora. No vuelvas a poner un pie en este pueblo jamás.","<txt:shake,1>Hughh, huughh...</txt:shake> Sesuai janji, pergilah sekarang juga. Jangan pernah injakkan kaki di desa ini lagi.","<txt:shake,1>แฮ่ก... แฮ่ก...</txt:shake> เอาล่ะ ทีนี้ก็ถอยกลับไปตามสัญญาซะ แล้วอย่าได้เหยียบเข้ามาที่หมู่บ้านนี้อีก","<txt:shake,1>Arf... arf...</txt:shake> Muito bem, cumpra o combinado e vá embora. E não ouse voltar a este lugar."
,,,클레르,,1_미소,,,...흐흐흐.,Heh... heh.,‥フフフ。,‥呵呵呵。,‥呵呵呵。,Хе-хе-хе...,Heh... heh.,...Hừ hừ hừ.,"... Je, je, je.",...Hehehe.,...หึหึหึ,Hehehe...
,,,류현,,-1_크윽,,quest,"...<wrt:wait,15>뭐가 우스운 거냐.","...<wrt:wait,15>What's so funny?","‥<wrt:wait,15>何がおかしい。","‥<wrt:wait,15>你笑什么。","‥<wrt:wait,15>有什麼好笑的。","... <wrt:wait,15>Что смешного?","...<wrt:wait,15>Apa yang lucunya sangat?","...<wrt:wait,15>Có gì đáng cười?","...<wrt:wait,15>¿De qué te ríes?","...<wrt:wait,15>Apa yang lucu?","...<wrt:wait,15>มีอะไรน่าขำกัน","Hum... <wrt:wait,15>Do que você tá rindo?"
,,,클레르,,1_미소+,,,"<txt:shake,1>하하하!</txt:shake> 역시 대단하군. <wrt:break>하지만 말이야, 넌 예나 지금이나 너무 눈앞의 승부에만 몰두하는 게 문제야.","<txt:shake,1>Hahaha!</txt:shake> Impressive as always. <wrt:break>But your problem hasn't changed. You can only ever focus on the fight in front of you.","<txt:shake,1>ハハハ！</txt:shake>やっぱり大したもんだな。<wrt:break>だがよ、てめえは昔も今も、目の前の勝負に夢中になりやすいのが問題なんだよ。","<txt:shake,1>哈哈哈！</txt:shake>果然名不虚传。<wrt:break>不过嘛，你从以前到现在，老是只顾着眼前的胜负，这可是个大问题。","<txt:shake,1>哈哈哈！</txt:shake>果然厲害。<wrt:break>不過啊，你不管以前還是現在，總是太過專注於眼前的勝負，這點真是個大問題啊。","<txt:shake,1>Ха-ха-ха!</txt:shake> Ничего не изменилось.<wrt:break> Ты по-прежнему видишь только саму игру и забываешь обо всем остальном.","<txt:shake,1>Hahaha!</txt:shake> Hebat seperti biasa. <wrt:break>Tapi masalah kau tak pernah berubah. Kau hanya fokus pada lawan di depan mata saja.","<txt:shake,1>Hahaha!</txt:shake> Quả nhiên lợi hại. <wrt:break>Nhưng mà, vấn đề của ngươi từ xưa đến nay vẫn là quá mải mê với thắng bại ngay trước mắt.","<txt:shake,1>¡Jajajaja!</txt:shake> Realmente eres increíble. <wrt:break>Pero escucha, tu problema es que siempre te dejas cegar por la victoria que tienes frente a tus ojos.","<txt:shake,1>Hahaha!</txt:shake> Kamu memang hebat. <wrt:break>Tapi ya, masalahmu dari dulu sampai sekarang masih sama, selalu saja terfokus pada kemenangan di depan mata.","<txt:shake,1>ฮ่าฮ่าฮ่า!</txt:shake> ยอดเยี่ยมจริงๆ <wrt:break>แต่ว่านะ ปัญหาของนายก็คือ ไม่ว่าจะเมื่อก่อนหรือตอนนี้ นายก็เอาแต่หมกมุ่นอยู่กับการแข่งขันตรงหน้ามากเกินไป","<txt:shake,1>Hahaha!</txt:shake> Realmente incrível. <wrt:break>Mas sabe qual é o seu problema? Você sempre se concentra demais no duelo à sua frente."
,,,클레르,,1_미소,,,"결투에서 이기면 뭐 하나? <wrt:break><wrt:wait,15><txt:bold,1>소중한 것 하나 지키지 못하는데.</txt:bold>","What good is winning a duel? <wrt:break><wrt:wait,15><txt:bold,1>When you can't protect the thing that really matters?</txt:bold>","決闘に勝ったところで何になる？<wrt:break><wrt:wait,15><txt:bold,1>肝心なものを何一つ守れやしないくせにな。</txt:bold>","赢了决斗又怎样？<wrt:break><wrt:wait,15><txt:bold,1>连自己想守护的东西都守护不住。</txt:bold>","就算贏了決鬥又怎樣？<wrt:break><wrt:wait,15><txt:bold,1>連最珍視的東西都守不住。</txt:bold>","К чему эта победа? <wrt:break><wrt:wait,15><txt:bold,1>Если в итоге ты потерял нечто важное.</txt:bold>","Apa gunanya menang pertarungan? <wrt:break><wrt:wait,15><txt:bold,1>Kalau tak mampu melindungi apa yang paling penting?</txt:bold>","Thắng quyết đấu thì có ích gì? <wrt:break><wrt:wait,15><txt:bold,1>Khi ngay cả thứ quý giá cũng không bảo vệ nổi.</txt:bold>","¿De qué sirve ganar un duelo? <wrt:break><wrt:wait,15><txt:bold,1>Si no puedes proteger lo que más te importa.</txt:bold>","Apa gunanya menang duel? <wrt:break><wrt:wait,15><txt:bold,1>Kalau kamu bahkan tidak bisa melindungi hal yang berharga.</txt:bold>","ถ้าชนะการดวลแล้วจะมีประโยชน์อะไรล่ะ? <wrt:break><wrt:wait,15><txt:bold,1>ในเมื่อสิ่งสำคัญแค่อย่างเดียวก็ยังรักษาไว้ไม่ได้</txt:bold>","De que adianta vencer um duelo? <wrt:break><wrt:wait,15><txt:bold,1>Se você não consegue proteger nem o que é mais precioso.</txt:bold>"
,,,류현,,-1_흠,pause,,"...<wrt:wait,30>소중한 것?","...<wrt:wait,30>What matters?","‥<wrt:wait,30>肝心なもの、だと？","‥<wrt:wait,30>想守护的东西？","‥<wrt:wait,30>珍視的東西？","... <wrt:wait,30>О чем ты?","... <wrt:wait,30>Apa yang penting?","...<wrt:wait,30>Thứ quý giá?","...<wrt:wait,30>¿Lo que más me importa?","...<wrt:wait,30>Hal yang berharga?","...<wrt:wait,30>สิ่งสำคัญ?","Hã? <wrt:wait,30>Precioso?"
,,,TAG,,,,,"<cha:pos,무영,-2><cha:pos,류현,0>","<cha:pos,무영,-2><cha:pos,류현,0>","<cha:pos,무영,-2><cha:pos,류현,0>","<cha:pos,무영,-2><cha:pos,류현,0>","<cha:pos,무영,-2><cha:pos,류현,0>","<cha:pos,무영,-2><cha:pos,류현,0>","<cha:pos,무영,-2><cha:pos,류현,0>","<cha:pos,무영,-2><cha:pos,류현,0>","<cha:pos,무영,-2><cha:pos,류현,0>","<cha:pos,무영,-2><cha:pos,류현,0>","<cha:pos,무영,-2><cha:pos,류현,0>","<cha:pos,무영,-2><cha:pos,류현,0>"
,,,무영,,1_기본,,exclam,"<txt:bold,2><txt:color,orange>류현</txt:color></txt:bold>!! <txt:bold,2><txt:color,orange>류현</txt:color></txt:bold>!!","<txt:bold,2><txt:color,orange>Ryuhyeon</txt:color></txt:bold>! <txt:bold,2><txt:color,orange>Ryuhyeon</txt:color></txt:bold>!","<txt:bold,2><txt:color,orange>真一</txt:color></txt:bold>様！！<txt:bold,2><txt:color,orange>真一</txt:color></txt:bold>様！！","<txt:bold,2><txt:color,orange>昊天</txt:color></txt:bold>！！<txt:bold,2><txt:color,orange>昊天</txt:color></txt:bold>！！","<txt:bold,2><txt:color,orange>昊天</txt:color></txt:bold>！！<txt:bold,2><txt:color,orange>昊天</txt:color></txt:bold>！！","<txt:bold,2><txt:color,orange>Рюхён</txt:color></txt:bold>! <txt:bold,2><txt:color,orange>Рюхён</txt:color></txt:bold>!","<txt:bold,2><txt:color,orange>Ryuhyeon</txt:color></txt:bold>! <txt:bold,2><txt:color,orange>Ryuhyeon</txt:color></txt:bold>!","<txt:bold,2><txt:color,orange>Ryuhyeon</txt:color></txt:bold>!! <txt:bold,2><txt:color,orange>Ryuhyeon</txt:color></txt:bold>!!","¡¡<txt:bold,2><txt:color,orange>Ryuhyeon</txt:color></txt:bold>!! ¡¡<txt:bold,2><txt:color,orange>Ryuhyeon</txt:color></txt:bold>!!","<txt:bold,2><txt:color,orange>Ryuhyun</txt:color></txt:bold>!! <txt:bold,2><txt:color,orange>Ryuhyun</txt:color></txt:bold>!!","<txt:bold,2><txt:color,orange>รยูฮยอน</txt:color></txt:bold>!! <txt:bold,2><txt:color,orange>รยูฮยอน</txt:color></txt:bold>!!","<txt:bold,2><txt:color,orange>Ryuhyeon</txt:color></txt:bold>! <txt:bold,2><txt:color,orange>Ryuhyeon</txt:color></txt:bold>!"
,,,류현,,-1_크윽,,,촌장님!,Chief!,村長！,村长！,村長！,Староста!,Ketua!,Trưởng làng!,¡Alcalde!,Kepala desa!,ผู้ใหญ่บ้าน!,Muyeong!
,,,무영,,1_기본,,,"<txt:bold,2><txt:color,orange>류현</txt:color></txt:bold>, <txt:bold,2><txt:color,orange>소담</txt:color></txt:bold>이... <txt:size,2><txt:bold,2><txt:color,orange>소담</txt:color></txt:bold>이 없어졌습니다!!</txt:size> <wrt:break><txt:shake,1>분명히 조금 전까지 이 근처에 있었는데...!</txt:shake>","<txt:bold,2><txt:color,orange>Ryuhyeon</txt:color></txt:bold>, <txt:bold,2><txt:color,orange>Sodam</txt:color></txt:bold>... <txt:size,2>She's gone!</txt:size> <wrt:break><txt:shake,1>She was here just now...!</txt:shake>","<txt:bold,2><txt:color,orange>真一</txt:color></txt:bold>様、<txt:bold,2><txt:color,orange>翆</txt:color></txt:bold>が‥<txt:size,2><txt:bold,2><txt:color,orange>翆</txt:color></txt:bold>がいなくなってしまいました！！</txt:size><wrt:break><txt:shake,1>ほんの少し前まで、この辺りにいたはずなのに‥！</txt:shake>","<txt:bold,2><txt:color,orange>昊天</txt:color></txt:bold>，<txt:bold,2><txt:color,orange>芷柔</txt:color></txt:bold>她‥<txt:size,2><txt:bold,2><txt:color,orange>她</txt:color></txt:bold>不见了！！</txt:size> <wrt:break><txt:shake,1>明明刚才还在附近的‥！</txt:shake>","<txt:bold,2><txt:color,orange>昊天</txt:color></txt:bold>，<txt:bold,2><txt:color,orange>芷柔</txt:color></txt:bold>她‥<txt:size,2><txt:bold,2><txt:color,orange>芷柔</txt:color></txt:bold>不見了！！</txt:size><wrt:break><txt:shake,1>明明剛才還在這附近的‥！</txt:shake>","<txt:bold,2><txt:color,orange>Рюхён</txt:color></txt:bold>! <txt:bold,2><txt:color,orange>Содам</txt:color></txt:bold>... <txt:size,2><txt:bold,2><txt:color,orange>Содам</txt:color></txt:bold> пропала!</txt:size> <wrt:break><txt:shake,1> Еще минуту назад она была тут!</txt:shake>","<txt:bold,2><txt:color,orange>Ryuhyeon</txt:color></txt:bold>, <txt:bold,2><txt:color,orange>Sodam</txt:color></txt:bold>... <txt:size,2>Dia dah hilang!</txt:size> <wrt:break><txt:shake,1>Tadi dia ada di sini...!</txt:shake>","<txt:bold,2><txt:color,orange>Ryuhyeon</txt:color></txt:bold>, <txt:bold,2><txt:color,orange>Sodam</txt:color></txt:bold>... <txt:size,2><txt:bold,2><txt:color,orange>Sodam</txt:color></txt:bold> biến mất rồi!!</txt:size> <wrt:break><txt:shake,1>Rõ ràng vừa nãy con bé còn ở gần đây mà...!</txt:shake>","<txt:bold,2><txt:color,orange>Ryuhyeon</txt:color></txt:bold>, <txt:bold,2><txt:color,orange>Sodam</txt:color></txt:bold>... <txt:size,2>¡¡<txt:bold,2><txt:color,orange>Sodam</txt:color></txt:bold> ha desaparecido!!</txt:size>¡Estaba por aquí hasta hace un momento...!","<txt:bold,2><txt:color,orange>Ryuhyun</txt:color></txt:bold>, <txt:bold,2><txt:color,orange>Sodam</txt:color></txt:bold>... <txt:size,2><txt:bold,2><txt:color,orange>Sodam</txt:color></txt:bold> menghilang!!</txt:size> <wrt:break><txt:shake,1>Padahal tadi dia masih ada di sekitar sini...!</txt:shake>","<txt:bold,2><txt:color,orange>รยูฮยอน</txt:color></txt:bold> <txt:bold,2><txt:color,orange>โซดัม</txt:color></txt:bold>น่ะ... <txt:size,2><txt:bold,2><txt:color,orange>โซดัม</txt:color></txt:bold>หายตัวไปครับ!!</txt:size> <wrt:break><txt:shake,1>ผมแน่ใจว่าจนถึงเมื่อกี้เธอยังอยู่แถวนี้เลย...!</txt:shake>","<txt:bold,2><txt:color,orange>Ryuhyeon</txt:color></txt:bold>, a <txt:bold,2><txt:color,orange>Sodam</txt:color></txt:bold>... a <txt:size,2><txt:bold,2><txt:color,orange>Sodam</txt:color></txt:bold> sumiu!</txt:size> <wrt:break><txt:shake,1>Tenho certeza de que estava aqui segundos atrás!</txt:shake>"
,,,류현,,-1_분노,,,"...<wrt:wait,15><txt:bold,1>너 이 자식!!</txt:bold>","...<wrt:wait,15><txt:bold,1>You snake!</txt:bold>","‥<wrt:wait,15><txt:bold,1>この野郎！！</txt:bold>","‥<wrt:wait,15><txt:bold,1>你这个混蛋！！</txt:bold>","‥<wrt:wait,15><txt:bold,1>你這混帳！！</txt:bold>","...<wrt:wait,15><txt:bold,1>Ах ты мерзавец!</txt:bold>","...<wrt:wait,15><txt:bold,1>Kau penyangak!</txt:bold>","...<wrt:wait,15><txt:bold,1>Đồ khốn này!!</txt:bold>","...<wrt:wait,15><txt:bold,1>¡¡Maldito seas!!</txt:bold>","...<wrt:wait,15><txt:bold,1>Dasar kau sialan!!</txt:bold>","...<wrt:wait,15><txt:bold,1>นาย!!</txt:bold>","Seu... <wrt:wait,15><txt:bold,1>canalha!</txt:bold>"
,,,클레르,,1_미소,wave,,하하하! 지금쯤 내 부하들이 그 꼬맹이를 데리고 아지트로 향하고 있을 거다.,Ha ha! By now my men should be on their way back to the hideout with that brat.,ハハハ！今頃、俺の部下どもがあのガキを連れてアジトに向かってる頃だろうよ。,哈哈哈！这会儿我的手下估计已经带着那个小丫头回据点了吧。,哈哈哈！現在我的手下應該已經帶著那小丫頭回基地了吧。,Ха-ха-ха! Мои люди уже наверняка тащат эту девчонку в наше логово.,Ha ha! Anak buah aku dah dalam perjalanan pulang ke tempat kami bersama budak hingusan itu.,Hahaha! Chắc lúc này thuộc hạ của ta đang đưa con nhóc đó về căn cứ rồi.,"¡Jajajaja! A estas alturas, mis hombres ya deben estar llegando a la base con esa mocosa.",Hahaha! Saat ini anak buahku pasti sedang membawa bocah itu ke markas.,ฮ่าฮ่าฮ่า! ตอนนี้พวกลูกน้องของฉันคงจะกำลังพาตัวเด็กนั่นไปฐานที่มั่น,"Hahaha! A essa altura, meus capangas já devem estar levando a garotinha para o esconderijo."
,,,클레르,,1_미소+,,,"<txt:bold,2><txt:color,orange>류현</txt:color></txt:bold>, 네가 우리 조직에 준 굴욕... <wrt:wait,30>그 아이가 대신 받게 될지도 모르겠군?","<txt:bold,2><txt:color,orange>Ryuhyeon</txt:color></txt:bold>, the humiliation you gave our gang... <wrt:wait,30>Maybe that little girl will pay the price in your place.","<txt:bold,2><txt:color,orange>真一</txt:color></txt:bold>、てめえが俺たちの組織に与えた屈辱‥<wrt:wait,30>あのガキに代わりに味わってもらうのも悪くないなぁ？","<txt:bold,2><txt:color,orange>昊天</txt:color></txt:bold>，你让我们组织受的屈辱‥<wrt:wait,30>说不定都要由那个小丫头来替你偿还了呢？","<txt:bold,2><txt:color,orange>昊天</txt:color></txt:bold>，你給我們組織帶來的屈辱‥<wrt:wait,30>說不定就要由那孩子代為承受了喔？","<txt:bold,2><txt:color,orange>Рюхён</txt:color></txt:bold>, может она отплатит за тот позор,<wrt:wait,30> что ты нам устроил?","<txt:bold,2><txt:color,orange>Ryuhyeon</txt:color></txt:bold>, atas penghinaan kau kepada kumpulan kami... <wrt:wait,30>Mungkin budak perempuan itu akan menanggung balasan bagi pihak kau.","<txt:bold,2><txt:color,orange>Ryuhyeon</txt:color></txt:bold>, nỗi nhục mà ngươi đã gieo cho tổ chức bọn ta... <wrt:wait,30>biết đâu con bé đó sẽ phải nhận thay đấy?","<txt:bold,2><txt:color,orange>Ryuhyeon</txt:color></txt:bold>, la humillación a la que sometiste a nuestra organización... <wrt:wait,30>¿será que esa niña tendrá que pagarla por ti?","<txt:bold,2><txt:color,orange>Ryuhyun</txt:color></txt:bold>, penghinaan yang telah kau beri pada organisasi kami... <wrt:wait,30>Mungkin saja akan ditanggung oleh anak itu?","<txt:bold,2><txt:color,orange>รยูฮยอน</txt:color></txt:bold> ความอัปยศที่นายมอบให้องค์กรของฉันน่ะ... <wrt:wait,30>เด็กนั่นอาจจะต้องเป็นคนรับแทนก็ได้นะ?","<txt:bold,2><txt:color,orange>Ryuhyeon</txt:color></txt:bold>, a vergonha que você fez nosso grupo passar... <wrt:wait,30>Talvez aquela criança pague o preço no seu lugar."
,,,류현,,-1_분노,,angry,"<txt:bold,1><txt:size,2>네놈—!!</txt:size></txt:bold>","<txt:bold,1><txt:size,2>You...!</txt:size></txt:bold>","<txt:bold,1><txt:size,2>この野郎ー！！</txt:size></txt:bold>","<txt:bold,1><txt:size,2>你这家伙——！！</txt:size></txt:bold>","<txt:bold,1><txt:size,2>你這傢伙——！！</txt:size></txt:bold>","<txt:bold,1><txt:size,2>Не смей!</txt:size></txt:bold>","<txt:bold,1><txt:size,2>Kau...!</txt:size></txt:bold>","<txt:bold,1><txt:size,2>Khốn kiếp!!!</txt:size></txt:bold>","<txt:bold,1><txt:size,2>¡¡DESGRACIADO!!</txt:size></txt:bold>","<txt:bold,1><txt:size,2>Dasar sial—!!</txt:size></txt:bold>","<txt:bold,1><txt:size,2>นาย—!!</txt:size></txt:bold>","<txt:bold,1><txt:size,2>Desgraçado!</txt:size></txt:bold>"
,,,클레르,,1_미소+,,,"뒤쫓고 싶다면 와라!! 하지만, 늦으면 그 꼬맹이는 <txt:bold,1>영영 못 보게 될 거다!</txt:bold> 하하하!","Come after us if you dare! But if you're too slow, you'll <txt:bold,1>never see that brat again!</txt:bold> Ha ha ha!","追いかけたけりゃ来いよ！！だが、遅れればあのガキとは<txt:bold,1>二度と会えなくなるぞ！</txt:bold>ハハハ！","想追就来吧！！不过要是晚了，那小丫头<txt:bold,1>你可就永远都见不到了！</txt:bold>哈哈哈！","想追的話就來吧！！不過，要是晚了，那小丫頭可能就<txt:bold,1>永遠回不來了喔！</txt:bold>哈哈哈！","Если хочешь спасти ее , то вперед! Только поторопись, <txt:bold,1>иначе девчонка исчезнет навсегда</txt:bold>!","Kejarlah kalau kau berani! Tapi kalau terlalu lambat, kau <txt:bold,1>takkan jumpa budak itu lagi!</txt:bold> Ha ha ha!","Muốn đuổi theo thì cứ đến!! Nhưng nếu chậm chân, ngươi sẽ <txt:bold,1>không bao giờ được gặp lại</txt:bold> con nhóc đó nữa đâu! Hahaha!","¡Si quieres recuperarla, ven por ella! Pero si tardas, <txt:bold,1>¡no volverás a verla nunca más!</txt:bold> ¡Jajajaja!","Kejar saja kalau mau!! Tapi kalau telat, kau <txt:bold,1>tidak akan bisa melihat bocah itu lagi!</txt:bold> Hahaha!","ถ้าอยากไล่ตามก็มาเลย!! แต่ถ้าช้า <txt:bold,1>นายก็จะไม่ได้เห็นเด็กนั่นอีกตลอดไป!</txt:bold> ฮ่าฮ่าฮ่า!","Se tem coragem, venha atrás! Mas se demorar, <txt:bold,1>nunca mais verá aquela criança!</txt:bold>"
,,,TAG,,,,,"<cha:pos,무영,-2><cha:pos,류현,2><cha:pos,클레르,4>","<cha:pos,무영,-2><cha:pos,류현,2><cha:pos,클레르,4>","<cha:pos,무영,-2><cha:pos,류현,2><cha:pos,클레르,4>","<cha:pos,무영,-2><cha:pos,류현,2><cha:pos,클레르,4>","<cha:pos,무영,-2><cha:pos,류현,2><cha:pos,클레르,4>","<cha:pos,무영,-2><cha:pos,류현,2><cha:pos,클레르,4>","<cha:pos,무영,-2><cha:pos,류현,2><cha:pos,클레르,4>","<cha:pos,무영,-2><cha:pos,류현,2><cha:pos,클레르,4>","<cha:pos,무영,-2><cha:pos,류현,2><cha:pos,클레르,4>","<cha:pos,무영,-2><cha:pos,류현,2><cha:pos,클레르,4>","<cha:pos,무영,-2><cha:pos,류현,2><cha:pos,클레르,4>","<cha:pos,무영,-2><cha:pos,류현,2><cha:pos,클레르,4>"
,,,류현,,1_크윽,,,...크읏.,...Damn.,‥くっ。,‥可恶。,‥可惡。,Ненавижу...,...Sial.,...Khực.,"Ah, agh...",...Khhh.,...หน็อย,Tsc...
,,,무영,,1_고민,nervous,,"...<txt:bold,2><txt:color,orange>류현</txt:color></txt:bold>, 이건 제 잘못입니다. 제가 더 주의 깊게 살펴야 했는데.","...<txt:bold,2><txt:color,orange>Ryuhyeon</txt:color></txt:bold>, this is my fault. I should have kept a closer eye on her.","‥<txt:bold,2><txt:color,orange>真一</txt:color></txt:bold>様、これは私の責任です。もっと注意して見ているべきでした。","‥<txt:bold,2><txt:color,orange>昊天</txt:color></txt:bold>，都怪我。我应该看紧点她的。","‥<txt:bold,2><txt:color,orange>昊天</txt:color></txt:bold>，這都是我的錯。我應該看緊她的。","... <txt:bold,2><txt:color,orange>Рюхён</txt:color></txt:bold>, это моя вина. Мне стоило быть внимательнее.","...<txt:bold,2><txt:color,orange>Ryuhyeon</txt:color></txt:bold>, ini salah saya. Saya sepatutnya mengawasinya dengan lebih rapi.","...<txt:bold,2><txt:color,orange>Ryuhyeon</txt:color></txt:bold>, đây là lỗi của tôi. Lẽ ra tôi phải để mắt kỹ hơn.","...<txt:bold,2><txt:color,orange>Ryuhyeon</txt:color></txt:bold>, esto es culpa mía. Debí haber sido más cuidadoso.","...<txt:bold,2><txt:color,orange>Ryuhyun</txt:color></txt:bold>, ini salah saya. Seharusnya saya memperhatikannya dengan lebih baik.","...<txt:bold,2><txt:color,orange>รยูฮยอน</txt:color></txt:bold> นี่เป็นความผิดของผมเองครับ ผมควรจะต้องตรวจดูให้รอบคอบกว่านี้แท้ๆ","Ugh... <txt:bold,2><txt:color,orange>Ryuhyeon</txt:color></txt:bold>, isso aconteceu por minha causa. Eu devia ter prestado mais atenção."
,,,무영,,1_기본,nervous,,지금 당장 마을 사람들을 모으겠습니다! 더 이상 저들에게 당하고만 있을 순 없어요!,Let me round up the townsfolk right now! We can't keep just taking this from them!,今すぐ村の者たちを集めます！これ以上、あいつらの好き勝手にはさせません！,我现在就去召集村民！我们不能再任由他们欺负了！,我現在馬上把村民召集起來！不能再任由他們欺負了！,Я немедленно соберу всех жителей. Нельзя и дальше терпеть все это!,Biar saya kumpulkan penduduk bandar! Kita tak boleh sabar lagi dengan perbuatan mereka!,Tôi sẽ tập hợp dân làng ngay bây giờ! Không thể cứ để chúng ức hiếp chúng ta mãi được!,¡Ahora mismo reuniré a la gente del pueblo! ¡No podemos dejar que nos sigan pisoteando!,Saya akan mengumpulkan warga desa sekarang juga! Kita tidak bisa membiarkan mereka terus-terusan bertindak semena-mena!,ผมจะเรียกชาวบ้านมารวมตัวกันเดี๋ยวนี้เลยครับ! จะยอมให้พวกนั้นทำกับเราอยู่ฝ่ายเดียวไม่ได้อีกต่อไปแล้ว!,Vou reunir os moradores da vila agora mesmo! Não podemos mais ficar à mercê deles!
,,,류현,,1_흠,pause,,"...<wrt:wait,30>아닙니다, 촌장님. 사람들을 움직일 필요 없어요.","...<wrt:wait,30>No, Chief. There's no need to get the townsfolk involved.","‥<wrt:wait,30>いいえ、村長。人を動かす必要はありません。","‥<wrt:wait,30>不必了，村长。不用惊动大家。","‥<wrt:wait,30>不必了，村長。不需要勞師動眾。","... <wrt:wait,30>Не нужно вмешивать жителей.","...<wrt:wait,30>Tidak, Ketua. Tak perlu melibatkan penduduk bandar.","...<wrt:wait,30>Không, trưởng làng. Không cần huy động mọi người đâu.","...<wrt:wait,30>Alcalde, no es necesario que reúna a la gente del pueblo.","...<wrt:wait,30>...Tidak perlu, Kepala desa. Tidak perlu melibatkan orang-orang.","...<wrt:wait,30>ไม่ครับ ผู้ใหญ่บ้าน ไม่จำเป็นต้องให้ทุกคนเคลื่อนไหวหรอก","Hum... <wrt:wait,30>Não, chefe. Não é preciso envolver os moradores."
,,,-,,,,,"<txt:color,grey>(바닥에 떨어져 있던 자신의 붉은 망토를 집어 든다. 먼지를 털어내고 망토를 어깨에 걸친 뒤, 모자를 깊게 눌러쓴다.)</txt:color>","<txt:color,grey>(He picks up his red cloak from the ground. He dusts off the dirt, throws it over his shoulders, and pulls his hat down low.)</txt:color>","<txt:color,grey>(地面に落ちていた自分の赤いマントを拾い上げる。土埃を軽く払い落とし、肩へ羽織ると最後に笠を深く被り直した)</txt:color>","<txt:color,grey>（捡起掉在地上的红色披风。拍去灰尘，将披风披在肩上，深深地压低帽檐。）</txt:color>","<txt:color,grey>（撿起掉落在地上的紅色披風。拍去灰塵，將披風披在肩上，然後壓低了帽子。）</txt:color>","<txt:color,grey>(Он поднимает с земли свой красный плащ, стряхивает пыль, накидывает его на плечи и низко надвигает шляпу.)</txt:color>","<txt:color,grey>(Dia mengutip jubah merahnya dari tanah. Mengebaskan kotoran, menyarungkannya ke bahu, lalu menarik topinya menutupi wajah.)</txt:color>","<txt:color,grey>(Nhặt chiếc áo choàng đỏ của mình đang rơi trên đất lên. Phủi bụi, khoác áo choàng lên vai rồi kéo vành mũ xuống thấp.)</txt:color>","<txt:color,grey>(Recoge su capa roja del suelo. Le sacude el polvo, se la pone en los hombros y se ajusta el sombrero ocultando su mirada.)</txt:color>","<txt:color,grey>(Ryuhyun mengambil jubah merahnya yang tergeletak di tanah. Membersihkan debu dan menyampirkan jubah itu ke bahunya, lalu menarik topinya ke bawah.)</txt:color>","<txt:color,grey>(เขาหยิบเสื้อคลุมสีแดงของตัวเองที่ตกอยู่บนพื้นขึ้นมา ปัดฝุ่นออกแล้วสวมไว้ที่ไหล่ ก่อนจะกดหมวกลงต่ำ)</txt:color>","<txt:color,grey>(Ele pega a capa vermelha caída no chão, sacode a poeira, joga-a sobre os ombros e ajusta o chapéu.)</txt:color>"
,,,류현,,1_흠,,,"녀석들은 <wrt:wait,15><txt:bold,1>저를 불렀습니다.</txt:bold> 이건 제 싸움이에요.","They came <wrt:wait,15><txt:bold,1>for me.</txt:bold> This is my fight.","奴らは<wrt:wait,15><txt:bold,1>私を呼んだのです。</txt:bold>それなら、これは私の戦いです。","他们的<wrt:wait,15><txt:bold,1>目标是我。</txt:bold>这是我的战斗。","他們<wrt:wait,15><txt:bold,1>點名要找我。</txt:bold>這是我的戰鬥。","Они <wrt:wait,15><txt:bold,1>пришли за мной.</txt:bold> Значит, это моя битва.","Mereka datang <wrt:wait,15><txt:bold,1>untuk aku.</txt:bold> Ini pertarunganku.","Bọn chúng <wrt:wait,15><txt:bold,1>đã gọi đích danh tôi.</txt:bold> Đây là trận chiến của tôi.","Esos tipos me llamaron <wrt:wait,15><txt:bold,1>a mí.</txt:bold> Esta es mi pelea.","Mereka <wrt:wait,15><txt:bold,1>memanggil saya.</txt:bold> Ini adalah pertarungan saya.","คนที่เจ้าพวกนั้นต้องการ<wrt:wait,15><txt:bold,1>ก็คือผม</txt:bold> นี่คือการต่อสู้ของผมครับ","Eles... <wrt:wait,15><txt:bold,1>me provocaram.</txt:bold> Eu vou lidar com isso sozinho."
,,,무영,,1_기본,,exclam,"하지만, <txt:bold,2><txt:color,orange>류현</txt:color></txt:bold>, 저 험한 곳으로 혼자 가는 건 너무 위험해요!!","But <txt:bold,2><txt:color,orange>Ryuhyeon</txt:color></txt:bold>, heading into that treacherous canyon alone is far too dangerous!","ですが、<txt:bold,2><txt:color,orange>真一</txt:color></txt:bold>様！あの危険な渓谷にお一人で向かうなんて、無茶です！！","可是，<txt:bold,2><txt:color,orange>昊天</txt:color></txt:bold>，你一个人去那险恶的峡谷太危险了！！","可是，<txt:bold,2><txt:color,orange>昊天</txt:color></txt:bold>，你一個人去那危險的峽谷太冒險了！！","Но, <txt:bold,2><txt:color,orange>Рюхён</txt:color></txt:bold>, идти одному в то ущелье слишком опасно!","Tetapi <txt:bold,2><txt:color,orange>Ryuhyeon</txt:color></txt:bold>, pergi seorang diri ke tempat berbahaya itu terlalu berisiko!","Nhưng mà, <txt:bold,2><txt:color,orange>Ryuhyeon</txt:color></txt:bold>, một mình cậu đến nơi hiểm trở đó thì quá nguy hiểm!!","¡Pero, <txt:bold,2><txt:color,orange>Ryuhyeon</txt:color></txt:bold>, es demasiado peligroso que vayas solo a un lugar así!","Tapi, <txt:bold,2><txt:color,orange>Ryuhyun</txt:color></txt:bold>, terlalu berbahaya pergi sendirian ke lembah yang ganas itu!!","แต่ว่า <txt:bold,2><txt:color,orange>รยูฮยอน</txt:color></txt:bold> มันอันตรายมากนะครับที่คุณจะไปหุบเขานั่นคนเดียว!!","Mas, <txt:bold,2><txt:color,orange>Ryuhyeon</txt:color></txt:bold>, ir sozinho para aquele vale perigoso é arriscado demais!"
,,,류현,,1_기본,pause,,"하하, 걱정하지 마요. 전 이 마을의 보안관이잖아요.","Ha, don't worry. I am this town's sheriff, after all.",ははっ、心配はいりません。私はこの村の保安官ですから。,哈哈，别担心。我可是这个村子的警长啊。,哈哈，別擔心。我可是這個村子的警長啊。,"Ха-ха, не волнуйся. Я все-таки шериф.","Ha, jangan risau. Saya kan syerif bandar ini.","Haha, đừng lo. Tôi là cảnh sát trưởng của ngôi làng này mà.","Ja, ja. No se preocupe. Después de todo, soy el sheriff de este pueblo.","Haha, jangan khawatir. Kan saya Sheriff di desa ini.",ฮ่าฮ่า ไม่ต้องห่วงหรอกครับ ผมเป็นนายอำเภอของหมู่บ้านนี้นะครับ,"Haha, não precisa se preocupar. Eu sou o xerife desta vila."
,,,류현,,1_기본+,pause,,"제가 <txt:bold,2><txt:color,orange>소담</txt:color></txt:bold>과 모두를... <txt:bold,1>선림을 지키겠습니다.</txt:bold>","I'll keep <txt:bold,2><txt:color,orange>Sodam</txt:color></txt:bold> and everyone safe... <txt:bold,1>I'll protect Seonrim.</txt:bold>","私が<txt:bold,2><txt:color,orange>翆</txt:color></txt:bold>も、みんなも‥<txt:bold,1>仙林を守ってみせます。</txt:bold>","我会守护<txt:bold,2><txt:color,orange>芷柔</txt:color></txt:bold>，守护大家‥<txt:bold,1>守护先林的。</txt:bold>","我會守護<txt:bold,2><txt:color,orange>芷柔</txt:color></txt:bold>和大家‥<txt:bold,1>守護先林。</txt:bold>","Я верну <txt:bold,2><txt:color,orange>Содам</txt:color></txt:bold>... И <txt:bold,1>защищу «Соллим».</txt:bold>","Saya akan memastikan <txt:bold,2><txt:color,orange>Sodam</txt:color></txt:bold> dan semua orang selamat... <txt:bold,1>Saya akan melindungi Seonrim.</txt:bold>","Tôi sẽ bảo vệ <txt:bold,2><txt:color,orange>Sodam</txt:color></txt:bold> và tất cả mọi người... <txt:bold,1>bảo vệ Seonrim.</txt:bold>","Yo protegeré a <txt:bold,2><txt:color,orange>Sodam</txt:color></txt:bold> y a los demás... Protegeré a <txt:bold,1>Seonlim.</txt:bold>","Saya akan melindungi <txt:bold,2><txt:color,orange>Sodam</txt:color></txt:bold>, semuanya... <txt:bold,1>di Sunrim.</txt:bold>","ผมจะปกป้อง<txt:bold,2><txt:color,orange>โซดัม</txt:color></txt:bold>กับทุกคน... <txt:bold,1>แล้วก็ซอนริมเอง</txt:bold>","Eu vou proteger a <txt:bold,2><txt:color,orange>Sodam</txt:color></txt:bold> e todos... <txt:bold,1>E protegerei também a Seonlim.</txt:bold>"
2,경기 전,#,MAP,,,,,서부 마을,서부 마을,서부 마을,서부 마을,서부 마을,서부 마을,서부 마을,서부 마을,서부 마을,서부 마을,서부 마을,서부 마을
,,#,BGM,,,,,BGM_COMIC2,BGM_COMIC2,BGM_COMIC2,BGM_COMIC2,BGM_COMIC2,BGM_COMIC2,BGM_COMIC2,BGM_COMIC2,BGM_COMIC2,BGM_COMIC2,BGM_COMIC2,BGM_COMIC2
,,#,시프,0,1_기본,,,,,,,,,,,,,,
,,#,류현,-4,-1_흠,,,,,,,,,,,,,,
,,,-,,,,,"<txt:bold,3><txt:color,grey>~모래바람이 부는 황야~</txt:color></txt:bold>","<txt:bold,3><txt:color,grey>Sand-swept wasteland</txt:color></txt:bold>","<txt:bold,3><txt:color,grey>～砂塵舞う荒野～</txt:color></txt:bold>","<txt:bold,3><txt:color,grey>～沙尘漫天的荒野～</txt:color></txt:bold>","<txt:bold,3><txt:color,grey>～沙塵飛揚的荒野～</txt:color></txt:bold>","<txt:bold,3><txt:color,grey>Пустошь, где дуют песчаные ветра</txt:color></txt:bold>","<txt:bold,3><txt:color,grey>Tanah tandus disapu pasir</txt:color></txt:bold>","<txt:bold,3><txt:color,grey>~ Hoang Mạc Nổi Gió Cát ~</txt:color></txt:bold>","<txt:bold,3><txt:color,grey>El desierto donde sopla el viento arenoso</txt:color></txt:bold>","<txt:bold,3><txt:color,grey>~Padang pasir yang berdebu~</txt:color></txt:bold>","<txt:bold,3><txt:color,grey>~แดนรกร้างที่พายุทรายพัดพา~</txt:color></txt:bold>","<txt:bold,3><txt:color,grey>Um ermo varrido por ventos de areia...</txt:color></txt:bold>"
,,,시프,,1_경청,,,"...<wrt:wait,30>반드시 잡는 거야, <txt:bold,2><txt:color,orange>시프</txt:color></txt:bold>. <wrt:wait,30>이번엔 절대 놓치지 않아.","...<wrt:wait,30>You're going to catch him this time, <txt:bold,2><txt:color,orange>Sif</txt:color></txt:bold>. <wrt:wait,30>No way you're letting him slip again.","‥<wrt:wait,30>必ず捕まえるんだ、<txt:bold,2><txt:color,orange>シフ</txt:color></txt:bold>。<wrt:wait,30>今度こそ絶対に逃がさない。","‥<wrt:wait,30>一定要抓住他，<txt:bold,2><txt:color,orange>希芙</txt:color></txt:bold>。<wrt:wait,30>这次绝对不能让他跑了。","‥<wrt:wait,30>我一定要抓到他，<txt:bold,2><txt:color,orange>希芙</txt:color></txt:bold>。<wrt:wait,30>這次絕對不會再讓他逃掉。","... <wrt:wait,30>Соберись, <txt:bold,2><txt:color,orange>Сиф</txt:color></txt:bold>. <wrt:wait,30>На этот раз ты его не упустишь.","...<wrt:wait,30>Kali ini awak akan menangkapnya, <txt:bold,2><txt:color,orange>Sif</txt:color></txt:bold>. <wrt:wait,30>Tak mungkin awak biarkan dia terlepas lagi.","...<wrt:wait,30>Nhất định phải bắt được, <txt:bold,2><txt:color,orange>Sif</txt:color></txt:bold>. <wrt:wait,30>Lần này tuyệt đối không để vuột mất.","...<txt:bold,2><txt:color,orange>Sif</txt:color></txt:bold><wrt:wait,30>, lo atraparás sin falta. <wrt:wait,30>Esta vez no dejarás que escape.","....<wrt:wait,30>Aku pasti akan menangkapnya, <txt:bold,2><txt:color,orange>Sif</txt:color></txt:bold>. <wrt:wait,30>Kali ini, aku tidak akan membiarkannya pergi.","...<wrt:wait,30>เธอต้องจับให้ได้นะ <txt:bold,2><txt:color,orange>ซีฟ</txt:color></txt:bold> <wrt:wait,30>ครั้งนี้ห้ามปล่อยให้หลุดมือเด็ดขาด","Ugh... <wrt:wait,30>Você vai pegá-lo desta vez, <txt:bold,2><txt:color,orange>Sif</txt:color></txt:bold>. <wrt:wait,30>Não vou deixar escapar."
,,,시프,,1_기본,,,"나는 황야의 추격자. <wrt:break>무법자들이 이름만 들어도 벌벌 떠는 현상금 사냥꾼 <txt:bold,2>황혼</txt:bold>이라고.","I am the wasteland's pursuer. <wrt:break>I'm <txt:bold,2>Twilight</txt:bold>, the bounty hunter whose very name makes outlaws tremble in their boots.","私は荒野を駆ける追跡者。<wrt:break>無法者どもが名を聞くだけで震え上がるハンター、<txt:bold,2>黄昏</txt:bold>なんだ。","我是荒野的追踪者。<wrt:break>让亡命之徒闻风丧胆的赏金猎人，<txt:bold,2>黄昏</txt:bold>。","我是荒野追蹤者。<wrt:break>是讓不法之徒聞風喪膽的賞金獵人，<txt:bold,2>黃昏</txt:bold>。","Я охотница за головами по прозвищу <txt:bold,2>Сумерки</txt:bold>. <wrt:break>От моего имени трепещут все бандиты.","Sayalah pemburu tanah tandus ini. <wrt:break>Sayalah <txt:bold,2>Twilight</txt:bold>, pemburu upahan yang namanya sahaja membuat penjahat menggigil ketakutan.","Ta là kẻ truy đuổi nơi hoang mạc. <wrt:break>Thợ săn tiền thưởng <txt:bold,2>Hoàng Hôn</txt:bold>, kẻ chỉ nghe tên thôi cũng khiến đám vô pháp run rẩy.","Soy la cazadora del desierto. <wrt:break>La cazarrecompensas a la que los forajidos temen con solo oír el nombre: <txt:bold,2>Crepúsculo</txt:bold>.","Aku adalah sang pengejar di padang pasir. <wrt:break>Sang Pemburu Hadiah <txt:bold,2>'Senja'</txt:bold> yang namanya saja sudah membuat para penjahat gemetar ketakutan.","ฉันคือผู้ไล่ล่าแห่งแดนรกร้าง <wrt:break>นักล่าค่าหัวนามว่า<txt:bold,2>อัสดง</txt:bold> ที่แค่พวกผู้ร้ายได้ยินชื่อก็สั่นกลัวกันแล้ว","Eu sou a Perseguidora do Ermo. <wrt:break>Sou <txt:bold,2>Crepúsculo</txt:bold>, a caçadora de recompensas temida pelos fora da lei."
,,,시프,,1_기본,,,의뢰받은 목표는 수단과 방법을 가리지 않고 끝까지 쫓아 처리하는 게 사냥꾼의 미덕이지.,"Hunting down your target by any means, no matter what it takes. That's a hunter's virtue.",依頼された標的は、手段を選ばず最後まで追い詰めて仕留める。それがハンターの美学というものだ。,为达目的不择手段，对目标紧追不放，这才是猎人的美德。,為了目標不擇手段，緊追到底，這才是獵人的美德。,Настоящая охотница преследует цель до самого конца. Любой ценой.,"Memburu sasaran dengan apa cara sekali pun, tak kira apa yang diperlukan. Itulah prinsip seorang pemburu.","Đuổi theo mục tiêu được giao đến cùng, xử lý bằng mọi thủ đoạn, đó là phẩm chất của một thợ săn.","La virtud de un cazador es perseguir a su objetivo hasta el final y terminar el trabajo, sin importar los medios.",Mengejar target yang ditugaskan sampai akhir dengan cara apa pun adalah etika seorang pemburu.,การไล่ล่าและจัดการกับเป้าหมายที่ได้รับคำสั่งมา โดยไม่เลือกวิธีการใดๆ นั่นแหละคือจารีตของนักล่า,"Quem vive disso não escolhe meios. Aceitou o contrato, persegue até o final."
,,,시프,,1_경청,nervous,silent,"...<wrt:wait,30>하지만, <txt:shake,1>왜 하필 그 녀석들은 이런 비열한 방법을.</txt:shake>","...<wrt:wait,30>But still... <txt:shake,1>why did they have to stoop so low?</txt:shake>","‥<wrt:wait,30>だが。<txt:shake,1>よりによって、なぜあいつらはこんな卑劣な手を使うのだ？</txt:shake>","‥<wrt:wait,30>可是，<txt:shake,1>为什么偏偏是那群家伙，还用这么卑劣的手段。</txt:shake>","‥<wrt:wait,30>但是，<txt:shake,1>為什麼那群傢伙偏偏要用這種卑劣的手段。</txt:shake>","... <wrt:wait,30>Но <txt:shake,1>почему они выбрали такой подлый способ?</txt:shake>","...<wrt:wait,30>Tetapi... <txt:shake,1>kenapa mereka sanggup begitu keji?</txt:shake>","...<wrt:wait,30>Nhưng, <txt:shake,1>tại sao đám đó lại phải dùng cách hèn hạ như thế.</txt:shake>","...<wrt:wait,30>Pero, <txt:shake,1>¿por qué esos tipos tenían que usar métodos tan viles?</txt:shake>","...<wrt:wait,30>Tapi, <txt:shake,1>kenapa mereka harus menggunakan cara selicik ini?</txt:shake>","...<wrt:wait,30>แต่ว่า <txt:shake,1>ทำไมเจ้าพวกนั้นถึงได้เลือกวิธีต่ำช้าแบบนี้กัน</txt:shake>","Hum... <wrt:wait,30>mas... <txt:shake,1>por que eles precisaram usar um método tão covarde?</txt:shake>"
,,,시프,,1_경청,nervous,,"아무리 이 황야에 더 이상 정의는 남아 있지 않다지만, 어린아이를 납치하다니.","Sure, justice may have run dry in this wasteland long ago, but kidnapping a child...",いくらこの荒野に正義なんて残っていないとはいえ、子供を誘拐するなんて。,就算这片荒野早已没有正义可言，绑架小孩子也太‥,就算這片荒野早已沒有正義可言，綁架小孩也太過分了。,"Да, в этом мире давно нет справедливости. Но похищать детей?","Ya, mungkin keadilan sudah lama lenyap di tanah tandus ini, tetapi menculik kanak-kanak...","Dẫu biết nơi hoang mạc này chẳng còn công lý nào nữa, nhưng bắt cóc một đứa trẻ...","Por más que ya no quede justicia en este desierto, secuestrar a una niña es el colmo.","Meski sudah tidak ada lagi keadilan di padang pasir ini, tapi menculik anak kecil itu...",ต่อให้ในแดนรกร้างแห่งนี้จะไม่มีความยุติธรรมหลงเหลืออยู่ก็เถอะ แต่ถึงกับลักพาตัวเด็กน้อยมาเนี่ยนะ,"Mesmo que não exista mais justiça neste ermo, sequestrar uma criança é imperdoável."
,,,시프,,1_기본,nervous,,"하지만, <txt:shake,1><txt:bold,2><txt:color,orange>라울</txt:color></txt:bold> 선배가 명령한 일인 걸...</txt:shake>","And yet... <txt:shake,1>this order came from <txt:bold,2><txt:color,orange>Raul</txt:color></txt:bold>...</txt:shake>","でも、<txt:shake,1><txt:bold,2><txt:color,orange>ラウル</txt:color></txt:bold>先輩の命令とあれば‥</txt:shake>","但是，这可是<txt:shake,1><txt:bold,2><txt:color,orange>拉乌尔</txt:color></txt:bold>前辈的命令啊‥</txt:shake>","可是，<txt:shake,1><txt:bold,2><txt:color,orange>拉烏爾</txt:color></txt:bold>前輩都下令了‥</txt:shake>","И все же <txt:shake,1>это приказ <txt:bold,2><txt:color,orange>Рауля</txt:color></txt:bold>...</txt:shake>","Namun begitu... <txt:shake,1>arahan ini datang daripada <txt:bold,2><txt:color,orange>Raul</txt:color></txt:bold>...</txt:shake>","Nhưng, <txt:shake,1>đây là mệnh lệnh của anh <txt:bold,2><txt:color,orange>Raul</txt:color></txt:bold>...</txt:shake>","Pero, son órdenes de <txt:shake,1><txt:bold,2><txt:color,orange>Raúl</txt:color></txt:bold>...</txt:shake>","Meski begitu, mau bagaimana lagi, ini adalah perintah langsung dari senior <txt:shake,1><txt:bold,2><txt:color,orange>Raul</txt:color></txt:bold>...</txt:shake>","แต่ว่า <txt:shake,1>นี่เป็นคำสั่งของรุ่นพี่<txt:bold,2><txt:color,orange>ราอุล</txt:color></txt:bold>...</txt:shake>","Mas <txt:shake,1>foi uma ordem do <txt:bold,2><txt:color,orange>Raul</txt:color></txt:bold>...</txt:shake>"
,,,시프,,1_경청,nervous,,"<wrt:delay,15>...</wrt:delay>","<wrt:delay,15>...</wrt:delay>","<wrt:delay,15>‥</wrt:delay>","<wrt:delay,15>‥</wrt:delay>","<wrt:delay,15>‥</wrt:delay>","<wrt:delay,15>...</wrt:delay>","<wrt:delay,15>...</wrt:delay>","<wrt:delay,15>...</wrt:delay>","<wrt:delay,15>...</wrt:delay>","<wrt:delay,15>...</wrt:delay>","<wrt:delay,15>...</wrt:delay>","<wrt:delay,15>...</wrt:delay>"
,,,시프,,2_눈감,wave,shy,"<txt:shake,1>흐헤, 헤헤...</txt:shake> 이번에 그 <txt:bold,2>레드후드</txt:bold>를 멋지게 생포해 가면... <wrt:break><txt:bold,2><txt:color,orange>라울</txt:color></txt:bold> 선배가 칭찬해 주려나...?","<txt:shake,1>Heheh, hehe...</txt:shake> If I bring <txt:bold,2>Red Hood</txt:bold> back properly captured this time... <wrt:break>maybe <txt:bold,2><txt:color,orange>Raul</txt:color></txt:bold> will praise me...?","<txt:shake,1>うへ、へへ‥</txt:shake>今度こそ、あの<txt:bold,2>レッドフード</txt:bold>を見事に生け捕りにできたら‥<wrt:break><txt:bold,2><txt:color,orange>ラウル</txt:color></txt:bold>先輩、褒めてくれるかな‥？","<txt:shake,1>嘿嘿，嘿嘿‥</txt:shake>这次要是能漂漂亮亮地活捉那个<txt:bold,2>小红帽</txt:bold>‥<wrt:break><txt:bold,2><txt:color,orange>拉乌尔</txt:color></txt:bold>前辈会不会夸奖我呢‥？","<txt:shake,1>嘿嘿、嘿嘿‥</txt:shake>如果這次能漂亮地活捉那個<txt:bold,2>小紅帽</txt:bold>‥<wrt:break><txt:bold,2><txt:color,orange>拉烏爾</txt:color></txt:bold>前輩會不會稱讚我呢‥？","<txt:shake,1>Хе-хе...</txt:shake> Если я приведу <txt:bold,2>Алого Плаща</txt:bold> живым, <wrt:break>может, <txt:bold,2><txt:color,orange>Рауль</txt:color></txt:bold> меня похвалит?","<txt:shake,1>Heheh, hehe...</txt:shake> Kalau saya berjaya tangkap <txt:bold,2>Red Hood</txt:bold> dengan betul kali ini... <wrt:break>mungkin <txt:bold,2><txt:color,orange>Raul</txt:color></txt:bold> akan puji saya...?","<txt:shake,1>Hư hê, hehe...</txt:shake> Nếu lần này mình bắt sống được <txt:bold,2>Red Hood</txt:bold> thật ngầu đem về... <wrt:break>anh <txt:bold,2><txt:color,orange>Raul</txt:color></txt:bold> sẽ khen mình chứ nhỉ...?","<txt:shake,1>Je, je, je...</txt:shake> Si logro capturar vivo a ese <txt:bold,2>Red Hood</txt:bold> ¿será que... <wrt:break><txt:bold,2><txt:color,orange>Raúl</txt:color></txt:bold> estará orgulloso de mí?...","<txt:shake,1>Hehe, hehehe...</txt:shake> Kalau kali ini aku berhasil menangkap <txt:bold,2>Red Hood</txt:bold> dengan keren... <wrt:break>Apa senior <txt:bold,2><txt:color,orange>Raul</txt:color></txt:bold> akan memujiku...?","<txt:shake,1>ฮิฮิ...</txt:shake> ถ้าครั้งนี้ฉันจับเป็น<txt:bold,2>ฮู้ดแดง</txt:bold>นั่นไปได้ล่ะก็... <wrt:break>รุ่นพี่<txt:bold,2><txt:color,orange>ราอุล</txt:color></txt:bold>จะเอ่ยปากชมรึเปล่านะ...?","<txt:shake,1>Hehehe...</txt:shake> imagina só se eu levar o <txt:bold,2>Red Hood</txt:bold> vivo... <wrt:break>será que o <txt:bold,2><txt:color,orange>Raul</txt:color></txt:bold> vai me elogiar?"
,,,시프,,-2_땀,wave,,요즘 어쩐지 선배의 눈빛이 차가워서 견딜 수가 없단 말이지...,"His gaze has been so cold lately, I really can't bear it...",最近なんだか、先輩の眼差しが冷たくてつらいんだよな‥,最近总觉得前辈的眼神好冷，实在受不了啊‥,總覺得最近前輩的眼神冷冰冰的，讓人好難受啊‥,Его взгляд в последнее время такой ледяной. Невыносимо...,"Wajahnya begitu dingin baru-baru ini, tak tahan saya...","Dạo này chẳng hiểu sao ánh mắt của anh ấy lạnh lùng quá, mình không chịu nổi nữa...",Últimamente su mirada se ha vuelto tan fría que no lo soporto...,"Akhir-akhir ini, entah kenapa tatapan senior terasa sangat dingin, aku sampai tidak tahan...",ไม่รู้ทำไม ช่วงนี้สายตาของรุ่นพี่ถึงได้เย็นชาซะจนฉันแทบทนไม่ได้เลย...,"Ultimamente, o olhar dele anda tão frio que chega a doer."
,,,시프,,2_부끄러움,wave,,"물론... <wrt:wait,30>그런 서늘한 눈빛도 나쁘진 않지만! 하지만 역시 난 선배에게 인정받고 싶은걸...!","Of course... <wrt:wait,30>That icy stare of his isn't bad either! But I still want him to recognize me...!","もちろん‥<wrt:wait,30>ああいう冷たい眼差しも嫌いではないけど！でもやっぱり、先輩には認めてもらいたいし‥！","当然‥<wrt:wait,30>那种冰冷的眼神也很迷人！但我还是想得到前辈的认可啊‥！","當然‥<wrt:wait,30>那種冷酷的眼神也不錯啦！不過我還是希望能得到前輩的認可‥！","Хотя... <wrt:wait,30>Холод во взгляде ему идет. Но все равно хочется, чтобы он меня заметил.","Tapi... <wrt:wait,30>Muka kerasnya itu pun bukannya tak bagus! Tapi saya tetap mahu dia mengiktiraf saya...!","Tất nhiên... <wrt:wait,30>ánh mắt lạnh lùng đó cũng không tệ! Nhưng mình vẫn muốn được anh công nhận hơn...!","Aunque... <wrt:wait,30>¡esa mirada fría tampoco está mal! ¡Pero aún así, quiero que me reconozca!...","Tentu saja... <wrt:wait,30>tatapan dingin seperti itu juga tidak buruk! Dan tetap saja, aku ingin diakui oleh Senior...!","แน่นอนว่า... <wrt:wait,30>สายตาอันเยือกเย็นแบบนั้นก็ไม่ได้แย่หรอกนะ! แต่ฉันอยากได้รับการยอมรับจากรุ่นพี่น่ะสิ...!","Claro... <wrt:wait,30>aquele olhar frio também tem seu charme. Mas eu quero ser reconhecida por ele!"
,,,시프,,-2_눈감,wave,exclam,"<txt:bold,1><txt:shake,1>크윽, 사랑이란 건 왜 이렇게 가혹한 건지!!!</txt:shake></txt:bold>","<txt:bold,1><txt:shake,1>Aghh, why must love be so cruel!</txt:shake></txt:bold>","<txt:bold,1><txt:shake,1>くっ‥恋ってやつは、どうしてこうも残酷なんだぁぁ！！！</txt:shake></txt:bold>","<txt:bold,1><txt:shake,1>呜，爱情为什么这么残酷啊！！！</txt:shake></txt:bold>","<txt:bold,1><txt:shake,1>嗚啊，愛情為何如此殘酷！！！</txt:shake></txt:bold>","<txt:bold,1><txt:shake,1>Эх, почему любовь так жестока?</txt:shake></txt:bold>","<txt:bold,1><txt:shake,1>Aghh, kenapa cinta begitu kejam!</txt:shake></txt:bold>","<txt:bold,1><txt:shake,1>Khực, tại sao tình yêu lại nghiệt ngã đến thế chứ!!!</txt:shake></txt:bold>","<txt:bold,1><txt:shake,1>¡¡Ugh, ¿por qué el amor tiene que ser tan cruel!!!</txt:shake></txt:bold>","<txt:bold,1><txt:shake,1>Ugghh, kenapa cinta itu begitu kejam!!!</txt:shake></txt:bold>","<txt:bold,1><txt:shake,1>ฮึ่ย ทำไมความรักถึงได้โหดร้ายแบบนี้เนี่ย!!!</txt:shake></txt:bold>","<txt:bold,1><txt:shake,1>Droga... por que o amor tem que ser tão cruel?!</txt:shake></txt:bold>"
,,,TAG,,,,,"<cha:pos,시프,2><cha:pos,류현,-2>","<cha:pos,시프,2><cha:pos,류현,-2>","<cha:pos,시프,2><cha:pos,류현,-2>","<cha:pos,시프,2><cha:pos,류현,-2>","<cha:pos,시프,2><cha:pos,류현,-2>","<cha:pos,시프,2><cha:pos,류현,-2>","<cha:pos,시프,2><cha:pos,류현,-2>","<cha:pos,시프,2><cha:pos,류현,-2>","<cha:pos,시프,2><cha:pos,류현,-2>","<cha:pos,시프,2><cha:pos,류현,-2>","<cha:pos,시프,2><cha:pos,류현,-2>","<cha:pos,시프,2><cha:pos,류현,-2>"
,,,류현,,-1_흠,pause,,"...<wrt:wait,30>뭐하는 거냐, 여기서.","...<wrt:wait,30>What are you doing out here?","‥<wrt:wait,30>こんな場所で何をしている。","‥<wrt:wait,30>你在这里干什么。","‥<wrt:wait,30>妳在這裡做什麼。","... <wrt:wait,30>Что ты здесь делаешь?","...<wrt:wait,30>Apa awak buat di sini?!","...<wrt:wait,30>Ngươi đang làm gì ở đây vậy?","...<wrt:wait,30>¿Qué se supone que haces aquí?","...<wrt:wait,30>Sedang apa kamu di sini?","...<wrt:wait,30>มาทำอะไรที่นี่น่ะ","Ei... <wrt:wait,30>O que você tá fazendo aqui?"
,,,시프,,1_외침,,exclam,"<cha:pop,시프>핫?! <wrt:wait,30>레, <txt:bold,2>레드후드</txt:bold>!! 뭐냐!! 등 뒤를 노리다니, 비겁하다!!","<cha:pop,시프>Wha?! <wrt:wait,30>R-<txt:bold,2>Red Hood</txt:bold>! What gives! Sneaking up on me from behind, how cowardly!","<cha:pop,시프>はっ！？<wrt:wait,30>レ、<txt:bold,2>レッドフード</txt:bold>！！何だ！！背後を取るなんて卑怯だぞ！！","<cha:pop,시프>哈？！<wrt:wait,30>小、<txt:bold,2>小红帽</txt:bold>！！干什么！！背后偷袭，太卑鄙了！！","<cha:pop,시프>嚇？！<wrt:wait,30>小、<txt:bold,2>小紅帽</txt:bold>！！你搞什麼！！居然從背後偷襲，太卑鄙了！！","<cha:pop,시프>Ой?<wrt:wait,30> <txt:bold,2>А-Алый Плащ</txt:bold>! Нельзя же так внезапно выползать из-за спины!","<cha:pop,시프>Apa?! <wrt:wait,30>R-<txt:bold,2>Red Hood</txt:bold>! Apa ini! Menyelinap dari belakang, pengecut betul!","<cha:pop,시프>Hả?! <wrt:wait,30>Re, <txt:bold,2>Red Hood</txt:bold>!! Gì vậy!! Nhắm vào sau lưng ta, hèn hạ quá đấy!!","<cha:pop,시프>¡¿Ah?! <wrt:wait,30>¡¡Re, <txt:bold,2>Red Hood</txt:bold>!! ¡¿Qué haces?! Atacar por la espalda es de cobardes.","<cha:pop,시프>Hah?! <wrt:wait,30>Re-, <txt:bold,2>Red Hood</txt:bold>!! Mengincarku dari belakang, licik sekali kau!!","<cha:pop,시프>เหวอ?! <wrt:wait,30>ฮะ <txt:bold,2>ฮู้ดแดง</txt:bold>!! อะไรกัน!! คิดจะเล่นงานจากด้านหลังงั้นเหรอ ขี้ขลาดชะมัด!!","<cha:pop,시프>Hã?! <wrt:wait,30>Re... <txt:bold,2>Red Hood</txt:bold>! Atacar pelas costas é covardia!"
,,,류현,,-1_비죽,,sweat,네가 뒤돌아서 중얼거리고 있었던 거잖아.,You were the one mumbling to yourself with your back turned.,お前が後ろを向いてブツブツ言っていただけだろう。,明明是你自己背对着我在那里自言自语吧。,是妳自己轉過去背對我碎碎念的吧。,Это ты стояла ко мне спиной и что-то бормотала.,Awak sendiri yang membelakangi saya sambil bercakap seorang diri.,Là do ngươi quay lưng lại rồi tự lẩm bẩm thôi.,Tú eras la que estaba de espaldas hablando sola.,Kamu sendiri yang berbalik sambil terus bergumam.,ก็เธอนั่นแหละที่หันหลังแล้วพึมพำอยู่น่ะ,Foi você que virou as costas e começou a resmungar.
,,,시프,,1_외침,nervous,,"<txt:shake,1>드, 들었냐? 다 들은 거냐?!</txt:shake>","<txt:shake,1>Y-you heard? You heard everything?</txt:shake>","<txt:shake,1>き、聞いていたのか？全部！？</txt:shake>","<txt:shake,1>听、听到了吗？全听到了吗？！</txt:shake>","<txt:shake,1>你、你聽到了？你全都聽到了？！</txt:shake>","<txt:shake,1>Т-ты все слышал?!</txt:shake>","<txt:shake,1>A-awak dengar? Awak dengar semuanya?</txt:shake>","<txt:shake,1>N, ngươi nghe thấy rồi à? Nghe hết rồi sao?!</txt:shake>","<txt:shake,1>¿M-me escuchaste? ¿Escuchaste todo?</txt:shake>","<txt:shake,1>Ka-kamu dengar? Kamu dengar semuanya?!</txt:shake>","<txt:shake,1>ดะ ได้ยินเหรอ? ได้ยินทั้งหมดเลยรึเปล่า?!</txt:shake>","<txt:shake,1>V-você ouviu alguma coisa?</txt:shake>"
,,,류현,,-1_비죽,pause,joy,글쎄. 이번에도 못 들은 셈 쳐주지.,"Well. I'll pretend I didn't hear anything, like always.",さあな。今回も聞かなかったことにしておいてやる。,这个嘛。这次就当我也没听到吧。,誰知道呢。這次我就當作沒聽到吧。,"Ну... Допустим, я ничего не слышал.","Dah. Saya akan berpura-pura tak dengar apa-apa, macam biasa.",Ai biết. Lần này ta cũng sẽ xem như chưa nghe thấy vậy.,"Quién sabe. Digamos que esta vez también, haré como que no oí nada.",Entahlah. Anggap saja kali ini juga aku tidak dengar apa-apa.,ไม่รู้สินะ ครั้งนี้ฉันก็จะทำเป็นไม่ได้ยินแล้วกัน,Vamos fingir que não ouvi nada de novo.
,,,시프,,1_외침,,,"너, 너...! 아, 아무튼!! 멈춰라! 여긴 절대 못 지나간다!",Y-you...! A-anyway! Halt right there! You're not getting past me!,こ、この‥！と、とにかく！！止まれ！ここは絶対に通さない！,你、你‥！总、总之！！站住！此路不通！,你、你‥！總、總之！！站住！這裡不准通行！,"Т-ты! В-в общем, стоять! Дальше тебе не пройти!",A-awak...! A-apa pun! Berhenti di situ! Awak takkan dapat melepasi saya!,"Ngươi, ngươi...! À, dù sao thì!! Đứng lại! Tuyệt đối không được đi qua đây!","¡Tú, tú...! ¡Como sea! ¡Detente ahí, no te dejaré dar ni un paso más!","Ka, kamu...! Ah, sudahlah!! Berhenti! Kamu tidak boleh lewat sini!",นะ นาย...! ยะ ยังไงก็เถอะ!! หยุดอยู่ตรงนั้นเลย! นายจะผ่านตรงนี้ไปไม่ได้!,"Ei, você! Chega! Daqui você não passa!"
,,,류현,,-1_경청,,,"네 혼잣말이야 아무래도 좋아. <wrt:break>그보다 <txt:bold,2><txt:color,orange>시프</txt:color></txt:bold>, <wrt:wait,30><txt:bold,1>의뢰를 받은 거냐?</txt:bold>","Your muttering doesn't matter. <wrt:break>More to the point, <txt:bold,2><txt:color,orange>Sif</txt:color></txt:bold>, <wrt:wait,30><txt:bold,1>did you take a contract?</txt:bold>","お前の独り言なんてどうでもいい。それより<txt:bold,2><txt:color,orange>シフ</txt:color></txt:bold>、<wrt:wait,30><txt:bold,1>依頼を受けたのか？</txt:bold>","你自言自语些什么我不管。<wrt:break>但是<txt:bold,2><txt:color,orange>希芙</txt:color></txt:bold>，<wrt:wait,30><txt:bold,1>你是接了委托吗？</txt:bold>","妳自言自語什麼的我不管。<wrt:break>但是<txt:bold,2><txt:color,orange>希芙</txt:color></txt:bold>，<wrt:wait,30><txt:bold,1>妳是接了委託嗎？</txt:bold>","Твое бормотание мне не интересно.<wrt:break> <txt:bold,2><txt:color,orange>Сиф</txt:color></txt:bold>, <wrt:wait,30><txt:bold,1>ты здесь по заданию?</txt:bold>","Pedulilah dengan bebelan awak. <wrt:break>Yang penting, <txt:bold,2><txt:color,orange>Sif</txt:color></txt:bold>, <wrt:wait,30><txt:bold,1>adakah awak ambil kontrak?</txt:bold>","Chuyện ngươi độc thoại thế nào ta không quan tâm. <wrt:break>Quan trọng hơn là <txt:bold,2><txt:color,orange>Sif</txt:color></txt:bold>, <wrt:wait,30><txt:bold,1>ngươi nhận ủy thác rồi à?</txt:bold>","No me interesa tu conversación contigo misma. <wrt:break>Dime <txt:bold,2><txt:color,orange>Sif</txt:color></txt:bold>, <wrt:wait,30><txt:bold,1>¿aceptaste un encargo?</txt:bold>","Aku tidak peduli dengan ocehanmu. <wrt:break>Lebih dari itu, <txt:bold,2><txt:color,orange>Sif</txt:color></txt:bold>, <wrt:wait,30>apa kamu menerima <txt:bold,1>kontrak kerja</txt:bold>?","เรื่องการพูดคนเดียวของเธอน่ะ ไม่ได้สำคัญอะไรหรอก <wrt:break>ยิ่งไปกว่านั้นนะ <txt:bold,2><txt:color,orange>ซีฟ</txt:color></txt:bold> <wrt:wait,30><txt:bold,1>เธอได้รับภารกิจมาเหรอ?</txt:bold>","Fale sozinha o quanto quiser. <wrt:break>Mas me diga, <txt:bold,2><txt:color,orange>Sif</txt:color></txt:bold>, <wrt:wait,30><txt:bold,1>você aceitou a missão?</txt:bold>"
,,,시프,,1_경청,pause,,"...그래. 우리 보스가 <txt:bold,2>팬텀즈 갱단</txt:bold> 녀석들과 손을 잡았어.","Yeah... Our boss struck a deal with those <txt:bold,2>Phantoms Gang</txt:bold> guys.","‥ああ。私たちのボスが、<txt:bold,2>ファントムズ・ギャング</txt:bold>の連中と手を組んだんだ。","‥没错。我们老板和<txt:bold,2>幻影帮</txt:bold>的人联手了。","‥沒錯。我們老大跟<txt:bold,2>幻影幫</txt:bold>的傢伙們聯手了。","Ага. Босс связался с бандой <txt:bold,2>«Фантомс»</txt:bold>.","Ya... Ketua kami buat perjanjian dengan <txt:bold,2>Phantoms Gang</txt:bold> itu.","...Phải. Boss của bọn ta đã bắt tay với đám <txt:bold,2>Băng Đảng Phantom</txt:bold>.","... Así es. Mi jefe unió fuerzas con los tipos de la <txt:bold,2>Pandilla Phantoms</txt:bold>.","...Ya. Bos-ku sedang bekerja sama dengan <txt:bold,2>Geng Phantoms</txt:bold>.","...ใช่แล้ว บอสของฉันร่วมมือกับเจ้าพวก<txt:bold,2>แก๊งแฟนธอมส์</txt:bold>","Sim... Nosso chefe se aliou à <txt:bold,2>gangue Phantoms</txt:bold>."
,,,류현,,-1_비죽,,,"하,<wrt:wait,30> 전설적인 현상금 사냥꾼의 이름도 땅에 떨어졌군.","Heh,<wrt:wait,30> so much for the legendary bounty hunter's good name.","ハッ、<wrt:wait,30>伝説のバウンティハンターの名も地に落ちたものだな。","哈，<wrt:wait,30>亏你还是传奇赏金猎人，这招牌算是砸了啊。","哈，<wrt:wait,30>連傳奇賞金獵人的名號也墮落了啊。","Ого, <wrt:wait,30>вот так и падает репутация легенд.","Heh,<wrt:wait,30> habislah nama baik si pemburu upahan legenda itu.","Hừ,<wrt:wait,30> danh tiếng của thợ săn tiền thưởng huyền thoại cũng sa sút thảm hại rồi nhỉ.","Ja,<wrt:wait,30> El nombre de la legendaria cazarrecompensas ha caído muy bajo.","Ha,<wrt:wait,30> nama Pemburu Hadiah legendaris pun akhirnya jatuh ke tanah.","เฮอะ<wrt:wait,30> ชื่อของนักล่าค่าหัวในตำนานถึงคราวตกต่ำแล้วสินะ","Aff,<wrt:wait,30> até a reputação de uma lenda dos caçadores de recompensas foi parar na lama."
,,,류현,,-1_비죽,,,언제부터 갱단의 뒤를 봐주는 게 너희들의 일이 되었지? ,Since when did running errands for gangs become your line of work?,いつからギャングの後ろ盾になるのが、お前たちの仕事になった？,什么时候给黑帮当走狗成了你们的工作了？,什麼時候開始，幫黑幫擦屁股也變成你們的工作了？,С каких пор вы начали работать на банды?,Sejak bila awak buat kerja suruhan untuk geng?,Từ khi nào chống lưng cho băng đảng lại trở thành việc của các ngươi vậy?,¿Desde cuándo su trabajo consiste en cubrirle las espaldas a una pandilla?,Sejak kapan melindungi geng menjadi pekerjaan kalian?,การคอยหนุนหลังแก๊งอันธพาล เป็นหน้าที่ของพวกเธอตั้งแต่เมื่อไหร่กัน?,Mas desde quando proteger gangues virou o trabalho de vocês?
,,,시프,,1_기본,,silent,"알아. <wrt:wait,30>나도 마음이 편치 않아.","I know. <wrt:wait,30>I'm not happy about it either.","分かってる。<wrt:wait,30>私だって、納得してるわけじゃない。","我知道。<wrt:wait,30>我心里也不好受。","我知道。<wrt:wait,30>我心裡也不好受。","Знаю...<wrt:wait,30> Мне тоже не по себе от этого.","Tahu. <wrt:wait,30>Saya pun tak suka.","Ta biết. <wrt:wait,30>Ta cũng chẳng dễ chịu gì.","Lo sé. <wrt:wait,30>Y tampoco es que me haga tanta gracia.","Aku tahu. <wrt:wait,30>Aku juga tidak merasa enak.","ฉันรู้ <wrt:wait,30>ฉันก็ไม่สบายใจนักหรอก","Eu entendo. <wrt:wait,30>Isso também me incomoda."
,,,시프,,1_기본,,,나도 너와 제대로 된 결투를 벌이고 싶었단 말이다. <wrt:break>이런 지저분한 상황 말고...! ,I wanted to face you in a proper duel too. <wrt:break>Not in some messy situation like this...!,本当は、きみと正々堂々と決闘がしたかったんだ。<wrt:break>こんな薄汚れたやり方じゃなくて‥！,我也想和你堂堂正正地决斗一场。<wrt:break>而不是在这种糟糕的情况下‥！,我也想跟你堂堂正正地決鬥一場啊。<wrt:break>而不是在這種齷齪的情況下‥！,Я хотела честно сразиться с тобой. <wrt:break>Без всех этих подлых игр!,Saya pun nak bertarung dengan awak secara adil. <wrt:break>Bukan dengan cara kotor macam ini...!,Ta cũng muốn đấu với ngươi một trận đàng hoàng mà. <wrt:break>Chứ không phải trong tình cảnh bẩn thỉu thế này...!,Yo también quería tener un duelo justo contigo. <wrt:break>¡Y no en una situación tan sucia como esta...!,Aku pun ingin berduel secara jantan denganmu. <wrt:break>Bukan dalam situasi kotor seperti ini...!,ฉันก็อยากดวลกับนายอย่างถูกต้องเหมือนกัน <wrt:break>ไม่ใช่ในสถานการณ์สกปรกแบบนี้...!,Eu também queria um duelo justo com você... <wrt:break>Não queria esse jogo sujo...
,,,시프,,1_경청,pause,exclam,"하지만... <wrt:wait,30>하지만 나도 조직의 일원이고, 명령은 거부할 수 없어. ","But... <wrt:wait,30>I'm a member of the organization, and I can't refuse orders.","だが‥<wrt:wait,30>私も組織の一員だ、命令には逆らえない。","但是‥<wrt:wait,30>但我也是组织的一员，不能违抗命令。","可是‥<wrt:wait,30>可是我也是組織的一員，不能違抗命令。","Но... <wrt:wait,30>Приказ есть приказ. Я обязана подчиняться.","Tetapi... <wrt:wait,30>saya ahli organisasi ini, dan saya terpaksa mengikut arahan.","Nhưng... <wrt:wait,30>nhưng ta cũng là một thành viên của tổ chức, không thể kháng lệnh.","Pero... <wrt:wait,30>pero soy parte de una organización y no puedo desobedecer las órdenes.","Tapi... <wrt:wait,30>aku juga anggota organisasi, dan aku tidak bisa menolak perintah yang diberi.","แต่ว่า... <wrt:wait,30>แต่ว่าฉันเองก็เป็นแค่สมาชิกคนหนึ่งขององค์กร ฉันปฏิเสธคำสั่งไม่ได้","Mas... <wrt:wait,30>eu faço parte da organização. Não posso recusar ordens."
,,,류현,,-1_분노,,,아이를 인질로 잡는 일이라도 말이냐?,Even if it means taking a child hostage?,子供を人質に取るような真似でも、か？,连拿孩子当人质这种事也能接受？,就算是要綁架小孩當人質嗎？,Даже если приходится похищать детей?,Walaupun kalau menangkap kanak-kanak sebagai tebusan?,Dù đó là việc bắt một đứa trẻ làm con tin sao?,¿Incluso si implica tomar a una niña como rehén?,Meskipun itu berarti menyandera anak kecil?,หมายถึงการจับเด็กเป็นตัวประกันน่ะเหรอ?,Mesmo que a ordem seja fazer uma criança de refém?
,,,류현,,-1_비죽,,,정말이지 눈물 날 정도로 명예로운 일이군.,Truly noble work. Brings a tear to my eye.,まったく、涙が出るほど立派な心意気だな。,还真是光荣得让人想哭啊。,還真是光榮到讓人想落淚啊。,Прям образец чести и достоинства.,Kerja yang mulia sangat. Sampai mengalir air mata saya.,Đúng là một việc danh dự đến rơi nước mắt nhỉ.,"Qué honor tan grande, de verdad me conmueve.",Benar-benar pekerjaan 'terhormat' yang bisa membuat orang terharu.,ช่างเป็นเรื่องที่มีเกียรติจนน้ำตาแทบไหลเลยจริงๆ,"Meu Deus, chega a ser comovente de tão honroso."
,,,시프,,1_경청,,,"...<wrt:wait,30>의뢰를 받아들인 이상, 내 개인적인 감정은 죽여야만 한다.","...<wrt:wait,30>Once I've taken a contract, personal feelings have to die.","‥<wrt:wait,30>依頼を引き受けた以上、私情は捨てなければならない。","‥<wrt:wait,30>既然接下了委托，我就必须抹杀个人的感情。","‥<wrt:wait,30>既然接下了委託，我就必須抹殺私人情感。","... <wrt:wait,30>Если я взялась за работу, то эмоции приходится отбрасывать.","...<wrt:wait,30>Kalau dah ambil kontrak, perasaan peribadi mesti diketepikan.","...<wrt:wait,30>Một khi đã nhận ủy thác, ta buộc phải gạt bỏ cảm xúc cá nhân.","...<wrt:wait,30>Una vez que acepto un encargo, debo dejar de lado mis sentimientos personales.","...<wrt:wait,30>Selama aku menjalankan tugas yang kuterima, aku harus membuang perasaan pribadiku.","...<wrt:wait,30>ในเมื่อได้รับภารกิจมาแล้ว ฉันก็ต้องละทิ้งความรู้สึกส่วนตัวทั้งหมด","Hum... <wrt:wait,30>Quando aceito uma missão, deixo emoções de lado."
,,,시프,,1_경청,,,설령 그 의뢰가 진창 속에 발을 담그는 일이더라도 수락한 이상 끝까지 완수하는 것.,"Even if the contract drags me through the mud, once I've accepted, I see it through to the end.",たとえその依頼が、泥沼に足を踏み入れるようなものだったとしても、受けた以上は最後までやり遂げる。,哪怕这项委托会让我深陷泥潭，只要答应了就必须贯彻到底。,哪怕那份委託是要踏進泥淖裡，只要接下了，就必須貫徹到底。,"Пусть работа и грязная, но раз уж согласилась, то обязана довести до конца.","Walaupun kontrak itu menyeret saya ke lumpur, kalau sudah terima, saya akan laksanakan sampai akhir.","Dù ủy thác đó có bẩn thỉu đến đâu, một khi đã nhận thì phải hoàn thành đến cùng.","Incluso si el trabajo es sucio, al aceptarlo, debo terminarlo cueste lo que cueste.","Sekalipun tugas itu membuatku harus menginjakkan kaki di lumpur, setelah ku terima, aku harus menyelesaikannya sampai akhir.",ต่อให้ภารกิจนั้นจะเป็นงานสกปรกก็ตาม แต่ในเมื่อได้รับมาแล้ว ก็ต้องทำให้สำเร็จจนถึงที่สุด,"Mesmo que seja meter os pés na lama, missão aceita é missão cumprida."
,,,시프,,1_기본,,,"그게 사냥꾼의 신용을 지키는 일이야. <wrt:break>나도 너와는 쫓고 쫓기며 쌓인 정이 있지만, 의뢰는 의뢰다.","That's what keeps a hunter's word good. <wrt:break>You and I have some history from all those chases, but a contract is a contract.",それがハンターとしての信用を守るってことだ。<wrt:break>私だって、きみとは長い付き合いで情もある。だが、依頼は依頼なんだ。,这就是猎人守住信誉的方式。<wrt:break>虽然我和你在你追我赶中也算有点交情，但工作就是工作。,這就是維護獵人信用的方式。<wrt:break>雖然我們在追逐戰中也算是累積了點交情，但委託就是委託。,"Это вопрос репутации. <wrt:break>Мы с тобой давно знакомы, но дело есть дело.","Itulah amanah seorang pemburu. <wrt:break>Awak dan saya ada sejarah daripada semua kejar-kejar itu, tetapi kontrak tetap kontrak.","Đó là cách giữ chữ tín của thợ săn. <wrt:break>Ta và ngươi cũng có chút tình nghĩa từ những cuộc rượt đuổi qua lại, nhưng ủy thác vẫn là ủy thác.","Esa es la única forma de proteger mi reputación de cazadora. <wrt:break>Sé que compartimos un vínculo entre tantas persecuciones, pero un encargo es un encargo.","Itulah cara menjaga reputasi seorang pemburu. <wrt:break>Meski ada ikatan di antara kita, saling kejar-mengejar selama ini, tugas tetaplah tugas.",นั่นแหละคือการรักษาความน่าเชื่อถือของนักล่า <wrt:break>ถึงฉันจะผลัดกันไล่ล่ากับนายจนเกิดความผูกพันอยู่บ้าง แต่ภารกิจก็คือภารกิจ,"É assim que um caçador mantém sua reputação. <wrt:break>Pode até existir algum apego entre nós, mas uma missão não deixa de ser uma missão."
,,,시프,,1_경청,,,"비록 그 대상이... <wrt:wait,30><txt:bold,1>손을 씻은 총잡이라고 할지라도 말이야.</txt:bold>","Even if the target... <wrt:wait,30><txt:bold,1>is a gunslinger who's hung up his guns.</txt:bold>","たとえその標的が‥<wrt:wait,30><txt:bold,1>足を洗った元ガンマンだったとしてもな。</txt:bold>","哪怕目标是‥<wrt:wait,30><txt:bold,1>金盆洗手的神枪手也一样。</txt:bold>","就算目標是‥<wrt:wait,30><txt:bold,1>已經金盆洗手的槍手也一樣。</txt:bold>","Даже если моя цель — <wrt:wait,30><txt:bold,1>бывший стрелок.</txt:bold>","Walaupun sasarannya... <wrt:wait,30><txt:bold,1>seorang penembak yang sudah menyimpan pistolnya.</txt:bold>","Dù mục tiêu đó là... <wrt:wait,30><txt:bold,1>một tay súng đã gác kiếm đi nữa.</txt:bold>","Aunque el objetivo sea... <wrt:wait,30><txt:bold,1>un pistolero que colgó las pistolas.</txt:bold>","Walaupun target-ku saat ini adalah... <wrt:wait,30><txt:bold,1>Penembak jitu yang sudah pensiun.</txt:bold>","ถึงแม้เป้าหมายนั้น... <wrt:wait,30><txt:bold,1>จะเป็นนักแม่นปืนที่วางมือแล้วก็ตาม</txt:bold>","Mesmo que o alvo seja um... <wrt:wait,30><txt:bold,1>atirador aposentado.</txt:bold>"
,,,류현,,-1_흠,pause,silent,"그래, 그렇담 더 할 얘긴 없어.",Fine. Then there's nothing more to discuss.,ああ、それならもう話すことはない。,好，既然如此，那就没什么好说的了。,是嗎，那也沒什麼好說的了。,"Понятно. Значит, разговор окончен.","Baiklah. Kalau begitu, tiada lagi yang perlu dibincangkan.","Được, vậy thì không còn gì để nói nữa.","Bien, entonces no hay nada más que decir.","Ya, kalau begitu tidak ada lagi yang perlu dibicarakan.",ก็ได้ ถ้างั้นก็ไม่มีอะไรต้องพูดกันแล้วล่ะ,Certo. Então encerramos nossa conversa por aqui.
,,,류현,,-1_기본,,,지금 너랑 한가하게 옛날이야기나 나누며 시간 낭비할 때가 아니야.,This isn't the time to stand around swapping old stories with you.,今はお前の昔話に付き合っていられるほど暇じゃないんだ。,我现在可没闲工夫跟你叙旧浪费时间。,我現在沒時間跟妳悠哉地敘舊。,Сейчас не время вспоминать прошлое.,Sekarang bukan masa untuk bertukar cerita lama dengan awak.,Giờ không phải lúc thong thả ôn chuyện cũ với ngươi để lãng phí thời gian.,No tengo tiempo para desperdiciarlo en recuerdos contigo.,Sekarang bukan waktunya membuang-buang waktu dengan bernostalgia bersamamu.,ตอนนี้ฉันไม่ควรจะมานั่งเสียเวลาคุยเรื่องอดีตกับเธอแบบเรื่อยเปื่อย,Ficar falando do passado é perda de tempo.
,,,류현,,-1_기본,,,"구구절절한 사연팔이는 그만하자, <txt:bold,2><txt:color,orange>시프</txt:color></txt:bold>.","Cut the long sob story, <txt:bold,2><txt:color,orange>Sif</txt:color></txt:bold>.","長ったらしい身の上話はそこまでにしよう、<txt:bold,2><txt:color,orange>シフ</txt:color></txt:bold>。","别在这儿跟我诉苦了，<txt:bold,2><txt:color,orange>希芙</txt:color></txt:bold>。","那些長篇大論的苦衷就省省吧，<txt:bold,2><txt:color,orange>希芙</txt:color></txt:bold>。","Хватит оправдываться, <txt:bold,2><txt:color,orange>Сиф</txt:color></txt:bold>.","Cukuplah cerita sedih, <txt:bold,2><txt:color,orange>Sif</txt:color></txt:bold>.","Dừng màn kể lể dài dòng đó lại đi, <txt:bold,2><txt:color,orange>Sif</txt:color></txt:bold>.","Basta de excusas baratas, <txt:bold,2><txt:color,orange>Sif</txt:color></txt:bold>.","Berhenti menjual cerita sedih, <txt:bold,2><txt:color,orange>Sif</txt:color></txt:bold>.","เลิกพร่ำเรื่องราวยืดยาวเถอะ <txt:bold,2><txt:color,orange>ซีฟ</txt:color></txt:bold>","Guarda essa ladainha, <txt:bold,2><txt:color,orange>Sif</txt:color></txt:bold>."
,,,류현,,-1_경청,,,네 녀석이 망설이고 있다는 건 잘 알았으니까. ,I get that you're hesitating.,お前が迷っていることくらい、もう十分伝わった。,我已经看出来你在犹豫了。,因為我已經看出來妳在猶豫了。,"Думаешь, я не заметил, как ты сомневаешься?",Saya tahu awak ragu-ragu.,Ta đã biết rõ ngươi đang do dự rồi.,Me quedó muy claro que estás dudando.,Aku tahu betul kalau kamu sedang ragu.,เพราะฉันรู้ดีอยู่แล้วว่าเธอกำลังลังเล,Dá pra ver que você tá hesitando.
,,,류현,,-1_비죽,,,"시간이 없어. <txt:bold,2><txt:color,orange>소담</txt:color></txt:bold>이 위험해. 우리가 늘 해왔던 방식대로 하자고.","No time. <txt:bold,2><txt:color,orange>Sodam</txt:color></txt:bold>'s in danger. Let's settle this the way we always have.","時間がない。<txt:bold,2><txt:color,orange>翆</txt:color></txt:bold>が危ないんだ。いつも通りのやり方で行こう。","没时间了。<txt:bold,2><txt:color,orange>芷柔</txt:color></txt:bold>有危险。就按我们老规矩办吧。","我趕時間。<txt:bold,2><txt:color,orange>芷柔</txt:color></txt:bold>現在有危險，我們就照老規矩來。","Времени нет. <txt:bold,2><txt:color,orange>Содам</txt:color></txt:bold> в опасности. Так что давай по старым правилам.","Dah tiada masa. <txt:bold,2><txt:color,orange>Sodam</txt:color></txt:bold> dalam bahaya. Kita selesaikan benda ini seperti biasa.","Không còn thời gian nữa. <txt:bold,2><txt:color,orange>Sodam</txt:color></txt:bold> đang gặp nguy hiểm. Cứ làm theo cách chúng ta vẫn luôn làm đi.","No hay tiempo. <txt:bold,2><txt:color,orange>Sodam</txt:color></txt:bold> está en peligro. Resolvámoslo como en los viejos tiempos.","Aku tak punya waktu. <txt:bold,2><txt:color,orange>Sodam</txt:color></txt:bold> dalam bahaya. Mari kita lakukan dengan cara yang biasa kita lakukan.","ฉันไม่มีเวลาแล้ว <txt:bold,2><txt:color,orange>โซดัม</txt:color></txt:bold>กำลังอยู่ในอันตราย เรามาทำแบบที่เคยทำมาตลอดกันเถอะ","Estamos sem tempo. A <txt:bold,2><txt:color,orange>Sodam</txt:color></txt:bold> está em risco. Vamos fazer do jeito que sempre fizemos."
,,,류현,,-1_비죽,,,"<txt:bold,1>결투로 승부를 보자</txt:bold>. 그게 우리 사이의 대화 방식이잖아?","<txt:bold,1>Let a duel decide it.</txt:bold> That's how we talk, isn't it?","<txt:bold,1>決闘でケリをつけよう</txt:bold>。それが私たち流の会話だろう？","<txt:bold,1>用决斗来分胜负吧</txt:bold>。这不就是我们之间的沟通方式吗？","<txt:bold,1>用決鬥來一決勝負吧</txt:bold>。那才是我們之間的交流方式，不是嗎？","<txt:bold,1>Решим все в поединке</txt:bold>. Это ведь наш обычный способ общения?","<txt:bold,1>Biar pertarungan yang menentukannya.</txt:bold> Itulah cara kita, kan?","<txt:bold,1>Quyết thắng bại bằng một trận quyết đấu</txt:bold>. Đó là cách đối thoại giữa chúng ta mà?","<txt:bold,1>Decidamos esto en un duelo</txt:bold>. Esa es nuestra forma de hablar, ¿no?","Ayo <txt:bold,1>selesaikan dengan duel</txt:bold>. Bukankah itu cara kita biasa berkomunikasi?","<txt:bold,1>มาตัดสินผลแพ้ชนะด้วยการดวลกัน</txt:bold> นั่นคือวิธีพูดคุยของเรานี่นา?","<txt:bold,1>Vamos decidir isso num duelo</txt:bold>. Sempre foi assim entre nós, não foi?"
,,,류현,,-1_기본+,,,"넌 네 일을 해라, <txt:bold,2><txt:color,orange>시프</txt:color></txt:bold>. 나도 내 할 일을 할 테니까.","You do your job, <txt:bold,2><txt:color,orange>Sif</txt:color></txt:bold>. I'll do mine.","お前はお前の仕事をしろ、<txt:bold,2><txt:color,orange>シフ</txt:color></txt:bold>。私も自分のやるべきことをやる。","你做你的工作，<txt:bold,2><txt:color,orange>希芙</txt:color></txt:bold>。我也要去做我该做的事。","就各司其職吧，<txt:bold,2><txt:color,orange>希芙</txt:color></txt:bold>。我也會全力以赴的。","Выполняй свой долг, <txt:bold,2><txt:color,orange>Сиф</txt:color></txt:bold>. А я выполню свой.","Awak buat tugas awak, <txt:bold,2><txt:color,orange>Sif</txt:color></txt:bold>. Saya buat tugas saya.","Ngươi cứ làm việc của ngươi đi, <txt:bold,2><txt:color,orange>Sif</txt:color></txt:bold>. Ta cũng sẽ làm việc mình phải làm.","Haz tu trabajo, <txt:bold,2><txt:color,orange>Sif</txt:color></txt:bold>. Y yo haré el mío.","Kerjakan tugasmu, <txt:bold,2><txt:color,orange>Sif</txt:color></txt:bold>. Aku juga akan melakukan bagianku.","เธอทำงานของเธอไปซะ <txt:bold,2><txt:color,orange>ซีฟ</txt:color></txt:bold> เพราะฉันก็จะทำงานของฉันเหมือนกัน","Cuide da sua parte, <txt:bold,2><txt:color,orange>Sif</txt:color></txt:bold>. Eu cuido da minha."
,,,시프,,1_미소,pause,,"...후후, 여전하군. 네놈답네.","...Heh, that's just like you. Same as ever.",‥ふふ、相変わらずだな。いかにもきみらしい。,‥呵呵，还是一如既往啊。真像你的作风。,‥呵呵，你還是一樣。真像你的作風。,"Хех, ты совсем не изменился.","...Heh, memang begitulah awak. Sama macam dulu.","...Huhu, ngươi vẫn vậy nhỉ. Rất đúng kiểu của ngươi.","... Jaja, no has cambiado. Tan típico de ti.","...Huhu, masih sama seperti dulu. Ciri khas dirimu.",...ฮิฮิ เหมือนเดิมไม่เปลี่ยน สมกับเป็นนายจริงๆ,Hehe... você não mudou nada.
,,,시프,,1_기본,pause,exclam,"그래, 이곳을 지나가고 싶다면, 날 쓰러뜨려 봐라!","Fine. If you want to pass through here, you'll have to bring me down!",いいだろう。この先へ進みたければ、まずは私を倒してみろ！,好，想从这里过去，就先打倒我吧！,好，想從這裡過去的話，就先打倒我吧！,Хорошо. Тогда попробуй одолеть меня!,"Baik. Kalau awak nak melalui sini, awak kena tumbangkan saya dulu!","Được, nếu muốn đi qua đây thì hãy đánh bại ta thử xem!","Bien, si quieres pasar por aquí, ¡tendrás que derrotarme!","Baiklah, kalau mau lewat sini, coba kalahkan aku!",ก็ได้ ถ้าอยากผ่านตรงนี้ไป ก็ล้มฉันให้ได้สิ!,"Muito bem. Se quiser passar por aqui, vai ter que me derrubar!"
,경기 승리,#,MAP,,,,,서부 마을,서부 마을,서부 마을,서부 마을,서부 마을,서부 마을,서부 마을,서부 마을,서부 마을,서부 마을,서부 마을,서부 마을
,,#,BGM,,,,,BGM_ALL_IS_WELL,BGM_ALL_IS_WELL,BGM_ALL_IS_WELL,BGM_ALL_IS_WELL,BGM_ALL_IS_WELL,BGM_ALL_IS_WELL,BGM_ALL_IS_WELL,BGM_ALL_IS_WELL,BGM_ALL_IS_WELL,BGM_ALL_IS_WELL,BGM_ALL_IS_WELL,BGM_ALL_IS_WELL
,,#,시프,2,1_기본,,,,,,,,,,,,,,
,,#,류현,-2,-1_기본,,,,,,,,,,,,,,
,,,시프,,1_경청,,,"큿, 내가 지다니... 휴, 약속은 약속이다, <txt:bold,2>레드후드</txt:bold>. 지나가라.","Damn, I actually lost... Sigh. A deal's a deal, <txt:bold,2>Red Hood</txt:bold>. Go on through.","くっ、まさか私が負けるとはな‥ふぅ。約束は約束だ、<txt:bold,2>レッドフード</txt:bold>。通れ。","呃，我居然输了‥呼，愿赌服输，<txt:bold,2>小红帽</txt:bold>。你走吧。","唔，我居然輸了‥呼，願賭服輸，<txt:bold,2>小紅帽</txt:bold>。你過去吧。","Я проиграла... Что ж, обещание есть обещание. Можешь идти, <txt:bold,2>Алый Плащ</txt:bold>.","Sial, saya kalah... Haih. Janji tetap janji, <txt:bold,2>Red Hood</txt:bold>. Teruskanlah.","Khực, ta lại thua sao... Hừ, đã hứa thì phải giữ lời. <txt:bold,2>Red Hood</txt:bold>, ngươi đi đi.","Ugh, no puedo creer que perdiera... Uff, pero una promesa es una promesa, pasa, <txt:bold,2>Red Hood</txt:bold>.","Ugh, aku kalah... Huh, janji adalah janji, <txt:bold,2>Red Hood</txt:bold>. Lewatlah.","ฮึ่ย ฉันแพ้งั้นเหรอ... เฮ้อ สัญญาก็คือสัญญา <txt:bold,2>ฮู้ดแดง</txt:bold> นายผ่านไปได้","Tsc, não acredito que perdi... Enfim, promessa é promessa. Vá em frente, <txt:bold,2>Red Hood</txt:bold>."
,,,시프,,1_기본,,,이 너머엔 더 이상 널 가로막을 녀석은 없을 거다.,"Beyond this point, there's no one left to stand in your way.",この先に、もうきみを阻む者はいないはずだ。,前面再也没有人会拦你了。,前面應該不會再有會攔住你的傢伙了。,Путь свободен.,"Melewati titik ini, tiada siapa lagi yang akan menghalang awak.",Qua khỏi đây sẽ không còn kẻ nào cản đường ngươi nữa.,Ya no habrá nadie más adelante que se interponga en tu camino.,Tidak akan ada lagi orang yang menghalangimu setelah ini.,พ้นจากตรงนี้ไป ก็ไม่มีใครมาขวางนายแล้วล่ะ,"Daqui em diante, não haverá mais ninguém pra te impedir."
,,,류현,,-1_기본,,,"그래. ...<txt:bold,2><txt:color,orange>시프</txt:color></txt:bold>.","Right... <txt:bold,2><txt:color,orange>Sif</txt:color></txt:bold>.","ああ‥<txt:bold,2><txt:color,orange>シフ</txt:color></txt:bold>。","嗯。‥<txt:bold,2><txt:color,orange>希芙</txt:color></txt:bold>。","謝了。‥<txt:bold,2><txt:color,orange>希芙</txt:color></txt:bold>。","Спасибо... <txt:bold,2><txt:color,orange>Сиф</txt:color></txt:bold>.","Baiklah... <txt:bold,2><txt:color,orange>Sif</txt:color></txt:bold>.","Được. ...<txt:bold,2><txt:color,orange>Sif</txt:color></txt:bold>.","Entiendo...<txt:bold,2><txt:color,orange>Sif</txt:color></txt:bold>.","Ya. ...<txt:bold,2><txt:color,orange>Sif</txt:color></txt:bold>.","อืม ...<txt:bold,2><txt:color,orange>ซีฟ</txt:color></txt:bold>","Certo... <txt:bold,2><txt:color,orange>Sif</txt:color></txt:bold>."
,,,류현,,-1_기본+,,,변하지 않았군.,You haven't changed.,変わってないな。,你还是一点没变。,妳還真是一點都沒變。,Ты тоже совсем не изменилась.,Awak tak berubah.,Ngươi vẫn không thay đổi nhỉ.,No has cambiado nada.,Kamu tidak berubah.,เธอไม่เปลี่ยนไปเลยนะ,Você não mudou.
,,,시프,,1_기본,pause,quewt,뭐?,What?,何がだ？,什么？,什麼？,О чем ты?,Apa?,Gì cơ?,¿Qué?,Apa?,หา?,O quê?
,,,류현,,-1_웃음,,,"마지막 순간, 망설였잖아.",You hesitated at the last moment.,最後の瞬間、ためらっただろ。,最后关头，你犹豫了。,在最後一刻，妳猶豫了吧。,В последний момент ты замешкалась.,Awak teragak-agak pada saat terakhir.,"Ở khoảnh khắc cuối cùng, ngươi đã do dự.",Dudaste en el último segundo.,"Di saat terakhir, kamu ragu.",ตอนสุดท้ายเธอลังเลนี่นา,Você hesitou no último instante.
,,,시프,,1_기본,pause,silent,무슨 소리를 하는 거냐? 난 최선을 다했어.,What are you talking about? I gave it my all.,何を言っている？私は全力を尽くした。,你在胡说什么？我已经尽力了。,你在說什麼鬼話？我可是拚盡全力了。,Не говори ерунды. Я выложилась на полную.,Apa yang awak merepek? Saya melawan sepenuh hati.,Ngươi đang nói gì vậy? Ta đã dốc hết sức rồi.,¿De qué hablas? Si yo di lo mejor que pude.,Apa yang kamu bicarakan? Aku sudah memberikan yang terbaik.,พูดอะไรของนายน่ะ? ฉันทำเต็มที่แล้ว,Do que você tá falando? Eu dei tudo de mim.
,,,류현,,-1_기본,,,"알고 있어. 하지만, 마지막 순간 망설였어. <wrt:break>너라면 충분히 받아낼 수 있는 공이었는데도 말이야.","I know. But right at the end, you hesitated. <wrt:break>You of all people could've handled that ball easily.",分かってる。だが、最後の最後で迷いが出た。<wrt:break>お前なら十分に拾えるボールだったのにな。,我知道。但是，你在最后关头犹豫了。<wrt:break>那明明是你完全可以接住的球。,我知道。但在最後一刻妳猶豫了。<wrt:break>那明明是妳絕對接得住的球。,Знаю. Но ты помедлила.<wrt:break> Хотя для тебя принять такую подачу — пустяк.,"Saya tahu. Tapi tepat pada penghujung, awak teragak-agak. <wrt:break>Awak sepatutnya boleh menangani bola itu dengan mudah.","Ta biết. Nhưng ở khoảnh khắc cuối cùng, ngươi đã do dự. <wrt:break>Dù đó là quả bóng mà nếu là ngươi thì hoàn toàn có thể đỡ được.","Lo sé. Pero dudaste al final. <wrt:break>Tratándose de ti, era un balón que podías haber recibido sin problemas.","Aku tahu. Tapi, kamu ragu di saat terakhir. <wrt:break>Padahal itu bola yang seharusnya bisa kamu terima dengan mudah.",ฉันรู้ แต่ตอนสุดท้ายเธอลังเล <wrt:break>ทั้งที่เป็นลูกที่เธอน่าจะรับได้แบบสบายๆ,"Eu sei. Mesmo assim, eu sei que você hesitou. <wrt:break>Você podia ter defendido aquela bola sem dificuldade."
,,,류현,,-1_기본+,,,망설임이 네 손을 멈추게 한 거겠지.,Hesitation must've stayed your hand.,その迷いが、お前の手を止めたんだろう。,是你的犹豫让你的手停住了吧。,讓妳停下動作的，是妳的猶豫吧。,Ты сомневаешься. И твоя рука дрогнула.,Sebab teragak-agaklah awak menahan diri.,Sự do dự đã khiến tay ngươi khựng lại.,Fue esa duda la que detuvo tus manos.,Mungkin keraguan itulah yang membuat tanganmu berhenti.,ความลังเลนั่นแหละ คือสิ่งที่ทำให้มือของเธอหยุดชะงัก,Foi a hesitação que travou suas mãos.
,,,류현,,-1_비죽,,,"억지로 악당 흉내 낼 필욘 없어, <txt:bold,2><txt:color,orange>시프</txt:color></txt:bold>. 넌 예나 지금이나 비겁한 짓엔 영 소질이 없는 녀석이니까.","No need to force yourself to play the villain, <txt:bold,2><txt:color,orange>Sif</txt:color></txt:bold>. You've never had a knack for low tricks, then or now.","無理して悪党ぶる必要はないさ、<txt:bold,2><txt:color,orange>シフ</txt:color></txt:bold>。お前は昔も今も、卑怯な真似にはとことん向いてない。","没必要勉强自己去演什么恶人，<txt:bold,2><txt:color,orange>希芙</txt:color></txt:bold>。因为你从以前到现在，天生就不是当坏人的那块料。","別勉強自己扮黑臉了，<txt:bold,2><txt:color,orange>希芙</txt:color></txt:bold>。因為妳從以前到現在，就不是個當卑鄙小人的料。","Не заставляй себя быть злодейкой. Это совсем не твое, <txt:bold,2><txt:color,orange>Сиф</txt:color></txt:bold>.","Jangan paksa diri awak untuk jadi penjahat, <txt:bold,2><txt:color,orange>Sif</txt:color></txt:bold>. Awak tak pernah pandai guna helah kotor, dari dulu sampai sekarang.","Không cần gượng ép đóng vai ác đâu, <txt:bold,2><txt:color,orange>Sif</txt:color></txt:bold>. Xưa nay ngươi vốn chẳng có năng khiếu làm chuyện hèn hạ mà.","No hace falta que fuerces ese papel de villana, <txt:bold,2><txt:color,orange>Sif</txt:color></txt:bold>. Desde que te conozco, no has podido ser parte de jugarretas sucias.","Tidak perlu memaksakan diri berakting jadi penjahat, <txt:bold,2><txt:color,orange>Sif</txt:color></txt:bold>. Dari dulu sampai sekarang, kamu memang tidak berbakat untuk melakukan hal licik.","เธอไม่จำเป็นต้องฝืนทำตัวเป็นอันธพาลหรอกนะ <txt:bold,2><txt:color,orange>ซีฟ</txt:color></txt:bold> เพราะไม่ว่าจะเมื่อก่อนหรือตอนนี้ เธอก็ไม่ถนัดในเรื่องการทำตัวขี้ขลาดอยู่แล้ว","Não precisa bancar a vilã, <txt:bold,2><txt:color,orange>Sif</txt:color></txt:bold>. Você nunca foi boa em fazer coisa suja. Nem antes, nem agora."
,,,류현,,-1_기본,,,"또 보자고.<cha:pos,류현,-4>","Catch you later.<cha:pos,류현,-4>","また会おう。<cha:pos,류현,-4>","回头见。<cha:pos,류현,-4>","再見。<cha:pos,류현,-4>","Еще увидимся!<cha:pos,류현,-4>","Jumpa lagi. <cha:pos,류현,-4>","Hẹn gặp lại.<cha:pos,류현,-4>","Nos vemos.<cha:pos,류현,-4>","Sampai jumpa lagi.<cha:pos,류현,-4>","ไว้เจอกันอีกนะ<cha:pos,류현,-4>","Enfim, até a próxima.<cha:pos,류현,-4>"
,,,TAG,,,,,"<cha:pos,시프,0>","<cha:pos,시프,0>","<cha:pos,시프,0>","<cha:pos,시프,0>","<cha:pos,시프,0>","<cha:pos,시프,0>","<cha:pos,시프,0>","<cha:pos,시프,0>","<cha:pos,시프,0>","<cha:pos,시프,0>","<cha:pos,시프,0>","<cha:pos,시프,0>"
,,,시프,,1_경청,nervous,,"...<wrt:wait,30>바보 같긴. 누가 망설였단 거지?","...<wrt:wait,30>What an idiot. Who said I hesitated?","‥<wrt:wait,30>バカを言うな。誰が迷っただと？","‥<wrt:wait,30>真是个笨蛋。谁犹豫了？","‥<wrt:wait,30>真是個笨蛋。誰猶豫了啊？","... <wrt:wait,30>Дурак. Ничего у меня не дрогнуло.","...<wrt:wait,30>Bodoh. Siapa kata saya teragak-agak?","...<wrt:wait,30>Đúng là ngốc. Ai mà do dự chứ?","...<wrt:wait,30>Qué tonto. ¿Quién dice que dudé?","...<wrt:wait,30>Dasar bodoh. Siapa yang ragu?","...<wrt:wait,30>งี่เง่าชะมัด ใครบอกว่าฉันลังเลกัน?","Que ridículo... <wrt:wait,30>Eu não hesitei coisa nenhuma."
,,,시프,,1_미소,nervous,,하여간 저 오만한 성격은 보안관이 되어서도 여전하군.,"Becoming a sheriff hasn't softened that arrogance of his one bit, has it.",まったく、あの傲慢な性格は保安官になっても相変わらずだな。,当了警长，那傲慢的脾气还是一点没改。,當了警長，那高傲的個性還是一點都沒變。,"Как был самоуверенным, так и остался.","Dah jadi syerif, langsung tak hilang sikap angkuhnya itu.","Dù đã trở thành cảnh sát trưởng, tính cách ngạo mạn đó vẫn chẳng đổi chút nào.","Como sea, ni ahora como sheriff le ha cambiado esa personalidad tan arrogante.","Tetap saja, sifat angkuh itu tidak berubah meski sudah jadi Sheriff.",นิสัยอวดดีนั่นน่ะ ต่อให้เป็นนายอำเภอแล้วก็ยังเหมือนเดิมไม่เปลี่ยน,"Pelo visto, virar xerife não fez diferença nenhuma na sua arrogância."
,,,시프,,1_기본,nervous,,"이제 어쩐담. 임무는 실패했고, 의뢰비도 다 돌려줘야 할 판인데.","What do I do now...? Mission's a bust, and I'll have to give back the whole fee.",さて、どうしたものか。任務は失敗したし、依頼料まで返す羽目になりそうだが。,现在该怎么办。任务失败了，委托费估计也得全退回去。,接下來該怎麼辦。任務失敗了，連委託費都得全數退還。,"И что теперь делать? Задание провалено, еще и задаток возвращать придется.","Apa saya nak buat sekarang...? Misi dah gagal, kena pulangkan semula seluruh bayaran.","Giờ phải làm sao đây. Nhiệm vụ thất bại rồi, lại còn phải trả lại hết tiền ủy thác nữa.",¿Y ahora qué hago? La misión fue un fracaso y tendré que devolver todo el dinero del encargo.,"Sekarang bagaimana ya? Misi gagal, dan sepertinya aku harus mengembalikan semua uang imbalannya.",ทีนี้จะทำยังไงดีเนี่ย ภารกิจล้มเหลว ค่าจ้างก็ต้องคืนทั้งหมดเลยด้วย,Mas e agora? Falhei na missão e vou ter que devolver o dinheiro.
,,,시프,,1_기본,pause,,"<txt:bold,2><txt:color,orange>라울</txt:color></txt:bold> 선배한테는 또 뭐라고 보고하지?","What am I supposed to tell <txt:bold,2><txt:color,orange>Raul</txt:color></txt:bold> this time?","<txt:bold,2><txt:color,orange>ラウル</txt:color></txt:bold>先輩には、今度はなんて報告しようか。","这下该怎么跟<txt:bold,2><txt:color,orange>拉乌尔</txt:color></txt:bold>前辈交代啊？","<txt:bold,2><txt:color,orange>拉烏爾</txt:color></txt:bold>前輩那邊又要怎麼交代才好？","И что я скажу <txt:bold,2><txt:color,orange>Раулю</txt:color></txt:bold>?","Apa saya nak beritahu <txt:bold,2><txt:color,orange>Raul</txt:color></txt:bold> kali ini?","Mình biết phải báo cáo với anh <txt:bold,2><txt:color,orange>Raul</txt:color></txt:bold> thế nào đây?","¿Qué se supone que le diré a <txt:bold,2><txt:color,orange>Raúl</txt:color></txt:bold>?","Apa yang harus kulaporkan pada senior <txt:bold,2><txt:color,orange>Raul</txt:color></txt:bold>?","แล้วฉันจะรายงานรุ่นพี่<txt:bold,2><txt:color,orange>ราอุล</txt:color></txt:bold>ว่ายังไงล่ะ?","E o que eu vou dizer pro <txt:bold,2><txt:color,orange>Raul</txt:color></txt:bold>?"
,,,시프,,1_경청,pause,,분명히 또 평소처럼 차가운 눈빛으로 쏘아보시겠지?,"He'll definitely give me that icy glare again, like always.",どうせまた、冷たい眼差しでじっと睨まれるんだろうな。,肯定又会用他平时那种冰冷的眼神狠狠瞪我吧？,他肯定又會用那種冷冰冰的眼神瞪我吧？,Он опять пронзит меня своим взглядом...,"Dia pasti akan buat muka keras itu lagi, macam biasa.",Chắc chắn anh ấy sẽ lại nhìn mình bằng ánh mắt lạnh lùng như mọi khi nhỉ?,"Seguro me lanzará esa mirada tan fría de siempre, ¿no?",Dia pasti akan menatapku tajam dengan mata dinginnya seperti biasa...,รุ่นพี่คงจะจ้องเขม็งด้วยสายตาเย็นชาเหมือนปกติอีกแล้วสินะ?,Aposto que vai me encarar com aquele olhar frio de sempre!
,,,시프,,1_미소,pause,shy,"...<wrt:wait,30>크흠, 생각보다 나쁘지 않을지도?","...<wrt:wait,30>Ahem. Actually, that might not be so bad.","‥<wrt:wait,30>コホン、いや‥案外、それも悪くないかもしれないな？","‥<wrt:wait,30>咳咳，想想感觉好像也不错？","‥<wrt:wait,30>咳嗯，好像也不錯？","... <wrt:wait,30>Хотя звучит не так уж плохо.","...<wrt:wait,30>Ahem. Sebenarnya, mungkin taklah seteruk mana.","...<wrt:wait,30>Hừm, biết đâu cũng không tệ như mình nghĩ?","...<wrt:wait,30>Ejem, ¿quizás no sea tan malo?","...<wrt:wait,30>Ehem, mungkin itu tidak buruk juga?","...<wrt:wait,30>อะแฮ่ม อาจไม่แย่อย่างที่คิดก็ได้ล่ะมั้ง?","Hum... <wrt:wait,30>Talvez isso não seja tão ruim assim."
3,경기 전,#,MAP,,,,,서부 마을,서부 마을,서부 마을,서부 마을,서부 마을,서부 마을,서부 마을,서부 마을,서부 마을,서부 마을,서부 마을,서부 마을
,,#,BGM,,,,,BGM_OVERDRIVE,BGM_OVERDRIVE,BGM_OVERDRIVE,BGM_OVERDRIVE,BGM_OVERDRIVE,BGM_OVERDRIVE,BGM_OVERDRIVE,BGM_OVERDRIVE,BGM_OVERDRIVE,BGM_OVERDRIVE,BGM_OVERDRIVE,BGM_OVERDRIVE
,,#,류현,0,-1_분노,,,,,,,,,,,,,,
,,#,소담,4,1_기본,,,,,,,,,,,,,,
,,#,클레르,4,1_기본,,,,,,,,,,,,,,
,,,류현,,-1_분노,,,"나와라, <txt:bold,2><txt:color,orange>클레르</txt:color></txt:bold>!! 내가 왔다! 날 노리고 있었던 거 아니었나?","Come on out, <txt:bold,2><txt:color,orange>Claire</txt:color></txt:bold>! I'm here! Weren't you the one gunning for me?","出てこい、<txt:bold,2><txt:color,orange>クレール</txt:color></txt:bold>！！来てやったぞ！私を狙っていたんじゃなかったのか？","出来吧，<txt:bold,2><txt:color,orange>克莱尔</txt:color></txt:bold>！！我来了！你不是一直盯着我吗？","出來，<txt:bold,2><txt:color,orange>克萊爾</txt:color></txt:bold>！！我來了！你們的目標是我吧？","Я пришел, <txt:bold,2><txt:color,orange>Клэр</txt:color></txt:bold>! Это ведь я тебе нужен, да?","Keluar sekarang, <txt:bold,2><txt:color,orange>Claire</txt:color></txt:bold>! Aku dah datang! Bukankah aku yang kau buru?","Ra đây, <txt:bold,2><txt:color,orange>Claire</txt:color></txt:bold>!! Ta đến rồi! Chẳng phải ngươi nhắm vào ta sao?","¡¡Sal de ahí <txt:bold,2><txt:color,orange>Claire</txt:color></txt:bold>!! ¡Ya estoy aquí! ¿No era a mí a quien buscabas?","Keluarlah, <txt:bold,2><txt:color,orange>Claire</txt:color></txt:bold>!! Aku sudah di sini! Bukankah kamu memang sedang mengincarku?","โผล่หัวออกมาซะ <txt:bold,2><txt:color,orange>แคลร์</txt:color></txt:bold>!! ฉันมาแล้ว! นายหมายหัวฉันไว้อยู่ไม่ใช่รึไง?","Sai daí, <txt:bold,2><txt:color,orange>Claire</txt:color></txt:bold>! Eu cheguei! Não era você que estava me caçando?"
,,,류현,,-1_분노,,,비겁하게 숨어 있지 말고 당장 기어 나와!,Quit hiding like a coward and crawl on out!,こそこそ隠れてないで、とっとと出てこい！,别像个缩头乌龟一样躲着，马上给我滚出来！,別像個縮頭烏龜一樣躲起來，快給我滾出來！,Хватит прятаться как трус. Выходи!,Jangan menyorok macam pengecut dan keluar cepat!,"Đừng hèn hạ trốn chui trốn lủi nữa, mau bò ra đây!",¡No seas cobarde y deja de esconderte! ¡Da la cara ya!,"Jangan bersembunyi seperti pengecut, cepat keluar sekarang!",เลิกหลบซ่อนตัวอย่างขี้ขลาด แล้วก็ออกมาเดี๋ยวนี้เลย!,Para de se esconder feito covarde e aparece logo!
,,,TAG,,,,,"<cha:pos,류현,-2><cha:pos,소담,2>","<cha:pos,류현,-2><cha:pos,소담,2>","<cha:pos,류현,-2><cha:pos,소담,2>","<cha:pos,류현,-2><cha:pos,소담,2>","<cha:pos,류현,-2><cha:pos,소담,2>","<cha:pos,류현,-2><cha:pos,소담,2>","<cha:pos,류현,-2><cha:pos,소담,2>","<cha:pos,류현,-2><cha:pos,소담,2>","<cha:pos,류현,-2><cha:pos,소담,2>","<cha:pos,류현,-2><cha:pos,소담,2>","<cha:pos,류현,-2><cha:pos,소담,2>","<cha:pos,류현,-2><cha:pos,소담,2>"
,,,소담,,1_놀람,,exclam,...선배님!!,"...<txt:bold,2><txt:color,orange>Ryuhyeon</txt:color></txt:bold>!",‥先輩！！,‥前辈！！,‥前輩！！,"... <txt:bold,2><txt:color,orange>Рюхён</txt:color></txt:bold>!","...<txt:bold,2><txt:color,orange>Abang Ryuhyeon</txt:color></txt:bold>!",...Anh ơi!!,"... ¡¡<txt:bold,2><txt:color,orange>Ryuhyeon</txt:color></txt:bold>!!",...Senior!!,...รุ่นพี่!!,Ryuhyeon!
,,,소담,,1_놀람,nervous,,"안 돼요, 선배님! 오지 마세요!! 여기 악당들이 잔뜩 숨어 있다고요!! 읍, 읍...!","No, <txt:bold,2><txt:color,orange>Ryuhyeon</txt:color></txt:bold>! Don't come any closer! There are bandits hiding all over here! Mmf, mmf...!",ダメです、先輩！来ちゃダメです！！ここ、悪党がいっぱい潜んでるんですから！！むぐっ、んんっ‥！,不行，前辈！别过来！！这里藏了好多坏人！！唔，呜‥！,不行，前輩！不要過來！！這裡埋伏了一堆壞人！！嗚、嗚‥！,"Сюда нельзя, тут повсюду бандиты! Мгх...","Jangan, <txt:bold,2><txt:color,orange>abang Ryuhyeon</txt:color></txt:bold>! Jangan dekat! Ada penyamun bersembunyi! Mmf, mmf...!","Không được đâu! Anh đừng đến đây!! Ở đây có rất nhiều kẻ xấu đang trốn đó!! Ưm, ưm...!","¡¡No, no vengas, aléjate!! ¡Hay un montón de rufianes escondidos en todas partes! ¡Mmpf, mmpf...!","Jangan, senior! Jangan ke sini!! Di sini banyak sekali penjahat yang bersembunyi!! Mmph, mmph...!",ไม่นะคะ รุ่นพี่! อย่าเข้ามานะคะ!! ที่นี่มีพวกอันธพาลซ่อนตัวอยู่เต็มไปหมด!! อะ อุ๊บ...!,"Não! Não venha, Ryuhyeon! Tem um monte de vilões escondidos aqui! Humpf, humpf!"
,,,TAG,,,,,"<cha:pos,소담,4>","<cha:pos,소담,4>","<cha:pos,소담,4>","<cha:pos,소담,4>","<cha:pos,소담,4>","<cha:pos,소담,4>","<cha:pos,소담,4>","<cha:pos,소담,4>","<cha:pos,소담,4>","<cha:pos,소담,4>","<cha:pos,소담,4>","<cha:pos,소담,4>"
,,,류현,,-1_크윽,,,"<txt:bold,2><txt:color,orange>소담</txt:color></txt:bold>!!","<txt:bold,2><txt:color,orange>Sodam</txt:color></txt:bold>!","<txt:bold,2><txt:color,orange>翆</txt:color></txt:bold>！！","<txt:bold,2><txt:color,orange>芷柔</txt:color></txt:bold>！！","<txt:bold,2><txt:color,orange>芷柔</txt:color></txt:bold>！！","<txt:bold,2><txt:color,orange>Содам</txt:color></txt:bold>!","<txt:bold,2><txt:color,orange>Sodam</txt:color></txt:bold>!","<txt:bold,2><txt:color,orange>Sodam</txt:color></txt:bold>!!","¡¡<txt:bold,2><txt:color,orange>Sodam</txt:color></txt:bold>!!","<txt:bold,2><txt:color,orange>Sodam</txt:color></txt:bold>!!","<txt:bold,2><txt:color,orange>โซดัม</txt:color></txt:bold>!!","<txt:bold,2><txt:color,orange>Sodam</txt:color></txt:bold>!"
,,,???,,,,,"킥킥, 이 골칫덩이 기집애, 입은 살아있구만!","Heh heh, this little troublemaker's still got a mouth on her!",ケケッ、この厄介な小娘、口だけは達者なようだな！,嘻嘻，这死丫头，还挺能叫唤的嘛！,嘻嘻，這死丫頭，嘴巴倒是挺硬的！,Ну и болтливая девчонка.,"Heh heh, budak banyak songeh ini masih lantang mulut rupanya!","Khặc khặc, con nhãi rắc rối này, miệng vẫn còn khỏe lắm!","Je, je. ¡Esta mocosa impertinente, no sabe cuándo cerrar la boca!","Kekeke, gadis pengganggu ini, mulutnya masih saja tidak bisa diam!",คิกคิก ยัยตัวปัญหานี่ ปากดีชะมัดเลย!,"Hehe, essa encrenqueira ainda tem muita boca, né!"
,,,???,,,,,"얘들아, 쥐새끼 한 마리 빠져나가지 못하게 에워싸라!","Boys, circle around! Don't let that rat slip away!",お前ら、ネズミ一匹逃がすんじゃないぞ！囲め！,弟兄们，给我把他包围起来，连只老鼠都别放过！,小的們，把他給我圍起來！連隻老鼠都別放過！,Окружить его! Чтобы даже мышь не проскочила.,"Anak-anak buah, kepung dia! Jangan biarkan seekor tikus pun terlepas!","Các ngươi, bao vây lại, đừng để một con chuột nhắt nào lọt ra!","¡Muchachos, rodéenlo. Que no se nos escape ni una sola rata!","Semuanya, kepung dia! Jangan biarkan tikus ini lolos!",ทุกคน ล้อมไว้อย่าให้หนูสักตัวเล็ดรอดไปได้!,"Pessoal, cerquem ele! Não deixem nem um rato escapar!"
,,,TAG,,,,,"<cha:pos,클레르,2>","<cha:pos,클레르,2>","<cha:pos,클레르,2>","<cha:pos,클레르,2>","<cha:pos,클레르,2>","<cha:pos,클레르,2>","<cha:pos,클레르,2>","<cha:pos,클레르,2>","<cha:pos,클레르,2>","<cha:pos,클레르,2>","<cha:pos,클레르,2>","<cha:pos,클레르,2>"
,,,클레르,,1_기본,wave,,"...하하, <txt:bold,2><txt:color,orange>류현</txt:color></txt:bold>. 널 기다리느라 지루해서 잠드는 줄 알았어.","...Hahaha, <txt:bold,2><txt:color,orange>Ryuhyeon</txt:color></txt:bold>. I was nearly bored to sleep waiting for you.","‥ハハ、<txt:bold,2><txt:color,orange>真一</txt:color></txt:bold>。待ちくたびれて寝ちまうところだったぜ。","‥哈哈，<txt:bold,2><txt:color,orange>昊天</txt:color></txt:bold>。等你等得我都快无聊得睡着了。","‥哈哈，<txt:bold,2><txt:color,orange>昊天</txt:color></txt:bold>。等你等得我都快睡著了。","... Ха-ха, <txt:bold,2><txt:color,orange>Рюхён</txt:color></txt:bold>. Я уже думал, что не дождусь тебя.","...Hahaha, <txt:bold,2><txt:color,orange>Ryuhyeon</txt:color></txt:bold>. Aku dah bosan sampai tertidur menunggu kau.","...Haha, <txt:bold,2><txt:color,orange>Ryuhyeon</txt:color></txt:bold>. Đợi ngươi lâu đến mức ta suýt ngủ gục đấy.","... Jaja, <txt:bold,2><txt:color,orange>Ryuhyeon</txt:color></txt:bold>. Ya me estaba quedando dormido de tanto esperarte.","...Haha, <txt:bold,2><txt:color,orange>Ryuhyun</txt:color></txt:bold>. Aku hampir tertidur karena bosan menunggumu.","...ฮ่าฮ่า <txt:bold,2><txt:color,orange>รยูฮยอน</txt:color></txt:bold> ฉันรอนายจนเบื่อแทบจะหลับไปแล้ว","Haha, <txt:bold,2><txt:color,orange>Ryuhyeon</txt:color></txt:bold>. Esperar você foi tão chato que quase dormi."
,,,류현,,-1_분노,,,"<txt:bold,2><txt:color,orange>클레르</txt:color></txt:bold>. 당장 <txt:bold,2><txt:color,orange>소담</txt:color></txt:bold>을 놔줘!","<txt:bold,2><txt:color,orange>Claire</txt:color></txt:bold>. Let <txt:bold,2><txt:color,orange>Sodam</txt:color></txt:bold> go, right now!","<txt:bold,2><txt:color,orange>クレール</txt:color></txt:bold>。今すぐ<txt:bold,2><txt:color,orange>翆</txt:color></txt:bold>を放せ！","<txt:bold,2><txt:color,orange>克莱尔</txt:color></txt:bold>。马上把<txt:bold,2><txt:color,orange>芷柔</txt:color></txt:bold>放了！","<txt:bold,2><txt:color,orange>克萊爾</txt:color></txt:bold>。馬上把<txt:bold,2><txt:color,orange>芷柔</txt:color></txt:bold>放了！","Отпусти <txt:bold,2><txt:color,orange>Содам</txt:color></txt:bold>, <txt:bold,2><txt:color,orange>Клэр</txt:color></txt:bold>.","<txt:bold,2><txt:color,orange>Claire</txt:color></txt:bold>. Lepaskan <txt:bold,2><txt:color,orange>Sodam</txt:color></txt:bold> sekarang!","<txt:bold,2><txt:color,orange>Claire</txt:color></txt:bold>. Thả <txt:bold,2><txt:color,orange>Sodam</txt:color></txt:bold> ra ngay!","<txt:bold,2><txt:color,orange>Claire</txt:color></txt:bold>. ¡Suelta ahora mismo a <txt:bold,2><txt:color,orange>Sodam</txt:color></txt:bold>!","<txt:bold,2><txt:color,orange>Claire</txt:color></txt:bold>. Cepat lepaskan <txt:bold,2><txt:color,orange>Sodam</txt:color></txt:bold> sekarang juga!","<txt:bold,2><txt:color,orange>แคลร์</txt:color></txt:bold> ปล่อย<txt:bold,2><txt:color,orange>โซดัม</txt:color></txt:bold>เดี๋ยวนี้นะ!","<txt:bold,2><txt:color,orange>Claire</txt:color></txt:bold>. Solta a <txt:bold,2><txt:color,orange>Sodam</txt:color></txt:bold> agora!"
,,,클레르,,1_기본,wave,,나한테 명령하지 마. 네 처지부터 생각하라고. 주위를 좀 둘러봐.,Stop giving me orders. Worry about yourself first. Take a look around.,俺に指図するな。まずは自分の立場をわきまえろ。周りをよく見てみるんだな。,少命令我。先搞清楚你自己的处境吧。看看周围。,少命令我。先看看你自己的處境吧。看看周圍。,Не командуй тут. Оглянись вокруг для начала.,Jangan nak mengarah aku. Risaukan diri kau dulu. Cuba tengok sekeliling.,Đừng ra lệnh cho ta. Nghĩ đến tình cảnh của ngươi trước đi. Nhìn quanh một chút xem.,No me des órdenes. Piensa en tu situación. Mira a tu alrededor.,Jangan memerintahku. Pikirkan dulu keadaanmu sekarang. Coba lihat sekelilingmu.,อย่ามาสั่งฉัน นึกถึงสภาพตัวเองก่อนเถอะ ลองมองดูรอบๆ ตัวซะ,Não manda em mim. Pense no seu próprio estado. Olha ao seu redor.
,,,클레르,,1_기본,wave,joy,"하하, 왜? 겁먹었나? 아무리 너라도 이 정도 숫자의 총잡이를 상대하긴 버겁겠지?","Haha, what? Got the jitters? Even you can't take this many gunmen at once, can you?",ハハ、どうした？ビビったか？いくらてめえでも、この人数のガンマンを相手にするのは骨が折れるだろ？,哈哈，怎么？怕了？就算是你，要对付这么多枪手也很吃力吧？,哈哈，怎麼？怕了嗎？就算是你，想同時對付這麼多槍手也很吃力吧？,"Ну как, испугался? Даже тебе не справиться с таким количеством стрелков.","Haha, kenapa? Dah mula gelabah? Kau pun tak boleh lawan penembak seramai ini sekaligus, kan?","Haha, sao thế? Sợ rồi à? Dù là ngươi, đối phó với số tay súng nhiều thế này cũng quá sức nhỉ?",Jaja. ¿Qué pasa? ¿Tienes miedo? Ni siquiera tú podrías con tantos pistoleros a la vez.,"Haha, kenapa? Apa kamu merasa takut sekarang? Meskipun itu kamu, pasti akan kewalahan menghadapi Penembak jitu sebanyak ini, bukankah begitu?",ฮ่าฮ่า ทำไมเหรอ? กลัวรึไง? ต่อให้เป็นนาย ก็คงรับมือกับนักแม่นปืนจำนวนขนาดนี้ลำบากใช่ไหมล่ะ?,"Haha! Que foi? Ficou com medinho? Até você teria dificuldade contra tantos atiradores assim, não acha?"
,,,클레르,,1_미소,wave,,내 아버지 때와는 다르다고. 우리 조직은 그때보다 훨씬 강하고 잔인해졌어.,Things aren't like my father's day anymore. We’ve grown much stronger and crueler now.,俺の親父の時代とは違う。今の組織は、あの頃よりずっと強くて残酷なんだよ。,现在可和我父亲那会儿不同了。我们的组织比那时候更强、更狠。,現在可不是我爸那時候了。我們組織比以前更強大、更殘酷了。,Это тебе не времена моего отца. Теперь мы куда сильнее и безжалостнее.,Keadaan bukan lagi macam zaman ayah aku. Kami dah jauh lebih kuat dan kejam sekarang.,Không giống thời cha ta đâu. Tổ chức của bọn ta giờ mạnh hơn và tàn nhẫn hơn khi đó rất nhiều.,Las cosas ya no son como en los tiempos de mi padre. Nuestra organización es mucho más fuerte y despiadada ahora.,Ini berbeda dengan jaman ayahku dulu. Organisasi kami jauh lebih kuat dan kejam sekarang.,มันไม่เหมือนกับยุคพ่อของฉันหรอกนะ องค์กรของฉันในตอนนี้น่ะ แข็งแกร่งและโหดเหี้ยมกว่าตอนนั้นเยอะ,Não é como na época do meu pai. Nossa organização agora é muito mais forte e cruel.
,,,클레르,,1_미소+,wave,,난 목표를 위해서라면 수단과 방법을 가리지 않거든.,I don't care what it takes when there's a goal to reach.,俺は目的のためなら、手段なんざ選ばねぇ。,我为了达到目的，可是不择手段的。,為了達到目的，我可是會不擇手段的。,И для достижения цели я готов на все.,Aku tak kisah apa pun yang perlu dilakukan asalkan matlamat tercapai.,"Vì mục tiêu, ta không từ bất cứ thủ đoạn nào.",No me detendré ante nada para lograr mis objetivos.,Karena aku akan melakukan apa pun demi mencapai tujuanku.,เพราะถ้าเพื่อเป้าหมายแล้วล่ะก็ ฉันไม่เลือกวิธีการหรอก,Eu faço o que for preciso pra alcançar meus objetivos.
,,,클레르,,1_미소,wave,,"그동안 정의로운 척 영웅 놀이하니 재밌었지, <txt:bold,2><txt:color,orange>류현</txt:color></txt:bold>?","Been having fun playing the righteous hero all this time, <txt:bold,2><txt:color,orange>Ryuhyeon</txt:color></txt:bold>?","今まで正義の味方ぶってヒーローごっこして、さぞ楽しかったろうなぁ？<txt:bold,2><txt:color,orange>真一</txt:color></txt:bold>。","之前装作正义使者玩英雄游戏很爽吧，<txt:bold,2><txt:color,orange>昊天</txt:color></txt:bold>？","之前裝正義玩英雄遊戲，玩得很開心吧，<txt:bold,2><txt:color,orange>昊天</txt:color></txt:bold>？","Нравится строить из себя благородного спасителя, <txt:bold,2><txt:color,orange>Рюхён</txt:color></txt:bold>?","Seronok sangat bermain jadi wira suci selama ini, <txt:bold,2><txt:color,orange>Ryuhyeon</txt:color></txt:bold>?","Bấy lâu nay chơi trò anh hùng giả vờ chính nghĩa vui lắm nhỉ, <txt:bold,2><txt:color,orange>Ryuhyeon</txt:color></txt:bold>?","Te has divertido mucho jugando al héroe estos días, ¿verdad <txt:bold,2><txt:color,orange>Ryuhyeon</txt:color></txt:bold>?","Kamu merasa bersenang-senang bermain pahlawan sok adil selama ini kan, <txt:bold,2><txt:color,orange>Ryuhyun</txt:color></txt:bold>?","ที่ผ่านมานายคงสนุกกับการเล่นบทฮีโร่ผู้แสนยุติธรรมสินะ <txt:bold,2><txt:color,orange>รยูฮยอน</txt:color></txt:bold>?","Deve ter sido divertido fingir ser o herói da justiça esse tempo todo, <txt:bold,2><txt:color,orange>Ryuhyeon</txt:color></txt:bold>."
,,,류현,,-1_분노,pause,,"...<txt:bold,2><txt:color,orange>소담</txt:color></txt:bold>을 놔주라고 했을 텐데.","I believe I told you to let <txt:bold,2><txt:color,orange>Sodam</txt:color></txt:bold> go.","‥<txt:bold,2><txt:color,orange>翆</txt:color></txt:bold>を放せと言ったはずだ。","‥我让你把<txt:bold,2><txt:color,orange>芷柔</txt:color></txt:bold>放了。","‥我叫你把<txt:bold,2><txt:color,orange>芷柔</txt:color></txt:bold>放了。","Я повторять не люблю. Отпусти <txt:bold,2><txt:color,orange>Содам</txt:color></txt:bold>.","Aku rasa aku dah suruh kau lepaskan <txt:bold,2><txt:color,orange>Sodam</txt:color></txt:bold>.","...Ta đã bảo thả <txt:bold,2><txt:color,orange>Sodam</txt:color></txt:bold> ra mà.","... Creo haberte dicho que soltaras a <txt:bold,2><txt:color,orange>Sodam</txt:color></txt:bold>.","...Sudah kubilang cepat lepaskan <txt:bold,2><txt:color,orange>Sodam</txt:color></txt:bold>.","...ฉันพูดแล้วนะว่าให้ปล่อย<txt:bold,2><txt:color,orange>โซดัม</txt:color></txt:bold>ไปซะ","Eu mandei... soltar a <txt:bold,2><txt:color,orange>Sodam</txt:color></txt:bold>."
,,,클레르,,1_미소,,,입 다물고 내 명령이나 들어. 무기를 버려. 그리고 두 손 머리 위로 올려.,Shut your mouth and drop your weapon. Hands above your head.,黙って俺の命令に従え。武器を捨てて、両手を頭の上に上げろ。,闭嘴，听我的命令。把武器扔了。然后双手抱头。,閉上嘴乖乖聽話。把武器放下，然後雙手抱頭。,Молчать! Брось оружие и руки за голову.,Diam dan jatuhkan senjata kau. Tangan di atas kepala.,Câm miệng rồi nghe lệnh ta đi. Bỏ vũ khí xuống. Rồi giơ hai tay lên đầu.,Cierra la boca y obedece. Suelta el arma y pon las manos sobre la cabeza.,"Tutup mulutmu dan ikuti perintahku. Buang senjatamu. Lalu, angkat kedua tanganmu di atas kepala.",หุบปากแล้วฟังคำสั่งของฉันซะ ทิ้งอาวุธ แล้วยกสองมือขึ้นเหนือหัว,Fica quieto e obedece minhas ordens. Joga a arma fora e levanta as mãos.
,,,류현,,-1_흠,pause,,...쳇.,...Tch.,‥チッ。,‥啧。,‥嘖。,... Вот же.,...Tch.,Chết tiệt...,... Bah.,...Cih.,...ชิ,Tsc...
,,,클레르,,1_기본,,joy,"하하! 전설의 총잡이가 별거 없군, 그래! 자, 얘들아! 저 녀석을 손봐 줘라!","Haha! Not much to this legendary gunslinger after all! Boys, show him what for!",ハハ！伝説のガンマンも大したことねぇな！おい、てめえら！あいつをボコボコにしてやれ！,哈哈！传说中的神枪手也不过如此嘛！来啊，弟兄们！给我好好教训他一顿！,哈哈！看來傳奇槍手也不過如此嘛！小的們！給他點顏色瞧瞧！,"Ха-ха! И это легендарный стрелок? Парни, займитесь им!","Haha! Tak seberapa pun penembak legenda ini rupanya! Kalian, ajar dia cukup-cukup!","Haha! Tay súng huyền thoại cũng chẳng có gì ghê gớm nhỉ! Nào, các ngươi! Dạy cho hắn một bài học đi!",¡Jaja! ¡Parece que el legendario pistolero no es gran cosa después de todo! ¡Vamos muchachos! ¡Denle su merecido!,"Haha! Ternyata Penembak Jitu legendaris tidak ada apa-apanya! Ayo, semuanya! Beri dia pelajaran!",ฮ่าฮ่า! นักแม่นปืนในตำนานก็ไม่เห็นจะเท่าไหร่เลยนี่นา! เอาล่ะ ทุกคน! จัดการเจ้านั่นซะ!,"Haha! O lendário atirador não é grande coisa! Certo, pessoal! Deem uma lição nele!"
,,,-,,,,,"<txt:color,grey>(<txt:bold,2>클레르</txt:bold>가 비웃으며 손짓하자, 주위를 에워싸고 있던 부하들이 일제히 달려든다.)</txt:color> ","<txt:color,grey>(As <txt:bold,2>Claire</txt:bold> sneers and gives a signal, his men charge in from all sides at once.)</txt:color>","<txt:color,grey>(<txt:bold,2>クレール</txt:bold>が嘲るように手を振ると、周囲を取り囲んでいた手下たちが一斉に襲いかかった)</txt:color>","<txt:color,grey>（随着<txt:bold,2>克莱尔</txt:bold>嘲讽地一挥手，包围在周围的喽啰们一拥而上。）</txt:color>","<txt:color,grey>（隨著<txt:bold,2>克萊爾</txt:bold>嘲諷的招手，包圍在四周的手下們一擁而上。）</txt:color>","<txt:color,grey>(<txt:bold,2>Клэр</txt:bold> усмехается и делает знак рукой. Его люди одновременно бросаются вперед.)</txt:color>","<txt:color,grey>(<txt:bold,2>Claire</txt:bold> menyeringai dan memberi isyarat, lalu pengikutnya menyerbu dari semua arah serentak.)</txt:color>","<txt:color,grey>(<txt:bold,2>Claire</txt:bold> vừa cười khẩy vừa ra hiệu, đám thuộc hạ đang bao vây xung quanh lập tức đồng loạt lao tới.)</txt:color>","<txt:color,grey>(<txt:bold,2>Claire</txt:bold> hace una seña con aire de burla y los secuaces que lo rodeaban se lanzan contra él).</txt:color>","<txt:color,grey>(<txt:bold,2>Claire</txt:bold> memberi isyarat sambil tertawa sinis, dan anak buah yang mengepungnya langsung menyerbu bersamaan.)</txt:color>","<txt:color,grey>(ทันทีที่<txt:bold,2>แคลร์</txt:bold>หัวเราะเยาะ พร้อมกับชี้นิ้วออกคำสั่ง บรรดาลูกน้องที่ล้อมรอบอยู่ก็พุ่งเข้ามาพร้อมกัน)</txt:color>","<txt:color,grey>(<txt:bold,2>Claire</txt:bold> sorri com deboche e faz um gesto, e os homens ao redor avançam todos de uma vez.)</txt:color>"
,,,-,,,,,"<eff:shake,1><txt:bold,2><txt:shake,2><txt:color,grey>(퍽! 퍽! 퍽!!)</txt:color></txt:shake></txt:bold>","<eff:shake,1><txt:bold,2><txt:shake,2><txt:color,grey>(Thwack! Thwack! Thwack!)</txt:color></txt:shake></txt:bold>","<eff:shake,1><txt:bold,2><txt:shake,2><txt:color,grey>(バシッ！バシッ！バシッ！！)</txt:color></txt:shake></txt:bold>","<eff:shake,1><txt:bold,2><txt:shake,2><txt:color,grey>（砰！砰！砰！！）</txt:color></txt:shake></txt:bold>","<eff:shake,1><txt:bold,2><txt:shake,2><txt:color,grey>（砰！砰！砰！！）</txt:color></txt:shake></txt:bold>","<eff:shake,1><txt:bold,2><txt:shake,2><txt:color,grey>(Бах! Бах! Бах!)</txt:color></txt:shake></txt:bold>","<eff:shake,1><txt:bold,2><txt:shake,2><txt:color,grey>(Plap! Plap! Plap!)</txt:color></txt:shake></txt:bold>","<eff:shake,1><txt:bold,2><txt:shake,2><txt:color,grey>(Bốp! Bốp! Bốp!!)</txt:color></txt:shake></txt:bold>","<eff:shake,1><txt:bold,2><txt:shake,2><txt:color,grey>(¡Pum! ¡Zas! ¡Bam!)</txt:color></txt:shake></txt:bold>","<eff:shake,1><txt:bold,2><txt:shake,2><txt:color,grey>(Bruk! Bruk! Bruk!!)</txt:color></txt:shake></txt:bold>","<eff:shake,1><txt:bold,2><txt:shake,2><txt:color,grey>(พลั่ก! พลั่ก! พลั่ก!!)</txt:color></txt:shake></txt:bold>","<eff:shake,1><txt:bold,2><txt:shake,2><txt:color,grey>(Pow! Pow! Pow!)</txt:color></txt:shake></txt:bold>"
,,,-,,,,,"<txt:color,grey>(복부와 얼굴에 무자비한 <txt:bold,1>스파이크</txt:bold>가 쏟아진다.)</txt:color>","<txt:color,grey>(Merciless <txt:bold,1>spikes</txt:bold> rain down on his belly and face.)</txt:color>","<txt:color,grey>(腹部と顔面に容赦なく<txt:bold,1>スパイク</txt:bold>が浴びせられる)</txt:color>","<txt:color,grey>（腹部和脸部承受了无情的<txt:bold,1>扣球</txt:bold>。）</txt:color>","<txt:color,grey>（腹部與臉部遭到了無情的<txt:bold,1>扣球</txt:bold>重擊。）</txt:color>","<txt:color,grey>(<txt:bold,1>Мячи стремительно летят</txt:bold> один за другим: в живот и в лицо.)</txt:color>","<txt:color,grey>(<txt:bold,1>Rejaman</txt:bold> kejam menghujani perut dan mukanya.)</txt:color>","<txt:color,grey>(Những cú <txt:bold,1>đập</txt:bold> tàn nhẫn liên tiếp trút xuống bụng và mặt.)</txt:color>","<txt:color,grey>(Una ráfaga de <txt:bold,1>remates</txt:bold> despiadados impacta en su abdomen y rostro).</txt:color>","<txt:color,grey>(<txt:bold,1>Spike</txt:bold> yang kejam menghujam bertubi-tubi ke arah perut dan wajah.)</txt:color>","<txt:color,grey>(<txt:bold,1>การตบ</txt:bold>อันไร้ปรานีกระหน่ำลงที่บริเวณท้องและใบหน้า)</txt:color>","<txt:color,grey>(Tump! Tump! Tump!) (Uma chuva de <txt:bold,1>cortadas</txt:bold> cruéis no rosto e no estômago.)</txt:color>"
,,,클레르,,1_무표정,,angry,신음 한 번 안 내다니... 이 자식.,Not even a groan out of him... tough one.,うめき声一つ上げねぇとは‥この野郎。,居然连哼都不哼一声‥你这家伙。,居然連吭都沒吭一聲‥你這傢伙。,Даже не пискнул... Вот ненормальный.,Langsung tak mengerang... keras juga dia.,Không rên lấy một tiếng... tên khốn này.,Ni un solo quejido... Maldito seas.,Dia bahkan tidak mengerang sedikit pun... Bajingan ini.,ไม่ยอมส่งเสียงเลยสักแอะ... เจ้านี่,Nem um gemido... esse desgraçado.
,,,클레르,0,1_버럭,,,"하, 비켜봐, 내가 직접 상대해 주지! 이렇게 혼내주란 말이야...!","Hah, step aside! I'll deal with him myself! This is how you teach him a proper lesson...!",はっ。どけ、俺が直々に相手してやる！こうやって叩きのめすんだよ‥！,闪开，我亲自来陪他玩玩！应该这样教训他才对‥！,哈，閃開，讓我親自來對付他！要像這樣教訓他才對‥！,Прочь с дороги. Я лично его проучу!,"Hah, ke tepi! Biar aku sendiri uruskan dia! Macam inilah nak ajar dia betul-betul...!","Hừ, tránh ra, để ta đích thân xử hắn! Phải dạy dỗ thế này này...!","¡Ja! ¡Quítense, yo mismo me encargaré de él! ¡Así es como se hace...!","Ha, minggir kalian! Biar aku sendiri yang melakukannya! Harus dihajar seperti ini...!",เฮอะ ถอยไปซะ ฉันจัดการเอง! ต้องสั่งสอนแบบนี้ต่างหาก...!,"Ugh, saiam da frente. Eu mesmo vou lidar com ele! Vou mostrar como se faz!"
,,,류현,,-1_비죽,pause,,...지금!,...Now!,‥今だ！,‥就是现在！,‥就是現在！,Это мой шанс!,...Sekarang!,...Ngay lúc này!,... ¡Ahora!,...Sekaranglah!,...ตอนนี้แหละ!,Agora!
,,,TAG,,,,,"<cha:pos,클레르,1><cha:pos,류현,-1><cha:emote,클레르,exclam>","<cha:pos,클레르,1><cha:pos,류현,-1><cha:emote,클레르,exclam>","<cha:pos,클레르,1><cha:pos,류현,-1><cha:emote,클레르,exclam>","<cha:pos,클레르,1><cha:pos,류현,-1><cha:emote,클레르,exclam>","<cha:pos,클레르,1><cha:pos,류현,-1><cha:emote,클레르,exclam>","<cha:pos,클레르,1><cha:pos,류현,-1><cha:emote,클레르,exclam>","<cha:pos,클레르,1><cha:pos,류현,-1><cha:emote,클레르,exclam>","<cha:pos,클레르,1><cha:pos,류현,-1><cha:emote,클레르,exclam>","<cha:pos,클레르,1><cha:pos,류현,-1><cha:emote,클레르,exclam>","<cha:pos,클레르,1><cha:pos,류현,-1><cha:emote,클레르,exclam>","<cha:pos,클레르,1><cha:pos,류현,-1><cha:emote,클레르,exclam>","<cha:pos,클레르,1><cha:pos,류현,-1><cha:emote,클레르,exclam>"
,,,-,,,,,"<txt:color,grey>(일순간 번개 같은 속도로 <txt:bold,2>클레르</txt:bold>의 손목을 낚아채고, 그대로 그의 팔을 등 뒤로 꺾으며 제압한다.)</txt:color>","<txt:color,grey>(In a flash of lightning speed, he snatches <txt:bold,2>Claire</txt:bold>'s wrist and twists his arm behind his back, pinning him.)</txt:color>","<txt:color,grey>(次の瞬間、稲妻のような速さで<txt:bold,2>クレール</txt:bold>の手首を掴み、そのまま背後へ腕をねじり上げて制圧する)</txt:color>","<txt:color,grey>（瞬间以闪电般的速度抓住<txt:bold,2>克莱尔</txt:bold>的手腕，顺势将他的手臂反剪到背后制服了他。）</txt:color>","<txt:color,grey>（他以迅雷不及掩耳的速度抓住<txt:bold,2>克萊爾</txt:bold>的手腕，順勢將他的手臂反折到背後，將其制伏。）</txt:color>","<txt:color,grey>(В одно мгновение <txt:bold,2>Рюхён</txt:bold> хватает <txt:bold,2>Клэра</txt:bold> за запястье, заламывает ему руку и обездвиживает.)</txt:color>","<txt:color,grey>(Sepantas kilat, dia menyambar pergelangan tangan <txt:bold,2>Claire</txt:bold> dan memulas lengannya ke belakang, lalu menahannya.)</txt:color>","<txt:color,grey>(Trong khoảnh khắc, với tốc độ như tia chớp, anh chộp lấy cổ tay <txt:bold,2>Claire</txt:bold>, rồi bẻ quặt tay hắn ra sau lưng và khống chế.)</txt:color>","<txt:color,grey>(En un parpadeo, le sujeta la muñeca a <txt:bold,2>Claire</txt:bold> con la velocidad de un rayo y le tuerce el brazo tras la espalda, inmovilizándolo por completo).</txt:color>","<txt:color,grey>(Dalam sekejap, dengan kecepatan kilat, ia menarik pergelangan tangan <txt:bold,2>Claire</txt:bold>, dan menekuk lengannya ke belakang untuk melumpuhkannya.)</txt:color>","<txt:color,grey>(เขาคว้าข้อมือของ<txt:bold,2>แคลร์</txt:bold>ด้วยความเร็วราวกับสายฟ้าในชั่วพริบตา แล้วบิดแขนไปด้านหลังเพื่อควบคุมไว้)</txt:color>","<txt:color,grey>(Num instante, ele avança como um raio, agarra o pulso de <txt:bold,2>Claire</txt:bold> e torce seu braço para trás, imobilizando-o.)</txt:color>"
,,,-,,,,,"<txt:color,grey>(<txt:bold,1>당황한 부하들이 배구공을 겨누지만...</txt:bold><wrt:wait,30> 이미 <txt:bold,2>클레르</txt:bold>를 방패 삼아 몸을 숨긴 뒤다.)</txt:color>","<txt:color,grey>(<txt:bold,1>The startled henchmen aim their volleyballs, but...</txt:bold><wrt:wait,30> he's already ducked behind <txt:bold,2>Claire</txt:bold>, using him as a shield.)</txt:color>","<txt:color,grey>(<txt:bold,1>手下たちが慌ててバレーボールを構えるも‥</txt:bold><wrt:wait,30>すでに<txt:bold,2>クレール</txt:bold>を盾に取り、身を隠した後だった)</txt:color>","<txt:color,grey>（<txt:bold,1>慌乱的暴徒们纷纷举起排球瞄准‥</txt:bold><wrt:wait,30>但他已经拿<txt:bold,2>克莱尔</txt:bold>当盾牌，将身体藏在了后面。）</txt:color>","<txt:color,grey>（<txt:bold,1>慌亂的手下們舉起排球瞄準‥</txt:bold><wrt:wait,30>但昊天早就拿<txt:bold,2>克萊爾</txt:bold>當擋箭牌躲在了他的身後。）</txt:color>","<txt:color,grey>(<txt:bold,1>Бандиты растерянно поднимают мячи для удара, </txt:bold><wrt:wait,30>но <txt:bold,2>Рюхён</txt:bold> успевает спрятаться за их боссом.)</txt:color>","<txt:color,grey>(<txt:bold,1>Pengikut-pengikut terkejut dan membidik bola tampar, tetapi...</txt:bold><wrt:wait,30> dia sudah mengelak di belakang <txt:bold,2>Claire</txt:bold>, menggunakannya sebagai pelindung.)</txt:color>","<txt:color,grey>(<txt:bold,1>Đám thuộc hạ hoảng hốt chĩa bóng chuyền vào anh, nhưng...</txt:bold><wrt:wait,30> anh đã nấp sau lưng <txt:bold,2>Claire</txt:bold>, dùng hắn làm lá chắn.)</txt:color>","<txt:color,grey>(<txt:bold,1>Sus hombres, desconcertados, le apuntan con sus balones de voleibol pero...</txt:bold><wrt:wait,30> ya se había cubierto usando a <txt:bold,2>Claire</txt:bold> de escudo).","<txt:color,grey>(<txt:bold,1>Para anak buah yang panik langsung membidikkan bola voli mereka...</txt:bold><wrt:wait,30> tapi ia sudah bersembunyi dibelakang <txt:bold,2>Claire</txt:bold> dan menggunakannya sebagai perisai.)</txt:color>","<txt:color,grey>(<txt:bold,1>บรรดาลูกน้องที่ตื่นตระหนกได้เล็งลูกวอลเลย์บอลไป...</txt:bold><wrt:wait,30> แต่เขาก็ซ่อนตัว โดยใช้<txt:bold,2>แคลร์</txt:bold>เป็นโล่กำบังเรียบร้อยแล้ว)</txt:color>","<txt:color,grey>(<txt:bold,1>Os capangas se assustam e apontam as bolas de vôlei... </txt:bold><wrt:wait,30>mas ele já se esconde atrás de <txt:bold,2>Claire</txt:bold> como escudo.)</txt:color>"
,,,류현,,-1_기본,pause,,"너무 가까이 왔어, 보스. ","You got too close, boss.",近づきすぎたな、ボス。,你离得太近了，老板。,你靠得太近了，老大。,"Зря подошел так близко, босс.","Kau terlalu dekat, bos.","Ngươi lại gần quá rồi đấy, boss.","Jefe, te acercaste demasiado.","Kamu mendatangiku terlalu dekat, Bos.",นายเข้ามาใกล้มากเกินไปนะ บอส,"Você chegou perto demais, chefe."
,,,클레르,,1_버럭,shake,,"윽...! <txt:shake,1>너, 너...! 큭!! <cha:pop,클레르><wrt:wait,30>이, 이거 안 놔!!</txt:shake>","Ugh...! <txt:shake,1>Y-you...! Ugh! <cha:pop,클레르><wrt:wait,30>L-let go of me!</txt:shake>","ぐっ‥！<txt:shake,1>て、てめえ‥！くっ！！<cha:pop,클레르><wrt:wait,30>は、放せ！！</txt:shake>","呃‥！<txt:shake,1>你，你‥！可恶！！<cha:pop,클레르><wrt:wait,30>放、快放手！！</txt:shake>","呃‥！<txt:shake,1>你、你‥！可惡！！<cha:pop,클레르><wrt:wait,30>快、快放開我！！</txt:shake>","Угх... <txt:shake,1>Ты! <cha:pop,클레르><wrt:wait,30>Убери руки!</txt:shake>","Ugh...! <txt:shake,1>K-kau...! Ugh! <cha:pop,클레르><wrt:wait,30>L-lepaskan aku!</txt:shake>","Ực...! <txt:shake,1>Ngươi, ngươi...! Khực!! <cha:pop,클레르><wrt:wait,30>Th, thả ta ra!!</txt:shake>","¡Ah...! <txt:shake,1>¡Tú, tú...! ¡¡Grrr!! <cha:pop,클레르><wrt:wait,30>¡¡Suéltame ahora mismo!!","Ugh...! <txt:shake,1>Ka, kamu...! Cih!! <cha:pop,클레르><wrt:wait,30>C-cepat lepaskan ini!!</txt:shake>","อึก...! <txt:shake,1>นะ นาย...! หน็อย!! <cha:pop,클레르><wrt:wait,30>ปะ ปล่อยนะ!!</txt:shake>","Urgh! <txt:shake,1>Ei, você! Tsc! <cha:pop,클레르><wrt:wait,30>S-solta isso!</txt:shake>"
,,,류현,,-1_기본+,,,난 무기 없이 싸우는 것도 익숙하거든.,I'm plenty used to fighting bare-handed.,素手で戦うのにも慣れてるんでね。,我可是很习惯赤手空拳战斗的。,我對空手搏鬥可是很拿手的。,"Думаешь, я только с оружием опасен?",Aku sudah biasa berlawan tangan kosong.,Ta cũng quen chiến đấu khi không có vũ khí rồi.,"Por si no lo sabías, también sé pelear sin armas.",Aku sudah terbiasa bertarung meski tanpa senjata.,การต่อสู้โดยไม่มีอาวุธน่ะ ฉันก็ถนัดเหมือนกัน,Eu também estou acostumado a lutar sem armas.
,,,류현,,-1_기본,,,"자, <txt:bold,2><txt:color,orange>소담</txt:color></txt:bold>을 놔줘! <wrt:break>안 그러면 너희 보스 인생도 여기서 마침표를 찍게 될 거야.","Now, let <txt:bold,2><txt:color,orange>Sodam</txt:color></txt:bold> go! <wrt:break>Or your boss's life comes to an end right here.","さあ、<txt:bold,2><txt:color,orange>翆</txt:color></txt:bold>を放せ！<wrt:break>さもないと、お前たちのボスの命もここで終わることになるぞ。","听好，把<txt:bold,2><txt:color,orange>芷柔</txt:color></txt:bold>放了！<wrt:break>不然你们老板的性命可就要交代在这里了。","快點，把<txt:bold,2><txt:color,orange>芷柔</txt:color></txt:bold>放了！<wrt:break>不然你們老大的人生就要在這裡畫下句點了。","А теперь отпустите <txt:bold,2><txt:color,orange>Содам</txt:color></txt:bold>!<wrt:break> Иначе вашему боссу конец.","Sekarang, lepaskan <txt:bold,2><txt:color,orange>Sodam</txt:color></txt:bold>! <wrt:break>Atau nyawa bos kau tamat di sini.","Nào, thả <txt:bold,2><txt:color,orange>Sodam</txt:color></txt:bold> ra! <wrt:break>Nếu không, cuộc đời boss của các ngươi cũng sẽ chấm hết tại đây.","¡Ahora suelten a <txt:bold,2><txt:color,orange>Sodam</txt:color></txt:bold>! <wrt:break> O de lo contrario, le pondré punto final a la vida de su jefe.","Kalau begitu, cepat lepaskan <txt:bold,2><txt:color,orange>Sodam</txt:color></txt:bold>! <wrt:break>Kalau tidak, hidup Bos kalian akan berakhir di sini.","เอาล่ะ ปล่อย<txt:bold,2><txt:color,orange>โซดัม</txt:color></txt:bold>ซะ! <wrt:break>ไม่งั้นชีวิตบอสของพวกนายได้จบลงที่นี่แน่","Soltem a <txt:bold,2><txt:color,orange>Sodam</txt:color></txt:bold>! <wrt:break>Senão a vida do seu chefe termina agora."
,,,클레르,,1_버럭,,,"하, 이걸로 상황이 바뀔 것 같아? 어차피 넌 이 포위망을 못 나가. ","Hah, you think this changes anything? You're not getting out of this ring no matter what.",ハッ、これで状況が変わると思ってんのか？どのみち、てめえはこの包囲網から逃げられねぇよ。,呵，你以为这样就能扭转局面吗？反正你也逃不出这包围圈。,哈，你以為這樣就能改變現狀嗎？反正你也逃不出這個包圍網。,"Ха, думаешь, это что-то меняет? Тебе все равно не уйти отсюда.","Hah, kau fikir ini mengubah apa-apa? Kau tetap takkan melepaskan diri daripada kepungan ini walau apa pun.","Hừ, ngươi nghĩ thế này là thay đổi được tình hình sao? Dù gì ngươi cũng không thoát khỏi vòng vây này đâu.",Ja. ¿Crees que esto cambia las cosas? No hay forma de que escapes de este cerco.,"Ha, apa kamu pikir ini akan mengubah keadaan? Kamu tetap tidak bisa keluar dengan selamat dari sini.",เฮอะ คิดว่าแค่นี้จะพลิกสถานการณ์ได้เหรอ? ยังไงนายก็ไม่มีทางหลุดออกไปจากวงล้อมนี้ได้,"Haha, acha que isso muda alguma coisa? Você não vai sair daqui."
,,,류현,,-1_기본,,,"글쎄, 이 많은 놈을 한꺼번에 상대하긴 번거롭지만... <txt:bold,1>너 한 명이라면 얘기가 다르지.</txt:bold>","Well, taking on this whole bunch at once would be a chore, but... <txt:bold,1>just you alone? That's a different story.</txt:bold>","さあな、この人数をまとめて相手するのは面倒だが‥<txt:bold,1>お前一人なら話は別だ。</txt:bold>","也许吧，同时对付这么多人确实有点麻烦‥<txt:bold,1>但如果只有你一个，那就不一样了。</txt:bold>","那可不一定。要一次對付這麼多人的確有點麻煩‥<txt:bold,1>但如果對手只有你一個，那就不一樣了。</txt:bold>","Против всей банды идти не хочется. <txt:bold,1>Но вот с тобой я быстро справлюсь.</txt:bold>","Nak lawan semua orang ini sekaligus memang susah, tapi... <txt:bold,1>kalau kau seorang? Itu cerita lain.</txt:bold>","Ai biết được, đối phó một lúc với cả đám đông thế này thì phiền thật... nhưng <txt:bold,1>chỉ một mình ngươi thì lại là chuyện khác.</txt:bold>","Bueno, sería un fastidio enfrentar a tantos a la vez... <txt:bold,1>Pero si solo eres tú, la historia es diferente.</txt:bold>","Entahlah, menghadapi mereka semua sekaligus memang merepotkan... <txt:bold,1>tapi berbeda ceritanya kalau cuma kamu sendiri.</txt:bold>","ไม่รู้สินะ ถึงจะยุ่งยากหน่อยถ้าต้องรับมือกับคนจำนวนมากเท่านี้พร้อมกัน... <txt:bold,1>แต่ถ้าเป็นนายคนเดียวก็อีกเรื่อง</txt:bold>","Bom, lidar com todos vocês de uma vez é complicado... <txt:bold,1>mas você sozinho é outra história.</txt:bold>"
,,,류현,,-1_기본+,,,"결투를 신청하지, <txt:bold,2><txt:color,orange>클레르</txt:color></txt:bold>.","I'm challenging you to a duel, <txt:bold,2><txt:color,orange>Claire</txt:color></txt:bold>.","決闘を申し込む、<txt:bold,2><txt:color,orange>クレール</txt:color></txt:bold>。","我向你提出决斗，<txt:bold,2><txt:color,orange>克莱尔</txt:color></txt:bold>。","我向你提出決鬥，<txt:bold,2><txt:color,orange>克萊爾</txt:color></txt:bold>。","Я вызываю тебя на поединок, <txt:bold,2><txt:color,orange>Клэр</txt:color></txt:bold>.","Aku mencabar kau bertarung satu lawan satu, <txt:bold,2><txt:color,orange>Claire</txt:color></txt:bold>.","Ta yêu cầu quyết đấu, <txt:bold,2><txt:color,orange>Claire</txt:color></txt:bold>.","Te desafío a un duelo, <txt:bold,2><txt:color,orange>Claire</txt:color></txt:bold>.","Aku menantangmu duel, <txt:bold,2><txt:color,orange>Claire</txt:color></txt:bold>.","ฉันขอท้าดวลกับนาย <txt:bold,2><txt:color,orange>แคลร์</txt:color></txt:bold>","Eu te desafio para um duelo, <txt:bold,2><txt:color,orange>Claire</txt:color></txt:bold>."
,,,클레르,,1_무표정,,,"...결투? <wrt:wait,30>하, 내가 왜?","...A duel? <wrt:wait,30>Hah, and why would I accept it?","‥決闘？<wrt:wait,30>ハッ、なんで俺が？","‥决斗？<wrt:wait,30>哈，我凭什么答应你？","‥決鬥？<wrt:wait,30>哈，我憑什麼答應你？","... Поединок? <wrt:wait,30>Ха, и зачем мне это?","...Bertarung? <wrt:wait,30>Hah, kenapa pula aku patut terima?","...Quyết đấu? <wrt:wait,30>Hừ, tại sao ta phải làm thế?","... ¿Un duelo? <wrt:wait,30> ¡Ja! ¿Y por qué aceptaría?","...Duel? <wrt:wait,30>Hah! Kenapa aku harus menuruti keinginanmu?","...ดวล? <wrt:wait,30>เฮอะ! ทำไมฉันต้องตกลงด้วย?","Duelo? <wrt:wait,30>Haha, por que eu aceitaria?"
,,,류현,,-1_비죽,,,"글쎄다. 그럼 너도 나한테 붙잡혀서 수모를 당하는 거지. <wrt:break>부하들이 보는 앞에서 권위를 세워야 하지 않겠어, 보스?","Suit yourself. Then you'll keep sitting here as my hostage, getting humiliated. <wrt:break>Wouldn't you rather save face in front of your boys, boss?",どうだか。このまま私に取り押さえられて、無様な姿を晒すのはお前のほうかもしれないぞ。<wrt:break>どうした、ボス？手下の前で威厳を見せなくていいのか？,也是。那你就只能继续被我抓着受辱了。<wrt:break>在手下面前，你难道不想树立一下作为老板的威信吗？,說的也是。那你就繼續被我挾持著受辱吧。<wrt:break>身為老大，總得在手下面前立點威信吧？,"Как хочешь. Можешь и дальше позориться. <wrt:break>Но интересно, что твоя шайка о тебе подумает, босс?","Ikut suka kaulah. Kalau tak, kau akan terus duduk di sini sebagai tebusan aku dan dipermalukan. <wrt:break>Takkah lebih baik kau selamatkan air muka di depan pengikut kau, bos?","Ai biết. Vậy thì ngươi cứ tiếp tục bị ta bắt giữ và chịu nhục thôi. <wrt:break>Không phải nên dựng lại uy quyền trước mặt thuộc hạ sao, boss?","Bueno pues. Entonces seguirás capturado y pasando humillación. <wrt:break>¿No deberías mantener tu autoridad frente a tus hombres, jefe?","Yah, kalau tidak mau, kamu akan terus menanggung malu karena tertangkap olehku. <wrt:break>Bukankah kamu harus menjaga wibawa di depan anak buahmu, Bos?",ก็ไม่รู้สินะ ถ้างั้นนายก็จะเสียหน้าเพราะถูกฉันจับน่ะสิ <wrt:break>นายควรจะต้องรักษาศักดิ์ศรีต่อหน้าลูกน้องไม่ใช่รึไง บอส?,"Sei lá. Caso contrário, você vai continuar nas minhas mãos, passando vergonha na frente dos seus homens. <wrt:break>Não vai preservar sua autoridade, chefe?"
,,,클레르,,1_굴욕,pause,sielnt,...쳇.,...Tch.,‥チッ。,‥切。,‥嘖。,... Как подло.,...Tch.,Chết tiệt...,... Bah.,...Cih.,...ชิ,Tsc...
,,,류현,,-1_비죽,,,왜 너한테도 나쁜 제안은 아니잖아.,"Look, it's not a bad deal for you either.",悪い話じゃないだろう、お前にとっても。,仔细想想，这对你来说也不是个坏提议吧。,對你來說也不是什麼壞提議吧。,Тебе только на руку со мной сразиться.,"Dengar, ini bukan tawaran yang buruk untuk kau juga.","Sao nào, với ngươi đây cũng đâu phải đề nghị tệ.","No es una mala oferta para ti, después de todo.","Lagipula, ini bukan tawaran yang buruk buatmu.",ทำไมล่ะ มันก็ไม่ใช่ข้อเสนอที่แย่สำหรับนายสักหน่อย,Que foi? Não é uma proposta tão ruim pra você também.
,,,류현,,-1_기본,,,그리고 적어도 내가 아는 괜찮은 총잡이들은 결투를 제안받으면 거절하지 않거든.,"Besides, every decent gunslinger I know never turns down a duel.",それに、少なくとも私の知っている一流のガンマンは、決闘を申し込まれて逃げたりしないぞ。,而且至少我认识的优秀枪手中，没有人会拒绝决斗的邀请。,而且至少我認識的那些體面槍手們，是不會拒絕決鬥邀請的。,Ведь настоящие стрелки не отказываются от вызова.,"Lagipun, semua penembak bagus yang aku kenal tak pernah menolak bertarung.",Và ít nhất thì những tay súng tử tế mà ta biết sẽ không từ chối khi được đề nghị quyết đấu.,"Además, los pistoleros de verdad que conozco, no rechazan un duelo.","Dan setidaknya, semua Penembak jitu hebat yang aku kenal tidak pernah menolak tantangan duel.",แล้วอย่างน้อยพวกนักแม่นปืนฝีมือพอใช้ได้ที่ฉันรู้จัก ก็ไม่มีใครปฏิเสธเวลาได้รับข้อเสนอท้าดวลหรอกนะ,E todo bom atirador que conheço não rejeita um duelo.
,,,류현,,-1_기본+,,,"예를 들어, <txt:bold,2><txt:color,orange>라울 데 루카</txt:color></txt:bold>처럼 말이야.","Take <txt:bold,2><txt:color,orange>Raul de Luca</txt:color></txt:bold>, for instance.","例えば、<txt:bold,2><txt:color,orange>ラウル・デ・ルカ</txt:color></txt:bold>みたいにな。","比如，像<txt:bold,2><txt:color,orange>拉乌尔·德·卢卡</txt:color></txt:bold>那样的人。","比如，像<txt:bold,2><txt:color,orange>拉烏爾·德·盧卡</txt:color></txt:bold>那樣的人。","<txt:bold,2><txt:color,orange>Рауль Де Лука</txt:color></txt:bold> никогда бы не струсил.","Seperti <txt:bold,2><txt:color,orange>Raul de Luca</txt:color></txt:bold>, contohnya.","Ví dụ như <txt:bold,2><txt:color,orange>Raul De Luca</txt:color></txt:bold> chẳng hạn.","Como <txt:bold,2><txt:color,orange>Raúl de Luca</txt:color></txt:bold>, por ejemplo.","Contohnya seperti, <txt:bold,2><txt:color,orange>Raul De Luca</txt:color></txt:bold>.","อย่างเช่น<txt:bold,2><txt:color,orange>ราอุล เดอ ลูก้า</txt:color></txt:bold>ไงล่ะ","Tipo o <txt:bold,2><txt:color,orange>Raul de Luca</txt:color></txt:bold>."
,,,클레르,,1_무표정,,angry,...너 이 자식.,...You insolent...,‥てめえ、この野郎。,‥你这混蛋。,‥你這傢伙。,Ты нарываешься...,...Kau biadab...,...Tên khốn này.,... Maldito seas.,...Dasar sialan.,...นายนี่มัน,Seu desgraçado...
,,,류현,,-1_기본+,,,"겁이 난다면 그냥 떼거리로 덤벼도 좋아. <wrt:break>뭐, 네 실력이 <txt:bold,2><txt:color,orange>라울</txt:color></txt:bold>보다 한참 못 미친다 해도, 훌륭한 마피아일 순 있으니까 말이야.","If you're scared, feel free to gang up on me. <wrt:break>I mean, even if you don't hold a candle to <txt:bold,2><txt:color,orange>Raul</txt:color></txt:bold>, you can still make a fine mafioso.","怖いなら、束になってかかってきてもいいぞ。<wrt:break>まあ、お前の腕が<txt:bold,2><txt:color,orange>ラウル</txt:color></txt:bold>に遠く及ばなくても、立派なマフィアにはなれるだろうしな。","如果你害怕的话，让手下一拥而上也可以。<wrt:break>就算你的实力远远比不上<txt:bold,2><txt:color,orange>拉乌尔</txt:color></txt:bold>，你依然可以做个合格的黑手党嘛。","要是怕了，讓手下一起上我也無所謂。<wrt:break>就算你的實力遠不如<txt:bold,2><txt:color,orange>拉烏爾</txt:color></txt:bold>，也還算是個稱職的黑手黨嘛。","Если боишься, то можешь и дальше прятаться за своей шайкой, ты неплохой бандит.<wrt:break> Но до <txt:bold,2><txt:color,orange>Рауля</txt:color></txt:bold> тебе как до луны.","Kalau kau takut, silakan mengepung aku. <wrt:break>Walaupun kau langsung tak setanding dengan <txt:bold,2><txt:color,orange>Raul</txt:color></txt:bold>, kau masih boleh jadi mafioso.","Nếu sợ thì cứ kéo cả bầy xông vào cũng được. <wrt:break>Dù thực lực của ngươi còn kém xa <txt:bold,2><txt:color,orange>Raul</txt:color></txt:bold>, thì ngươi vẫn có thể là một mafia xuất sắc mà.","Si tienes miedo, pueden atacarme todos a la vez. <wrt:break>Digo, aunque tu habilidad no le llegue ni a los talones a <txt:bold,2><txt:color,orange>Raúl</txt:color></txt:bold>, aún puedes ser un buen mafioso.","Kalau takut, boleh serang secara bersamaan. <wrt:break>Yah, meskipun kemampuanmu jauh di bawah <txt:bold,2><txt:color,orange>Raul</txt:color></txt:bold>, mungkin saja kamu masih bisa jadi bos mafia yang hebat.","ถ้านายกลัว จะบุกเข้ามาเป็นกลุ่มเลยก็ได้ <wrt:break>ก็นะ ต่อให้ฝีมือของนายจะยังห่างชั้นกับ<txt:bold,2><txt:color,orange>ราอุล</txt:color></txt:bold>มาก แต่นายอาจเป็นมาเฟียที่ยอดเยี่ยมได้แหละ","Se estiver com medo, pode vir com todos de uma vez. <wrt:break>Mesmo longe do nível do <txt:bold,2><txt:color,orange>Raul</txt:color></txt:bold>, ainda pode ser um bom mafioso."
,,,류현,,-1_비죽,,,"아니, <txt:bold,2><txt:color,orange>라울</txt:color></txt:bold>이라면 나한테 붙잡히지도 않겠지만 말이야.","Then again, <txt:bold,2><txt:color,orange>Raul</txt:color></txt:bold> would never have let me get a hold of him in the first place.","いや、<txt:bold,2><txt:color,orange>ラウル</txt:color></txt:bold>なら、そもそも私に捕まったりしないか。","不，如果换作是<txt:bold,2><txt:color,orange>拉乌尔</txt:color></txt:bold>，他根本就不会被我抓住。","不對，<txt:bold,2><txt:color,orange>拉烏爾</txt:color></txt:bold>的話，一開始就不會被我抓住吧。","Хотя нет. <txt:bold,2><txt:color,orange>Рауль</txt:color></txt:bold> не дал бы себя скрутить.","Tapi, <txt:bold,2><txt:color,orange>Raul</txt:color></txt:bold> takkan pernah membiarkan aku menangkapnya.","Không, nếu là <txt:bold,2><txt:color,orange>Raul</txt:color></txt:bold> thì chắc cũng chẳng bị ta bắt được đâu.","Aunque pensándolo bien, dudo que <txt:bold,2><txt:color,orange>Raúl</txt:color></txt:bold> se hubiera dejado atrapar tan fácil.","Justru, kalau itu <txt:bold,2><txt:color,orange>Raul</txt:color></txt:bold>, dia tidak akan tertangkap semudah ini.","ไม่สิ ถ้าเป็น<txt:bold,2><txt:color,orange>ราอุล</txt:color></txt:bold>ล่ะก็ คงไม่มีทางถูกฉันจับเลยด้วยซ้ำ","Pra falar a verdade, o <txt:bold,2><txt:color,orange>Raul</txt:color></txt:bold> nem se deixaria ser pego."
,,,클레르,,1_버럭,,,...감히 누굴 비교하는 거야?,...How dare you compare me to him?,‥誰と比べてやがる？,‥你竟敢拿我跟别人比？,‥你竟敢拿我來跟別人比較？,Да как ты смеешь сравнивать нас?,...Berani kau bandingkan aku dengan dia?,...Ngươi dám so sánh ta với ai?,... ¿Cómo te atreves a compararme?,...Kamu berani sekali membandingkan diriku dengan siapa?,...นายบังอาจเปรียบเทียบฉันกับใครกัน?,Como ousa me comparar com ele?
,,,클레르,,1_버럭,,exclam,"<cha:pop,클레르>그까짓 거렁뱅이 현상금 사냥꾼 놈이랑 나를 비교하지 마!!","<cha:pop,클레르>Don't you dare compare me to that beggar bounty hunter!","<cha:pop,클레르>あんな薄汚ねぇバウンティハンターなんかと俺を一緒にするんじゃねぇ！！","<cha:pop,클레르>别拿那种不入流的穷酸赏金猎人跟我相提并论！！","<cha:pop,클레르>別拿我跟那個不入流的賞金獵人相提並論！！","<cha:pop,클레르>Я не имею ничего общего с этим оборванцем!","<cha:pop,클레르>Jangan berani bandingkan aku dengan pemburu upahan pengemis itu!","<cha:pop,클레르>Đừng so sánh ta với tên thợ săn tiền thưởng rách rưới đó!!","<cha:pop,클레르>¡¡No me compares con ese cazarrecompensas muerto de hambre!!","<cha:pop,클레르>Jangan bandingkan aku dengan pemburu hadiah gelandangan itu!!","<cha:pop,클레르>อย่าเอาฉันไปเปรียบเทียบกับนักล่าค่าหัวขอทานพรรค์นั้นนะ!!","<cha:pop,클레르>Não me compare com aquele caçador de recompensas miserável!"
,,,클레르,,1_무표정,,,"하, 좋아, 네 속셈이 뻔히 보이지만, 넘어가 주지. <wrt:break><txt:size,2>야, 배구공 가져와!</txt:size>","Hah, fine. I see right through your scheme, but I'll humor you. <wrt:break><txt:size,2>Hey, bring me a volleyball!</txt:size>","ハッ、いいぜ。魂胆は見え見えだが、乗ってやるよ。<wrt:break><txt:size,2>おい、バレーボールを持ってこい！</txt:size>","哼，好啊，虽然你的算盘打得很响，我就陪你玩玩。<wrt:break><txt:size,2>喂，拿排球来！</txt:size>","哈，好啊，雖然知道你打什麼算盤，但我接受了。<wrt:break><txt:size,2>喂，拿排球來！</txt:size>","Ха, это очевидно провокация... Но так и быть. <wrt:break><txt:size,2>Эй, несите мяч!</txt:size>","Hah, baiklah. Aku nampak muslihat kau, tapi aku akan layan juga. <wrt:break><txt:size,2>Hei, bawakan bola tampar!</txt:size>","Hừ, được thôi, ta biết rõ ý đồ của ngươi, nhưng sẽ chiều theo vậy. <wrt:break><txt:size,2>Này, mang bóng chuyền đến đây!</txt:size>","Ja, está bien. Sé perfectamente tus intenciones, pero morderé el anzuelo. <wrt:break><txt:size,2>¡Muchachos, traigan un balón de voleibol!</txt:size>","Hah, baiklah. Aku tahu akal bulusmu, tapi akan kuladeni. <wrt:break><txt:size,2>Hei, cepat bawa bola voli kesini!</txt:size>","เฮอะ ก็ได้ ถึงจะมองออกว่านายคิดอะไรอยู่ แต่ฉันจะยอมตามน้ำให้ <wrt:break><txt:size,2>เฮ้ เอาลูกวอลเลย์บอลมา!</txt:size>","Haha, certo. Dá pra ver suas intenções, mas eu aceito. <wrt:break><txt:size,2>Ei, tragam as bolas!</txt:size>"
,,,클레르,,1_버럭,,,다시는 그런 말을 못 하게 만들어 주지!,I'll make sure you never say that again!,二度とそんな口が利けねぇようにしてやる！,我要让你再也说不出这种话来！,我會讓你再也說不出這種話！,Сейчас я выбью из тебя всю эту самоуверенность!,Aku akan pastikan kau takkan cakap begitu lagi!,Ta sẽ khiến ngươi không bao giờ thốt ra được những lời đó nữa!,¡Me encargaré de hacer que te comas tus palabras!,Akan kubuat kamu tidak bisa bicara begitu lagi!,ฉันจะทำให้นายไม่กล้าพูดอะไรแบบนั้นอีกเลย!,Você vai se arrepender disso!
,,,류현,,-1_기본+,,,"훗, 단순한 녀석.","Heh, predictable as ever.",ふっ、単純な奴だ。,呵，真是个单纯的家伙。,哼，真是個單純的傢伙。,Какой ты предсказуемый.,"Heh, senang betul dipancing.","Hừ, ngươi thật ngây thơ.","Je, qué predecible.","Hmm, dasar anak polos.",หึ อ่านออกง่ายชะมัด,"Hehe, tão previsível."
,경기 승리,#,MAP,,,,,서부 마을,서부 마을,서부 마을,서부 마을,서부 마을,서부 마을,서부 마을,서부 마을,서부 마을,서부 마을,서부 마을,서부 마을
,,#,BGM,,,,,BGM_CLUTTERED,BGM_CLUTTERED,BGM_CLUTTERED,BGM_CLUTTERED,BGM_CLUTTERED,BGM_CLUTTERED,BGM_CLUTTERED,BGM_CLUTTERED,BGM_CLUTTERED,BGM_CLUTTERED,BGM_CLUTTERED,BGM_CLUTTERED
,,#,류현,-2,-1_기본,,,,,,,,,,,,,,
,,#,시프,4,1_기본,,,,,,,,,,,,,,
,,#,클레르,2,1_기본,,,,,,,,,,,,,,
,,,클레르,,1_무표정,,,빌어먹을. ...내가 졌다고?,Damn it... I actually lost?,クソッ‥俺が負けただと？,该死。‥我输了？,該死。‥我竟然輸了？,Быть не может... Я проиграл?,Celaka... aku betul-betul kalah?,Chết tiệt. ...Ta đã thua sao?,Maldición... ¿Es que acaso acabo de perder?,Sialan. ...Aku kalah?,บ้าเอ๊ย ...ฉันแพ้งั้นเหรอ?,Droga... eu perdi mesmo?
,,,???,,,,,"보스, 저희에게 맡겨주세요! 저희가 해결하겠습니다!!","Boss, leave it to us! We'll handle this!",ボス、ここは俺たちに任せてください！あいつなら俺たちが始末します！！,老板，交给我们吧！我们会解决他的！！,老大，交給我們吧！我們來解決他！！,"Босс, предоставьте это нам. Мы с ними разберемся.","Bos, serahkan pada kami! Kami akan uruskan!","Boss, hãy để chúng tôi lo! Chúng tôi sẽ xử lý hắn!!","¡Jefe, déjenoslo a nosotros! ¡¡Nosotros nos encargaremos!!","Bos, serahkan pada kami! Kami yang akan membereskannya!!",บอส ปล่อยให้เป็นหน้าที่ของพวกเราเถอะ! พวกเราจะจัดการเอง!!,"Chefe, deixe isso com a gente! Nós vamos lidar com isso!"
,,,류현,,-1_기본,,,"순순히 보내줄 거라는 기대 따위, 애초에 없었어. ",I never expected they'd just let me walk away peacefully.,大人しく見逃してくれるなんて、最初から期待してない。,我本来就没指望你们会乖乖放我们走。,我打從一開始就沒指望你們會乖乖放人。,"Я и не надеялся, что вы так просто дадите нам уйти.",Aku memang tak jangka mereka akan biarkan aku pergi begitu sahaja.,Ngay từ đầu ta đã chẳng mong các ngươi ngoan ngoãn để bọn ta đi.,Ya sabía que no nos dejarían ir tan fácilmente.,Memang aku tidak pernah berharap kalian akan membiarkan kami pergi begitu saja.,ฉันไม่ได้คาดหวังอยู่แล้ว ว่าพวกนายจะยอมปล่อยไปแต่โดยดี,Eu já sabia que vocês não iam me deixar ir em paz.
,,,류현,,-1_기본+,,exclam,덤벼라!! 가장 먼저 덤빈 놈부터 묵사발을 내주지.,Come at me! Whoever charges first gets pummeled.,かかってこい！！一番最初に飛びかかってきた奴から、叩き潰してやる。,放马过来吧！！谁先上，我就先把谁打个落花流水。,放馬過來！！誰先上我就先打爆誰。,Подходите! Первого смельчака размажу по земле.,"Mari! Siapa yang menyerbu dulu, dia akan kena belasah.","Lên đi!! Kẻ nào lao vào trước, ta sẽ nghiền nát kẻ đó trước.",¡¡Vengan!! Al primero que se me atraviese lo haré papilla.,"Majulah!! Siapa pun yang berani maju duluan, akan kubuat babak belur.",เข้ามาสิ!! ฉันจะซัดให้น่วมตั้งแต่คนแรกที่บุกเข้ามาเลย,Podem vir! O primeiro que vier vai ser destruído!
,,,류현,,-1_기본,,,"<txt:bold,2><txt:color,orange>소담</txt:color></txt:bold>, 내 등 뒤에 찰싹 붙어 있어! 절대 떨어지면 안 돼!","<txt:bold,2><txt:color,orange>Sodam</txt:color></txt:bold>, stick close behind me! Don't leave my side for anything!","<txt:bold,2><txt:color,orange>翆</txt:color></txt:bold>、私の背中にぴったりくっついてろ！絶対に離れるなよ！","<txt:bold,2><txt:color,orange>芷柔</txt:color></txt:bold>，紧紧贴在我背后！绝不能离开半步！","<txt:bold,2><txt:color,orange>芷柔</txt:color></txt:bold>，緊緊貼在我背後！絕對不能鬆手！","<txt:bold,2><txt:color,orange>Содам</txt:color></txt:bold>, стой рядом и ни на шаг не отходи.","<txt:bold,2><txt:color,orange>Sodam</txt:color></txt:bold>, rapat di belakang aku! Jangan tinggalkan sisi aku walau apa pun!","<txt:bold,2><txt:color,orange>Sodam</txt:color></txt:bold>, bám sát sau lưng ta! Tuyệt đối không được rời ra!","¡<txt:bold,2><txt:color,orange>Sodam</txt:color></txt:bold>, quédate pegada a mi espalda! ¡No te separes por nada del mundo!","<txt:bold,2><txt:color,orange>Sodam</txt:color></txt:bold>, tetaplah menempel di punggungku! Jangan pernah lepas!","<txt:bold,2><txt:color,orange>โซดัม</txt:color></txt:bold> อยู่ติดหลังฉันไว้! ห้ามห่างออกไปเด็ดขาด!","<txt:bold,2><txt:color,orange>Sodam</txt:color></txt:bold>, fica colada em mim! Não se desgruda!"
,,,???,,,,,"<txt:size,2>거기까지!!</txt:size>","<txt:size,2>That's far enough!</txt:size>","<txt:size,2>そこまでだ！！</txt:size>","<txt:size,2>到此为止！！</txt:size>","<txt:size,2>到此為止！！</txt:size>","<txt:size,2>Эй, ты!</txt:size>","<txt:size,2>Cukup sampai situ!</txt:size>","<txt:size,2>Dừng tại đó!!</txt:size>","<txt:size,2>¡¡Hasta aquí llegaron!!</txt:size>","<txt:size,2>CUKUP SAMPAI SINI!!</txt:size>","<txt:size,2>พอแค่นั้นแหละ!!</txt:size>","<txt:size,2>Chega!</txt:size>"
,,,-,,,,,"<sys:sfx,쿵><eff:shake,1><txt:bold,2><txt:size,2><txt:shake,2><txt:color,grey>(콰앙!!!!)</txt:color></txt:shake></txt:size></txt:bold>","<sys:sfx,쿵><eff:shake,1><txt:bold,2><txt:size,2><txt:shake,2><txt:color,grey>(KABOOM!)</txt:color></txt:shake></txt:size></txt:bold>","<sys:sfx,쿵><eff:shake,1><txt:bold,2><txt:size,2><txt:shake,2><txt:color,grey>(ドカァァァァン！！！！)</txt:color></txt:shake></txt:size></txt:bold>","<sys:sfx,쿵><eff:shake,1><txt:bold,2><txt:size,2><txt:shake,2><txt:color,grey>（轰——！！！！）</txt:color></txt:shake></txt:size></txt:bold>","<sys:sfx,쿵><eff:shake,1><txt:bold,2><txt:size,2><txt:shake,2><txt:color,grey>（轟隆！！！！）</txt:color></txt:shake></txt:size></txt:bold>","<sys:sfx,쿵><eff:shake,1><txt:bold,2><txt:size,2><txt:shake,2><txt:color,grey>(Ба-бах!!!)</txt:color></txt:shake></txt:size></txt:bold>","<sys:sfx,쿵><eff:shake,1><txt:bold,2><txt:size,2><txt:shake,2><txt:color,grey>(KABOOM!)</txt:color></txt:shake></txt:size></txt:bold>","<sys:sfx,쿵><eff:shake,1><txt:bold,2><txt:size,2><txt:shake,2><txt:color,grey>*Rầm!!!!*</txt:color></txt:shake></txt:size></txt:bold>","<sys:sfx,쿵><eff:shake,1><txt:bold,2><txt:size,2><txt:shake,2><txt:color,grey>(¡¡¡BOOM!!!)</txt:color></txt:shake></txt:size></txt:bold>","<sys:sfx,쿵><eff:shake,1><txt:bold,2><txt:size,2><txt:shake,2><txt:color,grey>(Duarr!!!!)</txt:color></txt:shake></txt:size></txt:bold>","<sys:sfx,쿵><eff:shake,1><txt:bold,2><txt:size,2><txt:shake,2><txt:color,grey>(ตู้ม!!!!)</txt:color></txt:shake></txt:size></txt:bold>","<sys:sfx,쿵><eff:shake,1><txt:bold,2><txt:size,2><txt:shake,2><txt:color,grey>(BOOOOM!)</txt:color></txt:shake></txt:size></txt:bold>"
,,,-,,,,,"<txt:color,grey>(어디선가 날아온 다이너마이트가 그들 사이에 떨어지며 거대한 흙먼지를 일으킨다.)</txt:color>","<txt:color,grey>(A stick of dynamite comes flying out of nowhere and explodes between them, kicking up a massive dust cloud.)</txt:color>","<txt:color,grey>(どこからか投げ込まれたダイナマイトが彼らの間で炸裂し、巨大な土煙が辺りを包み込む)</txt:color>","<txt:color,grey>（不知从哪飞来的炸药落在他们中间，掀起巨大的沙尘。）</txt:color>","<txt:color,grey>（不知從哪飛來的炸藥落在他們之間，揚起漫天塵土。）</txt:color>","<txt:color,grey>(Откуда-то прилетает динамит. Взрыв поднимает вокруг густую пыль.)</txt:color>","<txt:color,grey>(Sebatang dinamit melayang entah dari mana lalu meletup di antara mereka, mencetuskan awan debu besar.)</txt:color>","<txt:color,grey>(Một thỏi thuốc nổ bay đến từ đâu đó rơi xuống giữa họ, làm bụi đất bốc lên mù mịt.)</txt:color>","<txt:color,grey>(Un cartucho de dinamita vuela desde algún lugar y cae entre ellos levantando una enorme cortina de polvo).</txt:color>","<txt:color,grey>(Dinamit yang entah datang dari mana jatuh di antara mereka dan menimbulkan kepulan debu yang besar.)</txt:color>","<txt:color,grey>(ไดนาไมต์ที่ถูกขว้างมาจากที่ไหนสักแห่งได้ตกลงมาระหว่างพวกเขา พร้อมกับทำให้เกิดฝุ่นดินขนาดมหึมา)</txt:color>","<txt:color,grey>(Uma dinamite lançada de algum lugar cai entre eles, levantando uma enorme nuvem de poeira.)</txt:color>"
,,,-,,,,,"<txt:color,grey>(사람들이 멈춰 선 순간, 익숙한 목소리가 울려 퍼진다.)</txt:color>","<txt:color,grey>(As everyone freezes, a familiar voice rings out.)</txt:color>","<txt:color,grey>(誰もが思わず足を止めた、その瞬間‥聞き覚えのある声が響き渡った)</txt:color>","<txt:color,grey>（众人停下脚步的瞬间，一个熟悉的声音响起。）</txt:color>","<txt:color,grey>（眾人停下動作的瞬間，一個熟悉的聲音響起。）</txt:color>","<txt:color,grey>(В наступившей тишине звучит знакомый голос.)</txt:color>","<txt:color,grey>(Semua orang terpaku, kemudian satu suara yang dikenali bergema.)</txt:color>","<txt:color,grey>(Ngay khi mọi người khựng lại, một giọng nói quen thuộc vang lên.)</txt:color>","<txt:color,grey>(En el instante en que todos se quedan paralizados, una voz familiar resuena).</txt:color>","<txt:color,grey>(Saat semua orang terhenti, terdengar sebuah suara yang tidak asing.)</txt:color>","<txt:color,grey>(ในขณะที่ทุกคนหยุดชะงัก เสียงที่คุ้นเคยก็ดังก้องขึ้น)</txt:color>","<txt:color,grey>(No momento em que todos param, uma voz familiar ecoa pelo local.)</txt:color>"
,,,시프,0,1_기본,,,손가락 하나라도 까딱하는 놈은 그 즉시 후회하게 될 거다.,Anyone who so much as twitches a finger will regret it instantly.,指一本でも動かした奴は、その瞬間に後悔することになるぞ。,谁敢动一根手指头，我保证他马上就会后悔。,誰要是敢動一根手指，我保證他馬上就會後悔。,"Каждый, кто пошевелится, мигом пожалеет!",Sesiapa yang berganjak sedikit pun akan menyesal serta-merta.,"Kẻ nào dám nhúc nhích dù chỉ một ngón tay, kẻ đó sẽ phải hối hận ngay lập tức.","Quien se atreva a mover un dedo, se arrepentirá de inmediato.","Siapa pun yang berani menggerakkan satu jari saja, akan langsung menyesal.",ใครก็ตามที่ขยับแม้แต่นิดเดียว จะต้องเสียใจในทันที,Qualquer um que se mexer vai se arrepender na hora.
,,,-,,,,,"<txt:color,grey>(흙먼지가 걷히자... <txt:bold,2>시프</txt:bold>가 모습을 드러낸다.)</txt:color>","<txt:color,grey>(As the dust clears... <txt:bold,2>Sif</txt:bold> emerges into view.)</txt:color>","<txt:color,grey>(土煙が晴れていく中‥<txt:bold,2>シフ</txt:bold>がゆっくりと姿を現す)</txt:color>","<txt:color,grey>（沙尘散去‥<txt:bold,2>希芙</txt:bold>露出了身形。）</txt:color>","<txt:color,grey>（塵土散去‥<txt:bold,2>希芙</txt:bold>現身了。）</txt:color>","<txt:color,grey>(Пыль оседает... И появляется <txt:bold,2>Сиф</txt:bold>.)</txt:color>","<txt:color,grey>(Debu mula reda, lalu... <txt:bold,2>Sif</txt:bold> muncul dalam pandangan.)</txt:color>","<txt:color,grey>(Khi lớp bụi đất tan đi... <txt:bold,2>Sif</txt:bold> xuất hiện.)</txt:color>","<txt:color,grey>(Al disiparse el polvo, aparece ante ellos... <txt:bold,2>Sif</txt:bold>).</txt:color>","<txt:color,grey>(Saat debu mulai menipis... <txt:bold,2>Sif</txt:bold> menampakkan dirinya.)</txt:color>","<txt:color,grey>(ทันทีที่ฝุ่นดินจางลง... ก็เผยให้เห็นตัวตนของ<txt:bold,2>ซีฟ</txt:bold>)</txt:color>","<txt:color,grey>(A poeira baixa... e <txt:bold,2>Sif</txt:bold> aparece.)</txt:color>"
,,,시프,,1_기본,pause,,"움직이지 마, 내 의뢰 목록엔 너희들의 머리도 꽤 짭짤하게 매겨져 있으니까.","Don't move. Your heads are on my contract list too, with a pretty handsome bounty.",動くな。私の依頼リストには、きみたちの首にも結構な値がついているんでね。,都别动，在我的委托名单上，你们的人头可是相当值钱的。,都別動，我的委託名單上，你們的腦袋也挺值錢的。,Не двигаться. За ваши головы тоже дают неплохую награду.,"Jangan bergerak. Kepala kamu semua juga ada dalam senarai kontrak aku, dengan ganjaran yang lumayan.","Đừng cử động, vì đầu của các ngươi cũng được treo giá khá hời trong danh sách ủy thác của ta.","Ni se muevan, sus cabezas tienen una recompensa bastante jugosa en mi lista de encargos.",Jangan bergerak. Kepala kalian dihargai cukup lumayan di daftar buruanku.,อย่าขยับนะ เพราะในลิสต์ภารกิจของฉัน ค่าหัวของพวกนายก็ราคาดีไม่เบาเชียวล่ะ,Não se mexam. Suas cabeças valem uma boa grana na minha lista de recompensas.
,,,시프,,1_기본,pause,,공짜로 현상금을 챙기게 해주겠다면 사양 않겠어.,"If you're going to hand me the bounty for free, I won't say no.",タダで賞金を稼がせてくれるというなら、遠慮はしない。,既然你们想白送赏金给我，那我就不客气了。,如果你們想把賞金免費送上門，我也不會客氣的。,И я не собираюсь ее упускать.,"Kalau kamu nak serahkan ganjaran itu kepada aku secara percuma, aku takkan menolak.","Nếu các ngươi muốn dâng tiền thưởng tận tay cho ta, ta cũng không từ chối đâu.","Si planean darme la recompensa en bandeja de plata, no pienso rechazarla.",Aku tidak akan menolak kalau kalian mau menyerahkan hadiahnya secara cuma-cuma.,ถ้าจะให้ฉันได้เงินค่าหัวฟรีๆ ฉันก็ไม่ปฏิเสธหรอก,"Se vão me entregar a recompensa de graça, eu não vou recusar."
,,,류현,,-1_크윽,pause,,"...<txt:bold,2><txt:color,orange>시프</txt:color></txt:bold>? 네가 여기 왜...!","...<txt:bold,2><txt:color,orange>Sif</txt:color></txt:bold>? What are you doing here?","‥<txt:bold,2><txt:color,orange>シフ</txt:color></txt:bold>？なぜここに‥！","‥<txt:bold,2><txt:color,orange>希芙</txt:color></txt:bold>？你怎么会在这里‥！","‥<txt:bold,2><txt:color,orange>希芙</txt:color></txt:bold>？妳怎麼會在這裡‥！","... <txt:bold,2><txt:color,orange>Сиф</txt:color></txt:bold>? Откуда ты?","...<txt:bold,2><txt:color,orange>Sif</txt:color></txt:bold>? Apa awak buat di sini?","...<txt:bold,2><txt:color,orange>Sif</txt:color></txt:bold>? Sao ngươi lại ở đây...!","... ¿<txt:bold,2><txt:color,orange>Sif</txt:color></txt:bold>? ¡¿Qué haces aquí?!","...<txt:bold,2><txt:color,orange>Sif</txt:color></txt:bold>? Kenapa kamu ada di...!","...<txt:bold,2><txt:color,orange>ซีฟ</txt:color></txt:bold>? ทำไมเธอถึงมาอยู่ที่นี่ได้...!","Ugh... <txt:bold,2><txt:color,orange>Sif</txt:color></txt:bold>? O que você tá fazendo aqui?!"
4,경기 전,#,MAP,,,,,서부 마을,서부 마을,서부 마을,서부 마을,서부 마을,서부 마을,서부 마을,서부 마을,서부 마을,서부 마을,서부 마을,서부 마을
,,#,BGM,,,,,BGM_MEET_MINJUN,BGM_MEET_MINJUN,BGM_MEET_MINJUN,BGM_MEET_MINJUN,BGM_MEET_MINJUN,BGM_MEET_MINJUN,BGM_MEET_MINJUN,BGM_MEET_MINJUN,BGM_MEET_MINJUN,BGM_MEET_MINJUN,BGM_MEET_MINJUN,BGM_MEET_MINJUN
,,#,류현,-2,-1_흠,,,,,,,,,,,,,,
,,#,소담,-4,1_기본,,,,,,,,,,,,,,
,,#,시프,0,1_기본,,,,,,,,,,,,,,
,,#,클레르,2,1_기본,,,,,,,,,,,,,,
,,,시프,,1_기본,,,현상금 사냥꾼이 의뢰 대상을 잡으려는 데 굳이 이유가 더 필요해? ,What other reason does a bounty hunter need to hunt down a target?,バウンティハンターが依頼のターゲットを追うのに、いちいち理由なんて要るか？,赏金猎人想抓委托目标，还需要别的理由吗？,賞金獵人抓委託目標，還需要什麼理由嗎？,"Я, охотница за головами, должна объяснять, почему преследую цель?",Apa lagi alasan untuk pemburu upahan memburu sasarannya?,Thợ săn tiền thưởng muốn bắt mục tiêu ủy thác thì còn cần lý do gì nữa sao?,¿Acaso una cazarrecompensas necesita más razones para atrapar a su objetivo?,Apa pemburu hadiah butuh alasan lain untuk menangkap targetnya?,นักล่าค่าหัวกำลังจะจับเป้าหมายตามภารกิจ จำเป็นต้องมีเหตุผลอื่นอีกด้วยเหรอ?,Desde quando uma caçadora de recompensas precisa de justificativa pra pegar o alvo?
,,,류현,,-1_흠,pause,,"너답지 않군. 이제껏 수없이 날 쫓아왔어도, 결투 결과만큼은 깨끗하게 승복하던 녀석이.","That's not like you. All those times you chased me, you always took the duel result on the chin.",お前らしくないな。今まで何度も私を追ってきたが、決闘の結果だけは潔く受け入れていたはずだ。,真不像你的作风。以前追了我那么多次，每次决斗输了都能愿赌服输的家伙。,這可不像妳。以前妳追捕了我那麼多次，只要決鬥輸了，妳可是都會乖乖認輸的。,Просто на тебя это не похоже. Ты всегда умела признавать поражение.,"Itu tak seperti awak. Setiap kali awak kejar saya, awak akan terima keputusan pertarungan dengan terbuka.","Không giống ngươi chút nào. Dù đã đuổi theo ta vô số lần, ngươi vẫn luôn chấp nhận kết quả quyết đấu một cách sòng phẳng.","Esto no es propio de ti. A pesar de todas las veces que me has perseguido, siempre sabías aceptar con honor el resultado de nuestros duelos.","Ini bukan gayamu. Dari dulu, sesering apa pun kamu mengejarku, kamu selalu menerima kekalahan dengan lapang dada.",ไม่สมกับเป็นเธอเลยนะ ถึงเธอจะไล่ล่าฉันมานับครั้งไม่ถ้วน แต่เธอก็ยอมรับผลการดวลอย่างใสสะอาดมาตลอดแท้ๆ,"Não é do seu feitio. Você sempre aceitou o resultado dos duelos, mesmo me perseguindo várias vezes."
,,,시프,,1_경청,nervous,silent,"그, 그랬지. 하지만... <wrt:wait,30>그건 옛날이야기야.","Y-yeah, I did. But... <wrt:wait,30>that's old news now.","そ、そうだったさ。だが‥<wrt:wait,30>それも昔の話だ。","那，那是以前。不过‥<wrt:wait,30>那都是过去的事了。","是、是沒錯。但是‥<wrt:wait,30>那都是過去的事了。","Э-это было раньше... <wrt:wait,30>Но сейчас все иначе.","Y-ya, memang pun. Tapi... <wrt:wait,30>itu cerita lama sekarang.","Đ, đúng vậy. Nhưng... <wrt:wait,30>đó là chuyện ngày xưa rồi.","A-así era. Pero... <wrt:wait,30>eso ya es cosa del pasado.","Me-memang begitu. Tapi... <wrt:wait,30>Itu cerita dulu.","กะ ก็ใช่ แต่ว่า... <wrt:wait,30>นั่นมันเรื่องในอดีต","S-sim... <wrt:wait,30>mas isso é coisa do passado."
,,,시프,,1_기본,nervous,,"나는 황야의 추격자, 판세에 따라 바람처럼 유연하게 움직이는 총잡이 <txt:bold,2>황혼</txt:bold>이다.","I am the wasteland's pursuer. The gunslinger <txt:bold,2>Twilight</txt:bold>, who moves like the wind and adapts to any situation.","私は荒野を駆ける追跡者‥情勢に応じて風のようにしなやかに立ち回るガンマン、<txt:bold,2>黄昏</txt:bold>だ。","我是荒野的追踪者，是能像风一样根据局势灵活应变的枪手，<txt:bold,2>黄昏</txt:bold>。","我是荒野追蹤者，會隨著局勢像風一樣靈活變通的槍手，<txt:bold,2>黃昏</txt:bold>。","Мое имя – <txt:bold,2>Сумерки</txt:bold>. Я меняю свое решение так же быстро, как вечернее небо свой цвет!","Sayalah pengejar tanah tandus. Penembak bergelar <txt:bold,2>Twilight</txt:bold>, yang menyesuaikan diri dengan keadaan seluwes angin.","Ta là kẻ truy đuổi nơi hoang mạc, tay súng <txt:bold,2>Hoàng Hôn</txt:bold> linh hoạt như gió, biết chuyển mình theo thế cuộc.","Yo soy la cazadora del desierto, la pistolera <txt:bold,2>Crepúsculo</txt:bold> que se mueve a donde sople el viento.","Aku adalah Penembak jitu <txt:bold,2>'Senja'</txt:bold>, pengejar di padang gurun yang bergerak lincah seperti angin.","ฉันคือผู้ไล่ล่าแห่งแดนรกร้างนามว่า<txt:bold,2>อัสดง</txt:bold> นักแม่นปืนที่เคลื่อนไหวอย่างยืดหยุ่นราวกับสายลมตามสถานการณ์","Eu sou a Perseguidora do Ermo, a atiradora chamada <txt:bold,2>Crepúsculo</txt:bold>, que muda como o vento conforme a situação."
,,,시프,,1_기본,nervous,,일류 총잡이라면 상황에 맞춰 변할 줄도 알아야 하는 법이지.,A first-rate gunslinger knows when to change with the times.,一流のガンマンというのはな、状況に合わせて変わる術も知っているものさ。,顶尖枪手就应该懂得随机应变。,一流的槍手就是要懂得察言觀色、隨機應變。,Хорошая охотница должна уметь подстраиваться под ситуацию.,Penembak kelas pertama mesti tahu menyesuaikan diri dengan keadaan.,Một tay súng hạng nhất cũng phải biết thay đổi tùy theo tình hình.,Una pistolera de primera debe saber adaptarse a las circunstancias.,Penembak jitu terhebat harus tahu cara beradaptasi dengan situasi.,ถ้าเป็นนักแม่นปืนระดับหัวกะทิ ก็ต้องรู้จักปรับตัวให้เข้ากับสถานการณ์สิ,Uma atiradora de elite precisa saber se adaptar à situação.
,,,시프,,1_경청,nervous,,"며칠만 지나도 눈을 비비고 다시 볼 정도로 성장해 있는 것... <wrt:wait,30><wrt:break><txt:bold,1>그게 진정한 사냥꾼이지!</txt:bold>","Growing so much in just a few days that you have to rub your eyes and look again... <wrt:wait,30><wrt:break><txt:bold,1>that's what a true hunter is!</txt:bold>","ほんの数日で見違えるほど成長する‥<wrt:wait,30><wrt:break><txt:bold,1>それこそが真のハンターだ！</txt:bold>","短短几天就能成长到让人刮目相看的地步‥<wrt:wait,30><wrt:break><txt:bold,1>这才是真正的猎人！</txt:bold>","哪怕只是過沒幾天，也能讓人刮目相看‥<wrt:wait,30><wrt:break><txt:bold,1>這才是真正的獵人！</txt:bold>","И вообще! <wrt:wait,30><wrt:break><txt:bold,1>Пусть люди удивляются моей силе и ловкости</txt:bold>.","Kemahiran meningkat begitu pesat dalam beberapa hari hingga awak perlu menggosok mata dan melihat sekali lagi... <wrt:wait,30><wrt:break><txt:bold,1>itulah pemburu sejati!</txt:bold>","Chỉ trong vài ngày mà đã trưởng thành đến mức khiến người khác phải nhìn bằng con mắt khác... <wrt:wait,30><wrt:break><txt:bold,1>Đó mới là thợ săn chân chính!</txt:bold>","Crecer tanto que, en apenas unos días, nadie pueda creer lo que ve... <wrt:wait,30><wrt:break><txt:bold,1>¡Esa es la marca de una verdadera cazadora!</txt:bold>","Tumbuh begitu pesat sampai membuat orang tercengang hanya dalam beberapa hari... <wrt:wait,30><wrt:break><txt:bold,1>Itulah pemburu sejati!</txt:bold>","การพัฒนาขึ้นจนแทบจะต้องขยี้ตามองใหม่อีกรอบ แม้จะผ่านไปแค่ไม่กี่วัน... <wrt:wait,30><wrt:break><txt:bold,1>นั่นแหละคือนักล่าที่แท้จริง!</txt:bold>","Crescer a ponto de surpreender em poucos dias... <wrt:wait,30><wrt:break><txt:bold,1>isso é um caçador de verdade!</txt:bold>"
,,,류현,,-1_무표정,pause,,"...<wrt:wait,30>그냥 끼워 맞춘다는 거잖아. ","...<wrt:wait,30>So you're just making excuses.","‥<wrt:wait,30>ただの後付けだろう。","‥<wrt:wait,30>怎么听都是往自己脸上贴金。","‥<wrt:wait,30>妳那根本是強詞奪理吧。","Эм... <wrt:wait,30>Ты как будто оправдываешься.","...<wrt:wait,30>Jadi awak cuma bagi alasan.","...<wrt:wait,30>Nói trắng ra là ngươi đang gượng ép cho khớp thôi mà.","...<wrt:wait,30>O sea que te estás inventando excusas.","...<wrt:wait,30>Itu cuma alasanmu saja, kan.","...<wrt:wait,30>คือเธอก็แค่พยายามยัดให้มันเข้ากันนี่นา","Hum... <wrt:wait,30>Você só tá forçando a barra..."
,,,시프,,1_외침,nervous,shy,"<txt:shake,1>무, 무슨 말을 하든 상관없어.</txt:shake> 나는 나만의 길을 걸어갈 테니까...!","<txt:shake,1>I-it doesn't matter what you say.</txt:shake> I'll walk my own path...!","<txt:shake,1>な、何と言われようと構わない。</txt:shake>私は私の道を行く‥！","<txt:shake,1>随便、随便你怎么说。</txt:shake>反正我要走我自己的路‥！","<txt:shake,1>隨、隨你怎麼說。</txt:shake>我會走我自己的路的‥！","<txt:shake,1>Думай, что хочешь.</txt:shake> А я не отступлю!","<txt:shake,1>T-tak kisahlah apa yang awak cakap.</txt:shake> Saya akan ikut jalan sendiri...!","<txt:shake,1>Ng, ngươi nói gì cũng mặc.</txt:shake> Ta sẽ đi con đường của riêng mình...!","<txt:shake,1>No, no me importa lo que digas.</txt:shake> ¡Yo seguiré mi propio camino...!","<txt:shake,1>A-aku tidak peduli dengan perkataanmu.</txt:shake> Aku akan menempuh jalanku sendiri...!","<txt:shake,1>นะ นายจะพูดอะไรฉันก็ไม่สนใจหรอกนะ</txt:shake> เพราะฉันจะเดินไปตามทางของฉันเอง...!","<txt:shake,1>N-não importa o que você diga.</txt:shake> Eu vou seguir meu próprio caminho!"
,,,시프,,1_외침,nervous,,"내 목표는 단 하나야. <txt:bold,2><txt:color,orange>라울</txt:color></txt:bold> 선배님께 절대 미움받지 않는... <wrt:wait,30><wrt:break><txt:shake,1>아, 아니!</txt:shake> <txt:bold,1>진정한 현상금 사냥꾼이 되는 거다!</txt:bold>","I have only one goal. To never be hated by <txt:bold,2><txt:color,orange>Raul</txt:color></txt:bold>... <wrt:wait,30><wrt:break><txt:shake,1>N-no, wait!</txt:shake> <txt:bold,1>To become a true bounty hunter!</txt:bold>","私の目標はただ一つ。<txt:bold,2><txt:color,orange>ラウル</txt:color></txt:bold>先輩に絶対嫌われない‥<wrt:wait,30><wrt:break><txt:shake,1>じゃ、じゃなくて！</txt:shake><txt:bold,1>真のバウンティハンターになることだ！</txt:bold>","我的目标只有一个。那就是绝对不能让<txt:bold,2><txt:color,orange>拉乌尔</txt:color></txt:bold>前辈讨厌我‥<wrt:wait,30><wrt:break><txt:shake,1>啊，不对！</txt:shake> <txt:bold,1>成为真正的赏金猎人！</txt:bold>","我的目標只有一個。就是絕對不能被<txt:bold,2><txt:color,orange>拉烏爾</txt:color></txt:bold>前輩討厭‥<wrt:wait,30><wrt:break><txt:shake,1>啊、不對！</txt:shake><txt:bold,1>是要成為真正的賞金獵人！</txt:bold>","Моя цель – обрадовать <txt:bold,2><txt:color,orange>Рауля</txt:color></txt:bold>... <wrt:wait,30><wrt:break><txt:shake,1>Ой, то есть...</txt:shake> <txt:bold,1> Стать крутой охотницей, конечно же. </txt:bold>","Saya cuma ada satu matlamat. Untuk tidak pernah dibenci oleh <txt:bold,2><txt:color,orange>Raul</txt:color></txt:bold>... <wrt:wait,30><wrt:break><txt:shake,1>T-tidak!</txt:shake> <txt:bold,1>Untuk menjadi pemburu upahan sejati!</txt:bold>","Mục tiêu của ta chỉ có một. Trở thành người tuyệt đối không bị anh <txt:bold,2><txt:color,orange>Raul</txt:color></txt:bold> ghét... <wrt:wait,30><wrt:break><txt:shake,1>À, không!</txt:shake> <txt:bold,1>Trở thành thợ săn tiền thưởng chân chính!</txt:bold>","Mi objetivo es solo uno. Que <txt:bold,2><txt:color,orange>Raúl</txt:color></txt:bold> jamás me desprecie... <wrt:wait,30><wrt:break><txt:shake,1>¡Ah, no!</txt:shake><txt:bold,1>¡Es convertirme en una auténtica cazarrecompensas!</txt:bold>","Aku hanya punya satu tujuan. Untuk tidak dibenci oleh senior <txt:bold,2><txt:color,orange>Raul</txt:color></txt:bold>... <wrt:wait,30><wrt:break><txt:shake,1>Ah, bukan! Maksudku,</txt:shake> <txt:bold,1>untuk menjadi pemburu hadiah sejati!</txt:bold>","เป้าหมายของฉันมีแค่อย่างเดียว นั่นก็คือการไม่ให้รุ่นพี่<txt:bold,2><txt:color,orange>ราอุล</txt:color></txt:bold>เกลียด... <wrt:wait,30><wrt:break><txt:shake,1>มะ ไม่สิ!</txt:shake> <txt:bold,1>การเป็นนักล่าค่าหัวที่แท้จริงต่างหาก!</txt:bold>","Meu objetivo é simples... não ser odiada pelo <txt:bold,2><txt:color,orange>Raul</txt:color></txt:bold>... <wrt:wait,30><wrt:break><txt:shake,1>Ou melhor! </txt:shake>Ser uma caçadora de recompensas de verdade!<txt:bold,1></txt:bold>"
,,,류현,,-1_흠,pause,,"...<wrt:wait,30>결국 <txt:bold,2><txt:color,orange>라울</txt:color></txt:bold>한테 한소리 들은 거냐?","...<wrt:wait,30>So you got an earful from <txt:bold,2><txt:color,orange>Raul</txt:color></txt:bold> after all?","‥<wrt:wait,30>結局、<txt:bold,2><txt:color,orange>ラウル</txt:color></txt:bold>に説教でもされたのか？","‥<wrt:wait,30>说到底还是被<txt:bold,2><txt:color,orange>拉乌尔</txt:color></txt:bold>训了一顿是吧？","‥<wrt:wait,30>結果妳還是被<txt:bold,2><txt:color,orange>拉烏爾</txt:color></txt:bold>訓了一頓？","...<wrt:wait,30> Тебя <txt:bold,2><txt:color,orange>Рауль</txt:color></txt:bold> отчитал?","...<wrt:wait,30>Jadi awak kena marah dengan <txt:bold,2><txt:color,orange>Raul</txt:color></txt:bold> ya?","...<wrt:wait,30>Rốt cuộc là bị <txt:bold,2><txt:color,orange>Raul</txt:color></txt:bold> mắng rồi chứ gì?","...<wrt:wait,30>Así que al final <txt:bold,2><txt:color,orange>Raúl</txt:color></txt:bold> te dio un buen sermón, ¿no?","...<wrt:wait,30>Jadi kamu itu telah diomeli oleh <txt:bold,2><txt:color,orange>Raul</txt:color></txt:bold>?","...<wrt:wait,30>สุดท้ายเธอก็โดน<txt:bold,2><txt:color,orange>ราอุล</txt:color></txt:bold>ว่าอะไรมาสินะ?","Hum... <wrt:wait,30>Então você levou bronca do <txt:bold,2><txt:color,orange>Raul</txt:color></txt:bold>?"
,,,시프,,1_경청,,,"<cha:pop,시프><txt:shake,1>크, 크흠!</txt:shake>","<cha:pop,시프><txt:shake,1>A-ahem!</txt:shake>","<cha:pop,시프><txt:shake,1>コ、コホン！</txt:shake>","<cha:pop,시프><txt:shake,1>咳，咳咳！</txt:shake>","<cha:pop,시프><txt:shake,1>咳、咳嗯！</txt:shake>","<cha:pop,시프><txt:shake,1>К-к-хм!</txt:shake>","<cha:pop,시프><txt:shake,1>A-ahem!</txt:shake>","<cha:pop,시프><txt:shake,1>Kh, khụ!</txt:shake>","<cha:pop,시프><txt:shake,1>¡Ejem, ejem!</txt:shake>","<cha:pop,시프><txt:shake,1>Kh-khemm!</txt:shake>","<cha:pop,시프><txt:shake,1>อะ อะแฮ่ม!</txt:shake>","<cha:pop,시프><txt:shake,1>C-caham!</txt:shake>"
,,,류현,,-1_흠,,,"날 놓치고 빈손으로 돌아가니까, 다시 가서 잡아 오라고 했나?",He sent you back to catch me because you came home empty-handed last time?,私を逃がして手ぶらで帰ったから、もう一度捕まえてこいとでも言われたのか？,抓不到我空手而归，所以被命令再来抓我？,因為空手而歸，所以又被叫來抓我？,Провалила задание и он отправил тебя обратно за мной?,Dia suruh awak datang semula tangkap saya sebab awak gagal kali lepas?,"Vì để sổng ta rồi tay không trở về, nên anh ta bảo ngươi quay lại bắt ta?","Como me dejaste escapar y volviste con las manos vacías, ¿te ordenó que regresaras a atraparme?",Apa dia menyuruhmu kembali menangkapku karena kamu pulang dengan tangan kosong?,เธอปล่อยฉันแล้วกลับไปมือเปล่า เขาก็เลยสั่งให้เธอกลับมาจับฉันอีกครั้งเหรอ?,Você deixou eu escapar e voltou de mãos vazias... ele mandou você me pegar de novo?
,,,시프,,1_경청,shake,,"<txt:shake,1>크흠, 크으흠...!</txt:shake>","<txt:shake,1>Ahem! Ahemmm...!</txt:shake>","<txt:shake,1>コホン、コホンッ‥！</txt:shake>","<txt:shake,1>咳咳，咳咳咳‥！</txt:shake>","<txt:shake,1>咳嗯、咳咳嗯‥！</txt:shake>","<txt:shake,1>К-хм... Кх-к-хм!</txt:shake>","<txt:shake,1>Ahem! Ahemmm...!</txt:shake>","<txt:shake,1>Khụ, khụ khụ...!</txt:shake>","<txt:shake,1>¡Ejem, ejem...!</txt:shake>","<txt:shake,1>Khemm, kh-khehem...!</txt:shake>","<txt:shake,1>อะแฮ่ม อะแฮ่มม...!</txt:shake>","<txt:shake,1>C-caham!</txt:shake>"
,,,류현,,-1_비죽,pause,,"<wrt:delay,12>...너...</wrt:delay>","<wrt:delay,12>...You...</wrt:delay>","<wrt:delay,12>‥お前‥</wrt:delay>","<wrt:delay,12>‥你这家伙‥</wrt:delay>","<wrt:delay,12>‥妳喔‥</wrt:delay>","<wrt:delay,12>Вот как...</wrt:delay>","<wrt:delay,12>...Awak...</wrt:delay>","<wrt:delay,12>...Ngươi...</wrt:delay>","<wrt:delay,12>... Tú...</wrt:delay>","<wrt:delay,12>...Kamu itu...</wrt:delay>","<wrt:delay,12>...เธอ...</wrt:delay>","<wrt:delay,12>Você...</wrt:delay>"
,,,시프,,1_외침,nervous,exclam,"<txt:shake,1>어,<wrt:wait,30> 어쩔 수 없었단 말이다!</txt:shake> <wrt:break>선배가 그렇게 무서운 얼굴로 화를 내시는 건 처음 봤단 말이다!","<txt:shake,1>I-<wrt:wait,30>I had no choice!</txt:shake> <wrt:break>I've never seen him that angry. His face was terrifying!","<txt:shake,1>し、<wrt:wait,30>仕方なかったんだ！</txt:shake><wrt:break>先輩があんな怖い顔で怒るのは初めて見たんだから！","<txt:shake,1>我，<wrt:wait,30>我也是被逼无奈啊！</txt:shake><wrt:break>我还是第一次见到前辈露出那么可怕的表情发火！","<txt:shake,1>我也、<wrt:wait,30>我也是千百個不願意啊！</txt:shake><wrt:break>我是第一次看到前輩用那麼可怕的表情生氣耶！","<txt:shake,1>У<wrt:wait,30> меня нет выбора!</txt:shake> <wrt:break>Никогда еще не видела его таким злым!","<txt:shake,1>S-<wrt:wait,30>Saya tak ada pilihan!</txt:shake> <wrt:break>Saya tak pernah nampak dia marah macam itu. Muka dia menakutkan!","<txt:shake,1>Ta,<wrt:wait,30> ta cũng hết cách rồi!</txt:shake> <wrt:break>Lần đầu tiên ta thấy anh ấy nổi giận với vẻ mặt đáng sợ như thế!","<txt:shake,1>¡No,<wrt:wait,30> no tuve otra opción!</txt:shake> <wrt:break>¡Es la primera vez que lo veo tan enfadado...!","<txt:shake,1>Ma-mau <wrt:wait,30> bagaimana lagi!</txt:shake> <wrt:break>Itu pertama kalinya aku melihat senior marah dengan wajah semenakutkan itu!","<txt:shake,1>กะ <wrt:wait,30> ก็ช่วยไม่ได้นี่นา!</txt:shake> <wrt:break>ฉันเพิ่งเคยเห็นรุ่นพี่โมโหใส่ ด้วยสีหน้าที่น่ากลัวแบบนั้นครั้งแรกเลย!","<txt:shake,1>Não...<wrt:wait,30> não tive escolha! </txt:shake><wrt:break>Foi a primeira vez que vi ele tão furioso assim!"
,,,시프,,1_경청,nervous,,"설마 진짜로 <txt:bold,1>‘빈손으로 올 거면 다신 돌아올 생각 마라’</txt:bold>고 하실 줄은 나도 몰랐다고...!","I never thought he'd actually say, <txt:bold,1>'If you're coming back empty-handed, don't bother coming back at all!'</txt:bold>","まさか本当に<txt:bold,1>「手ぶらで戻るくらいなら、二度と顔を見せるな」</txt:bold>なんて言われるとは思わないだろ‥！","我哪知道他真的会说出<txt:bold,1>要是再敢空手回来，就别想再回来了</txt:bold>这种话‥！","我哪知道他會真的說出<txt:bold,1>「要是再空手回來，就別想再踏進這裡一步」</txt:bold>這種話啊‥！","Он сказал, что <txt:bold,1>с пустыми руками я могу не возвращаться</txt:bold>...","Tak sangka dia akan cakap, <txt:bold,1>'Kalau awak balik dengan tangan kosong, jangan balik langsung!'</txt:bold>","Ta cũng đâu ngờ anh ấy thật sự nói <txt:bold,1>nếu định tay không trở về thì đừng nghĩ đến chuyện quay lại nữa</txt:bold>...!","¡No pensé que de verdad me diría: <txt:bold,1>“si regresas con las manos vacías, ni te molestes en volver”</txt:bold>!","Aku tidak menyangka dia akan benar-benar bilang, <txt:bold,1>'Jangan berani-berani kembali dengan tangan kosong'</txt:bold>...!","ฉันก็ไม่คิดว่ารุ่นพี่จะพูดว่า <txt:bold,1>‘ถ้าจะกลับมามือเปล่า ก็อย่าได้คิดจะกลับมาอีก’</txt:bold> จริงๆ นี่นา...!","Eu nunca imaginei que ele falaria pra <txt:bold,1>eu não voltar se viesse sem nada</txt:bold>..."
,,,시프,,1_경청,nervous,,"선배님이 차가운 시선으로 날 봐주시는 건 좋지만, <txt:bold,1>진짜로 미움받는 건 싫다!</txt:bold>","His cold stare is fine, but <txt:bold,1>I don't want to actually be hated by him!</txt:bold>","先輩に冷たい眼差しで見られるのはまだいいが、<txt:bold,1>本当に嫌われるのだけは嫌なんだ！</txt:bold>","虽然被前辈用冰冷的眼神注视着感觉也不错，但<txt:bold,1>我绝对不想被他真正讨厌啊！</txt:bold>","雖然前輩用冷冰冰的眼神看我也不錯，<txt:bold,1>但我真的不想被他討厭啦！</txt:bold>","Мне нравится его холодный взгляд. <txt:bold,1>Но я не хочу, чтобы он по-настоящему меня возненавидел.</txt:bold>","Saya suka dia memandang saya dengan renungan dingin, tapi <txt:bold,1>saya tak mahu dia betul-betul membenci saya!</txt:bold>","Ta thích được anh ấy nhìn bằng ánh mắt lạnh lùng, nhưng <txt:bold,1>ta không muốn bị ghét thật đâu!</txt:bold>","Me gusta su mirada fría, <txt:bold,1>¡pero de verdad no quiero que me desprecie!</txt:bold>","Aku suka tatapan dinginnya, tapi aku tidak mau untuk <txt:bold,1>benar-benar dibenci!</txt:bold>","ถึงฉันจะโอเคที่รุ่นพี่มองฉันด้วยสายตาเย็นชา <txt:bold,1>แต่ฉันไม่ได้อยากให้รุ่นพี่เกลียดฉันจริงสักหน่อย!</txt:bold>","Eu gosto quando ele me olha com frieza... <txt:bold,1>mas não quero ser realmente odiada!</txt:bold>"
,,,시프,,1_외침,nervous,,"이러다간 영영 미움받을지도 몰라. 반드시... <wrt:wait,30><txt:bold,1>반드시 이번 의뢰는 성공시켜야만 해!</txt:bold>","At this rate, I might be hated forever! I have to... <wrt:wait,30><txt:bold,1>I absolutely have to succeed at this contract!</txt:bold>","このままじゃ本当に嫌われてしまうかもしれない。だから絶対に‥<wrt:wait,30><txt:bold,1>絶対に、今回の依頼は成功させる！</txt:bold>","再这样下去，我可能会永远被他讨厌的。这次‥<wrt:wait,30><txt:bold,1>这次的委托我一定要成功！</txt:bold>","再這樣下去，說不定他一輩子都不理我了。這次‥<wrt:wait,30><txt:bold,1>這次的委託我一定要成功！</txt:bold>","Он не простит мне еще одну ошибку. <wrt:wait,30><txt:bold,1>Я обязана выполнить это задание!</txt:bold>","Kalau macam ini, saya mungkin dibenci selama-lamanya! Saya kena... <wrt:wait,30><txt:bold,1>saya mesti jayakan kontrak ini!</txt:bold>","Cứ thế này thì biết đâu ta sẽ bị ghét mãi mãi. Lần này... <wrt:wait,30><txt:bold,1>lần này nhất định phải hoàn thành ủy thác!</txt:bold>","Si sigo así, podría terminar despreciándome para siempre. ¡Esta vez... <wrt:wait,30><txt:bold,1>voy a completar a como dé lugar este encargo!</txt:bold>","Kalau begini terus, aku bisa dibenci selamanya. Aku harus... <wrt:wait,30><txt:bold,1>aku harus berhasil dalam tugas ini!</txt:bold>","ขืนเป็นแบบนี้ ฉันอาจโดนเกลียดตลอดไปก็ได้ ฉันก็เลย... <wrt:wait,30><txt:bold,1>ต้องทำภารกิจครั้งนี้ให้สำเร็จ!</txt:bold>","Assim posso acabar sendo odiada pra sempre... <wrt:wait,30><txt:bold,1>eu tenho que concluir essa missão!</txt:bold>"
,,,시프,,1_외침,nervous,exclam,"그러니까 <txt:bold,2>레드후드</txt:bold>!! 이번에야말로 널 붙잡겠다!","So <txt:bold,2>Red Hood</txt:bold>! This time I'm catching you for sure!","というわけだ、<txt:bold,2>レッドフード</txt:bold>！！今度こそ、きみを捕まえてみせる！","所以，<txt:bold,2>小红帽</txt:bold>！！这次我一定要抓住你！","所以，<txt:bold,2>小紅帽</txt:bold>！！這次我絕對要抓到你！","Так что, <txt:bold,2>Алый Плащ</txt:bold>, тебе от меня не уйти!","Jadi <txt:bold,2>Red Hood</txt:bold>! Kali ini saya pasti akan tangkap awak!","Vì vậy, <txt:bold,2>Red Hood</txt:bold>!! Lần này ta nhất định sẽ bắt được ngươi!","Así que esta vez, ¡voy a atraparte de verdad, <txt:bold,2>Red Hood</txt:bold>!","Karena itu juga <txt:bold,2>Red Hood</txt:bold>!! Kali ini, aku benar-benar akan menangkapmu!","เพราะฉะนั้น <txt:bold,2>ฮู้ดแดง</txt:bold>!! ครั้งนี้ฉันจะจับนายให้ได้!","Então, <txt:bold,2>Red Hood</txt:bold>! Desta vez você não escapa!"
,,,류현,,-1_흠,,,...,...,‥‥,‥,‥,...,...,...,...,...,...,...
,,,클레르,,1_기본,,,"...<wrt:wait,30>보아 하니 우리 쪽에 붙겠다는 이야기인 것 같지...?","...<wrt:wait,30>By the look of things, you're saying you'll join our side, then...?","‥<wrt:wait,30>どうやら、こっち側につくって話みてぇだな‥？","‥<wrt:wait,30>看来你是打算加入我们这边了？","‥<wrt:wait,30>看來，妳是打算加入我們這邊囉‥？","... <wrt:wait,30>Ты теперь на нашей стороне?","...<wrt:wait,30>Melihat keadaan ini, maksudnya awak akan sertai pihak kami, ya...?","...<wrt:wait,30>Xem ra là ngươi muốn đứng về phía bọn ta nhỉ...?","...<wrt:wait,30>Por lo que veo quieres unirte a nuestro bando, ¿verdad...?","...<wrt:wait,30>Dari yang kudengar sepertinya kau mau memihak kami, ya...?","...<wrt:wait,30>ดูท่าแล้ว เหมือนกำลังพูดว่าจะมาเข้าพวกกับเราสินะ...?","Hum... <wrt:wait,30>Pelo visto você vai se juntar ao nosso lado, não é?"
,,,클레르,,1_미소,,joy,"좋아, 하핫! <txt:bold,2>레드후드</txt:bold>!! 네 운도 여기까지구나.","Excellent, hahaha! <txt:bold,2>Red Hood</txt:bold>! Looks like your luck's run out!","いいだろう、ハハッ！<txt:bold,2>レッドフード</txt:bold>！！てめえのツキもここまでだ。","很好，哈哈！<txt:bold,2>小红帽</txt:bold>！！看来你的运气也就到此为止了。","很好，哈哈哈！<txt:bold,2>小紅帽</txt:bold>！！看來你的好運就到此為止了。","Ха-ха, замечательно. <txt:bold,2>Алый Плащ</txt:bold>, тебе конец!","Bagus sekali, hahaha! <txt:bold,2>Red Hood</txt:bold>! Nampaknya ajal kau dah tiba!","Được, haha! <txt:bold,2>Red Hood</txt:bold>!! Vận may của ngươi đến đây là hết rồi.","¡Bien, jaja! ¡<txt:bold,2>Red Hood</txt:bold>! Tu suerte ha llegado hasta aquí.","Bagus sekali, haha! <txt:bold,2>Red Hood</txt:bold>!! Keberuntunganmu berakhir di sini.","แจ๋วเลย ฮะฮ่า! <txt:bold,2>ฮู้ดแดง</txt:bold>!! โชคของนายจบลงแค่นี้แหละ","Beleza, haha! <txt:bold,2>Red Hood</txt:bold>! Sua sorte acaba aqui."
,,,클레르,,1_미소+,,,"드디어 내 형제들의 원수를 갚을 기회가 왔어! 얘들아, 저 꼬맹이부터 붙잡아...!","Finally, my chance to avenge my brothers has come! Boys, grab that brat first...!",ついに兄弟たちの仇を討てる！てめえら、まずはあのガキから捕まえ‥！,终于有机会为我的兄弟们报仇了！弟兄们，先抓住那个小丫头‥！,終於有機會替我兄弟們報仇了！小的們，先把那個小丫頭抓起來‥！,"Ты получишь по заслугам. Эй, хватайте сначала эту мелочь!","Akhirnya, dapatlah aku membalas dendam bagi saudara-saudaraku! Kalian, tangkap budak itu dulu...!","Cuối cùng cơ hội báo thù cho các anh em của ta cũng đến! Người đâu, bắt con nhóc kia trước...!","¡Por fin llegó el momento de vengar a mis camaradas! ¡Muchachos, atrapen primero a la mocosa!","Akhirnya kesempatan untuk membalas dendam saudara-saudaraku tiba! Semuanya, tangkap bocah itu dulu...!",ในที่สุด โอกาสแก้แค้นให้พี่น้องของฉันก็มาถึงแล้ว! ทุกคน จับเด็กนั่นก่อนเลย...!,"Finalmente chegou a chance de vingar meus irmãos! Pessoal, peguem aquela pirralha primeiro!"
,,,시프,,1_기본,,,"<txt:size,2>잠깐!!</txt:size>","<txt:size,2>Hold on!</txt:size>","<txt:size,2>待て！！</txt:size>","<txt:size,2>等一下！！</txt:size>","<txt:size,2>等一下！！</txt:size>","<txt:size,2>Стой!</txt:size>","<txt:size,2>Tunggu!</txt:size>","<txt:size,2>Khoan đã!!</txt:size>","<txt:size,2>¡¡Un momento!!</txt:size>","<txt:size,2>TUNGGU!!</txt:size>","<txt:size,2>เดี๋ยวก่อน!!</txt:size>","<txt:size,2>Calma!</txt:size>"
,,,클레르,,1_무표정,pause,,"...? <wrt:wait,30>뭐야? ","...? <wrt:wait,30>What is it?","‥？<wrt:wait,30>何だ？","‥？<wrt:wait,30>干嘛？","‥？<wrt:wait,30>幹嘛？","...? <wrt:wait,30>Что еще?","...? <wrt:wait,30>Apa dia?","...? <wrt:wait,30>Gì nữa?","¿...? <wrt:wait,30>¿Y ahora qué?","...? <wrt:wait,30>Kenapa lagi?","...? <wrt:wait,30>อะไรล่ะ?","Hã? <wrt:wait,30>Que foi?"
,,,시프,,1_경청,,,난 말이지. 선배의 기대엔 부응해야 하거든.,"See, I've got expectations to live up to.",私はだな。先輩の期待には応えなきゃいけないんだ。,我啊，是不能辜负前辈的期待的。,我可是要回應前輩期待的人。,"Видишь ли... Я должна оправдать ожидания <txt:bold,2><txt:color,orange>Рауля</txt:color></txt:bold>.","Begini, saya mesti memenuhi harapan Raul.",Ta ấy à. Ta phải đáp lại kỳ vọng của anh ấy.,Lo que pasa es que tengo que estar a la altura de sus expectativas.,Aku itu harus memenuhi ekspektasi dari senior-ku.,ฉันน่ะ ต้องไม่ทำให้รุ่นพี่ผิดหวัง,Eu preciso corresponder às expectativas do Raul.
,,,시프,,1_기본,,,"그러니까! <txt:bold,1>비겁한 수로 녀석을 붙잡아 봤자, 선배의 이름에 오명만 덧칠할 뿐이야.</txt:bold>","So! <txt:bold,1>Catching him with cheap tricks would only tarnish his name.</txt:bold>","つまり！<txt:bold,1>卑怯な手であいつを捕まえたところで、先輩の名を汚すだけだ。</txt:bold>","所以！<txt:bold,1>如果用卑鄙的手段抓住他，只会给前辈的名声抹黑罢了。</txt:bold>","所以！<txt:bold,1>要是用卑鄙的手段抓到他，只會給前輩的名聲蒙上汙點。</txt:bold>","А <txt:bold,1>Раулю не нравится, когда на одного нападают всей толпой. Это позорно</txt:bold>.","Jadi! <txt:bold,1>Menangkap dia dengan helah murahan hanya akan mencemarkan namanya.</txt:bold>","Vì vậy! <txt:bold,1>Dù có bắt được hắn bằng trò hèn hạ, thì cũng chỉ bôi nhọ thêm tên tuổi của anh ấy mà thôi.</txt:bold>","Por eso... <txt:bold,1>de nada sirve atrapar a este tipo con métodos sucios, eso solo mancharía el nombre de</txt:bold> <txt:bold,2><txt:color,orange>Raúl</txt:color></txt:bold>.","Oleh karenanya! <txt:bold,1>Menangkapnya dengan cara licik hanya akan menodai nama baik senior.</txt:bold>","เพราะฉะนั้น! <txt:bold,1>การจับหมอนั่นด้วยวิธีขี้ขลาด มีแต่จะทำให้ชื่อของรุ่นพี่ด่างพร้อย</txt:bold>","Então... <txt:bold,1>Se pegarmos ele de forma desonesta, só vamos manchar a reputação do Raul.</txt:bold>"
,,,시프,,1_기본,,,"이렇게 하자고. <txt:bold,2>팬텀즈</txt:bold>, 너희는 저 아이를 보내줘. ","Here's how we do it. <txt:bold,2>Phantoms</txt:bold>, you let that girl go.","こうしよう、<txt:bold,2>ファントムズ</txt:bold>。きみたちはその子を見逃してやれ。","不如这样吧。<txt:bold,2>幻影帮</txt:bold>，你们把那个孩子放了。","我們這樣吧。<txt:bold,2>幻影幫</txt:bold>，你們先把那孩子放了。","<txt:bold,2>«Фантомс»</txt:bold>, отпустите девочку.","Macam ini caranya. <txt:bold,2>Phantoms</txt:bold>, awak lepaskan budak perempuan itu.","Làm thế này đi. Băng Đảng <txt:bold,2>Phantom</txt:bold>, các ngươi thả cô nhóc đó ra.","Hagamos esto. Ustedes, los <txt:bold,2>Phantoms</txt:bold>, liberen a la niña.","Mari kita begini. <txt:bold,2>Phantoms</txt:bold>, lepaskan anak itu.","เอาแบบนี้ดีกว่า <txt:bold,2>แฟนธอมส์</txt:bold> พวกนายปล่อยตัวเด็กนั่นไปซะ","Vamos fazer assim. <txt:bold,2>Phantoms</txt:bold>, deixem a garota ir."
,,,시프,,1_기본,,,"<txt:bold,1>당당하게 결투로 다시 한번 승부를 보는 거야. 어때?</txt:bold>","<txt:bold,1>Then we settle it properly with a duel, fair and square. What do you say?</txt:bold>","<txt:bold,1>正々堂々、決闘で決着をつける。それでどうだ？</txt:bold>","<txt:bold,1>我们堂堂正正地用决斗再比试一次。怎么样？</txt:bold>","<txt:bold,1>堂堂正正地用決鬥再分一次勝負。怎麼樣？</txt:bold>","<txt:bold,1>Мы решим вопрос в честном поединке. Хорошо?</txt:bold>","<txt:bold,1>Kemudian kita selesaikan secara betul melalui pertarungan, adil dan saksama. Apa kata awak?</txt:bold>","<txt:bold,1>Đường đường chính chính quyết thắng bại bằng một trận quyết đấu nữa. Thế nào?</txt:bold>","<txt:bold,1>Vamos a resolver esto con un duelo justo, ¿qué dicen?</txt:bold>","<txt:bold,1>Ayo berduel secara jantan sekali lagi. Bagaimana?</txt:bold>","<txt:bold,1>มาตัดสินผลแพ้ชนะกันอีกครั้ง ด้วยการดวลแบบผ่าเผยไปเลย เป็นไง?</txt:bold>","<txt:bold,1>Vamos resolver isso com um duelo justo. O que acha?</txt:bold>"
,,,클레르,,1_버럭,,exclam,"웃기지 마! 머릿수로 밀어붙이면 끝날 일인데, 왜 그런 번거로운 짓을 해?",Don't be ridiculous! We can settle this by sheer numbers. Why bother with the hassle?,ふざけるな！数で押し潰せば済む話だろうが！,别开玩笑了！凭人数优势就能解决的事，干嘛还费那个劲？,別開玩笑了！明明靠人數優勢就能解決的事，幹嘛還要搞得這麼麻煩？,"Не смеши меня! Мы можем задавить числом, зачем усложнять?",Jangan mengarut! Kita boleh selesaikan dengan bilangan ramai. Buat apa bersusah payah?,"Buồn cười! Chỉ cần lấy số đông áp đảo là xong, sao phải làm chuyện phiền phức đó?","¡No digas tonterías! Si los superamos en número, ¿para qué complicarnos?","Jangan bercanda! Kita menang jumlah, buat apa cari cara yang susah?",อย่ามาตลกน่า! แค่ใช้จำนวนคนถล่มก็จบแล้ว ทำไมต้องทำอะไรให้ยุ่งยากแบบนั้นด้วย?,"Tá brincando? É só atacar em massa, por que complicar?"
,,,클레르,,1_버럭,,,날 가로막으면 너도 각오해야 할 거다.,Stand in my way and you'll regret it too.,俺の邪魔をするなら、てめえもただじゃ済まさねぇぞ。,你要是敢拦我，就做好觉悟吧。,妳要是敢妨礙我，可別怪我不客氣。,"А если ты встанешь у меня на пути, то пеняй на себя.","Kalau kau halang aku, kau juga akan menyesal.",Nếu cản đường ta thì ngươi cũng phải chuẩn bị tinh thần đi.,"Si te atraviesas en mi camino, más vale que te prepares para las consecuencias.","Kalau kamu menghalangiku, sebaiknya kamu juga bersiap untuk menanggung akibatnya.",ถ้าขวางฉัน เธอก็เตรียมใจไว้ได้เลย,"Se ficar no meu caminho, vai se arrepender."
,,,시프,,1_기본,,,"흐음. 하지만... <wrt:wait,30>그래, 이쪽이 훨씬 <txt:bold,2>품격</txt:bold> 있지 않나?","Hmm... <wrt:wait,30>but this way carries much more <txt:bold,2>dignity</txt:bold>, doesn't it?","うーん。でも‥<wrt:wait,30>そうだな、こっちのほうがずっと<txt:bold,2>品格</txt:bold>ってやつがあるだろう。","唔。可是‥<wrt:wait,30>你不觉得，这样才更符合你的<txt:bold,2>身份</txt:bold>吗？","哼嗯。但是‥<wrt:wait,30>這樣做才比較有<txt:bold,2>格調</txt:bold>，不是嗎？","И все же... <wrt:wait,30>Мой вариант чуточку <txt:bold,2>профессиональнее</txt:bold>.","Hmm... <wrt:wait,30>tapi cara ini lebih <txt:bold,2>bermaruah</txt:bold>, bukan?","Hừm. Nhưng mà... <wrt:wait,30>như vậy chẳng phải sẽ có <txt:bold,2>phẩm cách</txt:bold> hơn nhiều sao?","Mmm. Sí, <wrt:wait,30>pero... ¿esto no es más <txt:bold,2>digno</txt:bold>?","Hmm. Tapi... <wrt:wait,30>ya, bukankah cara ini jauh lebih <txt:bold,2>elegan</txt:bold>?","อืม แต่ว่า... <wrt:wait,30>ใช่ แบบนี้ดู<txt:bold,2>มีระดับ</txt:bold>กว่าเยอะเลยไม่ใช่เหรอ?","Hum... <wrt:wait,30>mas okay, isso tem mais <txt:bold,2>classe</txt:bold>, não acha?"
,,,클레르,,1_무표정,pause,,"<wrt:delay,12>......<wrt:wait,30><txt:bold,1>품격</txt:bold>?</wrt:delay>","<wrt:delay,12>...<wrt:wait,30><txt:bold,1>Dignity</txt:bold>?</wrt:delay>","<wrt:delay,12>‥<wrt:wait,30><txt:bold,1>品格</txt:bold>だと？</wrt:delay>","<wrt:delay,12>‥<wrt:wait,30><txt:bold,1>身份</txt:bold>？</wrt:delay>","<wrt:delay,12>‥<wrt:wait,30><txt:bold,1>格調</txt:bold>？</wrt:delay>","<wrt:delay,12>......<wrt:wait,30><txt:bold,1> Профессиональнее</txt:bold>?</wrt:delay>","<wrt:delay,12>...<wrt:wait,30><txt:bold,1>Maruah</txt:bold>?</wrt:delay>","<wrt:delay,12>......<wrt:wait,30><txt:bold,1>Phẩm cách</txt:bold>?</wrt:delay>","<wrt:delay,12>...<wrt:wait,30>¿<txt:bold,1>Digno</txt:bold>?</wrt:delay>","<wrt:delay,12>......<wrt:wait,30><txt:bold,1>Elegan</txt:bold>?</wrt:delay>","<wrt:delay,12>......<wrt:wait,30><txt:bold,1>มีระดับ</txt:bold>?</wrt:delay>","<wrt:delay,12>Hum... <wrt:wait,30><txt:bold,1>Classe</txt:bold>?</wrt:delay>"
,,,시프,,1_경청,wave,,"그래, <txt:bold,2><txt:color,orange>클레르</txt:color></txt:bold>, 너도 체면을 구길 대로 구겼잖아. <wrt:break>만회할 기회가 필요하지 않겠어?","That's right, <txt:bold,2><txt:color,orange>Claire</txt:color></txt:bold>. Your pride's been trampled all over. <wrt:break>Don't you need a chance to make it up?","そうさ、<txt:bold,2><txt:color,orange>クレール</txt:color></txt:bold>。きみも散々メンツを潰されたんだ。<wrt:break>挽回の機会が欲しいんじゃないか？","是啊，<txt:bold,2><txt:color,orange>克莱尔</txt:color></txt:bold>，你刚才可是丢尽了脸面啊。<wrt:break>难道不需要一个挽回的机会吗？","沒錯，<txt:bold,2><txt:color,orange>克萊爾</txt:color></txt:bold>，你的面子也丟得差不多了吧。<wrt:break>你難道不需要一個挽回顏面的機會嗎？","Именно. Ты уже растерял весь свой авторитет, <txt:bold,2><txt:color,orange>Клэр</txt:color></txt:bold>. <wrt:break>Самое время все исправить.","Betul itu, <txt:bold,2><txt:color,orange>Claire</txt:color></txt:bold>. Air muka awak sudah dipijak-pijak. <wrt:break>Takkah awak nak peluang untuk menebusnya?","Đúng vậy, <txt:bold,2><txt:color,orange>Claire</txt:color></txt:bold>, ngươi cũng đã mất mặt đủ rồi còn gì. <wrt:break>Không cần một cơ hội để gỡ gạc sao?","Así es, <txt:bold,2><txt:color,orange>Claire</txt:color></txt:bold>, además, tu reputación ha quedado por los suelos. <wrt:break>¿No crees que deberías hacer algo para redimirte?","Benar, <txt:bold,2><txt:color,orange>Claire</txt:color></txt:bold>. Kamu tadi sudah cukup dipermalukan, kan? <wrt:break>Tidakkah kamu butuh kesempatan untuk membersihkan namamu?","ใช่แล้ว <txt:bold,2><txt:color,orange>แคลร์</txt:color></txt:bold> นายเองก็เสียหน้าไปไม่น้อยเลยนี่นา <wrt:break>ไม่อยากได้โอกาสแก้ตัวรึไง?","É, <txt:bold,2><txt:color,orange>Claire</txt:color></txt:bold>... você já perdeu bastante a sua reputação. <wrt:break>Não quer uma chance de se redimir?"
,,,시프,,1_기본,wave,,"내가 도와주지. 우리가 힘을 합치면 저 전설의 <txt:bold,2>레드후드</txt:bold>도 두렵지 않아. <wrt:break>난 <txt:bold,2>황혼</txt:bold>이라고, <txt:bold,2><txt:color,orange>클레르</txt:color></txt:bold>.","I'll help you. With our combined strength, even the legendary <txt:bold,2>Red Hood</txt:bold> won't stand a chance. <wrt:break>I am <txt:bold,2>Twilight</txt:bold>, after all, <txt:bold,2><txt:color,orange>Claire</txt:color></txt:bold>.","私も手を貸そう。私たちが力を合わせれば、あの伝説の<txt:bold,2>レッドフード</txt:bold>だって恐れることはない。<wrt:break>私は<txt:bold,2>黄昏</txt:bold>だぞ、<txt:bold,2><txt:color,orange>クレール</txt:color></txt:bold>。","我来帮你。如果我们联手，就算是那个传说中的<txt:bold,2>小红帽</txt:bold>也不足为惧。<wrt:break>我可是<txt:bold,2>黄昏</txt:bold>，<txt:bold,2><txt:color,orange>克莱尔</txt:color></txt:bold>。","我來幫你。只要我們聯手，就算傳奇的<txt:bold,2>小紅帽</txt:bold>也不足為懼。<wrt:break>我可是<txt:bold,2>黃昏</txt:bold>喔，<txt:bold,2><txt:color,orange>克萊爾</txt:color></txt:bold>。","Доверься мне, <txt:bold,2><txt:color,orange>Клэр</txt:color></txt:bold>. Вместе мы справимся даже с <txt:bold,2>Алым Плащом</txt:bold>. <wrt:break>Не забывай, кто я такая.","Saya akan bantu awak. Dengan gabungan kekuatan kita, <txt:bold,2>Red Hood</txt:bold> yang legenda pun takkan ada peluang. <wrt:break>Lagipun sayalah <txt:bold,2>Twilight</txt:bold>, <txt:bold,2><txt:color,orange>Claire</txt:color></txt:bold>.","Ta sẽ giúp ngươi. Nếu chúng ta hợp sức, <txt:bold,2>Red Hood</txt:bold> huyền thoại kia cũng chẳng có gì đáng sợ. <wrt:break>Ta là <txt:bold,2>Hoàng Hôn</txt:bold> đấy, <txt:bold,2><txt:color,orange>Claire</txt:color></txt:bold>.","Yo te ayudaré. Si unimos fuerzas, ni siquiera el legendario <txt:bold,2>Red Hood</txt:bold> podrá asustarnos. <wrt:break>Después de todo soy <txt:bold,2>Crepúsculo</txt:bold>, <txt:bold,2><txt:color,orange>Claire</txt:color></txt:bold>.","Aku akan membantumu. Kalau kita bekerja sama, <txt:bold,2>Red Hood</txt:bold> yang legendaris pun tidak menakutkan. <wrt:break>Apalagi, ada si <txt:bold,2>'Senja'</txt:bold> di pihakmu, <txt:bold,2><txt:color,orange>Claire</txt:color></txt:bold>.","ฉันจะช่วยนายเอง ถ้าพวกเรารวมพลังกัน แม้แต่<txt:bold,2>ฮู้ดแดง</txt:bold>ในตำนานนั่นก็ไม่น่ากลัวหรอก <wrt:break>ฉันคือ<txt:bold,2>อัสดง</txt:bold>เชียวนะ <txt:bold,2><txt:color,orange>แคลร์</txt:color></txt:bold>","Eu posso te ajudar. Juntos, nem o lendário <txt:bold,2>Red Hood</txt:bold> vai ser um problema. <wrt:break>Eu sou <txt:bold,2>Crepúsculo</txt:bold>, <txt:bold,2><txt:color,orange>Claire</txt:color></txt:bold>."
,,,클레르,,1_무표정,,silent,"흥, 시답잖은 소리는. <wrt:wait,30><wrt:break>...<wrt:wait,30>하지만, <wrt:delay,12>품격이라.</wrt:delay> ","Hmph, what nonsense. <wrt:wait,30><wrt:break>...<wrt:wait,30>But... <wrt:delay,12>dignity, you say.</wrt:delay>","フン、くだらねぇ。<wrt:wait,30><wrt:break>‥<wrt:wait,30>だが、<wrt:delay,12>品格か。</wrt:delay>","哼，废话真多。<wrt:wait,30><wrt:break>‥<wrt:wait,30>不过，<wrt:delay,12>身份吗。</wrt:delay>","哼，少在那邊說些有的沒的。<wrt:wait,30><wrt:break>‥<wrt:wait,30>不過，<wrt:delay,12>格調啊。</wrt:delay>","Пф, чушь. <wrt:wait,30><wrt:break>... <wrt:wait,30>Но ты права, <wrt:delay,12>профессионализм</wrt:delay> — это важно.","Hmph, merepek saja. <wrt:wait,30><wrt:break>...<wrt:wait,30>Tapi... <wrt:delay,12>maruah, ya.</wrt:delay>","Hừ, toàn lời nhảm nhí. <wrt:wait,30><wrt:break>...<wrt:wait,30>Nhưng mà... <wrt:delay,12>phẩm cách à.</wrt:delay>","Ja, pero qué tonterías dices. <wrt:wait,30><wrt:break>...<wrt:wait,30>Pero, <wrt:delay,12>digno, ¿eh?</wrt:delay>","Heh, omong kosong. <wrt:wait,30><wrt:break>...<wrt:wait,30>Tapi, <wrt:delay,12>elegan kau bilang.</wrt:delay>","เฮอะ พูดอะไรไม่เข้าท่า <wrt:wait,30><wrt:break>...<wrt:wait,30>แต่ว่า <wrt:delay,12>มีระดับงั้นเหรอ</wrt:delay>","Humpf, bobagem. <wrt:wait,30><wrt:break>Hum... <wrt:wait,30>Mas... <wrt:delay,12>«classe».</wrt:delay>"
,,,클레르,,1_무표정,pause,,"뭐, 좋아. 저 녀석을 잡는 게 우선이니까. <wrt:break>뻔한 속셈이지만, 넘어가 주지.","Fine, then. Catching him is what matters. <wrt:break>Your scheme's transparent, but I'll humor you.",まあいい。今はあいつを捕まえるのが先だ。<wrt:break>魂胆は見え見えだが、乗ってやるよ。,行吧。反正抓住那家伙才是首要目的。<wrt:break>虽然知道你打的什么算盘，但我就成全你。,好吧。反正抓住那傢伙最為重要。<wrt:break>雖然知道妳在打什麼算盤，但我就成全你。,Ладно. <wrt:break>Давай разделаемся с ним по твоим правилам.,"Baiklah, kalau begitu. Yang penting menangkap dia. <wrt:break>Rancangan kau jelas sangat, tapi aku akan layan.","Thôi được. Ưu tiên trước mắt vẫn là bắt được hắn. <wrt:break>Biết rõ ý đồ của ngươi rồi, nhưng ta sẽ chiều theo.","Como sea, bien. Atrapar a ese sujeto es nuestra prioridad. <wrt:break>Tus intenciones son obvias, pero lo dejaré pasar esta vez.","Yah, baiklah. Karena menangkapnya adalah prioritas sekarang. <wrt:break>Meski aku tahu akal bulusmu, tapi akan kuikuti.",ก็ได้ ยังไงการจับเจ้านั่นให้ได้ก็เป็นเรื่องสำคัญที่สุด <wrt:break>ถึงฉันจะมองออก แต่จะยอมตามน้ำให้แล้วกัน,"Vamos focar no alvo. <wrt:break>Seu truque é óbvio, mas vou aceitar."
,,,클레르,,1_기본,,,"저 녀석을 해치운 뒤, 너랑은 쌓인 얘기를 나누도록 하지.","Once he's dealt with, you and I have some matters to settle.",あいつを片付けてから、てめえとはじっくり話をしようじゃねぇか。,等解决掉那家伙之后，我们再好好算算账。,等解決那傢伙之後，我們再來慢慢算舊帳。,А после нас с тобой ждет серьезный разговор.,"Selepas dia dibereskan, aku dan kau ada perkara yang perlu diselesaikan.","Sau khi xử lý tên đó, ta và ngươi sẽ nói chuyện cho ra lẽ.","Una vez que acabemos con él, tú y yo tenemos mucho de qué hablar.","Setelah membereskan orang ini, kita selesaikan urusan kita sampai tuntas.",หลังจากจัดการเจ้านั่นแล้ว ค่อยมาคุยเรื่องค้างคาระหว่างฉันกับเธอ,"Primeiro, vamos pegar ele e depois a gente conversa."
,,,TAG,,,,,"<cha:pos,소담,-2><cha:pos,시프,4><cha:pos,클레르,4><cha:pos,류현,2>","<cha:pos,소담,-2><cha:pos,시프,4><cha:pos,클레르,4><cha:pos,류현,2>","<cha:pos,소담,-2><cha:pos,시프,4><cha:pos,클레르,4><cha:pos,류현,2>","<cha:pos,소담,-2><cha:pos,시프,4><cha:pos,클레르,4><cha:pos,류현,2>","<cha:pos,소담,-2><cha:pos,시프,4><cha:pos,클레르,4><cha:pos,류현,2>","<cha:pos,소담,-2><cha:pos,시프,4><cha:pos,클레르,4><cha:pos,류현,2>","<cha:pos,소담,-2><cha:pos,시프,4><cha:pos,클레르,4><cha:pos,류현,2>","<cha:pos,소담,-2><cha:pos,시프,4><cha:pos,클레르,4><cha:pos,류현,2>","<cha:pos,소담,-2><cha:pos,시프,4><cha:pos,클레르,4><cha:pos,류현,2>","<cha:pos,소담,-2><cha:pos,시프,4><cha:pos,클레르,4><cha:pos,류현,2>","<cha:pos,소담,-2><cha:pos,시프,4><cha:pos,클레르,4><cha:pos,류현,2>","<cha:pos,소담,-2><cha:pos,시프,4><cha:pos,클레르,4><cha:pos,류현,2>"
,,,류현,,1_흠,,,"...<wrt:wait,30>결국 이렇게 되는 건가.","...<wrt:wait,30>So it's come to this.","‥<wrt:wait,30>結局こうなるのか。","‥<wrt:wait,30>结果还是变成这样了吗。","‥<wrt:wait,30>結果還是演變成這樣了啊。","...<wrt:wait,30> Так и знал, что этим все закончится.","...<wrt:wait,30>Jadi sampai juga ke tahap ini.","...<wrt:wait,30>Cuối cùng vẫn thành ra thế này sao.","...<wrt:wait,30>Al final era inevitable.","...<wrt:wait,30>Jadi seperti ini akhirnya.","...<wrt:wait,30>สุดท้ายก็กลายเป็นแบบนี้งั้นเหรอ","Então... <wrt:wait,30>é assim que vai acabar."
,,,소담,,1_걱정,,,"선배님, 괜찮을까요?","<txt:bold,2><txt:color,orange>Ryuhyeon</txt:color></txt:bold>, will you be okay?",先輩、大丈夫ですか？,前辈，没关系吗？,前輩，你一個人沒問題嗎？,"<txt:bold,2><txt:color,orange>Рюхён</txt:color></txt:bold>, ты справишься?","<txt:bold,2><txt:color,orange>Abang Ryuhyeon</txt:color></txt:bold>, abang okey?","Anh ơi, liệu có ổn không?",¿Estarás bien?,"Senior, apa Anda akan baik-baik saja?",รุ่นพี่ ไหวรึเปล่าคะ?,"Ryuhyeon, você vai ficar bem?"
,,,류현,,1_기본,,,"<txt:bold,2><txt:color,orange>소담</txt:color></txt:bold>, 내가 다시 부를 때까진 저기 커다란 바위 뒤에 숨어서 절대 나오지 마. 알았지?","<txt:bold,2><txt:color,orange>Sodam</txt:color></txt:bold>, get behind that big rock and stay hidden until I call for you. Don't come out, no matter what. Got it?","<txt:bold,2><txt:color,orange>翆</txt:color></txt:bold>。私がまた呼ぶまで、あそこの大きな岩陰に隠れて、絶対出てくるんじゃないぞ。いいな？","<txt:bold,2><txt:color,orange>芷柔</txt:color></txt:bold>，躲到那块大岩石后面去，我不叫你绝对不许出来。知道了吗？","<txt:bold,2><txt:color,orange>芷柔</txt:color></txt:bold>，在我叫妳之前，妳就躲在那塊大石頭後面，絕對不要出來。知道嗎？","<txt:bold,2><txt:color,orange>Содам</txt:color></txt:bold>, спрячься за тем камнем и не выходи, пока я тебя не позову. Поняла?","<txt:bold,2><txt:color,orange>Sodam</txt:color></txt:bold>, pergi ke belakang batu besar itu dan bersembunyi sehingga saya panggil. Jangan keluar, walau apa pun. Faham?","<txt:bold,2><txt:color,orange>Sodam</txt:color></txt:bold>, cho đến trước khi ta gọi, em hãy trốn sau tảng đá lớn kia và tuyệt đối đừng bước ra. Hiểu chứ?","<txt:bold,2><txt:color,orange>Sodam</txt:color></txt:bold>, escóndete detrás de esa roca grande y no salgas hasta que te llame. ¿Entendiste?","<txt:bold,2><txt:color,orange>Sodam</txt:color></txt:bold>, sembunyi di balik batu besar itu dan jangan keluar sampai kupanggil, apa kamu mengerti?","<txt:bold,2><txt:color,orange>โซดัม</txt:color></txt:bold> เธอไปหลบอยู่หลังหินก้อนใหญ่ตรงโน้น แล้วห้ามออกมาจนกว่าฉันจะเรียก เข้าใจไหม?","<txt:bold,2><txt:color,orange>Sodam</txt:color></txt:bold>, se esconde atrás daquela rocha e não sai até eu chamar, ok?"
,,,소담,,1_걱정,pause,,"꼭... <wrt:wait,30>꼭 이기셔야 해요.","You have to... <wrt:wait,30>... you have to win this.","必ず‥<wrt:wait,30>必ず勝ってくださいね。","一定要‥<wrt:wait,30>一定要赢啊。","你一定‥<wrt:wait,30>一定要贏喔。","Обязательно выиграй, <wrt:wait,30>ладно?","Abang mesti... <wrt:wait,30>... abang mesti menang.","Anh nhất định... <wrt:wait,30>nhất định phải thắng đó.","Tienes que ganar... <wrt:wait,30>a como dé lugar.","Senior harus... <wrt:wait,30>harus menang ya.","รุ่นพี่ต้อง... <wrt:wait,30>เอาชนะให้ได้นะคะ","Por favor... <wrt:wait,30>Você precisa vencer."
,,,류현,,1_기본,,,걱정하지 마. 난 이런 곳에서 무릎 꿇지 않아.,Don't worry. I'm not going down here.,心配するな。私はこんなところで負けたりはしない。,别担心。我可不会在这种地方倒下。,別擔心，我可不會在這種地方倒下的。,Не волнуйся. Я не уступлю.,Jangan risau. Saya takkan tumbang di sini.,Đừng lo. Ta sẽ không chịu thua ở nơi như thế này đâu.,No te preocupes. No voy a rendirme aquí.,Jangan khawatir. Aku tidak akan berlutut di tempat seperti ini.,ไม่ต้องห่วง ฉันไม่ยอมแพ้ในที่แบบนี้หรอก,Fica tranquila. Eu não vou cair aqui.
,,,류현,,1_기본+,,,약속할게. 노을이 지기 전엔 다 끝내고 같이 마을로 돌아가자. <wrt:break>돌아가면 이번에야말로 조랑말 타는 법을 가르쳐줄게.,"I promise. We'll wrap this up and head back to town before sundown. <wrt:break>When we get back, I'll teach you how to ride a pony, for real this time.",約束する。日が沈む前に全部終わらせて、一緒に村へ帰ろう。<wrt:break>帰ったら今度こそ、ポニーの乗り方を教えてやる。,我向你保证。在太阳下山前解决一切，然后我们一起回村子。<wrt:break>回去之后，这次我一定教你怎么骑小马。,我答應妳。在日落前解決一切，然後一起回村子。<wrt:break>回去之後，我一定教妳騎小馬。,"Обещаю. До заката со всем разберусь, и мы вернемся в деревню. <wrt:break>А потом я наконец научу тебя кататься на пони.","Saya janji. Kita akan selesaikan hal ini dan balik ke bandar sebelum senja. <wrt:break>Balik nanti, saya akan ajar awak menunggang kuda padi, betul-betul kali ini.","Ta hứa. Trước khi hoàng hôn buông xuống, ta sẽ kết thúc tất cả rồi cùng em trở về làng. <wrt:break>Về rồi, lần này ta nhất định sẽ dạy em cách cưỡi ngựa con.","Te lo prometo. Terminaremos con todo esto antes del atardecer. <wrt:break>Y cuando regresemos al pueblo, esta vez sí te enseñaré a montar un poni.","Aku janji. Mari kita selesaikan semua sebelum matahari terbenam dan pulang ke desa bersama. <wrt:break>Setelah itu, aku benar-benar akan mengajarimu cara menunggangi kuda poni.",ฉันสัญญา ฉันจะจบทุกอย่างก่อนพระอาทิตย์ตก แล้วเราจะกลับหมู่บ้านด้วยกัน <wrt:break>ถ้ากลับไปแล้ว ครั้งนี้ฉันจะสอนวิธีขี่ม้าแคระให้เอง,"Prometo. Antes do sol se pôr, vai estar tudo resolvido e voltamos juntos pra vila. <wrt:break>Vou te ensinar a montar pônei dessa vez."
,,,소담,,1_기본,,,네! 약속한 거예요! 지면 정말 화낼 거니까요!,"Yes! That's a promise! And if you lose, I'm going to be really mad!",はい！約束ですからね！負けたら本気で怒りますよ！,嗯！说好了哦！要是输了，我可是会很生气的！,好！說好了喔！要是輸了，我真的會生氣的！,Ловлю на слове. Только попробуй проиграть!,"Ya! Itu janji! Dan kalau abang kalah, saya akan marah!",Được! Anh hứa rồi đó! Nếu anh thua thì em sẽ giận thật đấy!,¡Sí! ¡Ya lo prometiste! ¡Si pierdes me voy a enojar de verdad!,Ya! Janji ya! Saya akan benar-benar marah kalau senior kalah!,ค่ะ! สัญญานะคะ! เพราะถ้ารุ่นพี่แพ้ล่ะก็ ฉันจะโมโหจริงๆ นะ!,"Tá, fechado! Se você perder, eu vou ficar muito brava!"
,,,류현,,1_비죽,,,"하하, 물론이지. <wrt:wait,30>...자, 기다리게 해서 미안하군. <txt:bold,1>시작해 볼까?</txt:bold>","Hah, of course. <wrt:wait,30>...Now then, sorry to keep you waiting. <txt:bold,1>Shall we begin?</txt:bold>","ははっ、もちろんだ。<wrt:wait,30>‥さて、待たせて悪かったな。<txt:bold,1>始めようか？</txt:bold>","哈哈，当然了。<wrt:wait,30>‥让你们久等了，不好意思啊。<txt:bold,1>开始吧？</txt:bold>","哈哈，那是當然的。<wrt:wait,30>‥好了，讓你們久等了。<txt:bold,1>開始吧？</txt:bold>","Само собой. <wrt:wait,30>Ну что ж, простите, что заставил ждать. <txt:bold,1>Начнем?</txt:bold>","Hah, sudah tentu. <wrt:wait,30>...Sekarang, maaf kamu semua tertunggu-tunggu. <txt:bold,1>Boleh kita mulakan?</txt:bold>","Haha, tất nhiên rồi. <wrt:wait,30>...Nào, xin lỗi vì đã để các ngươi đợi. <txt:bold,1>Bắt đầu thôi chứ?</txt:bold>","Jaja, claro que sí. <wrt:wait,30>...Listo, perdonen la espera. <txt:bold,1>¿Comenzamos?</txt:bold>","Haha, tentu saja. <wrt:wait,30>...Maaf membuat kalian menunggu. <txt:bold,1>Bisa langsung dimulai?</txt:bold>","ฮ่าฮ่า แน่นอนสิ <wrt:wait,30>...เอาล่ะ ขอโทษที่ทำให้รอนะ <txt:bold,1>มาเริ่มกันเลยไหม?</txt:bold>","Haha, tá bom. <wrt:wait,30>Certo, desculpa por te fazer esperar. <txt:bold,1>Vamos começar?</txt:bold>"
,경기 승리,#,MAP,,,,,서부 마을,서부 마을,서부 마을,서부 마을,서부 마을,서부 마을,서부 마을,서부 마을,서부 마을,서부 마을,서부 마을,서부 마을
,,#,BGM,,,,,BGM_COOL,BGM_COOL,BGM_COOL,BGM_COOL,BGM_COOL,BGM_COOL,BGM_COOL,BGM_COOL,BGM_COOL,BGM_COOL,BGM_COOL,BGM_COOL
,,#,류현,-4,-1_기본,,,,,,,,,,,,,,
,,#,소담,-4,1_기본,,,,,,,,,,,,,,
,,#,시프,-2,1_기본,,,,,,,,,,,,,,
,,#,클레르,2,1_굴욕,,,,,,,,,,,,,,
,,#,홍시,4,1_기본,,,,,,,,,,,,,,
,,#,무영,4,1_기본,,,,,,,,,,,,,,
,,#,한라,4,1_기본,,,,,,,,,,,,,,
,,,클레르,,1_굴욕,pause,silent,"...두 번이나. <wrt:wait,30><txt:shake,1>...빌어먹을.</txt:shake>","Twice... <wrt:wait,30><txt:shake,1>Damn it all...</txt:shake>","‥二度も、か。<wrt:wait,30><txt:shake,1>‥クソが。</txt:shake>","‥竟然输了两次。<wrt:wait,30><txt:shake,1>‥该死。</txt:shake>","‥居然輸了兩次。<wrt:wait,30><txt:shake,1>‥該死。</txt:shake>","Снова проиграл... <wrt:wait,30><txt:shake,1>Да чтоб тебя!</txt:shake>","Dua kali... <wrt:wait,30><txt:shake,1>Celaka...</txt:shake>","...Hai lần liền. <wrt:wait,30><txt:shake,1>...Chết tiệt.</txt:shake>","... Ya van dos veces. <wrt:wait,30><txt:shake,1>... Maldita sea.</txt:shake>","...Untuk kedua kalinya. <wrt:wait,30><txt:shake,1>...Dasar sial.</txt:shake>","...ตั้งสองครั้งเลยงั้นเหรอ <wrt:wait,30><txt:shake,1>...บ้าเอ๊ย</txt:shake>","Duas vezes... <wrt:wait,30><txt:shake,1>inferno.</txt:shake>"
,,,???,,,,,보스! 결투 같은 건 신경 쓸 필요 없습니다! 지금 당장 다 같이 달려들어서 저놈을 해치우자고요!,Boss! Forget about duels! Let's all charge at him right now and take him down!,ボス！決闘なんか気にする必要ありません！今すぐ全員で襲って、あいつをやっつけちゃいましょう！,老板！不用管什么决斗规矩了！我们现在就一起上，干掉他！,老大！不用管什麼決鬥了！我們現在就一起上，把那傢伙給宰了！,Босс! Не надо играть по правилам! Давайте просто толпой его раздавим!,Bos! Lupakan bertarung! Mari kita semua serbu sekarang dan jatuhkan dia!,Boss! Không cần để tâm đến quyết đấu gì cả! Bây giờ tất cả cùng xông lên xử hắn đi!,¡Jefe! ¡No hay que preocuparnos por ningún duelo! ¡Vayamos por él ahora mismo y acabémoslo!,Bos! Jangan pedulikan duel itu! Ayo kita serang bersama-sama dan habisi dia sekarang!,บอส! ไม่จำเป็นต้องไปใส่ใจการดวลอะไรนั่นหรอก! ตอนนี้เรามารุมจัดการเจ้านั่นกันเถอะ!,Chefe! Não precisa ligar pra duelo! Vamos atacar juntos e acabar com ele agora!
,,,클레르,,1_무표정,pause,,"...<wrt:wait,30>그만.","...<wrt:wait,30>Enough.","‥<wrt:wait,30>やめろ。","‥<wrt:wait,30>够了。","‥<wrt:wait,30>住手。","...<wrt:wait,30> Довольно.","...<wrt:wait,30>Cukup.","...<wrt:wait,30>Dừng lại.","...<wrt:wait,30>Basta.","...<wrt:wait,30>Cukup.","...<wrt:wait,30>หยุด","Ugh... <wrt:wait,30>Chega."
,,,???,,,,,보스!! 하지만 지금이 기회...!,Boss! But this is our chance...!,ボス！！ですが、今なら‥！,老板！！可是现在正是机会‥！,老大！！可是現在正是大好機會‥！,Босс! Нельзя упускать такой момент...,Bos! Tapi ini peluang kita...!,Boss!! Nhưng bây giờ là cơ hội...!,¡¡Jefe!! ¡Pero es nuestra oportunidad...!,Bos!! Tapi ini adalah kesempatan yang...!,บอส!! แต่ว่าตอนนี้คือโอกาส...!,Chefe! Mas essa é a chance...
,,,클레르,,1_버럭,pause,,"<cha:pop,클레르><txt:size,1>그만!!</txt:size> 여기서 더 매달려봤자 내 이름만 시궁창에 처박힐 뿐이야. ","<cha:pop,클레르><txt:size,1>Enough, I said!</txt:size> Staying any longer will only drag my name into the gutter.","<cha:pop,클레르><txt:size,1>やめろ！！</txt:size>これ以上あがいたところで、俺の名を汚すだけだ。","<cha:pop,클레르><txt:size,1>我说了够了！！</txt:size>再这么死缠烂打下去，我的名声就彻底完蛋了。","<cha:pop,클레르><txt:size,1>我說住手！！</txt:size>再糾纏下去，只會讓我的名聲更難聽而已。","<cha:pop,클레르><txt:size,1>Хватит!</txt:size> Еще немного такого унижения, и от моей репутации ничего не останется.","<cha:pop,클레르><txt:size,1>Cukup, aku cakap!</txt:size> Kalau terus berkeras begini, nama aku saja yang akan terus tercemar.","<cha:pop,클레르><txt:size,1>Thôi đi!!</txt:size> Nếu còn dây dưa thêm ở đây, danh tiếng của ta chỉ càng bị chà đạp thêm mà thôi.","<cha:pop,클레르><txt:size,1>¡¡Basta!!</txt:size> No lograremos nada insistiendo, solo mi nombre seguiría hundiéndose en el fango.","<cha:pop,클레르><txt:size,1>SUDAH CUKUP!!</txt:size> Memaksakan lebih dari ini cuma bakal makin mengotori reputasiku.","<cha:pop,클레르><txt:size,1>หยุด!!</txt:size> การยื้ออยู่ที่นี่ต่อไป ก็รังแต่จะทำให้ชื่อของฉันมัวหมองลงเท่านั้น","<cha:pop,클레르><txt:size,1>Eu disse chega!</txt:size> Isso só vai manchar meu nome ainda mais."
,,,클레르,,1_버럭,,exlam,"더 이상의 수치는 사양이다! <wrt:wait,30>...가자!<cha:pos,클레르,4>","No more humiliation, thank you! <wrt:wait,30>Let's go...!<cha:pos,클레르,4>","これ以上の恥晒しは御免だ！<wrt:wait,30>‥行くぞ！<cha:pos,클레르,4>","我可不想再受辱了！<wrt:wait,30>‥撤！<cha:pos,클레르,4>","我不想再繼續丟人現眼了！<wrt:wait,30>‥撤退！<cha:pos,클레르,4>","С меня довольно унижений! <wrt:wait,30>... Отступаем!<cha:pos,클레르,4>","Tak nak penghinaan lagi, terima kasih! <wrt:wait,30>Jom pergi...!<cha:pos,클레르,4>","Ta không muốn chịu thêm nhục nhã nữa! <wrt:wait,30>...Đi thôi!<cha:pos,클레르,4>","¡No pienso tolerar más humillaciones! <wrt:wait,30>... ¡Vámonos!<cha:pos,클레르,4>","Aku tidak mau menanggung malu lebih dari ini! <wrt:wait,30>...Ayo kita pergi!<cha:pos,클레르,4>","ฉันไม่อยากได้ความอัปยศอีกต่อไปแล้ว! <wrt:wait,30>...ไปกันเถอะ!<cha:pos,클레르,4>","Já chega de humilhação! <wrt:wait,30>Vamos!<cha:pos,클레르,4>"
,,,???,,,,,"보, 보스!!",B-boss!,ボ、ボス！！,老、老板！！,老、老大！！,Б-босс!,B-bos!,"B, boss!!","¡¡Je, Jefe!!",Bo-bos!!,บะ บอส!!,C-Chefe!
,,,TAG,,,,,"<cha:pos,시프,0>","<cha:pos,시프,0>","<cha:pos,시프,0>","<cha:pos,시프,0>","<cha:pos,시프,0>","<cha:pos,시프,0>","<cha:pos,시프,0>","<cha:pos,시프,0>","<cha:pos,시프,0>","<cha:pos,시프,0>","<cha:pos,시프,0>","<cha:pos,시프,0>"
,,,시프,,1_경청,nervous,,"흠, 그래도 마지막 자존심은 있다는 건가.","Hmph, guess he's got some pride left in him after all.",ふむ、最後の意地くらいは残っていたようだな。,哼，看来还保留着最后的自尊心啊。,哼，看來他還算有點最後的自尊心嘛。,"Хм, значит, остатки гордости у него все-таки есть.","Hmph, nampaknya dia masih ada sedikit maruah rupanya.","Hừm, xem ra ít nhất hắn vẫn còn chút lòng tự tôn cuối cùng.","Mmm, parece que después de todo le queda algo de orgullo.","Hmm, setidaknya dia masih punya harga diri yang tersisa.",อืม ถึงอย่างนั้นก็ยังมีศักดิ์ศรีเหลืออยู่บ้างงั้นเหรอ,"Hum... ainda restou um pouco de orgulho, né."
,,,시프,,1_기본,nervous,silent,"하아... <wrt:wait,30>그나저나 <txt:bold,2><txt:color,orange>라울</txt:color></txt:bold> 선배한테는 대체 뭐라고 해야 하는 거지? 이대로라면...","Sigh... <wrt:wait,30>What in the world am I going to tell <txt:bold,2><txt:color,orange>Raul</txt:color></txt:bold>? At this rate...","はぁ‥<wrt:wait,30>それにしても<txt:bold,2><txt:color,orange>ラウル</txt:color></txt:bold>先輩には何て説明すればいいんだ？このままでは‥","唉‥<wrt:wait,30>话虽如此，我该怎么向<txt:bold,2><txt:color,orange>拉乌尔</txt:color></txt:bold>前辈汇报呢？照这样下去‥","唉‥<wrt:wait,30>話說回來，我到底該怎麼跟<txt:bold,2><txt:color,orange>拉烏爾</txt:color></txt:bold>前輩交代啊？再這樣下去‥","Эх... <wrt:wait,30>И что я скажу <txt:bold,2><txt:color,orange>Раулю</txt:color></txt:bold>? Такими темпами...","Haih... <wrt:wait,30>Apa agaknya saya nak cakap pada <txt:bold,2><txt:color,orange>Raul</txt:color></txt:bold>? Kalau macam ini...","Haiz... <wrt:wait,30>Mà rốt cuộc phải nói gì với anh <txt:bold,2><txt:color,orange>Raul</txt:color></txt:bold> đây? Nếu cứ thế này thì...","Hah... <wrt:wait,30>Pero y ahora, qué se supone que le diré a <txt:bold,2><txt:color,orange>Raúl</txt:color></txt:bold>, si esto sigue así...","Hahh... <wrt:wait,30>Daripada itu apa yang harus kukatakan kepada senior <txt:bold,2><txt:color,orange>Raul</txt:color></txt:bold>? Kalau terus begini...","เฮ้อ... <wrt:wait,30>ว่าแต่ ฉันต้องบอกรุ่นพี่<txt:bold,2><txt:color,orange>ราอุล</txt:color></txt:bold>ว่ายังไงดีเนี่ย? ขืนเป็นแบบนี้ล่ะก็...","Aah... <wrt:wait,30>e o que eu vou dizer pro <txt:bold,2><txt:color,orange>Raul</txt:color></txt:bold>? Desse jeito..."
,,,TAG,,,,,"<cha:pos,시프,2><cha:pos,류현,-2>","<cha:pos,시프,2><cha:pos,류현,-2>","<cha:pos,시프,2><cha:pos,류현,-2>","<cha:pos,시프,2><cha:pos,류현,-2>","<cha:pos,시프,2><cha:pos,류현,-2>","<cha:pos,시프,2><cha:pos,류현,-2>","<cha:pos,시프,2><cha:pos,류현,-2>","<cha:pos,시프,2><cha:pos,류현,-2>","<cha:pos,시프,2><cha:pos,류현,-2>","<cha:pos,시프,2><cha:pos,류현,-2>","<cha:pos,시프,2><cha:pos,류현,-2>","<cha:pos,시프,2><cha:pos,류현,-2>"
,,,류현,,-1_흠,pause,,"그럼 이렇게 전해. <wrt:break>내가 직접 <txt:bold,2><txt:color,orange>라울</txt:color></txt:bold>을 찾아가겠다고.","Hmm, tell <txt:bold,2><txt:color,orange>Raul</txt:color></txt:bold> this. <wrt:break>I'll come find him myself.","ふむ、ならこう伝えてくれ。<wrt:break>私が直接<txt:bold,2><txt:color,orange>ラウル</txt:color></txt:bold>のもとへ行く、と。","呵，那就这么转告他吧。<wrt:break>我会亲自去找<txt:bold,2><txt:color,orange>拉乌尔</txt:color></txt:bold>的。","嗯，那妳就這樣轉告他吧。<wrt:break>我會親自去找<txt:bold,2><txt:color,orange>拉烏爾</txt:color></txt:bold>的。","Передай <txt:bold,2><txt:color,orange>Раулю</txt:color></txt:bold>, <wrt:break>что я сам к нему приду.","Hmm, cakap pada <txt:bold,2><txt:color,orange>Raul</txt:color></txt:bold> begini. <wrt:break>Saya sendiri akan cari dia.","Hừm, vậy thì cứ nói thế này. <wrt:break>Ta sẽ đích thân đi tìm <txt:bold,2><txt:color,orange>Raul</txt:color></txt:bold>.","Mmm, entonces dile esto. <wrt:break>Iré a buscarlo yo mismo.","Hmm, bagaimana kalau begini. <wrt:break>Sampaikan pada <txt:bold,2><txt:color,orange>Raul</txt:color></txt:bold>. Aku akan datang untuk menemuinya.","อืม ถ้างั้นก็บอกแบบนี้สิ <wrt:break>ว่าฉันจะไปหา<txt:bold,2><txt:color,orange>ราอุล</txt:color></txt:bold>ด้วยตัวเอง","Hum, fala que <wrt:break>eu vou até o <txt:bold,2><txt:color,orange>Raul</txt:color></txt:bold> pessoalmente."
,,,시프,,1_기본,,,"<cha:pop,시프>뭐?","<cha:pop,시프>What?","<cha:pop,시프>何だって？","<cha:pop,시프>什么？","<cha:pop,시프>什麼？","<cha:pop,시프>Что?","<cha:pop,시프>Apa?","<cha:pop,시프>Gì cơ?","<cha:pop,시프>¿Qué?","<cha:pop,시프>Apa?","<cha:pop,시프>หา?","<cha:pop,시프>O quê?"
,,,류현,,-1_기본,,,내가 조만간 직접 찾아가서 결투를 신청하겠다고 전해줘.,Tell him I'll be paying him a visit soon to challenge him to a duel.,近いうちに私から決闘を申し込む。そう伝えてくれ。,告诉他，我过阵子会亲自去找他，向他提出决斗。,告訴他，我過陣子會親自去找他，向他提出決鬥。,"Скажи ему, что я лично приду и предложу ему поединок.",Cakap pada dia saya akan datang tak lama lagi untuk mencabarnya bertarung.,Hãy nói rằng chẳng bao lâu nữa ta sẽ đích thân đến tìm và khiêu chiến anh ta.,Dile que iré personalmente para desafiarlo a un duelo.,Katakan padanya aku akan segera menemuinya untuk menantangnya duel.,ฝากบอกที ว่าอีกไม่นานฉันจะไปหาด้วยตัวเองเพื่อขอท้าดวล,Fala que vou procurar ele e pedir um duelo.
,,,류현,,-1_기본+,,,"그게 <txt:bold,2><txt:color,orange>라울</txt:color></txt:bold>이 진짜로 원하던 거 아닌가?","That's what <txt:bold,2><txt:color,orange>Raul</txt:color></txt:bold> really wanted all along, isn't it?","それこそ、<txt:bold,2><txt:color,orange>ラウル</txt:color></txt:bold>が本当に望んでいたことじゃないのか？","这不正是<txt:bold,2><txt:color,orange>拉乌尔</txt:color></txt:bold>真正想要的吗？","那不就是<txt:bold,2><txt:color,orange>拉烏爾</txt:color></txt:bold>真正想要的嗎？","<txt:bold,2><txt:color,orange>Рауль</txt:color></txt:bold> же этого хотел?","Itulah yang <txt:bold,2><txt:color,orange>Raul</txt:color></txt:bold> mahukan selama ini, kan?","Chẳng phải đó mới là điều <txt:bold,2><txt:color,orange>Raul</txt:color></txt:bold> thật sự muốn sao?","¿No es eso lo que <txt:bold,2><txt:color,orange>Raúl</txt:color></txt:bold> realmente quería?","Bukankah itu yang sebenarnya diinginkan oleh <txt:bold,2><txt:color,orange>Raul</txt:color></txt:bold>?","นั่นคือสิ่งที่<txt:bold,2><txt:color,orange>ราอุล</txt:color></txt:bold>ต้องการจริงๆ ไม่ใช่เหรอ?","Não era isso que o <txt:bold,2><txt:color,orange>Raul</txt:color></txt:bold> queria?"
,,,시프,,1_외침,,,"<cha:pop,시프><txt:size,1>진짜? 진짜냐!</txt:size> 약속한 거다, <txt:bold,2>레드후드</txt:bold>!!","<cha:pop,시프><txt:size,1>Really? You mean it?!</txt:size> That's a promise, <txt:bold,2>Red Hood</txt:bold>!","<cha:pop,시프><txt:size,1>本当か？本気なんだな！</txt:size>約束だぞ、<txt:bold,2>レッドフード</txt:bold>！！","<cha:pop,시프><txt:size,1>真的吗？当真？！</txt:size>一言为定，<txt:bold,2>小红帽</txt:bold>！！","<cha:pop,시프><txt:size,1>真的？你說真的嗎！</txt:size>一言為定喔，<txt:bold,2>小紅帽</txt:bold>！！","<cha:pop,시프><txt:size,1>Серьезно? </txt:size>Ловлю тебя на слове, <txt:bold,2>Алый Плащ</txt:bold>!","<cha:pop,시프><txt:size,1>Betulkah? Awak serius?!</txt:size> Itu janji, <txt:bold,2>Red Hood</txt:bold>!","<cha:pop,시프><txt:size,1>Thật sao? Thật đấy chứ!</txt:size> Ngươi hứa rồi đấy, <txt:bold,2>Red Hood</txt:bold>!!","<cha:pop,시프><txt:size,1>¿En serio? ¡¿De verdad?!</txt:size> ¡Es una promesa, <txt:bold,2>Red Hood</txt:bold>!","<cha:pop,시프><txt:size,1>Beneran?!</txt:size> Kamu sudah berjanji ya, <txt:bold,2>Red Hood</txt:bold>!!","<cha:pop,시프><txt:size,1>จริงเหรอ? จริงรึเปล่า!</txt:size> สัญญานะ <txt:bold,2>ฮู้ดแดง</txt:bold>!!","<cha:pop,시프><txt:size,1>Sério mesmo?! </txt:size> Você prometeu, <txt:bold,2>Red Hood</txt:bold>!"
,,,류현,,-1_기본,,,"그래, 약속하지.","Yeah, you have my word.",ああ、約束する。,嗯，一言为定。,嗯，我答應妳。,Договорились.,"Ya, saya berjanji.","Ừ, ta hứa.","Sí, te doy mi palabra","Iya, aku janji.",ใช่ ฉันสัญญา,"Sim, tô falando sério."
,,,시프,,1_기본,wave,joy,좋아! 그럼 난 더 이상 마음에 걸릴 게 없지!,Excellent! Then I've got nothing left to worry about!,よし！ならもう思い残すことはない！,太好了！那我就没什么可担心的了！,太好了！那我就可以毫無牽掛地回去了！,"Отлично! Фух, у меня камень с души упал.","Bagus! Kalau begitu, tiada apa lagi yang perlu saya risaukan!",Tốt! Vậy thì ta không còn gì phải bận lòng nữa!,¡Bien! ¡Entonces ya no tengo nada de qué preocuparme!,Bagus! Kalau begitu aku sudah tidak terbebani lagi!,เยี่ยมเลย! ถ้างั้นฉันก็ไม่มีอะไรติดค้างในใจแล้ว!,Certo! Agora não tenho mais nada pra me preocupar!
,,,시프,,1_기본,wave,,너도 가 봐. 저기 널 목 빠지게 기다리는 애가 있잖아?,Off you go now. There's a kid over there practically craning her neck waiting for you.,きみも行ってやるといい。あそこで、首を長くして待ってる子がいるだろう？,你也快去吧。那边不是有个望眼欲穿等你的人吗？,你也快去吧。那邊不是有人在等你等得脖子都快伸長了嗎？,А тебе пора. Тебя там кое-кто заждался.,"Pergilah sekarang. Ada seorang budak perempuan di sana yang menunggu awak dengan tak sabar-sabar, kan?",Ngươi cũng mau đi đi. Chẳng phải ở kia có một cô bé đang mong ngươi đến dài cổ sao?,Vete ya. ¿No ves que hay alguien esperándote ansiosa?,Kamu juga pergilah. Ada anak yang menunggumu dengan sangat tidak sabar di sana.,นายก็ไปเถอะ มีเด็กรอนายอย่างใจจดใจจ่ออยู่ตรงโน้นนี่นา?,Pode ir. Tem alguém te esperando ali ansiosamente.
,,,류현,,-1_웃음+,,,그래.,"...<wrt:wait,30>Right.","‥<wrt:wait,30>そうだな。","‥<wrt:wait,30>嗯。","‥<wrt:wait,30>嗯。","...<wrt:wait,30> До скорого.","...<wrt:wait,30>Baiklah.","...<wrt:wait,30>Ừ.","...<wrt:wait,30>Sí.","...<wrt:wait,30>Iya.","...<wrt:wait,30>ใช่แล้ว","Ah... <wrt:wait,30>Okay."
,,,TAG,,,,,"<eff:black,3>","<eff:black,3>","<eff:black,3>","<eff:black,3>","<eff:black,3>","<eff:black,3>","<eff:black,3>","<eff:black,3>","<eff:black,3>","<eff:black,3>","<eff:black,3>","<eff:black,3>"
,,,TAG,,,,,"<cha:qpos,시프,4><cha:qpos,류현,2><cha:qpos,소담,-2>","<cha:qpos,시프,4><cha:qpos,류현,2><cha:qpos,소담,-2>","<cha:qpos,시프,4><cha:qpos,류현,2><cha:qpos,소담,-2>","<cha:qpos,시프,4><cha:qpos,류현,2><cha:qpos,소담,-2>","<cha:qpos,시프,4><cha:qpos,류현,2><cha:qpos,소담,-2>","<cha:qpos,시프,4><cha:qpos,류현,2><cha:qpos,소담,-2>","<cha:qpos,시프,4><cha:qpos,류현,2><cha:qpos,소담,-2>","<cha:qpos,시프,4><cha:qpos,류현,2><cha:qpos,소담,-2>","<cha:qpos,시프,4><cha:qpos,류현,2><cha:qpos,소담,-2>","<cha:qpos,시프,4><cha:qpos,류현,2><cha:qpos,소담,-2>","<cha:qpos,시프,4><cha:qpos,류현,2><cha:qpos,소담,-2>","<cha:qpos,시프,4><cha:qpos,류현,2><cha:qpos,소담,-2>"
,,,TAG,,,,,"<sys:quiet,1000>","<sys:quiet,1000>","<sys:quiet,1000>","<sys:quiet,1000>","<sys:quiet,1000>","<sys:quiet,1000>","<sys:quiet,1000>","<sys:quiet,1000>","<sys:quiet,1000>","<sys:quiet,1000>","<sys:quiet,1000>","<sys:quiet,1000>"
,,,류현,,1_기본,,,후우. 이제 정말 다 끝났군. 이제 돌아갈까?,Phew. It's really all over now. Shall we head back?,ふう。これで本当に終わったな。帰るとするか。,呼。这下真的全都结束了。该回去了吧？,呼，現在真的全都結束了。我們回去吧？,"Фух, все позади. Возвращаемся домой?",Huh. Semuanya sudah berakhir sekarang. Jom kita balik?,Phù. Giờ thì thật sự kết thúc rồi. Chúng ta về thôi chứ?,Uff. Por fin terminó todo. ¿Regresamos ya?,Huu. Sekarang semuanya benar-benar sudah berakhir. Ayo kita pulang.,ฮู้ว ตอนนี้ทุกอย่างก็จบจริงๆ สักที เรากลับกันดีไหม?,Ufa... finalmente terminou. Vamos voltar?
,,,류현,,1_웃음,,,"하하, 왜 그런 표정이야? 많이 걱정했구나. <wrt:break>말했잖아, 난 안 진다고. 어서 마을로 가자.","Haha, why that face? You were really worried, weren't you? <wrt:break>I told you, I don't lose. Now let's head into town.",ははっ、なんだその顔は。そんなに心配してたのか？<wrt:break>言っただろう、私は負けないと。さあ、早く村へ帰ろう。,哈哈，干嘛那副表情？很担心我吧。<wrt:break>我说过我不会输的。走，回村子吧。,哈哈，幹嘛露出那種表情？妳很擔心吧。<wrt:break>我都說了，我不會輸的。快回村子吧。,"Что за взгляд? <wrt:break>Я же обещал, что выиграю. Пошли обратно.","Haha, kenapa dengan muka itu? Awak betul-betul risau, kan? <wrt:break>Kan dah cakap, saya takkan kalah. Sekarang jom balik ke bandar.","Haha, sao lại nhìn ta bằng vẻ mặt đó? Em lo lắng nhiều lắm nhỉ. <wrt:break>Ta đã nói rồi mà, ta không thua đâu. Mau về làng thôi.","Jaja, ¿por qué esa cara? Veo que te preocupaste mucho. <wrt:break>Te lo dije, yo nunca pierdo. Vamos, regresemos al pueblo.","Haha, kenapa mukamu begitu? Kamu pasti sangat khawatir. <wrt:break>Sudah kubilang, aku tidak akan kalah. Ayo kembali ke desa.",ฮ่าฮ่า ทำไมสีหน้าถึงเป็นแบบนั้นล่ะ? เธอคงกังวลมากสินะ <wrt:break>ฉันบอกแล้วไงว่าจะไม่แพ้น่ะ รีบกลับหมู่บ้านกันเถอะ,"Haha, que cara é essa? Você tava preocupada mesmo. <wrt:break>Eu falei que não ia perder. Vamos voltar."
,,,소담,,1_기본,pause,,...,...,‥‥,‥,‥,...,...,...,...,...,...,...
,,,TAG,,,,,"<sys:bgm,BGM_IRREVERSIBLE,600>","<sys:bgm,BGM_IRREVERSIBLE,600>","<sys:bgm,BGM_IRREVERSIBLE,600>","<sys:bgm,BGM_IRREVERSIBLE,600>","<sys:bgm,BGM_IRREVERSIBLE,600>","<sys:bgm,BGM_IRREVERSIBLE,600>","<sys:bgm,BGM_IRREVERSIBLE,600>","<sys:bgm,BGM_IRREVERSIBLE,600>","<sys:bgm,BGM_IRREVERSIBLE,600>","<sys:bgm,BGM_IRREVERSIBLE,600>","<sys:bgm,BGM_IRREVERSIBLE,600>","<sys:bgm,BGM_IRREVERSIBLE,600>"
,,,류현,,1_기본+,,,다 끝났다니까? 돌아가면 맛있는 것부터 먹을까?,"I said it's all over. When we get back, how about we grab something good to eat?",もう全部片付いたんだ。帰ったら何かうまいものでも食べるか？,都说结束了呀？回去先吃点好吃的怎么样？,都說結束了嘛？回去之後我們先吃點好吃的怎麼樣？,"Вот и все. Поедим чего-нибудь вкусного, когда вернемся?","Saya cakap semuanya sudah berakhir. Balik nanti, apa kata kita makan sedap-sedap?",Ta đã nói là kết thúc rồi mà? Về rồi ăn gì ngon trước nhé?,Te digo que ya se acabó todo. ¿Comemos algo rico al volver?,"Semuanya sudah selesai, kan? Gimana kalau kita makan besar nanti?",ก็บอกว่าทุกอย่างจบแล้วไง? เรากลับไปกินอะไรอร่อยๆ กันก่อนเลยดีไหม?,Tá tudo acabado. Vamos comer algo gostoso quando voltarmos?
,,,류현,,1_웃음+,,,"아직 긴장이 안 풀린 거구나. 하하, 돌아가면 조랑말 타는 법부터 알려줄까?","Still all wound up, are you. Haha, maybe we'll kick off with that pony lesson once we're home?",まだ緊張しているようだな。ははっ、じゃあ先にポニーの乗り方でも教えてやろうか。,看来还没缓过神来啊。哈哈，那回去先教你怎么骑小马好不好？,看來妳還在緊張啊。哈哈，回去之後我先教妳怎麼騎小馬好不好？,Ты еще переживаешь? Может тебя отвлечет урок верховой езды?,"Masih gelisah lagi, ya. Haha, mungkin kita boleh mula belajar naik kuda padi bila kita sampai rumah?","Em vẫn chưa hết căng thẳng nhỉ. Haha, về rồi ta dạy em cách cưỡi ngựa con trước được không?","Parece que aún no te relajas. Jaja, ¿quieres que te enseñe a montar un poni al volver?","Kamu terlihat masih tegang. Haha, apa kamu mau latihan naik kuda poni dulu setelah kembali?",เธอยังไม่หายกังวลสินะ ฮ่าฮ่า หรือกลับไปแล้วจะให้ฉันสอนวิธีขี่ม้าแคระก่อนดีล่ะ?,"Você ainda tá tensa. Haha, quer que eu te ensine a andar de pônei quando voltarmos?"
,,,소담,,1_기본,pause,,"...<wrt:wait,30>선배님. <txt:color,red>이렇게 돌아가도 정말 괜찮은 걸까요?</txt:color>","...<wrt:wait,30><txt:bold,2><txt:color,orange>Ryuhyeon</txt:color></txt:bold>. <txt:color,red>Are we really okay going back like this?</txt:color>","‥<wrt:wait,30>先輩。<txt:color,red>本当に、このまま帰っちゃって大丈夫なんですか？</txt:color>","‥<wrt:wait,30>前辈。<txt:color,red>我们就这样回去，真的好吗？</txt:color>","‥<wrt:wait,30>前輩。<txt:color,red>我們就這樣回去真的好嗎？</txt:color>","<txt:bold,2><txt:color,orange>Рюхён</txt:color></txt:bold>... <wrt:wait,30>А мы никого не забыли?","...<wrt:wait,30><txt:bold,2><txt:color,orange>Abang Ryuhyeon</txt:color></txt:bold>. <txt:color,red>Bolehkah kita pulang begini?</txt:color>","...<wrt:wait,30>Anh ơi. <txt:color,red>Cứ trở về như vậy thật sự ổn sao?</txt:color>","...<wrt:wait,30>Ryuhyeon. <txt:color,red>¿Crees que de verdad está bien regresar así?</txt:color>","...<wrt:wait,30>Senior. <txt:color,red>Apa tidak apa-apa kita kembali begini?</txt:color>","...<wrt:wait,30>รุ่นพี่ <txt:color,red>เรากลับไปแบบนี้จะโอเคจริงๆ เหรอคะ?</txt:color>","Hum... <wrt:wait,30>Ryuhyeon, <txt:color,red>tudo bem a gente voltar desse jeito?</txt:color>"
,,,류현,,1_흠,,quest,응? 그게 무슨 소리야?,Hm? What do you mean?,ん？どういう意味だ？,嗯？什么意思？,嗯？妳在說什麼？,Ты о чем?,Hm? Apa maksud awak...?,Hửm? Ý em là sao?,¿Eh? ¿Qué quieres decir?,Eh? Apa yang kamu maksud?,หืม? เธอหมายความว่าไงน่ะ?,Hã? Como assim?
,,,류현,,1_흠,,,우리 말고 또 누가 있다고...,Who else is there besides us...?,私たち以外に、誰がいるって‥,除了我们还有谁在‥,這裡除了我們還有誰在‥,Здесь только мы...,Siapa lagi selain kita...?,Ngoài chúng ta ra thì còn ai nữa...,Pero si no hay nadie más aparte de nosotros...,Memangnya ada siapa lagi selain kita...,นอกจากเราแล้วจะมีใครอีกล่ะ...,"Ué, tem mais alguém além da gente?"
,,,소담,,1_기본,pause,,"그게 아니라... <wrt:wait,30>저희가 잊고 있는 <txt:bold,2>그 사람</txt:bold>은요? ","That's not what I mean... <wrt:wait,30>What about <txt:bold,2>that person</txt:bold> we're forgetting?","そうじゃなくて‥<wrt:wait,30>私たちが忘れてる<txt:bold,2>あの人</txt:bold>は？","不是的‥<wrt:wait,30>我们是不是忘了<txt:bold,2>那个人</txt:bold>？","不是那個意思‥<wrt:wait,30>我們是不是忘了<txt:bold,2>那個人</txt:bold>？","Нет... <wrt:wait,30>Мы <txt:bold,2>кого-то</txt:bold> позабыли...","Bukan itu maksud saya... <wrt:wait,30>Bagaimana dengan <txt:bold,2>orang itu</txt:bold> yang kita terlupa?","Không phải vậy... <wrt:wait,30>Còn <txt:bold,2>người đó</txt:bold> mà chúng ta đang quên thì sao?","No es eso... <wrt:wait,30>¿Qué pasará con <txt:bold,2>esa persona</txt:bold>, de la que nos estamos olvidando?","Bukan itu... <wrt:wait,30>Tapi bagaimana dengan <txt:bold,2>orang itu</txt:bold> yang sudah kita lupakan?","ไม่ใช่แบบนั้นค่ะ... <wrt:wait,30><txt:bold,2>คนนั้น</txt:bold>ที่พวกเราลืมไปล่ะคะ?","Não é isso... <wrt:wait,30>e <txt:bold,2>aquela pessoa</txt:bold> que a gente tá esquecendo??"
,,,류현,,1_흠,,,"<wrt:delay,12><txt:bold,2>그 사람</txt:bold>?</wrt:delay>","<wrt:delay,12><txt:bold,2>That person</txt:bold>?</wrt:delay>","<wrt:delay,12><txt:bold,2>あの人</txt:bold>？</wrt:delay>","<wrt:delay,12><txt:bold,2>那个人</txt:bold>？</wrt:delay>","<wrt:delay,12><txt:bold,2>那個人</txt:bold>？</wrt:delay>","<wrt:delay,12><txt:bold,2>Но кого</txt:bold>?</wrt:delay>","<wrt:delay,12><txt:bold,2>Orang itu</txt:bold>?</wrt:delay>","<wrt:delay,12><txt:bold,2>Người đó</txt:bold>?</wrt:delay>","<wrt:delay,12>¿<txt:bold,2>Esa persona</txt:bold>?</wrt:delay>","<wrt:delay,12><txt:bold,2>Orang itu</txt:bold>?</wrt:delay>","<wrt:delay,12><txt:bold,2>คนนั้น</txt:bold>?</wrt:delay>","<wrt:delay,12><txt:bold,2>Aquela pessoa</txt:bold>?</wrt:delay>"
,,,소담,,1_기본,,,"<txt:bold,2>덩치 친구</txt:bold> 말이에요.","I mean <txt:bold,2>the big guy</txt:bold>.","<txt:bold,2>ムキムキさん</txt:bold>のことですよ。","就是那个<txt:bold,2>大个子朋友</txt:bold>啊。","就是<txt:bold,2>大個子朋友</txt:bold>啊。","О нашем друге <txt:bold,2>Здоровяке</txt:bold>...","Maksudnya <txt:bold,2>lelaki besar itu</txt:bold>.","Ý em là <txt:bold,2>người bạn cao lớn</txt:bold> ấy.","Me refiero a nuestro <txt:bold,2>amigo grandulón</txt:bold>.","<txt:bold,2>Si Gede</txt:bold> itu.","ฉันหมายถึง<txt:bold,2>สหายตัวโต</txt:bold>น่ะค่ะ","O <txt:bold,2>cara grandão</txt:bold>."
,,,류현,,1_흠,,,"아까부터 무슨 소리야? 우리 <txt:bold,2>선림고</txt:bold>엔 그런...","What have you been going on about? <txt:bold,2>Seonrim High</txt:bold> doesn't have anyone like...","さっきから何を言っているんだ？うちの<txt:bold,2>仙林高校</txt:bold>にはそんな‥","你从刚才起就在说什么呢？我们<txt:bold,2>先林高中</txt:bold>里哪有那种‥","妳從剛才就在說什麼啊？我們<txt:bold,2>先林高中</txt:bold>哪有那種‥","Но в школе <txt:bold,2>«Соллим»</txt:bold> нет такого здоровяка...","Apa yang awak merepek ini? <txt:bold,2>Seonrim High</txt:bold> tak ada sesiapa seperti...","Từ nãy đến giờ em đang nói gì vậy? Ở <txt:bold,2>Trường THPT Seonrim</txt:bold> của chúng ta làm gì có...","¿De qué estás hablando? En <txt:bold,2>la escuela Seonlim</txt:bold> no...","Apa yang kamu maksud dari tadi? Di <txt:bold,2>Sunrim High</txt:bold> kita tidak ada yang...","เธอพูดอะไรมาตั้งแต่เมื่อกี้แล้วน่ะ? <txt:bold,2>มัธยมซอนริม</txt:bold>ของเรามีคนแบบนั้นที่ไหน...","Do que você tá falando? No <txt:bold,2>Colégio Seonlim</txt:bold> não tem ninguém assim..."
,,,류현,,1_크윽,pause,,"...<wrt:wait,30><txt:bold,2>학교</txt:bold>?","...<wrt:wait,30><txt:bold,2>High School</txt:bold>?","‥<wrt:wait,30><txt:bold,2>高校</txt:bold>？","‥<wrt:wait,30><txt:bold,2>学校</txt:bold>？","‥<wrt:wait,30><txt:bold,2>學校</txt:bold>？","... <wrt:wait,30><txt:bold,2>В школе</txt:bold>?","...<wrt:wait,30><txt:bold,2>Sekolah Menengah</txt:bold>?","...<wrt:wait,30><txt:bold,2>Trường</txt:bold>?","...<wrt:wait,30>¿<txt:bold,2>Escuela</txt:bold>?","...<wrt:wait,30><txt:bold,2>Sekolah</txt:bold>?","...<wrt:wait,30><txt:bold,2>มัธยม</txt:bold>?","Ah... <wrt:wait,30><txt:bold,2>Colégio</txt:bold>?"
,,,류현,,1_흠,,silent,"<txt:color,grey>(그러고 보니... 난 <txt:bold,2>선림</txt:bold>학교에 있었는데...)</txt:color>","<txt:color,grey>(Come to think of it... I was at <txt:bold,2>Seonrim High</txt:bold>...)</txt:color>","<txt:color,grey>(そういえば‥私は<txt:bold,2>仙林</txt:bold>高校にいたはず‥)</txt:color>","<txt:color,grey>（说起来‥我明明在<txt:bold,2>先林</txt:bold>高中的‥）</txt:color>","<txt:color,grey>（這麼說來‥我明明是在<txt:bold,2>先林</txt:bold>高中的‥）</txt:color>","<txt:color,grey>(Точно... Я же был в школе <txt:bold,2>«Соллим»</txt:bold>...)</txt:color>","<txt:color,grey>(Fikir-fikir balik... saya berada di <txt:bold,2>Seonrim High</txt:bold>...)</txt:color>","<txt:color,grey>(Nghĩ lại thì... mình đang ở <txt:bold,2>Trường THPT Seonrim</txt:bold> mà...)</txt:color>","<txt:color,grey>(Ahora que lo pienso... yo estaba en la escuela <txt:bold,2>Seonlim</txt:bold>...)","<txt:color,grey>(Kalau dipikir-pikir... Seharusnya saat ini aku ada di sekolah <txt:bold,2>Sunrim</txt:bold>...)</txt:color>","<txt:color,grey>(จะว่าไปแล้ว... ฉันเคยอยู่ที่มัธยม<txt:bold,2>ซอนริม</txt:bold>นี่นา...)</txt:color>","<txt:color,grey>(Espera... eu estava na <txt:bold,2>Seonlim</txt:bold>...)</txt:color>"
,,,류현,,1_크윽,,,"<txt:color,grey>(내가 왜 여기에서 배구를 하고 있고... 여긴 대체 어디지?)</txt:color>","<txt:color,grey>(Why am I playing volleyball here... and where exactly is this place?)</txt:color>","<txt:color,grey>(なんで私はここでバレーボールなんかしているんだ‥？ここは一体どこだ？)</txt:color>","<txt:color,grey>（我为什么会在这里打排球‥这里到底是哪？）</txt:color>","<txt:color,grey>（我為什麼會在這裡打排球‥這裡到底是哪裡？）</txt:color>","<txt:color,grey>(А как я оказался здесь?)</txt:color>","<txt:color,grey>(Kenapa saya bermain bola tampar di sini... dan di mana sebenarnya tempat ini?)</txt:color>","<txt:color,grey>(Tại sao mình lại chơi bóng chuyền ở đây... và nơi này rốt cuộc là đâu?)</txt:color>","<txt:color,grey>(¿Por qué estoy jugando voleibol aquí... y qué es este lugar exactamente?)</txt:color>","<txt:color,grey>(Kenapa aku main voli di sini.... dan dimana ini sebenarnya?)</txt:color>","<txt:color,grey>(ทำไมฉันถึงมาเล่นวอลเลย์บอลอยู่ที่นี่... แล้วที่นี่คือที่ไหนกัน?)</txt:color>","<txt:color,grey>(Por que estou aqui jogando vôlei... onde eu estou?)</txt:color>"
,,,소담,,1_걱정,,,"<txt:wave,1><wrt:delay,12>잘 생각해 보세요, 선배님.</wrt:delay></txt:wave>","<txt:wave,1><wrt:delay,12>Think carefully, <txt:bold,2><txt:color,orange>Ryuhyeon</txt:color></txt:bold>.</wrt:delay></txt:wave>","<txt:wave,1><wrt:delay,12>ちゃんと思い出してください、先輩。</wrt:delay></txt:wave>","<txt:wave,1><wrt:delay,12>您好好想想，前辈。</wrt:delay></txt:wave>","<txt:wave,1><wrt:delay,12>你好好想想，前輩。</wrt:delay></txt:wave>","<txt:wave,1><wrt:delay,12>Постарайся вспомнить.</wrt:delay></txt:wave>","<txt:wave,1><wrt:delay,12>Fikir betul-betul, <txt:bold,2><txt:color,orange>Ryuhyeon</txt:color></txt:bold>.</wrt:delay></txt:wave>","<txt:wave,1><wrt:delay,12>Anh hãy nhớ kỹ lại đi.</wrt:delay></txt:wave>","<txt:wave,1><wrt:delay,12>Trata de recordarlo.</wrt:delay></txt:wave>","<txt:wave,1><wrt:delay,12>Coba ingat-ingat lagi, senior.</wrt:delay></txt:wave>","<txt:wave,1><wrt:delay,12>ลองคิดให้ดีๆ สิคะ รุ่นพี่</wrt:delay></txt:wave>","<txt:wave,1><wrt:delay,12>Tente se lembrar, Ryuhyeon.</wrt:delay></txt:wave>"
,,,류현,,1_흠,,,"알았어, 잠깐만... <wrt:wait,30>지금... 잘 떠올려 볼 테니까...","Right, hold on... <wrt:wait,30>let me... try to remember...","分かった、少し待ってくれ‥<wrt:wait,30>今‥思い出すから‥","好，等一下‥<wrt:wait,30>我现在‥好好回想一下‥","好，等一下‥<wrt:wait,30>我現在‥努力回想看看‥","Ладно... <wrt:wait,30>Я попытаюсь...","Baik, tunggu... <wrt:wait,30>biar saya... cuba ingat...","Được rồi, chờ ta một chút... <wrt:wait,30>Bây giờ... ta sẽ thử nhớ lại thật kỹ...","Está bien, espera un segundo... <wrt:wait,30>Voy a tratar de recordarlo...","Oke, tunggu sebentar... <wrt:wait,30>Biarku... coba ingat...","เข้าใจแล้ว แป๊บหนึ่งนะ... <wrt:wait,30>ตอนนี้... ฉันจะลองนึกดู...","Tá... espera... <wrt:wait,30>vou tentar lembrar..."
,,,류현,,1_크윽,,,"으으... <wrt:wait,30>그런데 갑자기 왜 이렇게 어지럽지? <wrt:break>세상이... <wrt:wait,30><wrt:delay,12>빙글빙글 도는 것 같아.</wrt:delay>","Ugh... <wrt:wait,30>but why am I suddenly so dizzy? <wrt:break>It feels like... <wrt:wait,30><wrt:delay,12>the world is spinning.</wrt:delay>","うぅ‥<wrt:wait,30>なんだ、急に眩暈が‥<wrt:break>世界が‥<wrt:wait,30><wrt:delay,12>ぐるぐる回っているみたいだ。</wrt:delay>","呃‥<wrt:wait,30>怎么突然这么晕？<wrt:break>感觉世界‥<wrt:wait,30><wrt:delay,12>都在天旋地转。</wrt:delay>","唔唔‥<wrt:wait,30>可是怎麼突然覺得頭好暈？<wrt:break>整個世界‥<wrt:wait,30><wrt:delay,12>好像在天旋地轉。</wrt:delay>","Ух... <wrt:wait,30>Что со мной? <wrt:break>Всё... <wrt:wait,30><wrt:delay,12>Плывет перед глазами.</wrt:delay>","Ugh... <wrt:wait,30>tapi kenapa saya tiba-tiba pening? <wrt:break>Rasanya seperti... <wrt:wait,30><wrt:delay,12>dunia sedang berpusing.</wrt:delay>","Ư ư... <wrt:wait,30>Nhưng sao đột nhiên lại chóng mặt thế này? <wrt:break>Cả thế giới... <wrt:wait,30><wrt:delay,12>cứ như đang quay mòng mòng vậy.</wrt:delay>","Ugh... <wrt:wait,30>¿Pero por qué me siento tan mareado de repente? <wrt:break>Siento que todo...<wrt:wait,30><wrt:delay,12>me da vueltas.</wrt:delay>","Urgghh... <wrt:wait,30>kenapa tiba-tiba aku jadi pusing? <wrt:break>Dunianya... <wrt:wait,30><wrt:delay,12>terasa sedang berputar-putar.</wrt:delay>","อึก... <wrt:wait,30>แต่ทำไมจู่ๆ ถึงได้ตาลายแบบนี้เนี่ย? <wrt:break>เหมือนโลกมัน... <wrt:wait,30><wrt:delay,12>หมุนติ้วเลย</wrt:delay>","Ugh... <wrt:wait,30>por que estou tão tonto de repente? <wrt:break>O mundo... <wrt:wait,30><wrt:delay,12>tá girando.</wrt:delay>"
,,,소담,,1_걱정,,,"<txt:wave,1><wrt:delay,12>선배님? 괜찮으세요?</txt:wave>","<txt:wave,1><wrt:delay,12><txt:bold,2><txt:color,orange>Ryuhyeon</txt:color></txt:bold>? Are you all right?</txt:wave>","<txt:wave,1><wrt:delay,12>先輩？大丈夫ですか？</txt:wave>","<txt:wave,1><wrt:delay,12>前辈？您没事吧？</txt:wave>","<txt:wave,1><wrt:delay,12>前輩？你還好嗎？</txt:wave>","<txt:wave,1><wrt:delay,12><txt:bold,2><txt:color,orange>Рюхён</txt:color></txt:bold>! Тебе плохо?</txt:wave>","<txt:wave,1><wrt:delay,12><txt:bold,2><txt:color,orange>Abang Ryuhyeon</txt:color></txt:bold>? Awak okey?</txt:wave>","<txt:wave,1><wrt:delay,12>Anh ơi? Anh không sao chứ?</txt:wave>","<txt:wave,1><wrt:delay,12>¿Estás bien?</txt:wave>","<txt:wave,1><wrt:delay,12>Senior? Apa Anda baik-baik saja?</txt:wave>","<txt:wave,1><wrt:delay,12>รุ่นพี่? เป็นอะไรรึเปล่าคะ?</txt:wave>","<txt:wave,1><wrt:delay,12>Você tá bem?</txt:wave>"
,,,류현,,1_크윽,,,"잠깐, <wrt:wait,30>잠깐만...","Hang on, <wrt:wait,30>just let me rest a moment...","ちょっと、<wrt:wait,30>ちょっとだけ休ませてくれ‥","等等，<wrt:wait,30>让我休息一下‥","等一下，<wrt:wait,30>讓我休息一下‥","Подожди. <wrt:wait,30>Надо отдышаться...","Tunggu, <wrt:wait,30>biar saya berehat sekejap...","Chờ đã, <wrt:wait,30>để ta nghỉ một chút...","Un momento, <wrt:wait,30>espera un momento...","Bentar, <wrt:wait,30>biarkan aku istirahat sebentar...","เดี๋ยวนะ <wrt:wait,30>ฉันขอพักแป๊บหนึ่ง...","Espera, <wrt:wait,30>só um segundo..."
,,,소담,,1_걱정,,,"<txt:wave,1><wrt:delay,12>...선배님! <wrt:wait,30>...선배님!!!</wrt:delay></txt:wave>","<txt:wave,1><wrt:delay,12>...<txt:bold,2><txt:color,orange>Ryuhyeon</txt:color></txt:bold>! <wrt:wait,30>...<txt:bold,2><txt:color,orange>Ryuhyeon</txt:color></txt:bold>!</wrt:delay></txt:wave>","<txt:wave,1><wrt:delay,12>‥先輩！<wrt:wait,30>‥先輩！！！</wrt:delay></txt:wave>","<txt:wave,1><wrt:delay,12>‥前辈！<wrt:wait,30>‥前辈！！！</wrt:delay></txt:wave>","<txt:wave,1><wrt:delay,12>‥前輩！<wrt:wait,30>‥前輩！！！</wrt:delay></txt:wave>","<txt:wave,1><wrt:delay,12><txt:bold,2><txt:color,orange>Рюхён</txt:color></txt:bold>! <wrt:wait,30><txt:bold,2><txt:color,orange>Рюхён</txt:color></txt:bold>!!!</wrt:delay></txt:wave>","<txt:wave,1><wrt:delay,12>...<txt:bold,2><txt:color,orange>Abang Ryuhyeon</txt:color></txt:bold>! <wrt:wait,30>...<txt:bold,2><txt:color,orange>Abang Ryuhyeon</txt:color></txt:bold>!</wrt:delay></txt:wave>","<txt:wave,1><wrt:delay,12>...Anh! <wrt:wait,30>...Anh ơi!!!</wrt:delay></txt:wave>","<txt:wave,1><wrt:delay,12>... ¡<txt:bold,2><txt:color,orange>Ryuhyeon</txt:color></txt:bold> <wrt:wait,30>! ¡¡¡<txt:bold,2><txt:color,orange>Ryuhyeon</txt:color></txt:bold>!!!</wrt:delay></txt:wave>","<txt:wave,1><wrt:delay,12>...Senior! <wrt:wait,30>...Senior!!!</wrt:delay></txt:wave>","<txt:wave,1><wrt:delay,12>...รุ่นพี่คะ! <wrt:wait,30>...รุ่นพี่!!!</wrt:delay></txt:wave>","<txt:wave,1><wrt:delay,12>Ryuhyeon! <wrt:wait,30>Ryuhyeon!!!</wrt:delay></txt:wave>"
,,,TAG,,,,,"<sys:quiet,1000>","<sys:quiet,1000>","<sys:quiet,1000>","<sys:quiet,1000>","<sys:quiet,1000>","<sys:quiet,1000>","<sys:quiet,1000>","<sys:quiet,1000>","<sys:quiet,1000>","<sys:quiet,1000>","<sys:quiet,1000>","<sys:quiet,1000>"
,,,TAG,,,,,"<eff:black,3>","<eff:black,3>","<eff:black,3>","<eff:black,3>","<eff:black,3>","<eff:black,3>","<eff:black,3>","<eff:black,3>","<eff:black,3>","<eff:black,3>","<eff:black,3>","<eff:black,3>"
,,,TAG,,,,,"<cha:qhide><sys:nogui,리모컨><sys:qmap,암전>","<cha:qhide><sys:nogui,리모컨><sys:qmap,암전>","<cha:qhide><sys:nogui,리모컨><sys:qmap,암전>","<cha:qhide><sys:nogui,리모컨><sys:qmap,암전>","<cha:qhide><sys:nogui,리모컨><sys:qmap,암전>","<cha:qhide><sys:nogui,리모컨><sys:qmap,암전>","<cha:qhide><sys:nogui,리모컨><sys:qmap,암전>","<cha:qhide><sys:nogui,리모컨><sys:qmap,암전>","<cha:qhide><sys:nogui,리모컨><sys:qmap,암전>","<cha:qhide><sys:nogui,리모컨><sys:qmap,암전>","<cha:qhide><sys:nogui,리모컨><sys:qmap,암전>","<cha:qhide><sys:nogui,리모컨><sys:qmap,암전>"
,,,소담,,,,,"<txt:size,-1>선배님!</txt:size> <txt:size,1>정신 좀 차려보세요!!</txt:size>","<txt:size,-1><txt:bold,2><txt:color,orange>Ryuhyeon</txt:color></txt:bold>!</txt:size> <txt:size,1>Snap out of it!</txt:size>","<txt:size,-1>先輩！</txt:size><txt:size,1>しっかりしてください！！</txt:size>","<txt:size,-1>前辈！</txt:size><txt:size,1>快醒醒！！</txt:size>","<txt:size,-1>前輩！</txt:size><txt:size,1>快醒醒！！</txt:size>","<txt:size,-1><txt:bold,2><txt:color,orange>Рюхён</txt:color></txt:bold>! </txt:size> <txt:size,1>Очнись!</txt:size>","<txt:size,-1><txt:bold,2><txt:color,orange>Abang Ryuhyeon</txt:color></txt:bold>!</txt:size> <txt:size,1>Sedarlah!</txt:size>","<txt:size,-1>Anh ơi!</txt:size> <txt:size,1>Tỉnh lại đi mà!!</txt:size>","¡<txt:bold,2><txt:color,orange>Ryuhyeon</txt:color></txt:bold>! <txt:size,1>¡¡Por favor, reacciona!!</txt:size>","<txt:size,-1>Senior!</txt:size> <txt:size,1>Sadarlah, senior!!</txt:size>","<txt:size,-1>รุ่นพี่!</txt:size> <txt:size,1>ตั้งสติหน่อยค่ะ!!</txt:size>","<txt:size,-1>Ryuhyeon!</txt:size> <txt:size,1>Acorda!</txt:size>"
,,,TAG,,,,,"<eff:black,3>","<eff:black,3>","<eff:black,3>","<eff:black,3>","<eff:black,3>","<eff:black,3>","<eff:black,3>","<eff:black,3>","<eff:black,3>","<eff:black,3>","<eff:black,3>","<eff:black,3>"
,,,TAG,,,,,"<sys:qmap,한옥></cha:qhide>","<sys:qmap,한옥></cha:qhide>","<sys:qmap,한옥></cha:qhide>","<sys:qmap,한옥></cha:qhide>","<sys:qmap,한옥></cha:qhide>","<sys:qmap,한옥></cha:qhide>","<sys:qmap,한옥></cha:qhide>","<sys:qmap,한옥></cha:qhide>","<sys:qmap,한옥></cha:qhide>","<sys:qmap,한옥></cha:qhide>","<sys:qmap,한옥></cha:qhide>","<sys:qmap,한옥></cha:qhide>"
,,,TAG,,,,,"<cha:qpos,류현,-2><cha:qpos,소담,2>","<cha:qpos,류현,-2><cha:qpos,소담,2>","<cha:qpos,류현,-2><cha:qpos,소담,2>","<cha:qpos,류현,-2><cha:qpos,소담,2>","<cha:qpos,류현,-2><cha:qpos,소담,2>","<cha:qpos,류현,-2><cha:qpos,소담,2>","<cha:qpos,류현,-2><cha:qpos,소담,2>","<cha:qpos,류현,-2><cha:qpos,소담,2>","<cha:qpos,류현,-2><cha:qpos,소담,2>","<cha:qpos,류현,-2><cha:qpos,소담,2>","<cha:qpos,류현,-2><cha:qpos,소담,2>","<cha:qpos,류현,-2><cha:qpos,소담,2>"
,,,류현,,-1_흠,pause,,"어? <txt:bold,2><txt:color,orange>소담</txt:color></txt:bold>. 여긴...","Huh? <txt:bold,2><txt:color,orange>Sodam</txt:color></txt:bold>. Where...","えっ？<txt:bold,2><txt:color,orange>翆</txt:color></txt:bold>か？ここは‥","诶？<txt:bold,2><txt:color,orange>芷柔</txt:color></txt:bold>。这里是‥","咦？<txt:bold,2><txt:color,orange>芷柔</txt:color></txt:bold>。這裡是‥","<txt:bold,2><txt:color,orange>Содам</txt:color></txt:bold>... Где я?","Hah? <txt:bold,2><txt:color,orange>Sodam</txt:color></txt:bold>. Di mana...","Hả? <txt:bold,2><txt:color,orange>Sodam</txt:color></txt:bold>. Đây là...","¿Eh? <txt:bold,2><txt:color,orange>Sodam</txt:color></txt:bold>. ¿En dónde estoy?...","Eh? <txt:bold,2><txt:color,orange>Sodam</txt:color></txt:bold>. Dimana ini...","อ้าว? <txt:bold,2><txt:color,orange>โซดัม</txt:color></txt:bold> ที่นี่คือ...","Ah? <txt:bold,2><txt:color,orange>Sodam</txt:color></txt:bold>. Onde é..."
,,,소담,,1_미소,,,"어디긴요, 선배님 방이잖아요.",Where else? It's your room.,何言ってるんですか、先輩のお部屋ですよ？,还能是哪，当然是您的房间啦。,這裡還能是哪，當然是前輩的房間啊。,"В своей комнате, где же еще.",Di mana lagi? Ini bilik abang.,"Còn ở đâu nữa, là phòng của anh mà.",¿Cómo que en dónde? Estamos en tu habitación.,"Di mana lagi, tentu saja di kamar senior.",จะที่ไหนได้ล่ะคะ ก็ห้องรุ่นพี่ไงคะ,Como assim? É o seu quarto.
,,,TAG,,,,,"<sys:bgm,BGM_THIS_IS_SUNRIM,600>","<sys:bgm,BGM_THIS_IS_SUNRIM,600>","<sys:bgm,BGM_THIS_IS_SUNRIM,600>","<sys:bgm,BGM_THIS_IS_SUNRIM,600>","<sys:bgm,BGM_THIS_IS_SUNRIM,600>","<sys:bgm,BGM_THIS_IS_SUNRIM,600>","<sys:bgm,BGM_THIS_IS_SUNRIM,600>","<sys:bgm,BGM_THIS_IS_SUNRIM,600>","<sys:bgm,BGM_THIS_IS_SUNRIM,600>","<sys:bgm,BGM_THIS_IS_SUNRIM,600>","<sys:bgm,BGM_THIS_IS_SUNRIM,600>","<sys:bgm,BGM_THIS_IS_SUNRIM,600>"
,,,소담,,1_기본,,,"아이, 참, 얼마나 험하게 <txt:bold,1>잠꼬대</txt:bold>를 하시는지 정말 무서웠다고요!","You were <txt:bold,1>sleep-talking</txt:bold> so violently it scared me half to death!","もう、本当に怖かったんですからね！？<txt:bold,1>寝言</txt:bold>がめちゃくちゃ激しくて！","哎呀，真是的，您睡觉<txt:bold,1>说梦话</txt:bold>说得可凶了，吓死我了！","哎呀，真是的，前輩你<txt:bold,1>說夢話</txt:bold>的樣子實在是太嚇人了！","Ты так <txt:bold,1>кричал во сне</txt:bold>, что я испугалась.","Abang <txt:bold,1>mengigau</txt:bold> kuat sangat sampai saya hampir mati ketakutan!","Trời ơi, anh <txt:bold,1>nói mớ</txt:bold> dữ dội đến mức em sợ thật đó!","¡Ay, vaya, es que <txt:bold,1>hablabas dormido</txt:bold> tan agitado que me asusté de verdad!","Aduh, senior <txt:bold,1>mengigau</txt:bold> parah sampai membuat saya takut, tahu!","เฮ้อ จริงๆ เลย รุ่นพี่<txt:bold,1>ละเมอ</txt:bold>อะไรรุนแรงขนาดนั้นคะ ฉันกลัวมากเลยนะ!","Ai, você tava <txt:bold,1>falando dormindo</txt:bold> de um jeito que deu medo!"
,,,소담,,1_기본,,,"<txt:bold,2>승부</txt:bold>니 <txt:bold,2>결투</txt:bold>니. 대체 무슨 꿈을 꾸신 거예요?","Something about <txt:bold,2>matches</txt:bold> and <txt:bold,2>duels</txt:bold>. What in the world were you dreaming about?","<txt:bold,2>勝負</txt:bold>だの<txt:bold,2>決闘</txt:bold>だの。一体どんな夢を見てたんですか？","一会儿<txt:bold,2>胜负</txt:bold>一会儿<txt:bold,2>决斗</txt:bold>的。您到底做什么梦了？","一下喊著<txt:bold,2>勝負</txt:bold>，一下又喊<txt:bold,2>決鬥</txt:bold>的。到底是做了什麼夢啊？","Про какие-то <txt:bold,2>поединки</txt:bold> и <txt:bold,2>победы</txt:bold>. Что тебе снилось?","Mengigau pasal <txt:bold,2>perlawanan</txt:bold> dan <txt:bold,2>pertarungan</txt:bold>. Abang bermimpi tentang apa sebenarnya?","Nào là <txt:bold,2>thắng bại</txt:bold>, nào là <txt:bold,2>quyết đấu</txt:bold>. Rốt cuộc anh đã mơ thấy gì vậy?","<txt:bold,2>Victorias</txt:bold> y <txt:bold,2>duelos</txt:bold>. ¿Qué era lo que estabas soñando?","Tentang <txt:bold,2>duel</txt:bold> lah, sampai ke <txt:bold,2>pertarungan</txt:bold> lah. Memangnya senior mimpi apa, sih?","พูดถึง<txt:bold,2>ผลแพ้ชนะ</txt:bold>บ้างล่ะ <txt:bold,2>การดวล</txt:bold>บ้างล่ะ รุ่นพี่ฝันอะไรคะเนี่ย?","<txt:bold,2>«Confronto»</txt:bold>, <txt:bold,2>«duelo»</txt:bold>... que tipo de sonho você teve?"
,,,류현,,-1_웃음,,,"하하, 음... <wrt:wait,30>어제 <txt:bold,1>영화를 봤던 게 꿈에 나왔나 봐.</txt:bold>","Haha, um... <wrt:wait,30><txt:bold,1>guess the movie I watched yesterday showed up in my dream.</txt:bold>","ははっ、まあ‥<wrt:wait,30>昨日<txt:bold,1>観た映画のせいで、変な夢でも見てたのかもな。</txt:bold>","哈哈，嗯‥<wrt:wait,30>可能是昨晚<txt:bold,1>看的电影跑到梦里来了吧。</txt:bold>","哈哈，嗯‥<wrt:wait,30>可能是<txt:bold,1>夢到了昨天看的電影吧。</txt:bold>","Э-э... <wrt:wait,30>Наверное, <txt:bold,1>это из-за вчерашнего фильма.</txt:bold>","Haha, um... <wrt:wait,30><txt:bold,1>rasanya filem yang saya tonton semalam muncul dalam mimpi saya.</txt:bold>","Haha, ừm... <wrt:wait,30>Chắc tại <txt:bold,1>bộ phim hôm qua xem nên ta mới mơ như vậy.</txt:bold>","Jaja, mmm... <wrt:wait,30>Ayer <txt:bold,1>vi una película, parece que se metió a mis sueños.</txt:bold>","Haha, hmm... <wrt:wait,30>sepertinya tentang <txt:bold,1>film yang kutonton semalam terbawa ke dalam mimpi.</txt:bold>","ฮะฮะ อืม... <wrt:wait,30>สงสัย<txt:bold,1>ฉันคงฝันถึงหนังที่ดูเมื่อวานน่ะ</txt:bold>","Haha... <wrt:wait,30>deve ter sido <txt:bold,1>o filme de ontem no meu sonho.</txt:bold>"
,,,소담,,1_기본,,,"정말... 그러다 <txt:bold,2><txt:color,orange>한라</txt:color></txt:bold> 선배님한테 혼날지도 몰라요.","Really... you're going to get an earful from <txt:bold,2><txt:color,orange>Hanra</txt:color></txt:bold> if you keep this up.","まったくもう‥そんな調子じゃ、<txt:bold,2><txt:color,orange>煉華</txt:color></txt:bold>先輩に怒られちゃいますよ。","真是的‥小心被<txt:bold,2><txt:color,orange>静岚</txt:color></txt:bold>前辈骂哦。","真是的‥要是被<txt:bold,2><txt:color,orange>靜嵐</txt:color></txt:bold>前輩知道，說不定會挨罵喔。","Ого... Если <txt:bold,2><txt:color,orange>Халла</txt:color></txt:bold> узнает, то тебе точно влетит.","Biar betul... abang akan kena marah daripada <txt:bold,2><txt:color,orange>Hanra</txt:color></txt:bold> kalau abang terus macam ini.","Thật là... Cứ thế này anh sẽ bị chị <txt:bold,2><txt:color,orange>Hanra</txt:color></txt:bold> mắng cho xem.","En serio... si sigues así <txt:bold,2><txt:color,orange>Hanra</txt:color></txt:bold> terminará regañándote.","Dasar... kalau terus begini bisa-bisa senior dimarahi lagi oleh senior <txt:bold,2><txt:color,orange>Hanra</txt:color></txt:bold>.","จริงๆ เลย... เดี๋ยวก็ได้โดนรุ่นพี่<txt:bold,2><txt:color,orange>ฮันรา</txt:color></txt:bold>ดุเอาหรอกค่ะ","Sério... assim você ainda vai levar bronca da <txt:bold,2><txt:color,orange>Hanla</txt:color></txt:bold>."
,,,소담,,1_기본,,,어서 일어나세요! 오늘 다 함께 배구하기로 했잖아요. 다들 선배님 기다리고 있다고요.,"Come on, get up! We were all going to play volleyball today, remember? Everyone's waiting for you.",ほら、早く起きてください！今日はみんなでバレーする約束だったじゃないですか。みんな先輩を待ってるんですよ。,快起来吧！今天说好大家一起打排球的。大家都在等您呢。,快點起來啦！今天不是說好大家要一起打排球的嗎。大家都在等你了。,Так что вставай! У нас сегодня тренировка по волейболу! Все тебя ждут.,"Cepatlah, bangun! Kita semua nak pergi bermain bola tampar hari ini, ingat? Semua orang menunggu abang.",Mau dậy đi nào! Hôm nay mọi người đã hẹn cùng chơi bóng chuyền mà. Ai cũng đang đợi anh đó.,¡Ya levántate! Quedamos en jugar voleibol todos juntos. Te están esperando.,Ayo cepat bangun! Kan hari ini kita sudah janji mau main voli bersama. Semuanya sudah menunggu senior.,รีบลุกได้แล้วค่ะ! วันนี้ตกลงไว้ว่าเราทั้งหมดจะเล่นวอลเลย์บอลด้วยกันนี่คะ ทุกคนกำลังรอรุ่นพี่อยู่นะคะ,"Levanta logo! A gente combinou de jogar vôlei hoje. Todo mundo tá te esperando, Ryuhyeon."
,,,TAG,,,,,"<cha:pos,류현,-2><cha:pos,소담,-1><cha:pos,홍시,0><cha:pos,무영,1><cha:pos,한라,2>","<cha:pos,류현,-2><cha:pos,소담,-1><cha:pos,홍시,0><cha:pos,무영,1><cha:pos,한라,2>","<cha:pos,류현,-2><cha:pos,소담,-1><cha:pos,홍시,0><cha:pos,무영,1><cha:pos,한라,2>","<cha:pos,류현,-2><cha:pos,소담,-1><cha:pos,홍시,0><cha:pos,무영,1><cha:pos,한라,2>","<cha:pos,류현,-2><cha:pos,소담,-1><cha:pos,홍시,0><cha:pos,무영,1><cha:pos,한라,2>","<cha:pos,류현,-2><cha:pos,소담,-1><cha:pos,홍시,0><cha:pos,무영,1><cha:pos,한라,2>","<cha:pos,류현,-2><cha:pos,소담,-1><cha:pos,홍시,0><cha:pos,무영,1><cha:pos,한라,2>","<cha:pos,류현,-2><cha:pos,소담,-1><cha:pos,홍시,0><cha:pos,무영,1><cha:pos,한라,2>","<cha:pos,류현,-2><cha:pos,소담,-1><cha:pos,홍시,0><cha:pos,무영,1><cha:pos,한라,2>","<cha:pos,류현,-2><cha:pos,소담,-1><cha:pos,홍시,0><cha:pos,무영,1><cha:pos,한라,2>","<cha:pos,류현,-2><cha:pos,소담,-1><cha:pos,홍시,0><cha:pos,무영,1><cha:pos,한라,2>","<cha:pos,류현,-2><cha:pos,소담,-1><cha:pos,홍시,0><cha:pos,무영,1><cha:pos,한라,2>"
,,,홍시,,1_기본,,,"<txt:bold,2><txt:color,orange>류현</txt:color></txt:bold>~! 아직도 자다니, 학생회장 실격이다, 실격!","<txt:bold,2><txt:color,orange>Ryuhyeon</txt:color></txt:bold>! Still asleep? A disgrace to the student council, that's what you are!","<txt:bold,2><txt:color,orange>真一</txt:color></txt:bold>～！まだ寝てるなんて、生徒会長失格だぞ、失格！","<txt:bold,2><txt:color,orange>昊天</txt:color></txt:bold>～！居然还在睡，真是个不称职的学生会长，太不称职了！","<txt:bold,2><txt:color,orange>昊天</txt:color></txt:bold>～！居然還在睡，你這個學生會長失職啦，失職！","<txt:bold,2><txt:color,orange>Рюхён</txt:color></txt:bold>! Все еще спишь? Глава студсовета называется...","<txt:bold,2><txt:color,orange>Ryuhyeon</txt:color></txt:bold>! Masih tidur? Tak layak jadi presiden majlis pelajar, tak layak!","<txt:bold,2><txt:color,orange>Ryuhyeon</txt:color></txt:bold>~! Vẫn còn ngủ à, không đủ tư cách làm chủ tịch hội học sinh rồi!","¡<txt:bold,2><txt:color,orange>Ryuhyeon</txt:color></txt:bold>! ¡Seguir durmiendo siendo el presidente estudiantil es una decepción, toda una decepción!","<txt:bold,2><txt:color,orange>Ryuhyun</txt:color></txt:bold>~! Masih tidur saja, kamu itu gagal sebagai ketua OSIS!","<txt:bold,2><txt:color,orange>รยูฮยอน</txt:color></txt:bold>~! ยังนอนอยู่อีกเหรอ นายหมดสิทธิ์เป็นประธานนักเรียนแล้ว หมดสิทธิ์เลย!","<txt:bold,2><txt:color,orange>Ryuhyeon</txt:color></txt:bold>! Ainda na cama? Reprovado como presidente do conselho estudantil!"
,,,무영,,1_골치,,,"<txt:bold,2><txt:color,orange>홍시</txt:color></txt:bold>, 멋대로 회장 방에 들어가면 안 된다니까요. <wrt:break>규칙은 규칙이라고 몇 번을 말했습니까.","<txt:bold,2><txt:color,orange>Hongshi</txt:color></txt:bold>, you can't just barge into the president's room like that. <wrt:break>How many times do I have to tell you, rules are rules.","<txt:bold,2><txt:color,orange>日向乃</txt:color></txt:bold>さん、勝手に会長の部屋に入ってはいけません。<wrt:break>規則は規則だと、何度言えば理解していただけるんですか。","<txt:bold,2><txt:color,orange>红柿</txt:color></txt:bold>，都说了不能随便进会长的房间。<wrt:break>我都说过多少次了，规矩就是规矩。","<txt:bold,2><txt:color,orange>洪詩</txt:color></txt:bold>，我不是說過不能隨便進會長房間嗎。<wrt:break>都說過幾次規矩就是規矩了。","<txt:bold,2><txt:color,orange>Хонши</txt:color></txt:bold>, нельзя вот так врываться к <txt:bold,2><txt:color,orange>Рюхёну</txt:color></txt:bold>! <wrt:break>Ты же знаешь правила.","<txt:bold,2><txt:color,orange>Hongshi</txt:color></txt:bold>, awak tak boleh sesuka hati masuk bilik presiden macam itu. <wrt:break>Dah berapa kali saya cakap, peraturan tetap peraturan.","<txt:bold,2><txt:color,orange>Hongsi</txt:color></txt:bold>, tôi đã nói là không được tự tiện vào phòng chủ tịch mà. <wrt:break>Quy tắc là quy tắc, tôi đã nói bao nhiêu lần rồi.","<txt:bold,2><txt:color,orange>Hongsi</txt:color></txt:bold>, te dije que entrar así como así a la habitación del presidente no está bien. <wrt:break>¿Cuántas veces tengo que decirte que las reglas son las reglas?","<txt:bold,2><txt:color,orange>Hongsi</txt:color></txt:bold>, sudah saya bilang jangan sembarangan masuk ke kamar ketua. <wrt:break>Peraturan adalah peraturan, berapa kali harus saya katakan?","<txt:bold,2><txt:color,orange>ฮงชี</txt:color></txt:bold> ก็บอกว่าอย่าเข้าไปในห้องประธานตามอำเภอใจไงครับ <wrt:break>ผมบอกไปกี่ครั้งแล้วครับ ว่ากฎก็คือกฎ","<txt:bold,2><txt:color,orange>Hongshi</txt:color></txt:bold>, não entre no quarto do presidente assim. <wrt:break>Regra é regra! Quantas vezes preciso repetir?"
,,,홍시,,1_기본,,,"에잇, 시끄럽다!<cha:pop,홍시> 잠꾸러기가 잘못한 거지!","Bah, pipe down!<cha:pop,홍시> The sleepyhead's the one at fault!","うるさい！<cha:pop,홍시>寝坊助が悪いのだぞ！","哎呀，吵死了！<cha:pop,홍시>本来就是爱睡懒觉的人不对！","哎呀，吵死了！<cha:pop,홍시>愛賴床的人才不對吧！","Эй! <cha:pop,홍시>А нечего так долго спать было.","Bah, diamlah!<cha:pop,홍시> Si tukang tidur itulah yang bersalah!","Hứ, ồn ào quá!<cha:pop,홍시> Người ngủ nướng mới là người sai chứ!","¡Ay, cállate!<cha:pop,홍시> ¡La culpa es de ese dormilón!","Eh, berisik!<cha:pop,홍시> Si tukang tidur ini yang salah!","ฮึ่ย หนวกหูน่า!<cha:pop,홍시> คนขี้เซาต่างหากที่ผิด!","Ei, quieto!<cha:pop,홍시> A culpa é do dorminhoco!"
,,,한라,,1_기본,,,"흠, 도령... 어디 몸이 안 좋은 것이오?","Hmm... young master, is something the matter?",ふむ、若様‥どこか体調でも優れないのですか？,嗯，公子‥是不是身体哪里不适？,唔，公子‥可是身體有哪裡不適？,"М-м... <txt:bold,2><txt:color,orange>Рюхён</txt:color></txt:bold>, с тобой всё хорошо?","Hmm... tuan muda, adakah tuan kurang sihat?","Hừm, công tử... cơ thể có chỗ nào không khỏe sao?","Mmm, mi señor... ¿Se encuentra mal?","Hmm, Tuan Muda... Apa Anda merasa kurang sehat?",อืม ท่านชาย... ท่านไม่สบายตรงไหนหรือเปล่า?,"Hum, meu jovem... estás te sentindo mal?"
,,,류현,,-1_기본,,,"...<wrt:wait,30>하하, 다들 기다리고 있었구나? 미안, 어제 좀 늦게 잠들어서.","...<wrt:wait,30>Haha, you were all waiting? Sorry, I fell asleep a bit late last night.","‥<wrt:wait,30>ははっ、みんな待たせたな。悪い、昨日は少し夜更かししたんだ。","‥<wrt:wait,30>哈哈，大家都等着了？抱歉，昨晚睡得有点晚。","‥<wrt:wait,30>哈哈，大家都等很久了吧？抱歉，昨晚比較晚睡。","... <wrt:wait,30>Ох, простите, я вчера засиделся допоздна.","...<wrt:wait,30>Haha, awak semua menunggu? Maaf, saya tidur agak lewat semalam.","...<wrt:wait,30>Haha, mọi người đều đang đợi à? Xin lỗi, hôm qua tôi ngủ hơi muộn.","...<wrt:wait,30>Jaja, ¿todos están esperándome? Lo siento, ayer me dormí tarde.","...<wrt:wait,30>Haha, kalian semua sudah menunggu, ya? Maaf, semalam aku tidur agak larut.","...<wrt:wait,30>ฮะฮะ ทุกคนรอฉันอยู่นี่เองสินะ? ขอโทษที เมื่อคืนฉันนอนดึกไปหน่อยน่ะ","Hum... <wrt:wait,30>Haha... então vocês estavam me esperando? Desculpa, dormi tarde ontem."
,,,류현,,-1_기본+,,,지금 나갈게. 잠깐만 기다려 줘.,I'll be right out. Just give me a moment.,すぐ行く。少しだけ待っててくれ。,我这就出去。稍等一下。,我馬上就出去，請等我一下。,Сейчас выйду. Дайте мне минутку.,Saya akan keluar sekejap lagi. Beri saya sedikit masa.,Tôi ra ngay đây. Chờ một lát.,Ahora voy. Espérenme un momento.,Aku akan segera menyusul. Tunggu aku siap-siap sebentar.,ฉันจะออกไปเดี๋ยวนี้แหละ รอหน่อยนะ,"Já tô indo, esperem um pouco."
,,,홍시,,1_기본,wave,joy,"바로 오거라! 늦잠을 잔 벌로 오늘은 <txt:bold,2><txt:color,orange>류현</txt:color></txt:bold> 네가 아이스크림 쏴라! <wrt:break>난 바닐라 맛이 좋다!","Hurry on up! As punishment for sleeping in, you're buying ice cream today, <txt:bold,2><txt:color,orange>Ryuhyeon</txt:color></txt:bold>! <wrt:break>I'll have vanilla!","早く来い！寝坊した罰として、今日は<txt:bold,2><txt:color,orange>真一</txt:color></txt:bold>がアイスを奢るのだ！<wrt:break>私はバニラ味で頼むぞ！","速速前来！作为睡懒觉的惩罚，今天<txt:bold,2><txt:color,orange>昊天</txt:color></txt:bold>你来请客吃冰淇淋！<wrt:break>我要香草味的！","快點出來！作為賴床的懲罰，今天就由<txt:bold,2><txt:color,orange>昊天</txt:color></txt:bold>你請客吃冰淇淋！<wrt:break>我要香草口味的！","Давай быстрее! И за то, что проспал, сегодня угощаешь нас мороженым! <wrt:break>Мне ванильное!","Cepat sikit! Sebagai hukuman kerana bangun lambat, awak belanja aiskrim hari ini, <txt:bold,2><txt:color,orange>Ryuhyeon</txt:color></txt:bold>! <wrt:break>Saya nak vanila!","Mau ra ngay nha! Hôm nay phạt cậu vì ngủ nướng, <txt:bold,2><txt:color,orange>Ryuhyeon</txt:color></txt:bold>, cậu phải đãi kem đấy! <wrt:break>Tôi thích vị vani!","¡Ven ahora mismo! Por haber dormido hasta tarde ¡<txt:bold,2><txt:color,orange>Ryuhyeon</txt:color></txt:bold> invitará los helados! <wrt:break>¡Yo quiero de vainilla!","Cepat keluar! Sebagai hukuman karena bangun kesiangan, hari ini <txt:bold,2><txt:color,orange>Ryuhyun</txt:color></txt:bold> harus traktir es krim! <wrt:break>Dan aku suka rasa vanila!","มาทันทีเลยนะ! <txt:bold,2><txt:color,orange>รยูฮยอน</txt:color> </txt:bold>โทษฐานที่นายตื่นสาย จงเลี้ยงไอศกรีมซะ! <wrt:break>ฉันชอบรสวานิลลา!","Vem logo! Como punição por dormir demais, <txt:bold,2><txt:color,orange>Ryuhyeon</txt:color></txt:bold>, hoje você paga o sorvete! <wrt:break>Eu quero de baunilha!"
,,,무영,,1_기본,,,"자, 자, 모두 나가죠. <txt:bold,2><txt:color,orange>류현</txt:color></txt:bold>도 준비할 시간이 필요하니까. <wrt:break>...음?<cha:emote,무영,quest><wrt:wait,30> <txt:bold,2><txt:color,orange>류현</txt:color></txt:bold>,<wrt:wait,30> <txt:bold,1>이 편지는 뭐죠?</txt:bold>","All right, everyone, let's head out. <txt:bold,2><txt:color,orange>Ryuhyeon</txt:color></txt:bold> needs time to get ready. <wrt:break>...Hm?<cha:emote,무영,quest><wrt:wait,30> <txt:bold,2><txt:color,orange>Ryuhyeon</txt:color></txt:bold>,<wrt:wait,30> <txt:bold,1>what's this letter?</txt:bold>","はいはい、皆さん行きますよ。<txt:bold,2><txt:color,orange>真一</txt:color></txt:bold>様も準備する時間が必要ですから。<wrt:break>‥ん？<cha:emote,무영,quest><wrt:wait,30><txt:bold,2><txt:color,orange>真一</txt:color></txt:bold>様、<wrt:wait,30><txt:bold,1>この手紙は何ですか？</txt:bold>","好了，好了，大家先出去吧。<txt:bold,2><txt:color,orange>昊天</txt:color></txt:bold>也需要时间准备。<wrt:break>‥嗯？<cha:emote,무영,quest><wrt:wait,30> <txt:bold,2><txt:color,orange>昊天</txt:color></txt:bold>，<wrt:wait,30> <txt:bold,1>这封信是怎么回事？</txt:bold>","好了，好了，大家都出去吧。<txt:bold,2><txt:color,orange>昊天</txt:color></txt:bold>也需要時間準備。<wrt:break>‥嗯？<cha:emote,무영,quest><wrt:wait,30><txt:bold,2><txt:color,orange>昊天</txt:color></txt:bold>，<wrt:wait,30><txt:bold,1>這封信是怎麼回事？</txt:bold>","Так, все выходим. <txt:bold,2><txt:color,orange>Рюхёну</txt:color></txt:bold> ещё нужно собраться.<wrt:break> Хм? <wrt:wait,30> <txt:bold,1>А что это за письмо?</txt:bold>","Baiklah, semua, jom kita keluar. <txt:bold,2><txt:color,orange>Ryuhyeon</txt:color></txt:bold> perlukan masa untuk bersiap. <wrt:break>...Hm?<cha:emote,무영,quest><wrt:wait,30> <txt:bold,2><txt:color,orange>Ryuhyeon</txt:color></txt:bold>,<wrt:wait,30> <txt:bold,1>surat apa ini?</txt:bold>","Nào, nào, mọi người ra ngoài thôi. <txt:bold,2><txt:color,orange>Ryuhyeon</txt:color></txt:bold> cũng cần thời gian chuẩn bị mà. <wrt:break>...Ủa?<cha:emote,무영,quest><wrt:wait,30> <txt:bold,2><txt:color,orange>Ryuhyeon</txt:color></txt:bold>,<wrt:wait,30> <txt:bold,1>lá thư này là gì vậy?</txt:bold>","Ya, ya, salgan todos. <txt:bold,2><txt:color,orange>Ryuhyeon</txt:color></txt:bold> también necesita tiempo para alistarse. <wrt:break>...¿Eh?<cha:emote,무영,quest><wrt:wait,30><txt:bold,2><txt:color,orange>Ryuhyeon</txt:color></txt:bold>,<wrt:wait,30>¿Qué es esta carta?<txt:bold,1>","Ayo, ayo, semuanya keluar. <txt:bold,2><txt:color,orange>Ryuhyun</txt:color></txt:bold> butuh waktu untuk bersiap-siap. <wrt:break>...Hm?<cha:emote,무영,quest><wrt:wait,30> <txt:bold,2><txt:color,orange>Ryuhyun</txt:color></txt:bold>,<wrt:wait,30> <txt:bold,1>surat apa ini?</txt:bold>","เอาล่ะๆ ทุกคนออกไปกันเถอะครับ <txt:bold,2><txt:color,orange>รยูฮยอน</txt:color></txt:bold>ก็ต้องการเวลาเตรียมตัวเหมือนกัน <wrt:break>...หืม?<cha:emote,무영,quest><wrt:wait,30> <txt:bold,2><txt:color,orange>รยูฮยอน</txt:color></txt:bold><wrt:wait,30> <txt:bold,1>จดหมายนี้คืออะไรครับ?</txt:bold>","Vamos, pessoal. O <txt:bold,2><txt:color,orange>Ryuhyeon</txt:color></txt:bold> precisa de tempo pra se arrumar. <wrt:break>Hã? <cha:emote,무영,quest><wrt:wait,30><txt:bold,2><txt:color,orange>Ryuhyeon</txt:color></txt:bold>, <wrt:wait,30><txt:bold,1>que carta é essa?</txt:bold>"
,,,류현,,-1_비죽,,,"...<wrt:wait,30>아아, <txt:bold,2><txt:color,orange>시우</txt:color></txt:bold>한테서 받은 거야. 굳이 편지를 보냈더라고.","...<wrt:wait,30>Ah, that's from <txt:bold,2><txt:color,orange>Siwoo</txt:color></txt:bold>. He went out of his way to send me a letter.","‥<wrt:wait,30>ああ、<txt:bold,2><txt:color,orange>新</txt:color></txt:bold>から届いたんだ。わざわざ手紙なんて送ってきてな。","‥<wrt:wait,30>啊，是<txt:bold,2><txt:color,orange>时宇</txt:color></txt:bold>寄来的。不知怎么特意寄了封信来。","‥<wrt:wait,30>啊啊，那是<txt:bold,2><txt:color,orange>時宇</txt:color></txt:bold>寄來的。不知怎麼特意寄了封信來。","...<wrt:wait,30> А, это от <txt:bold,2><txt:color,orange>Шиу</txt:color></txt:bold>. Он почему-то решил мне написать.","...<wrt:wait,30>Ah, itu daripada <txt:bold,2><txt:color,orange>Siwoo</txt:color></txt:bold>. Dia bersusah payah menghantar surat kepada saya.","...<wrt:wait,30>À, là thư của <txt:bold,2><txt:color,orange>Siwoo</txt:color></txt:bold>. Cậu ấy còn cất công viết thư gửi tới đây đấy.","...<wrt:wait,30>Ah, me la envió <txt:bold,2><txt:color,orange>Siwoo</txt:color></txt:bold>. Se tomó la molestia de enviarme una carta.","...<wrt:wait,30>Ah, itu dari <txt:bold,2><txt:color,orange>Siwoo</txt:color></txt:bold>. Dia telah kirim surat padaku.","...<wrt:wait,30>อ๋อ ฉันได้มาจาก<txt:bold,2><txt:color,orange>ชีอู</txt:color></txt:bold>น่ะ เขาถึงกับส่งจดหมายมาให้เลย","Ah... <wrt:wait,30>é do <txt:bold,2><txt:color,orange>Siwoo</txt:color></txt:bold>. Ele fez questão de mandar uma carta."
,,,홍시,,1_기본,wave,,"오오, 무슨 내용이었나?",Oh? What did it say?,へえ、何て書いてあったんだい？,噢噢，信里写了什么？,喔喔，裡面寫了些什麼？,"Ого, а что он говорит?",Oh? Apa yang tertulis?,"Ồ ồ, nội dung là gì vậy?","¿Oh, oh, qué dice?","Ohhh, apa isinya?",โอ้โห เขาเขียนมาว่าอะไรเหรอ?,O que ele escreveu?
,,,류현,,-1_기본,pause,,별거 아니야. 이따 얘기해 줄게. 그보다 모두 나가! 배구해야 하잖아?,"Nothing important. I'll tell you later. More importantly, everybody out! We've got volleyball to play, don't we?",大した内容じゃないさ。後で話すよ。それより、みんな外に出ろ！バレーするんだろう？,没什么特别的。等会儿再跟你们说。你们先出去啦！不是要打排球吗？,沒什麼，晚點再跟你們說。比起那個，你們先出去吧！不是要打排球嗎？,Ничего особенного. Потом расскажу. А сейчас все вон! Волейбол сам себя не сыграет.,"Tiada apa yang penting. Nanti saya beritahu. Yang penting, semua keluar! Kita nak bermain bola tampar, bukan?",Không có gì đặc biệt đâu. Lát nữa tôi kể. Cơ mà mọi người ra ngoài đi! Chẳng phải là phải chơi bóng chuyền sao?,No es nada. Te cuento después. Mejor salgan todos. ¿No teníamos que jugar voleibol?,"Bukan apa-apa. Nanti kuceritakan. Lebih baik kalian keluar dulu! Kita harus main voli, kan?",ไม่ได้มีอะไรสำคัญหรอก เดี๋ยวฉันค่อยเล่าให้ฟังนะ ทุกคนออกไปก่อนเถอะ! เราต้องเล่นวอลเลย์บอลกันนี่นา?,"Nada demais. Depois eu conto. Agora saiam! Combinamos de jogar vôlei, não?"
,,,홍시,,1_헉,,,"헉!! 맞다, 내 스파이크 맛을 보여줄 때군! 얼른 와라, <txt:bold,2><txt:color,orange>류현</txt:color></txt:bold>!<cha:pos,홍시,4>","Gah! Right, time to show off my spikes! Hurry up, <txt:bold,2><txt:color,orange>Ryuhyeon</txt:color></txt:bold>!<cha:pos,홍시,4>","あっ、そうだったな！！私の必殺スパイクを受ける覚悟をするのだ！早く来い、<txt:bold,2><txt:color,orange>真一</txt:color></txt:bold>！<cha:pos,홍시,4>","呃！！对了，是时候让你们见识一下我的扣球了！快点来，<txt:bold,2><txt:color,orange>昊天</txt:color></txt:bold>！<cha:pos,홍시,4>","喔！！對喔，是時候讓你們嚐嚐我扣球的厲害了！快點過來啊，<txt:bold,2><txt:color,orange>昊天</txt:color></txt:bold>！<cha:pos,홍시,4>","Точно! Сегодня вас ждет мой суперудар! Поторопись, <txt:bold,2><txt:color,orange>Рюхён</txt:color></txt:bold>!<cha:pos,홍시,4>","Gah! Betul, masa untuk tunjukkan rejaman saya! Cepatlah, <txt:bold,2><txt:color,orange>Ryuhyeon</txt:color></txt:bold>!<cha:pos,홍시,4>","Hự!! Phải rồi, đến lúc cho mọi người nếm thử cú đập bóng của tôi rồi! Mau ra đây, <txt:bold,2><txt:color,orange>Ryuhyeon</txt:color></txt:bold>!<cha:pos,홍시,4>","¡¡Ah!! ¡Es cierto! Tengo que mostrarles el poder de mi remate. ¡Ven enseguida, <txt:bold,2><txt:color,orange>Ryuhyeon</txt:color></txt:bold>!<cha:pos,홍시,4>","Hah!! Benar, saatnya menunjukkan kehebatan Spike-ku! Cepat datang, <txt:bold,2><txt:color,orange>Ryuhyun</txt:color></txt:bold>!<cha:pos,홍시,4>","เฮือก!! จริงด้วย ถึงเวลาโชว์การตบของฉันแล้ว! รีบมานะ <txt:bold,2><txt:color,orange>รยูฮยอน</txt:color></txt:bold>!<cha:pos,홍시,4>","Opa! É verdade! Hora de mostrar minha cortada poderosa! Vem logo, <txt:bold,2><txt:color,orange>Ryuhyeon</txt:color></txt:bold>!<cha:pos,홍시,4>"
,,,TAG,,,,,"<cha:pos,류현,-2><cha:pos,소담,2><cha:pos,무영,4><cha:pos,한라,4>","<cha:pos,류현,-2><cha:pos,소담,2><cha:pos,무영,4><cha:pos,한라,4>","<cha:pos,류현,-2><cha:pos,소담,2><cha:pos,무영,4><cha:pos,한라,4>","<cha:pos,류현,-2><cha:pos,소담,2><cha:pos,무영,4><cha:pos,한라,4>","<cha:pos,류현,-2><cha:pos,소담,2><cha:pos,무영,4><cha:pos,한라,4>","<cha:pos,류현,-2><cha:pos,소담,2><cha:pos,무영,4><cha:pos,한라,4>","<cha:pos,류현,-2><cha:pos,소담,2><cha:pos,무영,4><cha:pos,한라,4>","<cha:pos,류현,-2><cha:pos,소담,2><cha:pos,무영,4><cha:pos,한라,4>","<cha:pos,류현,-2><cha:pos,소담,2><cha:pos,무영,4><cha:pos,한라,4>","<cha:pos,류현,-2><cha:pos,소담,2><cha:pos,무영,4><cha:pos,한라,4>","<cha:pos,류현,-2><cha:pos,소담,2><cha:pos,무영,4><cha:pos,한라,4>","<cha:pos,류현,-2><cha:pos,소담,2><cha:pos,무영,4><cha:pos,한라,4>"
,,,소담,,1_걱정,,,...,...,‥,‥,‥,...,"<sys:quiet,1000>...",...,...,...,...,...
,,,류현,,-1_기본,,,"<txt:bold,2><txt:color,orange>소담</txt:color></txt:bold>, 너도 가야지.","<txt:bold,2><txt:color,orange>Sodam</txt:color></txt:bold>, you should head out too.","<txt:bold,2><txt:color,orange>翆</txt:color></txt:bold>、お前も行ってこい。","<txt:bold,2><txt:color,orange>芷柔</txt:color></txt:bold>，你也该出去了。","<txt:bold,2><txt:color,orange>芷柔</txt:color></txt:bold>，妳也該出去了。","<txt:bold,2><txt:color,orange>Содам</txt:color></txt:bold>, а ты не идешь?","Sodam, awak pun patut pergi juga.","<txt:bold,2><txt:color,orange>Sodam</txt:color></txt:bold>, em cũng phải đi chứ.","<txt:bold,2><txt:color,orange>Sodam</txt:color></txt:bold>, tú también tienes que ir.","<txt:bold,2><txt:color,orange>Sodam</txt:color></txt:bold>, kamu juga harus keluar.","<txt:bold,2><txt:color,orange>โซดัม</txt:color></txt:bold> เธอก็ต้องไปด้วยสิ","<txt:bold,2><txt:color,orange>Sodam</txt:color></txt:bold>, você também precisa ir."
,,,TAG,,,,,"<sys:quiet,1000>","<sys:quiet,1000>","<sys:quiet,1000>","<sys:quiet,1000>","<sys:quiet,1000>","<sys:quiet,1000>","<txt:bold,2><txt:color,orange>Sodam</txt:color></txt:bold>, awak patut pergi juga.","<sys:quiet,1000>","<sys:quiet,1000>","<sys:quiet,1000>","<sys:quiet,1000>","<sys:quiet,1000>"
,,,소담,,1_걱정,nervous,,"<wrt:delay,12>...<wrt:wait,30>선배님.</wrt:delay> 죄송해요. <wrt:break>실은 너무 궁금해서 <txt:bold,1>선배님이 잠든 사이에 편지를 읽어버렸어요.</txt:bold>","<wrt:delay,12>...<wrt:wait,30><txt:bold,2><txt:color,orange>Ryuhyeon</txt:color></txt:bold>.</wrt:delay> I'm sorry. <wrt:break> I was so curious that <txt:bold,1>I read the letter while you were asleep.</txt:bold>","<wrt:delay,12>‥<wrt:wait,30>先輩。</wrt:delay>ごめんなさい。<wrt:break>実はすごく気になって、<txt:bold,1>先輩が寝てる間に手紙を読んじゃいました。</txt:bold>","<wrt:delay,12>‥<wrt:wait,30>前辈。</wrt:delay>对不起。<wrt:break>其实我实在太好奇，<txt:bold,1>就趁您睡觉的时候把信看了。</txt:bold>","<wrt:delay,12>‥<wrt:wait,30>前輩。</wrt:delay>對不起。<wrt:break>其實我太好奇了，<txt:bold,1>就在前輩睡著的時候把信看完了。</txt:bold>","<wrt:delay,12>...<wrt:wait,30> <txt:bold,2><txt:color,orange>Рюхён</txt:color></txt:bold>, прости меня. <wrt:break>Мне было так любопытно, и, <txt:bold,1>пока ты спал, я прочитала письмо.</txt:bold>","<wrt:delay,12>...<wrt:wait,30><txt:bold,2><txt:color,orange>Abang Ryuhyeon</txt:color></txt:bold>.</wrt:delay> Saya minta maaf. <wrt:break> Saya terlalu ingin tahu sampai <txt:bold,1>saya membaca surat itu semasa abang tidur.</txt:bold>","<wrt:delay,12>...<wrt:wait,30>Anh ơi.</wrt:delay> Em xin lỗi. <wrt:break>Thật ra vì tò mò quá nên <txt:bold,1>trong lúc anh ngủ, em đã đọc lá thư mất rồi.</txt:bold>","<wrt:delay,12>...<wrt:wait,30>Ryuhyeon.</wrt:delay> Lo siento. <wrt:break>La verdad es que tenía mucha curiosidad <txt:bold,1>y leí la carta mientras dormías.</txt:bold>","<wrt:delay,12>...<wrt:wait,30>Senior.</wrt:delay> Maaf. <wrt:break>Sebenarnya karena terlalu penasaran, <txt:bold,1>saya membaca suratnya saat senior sedang tidur.</txt:bold>","<wrt:delay,12>...<wrt:wait,30>รุ่นพี่</wrt:delay> ขอโทษนะคะ <wrt:break>ที่จริงฉันสงสัยมาก <txt:bold,1>ก็เลยอ่านจดหมายไปแล้วตอนที่รุ่นพี่หลับ</txt:bold>","<wrt:delay,12>Hum... <wrt:wait,30>Ryuhyeon... </wrt:delay>Desculpa. <wrt:break>Eu fiquei muito curiosa e <txt:bold,1>acabei lendo a carta enquanto você dormia.</txt:bold>"
,,,소담,,1_걱정,nervous,,"<txt:bold,2><txt:color,red>지하 배구장</txt:color></txt:bold>이라니... <wrt:break><txt:bold,1>덩치 친구에게 대체 무슨 일이 생긴 거예요?</txt:bold>","An <txt:bold,2><txt:color,red>Underground Volleyball Court</txt:color></txt:bold>... <wrt:break><txt:bold,1>what in the world happened to the big guy?</txt:bold>","<txt:bold,2><txt:color,red>地下バレーコート</txt:color></txt:bold>って‥<wrt:break><txt:bold,1>ムキムキさんに、一体何があったんですか？</txt:bold>","<txt:bold,2><txt:color,red>地下排球场</txt:color></txt:bold>什么的‥<wrt:break><txt:bold,1>大个子朋友到底出什么事了？</txt:bold>","<txt:bold,2><txt:color,red>地下排球場</txt:color></txt:bold>什麼的‥<wrt:break><txt:bold,1>大個子朋友到底發生了什麼事？</txt:bold>","<txt:bold,2><txt:color,red>Подземный корт</txt:color></txt:bold>... <wrt:break><txt:bold,1>В какую передрягу попал наш Здоровяк?</txt:bold>","<txt:bold,2><txt:color,red>Gelanggang Bola Tampar Bawah Tanah</txt:color></txt:bold>... <wrt:break><txt:bold,1>apa sebenarnya yang berlaku kepada si besar itu?</txt:bold>","<txt:bold,2><txt:color,red>Sân Bóng Chuyền Ngầm</txt:color></txt:bold> là sao... <wrt:break><txt:bold,1>Rốt cuộc đã xảy ra chuyện gì với người bạn cao lớn vậy?</txt:bold>","Vaya, una <txt:bold,2><txt:color,red>cancha de voleibol subterránea</txt:color></txt:bold>... <wrt:break><txt:bold,1>¿Qué rayos le pasó a nuestro amigo grandulón?</txt:bold>","<txt:bold,2><txt:color,red>Lapangan voli bawah tanah</txt:color></txt:bold>... <wrt:break><txt:bold,1>Apa telah terjadi sesuatu kepada Si Gede?</txt:bold>","<txt:bold,2><txt:color,red>สนามวอลเลย์บอลใต้ดิน</txt:color></txt:bold>... <wrt:break><txt:bold,1>เกิดเรื่องอะไรขึ้นกับสหายตัวโตกันแน่คะ?</txt:bold>","Uma <txt:bold,2><txt:color,red>quadra de vôlei subterrânea</txt:color></txt:bold>... <wrt:break><txt:bold,1>O que aconteceu com aquele amigo grandão?</txt:bold>"
,,,류현,,-1_슬픔,pause,,...,...,‥,‥,‥,...,...,...,...,...,...,...
,,,소담,,1_걱정,nervous,,"<txt:bold,2><txt:color,orange>시프</txt:color></txt:bold>라던가 <txt:bold,2><txt:color,orange>클레르</txt:color></txt:bold>라던가. <wrt:break>편지에 적힌 그 이름들, 대체 누구인 거죠?","Someone called <txt:bold,2><txt:color,orange>Sif</txt:color></txt:bold>, someone called <txt:bold,2><txt:color,orange>Claire</txt:color></txt:bold>. <wrt:break>The names in the letter, who are they?","<txt:bold,2><txt:color,orange>シフ</txt:color></txt:bold>とか<txt:bold,2><txt:color,orange>クレール</txt:color></txt:bold>とか。<wrt:break>手紙に書かれてた名前、あれは誰なんですか？","还有什么<txt:bold,2><txt:color,orange>希芙</txt:color></txt:bold>啊，<txt:bold,2><txt:color,orange>克莱尔</txt:color></txt:bold>啊。<wrt:break>信里写的那些名字，到底是谁啊？","<txt:bold,2><txt:color,orange>希芙</txt:color></txt:bold>、還有<txt:bold,2><txt:color,orange>克萊爾</txt:color></txt:bold>。<wrt:break>信上寫的那些名字，到底是誰？","А эти <txt:bold,2><txt:color,orange>Сиф</txt:color></txt:bold>, <txt:bold,2><txt:color,orange>Клэр</txt:color></txt:bold> и все другие... <wrt:break>Ты их знаешь?","Seorang bernama <txt:bold,2><txt:color,orange>Sif</txt:color></txt:bold>, seorang bernama <txt:bold,2><txt:color,orange>Claire</txt:color></txt:bold>. <wrt:break>Nama-nama dalam surat itu, siapakah mereka?","Nào là <txt:bold,2><txt:color,orange>Sif</txt:color></txt:bold>, nào là <txt:bold,2><txt:color,orange>Claire</txt:color></txt:bold>. <wrt:break>Những cái tên được viết trong thư đó rốt cuộc là ai vậy?","Nombres como <txt:bold,2><txt:color,orange>Sif</txt:color></txt:bold> o <txt:bold,2><txt:color,orange>Claire</txt:color></txt:bold>. <wrt:break>¿Quiénes son esas personas que salen en la carta?","Lalu <txt:bold,2><txt:color,orange>Sif</txt:color></txt:bold> dan <txt:bold,2><txt:color,orange>Claire</txt:color></txt:bold>. <wrt:break>Siapa sebenarnya nama-nama yang tertulis di surat itu?","ไหนจะ<txt:bold,2><txt:color,orange>ซีฟ</txt:color></txt:bold> แล้วก็<txt:bold,2><txt:color,orange>แคลร์</txt:color></txt:bold> <wrt:break>ชื่อพวกนั้นที่ถูกเขียนในจดหมายคือใครกันเหรอคะ?","<txt:bold,2><txt:color,orange>Sif</txt:color></txt:bold>... <txt:bold,2><txt:color,orange>Claire</txt:color></txt:bold>... <wrt:break>Esses nomes na carta... quem são essas pessoas?"
,,,소담,,1_놀람,nervous,,"게다가 책상 아래 숨겨두신 <txt:bold,1>저 모자</txt:bold>... <wrt:wait,30>선배님이 선물해 준 거잖아요.","And <txt:bold,1>that hat</txt:bold> you hid under your desk... <wrt:wait,30>that was a gift from you, wasn't it?","それに、机の下に隠してある<txt:bold,1>あの笠</txt:bold>‥<wrt:wait,30>先輩がプレゼントしたものですよね？","而且藏在书桌底下的<txt:bold,1>那顶帽子</txt:bold>‥<wrt:wait,30>那不是您送给他的礼物吗？","還有藏在書桌底下的<txt:bold,1>那頂帽子</txt:bold>‥<wrt:wait,30>那不是前輩送給他的禮物嗎。","И эта <txt:bold,1>шляпа</txt:bold> под столом... <wrt:wait,30>Ты же ее подарил Шиу.","Dan <txt:bold,1>topi itu</txt:bold> yang abang sembunyikan di bawah meja... <wrt:wait,30>itu hadiah daripada abang, bukan?","Hơn nữa, <txt:bold,1>chiếc mũ kia</txt:bold> mà anh giấu dưới bàn... <wrt:wait,30>chẳng phải là món quà anh đã tặng sao?","Además, <txt:bold,1>ese sombrero</txt:bold> que está escondido debajo del escritorio...<wrt:wait,30>¿No se lo regalaste tú?","Terlebih lagi, <txt:bold,1>topi itu</txt:bold> yang senior sembunyikan di bawah meja... <wrt:wait,30>Itu kan hadiah dari senior.","ยิ่งไปกว่านั้น <txt:bold,1>หมวกนั่น</txt:bold>ที่ซ่อนไว้ใต้โต๊ะ... <wrt:wait,30>เป็นของขวัญที่รุ่นพี่ให้นี่คะ","E <txt:bold,1>aquele chapéu</txt:bold> escondido debaixo da mesa... <wrt:wait,30>foi você que deu de presente, não foi?"
,,,소담,,1_걱정,nervous,,"<txt:bold,1>어째서 저게 다시 여기 있는 거죠?</txt:bold>","<txt:bold,1>Why is it back here now?</txt:bold>","<txt:bold,1>どうして、あれがまたここにあるんですか？</txt:bold>","<txt:bold,1>为什么那个帽子会回到这里？</txt:bold>","<txt:bold,1>為什麼會又出現在這裡？</txt:bold>","<txt:bold,1>Почему он ее вернул?</txt:bold>","<txt:bold,1>Kenapa ia kembali ke sini?</txt:bold>","<txt:bold,1>Tại sao nó lại ở đây?</txt:bold>","<txt:bold,1>¿Pero qué hace eso de nuevo aquí?</txt:bold>","<txt:bold,1>Kenapa topi itu bisa ada di sini lagi?</txt:bold>","<txt:bold,1>ทำไมมันถึงกลับมาอยู่ที่นี่อีกล่ะคะ?</txt:bold>","<txt:bold,1>Por que ele está aqui?</txt:bold>"
,,,류현,,-1_흠,pause,,"나도<wrt:wait,30> 잘 모르겠어. <wrt:break><wrt:wait,30><txt:bold,2><txt:color,orange>시우</txt:color></txt:bold>에게 무슨 일이 생긴 건지, 왜 이 모자가 돌아온 건지.","I... <wrt:wait,30>I don't know. <wrt:break><wrt:wait,30>What happened to <txt:bold,2><txt:color,orange>Siwoo</txt:color></txt:bold>, why this hat is back here.","私にも<wrt:wait,30>よく分からないんだ。<wrt:break><wrt:wait,30><txt:bold,2><txt:color,orange>新</txt:color></txt:bold>に何が起きたのか、どうして笠が戻ってきたのか。","我也<wrt:wait,30>不太清楚。<wrt:break><wrt:wait,30><txt:bold,2><txt:color,orange>时宇</txt:color></txt:bold>到底发生了什么事，为什么这顶帽子会被送回来。","其實我<wrt:wait,30>也不太清楚。<wrt:break><wrt:wait,30><txt:bold,2><txt:color,orange>時宇</txt:color></txt:bold>到底發生了什麼事，為什麼這頂帽子會被退回來。","Я<wrt:wait,30> тоже не знаю. <wrt:break><wrt:wait,30>Не понимаю, что случилось с <txt:bold,2><txt:color,orange>Шиу</txt:color></txt:bold> и почему эта шляпа вернулась.","Saya... <wrt:wait,30>saya tak tahu. <wrt:break><wrt:wait,30>Apa yang berlaku kepada <txt:bold,2><txt:color,orange>Siwoo</txt:color></txt:bold>, kenapa topi ini kembali ke sini.","Ta cũng<wrt:wait,30> không rõ. <wrt:break><wrt:wait,30>Không biết <txt:bold,2><txt:color,orange>Siwoo</txt:color></txt:bold> đã xảy ra chuyện gì, tại sao chiếc mũ này lại quay về.","Yo<wrt:wait,30> tampoco lo sé bien. <wrt:break><wrt:wait,30>¿Qué le habrá pasado a <txt:bold,2><txt:color,orange>Siwoo</txt:color></txt:bold>? ¿Por qué ese sombrero está aquí otra vez?","Aku pun <wrt:wait,30>tidak tahu pasti. <wrt:break><wrt:wait,30>Apa yang terjadi pada <txt:bold,2><txt:color,orange>Siwoo</txt:color></txt:bold>, dan kenapa topi ini kembali.","ฉันก็<wrt:wait,30>ไม่รู้เหมือนกัน <wrt:break><wrt:wait,30>ว่าเกิดเรื่องอะไรขึ้นกับ<txt:bold,2><txt:color,orange>ชีอู</txt:color></txt:bold> รวมถึงหมวกใบนี้กลับมาได้ยังไง","Eu...<wrt:wait,30> também não sei. <wrt:break><wrt:wait,30>Não sei o que aconteceu com o <txt:bold,2><txt:color,orange>Siwoo</txt:color></txt:bold>, nem por que esse chapéu voltou."
,,,류현,,-1_흠,pause,,"...<wrt:wait,30>분명히 내가 직접 되찾으러 갈 때까지 맡겨둔 건데.","...<wrt:wait,30>I left it in his keeping until I'd come back for it myself.","‥<wrt:wait,30>あれは確かに、私が取りに行くまで預かっていてくれって渡したはずなんだ。","‥<wrt:wait,30>明明说好了，这帽子先放在他那里保管，等我亲自去拿回来的。","‥<wrt:wait,30>明明說好，要他一直保管到我親自去拿為止的。","...<wrt:wait,30> Мне казалось, он оставит шляпу у себя, пока я сам не попрошу ее.","...<wrt:wait,30>Saya tinggalkan ia dalam jagaan dia sehingga saya kembali untuk mengambilnya.","...<wrt:wait,30>Rõ ràng ta đã giao nó cho cậu ấy giữ đến khi ta đích thân đi lấy lại mà.","...<wrt:wait,30>Estoy seguro de que se lo dejé a su cuidado hasta que yo fuera a recuperarlo.","...<wrt:wait,30>Padahal aku sudah bilang kalau aku menitipkannya sampai aku sendiri yang datang mengambilnya.","...<wrt:wait,30>ฉันแน่ใจว่าได้ฝากเขาไว้ จนกว่าฉันจะกลับไปเอาเองแท้ๆ","Hum... <wrt:wait,30>Eu tinha pedido pra guardar até eu voltar pra pegar."
,,,소담,,1_걱정,,,선배님.,"<txt:bold,2><txt:color,orange>Ryuhyeon</txt:color></txt:bold>.",先輩。,前辈。,前輩。,"<txt:bold,2><txt:color,orange>Рюхён</txt:color></txt:bold>.","<txt:bold,2><txt:color,orange>Abang Ryuhyeon</txt:color></txt:bold>!",Anh ơi.,"<txt:bold,2><txt:color,orange>Ryuhyeon</txt:color></txt:bold>.",Senior.,รุ่นพี่,Ryuhyeon.
,,,류현,,-1_기본,,,"너무 걱정하진 마. 별일 아닐 거야. <wrt:break><txt:bold,2><txt:color,orange>시우</txt:color></txt:bold> 곁엔 <txt:bold,2><txt:color,orange>다희</txt:color></txt:bold>도 있고 친구들이 많잖아.","Don't worry too much. It's probably nothing. <wrt:break><txt:bold,2><txt:color,orange>Siwoo</txt:color></txt:bold>'s got <txt:bold,2><txt:color,orange>Dahee</txt:color></txt:bold> and plenty of friends with him.","そんなに心配するな。きっと大したことにはなってない。<wrt:break><txt:bold,2><txt:color,orange>新</txt:color></txt:bold>のそばには<txt:bold,2><txt:color,orange>夏希</txt:color></txt:bold>もいるし、仲間だってたくさんいるじゃないか。","别太担心。应该没什么大事。<wrt:break><txt:bold,2><txt:color,orange>时宇</txt:color></txt:bold>身边还有<txt:bold,2><txt:color,orange>多熙</txt:color></txt:bold>，还有很多朋友陪着他呢。","妳別太擔心，應該沒什麼大礙。<wrt:break><txt:bold,2><txt:color,orange>時宇</txt:color></txt:bold>身邊還有<txt:bold,2><txt:color,orange>多熙</txt:color></txt:bold>和很多朋友在啊。","Ладно, все будет хорошо. <wrt:break>У <txt:bold,2><txt:color,orange>Шиу</txt:color></txt:bold> полно друзей, да и <txt:bold,2><txt:color,orange>Дахи</txt:color></txt:bold> рядом.","Jangan risau sangat. Mungkin tiada apa-apa. <wrt:break><txt:bold,2><txt:color,orange>Siwoo</txt:color></txt:bold> ada <txt:bold,2><txt:color,orange>Dahee</txt:color></txt:bold> dan ramai kawan-kawan bersamanya.","Đừng lo quá. Chắc không có gì nghiêm trọng đâu. <wrt:break>Bên cạnh <txt:bold,2><txt:color,orange>Siwoo</txt:color></txt:bold> còn có <txt:bold,2><txt:color,orange>Dahee</txt:color></txt:bold> và nhiều bạn bè mà.","No te preocupes tanto. No le ha de haber pasado nada. <wrt:break><txt:bold,2><txt:color,orange>Siwoo</txt:color></txt:bold> tiene de su lado a <txt:bold,2><txt:color,orange>Dahee</txt:color></txt:bold> y a muchos amigos más.","Jangan terlalu khawatir. Pasti bukan masalah besar. <wrt:break><txt:bold,2><txt:color,orange>Siwoo</txt:color></txt:bold> kan bersama <txt:bold,2><txt:color,orange>Dahee</txt:color></txt:bold> dan teman-teman lainnya.","เธอไม่ต้องกังวลมากไปนะ คงไม่มีอะไรหรอก <wrt:break><txt:bold,2><txt:color,orange>ชีอู</txt:color></txt:bold>มีทั้ง<txt:bold,2><txt:color,orange>ดาฮี</txt:color></txt:bold> แล้วก็เพื่อนๆ อยู่เคียงข้างตั้งเยอะนี่นา","Não se preocupe tanto. Não deve ser nada sério. <wrt:break>O <txt:bold,2><txt:color,orange>Siwoo</txt:color></txt:bold> está com a <txt:bold,2><txt:color,orange>Dahee</txt:color></txt:bold> e muitos amigos."
,,,류현,,-1_기본,,,나도 좀 알아볼게. 일단 너도 나가 있어.,"I'll look into it. For now, you head out too.",私も少し調べてみる。だから、お前は先に行っててくれ。,我也会去打听一下的。你先出去吧。,我也會去打聽看看的。總之，妳也先出去吧。,Но я еще спрошу у него. Иди пока к остальным.,"Saya akan siasat. Buat masa ini, awak pergi juga.",Ta cũng sẽ tìm hiểu thêm. Trước mắt em cứ ra ngoài đi.,Yo también investigaré. Por ahora ve yendo.,"Aku juga akan mencari tahu. Untuk sekarang, kamu pergilah dulu.",ฉันเองก็จะลองเช็กดูด้วย เธอออกไปก่อนเถอะ,Eu vou investigar também. Agora você pode ir.
,,,소담,,1_기본,nervous,,...알겠어요. 무슨 일이 생긴 거면 꼭 알려주셔야 해요...!!,"All right... If something has happened, you have to tell me...!",‥分かりました。でも、何かあったら絶対に教えてくださいね‥！！,‥知道了。如果发生了什么事，一定要告诉我‥！！,‥我知道了。如果有發生什麼事，請一定要告訴我‥！！,"Хорошо... Но если что-то случится, обязательно расскажи мне.","Baiklah... Kalau apa-apa berlaku, abang mesti beritahu saya...!",...Em hiểu rồi. Nếu có chuyện gì xảy ra thì anh nhất định phải cho em biết đó...!!,... Está bien. ¡¡Pero si llegó a pasarle algo me tienes que avisar sin falta...!!,"...Baiklah. Kalau ada sesuatu yang terjadi, Senior harus memberitahu saya, ya...!!",...เข้าใจแล้วค่ะ ถ้ามีเรื่องอะไร รุ่นพี่ต้องบอกฉันนะคะ...!!,"Tá bom... Mas se acontecer alguma coisa, me avisa!"
,,,류현,,-1_기본+,,,"응, 약속할게.","Yeah, I promise.",ああ、約束する。,嗯，我答应你。,嗯，我答應妳。,Договорились.,"Ya, saya janji.","Ừ, ta hứa.","Sí, te lo prometo.","Iya, aku janji",อืม ฉันสัญญา,"Tá, pode deixar."
,,,TAG,,,,,"<cha:pos,류현,0><cha:pos,소담,4>","<cha:pos,류현,0><cha:pos,소담,4>","<cha:pos,류현,0><cha:pos,소담,4>","<cha:pos,류현,0><cha:pos,소담,4>","<cha:pos,류현,0><cha:pos,소담,4>","<cha:pos,류현,0><cha:pos,소담,4>","<cha:pos,류현,0><cha:pos,소담,4>","<cha:pos,류현,0><cha:pos,소담,4>","<cha:pos,류현,0><cha:pos,소담,4>","<cha:pos,류현,0><cha:pos,소담,4>","<cha:pos,류현,0><cha:pos,소담,4>","<cha:pos,류현,0><cha:pos,소담,4>"
,,,류현,,1_흠,,silent,"...<wrt:wait,30>정말 <txt:bold,2><txt:color,orange>시우</txt:color></txt:bold>에게 무슨 일이 생긴 걸까.","...<wrt:wait,30>Did something really happen to <txt:bold,2><txt:color,orange>Siwoo</txt:color></txt:bold>?","‥<wrt:wait,30>本当に<txt:bold,2><txt:color,orange>新</txt:color></txt:bold>に何かあったんだろうか。","‥<wrt:wait,30><txt:bold,2><txt:color,orange>时宇</txt:color></txt:bold>到底出了什么事。","‥<wrt:wait,30><txt:bold,2><txt:color,orange>時宇</txt:color></txt:bold>到底發生了什麼事。","...<wrt:wait,30> Что же случилось с <txt:bold,2><txt:color,orange>Шиу</txt:color></txt:bold>?","...<wrt:wait,30>Adakah sesuatu telah berlaku kepada <txt:bold,2><txt:color,orange>Siwoo</txt:color></txt:bold>?","...<wrt:wait,30>Thật sự đã xảy ra chuyện gì với <txt:bold,2><txt:color,orange>Siwoo</txt:color></txt:bold> sao.","...<wrt:wait,30>Me pregunto si de verdad le pasó algo a <txt:bold,2><txt:color,orange>Siwoo</txt:color></txt:bold>.","...<wrt:wait,30>Apa benar-benar terjadi sesuatu pada <txt:bold,2><txt:color,orange>Siwoo</txt:color></txt:bold>?","...<wrt:wait,30>มีเรื่องอะไรเกิดขึ้นกับ<txt:bold,2><txt:color,orange>ชีอู</txt:color></txt:bold>จริงๆ งั้นเหรอ","Será que... <wrt:wait,30>aconteceu algo com o <txt:bold,2><txt:color,orange>Siwoo</txt:color></txt:bold>?"
,,,류현,,1_흠,,,"오랜만에... <wrt:wait,30><txt:bold,1>속세로 내려가 봐야 하려나.</txt:bold>","It's been a long time... <wrt:wait,30><txt:bold,1>looks like I'll need to head back into the world.</txt:bold>","久しぶりに‥<wrt:wait,30><txt:bold,1>俗世へ下りる時かもしれないな。</txt:bold>","好久没下山了‥<wrt:wait,30><txt:bold,1>看来该去俗世走一趟了。</txt:bold>","看來‥<wrt:wait,30><txt:bold,1>我是時候該下山一趟了。</txt:bold>","Видимо... <wrt:wait,30><txt:bold,1>Пора снова вернуться в мир простых людей.</txt:bold>","Sekian lamanya... <wrt:wait,30><txt:bold,1>nampaknya saya perlu kembali ke dunia.</txt:bold>","Lâu rồi... <wrt:wait,30><txt:bold,1>có lẽ phải xuống trần thế một chuyến.</txt:bold>","Ha pasado mucho tiempo... <wrt:wait,30><txt:bold,1>Quizás ya sea hora de bajar al mundo terrenal.</txt:bold>","Sepertinya... <wrt:wait,30><txt:bold,1>aku harus turun ke dunia luar setelah sekian lama.</txt:bold>","นานๆ ที... <wrt:wait,30><txt:bold,1>คงต้องลงไปที่โลกธรรมดาบ้างแล้วรึเปล่านะ</txt:bold>","Faz muito tempo... <wrt:wait,30><txt:bold,1>será que vou ter que descer de novo para o mundo lá fora?</txt:bold>"