KEY,중국어-번체(zh-)
GUIDE/TIP_77,幸運！這個提示出現的機率只有萬分之一。看來今天一定會有好事發生！
GUIDE/TIP_01,可以使用V點數招募球員
GUIDE/TIP_02,WS是主攻手的縮寫。
GUIDE/TIP_03,MB是中間手的縮寫。
GUIDE/TIP_04,Se是舉球員的縮寫。
GUIDE/TIP_05,可以消耗提升球員能力值時所用球芒幣的20%來降低能力值。
GUIDE/TIP_06,可以透過暫停重置所有狀態。
GUIDE/TIP_08,對方舉球員接跳發飄球的優先順序最低。
GUIDE/TIP_09,關閉新手模式後，可以進行更精細的操作。
GUIDE/TIP_10,在特定情況下連續失分時，最好透過暫停來改變輪轉。
GUIDE/TIP_11,在《The Spike Cross》中沒有前排/後排的概念，可以在任何位置進攻。
GUIDE/TIP_12,當速度和防守力的平均值達到120以上時，攔網AI會變得更加精準。
GUIDE/TIP_13,防守力越低，魚躍後彈起的球飛得越遠。
GUIDE/TIP_14,對體力不足的對手使用佯攻容易得分。
GUIDE/TIP_15,善於使用魚躍的隊伍往往對長距離扣球比較弱。
GUIDE/TIP_16,加入收藏後可與其他球員分開查看，方便管理。
GUIDE/TIP_17,首次3星通關劇情模式的每個關卡可獲得V點數。
TIP/BLOCKING/ALERT_01,前排時#在網前按{n1}進行攔網。
TIP/BLOCKING/ALERT_02,當對方球員準備進攻時#在網前長按{n1}後鬆開進行攔網。
TIP/BLOCKING/ALERT_03,未在準確時機起跳攔網時，#與扣球者的攻擊力差距越大，#就會飛得越遠。
TIP/DEUCE/ALERT_01,排球比賽中，即使達到目標分數#也必須領先對方2分才能贏得比賽。
TIP/FAINT/ALERT_01,當對方準確的準備攔網時#請在扣球動作中{n1}使用佯攻。
TIP/HPCHECK/ALERT_01,當上方的體力條降低時#隊員的接球會失敗。
TIP/HPCHECK/ALERT_02,當上方的體力條較低時#嘗試透過攔網或魚躍進行防守。
TIP/HPCHECK/ALERT_03,防守力低的球員接球時#會消耗更多體力。
TIP/FARSPIKE/ALERT_01,球越靠近球員前方，扣球的角度就越深。#不過，新手模式會自動調整。
TIP/WIN/ALERT_01,打得不錯嘛！#《The Spike Cross》建議使用手動操作模式。#準備好體驗新的樂趣嗎？
TIP/WIN/ALERT_02,非常好！#如果已經熟悉扣球時機#建議在設定中關閉新手模式。
TIP/CONDITION/FOCUS,【專注】#處於專注狀態的球員#所有能力值都會比平時提高。
TIP/CONDITION/ANGRY,【興奮】#處於興奮狀態的球員#攻擊力和速度會提高，但防守力和跳躍力會降低。
TIP/CONDITION/SAD,【洩氣】#處於洩氣狀態的球員#所有能力值都會比平時降低。
TIP/CONDITION/CARELESS,【大意】#處於大意狀態的球員#防守力和速度會大幅降低。
TIP/BOSS/ALERT_01,只要有馬允碩在#就能使對方全隊陷入大意狀態的機率增加150%。
TIP/BOSS/ALERT_02,南宰賢的'意志'是當隊伍體力降低時#強化自身能力值的能力。
TIP/BOSS/ALERT_03,綠洲的'日出'是每失3分#就會強化自身能力值的能力。
TIP/BOSS/ALERT_04,韓瑟華雖然是舉球員，但攻擊力很高。#要小心他突然的扣球。
TIP/BOSS/ALERT_05,尚賢的藝術高中重視防守和連貫性。#對準場地中央的扣球容易被看穿。
TIP/BOSS/ALERT_06,金熙成的'絕對防禦'#能完美攔下所有接觸到的扣球。
TIP/BOSS/ALERT_07,趙敏俊的扣球由於強烈的旋轉#會導致球的軌跡在中途改變。
NAME/TEAM_01,大地高中
NAME/TEAM_02,斗一中學
NAME/TEAM_03,自強高中
NAME/TEAM_04,智山高中
NAME/TEAM_05,光譚高中
NAME/TEAM_06,民在高中
NAME/TEAM_07,自強高中
NAME/TEAM_08,肌肉高中
NAME/TEAM_09,逐浪者隊
NAME/TEAM_10,天空高中
NAME/TEAM_11,承曦隊
NAME/TEAM_12,太陽排球隊(替補)
NAME/TEAM_13,棕櫚風暴隊
NAME/TEAM_14,太陽排球隊
NAME/TEAM_15,巨人高中
NAME/TEAM_16,青霓高中
NAME/TEAM_17,長湖原高中
NAME/TEAM_18,航運高中
NAME/TEAM_19,東霸高中
NAME/TEAM_20,化學高中
NAME/TEAM_21,盆唐高中
NAME/TEAM_22,楚池高中
NAME/TEAM_23,颱風高中
NAME/TEAM_24,星光高中
NAME/TEAM_25,藝術高中校友隊
NAME/TEAM_26,精靈高中
NAME/TEAM_27,蜂王高中
NAME/TEAM_28,韓光高中
NAME/TEAM_29,飛行高中
NAME/TEAM_30,神速高中
NAME/TEAM_31,黃色獵豹隊
NAME/TEAM_32,瓦倫蒂亞尖峰隊
NAME/TEAM_33,新手教學
NAME/TEAM_34,鐵壁高中
NAME/TEAM_35,紫蕾隊
NAME/TEAM_36,金戟隊
NAME/TEAM_37,紅盾隊
NAME/TEAM_38,綠色萊昂隊
NAME/TEAM_39,碧戈隊
NAME/TEAM_40,全明星
NAME/TEAM_41,鑽石級神速高中
NAME/TEAM_42,鑽石級星光高中
NAME/TEAM_43,鑽石級蜂王高中
NAME/TEAM_44,鑽石級青霓高中
NAME/TEAM_45,鑽石級颱風高中
NAME/TEAM_46,鑽石級飛行高中
NAME/TEAM_47,瓦倫蒂亞尖峰隊
NAME/TEAM_48,蒼藍荊棘隊
NAME/TEAM_49,赤棒勁旅隊
NAME/TEAM_50,藍鈴隊
NAME/TEAM_51,無名隊
NAME/TEAM_52,鎧甲隊
NAME/TEAM_53,黃霆隊
NAME/TEAM_54,赤刃隊
NAME/TEAM_55,蔚藍天空排球隊
NAME/TEAM_56,黃色加農炮隊
NAME/TEAM_57,大師級太陽排球隊
NAME/TEAM_58,大師級競技場
INGAME/CHANGE_PLAYER,替換球員
INGAME/CHANGE,替換
INGAME/GAME_START,開始比賽
INGAME/CHANGE_CONTROL_PLAYER,更換操控球員
INGAME/ROTATION,輪轉
COMMON/SHOP,商店
COMMON/TUTORIAL,新手教學
COMMON/TRAINING,訓練
COMMON/NEXT,接下來
COMMON/STORY,劇情
COMMON/GUIDE,指南
COMMON/ATTENDANCE,簽到
COMMON/TOURNAMENT,錦標賽
COMMON/COLOSSEUM,排球競技場
COMMON/STRENGTH,攻擊力
COMMON/DEFENSE,防守力
COMMON/SPEED,速度
COMMON/JUMP,跳躍力
COMMON/BRONZE,青銅
COMMON/SILVER,白銀
COMMON/GOLD,黃金
COMMON/DIAMOND,鑽石
COMMON/MASTER,大師
COMMON/WORLD,巨星
COMMON/PLAYER,玩家
COMMON/CLOSE,關閉
COMMON/CANCEL,取消
COMMON/PROGRESS,繼續
COMMON/NAME,姓名
COMMON/HEIGHT,身高
COMMON/RANK,評級
INGAME/PRESET_ADD,新增預設
INGAME/PRESET_MANAGEMENT,預設管理
INGAME/SET_CURRENT_PRESET,設置為當前預設
INGAME/CURRENT_PRESET,當前預設
INGAME/PRESET_RECENT_USE,最近使用的內容
INGAME/PRESET,預設
HELP/FORMATION/DES,你可以透過預設來決定排球隊出場的首發球員陣容。#使用其中一個預設時，另一個預設將成為替補球員，可在比賽中隨時進行替換。
INGAME/CONDITION,狀態
HELP/CONDITION/DES,狀態是指比賽中可能出現的球員狀態變化。#根據每個球員的獨特性格，狀態變化的機率會有所不同。#狀態會在一定時間後恢復正常！#暫停時，所有狀態都會被解除。
INGAME/ANGRY,興奮
HELP/CONDITION/ANGRY/DES,攻擊力和速度提高，但防守力和跳躍力下降。#可能出現的情況：發球得分、進攻失敗
INGAME/CARELESS,大意
HELP/CONDITION/CARELESS/DES,速度和防守力大幅下降。#可能出現的情況：連續5次以上未觸球時，且未觸球次數越多，發生機率越高
INGAME/FOCUS,專注
HELP/CONDITION/FOCUS/DES,整體能力值大幅提升。#可能出現的情況：發球得分、得分、精準攔網成功
INGAME/SAD,洩氣
HELP/CONDITION/SAD/DES,整體能力值下降。#可能出現的情況：進攻失敗
HELP/TOURNAMENT/DES,錦標賽是一個可以與適合自己水平的強隊交流和比賽的地方。
COMMON/POSITION,位置
HELP/POSITION/WS/TITLE,主攻手
HELP/POSITION/WS/DES,隊伍進攻的核心位置。#需要面對攔網才能得分，因此高攻擊力和跳躍力是必備的。
HELP/POSITION/MB/TITLE,中間手
HELP/POSITION/MB/DES,隊伍中的全能球員，承擔防守、攔網、進攻等多重角色。
HELP/POSITION/SE/TITLE,舉球員
HELP/POSITION/SE/DES,在第二次觸球時舉球的位置。#不同性格的舉球員會舉出不同球路，因此要選擇適合隊伍陣容且操作起來順手的舉球員。
HELP/STATUS/TITLE,能力值
HELP/STATUS/STRENGTH/DES,影響球員扣球後的力量。#攻擊力越高，自己攔網後球飛行的速度越慢。
HELP/STATUS/DEFENSE/DES,影響球員接球時對體力造成的損耗。#防守力越高，自己魚躍後球飛行的速度越慢。
HELP/STATUS/SPEED/DES,影響球員的移動速度。#AI的情況下，當速度和防守力的平均值達到一定水平時，攔網時機會變得更精準。
HELP/STATUS/JUMP/DES,影響球員的跳躍。##攔網跳/扣球跳
INGAME/SERVE,發球
HELP/SERVE/DES,雖然發球細分許多種類，其中最具代表性的三種如下，並各自擁有不同的特點：
INGAME/SERVE/NORMAL,基本發球
HELP/SERVE/NORMAL/DES,難度非常低的發球，但對手也很容易防守。#對手球隊會將其視為機會球，對方舉球員會盡量避免接球。
INGAME/SERVE/JUMP_FLOATER,飄球發球
HELP/SERVE/JUMP_FLOATER/DES,難度相對較低的發球，非常適合瞄準對手球隊的防守空檔。#對手球隊不會將其視為機會球，但對方舉球員會盡量避免接球。
INGAME/SERVE/SPIKE,跳扣式發球
HELP/SERVE/SPIKE/DES,難度較高的發球，但只要成功，就能在回合開始時大幅降低對手球隊的耐力。#根據球的威力，對方舉球員也可能會接球。
COMMON/TIER,段位
HELP/TIERORACHIEVEMENT/DES,完成一定數量的相應段位挑戰任務後，可以獲得豐厚的晉級獎勵！#晉級所需的點數可以透過參加比賽獲得。
COMMON/ACHIEVEMENT,挑戰任務
COMMON/ALERT,警告
COMMON/YES,是
COMMON/NO,否
INGAME/COLOSSEUM/ALERT,目前進行中的競技場比賽將全部重置。#是否繼續？
COMMON/ENTER,進入
COMMON/DEDICATED_SHOP,專屬商店
COMMON/CARD_COLLECTION,卡牌圖鑑
INGAME/COLOSSEUM/ALERT_02,沒有可進入的競技場。
COMMON/CHECK,確認
COMMON/NOTICE,提示
INGAME/TEAM/ALERT,在2人制比賽中無法更改輪轉。
INGAME/SKIP,跳過
INGAME/TRAINING_SPIKE,扣球訓練
INGAME/TRAINING_DEFENSE,防守訓練
INGAME/TRAINING_SERVE,發球訓練
INGAME/GAME_PLAY,進行比賽
INGAME/REPLAY,重新開始
INGAME/GO_BACK,返回首頁
INGAME/MY_TIER,我的段位
COMMON/COMPLETE,完成
INGAME/RECEIVE_REWARD,領取獎勵
INGAME/TOP_RATED,前{n1}%
COMMON/POINT,點數
INGAME/UNLOCK_LEFT,距離解鎖還剩
ACHIEVEMENT/RATE,挑戰任務完成率
ACHIEVEMENT/CONDITION,條件
ACHIEVEMENT/SATISFY,段位點數滿足
ACHIEVEMENT/UPGRADE,晉級
INGAME/REWARD,獎勵
INGAME/REWARD/ALERT,請先領取之前段位的獎勵。
INGAME/PROGRESSING,進行中
INGAME/CHALLENGE,挑戰任務
INGAME/BLOCKING,攔網
INGAME/GAME_START_02,開始比賽
NAME/STAGE/HEAL,恢復關卡
INGAME/LEFT_LIFE,剩餘生命值
INGAME/FINAL_REWARD,最終獎勵
INGAME/MAYOONSEOK/LINE_01,失手吧！
INGAME/MAYOONSEOK/LINE_02,拜託失誤吧！
INGAME/MAYOONSEOK/LINE_03,接不到接不到接不到
INGAME/MAYOONSEOK/LINE_04,馬允碩滾開！
INGAME/ACHIEVEMENT/ALERT,完成挑戰任務並晉級吧！
CARD/ATTACK,進攻
CARD/DEFENSE,防守
CARD/TOTAL,綜合
CARD/ATTACK/ATTACK_TRY,嘗試進攻
CARD/ATTACK/ATTACK_SCORE,進攻得分
CARD/ATTACK/SERVE_TRY,嘗試發球
CARD/ATTACK/SERVE_SCORE,發球得分
CARD/ATTACK/HIT,命中白圈
CARD/ATTACK/CAREFUAL_ATTACK,謹慎進攻
CARD/ATTACK/ATTACK_ACE,進攻得分王
CARD/ATTACK/SERVE_ACE,發球得分王
CARD/ATTACK/HIT_ACE,白圈命中王
CARD/DEFENSE/BLOCKING_TRY,嘗試攔網
CARD/DEFENSE/BLOCKING_SUCCESS,攔網成功
CARD/DEFENSE/BLOCKING_SCORE,攔網得分
CARD/DEFENSE/SLIDING_TRY,嘗試魚躍
CARD/DEFENSE/SLIDING_SUCCESS,魚躍成功
CARD/DEFENSE/CAREFUL_BLOCKING,謹慎攔網
CARD/DEFENSE/CAREFUL_SLIDING,謹慎魚躍
CARD/DEFENSE/BLOCKING_ACE,攔網得分王
CARD/TOTAL/PLAY_TIME,比賽時間
CARD/TOTAL/MANUAL_MODE,手動操作模式
CARD/TOTAL/PERFECT_VICTORY,完美勝利
CARD/TOTAL/AUDIANCE,觀眾數
CARD/TOTAL/TOTAL_SCORE,總得分
CARD/TOTAL/SCORE_GAP,分差
INGAME/PRACTICE_GAME,練習賽
INGAME/SCORE,比分
INGAME/DEUCE,平分
INGAME/EVENT_STORE,活動商店
INGAME/RECRUIT/TOUCHSCREEN,招募
INGAME/EXPLANATION,說明
INGAME/RECRUIT/WS,招募WS
INGAME/RECRUIT/MB,招募MB
INGAME/RECRUIT/SE,招募Se
INGAME/RECRUIT/RANDOM,從所有位置的球員中隨機招募。
INGAME/RECRUIT/1,招募1名
INGAME/RECRUIT/10,招募10名
INGAME/PLAYER/ALERT_01,請選擇要替換的球員
INGAME/PROBLEM_OCCUR,發生問題
INGAME/PROBLEM_OCCUR/REASON,由於以下原因，無法正常處理。
INGAME/PROBLEM_OCCUR/NO_REASON,由於意外錯誤，無法正常處理。
INGAME/PROBLEM_OCCUR/INQUIRY,如果該現象反覆發生，請聯繫客服中心。
INGAME/TIER_NOT_ENOUGH/ALERT,段位不足
INGAME/ACCESS_RESTRICTION_CONTENT,只有【{n1}】以上才能瀏覽的內容。
INGAME/GAIN,獲得
INGAME/DAY,第{n1}天
INGAME/ATTENDANCE/CHECK,簽到
INGAME/UPDATE_TIME_LEFT,距離更新還剩{n1}小時{n2}分{n3}秒。
INGAME/RECRUIT_PLAYER,球員招募
INGAME/SCOUT_PLAYER,球員招攬
SHOP/BUY,購買
SHOP/APPLY_01,套用
SHOP/APPLY_02,前往套用
SHOP/MOVE/ALERT,是否要移動到球員管理界面？
SHOP/MOVE,移動
INGAME/COSTUME,裝扮
SHOP/BUY/ALERT,是否要購買該道具？#【{n1}】
SHOP/ONLY_BUY,僅顯示已購買
SHOP/BUY_COMPLETE,已購買
ACHIEVEMENT/TITLE_01,進入商店
ACHIEVEMENT/DES_01,進入貨幣商店。
ACHIEVEMENT/TITLE_02,球員升級
ACHIEVEMENT/DES_02,請升級球員。
ACHIEVEMENT/TITLE_03,球員招募
ACHIEVEMENT/DES_03,請招募球員。
ACHIEVEMENT/TITLE_04,比賽勝利
ACHIEVEMENT/DES_04,請贏得比賽。
ACHIEVEMENT/TITLE_05,最後一擊
ACHIEVEMENT/DES_05,在第1章/第10階段用自己的扣球得到最後一分。
ACHIEVEMENT/TITLE_06,球員強化 II
ACHIEVEMENT/DES_06,將球員的能力值總和提升到500以上。
ACHIEVEMENT/TITLE_07,錦標賽冠軍
ACHIEVEMENT/DES_07,贏得錦標賽冠軍。
ACHIEVEMENT/TITLE_08,完美勝利
ACHIEVEMENT/DES_08,以5分優勢贏得第2章/第7階段。
ACHIEVEMENT/TITLE_09,手動操作模式勝利
ACHIEVEMENT/DES_09,使用手動操作模式贏得第3章/第8階段。
ACHIEVEMENT/TITLE_10,最精彩的表演
ACHIEVEMENT/DES_10,在超級明星挑戰賽/第7階段打到15分後獲勝。
ACHIEVEMENT/TITLE_11,奇蹟般的ACE球
ACHIEVEMENT/DES_11,在錦標賽平分情況下連續2次發球得分。
ACHIEVEMENT/TITLE_12,正面對決
ACHIEVEMENT/DES_12,在錦標賽中不使用佯攻並擊敗鐵壁高中。
ACHIEVEMENT/TITLE_13,日落
ACHIEVEMENT/DES_13,在錦標賽中讓綠洲陷入日落狀態。
ACHIEVEMENT/TITLE_14,專注
ACHIEVEMENT/DES_14,讓白時宇進入真正的專注狀態。
ACHIEVEMENT/TITLE_15,加速
ACHIEVEMENT/DES_15,將球員的速度提升到155。
ACHIEVEMENT/TITLE_16,絕對防禦・彩虹反射
ACHIEVEMENT/DES_16,在第5章/第4階段中隊伍連續5次攔網得分。
ACHIEVEMENT/TITLE_17,狙擊手
ACHIEVEMENT/DES_17,在第2章/第8階段連續3次瞄準洩氣狀態的球員扣球。
ACHIEVEMENT/TITLE_18,壓倒性天賦
ACHIEVEMENT/DES_18,以10分優勢贏得第5章/第8階段。
ACHIEVEMENT/TITLE_19,猛虎
ACHIEVEMENT/DES_19,在第2章/第8階段中讓對方全隊都陷入一次洩氣狀態並獲勝。
ACHIEVEMENT/TITLE_20,努力的結晶
ACHIEVEMENT/DES_20,使用C+級或以下的球員並且不允許暫停和球員替換贏得第6章第8關。
ACHIEVEMENT/TITLE_21,抑制劑
ACHIEVEMENT/DES_21,在超級明星挑戰賽/第4階段不讓雅瑩產生化學反應並獲勝。
ACHIEVEMENT/TITLE_22,錦標賽之王
ACHIEVEMENT/DES_22,在鑽石級以上的錦標賽中贏得100場比賽。
ACHIEVEMENT/TITLE_23,意志摧毀
ACHIEVEMENT/DES_23,在第5章/第8階段中不讓南宰賢陷入'意志'狀態並獲勝。
ACHIEVEMENT/TITLE_24,面具破壞
ACHIEVEMENT/DES_24,在第4章/第7關中，讓假面瑟華整場比賽都無法舉球。
ACHIEVEMENT/TITLE_25,扣球反擊
ACHIEVEMENT/DES_25,在第6章/第8關中，用扣球回擊西川的扣球。
ACHIEVEMENT/TITLE_26,全勤王！
ACHIEVEMENT/DES_26,領滿25天的簽到獎勵
ACHIEVEMENT/TITLE_27,破天
ACHIEVEMENT/DES_27,在錦標賽中不失一分擊敗天空高中。
COMMON/ACCOUNT,帳號
SETTING/UID_COPY/ALERT,已將UID複製到剪貼簿。
SETTING/LINK_SUCCESS,已綁定
SETTING/LINK_TRY,綁定
SETTING/ACCOUNT_LINKING,正在綁定帳號…
SETTING/LINK_COMPLETE,綁定完成。
SETTING/LINK_UNABLE,該帳號已綁定到其他帳號。
SETTING/UNACTIVE,未啟用
COMMON/WITHDRAW,註銷
COMMON/LOGOUT,登出
SETTING/SOUND,音效
SETTING/SOUND/BGM,背景音樂
SETTING/SOUND/BGM/DES,設定背景音樂的音量。
SETTING/PLAY,遊戲
SETTING/PLAY/BEGINNER_MOD,新手模式
SETTING/PLAY/AUTO_MOD,自動操作模式
SETTING/PLAY/RUNNING_START,助跑
SETTING/PLAY/BEGINNER_MOD/DES,在扣球跳躍時會自動移動到擊球點位置，並校正扣球方向。
SETTING/PLAY/AUTO_MOD/DES,為了輕鬆的遊戲體驗會自動移動和跳躍。
SETTING/PLAY/RUNNING_START/DES,雙擊扣球按鈕可以使用助跑跳躍。
SETTING/PREFERENCE,遊戲環境
SETTING/PREFERENCE/SCREEN_SHAKING,畫面震動
SETTING/PREFERENCE/SCREEN_SHAKING/DES,設定遊戲中畫面震動效果。
SETTING/PREFERENCE/SLOW_MOTION,慢動作
SETTING/PREFERENCE/SLOW_MOTION/DES,啟用慢動作。
SETTING/PREFERENCE/SPECIAL_EFFECT,特效
SETTING/PREFERENCE/SPECIAL_EFFECT/DES,顯示比賽中球員的特殊動畫。
SETTING/PREFERENCE/BUTTON_LAYOUT,按鈕布局
SETTING/PREFERENCE/BUTTON_LAYOUT/DES,自訂按鈕布局。
SETTING/PREFERENCE/BUTTON_LAYOUT/USER,自訂
SETTING/LANGUAGE,語言
SETTING/CHANGE_LANGUAGE,更改語言。
ACHIEVEMENT/FAIL,任務失敗
SHOP/PROCESSING_REQUEST,正在處理請求
SHOP/CURRENCY_NOT_ENOUGH/ALERT,貨幣不足，無法進行。
INGAME/CURRENT/TIER,目前段位
INGAME/GAME_READY,準備比賽
SHOP/CURRENCY_NOT_ENOUGH,貨幣不足。
SHOP/GROWTH,成長
SHOP/CHANGE_STAT/ALERT,更改能力值將消耗以下貨幣。#是否繼續？
INGAME/RELEASE,釋出
INGAME/FOR_MAIN,設為主力
INGAME/MAIN,主力球員
INGAME/CLEAR,解除
INGAME/DECORATE,裝扮
INGAME/NUMBER_OF_SELECTED,已選擇{n1}名球員
COMMON/DELETE,刪除
INGAME/OUT/DES,請選擇要釋出的球員。
INGAME/DELETE_FIXED/ALERT,無法刪除已收藏的選手。
INGAME/DELETE_MAIN/ALERT,無法刪除已登錄為主力的球員。
SHOP/BASIC,普通
SHOP/WEEKLY_ONLY,每週限定
SHOP/MONTHLY_ONLY,每月限定
SHOP/WEEKLY_MONTHLY,每週&每月
INGAME/HACK/ALERT_02,偵測到遊戲資料遭竄改，無法正常結束比賽。
INGAME/HACK/ALERT_01,偵測到遊戲資料遭異常竄改，將返回首頁。
SHOP/CURRENCY_NOT_ENOUGH/ALERT_02,貨幣不足，無法購買以下道具。#{n1}
INGAME/INFO_FAIL/ALERT,載入資訊時發生意外問題。#如果該問題持續發生，請聯繫客服中心。
INGAME/HACK/STAGE/ALERT,偵測到關卡資料遭竄改。
INGAME/SELECT_CHANGE/ALERT,請選擇要替換的球員。
INGAME/NO_INFO_PLAYER/ALERT,不存在該球員的資訊。
INGAME//DISABLE_CHANGE/ALERT,無法與該球員替換。
INGAME/LOGIN,登入
INGAME/LOGIN_FAIL,登入失敗
INGAME/ERROR,錯誤
INGAME/LOGIN/APPLE,使用Apple登入
INGAME/LOGIN/GOOGLE,使用Google登入
INGAME/RETRY,重試
INGAME/DUPLICATE_ACCOUNT,該帳號已存在。
INGAME/BANNED_ACCOUNT,該帳號已被封禁。
INGAME/MAIL,信件
INGAME/MAIL/NEW,新
INGAME/MAIL/CHECK,已確認
INGAME/WIN,贏得比賽
INGAME/EXIT,退出
COMMON/SETTING,設定
COMMON/CONTROL_SETTING,操作設定
COMMON/CHAPTER,CHAPTER
COMMON/MONEY/CREDIT,球芒幣
COMMON/MONEY/BLUEFLAME,藍焰
COMMON/MONEY/VPOINT,V點數
COMMON/MONEY/EXP,經驗值
COMMON/MONEY,貨幣
COMMON/WORD/RECEIVE,接球
COMMON/WORD/SPIKE,扣球
COMMON/WORD/JUMP,跳躍
COMMON/WORD/SLIDING,魚躍
COMMON/WORD/FOURHIT,四次擊球
COMMON/WORD/CHANCE_BALL,機會球
INGAME/TOUCHOUT,打手出界
COMMON/BUTTON/SHIELD,盾牌按鈕
COMMON/TIER_POINT,段位點數
COMMON/TOTAL_STATUS,能力值總和
INGAME/PROBABILITY_TABLE,機率表
COMMON/COLOSSEUM_02,競技場
COMMON/STORY_MOD,劇情模式
COMMON/SCORE,得分
INGAME/FAVORITE,收藏
INGAME/TOUCHSCREEN,點擊螢幕開始遊戲。
INGAME/LOG,日誌紀錄
INGAME/COLOSSEUM/CANTPLAY,無法挑戰
INGAME/COLOSSEUM/PLAYING,挑戰中
INGAME/COLOSSEUM/CANPLAY,可以挑戰
INGAME/CONFIRMED,確定
INGAME/AWAKE,突破
INGAME/FINAL_REWARD/DES,通關最終關卡即可獲得該獎勵。#擊敗中間關卡BOSS或選擇特定能力卡可增加獎勵。
COMMON/PLAYER_DES,球員簡介
INGAME/SOME_INFO_FAIL/ALERT,部分數據載入失敗。
COMMON/GAME,比賽
PAY/WAITING,正在等待支付完成…
PAY/FAIL/ALERT,支付失敗。
COMMON/SUCCESS,成功
COMMON/FAIL,失敗
INGAME/LEFT_LIFE/DES,所有比賽共享生命值，生命值耗盡即被視為失敗。#目前剩餘生命值：{n1}。
INGAME/MY_SKILL_CARD,已選擇的能力卡
INGAME/TOURNAMENT_WIN,恭喜您贏得錦標賽冠軍！
INGAME/RE_CHALLENGE,再次挑戰
INGAME/TABLE_RESET,重置賽程表
INGAME/STAGE_FETCH_ERROR/ALERT,關卡資訊載入失敗。
COLOSSEUM/CARD/NAME_01,潛力顯現 1
COLOSSEUM/CARD/NAME_02,潛力顯現 2
COLOSSEUM/CARD/NAME_03,不妨一試？
COLOSSEUM/CARD/NAME_04,尚需努力
COLOSSEUM/CARD/NAME_05,沉著應對
COLOSSEUM/CARD/NAME_06,成長 1
COLOSSEUM/CARD/NAME_07,成長 2
COLOSSEUM/CARD/NAME_08,成長 3
COLOSSEUM/CARD/NAME_09,綠洲扣球
COLOSSEUM/CARD/DES_09,扣球時，可打出更陡的角度。
COLOSSEUM/CARD/NAME_10,日出
COLOSSEUM/CARD/DES_10,贏得比賽後獲得能力值加成：{STR}+{n1}、{JMP}+{n2}。
COLOSSEUM/CARD/NAME_11,正午
COLOSSEUM/CARD/DES_11,贏得下場比賽後，此卡及所有能力卡將被移除。
COLOSSEUM/CARD/NAME_11A,日落
COLOSSEUM/CARD/DES_11A,看來是竭盡全力了啊。
COLOSSEUM/CARD/NAME_12,不屈
COLOSSEUM/CARD/DES_12,當對方隊伍生命值較多時，每相差1點就獲得：{STR}+{n1}、{DEF}+{n2}。
COLOSSEUM/CARD/NAME_13,上旋佯攻
COLOSSEUM/CARD/DES_13,佯攻時，球的下落速度加快。
COLOSSEUM/CARD/NAME_14,雷霆扣球
COLOSSEUM/CARD/DES_14,扣球起跳限制為每{n1}秒一次。#擊球點達到{n2}公尺以上時，扣球威力提升。
COLOSSEUM/CARD/NAME_15,力量爆發
COLOSSEUM/CARD/DES_15,任何球員成功攔網時，球的反彈速度提升{n1}%。
COLOSSEUM/CARD/NAME_16,真光不輝
COLOSSEUM/CARD/DES_16,移除所有增益能力卡，每移除一張獲得{STR}+{n1}。
COLOSSEUM/CARD/DES_16A,犧牲能力卡來換取強大的攻擊力。
COLOSSEUM/CARD/NAME_17,實驗
COLOSSEUM/CARD/DES_17,扣出機會球時，有{n1}%機率觸發爆發式扣球，{n2}%機率觸發佯攻。
COLOSSEUM/CARD/NAME_18,信賴之躍
COLOSSEUM/CARD/DES_18,搶先於隊友舉球起跳扣球時，落地前扣球威力大幅提升。
COLOSSEUM/CARD/NAME_19,精彩時刻
COLOSSEUM/CARD/DES_19,全場球員(包括對手)獲得全面能力值提升：{STR}+{n1}、{DEF}+{n2}、{SPD}+{n3}、{JMP}+{n4}。
COLOSSEUM/CARD/NAME_20,明星不願倒下
COLOSSEUM/CARD/DES_20,接球後不會翻滾。魚躍會消耗{n1}%體力，但起身速度提升{n2}%。
COLOSSEUM/CARD/NAME_21,超級明星挑戰賽
COLOSSEUM/CARD/DES_21,所有對手獲得能力值加成：{DEF}+{n1}、{SPD}+{n2}。
COLOSSEUM/CARD/NAME_22,絕對防禦
COLOSSEUM/CARD/DES_22,攔網時，有{n1}%機率觸發'絕對防禦'。
COLOSSEUM/CARD/NAME_23,定錨
COLOSSEUM/CARD/DES_23,魚躍後，起身速度降低{n1}%。
COLOSSEUM/CARD/NAME_24,離岸流
COLOSSEUM/CARD/DES_24,在空中時，損失{n1}%的{SPD}，其中{n2}%轉化為{STR}。
COLOSSEUM/CARD/NAME_25,隕石重擊
COLOSSEUM/CARD/DES_25,透過攔網起跳來增強扣球威力。
COLOSSEUM/CARD/NAME_26,壓制
COLOSSEUM/CARD/DES_26,跳扣式發球時，有{n1}%機率使對方舉球員受到「封鎖」減益效果。
COLOSSEUM/CARD/NAME_49,意志
COLOSSEUM/CARD/DES_49,當隊伍體力低於{n1}%時，獲得爆發性提升：{STR}+{n2}、{JMP}+{n3}。
COLOSSEUM/CARD/NAME_50,第二陣風
COLOSSEUM/CARD/DES_50,比賽開始時，若剩餘生命值少於{n1}個，立即恢復{n2}點。
COLOSSEUM/CARD/NAME_56,多重揮擊
COLOSSEUM/CARD/DES_56,可在空中揮臂兩次，第二次揮臂時扣球威力提升。
COLOSSEUM/CARD/NAME_57,死亡競賽
COLOSSEUM/CARD/DES_57,生命值不再恢復。比賽開始時，生命值固定為{n1}點。
COLOSSEUM/CARD/NAME_58,氣流
COLOSSEUM/CARD/DES_58,網前扣球威力降低，但離網越遠扣球威力越強。
COLOSSEUM/CARD/NAME_FATIGUE,疲勞
COLOSSEUM/CARD/NAME_HESITATION,猶豫
COLOSSEUM/CARD/DES_HESITATION,比賽開始時恢復{n1}點生命值。
COLOSSEUM/CARD/NAME_SHORTBREAK,短暫休息
COLOSSEUM/CARD/NAME_LONGBREAK,長時間休息
COLOSSEUM/CARD/NAME_BREAK,休息
COLOSSEUM/CARD/DES_BREAK,立即恢復{n1}點生命值。
COLOSSEUM/CARD/NAME_ENEMYBUFF,變強的對手
COLOSSEUM/CARD/DES_ENEMYBUFF,所有對手實力大幅提升。
INGAME/DATEN,擊球點
INGAME/CHANCE,絕佳機會
INGAME/OUT,界外
INGAME/MISS,失誤
INGAME/QUICKNESS,反應速度
INGAME/SCORE_LOST,剩餘生命值
INGAME/RULE_VIOLATION,違規行為
INGAME/ACHIEVEMENT/COMPLETE,完成挑戰任務
LEE_YOUNGSEOB/NICKNAME,最強主攻手
,
ISABEL/NICKNAME,競技場女王
HAEUN/LINE,啊哈哈！你們該不會真的想贏過我們吧？
JIHOON/LINE,好，要開始了！！相信我，跟緊我就行！
CONDITION/RELAX,從容不迫
CONDITION/CHOLERIC,火爆脾氣
CONDITION/CALM,冷靜沉著
CONDITION/PASSIONATE,熱血沸騰
CONDITION/EMOTIONLESS,面無表情
CONDITION/COWARD,膽小如鼠
CONDITION/VERY_CHOLERIC,暴跳如雷
CONDITION/VERY_COWARD,驚弓之鳥
CONDITION/IMMERSIVE,全神貫注
CONDITION/OPTIMISTIC,樂觀向上
CONDITION/SENSITIVE,敏感
CONDITION/INDIFFERENT,無動於衷
CONDITION/COMPOSED,沉著冷靜
CONDITION/LITTLE_SENSITIVE,稍微敏感
PLAYSTYLE/BOLD,大膽
PLAYSTYLE/SAFE,保守
PLAYSTYLE/CAUTIOUS,謹慎
PLAYSTYLE/QUICK_ATTACK_LOVER,不假思索的快攻愛好者
PLAYSTYLE/THOUGHTFUL_QUICK_ATTACK,策略快攻愛好者
PLAYSTYLE/HIGH_AND_HIGHER,越高越好
PLAYSTYLE/AGGRESSIVE,進攻型
PLAYSTYLE/ARROGANT,傲慢
PLAYSTYLE/BALANCED,平衡
PLAYSTYLE/EXPERIMENTAL,實驗精神
PLAYSTYLE/RECKLESS,無所畏懼
INGAME/CONTINUE/ALERT,確定要繼續嗎？
SETTING/BUTTON/SLIDE,滑動
COMMON/OLD_DATA,歷史紀錄
COMMON/LOGOUT/ALERT,確定要登出嗎？
SETTING/GRAPHIC,圖像設定
SHOP/WEARING,正在穿戴中
SHOP/COLOSSEUM_RECRUIT,競技場球員招募商店
COMMON/LATEST,最新
TIP/LOSE/ALERT_01,對付金熙成的攔網，試試佯攻吧！#這招能有效擾亂他的節奏。
TIP/LOSE/ALERT_02,面對金熙成的攔網，你可以使用佯攻，或者#改變扣球起跳時機。靈活應對，#打亂他的防守節奏！
SETTING/BUTTON/VIEW,視野範圍
SETTING/BUTTON/ALPHA,按鈕透明度
SETTING/BUTTON/SCALE,按鈕大小
SETTING/BUTTON/RESET,重置
SETTING/BUTTON/SAVE,保存設定
TUTORIAL/TRAINING/DES_01,扣下所有拋來的球！5次失誤就結束訓練！
TUTORIAL/TRAINING/DES_02,攔下練習對象所有的進攻球！3次失誤就結束訓練！
TUTORIAL/TRAINING/DES_03,守下(防守)練習對象所有的進攻球！5次失誤就結束訓練！
TUTORIAL/TRAINING/DES_04,自由發球練習！5次失誤就結束訓練！
TUTORIAL/TRAINING/NO_BEGINNER,新手模式已開啟。如需調整扣球角度，請在選項中關閉新手模式。
INGAME/TIMEOUT,暫停
COMMON/SKILL/DURATION,持續時間
COMMON/SKILL/COOLDOWN,冷卻時間
INGAME/REROLL,重新抽取
INGAME/WAITING,等待中
INGAME/PLAYER_COLLECTION,球員圖鑑
INGAME/HELP,幫助指南
INGAME/COLOSSEUM_SHOP,競技場商店
INGAME/PAUSE,暫停遊戲
INGAME/TOTAL_TIER_POINT,總段位點數+{n1}
INGAME/AWAKEN/RANK,{n1}級{n2}努力碎片
INGAME/AWAKEN/NORMAL,{n1}的努力碎片
INGAME/AWAKEN_ITEM,努力碎片
COLOSSEUM_VOUCHER,競技場額外入場券
COMMON/CLICK,點擊進入！
INGAME/SCOUT_POINT,招攬點數
SHOP/COLOSSEUM_TICKET,競技場門票
ALERT/USE_ITEM,確定要使用【{n1}】嗎？
ALERT/NO_MORE_REWARD,已領取今日所有可用獎勵。
ALERT/CHECKING,為了給您帶來更好的遊戲體驗，伺服器正在升級維護。請耐心等候，我們將盡快完成維護。
ALERT/NETWORK,網路不穩定，請檢查網路設定。
ALERT/NETWORK_CHECK,請檢查網路狀態，確保穩定連接以獲得最佳遊戲體驗。
ALERT/ALREADY_LINK_ACCOUNT,該帳號已經綁定。
ALERT/GAMECENTER_RETRY,請先啟用GameCenter功能，然後重新運行遊戲來完成綁定。
ALERT/DONT_KNOW_LINK_FAIL,由於未知原因，綁定失敗。
ALERT/DISABLED_GOOGLE_LOGIN,Google登入功能未啟用。
ALERT/TOO_MUCH_LOGIN_TRY,嘗試登入次數過多
ALERT/LOADING,正在載入遊戲。
ALERT/PLEASE_WAIT,請稍候。
INGAME/COLOSSEUM/ALERT_03,該模式的第四個選項是【{n1}】購買者的專屬福利。#想要解鎖嗎？點擊前往購買介面！
INGAME/COLOSSEUM/ALERT_04,今天不是該競技場的開放日。
COMMON/HOME,首頁
COMMON/PLAYER_MANAGEMENT,管理球員
SKILLDOLPA_JAEHYUN,技能效率越高，能力值提升越顯著。
SKILLDOLPA_ISABEL,技能效率決定充能容量。
SKILLDOLPA_LISIA,技能效率越高，發球成功率就越高。
SKILLDOLPA_ROBERTO,技能效率越高，量表累積得越快。
SKILLDOLPA_AYEON,技能效率越高，化學反應提供的額外攻擊力就越高。
SKILLDOLPA_NISIKAWA,強度與技能效率成正比。
SKILLDOLPA_OASIS,技能效率越高，能力值提升越顯著。
SKILLDOLPA_MINJUN,技能效率越高，球的旋轉就越強。
SKILLDOLPA_YOONSEOK,技能效率越高，佯攻球的下落速度就越快。
SKILLDOLPA_QUESTION,技能效率是一個#直觀顯示球員技能隨突破提升程度的指標。它能讓你清楚地了解每次突破後技能會變得多麼強大！
COMMON/CANT_ENTER,無法進入
IAP_RECOMMENDED,熱門推薦
COMMON/SHOP/PURCHASED,已擁有
COMMON/PLAYER_SCOUT_DES_00,立即招攬球員。
COMMON/PLAYER_SCOUT_DES_01,已擁有的球員將獲得努力碎片，助你更快提升實力。
COMMON/PLAYER_SCOUT_DES_02,每位球員最多可突破5次，每次突破都會讓他們更加強大！
INGAME/EXPIRE_TIME_LEFT,距離到期剩餘時間
MAIL_MESSAGE_SUPPORT_0,您好，感謝您一直以來對《The Spike Cross》的支持。#您提出的問題已處理完成。
MAIL_MESSAGE_SUPPORT_1,您好，感謝您一直以來對《The Spike Cross》的支持。#我們已仔細評估您的問題，但很遺憾無法協助處理。造成您的不便，我們深表歉意。
PLAYSTYLE/ONEPOINT,單一特長型選手
chat_serveace,驚險的發球得分！！
chat_in,驚險壓線！！
chat_mess,慘痛失誤~
chat_serveace2,超級無觸球發球得分！
chat_block1,超級怪物攔網！
chat_direct1,超級俐落的直接扣球！
chat_spike1,超級爆炸扣球！
chat_serveace3,無觸球發球得分～
chat_serveace4,痛快的發球~
chat_block2,怪物攔網！
chat_direct2,俐落的直接扣球！
chat_spike2,爆炸扣球！
chat_block3,痛快的攔網！
chat_direct3,痛快的直接扣球
chat_spike3,痛快的扣球！
chat_direct4,粗糙的直接扣球
chat_spike4,漂亮的扣球
chat_mess2,錯誤的時間點
chat_faint,適時的佯攻！
chat_dump,出其不意的二次吊球！
chat_mess3,打破節奏的失誤
chat_serveace5,夢幻般的發球得分
chat_spike5,好扣球
chat_save,漂亮的救球
chat_threeball,拖慢節奏的第三次觸球處理
chat_supersave,超級救球！
chat_slide,華麗的魚躍
INGAME/COLOSSEUM/HELP,注意：競技場的BOSS只在特定日期開放挑戰。過期後，剩餘獎勵次數和進度都會重置。要把握時機哦！
INGAME/COLOSSEUM/REWARD_LEFT,剩餘獎勵領取次數
INGAME/RESET_TIME_LEFT,距離重置剩餘時間
GUIDE/COLOSSEUM/SHOP,競技場球員招募以競技場內容中登場的球員為主。#競技場球員與普通球員只是種類不同，並不代表比較強，因此可以依照喜好選擇招募。
TOURNAMENT/LEFT_BRACKET_RESET,剩餘賽程表重置次數
INGAME/DELETE_FIXED/ALERT,無法刪除已收藏的選手。
INGAME/OLD_DATA/TOUR,這是Cross更新前的錦標賽模式戰績。
INGAME/OLD_DATA/STORY,這是Cross更新前各章節獲得的總星數。
INGAME/OLD_DATA/ACHIEVEMENT,這是Cross更新前完成的挑戰任務數量。
INGAME/WIN_TIME,勝場數
INGAME/TROPHY_TIME,奪冠次數
INGAME/PLAY_TIME,比賽次數
INGAME/OLD_DATA_REWARD,數據轉換獎勵
OLD_DATA/WS_STORY,主攻手故事
OLD_DATA/SUMMER_STORY,夏天的故事
OLD_DATA/SUPERSTAR_CHALLENGE,超級明星挑戰賽
OLD_DATA/ROAD_TO_PRO,職業之路
COMMON/OK,確定
INGAME/ONEPOINT/TIP,單一特長型球員失分後會持續處於洩氣狀態。建議替換球員。
INGAME/AUTOPLAY_DES,移動和扣球跳自動執行，難度和自由度較低的模式
INGAME/MANUALPLAY_DES,需要玩家自主操控大部分動作，難度和自由度較高的模式
INGAME/PLAYMODE_DES,可隨時在選項中切換遊戲模式。
INGAME/PLAYMODE_TITLE,請選擇您偏好的遊戲模式。
ACHIEVEMENT/ALERT,完成至少{n2}個{n1}挑戰任務
COMMON/WEEKLY_1,星期一/星期四/星期日
COMMON/WEEKLY_2,星期二/星期五/星期日
COMMON/WEEKLY_3,星期三/星期六/星期日
enter_preset_name,請輸入要更改的預設名稱。
enter_school_name,輸入您想要的學校名稱。
enter_player_name,請輸入要更改的球員名稱。
alert:cannnotusename,不能使用的姓名。
needUpdate,請更新到新版本。
nowVersion,當前版本
newVersion,新版本
COMMON/HOW_TO_GET,獲取途徑
alert_message5,自動模式無法進入訓練模式。
INGAME/PLAY_VIDEO,觀看影片
INGAME/VIDEO_AD,廣告影片
CARD/TOTAL/OASIS,熱血對決
INGAME/DETAIL,詳情
TIP/BOSS/ALERT_08,莉西亞的發球極為凌厲，難以接起。#請用魚躍精準攔截。
TIP/BOSS/ALERT_09,雅瑩接到的球會根據隊友的舉球變成爆發式扣球。#盯緊雅瑩，別讓她碰到球。
TIP/BOSS/ALERT_10,山寺接球時，最後觸球的對手能力值將大幅下降。
COMMON/SUNSOO,球員
ACCOUNT_DELETE_MESSAGE_4,帳號註銷需要30天，註銷後將無法恢復。
ACCOUNT_DELETE_MESSAGE_5,該帳號正在等待註銷。是否取消註銷？
ACCOUNT_DELETE_MESSAGE_6,距離永久註銷還剩：{n1}天
alert_message_quit,結束遊戲？
INGAME/COMMON/NO_END,比賽異常中斷。#請檢查網路後重試。
INGAME/COMMON/REALLY,比賽數據未保存。是否繼續？
INGAME/COMMON/SEEMORE,查看更多
account_delete_message_1,如需註銷帳號，請輸入(v)。
alert:input_invalid_char,包含無效字元。
HEAD,頭髮
NOTI_SERVICE_MAINTEIN_LEFT_MIN,{n1}分鐘後開始服務維護。
NOTI_SERVICE_MAINTEIN_LEFT_SEC,{n1}秒鐘後開始服務維護。
UI/NO_ADSTOSEE,暫無可觀看的廣告。請稍後再試。
COMMON/ACHIEVEMENT_DES_1,即使沒有白時宇，也能完成這個挑戰任務。
ACHIEVEMENT/TITLE_32,真正的王牌
ACHIEVEMENT/DES_32,在超級明星挑戰賽/第8階段中，不讓對方得3分以上，僅靠自己的扣球和佯攻得10分以上並獲勝。
GUIDE/TIP_18,可透過招募球員和出售努力碎片獲得招攬點數。
GUIDE/TIP_19,重複招募相同球員時可獲得努力碎片。#同位置同評級的球員可共享努力碎片。#S-級及以上球員擁有專屬的努力碎片。
COMMON/TIER_REWARD,段位晉級獎勵
INGAME/RECRUIT/RANDOM_WS,從WS中隨機招募。
INGAME/RECRUIT/RANDOM_MB,從MB中隨機招募。
INGAME/RECRUIT/RANDOM_SE,從Se中隨機招募。
INGAME/RECRUIT/RANDOM_COLO,從競技場球員和貨幣中隨機抽取。
COLOSSEUM_VOUCHER_DESC,可再次進入競技場的門票。
COMMON/ORIGIN_LOGIN,您慣用的登入方式
COMMON/VICTORY,冠 軍
PLAYSTYLE/ANOMALOUS,變幻莫測
PLAYSTYLE/CHALLENGING,挑戰自我
COMMON/DONTSHOWTODAY,今日不再顯示
INGAME/ENTER_RESET,使用獎勵券
COMMON/EVENT_SHOP_DESC,該商店僅在活動期間開放。
COLOSSEUM/CARD/DES_64,我方舉球員在托出機會球時，有{n1}%的機率對隨機一名對手球員施加標記。對被標記的對手球員扣球命中時，必定使其防守失敗。
COLOSSEUM/CARD/NAME_65,升天
COLOSSEUM/CARD/DES_65,不倒地完成接球時，暫時獲得{STR}+{n1}、{JMP}+{n2}。
COLOSSEUM/CARD/NAME_66,庇護
COLOSSEUM/CARD/DES_66,對方發球時，在隨機位置生成水泡。被水泡包圍的球員防守能力大幅提升。
COLOSSEUM/CARD/DES_67,擊球點越低，扣球威力越強。(在{n1}公尺處達到最強)
COMMON/HARD_LEVEL,難度
TIP/BOSS/ALERT_12,芷柔在球隊失分時，有一定機率讓全隊進入專注狀態。
TIP/BOSS/ALERT_13,連續兩次接到洪詩的扣球#必定會防守失敗。
TIP/BOSS/MOOYOUNG,鋒澤的庇護會保護防守力最低的球員，#並增加該球員的防禦力和防守範圍。
TIP/BOSS/ALERT_15,昊天可以在空中蓄力扣球。#需要根據舉球高度和昊天的起跳時機#來判斷進攻時機。
TIP/BOSS/ALERT_17,靜嵐的防守能力比其他球員更出色。#仔細觀察，尋找破綻吧。
TIP/ALERT_CUSTOM,如果透過自訂比賽改變核心系統參數，可能會導致部分遊戲失誤增多或無法正常比賽。
INGAME/CTM/LEFT_TIME,剩餘時間
BUY_LIMIT,可購買{0}次
HONGSI_TALK,呼，總算是矇混過關了…
COMMON/NOEVENT,目前不是活動期間。
COMMON/GETALLREWARD,全部領取
COMMON/FREE,免費
CTM_ATTENDANCE,活動簽到通行證
COMMON/EVENT_DURATION,活動簽到通行證僅在活動期間有效。
COMMON/PREMIUM,至尊版
INGAME/SCOUT_PLAYER_DESC,可指定招攬心儀球員。
INGAME/RECRUIT_PLAYER_DESC,可查看球員的能力並招募球員。
COMMON/SHOP_DESC,可購買並裝備球員的髮型、服裝、鞋子和球。
COMMON/COLOSSEOSHOP_DESC,可招募競技場球員並購買道具。
INGAME/EVENT_SCOUT_POINT,活動招攬點數
COMMON/MATCH_PREVIEW,比賽預告
COMMON/SEONRIM_NAME,仙林高中
COMMON/ATTENDACE_JUMP,提前簽到
COMMON/ATTENDACE_DES,總計
INGAME/SETTING_PROMOTION1,李英燮#怎麼升級？
INGAME/SETTING_PROMOTION2,伊莎貝爾 VS 南宰賢#你的選擇是？！
INGAME/SETTING_PROMOTION3,挑戰任務通關秘籍！
INGAME/SETTING_PROMOTION4,來用戶社群#分享你的看法吧！
INGAME/SETTING_PROMOTION5,前往官方SNS查看更多！
COMMON/BASIC,普通
COMMON/EVENT,活動
COMMON/TIMEOUT/MAX_SCORE,最高分數
COMMON/TIMEOUT/BALL_SIZE,球的大小
COMMON/TIMEOUT/BALL_GRAVITY,球的重力
COMMON/TIMEOUT/BALL_OPACITY,球的不透明度
COMMON/TIMEOUT/NET_HEIGHT,球網高度
COMMON/TIMEOUT/BGM,背景音樂
COMMON/TIMEOUT/MULTI_SWING,多段揮擊
ACHIEVEMENT/TITLE_33,中間手也很好玩
ACHIEVEMENT/DES_33,操控中間手贏得10場錦標賽比賽。
ACHIEVEMENT/TITLE_34,低攔網練習
ACHIEVEMENT/DES_34,在第7章第7關攔網靜嵐5次以上取得勝利。
ACHIEVEMENT/TITLE_35,名副其實的最強選手
ACHIEVEMENT/DES_35,使用C+級或以下的球員並且不允許暫停和球員替換贏得第7章第7關。
SETTING/PREFERENCE/BALL_EFFECT,球的殘影特效
SETTING/PREFERENCE/BALL_EFFECT/DES,設定排球殘影特效的顯示方式。
SETTING/PREFERENCE/SPECIAL_EFFECT/DES2,比賽中，完整顯示角色的所有特殊動作。
COMMON/SOFT_TRAIL,柔和殘影
COMMON/NORMAL_TRAIL,普通殘影
COMMON/NO_TRAIL,不顯示
GUIDE/TERM,術語說明
GUIDE/CURRENCY_ITEM,商店
GUIDE/TEAM_SETUP,球員搭配
GUIDE/CREDIT_DES,變更球員能力值時使用的貨幣。可透過贏得比賽和訓練獲得。(*練習賽訓練除外)
GUIDE/VPOINT_DES,招募球員時使用的重要貨幣。可透過錦標賽、挑戰任務、段位晉級獎勵等途徑獲得。
GUIDE/EXP_DES,升級球員時使用的貨幣。可透過贏得大多數比賽獲得。
GUIDE/BLUEFLAME_DES,招募競技場球員或購買外觀自訂道具時使用的貨幣。#可透過競技場獲得。
GUIDE/SCOUTPOINT_DES,招攬球員時使用的貨幣。可透過招募已有球員或出售A評級以上球員的努力碎片獲得。
GUIDE/AWAKEN_DES,可用於突破指定位置和評級球員的貨幣。S級球員擁有專屬的努力碎片。招募已有球員時可獲得。
GUIDE/COLOSSEUM_TICKET_DES,使用競技場門票，可額外增加1次當日已全部進行的排球競技場次數。
COMMON/WISHLIST,心願列表
COMMON/EXIT,退出
WISHLIST/ALERT1,心願列表未儲存。#確定要退出嗎？
WISHLIST/ALERT2,確定要刪除心願列表嗎？
WISHLIST/NOTICE1,心願列表未啟用。#已登記球員的合計出現機率為1.75%。
WISHLIST/NOTICE2,這些球員的合計出現機率為1.75%。
COMMON/EDIT,編輯
WISHLIST/NOTICE3,請選擇6名心願列表球員。
COMMON/CONFIRM,確定
WISHLIST/ALERT3,該位置已全部登記。
WISHLIST/ALERT4,該球員已登記。
WISHLIST/ALERT5,目前並非編輯模式。
COMMON/ALLPLAYER,所有球員
EVENT/SNOWRAID,雪地爭奪賽
EVENT/SNOWFIGHT,雪球大戰
EVENT/CAN_ENTER_LEFT_TIME,{n1}小時{n2}分後可入場
EVENT/TIME/DAY_HOUR,{0}天{1}小時
EVENT/TIME/HOUR_MINUTE,{1}小時{2}分
EVENT/TIME/MINUTE_SECOND,{2}分{3}秒
GUIDE/EVENT_SCOUTPOINT_DES,招攬活動球員時使用的貨幣。#招募活動球員時，每次可獲得1個。#活動結束後將轉換為普通招攬點數。
CARD/ATTACK/SNOW_ATTACK,攻擊次數
CARD/ATTACK/SNOW_HIT,命中次數
CARD/ATTACK/SNOW_FEVER,狂熱傷害量
CARD/ATTACK/SNOW_GOKSA,曲射炮命中
CARD/ATTACK/SNOW_CRITICAL,暴擊次數
CARD/DEFENSE/SNOW_HURT,受擊次數
CARD/DEFENSE/SNOW_DAMAGE,受到的傷害量
CARD/DEFENSE/SNOW_SLIDING,魚躍次數
CARD/DEFENSE/SNOW_COUNTER,反擊次數
CARD/DEFENSE/SNOW_PUNISH,懲戒次數
SKILLNAME_SARAH,暴擊舉球
CHARDES_SARAH2,洛克威爾青少年排球隊的教練，目前在美國擔任職業球員。原本的位置是主攻手，但作為全能型球員，無論打哪個位置都能發揮職業主力水準。目前為了時宇臨時擔任舉球員，未來或許會以主攻手的身分再次回歸。
SKILLDES_SARAH,舉球時，球的周圍會出現一個圓圈，顯示最佳扣球時機。在圓圈與球重合的瞬間扣球，可以發揮出比平時更強大的威力。#有較低機率會直接扣球。
CHARDES_SARAH,世界五大主攻手之一，徐莎拉。以在球場上敏捷行動力而聞名。作為一名全能型球員，無論打哪個位置都能發揮出職業主力球員的水準。現在為了白時宇臨時擔任舉球員，但總有一天會以主攻手的身份再次回歸。
CHARDES_BIRTH_SARAH,
CHARDES_NUMBER_SARAH,
CHARDES_MOTTO_SARAH,無論你多麼用力扣球，也只有1分。
SKILLNAME_MIKE,輪胎
SKILLDES_MIKE,裝上輪胎時速度和彈跳力會下降。#通過接球累積一定衝擊後，輪胎會解除，彈跳力和速度大幅增加。
CHARDES_MIKE,戴夫的雙胞胎弟弟，和戴夫一起經營著山莊。喜歡在腳踝上綁著沙袋運動，最近開始自己戴上了鐐銬。
CHARDES_BIRTH_MIKE,
CHARDES_NUMBER_MIKE,
CHARDES_MOTTO_MIKE,
SKILLNAME_DAVE,熱身
SKILLDES_DAVE,原地不動時，會做起伏地挺身。#伏地挺身做得越多，身體能力越強，體型也會些微壯大。
CHARDES_DAVE,過去曾短暫地擔任過職業球員，現在經營著一家小山莊。
CHARDES_BIRTH_DAVE,
CHARDES_NUMBER_DAVE,
CHARDES_MOTTO_DAVE,
SKILLNAME_CLYDE,蝴蝶
SKILLDES_CLYDE,克萊德心愛的貓咪會一同登場。#貓咪會在球場上四處走動，將處於洩氣狀態的球員變為專注狀態。
CHARDES_CLYDE,洛克威爾青少年排球隊的主力中間手，被認為是一位非常有前途的選手。雖然比不上塔尼婭，但也算是個富家子弟。
CHARDES_BIRTH_CLYDE,
CHARDES_NUMBER_CLYDE,
CHARDES_MOTTO_CLYDE,
SKILLNAME_TANIA,光速舉球
SKILLDES_TANIA,快速下墜的舉球。#扣塔尼婭托的球時，舉球的下墜速度越快，球的威力就越大。#(難度較高，不適合初學者使用。)
CHARDES_TANIA,世界著名企業威爾頓集團會長的二女兒。雖然擁有相當的才能和實力，但由於過分固執，總是托出過快的球，導致和周圍球員的關係不融洽。
CHARDES_BIRTH_TANIA,
CHARDES_NUMBER_TANIA,
CHARDES_MOTTO_TANIA,
SNOWRAID/STARTING,首發出戰
SNOWRAID/SUBSTITUE,替補出戰
SNOWRAID/PRESET_GUIDE,此處的主力球員設定不會影響預設。
TUTORIAL/SNOWRAID/TIP_01,直接對來球進行扣球時，#可以發揮出額外的威力。
TUTORIAL/SNOWRAID/TIP_02,可以進行直接扣球的球會發光。#小心對方的扣球。
TUTORIAL/SNOWRAID/TIP_03,魚躍時，不受精準度的影響，#可以防禦50%的傷害。
TUTORIAL/SNOWRAID/TIP_04,完美接球時，不會損失體力，#並進入專注狀態。
TUTORIAL/SNOWRAID/TIP_05,進入狂熱模式後，所有能力值都會提升。#可以恢復一部分因寒冷而降低的能力值。
TUTORIAL/SNOWRAID/ITEM,每隔3分，可透過新道具抵禦嚴寒。
TUTORIAL/RAID_TIP_01,太快了！
TUTORIAL/RAID_TIP_02,有點快！
TUTORIAL/RAID_TIP_03,有點慢！
TUTORIAL/RAID_TIP_04,太慢了！
TUTORIAL/RAID_TIP_05,剛剛好！
COMMON/SKIP,跳過
COMMON/BACK,返回
SNOWRAID/ADDITIONAL_STAT,額外能力值
SNOWRAID/ADDITIONAL_STAT_DESC,在爭奪賽比賽期間持續生效的永久能力值加成。
SNOWRAID/COLD_PROTECTION,禦寒保護
SNOWRAID/COLD_PROTECTION_DESC,[禦寒保護]是抵禦因寒冷而降低的能力值的防禦數值。#保護率越高，受寒冷影響越小。
SNOWRAID/FEVER_EFFICIENCY,狂熱效率
SNOWRAID/FEVER_EFFICIENCY_DESC,[狂熱效率]是決定在狂熱模式下獲得的額外能力值數值的大小。#效率越高，在狂熱模式下可以獲得越多的能力值。
SNOWRAID/FEVER_POINT,所需狂熱點數
SNOWRAID/FEVER_POINT_DESC,表示進入狂熱模式所需的狂熱點數。
SNOWRAID/FEVER_TIME,狂熱持續時間
SNOWRAID/FEVER_TIME_DESC,表示進入狂熱模式後的持續時間。
SNOWRAID/CARD/PLAYER_CHANGE_NAME,球員替換
SNOWRAID/CARD/PLAYER_CHANGE_DESC,替換目前所有場上球員。
SNOWRAID/CARD/BLANKET_NAME,保暖毯
SNOWRAID/CARD/GLOVES_NAME,毛絨手套
SNOWRAID/CARD/SOCKS_NAME,加厚球襪
SNOWRAID/CARD/COCOA_NAME,熱可可
SNOWRAID/CARD/HOT_POTATO_NAME,熱呼呼的馬鈴薯
SNOWRAID/CARD/SWEET_CAKE_NAME,香甜的蛋糕
SNOWRAID/CARD/DAVES_COOKIE_NAME,戴夫的奇特餅乾
SNOWRAID/CARD/MIKES_GIFT_NAME,邁克的奇特禮物
SNOWRAID/CARD/WINTER_UNIFORM_NAME,保暖隊服
COMMON/LEFT_REWARD,剩餘獎勵
SKILLDES_AYEON2,雅瑩完成第一下接球後，接著舉起的球能讓攻擊手打出強力扣球。#觸發化學反應的扣球速度更快，爆炸時會大幅消耗對方的體力。
COLOSSEUM/CARD/NAME_68,直接扣球
COLOSSEUM/CARD/DES_68,增加球彈向我方的機率。#直接回擊對方最後觸碰的球時，扣球威力提升。
COLOSSEUM/CARD/NAME_69,鍛鍊
COLOSSEUM/CARD/DES_69,每次回合中的第一次扣球和攔網賦予{STR}+{n1}、{DEF}+{n2}、身高+{n3}厘米。#(效果持續到比賽結束)
COLOSSEUM/CARD/NAME_70,蝴蝶二代
COLOSSEUM/CARD/DES_70,定期召喚將士氣低落的隊友變為專注狀態的小貓。
COLOSSEUM/CARD/NAME_71,暴風雪
COLOSSEUM/CARD/DES_71,在接球的位置留下暴風雪。站在暴風雪中時，防守力和彈跳力固定為170。
COMMON/WORD/SPIN_SHOT,旋轉擊球
COMMON/WORD/STRAIGHT_SHOT,直線擊球
SNOWRAID/TEMP/MESSAGE_01,球員們開始感到寒冷。
SNOWRAID/TEMP/MESSAGE_02,寒冷正在影響球員們的比賽狀態。
SNOWRAID/TEMP/MESSAGE_03,寒冷正在降低球員們的能力值。
SNOWRAID/TEMP/MESSAGE_04,球員們的能力值大幅下降。#無法正常行動。
SNOWRAID/TEMP/MESSAGE_05,球員們非常難受。#必須進行替換。
SNOWRAID/TEMP/MESSAGE_06,球員們正在體驗自身的極限。
SNOWRAID/TEMP/MESSAGE_07,球員們的身體簡直就像冰淇淋一樣…！
CARD_PACK_COLOSSEO,競技場卡包
CARD_PACK_DESC,在競技場模式中，會額外出現以下能力卡。
CARD_PACK_COLOSSEO_DESC,在競技場模式中，第4個能力卡選項將被解鎖。
CARD_PACK_SNOWVB,雪地排球卡包
INGAME/SETUP/NAME_01,D級的反擊
INGAME/SETUP/NAME_02,冷漠
INGAME/SETUP/NAME_03,短小精悍
INGAME/SETUP/NAME_04,相互謙讓
INGAME/SETUP/NAME_05,全明星
INGAME/SETUP/NAME_07,仙林夥伴
INGAME/SETUP/NAME_08,炙熱陽光下
INGAME/SETUP/NAME_09,往日的榮耀
INGAME/SETUP/NAME_10,雙后
TIP/BOSS/ALERT_18,朝邁克扣球，#會使邁克身上的輪胎鬆開。#輪胎解除後，#邁克會變得更強，必須留意。
TIP/BOSS/ALERT_19,戴夫不動的時候，#會一直做伏地挺身。#伏地挺身做得越多，就會越強大，需要多加注意。
TIP/BOSS/ALERT_20,克萊德的貓咪，會將洩氣狀態轉變為專注狀態。
TIP/BOSS/ALERT_21,塔尼婭的舉球比一般的舉球要快。
INGAME/SETUP/DESC_04,戴夫伏地挺身速度提升{0}%
INGAME/SETUP/DESC_07,昊天蓄力速度提升{0}%
INGAME/SETUP/DESC_08,綠洲正午觸發分數更改為9
INGAME/SETUP/DESC_09,亞提斯魚躍後起身速度提升
INGAME/SETUP/DESC_10,友方的最大體力增加{0}
NAME/TEAM_60,邁克和戴夫
NAME/TEAM_61,洛克威爾
NAME/TEAM_62,戴夫和同伴們
NAME/TEAM_63,大學生隊
SKILLDOLPA_DAVE,根據技能效率提升伏地挺身速度。
SKILLDOLPA_TANIA,根據技能效率提升球的下墜速度。
CHARDES_BIRTH,生日
CHARDES_NUMBER,球衣號碼
CHARDES_MOTTO,座右銘
MIKE_DAVE/LINE_01,啊啊…！一想到久違地要拚盡全力，我就心跳加速！
MIKE_DAVE/LINE_02,所言極是！！！無論年紀多大，打排球還是這麼快樂啊！
MIKE_DAVE/LINE_03,要上了嗎，戴夫？
MIKE_DAVE/LINE_04,好的，邁克！
MIKE_DAVE/LINE_05,不要啊！！
CLYDE/LINE,蝴蝶，要不要來打發一下時間？
GUIDE/ALL_TEAM_SETUP,全部隊員組合
RATE_DES_01,喜歡《The Spike Cross》嗎？請留下您的寶貴意見！
RATE_DES_02,非常感謝您的評價。想在應用商店也留下評論嗎？
RATE_DES_03,前往應用商店
RATE_DES_04,以後再說
RATE_DES_05,非常感謝您的評價。如果您能提出意見，我們將努力改進，打造更優質的遊戲環境。
RATE_DES_06,提交意見
COMMON/MONTH_DAY,{n1} {n2}日
COMMON/MONTH_1,1月
COMMON/MONTH_2,2月
COMMON/MONTH_3,3月
COMMON/MONTH_4,4月
COMMON/MONTH_5,5月
COMMON/MONTH_6,6月
COMMON/MONTH_7,7月
COMMON/MONTH_8,8月
COMMON/MONTH_9,9月
COMMON/MONTH_10,10月
COMMON/MONTH_11,11月
COMMON/MONTH_12,12月
REVIEW/TOO_DIFFICULT,難度破表
REVIEW/DONTLIKE_GRAPHICS,畫面不夠精美
REVIEW/TOO_MANY_BUGS,BUG過多
REVIEW/GAME_IS_SLOW,遊戲嚴重延遲
REVIEW/NO_CONTENTS,內容略嫌不足
COMMON/EVENT_ATTENDANCE,活動簽到
SHOP/DAILY_LIMITED,每日{0}次
SHOP/WEEKLY_LIMITED,每週{0}次
SHOP/MONTHLY_LIMITED,每月{0}次
BOSS/TITLE_NAME,世界五大主攻手
SARAH_SCENE/TEXT1,< 瓦倫蒂亞尖峰隊 vs 阿什維爾黃鼠狼隊 >#賽前攻擊練習
SARAH_SCENE/TEXT2,威力依舊驚人。你這樣打，莫非能得2分？
SARAH_SCENE/TEXT3,聽說你上次比賽輸了還落淚，真有此事？
SNOWRAID/DUPLICATE_PLAYERS,必須選用不同的球員組隊才能進行比賽。
TIP/RECEIVE_RECOMMEND,為了更精準地接球，#建議稍微延後按下接球按鈕的時機。
HELP/ABILITY_CARD,透過能力卡，可賦予球員特殊能力和額外能力值。#能力卡的效果僅對你操控的球員有效。
COMMON/PAY,支付
MOTHER,母親
FATHER,父親
25/01/07 추가,
DAILY_MISSION,每日任務
DAILY_MISSION/TITLE_01,簽到
DAILY_MISSION/TITLE_02,在【{n}】中獲勝1場
DAILY_MISSION/TITLE_03,在【{n1}】或【{n2}】中獲勝2場
DAILY_MISSION/TITLE_04,在【{n1}】中取得{n2}分以上
DAILY_MISSION/TITLE_05,比賽中累計成功{n2}次{n1}
DAILY_MISSION/TITLE_06,在設定中將【{n}】關閉的狀態下獲勝1場
DAILY_MISSION/TITLE_07,在比賽中操控中間手贏得一場
DAILY_MISSION/TITLE_08,在【{n}】中贏得一次BOSS關卡
INGAME/LEFT_REWARD_NUMBER,剩餘獎勵#{0}次
TOURNAMENT/ALERT/DAILY_REWARD,錦標賽每日獎勵
GUIDE/BONUS_NEW,每日首次贏得錦標賽冠軍時可獲得獎勵。
INGAME/TOTAL_ADD_REWARD,累計額外獎勵
INGAME/WIN_LEFT_TO_REWARD,再贏{0}次可獲得獎勵。
INGAME/TOURNAMENT_WIN_NUMBER_REWARD,錦標賽奪冠次數達標獎勵
COMMON/COUNT,{0}次
INGAME/RECEIVE_REWARD_COMPLETE,已領取
INGAME/RECEIVE_REWARD_AVAIL,可領取
COMMON/NEXT_REWARD,下個獎勵
COMMON/NOT_ACHIEVED,未達成
TOURNAMENT/GUIDE/TOTAL_REWARD,錦標賽奪冠達到一定次數即可獲得獎勵。奪冠次數可累積。
DAILY_MISSION/REWARD,完成4個每日任務，即可使用點數兌換獎勵。
COMMON/MISSION,任務
DAILY_MISSION/RECEIVE_REWARD_COMPLETE,已領取
DAILY_MISSION/RECEIVE,領取
DAILY_MISSION/MOVE,立即前往
COMMON/CONGRATULATIONS,恭喜！
COMMON/RECEIVED_ALL_REWARD,所有獎勵已領取完畢。
COMMON/INTRODUCE,介紹
COMMON/SKILL,天賦
COMMON/COMBINATION,組合
COMMON/NO_FAVORITE_PLAYERS,收藏裡面還沒有球員喔。
PLAYER/DEFAULT/SKIN/DEFAULT,基本款
PLAYER/NISHIKAWA/SKIN/HIGHSCHOOL,高中制服
PLAYER/ISABEL/SKIN/WEDDING,絕美婚紗
PLAYER/JAEHYUN/SKIN/TRAINING,訓練服
PLAYER/NISHIKAWA/SKIN/BLACKHAIR,黑雷
COMMON/WEEKLY_MISSION,第{n}週任務
INGAME/SKIN,造型
INGAME/SKIN_DES,球員的外觀、動作、特效將會有所改變。
NAME/TEAM_64,西明高中
NAME/TEAM_65,平行世界的球隊
PLAYER/NISHIKAWA/HIGHSCHOOL,西川高中時期的模樣。#當時他剛接觸排球不久，開始打排球前是個沉默寡言的人。#因為家中因素，他拒絕上學，常在學校前的巷子徘徊，幫助遭到霸凌的學生。#儘管如此，銳利的眼神和冰冷的表情還是讓他經常被周遭的人誤會。
PLAYER/ISABEL/WEDDING,伊莎貝爾身著婚紗的姿態。#這是她夢裡的模樣，不過迄今還未出現能讓她滿意的主攻手。
PLAYER/JAEHYUN/TRAINING,南宰賢和NN一起接受訓練的樣子。#被NN強迫每天喝巧克力牛奶。
PLAYER/NISHIKAWA/HIGHSCHOOL/DES,…我可沒興趣玩球
PLAYER/ISABEL/WEDDING/DES,我很欣賞你的扣球！
PLAYER/JAEHYUN/TRAINING/DES,通往星辰之路荊棘滿途
PLAYER/ELLIO/DES,我會展現最精彩的比賽。
COMMON/INFO,資訊
COMMON/AWAKEN_ACHIEVE,突破 {0} 達成！
SHOP/EXISTING_SKIN,你已擁有此造型。
SHOP/RECEIVE_PLAYER_SKIN,立即領取該球員的造型。
SHOP/LIMITEDSKINPOINT,限定造型點數
COMMON/SHOP/NOEXISTPLAYER,未擁有
SHOP/UNIFORM,球衣
SHOP/UNIFORM/DES,可在裝扮介面中穿戴的球衣商品。
SHOP/BALL,球
SHOP/BALL/DES,可在裝扮介面中裝備的排球商品。
SHOP/SHOES,鞋子
SHOP/SHOES/DES,可在裝扮介面中穿戴的鞋子商品。
ALERT_HIGHRANK_DELETE,已選擇高評級球員。#確定要釋出嗎？
BANNED_ACCOUNT_NOTICE,您目前登入的帳號因使用非法程式、外掛等違規行為而被停用。#如有疑問，請聯繫 support@suncyan.com。
API/PROBLEM_OCCUR/DATA,無法從伺服器加載部分數據。
INGAME/AWAKEN_ITEM_LIST,努力碎片清單
COMMON/SELECT_FILTER,選擇
COMMON/GRIT_FRAG_STORE/TITLE,努力碎片兌換所
COMMON/ITEM_CHANGE_BEFORE,要兌換的道具
COMMON/ITEM_CHANGE_AFTER,兌換後取得的道具
COMMON/ITEM_CHANGE,選擇兌換
COMMON/FILTER/ALL_RANK,全部評級
COMMON/FILTER/ALL_POSITION,全部位置
COMMON/FILTER/SELECT_UNIT,選擇數量
COMMON/FILTER/SELECT_UNIT/ONE,每次{n}個
COMMON/FILTER/SELECT_UNIT/ALL,最大
COMMON/FILTER/ALERT/POSITION,請至少選擇一個位置
COMMON/FILTER/ALERT/RANK,請至少選擇一個評級
COMMON/FILTER/ALERT/CHANGE,選中的努力碎片將被兌換為貨幣。#是否繼續？
COMMON/FILTER/ALERT/CHANGE_SRANK,已選擇高等級的努力碎片。#是否繼續？
COMMON/ALL,全部
DIFFICULTY_RAID_HARD,困難
DIFFICULTY_RAID_TOOHARD,非常困難
COMMON/RAID/DIAMOND/TITLE,洛克威爾青少年排球隊
COMMON/RAID/DIAMOND/DES,與洛克威爾青少年排球隊的潛力新星塔尼婭和克萊德對戰！#留意能解除洩氣的貓咪蝴蝶，以及塔尼婭的快速舉球！
COMMON/RAID/MASTER/TITLE,戴夫與邁克兄弟
COMMON/RAID/MASTER/DES,經營小山屋的最強兄弟戴夫和邁克！即使退役10年，#肌肉比現役時還猛！當心越來越強的他們！
HELP/SNOWRAID_2/DES,在雪山中抵禦寒冬的特殊排球比賽。#比賽採15分制，每經過3分，莎拉會帶來道具幫助你抵禦嚴寒。
ALERT_SHOP_EXPIRED,商店已過期。
VESSENCE_SHOP,V精華兌換所
VESSENCE_SHOP/LIMITED,限時兌換
VESSENCE_SHOP/24,一般兌換
VESSENCE_SHOP/ALERT1,可使用V精華兌換各種貨幣與招募券。
VESSENCE_SHOP/ALERT2,限時兌換所會定期刷新。
VESSENCE,V精華
VESSENCE/DES,可透過「雪地爭奪賽」等特殊內容獲得的貨幣。可與克萊德的貓叼來的各種物品進行交換。
NORMAL_PLAYER_RECRUIT_TICKET,普通球員招募券
POSITION_PLAYER_RECRUIT_TICKET,按位置招募球員券
SNOWRAID/TEMP,體溫
SNOWRAID/TEMP/DES,球員在寒冷環境中的體溫。體溫越低，整體能力值就越低，#因此比賽中必須適時替換球員。體溫顯示於畫面左上角。
SNOWRAID/FEVER,狂熱
SNOWRAID/FEVER/DES,在寒冷中，長時間的回合會積累狂熱點。贏得該回合吸收點數，集滿後進入狂熱狀態，暫時增強能力並恢復體溫。
SNOWRAID/COUNTER_RECEIVE,反擊接球
SNOWRAID/COUNTER_RECEIVE/DES,雪地爭奪賽的環境惡劣，需要更精準的接球。按下接球按鈕的時機越接近球員碰到球的瞬間，準確度就越高，並可獲得PERFECT、GOOD、BAD判定。
SNOWRAID/PERFECT_RECEIVE,完美接球
SNOWRAID/GOOD_RECEIVE,良好接球
SNOWRAID/BAD_RECEIVE,差勁接球
SNOWRAID/SLIDING,魚躍
SNOWRAID/INSTRUCT_RECEIVE,接球指令
SNOWRAID/GIFT_BOX,禮物箱
SNOWRAID/PERFECT_RECEIVE/DES,發動精準度在3幀以內的完美接球時，球員將暫時進入專注狀態，100%抵消對手的攻擊並使其特殊能力無效。這是即使沒有體力也能掌控回合的大逆轉防守。
SNOWRAID/GOOD_RECEIVE/DES,GOOD接球可抵消對手70%的攻擊。如果體力不足，即使獲得GOOD接球判定，球也可能會飛遠導致失敗。
SNOWRAID/BAD_RECEIVE/DES,BAD接球僅可抵消對手30%的攻擊。由於體力會大幅消耗，最好盡量避免收到BAD接球判定。
SNOWRAID/SLIDING/DES,魚躍時，不受精準度的影響，#可以防禦50%的傷害。
SNOWRAID/INSTRUCT_RECEIVE/DES,在雪地爭奪賽中，也可以直接控制隊友的接球時機。若玩家一直沒有按下接球按鈕，隊友會在最後一刻自行判斷並接球。效果比玩家的BAD判定好，但不如GOOD判定。出現時機量表時，表示這次接球是由玩家判斷時機。
SNOWRAID/GIFT_BOX/DES,戴夫和邁克為孩子們在雪山中藏了禮物。贏得比賽有20%的機率獲得一個含隨機獎勵的禮物箱。
COMMON/ENTER_COUNT,入場次數
COMMON/OWN_AMOUNT,擁有數量
COMMON/PROBABILITY,機率
SNOWRAID/GIFT_BOX_ABBR,禮物箱
SHOP/HAIR/DES,可在服裝中使用的髮型商品。
ILLUST_VIEW_MODE,造型
NISHIKAWA_CARD_PACK,西川卡包
NORMAL_PLAYER_RECRUIT_TICKET_DESC,可在招募商店的「一般」項目中招募選手。
POSITION_PLAYER_RECRUIT_TICKET_DESC,可在招募商店的「位置」項目中招募選手。
BLACKTHUNDER_CARD_PACK,黑雷卡包
0422 ~ PTL Update,
NAME/TEAM_66,阿瑪雷蒂強打隊
NAME/TEAM_67,卡諾里猛虎隊
NAME/TEAM_68,黑提拉米蘇
NAME/TEAM_69,扁桃仁餅攔網隊
NAME/TEAM_70,牛軋糖巨人隊
NAME/TEAM_71,華夫餅迅影隊
NAME/TEAM_72,地獄黑焰隊
NAME/TEAM_73,粉紅風暴隊
NAME/TEAM_74,臨時伊莎貝爾隊
NAME/TEAM_75,美麗之玻
NAME/TEAM_76,蘑菇咖啡隊
NAME/TEAM_77,華麗紅酒隊
NAME/TEAM_78,新鮮香草隊
NAME/TEAM_79,臨時雅瑩隊
PIGGYBANK_BALL,小豬存錢球
PIGGYBANK_BALL/DES,幻影聯賽<15人委員會>成員送給孩子的黃色小豬撲滿球。看起來像玩具，實際上是由頂級材料製成的奢華之物。#「從搖籃到墳墓，我們的每一樣東西都要與眾不同。」
LEAGUE,聯賽
LEAGUE_DES,聯賽共10個，每個包含5個關卡。獲得聯賽積分以晉級更高聯賽，對手會變得更強。若失敗或積分不足，需從頭挑戰該聯賽。
LEAGUE_NUM,聯賽 {0}
LEAGUE_CLEAR_CONDITION_SENTENCE,達到{0}聯賽積分即可完成聯賽。
LEAGUE_PREVLEVEL_ENTER_SENTENCE,完成前一聯賽即可進入。
POINTS,聯賽積分
LEAGUE_RESTART,重新開始聯賽
LEAGUE_PREVLEVEL_REWARD_ALERT,重複遊玩的關卡無法獲得聯賽獎勵。
LEAGUE_PREVLEVEL_SELECT_ALERT,請選擇要重玩的關卡。
CLEAR_LEVEL_NUM,通關 {0} 個關卡
LEAGUE_RESET,重設聯賽
LEAGUE_NUM_CLEAR_REWARD,聯賽{0}通關獎勵
LEAGUE_CLEAR_UNAVAIL,無法完成聯賽
LEAGUE_TOTAL_POINT_INSUFF_SENTENCE,累計聯賽積分不足，即使剩下的比賽都以最高積分獲勝，也無法晉級下一個聯賽。#仍要挑戰嗎？
LEAGUE_TOTAL_POINT_INSUFF_SENTENCE2,聯賽積分不足，無法進入下一個聯賽。#可重設聯賽再嘗試。
TIP/SLIDING_ALERT_01,面對強力扣球時，#請掌握時機魚躍防守。
TIP/RAUL_ALERT_01,拉烏爾的扣球無法攔網。#請預測落點，用魚躍防守。
TIP/HYBRID_SERVE_ALERT_02,魚躍接混合發球時#球會飛遠。請用接球鍵防守。
TIP/JENNY_ALERT_01,珍妮每次刷新自己的擊球點高度紀錄，都會變得更強。
PHANTOM_LEAGUE_TIP_0,對方的攔網很穩固。
PHANTOM_LEAGUE_TIP_1,對方的扣球打得很深。
PHANTOM_LEAGUE_TIP_2,套用雪地爭奪賽的反擊接球規則。
PHANTOM_LEAGUE_TIP_3,需抓準時機進行接球。
PHANTOM_LEAGUE_TIP_4,魚躍也會受到傷害。
PHANTOM_LEAGUE_TIP_5,對方打出短扣球。
PHANTOM_LEAGUE_TIP_6,對方善於使用佯攻。
PHANTOM_LEAGUE_TIP_7,對方使用上旋佯攻。
PHANTOM_LEAGUE_TIP_8,對方的攔網非常穩固。
PHANTOM_LEAGUE_TIP_9,對方的最後接球飛得很高。
PHANTOM_LEAGUE_TIP_10,拉鋸越久防守精度越低。
PHANTOM_LEAGUE_TIP_11,對方使用混合發球。
PHANTOM_LEAGUE_TIP_12,用魚躍接混合發球會失敗。
PHANTOM_LEAGUE_TIP_13,對方魚躍技巧純熟。
PHANTOM_LEAGUE_TIP_14,所有選手的攔網跳躍降低。
PHANTOM_LEAGUE_TIP_15,所有選手的魚躍冷卻時間減少。
PHANTOM_LEAGUE_TIP_16,所有選手的魚躍精度降低。
PHANTOM_LEAGUE_TIP_17,所有選手的攔網準備加快。
PHANTOM_LEAGUE_TIP_18,所有選手的攔網跳躍增加。
PHANTOM_LEAGUE_TIP_19,所有選手的體力增加。
PHANTOM_LEAGUE_TIP_20,連失分隊伍將變更輪轉順序。
BASIC,基礎
PHANTOM_TIP_NO_NEXT_LEAGUE,若接下來再失{n}分以上，就無法晉級下一個聯賽。
PHANTOM_TIP_NO_NEXT_LEAGUE2,聯賽積分不足，無法進入下一聯賽。
PHANTOM_TIP_WIN_POINT,勝利時，聯賽積分 = [我方得分 - 對方得分]。
PLAYER/JENNY_FIRST_SHOW,白時宇，我絕不會輸給你。
COLOSSEUM/CARD/NAME_72,雜技
COLOSSEUM/CARD/DES_72,扣球角度越接近垂直，威力越高。
COLOSSEUM/CARD/NAME_73,伊卡洛斯
COLOSSEUM/CARD/DES_73,越靠近球網，扣球越向下彎。越遠離，越向上彎。
COLOSSEUM/CARD/NAME_74,超級允碩
COLOSSEUM/CARD/DES_74,我的所有攻擊都會無視攔網。
COLOSSEUM/CARD/NAME_75,反擊
COLOSSEUM/CARD/DES_75,接好敵方扣球後進入{n1}狀態。隊伍體力越高，持續越久。
MINIMUM_NEED_TIER,最低所需段位
LEAGUE_LEFT_POSSIBLE_POINT,剩餘比賽可得最多聯賽積分：{0}
MAXSCORE_MATCH,{0}分比賽
LEAGUE_MISSION_REWARD_CONDTION,完成任務後才能領取獎勵。
LEAGUE_CLEAR_UNAVAIL_QUESTION,你仍可完成聯賽！#確定重啟？
RESULT,結果
NEEDED_POINT,所需聯賽積分
ACHIEVED_POINT,已獲得聯賽積分
LEAGUE_NUM_CLEAR,已完成聯賽{0}
LEAGUE_NUM_CLEAR_FAILED,聯賽{0}未完成
LEAGUE_POINT_ACHIEVED,已達成所需聯賽積分。
LEAGUE_POINT_NOT_ACHIEVED,未達成所需聯賽積分。
IN_PROGRESS_LEAGUE,目前參與的聯賽
CARD_PACK_PTL,幻影聯賽卡包
CORONA_SPLENDENTE_UNIFORM,光輝皇冠
CORONA_SPLENDENTE_UNIFORM/DES,拉烏爾登場前，另一位幻影聯賽Lv.4明星球員的球衣。雖然他已退休多年，球迷仍會穿著這套球衣到球場觀賽。
BDF(05.29~),
CTM_CARD_PACK,挑戰大師賽卡包
SVB_CARD_PACK,雪地排球卡包
PLAYER/RYUHYUN/SKIN/CHIEF_DISCIPLE,首席大弟子
PLAYER/HANRA/SKIN/YUMMI,西點師
PLAYER/AYEON/SKIN/AYEONSTEIN,雅瑩斯坦
BLUE_DRAGON_FESTIVAL,青龍祭
BLUE_DRAGON_FESTIVAL_DESC,在青龍祭活動期間，每日通關青龍祭比賽即可領取青龍祭代幣！使用青龍祭代幣可獲得新選手及各種道具。
BLUE_DRAGON_FESTIVAL_COIN,青龍祭代幣
BLUE_DRAGON_FESTIVAL_COIN_DESC,在青龍祭活動期間可使用的特別貨幣。#可用於招募活動選手。#活動結束後將失效。
BDF_EXCHANGE_SHOP,青龍祭代幣商店
BDFCOIN_SHOP/ALERT1,使用青龍祭代幣兌換限時活動道具吧！
ENTER_IMMEDIATELY,立即進入
SKIN_SCOUT_POINT,造型招攬點數
MUSIC,音樂
BACKGROUND,背景
MAINSCREEN_EDIT,主畫面設定
NOT_DISPLAYED,不顯示
BACKGROUND_DESC,可在主畫面「裝飾」選單中變更預設背景。
BGM_DESC,可在主畫面「裝飾」選單中變更預設背景音樂。
BDF_STORY,青龍祭故事
RESET_PROGRESS,重設進度
COMPLETE_REWARD_CLAIM,已領取獎勵
PROGRESS_STATUS,進度
PLAYER/HANRA/BREAD/DES,有點不好意思，但我其實挺喜歡甜食的。
PLAYER/AYEON/AYEONSTEINS/DES,你願意和我做朋友嗎？
GPGS_ERROR_0,無法找到可用的帳戶。請在此裝置上至少登入一次 Google，然後重新啟動遊戲。
REWARD_INFO_TEXT,點擊道具查看詳細資訊
COMMON/DECORATE,裝飾
6/30~ KMK,
HELP/ABILITY_CARD_INFO,選擇能力卡查看詳細資訊！
COMMON/ABILITY_CARD,能力卡
HELP/LEFT_LIFE/DES,所有比賽共用生命值，剩餘生命為0即失敗。
PHANTOM_LEAGUE_RULE_TITLE,附加規則
PHANTOM_LEAGUE_RULE_DES,聯賽的每場比賽都有不同的附加規則，對比賽有重大影響。#開始時會顯示。
LEAGUE_DES_2,這是高難度模式，需要連續完成5場比賽並累積積分通關。#通關後可晉級更高級別的聯賽！
KINGMAKER,造王者
PURCHASE_ALL_PASS,購買所有通行證
DIFFICULTY_EASY,簡單
DIFFICULTY_NORMAL,普通
DIFFICULTY_HARD,困難
ADD_ENTRY,追加進入
SELECT_NEXT_CARD,選擇下一張卡
SELECTED_CARD,已選擇卡牌
RESET,重設
ADD_PURCHASE,額外購買
DIFFICULTY_ENTER_GAME,選擇難度後可進入
CHANGE,更改
CHOOSE_DIFFICULTY,請選擇難度！
DAILY_REWARD_CLAIMED,每日獎勵已領取！
CHOSEN_DIFFICULTY,已選擇難度
CAN_ENTER_COUNT,可進入次數
EVENT/TIME/DAY,{0}天
EVENT/TIME/HOUR,{1}小時
EVENT/TIME/MINUTE,{2}分
EVENT/TIME/SECOND,{3}秒
ENTER_SILVER,白銀段位以上可入場
RESET_EVENT,由於網路連線不穩定或活動重設，將返回主畫面。
TIMEOUT/ALLOC_CONTROLLER,請選擇要操作的選手並點擊確認。
ALERT/NO_PLAYER_ALLOCATED,未選擇任何選手。
BUY_AFTER_SOLAR_PASS,購買太陽通行證後可購買
NAME/TEAM_80,臨時雅瑩隊
NAME/TEAM_81,銀星
NAME/TEAM_82,太陽火花
NAME/TEAM_83,練習用隊伍
TIMEOUT/SECOND_PLAYERS,替補選手
TIMEOUT/CUSTOM,自訂
TIMEOUT/FIRST_TEAM,先發隊伍
TIMEOUT/SECOND_TEAM,替補隊伍
LUCAS/NICKNAME,太陽扣球手
LUCAS/LINE,別擔心。我至今從未抱著會輸的念頭站上球場。
HARI/LINE,就在這裡，為我凋零吧。
TIMEOUT/STRONGER_DIRECT_SPIKE,直擊扣球威力強化
TIMEOUT/SUPER_SLIDE,魚躍無敵
NAME/TEAM_84,綠色驕傲
NAME/TEAM_85,藍色戰車
NAME/TEAM_86,紅色壁壘
NAME/TEAM_87,黃色火力網
NAME/TEAM_88,彩虹
NAME/TEAM_89,銀鈴
TIP/HARI_ALERT_01,當哈里接球時，種子會種在最後觸球的選手身上。#當哈里發動技能時，種子會爆炸，使該選手的動作短暫停止。
TIP/LUCAS_ALERT_01,盧卡斯會在空中向前突進並嘗試扣球。#在閃光狀態下，他的攻擊比平時強大得多，需要小心。
TIP/RAUL_ALERT_02,拉烏爾縮短助跑距離後打出的扣球可以被攔網。
SHOP/BUY/ALERT2,是否要購買該道具？
INGAME/TABLE_RESET/ALERT2,目前進行中的錦標賽比賽將全部重置。
INGAME/TABLE_RESET/REMAINS,剩餘重置次數：{n1}次
UI/EXIT_WITHOUT_SAVE,要不儲存更改就退出嗎？
COMMON/NONE,無
COMMON/TOHOME,回到首頁
COMMON/GOBACK,返回
COMMON/PREVIOUS_SCREEN,上一畫面
COMMON/SELECT,選擇
INGAME/MOVE,移動
LAYOUT_KEY/LEFT_HAND,左手模式
LAYOUT_KEY/BASIC,基礎
LAYOUT_KEY/CUSTOM,自訂
LAYOUT_DES/TOUCH_BUTTON_PLEASE,請點擊要調整的按鈕。
LAYOUT_DES/CUSTOM_MODE_CHANGE,調整按鈕後將切換為自訂模式。
TIMEOUT/LOSER_ROTATION,失分時輪轉
INGAME/SPIKE/SHORT,短距離扣球
INGAME/SPIKE/FEINT,佯攻
CLEAR,通關
INGAME/TEAM_HP,隊伍體力
INGAME/BALANCE_MODE,平衡模式
130M_ATTENDANCE,1.3億下載紀念登入獎勵
130M_ATTENDANCE_REWARD,1.3億下載紀念登入獎勵內容
EVENT_THANKYOU,我們將以更好的遊戲回饋大家。
KEYBOARD,鍵盤
GAMEPAD,遊戲手把
KEYBOARD_CUSTOMIZE_DES,自訂鍵盤操作。
GAMEPAD_CUSTOMIZE_DES,自訂手把操作。
FIELD_OF_VIEW_DES,調整遊戲畫面顯示的視野範圍。
ADVANCED_GRAPHIC,高級圖形
MOVE_LEFT,向左移動
MOVE_RIGHT,向右移動
TOGGLE_SKILL_MODE,切換/取消技能模式
TOGGLE_CHANGEPLAYER_MODE,切換/取消換人模式
GAME_CONTROL,遊戲操作
PRESS_KEY_TO_ASSIGN,請按下要分配的按鍵。
UNASSIGNED_CONTROLS_WARNING,還有未設定的操作！
GAMEPAD_NOT_CONNECTED,沒有連接的手把或連線已斷開。
CELEBRATE_130M_DOWNLOAD,慶祝下載量突破1.3億+！
COMMON/SCREEN_TRANSITION,畫面切換
COMMON/TOUCH_TO_START,觸碰螢幕開始
COMMON/PRESS_ANY_KEY,按任意鍵開始
START,開始
COMMON/CONTROLLER_SETTING,控制器設定
MOVE_UP,向上移動
MOVE_DOWN,向下移動
09/01 ~ SMM,
SMM_COIN_DESC,可使用在「潑水大戰」與「沙灘排球爭奪賽」中獲得的夏日硬幣來招募特別選手。#該貨幣會在活動結束後消失。
SUMMER_MEMORIES_DESC,夏日回憶！與熟悉的面孔一起進行清涼比賽、驅散炎熱的活動。#可獲得的獎勵次數每日重置；無論獎勵狀態如何，都可進入活動比賽。
WATER_FIGHT_DESC,在海灘與各種對手進行的特殊比賽。將對手的體力耗盡即可獲勝，並可獲得夏日硬幣。
BEACH_VOLLEYBALL_RAID_DESC,在炙熱陽光下進行的特殊沙灘排球比賽。#比賽採15分制，每經過3分，莎拉都會帶來道具，幫助你抵禦炎熱。
SMM_COIN,夏日硬幣
SUMMER_MEMORIES,夏日回憶
WATER_FIGHT,水槍大戰
BEACH_VOLLEYBALL_RAID,沙灘排球爭奪賽
COMMON/DISPLAY,顯示
COMMON/SCREEN_MODE,螢幕模式
COMMON/WINDOW_MODE,視窗模式
COMMON/FULLSCREEN,全螢幕
COMMON/BORDERLESS,無邊框視窗
COMMON/RESOLUTION,解析度
ETC/FULLSCREEN_MAX_RESOLUTION,全螢幕模式下將套用裝置的最大解析度。
GRAPHICS/EXPERIMENTAL_EFFECT,實驗性圖形效果
GRAPHICS/EXPERIMENTAL_EFFECT_DESC,為遊戲畫面應用濾鏡和視覺效果，使畫面更生動。如果對效能有較大影響，建議關閉。
GRAPHICS/POST_PROCESS_SCALE,後期處理渲染比例
GRAPHICS/POST_PROCESS_SCALE_DESC,調整應用後期處理的解析度比例。
GRAPHICS/SLOW_MOTION,慢動作效果
GRAPHICS/SLOW_MOTION_DESC,啟用慢動作時會啟用專屬效果。
GRAPHICS/MOTION_BLUR,運動模糊
GRAPHICS/MOTION_BLUR_DESC,當相機快速移動時，對畫面應用模糊效果。
GRAPHICS/SPIKE_EFFECT,扣球效果
GRAPHICS/SPIKE_EFFECT_DESC,當選手施展強力扣球時會啟用專屬效果。
GRAPHICS/ENVIRONMENT_DETAIL,環境細節描繪
GRAPHICS/ENVIRONMENT_DETAIL_DESC,啟用光源、陰影、反射等環境效果的細節描繪。可能會影響效能。
GRAPHICS/REFRACTION_EFFECT,折射效果
GRAPHICS/REFRACTION_EFFECT_DESC,在畫面上啟用折射和波動效果。
COMMON/CONNECT,連接
COMMON/CONNECT_OTHER_PAD,連接其他手把
COMMON/NO_PAD_CONNECTED,未連接手把
COMMON/PAD_CONNECTED,已連接
COMMON/PRESS_ANY_BUTTON_TO_CONNECT,請按下要連接的手把上的任意按鈕。
COMMON/SELECT_INPUT_DEVICE,請選擇要使用的輸入裝置。
COMMON/KEYBOARD_ALREADY_CONNECTED,鍵盤已連接到其他玩家。
COMMON/PAD_ALREADY_REGISTERED,已註冊的手把無法再次註冊。
COMMON/NORMAL,普通
COMMON/SPLIT_1,分割1
COMMON/SPLIT_2,分割2
SYSTEM/INDIVIDUAL_CONTROL_NOT_SAVE,單個玩家的操作設定不會被保存。
COMMON/CHAGE_TO_SINGLEPLAY,切換為單人模式
COMMON/CHAGE_TO_MULTIPLAY,切換為多人模式
SYSTEM/NO_INPUT_DEVICE,無輸入裝置
SYSTEM/KEYBOARD_SPLIT,共用鍵盤
SYSTEM/KEYBOARD_MODE_LOCKED,鍵盤已連接到玩家，無法切換模式。
SYSTEM/DELETE_INPUT_DEVICE,刪除現有輸入裝置
INGAME/POSITION/NAME_SE,舉球員
INGAME/POSITION/NAME_MB,中間手
INGAME/POSITION/NAME_WS,主攻手
COMMON/CLICK_TO_CONTINUE,點擊螢幕繼續
TIMEOUT/ALERT/SAME_TEAM,兩隊的選手相同，無法交換隊伍。
TIMEOUT/ALERT/NO_COMBI,沒有組合加成
TIMEOUT/ALERT/NO_COMBI_DES,該隊沒有因選手組合而獲得加成效果。
SUMMER_MEMORIES_VOUCHER,額外獎勵券
SUMMER_MEMORIES_VOUCHER_DESC,使用後可額外開放一次今日的每日獎勵額度。通關關卡即可獲得額外獎勵，每天限購1次。
STEAM_ERROR_CONNECT,無法連接到Steam。
STEAM_ERROR_CLIENT,請退出遊戲，檢查Steam用戶端狀態後重新啟動遊戲。
STEAM_ERROR_UNAUTHORIZED,未經授權的用戶端。請在Steam中驗證後重新啟動遊戲。
STEAM_RECOMMEND_OVERLAY_TITLE,檢查Steam遊戲內介面設定
STEAM_RECOMMEND_OVERLAY_MESSAGE,請在Steam「設定」中啟用遊戲內介面，然後重新啟動遊戲用戶端。
EXTRA_REWARD_TICKET_INFO,今天的獎勵已全部領取。##使用額外獎勵券可重置每日上限。##即使不使用也可以繼續進行比賽。
SMM_EXCHANGE_SHOP,夏日回憶硬幣商店
LOGIN_BONUS,簽到通行證
COMMON/HARD,困難
SMM_EXCHANGE_SHOP,硬幣商店
TUTORIAL/FIGHT/TALK_01_A,嘿，孩子！你還記得我們營地的特別雪球大戰規則吧？
TUTORIAL/FIGHT/TALK_01_B,嘿，孩子！你還記得我們營地的特別雪球…不，水戰規則吧？
TUTORIAL/FIGHT/TALK_02,…哦呵！看你這表情完全不記得啊。看來得我來幫你了。
TUTORIAL/FIGHT/TALK_03,首先，像平時一樣在場地上移動試試。
TUTORIAL/FIGHT/TALK_04,這樣累積攻擊點後，就能按累積量攻擊對手！
TUTORIAL/FIGHT/TALK_05,那麼就像扣球一樣高高跳起向對手進攻吧。
TUTORIAL/FIGHT/TALK_06,很好，扔得不錯。要注意：空中按的按鈕會改變攻擊軌跡。
TUTORIAL/FIGHT/TALK_07,那我來告訴你更強力的攻擊方法。
TUTORIAL/FIGHT/TALK_08,持續在空中攻擊時…有時會觸發CRITICAL效果，使攻擊得到強化！
TUTORIAL/FIGHT/TALK_09,若是CRITICAL攻擊成功，會造成比平常更大的衝擊並恢復一些攻擊點數！
TUTORIAL/FIGHT/TALK_10,或者在地面上長按接球鍵再放開，就能發動曲射（迫擊炮）攻擊。#曲射攻擊始終帶有CRITICAL效果。
TUTORIAL/FIGHT/TALK_11,要不要試試？哪種都可以。
TUTORIAL/FIGHT/TALK_12,好極了！非常棒！
TUTORIAL/FIGHT/TALK_13,另外，曲射攻擊會在落點留下干擾區域。
TUTORIAL/FIGHT/TALK_14,在干擾區域內速度會下降且無法跳躍，很危險！
TUTORIAL/FIGHT/TALK_15,但是魚躍可以輕鬆消除干擾區域，試試看吧。
TUTORIAL/FIGHT/TALK_16,不錯，不錯。越來越熟練了。不過對手也不會那麼好對付。
TUTORIAL/FIGHT/TALK_17,有時候對手會發出金色光芒，要注意。#那是他們要使用強力特殊攻擊的信號。
TUTORIAL/FIGHT/TALK_18,對手發動特殊攻擊期間會變得更堅固，任何手段都無法阻止。
TUTORIAL/FIGHT/TALK_19,特殊攻擊結束後會出現破綻、露出弱點，這時就可以進攻！
TUTORIAL/FIGHT/TALK_20,哈哈哈！攻擊弱點會充能攻擊點並收集狂熱點（Fever點）。
TUTORIAL/FIGHT/TALK_21,…哦呵！看你像是不知道什麼是狂熱點（Fever點）？
TUTORIAL/FIGHT/TALK_22,是進入Fever模式所需的點數。#像剛才那樣攻擊敵人的弱點，或接觸出現在場地上的Fever氣泡都可以獲得。
TUTORIAL/FIGHT/TALK_23,別只說，動手試試吧。
TUTORIAL/FIGHT/TALK_24,哈哈哈！！看起來精神十足！
TUTORIAL/FIGHT/TALK_25,那麼，就來一次實戰吧？
TUTORIAL/FIGHT/DES_01,在場地上移動以收集攻擊點
TUTORIAL/FIGHT/DES_02,跳起後在空中攻擊以命中對手
TUTORIAL/FIGHT/DES_03,用強化後的空中攻擊或曲射攻擊命中敵人。
TUTORIAL/FIGHT/DES_04,透過魚躍移除干擾區域
TUTORIAL/FIGHT/DES_05,瞄準破綻並攻擊弱點
TUTORIAL/FIGHT/DES_06,收集Fever氣泡以進入Fever模式
TUTORIAL/FIGHT/DES_07,現在開始盡情攻擊對手吧！！
TUTORIAL/FIGHT/TIP_01,在地面移動時會為攻擊點充能。#移動越快，充能越快。
TUTORIAL/FIGHT/TIP_02,跳起後在空中左右移動可以更改攻擊目標點。
TUTORIAL/FIGHT/TIP_03,具有CRITICAL效果的攻擊在命中時會造成更大的衝擊，並為攻擊點充能。
TUTORIAL/FIGHT/TIP_04,魚躍時處於無敵狀態。#此外，魚躍中會消除所接觸到的所有干擾區域。
TUTORIAL/FIGHT/TIP_05,敵人完成特殊攻擊後，瞄準破綻攻擊弱點會造成巨大衝擊並恢復攻擊點。
TUTORIAL/FIGHT/TIP_06,在Fever模式中，能力值大幅提升，且不受干擾區域影響。
COMMON/WORD/GOKSA,曲射攻擊
INVALID_SESSION_MESSAGE_TITLE,已從其他設備登入。
INVALID_SESSION_MESSAGE_MESSAGE,您的帳號已在新設備上登入。若非本人操作，請立即修改綁定平台的密碼。
PLAYER/SARA/SKIN/WATERSPLASH,水花四濺
PLAYER/JENNY/SKIN/STRAWHAT,草帽
PLAYER/DAVE/SKIN/DIVER,潛水員
PLAYER/NN/SKIN/SURFER,衝浪手
OPTION/GRAPHIC_WARNING,實驗性圖形設定可能會在部分裝置上導致效能下降或圖形錯誤。如遇問題，請關閉該選項再使用。
BEACHRAID/TEMP/MESSAGE_01,球員們開始覺得有點熱了。
BEACHRAID/TEMP/MESSAGE_02,炎熱正在影響球員們的表現。
BEACHRAID/TEMP/MESSAGE_03,高溫大大降低了球員們的彈跳力和防守力。
BEACHRAID/TEMP/MESSAGE_04,需要為覺得炎熱的球員進行換人。
BEACHRAID/TEMP/MESSAGE_05,因為炎熱，所有球員都開始跳舞..!
BEACHRAID/CARD/TUNA,戴夫的鮪魚
BEACHRAID/CARD/SUNCREAM,防曬霜
BEACHRAID/CARD/WATERGUN,水槍
BEACHRAID/CARD/JUICE,奶油蘇打
BEACHRAID/CARD/ICE_DESSERT,剉冰
BEACHRAID/CARD/ICECREAM,冰淇淋
BEACHRAID/CARD/SUNGLASS,太陽眼鏡
BEACHRAID/CARD/COCONUT,椰子飲料
BEACHRAID/CARD/FAN,扇子
TOTAL_CURRENCY,總持有資源
TODAY_CAN_GET,今日可獲得數量
SMM_TREASURE_CHEST,寶箱
SMM_TREASURE_CHEST_DESC,我們的戴夫會分享他從深海打撈上來的寶藏。#在完成每日獎勵的最後一場比賽中，有機會獲得寶箱。
PLAYER/JENNY_SUMMER_SHOW,休息夠了，差不多該開始了。
PLAYER/DAVE_SUMMER_SHOW,藝術般的肌肉與美麗沙灘排球的和諧…太棒了!!
PLAYER/DAVE_SUMMER_NICKNAME,優雅猛獸
NAME/TEAM_90,NN隊
NAME/TEAM_91,珍妮隊
INGAME/SETUP/NAME_11,草莓巧克力牛奶
INGAME/SETUP/NAME_12,美女與野獸
ALERT_RAID_SETTING_RESET,變更內容將被重設。
ALERT/GO_BACK_EVENT_MAIN_SCREEN,要返回活動主畫面嗎？
NAME/TEAM_92,草莓巧克力牛奶
NAME/TEAM_93,美女與野獸
OPEN_DES,查看說明
WATER_FIGHT_EASY,清涼的水槍大戰在夏日海灘上展開！#一不小心就會被水球擊中，小心點！
WATER_FIGHT_HARD,清涼的水槍大戰在夏日海灘上展開！#一不小心就會被水球擊中，小心點！
BEACH_VOLLEYBALL_RAID_HARD,沙灘排球錦標賽已經開始了。#如果幸運的話，還能收到戴夫準備的驚喜禮物？！
BEACH_VOLLEYBALL_RAID_TOOHARD,沙灘排球錦標賽已經開始了。#如果幸運的話，還能收到戴夫準備的驚喜禮物？！
MATCH_INFO,比賽資訊
UPDATE_ANNOUNCE_STEAM,請在Steam資料庫中將《The Spike: Cross》更新至最新版本。
PC_DENIED_BUTTON_LAYOUT_DESC,若要設定按鈕布局，請用滑鼠點擊按鈕。
MOBILE_DENIED_BUTTON_LAYOUT_DESC,若要設定按鈕布局，請觸碰按鈕。
GAME,遊戲
UI/KEY_DELETE,刪除輸入
UI/EDIT_INPUT,編輯
UI/CLEAR,清空
UI/REGISTER_NEW_KEY,新增鍵
SETTINGS/SWAP_CONFIRM_CANCEL,切換確認/取消
NAME/TEAM_94,棉花之花
NAME/TEAM_95,弱旅
NAME/TEAM_96,狂野競技場
NAME/TEAM_97,美女與野獸們
NAME/TEAM_98,允碩的夢想
NAME/TEAM_99,負三人組
NAME/TEAM_100,雙后
NAME/TEAM_101,雙快
NAME/TEAM_102,多巴胺
COMMON/NO_TIP,目前沒有套用特殊規則。
PHANTOM_LEAGUE_TIP_21,雙方隊伍體力大幅下降。
PHANTOM_LEAGUE_TIP_22,所有球員速度大幅下降。
PHANTOM_LEAGUE_TIP_23,對方球隊的防守力與防守範圍提升。
PHANTOM_LEAGUE_TIP_24,所有球員狀態觸發機率與效果提升。
PHANTOM_LEAGUE_TIP_25,對方球隊體力提升。
PHANTOM_LEAGUE_TIP_26,馬允碩變得更強。
COMMON/COMBINATION_APPLY,套用組合
COMMON/WORD/DOUBLECONTACT,兩次擊球
COMMON/WORD/OUTOFBOUND,界外
COMMON/ARCHIVE,檔案
COMMON/STORY_ARCHIVE,劇情檔案
COMMON/STORY_ARCHIVE_DES,可以自由重溫曾經體驗過的故事。
LOGINSCREEN_PROGRESS_STEAM_USER_TICKET_RETRY,正在產生 Steam 使用者票證
LOGINSCREEN_PROGRESS_STEAM_USER_TICKET_FAILED,產生 Steam 使用者票證失敗
LOGINSCREEN_PROGRESS_STEAM_CONNECTED,Steam 連線完成
LOGINSCREEN_PROGRESS_LANG_LOAD_COMPLETE,語言檔案載入完成
LOGINSCREEN_PROGRESS_LOADING_AUTH,正在取得認證資訊
LOGINSCREEN_PROGRESS_ACCESS_SUNCYAN,正在連線至 SUNCYAN
LOGINSCREEN_PROGRESS_SUCCEED,登入成功！
LOGINSCREEN_PROGRESS_LOADING_DATA,正在載入必要資料
LOGINSCREEN_PROGRESS_BUNDLE_LOADING,正在載入必要的Bundle資料
LOGINSCREEN_PROGRESS_BUNDLE_COMPLETE,Bundle資料載入完成
LOGINSCREEN_PROGRESS_ERROR_HASH,完整性驗證失敗。請重新安裝遊戲。
COMMON/CONTROL_DES,遊戲玩法說明
COMMON/FIRST_CLEAR,首次通關
COMMON/FIRST_PERFECT,首次三星
LEAGUE_NOT_OPEN_YET,該聯賽尚未舉辦。
LEAGUE_LEFT_TIME,距開始還有 {n1}
ALERT/STORY_NO_MORE,已經沒有可以播放的劇情了。
ALERT/STORY_LAST,這是最後的劇情。
ALERT/STORY_NOT_PLAYED,該劇情尚未進行。
COMMON/LOCKED,已鎖定
ALERT/DIAL_NOT_SELECT,請選擇劇情。
ALERT/DIAL_END,這是最後一句台詞。
STORYMODE_TIP_0,提供對比賽有幫助的資訊。
STORYMODE_TIP_1,將套用「反擊接球」規則。
STORYMODE_TIP_2,魚躍也會受到傷害。
STORYMODE_TIP_3,跳躍力和速度會略微下降。
STORYMODE_TIP_4,比賽結果會根據觀眾人數決定。
STORYMODE_TIP_5,必須使用指定的選手進行遊戲。
STORYMODE_TIP_6,透過打雪仗來決定勝負。
STORYMODE_TIP_7,將套用「雪地爭奪賽」規則。
COMMON/NO_ENEMY_DATA,沒有對手資料
,
COMMON/STORY_REPLAY,重新觀看劇情
ALERT/PREV_CONTENT_NOT_CLEAR,通關下方內容後即可繼續。
11/06~ 할로윈,
PLAYER/SOHEE/SKIN/VAMPIRE,吸血鬼
HALLOWEEN,萬聖節
COMMON/DONTSHOWAGAIN,不再顯示
HALLOWEEN_EVENT,萬聖節派對！
EVENT_UNTIL_MESSAGE,{n1}後結束
JACK_O_LANTERN_BALL,南瓜燈球
JACK_O_LANTERN_BALL/DES,山寺傾盡喜好為小粉絲製作的。看見球的孩子全哭了。
BLACK_SPIDER_BALL,黑蜘蛛球
BLACK_SPIDER_BALL/DES,在老舊體育館比賽時，不小心沾上了蜘蛛網。
DULLAHAN_HAIR,無頭騎士髮型
DULLAHAN_HAIR/DES,聽說在西明高中訓練到深夜，會感覺看台上有人……只是傳聞吧？
HALLOWEEN_EVENT_REWARD_POPUP_DES,活動期間限定道具與獎勵，不容錯過！
MOVE_TO_REWARD,前往領取獎勵！
HALOWEEN_SOHEE_SAYS_1,不給糖就搗蛋！
HALOWEEN_SOHEE_SAYS_2,萬聖節快樂！
HALOWEEN_SOHEE_SAYS_3,……是不是有點晚了？
HALOWEEN_SOHEE_SAYS_4,果然還是有點奇怪吧…？
HALOWEEN_SOHEE_SAYS_5,姿勢是洪詩教我的
HALOWEEN_SOHEE_SAYS_6,呀啊！
HALOWEEN_SOHEE_SAYS_7,……你怎麼還不關掉螢幕？
HALOWEEN_SOHEE_SAYS_8,……突然覺得有點害羞了
HALOWEEN_SOHEE_SAYS_9,這種就叫做……彩蛋吧？
NAME/TEAM_106,
HELP_DEUCE,平分（Deuce）
HELP_DEUCE_DESCRIPTION,當雙方在達到預定的勝利分數之前出現同分時會進入「平分」，並且必須領先2分才能獲勝。遊戲內最高可達50分。
HELP_SLIDING_BASIC,魚躍
HELP_SLIDING_BASIC_DESCRIPTION,魚躍可以在不消耗體力的情況下接球。#雖然能夠穩定防守，但需要準確掌握時機並預測落點。#但若對手的魚躍穿透力達到30以上，即使使用魚躍，球也會被大幅彈開。#可透過防守力和魚躍抗性來減輕此效果。
HELP_SLIDING_RESISTANCE,魚躍抗性
HELP_SLIDING_RESISTANCE_DESCRIPTION,魚躍抗性可抵銷對方的魚躍穿透力。#回合持續越久，魚躍抗性就越低，其效果相當於對方扣球的魚躍穿透力增加了相同的數值。
HELP_SLIDING_ENDURANCE,魚躍持久力
HELP_SLIDING_ENDURANCE_DESCRIPTION,魚躍持久力越高，回合中魚躍抗性的下降速度越慢。
HELP_SLIDING_PENETRATION,魚躍穿透力
HELP_SLIDING_PENETRATION_DESCRIPTION,魚躍穿透力越高，魚躍防守時球會彈得越遠，使防守更加困難。
HELP_BLOCKING_RESISTANCE,攔網保護力
HELP_BLOCKING_RESISTANCE_DESCRIPTION,攔網保護力會抵消對方的攔網穿透力。保護力越高，攔網觸球後球的威力降低得越多。#回合持續越久，攔網保護力越低，其效果相當於對方扣球的攔網穿透力增加了相同的數值。
HELP_BLOCKING_ENDURANCE,攔網持久力
HELP_BLOCKING_ENDURANCE_DESCRIPTION,攔網持久力越高，回合持續時攔網保護力下降的速度就越慢。
HELP_BLOCKING_PENETRATION,攔網穿透力
HELP_BLOCKING_PENETRATION_DESCRIPTION,攔網穿透力越高，攔網觸球時球反彈的速度越快，越難防守。
11/1~ 비스트스파이커,
BEAST_SPIKER,野獸扣球手
BEAST_SPIKER_DESC,在野獸扣球手活動期間，可參與陣營戰並獲得野獸幣。使用野獸幣可在活動商店兌換商品並招募野獸扣球手選手。
END,結束
RESET_IN,{n1}後重置
ABILITY/CARD/NAME_76,高空扣球
ABILITY/CARD/DES_76,擊球點達到{n1}公尺以上時，球的威力提升{n2}
ABILITY/CARD/NAME_77,爆發攔網者
ABILITY/CARD/DES_77,扣球時將使用「昊天」的蓄力動作。#不適用於擁有特殊扣球方式的選手。
ABILITY/CARD/DES_77_1,滿蓄力時無視攔網
ABILITY/CARD/NAME_78,星期日
ABILITY/CARD/NAME_79,狂戰士
ABILITY/CARD/DES_79,每次扣球獲得 {STR} +{n1}#（最高 {STR} +{n2}）
ABILITY/CARD/NAME_80,敏感狀態
ABILITY/CARD/DES_80,{n1}狀態的屬性效率提高{n2}倍
ABILITY/CARD/NAME_81,致命扣球
ABILITY/CARD/DES_81,精準扣球時，有{n1}%機率暫時獲得{STR} +{n2}
ABILITY/CARD/NAME_82,小丑
ABILITY/CARD/DES_82,"每次回合開始時，{STR}和{JMP}都會以隨機數值暫時提升。#{STR} {n1}~{n2}, {JMP} {n3}~{n4}"
ABILITY/CARD/NAME_83,萊昂之心
ABILITY/CARD/DES_83,在場外扣球時，球的威力提升{n1}%
ABILITY/CARD/NAME_84,不屈意志
ABILITY/CARD/DES_84,反擊接球時，MISSED、BAD判定造成的傷害減少{n1}%
ABILITY/CARD/NAME_85,超級魚躍手
ABILITY/CARD/DES_85,魚躍受到的傷害減少{n1}%#魚躍後起身速度提高{n2}%
ABILITY/CARD/DES_86,攔網準備速度提高{n1}%#攔網時有{n2}%機率觸發絕對防禦
ABILITY/CARD/NAME_87,健康的身體
ABILITY/CARD/DES_87,隊伍最大體力永久增加{n1}
ABILITY/CARD/NAME_88,王者兄弟
ABILITY/CARD/DES_88,身高增加{n1}公分
ABILITY/CARD/NAME_89,幸運接球
ABILITY/CARD/DES_89,接球時有{n1}%機率觸發完美接球
ABILITY/CARD/NAME_90,治癒接球
ABILITY/CARD/DES_90,完美接球時，恢復{n1}體力
ABILITY/CARD/DES_91,空中移動速度提高{n1}%
ABILITY/CARD/DES_92,魚躍距離增加{n1}%
NAME/TEAM_103,藍色之矛
NAME/TEAM_104,永恆之星
NAME/TEAM_105,幻影波浪
MASTERY,熟練度
MAX_MASTERY_ACHIEVED,已達成最大熟練度！
CURRENTLY_MAX_MASTERY,已達成當前可達到的最高熟練度。
MASTERY_ACHIEVEMENT_ANNOUNCE,完成所有挑戰即可領取熟練度獎勵。
CAN_CLAIM_MASTERY,可領取熟練度獎勵！
MASTERY_REWARD,「{0}」達成獎勵
MASTERY_REWARD_LOAD_ERROR,錯誤！無法讀取選手的熟練度資料。
MASTERY/UNKNOWN,不存在的熟練度
MASTERY/ROOKIE,新秀
MASTERY/VETERAN,老將
MASTERY/ELITE,菁英
MASTERY/LEGEND,傳奇
MASTERY/CHAMPION,冠軍
MASTERY_ACH/SnowRaidScore,在雪地爭奪賽中得分
MASTERY_ACH/ColosseumScore,在競技場中得分
MASTERY_ACH/TournamentScore,在錦標賽中得分
CAMP,陣營
SELECT_CAMP_TITLE,選擇陣營
CAMP_BATTLE,陣營戰
CAMP_BATTLE_HISTORY,歷史
ROUND,回合
CAMP_MY,我的陣營
CAMP_WIN,獲勝陣營
CAMP_LOSE,失敗陣營
CAMP_CONTRIBUTION_POINT,陣營積分現狀
CONTRIBUTION_POINT,貢獻度
REWARD_WIN,勝利獎勵
REWARD_LOSE,失敗獎勵
CAMP_EXPIRED,結束
ROUND_NOT_WORKING_YET,開始前回合
ROUND_WORKING,第{0}回合進行中
CAMP_WEEK,陣營戰 {0} 回合
BSP_VOUCHER,額外貢獻度券
BSP_VOUCHER_DESC,使用後每日貢獻度上限將增加10點。增加的上限會在翌日重置。每日限購1次。
DAILY_CONTRIBUTION_POINT,每日貢獻度
DAILY_CONTRIBUTION_POINT_REWARD,每日貢獻度獎勵
DAILY_CONTRIBUTION_POINT_REWARD_DES,每日貢獻度獎勵會在每獲得10點貢獻度時發放。#使用「額外貢獻度券」會讓每日貢獻度上限增加10點。
PLAY_REWARD,比賽獎勵
PLAY_REWARD_DES,比賽勝利後會立即發放的獎勵。
SHOW_CARD_DETAIL_INFO,查看詳情
BSP_CARD_DRAW_DES,加入陣營後，每天可選擇2個回合技能，整個回合最多可選擇10次。#選擇重複技能時會提升該技能等級，效果在整個回合期間持續。
LEVEL,等級
SELECT_CAMP,您要選擇{0}陣營嗎？
CAMP_SIWOO,白色風暴隊
CAMP_RAUL,地獄黑焰隊
CAMP_NOT_JOIN,未參與
NOT_ENOUGH_CONTRIBUTION_POINT,由於未達到最低個人貢獻度，無法領取獎勵。
PLEASE_SELECT_CAMP,請選擇陣營。
PLEASE_SELECT_CARD,請選擇回合技能。
EXTRA_POINT_TICKET_INFO,使用額外貢獻度券後，每日貢獻度上限將增加10點。##不使用也可繼續比賽。
USE,使用
CAMP_CARD_COLLECTION,回合技能圖鑑
INGAME_DIAL_RAUL_SITUATION_01,.... ....
INGAME_DIAL_RAUL_SITUATION_02,……倒也有點意思。你的潛力我承認。
INGAME_DIAL_RAUL_SITUATION_03,但遊戲到此為止。
CAMP_BATTLE_NOW_STAT,陣營戰狀態
CAMP_BATTLE_INFO,陣營戰資訊
INGAME/SETUP/NAME_13,攻防一體
INGAME/SETUP/DESC_05,拉烏爾的蓄力速度提升{0}%。
INGAME/SETUP/NAME_14,龍化
INGAME/SETUP/NAME_15,穩定的強度
INGAME/SETUP/NAME_16,狂野競技場
INGAME/SETUP/NAME_17,月蝕
INGAME/SETUP/NAME_18,斯巴達之魂
INGAME/SETUP/NAME_19,乘浪而行
INGAME/SETUP/NAME_20,深淵火種
MY_ROUND_SKILL,我的持有回合技能
CAMP_SIWOO_DESC,白色風暴隊將與地獄黑焰隊進行比賽。
CAMP_RAUL_DESC,地獄黑焰隊將與白色風暴隊進行比賽。
COMMON/BOTTOM,下方
COMMON/MIDDLE,中央
COMMON/TOP,上方
SCORING_UI,得分UI
SCORING_UI/DES,設定得分時顯示的UI。
SCORING_MASTERY_UI,熟練度得分UI
SCORING_MASTERY_UI/DES,顯示具備熟練度球員的特殊得分演出。
SCORED_ALERT,得分
SCORED_ALERT2,{0} 得分
SCORE_CATEGORY,得分
SETTING/PREFERENCE/SPIKE_CINEMATIC,扣球演出
SETTING/PREFERENCE/SPIKE_CINEMATIC/DES,啟用扣球過程中的瞬間畫面切換和慢動作效果。
NO_ENOUGH_CONTRIBUTION,個人貢獻度不足
SIF/LINE,你很強。但前輩要強上好幾倍。
SIF/NICKNAME,幻影聯賽最佳舉球員
CLAIRE/LINE,抱歉，我們的層次根本不是一個級別。
CLAIRE/NICKNAME,幻影聯賽第二名
NEED_POINT,領取每週獎勵需達到{0}點以上的回合貢獻度。
NOT_YET,進行前
INGAME_DIAL_ALLSTAR_SITUATION_01,呼、呼…喘、喘不過氣…
INGAME_DIAL_ALLSTAR_SITUATION_02,時宇！！你的臉色怎麼那麼難看…！
INGAME_DIAL_ALLSTAR_SITUATION_03,白時宇!!
INGAME_DIAL_ALLSTAR_SITUATION_04,……這是過度換氣嗎！他是不是太勉強了？
INGAME_DIAL_ALLSTAR_SITUATION_05,從一開始我就覺得不太對勁.. #零！必須立刻換下白時宇！
INGAME_DIAL_ALLSTAR_SITUATION_06,正玩得開心呢，你那副德性是怎麼回事，白時宇？
INGAME_DIAL_ALLSTAR_SITUATION_07,……算了。原本就沒指望過你這種半吊子。
INGAME_DIAL_ALLSTAR_SITUATION_08,對團隊沒用的廢物就趕緊滾出場。
INGAME_DIAL_ALLSTAR_SITUATION_09,還有，看著你們隊被徹底擊潰的樣子吧。
INGAME_DIAL_ALLSTAR_SITUATION_10,腿好沉……
INGAME_DIAL_ALLSTAR_SITUATION_11,這真的是我的極限嗎？
INGAME_DIAL_ALLSTAR_SITUATION_12,但是我不能在這裡倒下……
UNDERDOG_BONUS,弱勢加成
UNDERDOG_BONUS_DES_4,在回合第{0}天之後，弱勢加成將會生效。
UNDERDOG_BONUS_DES,根據陣營積分差距，積分較低的隊伍可能會獲得弱勢加成。
UNDERDOG_BONUS_DES_1,獲得貢獻度時，給予所屬陣營的陣營積分將增加。
UNDERDOG_BONUS_DES_2,弱勢加成狀態會根據每小時公佈的結果更新。
UNDERDOG_BONUS_DES_3,陣營積分差低於 {0}%p：貢獻度 x{1} 生效。
UNDERDOG_BONUS_DES_5,陣營積分差達到{0}%p以上：貢獻度 x{1} 生效。
BUY_AFTER_PREMIUM_PASS,購買高級通行證後可購買。
BSPCOIN_SHOP/ALERT1,使用野獸幣兌換限時活動道具吧！
BSP_EXCHANGE_SHOP,野獸幣商店
BSP_COIN,野獸幣
BSP_COIN_DESC,野獸扣球手活動期間使用的活動貨幣。#可以招募活動球員。#活動結束後將失效。
BEAST_PLAYER_RECRUIT_TICKET,野獸扣球手球員招募券
BEAST_PLAYER_RECRUIT_TICKET_DESC,活動期間可使用的招募券。#可以招募活動球員。#活動結束後將轉換為普通球員招募券。
CAMP_INTRO_DES_1,幻影聯賽全明星賽正式揭開序幕。#白色風暴隊接連擊倒傳統強隊，疾馳在奪冠之路上。#而由世界五大主攻手之一拉烏爾率領的絕對強者——地獄黑焰隊，也堂堂登場。#就在此刻，決定兩隊命運的比賽即將展開。#現在，剩下的就是你的選擇。##你將成為哪支隊伍的一員踏上球場？
WEEK,第{0}週
MASTERY_ACH_ALERT,只有勝利的比賽才會記錄在挑戰中。
CHECK_CAMP_INFO,要查看陣營戰資訊嗎？
ALERT/WEEK_RESET,進行中的回合已結束。
NOW_APPLIED,效果應用中
CAMP_BATTLE/PERCENTAGE_HIDED,正在等待公開
CAMP_BATTLE/PERCENTAGE_NOTLOADED,正在等待資訊更新。
CAMP_BATTLE/PERCENTAGE_LEFTTIME,距離陣營積分現況公開：{0}
CAMP_BATTLE/ROUND_LEFTTIME,距離回合結束：{0}
CAMP_BATTLE/CHOOSE_CAMP,請選擇陣營。
CAMP_BATTLE/SEE_RECORD,查看記錄
,
CAMP_BATTLE_DES,活動陣營戰是每週開啟新一輪的競技內容。#當一輪開始時，你可以選擇想加入的陣營並參與該週的戰鬥。##在整個回合期間，你可以每天參加比賽，#並每天選擇2個回合技能強化你操控的選手。#每回合最多可獲得10個回合技能。##每天可累積的貢獻度上限為10點。#使用額外貢獻度券後，每天最多可貢獻20點。#每當貢獻度達到10點時，你可以獲得相應的獎勵。##回合結束時，#會比較兩方陣營的總陣營積分，較高者獲勝。#勝利陣營將獲得追加獎勵。
CAMP_BATTLE/CHOOSE_CAMP,選擇 {0}
CAMP_POINT_UPDATE,陣營積分的現況每小時更新一次。
MASTERY/ACHIEVED,「{0}」達成！
BSP_LOGIN_BONUS,野獸扣球手簽到通行證
PARTICIPATING,參與中
UNDERDOG,弱旅
ALERT/PLZ_LOAD_AGAIN,無法從伺服器載入資料。#請再試一次。
ALERT/GO_BACK_SCREEN,要返回上一畫面嗎？
INGAME/MY_ROUND_SKILLS,我的持有回合技能
CAMP_WAIT_3MIN,請稍等一下。獎勵資料正在更新中。
WHATS_ROUND_SKILL,什麼是回合技能？
ROUND_SKILL_INFO,選擇回合技能查看詳細資訊！
TIME_DAY,{0}天
TIME_HOUR,{0}小時
TIME_MINUTE,{0}分
TIME_SECOND,{0}秒
TIME_MONTH,{0}個月
SYSTEM/ERROR_VERSION,目前版本（{0}）無法使用。請更新遊戲。
COMMON/ROUND_SKILL_FACTION_ONLY,僅在屬於{0}陣營時出現。
UI/HIDE_REMOTE,隱藏面板
UI/VIEW_MODE,觀賞模式
UI/CHAT_LOG,聊天記錄
UI/NO_CHAT_LOG,沒有聊天記錄
12/10~ 윈터 홀리데이,
XMAS,冬季假期
UI/SKIN_INFO,可在球員管理欄目中更換造型，部分演出與天賦可能會有所不同。
PLAYER/LISIA/SKIN/RUDOLPH,魯道夫
PLAYER/LISIA/SKIN/RUDOLPH/DES,抱著禮物盒奔跑的莉西亞一看到陳列在飾品店櫥窗後的魯道夫頭飾，便毫不猶豫地買下並戴在頭上。那一刻，可愛度加倍已成為學界的定論。
SKIN_NEED_PLAYER,要使用該球員造型，須擁有對應球員。
NAME/TEAM_106,幻影少年
NAME/TEAM_107,優雅隊
NAME/TEAM_108,防護隊
NAME/TEAM_109,藍龍祭典
NAME/TEAM_110,小仙人掌
PHANTOM_LEAGUE_TIP_27,所有球員的攻擊力和跳躍力提升。
LISIA_SKIN_SKYSERVE_DESC,*照規定是不能雙手發球的。但誰也無法對莉西亞的燦爛笑容說不。
PRODUCT/EXCLUDE_HAIR_SHOES,髮型與鞋子不包含在內。
12/25~ 타이거아이즈,
TIGER_EYES_VOUCHER_DESC_3,您沒有額外入場券。要購買嗎？
TIGER_EYES_VOUCHER_DESC_4,沒有可用的額外入場券。
KMK_CHANGE_DIFFICULTY_DES,選擇難度: {0}#是否選擇此難度？
KMK_CHANGE_DIFFICULTY_RESET_STAGE,選擇難度: {0}#更改難度會保留你首次選擇的2張卡牌，但會重置關卡進度。#是否繼續？
KMK_ENTER_GAME_TICKET_DES,購買額外入場券，比賽獲勝後領取獎勵吧！
KMK_SELECT_DIFFICULTY_DES,目前選擇的難度
KMK_SELECT_CARD_COMPLETE_DES,{0}階段卡牌選擇完成
KMK_PLAYING_DES_2,階段進行中
KMK_PLAYING_DES,階段進行中 - 卡牌已確定
KMK_STAGE_1_TITLE,簡單挑戰
KMK_STAGE_2_TITLE,普通挑戰
KMK_STAGE_3_TITLE,困難挑戰
KMK_SELECT_CARD_TITLE,請選擇2張卡牌。
KMK_SELECT_CARD_DES,確認卡牌後，將以所選卡牌開始比賽。
CARD_CONFIRM,確認卡牌
CARD_STOP,停止
KMK_NO_SELECT_DIFFICULTY_DES,選擇難度後即可進入。
KMK_NO_SELECT_CARD_DES,目前未選擇卡牌。#選擇卡牌並贏得比賽吧！
SELECTING_CARD,正在為{0}階段選擇卡牌
SELECT_CARD_COMPLETE,{0}階段卡牌選擇完成
ENTER_STAGE,進入{0}階段比賽
WIN_STAGE,贏得了{0}階段比賽
,
COLOSSEUM/CARD/NAME_93,突破極限
COLOSSEUM/CARD/DES_93,跳躍後，損失剩餘隊伍體力的{n1}%，並在本次回合中將該數值轉化為{STR}。
COLOSSEUM/CARD/NAME_94,機會接發
COLOSSEUM/CARD/DES_94,接球後，若由其他隊友進行第二次觸球，則回復{n1}點隊伍體力，並產生機會球。
COLOSSEUM/CARD/NAME_95,紅色精靈
COLOSSEUM/CARD/DES_95,{JMP}固定為{n1}。
COLOSSEUM/CARD/NAME_96,茶歇時間
COLOSSEUM/CARD/DES_96,所有隊伍體力回復效果提高{n1}%。
COMMON/SHOP_OR_CHANGE_SOMETIMES,有時可在兌換所或商店獲得。
COMMON/NO_MATCH_REWARD,沒有比賽獎勵。
COIN_SHOP,金幣商店
TIGER_EYES,虎眼
TIGER_EYES_DESC,每日可選擇簡單 / 普通 / 困難難度進行活動比賽。#所有比賽皆為12分制，每個難度由2個關卡組成。#比賽開始前，可於能力卡選擇畫面透過轉盤選擇卡牌。#每個關卡可獲得2張競技場卡牌，共4張。#即使變更難度，已選擇的卡牌仍會保留，並於第2關卡中使用全部4張卡牌進行比賽。
TIGER_COIN,虎幣
TIGER_COIN_DESC,可在虎眼活動期間使用的活動貨幣。#可用於活動球員招募。#活動結束後將消失。
PICKUP_PLAYER_RECRUIT_TICKET,精選球員招募券
PICKUP_PLAYER_RECRUIT_TICKET_DESC,可在招募商店的「精選」項目中招募選手。
EV2601_NORMAL_PASS,虎眼普通通行證
EV2601_NORMAL_PASS_DESC,透過通行證可獲得多種道具與貨幣。
EV2601_PREMIUM_PASS,虎眼高級通行證
EV2601_PREMIUM_PASS_DESC,活動簽到通行證額外延長3天，並解鎖可獲得限定制服與大量貨幣的高級通行證。
EV2601_ROYAL_PASS,虎眼皇家通行證
EV2601_ROYAL_PASS_DESC,解鎖皇家通行證可額外獲得1天活動簽到，並領取大量貨幣。需先購買高級通行證。
EV2601_PREMIUM_ROYAL_PASS,虎眼高級＋皇家通行證
EV2601_PREMIUM_ROYAL_PASS_DESC,一次性解鎖高級通行證和皇家通行證的超值禮包。
TIGER_EYES_VOUCHER,虎眼額外入場券
TIGER_EYES_VOUCHER_DESC,進入比賽後，可再獲得一次通關獎勵。
NAME/TEAM_110,身分不明的隊伍
RECRUIT_TIGER_EYES_NISHIKAWA_TITLE,黑雷西川球員招募
RECRUIT_TIGER_EYES_NISHIKAWA_FIRST,可招募包含黑雷西川造型與西川在內的多名球員。
RECRUIT_TIGER_EYES_HONGSI_TITLE,女僕・洪詩 招募
RECRUIT_TIGER_EYES_HONGSI_FIRST,可招募包含女僕・洪詩造型與洪詩在內的多名球員。
RECRUIT_TIGER_EYES_ISABEL_TITLE,婚紗・伊莎貝爾 招募
RECRUIT_TIGER_EYES_ISABEL_FIRST,可招募包含婚紗伊莎貝爾造型與伊莎貝爾在內的多名球員。
RECRUIT_TIGER_EYES_JAEHYUN_TITLE,訓練服南宰賢球員招募
RECRUIT_TIGER_EYES_JAEHYUN_FIRST,可招募包含訓練服南宰賢造型與南宰賢在內的多名球員。
TIGEREYESCOIN_SHOP/ALERT1,在虎眼活動期間兌換限定商品吧！
TIGER_EYES_EXCHANGE_SHOP,虎眼商店
PLAYER/HONGSI/SKIN/MAID,女僕
TIGER_EYES_LOGIN_BONUS,虎眼簽到通行證
TIP/BOSS/ALERT_22,伊莎貝爾成功接下扣球時，將回復隊伍體力，並依照接下的扣球威力提升能力值。
ZOOM_IN,放大
ZOOM_OUT,縮小
PLAYER/HONGSI/MAID/PICKUP,歡迎，少年！
EVENT_STORY,活動劇情
EVENT_DETAIL_INFO,活動詳情
NO_DAILY_TICEKT_TO_BUY,已超過每日購買次數，無法購買。
TIGER_EYES_SIMPLE_INFO,活動期間內，每日通關活動比賽即可獲得虎幣！#可使用虎幣獲得新球員與各種道具。#活動比賽由2個關卡組成。#在關卡開始前選擇能力卡並於比賽中使用。
NAME/TEAM_111,綠色獵人
NAME/TEAM_112,藍鯨
NAME/TEAM_113,黑熊
PLAYER/NISHIKAWA/BLACK_THUNDER/DES,很強？那就證明給我看。
NORMAL_SCOUT_DES,招攬點數可透過一般球員招募獲得。#透過該招募可獲得招攬點數{0}點。
PICKUP_PLAYER_SCOUT_POINT,精選球員招攬點數
PICKUP_PLAYER_SCOUT_POINT_DES_LEGACY,使用精選球員招攬點數，可必定招募到你想要的精選球員。#可透過精選球員招募獲得。
EVENT_SKIN_SCOUT_POINT,活動造型招攬點數
EVENT_SKIN_SCOUT_POINT_DES,使用活動造型招攬點數，可必定獲得你想要的活動球員造型。#該貨幣將在活動結束後消失。
DAILY_ENTER_DONE,今日的獎勵已領取。需要額外的入場券。
USE_2,使用
CAN_NOT_BUY,無法購買
SETTING/PREFERENCE/CAMERA_MOVEMENT,鏡頭移動
SETTING/PREFERENCE/CAMERA_MOVEMENT/DES,設定鏡頭移動風格。
CAMERA_STYLE/OPPONENT_TEAM,聚焦對方隊伍
SETTING/CAMERA_STYLE,鏡頭
SETTING/EFFECT,演出效果
01/23~ 한라의 신년맞이 출석 업데이트(02.13),
INVENTORY,倉庫
SORT_ORDER,排序
GROUP_BY_TYPE,分組
DATE_DESC,按日期
NAME_ASC,按名稱
AMOUNT_DESC,按數量
RANK_DESC,按評級
PLAYER_CUSTOMIZING,球員裝扮
MAINSCREEN_CUSTOMIZING,主畫面設定
PLAYER_SKIN,球員造型
CARD_PACK,卡包
ITEM,道具
CONSUMABLE,消耗品
ALERT/CONTENTS_RESET,進行中的內容資料已更新。將返回主畫面。
SIGNATURE_ILLUST,專屬插畫
ALERT/DONT_KNOW_ERROR,由於未知錯誤，無法載入資料。
EMPTY_INVENTORY,尚未持有此道具。
INVENTORY_BALL,排球造型
SETTING/PREFERENCE/FRAME_RATE,比賽幀率
COMMON/FRAME_RATE,幀率
GAMEPAD_INPUT_DISABLED,無法使用遊戲手把進行文字輸入。
SETTING/PLAY/HAPTIC_INTENSITY,震動強度
SETTING/PLAY/HAPTIC_INTENSITY/DES,調整裝置的震動強度。
LUNAR_NEW_YEAR,靜嵐的新年簽到
LUNAR_NEW_YEAR_LOGIN_PASS,靜嵐的新年簽到活動
PRODUCT/EXCLUDE_UNIFORM_SHOES,隊服與鞋子不包含在內。
CHECK_IN_DAY_COMPLETE,第{0}天簽到完成
USAGE_PERIOD_EXPIRED,使用期限已過。
SETTING/PREFERENCE/FRAME_RATE/DES,設定比賽內的幀率。低配置裝置建議設為60fps或以下。
SETTING/PREFERENCE/VARIABLE_FRAME_RATE,允許可變幀率
SETTING/PREFERENCE/VARIABLE_FRAME_RATE/DES,如果無法穩定維持目標幀率或出現fps下降，建議開啟此選項。
WARNING/VARIABLE_FRAME_RATE_DES_01,由於裝置設定（如省電模式）限制，幀率被固定為{0}fps。
WARNING/VARIABLE_FRAME_RATE_DES_02,請檢查省電模式/電池最佳化/更新率設定。
WARNING/VARIABLE_FRAME_RATE_DES_03,幀率不穩定。建議降低目標幀率或開啟可變幀率。
WARNING/VARIABLE_FRAME_RATE_DES_04,幀率不穩定，將切換為固定幀率。請檢查VSync設定。
COMMON/POPUP/GUIDE,調整上述數值，可在下方查看各階段的預測值。
COMMON/HIGHEST,最高
02/19~ 제로투원 업데이트(02.23),
PLAYER/ZERO/SKIN/STREET_ARTIST,街頭藝術家
PLAYER/ZERO/SKIN/STREET_ARTIST/DES,「等等～現在開拍啦～！」#某天他正為如何壯大幻影聯賽而煩惱時，妹妹突然闖了進來。連情況都沒問清楚就被拉了出去，結果竟然是要一起拍短影片？！
GRAFFITI_BALL,塗鴉之王
GRAFFITI_BALL/DES,為了拍攝短影片，賽蕾娜帶來的球。滿載著她對華麗風格的喜好。
ZERO_TO_ONE_PASS_LOGIN_BONUS,零到一簽到活動
EV2603_PREMIUM_PASS,零到一高級通行證
EV2603_PREMIUM_PASS_DESC,簽到活動通行證追加3天，並開放可獲得街頭藝術家零造型與大量資源的高級通行證。
EV2603_NORMAL_PASS,零到一普通通行證
EV2603_NORMAL_PASS_DESC,在期限內完成簽到即可獲得各種道具和貨幣的普通通行證。
EV2603_PREMIUM_PASS_2,零到一#高級通行證
EV2603_NORMAL_PASS_2,零到一#普通通行證
ZERO_TO_ONE_PASS,零到一通行證
STREET_ARTIST_UNIFORM,塗鴉偶像街頭服飾
STREET_ARTIST_UNIFORM/DES,在賽蕾娜的巧手下，打造成完美塗鴉藝術家風格的零服裝。雖然滿載著妹妹的喜好，但對於未來的「球場偶像」來說，沒有駕馭不了的造型。#好了，拍攝準備全部完成。剩下的就是盡情展現魅力！
STREET_ARTIST_SHOES,踢翻短靴
STREET_ARTIST_SHOES/DES,
BGM_SANGHYEON_ON_AIR2_DESC,CHAPTER 4. #「如果排球不是商業，那是什麼呢？」
BGM_BAD_SANGHYEON2_DESC,CHAPTER 4. #「為了那閃耀的汗水，為了那輝煌的瞬間！」
PLAYER/LUCAS/PICKUP,看著吧。我會拿下這一局！
PLAYER/ZERO/PICKUP,我會讓你成為超級明星。
02/23~ 윈드스파이커(03.26),
APPLY_COSTUME_SHOP,可在裝扮商店中套用
APPLY_PLAYER_DETAIL,可在球員詳情畫面中套用
CATEGORY,分類
CUSTOMIZE_UNIFROM,自定義球員球衣
CUSTOMIZE_HAIR,自定義球員髮型
CUSTOMIZE_SHOES,自定義球員鞋子
CUSTOMIZE_BALL,自定義球員排球
CUSTOMIZE_PLAYER_SKIN,球員造型
USAGE_PERIOD,有效期
UNLIMITED,無限制
NOW_APPLYING,已應用
CLEAR_APPLYING,卸下
CONTROL_PLAYER,操作球員
FEVER_POINT,狂熱點數
NAME/TEAM_114,黑獅預備隊
NAME/TEAM_115,阿什維爾黃鼠狼隊
CLAIM_ACHIEVE_REWARD,領取成就獎勵
ACHIEVE_REWARD,成就獎勵
EV2604,追風扣球手活動
EV2604_DESC,莎拉和阿什維爾黃鼠狼隊舉辦的為期5週的任務！每週完成7個任務即可獲得追風幣。#每週完成5個任務可獲得額外追風幣！
WEEKLY_MISSION,周任務
INGAME/SETUP/NAME_21,競速之王
INGAME/SETUP/NAME_22,群青藍
INGAME/SETUP/NAME_23,鈴蘭
INGAME/SETUP/NAME_24,中心王牌
SARA_WS/LINE_PICKUP,後方交給我。
SARA_WS/CHAPTER12_7,以拉烏爾先生目前的實力，無論用什麼方法都贏不了我。
IRIS/NICKNAME,仁慈的暴君
IRIS/LINE_SHOW,呼，還好我昨天做了指甲……
YURI/NICKNAME,麻煩製造者
YURI/LINE_SHOW,喂~ 別害怕啊。那樣我贏了也沒意思。
RAUL/LINE_SHOW,閉嘴，菜鳥。我會把你碾碎。
WIND_SPIKER_LOGIN_BONUS,追風扣球手簽到通行證
EV2604_MISSION_1,贏得{0}{1}次冠軍
EV2604_MISSION_2,僅在獲勝的比賽中，累計扣球速度達到{0} km/h
EV2604_MISSION_3,僅在獲勝的比賽中，累計獲得{0}次無觸球得分
INGAME/DELETE_MAIN/CONTENTS_ALERT,無法釋出正在參與其他內容的球員。
NIGHTMARE_ARENA,夢魘競技場
ARENA,競技場
TIME_LIMIT_REACHED,時間到
RECRUIT_WIND_SPIKER_SARA_TITLE,招募莎拉
RECRUIT_WIND_SPIKER_SARA_FIRST,可招募包括莎拉在內的各種球員。
RECRUIT_WIND_SPIKER_IRIS_TITLE,愛麗絲球員招募
RECRUIT_WIND_SPIKER_IRIS_FIRST,可招募包括愛麗絲在內的各種球員。
RECRUIT_WIND_SPIKER_YURI_TITLE,招募尤里
RECRUIT_WIND_SPIKER_YURI_FIRST,可招募包括尤里在內的各種球員。
CLEAR_EVERY_MATCH,在限定時間內通關所有比賽，並贏得<color={0}>回合</color>！
CLEARED_ALL_STAGES,您已通關所有關卡！
TOTAL_POINTS,總積分
ARENA/NEXT_MATCH_SEN,在進入下一回合或時間結束之前，都可以重玩之前的關卡。
ARENA_CARD_DRAW_ADDITIONAL,夢之碎片抽取+1
ARENA_CARD_DRAW_ADDITIONAL_DESC,在夢魘競技場第一回合開始時，獲得一次額外的夢之碎片選擇機會
ARENA_CARD_PROBABILITY_UPGRADE,夢之碎片觸發機率+10%
ARENA_CARD_PROBABILITY_UPGRADE_DESC,在夢魘競技場中，夢之碎片的觸發機率提升10%
ROUND_RESET_TICKET,回合重置券
ROUND_RESET_TICKET_DESC,在夢魘競技場中，可以重新挑戰回合。
ROUND_TIME_EXTENSION_TICKET,回合時間延長券
ROUND_TIME_EXTENSION_TICKET_DESC,在夢魘競技場中，可以延長回合的時間限制。
ARENA_POINT,競技場積分
ARENA_POINT_DESC,通關競技場時獲得的積分。評級與難度越高，獲得量就越多，並可根據累計積分領取獎勵。
WEEKLY_BLUEFLAME_GET,每週藍焰獲得
EXCHANGE_SHOP,兌換所
ARENA_POINT_SHOP,競技場積分兌換所
BLUEFLAME_SHOP,藍焰兌換所
EV2604_ACHIEVEMENT_CLAIM_AFTER_WEEKLY,領取每週任務獎勵後請再試一次。
EV2604_ACHIEVEMENT_CLAIM_CONFIRM,要領取達成獎勵嗎？
EV2604_EXCHANGE_SHOP,追風幣兌換所
EV2604COIN_SHOP/ALERT1,在追風扣球手活動期間兌換限定商品吧！
BLUEFLAME_SHOP/ALERT1,使用在競技場和夢魘競技場獲得的藍焰，兌換各種商品吧！
ARENA_SHOP/ALERT1,使用競技場積分換取各種商品吧！
NAME/TEAM_116,盆唐高中校友隊
EV2604_COIN,追風幣
EV2604_COIN_DESC,可在追風扣球手活動期間使用的活動貨幣。#可用於活動球員招募。#活動結束後將消失。
NAME/TEAM_117,競技場隊伍
DREAM_SHARD,夢之碎片
ARENA_RULE,競技場規則
ARENA_RULE_DES_1,依序進行3個回合，每個回合由3場一般比賽與1場Boss戰組成。#每個回合開始後需在15分鐘內贏得所有比賽，最終評級依累積積分決定。#回合進行中會延續前一場比賽的輪換。#擊敗Boss後，在時間結束前可選擇任意比賽再次挑戰。
CANNOT_CHANGE_DIFFICULTY,一旦開始，在挑戰結束前無法中途更改。
ARENA_REWARD,競技場獎勵
ROUND_REWARD,回合獎勵
ARENA_PLAYER_LIST,參賽選手名單
CHOOSE_ARENA_PLAYER,選擇要登記的球員。
LOAD_FROM_PRESET,讀取預設
MY_DREAM_SHARD,已獲得的夢之碎片
ROUND_RANK,回合評級
NOW_TEAM,當前隊伍
DIFFICULTY_MULTIPLIER,難度倍率
RANK_MULTIPLIER,評級倍率
ROUND_END,回合完成
CHALLENGE_WITH_THIS_DREAM_SHARD,夢之碎片：{0}##要選擇這個夢之碎片嗎？
CHALLENGE_WITH_THIS_DIFFICULTY,已選擇難度：{0}##要以此難度挑戰嗎？
ALERT/ARENA_EXTEND_TIME,是否使用時間延長券來延長回合時間？
GIVE_UP,放棄
EXTEND_TIME,延長時間
ALERT/ARENA_RESET_ROUND,是否從最後一次通關回合的進度繼續？
CONTINUE,繼續
NEW_GAME,重新開始
ARENA_COMPLETE,競技場通關
ARENA_PAGE_STATUS_ROUND_COMPLETED,回合完成
ARENA_REGISTER_PLAYER_POOL_CONFIRM,是否登記為競技場參賽候選球員？#在競技場結束前無法更改。
COMING_SOON,即將公開
GO_TO_NEXT_ROUND,挑戰下一回合
EV2604_FILTER_EXPIRED_REENTER,第{0}週任務已開始。#請從首頁重新進入。
EVENT_ENDED,活動已結束。
PICKUP_EXPIRE_AT,可招募至{0}
PICKUP_SALE_START,可招募自{0}
DREAM_SHARD_DES,每個碎片都有強化隊伍的固定效果。每個階段開始時，可以從3種中選擇1種。獲得相同的夢之碎片時，等級會提升，效果也會變強。
ALERT/ARENA_TIME_OVER,超過時間限制，無法再次挑戰該關卡。
UNIT_AFFIX/MAX_USE_COUNT,{0}次
UNIT_AFFIX/CONDITION_TIME,{0}秒
MAP_PRACTICE,學校體育館
MAP_PROVINCIAL,地區大賽賽場
MAP_BEACH,夏日飛濺
MAP_TOURNAMENT,全國大賽賽場
MAP_SUPERSTAR,超級明星挑戰賽
MAP_COLOSSEO,排球競技場
MAP_NISHIKAWA,瓦倫蒂亞尖峰隊球場
MAP_MURIM,仙林高中
MAP_ROCKWELL,洛克威爾冬令營體育館
MAP_SNOW,多雪之地
MAP_BLIZZARD,洛克威爾冬令營
MAP_CITY,黑暗都市
MAP_PHANTOM,幻影聯賽
MAP_BLUE_DRAGON_FESTIVAL,青龍祭
MAP_KING_MAKER,幻影聯賽（舊）
MAP_ARENA,夢魘競技場
MAP_PHANTOM_STAGE,幻影聯賽演出場館
MAP_CHROMAKEY,色鍵背景
WEEKLY_ARENA_POINT,每週競技場獎勵
WEEKLY_ARENA_POINT_DES,完成競技場後立即發放獎勵
ARENA_FAIL_TIME,未能在限定時間內完成<color={0}>回合</color>的所有關卡，挑戰失敗。
ARENA_NEED_ROUND_COMPLETE,時間限制已結束，請完成<color={0}>回合</color>並領取獎勵。
ARENA_ASK_ROUND_COMPLETE,完成本回合並領取獎勵嗎？
ARENA_ASK_ROUND_START,開始下一回合嗎？
ARENA_PLAYER_RANDOM_SELECT,隨機
APPLIED_TARGETS,適用於我方隊伍的{0}
TERMS,同意SUNCYAN服務條款
PRIVACY,同意蒐集及使用個人資訊
AGREE_ALL,同意全部內容
NEED_AGREEMENT,需要先同意相關條款。
CHECK_DETAIL_REWARD,查看獎勵詳情
EV2605_BANNER_TITLE,8週年慶活動！
EV2605_BANNER_DESC,與在錦標賽中驚喜登場的幻影樂隊進行比賽，並在賽後獲得限定冠軍獎勵。
NAME/TEAM_118,幻影隊
PHANTOM_STAMP,幻影印章
PHANTOM_STAMP_DESC,在8週年活動期間，於錦標賽中擊敗亂入的幻影隊後可獲得的道具。依累計印章數量可獲得各種獎勵。
PHANTOM_BAND_ENTER_CONFIRM_DES,幻影隊已亂入！要與幻影隊進行比賽嗎？#在本場比賽中，每獲得2分即可獲得1張競技場能力卡。（最多5張）#獲勝時，可獲得印章和隨機獎勵。##選擇「一般錦標賽」時，將以錦標賽比賽進行。
TOURNAMENT_NORMAL,一般錦標賽
EV2605,8週年幻影演唱會
EV2605_DESC,錦標賽比賽中有一定機率幻影隊會亂入！#戰勝幻影隊即可獲得幻影印章和隨機獎勵。
EV2605_DESC_2,· 幻影印章與獎勵僅在勝利時發放。#· 每天最多可獲得3個幻影印章。獲得3個後，今天幻影隊將不再亂入。
NOW_STAMP,累計印章
PHANTOMS_ENCOUNTER,幻影隊亂入！
PLAYER/ELLIO/SKIN/8TH,返場主角
PLAYER/ELLIO/SKIN/8TH/DES,如果他沒有選擇排球而是選擇了音樂，也許會站在舞台上。#在華麗聚光燈下盡情馳騁舞台的天才音樂人。……這樣不是更適合他嗎？
PLAYER/ELLIO/SKIN/8TH/PICKUP_LINE,可以期待我的演奏。
COMMON/PRESS_HOLD_OPEN,長按打開
COMMON/SWIPE_OPEN,滑動打開
COMMON/CHEERING,歡呼音效
SETTING/SOUND/CHEER_SERVE,發球歡呼音效
SETTING/SOUND/CHEER_SERVE/DES,設定發球時的歡呼音效。
SETTING/SOUND/CHEER_RALLY,回合中歡呼音效
SETTING/SOUND/CHEER_RALLY/DES,設定回合中的歡呼音效。
SETTING/SOUND/CHEER_RALLY_END,回合結束歡呼音效
SETTING/SOUND/CHEER_RALLY_END/DES,設定回合結束時的歡呼音效。
RECRUIT_MIDNIGHT_HARI_TITLE,午夜哈里球員招募
RECRUIT_MIDNIGHT_HARI_FIRST,可招募包含午夜哈里造型與哈里在內的多名球員。
RECRUIT_MIDNIGHT_HARI_FIRST_VPOINT,使用V點數和精選球員招募券，可招募包含午夜哈里造型與哈里在內的多名球員。
RECRUIT_MIDNIGHT_HARI_FIRST_PHANTOMS_RECRUIT_TICKET,使用幻影隊精選球員招募券，可招募包含午夜哈里造型與哈里在內的多名球員。
RECRUIT_SHOOTING_STAR_JENNY_TITLE,流星珍妮球員招募
RECRUIT_SHOOTING_STAR_JENNY_FIRST,可招募包含流星珍妮造型與珍妮在內的多名球員。
RECRUIT_SHOOTING_STAR_JENNY_FIRST_VPOINT,使用V點數和精選球員招募券，可招募包含流星珍妮造型與珍妮在內的多名球員。
RECRUIT_SHOOTING_STAR_JENNY_FIRST_PHANTOMS_RECRUIT_TICKET,使用幻影隊精選球員招募券，可招募包含流星珍妮造型與珍妮在內的多名球員。
8TH_ANNIVERSARY_LOGIN_BONUS,8週年感恩簽到活動
EV2605_NORMAL_PASS,8週年感謝簽到通行證
EV2605_NORMAL_PASS_DESC,可獲得幻影隊精選球員招募券與限定制服。
PLAYER/JENNY/SKIN/SHOOTING_STAR,流星
PLAYER/JENNY/SKIN/SHOOTING_STAR/DES,如果命運之箭稍微偏離了一點，結果會變成什麼樣呢？ 平行世界裡的珍妮，也許拿起的不是排球，而是麥克風；臉上露出的也不是冷淡表情，而是燦爛笑容。#珍妮在無數觀眾面前盡情演唱熬夜創作的原創歌曲。……主角果然無論身在何處都會閃耀！
PLAYER/HARI/SKIN/MIDNIGHT,午夜
PLAYER/HARI/SKIN/MIDNIGHT/DES,平行世界裡的哈里。雖然依舊看起來冷淡又面無表情，但唯獨在演奏時，比任何人都更加熱情。#與隊友們默契合奏、忘我演出時，她嘴角偶爾會悄悄浮現一抹微笑……而這轉瞬即逝的笑容，正是讓粉絲們為她著迷的原因。
PHANTOM_BAND_PLAYER_RECRUIT_TICKET,幻影隊精選球員招募券
PHANTOM_BAND_PLAYER_RECRUIT_TICKET_DESC,可在幻影隊活動期間使用的招募券。#可用於幻影隊精選球員招募，該貨幣將於活動結束後消失。
PHANTOM_BAND_SKIN_SCOUT_POINT,幻影隊造型招攬點數
PHANTOM_BAND_SKIN_SCOUT_POINT_DESC,可透過幻影隊造型招攬點數，必定獲得想要的幻影隊球員造型。#該貨幣將於活動結束後消失。
GET_PHANTOMS_SKIN_SCOUT_POINT_DESC,幻影隊造型招攬點數可透過精選球員招募獲得。#透過該招募可獲得{0}個幻影隊造型招攬點數。
8HT_ANNIV_EVENT_POPUP_DESC,快來看看滿載感謝之情的8週年禮物與限定禮包商品吧！
8HT_ANNIV_EVENT_POPUP_PHANTOMS_DESC,幻影隊樂團驚喜現身錦標賽！
8HT_ANNIV_EVENT_POPUP_ATTENDANCE_DESC,可獲得限定球員的精選招募券#豐富獎勵！
PHANTOMS_PICKUP,幻影隊精選招募
PHANTOMS,幻影隊
8HT_ANNIV_EVENT_POPUP_IAP_TITLE,幻影隊精選招募開啟！
8HT_ANNIV_EVENT_POPUP_IAP_DESC,幻影隊限定球員造型精選招募與#禮包販售
PLAYER/HARI/MIDNIGHT/GACHA,……歡迎來到這座只為你準備的舞台。
PLAYER/JENNY/SHOOTINGSTAR/GACHA,你最想聽哪首歌？儘管說！
PHANTOMS_LIMITED_SKIN,幻影隊限定造型
웨스턴 26.05.22,
PLAYER/RYUHYUN/SKIN/RED_HOOD,小紅帽
PLAYER/RYUHYUN/SKIN/RED_HOOD/DES,一個生活在邊境小鎮、隱瞞著神祕過去的孤獨警長。身份不明的他，只有在消滅十惡不赦的惡徒時，才會展現出自己非凡的實力。
PLAYER/SIF/SKIN/BOUNTY_HUNTER,賞金獵人
PLAYER/SIF/SKIN/BOUNTY_HUNTER/DES,如果有威脅小鎮安寧的不法之徒，建議毫不猶豫地雇用她。太陽落山前，你將會看到那個被繩子五花大綁、狼狽被拉走的不法之徒可憐的背影。
PLAYER/CLAIRE/SKIN/GOD_FATHER,教父
PLAYER/CLAIRE/SKIN/GOD_FATHER/DES,令無數罪犯與叛徒臣服的黑暗領袖。即使是如野馬般狂野的亡命之徒，也不敢輕易直呼他的名字。他的話就是暗巷的法律，無人能對他的判決提出異議。
EV2606,西部
EV2606_VOUCHER_DESC_3,您沒有額外入場券。要購買嗎？
EV2606_VOUCHER_DESC_4,沒有可用的額外入場券。
EV2606_DESC,每日可選擇簡單 / 困難難度進行活動比賽。#所有比賽皆為12分制，每個難度由2個關卡組成。#比賽開始前，可於能力卡選擇畫面透過轉盤選擇卡牌。#每個關卡可獲得2張競技場卡牌，共4張。#即使變更難度，已選擇的卡牌仍會保留，並於第2關卡中使用全部4張卡牌進行比賽。
EV2606_VOUCHER,西部追加門票
EV2606_VOUCHER_DESC,進入比賽後，可再獲得一次通關獎勵。
EV2606_SIMPLE_INFO,活動期間，每天通關活動比賽即可領取西部代幣！透過西部代幣，可以獲得新球員和各種道具。#活動比賽由2個關卡組成。關卡開始前選擇能力卡並運用於比賽中。
EV2606_EXCHANGE_SHOP,西部代幣商店
RECRUIT_RED_HOOD_RYUHYUN_TITLE,小紅帽 昊天球員招募
RECRUIT_RED_HOOD_RYUHYUN_FIRST,可以招募包括小紅帽 昊天造型和昊天球員在內的各種球員的招募活動。
RECRUIT_RED_HOOD_RYUHYUN_FIRST_VPOINT,本招募可透過使用V點數和精選球員招募券，招募包括「小紅帽·昊天」造型和昊天球員在內的各種球員。
RECRUIT_RED_HOOD_RYUHYUN_FIRST_COIN,可以使用西部代幣招募包括小紅帽 昊天造型和昊天球員在內的各種球員的招募活動。
RECRUIT_BOUNTY_HUNTER_SIF_TITLE,賞金獵人 希芙球員招募
RECRUIT_BOUNTY_HUNTER_SIF_FIRST,可以招募包括賞金獵人 希芙造型和希芙球員在內的各種球員的招募活動。
RECRUIT_BOUNTY_HUNTER_SIF_FIRST_VPOINT,本招募可透過使用V點數和精選球員招募券，招募包括「賞金獵人·希芙」造型和希芙球員在內的各種球員。
RECRUIT_BOUNTY_HUNTER_SIF_FIRST_COIN,可以使用西部代幣招募包括賞金獵人 希芙造型和希芙球員在內的各種球員的招募活動。
RECRUIT_GODFATHER_CLAIRE_TITLE,教父 克萊爾球員招募
RECRUIT_GODFATHER_CLAIRE_FIRST,可以招募包括教父 克萊爾造型和克萊爾球員在內的各種球員的招募活動。
RECRUIT_GODFATHER_CLAIRE_FIRST_VPOINT,本招募可透過使用V點數和精選球員招募券，招募包括「教父·克萊爾」造型和克萊爾球員在內的各種球員。
RECRUIT_GODFATHER_CLAIRE_FIRST_COIN,可以使用西部代幣招募包括教父 克萊爾造型和克萊爾球員在內的各種球員的招募活動。
WESTERN_PICKUP,西部精選招募
WESTERN_LIMITED_SKIN,西部限定造型
ERROR_STAGE_ENTRY_FAILED,進入比賽失敗。請重試。
EV2606_COIN,西部代幣
EV2606_COIN_DESC,可以在西部活動期間使用的活動貨幣。#可用於活動精選球員招募。#活動結束後將失效。
EV2606_LOGIN_BONUS,西部簽到通行證
WESTERN_SKIN_SCOUT_POINT,西部造型招攬點數
WESTERN_SKIN_SCOUT_POINT_DESC,透過西部造型招攬點數，可必定獲得想要的西部球員造型。#該貨幣在活動結束後將失效。
GET_WESTERN_SKIN_SCOUT_POINT_DESC,西部造型招攬點數可透過精選球員招募獲得。#透過該招募可獲得{0}個西部造型招攬點數。
MAP_WESTERN,不法之徒的荒野
SIGNATURE_MOTION,專屬動作
NAME/TEAM_119,幻影隊幫派
NAME/TEAM_120,賞金獵人
NAME/TEAM_121,不法之徒
SIGNATURE_MOTION/SKIN_UNIFORM_ONLY,請穿戴基礎制服後再試。
DISABLED,未啟用
MY_DREAM_SHARD_STATUS,這是本次挑戰中出現的夢之碎片的獲得狀態。
DREAM_SHARD_NOT_OWNED,你未擁有此夢之碎片。
DECK,牌組
PLAYER/RYUHYUN/REDHOOD/GACHA,既然踏進了我的地盤，就做好覺悟吧？
PLAYER/CLAIRE/GODFATHER/GACHA,我會給你一個無法拒絕的提議。
PLAYER/SIF/BOUNTYHUNTER/GACHA,今晚的報酬看來相當豐厚啊？
EV2606_POPUP_DESC,以西部荒野為舞台，快來邂逅昊天、希芙和克萊爾吧！
INGAME/MOVE_2,移動
EV2606_POPUP_PLAY_TITLE,西部活動比賽！
EV2606_POPUP_PLAY_DESC,贏得比賽並領取西部代幣吧！
EV2606_POPUP_PICLKUP_TITLE,西部球員精選招募開啟！
EV2606_POPUP_PICLKUP_DESC,西部限定球員造型精選招募與#禮包販售
EV2606_POPUP_ATTENDANCE_TITLE,西部簽到通行證！
EV2606_POPUP_ATTENDANCE_DESC,贈送限定道具和西部代幣！#高級通行證、皇家通行證開啟！
NOW_CARD,卡牌狀態
SETTING/SOUND/SPATIAL_AUDIO,空間音效
SETTING/SOUND/SPATIAL_AUDIO/DES,啟用聲音的方向性與空間感。
SETTING/SOUND/SPATIAL_AUDIO/OFF,關閉
SETTING/SOUND/SPATIAL_AUDIO/NORMAL,標準
SETTING/SOUND/SPATIAL_AUDIO/STRONG,強
SETTING/SOUND/Voice/DES,設定語音台詞的音量。
SETTING/SOUND/UI/DES,設定按鈕、選單等UI音效的音量。
SETTING/SOUND/InGame/DES,設定比賽中播放的音效音量。
SETTING/SOUND/Skill/DES,設定球員技能及特殊演出音效的音量。
SETTING/SOUND/Voice,語音
SETTING/SOUND/UI,UI音效
SETTING/SOUND/InGame,比賽音效
SETTING/SOUND/Skill,技能音效
COMMON/TRIAL,試用
SETTING/SOUND/ENVIRONMENTAL_SOUND,環境音效
SETTING/SOUND/ENVIRONMENTAL_SOUND/DES,啟用隨環境變化的音效。
DREAM_SHARD_MIN_USE,必須使用至少{0}個{1}組成牌組。
CHOOSE_DREAM_SHARD,請選擇要使用的夢之碎片。
PLAYER_SUBSTITUTION_BONUS,換人獎勵
GET_ONE_DREAM_SHARD,僅獲得一個夢之碎片
GET_TWO_DREAM_SHARD,更換球員並獲得額外夢之碎片
CURRENT_REPLACE_COUNT,累計次數：{0}
UPGRADE_BONUS,強化獎勵
DECK_CHANGED_CONFIRM,牌組配置已變更。是否儲存？
DECK_IN_USE_ARENA,目前於競技場中使用的牌組無法編輯。
ALERT/ARENA_ROSTER_1,每個位置必須登錄5名球員。
ALERT/ARENA_ROSTER_2,每個位置至少需要登錄1名已擁有的球員。
PROFILE/PURCHASE_ITEM/ALERT,無法購買的個人資料商品。
PROFILE/BACKGROUND/DES,用於裝飾個人資料介面的背景商品。
PROFILE/FRAME/DES,用於裝飾個人資料介面的邊框商品。
PROFILE/TITLE/DES,用於裝飾個人資料介面的稱號商品。
PROFILE/STICKER/DES,用於裝飾個人資料介面的貼紙商品。
PROFILE/INFO/S_PLAYER/HEADER,球員收集狀態
PROFILE/INFO/S_PLAYER/BODY,S-級及以上球員數量
PROFILE/INFO/PLAY_HISTORY/HEADER,遊玩紀錄
PROFILE/INFO/PLAY_HISTORY/STORY,劇情進度
PROFILE/INFO/PLAY_HISTORY/LEAGUE,聯賽最高通關紀錄
PROFILE/INFO/PLAY_HISTORY/TOURNAMENT,錦標賽累計奪冠次數
PROFILE/INFO/PLAY_HISTORY/ARENA,競技場最高通關難度
PROFILE/INFO/ACHIEVEMENT/HEADER,挑戰任務達成狀態
PROFILE/INFO/ACHIEVEMENT/BODY,挑戰任務進度
PROFILE/INFO/REPRESENTATIVE,代表球員
PROFILE/ILLUST_ACTIVE,啟用立繪
PROFILE/TAB/FRAME,邊框
PROFILE/TAB/TITLE,稱號
PROFILE/TAB/STICKER,貼紙
PROFILE/SORT_ORDER/OWNED,按持有狀態排序
PROFILE/SAVE_CHANGES/DESC,有未儲存的更改。是否儲存？
PROFILE/SAVE_CHANGES/SAVE,儲存
ARENA_FREE_REROLL_ADDITIONAL,夢之碎片重新抽取次數+1
ARENA_FREE_REROLL_ADDITIONAL_DESC,在夢魘競技場每回合開始時，可免費重新抽取夢之碎片1次。
PROFILE/PLAYER_ILLUST,球員立繪
PROFILE/CHANGE_PROFILE,編輯個人資料
PROFILE/CHANGE_REPRESENTATIVE,更改代表球員
PROFILE/INFO_OPTION_TITLE,選擇顯示項目
PROFILE/CHANGE_NICKNAME,更改暱稱
DREAM_SHARD_DESC,組建夢魘競技場牌組時，可以使用該夢之碎片。
PROFILE_CUSTOMIZING,個人資料裝飾
PROFILE_STICKER_ROTATE,旋轉
PROFILE_STICKER_RESIZE,縮小 / 放大
PROFILE/INFO_OPTION_TIER_WARNING,因段位不足而未解鎖的內容將不會顯示。
PROFILE/STICKER_MAX_COUNT/ALERT,最多可放置10張貼紙。
ADD_TO_DECK,加入牌組
REMOVE_FROM_DECK,從牌組移除
EDIT_DECK,編輯牌組
DREAM_DECK/TITLE,編輯夢之碎片牌組
DREAM_DECK/DES,預先指定將在挑戰中的強化選項裡作為候選出現的夢之碎片，組成牌組。
PROFILE_STICKER_DESELECT,取消選擇
PRESET/INVALID_NAME,不允許使用底線以外的特殊字元或不當詞彙。#也不允許使用僅由韓文子音或母音組成的文字。
PROFILE/NICKNAME_INVALID/ALERT,暱稱中包含不當詞彙，請更改暱稱。
ARENA/TIP,這是使用已持有選手和嘉賓選手組成候選名單，並隨機編隊進行連續比賽的遊戲模式。#在比賽過程中更換選手，收集夢之碎片並強化隊伍吧。#通關全部3個限時回合即可完成挑戰。
ARENA_GUEST/TITLE,競技場賽季嘉賓
ARENA_GUEST/DES,在競技場中，無論是否持有，都可以使用指定的嘉賓選手。#嘉賓選手名單會定期變更，屆時競技場進度將被重置。
ALERT/ARENA_CONTINUE,如果選擇繼續，將無法修改候選選手名單和夢之碎片牌組。#是否繼續？
PROFILE/NICKNAME/ADJECTIVE1,熱情
PROFILE/NICKNAME/ADJECTIVE2,快速
PROFILE/NICKNAME/ADJECTIVE3,強力
PROFILE/NICKNAME/ADJECTIVE4,冷靜
PROFILE/NICKNAME/ADJECTIVE5,燃燒
PROFILE/NICKNAME/ADJECTIVE6,經驗豐富
PROFILE/NICKNAME/ADJECTIVE7,銳利
PROFILE/NICKNAME/ADJECTIVE8,無敵
PROFILE/NICKNAME/ADJECTIVE9,自信
PROFILE/NICKNAME/ADJECTIVE10,勢不可擋
PROFILE/NICKNAME/ADJECTIVE11,天才
PROFILE/NICKNAME/ADJECTIVE12,可靠
PROFILE/NICKNAME/ADJECTIVE13,飛翔
PROFILE/NICKNAME/ADJECTIVE14,靈活
PROFILE/NICKNAME/ADJECTIVE15,精準
PROFILE/NICKNAME/ADJECTIVE16,頑強
PROFILE/NICKNAME/ADJECTIVE17,巨大
PROFILE/NICKNAME/ADJECTIVE18,閃耀
PROFILE/NICKNAME/ADJECTIVE19,完美
PROFILE/NICKNAME/ADJECTIVE20,幸運
PROFILE/NICKNAME/NOUN1,練習生
PROFILE/NICKNAME/NOUN2,新人
PROFILE/NICKNAME/NOUN3,王牌
PROFILE/NICKNAME/NOUN4,隊長
PROFILE/NICKNAME/NOUN5,全能選手
PROFILE/NICKNAME/NOUN6,扣球手
PROFILE/NICKNAME/NOUN7,發球員
PROFILE/NICKNAME/NOUN8,舉球員
PROFILE/NICKNAME/NOUN9,自由球員
PROFILE/NICKNAME/NOUN10,攔網手
PROFILE/NICKNAME/NOUN11,攻手
PROFILE/NICKNAME/NOUN12,防守球員
PROFILE/NICKNAME/NOUN13,領袖
PROFILE/NICKNAME/NOUN14,冠軍
PROFILE/NICKNAME/NOUN15,明星
PROFILE/NICKNAME/NOUN16,英雄
PROFILE/NICKNAME/NOUN17,新星
PROFILE/NICKNAME/NOUN18,跳躍者
PROFILE/NICKNAME/NOUN19,組織核心
PROFILE/NICKNAME/NOUN20,球員
PROFILE/NICKNAME_PLACEHOLDER,請輸入暱稱。
INGAME/DELETE_MAIN/PROFILE_ALERT,已登記於個人資料的球員無法釋出。
PROFILE/INFO_TITLE,提示
LEVEL_AFFIX,等級{0}
,
balance_factor_block_jump_weight,攔網跳躍倍率
balance_factor_spike_jump_weight,扣球跳躍倍率
balance_factor_swing_delay_weight,揮臂延遲倍率
balance_factor_hit_feint_speed_weight,佯攻速度倍率
balance_factor_slide_fail_speed_weight,魚躍失敗速度倍率
balance_factor_sliding_distance_weight,魚躍距離倍率
balance_factor_hit_feint_lppower_weight,佯攻輕攻擊威力倍率
balance_factor_receive_fail_speed_weight,接球失敗速度倍率
balance_factor_block_charging_speed_weight,攔網蓄力速度倍率
balance_factor_slide_fail_direction_weight,魚躍失敗方向倍率
balance_factor_receive_fail_direction_weight,接球失敗方向倍率
balance_factor_blitz_spin_direction_weight,閃電旋轉方向倍率
balance_factor_sliding_penetration,
balance_factor_swing_range,揮臂範圍倍率
balance_real_jump_length,實際跳躍距離
balance_sliding_resistance,
balance_blocking_resistance,攔網保護力
balance_slow_time,減速持續時間
balance_slow_value,減速倍率
balance_factor_strength_add_weight,攻擊力增加量
balance_factor_defense_add_weight,防守力增加量
balance_factor_speed_add_weight,速度增加量
balance_factor_jump_add_weight,跳躍力增加量
balance_factor_height_add_weight,身高增加量
balance_factor_ball_speed_add_weight,球威力增加量
balance_factor_stamina_decrease,體力減少量
balance_factor_ball_horizontal_speed_add_weight,球的橫向威力增加量
skill_effect,突破效果
max_team_hp,我方最大體力
max_enemy_hp,對方最大體力
ball_gravity,球的重力
available_legacy_sliding,使用舊版魚躍
SAME_AS_BEFORE,與之前相同
MAINTENANCE,維護
INFO,通知
ANNOUNCEMENT,公告
PATCH,修補
URGENT,緊急
UPDATE,更新
PROMOTION,促銷
NEW_ANNOUNCEMENT,查看最新公告吧！
NO_ANNOUNCEMENT,選擇公告後#即可查看詳情。
NO_ANNOUNCEMENT_02,暫無公告。
NO_ANNOUNCEMENT_03,敬請期待新消息！
BALANCE_MODE_DES,平衡模式是一種可在調整部分球員和特性平衡後進行遊玩的自訂遊戲模式。各版本適用的平衡調整內容不同，請查看各版本的變更內容。
BALANCE_MODE_COMMON,通用
BALANCE_MODE_GAME_SETTING,比賽設定
NO_BALANCE_MODE_DATA,沒有平衡模式資料。
MODE_COLLECTION,模式收藏
GET_EV2607_SKIN_SCOUT_POINT_DESC,可透過精選球員招募獲得熱身造型招攬點數。#透過該球員招募可獲得{0}個熱身造型招攬點數。
RECRUIT_DIVER_DAVE_TITLE,潛水員戴夫球員招募
RECRUIT_DIVER_DAVE_TITLE_FIRST_VPOINT,可招募包含潛水員戴夫造型和戴夫球員在內的多種球員。
WARMINGUP_SKIN_SCOUT_POINT,熱身造型招攬點數
WARMINGUP_SKIN_SCOUT_POINT_DESC,可透過熱身造型招攬點數，確定獲得想要的熱身球員造型。#該貨幣將在活動期間結束後消失。
WARMINGUP_PLAYER_RECRUIT_TICKET,熱身精選球員招募券
WARMINGUP_PLAYER_RECRUIT_TICKET_DESC,活動期間可使用的招募券。#可以招募活動球員。
EV2607_PICKUP,熱身精選
EV2607,戴夫的熱身
EV2607_DESC,戴夫與莎拉和雅瑩一同回歸！活動期間內，可透過限定球員招募獲得球員和造型。
WARMINGUP_LIMITED_SKIN,熱身限定造型
ANNOUNCEMENT_LIST_LOAD_FAILED,無法載入公告列表。
LIST,列表
ANNOUNCEMENT_RETRY,請重試。
INGAME/OLD_DATA/STORY_REMAKE,這是故事重製更新前各章節獲得的總星數。
COMMON/TOUCH,輕觸！
SUMMER TRAINING,
BEST_RECORD,最佳紀錄
NEW_BEST_RECORD,創造了最佳紀錄！
NAME/TEAM_122,珊瑚紅寶
NAME/TEAM_123,紫羅蘭藍寶
CAMP_HANRA,珊瑚紅寶隊
CAMP_VIOLA,紫羅蘭藍寶隊
EV2608,夏日特訓
EV2608_DESC,夏日特訓是每週開啟回合的陣營競爭活動。透過陣營戰比賽和戴夫的地獄特訓收集椰子積分，為陣營做出貢獻吧。
EV2608_MISSION_MATCH_5000,【{0}】單場比賽獲得{1}點以上椰子積分
EV2608_MISSION_TOTAL_80000,累計獲得{0}分以上的椰子積分
EV2608_MISSION_DSRUN_1M,【{0}】累計獲得{1}分
EV2608_MISSION_DSRUN_BEST_100K,【{0}】最高得分達到{1}分
EV2608_MISSION_JOIN_4W_OR_WIN,連續4週參與或獲得1次冠軍
PROFILE_STICKER_VIOLA,維奧拉貼紙
PROFILE_STICKER_HANRA,靜嵐貼紙
PROFILE_TITLE_BELOVED_DISCIPLE_OF_DAVE,戴夫的愛徒
PROFILE_FRAME_SAND_CASTLE,沙堡
PROFILE_BG_SPARKLED_BEACH,閃耀海灘
EV2608_COCONUT_POINT,椰子積分
EV2608_COCONUT_POINT_DESC,"可透過陣營戰與戴夫的地獄訓練獲得的積分。#累積5,000椰子積分即可領取每日獎勵，獲得的椰子積分將依數量計入陣營貢獻度。#椰子積分每日重置。#每天最多可貢獻50,000積分。"
EV2608_COIN,棕櫚幣
EV2608_COIN_DESC,在夏日特訓中獲得的活動代幣。#可用於活動商店兌換。
EV2608_MISSION,夏日特訓任務
EV2608_MISSION_DES,夏日特訓期間進行的活動任務。#完成任務即可獲得獎勵。
EV2608_MODE_SELECT_TITLE,選擇夏日特訓模式
EV2608_MODE_SELECT_GUIDE,請選擇特訓模式。無論選擇哪種模式都可以收集積分。
EV2608_MODE_CAMP_TITLE,陣營戰
EV2608_MODE_CAMP_DES,組合透過回合技能升級的球員來進行比賽。
EV2608_MODE_SPIKERUN_TITLE,戴夫的地獄特訓
EV2608_MODE_SPIKERUN_DES,撐過戴夫嚴酷的海灘特訓，領取積分獎勵吧。
EV2608_MODE_SELECT,選擇模式
EV2608_LOGIN_BONUS,夏日特訓簽到通行證
,
,
EV2608_EXTRA_REWARD_TICKET,額外獎勵券
EV2608_EXTRA_REWARD_TICKET_DESC,"用於解鎖獎勵區間的道具。已解鎖的區間會於隔天重置。#陣營貢獻上限（50,000）保持不變，仍可繼續比賽。"
EV2608_SPIKERUN_NO_REWARD,無比賽獎勵
EV2608_SPIKERUN_START,開始訓練！
EV2608_PLAY_DES,隊伍比賽
EV2608_TEAM_DAILY_CONTRIBUTION,今日隊伍貢獻度
EV2608_PERSONAL_COCONUT,個人椰子
EV2608_DAILY_REWARD,每日獎勵
EV2608_DAILY_REWARD_CLAIM_CONFIRM,是否領取獎勵？
EV2608_EXTRA_REWARD_TICKET_USE_INFO,"使用額外獎勵券可解鎖獎勵區間。已解鎖的區間會於隔天重置。##陣營貢獻上限（50,000）保持不變，仍可繼續比賽。"
EV2608_TEAM_CONTRIB_MAX_INFO,"今日陣營貢獻度已達到最大值(50,000)。##可以繼續進行比賽，且個人椰子積分將繼續累計。##未解鎖的獎勵可以使用額外獎勵券解開。"
EV2608_CAMP_UNAVAILABLE,該陣營參與人數較多。請選擇其他陣營。
EV2608_MODE_SPIKERUN_DES_DETAIL,"戴夫的地獄特訓是在海灘奔跑、躲避障礙物並扣球的小遊戲。#沒有回合技能和比賽獎勵，依最終得分獲得椰子積分和球芒幣。#最終得分會換算為椰子積分，並計入陣營貢獻度，每天最多可貢獻50,000點。"
EV2608_CAMP_INTRO_DES_1,戴夫的夏日訓練，夏日特訓開始了。#珊瑚紅寶是憑著熱情與突破力壓制對手的隊伍。#紫羅蘭藍寶是以沉著的配合與防守積累勝利的隊伍。##選擇一支隊伍並完成戴夫的特訓吧。#你將成為哪支隊伍的一員登上球場呢？
CAMP_HANRA_DESC,憑著熱情與突破力領先的珊瑚紅寶隊。
CAMP_VIOLA_DESC,以沉著的配合與防守尋求勝利的紫羅蘭藍寶隊。
EV2608_CAMP_BATTLE_DES,"夏日特訓陣營戰是每週開啟新回合的競爭內容。#回合開始後，可選擇珊瑚紅寶或紫羅蘭藍寶陣營參賽，選定後在該回合期間無法更改。##回合期間可透過兩種模式收集椰子積分。##1. 陣營戰比賽#回合期間每天都可參賽，#每天最多選擇2張回合技能來強化操控的球員。#單回合最多可獲得10張技能。##獲勝比賽中，操控球員的扣球速度總和將作為椰子積分發放。#單場比賽最多可獲得5,000點。##2. 戴夫的地獄特訓#在海灘奔跑並躲避障礙物的小遊戲。#沒有回合技能和比賽獎勵，依奔跑得分獲得椰子積分。##椰子積分會換算為陣營貢獻度，每天最多計入50,000點。#回合結束時，該回合的椰子積分會重置。#每天收集5,000點椰子積分即可領取每日獎勵。#尚未解鎖的獎勵區間可使用額外獎勵券解鎖，已解鎖的區間會於隔天重置。#即使達到陣營貢獻上限，仍可繼續遊玩並累積椰子積分。##回合結束時，#會比較雙方陣營的貢獻度，較高者獲勝。#獲勝陣營可獲得額外獎勵，個人每週貢獻度達到25,000點以上才可領取回合獎勵。"
MINIGAME/PAUSE,暫停
MINIGAME/CONTINUE,繼續訓練
MINIGAME/GIVE_UP,放棄訓練
MINIGAME/SPIKE,扣球
MINIGAME/SLIDE,魚躍
MINIGAME/JUMP,跳躍
MINIGAME/SCORE,得分
MINIGAME/TAP_INDICATOR,點擊！
STORYMODE_TIP_8,沒有比賽的關卡。
EV2608_EXCHANGE_SHOP,棕櫚幣商店
SUMMER_SKIN_SCOUT_POINT,夏日造型招攬點數
SUMMER_SKIN_SCOUT_POINT_DESC,使用夏日造型招攬點數，可必定獲得想要的夏日特訓球員造型。#該貨幣會在活動結束後消失。
EV2608_PICKUP,夏日特訓招募
RECRUIT_SUMMER_TRAINING_LUCAS_TITLE,夏日特訓盧卡斯球員招募
RECRUIT_SUMMER_TRAINING_LUCAS_FIRST,可招募包含夏日特訓盧卡斯造型和盧卡斯球員在內的多種球員的球員招募。
RECRUIT_SUMMER_TRAINING_LUCAS_FIRST_VPOINT,使用V點數和精選球員招募券，可招募包含夏日特訓盧卡斯造型和盧卡斯球員在內的多種球員的球員招募。
RECRUIT_SUMMER_TRAINING_LUCAS_FIRST_COIN,使用棕櫚幣，可招募包含夏日特訓盧卡斯造型和盧卡斯球員在內的多種球員的球員招募。
RECRUIT_SUMMER_TRAINING_HANRA_TITLE,夏日特訓靜嵐球員招募
RECRUIT_SUMMER_TRAINING_HANRA_FIRST,可招募包含夏日特訓靜嵐造型和靜嵐球員在內的多種球員的球員招募。
RECRUIT_SUMMER_TRAINING_HANRA_FIRST_VPOINT,使用V點數和精選球員招募券，可招募包含夏日特訓靜嵐造型和靜嵐球員在內的多種球員的球員招募。
RECRUIT_SUMMER_TRAINING_HANRA_FIRST_COIN,使用棕櫚幣，可招募包含夏日特訓靜嵐造型和靜嵐球員在內的多種球員的球員招募。
RECRUIT_SUMMER_TRAINING_VIOLA_TITLE,夏日特訓維奧拉球員招募
RECRUIT_SUMMER_TRAINING_VIOLA_FIRST,可招募包含夏日特訓維奧拉造型和維奧拉球員在內的多種球員的球員招募。
RECRUIT_SUMMER_TRAINING_VIOLA_FIRST_VPOINT,使用V點數和精選球員招募券，可招募包含夏日特訓維奧拉造型和維奧拉球員在內的多種球員的球員招募。
RECRUIT_SUMMER_TRAINING_VIOLA_FIRST_COIN,使用棕櫚幣，可招募包含夏日特訓維奧拉造型和維奧拉球員在內的多種球員的球員招募。
GET_EV2608_SKIN_SCOUT_POINT_DESC,夏日造型招攬點數可透過精選球員招募獲得。#透過該招募可獲得{0}個夏日造型招攬點數。
PLAYER/LUCAS/SKIN/SUMMER_TRAINING,夏日特訓
PLAYER/LUCAS/SKIN/SUMMER_TRAINING/DES,將混亂的雜念暫時拋諸腦後，盧卡斯決定嘗試小時候曾與家人一同享受的沙灘排球。雖然因為還不太熟悉而偶爾會犯錯……但當聽到粉絲歡呼聲的那一刻，盧卡斯絕不會輸給任何人。
PLAYER/HANRA/SKIN/SUMMER_TRAINING,夏日特訓
PLAYER/HANRA/SKIN/SUMMER_TRAINING/DES,趁著暑假前往海邊的靜嵐，起初對沙灘排球並沒有太大興趣，但聽到這也是開闊眼界的一種方式後，便點頭拾起了排球。一旦決定要做，就始終全力以赴，這就是她的作風。
PLAYER/VIOLA/SKIN/SUMMER_TRAINING,夏日特訓
PLAYER/VIOLA/SKIN/SUMMER_TRAINING/DES,在炙熱的陽光下歡快地奔跑遊玩，不知不覺間便深深沉浸於沙灘排球的魅力之中。每當打出精彩的表現後，她總會悄悄環顧四周，心想伊莎貝爾會不會誇獎自己呢。
ABILITY/CARD/NAME_160,紫羅蘭藍寶
ABILITY/CARD/DES_160,所有友方球員的主動技能冷卻時間減少速度加快{n1}%
ABILITY/CARD/NAME_161,珊瑚紅寶
ABILITY/CARD/DES_161,所有友方球員的主動技能持續時間增加{n1}%
EV2608_POPUP_DESC,踏上熾熱海灘的特訓！快來見見盧卡斯、靜嵐與維奧拉吧！
EV2608_POPUP_PLAY_TITLE,夏日特訓！
EV2608_POPUP_PLAY_DESC,贏得比賽，為陣營做出貢獻吧。
EV2608_POPUP_PICLKUP_TITLE,夏日特訓球員招募開啟！
EV2608_POPUP_PICLKUP_DESC,夏日特訓限定球員造型招募與#禮包發售
EV2608_POPUP_ATTENDANCE_DESC,贈送限定道具與棕櫚幣！#高級通行證、皇家通行證開啟！
EV2608_CAMP_UNAVAILABLE_2,當前無法選擇該陣營。
PLAY_MODE,特訓模式
EV2608_ROUND_ENDING_SOON_WARN,距離回合結束所剩時間不多了。##回合結束後完成的比賽將不會發放椰子積分。
SUMMER_TRAINING_LIMITED_SKIN,夏日特訓限定造型
EV2608_SHOP/ALERT1,使用棕櫚幣兌換活動限定商品吧！
CAMP_BATTLE/NEED_DATA_REFRESH,無法載入陣營資訊。將更新資訊。
CAMP_NOT_FOUND,陣營不存在。
NOT_IN_RANGE_CAMP_BATTLE,目前沒有進行陣營戰。
ALREADY_SELECT_CAMP,您已選擇陣營。
리그&선물상자 26.08.26,
COMMON/COMBINATIOIN_APPLY/WS_LOCKED,WS位置的球員無法更換。是否只更換其他位置的球員？
COMMON/COMBINATIOIN_APPLY/MB_LOCKED,MB位置的球員無法更換。是否只更換其他位置的球員？
COMMON/COMBINATIOIN_APPLY/SE_LOCKED,SE位置的球員無法更換。是否只更換其他位置的球員？
COMMON/COMBINATION_APPLY/SELECT_TEAM,要套用到哪支隊伍？
COMMON/COMBINATION_APPLY/NO_PLAYER,您沒有組合所需的球員。
COMMON/COMBINATION_APPLY/LEFT,套用到左側隊伍
COMMON/COMBINATION_APLLY/RIGHT,套用到右側隊伍
INGAME/COLOSSEUM/SKIP_ALL_DIALOGUE,比賽專注模式
INGAME/COLOSSEUM/SKIP_ALL_DIALOGUE/DES_ON,跳過所有對話和能力卡演出。
INGAME/COLOSSEUM/SKIP_ALL_DIALOGUE/DES_OFF,顯示所有對話和能力卡演出。
COMMON/LOAD,載入
INGAME/FORMATION,防守陣型
SETTING/BASIC_SOUND,基本音效
SETTING/ALL_SOUND,主音量
SETTING/ALL_SOUND/DES,調整主音量。
SETTING/INGAME_SOUND,遊戲音效
SETTING/ENVIRONMENT_SOUND,環境音效
SETTING/PLAY/DYNAMIC_JOYSTICK,動態搖桿
SETTING/PLAY/DYNAMIC_JOYSTICK/DES,觸碰設定的搖桿區域後，搖桿會出現在觸碰位置。
CURRENT,當前
ALERT/STAGE_CANNOT_CHANGE_SOMETHING,此關卡無法更改{0}。
WEEKLY_GIFT_BOX,每週禮物箱
WEEKLY_GIFT_BOX/REWARD_LEFT,可領取獎勵
WEEKLY_GIFT_BOX/REWARD_LEFT_UNIT,次可領取
WEEKLY_GIFT_BOX/RULE,贏得{0}或{1}的最終比賽，或通關{2}回合時，{3}會以一定機率出現。
LIMIT_DAILY,每日限制
LIMIT_WEEKLY,每週限制
WEEKLY_GIFT_BOX/WARNING,達到{0}或{1}後，在限制更新前無法獲得{2}。
WEEKLY_GIFT_BOX/LIMIT_RESET,獎勵限制會在每天/每週{0}（UTC）更新。
APPLIED_TARGETS_EXCEPT,適用於我方隊伍中除{0}外的球員
COMMON/OBTAINABLE,可獲得
COMMON/UNOBTAINABLE,不可獲得
WEEKLY_BLUEFLAME_GET_DETAIL,贏得{0}的最終比賽，或通關{1}的各個回合時，可以獲得{2}。#達到{3}後，將無法再透過該方式獲得{2}。
WEEKLY_ARENA_POINT_DETAIL,每週首次通關{0}的最終回合時，可以獲得額外{1}。
PHANTOM_LEAGUE_TIP_28,所有球員的身高都會增加。
PHANTOM_LEAGUE_TIP_29,球場的網高會增加。
엘리트 스테이지 & 시즌3 & 신규 모집,
엘리트룰,
ELITE_RULE,菁英規則
ELITE_RULE/DEFENSE,菁英防守
ELITE_RULE/DEFENSE/DES,菁英規則需要精準的防守。#在球員與球接觸的時機進行接球或魚躍，越接近該時機，準確度就越高，並會根據準確度獲得PERFECT、GREAT、GOOD、BAD判定。#判定越接近PERFECT，個人耐力與精神力受到的傷害就越少。
ELITE_RULE/DEFENSE_PERFECT,PERFECT防守
ELITE_RULE/DEFENSE_PERFECT/DES,在規定影格數內觸發完美防守時，可抵銷對方攻擊的100%，並使特殊能力無效。#完美接球會送出A傳球，並恢復一定量的個人耐力和精神力。#接球：1影格以內#魚躍：3影格以內
ELITE_RULE/DEFENSE_GREAT,GREAT防守
ELITE_RULE/DEFENSE_GREAT/DES,GREAT防守可抵銷對方攻擊的80%。#個人耐力不足時，即使獲得GREAT判定，也可能防守失敗。
ELITE_RULE/DEFENSE_GOOD,GOOD防守
ELITE_RULE/DEFENSE_BAD,BAD防守
ELITE_RULE/DEFENSE_BAD/DES,防守時機過晚時，可能會被判定為BAD。BAD防守會增加防守球員的個人耐力與精神力受到的傷害，因此最好避免BAD接球判定。#進行魚躍時，不會受到BAD防守判定。
ELITE_RULE/RECEIVE_COMMAND,接球指令
ELITE_RULE/RECEIVE_COMMAND/DES,菁英規則下，按下接球按鈕即可指示隊友的接球時機。#若接球時機結束前仍未發出指令，隊友會在最後時刻自行判斷並防守。#接球指令或隊友自動判定的精準度會顯示在防守時機量表上。
ELITE_RULE/EXHAUSTION,力竭
ELITE_RULE/EXHAUSTION/DES,精神力全部耗盡的球員會進入力竭狀態。#在力竭狀態下，個人耐力與精神力不會恢復。#力竭可透過球員替換或暫停解除，解除時會完全恢復精神力與個人耐力。
ELITE_RULE/MENTALITY,精神力
ELITE_RULE/MENTALITY/DES,每名球員都有獨立的精神力。精神力耗盡時，會進入力竭狀態。#精神力的減少量與對方攻擊的威力成正比，但防守能力可以減輕傷害。
ELITE_RULE/INDIVIDUAL_STAMINA,個人耐力
ELITE_RULE/INDIVIDUAL_STAMINA/DES,每名球員都有獨立的耐力。耐力較低時，即使透過接球或魚躍防守對方的攻擊，球也會彈得很遠。
RULE/ELITE_RECEIVE,菁英接球
RULE/MATCH_RULE,比賽規則
RULE/INDIVIDUAL_STAMINA,個人耐力
특화노드,
SPECIALIZATION/PRESET,預設
SPECIALIZATION/REFUND_ALERT,要返還專精點數嗎？
SPECIALIZATION/RESET_PRESET_ALERT,要重置預設{0}嗎？
SPECIALIZATION/PREREQUISITE_AP,前置專精等級 {0}
SPECIALIZATION/NO_EFFECT,無效果
SPECIALIZATION/WEAKNESS,弱化
SPECIALIZATION/UNLOCK,解鎖
SPECIALIZATION/DOWNGRADE,下降
SPECIALIZATION/UPGRADE,上升
SPECIALIZATION/ERROR/SPECIALIZATION_AP_LEVEL_MIN,無法再降低。
SPECIALIZATION/ERROR/SPECIALIZATION_AP_LEVEL_EXCEEDS_MAX,已達最高等級。
SPECIALIZATION/ERROR/SPECIALIZATION_AP_OVERSPENT,AP不足。({0}/{1})
SPECIALIZATION/ERROR/SPECIALIZATION_PREREQUISITE_AP_NOT_ENOUGH,前置專精等級不足。({0})
SPECIALIZATION/ERROR/SPECIALIZATION_PREREQUISITE_AP_NOT_ENOUGH/DEPENDENT,將不再滿足{0}的前置專精等級要求。({1})
SPECIALIZATION/ERROR/SPECIALIZATION_CORE_LIMIT_EXCEEDED,已超過核心專精啟用上限。
SPECIALIZATION/ERROR/SPECIALIZATION_IDENTITY_CORE_LIMIT_EXCEEDED,個性核心專精只能啟用1個。
SPECIALIZATION/ERROR/SPECIALIZATION_WEAKNESS_CHAIN_BLOCKED,不能連續選擇相同能力的弱化。
SPECIALIZATION/ERROR/SPECIALIZATION_WEAKNESS_BALANCE_BROKEN,弱化系列平衡已破壞。
SPECIALIZATION/ERROR/SPECIALIZATION_PREREQUISITE_NOT_UNLOCKED,請先解鎖前置專精。
SPECIALIZATION/ERROR/NOT_ENOUGH_ITEM_AMOUNT,解鎖點數不足。({0}/{1})
SPECIALIZATION/POINT/WS/OFFENSE,主攻手進攻解鎖點數
SPECIALIZATION/POINT/WS/DEFENSE,主攻手防守解鎖點數
SPECIALIZATION/POINT/WS/IDENTITY,主攻手個性解鎖點數
SPECIALIZATION/POINT/MB/OFFENSE,中間手進攻解鎖點數
SPECIALIZATION/POINT/MB/DEFENSE,中間手防守解鎖點數
SPECIALIZATION/POINT/MB/IDENTITY,中間手個性解鎖點數
SPECIALIZATION/POINT/SE/OFFENSE,舉球員進攻解鎖點數
SPECIALIZATION/POINT/SE/DEFENSE,舉球員防守解鎖點數
SPECIALIZATION/POINT/SE/IDENTITY,舉球員個性解鎖點數
SPECIALIZATION/POINT/WS/OFFENSE_DESC,用於解鎖主攻手進攻專精。
SPECIALIZATION/POINT/WS/DEFENSE_DESC,用於解鎖主攻手防守專精。
SPECIALIZATION/POINT/WS/IDENTITY_DESC,用於解鎖主攻手個性專精。
SPECIALIZATION/POINT/MB/OFFENSE_DESC,用於解鎖中間手進攻專精。
SPECIALIZATION/POINT/MB/DEFENSE_DESC,用於解鎖中間手防守專精。
SPECIALIZATION/POINT/MB/IDENTITY_DESC,用於解鎖中間手個性專精。
SPECIALIZATION/POINT/SE/OFFENSE_DESC,用於解鎖舉球員進攻專精。
SPECIALIZATION/POINT/SE/DEFENSE_DESC,用於解鎖舉球員防守專精。
SPECIALIZATION/POINT/SE/IDENTITY_DESC,用於解鎖舉球員個性專精。
SPECIALIZATION/HELP/AP,使用解鎖點數解鎖專精後，可用球員的AP提升等級並啟動。#降低等級即可自由取回已使用的AP，但無法撤銷專精解鎖。
SPECIALIZATION/HELP/AP_ALERT,* 專精的效果和數值可能會在今後的更新中進行調整。#若效果或數值發生調整，可返還該球員用於解鎖專精的所有解鎖點數。
SPECIALIZATION/HELP/PRESET,可將各專精的AP分配儲存至預設中。#更換預設時，專精的解鎖狀態維持不變。
SPECIALIZATION/STATUS/LOCKED,已鎖定
SPECIALIZATION/ACTIVATE,啟動
SPECIALIZATION/DEACTIVATE,停用
SPECIALIZATION/TIER/GROWTH,成長
SPECIALIZATION/TIER/ENHANCEMENT,強化
SPECIALIZATION/TIER/TACTICAL,戰術
SPECIALIZATION/TIER/CORE,核心
SPECIALIZATION/TIER/UNIQUE,固有
SPECIALIZATION,專精
모집 등,
RECRUIT/GAUGE_SCOUT_READY,再招募{0}次即可必得！
RECRUIT/SCOUT_CONFIRM_GAUGE,是否消耗{0}招募量表進行招攬？
RECRUIT/SCOUT_CONFIRM_GAUGE_ONE,是否消耗{1}個{0}進行招攬？
RECRUIT/SCOUT_CONFIRM_GAUGE_TWO,是否消耗{1}個{0}和{3}個{2}進行招攬？
RECRUIT/NO_SKIN_RECRUITING,目前沒有可招募的造型！
ALERT/PICKUP_GAUGE_HELD_CAP,持有 {0} / 上限 {1}
ALERT/PICKUP_GAUGE_NO_MORE,無法再獲得精選招募量表。
RECRUIT_GAUGE,精選招募量表
RECRUIT_GAUGE_DESC,可用於招攬球員。使用精選球員招募券或V點數招募時，每招募1名球員，精選招募量表增加1。#精選招募量表的持有量不能超過135。
BEGINNER_RECRUIT_TICKET,新手招募券
BEGINNER_RECRUIT_TICKET_DESC,幫助新手快速成長的招募券。#試著招募S級球員吧！
BEGINNER_RECRUIT_GAUGE,新手精選量表
BEGINNER_RECRUIT_GAUGE_DESC,可用於招攬新手球員。使用新手招募券進行招募時，每招募1名球員，新手招募量表就會增加1點。
BEGINNER_RECRUIT/SELECT_SCOUT_TARGET,請選擇要招攬的球員。
ALERT/PICKUP_GAUGE_LIMIT,精選招募量表的持有量不能超過135。#是否繼續招募？
CONVERT,轉換
SCOUT_POINT_CONVERSION,精選招攬點數轉換
PICKUP_GAUGE_LIMIT_DES,精選招募量表最多可持有135。
CAN_CONVERT_MORE_ONE,至少1個才可轉換。
MOVE_TO_GUIDE_PLAYER_DES,是否查看球員{0}的說明？
NO_MORE_SCOUT_POINT,沒有精選招攬點數。
CHECK_SCOUT_POINT_AMOUNT,無法轉換此數量。
CALENDAR_BEFORE_FIRST_PURCHASE,尚未開始。
RECRUIT/SCOUT_HELP_LINE_1,招攬是保證獲得指定球員的功能。
RECRUIT/SCOUT_HELP_LINE_2,可消耗招募量表進行招攬。
RECRUIT/SCOUT_HELP_LINE_3,在一般、位置、競技場招募中，可用招攬點數進行招攬。
RECRUIT/SCOUT_RULE_GAUGE_CAP,精選招募量表最多可持有{0}個。
RECRUIT/SCOUT_RULE_PICKUP_CONVERT,精選招攬點數可轉換為精選招募量表。
RECRUIT/SCOUT_RULE_BLOCK,球員已5突破或持有5個努力碎片時，無法再進行招攬。
BEGINNER_RECRUIT_DESC_1,使用40張招募券，必得1名S級球員！
BEGINNER_RECRUIT_DESC_2,此商品可在商店購買。
BEGINNER_RECRUIT/RECENTLY_SELECTED,最近選擇
RECRUIT/TAB_BASIC,普通球員招募
RECRUIT/TAB_COLOSSEUM,競技場球員招募
RECRUIT/PICKUP_REMAIN,距離結束還有{0}
RECRUIT/SCOUT_ROUND,第{0}次
RECRUIT/SCOUT_NEXT_NEED,招攬所需招募量表 {0}
RECRUIT/SCOUT_GAUGE_TABLE_TITLE,招攬招募量表指南
RECRUIT/SCOUT_GAUGE_TABLE_COL_ROUND,次數
RECRUIT/SCOUT_GAUGE_TABLE_COL_NEED,所需招募量表
CAN_RECRUIT_SCOUT,可獲得{0}！
RECRUIT/TAB_POSITION,依位置招募球員
RECRUIT/TAB_COLOSSEUM,競技場球員招募
RECRUIT_NORMAL,普通球員招募
RECRUIT_WS,招募主攻手
RECRUIT_MB,招募中間手
RECRUIT_SE,招募舉球員
RECRUIT/SCOUT_CONFIRM_TITLE,招攬{0}
RECRUIT/SCOUT_GAUGE_TABLE_COL_ROUND,次數
RECRUIT/SCOUT_GAUGE_TABLE_TITLE,招攬
RECRUIT/SCOUT_GAUGE_TABLE_DES,招攬可確保招募到指定球員。可以使用招募量表或招攬點數招攬球員。
RECRUIT/SCOUT_LONG_DES,使用招募量表招攬時，下次招攬所需的招募量表會減少。 # 精選招募量表最多可持有135。
RECRUIT/SCOUT_BLOCKED_AWAKEN,無法再獲得。
RECRUIT/BUY_TICKET_WITH_COIN_AND_RECRUIT,是否使用{1}個{0}購買{3}個{2}並招募？
CALENDAR_SCHEDULED,即將可用
CALENDAR_EXPIRED,使用期已結束
CALENDAR_GLOBAL_BEFORE,即將開放
CALENDAR_GLOBAL_AFTER,營運已結束
CALENDAR_CONFIG_MISSING,需要更新設定
DIRECT_RECRUIT,立即招募
CAN_RECRUIT,可招募
EVENT_PICKUP_DES,· 招攬球員時優先消耗{0}。活動結束後失效。
RECRUIT/NOT_ENUGH_GAUGE,招募量表不足。
BEGINNER_RECRUIT,新手球員招募
BEGINNER_RECRUIT_TITLE,新手球員招募
BEGINNER_RECRUIT_DESC,使用新手招募券，即可必得S級球員。
BEGINNER_RECRUIT/CONFIRM_SCOUT_TARGET,選擇球員
BEGINNER_RECRUIT/TIP_MINJUN/KEYWORD,高得分能力
BEGINNER_RECRUIT/TIP_MINJUN,難度低、得分能力高，推薦用於各種遊戲內容
BEGINNER_RECRUIT/TIP_YOUNGSUB/KEYWORD,全能型
BEGINNER_RECRUIT/TIP_YOUNGSUB,實力穩定，可在各種遊戲內容中發揮
BEGINNER_RECRUIT/TIP_ISABEL/KEYWORD,反擊特化型
BEGINNER_RECRUIT/TIP_ISABEL,平時操作難度較高，但上限很高，適合高難度挑戰
BEGINNER_RECRUIT/TIP_ATIS/KEYWORD,快攻壓制型
BEGINNER_RECRUIT/TIP_ATIS,以優異的身體能力與快攻壓制對手，推薦用於各種遊戲內容
BEGINNER_RECRUIT/TIP_HANRA/KEYWORD,防守穩定型
BEGINNER_RECRUIT/TIP_HANRA,以出色的防守及防守輔助能力提升穩定性，推薦用於各種遊戲內容
BEGINNER_RECRUIT/TIP_SANGHYEON/KEYWORD,隊伍強化型
BEGINNER_RECRUIT/TIP_SANGHYEON,能提升全隊能力值，創造攻防機會，推薦用於各種遊戲內容
BEGINNER_RECRUIT/TIP_LISIA/KEYWORD,發球特化型
BEGINNER_RECRUIT/TIP_LISIA,以具威脅性的發球提升隊友士氣，推薦用於各種遊戲內容
BEGINNER_RECRUIT/TIP_ZERO/KEYWORD,舉球支援型
BEGINNER_RECRUIT/TIP_ZERO,以強力舉球幫助隊友發揮，推薦用於各種遊戲內容
BEGINNER_RECRUIT/TIP_AHYEON/KEYWORD,連攜特化型
BEGINNER_RECRUIT/TIP_AHYEON,透過與隊友配合瓦解對手，推薦用於高難度挑戰
RECRUIT/SCOUT_MAXED,此球員的招攬已全部完成。
STAR_CONDITION/ALWAYS,贏得比賽
STAR_CONDITION/ONAIR_VIEWERS,最高同時觀看人數達到{0}人
STAR_CONDITION/SPIKE_SCORE,扣球得分{0}次
STAR_CONDITION/BACK_ATTACK_SCORE,後排進攻得分{0}次
STAR_CONDITION/QUICK_SCORE,快攻得分{0}次
STAR_CONDITION/LOSE_SCORE,失分少於{0}分
STAR_CONDITION/LOSE_SCORE_MANUAL,在手動操作模式中失分少於{0}分
STAR_CONDITION/DIFFICULTY_EXTREME,在非常困難難度下獲勝
STAR_CONDITION/DIFFICULTY_HARD,在困難難度下獲勝
STAR_CONDITION/WIN_SCORE_WITHOUT_AUTO,在手動操作模式中以至少{0}分的分差獲勝
STAR_CONDITION/WIN_SCORE_WITHOUT_BEGINNER,不使用新手模式，以至少{0}分的分差獲勝
CONVERTED_GAUGE_AMOUNT,累計轉換量：{0}
COMMON/TOTAL,累計
SHOP/DOUBLE_BONUS,BONUS! +{0}VP
SHOP/FIRST_PURCHASE_BONUS,特別優惠！
COMMON/WEEKDAY_SUN,星期日
COMMON/WEEKDAY_MON,星期一
COMMON/WEEKDAY_TUE,星期二
COMMON/WEEKDAY_WED,星期三
COMMON/WEEKDAY_THU,星期四
COMMON/WEEKDAY_FRI,星期五
COMMON/WEEKDAY_SAT,星期六
BLOCKING_LIFE,攔網強度
PLAYER/HAN_GITAE/NICKNAME,鋼鐵中間手
PLAYER/HAN_GITAE/LINE,正好渾身有點僵。來活動活動吧！
PLAYER/HAN_GITAE/LINE_2,我可不會放水。儘管全力攻過來！
PLAYER/HAN_GITAE/GACHA/LINE,我可不會放水。<wait=100> 儘管全力攻過來！
PLAYER/SEO_YUNA/NICKNAME,適應奇才
PLAYER/SEO_YUNA/LINE,讓你看看，我可是很強的！
PLAYER/SEO_YUNA/GACHA/LINE,既然相遇就是緣分，<break><wait=85><b>那就把他們全部打敗吧！
PLAYER/SEO_YUNA/GACHA/LINE_2,才華什麼的，靠努力超越不就好了嗎！
SETTING/PREFERENCE/TIMEOUT_SPINE_ANIM,暫停動畫
SETTING/PREFERENCE/TIMEOUT_SPINE_ANIM/DES,在暫停畫面以高畫質流暢播放插畫動畫。可能影響效能。
NAME/ELITE_MATCH_DES,擊敗每週不同日期出現的對手隊伍，領取活動獎勵吧！
STORYMODE_TIP_9,將套用「菁英規則」。
MAP_NATIONAL,飛翔體育館
BEGINNER_RECRUIT/CAN_SCOUT,可獲得新手球員！
RECRUIT/HELP_TITLE,球員招募
RECRUIT/HELP_LINE_1,可消耗招募券或貨幣獲得球員。
RECRUIT/HELP_LINE_2,活動精選球員招募中的球員可使用活動招募量表和精選招募量表進行招攬。
RECRUIT/HELP_LINE_3,新手球員招募中的球員可使用新手招募量表進行招攬。
RECRUIT/HELP_LINE_4,活動精選球員招募券將於活動結束後失效。
RECRUIT/SCOUT_NO_MORE,無法再進行招攬。
RECRUIT/NOT_ENOUGH_GAUGE,量表不足。
RECRUIT/SCOUT_CONFIRM_EVENT_FIRST,將優先扣除{0}。
RECRUIT/CURRENCY_NOT_ENOUGH_GO_SHOP,貨幣不足。是否前往商店？
RECRUIT/BUY_THEN_RECRUIT,購買後招募
COMMON/RECRUIT,招募
CONVERTED_GAUGE_AMOUNT,累計轉換量: {0}
COMMON/MAX_BUY_COUNT,最大可購買次數 : {0}
COMMON/TOTAL_BUY_DES,將購買共{0}個。
COMMON/EASY,簡單
COMMON/TOOHARD,非常困難
RECRUIT/SCOUT_RULE_OVER_ROUND,最后一轮之后，仍可使用相同的招募量表继续招揽。
RECRUIT/SCOUT_ROUND_AFTER,第{0}次及以後
FEVER_MODE,狂热模式
COMMON/WORD/PERFECT_RECEIVE,完美接球
COMMON/WORD/SPIKE_JUMP,扣杀跳跃
PICKUP_PLAYER_SCOUT_POINT_DES,可将UP球员球探点数转换为UP招募进度条的进度，保证招募到UP球员。
SCOUT_POINT_CONVERSION,精選球員招攬點數轉換
NO_MORE_SCOUT_POINT,沒有精選球員招攬點數。
RECRUIT/SCOUT_RULE_PICKUP_CONVERT,精選球員招攬點數可轉換為精選招募量表。
TIMEOUT/ALERT/NO_CHANCES,暂停次数已用完。
RECRUIT/SCOUT_GAUGE_TABLE_ROUND_OR_MORE,{0}次以上
RECRUIT/SCOUT_ROUND_AFTER,第{0}次及以後
SPECIALIZATION/ALERT/LOAD_FAILED,专精节点加载失败。请重试。
SETTING/PREFERENCE/SPECIALIZATION_FX,專精節點畫面效果
SETTING/PREFERENCE/SPECIALIZATION_FX/DES,開啟專精節點畫面的背景效果。可能影響效能。
EV2609 이벤트 이후 삭제해도 되는 언어,
EV2609,菁英關卡
EV2609_DES,菁英關卡將套用特殊的菁英規則。##與每天不同的對手隊伍進行比賽，完成星星獲取條件並收集星星吧。每日獲得的星星數量將按照當天比賽中取得的最高紀錄計算。##每天首次獲勝時可獲得每日獎勵，也可以繼續挑戰同一場比賽以獲得更多星星。每週將根據一週內收集的星星總數發放每週獎勵。
EV2609_COIN,菁英幣
EV2609_COIN_DESC,可在菁英關卡中獲得的活動貨幣。#可在商店中使用。
EV2609_EXTRA_REWARD_TICKET,額外獎勵券
EV2609_EXTRA_REWARD_TICKET_DESC,使用後可額外領取1次今日的每日獎勵。通關關卡即可獲得獎勵，每天限購1次。
EV2609_RECRUIT_GAUGE,菁英招募量表
EV2609_RECRUIT_GAUGE_DESC,可在菁英關卡活動期間使用的招募量表。招攬菁英球員時優先消耗，持有數量無上限。活動結束後失效。
EV2609_PLAYER_RECRUIT_TICKET,菁英精選球員招募券
EV2609_PLAYER_RECRUIT_TICKET_DESC,可在菁英關卡活動期間使用的招募券。#可用於招募活動球員。
EV2609_RAID_SHOP_POPUP,可使用指定貨幣兌換各種貨幣、招募券及道具。
EV2609_POPUP_DESC,挑戰菁英關卡！邂逅韓基泰、徐宥娜、姜世鎮！
EV2609_POPUP_PLAY_TITLE,菁英關卡
EV2609_POPUP_PLAY_DESC,與每天不同的隊伍比賽並獲勝吧。
EV2609_POPUP_PICKUP_TITLE,菁英球員精選招募開啟！
EV2609_POPUP_PICKUP_DESC,菁英關卡限定球員精選招募與#禮包販售
EV2609_LOGIN_BONUS,菁英簽到通行證
EV2609_POPUP_ATTENDANCE_DESC,領取限定道具和菁英幣！#高級通行證、皇家通行證開啟！
DIFFICULTY_EXTREME,極限
EV2609_UNLOCK_EXTRA_REWARD,重置獎勵
EV2609_CLEAR_RESULT,通關結果
EV2609_RESET_INFO,每天00:00（UTC）重置。
NO_CLEAR_RESULT,沒有通關紀錄。
EV2609_CLAIM_WEEKLY_FIRST,需要領取每週獎勵
EV2609_NO_STAGE,今天沒有可進入的關卡。
EV2609_USE_REWARD_TICKET_DES,使用後，今天可額外領取一次每日獎勵。#通關關卡後即可獲得獎勵。
EV2609_ERROR_ALREADY_CLAIMED_WEEKLY_REWARD,沒有可領取的獎勵。
EV2609_ERROR_INVALID_EVENT,該活動無效。
EV2609_ERROR_NOT_STAGE_TODAY,今天無法進入該關卡。
EV2609_ERROR_DAILY_REWARD_AVAILABLE,仍可領取每日獎勵。
EV2609_ERROR_NOT_ENOUGH_PRODUCT,額外獎勵券不足。
EV2609_ERROR_MATCH_IN_PROGRESS,比賽正在進行中。
EV2609_STAR_REQUIRE,以上
EV2609_MISSION_MB_WIN,操控中間手獲勝{0}次
EV2609_MISSION_BACK_ATTACK,在獲勝的比賽中成功完成後排攻擊{0}次
EV2609_MISSION_SERVE_ACE,在獲勝的比賽中成功發球得分{0}次
EV2609_MISSION_PERFECT_RECEIVE,在获胜的比赛中，以操控球员的身份成功完成完美接球{0}次
EV2609_MISSION_MB_QUICK,在獲勝的比賽中操控中間手完成快攻{0}次
EV2609_MISSION,菁英關卡專屬任務
EV2609_MISSION_DES,這些專屬任務將在菁英活動期間持續開放。所有任務均可透過參加菁英關卡比賽完成。
EV2609_MATCH_PERIOD_END,活動已結束，目前只能領取獎勵。是否前往獎勵彈窗？
EV2609_REWARD_ONLY_ONCE,僅首次
EV2609_WEEKLY_REWARD,每週獎勵
EV2609_WEEKLY_REWARD_LIST,每週獎勵列表
EV2609_EXCHANGE_SHOP,菁英幣商店
RECRUIT_ELITE_SEO_YUNA_TITLE,S 徐宥娜球員招募
RECRUIT_ELITE_SEO_YUNA_DESC,可招募透過菁英關卡登場的S級主攻手徐宥娜等球員。
RECRUIT_ELITE_HAN_GITAE_TITLE,S+ 韓基泰球員招募
RECRUIT_ELITE_HAN_GITAE_DESC,可招募透過菁英關卡登場的S+級中間手韓基泰等球員。
RECRUIT_ELITE_KANG_SEJIN_TITLE,S 姜世鎮球員招募
RECRUIT_ELITE_KANG_SEJIN_DESC,可招募透過菁英關卡登場的S級舉球員姜世鎮等球員。
EV2609_PICKUP_WS,WS 徐宥娜
EV2609_PICKUP_MB,MB 韓基泰
EV2609_PICKUP_SE,Se 姜世鎮
EV2609_LOGIN_BONUS_DESC,在期限內簽到，即可獲得各種道具和貨幣。
EV2609_SPECIALIZATION_BOX,專精解鎖點數箱
EV2609_SPECIALIZATION_BOX_DES,可從9種專精解鎖點數中隨機獲得最多2種。該獎勵每天可在首次勝利時獲得1次。
PRACTICE/ALERT/SELECT_SUBSTITUTE_PLAYERS,请选择替补球员。
,
STAR_CONDITION/ENEMY_MB_BLOCK_STRENGTH_ZERO,耗盡對方球隊的全部攔網強度
ALERT/NEW_MODE_UNLOCK,新模式已解鎖
ALERT/NEW_STORY_UNLOCK,新劇情已解鎖
