KEY,말레이시아어(ms)
GUIDE/TIP_77,"Hari bertuah anda! TIP ini mempunyai peluang 1 dalam 10,000 untuk muncul. Sudah tentu, sesuatu yang baik akan berlaku kepada anda hari ini!"
GUIDE/TIP_01,Anda boleh rekrut pemain dengan Mata V.
GUIDE/TIP_02,WS ialah singkatan kepada Wing Spiker.
GUIDE/TIP_03,MB ialah singkatan bagi Middle Blocker (pengadang tengah).
GUIDE/TIP_04,Se ialah singkatan kepada Pengumpan.
GUIDE/TIP_05,Anda boleh mengurangkan statistik pemain dengan membelanjakan 20% daripada kredit yang digunakan pada asalnya untuk meningkatkannya.
GUIDE/TIP_06,Semua keadaan pemain boleh ditetapkan semula melalui masa rehat.
GUIDE/TIP_08,Pengumpan pasukan lawan diberi keutamaan paling rendah untuk menerima servis apung lompat.
GUIDE/TIP_09,Anda boleh menikmati permainan yang lebih terperinci dan kompleks dengan mematikan Mod Pemula.
GUIDE/TIP_10,"Jika anda terus kehilangan mata dalam situasi tertentu, gunakan masa rehat untuk mengubah putaran."
GUIDE/TIP_11,"Dalam [The Spike Cross], tiada konsep baris depan/belakang. Anda boleh menyerang dari mana-mana kedudukan di gelanggang."
GUIDE/TIP_12,"Apabila purata Kelajuan dan Pertahanan adalah 120 atau lebih tinggi, AI yang blok menjadi lebih tepat."
GUIDE/TIP_13,"Semakin rendah Pertahanan, semakin jauh bola melantun selepas menggelongsor."
GUIDE/TIP_14,"Apabila pasukan lawan kehabisan stamina, tipuan memudahkan anda menjaringkan mata."
GUIDE/TIP_15,Pasukan yang mahir meluncur cenderung lemah terhadap rejaman bertrajektori panjang.
GUIDE/TIP_16,"Jika anda menandai pemain sebagai Kegemaran, anda boleh melihat pemain itu secara berasingan daripada pemain lain."
GUIDE/TIP_17,Anda boleh memperoleh Mata V dengan menyelesaikan setiap peringkat dalam Mod Cerita dengan 3 bintang buat kali pertama.
TIP/BLOCKING/ALERT_01,"Apabila anda berada di barisan hadapan,#tekan {n1} berhampiran jaring untuk cuba blok."
TIP/BLOCKING/ALERT_02,"Apabila pemain lawan hendak menyerang,#tekan dan tahan {n1} berhampiran jaring untuk mencuba blok, kemudian lepaskan."
TIP/BLOCKING/ALERT_03,"Jika masa lompatan hadangan tidak tepat,#bola akan melantun semakin jauh apabila perbezaan Serangan#antara pengadang dengan perejam semakin besar."
TIP/DEUCE/ALERT_01,"Dalam bola tampar, walaupun jika sesebuah pasukan mencapai markah sasaran,#mereka mesti berada di hadapan sebanyak 2 mata berbanding lawan mereka untuk memenangi permainan."
TIP/FAINT/ALERT_01,"Apabila lawan sudah bersedia untuk menghadang,#tekan {n1} semasa gerakan rejaman untuk membuat tipuan."
TIP/HPCHECK/ALERT_01,"Apabila bar stamina di atas menjadi rendah,#rakan sepasukan akan gagal menerima bola."
TIP/HPCHECK/ALERT_02,"Jika bar stamina atas rendah,#cuba gunakan blok atau gelongsor untuk mempertahankan diri."
TIP/HPCHECK/ALERT_03,"Semakin rendah Pertahanan pemain yang menerima bola,#semakin banyak stamina yang berkurang."
TIP/FARSPIKE/ALERT_01,"Semakin jauh bola di hadapan pemain, semakin curam sudut rejamannya.#Namun, ini dilaraskan secara automatik dalam Mod Pemula."
TIP/WIN/ALERT_01,Tahniah!#[The Spike Cross] mengesyorkan anda bermain dalam Mod Manual.#Mengapa tidak mencubanya untuk mendapatkan pengalaman baharu?
TIP/WIN/ALERT_02,"Tahniah!#Jika anda sudah biasa dengan masa rejaman,#kami mengesyorkan agar Mod Pemula dimatikan dalam tetapan."
TIP/CONDITION/FOCUS,[ Fokus ]#Pemain dalam keadaan Fokus#akan mengalami peningkatan semua statistik.
TIP/CONDITION/ANGRY,"[ Teruja ]#Pemain dalam keadaan Teruja#akan mengalami peningkatan Serangan dan Kelajuan, tetapi penurunan Pertahanan dan Lompatan."
TIP/CONDITION/SAD,[ Berkecil Hati ]#Pemain dalam keadaan Berkecil Hati#akan mengalami penurunan semua statistik.
TIP/CONDITION/CARELESS,[Cuai]#Pemain dalam keadaan ini#Pertahanan dan Kelajuan mereka akan menurun dengan ketara.
TIP/BOSS/ALERT_01,Kehadiran Yoonseok sahaja meningkatkan kebarangkalian#semua pemain pasukan lawan menjadi Cuai sebanyak 150%.
TIP/BOSS/ALERT_02,[Keazaman] Jaehyun adalah kebolehan yang meningkatkan#statistiknya apabila stamina pasukan rendah.
TIP/BOSS/ALERT_03,Kebolehan 'Matahari Terbit' Oasis meningkatkan#statistiknya setiap kali pasukan kehilangan 3 mata.
TIP/BOSS/ALERT_04,"Seolhwa ialah pengumpan, tetapi mempunyai Serangan yang tinggi.#Berhati-hati dengan rejaman mengejutnya."
TIP/BOSS/ALERT_05,Sanghyeon dan Artistry High menekankan pertahanan dan kombo.#Spike yang ditujukan ke tengah gelanggang boleh dibaca dengan mudah.
TIP/BOSS/ALERT_06,Pertahanan Mutlak Heeseong dengan sempurna blok#semua spike yang menyentuh tangannya.
TIP/BOSS/ALERT_07,"Spike Minjun mempunyai putaran yang kuat,#menyebabkan trajektori bola berubah di tengah jalan."
NAME/TEAM_01,Terra High
NAME/TEAM_02,Duil Middle
NAME/TEAM_03,Jagang High
NAME/TEAM_04,Jisan High
NAME/TEAM_05,Gwangtan High
NAME/TEAM_06,Minjae High
NAME/TEAM_07,Jagang High
NAME/TEAM_08,Muscle High
NAME/TEAM_09,Sand Surfer
NAME/TEAM_10,Sky High
NAME/TEAM_11,Sun Receivers
NAME/TEAM_12,Sun Volleyball Team (Sandaran)
NAME/TEAM_13,Palm Spikes
NAME/TEAM_14,Sun Volleyball Team
NAME/TEAM_15,Giant High
NAME/TEAM_16,Cheongni High
NAME/TEAM_17,Jang Howon High
NAME/TEAM_18,Hangwoon High
NAME/TEAM_19,Dongpae High
NAME/TEAM_20,Chemistry High
NAME/TEAM_21,Bundang High
NAME/TEAM_22,Choji High
NAME/TEAM_23,Tempest High
NAME/TEAM_24,Starlight High
NAME/TEAM_25,Artistry High OB
NAME/TEAM_26,Fairy High
NAME/TEAM_27,King Bee High
NAME/TEAM_28,Hanbit High
NAME/TEAM_29,Flight High
NAME/TEAM_30,Swift High
NAME/TEAM_31,Yellow Panther
NAME/TEAM_32,Valentia Spike
NAME/TEAM_33,Tutorial
NAME/TEAM_34,Iron Wall High
NAME/TEAM_35,Violet Fiore
NAME/TEAM_36,Lembing Kuning
NAME/TEAM_37,Scudo Merah
NAME/TEAM_38,Green Leon
NAME/TEAM_39,Lancia Biru
NAME/TEAM_40,All-Star
NAME/TEAM_41,Diamond Swift High
NAME/TEAM_42,Diamond Starlight High
NAME/TEAM_43,Diamond King Bee High
NAME/TEAM_44,Diamond Cheongni High
NAME/TEAM_45,Diamond Tempest High
NAME/TEAM_46,Diamond Flight High
NAME/TEAM_47,Valentia Spike
NAME/TEAM_48,Frusta Biru
NAME/TEAM_49,Bastone Merah
NAME/TEAM_50,Loceng Biru
NAME/TEAM_51,Tiada nama
NAME/TEAM_52,Armatura
NAME/TEAM_53,Pistol Kuning
NAME/TEAM_54,Spada Merah
NAME/TEAM_55,Pasukan Bola Tampar Blue Sky
NAME/TEAM_56,Meriam Kuning
NAME/TEAM_57,Master Sun Volleyball Team
NAME/TEAM_58,Master Colosseum
INGAME/CHANGE_PLAYER,Tukar Pemain
INGAME/CHANGE,Tukar
INGAME/GAME_START,Mula Permainan
INGAME/CHANGE_CONTROL_PLAYER,Tukar Pemain Terkawal
INGAME/ROTATION,Putaran
COMMON/SHOP,Kedai
COMMON/TUTORIAL,Tutorial
COMMON/TRAINING,Latihan
COMMON/NEXT,Seterusnya
COMMON/STORY,Cerita
COMMON/GUIDE,Panduan
COMMON/ATTENDANCE,Daftar masuk
COMMON/TOURNAMENT,Kejohanan
COMMON/COLOSSEUM,Colosseum Bola Tampar
COMMON/STRENGTH,Serang
COMMON/DEFENSE,Pertahanan
COMMON/SPEED,Kelajuan
COMMON/JUMP,Lompat
COMMON/BRONZE,Gangsa
COMMON/SILVER,Perak
COMMON/GOLD,Emas
COMMON/DIAMOND,Berlian
COMMON/MASTER,Master
COMMON/WORLD,Dunia
COMMON/PLAYER,Pemain
COMMON/CLOSE,Tutup
COMMON/CANCEL,Batal
COMMON/PROGRESS,Teruskan
COMMON/NAME,Nama
COMMON/HEIGHT,Tinggi
COMMON/RANK,Rank
INGAME/PRESET_ADD,Tambah Pratetapan
INGAME/PRESET_MANAGEMENT,Pengurusan Pratetapan
INGAME/SET_CURRENT_PRESET,Tetapkan sebagai Pratetapan Semasa
INGAME/CURRENT_PRESET,Pratetapan Semasa
INGAME/PRESET_RECENT_USE,Kandungan Digunakan Baru-baru Ini
INGAME/PRESET,Pratetapan
HELP/FORMATION/DES,"Menerusi pratetapan, anda boleh menetapkan barisan pemain utama yang akan beraksi untuk pasukan bola tampar anda.#Apabila menggunakan satu pratetapan, pratetapan yang satu lagi akan menjadi pemain simpanan yang boleh digantikan serta-merta semasa perlawanan."
INGAME/CONDITION,Keadaan
HELP/CONDITION/DES,Keadaan merujuk kepada perubahan status pemain semasa perlawanan.#Kebarangkalian perubahan keadaan berbeza mengikut personaliti setiap pemain.#Keadaan pemain kembali normal selepas tempoh tertentu!#Semua keadaan dibatalkan apabila masa rehat diambil.
INGAME/ANGRY,Teruja
HELP/CONDITION/ANGRY/DES,"Meningkatkan Serangan dan Kelajuan, tetapi mengurangkan Pertahanan dan Lompatan.#Boleh tercetus apabila: mendapat ace servis atau gagal menyerang."
INGAME/CARELESS,Cuai
HELP/CONDITION/CARELESS/DES,"Mengurangkan Kelajuan dan Pertahanan dengan ketara.#Kemungkinan Kejadian: jika pemain tidak menyentuh bola 5 kali atau lebih, kemungkinan akan meningkat semakin lama pemain itu pergi tanpa menyentuh bola."
INGAME/FOCUS,Fokus
HELP/CONDITION/FOCUS/DES,"Meningkatkan statistik keseluruhan dengan ketara.#Kemungkinan Kejadian: ace, pemarkahan, berjaya blok tepat."
INGAME/SAD,Berkecil hati
HELP/CONDITION/SAD/DES,Mengurangkan statistik keseluruhan.#Mungkin Kejadian: serangan gagal.
HELP/TOURNAMENT/DES,"Kejohanan ini menyaingi anda dengan pasukan kuat yang berkaliber anda, menguji kemahiran anda sepenuhnya."
COMMON/POSITION,Kedudukan
HELP/POSITION/WS/TITLE,Wing Spiker
HELP/POSITION/WS/DES,"Kedudukan penyerang utama dalam pasukan.#Pemain ini perlu mengatasi hadangan untuk menjaringkan mata, maka Serangan dan Lompatan yang tinggi amat penting."
HELP/POSITION/MB/TITLE,Pengadang Tengah
HELP/POSITION/MB/DES,"Pemain serba boleh dalam pasukan yang menjalankan pelbagai peranan seperti bertahan, menghadang dan menyerang."
HELP/POSITION/SE/TITLE,Pengumpan
HELP/POSITION/SE/DES,"Pemain yang mengumpan bola pada sentuhan kedua.#Jenis hantaran berbeza mengikut personaliti pengumpan, jadi pilih pengumpan yang sesuai dengan barisan pasukan dan kawalan yang anda biasa gunakan."
HELP/STATUS/TITLE,Stats
HELP/STATUS/STRENGTH/DES,Mempengaruhi kuasa spike pemain.#Serangan yang lebih tinggi mengurangkan kelajuan bola selepas ia blok.
HELP/STATUS/DEFENSE/DES,"Mempengaruhi kerosakan stamina apabila pemain menerima bola.#Semakin tinggi Pertahanan, semakin rendah kelajuan bola yang melantun selepas pemain meluncur."
HELP/STATUS/SPEED/DES,"Mempengaruhi kelajuan pergerakan pemain.#Untuk AI, apabila purata kelajuan dan pertahanan melebihi ambang tertentu, masa blok menjadi lebih tepat."
HELP/STATUS/JUMP/DES,Mempengaruhi lompatan pemain.##Lompatan hadangan/lompatan rejaman
INGAME/SERVE,Servis
HELP/SERVE/DES,"Terdapat pelbagai jenis servis, tetapi tiga jenis yang paling lazim mempunyai ciri-ciri berikut."
INGAME/SERVE/NORMAL,Servis Asas
HELP/SERVE/NORMAL/DES,"Servis yang sangat mudah, tetapi ia juga mudah untuk dipertahankan oleh pihak lawan. #Pasukan lawan menganggapnya sebagai bola peluang (chance ball), dan penghantar (setter) pasukan lawan akan mengelak daripada menyambutnya jika boleh."
INGAME/SERVE/JUMP_FLOATER,Float Serve
HELP/SERVE/JUMP_FLOATER/DES,"Servis yang agak mudah dan sesuai untuk menyasarkan ruang kosong pasukan lawan. #Pasukan lawan tidak menganggapnya sebagai bola peluang, tetapi penghantar (setter) pasukan lawan akan mengelak daripada menyambutnya jika boleh."
INGAME/SERVE/SPIKE,Servis Rejaman
HELP/SERVE/SPIKE/DES,"Servis yang sukar, tetapi jika berjaya, ia dapat mengurangkan stamina pasukan lawan dengan banyak pada permulaan. #Bergantung pada kekuatan bola, penghantar (setter) pasukan lawan mungkin akan menyambutnya."
COMMON/TIER,Peringkat
HELP/TIERORACHIEVEMENT/DES,Capai sebilangan cabaran khusus peringkat untuk memperoleh ganjaran kenaikan pangkat yang besar!#Mata untuk kenaikan pangkat boleh diperoleh dengan bermain perlawanan.
COMMON/ACHIEVEMENT,Cabaran
COMMON/ALERT,Amaran
COMMON/YES,Ya
COMMON/NO,Tidak
INGAME/COLOSSEUM/ALERT,Semua perlawanan Colosseum yang sedang berlangsung akan ditetapkan semula.#Adakah anda ingin meneruskan?
COMMON/ENTER,Masuk
COMMON/DEDICATED_SHOP,Kedai Eksklusif
COMMON/CARD_COLLECTION,Koleksi Kad
INGAME/COLOSSEUM/ALERT_02,Tiada Colosseum yang boleh anda masuki.
COMMON/CHECK,Sahkan
COMMON/NOTICE,Notis
INGAME/TEAM/ALERT,Anda tidak boleh mengubah giliran dalam perlawanan 2 pemain.
INGAME/SKIP,Langkau
INGAME/TRAINING_SPIKE,Latihan Spike
INGAME/TRAINING_DEFENSE,Latihan Pertahanan
INGAME/TRAINING_SERVE,Latihan Servis
INGAME/GAME_PLAY,Bermain permainan
INGAME/REPLAY,Mula semula
INGAME/GO_BACK,Menu utama
INGAME/MY_TIER,Peringkat Saya
COMMON/COMPLETE,Selesai
INGAME/RECEIVE_REWARD,Tuntut Ganjaran
INGAME/TOP_RATED,TOP {n1}%
COMMON/POINT,Poin
INGAME/UNLOCK_LEFT,Sehingga Dibuka
ACHIEVEMENT/RATE,Kadar Penyelesaian Cabaran
ACHIEVEMENT/CONDITION,Syarat
ACHIEVEMENT/SATISFY,Keperluan Mata Peringkat
ACHIEVEMENT/UPGRADE,Naik pangkat
INGAME/REWARD,Ganjaran
INGAME/REWARD/ALERT,Sila tuntut ganjaran peringkat sebelumnya dahulu.
INGAME/PROGRESSING,Sedang Berlangsung
INGAME/CHALLENGE,Cabaran
INGAME/BLOCKING,Blok
INGAME/GAME_START_02,Mula Permainan
NAME/STAGE/HEAL,Peringkat Pemulihan
INGAME/LEFT_LIFE,Baki Nyawa
INGAME/FINAL_REWARD,Ganjaran Akhir
INGAME/MAYOONSEOK/LINE_01,Buat Kesalahan!!!
INGAME/MAYOONSEOK/LINE_02,Tolonglah buat silap!!!
INGAME/MAYOONSEOK/LINE_03,"Kacau, kacau, kacau!!!"
INGAME/MAYOONSEOK/LINE_04,"Pergi dari sini, Yoonseok!!!"
INGAME/ACHIEVEMENT/ALERT,Selesaikan cabaran dan naik pangkat!
CARD/ATTACK,Serang
CARD/DEFENSE,Pertahanan
CARD/TOTAL,Jumlah
CARD/ATTACK/ATTACK_TRY,Percubaan Serangan
CARD/ATTACK/ATTACK_SCORE,Skor Serangan
CARD/ATTACK/SERVE_TRY,Percubaan Servis
CARD/ATTACK/SERVE_SCORE,Skor Servis
CARD/ATTACK/HIT,Pukulan Bulatan Putih
CARD/ATTACK/CAREFUAL_ATTACK,Serangan Berhati-hati
CARD/ATTACK/ATTACK_ACE,Skor Serangan Ace
CARD/ATTACK/SERVE_ACE,Servis Skor Ace
CARD/ATTACK/HIT_ACE,Ace Ketepatan Bulatan Putih
CARD/DEFENSE/BLOCKING_TRY,Percubaan Penghalang
CARD/DEFENSE/BLOCKING_SUCCESS,Penghalang Berjaya
CARD/DEFENSE/BLOCKING_SCORE,Skor Penghalang
CARD/DEFENSE/SLIDING_TRY,Percubaan Slaid
CARD/DEFENSE/SLIDING_SUCCESS,Slaid Berjaya
CARD/DEFENSE/CAREFUL_BLOCKING,Penghalang Berhati-hati
CARD/DEFENSE/CAREFUL_SLIDING,Slaid Berhati-hati
CARD/DEFENSE/BLOCKING_ACE,Skor Blok Ace
CARD/TOTAL/PLAY_TIME,Masa Perlawanan
CARD/TOTAL/MANUAL_MODE,Mod Manual
CARD/TOTAL/PERFECT_VICTORY,Kemenangan Sempurna
CARD/TOTAL/AUDIANCE,Kiraan Penonton
CARD/TOTAL/TOTAL_SCORE,Jumlah Skor
CARD/TOTAL/SCORE_GAP,Perbezaan Skor
INGAME/PRACTICE_GAME,Perlawanan Latihan
INGAME/SCORE,Skor
INGAME/DEUCE,Deuce
INGAME/EVENT_STORE,Kedai Acara
INGAME/RECRUIT/TOUCHSCREEN,Rekrut
INGAME/EXPLANATION,Penerangan
INGAME/RECRUIT/WS,Rekrut WS
INGAME/RECRUIT/MB,Rekrut MB
INGAME/RECRUIT/SE,Rekrut SE
INGAME/RECRUIT/RANDOM,Rekrut pemain daripada semua kedudukan secara rawak.
INGAME/RECRUIT/1,Rekrut x1
INGAME/RECRUIT/10,Rekrut x10
INGAME/PLAYER/ALERT_01,Pilih pemain yang hendak ditukar
INGAME/PROBLEM_OCCUR,Satu isu telah berlaku
INGAME/PROBLEM_OCCUR/REASON,Proses tidak dapat diselesaikan atas sebab berikut:
INGAME/PROBLEM_OCCUR/NO_REASON,Proses tidak dapat diselesaikan kerana berlaku ralat yang tidak dijangka.
INGAME/PROBLEM_OCCUR/INQUIRY,"Jika masalah berterusan, sila hubungi sokongan pelanggan."
INGAME/TIER_NOT_ENOUGH/ALERT,Peringkat tidak mencukupi
INGAME/ACCESS_RESTRICTION_CONTENT,Kandungan ini hanya boleh diakses pada peringkat [{n1}] atau lebih tinggi.
INGAME/GAIN,Memperoleh
INGAME/DAY,Hari {n1}
INGAME/ATTENDANCE/CHECK,Daftar masuk
INGAME/UPDATE_TIME_LEFT,{n1}:{n2}:{n3} tinggal sehingga ditetapkan semula.
INGAME/RECRUIT_PLAYER,Rekrut Pemain
INGAME/SCOUT_PLAYER,Pemain Scout
SHOP/BUY,Beli
SHOP/APPLY_01,Gunakan
SHOP/APPLY_02,Pergi untuk Menggunakan
SHOP/MOVE/ALERT,Beralih ke Tetingkap Pengurusan Pemain?
SHOP/MOVE,Pergi
INGAME/COSTUME,Kostum
SHOP/BUY/ALERT,Beli item yang dipilih? #[{n1}]
SHOP/ONLY_BUY,Lihat Dibeli
SHOP/BUY_COMPLETE,Dibeli
ACHIEVEMENT/TITLE_01,Masuk ke Kedai
ACHIEVEMENT/DES_01,Masuk ke Kedai Mata Wang
ACHIEVEMENT/TITLE_02,Naik Taraf Pemain
ACHIEVEMENT/DES_02,Naik taraf Pemain.
ACHIEVEMENT/TITLE_03,Rekrut Pemain
ACHIEVEMENT/DES_03,Rekrut Pemain.
ACHIEVEMENT/TITLE_04,Pemenang
ACHIEVEMENT/DES_04,Menang satu perlawanan.
ACHIEVEMENT/TITLE_05,Pukulan Akhir
ACHIEVEMENT/DES_05,"Jaringkan mata terakhir dalam Bab 1, Peringkat 10 dengan rejaman anda sendiri."
ACHIEVEMENT/TITLE_06,Naik Taraf Pemain II
ACHIEVEMENT/DES_06,Naik taraf statistik keseluruhan pemain kepada 500 atau lebih.
ACHIEVEMENT/TITLE_07,Pemenang Pertandingan
ACHIEVEMENT/DES_07,Menangi Kejohanan.
ACHIEVEMENT/TITLE_08,Kemenangan Sempurna
ACHIEVEMENT/DES_08,"Kalahkan Bab 2, Tahap 7 dengan perbezaan markah 5 mata."
ACHIEVEMENT/TITLE_09,Menang menggunakan Mod Manual
ACHIEVEMENT/DES_09,"Kalahkan Bab 3, Tahap 8 dengan Mod Manual."
ACHIEVEMENT/TITLE_10,Persembahan Terhebat
ACHIEVEMENT/DES_10,"Mencapai 15 mata dalam Superstar Challenge, Peringkat 7, kemudian memenangi perlawanan."
ACHIEVEMENT/TITLE_11,Ace Servis Ajaib
ACHIEVEMENT/DES_11,"Dalam situasi deuce kejohanan, jaringkan 2 mata berturut-turut dengan ace."
ACHIEVEMENT/TITLE_12,Pertarungan Bersemuka
ACHIEVEMENT/DES_12,Menang melawan Iron Wall High dalam kejohanan tanpa menggunakan sebarang feint muslihat.
ACHIEVEMENT/TITLE_13,Matahari terbenam
ACHIEVEMENT/DES_13,Minta Oasis dalam kejohanan memasuki keadaan Sunset.
ACHIEVEMENT/TITLE_14,Fokus
ACHIEVEMENT/DES_14,Cetuskannya supaya Siwoo memasuki keadaan Fokus Sejati.
ACHIEVEMENT/TITLE_15,Lebih Pantas dan Lebih Cepat
ACHIEVEMENT/DES_15,Naik taraf kelajuan pemain kepada 155.
ACHIEVEMENT/TITLE_16,Pertahanan Mutlak: Pantulan Pelangi
ACHIEVEMENT/DES_16,"Dalam Bab 5, Peringkat 4, minta pasukan anda menjaringkan 5 mata berturut-turut dengan blok."
ACHIEVEMENT/TITLE_17,Sniper
ACHIEVEMENT/DES_17,"Dalam Bab 2, Peringkat 8, sasarkan pemain yang Berkecil Hati dengan rejaman 3 kali berturut-turut."
ACHIEVEMENT/TITLE_18,Bakat Luar Biasa
ACHIEVEMENT/DES_18,"Kalahkan Bab 5, Peringkat 8 dengan perbezaan markah sebanyak 10 mata."
ACHIEVEMENT/TITLE_19,Tiger
ACHIEVEMENT/DES_19,"Dalam Bab 2, Peringkat 8, buat setiap pemain lawan Berkecil Hati sekali, kemudian menangi perlawanan."
ACHIEVEMENT/TITLE_20,Hasil Kerja Keras
ACHIEVEMENT/DES_20,"Menangi Bab 6, Peringkat 8 dengan pemain berpangkat C+ atau lebih rendah, tanpa masa rehat atau pertukaran pemain."
ACHIEVEMENT/TITLE_21,Penghalang Enzim
ACHIEVEMENT/DES_21,"Kalahkan Superstar Challenge, Peringkat 4 tanpa mencetuskan chemical reaction Ayeon."
ACHIEVEMENT/TITLE_22,Raja Kejohanan
ACHIEVEMENT/DES_22,Menang 100 kali dalam kejohanan pada peringkat Diamond atau lebih tinggi.
ACHIEVEMENT/TITLE_23,Pemecah Tekad
ACHIEVEMENT/DES_23,"Menangi Bab 5, Peringkat 8 tanpa membenarkan Jaehyun memasuki keadaan Keazaman."
ACHIEVEMENT/TITLE_24,Hapuskan Topeng
ACHIEVEMENT/DES_24,"Dalam Bab 4, Peringkat 7, menghalang Seolhwa daripada membuat satu set semasa perlawanan."
ACHIEVEMENT/TITLE_25,Penerima Spike
ACHIEVEMENT/DES_25,"Dalam Bab 6, Peringkat 8, terima spike Nishikawa dengan spike anda sendiri."
ACHIEVEMENT/TITLE_26,Ganjaran Kehadiran
ACHIEVEMENT/DES_26,Terima semua ganjaran untuk 25 hari daftar masuk.
ACHIEVEMENT/TITLE_27,Melalui Langit
ACHIEVEMENT/DES_27,Kalahkan Sky High dalam kejohanan tanpa kehilangan sebarang mata.
COMMON/ACCOUNT,Akaun
SETTING/UID_COPY/ALERT,UID telah disalin ke papan keratan.
SETTING/LINK_SUCCESS,Dipautkan
SETTING/LINK_TRY,Pautan
SETTING/ACCOUNT_LINKING,Memautkan Akaun...
SETTING/LINK_COMPLETE,Akaun telah dipautkan.
SETTING/LINK_UNABLE,Akaun ini sudah dipautkan kepada akaun lain.
SETTING/UNACTIVE,Tidak aktif
COMMON/WITHDRAW,Padamkan Akaun
COMMON/LOGOUT,Log keluar
SETTING/SOUND,Bunyi
SETTING/SOUND/BGM,BGM
SETTING/SOUND/BGM/DES,Tetapkan kelantangan muzik latar.
SETTING/PLAY,Main
SETTING/PLAY/BEGINNER_MOD,Mod Pemula
SETTING/PLAY/AUTO_MOD,Mod Automatik
SETTING/PLAY/RUNNING_START,Approach
SETTING/PLAY/BEGINNER_MOD/DES,"Semasa lompatan spike, anda akan bergerak secara automatik ke titik sentuhan dan arah spike juga akan dilaraskan."
SETTING/PLAY/AUTO_MOD/DES,"Untuk pendekatan permainan yang lebih kasual, pergerakan dan lompatan akan diautomasikan."
SETTING/PLAY/RUNNING_START/DES,Ketik dua kali butang spike untuk melompat dengan Approach.
SETTING/PREFERENCE,Permainan
SETTING/PREFERENCE/SCREEN_SHAKING,Goncang Kamera
SETTING/PREFERENCE/SCREEN_SHAKING/DES,Menetapkan kesan gegaran kamera semasa permainan.
SETTING/PREFERENCE/SLOW_MOTION,Gerak perlahan
SETTING/PREFERENCE/SLOW_MOTION/DES,Mengaktifkan kesan gerakan perlahan.
SETTING/PREFERENCE/SPECIAL_EFFECT,Kesan khas
SETTING/PREFERENCE/SPECIAL_EFFECT/DES,Memaparkan kesan khas pemain semasa perlawanan.
SETTING/PREFERENCE/BUTTON_LAYOUT,Susun atur butang
SETTING/PREFERENCE/BUTTON_LAYOUT/DES,Sesuaikan susun atur butang.
SETTING/PREFERENCE/BUTTON_LAYOUT/USER,Tersuai Pengguna
SETTING/LANGUAGE,Bahasa
SETTING/CHANGE_LANGUAGE,Tukar bahasa permainan.
ACHIEVEMENT/FAIL,Gagal
SHOP/PROCESSING_REQUEST,Memproses permintaan...
SHOP/CURRENCY_NOT_ENOUGH/ALERT,Tidak tersedia kerana mata wang tidak mencukupi.
INGAME/CURRENT/TIER,Peringkat Semasa
INGAME/GAME_READY,Bersedia untuk Perlawanan
SHOP/CURRENCY_NOT_ENOUGH,Mata wang tidak mencukupi.
SHOP/GROWTH,Pertumbuhan
SHOP/CHANGE_STAT/ALERT,Menukar statistik akan menggunakan mata wang berikut.#Adakah anda mahu meneruskan?
INGAME/RELEASE,Lepaskan
INGAME/FOR_MAIN,Tetapkan sebagai Pemain Utama
INGAME/MAIN,Pemain Utama
INGAME/CLEAR,Alih keluar
INGAME/DECORATE,Sesuaikan
INGAME/NUMBER_OF_SELECTED,{n1} Pemain yang dipilih
COMMON/DELETE,Padamkan
INGAME/OUT/DES,Pilih pemain untuk dilepaskan.
INGAME/DELETE_FIXED/ALERT,Anda tidak boleh memadam pemain yang ditanda sebagai Kegemaran.
INGAME/DELETE_MAIN/ALERT,Pemain yang didaftarkan sebagai pemain utama tidak boleh dipadamkan.
SHOP/BASIC,Asas
SHOP/WEEKLY_ONLY,Setiap minggu
SHOP/MONTHLY_ONLY,Bulanan
SHOP/WEEKLY_MONTHLY,Mingguan & Bulanan
INGAME/HACK/ALERT_02,Pengesanan pengubahsuaian data dalam permainan telah menghalang perlawanan daripada berakhir dengan betul.
INGAME/HACK/ALERT_01,"Pengubahan data yang tidak normal telah dikesan dalam permainan, mengembalikan anda ke skrin utama."
SHOP/CURRENCY_NOT_ENOUGH/ALERT_02,Anda tidak boleh membeli item berikut disebabkan oleh mata wang yang tidak mencukupi.#{n1}
INGAME/INFO_FAIL/ALERT,"Ralat yang tidak dijangka telah berlaku semasa mendapatkan semula data.#Jika masalah berterusan, sila hubungi sokongan pelanggan."
INGAME/HACK/STAGE/ALERT,Pengubahan data peringkat telah dikesan.
INGAME/SELECT_CHANGE/ALERT,Pilih pemain yang hendak ditukar.
INGAME/NO_INFO_PLAYER/ALERT,Maklumat pemain tidak wujud.
INGAME//DISABLE_CHANGE/ALERT,Pemain yang dipilih tidak boleh ditukar.
INGAME/LOGIN,Log masuk
INGAME/LOGIN_FAIL,Daftar masuk gagal
INGAME/ERROR,Ralat
INGAME/LOGIN/APPLE,Teruskan dengan Apple
INGAME/LOGIN/GOOGLE,Teruskan dengan Google
INGAME/RETRY,Cuba Lagi
INGAME/DUPLICATE_ACCOUNT,Akaun ini sudah wujud.
INGAME/BANNED_ACCOUNT,Akaun Diharamkan
INGAME/MAIL,Mel
INGAME/MAIL/NEW,Baru
INGAME/MAIL/CHECK,Disahkan
INGAME/WIN,Menangi Perlawanan
INGAME/EXIT,Tinggalkan
COMMON/SETTING,Tetapan
COMMON/CONTROL_SETTING,Tetapan Kawalan
COMMON/CHAPTER,CHAPTER
COMMON/MONEY/CREDIT,Kredit
COMMON/MONEY/BLUEFLAME,Api Biru
COMMON/MONEY/VPOINT,Mata V
COMMON/MONEY/EXP,EXP
COMMON/MONEY,Mata Wang
COMMON/WORD/RECEIVE,Penerimaan
COMMON/WORD/SPIKE,Spike
COMMON/WORD/JUMP,Lompat
COMMON/WORD/SLIDING,Slaid
COMMON/WORD/FOURHIT,Empat Pukulan
COMMON/WORD/CHANCE_BALL,Bola Peluang
INGAME/TOUCHOUT,Sentuhan Keluar
COMMON/BUTTON/SHIELD,Butang Perisai
COMMON/TIER_POINT,Mata Peringkat
COMMON/TOTAL_STATUS,Jumlah Statistik
INGAME/PROBABILITY_TABLE,Jadual Kebarangkalian
COMMON/COLOSSEUM_02,Colosseum
COMMON/STORY_MOD,Mod Cerita
COMMON/SCORE,Mata
INGAME/FAVORITE,Kegemaran
INGAME/TOUCHSCREEN,Ketik skrin.
INGAME/LOG,Log
INGAME/COLOSSEUM/CANTPLAY,Cabaran Belum Sedia
INGAME/COLOSSEUM/PLAYING,Cabaran sedang berjalan
INGAME/COLOSSEUM/CANPLAY,Cabaran Sedia
INGAME/CONFIRMED,Sahkan
INGAME/AWAKE,Terobosan
INGAME/FINAL_REWARD/DES,Terima ganjaran ini apabila menyelesaikan peringkat akhir.#Tingkatkan ganjaran dengan melawan bos mini atau memilih Kad Kebolehan tertentu.
COMMON/PLAYER_DES,Huraian Pemain
INGAME/SOME_INFO_FAIL/ALERT,Data gagal dimuatkan.
COMMON/GAME,Perlawanan
PAY/WAITING,Pembelian belum selesai...
PAY/FAIL/ALERT,Pembelian gagal.
COMMON/SUCCESS,Berjaya
COMMON/FAIL,Gagal
INGAME/LEFT_LIFE/DES,"Bilangan nyawa dikongsi dalam setiap perlawanan. Apabila baki hayat anda mencapai 0, anda kalah.#Anda mempunyai {n1} baki hayat pada masa ini."
INGAME/MY_SKILL_CARD,Kad Keupayaan Terpilih
INGAME/TOURNAMENT_WIN,Pemenang Kejohanan!
INGAME/RE_CHALLENGE,Cabar semula
INGAME/TABLE_RESET,Tetapkan Semula Jadual Perlawanan
INGAME/STAGE_FETCH_ERROR/ALERT,Peringkat gagal dimuatkan dengan betul.
COLOSSEUM/CARD/NAME_01,Potensi Terbongkar 1
COLOSSEUM/CARD/NAME_02,Potensi Terbongkar 2
COLOSSEUM/CARD/NAME_03,Apa Kata Cuba Begini?
COLOSSEUM/CARD/NAME_04,Percubaan yang Masih Belum Memadai
COLOSSEUM/CARD/NAME_05,Bertenang
COLOSSEUM/CARD/NAME_06,Pertumbuhan 1
COLOSSEUM/CARD/NAME_07,Pertumbuhan 2
COLOSSEUM/CARD/NAME_08,Pertumbuhan 3
COLOSSEUM/CARD/NAME_09,Oasis Spike
COLOSSEUM/CARD/DES_09,Membolehkan sudut yang lebih tajam semasa spike.
COLOSSEUM/CARD/NAME_10,Matahari terbit
COLOSSEUM/CARD/DES_10,"Terima {STR}+{n1}, {JMP}+{n2} selepas menang."
COLOSSEUM/CARD/NAME_11,High Noon
COLOSSEUM/CARD/DES_11,Semua Kad Keupayaan termasuk yang ini akan dikeluarkan selepas memenangi perlawanan seterusnya.
COLOSSEUM/CARD/NAME_11A,Matahari terbenam
COLOSSEUM/CARD/DES_11A,Nampaknya anda menggunakan semua kekuatan anda.
COLOSSEUM/CARD/NAME_12,Tidak berbelah bahagi
COLOSSEUM/CARD/DES_12,"Mendapat {STR}+{n1}, {DEF}+{n2} untuk setiap perbezaan dalam bilangan hayat apabila lawan anda ada lebih banyak hayat."
COLOSSEUM/CARD/NAME_13,Tipu daya Putaran Atas
COLOSSEUM/CARD/DES_13,Bola jatuh lebih cepat apabila feint.
COLOSSEUM/CARD/NAME_14,Petir Spike
COLOSSEUM/CARD/DES_14,Lompat Spike terhad kepada sekali setiap {n1} saat.#Meningkatkan kuasa spike daripada {n2}m atau lebih tinggi.
COLOSSEUM/CARD/NAME_15,Kuasa
COLOSSEUM/CARD/DES_15,Bola melantun {n1}% lebih pantas apabila mana-mana pemain berjaya blok.
COLOSSEUM/CARD/NAME_16,Kecemerlangan Tersembunyi
COLOSSEUM/CARD/DES_16,Alih keluar semua Kad Keupayaan buff. Memberi {STR}+{n1} untuk setiap kad yang dialih keluar.
COLOSSEUM/CARD/DES_16A,Tingkatkan Serangan dengan mengorbankan Kad Keupayaan.
COLOSSEUM/CARD/NAME_17,Eksperimen
COLOSSEUM/CARD/DES_17,Merejam Bola Peluang mempunyai peluang {n1}% untuk menghasilkan Rejaman Letupan dan peluang {n2}% untuk menghasilkan tipuan.
COLOSSEUM/CARD/NAME_18,Lompatan Kepercayaan
COLOSSEUM/CARD/DES_18,"Apabila melompat untuk merejam sebelum rakan sepasukan mengumpan, kuasa rejaman meningkat sehingga anda mendarat."
COLOSSEUM/CARD/NAME_19,Sorotan
COLOSSEUM/CARD/DES_19,"Semua pemain termasuk pihak lawan mendapat, {STR}+{n1}, {DEF}+{n2}, {SPD}+{n3}, {JMP}+{n4}."
COLOSSEUM/CARD/NAME_20,Bintang Tidak Jatuh
COLOSSEUM/CARD/DES_20,"Tidak berguling selepas menerima bola. Meluncur menggunakan {n1}% stamina, tetapi anda bangun {n2}% lebih cepat."
COLOSSEUM/CARD/NAME_21,Superstar Challenge
COLOSSEUM/CARD/DES_21,"Semua pemain pasukan lawan menerima {DEF}+{n1}, {SPD}+{n2}."
COLOSSEUM/CARD/NAME_22,Halangan Mutlak
COLOSSEUM/CARD/DES_22,Apabila menyekat.{n1}% kemungkinan mencetuskan Blok Mutlak.
COLOSSEUM/CARD/NAME_23,Berlabuh
COLOSSEUM/CARD/DES_23,Bangun {n1}% lebih lambat selepas meluncur.
COLOSSEUM/CARD/NAME_24,Arus Karau
COLOSSEUM/CARD/DES_24,Semasa berada di udara mengurangkan {SPD} sebanyak {n1}%. {n2}% daripadanya ditukar kepada {STR}.
COLOSSEUM/CARD/NAME_25,Pukulan Meteor
COLOSSEUM/CARD/DES_25,Tingkatkan kuasa Spike daripada Lompat Blok.
COLOSSEUM/CARD/NAME_26,Dominasi
COLOSSEUM/CARD/DES_26,"Semasa servis rejaman, terdapat peluang {n1}% untuk mengenakan debuff Kunci pada pengumpan lawan."
COLOSSEUM/CARD/NAME_49,Keazaman
COLOSSEUM/CARD/DES_49,"Apabila stamina pasukan anda kurang {n1}%, memperolehi {STR}+{n2}, {JMP}+{n3}."
COLOSSEUM/CARD/NAME_50,Angin kedua
COLOSSEUM/CARD/DES_50,"Pada permulaan perlawanan, jika baki hayat anda di bawah {n1}, dapatkan semula {n2}."
COLOSSEUM/CARD/NAME_56,Pelbagai Ayunan
COLOSSEUM/CARD/DES_56,Boleh mengayun 2 kali di udara. Kuasa rejaman meningkat pada ayunan kedua.
COLOSSEUM/CARD/NAME_57,Perlawanan maut
COLOSSEUM/CARD/DES_57,Nyawa tidak boleh dipulihkan lagi. Nyawa ditetapkan pada {n1} pada permulaan perlawanan.
COLOSSEUM/CARD/NAME_58,Arus Udara
COLOSSEUM/CARD/DES_58,"Mengurangkan kuasa Spike berhampiran jaring. Semakin jauh anda dari jaring, semakin banyak kuasa Spike meningkat."
COLOSSEUM/CARD/NAME_FATIGUE,Keletihan
COLOSSEUM/CARD/NAME_HESITATION,Teragak-agak
COLOSSEUM/CARD/DES_HESITATION,Pulihkan {n1} nyawa pada permulaan perlawanan.
COLOSSEUM/CARD/NAME_SHORTBREAK,Rehat Sekejap
COLOSSEUM/CARD/NAME_LONGBREAK,Rehat Panjang
COLOSSEUM/CARD/NAME_BREAK,Rehat
COLOSSEUM/CARD/DES_BREAK,Pulihkan {n1} nyawa.
COLOSSEUM/CARD/NAME_ENEMYBUFF,Musuh semakin kuat
COLOSSEUM/CARD/DES_ENEMYBUFF,Semua lawan menjadi lebih kuat.
INGAME/DATEN,Titik sentuhan
INGAME/CHANCE,Peluang
INGAME/OUT,Keluar
INGAME/MISS,Miss
INGAME/QUICKNESS,Ketangkasan
INGAME/SCORE_LOST,Baki Nyawa
INGAME/RULE_VIOLATION,Faul
INGAME/ACHIEVEMENT/COMPLETE,Cabaran Selesai
LEE_YOUNGSEOB/NICKNAME,Spiker Terhebat
,
ISABEL/NICKNAME,Queen of the Colosseum
HAEUN/LINE,Ahaha! Jangan kata kamu betul-betul fikir boleh kalahkan kami?
JIHOON/LINE,"Baik, kita mulakan!! Percayakan aku dan ikut saja langkah aku!"
CONDITION/RELAX,Santai
CONDITION/CHOLERIC,Panas baran
CONDITION/CALM,Bertenang
CONDITION/PASSIONATE,Berdarah panas
CONDITION/EMOTIONLESS,Tiada emosi
CONDITION/COWARD,Pengecut
CONDITION/VERY_CHOLERIC,Sangat panas baran
CONDITION/VERY_COWARD,Sangat pengecut
CONDITION/IMMERSIVE,Jenis Fokus
CONDITION/OPTIMISTIC,Optimis
CONDITION/SENSITIVE,Sensitif
CONDITION/INDIFFERENT,Acuh tak acuh
CONDITION/COMPOSED,Tenang
CONDITION/LITTLE_SENSITIVE,Sensitif sikit
PLAYSTYLE/BOLD,Berani
PLAYSTYLE/SAFE,Bertahan
PLAYSTYLE/CAUTIOUS,Berhati-hati
PLAYSTYLE/QUICK_ATTACK_LOVER,Syaitan Laju (Melulu)
PLAYSTYLE/THOUGHTFUL_QUICK_ATTACK,Syaitan Laju (Licik)
PLAYSTYLE/HIGH_AND_HIGHER,Lebih tinggi & lebih tinggi
PLAYSTYLE/AGGRESSIVE,Agresif
PLAYSTYLE/ARROGANT,Sombong
PLAYSTYLE/BALANCED,Seimbang
PLAYSTYLE/EXPERIMENTAL,Percubaan
PLAYSTYLE/RECKLESS,Melulu
INGAME/CONTINUE/ALERT,Adakah anda akan meneruskan?
SETTING/BUTTON/SLIDE,Slaid
COMMON/OLD_DATA,Rekod yang lalu
COMMON/LOGOUT/ALERT,Adakah anda pasti mahu log keluar?
SETTING/GRAPHIC,Grafik
SHOP/WEARING,Dilengkapi
SHOP/COLOSSEUM_RECRUIT,Kedai Perekrutan Pemain Colosseum
COMMON/LATEST,Terkini
TIP/LOSE/ALERT_01,"Apabila Heeseong menghadang, gunakan tipuan#untuk mengganggu hadangannya."
TIP/LOSE/ALERT_02,"Apabila Heeseong menghadang, gunakan tipuan atau#ubah masa lompatan rejaman#untuk mengganggu hadangannya."
SETTING/BUTTON/VIEW,Medan pandangan
SETTING/BUTTON/ALPHA,Ketelusan Butang
SETTING/BUTTON/SCALE,Saiz butang
SETTING/BUTTON/RESET,Tetapkan semula
SETTING/BUTTON/SAVE,Simpan
TUTORIAL/TRAINING/DES_01,Rejam semua bola yang dilambungkan! Latihan tamat apabila kesemua 5 nyawa habis!
TUTORIAL/TRAINING/DES_02,Hadang semua bola yang dipukul oleh lawan latihan! Latihan tamat apabila kesemua 3 nyawa habis!
TUTORIAL/TRAINING/DES_03,Lakukan dig (bertahan) terhadap semua bola yang dipukul oleh lawan latihan! Latihan tamat apabila kesemua 5 nyawa habis!
TUTORIAL/TRAINING/DES_04,Lakukan servis dengan bebas! Latihan tamat apabila kesemua 5 nyawa habis!
TUTORIAL/TRAINING/NO_BEGINNER,"Mod Pemula dihidupkan. Jika anda ingin mengawal sudut Spike, matikan Mod Pemula dalam pilihan."
INGAME/TIMEOUT,Masa Rehat
COMMON/SKILL/DURATION,Tempoh
COMMON/SKILL/COOLDOWN,Menunggu masa
INGAME/REROLL,Reroll
INGAME/WAITING,Menunggu...
INGAME/PLAYER_COLLECTION,Koleksi Pemain
INGAME/HELP,Petua
INGAME/COLOSSEUM_SHOP,Kedai Colosseum
INGAME/PAUSE,Jeda
INGAME/TOTAL_TIER_POINT,Jumlah Mata Peringkat +{n1}
INGAME/AWAKEN/RANK,Serpihan Usaha {n2} Gred {n1}
INGAME/AWAKEN/NORMAL,Serpihan Usaha {n1}
INGAME/AWAKEN_ITEM,Serpihan Usaha
COLOSSEUM_VOUCHER,Tiket Colosseum Tambahan
COMMON/CLICK,Klik!
INGAME/SCOUT_POINT,Mata Scout
SHOP/COLOSSEUM_TICKET,Tiket Colosseum
ALERT/USE_ITEM,Adakah anda mahu menggunakan [{n1}]?
ALERT/NO_MORE_REWARD,Anda telah menuntut semua ganjaran anda untuk hari ini.
ALERT/CHECKING,Server kami sedang menjalani penyelenggaraan untuk memberikan anda perkhidmatan yang lebih baik. Sila tunggu sehingga penyelenggaraan selesai.
ALERT/NETWORK,Rangkaian tidak stabil.
ALERT/NETWORK_CHECK,Sila semak tetapan rangkaian anda.
ALERT/ALREADY_LINK_ACCOUNT,Akaun ini telah dipautkan.
ALERT/GAMECENTER_RETRY,Mulakan semula permainan selepas mendayakan fungsi GameCenter.
ALERT/DONT_KNOW_LINK_FAIL,Pautan telah gagal kerana sebab yang tidak diketahui.
ALERT/DISABLED_GOOGLE_LOGIN,Log masuk Google tidak didayakan.
ALERT/TOO_MUCH_LOGIN_TRY,Terlalu banyak percubaan log masuk
ALERT/LOADING,Memuatkan...
ALERT/PLEASE_WAIT,Sila tunggu.
INGAME/COLOSSEUM/ALERT_03,Pilihan keempat dalam mod ini ialah manfaat hanya untuk [{n1}] pembeli.#Adakah anda mahu pergi ke tetingkap pembelian?
INGAME/COLOSSEUM/ALERT_04,Hari ini bukan hari anda boleh memasuki Colosseum ini.
COMMON/HOME,Utama
COMMON/PLAYER_MANAGEMENT,Uruskan Pemain
SKILLDOLPA_JAEHYUN,Statistik terus meningkat mengikut nisbah kecekapan kemahiran.
SKILLDOLPA_ISABEL,Jumlah tenaga bertambah mengikut kecekapan kemahiran.
SKILLDOLPA_LISIA,Peluang servis berjaya bertambah mengikut kecekapan kemahiran.
SKILLDOLPA_ROBERTO,Gauge diisi dengan lebih cepat mengikut kecekapan kemahiran.
SKILLDOLPA_AYEON,Serangan tambahan daripada Tindak Balas Kimia bertambah kuat mengikut kecekapan kemahiran.
SKILLDOLPA_NISIKAWA,Berkembang lebih kuat berkadar dengan kecekapan kemahiran.
SKILLDOLPA_OASIS,Statistik terus meningkat mengikut nisbah kecekapan kemahiran.
SKILLDOLPA_MINJUN,Putaran bola meningkat berkadaran dengan kecekapan kemahiran.
SKILLDOLPA_YOONSEOK,Bola feint jatuh lebih cepat mengikut kadar kecekapan kemahiran.
SKILLDOLPA_QUESTION,Kecekapan Kemahiran#menunjukkan sejauh mana kesan kemahiran pemain meningkat mengikut tahap Terobosan mereka.
COMMON/CANT_ENTER,Tidak Boleh Masuk
IAP_RECOMMENDED,Dicadangkan
COMMON/SHOP/PURCHASED,Milik
COMMON/PLAYER_SCOUT_DES_00,Segera cari pemain.
COMMON/PLAYER_SCOUT_DES_01,"Jika anda sudah memiliki pemain tersebut, anda akan menerima Serpihan Usaha."
COMMON/PLAYER_SCOUT_DES_02,Pemain boleh melakukan Terobosan maksimum 5 kali.
INGAME/EXPIRE_TIME_LEFT,Masa sebelum tamat tempoh
MAIL_MESSAGE_SUPPORT_0,Hello! Terima kasih kerana bermain The Spike Cross. #Pertanyaan anda telah diproses.
MAIL_MESSAGE_SUPPORT_1,"Helo! Terima kasih kerana bermain The Spike Cross. #Kami telah menyemak pertanyaan anda dengan teliti, tetapi tidak dapat memprosesnya buat masa ini. Kami memohon maaf atas segala kesulitan."
PLAYSTYLE/ONEPOINT,Pemain Kepakaran Satu mata
chat_serveace,Servis ace yang mendebarkan!!
chat_in,Kemasukkan yang mendebarkan!!
chat_mess,Kesilapan yang disesalkan~
chat_serveace2,Ace servis tanpa sentuh yang super!
chat_block1,Blok raksasa super!
chat_direct1,Direct super yang bersih!
chat_spike1,Spike super!
chat_serveace3,Servis ace tanpa sentuhan~
chat_serveace4,Servis yang hebat~
chat_block2,Blok raksasa!
chat_direct2,Direct yang bersih!
chat_spike2,Spike boom!
chat_block3,Blok yang hebat!
chat_direct3,Direct yang hebat
chat_spike3,Spike hebat!
chat_direct4,Direct tak bertenaga
chat_spike4,Spike yang menakjubkan
chat_mess2,Masa yang tak baik
chat_faint,Trik yang baik!
chat_dump,Trik hantaran yang berkesan!
chat_mess3,Kesalahan yang pecahkan aliran permainan
chat_serveace5,Servis ace yang terbaik
chat_spike5,Spike yang baik
chat_save,Penyelamatan yang baik
chat_threeball,Proses 3 langkah yang membosankan
chat_supersave,Penyelamatan yang terbaik!
chat_slide,Gelongsoran yang terbaik!
INGAME/COLOSSEUM/HELP,"Bos Colosseum boleh masuk pada hari yang ditetapkan. Setelah tarikh berlalu, baki kiraan ganjaran dan kemajuan akan ditetapkan semula."
INGAME/COLOSSEUM/REWARD_LEFT,Ganjaran yang tinggal untuk dituntut
INGAME/RESET_TIME_LEFT,Masa sehingga ditetapkan semula
GUIDE/COLOSSEUM/SHOP,Pengambilan Pemain Colosseum terutamanya menampilkan pemain daripada kandungan Colosseum.#Pemain Colosseum dan pemain biasa berbeza jenis sahaja dan tidak semestinya lebih kuat. Rekrut pemain mengikut pilihan anda.
TOURNAMENT/LEFT_BRACKET_RESET,Baki Penetapan Semula Jadual Perlawanan
INGAME/DELETE_FIXED/ALERT,Anda tidak boleh memadam pemain yang ditanda sebagai Kegemaran.
INGAME/OLD_DATA/TOUR,Ini adalah sejarah perlawanan anda dari Mod Kejohanan sebelum Kemas Kini Silang.
INGAME/OLD_DATA/STORY,Ini adalah jumlah bilangan bintang yang diperoleh dalam setiap bab sebelum Kemas Kini Silang.
INGAME/OLD_DATA/ACHIEVEMENT,Ini ialah bilangan cabaran yang telah diselesaikan sebelum Kemas Kini Silang.
INGAME/WIN_TIME,Menang Perlawanan
INGAME/TROPHY_TIME,Menang Kejohanan
INGAME/PLAY_TIME,Permainan yang dimainkan
INGAME/OLD_DATA_REWARD,Ganjaran daripada Penukaran Data
OLD_DATA/WS_STORY,Kisah Perejam Sayap
OLD_DATA/SUMMER_STORY,Kisah Musim Panas
OLD_DATA/SUPERSTAR_CHALLENGE,Cabaran Superstar
OLD_DATA/ROAD_TO_PRO,Perjalanan ke arah Pro
COMMON/OK,Sahkan
INGAME/ONEPOINT/TIP,Pemain pakar satu mata akan kekal Berkecil Hati selepas kehilangan mata. Anda disyorkan menggantikannya.
INGAME/AUTOPLAY_DES,"Pergerakan dan lompatan spike diautomatikkan, menghasilkan mod dengan kesukaran yang lebih rendah dan kurang kebebasan kawalan."
INGAME/MANUALPLAY_DES,"Kebanyakan kawalan perlu dikendalikan secara manual, menawarkan mod dengan kesukaran yang lebih tinggi dan lebih banyak kebebasan untuk mengawal."
INGAME/PLAYMODE_DES,Anda boleh bertukar mod mainan pada bila-bila masa dalam tetapan.
INGAME/PLAYMODE_TITLE,Sila pilih mod main yang anda kehendaki.
ACHIEVEMENT/ALERT,Selesaikan sekurang-kurangnya {n2} cabaran {n1}
COMMON/WEEKLY_1,Isnin/Khamis/Ahad
COMMON/WEEKLY_2,Selasa/Jumaat/Ahad
COMMON/WEEKLY_3,Rabu/Sabtu/Ahad
enter_preset_name,Sila masukkan nama pratetapan baharu.
enter_school_name,Masukkan nama sekolah yang kamu mahukan.
enter_player_name,Masukkan nama pemain yang kamu mahukan.
alert:cannnotusename,Nama ini tidak boleh digunakan.
needUpdate,Sila kemas kini kepada versi baharu.
nowVersion,Versi Semasa
newVersion,Versi baru
COMMON/HOW_TO_GET,Cara Memperoleh
alert_message5,Kamu tidak boleh bermain Mod Latihan semasa Mod Auto diaktifkan.
INGAME/PLAY_VIDEO,Tonton Video
INGAME/VIDEO_AD,Iklan Video
CARD/TOTAL/OASIS,Pertarungan Sengit
INGAME/DETAIL,Perincian
TIP/BOSS/ALERT_08,Lisia melakukan servis kuat yang sukar diterima.#Cuba tahan dengan meluncur pada masa yang tepat.
TIP/BOSS/ALERT_09,Bola yang diterima Ayeon akan bertindak balas terhadap hantaran rakan sepasukan dan menjadi Rejaman Letupan.#Sasarkan serangan supaya Ayeon tidak dapat menerima bola.
TIP/BOSS/ALERT_10,"Apabila Yamadera melakukan Receive, statistik lawan yang terakhir menyentuh bola akan berkurang dengan ketara."
COMMON/SUNSOO,Pemain
ACCOUNT_DELETE_MESSAGE_4,Pemadaman akaun diproses dalam tempoh 30 hari. Akaun yang dipadamkan tidak dapat dipulihkan.
ACCOUNT_DELETE_MESSAGE_5,Akaun ini sedang dalam proses untuk dipadamkan. Adakah anda ingin membatalkan pemadaman?
ACCOUNT_DELETE_MESSAGE_6,Tinggal Hari Sebelum Pemadaman Kekal: {n1}
alert_message_quit,Kamu mahu keluar dari permainan?
INGAME/COMMON/NO_END,Perlawanan tidak berakhir dengan betul. #Sila periksa rangkaian dan cuba lagi.
INGAME/COMMON/REALLY,Data perlawanan tidak disimpan. Adakah anda mahu meneruskan?
INGAME/COMMON/SEEMORE,Lihat Lagi
account_delete_message_1,Masukkan (v) jika anda mahu memadamkan akaun.
alert:input_invalid_char,Mengandungi aksara tidak sah.
HEAD,Rambut
NOTI_SERVICE_MAINTEIN_LEFT_MIN,Penyelenggaraan perkhidmatan akan bermula dalam {n1} minit.
NOTI_SERVICE_MAINTEIN_LEFT_SEC,Penyelenggaraan perkhidmatan akan bermula dalam {n1} saat.
UI/NO_ADSTOSEE,Iklan tidak tersedia. Sila cuba sebentar lagi.
COMMON/ACHIEVEMENT_DES_1,Cabaran ini boleh diselesaikan walaupun tanpa pemain Siwoo.
ACHIEVEMENT/TITLE_32,Ace Sejati
ACHIEVEMENT/DES_32,"Dalam Cabaran Superstar, Peringkat 8, menang dengan menjaringkan sekurang-kurangnya 10 mata melalui rejaman dan tipuan anda sendiri, sambil memastikan lawan mendapat kurang daripada 3 mata."
GUIDE/TIP_18,Mata Scout boleh diperoleh dengan merekrut pemain dan menjual Serpihan Usaha.
GUIDE/TIP_19,Serpihan Usaha diperoleh apabila merekrut pemain yang sama lebih daripada sekali.#Serpihan Usaha boleh dikongsi jika kedudukan dan pangkat pemain sama.#Pemain berpangkat S- atau lebih tinggi mempunyai Serpihan Usaha tersendiri.
COMMON/TIER_REWARD,Ganjaran Kenaikan Peringkat
INGAME/RECRUIT/RANDOM_WS,Merekrut pemain dari jawatan WS secara rawak.
INGAME/RECRUIT/RANDOM_MB,Merekrut pemain dari jawatan MB secara rawak.
INGAME/RECRUIT/RANDOM_SE,Merekrut pemain dari jawatan SE secara rawak.
INGAME/RECRUIT/RANDOM_COLO,Merekrut pemain dan sumber dari Colosseum secara rawak.
COLOSSEUM_VOUCHER_DESC,Ini adalah tiket untuk kemasukan tambahan ke Colosseum.
COMMON/ORIGIN_LOGIN,Kaedah Log Masuk Biasa
COMMON/VICTORY,MENANG
PLAYSTYLE/ANOMALOUS,Dinamik
PLAYSTYLE/CHALLENGING,Mencabar
COMMON/DONTSHOWTODAY,Jangan tunjukkan hari ini
INGAME/ENTER_RESET,Gunakan Kupon Ganjaran
COMMON/EVENT_SHOP_DESC,Kedai ini hanya boleh didapati semasa tempoh acara.
COLOSSEUM/CARD/DES_64,"Apabila penetap bersekutu membuat set bola percuma, terdapat peluang {n1}% untuk menandakan lawan rawak buat sementara waktu. Jika spike mengenai sasaran yang ditanda, mereka dijamin akan gagal dalam pertahanan."
COLOSSEUM/CARD/NAME_65,Peningkatan
COLOSSEUM/CARD/DES_65,Terima bola tanpa terjatuh untuk memperoleh {STR}+{n1} dan {JMP}+{n2} buat sementara waktu.
COLOSSEUM/CARD/NAME_66,Perlindungan
COLOSSEUM/CARD/DES_66,"Apabila pasukan lawan melakukan servis, buih air terhasil di lokasi rawak di gelanggang. Pemain dikelilingi oleh gelembung air menyebabkan meningkatkan kebolehan pertahanan."
COLOSSEUM/CARD/DES_67,"Semakin rendah ketinggian sentuhan, semakin kuat rejaman. (Kuasa maksimum pada {n1}m)"
COMMON/HARD_LEVEL,Kesukaran
TIP/BOSS/ALERT_12,"Apabila kehilangan mata, Sodam mempunyai peluang untuk membuat seluruh pasukan memasuki keadaan Fokus."
TIP/BOSS/ALERT_13,Pemain yang menerima rejaman Hongshi dua kali berturut-turut#pasti gagal bertahan.
TIP/BOSS/MOOYOUNG,"Perlindungan Muyeong menyelubungi pemain dengan Pertahanan paling rendah,#serta meningkatkan Pertahanan dan julat pertahanannya."
TIP/BOSS/ALERT_15,Ryuhyeon boleh mengumpulkan tenaga di udara untuk merejam.#Baca masa serangannya melalui#ketinggian hantaran dan masa lompatannya.
TIP/BOSS/ALERT_17,Hanra mempunyai pertahanan yang lebih baik berbanding Pemain lain. #Cari celah dalam pertahanannya dan gunakannya.
TIP/ALERT_CUSTOM,"Apabila nilai sistem utama diubah suai dalam padanan tersuai, sesetengah elemen permainan mungkin mengalami ralat yang lebih kerap, atau permainan mungkin tidak diteruskan seperti yang dimaksudkan."
INGAME/CTM/LEFT_TIME,Tinggal Masa
BUY_LIMIT,Boleh dibeli {0} kali
HONGSI_TALK,"Fuh, saya rasa saya berjaya memperdayakan mereka..."
COMMON/NOEVENT,Ia bukan tempoh acara.
COMMON/GETALLREWARD,Tuntut Semua
COMMON/FREE,Percuma
CTM_ATTENDANCE,Pas Daftar Masuk Acara
COMMON/EVENT_DURATION,Pas kehadiran acara hanya sah semasa tempoh acara.
COMMON/PREMIUM,Premium
INGAME/SCOUT_PLAYER_DESC,Anda boleh melantik dan memerhati pemain yang anda inginkan.
INGAME/RECRUIT_PLAYER_DESC,Anda boleh semak kebolehan pemain dan mengambil mereka.
COMMON/SHOP_DESC,"Anda boleh membeli dan melengkapkan gaya rambut pemain, pakaian, kasut dan bola."
COMMON/COLOSSEOSHOP_DESC,Anda boleh mengambil pemain Colosseum dan membeli barang.
INGAME/EVENT_SCOUT_POINT,Mata Scout Acara
COMMON/MATCH_PREVIEW,Pratonton Perlawanan
COMMON/SEONRIM_NAME,Seonrim High
COMMON/ATTENDACE_JUMP,Daftar Masuk Sebelum
COMMON/ATTENDACE_DES,Jumlah
INGAME/SETTING_PROMOTION1,Bagaimanakah cara saya meningkatkan#Yongsup?
INGAME/SETTING_PROMOTION2,Isabel lwn Jaehyun#Siapakah yang akan anda pilih?
INGAME/SETTING_PROMOTION3,Tip Cabaran!
INGAME/SETTING_PROMOTION4,Berkongsi pendapat dan idea anda#melalui komuniti pengguna!
INGAME/SETTING_PROMOTION5,Teruskan membaca di SNS rasmi dev!
COMMON/BASIC,Asas
COMMON/EVENT,Acara
COMMON/TIMEOUT/MAX_SCORE,Skor Maksimum
COMMON/TIMEOUT/BALL_SIZE,Saiz Bola
COMMON/TIMEOUT/BALL_GRAVITY,Graviti Bola
COMMON/TIMEOUT/BALL_OPACITY,Kelegapan Bola
COMMON/TIMEOUT/NET_HEIGHT,Ketinggian Jaring
COMMON/TIMEOUT/BGM,Muzik Latar
COMMON/TIMEOUT/MULTI_SWING,Ayunan Berganda
ACHIEVEMENT/TITLE_33,Bermain sebagai Pengadang Tengah Pun Seronok
ACHIEVEMENT/DES_33,Menangi kejohanan 10 kali dengan bermain sebagai pengadang tengah.
ACHIEVEMENT/TITLE_34,Latihan Blocking Rendah
ACHIEVEMENT/DES_34,"Menangkan dengan melakukan blocking Hanra sebanyak 5 kali atau lebih di Bab 7, Tahap 7."
ACHIEVEMENT/TITLE_35,Pemain Terbaik yang Tak Terbantahkan
ACHIEVEMENT/DES_35,"Menangi Bab 7, Peringkat 7 dengan pemain berpangkat C+ atau lebih rendah, tanpa masa rehat atau pertukaran pemain."
SETTING/PREFERENCE/BALL_EFFECT,Kesan Jejak Bola
SETTING/PREFERENCE/BALL_EFFECT/DES,Tetapkan cara jejak bola tampar dipaparkan.
SETTING/PREFERENCE/SPECIAL_EFFECT/DES2,Menunjukkan semua animasi khas watak secara terperinci semasa perlawanan.
COMMON/SOFT_TRAIL,Jejak Halus
COMMON/NORMAL_TRAIL,Jejak Normal
COMMON/NO_TRAIL,Jangan Paparkan
GUIDE/TERM,Terminologi
GUIDE/CURRENCY_ITEM,Kedai
GUIDE/TEAM_SETUP,Gabungan Pemain
GUIDE/CREDIT_DES,Mata wang untuk mengubah statistik pemain. Diperoleh melalui kemenangan perlawanan dan latihan. (*Tidak termasuk mod latihan perlawanan)
GUIDE/VPOINT_DES,"Penting untuk mengambil Pemain baru. Diperoleh melalui pelbagai kandungan, termasuk: Kejohanan, Cabaran, dan Ganjaran Promosi Peringkat."
GUIDE/EXP_DES,Digunakan untuk meningkatkan Pemain. Diperoleh terutamanya dengan memenangi perlawanan.
GUIDE/BLUEFLAME_DES,Mata wang untuk Pengambilan Pemain Colosseum atau pembelian item penyesuaian.#Boleh diperoleh melalui Colosseum.
GUIDE/SCOUTPOINT_DES,Mata wang untuk meninjau pemain. Diperoleh apabila merekrut pemain yang sudah dimiliki atau menjual Serpihan Usaha pemain berpangkat A atau lebih tinggi.
GUIDE/AWAKEN_DES,Mata wang untuk melakukan Terobosan pemain mengikut kedudukan dan pangkat. Pemain berpangkat S mempunyai Serpihan Usaha tersendiri. Diperoleh apabila merekrut pemain yang sudah dimiliki.
GUIDE/COLOSSEUM_TICKET_DES,Membolehkan anda menyertai Bola Tampar Colosseum sekali lagi pada hari yang sama.
COMMON/WISHLIST,Senarai keinginan
COMMON/EXIT,Tinggalkan
WISHLIST/ALERT1,Senarai keinginan belum disimpan. #Adakah anda pasti anda ingin keluar?
WISHLIST/ALERT2,Adakah anda pasti anda mahu memadamkan senarai hajat?
WISHLIST/NOTICE1,Senarai keinginan dilumpuhkan. #Pemain berdaftar mempunyai kadar penampilan keseluruhan sebanyak 1.75%.
WISHLIST/NOTICE2,Pemain-pemain yang dipilih mempunyai jumlah kadar penampilan 1.75%.
COMMON/EDIT,Edit
WISHLIST/NOTICE3,Sila pilih 6 pemain untuk senarai hajat.
COMMON/CONFIRM,Sahkan
WISHLIST/ALERT3,Semua pemain untuk kedudukan yang dipilih telah pun didaftarkan.
WISHLIST/ALERT4,Pemain ini sudah berdaftar.
WISHLIST/ALERT5,Anda tidak berada dalam Mod Edit pada masa ini.
COMMON/ALLPLAYER,Semua Pemain
EVENT/SNOWRAID,Serbuan Salji
EVENT/SNOWFIGHT,Pertarungan Bola salji
EVENT/CAN_ENTER_LEFT_TIME,Boleh masuk selepas {n1} jam dan {n2} minit.
EVENT/TIME/DAY_HOUR,{0} Hari {1} Jam
EVENT/TIME/HOUR_MINUTE,{1} Jam {2} Minit
EVENT/TIME/MINUTE_SECOND,{2} Minit {3} Saat
GUIDE/EVENT_SCOUTPOINT_DES,Mata wang untuk meninjau pemain acara.#Anda memperoleh 1 bagi setiap pengambilan pemain acara.#Ditukar kepada Mata Scout biasa selepas tempoh acara tamat.
CARD/ATTACK/SNOW_ATTACK,Kiraan Serangan
CARD/ATTACK/SNOW_HIT,Kiraan Pukulan
CARD/ATTACK/SNOW_FEVER,Fever Damage
CARD/ATTACK/SNOW_GOKSA,Pukulan Mortar
CARD/ATTACK/SNOW_CRITICAL,Pukulan Kritikal
CARD/DEFENSE/SNOW_HURT,Bilangan Kali Terkena
CARD/DEFENSE/SNOW_DAMAGE,Kerosakan Diambil
CARD/DEFENSE/SNOW_SLIDING,Kiraan Gelongsor
CARD/DEFENSE/SNOW_COUNTER,Kiraan Kaunter
CARD/DEFENSE/SNOW_PUNISH,Kiraan Hukuman
SKILLNAME_SARAH,KRITIKAL Lambungan
CHARDES_SARAH2,"Jurulatih pasukan bola tampar remaja Rockwell yang bermain secara profesional di Amerika Syarikat. Kedudukan asalnya ialah perejam sayap, tetapi sebagai pemain serba boleh, dia mampu beraksi setanding pemain utama profesional dalam sebarang kedudukan. Kini dia menjadi pengumpan sementara untuk Siwoo, tetapi mungkin kembali sebagai perejam suatu hari nanti."
SKILLDES_SARAH,"Apabila bola diumpan, bulatan muncul di sekelilingnya untuk menunjukkan masa rejaman terbaik. Merejam tepat ketika bulatan menyentuh bola menghasilkan kuasa yang jauh lebih tinggi daripada biasa.#Ada peluang kecil pemain akan merejam sendiri."
CHARDES_SARAH,"Sara, salah seorang daripada lima perejam terhebat dunia, terkenal dengan pergerakannya yang sangat pantas di gelanggang. Sebagai pemain serba boleh, dia mampu beraksi setanding pemain utama profesional dalam sebarang kedudukan. Kini dia menjadi pengumpan sementara untuk Siwoo, tetapi mungkin kembali sebagai perejam suatu hari nanti."
CHARDES_BIRTH_SARAH,
CHARDES_NUMBER_SARAH,
CHARDES_MOTTO_SARAH,"Walau sekuat mana anda melakukan spike, ia tetap hanya satu mata."
SKILLNAME_MIKE,Tayar
SKILLDES_MIKE,"Kelajuan dan Lompatan berkurang semasa tayar diikat pada badan.#Apabila hentakan daripada penerimaan bola terkumpul hingga tahap tertentu, tayar tertanggal dan Lompatan serta Kelajuan meningkat dengan ketara."
CHARDES_MIKE,"Adik kembar Dave yang menguruskan rumah persinggahan gunung bersamanya. Dia suka bersenam dengan beg pasir di buku lali, tetapi baru-baru ini mula memakai belenggu sendiri."
CHARDES_BIRTH_MIKE,
CHARDES_NUMBER_MIKE,
CHARDES_MOTTO_MIKE,
SKILLNAME_DAVE,Memanaskan Badan
SKILLDES_DAVE,"Jika tidak bergerak, lakukan gerakan tekan tubi. #Semakin lama dia melakukan tekan tubi, semakin kuat statistik fizikalnya dan saiz badannya semakin meningkat secara beransur-ansur."
CHARDES_DAVE,"Sebelum ini pemain profesional untuk tempoh yang singkat, dia kini menjalankan sebuah pondok kecil."
CHARDES_BIRTH_DAVE,
CHARDES_NUMBER_DAVE,
CHARDES_MOTTO_DAVE,
SKILLNAME_CLYDE,Navi
SKILLDES_CLYDE,Kucing kesayangan Clyde turut muncul.#Kucing itu berkeliaran di gelanggang dan menukar keadaan pemain yang Berkecil Hati kepada Fokus.
CHARDES_CLYDE,"Middle Blocker yang menjanjikan untuk pasukan Bola Tampar Rockwell Youth dan dianggap sebagai bintang masa depan. Tidak sekaya Tania, tetapi masih dari keluarga yang berada."
CHARDES_BIRTH_CLYDE,
CHARDES_NUMBER_CLYDE,
CHARDES_MOTTO_CLYDE,
SKILLNAME_TANIA,Set Kelajuan
SKILLDES_TANIA,"Melaksanakan set menurun dengan cepat. #Apabila melonjakkan set Tania, lebih pantas set itu turun, lebih besar impak bola. #(Pemain ini mencabar untuk pemula untuk menggunakannya.)"
CHARDES_TANIA,"Anak perempuan kedua pengerusi Wilton Corporation yang terkenal di seluruh dunia. Walaupun berbakat dan mahir, sifatnya yang terlalu degil menyebabkan dia membuat hantaran terlalu pantas dan hubungan dengan pemain lain menjadi buruk."
CHARDES_BIRTH_TANIA,
CHARDES_NUMBER_TANIA,
CHARDES_MOTTO_TANIA,
SNOWRAID/STARTING,Pemain Utama
SNOWRAID/SUBSTITUE,Pemain Gantian
SNOWRAID/PRESET_GUIDE,Pemain utama yang ditetapkan di sini tidak menjejaskan pratetapan.
TUTORIAL/SNOWRAID/TIP_01,Memukul bola serta-merta selepas ia melepasi jaring #menambahkan lebih kuasa pada bola.
TUTORIAL/SNOWRAID/TIP_02,Bola yang boleh spike dengan serta-merta akan bercahaya. #Berwaspada dengan spike pihak lawan.
TUTORIAL/SNOWRAID/TIP_03,"Semasa gelongsor, 50% daripada kerosakan disekat #tanpa mengira ketepatan."
TUTORIAL/SNOWRAID/TIP_04,Penerimaan Sempurna tidak mengurangkan stamina#dan membuat pemain memasuki keadaan Fokus.
TUTORIAL/SNOWRAID/TIP_05,"Dalam Fever State, semua statistik telah meningkat. #Pengurangan statistik akibat sejuk sebahagiannya dipulihkan."
TUTORIAL/SNOWRAID/ITEM,"Setiap 3 mata, item baharu diperkenalkan untuk membantu menahan kesejukan yang teruk."
TUTORIAL/RAID_TIP_01,Terlalu laju!
TUTORIAL/RAID_TIP_02,Agak laju!
TUTORIAL/RAID_TIP_03,Agak perlahan!
TUTORIAL/RAID_TIP_04,Terlalu perlahan!
TUTORIAL/RAID_TIP_05,Tepat sekali!
COMMON/SKIP,Skip
COMMON/BACK,Kembali
SNOWRAID/ADDITIONAL_STAT,Statistik Tambahan
SNOWRAID/ADDITIONAL_STAT_DESC,Peningkatan statistik kekal yang berterusan semasa perlawanan Raid.
SNOWRAID/COLD_PROTECTION,Perlindungan Dingin
SNOWRAID/COLD_PROTECTION_DESC,[Perlindungan Dingin] merujuk kepada nilai pertahanan yang menghalang statistik daripada berkurangan disebabkan oleh kesejukan. #Perlindungan yang lebih tinggi mengurangkan kesan kerosakan sejuk.
SNOWRAID/FEVER_EFFICIENCY,Keberkesanan Fever
SNOWRAID/FEVER_EFFICIENCY_DESC,[Kecekapan Fever] menentukan magnitud perangkaan tambahan yang diperoleh dalam Fever Mode. #Kecekapan yang lebih tinggi bermakna peningkatan statistik yang lebih tinggi semasa Fever Mode.
SNOWRAID/FEVER_POINT,Fever Point Diperlukan
SNOWRAID/FEVER_POINT_DESC,Jumlah mata yang diperlukan untuk memasuki Fever Mode.
SNOWRAID/FEVER_TIME,Jangkamasa Fever
SNOWRAID/FEVER_TIME_DESC,Tempoh Fever Mode sebaik sahaja diaktifkan.
SNOWRAID/CARD/PLAYER_CHANGE_NAME,Penggantian Pemain
SNOWRAID/CARD/PLAYER_CHANGE_DESC,Menggantikan semua pemain yang aktif di gelanggang.
SNOWRAID/CARD/BLANKET_NAME,Selimut Pemanasan
SNOWRAID/CARD/GLOVES_NAME,Sarung Tangan Bulu
SNOWRAID/CARD/SOCKS_NAME,Stokin Tebal
SNOWRAID/CARD/COCOA_NAME,Koko Panas
SNOWRAID/CARD/HOT_POTATO_NAME,Kentang Panas
SNOWRAID/CARD/SWEET_CAKE_NAME,Kek Manis
SNOWRAID/CARD/DAVES_COOKIE_NAME,Kuki Meragukan Dave
SNOWRAID/CARD/MIKES_GIFT_NAME,Hadiah Mencurigakan Mike
SNOWRAID/CARD/WINTER_UNIFORM_NAME,Pakaian Seragam Tahan Sejuk
COMMON/LEFT_REWARD,Ganjaran yang Selebihnya
SKILLDES_AYEON2,Hantaran selepas penerimaan pertama Ayeon membolehkan rejaman yang kuat.#Rejaman yang mengalami Tindak Balas Kimia bergerak lebih pantas dan mengurangkan stamina lawan dengan ketara apabila meletup.
COLOSSEUM/CARD/NAME_68,Rejaman Langsung
COLOSSEUM/CARD/DES_68,Meningkatkan peluang bola melantun ke sebelah pasukan sendiri.#Meningkatkan kuasa rejaman apabila terus membalas bola yang terakhir disentuh oleh lawan.
COLOSSEUM/CARD/NAME_69,Latihan
COLOSSEUM/CARD/DES_69,"Rejaman dan hadangan pertama dalam setiap rali memberikan {STR}+{n1}, {DEF}+{n2} dan Ketinggian+{n3}cm.#(Kekal sehingga perlawanan tamat)"
COLOSSEUM/CARD/NAME_70,Navi II
COLOSSEUM/CARD/DES_70,Memanggil kucing yang menukar keadaan rakan sepasukan daripada Berkecil Hati kepada Fokus secara berkala.
COLOSSEUM/CARD/NAME_71,Badai Salji
COLOSSEUM/CARD/DES_71,"Meninggalkan badai salji di tempat bola diterima. Ketika berdiri di atas badai salji, Pertahanan dan Lompatan tetap 170."
COMMON/WORD/SPIN_SHOT,Pukulan Putaran
COMMON/WORD/STRAIGHT_SHOT,Pukulan Lurus
SNOWRAID/TEMP/MESSAGE_01,Pemain mula berasa sejuk.
SNOWRAID/TEMP/MESSAGE_02,Kedinginan menjejaskan prestasi Pemain.
SNOWRAID/TEMP/MESSAGE_03,Kesejukan merendahkan statistik Pemain.
SNOWRAID/TEMP/MESSAGE_04,Statistik Pemain telah berkurangan dengan ketara. #Tindakan mereka sangat terhad.
SNOWRAID/TEMP/MESSAGE_05,Pemain berada dalam kesusahan yang besar. #Penggantian amat diperlukan.
SNOWRAID/TEMP/MESSAGE_06,Pemain mencapai had mereka.
SNOWRAID/TEMP/MESSAGE_07,Badan Pemain-pemain itu seperti aiskrim...!
CARD_PACK_COLOSSEO,Pek Kad Colosseum
CARD_PACK_DESC,Kad Keupayaan berikut kini boleh didapati dalam Mod Colosseum.
CARD_PACK_COLOSSEO_DESC,Pilihan Kad Keupayaan ke-4 dibuka dalam Mod Colosseum.
CARD_PACK_SNOWVB,Pek Kad Bola Tampar Snow
INGAME/SETUP/NAME_01,Serangan Balas D-Rank
INGAME/SETUP/NAME_02,Tidak ambil peduli
INGAME/SETUP/NAME_03,Kecil tapi Kuat
INGAME/SETUP/NAME_04,Penghormatan Saudara
INGAME/SETUP/NAME_05,All-Star
INGAME/SETUP/NAME_07,Rakan Seonrim
INGAME/SETUP/NAME_08,Di Bawah Matahari Terik
INGAME/SETUP/NAME_09,Kemuliaan Masa Lalu
INGAME/SETUP/NAME_10,Double Queen
TIP/BOSS/ALERT_18,"Merejam ke arah Mike#akan menyebabkan tayarnya tertanggal.#Apabila tayarnya tertanggal,#dia menjadi jauh lebih kuat, jadi berhati-hati."
TIP/BOSS/ALERT_19,"Apabila Dave pegun, #dia terus melakukan tekan tubi. #Semakin banyak tekan tubi yang dia lakukan, semakin kuat dia, jadi berhati-hati."
TIP/BOSS/ALERT_20,Kucing Clyde menukar keadaan pemain daripada Berkecil Hati kepada Fokus.
TIP/BOSS/ALERT_21,Set Tania lebih laju dari set biasa.
INGAME/SETUP/DESC_04,Kelajuan tekan tubi Dave meningkat sebanyak {0}%
INGAME/SETUP/DESC_07,Kelajuan pengecasan Ryuhyeon meningkat {0}%
INGAME/SETUP/DESC_08,Skor pengaktifan Oasis High Noon diubah kepada 9
INGAME/SETUP/DESC_09,Atis bangun lebih cepat selepas meluncur
INGAME/SETUP/DESC_10,Meningkatkan HP maksimum sekutu sebanyak {0}
NAME/TEAM_60,Mike & Dave
NAME/TEAM_61,Rockwell
NAME/TEAM_62,Dave dan Rakan-rakannya
NAME/TEAM_63,Pasukan Universiti
SKILLDOLPA_DAVE,Kelajuan tekan tubi bertambah berdasarkan kecekapan kemahiran.
SKILLDOLPA_TANIA,Kelajuan jatuh bola meningkat berdasarkan kecekapan kemahiran.
CHARDES_BIRTH,Hari jadi
CHARDES_NUMBER,Nombor Jersi
CHARDES_MOTTO,Moto
MIKE_DAVE/LINE_01,Ah..! Jantung saya berdegup kencang apabila memikirkan untuk bermain dengan sepenuh hati saya selepas sekian lama!
MIKE_DAVE/LINE_02,"Saya pun rasa sama!!! Tidak kira umur kita, bola tampar sentiasa menyeronokkan!"
MIKE_DAVE/LINE_03,"Bolehkah kita pergi, Dave?"
MIKE_DAVE/LINE_04,"Mari kita buat ini, Mike!"
MIKE_DAVE/LINE_05,Tidakkk!!!
CLYDE/LINE,"Navi, mari kita luangkan sedikit masa."
GUIDE/ALL_TEAM_SETUP,SEMUA GABUNGAN PEMAIN
RATE_DES_01,Adakah anda seronok The Spike Cross? Tinggalkan kami maklum balas anda!
RATE_DES_02,Terima kasih atas ulasan anda. Adakah anda mahu meninggalkan ulasan di kedai juga?
RATE_DES_03,Pergi ke Kedai
RATE_DES_04,Lain kali
RATE_DES_05,Terima kasih untuk maklum balas anda. Pendapat anda akan membantu kami meningkatkan dan mencipta permainan yang lebih baik.
RATE_DES_06,Hantar Maklum Balas
COMMON/MONTH_DAY,{n2} {n1}
COMMON/MONTH_1,Januari
COMMON/MONTH_2,Februari
COMMON/MONTH_3,Mac
COMMON/MONTH_4,April
COMMON/MONTH_5,Mei
COMMON/MONTH_6,Jun
COMMON/MONTH_7,Julai
COMMON/MONTH_8,Ogos
COMMON/MONTH_9,September
COMMON/MONTH_10,Oktober
COMMON/MONTH_11,November
COMMON/MONTH_12,Disember
REVIEW/TOO_DIFFICULT,Permainan ini terlalu sukar.
REVIEW/DONTLIKE_GRAPHICS,Grafiknya tidak menepati citarasa saya.
REVIEW/TOO_MANY_BUGS,Terlalu banyak pepijat dan/atau kesilapan.
REVIEW/GAME_IS_SLOW,Permainan ini terlalu perlahan.
REVIEW/NO_CONTENTS,Kandungan tidak mencukupi.
COMMON/EVENT_ATTENDANCE,Daftar Masuk Acara
SHOP/DAILY_LIMITED,Harian x{0}
SHOP/WEEKLY_LIMITED,Mingguan x{0}
SHOP/MONTHLY_LIMITED,Bulanan x{0}
BOSS/TITLE_NAME,5 TERATAS Spiker Dunia
SARAH_SCENE/TEXT1,<Valentia Spike vs Ashville Weasels>#Latihan Serangan Sebelum Pertandingan
SARAH_SCENE/TEXT2,Anda sekuat biasa... tetapi memukul bola dengan kuat seperti itu tidak akan memberi anda 2 mata.
SARAH_SCENE/TEXT3,Adakah benar anda menangis selepas kehilangan permainan terakhir?
SNOWRAID/DUPLICATE_PLAYERS,Setiap pasukan mesti terdiri daripada pemain yang berbeza untuk memulakan perlawanan.
TIP/RECEIVE_RECOMMEND,"Untuk penerimaan yang lebih tepat,#cuba tekan butang penerimaan sedikit lewat."
HELP/ABILITY_CARD,Kad keupayaan memberikan pemain keupayaan istimewa dan statistik tambahan. #Kesan kad keupayaan hanya terpakai kepada pemain yang anda kawal.
COMMON/PAY,Pembelian
MOTHER,Ibu
FATHER,Bapa
25/01/07 추가,
DAILY_MISSION,Misi Harian
DAILY_MISSION/TITLE_01,Daftar masuk
DAILY_MISSION/TITLE_02,Menang 1 kali di [{n}].
DAILY_MISSION/TITLE_03,Menang 2 kali di [{n1}] atau [{n2}].
DAILY_MISSION/TITLE_04,Capai sekurang-kurangnya {n2} mata di [{n1}]
DAILY_MISSION/TITLE_05,Berjaya melakukan {n1} sebanyak {n2} kali secara terkumpul dalam perlawanan
DAILY_MISSION/TITLE_06,Menang 1 kali dengan [{n}] dimatikan dalam tetapan.
DAILY_MISSION/TITLE_07,Menang 1 kali dengan bermain sebagai Bloker Tengah dalam perlawanan.
DAILY_MISSION/TITLE_08,Menang dalam Peringkat Bos di [{n}].
INGAME/LEFT_REWARD_NUMBER,Ganjaran Tertunda#x{0}
TOURNAMENT/ALERT/DAILY_REWARD,Ganjaran Kejohanan Harian
GUIDE/BONUS_NEW,Ganjaran diberikan untuk kemenangan pertama setiap hari di Kejohanan.
INGAME/TOTAL_ADD_REWARD,Ganjaran Bonus Jumlah
INGAME/WIN_LEFT_TO_REWARD,{0} tinggal sehingga ganjaran seterusnya.
INGAME/TOURNAMENT_WIN_NUMBER_REWARD,Ganjaran Pencapaian Kemenangan Kejohanan
COMMON/COUNT,x{0}
INGAME/RECEIVE_REWARD_COMPLETE,Dituntut
INGAME/RECEIVE_REWARD_AVAIL,Boleh Dituntut
COMMON/NEXT_REWARD,Ganjaran Seterusnya
COMMON/NOT_ACHIEVED,Tidak Tercapai
TOURNAMENT/GUIDE/TOTAL_REWARD,Ganjaran diberikan apabila mencapai jumlah kemenangan tertentu dalam kejohanan. Jumlah kemenangan adalah terkumpul.
DAILY_MISSION/REWARD,Lengkapkan 4 misi harian dan peroleh ganjaran dengan mata.
COMMON/MISSION,Misi
DAILY_MISSION/RECEIVE_REWARD_COMPLETE,Diperoleh
DAILY_MISSION/RECEIVE,Peroleh
DAILY_MISSION/MOVE,Pergi Sekarang
COMMON/CONGRATULATIONS,Tahniah!
COMMON/RECEIVED_ALL_REWARD,Anda telah memperoleh semua ganjaran.
COMMON/INTRODUCE,Pengenalan
COMMON/SKILL,Ciri-ciri
COMMON/COMBINATION,Komposisi Pasukan
COMMON/NO_FAVORITE_PLAYERS,Tiada pemain didaftarkan sebagai Kegemaran.
PLAYER/DEFAULT/SKIN/DEFAULT,Tetapan Lalai
PLAYER/NISHIKAWA/SKIN/HIGHSCHOOL,Sekolah Menengah
PLAYER/ISABEL/SKIN/WEDDING,Gaun Perkahwinan
PLAYER/JAEHYUN/SKIN/TRAINING,Latihan
PLAYER/NISHIKAWA/SKIN/BLACKHAIR,Guruh Hitam
COMMON/WEEKLY_MISSION,Misi Minggu {n}
INGAME/SKIN,Kulit
INGAME/SKIN_DES,"Penampilan, aksi, dan kesan khas Pemain diubah suai."
NAME/TEAM_64,Seomyung High
NAME/TEAM_65,Pasukan Parallel Universe
PLAYER/NISHIKAWA/HIGHSCHOOL,"Nishikawa sebagai Pelajar Sekolah Menengah#Ini adalah gambaran Nishikawa ketika dia baru mula bermain bola tampar. Sebelum menceburi bola tampar, dia seorang yang agak stoik.#Disebabkan keadaan keluarga, dia enggan bersekolah dan sering membantu pelajar yang dibuli di lorong berhampiran sekolah.#Walaupun sifatnya suka membantu, matanya yang tajam dan ekspresi dinginnya sering disalahertikan oleh orang lain."
PLAYER/ISABEL/WEDDING,Isabel dalam Gaun Perkahwinan#Isabel dalam gaun perkahwinan melambangkan visi atau impiannya. Isabel masih belum bertemu dengan seorang spiker yang dapat memenuhi jangkaannya.
PLAYER/JAEHYUN/TRAINING,Jaehyun Berlatih dengan NN#NN memaksa Jaehyun minum susu coklat setiap hari sebagai sebahagian daripada rejim latihannya.
PLAYER/NISHIKAWA/HIGHSCHOOL/DES,...Saya tidak berniat untuk bermain-main dengan bola.
PLAYER/ISABEL/WEDDING/DES,Saya suka spike anda!
PLAYER/JAEHYUN/TRAINING/DES,Ad astra per aspera.
PLAYER/ELLIO/DES,Aku akan tunjukkan perlawanan yang paling indah.
COMMON/INFO,Maklumat
COMMON/AWAKEN_ACHIEVE,Pencapaian Terobosan {0}!
SHOP/EXISTING_SKIN,Anda sudah memiliki skin ini.
SHOP/RECEIVE_PLAYER_SKIN,Terima skin pemain serta-merta.
SHOP/LIMITEDSKINPOINT,Mata Kulit Terhad
COMMON/SHOP/NOEXISTPLAYER,Tidak Dimiliki
SHOP/UNIFORM,Seragam
SHOP/UNIFORM/DES,Ini adalah produk seragam yang boleh digunakan dalam kostum.
SHOP/BALL,Bola
SHOP/BALL/DES,Ini adalah produk bola yang boleh digunakan dalam kostum.
SHOP/SHOES,Kasut
SHOP/SHOES/DES,Ini adalah produk kasut yang boleh digunakan dalam kostum.
ALERT_HIGHRANK_DELETE,Pemain berperingkat tinggi telah dipilih. #Adakah anda pasti mahu melepaskannya?
BANNED_ACCOUNT_NOTICE,"Akaun yang anda log masuk kini telah digantung kerana kesalahan, termasuk penggunaan program haram atau cheat.#Jika ada sebarang pertanyaan, sila hubungi support@suncyan.com."
API/PROBLEM_OCCUR/DATA,Beberapa data tidak dapat dimuat dari pelayan.
INGAME/AWAKEN_ITEM_LIST,Senarai Serpihan Usaha
COMMON/SELECT_FILTER,Pilih
COMMON/GRIT_FRAG_STORE/TITLE,Pusat Pertukaran Serpihan Usaha
COMMON/ITEM_CHANGE_BEFORE,Item untuk Ditukar
COMMON/ITEM_CHANGE_AFTER,Item yang Diterima
COMMON/ITEM_CHANGE,Tukar yang Dipilih
COMMON/FILTER/ALL_RANK,Semua Pangkat
COMMON/FILTER/ALL_POSITION,Semua Posisi
COMMON/FILTER/SELECT_UNIT,Pilih Kuantiti
COMMON/FILTER/SELECT_UNIT/ONE,{n} setiap kali
COMMON/FILTER/SELECT_UNIT/ALL,Maksimum
COMMON/FILTER/ALERT/POSITION,Sila pilih sekurang-kurangnya satu posisi
COMMON/FILTER/ALERT/RANK,Sila pilih sekurang-kurangnya satu pangkat
COMMON/FILTER/ALERT/CHANGE,Serpihan Usaha yang dipilih akan ditukar dengan mata wang.#Teruskan?
COMMON/FILTER/ALERT/CHANGE_SRANK,Serpihan Usaha berpangkat tinggi telah dipilih.#Teruskan?
COMMON/ALL,Semua
DIFFICULTY_RAID_HARD,Sukar
DIFFICULTY_RAID_TOOHARD,Sangat Sukar
COMMON/RAID/DIAMOND/TITLE,Pasukan Remaja Rockwell
COMMON/RAID/DIAMOND/DES,"Lawan pasukan Tania dan Clyde, pemain harapan pasukan remaja Rockwell!#Berhati-hati dengan Navi, kucing yang menghilangkan keadaan Berkecil Hati, serta hantaran pantas Tania!"
COMMON/RAID/MASTER/TITLE,Abang-Adik Dave & Mike
COMMON/RAID/MASTER/DES,"Abang-Adik terkuat, Dave & Mike, yang mengurus pondok gunung kecil! Walau dah bersara 10 tahun, otot mereka lebih hebat dari dulu! Awas kekuatan mereka yang makin bertambah!"
HELP/SNOWRAID_2/DES,"Perlawanan bola tampar unik di pergunungan bersalji!#Permainan hingga 15 mata, dan setiap 3 mata, Sara akan bawa item bantu bertahan dari sejuk."
ALERT_SHOP_EXPIRED,Kedai telah tamat tempoh.
VESSENCE_SHOP,Pertukaran V Essence
VESSENCE_SHOP/LIMITED,Pertukaran Terhad
VESSENCE_SHOP/24,Pertukaran Biasa
VESSENCE_SHOP/ALERT1,Anda boleh menukar V Essence dengan pelbagai item dan Tiket Rekrut.
VESSENCE_SHOP/ALERT2,Pusat Pertukaran Terhad dikemas kini secara berkala.
VESSENCE,V Essence
VESSENCE/DES,Mata wang yang boleh didapati melalui kandungan istimewa seperti Serbuan Salji. Boleh ditukar dengan pelbagai barang yang dibawa oleh kucing Clyde.
NORMAL_PLAYER_RECRUIT_TICKET,Tiket Rekrut Pemain Biasa
POSITION_PLAYER_RECRUIT_TICKET,Tiket Rekrut Pemain Berdasarkan Posisi
SNOWRAID/TEMP,Suhu Badan
SNOWRAID/TEMP/DES,"Suhu badan pemain dalam kesejukan. Semakin rendah suhu badan, semakin rendah statistik keseluruhan pemain,#jadi pertukaran pemain yang tepat semasa perlawanan amat penting. Suhu badan dipaparkan di penjuru kiri atas skrin."
SNOWRAID/FEVER,Fever
SNOWRAID/FEVER/DES,"Apabila rali berpanjangan dalam kesejukan, Mata Fever terkumpul di tengah skrin. Menangi rali itu untuk menyerap mata yang terkumpul. Setelah jumlah tertentu dicapai, pemain memasuki keadaan Fever, yang meningkatkan statistik dan memulihkan suhu badan buat sementara waktu."
SNOWRAID/COUNTER_RECEIVE,Terima Balik Serangan
SNOWRAID/COUNTER_RECEIVE/DES,"Snow Raid memerlukan penerimaan tepat kerana cuaca ekstrem. Tekan saat bola menyentuh untuk dapatkan PERFECT, GOOD, atau BAD."
SNOWRAID/PERFECT_RECEIVE,Terima PERFECT
SNOWRAID/GOOD_RECEIVE,Terima GOOD
SNOWRAID/BAD_RECEIVE,Terima BAD
SNOWRAID/SLIDING,Luncuran
SNOWRAID/INSTRUCT_RECEIVE,Arahan Penerimaan
SNOWRAID/GIFT_BOX,Kotak Hadiah
SNOWRAID/PERFECT_RECEIVE/DES,"Apabila Sambutan Sempurna dengan ketepatan dalam lingkungan 3 bingkai dicetuskan, pemain memasuki keadaan Tumpuan seketika, mengimbangi 100% serangan lawan dan membatalkan kebolehan khas. Ia adalah pertahanan pembalik keadaan yang membolehkan anda menguasai rali walaupun tanpa stamina."
SNOWRAID/GOOD_RECEIVE/DES,"Sambutan GOOD mengimbangi 70% serangan lawan. Jika stamina tidak mencukupi, walaupun mendapat penilaian Sambutan GOOD, bola mungkin terbang jauh dan menyebabkan kegagalan."
SNOWRAID/BAD_RECEIVE/DES,"Sambutan BAD mengimbangi 30% serangan lawan. Oleh kerana stamina akan susut dengan banyak, adalah lebih baik untuk mengelak daripada penilaian Sambutan BAD."
SNOWRAID/SLIDING/DES,"Semasa gelongsor, 50% daripada kerosakan disekat #tanpa mengira ketepatan."
SNOWRAID/INSTRUCT_RECEIVE/DES,"Dalam Snow Raid, anda boleh kawal masa rakan pasukan menerima. Jika tidak ditekan, mereka akan auto terima di saat akhir. Lebih baik dari BAD tapi kurang dari GOOD. Paparan bar akan muncul jika anda arahkan."
SNOWRAID/GIFT_BOX/DES,Dave dan Mike telah menyembunyikan hadiah di sekitar gunung salji untuk kanak-kanak. Menang perlawanan dan anda ada 20% peluang untuk dapat kotak hadiah rawak.
COMMON/ENTER_COUNT,Kiraan Masuk
COMMON/OWN_AMOUNT,Kuantiti Dimiliki
COMMON/PROBABILITY,Kebarangkalian
SNOWRAID/GIFT_BOX_ABBR,Kotak Hadiah
SHOP/HAIR/DES,Item rambut yang boleh dipakai dalam Kostum.
ILLUST_VIEW_MODE,Kulit
NISHIKAWA_CARD_PACK,Pek Kad Nishikawa
NORMAL_PLAYER_RECRUIT_TICKET_DESC,Anda boleh merekrut pemain dari bahagian 'Biasa' dalam Kedai Rekrut.
POSITION_PLAYER_RECRUIT_TICKET_DESC,Anda boleh merekrut pemain dari bahagian 'Posisi' dalam Kedai Rekrut.
BLACKTHUNDER_CARD_PACK,Pek Kad Guruh Hitam
0422 ~ PTL Update,
NAME/TEAM_66,Amaretti Spikes
NAME/TEAM_67,Harimau Cannoli
NAME/TEAM_68,Tiramisu Hitam
NAME/TEAM_69,Pemblok Biscotti
NAME/TEAM_70,Titan Torrone
NAME/TEAM_71,Pizzelle Swifts
NAME/TEAM_72,Inferno Nero
NAME/TEAM_73,Tempesta Rosa
NAME/TEAM_74,Pasukan Isabel Tergesa
NAME/TEAM_75,Gelas Indah
NAME/TEAM_76,Kopi Cendawan
NAME/TEAM_77,Wain Mewah
NAME/TEAM_78,Herba Segar
NAME/TEAM_79,Pasukan Ayeon Sementara
PIGGYBANK_BALL,Bola Babi Simpan
PIGGYBANK_BALL/DES,"Bola berbentuk tabung babi kuning yang dihadiahkan oleh ahli <Majlis 15>, tokoh utama Phantom League, kepada anaknya. Walaupun kelihatan seperti mainan, bola ini barang mewah daripada fabrik terbaik.#「Dari buaian hingga liang lahad, segala-galanya tentang kita mesti berbeza.」"
LEAGUE,Liga
LEAGUE_DES,"Terdapat 10 liga, setiap satu ada 5 peringkat. Kumpul Mata Liga untuk naik ke liga seterusnya. Musuh jadi makin kuat. Jika tewas atau kurang mata, mula semula liga itu."
LEAGUE_NUM,Liga {0}
LEAGUE_CLEAR_CONDITION_SENTENCE,Capai {0} mata liga untuk tamatkan liga.
LEAGUE_PREVLEVEL_ENTER_SENTENCE,Tamatkan liga sebelumnya untuk masuk.
POINTS,Mata Liga
LEAGUE_RESTART,Mula semula Liga
LEAGUE_PREVLEVEL_REWARD_ALERT,Tiada ganjaran liga untuk tahap yang dimainkan semula.
LEAGUE_PREVLEVEL_SELECT_ALERT,Sila pilih tahap untuk main semula.
CLEAR_LEVEL_NUM,Selesaikan {0} tahap
LEAGUE_RESET,Tetapkan Semula Liga
LEAGUE_NUM_CLEAR_REWARD,Ganjaran Tamat Liga {0}
LEAGUE_CLEAR_UNAVAIL,Tidak dapat tamatkan liga
LEAGUE_TOTAL_POINT_INSUFF_SENTENCE,"Mata liga terkumpul tidak mencukupi. Walau menang semua baki perlawanan, anda tidak boleh mara ke liga seterusnya.#Tetap mahu mencuba?"
LEAGUE_TOTAL_POINT_INSUFF_SENTENCE2,Mata liga tidak mencukupi untuk masuk ke liga seterusnya.#Boleh tetapkan semula dan cuba lagi.
TIP/SLIDING_ALERT_01,Tahan spike kuat dengan#sliding pada waktu yang tepat.
TIP/RAUL_ALERT_01,Spike Raul tak boleh diblok.#Agak-agak tempat jatuh dan sliding untuk bertahan.
TIP/HYBRID_SERVE_ALERT_02,Sliding ketika terima servis hibrid#akan buat bola melantun jauh. Guna butang receive.
TIP/JENNY_ALERT_01,Jenny menjadi lebih kuat setiap kali memecahkan rekod ketinggian rejamannya.
PHANTOM_LEAGUE_TIP_0,Blok pihak lawan sangat kukuh.
PHANTOM_LEAGUE_TIP_1,Pihak lawan membuat spike jauh.
PHANTOM_LEAGUE_TIP_2,Peraturan Terima Balas Snow Raid digunakan.
PHANTOM_LEAGUE_TIP_3,Terima bola mengikut masa yang tepat.
PHANTOM_LEAGUE_TIP_4,Sliding juga menyebabkan kerosakan.
PHANTOM_LEAGUE_TIP_5,Pihak lawan membuat spike pendek.
PHANTOM_LEAGUE_TIP_6,Pihak lawan mahir menggunakan feint.
PHANTOM_LEAGUE_TIP_7,Pihak lawan menggunakan feint topspin.
PHANTOM_LEAGUE_TIP_8,Blok pihak lawan sangat kukuh.
PHANTOM_LEAGUE_TIP_9,Terima terakhir pihak lawan melambung tinggi.
PHANTOM_LEAGUE_TIP_10,"Lagi lama rali, kurang ketepatan bertahan."
PHANTOM_LEAGUE_TIP_11,Pihak lawan menggunakan servis hibrid.
PHANTOM_LEAGUE_TIP_12,Terima servis hibrid dengan sliding akan gagal.
PHANTOM_LEAGUE_TIP_13,Pihak lawan mahir menggunakan sliding.
PHANTOM_LEAGUE_TIP_14,Lompat blok semua pemain dikurangkan.
PHANTOM_LEAGUE_TIP_15,Cooldown sliding semua pemain dipendekkan.
PHANTOM_LEAGUE_TIP_16,Ketepatan sliding semua pemain dikurangkan.
PHANTOM_LEAGUE_TIP_17,Persediaan blok semua pemain lebih pantas.
PHANTOM_LEAGUE_TIP_18,Lompat blok semua pemain meningkat.
PHANTOM_LEAGUE_TIP_19,Stamina semua pemain meningkat.
PHANTOM_LEAGUE_TIP_20,Putaran pasukan berubah apabila pasukan kehilangan mata berturut-turut.
BASIC,Asas
PHANTOM_TIP_NO_NEXT_LEAGUE,"Jika kehilangan {n} mata lagi atau lebih, anda tidak dapat mara ke liga seterusnya."
PHANTOM_TIP_NO_NEXT_LEAGUE2,Mata Liga tidak mencukupi untuk ke liga seterusnya.
PHANTOM_TIP_WIN_POINT,Mata Liga = [Skor kita - Skor lawan] jika menang.
PLAYER/JENNY_FIRST_SHOW,"Siwoo, aku takkan kalah kepada kau."
COLOSSEUM/CARD/NAME_72,Akrobatik
COLOSSEUM/CARD/DES_72,"Semakin sudut spike menghampiri menegak, semakin tinggi kuasanya."
COLOSSEUM/CARD/NAME_73,Icarus
COLOSSEUM/CARD/DES_73,"Lagi dekat dengan net, spike lebih melengkung ke bawah. Lagi jauh, lebih ke atas."
COLOSSEUM/CARD/NAME_74,Super Yoonseok
COLOSSEUM/CARD/DES_74,Semua serangan saya mengabaikan hadangan.
COLOSSEUM/CARD/NAME_75,Serangan Balas
COLOSSEUM/CARD/DES_75,"Lepas terima spike lawan, masuk status {n1}. Stamina pasukan tinggi = tahan lebih lama."
MINIMUM_NEED_TIER,Diperlukan Tier
LEAGUE_LEFT_POSSIBLE_POINT,Mata Liga Maksimum yang Boleh Dicapai: {0}
MAXSCORE_MATCH,Perlawanan {0} Mata
LEAGUE_MISSION_REWARD_CONDTION,Selesaikan misi untuk dapatkan ganjaran.
LEAGUE_CLEAR_UNAVAIL_QUESTION,Liga masih boleh diselesaikan!#Mahu mula semula?
RESULT,Keputusan
NEEDED_POINT,Mata Liga Diperlukan
ACHIEVED_POINT,Mata Liga Dicapai
LEAGUE_NUM_CLEAR,Liga {0} Selesai
LEAGUE_NUM_CLEAR_FAILED,Gagal Selesaikan Liga {0}
LEAGUE_POINT_ACHIEVED,Mata Liga yang diperlukan telah dicapai.
LEAGUE_POINT_NOT_ACHIEVED,Mata Liga tidak mencukupi.
IN_PROGRESS_LEAGUE,Liga Semasa
CARD_PACK_PTL,Pek Kad Phantom League
CORONA_SPLENDENTE_UNIFORM,Corona Splendente
CORONA_SPLENDENTE_UNIFORM/DES,"Uniform seorang lagi pemain Lv.4 yang pernah menjadi bintang Phantom League sebelum Raul muncul. Walaupun sudah lama bersara, peminat masih memakainya ke stadium."
BDF(05.29~),
CTM_CARD_PACK,Pek Kad Cabaran kepada Master
SVB_CARD_PACK,Pek Kad Bola Tampar Snow
PLAYER/RYUHYUN/SKIN/CHIEF_DISCIPLE,Murid Utama
PLAYER/HANRA/SKIN/YUMMI,Cef Pastri
PLAYER/AYEON/SKIN/AYEONSTEIN,Ayeonstein
BLUE_DRAGON_FESTIVAL,Festival Naga Biru
BLUE_DRAGON_FESTIVAL_DESC,"Sepanjang acara Festival Naga Biru, selesaikan perlawanan Festival Naga Biru setiap hari untuk mendapatkan Syiling Festival Naga Biru! Gunakan Syiling Festival Naga Biru untuk merekrut pemain baharu dan pelbagai item."
BLUE_DRAGON_FESTIVAL_COIN,Syiling Festival Naga Biru
BLUE_DRAGON_FESTIVAL_COIN_DESC,Mata wang khas untuk digunakan semasa Festival Naga Biru.#Digunakan untuk meninjau pemain acara.#Akan luput selepas acara tamat.
BDF_EXCHANGE_SHOP,Kedai Syiling Festival Naga Biru
BDFCOIN_SHOP/ALERT1,Tukar Syiling Festival untuk item acara terhad!
ENTER_IMMEDIATELY,Masuk Sekarang
SKIN_SCOUT_POINT,Mata Scout Skin
MUSIC,Muzik
BACKGROUND,Latar Belakang
MAINSCREEN_EDIT,Persediaan Skrin Utama
NOT_DISPLAYED,Tidak Dipaparkan
BACKGROUND_DESC,Anda boleh ubah latar belakang lalai di menu 'Hias' skrin utama.
BGM_DESC,Anda boleh ubah muzik latar lalai di menu 'Hias' skrin utama.
BDF_STORY,Kisah Festival Naga Biru
RESET_PROGRESS,Reset Kemajuan
COMPLETE_REWARD_CLAIM,Ganjaran Diterima
PROGRESS_STATUS,Kemajuan
PLAYER/HANRA/BREAD/DES,"Saya agak malu, tapi... saya memang suka benda manis."
PLAYER/AYEON/AYEONSTEINS/DES,Sudi jadi kawan saya tak?
GPGS_ERROR_0,Tidak dapat menemui akaun yang tersedia. Sila log masuk Google sekurang-kurangnya sekali pada peranti ini dan mulakan semula permainan.
REWARD_INFO_TEXT,Klik item untuk lihat perincian
COMMON/DECORATE,Hias
6/30~ KMK,
HELP/ABILITY_CARD_INFO,Pilih Kad Kebolehan untuk lihat maklumat lanjut!
COMMON/ABILITY_CARD,Kad Kebolehan
HELP/LEFT_LIFE/DES,"Bilangan nyawa dikongsi dalam semua perlawanan. Jika nyawa tinggal 0, anda kalah."
PHANTOM_LEAGUE_RULE_TITLE,Peraturan Tambahan
PHANTOM_LEAGUE_RULE_DES,Setiap perlawanan liga ada peraturan tambahan berbeza yang mempengaruhi permainan. #Akan dipaparkan semasa mula perlawanan.
LEAGUE_DES_2,Mod sukar: bermain 5 perlawanan berturut-turut dan kumpul mata untuk menang. #Selesaikan liga untuk naik ke liga seterusnya!
KINGMAKER,Kingmaker
PURCHASE_ALL_PASS,Beli Semua Pas
DIFFICULTY_EASY,Mudah
DIFFICULTY_NORMAL,Biasa
DIFFICULTY_HARD,Sukar
ADD_ENTRY,Kemasukan Tambahan
SELECT_NEXT_CARD,Pilih Kad Seterusnya
SELECTED_CARD,Kad Dipilih
RESET,Tetap semula
ADD_PURCHASE,Pembelian Tambahan
DIFFICULTY_ENTER_GAME,Pilih tahap kesukaran untuk masuk
CHANGE,Tukar
CHOOSE_DIFFICULTY,Pilih Tahap Kesukaran!
DAILY_REWARD_CLAIMED,Ganjaran Harian Diperoleh!
CHOSEN_DIFFICULTY,Tahap Kesukaran Dipilih
CAN_ENTER_COUNT,Bilangan Kemasukan
EVENT/TIME/DAY,{0} Hari
EVENT/TIME/HOUR,{1} Jam
EVENT/TIME/MINUTE,{2} Minit
EVENT/TIME/SECOND,{3} Saat
ENTER_SILVER,Boleh masuk jika tahap Silver ke atas
RESET_EVENT,Kembali ke skrin utama disebabkan sambungan rangkaian tidak stabil atau acara diset semula.
TIMEOUT/ALLOC_CONTROLLER,Pilih pemain untuk dikawal dan tekan Sahkan.
ALERT/NO_PLAYER_ALLOCATED,Tiada pemain dipilih.
BUY_AFTER_SOLAR_PASS,Hanya boleh dibeli selepas beli Pas Solar
NAME/TEAM_80,Pasukan Ayeon Sementara
NAME/TEAM_81,Bintang Perak
NAME/TEAM_82,Percikan Matahari
NAME/TEAM_83,Pasukan Latihan
TIMEOUT/SECOND_PLAYERS,Pemain Simpanan
TIMEOUT/CUSTOM,Tersuai
TIMEOUT/FIRST_TEAM,Pasukan Utama
TIMEOUT/SECOND_TEAM,Pasukan Simpanan
LUCAS/NICKNAME,Sun Spiker
LUCAS/LINE,Jangan risau. Aku tak pernah sekali pun melangkah ke gelanggang dengan niat untuk kalah.
HARI/LINE,"Layu di sini, untukku."
TIMEOUT/STRONGER_DIRECT_SPIKE,Peningkatan Kuasa Spike Langsung
TIMEOUT/SUPER_SLIDE,Kebal Semasa Meluncur
NAME/TEAM_84,Green Pride
NAME/TEAM_85,Blue Chariot
NAME/TEAM_86,Red Rampart
NAME/TEAM_87,Yellow Barrage
NAME/TEAM_88,Arcobaleno
NAME/TEAM_89,Silver Bell
TIP/HARI_ALERT_01,"Apabila Hari menerima bola, benih ditanam pada pemain terakhir yang menyentuh bola.#Apabila Hari mengaktifkan kemampuannya, benih itu meledak, menghentikan pergerakan pemain tersebut untuk sementara."
TIP/LUCAS_ALERT_01,Lucas meluru di udara untuk merejam.#Berhati-hati apabila dia dalam keadaan Flare kerana serangannya jauh lebih kuat daripada biasa.
TIP/RAUL_ALERT_02,Rejaman Raul boleh dihadang jika jarak larian anjaknya pendek.
SHOP/BUY/ALERT2,Beli item yang dipilih?
INGAME/TABLE_RESET/ALERT2,Semua perlawanan Kejohanan yang sedang berlangsung akan ditetapkan semula.
INGAME/TABLE_RESET/REMAINS,Bilangan tetapan semula yang tinggal x {n1}
UI/EXIT_WITHOUT_SAVE,Keluar tanpa menyimpan perubahan?
COMMON/NONE,Tiada
COMMON/TOHOME,Ke Utama
COMMON/GOBACK,Kembali
COMMON/PREVIOUS_SCREEN,Skrin Sebelumnya
COMMON/SELECT,Pilih
INGAME/MOVE,Gerakan
LAYOUT_KEY/LEFT_HAND,Kidal (Tangan Kiri)
LAYOUT_KEY/BASIC,Asas
LAYOUT_KEY/CUSTOM,Sesuaikan
LAYOUT_DES/TOUCH_BUTTON_PLEASE,Sila sentuh butang yang mahu dilaraskan.
LAYOUT_DES/CUSTOM_MODE_CHANGE,Melaraskan butang akan beralih ke mod Sesuaikan.
TIMEOUT/LOSER_ROTATION,Putaran apabila Kehilangan Mata
INGAME/SPIKE/SHORT,Spike Pendek
INGAME/SPIKE/FEINT,Feint
CLEAR,Selesai
INGAME/TEAM_HP,Stamina Pasukan
INGAME/BALANCE_MODE,Mod Seimbang
130M_ATTENDANCE,Bonus Log Masuk 130M Muat Turun
130M_ATTENDANCE_REWARD,Ganjaran Bonus Log Masuk 130M
EVENT_THANKYOU,Kami akan terus membalas dengan permainan yang lebih baik.
KEYBOARD,Papan kekunci
GAMEPAD,Gamepad
KEYBOARD_CUSTOMIZE_DES,Sesuaikan kawalan papan kekunci.
GAMEPAD_CUSTOMIZE_DES,Sesuaikan kawalan gamepad.
FIELD_OF_VIEW_DES,Laraskan sudut pandangan di skrin permainan.
ADVANCED_GRAPHIC,Grafik lanjutan
MOVE_LEFT,Gerak ke kiri
MOVE_RIGHT,Gerak ke kanan
TOGGLE_SKILL_MODE,Tukar/Batal mod skill
TOGGLE_CHANGEPLAYER_MODE,Tukar/Batal mod tukar pemain
GAME_CONTROL,Kawalan permainan
PRESS_KEY_TO_ASSIGN,Tekan kekunci untuk tetapkan.
UNASSIGNED_CONTROLS_WARNING,Terdapat kawalan yang belum ditetapkan!
GAMEPAD_NOT_CONNECTED,Tiada gamepad disambungkan atau sambungan terputus.
CELEBRATE_130M_DOWNLOAD,Sambutan 130M+ Muat Turun!
COMMON/SCREEN_TRANSITION,Peralihan Skrin
COMMON/TOUCH_TO_START,Sentuh untuk mula
COMMON/PRESS_ANY_KEY,Tekan sebarang kekunci untuk mula
START,Mula
COMMON/CONTROLLER_SETTING,Tetapan Pengawal
MOVE_UP,Gerak ke Atas
MOVE_DOWN,Gerak ke Bawah
09/01 ~ SMM,
SMM_COIN_DESC,Anda boleh merekrut pemain khas menggunakan Syiling Musim Panas yang diperoleh melalui Water Fight dan Serbuan Pantai.#Mata wang ini akan hilang selepas tempoh acara.
SUMMER_MEMORIES_DESC,"Summer Memories! Acara dengan perlawanan menyegarkan bersama wajah-wajah yang dikenali untuk mengalahkan panas.#Bilangan ganjaran yang boleh diperoleh direset setiap hari, dan anda boleh memasuki perlawanan acara tanpa mengira ganjaran."
WATER_FIGHT_DESC,Perlawanan khas di pantai menentang pelbagai lawan. Kosongkan stamina lawan untuk menang dan dapatkan Syiling Musim Panas.
BEACH_VOLLEYBALL_RAID_DESC,"Perlawanan khas bola tampar pantai di bawah terik mentari.#Perlawanan berlangsung hingga 15 mata, dan setiap 3 mata Sara akan membawa item untuk membantu anda menahan panas."
SMM_COIN,Syiling Musim Panas
SUMMER_MEMORIES,Kenangan Musim Panas
WATER_FIGHT,Pertarungan Air
BEACH_VOLLEYBALL_RAID,Serbuan Bola Tampar Pantai
COMMON/DISPLAY,Paparan
COMMON/SCREEN_MODE,Mod Skrin
COMMON/WINDOW_MODE,Mod Tetingkap
COMMON/FULLSCREEN,Skrin penuh
COMMON/BORDERLESS,Tetingkap tanpa bingkai
COMMON/RESOLUTION,Resolusi
ETC/FULLSCREEN_MAX_RESOLUTION,"Dalam mod skrin penuh, resolusi maksimum peranti digunakan."
GRAPHICS/EXPERIMENTAL_EFFECT,Kesan Grafik Eksperimen
GRAPHICS/EXPERIMENTAL_EFFECT_DESC,Menerapkan penapis dan kesan visual pada skrin permainan untuk grafik yang lebih hidup. Disarankan untuk matikan jika memberi kesan besar pada prestasi.
GRAPHICS/POST_PROCESS_SCALE,Skala Rendering Pasca-Proses
GRAPHICS/POST_PROCESS_SCALE_DESC,Menyesuaikan skala resolusi untuk pasca-proses.
GRAPHICS/SLOW_MOTION,Kesan Gerak Perlahan
GRAPHICS/SLOW_MOTION_DESC,Mengaktifkan kesan khas apabila gerak perlahan diaktifkan.
GRAPHICS/MOTION_BLUR,Motion Blur
GRAPHICS/MOTION_BLUR_DESC,Menerapkan kesan kabur apabila kamera bergerak pantas.
GRAPHICS/SPIKE_EFFECT,Kesan Spike
GRAPHICS/SPIKE_EFFECT_DESC,Mengaktifkan kesan khas apabila pemain melakukan spike yang kuat.
GRAPHICS/ENVIRONMENT_DETAIL,Perincian Persekitaran
GRAPHICS/ENVIRONMENT_DETAIL_DESC,"Mengaktifkan perincian kesan persekitaran seperti pencahayaan, bayang-bayang, dan pantulan. Mungkin menjejaskan prestasi."
GRAPHICS/REFRACTION_EFFECT,Kesan Pembiasan
GRAPHICS/REFRACTION_EFFECT_DESC,Mengaktifkan kesan pembiasan dan gelombang pada skrin.
COMMON/CONNECT,Sambungkan
COMMON/CONNECT_OTHER_PAD,Sambungkan gamepad lain
COMMON/NO_PAD_CONNECTED,Tiada gamepad disambung
COMMON/PAD_CONNECTED,Disambung
COMMON/PRESS_ANY_BUTTON_TO_CONNECT,Tekan mana-mana butang pada gamepad untuk menyambung.
COMMON/SELECT_INPUT_DEVICE,Sila pilih peranti input untuk digunakan.
COMMON/KEYBOARD_ALREADY_CONNECTED,Papan kekunci sudah disambungkan kepada pemain lain.
COMMON/PAD_ALREADY_REGISTERED,Gamepad yang sudah didaftarkan tidak boleh didaftarkan semula.
COMMON/NORMAL,Biasa
COMMON/SPLIT_1,Bahagi 1
COMMON/SPLIT_2,Bahagi 2
SYSTEM/INDIVIDUAL_CONTROL_NOT_SAVE,Tetapan kawalan pemain individu tidak akan disimpan.
COMMON/CHAGE_TO_SINGLEPLAY,Tukar ke Mod Pemain Tunggal
COMMON/CHAGE_TO_MULTIPLAY,Tukar ke Mod Berbilang Pemain
SYSTEM/NO_INPUT_DEVICE,Tiada Peranti Input
SYSTEM/KEYBOARD_SPLIT,Pisahkan Papan Kekunci
SYSTEM/KEYBOARD_MODE_LOCKED,"Papan kekunci sudah disambungkan ke pemain, jadi mod tidak boleh ditukar."
SYSTEM/DELETE_INPUT_DEVICE,Padam Peranti Input Sedia Ada
INGAME/POSITION/NAME_SE,Setter
INGAME/POSITION/NAME_MB,Middle Blocker
INGAME/POSITION/NAME_WS,Wing Spiker
COMMON/CLICK_TO_CONTINUE,Klik untuk teruskan
TIMEOUT/ALERT/SAME_TEAM,"Pemain di kedua pasukan adalah sama, jadi pasukan tidak dapat ditukar."
TIMEOUT/ALERT/NO_COMBI,Tiada bonus gabungan
TIMEOUT/ALERT/NO_COMBI_DES,Pasukan ini tidak menerima sebarang kesan bonus daripada gabungan pemain.
SUMMER_MEMORIES_VOUCHER,Kupon Ganjaran
SUMMER_MEMORIES_VOUCHER_DESC,Gunakan untuk menambah satu lagi had harian hari ini. Ganjaran diperoleh melalui tamat peringkat; beli sekali sehari.
STEAM_ERROR_CONNECT,Gagal menyambung ke Steam.
STEAM_ERROR_CLIENT,"Sila keluar dari permainan, semak status klien Steam anda, dan mulakan semula permainan."
STEAM_ERROR_UNAUTHORIZED,Klien tidak sah. Sila sahkan klien anda dengan Steam dan mulakan semula permainan.
STEAM_RECOMMEND_OVERLAY_TITLE,Semak Tetapan Steam Overlay
STEAM_RECOMMEND_OVERLAY_MESSAGE,"Sila aktifkan pilihan overlay dalam ""Tetapan"" Steam dan kemudian mulakan semula klien permainan."
EXTRA_REWARD_TICKET_INFO,"Ganjaran hari ini sudah diterima semua.##Jika menggunakan Tiket Ganjaran Tambahan, had harian akan ditetapkan semula.##Anda masih boleh meneruskan perlawanan."
SMM_EXCHANGE_SHOP,Kedai Syiling Kenangan Musim Panas
LOGIN_BONUS,Pas Kehadiran
COMMON/HARD,Sukar
SMM_EXCHANGE_SHOP,Kedai Syiling
TUTORIAL/FIGHT/TALK_01_A,"Hai, budak! Kau masih ingat peraturan istimewa pertempuran bola salji di kem kita, kan?"
TUTORIAL/FIGHT/TALK_01_B,"Hei, boy! Kau masih ingat peraturan special pertarungan bola salji… eh, Pertarungan Air di kem kita, kan?"
TUTORIAL/FIGHT/TALK_02,...Oh-ho! Nampaknya kau langsung tak ingat. Nampaknya aku kena tolong kau.
TUTORIAL/FIGHT/TALK_03,"Mula-mula, cuba bergerak di atas gelanggang seperti biasa."
TUTORIAL/FIGHT/TALK_04,"Jika kau kumpul mata serangan macam ini, kau boleh serang lawan sebanyak yang dikumpul!"
TUTORIAL/FIGHT/TALK_05,"Sekarang, lompat tinggi seperti spike dan serang lawan."
TUTORIAL/FIGHT/TALK_06,"Bagus, kau lempar dengan baik. Perhatikan: trajektori serangan berubah bergantung pada butang yang ditekan di udara."
TUTORIAL/FIGHT/TALK_07,Sekarang aku akan beritahu cara serangan yang lebih kuat.
TUTORIAL/FIGHT/TALK_08,"Terus menyerang di udara dan kadang-kadang efek CRITICAL akan aktif, menguatkan serangan!"
TUTORIAL/FIGHT/TALK_09,"Jika serangan CRITICAL berhasil, ia memberi impak lebih besar dan memulihkan sedikit poin serangan."
TUTORIAL/FIGHT/TALK_10,"Atau di tanah, tahan dan lepaskan butang terima untuk melakukan serangan mortar.#Serangan mortar sentiasa mempunyai efek CRITICAL."
TUTORIAL/FIGHT/TALK_11,Nak cuba? Mana-mana satu ok.
TUTORIAL/FIGHT/TALK_12,Bravo! Bagusnya!
TUTORIAL/FIGHT/TALK_13,"Juga, serangan mortar meninggalkan kawasan gangguan di tempat jatuhnya."
TUTORIAL/FIGHT/TALK_14,"Di kawasan gangguan, kelajuan menurun dan tidak boleh melompat — berbahaya!"
TUTORIAL/FIGHT/TALK_15,"Jika gelongsor, kawasan gangguan mudah dihapus. Cuba sekali."
TUTORIAL/FIGHT/TALK_16,"Bagus, bagus. Semakin mahir. Tapi lawan pun tak mudah."
TUTORIAL/FIGHT/TALK_17,"Kadang-kadang lawan bersinar keemasan, hati-hati.#Itu isyarat mereka akan guna serangan khas yang kuat."
TUTORIAL/FIGHT/TALK_18,"Semasa lawan menggunakan serangan khas, mereka menjadi lebih kuat dan tidak boleh dihentikan dengan apa-apa."
TUTORIAL/FIGHT/TALK_19,"Selepas serangan khas tamat, akan ada celah yang mendedahkan kelemahan — serang ketika itu!"
TUTORIAL/FIGHT/TALK_20,Ha ha ha! Menyerang titik lemah mengecas mata serangan dan mengumpul mata Fever.
TUTORIAL/FIGHT/TALK_21,...Oh-ho! Nampaknya kau tak tahu apa itu mata Fever?
TUTORIAL/FIGHT/TALK_22,Itu mata yang diperlukan untuk masuk mod Fever.#Boleh didapat dengan menyerang titik lemah musuh atau menyentuh buih Fever di gelanggang.
TUTORIAL/FIGHT/TALK_23,"Jangan cuma cakap, cuba sendiri sekarang."
TUTORIAL/FIGHT/TALK_24,Haha!! Nampak bertenaga!
TUTORIAL/FIGHT/TALK_25,"Baiklah, jom cuba dalam perlawanan sebenar?"
TUTORIAL/FIGHT/DES_01,Berjalan di sekitar gelanggang untuk mengumpul mata serangan
TUTORIAL/FIGHT/DES_02,Lompat kemudian serang di udara untuk mengenai lawan
TUTORIAL/FIGHT/DES_03,Kenakan lawan dengan serangan udara yang diperkuat atau serangan mortar.
TUTORIAL/FIGHT/DES_04,Padamkan kawasan gangguan dengan meluncur
TUTORIAL/FIGHT/DES_05,Sasarkan celah dan serang titik lemah
TUTORIAL/FIGHT/DES_06,Kumpulkan buih Fever untuk masuk mod Fever
TUTORIAL/FIGHT/DES_07,Serang!! Serang!!
TUTORIAL/FIGHT/TIP_01,"Semasa bergerak di tanah, mata serangan dicas.#Semakin laju bergerak, semakin cepat dicas."
TUTORIAL/FIGHT/TIP_02,"Selepas melompat, boleh bergerak kiri-kanan di udara untuk mengubah titik sasaran serangan."
TUTORIAL/FIGHT/TIP_03,Serangan dengan efek CRITICAL memberikan hentakan lebih kuat bila mengenai sasaran dan mengisi semula Mata Serangan.
TUTORIAL/FIGHT/TIP_04,"Semasa gelongsor, kamu kebal. #Selain itu, gelongsor akan menghapus semua kawasan gangguan yang tersentuh."
TUTORIAL/FIGHT/TIP_05,"Selepas musuh menamatkan serangan khas, sasar celah dan serang titik lemah untuk hentaman besar dan pulihkan poin serangan."
TUTORIAL/FIGHT/TIP_06,"Dalam mod Fever, statistik meningkat dengan ketara dan tidak terjejas oleh kawasan gangguan."
COMMON/WORD/GOKSA,mortar
INVALID_SESSION_MESSAGE_TITLE,Peranti lain telah log masuk
INVALID_SESSION_MESSAGE_MESSAGE,"Akaun anda telah digunakan untuk log masuk pada peranti baharu. Jika bukan anda, sila kemas kini kata laluan pada platform berkaitan segera."
PLAYER/SARA/SKIN/WATERSPLASH,Percikan Air
PLAYER/JENNY/SKIN/STRAWHAT,Topi Jerami
PLAYER/DAVE/SKIN/DIVER,Penyelam
PLAYER/NN/SKIN/SURFER,Pelayar Ombak
OPTION/GRAPHIC_WARNING,"Tetapan grafik eksperimen mungkin menyebabkan penurunan prestasi atau ralat grafik pada sesetengah peranti. Jika berlaku masalah, sila matikan pilihan ini."
BEACHRAID/TEMP/MESSAGE_01,Para pemain mula berasa panas.
BEACHRAID/TEMP/MESSAGE_02,Kepanasan menjejaskan prestasi pemain.
BEACHRAID/TEMP/MESSAGE_03,Kepanasan mengurangkan Lompatan dan Pertahanan pemain dengan ketara.
BEACHRAID/TEMP/MESSAGE_04,Pemain yang kepanasan perlu digantikan.
BEACHRAID/TEMP/MESSAGE_05,Semua pemain menari akibat kepanasan..!
BEACHRAID/CARD/TUNA,Tuna Dave
BEACHRAID/CARD/SUNCREAM,Krim pelindung matahari
BEACHRAID/CARD/WATERGUN,Pistol air
BEACHRAID/CARD/JUICE,Soda krim
BEACHRAID/CARD/ICE_DESSERT,Pencuci mulut ais
BEACHRAID/CARD/ICECREAM,Aiskrim
BEACHRAID/CARD/SUNGLASS,Cermin mata hitam
BEACHRAID/CARD/COCONUT,Minuman kelapa
BEACHRAID/CARD/FAN,Kipas
TOTAL_CURRENCY,Jumlah Sumber
TODAY_CAN_GET,boleh diperoleh hari ini
SMM_TREASURE_CHEST,Peti Harta Karun
SMM_TREASURE_CHEST_DESC,"Dave kami berkongsi harta yang dia temui dari dasar laut.#Dalam perlawanan terakhir yang melengkapkan ganjaran harian, ada peluang untuk dapat peti harta."
PLAYER/JENNY_SUMMER_SHOW,"Sudah cukup rehat, mari kita mulakan."
PLAYER/DAVE_SUMMER_SHOW,Keharmonian otot yang artistik dan bola tampar pantai yang indah... Hebat!!
PLAYER/DAVE_SUMMER_NICKNAME,Pemangsa Elegan
NAME/TEAM_90,Pasukan NN
NAME/TEAM_91,Pasukan Jenny
INGAME/SETUP/NAME_11,Susu Coklat Strawberi
INGAME/SETUP/NAME_12,Si Jelita & Si Buas
ALERT_RAID_SETTING_RESET,Perubahan akan direset.
ALERT/GO_BACK_EVENT_MAIN_SCREEN,Mahu kembali ke skrin utama acara?
NAME/TEAM_92,Susu Coklat Strawberi
NAME/TEAM_93,Si Jelita & Si Buas
OPEN_DES,Lihat Penerangan
WATER_FIGHT_EASY,"Pertarungan Air yang menyegarkan berlangsung di pantai musim panas!#Jangan leka, nanti terkena belon air!"
WATER_FIGHT_HARD,"Pertarungan Air yang menyegarkan berlangsung di pantai musim panas!#Jangan leka, nanti terkena belon air!"
BEACH_VOLLEYBALL_RAID_HARD,"Kejohanan Bola Tampar Pantai telah bermula.#Jika bernasib baik, anda mungkin menerima hadiah kejutan daripada Dave?!"
BEACH_VOLLEYBALL_RAID_TOOHARD,"Kejohanan Bola Tampar Pantai telah bermula.#Jika bernasib baik, anda mungkin menerima hadiah kejutan daripada Dave?!"
MATCH_INFO,Info Perlawanan
UPDATE_ANNOUNCE_STEAM,"Sila kemas kini ""The Spike: Cross"" ke versi terkini dari Pustaka Steam anda."
PC_DENIED_BUTTON_LAYOUT_DESC,"Untuk menetapkan Susun atur butang, klik butang dengan tetikus anda."
MOBILE_DENIED_BUTTON_LAYOUT_DESC,"Untuk menetapkan Susun atur butang, sentuh butang."
GAME,Permainan
UI/KEY_DELETE,Padam Input
UI/EDIT_INPUT,Edit
UI/CLEAR,Kosongkan
UI/REGISTER_NEW_KEY,Daftar Kekunci Baharu
SETTINGS/SWAP_CONFIRM_CANCEL,Tukar Sahkan/Batal
NAME/TEAM_94,Bunga Kapas
NAME/TEAM_95,Underdog
NAME/TEAM_96,Wild Colosseum
NAME/TEAM_97,Para Jelita & Para Buas
NAME/TEAM_98,Impian Yoonseok
NAME/TEAM_99,Minus Trio
NAME/TEAM_100,Double Queen
NAME/TEAM_101,Double Quick
NAME/TEAM_102,Dopamine
COMMON/NO_TIP,Tiada peraturan khas yang diterapkan.
PHANTOM_LEAGUE_TIP_21,Stamina kedua-dua pasukan berkurang dengan ketara.
PHANTOM_LEAGUE_TIP_22,Kelajuan semua pemain berkurang banyak.
PHANTOM_LEAGUE_TIP_23,Pertahanan dan jarak pertahanan pasukan lawan meningkat.
PHANTOM_LEAGUE_TIP_24,Kebarangkalian dan kesan keadaan semua pemain meningkat.
PHANTOM_LEAGUE_TIP_25,Stamina pasukan lawan meningkat.
PHANTOM_LEAGUE_TIP_26,Yoonseok menjadi lebih kuat.
COMMON/COMBINATION_APPLY,Guna kombinasi
COMMON/WORD/DOUBLECONTACT,Sentuhan dua kali
COMMON/WORD/OUTOFBOUND,Di luar garisan
COMMON/ARCHIVE,Arkib
COMMON/STORY_ARCHIVE,Arkib cerita
COMMON/STORY_ARCHIVE_DES,Anda boleh bebas menikmati semula cerita yang telah anda lalui.
LOGINSCREEN_PROGRESS_STEAM_USER_TICKET_RETRY,Mengeluarkan tiket pengguna Steam
LOGINSCREEN_PROGRESS_STEAM_USER_TICKET_FAILED,Gagal mengeluarkan tiket pengguna Steam
LOGINSCREEN_PROGRESS_STEAM_CONNECTED,Sambungan Steam selesai
LOGINSCREEN_PROGRESS_LANG_LOAD_COMPLETE,Fail bahasa dimuatkan
LOGINSCREEN_PROGRESS_LOADING_AUTH,Mengambil maklumat pengesahan
LOGINSCREEN_PROGRESS_ACCESS_SUNCYAN,Menyambung ke SUNCYAN
LOGINSCREEN_PROGRESS_SUCCEED,Log masuk berjaya!
LOGINSCREEN_PROGRESS_LOADING_DATA,Memuat data penting
LOGINSCREEN_PROGRESS_BUNDLE_LOADING,Memuat data bundle yang diperlukan
LOGINSCREEN_PROGRESS_BUNDLE_COMPLETE,Data bundle berjaya dimuat
LOGINSCREEN_PROGRESS_ERROR_HASH,Pengesahan integriti gagal. Sila pasang semula permainan.
COMMON/CONTROL_DES,Penerangan permainan
COMMON/FIRST_CLEAR,Selesai pertama
COMMON/FIRST_PERFECT,3 bintang pertama
LEAGUE_NOT_OPEN_YET,Liga ini belum diadakan lagi.
LEAGUE_LEFT_TIME,{n1} sebelum bermula
ALERT/STORY_NO_MORE,Tiada lagi cerita yang boleh dimainkan.
ALERT/STORY_LAST,Ini adalah cerita terakhir.
ALERT/STORY_NOT_PLAYED,Cerita ini belum dimainkan.
COMMON/LOCKED,Dikunci
ALERT/DIAL_NOT_SELECT,Sila pilih cerita.
ALERT/DIAL_END,Ini adalah dialog terakhir.
STORYMODE_TIP_0,Menyediakan maklumat yang membantu dalam perlawanan.
STORYMODE_TIP_1,"Peraturan ""Terima Balik Serangan"" akan digunakan."
STORYMODE_TIP_2,Sliding juga menyebabkan kerosakan.
STORYMODE_TIP_3,Kuasa lompat dan kelajuan berkurang sedikit.
STORYMODE_TIP_4,Keputusan perlawanan ditentukan oleh jumlah penonton.
STORYMODE_TIP_5,Anda mesti bermain sebagai pemain yang ditetapkan.
STORYMODE_TIP_6,Menang kalah ditentukan melalui pertempuran bola salji.
STORYMODE_TIP_7,"Peraturan ""Snow Raid"" akan digunakan."
COMMON/NO_ENEMY_DATA,Tiada data lawan
,
COMMON/STORY_REPLAY,Ulang cerita
ALERT/PREV_CONTENT_NOT_CLEAR,Anda boleh meneruskan selepas menghabiskan kandungan di bawah.
11/06~ 할로윈,
PLAYER/SOHEE/SKIN/VAMPIRE,Vampir
HALLOWEEN,Halloween
COMMON/DONTSHOWAGAIN,Jangan paparkan lagi
HALLOWEEN_EVENT,Parti Halloween!
EVENT_UNTIL_MESSAGE,Tamat dalam {n1}
JACK_O_LANTERN_BALL,Bola Jack-o'-lantern
JACK_O_LANTERN_BALL/DES,Yamadera buat bola ni dengan penuh gaya untuk peminat cilik. Semua budak menangis bila tengok.
BLACK_SPIDER_BALL,Bola Labah-Labah Hitam
BLACK_SPIDER_BALL/DES,"Terlalu lama guna di gim lama, terus penuh sarang labah-labah."
DULLAHAN_HAIR,Rambut Dullahan
DULLAHAN_HAIR/DES,"Dengar kata kalau latihan lewat malam di Sekolah Seomyeong, akan rasa macam ada orang tengok… Mungkin cuma khabar angin?"
HALLOWEEN_EVENT_REWARD_POPUP_DES,Jangan lepaskan item & ganjaran terhad semasa acara!
MOVE_TO_REWARD,Ke Halaman Ganjaran!
HALOWEEN_SOHEE_SAYS_1,Trick or treat!
HALOWEEN_SOHEE_SAYS_2,Selamat Halloween!
HALOWEEN_SOHEE_SAYS_3,…Agak lambat ke…?
HALOWEEN_SOHEE_SAYS_4,Nampak pelik ke…?
HALOWEEN_SOHEE_SAYS_5,Pose tu diajar Hongshi tau
HALOWEEN_SOHEE_SAYS_6,Hyaa!
HALOWEEN_SOHEE_SAYS_7,…Kenapa tak tutup skrin tu…?
HALOWEEN_SOHEE_SAYS_8,…Rasa malu tiba-tiba…
HALOWEEN_SOHEE_SAYS_9,Ini yang dipanggil… easter egg ke?
NAME/TEAM_106,
HELP_DEUCE,Deuce
HELP_DEUCE_DESCRIPTION,"Deuce berlaku apabila kedua-dua pasukan terikat sebelum mencapai mata kemenangan yang ditetapkan, dan satu pasukan perlu mendahului 2 mata untuk menang. Dalam permainan, mata boleh mencecah sehingga 50."
HELP_SLIDING_BASIC,Slaid
HELP_SLIDING_BASIC_DESCRIPTION,"Slaid membolehkan anda mempertahankan bola tanpa menggunakan Stamina.#Ia memberikan pertahanan yang stabil tetapi memerlukan masa yang tepat dan ramalan titik jatuh bola.#Namun, jika Penembusan Slaid lawan mencapai 30 atau lebih, bola akan melantun jauh walaupun semasa Slaid.#Kesan ini boleh dikurangkan melalui Pertahanan dan Ketahanan Slaid."
HELP_SLIDING_RESISTANCE,Ketahanan Slaid
HELP_SLIDING_RESISTANCE_DESCRIPTION,"Ketahanan Slaid mengimbangi Penembusan Slaid pihak lawan.#Semakin lama Rally berlangsung, semakin berkurang Ketahanan Slaid, menjadikan Penembusan Slaid lawan lebih berkesan."
HELP_SLIDING_ENDURANCE,Daya Tahan Slaid
HELP_SLIDING_ENDURANCE_DESCRIPTION,"Semakin tinggi Daya Tahan Slaid, semakin perlahan Ketahanan Slaid berkurang apabila rali berpanjangan."
HELP_SLIDING_PENETRATION,Penembusan Slaid
HELP_SLIDING_PENETRATION_DESCRIPTION,"Semakin tinggi Penembusan Slaid, semakin jauh bola melantun semasa pertahanan Slaid, menjadikan pertahanan lebih sukar."
HELP_BLOCKING_RESISTANCE,Perlindungan Blocking
HELP_BLOCKING_RESISTANCE_DESCRIPTION,"Perlindungan Blocking mengimbangi Tembus Blok pihak lawan. Semakin tinggi perlindungan ini, semakin banyak kuasa bola berkurang selepas blok lembut.#Semakin lama rali berlangsung, semakin berkurang Perlindungan Blocking. Kesannya sama seperti Tembus Blok rejaman pihak lawan meningkat sebanyak nilai pengurangan itu."
HELP_BLOCKING_ENDURANCE,Ketahanan Blok
HELP_BLOCKING_ENDURANCE_DESCRIPTION,"Semakin tinggi Ketahanan Blok, semakin perlahan Perlindungan Blocking berkurang apabila rali berpanjangan."
HELP_BLOCKING_PENETRATION,Tembus Blok
HELP_BLOCKING_PENETRATION_DESCRIPTION,"Semakin tinggi Tembus Blok, semakin laju bola melantun selepas blok lembut, menjadikannya lebih sukar untuk dipertahankan."
11/1~ 비스트스파이커,
BEAST_SPIKER,Beast Spiker
BEAST_SPIKER_DESC,Pertempuran Beast Spiker sedang berlangsung; anda boleh menyertai Pertempuran Paksi dan memperoleh Syiling Beast. Gunakan Syiling Beast untuk menukar barangan di kedai acara dan merekrut pemain Beast Spiker.
END,Tamat
RESET_IN,Set semula dalam {n1}
ABILITY/CARD/NAME_76,Sky High Spike
ABILITY/CARD/DES_76,Kuasa bola meningkat sebanyak {n2} apabila ketinggian sentuhan mencapai {n1}m atau lebih
ABILITY/CARD/NAME_77,Blocking Burster
ABILITY/CARD/DES_77,Animasi cas Ryuhyeon akan digunakan ketika melakukan spike.#Tidak berlaku untuk pemain yang menggunakan teknik spike khas.
ABILITY/CARD/DES_77_1,"Apabila dicas penuh, menembusi blocking"
ABILITY/CARD/NAME_78,Ahad
ABILITY/CARD/NAME_79,Berserker
ABILITY/CARD/DES_79,Setiap spike memberikan {STR} +{n1}# (hingga {STR} +{n2})
ABILITY/CARD/NAME_80,Keadaan Sensitif
ABILITY/CARD/DES_80,Meningkatkan kecekapan stat dalam keadaan {n1} sebanyak {n2} kali
ABILITY/CARD/NAME_81,Spike Kritikal
ABILITY/CARD/DES_81,"Apabila merejam dengan tepat, terdapat peluang {n1}% untuk memperoleh {STR} +{n2} buat sementara waktu"
ABILITY/CARD/NAME_82,Joker
ABILITY/CARD/DES_82,"Pada permulaan setiap rally, {STR} dan {JMP} masing-masing meningkat sementara dengan nilai rawak#{STR} {n1}~{n2}, {JMP} {n3}~{n4}"
ABILITY/CARD/NAME_83,Leon Heart
ABILITY/CARD/DES_83,"Apabila melakukan spike dari luar gelanggang, kekuatan bola meningkat {n1}%"
ABILITY/CARD/NAME_84,Keazaman Teguh
ABILITY/CARD/DES_84,"Semasa counter receive, mengurangkan kerosakan daripada penilaian MISSED dan BAD sebanyak {n1}%"
ABILITY/CARD/NAME_85,Super Slider
ABILITY/CARD/DES_85,Mengurangkan kerosakan ketika sliding sebanyak {n1}%#Meningkatkan kelajuan bangun selepas sliding sebanyak {n2}%
ABILITY/CARD/DES_86,"Meningkatkan kelajuan bersiap untuk blocking sebanyak {n1}%#Semasa blocking, mempunyai {n2}% peluang untuk mengaktifkan Pertahanan Mutlak"
ABILITY/CARD/NAME_87,Tubuh Sihat
ABILITY/CARD/DES_87,Meningkatkan maksimum HP pasukan secara kekal sebanyak {n1}
ABILITY/CARD/NAME_88,King Brother
ABILITY/CARD/DES_88,Ketinggian meningkat sebanyak {n1}cm
ABILITY/CARD/NAME_89,Lucky Receive
ABILITY/CARD/DES_89,"Semasa menerima bola, mempunyai {n1}% peluang untuk mengaktifkan Perfect Receive"
ABILITY/CARD/NAME_90,Cure Receive
ABILITY/CARD/DES_90,"Semasa Perfect Receive, memulihkan {n1} HP pasukan"
ABILITY/CARD/DES_91,Meningkatkan kelajuan pergerakan di udara sebanyak {n1}%
ABILITY/CARD/DES_92,Jarak sliding bertambah {n1}%
NAME/TEAM_103,Blue Spears
NAME/TEAM_104,Eternal Stars
NAME/TEAM_105,Phantom Waves
MASTERY,Penguasaan
MAX_MASTERY_ACHIEVED,Pencapaian Penguasaan Maksimum!
CURRENTLY_MAX_MASTERY,Ini tahap Penguasaan maksimum yang boleh dicapai buat masa ini.
MASTERY_ACHIEVEMENT_ANNOUNCE,Selesaikan semua cabaran untuk memperoleh ganjaran Penguasaan.
CAN_CLAIM_MASTERY,Anda boleh menuntut ganjaran Penguasaan!
MASTERY_REWARD,Hadiah Pencapaian “{0}”
MASTERY_REWARD_LOAD_ERROR,Ralat! Gagal memuat data Penguasaan pemain.
MASTERY/UNKNOWN,Penguasaan Tidak Wujud
MASTERY/ROOKIE,Pendatang Baru
MASTERY/VETERAN,Veteran
MASTERY/ELITE,Elit
MASTERY/LEGEND,Legenda
MASTERY/CHAMPION,Juara
MASTERY_ACH/SnowRaidScore,Mencatat Skor dalam Snow Raid
MASTERY_ACH/ColosseumScore,Mencatat Skor dalam Colosseum
MASTERY_ACH/TournamentScore,Mencatat Skor dalam Tournament
CAMP,Paksi
SELECT_CAMP_TITLE,Pilih Paksi
CAMP_BATTLE,Pertempuran Paksi
CAMP_BATTLE_HISTORY,Sejarah
ROUND,Pusingan
CAMP_MY,Paksi Saya
CAMP_WIN,Paksi Pemenang
CAMP_LOSE,Paksi Kalah
CAMP_CONTRIBUTION_POINT,Status Mata Paksi
CONTRIBUTION_POINT,Sumbangan
REWARD_WIN,Hadiah Kemenangan
REWARD_LOSE,Ganjaran Kekalahan
CAMP_EXPIRED,Tamat
ROUND_NOT_WORKING_YET,Pusingan Pra-Mula
ROUND_WORKING,{0} Pusingan Sedang Berlangsung
CAMP_WEEK,Pertempuran Paksi – Pusingan {0}
BSP_VOUCHER,Tiket Sumbangan Tambahan
BSP_VOUCHER_DESC,Penggunaannya meningkatkan had Sumbangan Harian sebanyak 10 mata. Had yang dinaikkan akan diset semula pada hari berikutnya. Pembelian tersedia sekali sehari.
DAILY_CONTRIBUTION_POINT,Sumbangan Harian
DAILY_CONTRIBUTION_POINT_REWARD,Hadiah Sumbangan Harian
DAILY_CONTRIBUTION_POINT_REWARD_DES,Hadiah Sumbangan Harian diberikan bagi setiap 10 mata Sumbangan. #Menggunakan ‘Tiket Sumbangan Tambahan’ akan menambah had harian sebanyak 10.
PLAY_REWARD,Ganjaran Perlawanan
PLAY_REWARD_DES,Ini ialah ganjaran yang diberikan serta-merta apabila menang perlawanan.
SHOW_CARD_DETAIL_INFO,Lihat Butiran
BSP_CARD_DRAW_DES,"Selepas menyertai paksi, anda boleh memilih 2 Kemahiran Pusingan sehari, sehingga 10 pilihan dalam satu pusingan.#Memilih kemahiran yang sama meningkatkan tahapnya. Kesannya kekal sepanjang pusingan."
LEVEL,Aras
SELECT_CAMP,Adakah anda ingin memilih paksi {0}?
CAMP_SIWOO,White Storms
CAMP_RAUL,Inferno Nero
CAMP_NOT_JOIN,Tidak Menyertai
NOT_ENOUGH_CONTRIBUTION_POINT,Anda tidak dapat menuntut ganjaran kerana anda belum mencapai sumbangan peribadi minimum.
PLEASE_SELECT_CAMP,Sila pilih paksi.
PLEASE_SELECT_CARD,Sila pilih Kemahiran Pusingan.
EXTRA_POINT_TICKET_INFO,Menggunakan Tiket Sumbangan Tambahan akan meningkatkan had Sumbangan Harian sebanyak 10 mata.##Anda masih boleh meneruskan permainan walaupun tidak menggunakannya.
USE,Gunakan
CAMP_CARD_COLLECTION,Arkib Kemahiran Pusingan
INGAME_DIAL_RAUL_SITUATION_01,.... ....
INGAME_DIAL_RAUL_SITUATION_02,…Agak menghiburkan juga. Potensi kau aku akui.
INGAME_DIAL_RAUL_SITUATION_03,Tapi masa bermain sudah berakhir.
CAMP_BATTLE_NOW_STAT,Status Pertempuran Paksi
CAMP_BATTLE_INFO,Maklumat Pertempuran Paksi
INGAME/SETUP/NAME_13,Kesatuan Serangan & Pertahanan
INGAME/SETUP/DESC_05,Kelajuan pengecasan Raul meningkat sebanyak {0}%.
INGAME/SETUP/NAME_14,Bunga Naga
INGAME/SETUP/NAME_15,Kekuatan Stabil
INGAME/SETUP/NAME_16,Colosseum Liar
INGAME/SETUP/NAME_17,Eclipse
INGAME/SETUP/NAME_18,Jiwa Spartan
INGAME/SETUP/NAME_19,Menunggang Ombak
INGAME/SETUP/NAME_20,Bara Abyss
MY_ROUND_SKILL,Kemahiran Pusingan Milik Saya
CAMP_SIWOO_DESC,White Storms akan bermain menentang Inferno Nero.
CAMP_RAUL_DESC,Inferno Nero akan bermain menentang White Storms.
COMMON/BOTTOM,Bawah
COMMON/MIDDLE,Tengah
COMMON/TOP,Atas
SCORING_UI,UI Skor
SCORING_UI/DES,Tetapkan UI Skor
SCORING_MASTERY_UI,Paparan Skor Penguasaan
SCORING_MASTERY_UI/DES,Paparkan kesan skor khas untuk pemain yang mempunyai Penguasaan.
SCORED_ALERT,Skor
SCORED_ALERT2,{0} menjaringkan mata
SCORE_CATEGORY,Skor
SETTING/PREFERENCE/SPIKE_CINEMATIC,Sinematik Spike
SETTING/PREFERENCE/SPIKE_CINEMATIC/DES,Mengaktifkan peralihan kamera serta-merta dan kesan gerak perlahan semasa melakukan spike.
NO_ENOUGH_CONTRIBUTION,Sumbangan peribadi tidak mencukupi
SIF/LINE,Awak kuat. Tapi Raul jauh lebih kuat berkali ganda.
SIF/NICKNAME,Setter Terbaik Phantom League
CLAIRE/LINE,"Maaf, tahap kita berdua terlalu jauh bezanya."
CLAIRE/NICKNAME,Nombor 2 Phantom League
NEED_POINT,Sekurang-kurangnya {0} Mata Sumbangan Pusingan diperlukan untuk menuntut ganjaran mingguan.
NOT_YET,Sebelum Bermula
INGAME_DIAL_ALLSTAR_SITUATION_01,"Gasp, gasp... Saya tak boleh..."
INGAME_DIAL_ALLSTAR_SITUATION_02,Siwoo! Awak tak apa-apa? Awak nampak tak sihat!
INGAME_DIAL_ALLSTAR_SITUATION_03,Siwoo!!
INGAME_DIAL_ALLSTAR_SITUATION_04,…Adakah ini hiperventilasi! Adakah dia memaksa dirinya terlalu keras?
INGAME_DIAL_ALLSTAR_SITUATION_05,Sejak awal saya rasa ada yang tidak kena.. #Zero! Kita perlu gantikan Siwoo sekarang juga!
INGAME_DIAL_ALLSTAR_SITUATION_06,"Saya baru nak mula seronok. Apa benda rupa itu, Siwoo?"
INGAME_DIAL_ALLSTAR_SITUATION_07,…Sudahlah. Dari awal aku tak pernah harap apa-apa daripada sampah separuh masak macam kau.
INGAME_DIAL_ALLSTAR_SITUATION_08,"Sampah yang tak membantu pasukan, berambus dari gelanggang sekarang."
INGAME_DIAL_ALLSTAR_SITUATION_09,Dan tengoklah bagaimana pasukan kau hancur lebur.
INGAME_DIAL_ALLSTAR_SITUATION_10,Kaki saya terasa berat…
INGAME_DIAL_ALLSTAR_SITUATION_11,Adakah ini benar-benar had saya?
INGAME_DIAL_ALLSTAR_SITUATION_12,Tapi saya tak boleh tumbang di sini…
UNDERDOG_BONUS,Bonus Underdog
UNDERDOG_BONUS_DES_4,Bonus Underdog akan diaktifkan selepas Hari ke-{0} Pusingan.
UNDERDOG_BONUS_DES,"Bergantung pada perbezaan Mata Paksi, pasukan dengan mata lebih rendah mungkin menerima Bonus Underdog."
UNDERDOG_BONUS_DES_1,"Apabila Sumbangan diperoleh, Mata Paksi yang diberikan kepada paksi anda meningkat."
UNDERDOG_BONUS_DES_2,Status Bonus Underdog akan dikemas kini berdasarkan hasil yang diterbitkan setiap jam.
UNDERDOG_BONUS_DES_3,Perbezaan Mata Paksi kurang daripada {0}%p: Sumbangan x{1} digunakan.
UNDERDOG_BONUS_DES_5,Perbezaan Mata Paksi {0}%p atau lebih: Sumbangan x{1} digunakan.
BUY_AFTER_PREMIUM_PASS,Tersedia selepas membeli Premium Pass.
BSPCOIN_SHOP/ALERT1,Tukar item edisi terhad acara dengan Syiling Beast!
BSP_EXCHANGE_SHOP,Kedai Syiling Beast
BSP_COIN,Syiling Beast
BSP_COIN_DESC,Mata wang acara yang boleh digunakan semasa tempoh acara Beast Spiker. #Digunakan untuk merekrut Pemain Acara. #Mata wang akan dipadamkan selepas acara tersebut tamat.
BEAST_PLAYER_RECRUIT_TICKET,Tiket Rekrut Pemain Beast Spiker
BEAST_PLAYER_RECRUIT_TICKET_DESC,"Tiket rekrut yang boleh digunakan semasa tempoh acara. #Digunakan untuk merekrut Pemain Acara. #Selepas acara berakhir, ia akan ditukar kepada Tiket Rekrut Pemain Biasa."
CAMP_INTRO_DES_1,"Pertandingan All-Star Phantom League kini bermula.#White Storms sedang melaju dalam perlumbaan kejuaraan, menumbangkan pasukan legenda satu demi satu.#Dan kini, muncul pasukan gergasi mutlak — Inferno Nero, yang dipimpin oleh Raul, salah satu daripada lima spiker terbaik dunia.#Pada saat ini, perlawanan yang akan menentukan nasib kedua-dua pasukan bakal bermula.#Kini hanya pilihan anda yang tinggal.##Pasukan manakah yang akan anda sertai di dalam gelanggang?"
WEEK,Minggu {0}
MASTERY_ACH_ALERT,Hanya perlawanan yang dimenangi akan direkodkan untuk cabaran.
CHECK_CAMP_INFO,Mahu menyemak maklumat Pertempuran Paksi?
ALERT/WEEK_RESET,Pusingan semasa telah tamat.
NOW_APPLIED,Sedang menerapkan kesan
CAMP_BATTLE/PERCENTAGE_HIDED,Sedang menunggu untuk diterbitkan
CAMP_BATTLE/PERCENTAGE_NOTLOADED,Menunggu kemas kini maklumat…
CAMP_BATTLE/PERCENTAGE_LEFTTIME,Sehingga status Mata Paksi diumumkan: {0}
CAMP_BATTLE/ROUND_LEFTTIME,Hingga akhir pusingan: {0}
CAMP_BATTLE/CHOOSE_CAMP,Sila pilih paksi anda.
CAMP_BATTLE/SEE_RECORD,Lihat Rekod
,
CAMP_BATTLE_DES,"Pertempuran Paksi Acara ialah mod kompetitif mingguan di mana Pusingan baharu bermula setiap minggu.#Apabila Pusingan bermula, anda boleh memilih paksi dan menyertai pertempuran minggu tersebut.##Sepanjang Pusingan, anda boleh bermain setiap hari,#dan memilih 2 Kemahiran Pusingan setiap hari untuk menguatkan pemain yang anda kawal.#Anda boleh memperoleh sehingga 10 Kemahiran Pusingan dalam satu Pusingan.##Anda boleh memperoleh sehingga 10 mata Sumbangan setiap hari.#Dengan Tiket Sumbangan Tambahan, anda boleh memperoleh sehingga 20 mata sehari.#Anda juga akan menerima ganjaran setiap kali anda mencapai 10 mata Sumbangan.##Pada akhir Pusingan,#mata Paksi keseluruhan dibandingkan, dan paksi dengan skor tertinggi menang.#Paksi yang menang menerima ganjaran tambahan."
CAMP_BATTLE/CHOOSE_CAMP,Pilih '{0}'
CAMP_POINT_UPDATE,Status Mata Paksi dikemas kini setiap jam.
MASTERY/ACHIEVED,{0} Dicapai!
BSP_LOGIN_BONUS,Pas Kehadiran Beast Spiker
PARTICIPATING,Sedang Menyertai
UNDERDOG,Underdog
ALERT/PLZ_LOAD_AGAIN,Gagal memuat data dari pelayan.#Sila cuba lagi.
ALERT/GO_BACK_SCREEN,Adakah anda ingin kembali ke skrin sebelumnya?
INGAME/MY_ROUND_SKILLS,Kemahiran Pusingan yang Dimiliki
CAMP_WAIT_3MIN,Sila tunggu sebentar. Data ganjaran sedang dikemas kini.
WHATS_ROUND_SKILL,Apakah itu Kemahiran Pusingan?
ROUND_SKILL_INFO,Pilih Kemahiran Pusingan untuk lihat maklumat lanjut!
TIME_DAY,{0}h
TIME_HOUR,{0}j
TIME_MINUTE,{0}m
TIME_SECOND,{0}s
TIME_MONTH,{0} Bulan
SYSTEM/ERROR_VERSION,Versi semasa ({0}) tidak tersedia. Sila kemas kini permainan.
COMMON/ROUND_SKILL_FACTION_ONLY,Hanya muncul apabila anda berada dalam paksi {0}.
UI/HIDE_REMOTE,Sembunyikan Panel
UI/VIEW_MODE,Mode Tonton
UI/CHAT_LOG,Log Chat
UI/NO_CHAT_LOG,Tiada Log Chat
12/10~ 윈터 홀리데이,
XMAS,Cuti Musim Sejuk
UI/SKIN_INFO,Anda boleh menukar skin di Tab Pengurusan Pemain. Beberapa efek dan ciri-ciri mungkin berbeza.
PLAYER/LISIA/SKIN/RUDOLPH,Rudolph
PLAYER/LISIA/SKIN/RUDOLPH/DES,"Ketika berlari membawa kotak hadiah, Lisia ternampak cekak Rudolph di tingkap kedai hiasan lalu terus membelinya dan memakainya. Kononnya, para pengkaji sependapat bahawa kecomelannya berganda pada saat itu."
SKIN_NEED_PLAYER,"Untuk menggunakan skin pemain, anda perlu memiliki pemain tersebut."
NAME/TEAM_106,Phantom Junior
NAME/TEAM_107,Team Elegance
NAME/TEAM_108,Team Protezione
NAME/TEAM_109,Blue Dragon Festival
NAME/TEAM_110,Tiny Cactus
PHANTOM_LEAGUE_TIP_27,Serang dan Lompat semua pemain meningkat.
LISIA_SKIN_SKYSERVE_DESC,*Sepatutnya tak boleh servis guna dua tangan. Tapi senyuman manis Lisia tu... siapa nak marah?
PRODUCT/EXCLUDE_HAIR_SHOES,Rambut dan kasut tidak termasuk.
12/25~ 타이거아이즈,
TIGER_EYES_VOUCHER_DESC_3,Anda tiada Tiket Kemasukan Tambahan. Adakah anda mahu membelinya?
TIGER_EYES_VOUCHER_DESC_4,Tiada Tiket Kemasukan Tambahan yang tersedia.
KMK_CHANGE_DIFFICULTY_DES,Tahap kesukaran dipilih: {0}#Adakah anda mahu memilih tahap ini?
KMK_CHANGE_DIFFICULTY_RESET_STAGE,"Tahap kesukaran dipilih: {0}#Menukar kesukaran akan mengekalkan dua kad pertama yang anda pilih, tetapi menetapkan semula kemajuan peringkat.#Mahu meneruskan?"
KMK_ENTER_GAME_TICKET_DES,Beli Tiket Kemasukan Tambahan dan tuntut ganjaran selepas memenangi perlawanan!
KMK_SELECT_DIFFICULTY_DES,Tahap kesukaran semasa
KMK_SELECT_CARD_COMPLETE_DES,Pemilihan kad untuk Peringkat {0} selesai
KMK_PLAYING_DES_2,Peringkat sedang berlangsung
KMK_PLAYING_DES,Peringkat sedang berlangsung – Kad telah ditetapkan
KMK_STAGE_1_TITLE,Cabaran Mudah
KMK_STAGE_2_TITLE,Cabaran Biasa
KMK_STAGE_3_TITLE,Cabaran Sukar
KMK_SELECT_CARD_TITLE,Sila pilih 2 kad.
KMK_SELECT_CARD_DES,Perlawanan bermula dengan kad yang dipilih selepas disahkan.
CARD_CONFIRM,Sahkan Kad
CARD_STOP,STOP
KMK_NO_SELECT_DIFFICULTY_DES,Anda boleh masuk selepas memilih tahap kesukaran.
KMK_NO_SELECT_CARD_DES,Tiada kad dipilih.#Pilih kad dan menangi perlawanan!
SELECTING_CARD,Memilih Kad untuk Peringkat {0}
SELECT_CARD_COMPLETE,Pemilihan Kad untuk Peringkat {0} Selesai
ENTER_STAGE,Memasuki Perlawanan Peringkat {0}
WIN_STAGE,Menang Perlawanan Peringkat {0}
,
COLOSSEUM/CARD/NAME_93,Terobos Had
COLOSSEUM/CARD/DES_93,"Selepas melompat, kehilangan {n1}% stamina pasukan yang berbaki. Nilai ini ditukar kepada {STR} untuk rali ini."
COLOSSEUM/CARD/NAME_94,Chance Receive
COLOSSEUM/CARD/DES_94,"Selepas penerimaan, apabila rakan sepasukan lain membuat sentuhan kedua, pulihkan {n1} stamina pasukan dan hasilkan Bola Peluang."
COLOSSEUM/CARD/NAME_95,Red Sprite
COLOSSEUM/CARD/DES_95,{JMP} ditetapkan kepada {n1}.
COLOSSEUM/CARD/NAME_96,Masa Teh
COLOSSEUM/CARD/DES_96,Semua kesan pemulihan stamina pasukan meningkat {n1}%.
COMMON/SHOP_OR_CHANGE_SOMETIMES,Kadang-kadang boleh diperoleh dari Pertukaran atau Kedai.
COMMON/NO_MATCH_REWARD,Tiada ganjaran perlawanan.
COIN_SHOP,Kedai Syiling
TIGER_EYES,Mata Harimau
TIGER_EYES_DESC,"Setiap hari anda boleh bermain perlawanan acara pada kesukaran mudah / biasa / sukar.#Semua perlawanan menggunakan sistem 12 mata dan setiap kesukaran terdiri daripada 2 peringkat.#Sebelum perlawanan bermula, pilih kad kebolehan melalui skrin rolet.#Setiap peringkat memberikan 2 kad Colosseum, jumlah 4 kad.#Menukar kesukaran tidak menjejaskan kad yang dipilih, dan semua 4 kad digunakan pada peringkat kedua."
TIGER_COIN,Syiling Harimau
TIGER_COIN_DESC,Mata wang acara yang boleh digunakan semasa acara Tiger Eyes.#Boleh digunakan untuk rekrut pemain acara.#Akan luput selepas acara tamat.
PICKUP_PLAYER_RECRUIT_TICKET,Tiket Rekrut Pemain Pick-Up
PICKUP_PLAYER_RECRUIT_TICKET_DESC,Anda boleh merekrut pemain dari bahagian 'Pickup' dalam Kedai Rekrut.
EV2601_NORMAL_PASS,Pas Normal Tiger Eyes
EV2601_NORMAL_PASS_DESC,Dapatkan pelbagai item dan mata wang melalui pas.
EV2601_PREMIUM_PASS,Pas Premium Tiger Eyes
EV2601_PREMIUM_PASS_DESC,Pas log masuk acara dilanjutkan 3 hari dan membuka Premium Pass untuk memperoleh seragam terhad serta sejumlah besar mata wang.
EV2601_ROYAL_PASS,Pas Royal Tiger Eyes
EV2601_ROYAL_PASS_DESC,Buka Pas Royal untuk dapatkan tambahan 1 hari kehadiran acara dan ganjaran besar. Hanya boleh dibeli selepas membeli Pas Premium.
EV2601_PREMIUM_ROYAL_PASS,Pas Premium + Royal Tiger Eyes
EV2601_PREMIUM_ROYAL_PASS_DESC,Pakej yang membuka kedua-dua Pas Premium dan Pas Royal sekaligus.
TIGER_EYES_VOUCHER,Voucher Kemasukan Tambahan Tiger Eyes
TIGER_EYES_VOUCHER_DESC,Masuk ke perlawanan untuk menerima ganjaran penyelesaian sekali lagi.
NAME/TEAM_110,Pasukan Misteri
RECRUIT_TIGER_EYES_NISHIKAWA_TITLE,Rekrut Black Thunder Nishikawa
RECRUIT_TIGER_EYES_NISHIKAWA_FIRST,"Pengambilan pemain yang membolehkan anda mendapatkan pelbagai pemain, termasuk skin Black Thunder Nishikawa dan pemain Nishikawa."
RECRUIT_TIGER_EYES_HONGSI_TITLE,Rekrut Maid Hongshi
RECRUIT_TIGER_EYES_HONGSI_FIRST,"Pengambilan pemain yang membolehkan anda mendapatkan pelbagai pemain, termasuk skin Maid Hongshi dan pemain Hongshi."
RECRUIT_TIGER_EYES_ISABEL_TITLE,Rekrut Wedding Dress Isabel
RECRUIT_TIGER_EYES_ISABEL_FIRST,"Pengambilan pemain yang membolehkan anda mendapatkan pelbagai pemain, termasuk skin Gaun Pengantin Isabel dan pemain Isabel."
RECRUIT_TIGER_EYES_JAEHYUN_TITLE,Rekrut Training Jaehyun
RECRUIT_TIGER_EYES_JAEHYUN_FIRST,"Pengambilan pemain yang membolehkan anda mendapatkan pelbagai pemain, termasuk skin Training Jaehyun dan pemain Jaehyun."
TIGEREYESCOIN_SHOP/ALERT1,Tukar item terhad sepanjang acara Tiger Eyes!
TIGER_EYES_EXCHANGE_SHOP,Kedai Tiger Eyes
PLAYER/HONGSI/SKIN/MAID,Maid
TIGER_EYES_LOGIN_BONUS,Pas Log Masuk Tiger Eyes
TIP/BOSS/ALERT_22,"Apabila Isabel menerima spike, stamina pasukan dipulihkan dan statistik meningkat mengikut kekuatan spike."
ZOOM_IN,Zum Masuk
ZOOM_OUT,Zum Keluar
PLAYER/HONGSI/MAID/PICKUP,"Selamat datang, anak muda!"
EVENT_STORY,Cerita Acara
EVENT_DETAIL_INFO,Butiran Acara
NO_DAILY_TICEKT_TO_BUY,Anda telah melebihi had pembelian harian dan tidak boleh membeli.
TIGER_EYES_SIMPLE_INFO,"Sepanjang tempoh acara, selesaikan perlawanan acara setiap hari untuk mendapatkan Syiling Tiger!#Gunakan Syiling Tiger untuk memperoleh pemain baharu dan pelbagai item.#Perlawanan acara terdiri daripada 2 peringkat.#Pilih kad kebolehan sebelum peringkat bermula untuk digunakan dalam perlawanan."
NAME/TEAM_111,Green Hunter
NAME/TEAM_112,Blue Whale
NAME/TEAM_113,Black Bear
PLAYER/NISHIKAWA/BLACK_THUNDER/DES,"Hebat? Kalau begitu, buktikan."
NORMAL_SCOUT_DES,"Mata Scout boleh diperoleh melalui Pengambilan Pemain Biasa.#Melalui pengambilan ini, anda boleh memperoleh {0} Mata Scout."
PICKUP_PLAYER_SCOUT_POINT,Mata Scout Pemain Pick-up
PICKUP_PLAYER_SCOUT_POINT_DES_LEGACY,Anda boleh merekrut pemain pick-up yang anda inginkan secara terjamin menggunakan Mata Scout Pemain Pick-up.#Anda boleh memperolehnya melalui Pengambilan Pemain Pick-up.
EVENT_SKIN_SCOUT_POINT,Mata Scout Skin Acara
EVENT_SKIN_SCOUT_POINT_DES,Anda boleh mendapatkan skin pemain acara yang anda inginkan secara terjamin menggunakan Mata Scout Skin Acara.#Mata wang ini akan luput selepas tempoh acara tamat.
DAILY_ENTER_DONE,Ganjaran hari ini telah diperoleh. Tiket masuk tambahan diperlukan.
USE_2,Gunakan
CAN_NOT_BUY,Tidak dapat dibeli
SETTING/PREFERENCE/CAMERA_MOVEMENT,Pergerakan Kamera
SETTING/PREFERENCE/CAMERA_MOVEMENT/DES,Tetapkan gaya pergerakan kamera.
CAMERA_STYLE/OPPONENT_TEAM,Fokus pada Pasukan Lawan
SETTING/CAMERA_STYLE,Kamera
SETTING/EFFECT,Persembahan
01/23~ 한라의 신년맞이 출석 업데이트(02.13),
INVENTORY,Inventori
SORT_ORDER,Isih
GROUP_BY_TYPE,Kumpulan
DATE_DESC,Tarikh
NAME_ASC,Nama
AMOUNT_DESC,Kuantiti
RANK_DESC,Rank
PLAYER_CUSTOMIZING,Penyesuaian Pemain
MAINSCREEN_CUSTOMIZING,Persediaan Skrin Utama
PLAYER_SKIN,Skin Pemain
CARD_PACK,Pek Kad
ITEM,Item
CONSUMABLE,Item Guna Habis
ALERT/CONTENTS_RESET,Data kandungan yang sedang dimainkan telah dikemas kini. Kembali ke skrin utama.
SIGNATURE_ILLUST,Ilustrasi Signature
ALERT/DONT_KNOW_ERROR,Gagal memuat data disebabkan ralat yang tidak diketahui.
EMPTY_INVENTORY,Anda tidak memiliki item ini.
INVENTORY_BALL,Skin Bola Tampar
SETTING/PREFERENCE/FRAME_RATE,Kadar Bingkai Perlawanan
COMMON/FRAME_RATE,Kadar Bingkai
GAMEPAD_INPUT_DISABLED,Input teks tidak disokong menggunakan gamepad.
SETTING/PLAY/HAPTIC_INTENSITY,Intensiti Getaran
SETTING/PLAY/HAPTIC_INTENSITY/DES,Laraskan kekuatan getaran peranti.
LUNAR_NEW_YEAR,Daftar Masuk Tahun Baharu Hanra
LUNAR_NEW_YEAR_LOGIN_PASS,Acara Daftar Masuk Tahun Baharu Hanra
PRODUCT/EXCLUDE_UNIFORM_SHOES,Pakaian seragam dan kasut tidak termasuk.
CHECK_IN_DAY_COMPLETE,Daftar masuk hari ke-{0} selesai
USAGE_PERIOD_EXPIRED,Tempoh penggunaan telah tamat.
SETTING/PREFERENCE/FRAME_RATE/DES,"Tetapkan kadar bingkai dalam perlawanan. Untuk peranti spesifikasi rendah, 60 fps atau lebih rendah disyorkan."
SETTING/PREFERENCE/VARIABLE_FRAME_RATE,Benarkan Kadar Bingkai Berubah
SETTING/PREFERENCE/VARIABLE_FRAME_RATE/DES,"Jika kadar bingkai sasaran tidak dapat dikekalkan dengan baik atau berlaku penurunan fps, disyorkan untuk mengaktifkan pilihan ini."
WARNING/VARIABLE_FRAME_RATE_DES_01,Kadar bingkai dihadkan oleh tetapan peranti (contohnya mod penjimatan kuasa) dan dikunci pada {0} fps.
WARNING/VARIABLE_FRAME_RATE_DES_02,Sila semak mod penjimatan kuasa/pengoptimuman bateri/tetapan kadar segar semula.
WARNING/VARIABLE_FRAME_RATE_DES_03,Kadar bingkai tidak stabil. Disyorkan untuk menurunkan kadar bingkai sasaran atau mengaktifkan kadar bingkai berubah.
WARNING/VARIABLE_FRAME_RATE_DES_04,Kadar bingkai tidak stabil dan akan ditukar kepada kadar bingkai tetap. Sila semak tetapan VSync.
COMMON/POPUP/GUIDE,Anda boleh melaraskan nilai di atas dan menyemak nilai ramalan mengikut tahap di bahagian bawah.
COMMON/HIGHEST,Tertinggi
02/19~ 제로투원 업데이트(02.23),
PLAYER/ZERO/SKIN/STREET_ARTIST,Street Artist
PLAYER/ZERO/SKIN/STREET_ARTIST/DES,"Tunggu~ Sedang rakam sekarang~!#Suatu hari ketika dia pening memikirkan cara mengembangkan Phantom League, adik perempuannya tiba-tiba menyerbu masuk. Tanpa sempat bertanya apa-apa, dia ditarik keluar—rupanya untuk merakam video pendek bersama?!"
GRAFFITI_BALL,Graffiti King
GRAFFITI_BALL/DES,Bola yang dibawa Serena untuk rakaman video pendek. Sarat dengan cita rasanya yang gemar gaya mencolok.
ZERO_TO_ONE_PASS_LOGIN_BONUS,Acara Log Masuk Zero to One
EV2603_PREMIUM_PASS,Pas Premium Zero to One
EV2603_PREMIUM_PASS_DESC,Pas log masuk acara dilanjutkan 3 hari dan membuka Pas Premium untuk mendapatkan skin Street Artist Zero serta ganjaran yang melimpah.
EV2603_NORMAL_PASS,Pas Biasa Zero to One
EV2603_NORMAL_PASS_DESC,Ini ialah Normal Pass yang membolehkan anda memperoleh pelbagai item dan mata wang dengan melengkapkan daftar masuk dalam tempoh.
EV2603_PREMIUM_PASS_2,Zero to One#Pas Premium
EV2603_NORMAL_PASS_2,Zero to One#Pas Biasa
ZERO_TO_ONE_PASS,Pas Zero to One
STREET_ARTIST_UNIFORM,Pakaian Jalanan Graffiti Idol
STREET_ARTIST_UNIFORM/DES,"Pakaian Zero yang digayakan sempurna dalam gaya artis grafiti oleh sentuhan Serena. Walaupun penuh dengan cita rasa adik perempuannya, tiada pakaian yang tidak mampu digayakan oleh bakal ‘Star of the Court’. #Baiklah, persiapan penggambaran sudah lengkap. Kini tiba masanya untuk menyerlahkan pesona!"
STREET_ARTIST_SHOES,But Kickflip
STREET_ARTIST_SHOES/DES,
BGM_SANGHYEON_ON_AIR2_DESC,"CHAPTER 4. #「Apakah bola tampar itu, jika bukan perniagaan?」"
BGM_BAD_SANGHYEON2_DESC,"CHAPTER 4. #「Untuk titisan peluh yang berkilauan, demi detik yang gemilang!」"
PLAYER/LUCAS/PICKUP,Tengoklah. Aku akan menangkan set ini!
PLAYER/ZERO/PICKUP,Aku akan menjadikanmu seorang superstar.
02/23~ 윈드스파이커(03.26),
APPLY_COSTUME_SHOP,Boleh digunakan di Kedai Penyesuaian
APPLY_PLAYER_DETAIL,Boleh digunakan di Skrin Butiran Pemain
CATEGORY,Kategori
CUSTOMIZE_UNIFROM,Uniform Tersuai Pemain
CUSTOMIZE_HAIR,Gaya Rambut Tersuai Pemain
CUSTOMIZE_SHOES,Kasut Tersuai Pemain
CUSTOMIZE_BALL,Bola Tampar Tersuai Pemain
CUSTOMIZE_PLAYER_SKIN,Skin Pemain
USAGE_PERIOD,Tempoh Sah
UNLIMITED,Tanpa Had
NOW_APPLYING,Telah Digunakan
CLEAR_APPLYING,Tanggalkan
CONTROL_PLAYER,Pemain Kawalan
FEVER_POINT,Mata Fever
NAME/TEAM_114,Simpanan Black Lions
NAME/TEAM_115,Ashville Weasels
CLAIM_ACHIEVE_REWARD,Tuntut Ganjaran Pencapaian
ACHIEVE_REWARD,Ganjaran Pencapaian
EV2604,Acara Wind Spiker
EV2604_DESC,Misi 5 minggu yang dianjurkan oleh Sara dan Ashville Weasels! Selesaikan 7 misi setiap minggu untuk mendapatkan Syiling Wind.# Selesaikan 5 misi mingguan untuk menerima Syiling Wind bonus!
WEEKLY_MISSION,Misi Mingguan
INGAME/SETUP/NAME_21,Raja Kelajuan
INGAME/SETUP/NAME_22,Ultramarine
INGAME/SETUP/NAME_23,Lily of the Valley
INGAME/SETUP/NAME_24,Ace Tengah
SARA_WS/LINE_PICKUP,Serahkan bahagian belakang kepada saya.
SARA_WS/CHAPTER12_7,Raul tidak ada peluang menentang saya dengan keadaannya sekarang.
IRIS/NICKNAME,Penzalim yang Baik
IRIS/LINE_SHOW,"Fuh, nasib baik saya buat kuku saya semalam..."
YURI/NICKNAME,Pembuat Masalah
YURI/LINE_SHOW,"Hei, jangan takut sekarang. Nanti tak seronok kalau saya menang percuma."
RAUL/LINE_SHOW,"Diam, budak baru. Saya akan hancurkan awak."
WIND_SPIKER_LOGIN_BONUS,Pas Log Masuk Wind Spiker
EV2604_MISSION_1,Menangi {0} {1} kejuaraan
EV2604_MISSION_2,"Hanya dalam perlawanan yang anda menang, capai kelajuan spike terkumpul {0} km/j"
EV2604_MISSION_3,"Hanya dalam perlawanan yang anda menang, capai {0} mata tanpa sentuhan terkumpul"
INGAME/DELETE_MAIN/CONTENTS_ALERT,Pemain yang menyertai kandungan lain tidak boleh dilepaskan.
NIGHTMARE_ARENA,Arena Nightmare
ARENA,Arena
TIME_LIMIT_REACHED,Masa tamat
RECRUIT_WIND_SPIKER_SARA_TITLE,Pengambilan Sara
RECRUIT_WIND_SPIKER_SARA_FIRST,"Rekrut pelbagai pemain, termasuk Sara."
RECRUIT_WIND_SPIKER_IRIS_TITLE,Pengambilan Iris
RECRUIT_WIND_SPIKER_IRIS_FIRST,"Rekrut pelbagai pemain, termasuk Iris."
RECRUIT_WIND_SPIKER_YURI_TITLE,Pengambilan Yuri
RECRUIT_WIND_SPIKER_YURI_FIRST,"Rekrut pelbagai pemain, termasuk Yuri."
CLEAR_EVERY_MATCH,Selesaikan setiap perlawanan dalam had masa dan menangi <color={0}>Pusingan</color>!
CLEARED_ALL_STAGES,Anda telah menyelesaikan semua peringkat!
TOTAL_POINTS,Jumlah Mata
ARENA/NEXT_MATCH_SEN,Anda boleh memainkan semula peringkat terdahulu sehingga berpindah ke pusingan seterusnya atau had masa tamat.
ARENA_CARD_DRAW_ADDITIONAL,Cabutan Serpihan Mimpi+1
ARENA_CARD_DRAW_ADDITIONAL_DESC,Terima pilihan Serpihan Mimpi tambahan pada permulaan Pusingan pertama Arena Nightmare.
ARENA_CARD_PROBABILITY_UPGRADE,Peluang Pengaktifan Serpihan Mimpi+10%
ARENA_CARD_PROBABILITY_UPGRADE_DESC,Kadar pengaktifan Serpihan Mimpi meningkat sebanyak 10% di Arena Nightmare
ROUND_RESET_TICKET,Tiket Tetapan Semula Pusingan
ROUND_RESET_TICKET_DESC,Anda boleh mencuba semula pusingan di Arena Nightmare.
ROUND_TIME_EXTENSION_TICKET,Tiket Lanjutan Masa Pusingan
ROUND_TIME_EXTENSION_TICKET_DESC,Anda boleh melanjutkan had masa pusingan di Arena Nightmare.
ARENA_POINT,Mata Arena
ARENA_POINT_DESC,"Mata yang diperoleh apabila melepasi Arena. Jumlah perolehan meningkat mengikut pangkat dan kesukaran, dan ganjaran boleh didapati berdasarkan mata terkumpul."
WEEKLY_BLUEFLAME_GET,Perolehan Api Biru Mingguan
EXCHANGE_SHOP,Kedai Tukar
ARENA_POINT_SHOP,Kedai Tukar Mata Arena
BLUEFLAME_SHOP,Kedai Tukar Api Biru
EV2604_ACHIEVEMENT_CLAIM_AFTER_WEEKLY,Sila cuba semula selepas menuntut ganjaran misi mingguan.
EV2604_ACHIEVEMENT_CLAIM_CONFIRM,Adakah anda mahu menuntut Hadiah Pencapaian?
EV2604_EXCHANGE_SHOP,Pusat Pertukaran Syiling Wind
EV2604COIN_SHOP/ALERT1,Tukarkan barangan terhad semasa tempoh acara Windspiker!
BLUEFLAME_SHOP/ALERT1,Tukarkan Blue Flame yang diperolehi dari Colosseum dan Arena Nightmare dengan pelbagai barangan!
ARENA_SHOP/ALERT1,Tukarkan Mata Arena dengan pelbagai barangan!
NAME/TEAM_116,Bundang High OB
EV2604_COIN,Syiling Wind
EV2604_COIN_DESC,Mata wang acara yang boleh digunakan semasa acara Wind Spiker.#Boleh digunakan untuk rekrut pemain acara.#Akan luput selepas acara tamat.
NAME/TEAM_117,Pasukan Colosseum
DREAM_SHARD,Serpihan Mimpi
ARENA_RULE,Peraturan Arena
ARENA_RULE_DES_1,"Mainkan 3 pusingan secara berturutan, setiap satu terdiri daripada 3 perlawanan biasa dan 1 perlawanan bos.#Selepas pusingan bermula, anda mesti memenangi semua perlawanan dalam masa 15 minit, dan kedudukan akhir ditentukan berdasarkan mata terkumpul.#Semasa pusingan, giliran perlawanan sebelumnya diteruskan.#Selepas mengalahkan bos, anda boleh memilih mana-mana perlawanan dan mencuba semula sehingga masa tamat."
CANNOT_CHANGE_DIFFICULTY,"Sebaik sahaja bermula, ia tidak boleh ditukar semula sehingga cabaran selesai."
ARENA_REWARD,Ganjaran Arena
ROUND_REWARD,Ganjaran Pusingan
ARENA_PLAYER_LIST,Senarai Pemain yang Mengambil Bahagian
CHOOSE_ARENA_PLAYER,Pilih pemain untuk didaftarkan.
LOAD_FROM_PRESET,Muat Pratetapan
MY_DREAM_SHARD,Serpihan Mimpi yang Diperoleh
ROUND_RANK,Pangkat Pusingan
NOW_TEAM,Pasukan Semasa
DIFFICULTY_MULTIPLIER,Pengganda Kesukaran
RANK_MULTIPLIER,Pengganda Pangkat
ROUND_END,Pusingan Selesai
CHALLENGE_WITH_THIS_DREAM_SHARD,Serpihan Mimpi: {0}##Adakah anda mahu memilih Serpihan Mimpi ini?
CHALLENGE_WITH_THIS_DIFFICULTY,Tahap Kesukaran Dipilih: {0}##Adakah anda mahu mencabar pada tahap kesukaran ini?
ALERT/ARENA_EXTEND_TIME,Adakah anda ingin menggunakan tiket untuk melanjutkan masa pusingan?
GIVE_UP,Putus asa
EXTEND_TIME,Lanjutkan Masa
ALERT/ARENA_RESET_ROUND,Adakah anda ingin menyambung semula dari titik terakhir anda melepasi pusingan?
CONTINUE,Teruskan
NEW_GAME,Mulai dari awal
ARENA_COMPLETE,Arena Selesai
ARENA_PAGE_STATUS_ROUND_COMPLETED,Pusingan selesai
ARENA_REGISTER_PLAYER_POOL_CONFIRM,Adakah anda ingin mendaftar sebagai calon pemain Arena?#Ia tidak boleh diubah sehingga Arena tamat.
COMING_SOON,Akan Datang
GO_TO_NEXT_ROUND,Cabar Pusingan Seterusnya
EV2604_FILTER_EXPIRED_REENTER,Misi Minggu {0} telah bermula.#Sila masuk semula dari Skrin Utama.
EVENT_ENDED,Acara telah tamat.
PICKUP_EXPIRE_AT,Boleh rekrut sehingga {0}
PICKUP_SALE_START,Boleh rekrut mulai {0}
DREAM_SHARD_DES,"Setiap serpihan memberikan kesan tertentu yang menguatkan pasukan. Pada permulaan setiap peringkat, pilih 1 daripada 3 pilihan. Memperoleh Serpihan Mimpi yang sama meningkatkan tahap dan kekuatannya."
ALERT/ARENA_TIME_OVER,"Had masa telah tamat, anda tidak boleh mencuba semula peringkat ini."
UNIT_AFFIX/MAX_USE_COUNT,{0} kali
UNIT_AFFIX/CONDITION_TIME,{0} saat
MAP_PRACTICE,Gimnasium Sekolah
MAP_PROVINCIAL,Arena Kejohanan Wilayah
MAP_BEACH,Summer Splash
MAP_TOURNAMENT,Arena Kejohanan Kebangsaan
MAP_SUPERSTAR,Superstar Challenge
MAP_COLOSSEO,Colosseum Bola Tampar
MAP_NISHIKAWA,Gelanggang Valentia Spike
MAP_MURIM,Seonrim High
MAP_ROCKWELL,Gimnasium Kem Musim Sejuk Rockwell
MAP_SNOW,Tempat Bersalji
MAP_BLIZZARD,Kem Musim Sejuk Rockwell
MAP_CITY,Bandar Gelap
MAP_PHANTOM,Phantom League
MAP_BLUE_DRAGON_FESTIVAL,Festival Naga Biru
MAP_KING_MAKER,Phantom League (Lama)
MAP_ARENA,Arena Nightmare
MAP_PHANTOM_STAGE,Dewan Persembahan Liga Phantom
MAP_CHROMAKEY,Kunci Kroma
WEEKLY_ARENA_POINT,Ganjaran Arena Mingguan
WEEKLY_ARENA_POINT_DES,Ganjaran serta-merta selepas Arena selesai
ARENA_FAIL_TIME,Gagal dalam cabaran kerana tidak menamatkan semua peringkat <color={0}>Pusingan</color> dalam had masa.
ARENA_NEED_ROUND_COMPLETE,Had masa telah tamat. Selesaikan <color={0}>Pusingan</color> dan tuntut ganjaran anda.
ARENA_ASK_ROUND_COMPLETE,Selesaikan pusingan dan tuntut ganjaran?
ARENA_ASK_ROUND_START,Mulakan pusingan seterusnya?
ARENA_PLAYER_RANDOM_SELECT,Rawak
APPLIED_TARGETS,Berkuat kuasa pada {0} pasukan kita
TERMS,Setuju dengan Terma dan Syarat SUNCYAN
PRIVACY,Setuju dengan Pengumpulan dan Penggunaan Maklumat Peribadi
AGREE_ALL,Setuju Semua
NEED_AGREEMENT,Sila setuju dengan syarat.
CHECK_DETAIL_REWARD,Lihat Butiran Ganjaran
EV2605_BANNER_TITLE,Acara Ulang Tahun ke-8!
EV2605_BANNER_DESC,Bertandinglah melawan Phantoms Band yang muncul secara mengejut dalam kejohanan dan dapatkan ganjaran kemenangan terhad selepas perlawanan.
NAME/TEAM_118,Fantom
PHANTOM_STAMP,Setem Phantoms
PHANTOM_STAMP_DESC,Item yang boleh diperoleh dengan memenangi perlawanan kejohanan di mana Phantoms menyerbu semasa Acara Ulang Tahun ke-8. Anda boleh memperoleh pelbagai ganjaran berdasarkan jumlah setem yang dikumpulkan.
PHANTOM_BAND_ENTER_CONFIRM_DES,"Pasukan Phantoms telah menyerbu! Mahu bertanding dengan Pasukan Phantoms? #Dalam perlawanan ini, anda memperoleh 1 Kad Keupayaan Koloseum setiap kali menjaringkan 2 mata. (Maks 5) #Apabila menang, anda boleh memperoleh ganjaran rawak bersama setem. ##Jika memilih ""Kejohanan Biasa"", perlawanan akan berlangsung sebagai perlawanan kejohanan."
TOURNAMENT_NORMAL,Kejohanan Biasa
EV2605,Konsert Phantoms Ulang Tahun ke-8
EV2605_DESC,"Semasa perlawanan kejohanan, Fantom boleh menyampuk secara rawak!#Menang menentang Fantom untuk mendapatkan Setem Phantoms dan ganjaran rawak."
EV2605_DESC_2,"· Setem Phantoms dan ganjaran hanya diberi jika menang.#· Anda boleh memperoleh sehingga 3 Setem Phantoms sehari. Selepas memperoleh 3, Fantom tidak akan menyampuk lagi hari ini."
NOW_STAMP,Setem Terkumpul
PHANTOMS_ENCOUNTER,Pencerobohan Phantoms!
PLAYER/ELLIO/SKIN/8TH,Bintang Encore
PLAYER/ELLIO/SKIN/8TH/DES,"Jika dia memilih muzik dan bukannya bola tampar, mungkin dia akan berdiri di atas pentas.#Seorang pemuzik genius yang menguasai pentas di bawah sorotan lampu yang gemerlap. ...Bukankah ini lebih sesuai dengannya?"
PLAYER/ELLIO/SKIN/8TH/PICKUP_LINE,Anda boleh menantikan persembahan saya.
COMMON/PRESS_HOLD_OPEN,Tekan dan tahan
COMMON/SWIPE_OPEN,Leret
COMMON/CHEERING,Kesan Bunyi Sorakan
SETTING/SOUND/CHEER_SERVE,Bunyi Sorakan Servis
SETTING/SOUND/CHEER_SERVE/DES,Tetapkan bunyi sorakan semasa servis.
SETTING/SOUND/CHEER_RALLY,Bunyi Sorakan Semasa Rally
SETTING/SOUND/CHEER_RALLY/DES,Tetapkan bunyi sorakan semasa rally.
SETTING/SOUND/CHEER_RALLY_END,Bunyi Sorakan Tamat Rally
SETTING/SOUND/CHEER_RALLY_END/DES,Tetapkan bunyi sorakan pada akhir rally.
RECRUIT_MIDNIGHT_HARI_TITLE,Pengambilan Pemain Midnight Hari
RECRUIT_MIDNIGHT_HARI_FIRST,"Pengambilan pemain yang membolehkan anda mendapatkan pelbagai pemain, termasuk skin Midnight Hari dan pemain Hari."
RECRUIT_MIDNIGHT_HARI_FIRST_VPOINT,"Pengambilan pemain yang membolehkan anda mendapatkan pelbagai pemain, termasuk skin Midnight Hari dan pemain Hari, dengan menggunakan Mata V dan Tiket Rekrut Pemain Pick-Up."
RECRUIT_MIDNIGHT_HARI_FIRST_PHANTOMS_RECRUIT_TICKET,"Pengambilan pemain yang membolehkan anda mendapatkan pelbagai pemain, termasuk skin Midnight Hari dan pemain Hari, dengan menggunakan Tiket Rekrut Pemain Pick-Up Phantoms."
RECRUIT_SHOOTING_STAR_JENNY_TITLE,Pengambilan Pemain Shooting Star Jenny
RECRUIT_SHOOTING_STAR_JENNY_FIRST,"Pengambilan pemain yang membolehkan anda mendapatkan pelbagai pemain, termasuk skin Shooting Star Jenny dan pemain Jenny."
RECRUIT_SHOOTING_STAR_JENNY_FIRST_VPOINT,"Pengambilan pemain yang membolehkan anda mendapatkan pelbagai pemain, termasuk skin Shooting Star Jenny dan pemain Jenny, dengan menggunakan Mata V dan Tiket Rekrut Pemain Pick-Up."
RECRUIT_SHOOTING_STAR_JENNY_FIRST_PHANTOMS_RECRUIT_TICKET,"Pengambilan pemain yang membolehkan anda mendapatkan pelbagai pemain, termasuk skin Shooting Star Jenny dan pemain Jenny, dengan menggunakan Tiket Rekrut Pemain Pick-Up Phantoms."
8TH_ANNIVERSARY_LOGIN_BONUS,Bonus Kehadiran Ulang Tahun ke-8
EV2605_NORMAL_PASS,Pas Log Masuk Ulang Tahun Ke-8
EV2605_NORMAL_PASS_DESC,Anda boleh mendapatkan Tiket Rekrut Pemain Pick-Up Phantoms dan uniform terhad.
PLAYER/JENNY/SKIN/SHOOTING_STAR,Shooting Star
PLAYER/JENNY/SKIN/SHOOTING_STAR/DES,"Bagaimana jika anak panah takdir meleset sedikit sahaja? Di dunia selari, Jenny mungkin memegang mikrofon menggantikan bola tampar dan tersenyum ceria menggantikan wajah dinginnya.#Jenny menyanyikan lagu ciptaannya sendiri yang ditulis sepanjang malam di hadapan lautan penonton. ...Seorang bintang tetap bersinar di mana-mana sahaja!"
PLAYER/HARI/SKIN/MIDNIGHT,Midnight
PLAYER/HARI/SKIN/MIDNIGHT/DES,"Hari dari dunia selari. Dia masih kelihatan dingin dan tanpa ekspresi, tetapi saat mula bermain muzik, dia menjadi lebih bersemangat daripada sesiapa pun.#Ketika dia bermain dengan penuh keserasian bersama ahli kumpulannya dan tenggelam dalam persembahan, senyuman kecil kadangkala muncul di bibirnya... Dan senyuman seketika itulah yang membuatkan para peminat jatuh hati kepadanya."
PHANTOM_BAND_PLAYER_RECRUIT_TICKET,Tiket Rekrut Pemain Pick-Up Phantoms
PHANTOM_BAND_PLAYER_RECRUIT_TICKET_DESC,"Tiket rekrut yang boleh digunakan sepanjang tempoh acara Phantoms.#Ia boleh digunakan untuk Rekrut Pemain Pick-Up Phantoms, dan mata wang ini akan luput selepas acara tamat."
PHANTOM_BAND_SKIN_SCOUT_POINT,Mata Scout Kulit Phantoms
PHANTOM_BAND_SKIN_SCOUT_POINT_DESC,Anda boleh mendapatkan skin pemain Phantoms yang diinginkan secara pasti melalui Mata Scout Kulit Phantoms.#Mata wang ini akan luput selepas acara tamat.
GET_PHANTOMS_SKIN_SCOUT_POINT_DESC,Mata Scout Kulit Phantoms boleh diperoleh melalui Rekrut Pemain Pick-Up.#Anda boleh memperoleh {0} Mata Scout Kulit Phantoms melalui rekrut ini.
8HT_ANNIV_EVENT_POPUP_DESC,Lihat hadiah ulang tahun ke-8 yang penuh penghargaan serta pakej terhad!
8HT_ANNIV_EVENT_POPUP_PHANTOMS_DESC,Kumpulan Phantoms membuat kemunculan mengejut di kejohanan!
8HT_ANNIV_EVENT_POPUP_ATTENDANCE_DESC,Tiket Pick-Up untuk mendapatkan pemain terhad#Pelbagai hadiah!
PHANTOMS_PICKUP,Pick-Up Fantom
PHANTOMS,Fantom
8HT_ANNIV_EVENT_POPUP_IAP_TITLE,Pick-Up Fantom Kini Dibuka!
8HT_ANNIV_EVENT_POPUP_IAP_DESC,Pickup Skin Pemain Terhad Fantom#Jualan Pakej
PLAYER/HARI/MIDNIGHT/GACHA,…Selamat datang. Pentas ini disediakan khas untukmu.
PLAYER/JENNY/SHOOTINGSTAR/GACHA,Lagu apa yang paling kamu nak dengar? Cakap saja!
PHANTOMS_LIMITED_SKIN,Skin Terhad Fantom
웨스턴 26.05.22,
PLAYER/RYUHYUN/SKIN/RED_HOOD,Red Hood
PLAYER/RYUHYUN/SKIN/RED_HOOD/DES,"Seorang syerif kesepian yang tinggal di sebuah pekan kecil di sempadan, menyembunyikan masa lalu yang diselubungi misteri. Identitinya tidak diketahui, dia hanya menunjukkan kemahiran luar biasa apabila membanteras penjahat yang kejam."
PLAYER/SIF/SKIN/BOUNTY_HUNTER,Bounty Hunter
PLAYER/SIF/SKIN/BOUNTY_HUNTER/DES,"Jika ada penjenayah yang mengancam keamanan pekan, anda disyorkan untuk mengupahnya tanpa teragak-agak. Sebelum matahari terbenam, anda akan melihat kelibat sayu penjenayah yang diheret dalam keadaan diikat erat dengan tali."
PLAYER/CLAIRE/SKIN/GOD_FATHER,Godfather
PLAYER/CLAIRE/SKIN/GOD_FATHER/DES,"Pemimpin kegelapan yang telah menundukkan penjenayah dan pembelot yang tidak terkira banyaknya. Penjenayah yang liar seperti kuda liar pun tidak berani menyebut namanya sebarangan. Kata-katanya adalah undang-undang lorong belakang, dan tiada sesiapa boleh membantah penghakimannya."
EV2606,Western
EV2606_VOUCHER_DESC_3,Anda tiada Tiket Kemasukan Tambahan. Adakah anda mahu membelinya?
EV2606_VOUCHER_DESC_4,Tiada Tiket Kemasukan Tambahan yang tersedia.
EV2606_DESC,"Setiap hari anda boleh bermain perlawanan acara pada kesukaran mudah / sukar.#Semua perlawanan menggunakan sistem 12 mata dan setiap kesukaran terdiri daripada 2 peringkat.#Sebelum perlawanan bermula, pilih kad kebolehan melalui skrin rolet.#Setiap peringkat memberikan 2 kad Colosseum, jumlah 4 kad.#Menukar kesukaran tidak menjejaskan kad yang dipilih, dan semua 4 kad digunakan pada peringkat kedua."
EV2606_VOUCHER,Tiket Masuk Tambahan Western
EV2606_VOUCHER_DESC,Masuk ke perlawanan untuk menerima ganjaran penyelesaian sekali lagi.
EV2606_SIMPLE_INFO,"Sepanjang tempoh acara, selesaikan perlawanan acara setiap hari untuk mendapatkan Syiling Western! Melalui Syiling Western, anda boleh mendapatkan pemain baharu dan pelbagai item. #Perlawanan acara terdiri daripada 2 peringkat. Pilih kad keupayaan sebelum peringkat bermula untuk digunakan dalam perlawanan."
EV2606_EXCHANGE_SHOP,Kedai Syiling Western
RECRUIT_RED_HOOD_RYUHYUN_TITLE,Pengambilan Pemain Red Hood Ryuhyeon
RECRUIT_RED_HOOD_RYUHYUN_FIRST,Ini ialah pengambilan pemain yang membolehkan anda mengambil pelbagai pemain termasuk skin Red Hood Ryuhyeon dan pemain Ryuhyeon.
RECRUIT_RED_HOOD_RYUHYUN_FIRST_VPOINT,Ini ialah pengambilan pemain yang membolehkan anda mengambil pelbagai pemain termasuk skin Red Hood Ryuhyeon dan pemain Ryuhyeon dengan Mata V dan Tiket Pengambilan Pemain Pick-up.
RECRUIT_RED_HOOD_RYUHYUN_FIRST_COIN,Ini ialah pengambilan pemain yang membolehkan anda mengambil pelbagai pemain termasuk skin Red Hood Ryuhyeon dan pemain Ryuhyeon menggunakan Syiling Western.
RECRUIT_BOUNTY_HUNTER_SIF_TITLE,Pengambilan Pemain Bounty Hunter Sif
RECRUIT_BOUNTY_HUNTER_SIF_FIRST,Ini ialah pengambilan pemain yang membolehkan anda mengambil pelbagai pemain termasuk skin Bounty Hunter Sif dan pemain Sif.
RECRUIT_BOUNTY_HUNTER_SIF_FIRST_VPOINT,Ini ialah pengambilan pemain yang membolehkan anda mengambil pelbagai pemain termasuk skin Bounty Hunter Sif dan pemain Sif dengan Mata V dan Tiket Pengambilan Pemain Pick-up.
RECRUIT_BOUNTY_HUNTER_SIF_FIRST_COIN,Ini ialah pengambilan pemain yang membolehkan anda mengambil pelbagai pemain termasuk skin Bounty Hunter Sif dan pemain Sif menggunakan Syiling Western.
RECRUIT_GODFATHER_CLAIRE_TITLE,Pengambilan Pemain Godfather Claire
RECRUIT_GODFATHER_CLAIRE_FIRST,Ini ialah pengambilan pemain yang membolehkan anda mengambil pelbagai pemain termasuk skin Godfather Claire dan pemain Claire.
RECRUIT_GODFATHER_CLAIRE_FIRST_VPOINT,Ini ialah pengambilan pemain yang membolehkan anda mengambil pelbagai pemain termasuk skin Godfather Claire dan pemain Claire dengan Mata V dan Tiket Pengambilan Pemain Pick-up.
RECRUIT_GODFATHER_CLAIRE_FIRST_COIN,Rekrut pelbagai pemain termasuk Claire serta skin Godfather Claire menggunakan Syiling Western.
WESTERN_PICKUP,Pick-up Western
WESTERN_LIMITED_SKIN,Skin Terhad Western
ERROR_STAGE_ENTRY_FAILED,Gagal memasuki perlawanan. Sila cuba lagi.
EV2606_COIN,Syiling Western
EV2606_COIN_DESC,Ini ialah mata wang acara yang boleh digunakan sepanjang tempoh Acara Western. #Anda boleh melakukan Pengambilan Pemain Pick-up Acara. #Ia akan hilang selepas tempoh acara tamat.
EV2606_LOGIN_BONUS,Pas Kehadiran Western
WESTERN_SKIN_SCOUT_POINT,Mata Scout Skin Western
WESTERN_SKIN_SCOUT_POINT_DESC,Anda boleh mendapatkan skin pemain Western pilihan anda secara pasti melalui Mata Scout Skin Western. #Mata wang ini akan hilang selepas tempoh acara tamat.
GET_WESTERN_SKIN_SCOUT_POINT_DESC,Mata Scout Skin Western boleh diperoleh melalui Pengambilan Pemain Pick-up. #Anda boleh mendapat {0} Mata Scout Skin Western melalui pengambilan pemain ini.
MAP_WESTERN,Padang Pasir Penjenayah
SIGNATURE_MOTION,Gerakan Tandatangan
NAME/TEAM_119,Geng Phantoms
NAME/TEAM_120,Pemburu Ganjaran
NAME/TEAM_121,Penjenayah
SIGNATURE_MOTION/SKIN_UNIFORM_ONLY,Sila cuba selepas memakai jersi asas.
DISABLED,Dilumpuhkan
MY_DREAM_SHARD_STATUS,Ini ialah status perolehan Serpihan Mimpi yang muncul dalam cabaran ini.
DREAM_SHARD_NOT_OWNED,Anda tidak memiliki Serpihan Mimpi ini.
DECK,Dek
PLAYER/RYUHYUN/REDHOOD/GACHA,"Dah masuk kawasan aku, jadi kau dah bersedia, kan?"
PLAYER/CLAIRE/GODFATHER/GACHA,Saya akan buat tawaran yang tidak boleh ditolak.
PLAYER/SIF/BOUNTYHUNTER/GACHA,"Nampaknya bayaran malam ini agak lumayan, ya?"
EV2606_POPUP_DESC,"Temui Ryuhyeon, Sif, dan Claire berlatarkan padang pasir Western!"
INGAME/MOVE_2,Pergi
EV2606_POPUP_PLAY_TITLE,Perlawanan Acara Western!
EV2606_POPUP_PLAY_DESC,Menang dalam perlawanan dan dapatkan Syiling Western!
EV2606_POPUP_PICLKUP_TITLE,Pengambilan Pemain Pick-up Western Bermula!
EV2606_POPUP_PICLKUP_DESC,Pengambilan Skin Pemain Terhad Western dan #Jualan Pakej
EV2606_POPUP_ATTENDANCE_TITLE,Pas Kehadiran Western!
EV2606_POPUP_ATTENDANCE_DESC,Hadiah item terhad dan Syiling Western! #Pas Premium dan Pas Diraja dibuka!
NOW_CARD,Status Kad
SETTING/SOUND/SPATIAL_AUDIO,Audio Ruang
SETTING/SOUND/SPATIAL_AUDIO/DES,Mengaktifkan arah dan kesan ruang bunyi.
SETTING/SOUND/SPATIAL_AUDIO/OFF,Mati
SETTING/SOUND/SPATIAL_AUDIO/NORMAL,Normal
SETTING/SOUND/SPATIAL_AUDIO/STRONG,Kuat
SETTING/SOUND/Voice/DES,Tetapkan kelantangan dialog suara.
SETTING/SOUND/UI/DES,Tetapkan kelantangan bunyi UI seperti butang dan menu.
SETTING/SOUND/InGame/DES,Tetapkan kelantangan kesan bunyi yang dimainkan semasa perlawanan.
SETTING/SOUND/Skill/DES,Tetapkan kelantangan bunyi skill pemain dan kesan khas.
SETTING/SOUND/Voice,Suara
SETTING/SOUND/UI,Bunyi UI
SETTING/SOUND/InGame,Kesan Bunyi Perlawanan
SETTING/SOUND/Skill,Kesan Bunyi Skill
COMMON/TRIAL,Cuba
SETTING/SOUND/ENVIRONMENTAL_SOUND,Bunyi Ambien
SETTING/SOUND/ENVIRONMENTAL_SOUND/DES,Mengaktifkan efek suara berdasarkan persekitaran.
DREAM_SHARD_MIN_USE,Anda mesti membina dek dengan sekurang-kurangnya {0} {1}.
CHOOSE_DREAM_SHARD,Sila pilih Serpihan Mimpi untuk digunakan.
PLAYER_SUBSTITUTION_BONUS,Bonus Pertukaran
GET_ONE_DREAM_SHARD,Dapatkan hanya satu Serpihan Mimpi
GET_TWO_DREAM_SHARD,Tukar pemain dan dapatkan Serpihan Mimpi tambahan
CURRENT_REPLACE_COUNT,Jumlah: {0}
UPGRADE_BONUS,Bonus Peningkatan
DECK_CHANGED_CONFIRM,Konfigurasi dek telah berubah. Simpan perubahan?
DECK_IN_USE_ARENA,Dek yang digunakan di Arena tidak boleh diedit.
ALERT/ARENA_ROSTER_1,Anda mesti mendaftarkan 5 pemain bagi setiap posisi.
ALERT/ARENA_ROSTER_2,Anda mesti mendaftarkan sekurang-kurangnya seorang pemain yang dimiliki bagi setiap posisi.
PROFILE/PURCHASE_ITEM/ALERT,Item profil ini tidak boleh dibeli.
PROFILE/BACKGROUND/DES,Item latar belakang untuk menghias profil anda.
PROFILE/FRAME/DES,Item bingkai untuk menghias profil anda.
PROFILE/TITLE/DES,Item gelaran untuk menghias profil anda.
PROFILE/STICKER/DES,Item pelekat untuk menghias profil anda.
PROFILE/INFO/S_PLAYER/HEADER,Status Koleksi Pemain
PROFILE/INFO/S_PLAYER/BODY,Bilangan Pemain Gred S- ke atas
PROFILE/INFO/PLAY_HISTORY/HEADER,Rekod Permainan
PROFILE/INFO/PLAY_HISTORY/STORY,Kemajuan Cerita
PROFILE/INFO/PLAY_HISTORY/LEAGUE,Rekod Selesai Liga Tertinggi
PROFILE/INFO/PLAY_HISTORY/TOURNAMENT,Jumlah Kemenangan Kejohanan
PROFILE/INFO/PLAY_HISTORY/ARENA,Kesukaran Selesai Arena Tertinggi
PROFILE/INFO/ACHIEVEMENT/HEADER,Status Pencapaian
PROFILE/INFO/ACHIEVEMENT/BODY,Kemajuan Pencapaian
PROFILE/INFO/REPRESENTATIVE,Pemain Utama
PROFILE/ILLUST_ACTIVE,Aktifkan Ilustrasi
PROFILE/TAB/FRAME,Bingkai
PROFILE/TAB/TITLE,Gelaran
PROFILE/TAB/STICKER,Pelekat
PROFILE/SORT_ORDER/OWNED,Dimiliki
PROFILE/SAVE_CHANGES/DESC,Terdapat perubahan. Adakah anda ingin simpan?
PROFILE/SAVE_CHANGES/SAVE,Simpan
ARENA_FREE_REROLL_ADDITIONAL,Reroll Serpihan Mimpi+1
ARENA_FREE_REROLL_ADDITIONAL_DESC,"Pada permulaan setiap Pusingan Arena Nightmare, anda mendapat 1 reroll Serpihan Mimpi percuma."
PROFILE/PLAYER_ILLUST,Ilustrasi Pemain
PROFILE/CHANGE_PROFILE,Edit Profil
PROFILE/CHANGE_REPRESENTATIVE,Tukar Pemain Utama
PROFILE/INFO_OPTION_TITLE,Pilih Item Paparan
PROFILE/CHANGE_NICKNAME,Tukar Nama Panggilan
DREAM_SHARD_DESC,Serpihan Mimpi ini boleh digunakan semasa membina dek Arena Mimpi Ngeri.
PROFILE_CUSTOMIZING,Dekorasi Profil
PROFILE_STICKER_ROTATE,Putar
PROFILE_STICKER_RESIZE,Kecil / Besar
PROFILE/INFO_OPTION_TIER_WARNING,Kandungan yang belum dibuka kerana kekurangan tier tidak dipaparkan.
PROFILE/STICKER_MAX_COUNT/ALERT,Anda boleh meletakkan sehingga 10 pelekat.
ADD_TO_DECK,Masukkan ke Dek
REMOVE_FROM_DECK,Keluarkan daripada Dek
EDIT_DECK,Edit Dek
DREAM_DECK/TITLE,Edit Dek Serpihan Mimpi
DREAM_DECK/DES,Bina dek anda dengan menetapkan terlebih dahulu Serpihan Mimpi yang akan muncul sebagai calon dalam pilihan pengukuhan semasa cabaran.
PROFILE_STICKER_DESELECT,Nyahpilih
PRESET/INVALID_NAME,Aksara khas selain garis bawah serta perkataan yang tidak sesuai tidak dibenarkan.#Perkataan yang hanya terdiri daripada konsonan atau vokal juga tidak dibenarkan.
PROFILE/NICKNAME_INVALID/ALERT,Nama panggilan ini mengandungi perkataan yang tidak sesuai. Sila tukar nama panggilan anda.
ARENA/TIP,"Ini ialah mod permainan di mana anda membina senarai calon dengan pemain yang dimiliki dan pemain tetamu, membentuk pasukan secara rawak, lalu bermain perlawanan berturut-turut.#Tukar pemain semasa perlawanan, kumpulkan Serpihan Mimpi dan perkuat pasukan anda.#Selesaikan semua 3 pusingan bermasa untuk menamatkan cabaran."
ARENA_GUEST/TITLE,Tetamu Musim Arena
ARENA_GUEST/DES,"Dalam Arena, anda boleh menggunakan pemain tetamu yang ditetapkan tanpa mengira sama ada anda memilikinya atau tidak.#Senarai pemain tetamu akan berubah secara berkala, dan kemajuan Arena akan ditetapkan semula pada masa itu."
ALERT/ARENA_CONTINUE,"Jika anda memilih untuk meneruskan, anda tidak akan dapat mengedit senarai calon pemain atau dek Serpihan Mimpi.#Adakah anda mahu meneruskan?"
PROFILE/NICKNAME/ADJECTIVE1,Bersemangat
PROFILE/NICKNAME/ADJECTIVE2,Pantas
PROFILE/NICKNAME/ADJECTIVE3,Hebat
PROFILE/NICKNAME/ADJECTIVE4,Tenang
PROFILE/NICKNAME/ADJECTIVE5,Membara
PROFILE/NICKNAME/ADJECTIVE6,Berpengalaman
PROFILE/NICKNAME/ADJECTIVE7,Tajam
PROFILE/NICKNAME/ADJECTIVE8,Kebal
PROFILE/NICKNAME/ADJECTIVE9,Yakin
PROFILE/NICKNAME/ADJECTIVE10,Tidak Terhalang
PROFILE/NICKNAME/ADJECTIVE11,Genius
PROFILE/NICKNAME/ADJECTIVE12,Boleh Dipercayai
PROFILE/NICKNAME/ADJECTIVE13,Terbang
PROFILE/NICKNAME/ADJECTIVE14,Fleksibel
PROFILE/NICKNAME/ADJECTIVE15,Tepat
PROFILE/NICKNAME/ADJECTIVE16,Kental
PROFILE/NICKNAME/ADJECTIVE17,Gergasi
PROFILE/NICKNAME/ADJECTIVE18,Bersinar
PROFILE/NICKNAME/ADJECTIVE19,Sempurna
PROFILE/NICKNAME/ADJECTIVE20,Bertuah
PROFILE/NICKNAME/NOUN1,Pelatih
PROFILE/NICKNAME/NOUN2,Rookie
PROFILE/NICKNAME/NOUN3,Ace
PROFILE/NICKNAME/NOUN4,Kapten
PROFILE/NICKNAME/NOUN5,Pemain Serba Boleh
PROFILE/NICKNAME/NOUN6,Perejam
PROFILE/NICKNAME/NOUN7,Pembuat Servis
PROFILE/NICKNAME/NOUN8,Setter
PROFILE/NICKNAME/NOUN9,Libero
PROFILE/NICKNAME/NOUN10,Penyekat
PROFILE/NICKNAME/NOUN11,Penyerang
PROFILE/NICKNAME/NOUN12,Pertahanan
PROFILE/NICKNAME/NOUN13,Pemimpin
PROFILE/NICKNAME/NOUN14,Juara
PROFILE/NICKNAME/NOUN15,Bintang
PROFILE/NICKNAME/NOUN16,Wira
PROFILE/NICKNAME/NOUN17,Prospek
PROFILE/NICKNAME/NOUN18,Pelompat
PROFILE/NICKNAME/NOUN19,Perancang Permainan
PROFILE/NICKNAME/NOUN20,Pemain
PROFILE/NICKNAME_PLACEHOLDER,Masukkan nama panggilan.
INGAME/DELETE_MAIN/PROFILE_ALERT,Pemain yang didaftarkan dalam profil tidak boleh dilepaskan.
PROFILE/INFO_TITLE,Makluman
LEVEL_AFFIX,Level {0}
,
balance_factor_block_jump_weight,Pengganda Lompatan Blok
balance_factor_spike_jump_weight,Pengganda Lompatan Spike
balance_factor_swing_delay_weight,Pengganda Kelewatan Ayunan
balance_factor_hit_feint_speed_weight,Pengganda Kelajuan Feint
balance_factor_slide_fail_speed_weight,Pengganda Kelajuan Gagal Sliding
balance_factor_sliding_distance_weight,Pengganda Jarak Sliding
balance_factor_hit_feint_lppower_weight,Pengganda Kuasa Serangan Ringan Feint
balance_factor_receive_fail_speed_weight,Pengganda Kelajuan Kegagalan Penerimaan
balance_factor_block_charging_speed_weight,Pengganda Kelajuan Pengecasan Blok
balance_factor_slide_fail_direction_weight,Pengganda Arah Gagal Sliding
balance_factor_receive_fail_direction_weight,Pengganda Arah Kegagalan Penerimaan
balance_factor_blitz_spin_direction_weight,Pengganda Arah Blitz Spin
balance_factor_sliding_penetration,
balance_factor_swing_range,Pengganda Julat Ayunan
balance_real_jump_length,Jarak Lompatan Sebenar
balance_sliding_resistance,
balance_blocking_resistance,Perlindungan Blocking
balance_slow_time,Tempoh Slow
balance_slow_value,Pengganda Slow
balance_factor_strength_add_weight,Peningkatan Serang
balance_factor_defense_add_weight,Peningkatan Pertahanan
balance_factor_speed_add_weight,Peningkatan Kelajuan
balance_factor_jump_add_weight,Peningkatan Lompat
balance_factor_height_add_weight,Peningkatan Ketinggian
balance_factor_ball_speed_add_weight,Peningkatan Power Bola
balance_factor_stamina_decrease,Pengurangan Stamina
balance_factor_ball_horizontal_speed_add_weight,Peningkatan Power Mendatar Bola
skill_effect,Kesan Breakthrough
max_team_hp,HP Maks. Pasukan
max_enemy_hp,HP Maks. Lawan
ball_gravity,Graviti Bola
available_legacy_sliding,Guna Sliding Lama
SAME_AS_BEFORE,Sama seperti Sebelum Ini
MAINTENANCE,Penyelenggaraan
INFO,Maklumat
ANNOUNCEMENT,Berita
PATCH,Tampalan
URGENT,Segera
UPDATE,Kemas Kini
PROMOTION,Promosi
NEW_ANNOUNCEMENT,Semak pengumuman terkini!
NO_ANNOUNCEMENT,Pilih pengumuman#untuk melihat butiran.
NO_ANNOUNCEMENT_02,Tiada pengumuman.
NO_ANNOUNCEMENT_03,Nantikan berita baharu!
BALANCE_MODE_DES,"Mod Keseimbangan ialah mod permainan tersuai yang membolehkan anda bermain dengan pelarasan keseimbangan pada beberapa pemain dan ciri. Pelarasan keseimbangan yang digunakan berbeza mengikut versi, jadi sila semak perubahan bagi setiap versi."
BALANCE_MODE_COMMON,Umum
BALANCE_MODE_GAME_SETTING,Tetapan Perlawanan
NO_BALANCE_MODE_DATA,Tiada data mod keseimbangan.
MODE_COLLECTION,Koleksi Mod
GET_EV2607_SKIN_SCOUT_POINT_DESC,Mata Scout Kulit Memanaskan Badan boleh diperoleh melalui Rekrut Pemain Pickup.#Anda boleh mendapat {0} Mata Scout Kulit Memanaskan Badan melalui Rekrut Pemain ini.
RECRUIT_DIVER_DAVE_TITLE,Rekrut Pemain Dave Penyelam
RECRUIT_DIVER_DAVE_TITLE_FIRST_VPOINT,"Rekrut Pemain ini membolehkan anda merekrut pelbagai pemain, termasuk Kulit Dave Penyelam dan pemain Dave."
WARMINGUP_SKIN_SCOUT_POINT,Mata Scout Kulit Memanaskan Badan
WARMINGUP_SKIN_SCOUT_POINT_DESC,Anda boleh menjamin mendapatkan kulit pemain Memanaskan Badan yang anda mahu melalui Mata Scout Kulit Memanaskan Badan.#Mata wang ini akan luput selepas tempoh acara tamat.
WARMINGUP_PLAYER_RECRUIT_TICKET,Tiket Rekrut Pemain Pickup Memanaskan Badan
WARMINGUP_PLAYER_RECRUIT_TICKET_DESC,Tiket rekrut yang boleh digunakan semasa tempoh acara.#Digunakan untuk merekrut Pemain Acara.
EV2607_PICKUP,Pickup Memanaskan Badan
EV2607,Pemanasan Dave
EV2607_DESC,"Dave kembali bersama Sara dan Ayeon! Sepanjang acara, dapatkan pemain dan skin melalui pengambilan pemain terhad."
WARMINGUP_LIMITED_SKIN,Kulit Terhad Memanaskan Badan
ANNOUNCEMENT_LIST_LOAD_FAILED,Gagal memuatkan senarai pengumuman.
LIST,Senarai
ANNOUNCEMENT_RETRY,Sila cuba lagi.
INGAME/OLD_DATA/STORY_REMAKE,Ini adalah jumlah bilangan bintang yang diperoleh dalam setiap bab sebelum Kemas Kini Remake Cerita.
COMMON/TOUCH,Sentuh!
SUMMER TRAINING,
BEST_RECORD,Rekod Peribadi
NEW_BEST_RECORD,Rekod Peribadi Baharu!
NAME/TEAM_122,Delima Koral
NAME/TEAM_123,Safir Violet
CAMP_HANRA,Pasukan Delima Koral
CAMP_VIOLA,Pasukan Safir Violet
EV2608,Latihan Musim Panas
EV2608_DESC,Latihan Musim Panas ialah acara persaingan paksi dengan pusingan baharu setiap minggu. Kumpulkan Mata Kelapa melalui Pertempuran Paksi dan Latihan Neraka Dave untuk menyumbang kepada paksi anda.
EV2608_MISSION_MATCH_5000,Peroleh sekurang-kurangnya {1} Mata Kelapa dalam satu perlawanan [{0}]
EV2608_MISSION_TOTAL_80000,Capai sekurang-kurangnya {0} Mata Kelapa terkumpul
EV2608_MISSION_DSRUN_1M,Capai {1} mata terkumpul dalam [{0}]
EV2608_MISSION_DSRUN_BEST_100K,Capai skor tertinggi {1} dalam [{0}]
EV2608_MISSION_JOIN_4W_OR_WIN,Sertai selama 4 minggu berturut-turut atau menang 1 kali
PROFILE_STICKER_VIOLA,Stiker Viola
PROFILE_STICKER_HANRA,Stiker Hanra
PROFILE_TITLE_BELOVED_DISCIPLE_OF_DAVE,Murid Kesayangan Dave
PROFILE_FRAME_SAND_CASTLE,Istana Pasir
PROFILE_BG_SPARKLED_BEACH,Pantai Berkilauan
EV2608_COCONUT_POINT,Mata Kelapa
EV2608_COCONUT_POINT_DESC,"Mata yang boleh diperoleh daripada Perlawanan Paksi dan Latihan Neraka Dave.#Kumpulkan 5,000 Mata Kelapa untuk menuntut ganjaran harian. Mata Kelapa yang diperoleh akan ditambah kepada sumbangan paksi anda.#Mata Kelapa ditetapkan semula setiap hari.#Anda boleh menyumbang sehingga 50,000 mata sehari."
EV2608_COIN,Syiling Palma
EV2608_COIN_DESC,Mata wang acara yang diperoleh dalam Latihan Musim Panas.#Boleh digunakan untuk pertukaran di Kedai Acara.
EV2608_MISSION,Misi Latihan Musim Panas
EV2608_MISSION_DES,Misi acara yang berlangsung sepanjang Latihan Musim Panas.#Selesaikan misi untuk menerima ganjaran.
EV2608_MODE_SELECT_TITLE,Pilih Mod Latihan Musim Panas
EV2608_MODE_SELECT_GUIDE,Sila pilih mod latihan. Anda boleh mengumpul mata tanpa mengira mod.
EV2608_MODE_CAMP_TITLE,Pertempuran Paksi
EV2608_MODE_CAMP_DES,Mainkan perlawanan dengan menggabungkan pemain yang ditingkatkan dengan kemahiran pusingan.
EV2608_MODE_SPIKERUN_TITLE,Latihan Neraka Dave
EV2608_MODE_SPIKERUN_DES,Bertahan dalam latihan pantai Dave yang keras dan terima mata sebagai ganjaran.
EV2608_MODE_SELECT,Pilih Mod
EV2608_LOGIN_BONUS,Pas Kehadiran Latihan Musim Panas
,
,
EV2608_EXTRA_REWARD_TICKET,Tiket Ganjaran Tambahan
EV2608_EXTRA_REWARD_TICKET_DESC,"Item untuk membuka bahagian ganjaran yang terkunci. Bahagian yang dibuka ditetapkan semula pada hari berikutnya.#Had sumbangan paksi (50,000) tidak berubah dan anda boleh terus bermain."
EV2608_SPIKERUN_NO_REWARD,Tiada Ganjaran Perlawanan
EV2608_SPIKERUN_START,Mula Latihan!
EV2608_PLAY_DES,Perlawanan Pasukan
EV2608_TEAM_DAILY_CONTRIBUTION,Sumbangan Pasukan Hari Ini
EV2608_PERSONAL_COCONUT,Kelapa Peribadi
EV2608_DAILY_REWARD,Ganjaran Harian
EV2608_DAILY_REWARD_CLAIM_CONFIRM,Adakah anda ingin menuntut ganjaran?
EV2608_EXTRA_REWARD_TICKET_USE_INFO,"Tiket Ganjaran Tambahan membuka bahagian ganjaran yang terkunci. Bahagian yang dibuka ditetapkan semula pada hari berikutnya.##Had sumbangan paksi (50,000) tidak berubah dan anda boleh terus bermain."
EV2608_TEAM_CONTRIB_MAX_INFO,"Sumbangan paksi hari ini telah mencapai had maksimum (50,000).##Anda boleh terus bermain dan mengumpulkan Mata Kelapa peribadi.##Ganjaran yang terkunci boleh dibuka dengan Tiket Ganjaran Tambahan."
EV2608_CAMP_UNAVAILABLE,Paksi ini mempunyai ramai peserta. Sila pilih paksi lain.
EV2608_MODE_SPIKERUN_DES_DETAIL,"Latihan Neraka Dave ialah permainan mini berlari di pantai sambil mengelak halangan dan merejam.#Tiada Kemahiran Pusingan atau ganjaran perlawanan. Mata Kelapa dan Kredit diperoleh berdasarkan skor akhir.#Skor akhir ditukar kepada Mata Kelapa untuk menyumbang kepada paksi anda, sehingga 50,000 mata sehari."
EV2608_CAMP_INTRO_DES_1,"Latihan musim panas Dave, Latihan Musim Panas bermula.#Delima Koral ialah pasukan yang mengatasi lawan dengan semangat dan daya penerobosan.#Safir Violet ialah pasukan yang mengumpul kemenangan menerusi kerjasama tenang dan pertahanan.##Pilih satu pasukan dan selesaikan latihan Dave.#Pasukan manakah yang akan anda sertai untuk beraksi di gelanggang?"
CAMP_HANRA_DESC,Pasukan Delima Koral yang berteraskan semangat dan daya penerobosan.
CAMP_VIOLA_DESC,Pasukan Safir Violet yang mensasarkan kemenangan menerusi kerjasama tenang dan pertahanan.
EV2608_CAMP_BATTLE_DES,"Pertempuran Paksi Latihan Musim Panas ialah acara persaingan dengan pusingan baharu setiap minggu.#Apabila pusingan bermula, pilih Delima Koral atau Safir Violet untuk menyertai. Pilihan paksi tidak boleh diubah sepanjang pusingan itu.##Kumpulkan Mata Kelapa melalui dua mod sepanjang pusingan.##1. Pertempuran Paksi#Anda boleh bermain setiap hari sepanjang pusingan,#dan memilih sehingga 2 Kemahiran Pusingan sehari untuk menguatkan pemain yang dikawal.#Anda boleh memperoleh sehingga 10 kemahiran setiap pusingan.##Jumlah kelajuan rejaman pemain yang dikawal dalam perlawanan yang dimenangi diberikan sebagai Mata Kelapa.#Anda boleh memperoleh sehingga 5,000 mata setiap perlawanan.##2. Latihan Neraka Dave#Permainan mini berlari di pantai sambil mengelak halangan.#Tiada Kemahiran Pusingan atau ganjaran perlawanan. Mata Kelapa diperoleh mengikut skor larian.##Mata Kelapa ditukar kepada sumbangan paksi, sehingga 50,000 mata sehari.#Apabila pusingan tamat, Mata Kelapa pusingan tersebut ditetapkan semula.#Kumpulkan 5,000 Mata Kelapa setiap hari untuk menerima ganjaran harian.#Bahagian ganjaran yang terkunci boleh dibuka dengan Tiket Ganjaran Tambahan. Bahagian yang dibuka ditetapkan semula pada hari berikutnya.#Selepas mencapai had sumbangan paksi, anda masih boleh bermain dan mengumpulkan Mata Kelapa.##Apabila pusingan tamat,#paksi dengan sumbangan lebih tinggi menang.#Paksi yang menang menerima ganjaran tambahan. Anda mesti mencapai sekurang-kurangnya 25,000 mata sumbangan peribadi mingguan untuk menuntut ganjaran pusingan."
MINIGAME/PAUSE,Jeda
MINIGAME/CONTINUE,Teruskan Latihan
MINIGAME/GIVE_UP,Menyerah Latihan
MINIGAME/SPIKE,Rejaman
MINIGAME/SLIDE,Geluncur
MINIGAME/JUMP,Lompat
MINIGAME/SCORE,Skor
MINIGAME/TAP_INDICATOR,Ketuk!
STORYMODE_TIP_8,Peringkat tanpa perlawanan.
EV2608_EXCHANGE_SHOP,Kedai Syiling Palma
SUMMER_SKIN_SCOUT_POINT,Mata Scout Kulit Musim Panas
SUMMER_SKIN_SCOUT_POINT_DESC,Anda boleh memperoleh kulit pemain Latihan Musim Panas pilihan anda secara terjamin menggunakan Mata Scout Kulit Musim Panas.#Mata wang ini akan dilupuskan selepas tempoh acara berakhir.
EV2608_PICKUP,Rekrut Pilihan Latihan Musim Panas
RECRUIT_SUMMER_TRAINING_LUCAS_TITLE,Perekrutan Pemain Lucas Latihan Musim Panas
RECRUIT_SUMMER_TRAINING_LUCAS_FIRST,"Perekrutan pemain di mana anda boleh merekrut pelbagai pemain, termasuk kulit Lucas Latihan Musim Panas dan pemain Lucas."
RECRUIT_SUMMER_TRAINING_LUCAS_FIRST_VPOINT,"Perekrutan pemain di mana anda boleh merekrut pelbagai pemain, termasuk kulit Lucas Latihan Musim Panas dan pemain Lucas, menggunakan Mata V dan Tiket Perekrutan Pemain Pilihan."
RECRUIT_SUMMER_TRAINING_LUCAS_FIRST_COIN,"Perekrutan pemain di mana anda boleh merekrut pelbagai pemain, termasuk kulit Lucas Latihan Musim Panas dan pemain Lucas, menggunakan Syiling Palma."
RECRUIT_SUMMER_TRAINING_HANRA_TITLE,Perekrutan Pemain Hanra Latihan Musim Panas
RECRUIT_SUMMER_TRAINING_HANRA_FIRST,"Perekrutan pemain di mana anda boleh merekrut pelbagai pemain, termasuk kulit Hanra Latihan Musim Panas dan pemain Hanra."
RECRUIT_SUMMER_TRAINING_HANRA_FIRST_VPOINT,"Perekrutan pemain di mana anda boleh merekrut pelbagai pemain, termasuk kulit Hanra Latihan Musim Panas dan pemain Hanra, menggunakan Mata V dan Tiket Perekrutan Pemain Pilihan."
RECRUIT_SUMMER_TRAINING_HANRA_FIRST_COIN,"Perekrutan pemain di mana anda boleh merekrut pelbagai pemain, termasuk kulit Hanra Latihan Musim Panas dan pemain Hanra, menggunakan Syiling Palma."
RECRUIT_SUMMER_TRAINING_VIOLA_TITLE,Perekrutan Pemain Viola Latihan Musim Panas
RECRUIT_SUMMER_TRAINING_VIOLA_FIRST,"Perekrutan pemain di mana anda boleh merekrut pelbagai pemain, termasuk kulit Viola Latihan Musim Panas dan pemain Viola."
RECRUIT_SUMMER_TRAINING_VIOLA_FIRST_VPOINT,"Perekrutan pemain di mana anda boleh merekrut pelbagai pemain, termasuk kulit Viola Latihan Musim Panas dan pemain Viola, menggunakan Mata V dan Tiket Perekrutan Pemain Pilihan."
RECRUIT_SUMMER_TRAINING_VIOLA_FIRST_COIN,"Perekrutan pemain di mana anda boleh merekrut pelbagai pemain, termasuk kulit Viola Latihan Musim Panas dan pemain Viola, menggunakan Syiling Palma."
GET_EV2608_SKIN_SCOUT_POINT_DESC,Mata Scout Kulit Musim Panas boleh diperoleh menerusi Perekrutan Pemain Pilihan.#Anda boleh mendapat {0} Mata Scout Kulit Musim Panas menerusi perekrutan pemain ini.
PLAYER/LUCAS/SKIN/SUMMER_TRAINING,Latihan Musim Panas
PLAYER/LUCAS/SKIN/SUMMER_TRAINING/DES,"Melupakan sejenak fikiran yang berserabut dalam mindanya, Lucas memutuskan untuk bermain bola tampar pantai yang pernah dinikmatinya bersama keluarga semasa kecil. Walaupun dia kadang-kadang melakukan kesilapan kerana belum terbiasa... saat mendengar sorakan para peminat, Lucas tidak akan kalah kepada sesiapa pun."
PLAYER/HANRA/SKIN/SUMMER_TRAINING,Latihan Musim Panas
PLAYER/HANRA/SKIN/SUMMER_TRAINING/DES,"Hanra menuju ke pantai untuk percutian musim panas. Pada mulanya, dia tidak begitu berminat dengan bola tampar pantai, tetapi apabila diberitahu bahawa ini juga satu cara untuk meluaskan pandangan, dia mengangguk dan mengambil bola tampar. Sentiasa memberikan yang terbaik untuk apa sahaja yang telah diputuskannya adalah caranya yang tersendiri."
PLAYER/VIOLA/SKIN/SUMMER_TRAINING,Latihan Musim Panas
PLAYER/VIOLA/SKIN/SUMMER_TRAINING/DES,"Apabila gembira beraksi di bawah sinar matahari yang terik, tanpa disedari dia telah terpikat sepenuhnya dengan pesona bola tampar pantai. Selepas menunjukkan permainan yang hebat, dia akan mencuri-curi pandang ke sekeliling, tertanya-tanya sama ada Isabel akan memujinya."
ABILITY/CARD/NAME_160,Safir Violet
ABILITY/CARD/DES_160,Masa penyejukan Kemahiran Aktif semua pemain rakan sepasukan berkurang {n1}% lebih cepat
ABILITY/CARD/NAME_161,Delima Koral
ABILITY/CARD/DES_161,Tempoh Kemahiran Aktif semua pemain rakan sepasukan meningkat sebanyak {n1}%
EV2608_POPUP_DESC,"Latihan merentasi pantai yang panas! Temui Lucas, Hanra, dan Viola!"
EV2608_POPUP_PLAY_TITLE,Latihan Musim Panas!
EV2608_POPUP_PLAY_DESC,Menangi perlawanan dan menyumbang kepada paksi anda.
EV2608_POPUP_PICLKUP_TITLE,Perekrutan Pilihan Pemain Latihan Musim Panas Bermula!
EV2608_POPUP_PICLKUP_DESC,Perekrutan pilihan kulit pemain terhad Latihan Musim Panas dan#jualan pakej
EV2608_POPUP_ATTENDANCE_DESC,"Item terhad dan Syiling Palma diberikan!#Pas Premium, Pas Royal Dibuka!"
EV2608_CAMP_UNAVAILABLE_2,Paksi ini tidak boleh dipilih buat masa ini.
PLAY_MODE,Mod Latihan
EV2608_ROUND_ENDING_SOON_WARN,Pusingan akan tamat tidak lama lagi.##Perlawanan yang diselesaikan selepas pusingan tamat tidak memberikan Mata Kelapa.
SUMMER_TRAINING_LIMITED_SKIN,Kulit Terhad Latihan Musim Panas
EV2608_SHOP/ALERT1,Tukar Syiling Palma anda dengan barangan terhad acara!
CAMP_BATTLE/NEED_DATA_REFRESH,Gagal memuatkan maklumat paksi. Maklumat akan dikemas kini.
CAMP_NOT_FOUND,Paksi tidak wujud.
NOT_IN_RANGE_CAMP_BATTLE,Pertempuran Paksi tidak sedang berlangsung.
ALREADY_SELECT_CAMP,Anda telah memilih paksi.
리그&선물상자 26.08.26,
COMMON/COMBINATIOIN_APPLY/WS_LOCKED,Pemain di posisi WS tidak boleh ditukar. Adakah anda mahu menukar pemain di posisi lain sahaja?
COMMON/COMBINATIOIN_APPLY/MB_LOCKED,Pemain di posisi MB tidak boleh ditukar. Adakah anda mahu menukar pemain di posisi lain sahaja?
COMMON/COMBINATIOIN_APPLY/SE_LOCKED,Pemain di posisi SE tidak boleh ditukar. Adakah anda mahu menukar pemain di posisi lain sahaja?
COMMON/COMBINATION_APPLY/SELECT_TEAM,Hendak digunakan pada pasukan yang mana?
COMMON/COMBINATION_APPLY/NO_PLAYER,Anda tidak memiliki pemain yang diperlukan untuk kombinasi tersebut.
COMMON/COMBINATION_APPLY/LEFT,Gunakan pada pasukan sebelah kiri
COMMON/COMBINATION_APLLY/RIGHT,Gunakan pada pasukan sebelah kanan
INGAME/COLOSSEUM/SKIP_ALL_DIALOGUE,Mod Fokus
INGAME/COLOSSEUM/SKIP_ALL_DIALOGUE/DES_ON,Langkau semua dialog dan animasi kad kebolehan.
INGAME/COLOSSEUM/SKIP_ALL_DIALOGUE/DES_OFF,Paparkan semua dialog dan animasi kad kebolehan.
COMMON/LOAD,Muat
INGAME/FORMATION,Formasi Pertahanan
SETTING/BASIC_SOUND,Bunyi Asas
SETTING/ALL_SOUND,Kelantangan Utama
SETTING/ALL_SOUND/DES,Melaraskan kelantangan utama.
SETTING/INGAME_SOUND,Bunyi Permainan
SETTING/ENVIRONMENT_SOUND,Bunyi Persekitaran
SETTING/PLAY/DYNAMIC_JOYSTICK,Kayu bedik dinamik
SETTING/PLAY/DYNAMIC_JOYSTICK/DES,Kayu bedik akan muncul pada lokasi yang anda sentuh dalam kawasan kayu bedik yang ditetapkan.
CURRENT,Terkini
ALERT/STAGE_CANNOT_CHANGE_SOMETHING,Pentas ini tidak membenarkan anda menukar {0}.
WEEKLY_GIFT_BOX,Kotak Hadiah Mingguan
WEEKLY_GIFT_BOX/REWARD_LEFT,Ganjaran Boleh Diterima
WEEKLY_GIFT_BOX/REWARD_LEFT_UNIT,kali lagi
WEEKLY_GIFT_BOX/RULE,"{3} berpeluang muncul apabila anda menang perlawanan terakhir {0} atau {1}, atau menyelesaikan pusingan {2}."
LIMIT_DAILY,Had Harian
LIMIT_WEEKLY,Had Mingguan
WEEKLY_GIFT_BOX/WARNING,"Apabila mencapai {0} atau {1}, anda tidak boleh memperoleh {2} sehingga had ditetapkan semula."
WEEKLY_GIFT_BOX/LIMIT_RESET,Had ganjaran ditetapkan semula setiap hari/minggu pada {0} (UTC).
APPLIED_TARGETS_EXCEPT,Berkuat kuasa pada pemain pasukan kita kecuali {0}
COMMON/OBTAINABLE,Boleh Diperoleh
COMMON/UNOBTAINABLE,Tidak Boleh Diperoleh
WEEKLY_BLUEFLAME_GET_DETAIL,"Anda boleh memperoleh {2} dengan menang perlawanan terakhir {0} atau menyelesaikan setiap pusingan {1}.#Apabila mencapai {3}, anda tidak boleh memperoleh {2} lagi melalui cara ini."
WEEKLY_ARENA_POINT_DETAIL,"Setiap minggu, anda boleh memperoleh bonus {1} apabila pertama kali menyelesaikan pusingan terakhir {0}."
PHANTOM_LEAGUE_TIP_28,Ketinggian semua pemain meningkat.
PHANTOM_LEAGUE_TIP_29,Ketinggian jaring gelanggang meningkat.
엘리트 스테이지 & 시즌3 & 신규 모집,
엘리트룰,
ELITE_RULE,Peraturan Elit
ELITE_RULE/DEFENSE,Pertahanan Elit
ELITE_RULE/DEFENSE/DES,"Peraturan Elit memerlukan pertahanan yang tepat.#Semakin hampir masa Penerimaan atau Luncuran dengan saat pemain menyentuh bola, semakin tinggi ketepatannya, dan penilaian PERFECT, GREAT, GOOD atau BAD akan diberikan mengikut ketepatan.#Semakin hampir penilaian kepada PERFECT, semakin kurang kerosakan pada Stamina Individu dan Mental."
ELITE_RULE/DEFENSE_PERFECT,Pertahanan PERFECT
ELITE_RULE/DEFENSE_PERFECT/DES,Pertahanan Sempurna yang dilakukan dalam julat bingkai yang ditetapkan menangkis 100% serangan lawan dan membatalkan kebolehan khas.#Penerimaan Sempurna menghasilkan Hantaran A serta memulihkan sebahagian Stamina Individu dan Mental.#Penerimaan: dalam 1 bingkai#Luncuran: dalam 3 bingkai
ELITE_RULE/DEFENSE_GREAT,Pertahanan GREAT
ELITE_RULE/DEFENSE_GREAT/DES,"Pertahanan GREAT menangkis 80% serangan lawan.#Jika Stamina Individu tidak mencukupi, pertahanan boleh gagal walaupun mendapat penilaian GREAT."
ELITE_RULE/DEFENSE_GOOD,Pertahanan GOOD
ELITE_RULE/DEFENSE_BAD,Pertahanan BAD
ELITE_RULE/DEFENSE_BAD/DES,"Jika anda bertahan terlalu lewat, anda mungkin menerima penilaian BAD. Pertahanan BAD meningkatkan kerosakan pada Stamina Individu dan Mental pemain yang bertahan, jadi sebaiknya elakkan penilaian BAD semasa Penerimaan.#Semasa Luncuran, anda tidak akan menerima penilaian Pertahanan BAD."
ELITE_RULE/RECEIVE_COMMAND,Arahan Penerimaan
ELITE_RULE/RECEIVE_COMMAND/DES,"Dalam Peraturan Elit, tekan butang Menerima untuk mengarahkan masa penerimaan rakan sepasukan.#Jika tiada arahan diberikan sebelum tempoh penerimaan tamat, rakan sepasukan akan bertahan sendiri pada saat terakhir.#Bar masa pertahanan menunjukkan ketepatan arahan penerimaan atau keputusan automatik rakan sepasukan."
ELITE_RULE/EXHAUSTION,Keletihan
ELITE_RULE/EXHAUSTION/DES,"Pemain yang kehilangan semua Mental akan berada dalam keadaan Keletihan.#Semasa Keletihan, Stamina Individu dan Mental tidak akan pulih.#Keletihan boleh dihilangkan melalui pertukaran pemain atau timeout, dan pada masa itu Mental serta Stamina Individu akan pulih sepenuhnya."
ELITE_RULE/MENTALITY,Mental
ELITE_RULE/MENTALITY/DES,"Setiap pemain mempunyai Mental sendiri. Apabila habis, pemain menjadi Letih.#Mental berkurang mengikut Kekuatan serangan lawan, tetapi Pertahanan boleh mengurangkan kerosakan."
ELITE_RULE/INDIVIDUAL_STAMINA,Stamina Individu
ELITE_RULE/INDIVIDUAL_STAMINA/DES,"Setiap pemain mempunyai Stamina sendiri. Apabila Stamina rendah, bola akan melantun jauh walaupun pemain menerima atau meluncur untuk menahan serangan lawan."
RULE/ELITE_RECEIVE,Penerimaan Elit
RULE/MATCH_RULE,Peraturan Perlawanan
RULE/INDIVIDUAL_STAMINA,Stamina Individu
특화노드,
SPECIALIZATION/PRESET,Pratetapan
SPECIALIZATION/REFUND_ALERT,Pulangkan mata pengkhususan?
SPECIALIZATION/RESET_PRESET_ALERT,Tetapkan semula pratetapan {0}?
SPECIALIZATION/PREREQUISITE_AP,Tahap pengkhususan prasyarat {0}
SPECIALIZATION/NO_EFFECT,Tiada kesan
SPECIALIZATION/WEAKNESS,Kelemahan
SPECIALIZATION/UNLOCK,Buka
SPECIALIZATION/DOWNGRADE,Turun
SPECIALIZATION/UPGRADE,Naik
SPECIALIZATION/ERROR/SPECIALIZATION_AP_LEVEL_MIN,Tidak boleh diturunkan lagi.
SPECIALIZATION/ERROR/SPECIALIZATION_AP_LEVEL_EXCEEDS_MAX,Sudah tahap maksimum.
SPECIALIZATION/ERROR/SPECIALIZATION_AP_OVERSPENT,AP tidak mencukupi. ({0}/{1})
SPECIALIZATION/ERROR/SPECIALIZATION_PREREQUISITE_AP_NOT_ENOUGH,Tahap pengkhususan prasyarat tidak mencukupi. ({0})
SPECIALIZATION/ERROR/SPECIALIZATION_PREREQUISITE_AP_NOT_ENOUGH/DEPENDENT,Syarat tahap pengkhususan prasyarat untuk {0} tidak akan dipenuhi. ({1})
SPECIALIZATION/ERROR/SPECIALIZATION_CORE_LIMIT_EXCEEDED,Had pengkhususan teras aktif dilebihi.
SPECIALIZATION/ERROR/SPECIALIZATION_IDENTITY_CORE_LIMIT_EXCEEDED,Hanya 1 pengkhususan teras Identiti boleh diaktifkan.
SPECIALIZATION/ERROR/SPECIALIZATION_WEAKNESS_CHAIN_BLOCKED,Tidak boleh pilih kelemahan stat yang sama berturut-turut.
SPECIALIZATION/ERROR/SPECIALIZATION_WEAKNESS_BALANCE_BROKEN,Imbangan kelemahan terjejas.
SPECIALIZATION/ERROR/SPECIALIZATION_PREREQUISITE_NOT_UNLOCKED,Anda perlu membuka pengkhususan prasyarat terlebih dahulu.
SPECIALIZATION/ERROR/NOT_ENOUGH_ITEM_AMOUNT,Mata buka tidak mencukupi. ({0}/{1})
SPECIALIZATION/POINT/WS/OFFENSE,Mata buka serangan WS
SPECIALIZATION/POINT/WS/DEFENSE,Mata buka pertahanan WS
SPECIALIZATION/POINT/WS/IDENTITY,Mata buka identiti WS
SPECIALIZATION/POINT/MB/OFFENSE,Mata buka serangan MB
SPECIALIZATION/POINT/MB/DEFENSE,Mata buka pertahanan MB
SPECIALIZATION/POINT/MB/IDENTITY,Mata buka identiti MB
SPECIALIZATION/POINT/SE/OFFENSE,Mata buka serangan SE
SPECIALIZATION/POINT/SE/DEFENSE,Mata buka pertahanan SE
SPECIALIZATION/POINT/SE/IDENTITY,Mata buka identiti SE
SPECIALIZATION/POINT/WS/OFFENSE_DESC,Digunakan untuk membuka pengkhususan serangan WS.
SPECIALIZATION/POINT/WS/DEFENSE_DESC,Digunakan untuk membuka pengkhususan pertahanan WS.
SPECIALIZATION/POINT/WS/IDENTITY_DESC,Digunakan untuk membuka pengkhususan identiti WS.
SPECIALIZATION/POINT/MB/OFFENSE_DESC,Digunakan untuk membuka pengkhususan serangan MB.
SPECIALIZATION/POINT/MB/DEFENSE_DESC,Digunakan untuk membuka pengkhususan pertahanan MB.
SPECIALIZATION/POINT/MB/IDENTITY_DESC,Digunakan untuk membuka pengkhususan identiti MB.
SPECIALIZATION/POINT/SE/OFFENSE_DESC,Digunakan untuk membuka pengkhususan serangan SE.
SPECIALIZATION/POINT/SE/DEFENSE_DESC,Digunakan untuk membuka pengkhususan pertahanan SE.
SPECIALIZATION/POINT/SE/IDENTITY_DESC,Digunakan untuk membuka pengkhususan identiti SE.
SPECIALIZATION/HELP/AP,"Selepas membuka Pengkhususan dengan Mata Buka, gunakan AP pemain untuk menaikkan tahap dan mengaktifkannya.#AP yang digunakan boleh diperoleh semula dengan menurunkan tahap, tetapi pembukaan Pengkhususan tidak boleh dibatalkan."
SPECIALIZATION/HELP/AP_ALERT,"* Kesan dan nilai Pengkhususan mungkin diselaraskan dalam kemas kini akan datang.#Jika kesan atau nilai diselaraskan, semua Mata Buka Kunci yang digunakan pada Pengkhususan pemain tersebut boleh dikembalikan."
SPECIALIZATION/HELP/PRESET,Anda boleh menyimpan pembahagian AP bagi setiap Pengkhususan dalam pratetapan.#Menukar pratetap tidak mengubah status pembukaan Pengkhususan.
SPECIALIZATION/STATUS/LOCKED,Dikunci
SPECIALIZATION/ACTIVATE,Aktifkan
SPECIALIZATION/DEACTIVATE,Nyahaktifkan
SPECIALIZATION/TIER/GROWTH,Pertumbuhan
SPECIALIZATION/TIER/ENHANCEMENT,Peningkatan
SPECIALIZATION/TIER/TACTICAL,Taktikal
SPECIALIZATION/TIER/CORE,Teras
SPECIALIZATION/TIER/UNIQUE,Unik
SPECIALIZATION,Pengkhususan
모집 등,
RECRUIT/GAUGE_SCOUT_READY,Dijamin selepas {0} rekrut lagi!
RECRUIT/SCOUT_CONFIRM_GAUGE,Gunakan {0} unit meter untuk meninjau?
RECRUIT/SCOUT_CONFIRM_GAUGE_ONE,Gunakan {1} {0} untuk meninjau?
RECRUIT/SCOUT_CONFIRM_GAUGE_TWO,Gunakan {1} {0} dan {3} {2} untuk meninjau?
RECRUIT/NO_SKIN_RECRUITING,Tiada skin tersedia untuk direkrut sekarang!
ALERT/PICKUP_GAUGE_HELD_CAP,Dimiliki {0} / Had {1}
ALERT/PICKUP_GAUGE_NO_MORE,Anda tidak boleh mendapatkan lagi Meter Pengambilan Pilihan.
RECRUIT_GAUGE,Meter Pengambilan Pilihan
RECRUIT_GAUGE_DESC,Boleh digunakan untuk meninjau pemain. Merekrut dengan Tiket Rekrut Pemain Pick-Up atau Mata V menambah 1 Meter Pengambilan Pilihan bagi setiap 1 pemain direkrut.#Anda tidak boleh menyimpan lebih daripada 135 Meter Pengambilan Pilihan.
BEGINNER_RECRUIT_TICKET,Tiket Rekrut Pemula
BEGINNER_RECRUIT_TICKET_DESC,Tiket Rekrut untuk membantu pemula berkembang dengan cepat.#Cuba rekrut pemain berpangkat S!
BEGINNER_RECRUIT_GAUGE,Meter Pilihan Pemula
BEGINNER_RECRUIT_GAUGE_DESC,"Boleh digunakan untuk pencarian bakat pemain pemula. Apabila merekrut menggunakan Tiket Pengambilan Pemula, Meter Pengambilan Pemula meningkat sebanyak 1 bagi setiap pemain yang direkrut."
BEGINNER_RECRUIT/SELECT_SCOUT_TARGET,Pilih pemain untuk ditinjau.
ALERT/PICKUP_GAUGE_LIMIT,Anda tidak boleh menyimpan lebih daripada 135 Meter Pengambilan Pilihan.#Teruskan merekrut?
CONVERT,Tukar
SCOUT_POINT_CONVERSION,Tukar Mata Scout Pickup
PICKUP_GAUGE_LIMIT_DES,Anda boleh menyimpan sehingga 135 Meter Pengambilan Pilihan.
CAN_CONVERT_MORE_ONE,Anda mesti menukar sekurang-kurangnya 1.
MOVE_TO_GUIDE_PLAYER_DES,Lihat penerangan pemain {0}?
NO_MORE_SCOUT_POINT,Tiada Mata Scout Pickup.
CHECK_SCOUT_POINT_AMOUNT,Jumlah ini tidak boleh ditukar.
CALENDAR_BEFORE_FIRST_PURCHASE,Belum bermula.
RECRUIT/SCOUT_HELP_LINE_1,Scout membolehkan merekrut pemain secara pasti.
RECRUIT/SCOUT_HELP_LINE_2,Gunakan Meter Pengambilan untuk meninjau pemain.
RECRUIT/SCOUT_HELP_LINE_3,"Dalam rekrut Normal, Posisi dan Colosseum, scout dengan Mata Scout."
RECRUIT/SCOUT_RULE_GAUGE_CAP,Anda boleh menyimpan sehingga {0} Meter Pengambilan Pilihan.
RECRUIT/SCOUT_RULE_PICKUP_CONVERT,Mata Scout Pickup boleh ditukar kepada Meter Pengambilan Pilihan.
RECRUIT/SCOUT_RULE_BLOCK,Pemain tidak boleh ditinjau lagi jika telah mencapai 5 Terobosan atau anda memiliki 5 Serpihan Usaha.
BEGINNER_RECRUIT_DESC_1,Gunakan 40 Tiket Rekrut untuk menjamin 1 pemain berpangkat S!
BEGINNER_RECRUIT_DESC_2,Produk ini boleh dibeli di kedai.
BEGINNER_RECRUIT/RECENTLY_SELECTED,Dipilih Baru-baru Ini
RECRUIT/TAB_BASIC,Rekrut Asas
RECRUIT/TAB_COLOSSEUM,Pengambilan Pemain Colosseum
RECRUIT/PICKUP_REMAIN,Tamat dalam {0}
RECRUIT/SCOUT_ROUND,Pusingan {0}
RECRUIT/SCOUT_NEXT_NEED,Meter Pengambilan diperlukan untuk meninjau: {0}
RECRUIT/SCOUT_GAUGE_TABLE_TITLE,Panduan Meter Pengambilan untuk Tinjauan
RECRUIT/SCOUT_GAUGE_TABLE_COL_ROUND,Pusingan
RECRUIT/SCOUT_GAUGE_TABLE_COL_NEED,Meter Pengambilan Diperlukan
CAN_RECRUIT_SCOUT,{0} boleh diperoleh!
RECRUIT/TAB_POSITION,Pengambilan Pemain Mengikut Kedudukan
RECRUIT/TAB_COLOSSEUM,Pengambilan Pemain Colosseum
RECRUIT_NORMAL,Rekrut Asas
RECRUIT_WS,Rekrut Pemain Spiker Sayap
RECRUIT_MB,Rekrut Pengadang Tengah
RECRUIT_SE,Rekrut Pengumpan
RECRUIT/SCOUT_CONFIRM_TITLE,Tinjau {0}
RECRUIT/SCOUT_GAUGE_TABLE_COL_ROUND,Pusingan
RECRUIT/SCOUT_GAUGE_TABLE_TITLE,Tinjau
RECRUIT/SCOUT_GAUGE_TABLE_DES,Tinjauan menjamin pengambilan pemain. Anda boleh meninjau pemain menggunakan Meter Pengambilan atau Mata Scout.
RECRUIT/SCOUT_LONG_DES,Meninjau dengan Meter Pengambilan mengurangkan meter yang diperlukan untuk tinjauan seterusnya. # Anda boleh menyimpan sehingga 135 Meter Pengambilan Pilihan.
RECRUIT/SCOUT_BLOCKED_AWAKEN,Anda tidak boleh mendapatkan lagi.
RECRUIT/BUY_TICKET_WITH_COIN_AND_RECRUIT,Beli {3} {2} dengan {1} {0} dan rekrut?
CALENDAR_SCHEDULED,Dijadualkan
CALENDAR_EXPIRED,Tempoh Penggunaan Tamat
CALENDAR_GLOBAL_BEFORE,Akan Dibuka
CALENDAR_GLOBAL_AFTER,Operasi Tamat
CALENDAR_CONFIG_MISSING,Kemas Kini Tetapan Diperlukan
DIRECT_RECRUIT,Rekrut Sekarang
CAN_RECRUIT,Perekrutan Tersedia
EVENT_PICKUP_DES,· {0} digunakan dahulu semasa meninjau pemain. Luput apabila acara tamat.
RECRUIT/NOT_ENUGH_GAUGE,Meter Pengambilan tidak mencukupi.
BEGINNER_RECRUIT,Pengambilan Pemain untuk Pemula
BEGINNER_RECRUIT_TITLE,Pengambilan Pemain untuk Pemula
BEGINNER_RECRUIT_DESC,Gunakan Tiket Rekrut Pemula untuk mendapatkan pemain berpangkat S secara pasti.
BEGINNER_RECRUIT/CONFIRM_SCOUT_TARGET,Pilih Pemain
BEGINNER_RECRUIT/TIP_MINJUN/KEYWORD,Keupayaan menjaringkan mata yang tinggi
BEGINNER_RECRUIT/TIP_MINJUN,"Mudah diguna, skor tinggi - disyorkan untuk semua kandungan"
BEGINNER_RECRUIT/TIP_YOUNGSUB/KEYWORD,Jenis serba boleh
BEGINNER_RECRUIT/TIP_YOUNGSUB,Kekuatan stabil yang cemerlang dalam semua kandungan
BEGINNER_RECRUIT/TIP_ISABEL/KEYWORD,Jenis fokus counter
BEGINNER_RECRUIT/TIP_ISABEL,"Sukar digunakan dalam permainan biasa, tetapi potensi prestasinya yang tinggi sesuai untuk kandungan mencabar."
BEGINNER_RECRUIT/TIP_ATIS/KEYWORD,Jenis tekanan serangan pantas
BEGINNER_RECRUIT/TIP_ATIS,Menekan lawan dengan keupayaan fizikal unggul dan serangan pantas - disyorkan untuk semua kandungan
BEGINNER_RECRUIT/TIP_HANRA/KEYWORD,Jenis pertahanan stabil
BEGINNER_RECRUIT/TIP_HANRA,Tingkatkan kestabilan dengan pertahanan kukuh dan sokongan - disyorkan semua kandungan
BEGINNER_RECRUIT/TIP_SANGHYEON/KEYWORD,Jenis pengukuh pasukan
BEGINNER_RECRUIT/TIP_SANGHYEON,Naikkan status seluruh pasukan untuk peluang bertahan & menyerang - disyorkan semua kandungan
BEGINNER_RECRUIT/TIP_LISIA/KEYWORD,Jenis pakar servis
BEGINNER_RECRUIT/TIP_LISIA,Servis mengancam yang naikkan moral rakan - disyorkan semua kandungan
BEGINNER_RECRUIT/TIP_ZERO/KEYWORD,Jenis sokongan toss
BEGINNER_RECRUIT/TIP_ZERO,Toss kuat yang buat rakan bersinar - disyorkan semua kandungan
BEGINNER_RECRUIT/TIP_AHYEON/KEYWORD,Jenis pakar sinergi
BEGINNER_RECRUIT/TIP_AHYEON,Melumpuhkan lawan melalui kerjasama dengan rakan sepasukan - disyorkan untuk kandungan mencabar
RECRUIT/SCOUT_MAXED,Semua tinjauan untuk pemain ini telah selesai.
STAR_CONDITION/ALWAYS,Menangi Perlawanan
STAR_CONDITION/ONAIR_VIEWERS,Capai jumlah penonton tertinggi sebanyak {0} orang
STAR_CONDITION/SPIKE_SCORE,Jaringkan mata {0} kali dengan rejaman
STAR_CONDITION/BACK_ATTACK_SCORE,Jaringkan mata {0} kali dengan Serangan Barisan Belakang
STAR_CONDITION/QUICK_SCORE,Jaringkan mata {0} kali dengan Serangan Pantas
STAR_CONDITION/LOSE_SCORE,Bolos kurang daripada {0} mata
STAR_CONDITION/LOSE_SCORE_MANUAL,Bolos kurang daripada {0} mata dalam Mod Manual
STAR_CONDITION/DIFFICULTY_EXTREME,Menang pada tahap kesukaran Sangat Sukar
STAR_CONDITION/DIFFICULTY_HARD,Menang pada tahap kesukaran Sukar
STAR_CONDITION/WIN_SCORE_WITHOUT_AUTO,Menang dengan perbezaan sekurang-kurangnya {0} mata dalam Mod Manual
STAR_CONDITION/WIN_SCORE_WITHOUT_BEGINNER,Menang dengan perbezaan sekurang-kurangnya {0} mata tanpa Mod Pemula
CONVERTED_GAUGE_AMOUNT,Jumlah Ditukar: {0}
COMMON/TOTAL,Jumlah
SHOP/DOUBLE_BONUS,BONUS! +{0}VP
SHOP/FIRST_PURCHASE_BONUS,Tawaran Istimewa!
COMMON/WEEKDAY_SUN,Ahad
COMMON/WEEKDAY_MON,Isnin
COMMON/WEEKDAY_TUE,Selasa
COMMON/WEEKDAY_WED,Rabu
COMMON/WEEKDAY_THU,Khamis
COMMON/WEEKDAY_FRI,Jumaat
COMMON/WEEKDAY_SAT,Sabtu
BLOCKING_LIFE,Kekuatan Hadangan
PLAYER/HAN_GITAE/NICKNAME,Pengadang Tengah Keluli
PLAYER/HAN_GITAE/LINE,Badan aku memang terasa kaku. Apa kata kita panaskan badan sedikit?
PLAYER/HAN_GITAE/LINE_2,Aku takkan berlembut. Serang dengan sekuat hati!
PLAYER/HAN_GITAE/GACHA/LINE,Aku takkan berlembut.<wait=100> Serang dengan sekuat hati!
PLAYER/SEO_YUNA/NICKNAME,Bakat Adaptasi
PLAYER/SEO_YUNA/LINE,Akan kutunjukkan. Aku sebenarnya cukup kuat!
PLAYER/SEO_YUNA/GACHA/LINE,"Memandangkan pertemuan kita ini suatu takdir,<break><wait=85><b>mari kita kalahkan mereka semua!"
PLAYER/SEO_YUNA/GACHA/LINE_2,Bakat bukanlah segalanya. Kita hanya perlu mengatasinya dengan usaha!
SETTING/PREFERENCE/TIMEOUT_SPINE_ANIM,Animasi Masa Rehat
SETTING/PREFERENCE/TIMEOUT_SPINE_ANIM/DES,Memainkan animasi ilustrasi dengan lancar dan berkualiti tinggi pada skrin masa rehat. Mungkin menjejaskan prestasi.
NAME/ELITE_MATCH_DES,Kalahkan pasukan lawan yang berbeza mengikut hari dan dapatkan ganjaran acara!
STORYMODE_TIP_9,Peraturan Elit akan digunakan.
MAP_NATIONAL,Gimnasium Terbang Tinggi
BEGINNER_RECRUIT/CAN_SCOUT,Pemain untuk Pemula boleh diperoleh!
RECRUIT/HELP_TITLE,Rekrut Pemain
RECRUIT/HELP_LINE_1,Anda boleh memperoleh pemain dengan menggunakan tiket pengambilan atau mata wang.
RECRUIT/HELP_LINE_2,Pemain dalam pengambilan pemain acara boleh di-scout menggunakan Meter Pengambilan Acara dan Meter Pengambilan Pilihan.
RECRUIT/HELP_LINE_3,Pemain dalam Pengambilan Pemain untuk Pemula boleh di-scout menggunakan Meter Pengambilan Pemula.
RECRUIT/HELP_LINE_4,Tiket Rekrut Pemain Pilihan Acara akan luput apabila acara tamat.
RECRUIT/SCOUT_NO_MORE,Tidak boleh scout lagi.
RECRUIT/NOT_ENOUGH_GAUGE,Meter tidak mencukupi.
RECRUIT/SCOUT_CONFIRM_EVENT_FIRST,{0} akan ditolak terlebih dahulu.
RECRUIT/CURRENCY_NOT_ENOUGH_GO_SHOP,Mata wang tidak mencukupi. Adakah anda mahu pergi ke Kedai?
RECRUIT/BUY_THEN_RECRUIT,Rekrut selepas pembelian
COMMON/RECRUIT,Rekrut
CONVERTED_GAUGE_AMOUNT,Jumlah Ditukar: {0}
COMMON/MAX_BUY_COUNT,Bilangan Pembelian Maksimum : {0}
COMMON/TOTAL_BUY_DES,Anda akan membeli sejumlah {0} item.
COMMON/EASY,Mudah
COMMON/TOOHARD,Sangat Sukar
RECRUIT/SCOUT_RULE_OVER_ROUND,"Bahkan setelah ronde terakhir, kamu tetap bisa scout dengan meter yang sama."
RECRUIT/SCOUT_ROUND_AFTER,Pusingan {0} dan seterusnya
FEVER_MODE,Mod Fever
COMMON/WORD/PERFECT_RECEIVE,Receive Sempurna
COMMON/WORD/SPIKE_JUMP,Spike Jump
PICKUP_PLAYER_SCOUT_POINT_DES,Tukarkan Poin Scout Pemain Unggulan menjadi progres Bar Perekrutan Unggulan untuk menjamin perekrutan Pemain Unggulan.
SCOUT_POINT_CONVERSION,Tukar Mata Scout Pemain Pick-up
NO_MORE_SCOUT_POINT,Tiada Mata Scout Pemain Pick-up.
RECRUIT/SCOUT_RULE_PICKUP_CONVERT,Mata Scout Pemain Pick-up boleh ditukar kepada Meter Pengambilan Pilihan.
TIMEOUT/ALERT/NO_CHANCES,Jatah time out sudah habis.
RECRUIT/SCOUT_GAUGE_TABLE_ROUND_OR_MORE,{0} kali atau lebih
RECRUIT/SCOUT_ROUND_AFTER,Pusingan {0} dan seterusnya
SPECIALIZATION/ALERT/LOAD_FAILED,Gagal memuat node spesialisasi. Silakan coba lagi.
SETTING/PREFERENCE/SPECIALIZATION_FX,Kesan Skrin Nod Pengkhususan
SETTING/PREFERENCE/SPECIALIZATION_FX/DES,Menghidupkan kesan latar belakang pada skrin nod pengkhususan. Mungkin menjejaskan prestasi.
EV2609 이벤트 이후 삭제해도 되는 언어,
EV2609,Peringkat Elit
EV2609_DES,Peraturan Elit khas digunakan dalam Peringkat Elit.##Lawan pasukan yang berbeza setiap hari dan lengkapkan Syarat Bintang untuk mengumpulkan Bintang. Hanya rekod Bintang tertinggi yang dicapai dalam perlawanan hari tersebut akan dikira sebagai jumlah harian anda.##Anda boleh memperoleh Ganjaran Harian bagi kemenangan pertama setiap hari dan terus mencabar perlawanan yang sama untuk mendapatkan lebih banyak Bintang. Ganjaran Mingguan diberikan berdasarkan jumlah Bintang yang dikumpulkan sepanjang minggu.
EV2609_COIN,Syiling Elit
EV2609_COIN_DESC,Mata wang acara yang diperoleh dari Peringkat Elit.#Boleh digunakan di Kedai.
EV2609_EXTRA_REWARD_TICKET,Tiket Ganjaran Tambahan
EV2609_EXTRA_REWARD_TICKET_DESC,Gunakan untuk menerima Ganjaran Harian hari ini sekali lagi. Ganjaran diperoleh dengan menyelesaikan peringkat dan tiket ini boleh dibeli sekali sehari.
EV2609_RECRUIT_GAUGE,Meter Pengambilan Elit
EV2609_RECRUIT_GAUGE_DESC,Meter Pengambilan yang boleh digunakan sepanjang acara Peringkat Elit. Digunakan dahulu semasa meninjau pemain Elit dan tiada had simpanan. Luput apabila acara tamat.
EV2609_PLAYER_RECRUIT_TICKET,Tiket Pengambilan Pemain Pickup Elit
EV2609_PLAYER_RECRUIT_TICKET_DESC,Tiket pengambilan yang boleh digunakan sepanjang acara Peringkat Elit.#Boleh digunakan untuk mengambil pemain acara.
EV2609_RAID_SHOP_POPUP,"Tukar mata wang yang ditetapkan dengan pelbagai mata wang, tiket pengambilan dan item."
EV2609_POPUP_DESC,"Cabar Peringkat Elit! Temui Han Gitae, Seo Yuna dan Kang Sejin!"
EV2609_POPUP_PLAY_TITLE,Peringkat Elit
EV2609_POPUP_PLAY_DESC,Bertanding menentang pasukan yang berbeza setiap hari dan menang.
EV2609_POPUP_PICKUP_TITLE,Pengambilan Pilihan Pemain Elit Bermula!
EV2609_POPUP_PICKUP_DESC,Pengambilan pilihan pemain eksklusif Peringkat Elit dan#jualan pakej
EV2609_LOGIN_BONUS,Pas Kehadiran Elit
EV2609_POPUP_ATTENDANCE_DESC,Dapatkan item eksklusif dan Syiling Elit!#Pas Premium dan Pas Royal kini tersedia!
DIFFICULTY_EXTREME,Ekstrem
EV2609_UNLOCK_EXTRA_REWARD,Tetapkan Semula Ganjaran
EV2609_CLEAR_RESULT,Keputusan Penyelesaian
EV2609_RESET_INFO,Ditetapkan semula setiap hari pada 00:00 (UTC).
NO_CLEAR_RESULT,Tiada rekod penyelesaian.
EV2609_CLAIM_WEEKLY_FIRST,Tuntutan Ganjaran Mingguan Diperlukan
EV2609_NO_STAGE,Tiada peringkat yang boleh dimasuki hari ini.
EV2609_USE_REWARD_TICKET_DES,Gunakan untuk menerima Ganjaran Harian hari ini sekali lagi.#Ganjaran diperoleh selepas menamatkan peringkat.
EV2609_ERROR_ALREADY_CLAIMED_WEEKLY_REWARD,Tiada ganjaran yang boleh dituntut.
EV2609_ERROR_INVALID_EVENT,Acara ini tidak sah.
EV2609_ERROR_NOT_STAGE_TODAY,Peringkat ini tidak boleh dimasuki hari ini.
EV2609_ERROR_DAILY_REWARD_AVAILABLE,Ganjaran Harian masih boleh dituntut.
EV2609_ERROR_NOT_ENOUGH_PRODUCT,Tiket Ganjaran Tambahan tidak mencukupi.
EV2609_ERROR_MATCH_IN_PROGRESS,Perlawanan sedang berlangsung.
EV2609_STAR_REQUIRE,atau lebih
EV2609_MISSION_MB_WIN,Menangi {0} perlawanan sambil mengawal pengadang tengah
EV2609_MISSION_BACK_ATTACK,Berjaya lakukan Back Attack {0} kali dalam perlawanan dimenangi
EV2609_MISSION_SERVE_ACE,Dapatkan Serve Ace {0} kali dalam perlawanan dimenangi
EV2609_MISSION_PERFECT_RECEIVE,Berjaya melakukan Perfect Receive sebanyak {0} kali sebagai pemain yang dikawal dalam perlawanan yang dimenangi
EV2609_MISSION_MB_QUICK,Lakukan {0} serangan pantas sambil mengawal Middle Blocker dalam perlawanan dimenangi
EV2609_MISSION,Misi Peringkat Elit
EV2609_MISSION_DES,Misi khas ini kekal tersedia sepanjang Acara Elit. Semua misi boleh diselesaikan melalui perlawanan Peringkat Elit.
EV2609_MATCH_PERIOD_END,Acara telah tamat dan kini anda hanya boleh menuntut ganjaran. Pergi ke tetingkap Ganjaran?
EV2609_REWARD_ONLY_ONCE,Kali Pertama Sahaja
EV2609_WEEKLY_REWARD,Ganjaran Mingguan
EV2609_WEEKLY_REWARD_LIST,Senarai Ganjaran Mingguan
EV2609_EXCHANGE_SHOP,Kedai Syiling Elit
RECRUIT_ELITE_SEO_YUNA_TITLE,Pengambilan Seo Yuna S
RECRUIT_ELITE_SEO_YUNA_DESC,"Rekrut pemain termasuk perejam sayap berpangkat S, Seo Yuna, yang menyertai melalui Peringkat Elit."
RECRUIT_ELITE_HAN_GITAE_TITLE,Pengambilan Han Gitae S+
RECRUIT_ELITE_HAN_GITAE_DESC,"Rekrut pemain termasuk pengadang tengah berpangkat S+, Han Gitae, yang menyertai melalui Peringkat Elit."
RECRUIT_ELITE_KANG_SEJIN_TITLE,Pengambilan Kang Sejin S
RECRUIT_ELITE_KANG_SEJIN_DESC,"Rekrut pemain termasuk pengumpan berpangkat S, Kang Sejin, yang menyertai melalui Peringkat Elit."
EV2609_PICKUP_WS,WS Seo Yuna
EV2609_PICKUP_MB,MB Han Gitae
EV2609_PICKUP_SE,Se Kang Sejin
EV2609_LOGIN_BONUS_DESC,Log masuk dalam tempoh yang ditetapkan untuk mendapatkan pelbagai item dan mata wang.
EV2609_SPECIALIZATION_BOX,Kotak Mata Buka Pengkhususan
EV2609_SPECIALIZATION_BOX_DES,Dapatkan sehingga 2 daripada 9 jenis Mata Buka Pengkhususan secara rawak. Ganjaran ini boleh diperoleh sekali sehari selepas kemenangan pertama pada hari tersebut.
PRACTICE/ALERT/SELECT_SUBSTITUTE_PLAYERS,Pilih pemain cadangan.
,
STAR_CONDITION/ENEMY_MB_BLOCK_STRENGTH_ZERO,Habiskan semua Kekuatan Hadangan pasukan lawan
ALERT/NEW_MODE_UNLOCK,Mod Baharu Dibuka
ALERT/NEW_STORY_UNLOCK,Cerita Baharu Dibuka
